6426
120
2
90
0	500	500	500	500	500	0	0	500	0	0	0	0	500	0	0	0	0	0	500	0	0	0	0	500	0	500	0	0	0	500	0	0	0	0	0	0	0	0	0	0	0	0	0	0	0	500	0	0	0	0	0	0	0	0	0	0	0	0	0	0	0	0	0	0	0	0	0	0	0	0	0	0	500	0	0	0	0	0	0	0	0	0	0	0	0	0	0	0	0	0	0	0	0	0	0	0	0	500	0	0	0	0	0	0	0	0	0	0	0	0	0	0	0	0	0	0	0	0	0	
500	0	0	0	0	0	0	0	0	0	0	0	0	0	0	0	0	0	0	0	0	0	0	0	0	0	0	0	0	0	0	0	0	0	0	0	0	0	500	0	0	0	0	0	0	0	0	0	0	0	0	0	0	0	0	0	0	0	0	0	0	0	0	0	0	0	0	0	0	0	0	0	0	0	0	0	0	0	0	0	500	0	0	0	0	0	0	0	0	0	0	0	0	0	0	0	0	0	0	0	0	0	0	0	0	0	0	0	0	0	0	0	0	0	0	0	0	0	0	0	
500	0	0	0	0	0	0	0	0	0	0	0	0	0	0	0	0	0	0	0	0	0	0	0	0	0	0	0	0	0	0	0	0	0	0	0	0	0	0	0	0	0	0	0	0	0	0	0	0	0	0	0	0	0	0	0	0	0	0	0	0	0	0	0	0	0	0	0	0	0	0	0	0	0	0	0	0	0	0	0	0	0	0	0	0	0	0	0	0	0	0	0	0	0	500	0	0	0	0	0	0	0	0	0	0	0	0	500	0	0	0	0	0	0	0	0	0	0	0	0	
500	0	0	0	0	0	0	0	0	0	0	0	0	0	0	0	0	0	0	0	0	0	0	0	0	0	0	0	0	0	0	0	0	0	0	0	0	0	0	0	0	0	0	0	0	0	0	0	0	0	0	0	0	0	0	0	0	0	0	0	0	0	0	0	0	0	0	0	0	0	0	0	0	0	0	0	0	0	0	500	0	0	0	0	0	0	0	0	0	0	0	0	0	0	0	0	0	0	0	0	0	0	0	0	0	0	500	0	0	0	0	0	0	0	0	0	0	0	0	0	
500	0	0	0	0	0	0	0	0	0	0	0	0	0	0	0	0	500	0	0	0	0	0	0	0	0	0	0	0	0	0	0	0	0	0	0	0	0	0	0	0	0	0	0	0	0	0	0	0	0	0	0	0	0	0	0	0	0	0	0	0	0	0	0	0	0	0	0	0	0	0	0	0	0	0	0	0	0	0	0	0	0	0	0	0	500	0	0	0	0	0	0	0	0	0	0	0	0	0	0	0	0	0	0	0	0	0	0	0	0	0	0	0	0	0	0	0	0	0	0	
500	0	0	0	0	0	0	0	0	0	0	0	0	0	0	0	0	0	0	0	0	0	0	0	0	0	0	0	500	0	0	0	0	0	0	0	0	0	0	0	0	0	0	0	0	0	0	0	0	0	0	0	0	0	0	0	0	0	0	0	0	0	0	0	0	0	0	0	0	0	0	0	0	0	0	0	0	0	0	0	0	0	0	0	0	0	0	0	0	0	0	0	0	0	0	0	0	0	0	0	0	0	0	0	0	0	0	0	0	0	0	0	0	0	0	0	0	0	0	0	
0	0	0	0	0	0	0	0	0	0	0	0	0	0	0	0	0	0	0	0	0	0	0	500	0	0	0	0	0	0	0	0	0	0	0	0	0	0	0	0	0	0	0	0	0	0	0	0	0	0	0	0	0	0	0	0	0	0	0	0	0	0	0	0	0	0	0	0	0	0	0	0	0	0	0	500	0	0	0	0	0	0	0	0	0	0	0	0	0	0	0	0	0	0	0	0	0	0	0	0	0	0	0	0	0	0	0	0	0	0	0	0	0	0	0	0	0	0	0	0	
0	0	0	0	0	0	0	0	0	0	0	0	0	0	0	0	0	0	0	0	0	0	0	0	0	0	0	0	500	0	0	0	0	0	0	0	0	0	0	0	0	0	0	0	0	0	0	0	0	0	0	0	0	0	0	0	0	0	0	0	0	0	0	0	0	0	0	0	0	0	0	0	0	0	0	0	0	0	0	0	0	0	0	0	0	0	0	0	0	0	0	0	0	0	0	0	0	0	500	0	0	0	0	0	0	0	0	0	0	0	0	0	0	0	0	0	0	0	0	0	
500	0	0	0	0	0	0	0	0	0	0	0	0	0	0	0	0	0	0	0	0	0	0	0	0	0	0	0	0	0	0	0	0	0	0	0	0	0	0	0	0	0	0	0	0	0	0	0	0	0	0	0	0	0	0	0	0	500	0	0	0	0	0	0	0	0	0	0	500	0	0	0	0	0	0	0	0	0	0	0	0	0	0	0	0	0	0	0	0	0	0	0	0	0	0	0	0	0	0	0	0	0	0	0	0	0	0	0	0	0	0	0	0	0	0	0	0	0	0	0	
0	0	0	0	0	0	0	0	0	0	0	0	0	0	0	0	0	0	0	0	0	0	0	0	0	0	0	0	0	0	0	0	0	0	0	0	0	0	0	0	0	0	0	500	0	0	0	0	0	0	0	0	0	0	0	0	0	0	0	0	0	0	0	0	0	0	0	0	0	0	0	0	0	0	0	0	0	0	0	0	0	0	0	0	0	0	0	0	0	0	500	0	0	0	0	0	0	0	0	0	0	0	0	0	0	0	0	0	0	0	0	0	0	0	0	0	0	0	0	0	
0	0	0	0	0	0	0	0	0	0	0	0	0	0	0	0	0	0	0	0	0	0	0	0	0	0	0	0	0	0	0	0	0	0	0	0	0	0	0	0	0	0	0	0	0	0	0	0	0	0	0	500	0	0	0	0	0	0	0	0	0	0	500	0	0	0	0	0	0	0	0	0	0	0	0	0	0	0	0	0	0	0	0	0	0	0	0	0	0	0	0	0	0	0	0	0	0	0	0	0	0	0	0	0	0	0	0	0	0	0	0	0	0	0	0	0	0	0	0	0	
0	0	0	0	0	0	0	0	0	0	0	0	0	0	0	0	500	0	0	0	0	0	0	0	0	0	0	0	0	0	0	0	0	0	0	0	0	0	0	0	0	0	0	0	0	0	0	0	0	0	0	0	0	0	0	0	0	0	0	0	0	500	0	0	0	0	0	0	0	0	0	0	0	0	0	0	0	0	0	0	0	0	0	0	0	0	0	0	0	0	0	0	0	0	0	0	0	0	0	0	0	0	0	0	0	0	0	0	0	0	0	0	0	0	0	0	0	0	0	0	
0	0	0	0	0	0	0	0	0	0	0	0	0	0	500	0	0	0	0	0	0	0	0	0	0	0	0	0	0	0	0	0	0	0	0	0	0	0	0	0	0	0	0	0	0	0	0	0	0	0	0	0	0	0	0	0	0	0	0	0	0	0	0	0	0	0	0	0	0	0	0	500	0	0	0	0	0	0	0	0	0	0	0	0	0	0	0	0	0	0	0	0	0	0	0	0	0	0	0	0	0	0	0	0	0	0	0	0	0	0	0	0	0	0	0	0	0	0	0	0	
500	0	0	0	0	0	0	0	0	0	0	0	0	0	0	0	0	0	0	0	0	0	0	0	0	0	0	0	0	0	0	0	0	0	0	0	0	0	0	0	0	0	0	0	0	0	0	0	0	0	0	0	0	500	0	0	0	0	0	0	0	0	0	0	0	0	0	0	0	500	0	0	0	0	0	0	0	0	0	0	0	0	0	0	0	0	0	0	0	0	0	0	0	0	0	0	0	0	0	0	0	0	0	0	0	0	0	0	0	0	0	0	0	0	0	0	0	0	0	0	
0	0	0	0	0	0	0	0	0	0	0	0	500	0	0	0	0	0	500	0	0	0	0	0	0	0	0	0	0	0	0	0	0	0	0	0	0	0	0	0	0	0	0	0	0	0	0	0	0	0	0	0	0	0	0	0	0	0	0	0	0	0	0	0	0	0	0	0	0	0	0	0	0	0	0	0	0	0	0	0	0	0	0	0	0	0	0	0	0	0	0	0	0	0	0	0	0	0	0	0	0	0	0	0	0	0	0	0	0	0	0	0	0	0	0	0	0	0	0	0	
0	0	0	0	0	0	0	0	0	0	0	0	0	0	0	0	0	0	0	0	0	0	0	0	0	0	0	0	0	0	0	0	0	0	0	0	0	0	0	0	0	0	0	0	0	0	0	0	0	0	0	0	0	500	0	0	0	0	0	0	0	0	0	0	0	0	0	0	0	500	0	0	0	0	0	0	0	0	0	0	0	0	0	0	0	0	0	0	0	0	0	0	0	0	0	0	0	0	0	0	0	0	0	0	0	0	0	0	0	0	0	0	0	0	0	0	0	0	0	0	
0	0	0	0	0	0	0	0	0	0	0	500	0	0	0	0	0	0	0	0	0	0	0	0	0	0	0	0	0	0	0	0	0	0	0	0	0	0	0	0	0	0	0	0	0	0	0	0	0	500	0	0	0	0	0	0	0	0	0	0	0	0	0	0	0	0	0	0	0	0	0	0	0	0	0	0	0	0	0	0	0	0	0	0	0	0	0	0	0	0	0	0	0	0	0	0	0	0	0	0	0	0	0	0	0	0	0	0	0	0	0	0	0	0	0	0	0	0	0	0	
0	0	0	0	500	0	0	0	0	0	0	0	0	0	0	0	0	0	0	0	0	0	0	0	0	0	0	0	0	0	0	0	0	0	0	0	0	0	0	0	0	0	0	0	0	0	0	0	0	0	0	0	0	0	0	0	0	0	0	0	0	0	0	0	0	0	0	0	0	0	0	0	0	0	0	0	0	0	0	0	0	0	0	0	0	500	0	0	0	0	0	0	0	0	0	0	0	0	0	0	0	0	0	0	0	0	0	0	0	0	0	0	0	0	0	0	0	0	0	0	
0	0	0	0	0	0	0	0	0	0	0	0	0	0	500	0	0	0	0	0	0	0	0	0	0	0	0	0	0	0	0	0	0	0	0	0	0	0	0	0	0	0	0	0	0	0	0	500	0	0	0	0	0	0	0	0	0	0	0	0	0	0	0	0	0	0	0	0	0	0	0	0	0	0	0	0	0	0	0	0	0	0	0	0	0	0	0	0	0	0	0	0	0	0	0	0	0	0	0	0	0	0	0	0	0	0	0	0	0	0	0	0	0	0	0	0	0	0	0	0	
500	0	0	0	0	0	0	0	0	0	0	0	0	0	0	0	0	0	0	0	0	0	0	0	0	0	0	0	0	0	0	0	0	0	0	0	0	0	0	0	0	0	0	0	0	0	0	0	0	0	0	0	0	0	0	0	0	0	0	0	0	0	0	0	0	0	500	0	0	0	0	0	0	0	0	0	0	0	0	0	0	0	0	0	0	0	500	0	0	0	0	0	0	0	0	0	0	0	0	0	0	0	0	0	0	0	0	0	0	0	0	0	0	0	0	0	0	0	0	0	
0	0	0	0	0	0	0	0	0	0	0	0	0	0	0	0	0	0	0	0	0	0	0	0	0	0	0	0	0	0	0	0	0	0	0	0	0	0	0	0	0	0	0	0	0	500	0	0	0	0	0	0	0	0	0	0	0	0	0	0	0	0	0	0	0	0	0	0	0	0	0	0	0	0	0	0	0	0	0	0	0	0	0	0	0	0	0	0	0	0	0	0	0	0	0	0	0	0	0	0	0	0	0	0	0	0	0	0	0	0	0	0	0	0	0	0	500	0	0	0	
0	0	0	0	0	0	0	0	0	0	0	0	0	0	0	0	0	0	0	0	0	0	0	0	0	0	0	0	0	0	0	0	0	0	0	0	0	0	0	0	0	0	0	0	0	0	0	0	0	0	0	0	0	0	0	0	0	0	0	0	0	0	0	0	0	0	0	0	0	0	0	0	0	0	500	0	0	0	0	0	0	0	0	0	0	0	0	0	0	0	0	0	0	0	0	0	0	0	0	0	0	0	0	0	0	0	0	0	0	0	0	0	0	500	0	0	0	0	0	0	
0	0	0	0	0	0	0	0	0	0	0	0	0	0	0	0	0	0	0	0	0	0	0	0	0	0	0	0	0	0	0	0	0	0	0	0	0	0	0	0	0	0	0	0	0	0	0	0	0	0	0	0	0	0	0	0	0	0	0	0	0	0	0	0	0	0	0	0	500	0	0	0	0	0	0	0	0	0	0	0	0	0	0	0	0	0	0	0	0	0	0	0	0	0	0	0	0	0	0	0	0	0	0	0	500	0	0	0	0	0	0	0	0	0	0	0	0	0	0	0	
0	0	0	0	0	0	500	0	0	0	0	0	0	0	0	0	0	0	0	0	0	0	0	0	0	0	0	0	0	0	0	0	0	0	0	0	0	0	0	0	0	0	0	0	0	0	0	0	0	0	0	0	0	0	0	0	0	0	0	0	0	0	0	0	0	0	0	0	0	0	0	0	0	0	0	0	0	0	0	0	0	0	0	0	0	0	0	0	0	0	0	0	0	0	0	0	0	0	0	0	0	0	0	0	0	0	0	0	0	0	0	0	0	0	0	0	0	0	500	0	
500	0	0	0	0	0	0	0	0	0	0	0	0	0	0	0	0	0	0	0	0	0	0	0	0	0	0	0	0	0	0	0	0	0	0	0	0	0	0	0	0	0	0	0	0	0	0	0	0	0	0	0	0	0	0	0	0	0	0	500	0	0	0	0	500	0	0	0	0	0	0	0	0	0	0	0	0	0	0	0	0	0	0	0	0	0	0	0	0	0	0	0	0	0	0	0	0	0	0	0	0	0	0	0	0	0	0	0	0	0	0	0	0	0	0	0	0	0	0	0	
0	0	0	0	0	0	0	0	0	0	0	0	0	0	0	0	0	0	0	0	0	0	0	0	0	0	0	0	0	0	0	0	0	0	0	0	0	0	0	0	0	0	0	0	0	0	0	0	0	0	0	0	0	0	0	0	0	0	0	0	0	0	0	0	0	0	0	0	0	0	0	500	0	0	0	0	0	0	0	0	0	0	0	0	0	0	0	0	0	0	0	0	0	0	0	0	0	0	0	0	0	0	0	0	0	0	0	0	0	0	0	0	0	0	0	500	0	0	0	0	
500	0	0	0	0	0	0	0	0	0	0	0	0	0	0	0	0	0	0	0	0	0	0	0	0	0	0	0	0	0	0	0	0	0	0	0	0	0	0	0	0	0	0	0	0	0	0	0	500	0	0	0	0	0	0	0	0	0	0	0	0	0	0	0	0	0	0	0	0	0	0	0	0	0	0	0	0	0	0	0	0	0	0	0	0	0	0	0	0	0	0	0	0	0	0	0	0	0	0	500	0	0	0	0	0	0	0	0	0	0	0	0	0	0	0	0	0	0	0	0	
0	0	0	0	0	0	0	0	0	0	0	0	0	0	0	0	0	0	0	0	0	0	0	0	0	0	0	0	0	0	0	0	0	0	500	0	0	0	0	0	0	0	0	0	500	0	0	0	0	0	0	0	0	0	0	0	0	0	0	0	0	0	0	0	0	0	0	0	0	0	0	0	0	0	0	0	0	0	0	0	0	0	0	0	0	0	0	0	0	0	0	0	0	0	0	0	0	0	0	0	0	0	0	0	0	0	0	0	0	0	0	0	0	0	0	0	0	0	0	0	
0	0	0	0	0	500	0	500	0	0	0	0	0	0	0	0	0	0	0	0	0	0	0	0	0	0	0	0	0	0	0	0	0	0	0	0	0	0	0	0	0	0	0	0	0	0	0	0	0	0	0	0	0	0	0	0	0	0	0	0	0	0	0	0	0	0	0	0	0	0	0	0	0	0	0	0	0	0	0	0	0	0	0	0	0	0	0	0	0	0	0	0	0	0	0	0	0	0	0	0	0	0	0	0	0	0	0	0	0	0	0	0	0	0	0	0	0	0	0	0	
0	0	0	0	0	0	0	0	0	0	0	0	0	0	0	0	0	0	0	0	0	0	0	0	0	0	0	0	0	0	0	0	0	0	0	0	0	0	0	0	0	0	500	0	0	0	0	0	0	0	0	0	0	0	0	0	0	0	0	0	0	0	0	0	0	0	0	0	0	0	0	0	0	0	0	0	0	0	0	0	0	0	0	0	0	0	0	0	0	0	0	0	0	0	0	0	0	0	0	0	0	0	0	0	0	500	0	0	0	0	0	0	0	0	0	0	0	0	0	0	
500	0	0	0	0	0	0	0	0	0	0	0	0	0	0	0	0	0	0	0	0	0	0	0	0	0	0	0	0	0	0	0	500	0	0	0	0	0	0	0	0	0	0	0	0	0	0	0	0	0	0	0	0	0	0	500	0	0	0	0	0	0	0	0	0	0	0	0	0	0	0	0	0	0	0	0	0	0	0	0	0	0	0	0	0	0	0	0	0	0	0	0	0	0	0	0	0	0	0	0	0	0	0	0	0	0	0	0	0	0	0	0	0	0	0	0	0	0	0	0	
0	0	0	0	0	0	0	0	0	0	0	0	0	0	0	0	0	0	0	0	0	0	0	0	0	0	0	0	0	0	0	0	0	0	0	0	0	0	0	0	0	0	0	0	0	0	0	0	500	0	0	0	0	0	0	0	0	0	0	0	0	0	0	0	0	0	0	0	0	0	0	0	0	0	0	0	0	500	0	0	0	0	0	0	0	0	0	0	0	0	0	0	0	0	0	0	0	0	0	0	0	0	0	0	0	0	0	0	0	0	0	0	0	0	0	0	0	0	0	0	
0	0	0	0	0	0	0	0	0	0	0	0	0	0	0	0	0	0	0	0	0	0	0	0	0	0	0	0	0	0	500	0	0	0	0	0	0	0	0	0	0	0	0	0	0	0	0	0	0	0	0	0	0	0	0	500	0	0	0	0	0	0	0	0	0	0	0	0	0	0	0	0	0	0	0	0	0	0	0	0	0	0	0	0	0	0	0	0	0	0	0	0	0	0	0	0	0	0	0	0	0	0	0	0	0	0	0	0	0	0	0	0	0	0	0	0	0	0	0	0	
0	0	0	0	0	0	0	0	0	0	0	0	0	0	0	0	0	0	0	0	0	0	0	0	0	0	0	0	0	0	0	0	0	0	0	0	0	0	0	0	0	0	0	0	0	0	0	0	0	0	0	0	500	0	0	0	0	0	0	0	0	0	0	0	0	0	0	0	0	0	0	0	0	0	0	0	0	0	0	0	0	0	0	0	0	0	0	0	0	0	0	0	0	0	0	0	0	0	0	0	0	0	0	0	0	0	0	0	0	0	0	0	500	0	0	0	0	0	0	0	
0	0	0	0	0	0	0	0	0	0	0	0	0	0	0	0	0	0	0	0	0	0	0	0	0	0	0	500	0	0	0	0	0	0	0	0	0	0	0	0	0	0	0	0	0	0	0	0	0	0	0	0	0	0	0	0	0	0	0	0	0	0	0	0	0	0	0	0	0	0	0	0	0	0	0	0	0	0	0	0	0	0	0	0	0	0	0	0	0	0	0	500	0	0	0	0	0	0	0	0	0	0	0	0	0	0	0	0	0	0	0	0	0	0	0	0	0	0	0	0	
0	0	0	0	0	0	0	0	0	0	0	0	0	0	0	0	0	0	0	0	0	0	0	0	0	0	0	0	0	0	0	0	0	0	0	0	0	0	0	0	0	0	0	0	0	0	0	0	0	500	0	0	0	0	500	0	0	0	0	0	0	0	0	0	0	0	0	0	0	0	0	0	0	0	0	0	0	0	0	0	0	0	0	0	0	0	0	0	0	0	0	0	0	0	0	0	0	0	0	0	0	0	0	0	0	0	0	0	0	0	0	0	0	0	0	0	0	0	0	0	
0	0	0	0	0	0	0	0	0	0	0	0	0	0	0	0	0	0	0	0	0	0	0	0	0	0	0	0	0	0	0	0	0	0	0	0	0	0	0	0	0	0	0	0	0	0	0	0	0	0	0	0	0	0	0	0	0	0	0	0	0	0	0	0	0	0	0	0	0	0	0	0	0	0	0	0	0	0	0	0	0	0	0	0	0	0	0	0	0	500	0	0	0	0	0	0	0	0	0	0	0	0	0	0	0	0	0	0	0	0	0	0	0	500	0	0	0	0	0	0	
0	0	0	0	0	0	0	0	0	0	0	0	0	0	0	0	0	0	0	0	0	0	0	0	0	0	0	0	0	0	0	0	0	0	0	0	0	0	0	0	0	0	0	0	0	0	0	0	0	0	0	0	0	0	0	0	0	0	0	0	0	0	0	0	0	0	0	0	0	0	0	0	0	0	0	0	0	0	0	0	0	0	0	0	0	0	0	0	0	0	0	0	0	0	0	0	0	0	0	0	0	0	0	0	0	0	0	0	0	500	0	0	500	0	0	0	0	0	0	0	
0	500	0	0	0	0	0	0	0	0	0	0	0	0	0	0	0	0	0	0	0	0	0	0	0	0	0	0	0	0	0	0	0	0	0	0	0	0	0	0	0	0	0	0	0	0	0	0	0	0	0	0	0	0	0	0	0	0	0	0	0	0	0	0	0	0	0	0	0	0	0	0	0	0	0	0	0	0	0	0	500	0	0	0	0	0	0	0	0	0	0	0	0	0	0	0	0	0	0	0	0	0	0	0	0	0	0	0	0	0	0	0	0	0	0	0	0	0	0	0	
0	0	0	0	0	0	0	0	0	0	0	0	0	0	0	0	0	0	0	0	0	0	0	0	0	0	0	0	0	0	0	0	0	0	0	0	0	0	0	0	0	0	0	0	0	0	0	0	0	0	0	0	0	0	500	0	0	0	0	0	0	0	0	0	0	0	0	0	0	0	0	0	0	0	0	0	0	0	0	500	0	0	0	0	0	0	0	0	0	0	0	0	0	0	0	0	0	0	0	0	0	0	0	0	0	0	0	0	0	0	0	0	0	0	0	0	0	0	0	0	
0	0	0	0	0	0	0	0	0	0	0	0	0	0	0	0	0	0	0	0	0	0	0	0	0	0	0	0	0	0	0	0	0	0	0	0	0	0	0	0	0	0	0	0	0	0	0	0	0	0	0	0	0	0	0	0	0	0	0	0	0	0	500	0	0	0	0	0	0	0	0	0	0	0	0	0	0	0	0	0	0	0	0	0	0	0	0	0	0	0	0	0	0	0	0	0	0	0	0	0	0	0	0	0	0	0	0	0	0	0	0	500	0	0	0	0	0	0	0	0	
0	0	0	0	0	0	0	0	0	0	0	0	0	0	0	0	0	0	0	0	0	0	0	0	0	0	0	0	0	0	0	0	0	0	0	0	0	0	0	0	0	0	0	0	0	0	0	0	0	0	0	0	0	0	0	0	0	0	0	0	0	0	0	0	0	0	0	0	0	0	0	0	0	0	0	0	500	0	0	0	0	0	0	0	0	0	0	0	0	0	0	0	0	0	0	0	0	0	0	500	0	0	0	0	0	0	0	0	0	0	0	0	0	0	0	0	0	0	0	0	
0	0	0	0	0	0	0	0	0	0	0	0	0	0	0	0	0	0	0	0	0	0	0	0	0	0	0	0	0	500	0	0	0	0	0	0	0	0	0	0	0	0	0	0	0	0	0	0	0	0	0	0	0	0	0	0	0	0	0	0	0	0	0	0	0	500	0	0	0	0	0	0	0	0	0	0	0	0	0	0	0	0	0	0	0	0	0	0	0	0	0	0	0	0	0	0	0	0	0	0	0	0	0	0	0	0	0	0	0	0	0	0	0	0	0	0	0	0	0	0	
0	0	0	0	0	0	0	0	0	500	0	0	0	0	0	0	0	0	0	0	0	0	0	0	0	0	0	0	0	0	0	0	0	0	0	0	0	0	0	0	0	0	0	0	0	0	0	0	0	0	0	0	0	0	0	0	0	0	0	0	0	0	0	0	0	0	0	0	0	0	0	0	0	0	0	0	0	0	0	0	0	0	0	0	0	0	0	0	0	0	0	0	500	0	0	0	0	0	0	0	0	0	0	0	0	0	0	0	0	0	0	0	0	0	0	0	0	0	0	0	
0	0	0	0	0	0	0	0	0	0	0	0	0	0	0	0	0	0	0	0	0	0	0	0	0	0	0	500	0	0	0	0	0	0	0	0	0	0	0	0	0	0	0	0	0	0	0	0	0	0	0	0	0	0	0	0	0	0	0	0	0	0	0	0	0	0	0	0	0	0	0	0	0	0	0	0	0	0	0	0	0	0	0	0	0	0	0	0	0	0	0	0	0	0	0	0	0	0	0	0	0	0	0	500	0	0	0	0	0	0	0	0	0	0	0	0	0	0	0	0	
0	0	0	0	0	0	0	0	0	0	0	0	0	0	0	0	0	0	0	0	500	0	0	0	0	0	0	0	0	0	0	0	0	0	0	0	0	0	0	0	0	0	0	0	0	0	0	0	0	0	0	0	0	0	0	0	0	0	500	0	0	0	0	0	0	0	0	0	0	0	0	0	0	0	0	0	0	0	0	0	0	0	0	0	0	0	0	0	0	0	0	0	0	0	0	0	0	0	0	0	0	0	0	0	0	0	0	0	0	0	0	0	0	0	0	0	0	0	0	0	
500	0	0	0	0	0	0	0	0	0	0	0	0	0	0	0	0	0	0	0	0	0	0	0	0	0	0	0	0	0	0	0	0	0	0	0	0	0	0	0	0	0	0	0	0	0	0	0	0	0	0	0	0	0	0	0	0	0	0	0	0	0	0	0	0	0	0	0	0	0	0	0	0	0	0	0	0	0	0	0	0	0	0	500	0	0	0	0	0	0	0	0	0	0	0	0	0	500	0	0	0	0	0	0	0	0	0	0	0	0	0	0	0	0	0	0	0	0	0	0	
0	0	0	0	0	0	0	0	0	0	0	0	0	0	0	0	0	0	500	0	0	0	0	0	0	0	0	0	0	0	0	0	0	0	0	0	0	0	0	0	0	0	0	0	0	0	0	0	0	0	0	0	0	0	0	0	0	0	0	0	0	0	0	0	0	0	0	0	0	0	0	0	0	0	0	0	0	0	0	0	0	0	0	0	0	0	0	0	0	0	0	0	0	0	0	500	0	0	0	0	0	0	0	0	0	0	0	0	0	0	0	0	0	0	0	0	0	0	0	0	
0	0	0	0	0	0	0	0	0	0	0	0	0	0	0	0	0	0	0	0	0	0	0	0	0	0	500	0	0	0	0	500	0	0	0	0	0	0	0	0	0	0	0	0	0	0	0	0	0	0	0	0	0	0	0	0	0	0	0	0	0	0	0	0	0	0	0	0	0	0	0	0	0	0	0	0	0	0	0	0	0	0	0	0	0	0	0	0	0	0	0	0	0	0	0	0	0	0	0	0	0	0	0	0	0	0	0	0	0	0	0	0	0	0	0	0	0	0	0	0	
0	0	0	0	0	0	0	0	0	0	0	0	0	0	0	0	500	0	0	0	0	0	0	0	0	0	0	0	0	0	0	0	0	0	0	500	0	0	0	0	0	0	0	0	0	0	0	0	0	0	0	0	0	0	0	0	0	0	0	0	0	0	0	0	0	0	0	0	0	0	0	0	0	0	0	0	0	0	0	0	0	0	0	0	0	0	0	0	0	0	0	0	0	0	0	0	0	0	0	0	0	0	0	0	0	0	0	0	0	0	0	0	0	0	0	0	0	0	0	0	
0	0	0	0	0	0	0	0	0	0	0	0	0	0	0	0	0	0	0	0	0	0	0	0	0	0	0	0	0	0	0	0	0	0	0	0	0	0	0	0	0	0	0	0	0	0	0	0	0	0	0	0	0	0	0	0	0	0	0	0	0	0	0	0	0	0	0	0	0	0	0	0	0	0	0	0	0	0	0	0	0	0	0	0	0	0	0	0	0	0	0	0	0	0	0	0	500	0	0	0	0	0	0	0	0	0	0	0	0	0	500	0	0	0	0	0	0	0	0	0	
0	0	0	0	0	0	0	0	0	0	500	0	0	0	0	0	0	0	0	0	0	0	0	0	0	0	0	0	0	0	0	0	0	0	0	0	0	0	0	0	0	0	0	0	0	0	0	0	0	0	0	0	0	0	0	0	0	0	0	0	0	0	0	0	0	0	0	0	0	0	0	0	0	0	0	0	0	0	0	0	0	0	0	0	0	0	0	0	0	0	0	0	0	0	0	0	0	0	0	0	0	0	0	0	0	0	0	0	500	0	0	0	0	0	0	0	0	0	0	0	
0	0	0	0	0	0	0	0	0	0	0	0	0	0	0	0	0	0	0	0	0	0	0	0	0	0	0	0	0	0	0	0	0	500	0	0	0	0	0	0	0	0	0	0	0	0	0	0	0	0	0	0	0	0	0	0	0	0	0	0	0	0	0	0	0	0	0	0	0	0	0	0	0	0	0	0	0	0	500	0	0	0	0	0	0	0	0	0	0	0	0	0	0	0	0	0	0	0	0	0	0	0	0	0	0	0	0	0	0	0	0	0	0	0	0	0	0	0	0	0	
0	0	0	0	0	0	0	0	0	0	0	0	0	500	0	500	0	0	0	0	0	0	0	0	0	0	0	0	0	0	0	0	0	0	0	0	0	0	0	0	0	0	0	0	0	0	0	0	0	0	0	0	0	0	0	0	0	0	0	0	0	0	0	0	0	0	0	0	0	0	0	0	0	0	0	0	0	0	0	0	0	0	0	0	0	0	0	0	0	0	0	0	0	0	0	0	0	0	0	0	0	0	0	0	0	0	0	0	0	0	0	0	0	0	0	0	0	0	0	0	
0	0	0	0	0	0	0	0	0	0	0	0	0	0	0	0	0	0	0	0	0	0	0	0	0	0	0	0	0	0	0	0	0	0	0	500	0	0	0	500	0	0	0	0	0	0	0	0	0	0	0	0	0	0	0	0	0	0	0	0	0	0	0	0	0	0	0	0	0	0	0	0	0	0	0	0	0	0	0	0	0	0	0	0	0	0	0	0	0	0	0	0	0	0	0	0	0	0	0	0	0	0	0	0	0	0	0	0	0	0	0	0	0	0	0	0	0	0	0	0	
0	0	0	0	0	0	0	0	0	0	0	0	0	0	0	0	0	0	0	0	0	0	0	0	0	0	0	0	0	0	500	0	500	0	0	0	0	0	0	0	0	0	0	0	0	0	0	0	0	0	0	0	0	0	0	0	0	0	0	0	0	0	0	0	0	0	0	0	0	0	0	0	0	0	0	0	0	0	0	0	0	0	0	0	0	0	0	0	0	0	0	0	0	0	0	0	0	0	0	0	0	0	0	0	0	0	0	0	0	0	0	0	0	0	0	0	0	0	0	0	
0	0	0	0	0	0	0	0	0	0	0	0	0	0	0	0	0	0	0	0	0	0	0	0	0	0	0	0	0	0	0	0	0	0	0	0	0	0	0	0	0	0	0	0	0	0	0	0	0	0	0	0	0	0	0	0	0	0	0	0	0	0	0	0	0	0	500	0	0	0	0	0	0	0	0	0	0	0	0	0	0	0	0	0	0	0	500	0	0	0	0	0	0	0	0	0	0	0	0	0	0	0	0	0	0	0	0	0	0	0	0	0	0	0	0	0	0	0	0	0	
0	0	0	0	0	0	0	0	500	0	0	0	0	0	0	0	0	0	0	0	0	0	0	0	0	0	0	0	0	0	0	0	0	0	0	0	0	0	0	0	0	0	0	0	0	0	0	0	0	0	0	0	0	0	0	0	0	0	0	0	0	0	0	0	0	0	0	0	0	0	0	0	0	0	0	0	0	0	0	0	0	0	0	0	0	0	0	0	0	0	0	0	0	0	0	0	0	0	0	0	0	0	0	0	500	0	0	0	0	0	0	0	0	0	0	0	0	0	0	0	
0	0	0	0	0	0	0	0	0	0	0	0	0	0	0	0	0	0	0	0	0	0	0	0	0	0	0	0	0	0	0	0	0	0	0	0	0	0	0	0	0	0	0	0	0	500	0	0	0	0	0	0	0	0	0	0	0	0	0	0	0	0	0	0	0	0	0	0	0	0	0	0	0	0	0	0	0	0	0	0	0	0	0	0	500	0	0	0	0	0	0	0	0	0	0	0	0	0	0	0	0	0	0	0	0	0	0	0	0	0	0	0	0	0	0	0	0	0	0	0	
0	0	0	0	0	0	0	0	0	0	0	0	0	0	0	0	0	0	0	0	0	0	0	0	500	0	0	0	0	0	0	0	0	0	0	0	0	0	0	0	0	0	0	0	0	0	0	0	0	0	0	0	0	0	0	0	0	0	0	0	0	0	0	0	0	0	0	0	0	0	500	0	0	0	0	0	0	0	0	0	0	0	0	0	0	0	0	0	0	0	0	0	0	0	0	0	0	0	0	0	0	0	0	0	0	0	0	0	0	0	0	0	0	0	0	0	0	0	0	0	
0	0	0	0	0	0	0	0	0	0	0	0	0	0	0	0	0	0	0	0	0	0	0	0	0	0	0	0	0	0	0	0	0	0	0	0	0	0	0	0	0	0	0	0	0	0	0	0	0	0	0	0	0	0	0	0	0	0	0	0	0	500	0	0	0	0	0	0	0	0	0	0	0	0	0	0	0	0	0	0	0	0	0	0	0	0	0	0	0	0	0	0	0	0	0	500	0	0	0	0	0	0	0	0	0	0	0	0	0	0	0	0	0	0	0	0	0	0	0	0	
0	0	0	0	0	0	0	0	0	0	0	500	0	0	0	0	0	0	0	0	0	0	0	0	0	0	0	0	0	0	0	0	0	0	0	0	0	0	0	0	0	0	0	0	0	0	0	0	0	0	0	0	0	0	0	0	0	0	0	0	500	0	0	0	0	0	0	0	0	0	0	0	0	0	0	0	0	0	0	0	0	0	0	0	0	0	0	0	0	0	0	0	0	0	0	0	0	0	0	0	0	0	0	0	0	0	0	0	0	0	0	0	0	0	0	0	0	0	0	0	
0	0	0	0	0	0	0	0	0	0	500	0	0	0	0	0	0	0	0	0	0	0	0	0	0	0	0	0	0	0	0	0	0	0	0	0	0	0	0	0	500	0	0	0	0	0	0	0	0	0	0	0	0	0	0	0	0	0	0	0	0	0	0	0	0	0	0	0	0	0	0	0	0	0	0	0	0	0	0	0	0	0	0	0	0	0	0	0	0	0	0	0	0	0	0	0	0	0	0	0	0	0	0	0	0	0	0	0	0	0	0	0	0	0	0	0	0	0	0	0	
0	0	0	0	0	0	0	0	0	0	0	0	0	0	0	0	0	0	0	0	0	0	0	0	0	0	0	0	0	0	0	0	0	0	0	0	0	0	0	0	0	0	0	0	0	0	0	0	0	0	0	0	0	0	0	0	0	0	0	0	0	0	0	0	0	0	0	0	0	0	0	0	0	0	0	0	0	0	0	0	0	0	0	0	0	0	0	0	0	0	0	0	0	0	0	0	0	0	0	0	0	0	500	0	0	0	500	0	0	0	0	0	0	0	0	0	0	0	0	0	
0	0	0	0	0	0	0	0	0	0	0	0	0	0	0	0	0	0	0	0	0	0	0	0	500	0	0	0	0	0	0	0	0	0	0	0	0	0	0	0	0	0	0	0	0	0	0	0	0	0	0	0	0	0	0	0	0	0	0	0	0	0	0	0	0	0	0	0	0	0	500	0	0	0	0	0	0	0	0	0	0	0	0	0	0	0	0	0	0	0	0	0	0	0	0	0	0	0	0	0	0	0	0	0	0	0	0	0	0	0	0	0	0	0	0	0	0	0	0	0	
0	0	0	0	0	0	0	0	0	0	0	0	0	0	0	0	0	0	0	0	0	0	0	0	0	0	0	0	0	0	0	0	0	0	0	0	0	0	0	0	0	0	500	0	0	0	0	0	0	0	0	0	0	0	0	0	0	0	0	0	0	0	0	0	0	0	0	0	0	0	0	0	0	0	500	0	0	0	0	0	0	0	0	0	0	0	0	0	0	0	0	0	0	0	0	0	0	0	0	0	0	0	0	0	0	0	0	0	0	0	0	0	0	0	0	0	0	0	0	0	
0	0	0	0	0	0	0	0	0	0	0	0	0	0	0	0	0	0	0	500	0	0	0	0	0	0	0	0	0	0	0	0	0	0	0	0	0	0	0	0	0	0	0	0	0	0	0	0	0	0	0	0	0	0	0	0	500	0	0	0	0	0	0	0	0	0	0	0	0	0	0	0	0	0	0	0	0	0	0	0	0	0	0	0	0	0	0	0	0	0	0	0	0	0	0	0	0	0	0	0	0	0	0	0	0	0	0	0	0	0	0	0	0	0	0	0	0	0	0	0	
0	0	0	0	0	0	0	0	0	0	0	0	0	0	0	0	0	0	0	0	0	0	0	0	0	0	0	0	0	0	0	0	0	0	0	0	0	0	0	0	0	0	0	0	0	0	0	0	0	0	0	0	0	0	0	0	0	0	0	0	0	0	0	0	0	0	0	0	0	0	0	0	0	0	0	0	0	0	0	0	0	0	0	0	0	0	0	0	0	0	0	0	0	0	0	0	0	0	0	0	500	0	0	0	0	0	0	0	0	0	0	0	0	0	0	500	0	0	0	0	
0	0	0	0	0	0	0	0	500	0	0	0	0	0	0	0	0	0	0	0	0	0	500	0	0	0	0	0	0	0	0	0	0	0	0	0	0	0	0	0	0	0	0	0	0	0	0	0	0	0	0	0	0	0	0	0	0	0	0	0	0	0	0	0	0	0	0	0	0	0	0	0	0	0	0	0	0	0	0	0	0	0	0	0	0	0	0	0	0	0	0	0	0	0	0	0	0	0	0	0	0	0	0	0	0	0	0	0	0	0	0	0	0	0	0	0	0	0	0	0	
0	0	0	0	0	0	0	0	0	0	0	0	0	500	0	500	0	0	0	0	0	0	0	0	0	0	0	0	0	0	0	0	0	0	0	0	0	0	0	0	0	0	0	0	0	0	0	0	0	0	0	0	0	0	0	0	0	0	0	0	0	0	0	0	0	0	0	0	0	0	0	0	0	0	0	0	0	0	0	0	0	0	0	0	0	0	0	0	0	0	0	0	0	0	0	0	0	0	0	0	0	0	0	0	0	0	0	0	0	0	0	0	0	0	0	0	0	0	0	0	
0	0	0	0	0	0	0	0	0	0	0	0	0	0	0	0	0	0	0	0	0	0	0	0	0	0	0	0	0	0	0	0	0	0	0	0	0	0	0	0	0	0	0	0	0	0	0	0	0	0	0	0	0	0	0	0	0	0	0	500	0	0	0	0	500	0	0	0	0	0	0	0	0	0	0	0	0	0	0	0	0	0	0	0	0	0	0	0	0	0	0	0	0	0	0	0	0	0	0	0	0	0	0	0	0	0	0	0	0	0	0	0	0	0	0	0	0	0	0	0	
0	0	0	0	0	0	0	0	0	0	0	0	500	0	0	0	0	0	0	0	0	0	0	0	0	500	0	0	0	0	0	0	0	0	0	0	0	0	0	0	0	0	0	0	0	0	0	0	0	0	0	0	0	0	0	0	0	0	0	0	0	0	0	0	0	0	0	0	0	0	0	0	0	0	0	0	0	0	0	0	0	0	0	0	0	0	0	0	0	0	0	0	0	0	0	0	0	0	0	0	0	0	0	0	0	0	0	0	0	0	0	0	0	0	0	0	0	0	0	0	
0	0	0	0	0	0	0	0	0	0	0	0	0	0	0	0	0	0	0	0	0	0	0	0	0	0	0	0	0	0	0	0	0	0	0	0	0	0	0	0	0	0	0	0	0	0	0	0	0	0	0	0	0	0	0	0	0	0	0	0	0	0	0	0	0	0	0	0	0	0	0	0	0	0	0	0	0	0	0	0	0	0	0	0	0	0	0	0	0	0	0	0	500	0	0	0	0	0	0	0	0	0	0	0	0	0	0	0	0	0	0	0	0	0	0	0	0	0	500	0	
500	0	0	0	0	0	0	0	0	0	0	0	0	0	0	0	0	0	0	0	0	0	0	0	0	0	0	0	0	0	0	0	0	0	0	0	0	0	0	0	0	0	0	0	0	0	0	0	0	0	0	0	0	0	0	0	0	0	0	0	0	0	0	0	0	0	0	0	0	0	0	0	0	0	0	0	0	0	0	0	0	500	0	0	0	0	0	0	0	0	0	0	0	0	0	0	0	0	0	0	0	0	0	0	0	0	0	0	0	0	0	0	0	0	0	0	0	500	0	0	
0	0	0	0	0	0	0	0	0	0	0	0	0	0	0	0	0	0	0	0	0	500	0	0	0	0	0	0	0	0	0	0	0	0	0	0	0	0	0	0	0	0	0	0	0	0	0	0	0	0	0	0	0	0	0	0	0	0	0	0	0	0	0	0	0	500	0	0	0	0	0	0	0	0	0	0	0	0	0	0	0	0	0	0	0	0	0	0	0	0	0	0	0	0	0	0	0	0	0	0	0	0	0	0	0	0	0	0	0	0	0	0	0	0	0	0	0	0	0	0	
0	0	0	0	0	0	500	0	0	0	0	0	0	0	0	0	0	0	0	0	0	0	0	0	0	0	0	0	0	0	0	0	0	0	0	0	0	0	0	0	0	0	0	0	0	0	0	0	0	0	0	0	0	0	0	0	0	0	0	0	0	0	0	0	0	0	0	0	0	0	0	0	0	0	0	0	0	0	0	0	0	0	0	0	0	0	0	0	0	0	0	0	0	0	0	0	500	0	0	0	0	0	0	0	0	0	0	0	0	0	0	0	0	0	0	0	0	0	0	0	
0	0	0	0	0	0	0	0	0	0	0	0	0	0	0	0	0	0	0	0	0	0	0	0	0	0	0	0	0	0	0	0	0	0	0	0	0	0	0	0	0	500	0	0	0	0	0	0	0	0	0	0	0	0	0	0	0	0	0	0	0	0	0	0	0	0	0	0	0	0	0	0	0	0	0	0	0	500	0	0	0	0	0	0	0	0	0	0	0	0	0	0	0	0	0	0	0	0	0	0	0	0	0	0	0	0	0	0	0	0	0	0	0	0	0	0	0	0	0	0	
0	0	0	0	0	0	0	0	0	0	0	0	0	0	0	0	0	0	0	0	0	0	0	0	0	0	0	0	0	0	0	500	0	0	0	0	0	0	0	0	0	0	0	0	0	0	0	0	0	0	0	0	0	0	0	0	0	0	0	0	0	0	0	0	0	0	0	0	0	0	0	0	0	0	0	0	500	0	0	0	0	0	0	0	0	0	0	0	0	0	0	0	0	0	0	0	0	0	0	0	0	0	0	0	0	0	0	0	0	0	0	0	0	0	0	0	0	0	0	0	
0	0	0	0	0	0	0	0	0	0	0	0	0	0	0	0	0	0	0	0	0	0	0	0	0	0	0	0	0	0	0	0	0	0	0	0	0	0	0	0	0	0	0	0	0	0	0	0	0	0	0	0	500	0	0	0	0	0	0	0	0	0	0	0	0	0	0	0	0	0	0	0	0	0	0	0	0	0	0	0	0	0	0	0	0	0	0	0	0	0	0	0	0	0	0	0	0	0	0	0	0	0	0	0	0	500	0	0	0	0	0	0	0	0	0	0	0	0	0	0	
0	0	0	500	0	0	0	0	0	0	0	0	0	0	0	0	0	0	0	0	0	0	0	0	0	0	0	0	0	0	0	0	0	0	0	0	0	0	0	500	0	0	0	0	0	0	0	0	0	0	0	0	0	0	0	0	0	0	0	0	0	0	0	0	0	0	0	0	0	0	0	0	0	0	0	0	0	0	0	0	0	0	0	0	0	0	0	0	0	0	0	0	0	0	0	0	0	0	0	0	0	0	0	0	0	0	0	0	0	0	0	0	0	0	0	0	0	0	0	0	
0	500	0	0	0	0	0	0	0	0	0	0	0	0	0	0	0	0	0	0	0	0	0	0	0	0	0	0	0	0	0	0	0	0	0	0	0	0	500	0	0	0	0	0	0	0	0	0	0	0	0	0	0	0	0	0	0	0	0	0	0	0	0	0	0	0	0	0	0	0	0	0	0	0	0	0	0	0	0	0	0	0	0	0	0	0	0	0	0	0	0	0	0	0	0	0	0	0	0	0	0	0	0	0	0	0	0	0	0	0	0	0	0	0	0	0	0	0	0	0	
0	0	0	0	0	0	0	0	0	0	0	0	0	0	0	0	0	0	0	0	0	0	0	0	0	0	0	0	0	0	0	0	0	0	0	0	0	0	0	0	0	0	0	0	0	0	0	0	0	0	0	0	0	0	0	0	0	0	0	0	0	0	0	0	0	0	0	0	0	0	0	0	0	500	0	0	0	0	0	0	0	0	0	0	0	0	0	0	0	0	0	0	0	0	0	0	0	0	0	0	0	0	0	0	0	0	0	0	0	0	0	0	0	0	0	0	0	500	0	0	
0	0	0	0	0	0	0	0	0	0	0	0	0	0	0	0	0	0	0	0	0	0	0	0	0	0	0	0	0	0	0	0	0	0	0	0	0	0	0	0	0	0	0	0	0	0	0	0	0	0	0	0	0	0	0	0	0	0	0	0	0	0	0	0	0	0	0	0	0	0	0	0	0	0	0	0	0	0	0	0	0	0	0	0	0	0	0	0	0	0	0	0	0	0	0	0	0	0	0	0	500	0	0	0	0	0	0	0	0	0	0	500	0	0	0	0	0	0	0	0	
0	0	0	0	0	0	0	0	0	0	0	0	0	0	0	0	0	0	0	0	0	0	0	0	0	0	0	0	0	0	0	0	0	0	0	0	0	0	0	0	0	0	0	0	0	0	500	0	0	0	0	0	0	0	0	0	0	0	0	0	0	0	0	0	0	0	0	0	0	0	0	0	0	0	0	0	0	0	0	0	0	0	0	0	0	0	0	0	0	0	0	0	0	0	0	0	0	500	0	0	0	0	0	0	0	0	0	0	0	0	0	0	0	0	0	0	0	0	0	0	
0	0	0	0	0	0	0	0	0	0	0	0	0	0	0	0	0	0	0	0	0	0	0	0	0	0	0	0	0	0	0	0	0	0	0	0	0	0	0	0	0	0	0	0	0	0	0	0	0	0	0	0	0	0	0	0	0	0	500	0	0	0	0	0	0	0	0	0	0	0	0	0	0	0	0	0	0	0	0	0	0	0	0	0	0	0	0	500	0	0	0	0	0	0	0	0	0	0	0	0	0	0	0	0	0	0	0	0	0	0	0	0	0	0	0	0	0	0	0	0	
0	0	0	0	500	0	0	0	0	0	0	0	0	0	0	0	0	500	0	0	0	0	0	0	0	0	0	0	0	0	0	0	0	0	0	0	0	0	0	0	0	0	0	0	0	0	0	0	0	0	0	0	0	0	0	0	0	0	0	0	0	0	0	0	0	0	0	0	0	0	0	0	0	0	0	0	0	0	0	0	0	0	0	0	0	0	0	0	0	0	0	0	0	0	0	0	0	0	0	0	0	0	0	0	0	0	0	0	0	0	0	0	0	0	0	0	0	0	0	0	
0	0	0	0	0	0	0	0	0	0	0	0	0	0	0	0	0	0	0	500	0	0	0	0	0	0	0	0	0	0	0	0	0	0	0	0	0	0	0	0	0	0	0	0	0	0	0	0	0	0	0	0	0	0	0	0	500	0	0	0	0	0	0	0	0	0	0	0	0	0	0	0	0	0	0	0	0	0	0	0	0	0	0	0	0	0	0	0	0	0	0	0	0	0	0	0	0	0	0	0	0	0	0	0	0	0	0	0	0	0	0	0	0	0	0	0	0	0	0	0	
0	0	0	0	0	0	0	0	0	0	0	0	0	0	0	0	0	0	0	0	0	0	0	0	0	0	0	0	0	0	0	0	0	0	0	0	0	0	0	0	0	0	0	0	0	0	0	0	0	0	0	0	0	0	0	0	0	0	0	0	0	0	0	0	0	0	0	0	0	0	0	0	0	0	0	0	0	0	0	0	0	0	0	0	500	0	0	0	0	0	0	0	0	500	0	0	0	0	0	0	0	0	0	0	0	0	0	0	0	0	0	0	0	0	0	0	0	0	0	0	
0	0	0	0	0	0	0	0	0	0	0	0	0	0	0	0	0	0	0	0	0	0	0	0	0	0	0	0	0	0	0	0	0	0	0	0	0	0	0	0	0	0	0	0	0	0	0	0	0	0	0	0	0	0	0	0	0	0	0	0	0	0	0	0	0	0	0	0	0	0	0	0	0	0	0	0	0	0	0	0	0	0	0	0	0	0	0	0	0	500	0	500	0	0	0	0	0	0	0	0	0	0	0	0	0	0	0	0	0	0	0	0	0	0	0	0	0	0	0	0	
0	0	0	0	0	0	0	0	0	0	0	0	0	0	0	0	0	0	0	0	0	0	0	0	0	0	0	0	0	0	0	0	0	0	0	0	500	0	0	0	0	0	0	0	0	0	0	0	0	0	0	0	0	0	0	0	0	0	0	0	0	0	0	0	0	0	0	0	0	0	0	0	0	0	0	0	0	0	0	0	0	0	0	0	0	0	0	0	500	0	0	0	0	0	0	0	0	0	0	0	0	0	0	0	0	0	0	0	0	0	0	0	0	0	0	0	0	0	0	0	
0	0	0	0	0	0	0	0	0	500	0	0	0	0	0	0	0	0	0	0	0	0	0	0	0	0	0	0	0	0	0	0	0	0	0	0	0	0	0	0	0	0	0	0	0	0	0	0	0	0	0	0	0	0	0	0	0	0	0	0	0	0	0	0	0	0	0	0	0	0	0	0	0	0	0	0	0	0	0	0	0	0	0	0	0	0	0	0	0	0	0	0	0	0	0	0	0	0	0	0	0	0	0	0	0	0	0	0	0	0	0	0	0	0	500	0	0	0	0	0	
0	0	0	0	0	0	0	0	0	0	0	0	0	0	0	0	0	0	0	0	0	0	0	0	0	0	0	0	0	0	0	0	0	0	500	0	0	0	0	0	0	0	0	0	0	0	0	0	0	0	0	0	0	0	0	0	0	0	0	0	0	0	0	0	0	0	0	0	0	0	0	0	0	0	0	0	0	0	0	0	0	0	0	0	0	0	0	0	500	0	0	0	0	0	0	0	0	0	0	0	0	0	0	0	0	0	0	0	0	0	0	0	0	0	0	0	0	0	0	0	
0	0	0	0	0	0	0	0	0	0	0	0	0	0	0	0	0	0	0	0	0	0	0	0	0	0	0	0	0	0	0	0	0	0	0	0	0	0	0	0	0	0	0	500	0	0	0	0	0	0	0	0	0	0	0	0	0	0	0	0	0	0	0	0	0	0	0	0	0	0	0	0	500	0	0	0	0	0	0	0	0	0	0	0	0	0	0	0	0	0	0	0	0	0	0	0	0	0	0	0	0	0	0	0	0	0	0	0	0	0	0	0	0	0	0	0	0	0	0	0	
0	0	0	0	0	0	0	0	0	0	0	0	0	0	0	0	0	0	0	0	0	0	0	0	0	0	0	0	0	0	0	0	0	0	0	0	0	0	0	0	0	0	0	0	0	0	0	0	0	0	0	0	0	0	0	0	0	0	0	0	0	0	0	0	0	0	0	0	0	0	0	0	0	0	0	0	0	0	0	0	0	0	0	0	0	0	0	500	0	0	0	0	0	0	0	0	0	0	0	0	0	0	0	0	0	0	0	0	0	0	500	0	0	0	0	0	0	0	0	0	
0	0	500	0	0	0	0	0	0	0	0	0	0	0	0	0	0	0	0	0	0	0	0	0	0	0	0	0	0	0	0	0	0	0	0	0	0	0	0	0	0	0	0	0	0	0	0	0	0	0	0	0	0	0	0	0	0	0	0	0	0	0	0	0	0	0	0	0	0	0	0	0	0	0	0	0	0	0	0	0	0	0	0	0	0	0	0	0	0	0	0	0	0	0	0	0	0	0	0	0	0	0	0	0	0	0	0	500	0	0	0	0	0	0	0	0	0	0	0	0	
0	0	0	0	0	0	0	0	0	0	0	0	0	0	0	0	0	0	0	0	0	0	0	0	0	0	0	0	0	0	0	0	0	0	0	0	0	0	0	0	0	0	0	0	0	0	0	500	0	0	0	0	0	0	0	0	0	0	0	0	500	0	0	0	0	0	0	0	0	0	0	0	0	0	0	0	0	0	0	0	0	0	0	0	0	0	0	0	0	0	0	0	0	0	0	0	0	0	0	0	0	0	0	0	0	0	0	0	0	0	0	0	0	0	0	0	0	0	0	0	
0	0	0	0	0	0	0	0	0	0	0	0	0	0	0	0	0	0	0	0	0	0	0	0	0	0	0	0	0	0	0	0	0	0	0	0	0	0	0	0	0	0	0	0	0	0	0	0	0	0	500	0	0	0	0	0	0	0	0	0	0	0	0	0	0	0	0	0	0	0	0	0	0	0	0	500	0	0	0	0	0	0	0	0	0	0	0	0	0	0	0	0	0	0	0	0	0	0	0	0	0	0	0	0	0	0	0	0	0	0	0	0	0	0	0	0	0	0	0	0	
0	0	0	0	0	0	0	0	0	0	0	0	0	0	0	0	0	0	0	0	0	0	0	0	0	0	0	0	0	0	0	0	0	0	0	0	0	0	0	0	0	0	0	0	0	0	500	0	0	0	0	0	0	0	0	0	0	0	0	0	0	0	0	0	0	0	0	0	0	0	0	0	0	0	0	0	0	0	0	0	0	0	0	500	0	0	0	0	0	0	0	0	0	0	0	0	0	0	0	0	0	0	0	0	0	0	0	0	0	0	0	0	0	0	0	0	0	0	0	0	
500	0	0	0	0	0	0	500	0	0	0	0	0	0	0	0	0	0	0	0	0	0	0	0	0	0	0	0	0	0	0	0	0	0	0	0	0	0	0	0	0	0	0	0	0	0	0	0	0	0	0	0	0	0	0	0	0	0	0	0	0	0	0	0	0	0	0	0	0	0	0	0	0	0	0	0	0	0	0	0	0	0	0	0	0	0	0	0	0	0	0	0	0	0	0	0	0	0	0	0	0	0	0	0	0	0	0	0	0	0	0	0	0	0	0	0	0	0	0	0	
0	0	0	0	0	0	0	0	0	0	0	0	0	0	0	0	0	0	0	0	0	0	0	0	0	0	500	0	0	0	0	0	0	0	0	0	0	0	0	0	0	500	0	0	0	0	0	0	0	0	0	0	0	0	0	0	0	0	0	0	0	0	0	0	0	0	0	0	0	0	0	0	0	0	0	0	0	0	0	0	0	0	0	0	0	0	0	0	0	0	0	0	0	0	0	0	0	0	0	0	0	0	0	0	0	0	0	0	0	0	0	0	0	0	0	0	0	0	0	0	
0	0	0	0	0	0	0	0	0	0	0	0	0	0	0	0	0	0	0	0	0	0	0	0	0	0	0	0	0	0	0	0	0	0	0	0	0	0	0	0	0	0	0	0	0	0	0	0	0	0	0	0	0	0	0	0	0	0	0	0	0	0	0	0	0	0	0	500	0	0	0	0	0	0	0	0	0	0	0	0	0	0	500	0	0	0	0	0	0	0	0	0	0	0	0	0	0	0	0	0	0	0	0	0	0	0	0	0	0	0	0	0	0	0	0	0	0	0	0	0	
0	0	0	0	0	0	0	0	0	0	0	0	0	0	0	0	0	0	0	0	0	0	0	0	0	0	0	0	0	0	0	0	0	0	0	0	0	0	0	0	0	0	0	0	0	0	0	0	0	0	0	0	0	0	0	0	0	0	0	0	0	0	0	0	0	0	0	0	0	0	0	0	0	0	0	0	0	0	0	0	0	0	0	0	0	0	0	0	0	0	0	0	0	0	0	0	0	0	0	0	0	0	0	0	0	0	0	0	500	500	0	0	0	0	0	0	0	0	0	0	
0	0	0	0	0	0	0	0	0	0	0	0	0	0	0	0	0	0	0	0	0	0	0	0	0	0	0	0	0	0	0	0	0	0	0	0	0	0	0	0	0	0	0	0	0	0	0	0	0	0	0	0	0	0	0	0	0	0	0	0	0	0	0	500	0	0	0	0	0	0	0	0	0	0	0	0	0	0	0	0	0	0	0	0	0	0	0	0	0	0	0	0	0	0	0	0	0	0	0	0	0	0	0	0	0	0	0	0	0	0	0	0	0	0	500	0	0	0	0	0	
0	0	0	0	0	0	0	0	0	0	0	0	0	0	0	0	0	0	0	0	0	0	0	0	0	0	0	0	0	0	0	0	0	0	0	0	0	0	0	0	0	0	0	0	500	0	0	0	0	0	0	0	0	0	0	0	0	0	0	0	0	0	0	0	0	0	0	0	0	0	0	0	0	0	0	0	0	0	0	0	0	0	0	0	0	0	0	0	0	0	0	0	0	0	0	0	0	0	0	0	0	0	0	0	0	0	0	0	0	0	0	0	0	0	0	0	0	0	0	500	
0	0	0	0	0	0	0	0	0	0	0	0	0	0	0	0	0	0	0	0	0	0	500	0	0	0	0	0	0	0	0	0	0	0	0	0	0	0	0	0	0	0	0	0	0	0	0	0	0	0	0	0	0	0	0	0	0	500	0	0	0	0	0	0	0	0	0	0	0	0	0	0	0	0	0	0	0	0	0	0	0	0	0	0	0	0	0	0	0	0	0	0	0	0	0	0	0	0	0	0	0	0	0	0	0	0	0	0	0	0	0	0	0	0	0	0	0	0	0	0	
0	0	0	0	0	0	0	0	0	0	0	0	0	0	0	0	0	0	0	0	0	0	0	0	0	0	0	0	0	500	0	0	0	0	0	0	0	0	0	0	0	0	0	0	0	0	0	0	0	0	0	0	0	0	0	0	0	0	0	0	0	0	0	0	0	0	0	0	0	0	0	0	0	0	0	0	0	0	500	0	0	0	0	0	0	0	0	0	0	0	0	0	0	0	0	0	0	0	0	0	0	0	0	0	0	0	0	0	0	0	0	0	0	0	0	0	0	0	0	0	
0	0	0	500	0	0	0	0	0	0	0	0	0	0	0	0	0	0	0	0	0	0	0	0	0	0	0	0	0	0	0	0	0	0	0	0	0	0	0	0	0	0	0	0	0	0	0	0	0	0	0	0	0	0	0	0	0	0	0	0	0	0	0	500	0	0	0	0	0	0	0	0	0	0	0	0	0	0	0	0	0	0	0	0	0	0	0	0	0	0	0	0	0	0	0	0	0	0	0	0	0	0	0	0	0	0	0	0	0	0	0	0	0	0	0	0	0	0	0	0	
0	0	500	0	0	0	0	0	0	0	0	0	0	0	0	0	0	0	0	0	0	0	0	0	0	0	0	0	0	0	0	0	0	0	0	0	0	0	0	0	0	0	0	0	0	0	0	0	0	0	0	0	0	0	0	0	0	0	0	0	0	0	0	0	0	0	0	0	0	0	0	0	0	0	0	0	0	0	0	0	0	0	0	0	0	0	0	0	0	0	0	0	0	0	500	0	0	0	0	0	0	0	0	0	0	0	0	0	0	0	0	0	0	0	0	0	0	0	0	0	
0	0	0	0	0	0	0	0	0	0	0	0	0	0	0	0	0	0	0	0	0	0	0	0	0	0	0	0	0	0	0	0	0	0	0	0	0	0	0	0	0	0	0	0	0	0	0	0	0	0	0	500	0	0	0	0	0	0	0	0	0	0	0	0	0	0	0	0	0	0	0	0	0	0	0	0	0	0	0	0	0	0	0	0	0	0	0	0	0	0	0	0	0	0	0	0	0	0	0	0	0	500	0	0	0	0	0	0	0	0	0	0	0	0	0	0	0	0	0	0	
0	0	0	0	0	0	0	0	0	0	0	0	0	0	0	0	0	0	0	0	0	0	0	0	0	0	0	0	0	0	0	0	0	0	0	0	0	500	0	0	0	0	0	0	0	0	0	0	0	0	0	0	0	0	0	0	0	0	0	0	0	0	0	0	0	0	0	0	0	0	0	0	0	0	0	0	0	0	0	0	0	0	0	0	0	0	0	0	0	0	0	0	0	0	0	0	0	0	0	0	0	500	0	0	0	0	0	0	0	0	0	0	0	0	0	0	0	0	0	0	
0	0	0	0	0	0	0	0	0	0	0	0	0	0	0	0	0	0	0	0	0	0	0	0	0	0	0	0	0	0	0	0	0	0	0	0	0	0	0	0	0	0	0	0	0	0	0	0	0	0	500	0	0	0	0	0	0	0	0	0	0	0	0	0	0	0	0	0	0	0	0	0	0	0	0	0	0	0	0	0	0	0	0	0	0	0	0	0	0	0	0	0	0	500	0	0	0	0	0	0	0	0	0	0	0	0	0	0	0	0	0	0	0	0	0	0	0	0	0	0	
0	0	0	0	0	0	0	0	0	0	0	0	0	0	0	0	0	0	0	0	0	0	0	0	0	0	0	0	0	0	0	0	0	0	0	0	0	0	0	0	500	0	0	0	0	0	0	0	0	0	0	0	0	0	0	0	0	0	0	0	0	0	0	0	0	0	0	0	0	0	0	0	0	0	0	0	0	0	0	0	0	0	500	0	0	0	0	0	0	0	0	0	0	0	0	0	0	0	0	0	0	0	0	0	0	0	0	0	0	0	0	0	0	0	0	0	0	0	0	0	
0	0	0	0	0	0	0	0	0	0	0	0	0	0	0	0	0	0	0	0	0	0	0	0	0	0	0	0	0	0	0	0	0	500	0	0	0	500	0	0	0	0	0	0	0	0	0	0	0	0	0	0	0	0	0	0	0	0	0	0	0	0	0	0	0	0	0	0	0	0	0	0	0	0	0	0	0	0	0	0	0	0	0	0	0	0	0	0	0	0	0	0	0	0	0	0	0	0	0	0	0	0	0	0	0	0	0	0	0	0	0	0	0	0	0	0	0	0	0	0	
0	0	0	0	0	0	0	0	0	0	0	0	0	0	0	0	0	0	0	0	0	500	0	0	0	0	0	0	0	0	0	0	0	0	0	0	500	0	0	0	0	0	0	0	0	0	0	0	0	0	0	0	0	0	0	0	0	0	0	0	0	0	0	0	0	0	0	0	0	0	0	0	0	0	0	0	0	0	0	0	0	0	0	0	0	0	0	0	0	0	0	0	0	0	0	0	0	0	0	0	0	0	0	0	0	0	0	0	0	0	0	0	0	0	0	0	0	0	0	0	
0	0	0	0	0	0	0	0	0	0	0	0	0	0	0	0	0	0	0	0	0	0	0	0	0	0	0	0	0	0	0	0	0	0	0	0	0	0	0	0	0	0	0	0	0	0	0	0	0	0	0	0	0	0	0	0	0	0	0	0	0	0	0	0	0	0	0	0	0	0	0	0	0	0	0	0	0	0	0	0	0	0	0	0	0	0	0	0	0	0	500	0	0	0	0	0	0	0	0	0	0	0	500	0	0	0	0	0	0	0	0	0	0	0	0	0	0	0	0	0	
0	0	0	0	0	0	0	0	0	0	0	0	0	0	0	0	0	0	0	0	0	0	0	0	0	500	0	0	0	0	0	0	0	0	0	0	0	0	0	0	0	0	0	0	0	0	0	0	0	0	0	0	0	0	0	0	0	0	0	0	0	0	0	0	0	0	0	500	0	0	0	0	0	0	0	0	0	0	0	0	0	0	0	0	0	0	0	0	0	0	0	0	0	0	0	0	0	0	0	0	0	0	0	0	0	0	0	0	0	0	0	0	0	0	0	0	0	0	0	0	
0	0	0	0	0	0	0	0	0	0	0	0	0	0	0	0	0	0	0	0	500	0	0	0	0	0	0	0	0	0	0	0	0	0	0	0	0	0	0	0	0	0	0	0	0	0	0	0	0	0	0	0	0	0	0	0	0	0	0	0	0	0	0	0	0	0	0	0	0	0	0	0	0	0	0	0	0	0	0	0	0	0	0	0	0	0	0	0	0	0	0	0	0	0	0	0	0	0	0	0	0	0	0	0	0	0	0	0	0	0	0	0	0	0	0	0	0	0	0	500	
0	0	0	0	0	0	0	0	0	0	0	0	0	0	0	0	0	0	0	0	0	0	0	0	0	0	0	0	0	0	0	0	0	0	0	0	0	0	0	0	0	0	0	0	0	0	0	0	0	0	0	0	0	0	0	0	0	0	0	0	0	0	0	0	0	0	0	0	0	0	0	0	0	500	0	0	0	0	0	0	0	500	0	0	0	0	0	0	0	0	0	0	0	0	0	0	0	0	0	0	0	0	0	0	0	0	0	0	0	0	0	0	0	0	0	0	0	0	0	0	
0	0	0	0	0	0	0	0	0	0	0	0	0	0	0	0	0	0	0	0	0	0	0	500	0	0	0	0	0	0	0	0	0	0	0	0	0	0	0	0	0	0	0	0	0	0	0	0	0	0	0	0	0	0	0	0	0	0	0	0	0	0	0	0	0	0	0	0	0	0	0	0	500	0	0	0	0	0	0	0	0	0	0	0	0	0	0	0	0	0	0	0	0	0	0	0	0	0	0	0	0	0	0	0	0	0	0	0	0	0	0	0	0	0	0	0	0	0	0	0	
0	0	0	0	0	0	0	0	0	0	0	0	0	0	0	0	0	0	0	0	0	0	0	0	0	0	0	0	0	0	0	0	0	0	0	0	0	0	0	0	0	0	0	0	0	0	0	0	0	0	0	0	0	0	0	0	0	0	0	0	0	0	0	0	0	0	0	0	0	0	0	0	0	0	0	0	0	0	0	0	0	0	0	0	0	0	0	0	0	0	0	0	0	0	0	0	0	0	0	0	0	0	0	500	0	0	0	0	0	0	0	0	0	0	0	0	500	0	0	0	
26	65	90	79	1	18	5	19	8	109	54	119	3	38	20	104	41	74	49	67	78	6	116	12	54	96	106	114	8	68	7	16	80	119	104	11	51	63	100	50	109	112	13	16	77	95	50	99	111	57	32	72	32	60	99	52	20	12	73	19	90	6	102	67	14	23	40	97	37	21	115	2	92	92	37	106	112	97	50	71	118	97	32	118	51	42	43	68	60	104	81	110	30	32	87	48	86	64	88	96	97	52	4	115	100	105	78	21	20	108	99	20	110	2	9	70	31	17	36	61	76	77	82	17	90	92	75	88	84	40	23	70	79	48	77	77	3	99	81	20	88	84	113	69	15	43	0	73	25	58	87	48	62	24	30	92	105	56	118	22	57	90	9	94	33	79	24	110	96	80	106	103	65	39	67	10	115	68	81	47	64	80	103	8	10	52	14	109	80	25	94	65	116	25	81	19	23	60	47	21	18	19	25	119	86	39	57	11	84	65	55	50	101	83	77	29	42	5	83	68	76	72	107	113	76	21	109	100	99	45	11	72	57	51	114	99	38	14	40	18	118	6	106	57	36	97	118	28	31	51	17	26	83	97	71	22	29	97	118	47	66	71	11	32	23	33	10	119	9	59	73	17	22	18	108	51	34	12	9	2	49	61	5	74	58	82	76	74	17	89	4	21	116	119	58	34	62	111	74	4	102	48	74	89	111	71	39	102	64	72	37	48	77	112	114	84	35	13	83	7	119	59	20	21	55	79	10	13	38	47	92	66	67	103	93	66	17	53	59	43	103	61	114	96	89	92	24	119	101	16	2	108	78	13	84	14	2	88	44	41	55	103	110	9	113	111	41	21	61	83	87	72	8	91	48	112	63	9	7	18	119	92	2	107	6	96	117	64	47	27	70	62	81	33	42	17	96	87	93	16	1	59	37	6	1	57	119	41	101	111	111	79	75	33	107	59	102	60	32	115	45	30	18	28	92	99	55	58	16	41	35	4	54	116	76	38	67	97	7	68	69	54	8	12	63	63	13	35	0	50	115	119	108	107	30	11	88	71	60	60	65	100	26	49	68	14	4	6	55	90	104	23	53	78	98	19	61	86	112	117	43	72	39	27	84	24	36	83	29	67	99	112	3	31	113	111	28	1	93	87	75	52	90	100	39	79	69	42	52	111	77	0	71	119	92	25	77	30	82	59	27	105	98	28	46	84	98	15	36	92	23	114	97	111	13	1	1	73	87	49	89	53	1	95	36	53	57	105	45	81	56	56	30	51	40	117	96	64	117	29	68	40	4	88	57	101	2	103	19	77	27	111	63	36	69	37	82	112	61	46	66	77	40	87	19	33	18	4	66	8	26	100	68	32	90	99	111	85	50	62	47	45	14	18	9	44	0	47	10	10	71	65	54	51	94	3	102	57	118	118	3	36	103	44	102	109	35	44	97	70	67	32	84	96	79	97	8	66	25	32	23	32	74	45	24	8	42	75	30	118	100	58	81	104	78	27	2	57	116	39	26	2	5	62	91	91	115	99	77	53	55	85	96	58	114	47	0	91	4	80	107	7	23	35	44	18	11	103	66	74	114	30	8	43	21	50	102	83	109	98	70	5	106	24	79	82	78	5	60	42	106	66	37	70	23	96	75	0	37	80	16	16	53	54	65	74	98	11	50	82	73	6	112	118	108	0	52	73	9	46	3	102	57	4	59	15	11	83	119	91	114	4	85	104	31	13	116	113	49	44	23	77	29	16	80	68	64	103	81	78	41	95	79	105	27	16	91	109	44	44	10	110	57	40	11	107	73	61	46	108	28	13	63	13	45	6	66	54	96	29	35	14	50	81	84	111	95	26	54	1	117	88	26	84	34	55	22	53	79	27	17	77	111	86	60	6	3	28	88	107	96	65	4	88	54	45	31	66	8	30	10	73	30	84	55	114	35	19	68	69	16	46	114	67	81	69	15	19	115	33	48	13	36	24	41	88	44	101	22	49	23	91	65	110	113	78	109	23	78	92	30	8	116	37	88	30	81	31	35	96	39	35	83	16	15	57	9	106	108	71	64	38	56	119	6	43	58	34	23	7	79	12	63	84	116	26	81	57	114	21	91	40	81	58	41	7	32	113	21	36	75	107	73	43	96	4	89	79	26	107	114	82	38	86	92	85	112	67	32	89	102	8	93	102	79	109	99	85	104	91	92	6	2	80	102	54	7	39	68	33	58	24	75	57	0	97	16	87	68	80	114	26	72	85	54	116	15	76	52	95	17	12	46	85	30	88	4	111	76	75	19	85	8	101	2	43	117	62	29	28	82	46	9	92	2	7	25	15	25	94	97	98	81	70	112	36	104	71	50	104	25	115	42	10	15	115	8	8	19	1	32	111	39	0	49	30	15	80	66	96	77	13	109	27	58	37	95	40	75	37	23	14	68	43	90	12	20	82	43	89	35	59	43	66	28	68	15	95	115	22	1	110	54	61	99	105	75	24	51	35	71	94	102	44	21	85	57	26	101	22	23	18	87	92	20	15	47	108	97	106	76	52	46	99	83	116	29	81	21	80	104	101	105	77	74	76	87	9	22	44	42	9	113	111	5	91	13	75	70	61	72	75	45	73	92	45	94	33	28	95	68	84	53	17	22	77	8	65	13	107	11	19	26	56	27	1	115	77	27	118	60	82	20	20	60	46	3	82	59	29	93	54	92	48	21	27	40	87	30	66	54	44	11	2	36	12	106	119	50	77	109	24	70	57	71	112	28	21	15	14	9	83	113	7	71	99	61	59	118	105	30	71	30	48	26	82	26	65	9	54	94	35	1	65	115	113	78	52	2	2	111	24	36	119	14	19	78	117	99	99	28	60	0	2	74	95	93	22	39	98	73	41	90	23	72	75	104	109	70	50	108	27	116	105	67	87	46	89	108	115	21	67	95	47	73	78	35	42	49	94	26	25	4	69	16	42	28	16	28	46	24	78	13	22	52	19	49	33	74	67	8	95	45	28	4	104	2	9	26	117	65	93	34	80	80	34	82	24	40	2	18	74	31	114	79	59	49	46	110	6	84	68	100	82	101	25	32	56	97	85	27	105	32	78	88	17	31	51	17	92	76	17	50	116	44	60	114	23	95	106	79	49	61	19	99	56	90	114	6	23	27	60	53	83	26	44	28	89	76	55	116	44	80	93	68	70	117	9	72	0	4	15	13	71	70	18	106	103	60	73	57	40	50	112	107	37	81	40	95	68	33	72	52	105	65	26	111	55	66	5	70	17	19	111	99	100	100	84	27	60	63	5	17	14	97	81	42	62	80	28	115	0	36	16	40	17	79	22	113	64	7	66	87	1	112	67	103	115	28	49	50	73	115	46	78	89	36	105	55	75	7	18	9	104	9	41	2	41	76	87	81	12	13	36	42	32	84	103	25	1	117	39	56	82	52	98	60	24	34	10	76	69	45	104	24	42	111	8	70	101	91	53	26	99	104	15	10	75	34	52	7	104	98	15	73	0	83	43	112	63	58	112	86	10	83	53	1	60	71	111	99	2	110	94	32	62	96	51	119	0	74	18	73	119	36	107	43	25	105	16	17	81	42	21	23	24	89	23	46	75	9	80	12	11	69	74	93	73	84	38	4	28	55	3	90	31	44	9	68	110	49	35	78	114	66	22	113	15	3	96	8	30	117	20	115	114	61	70	44	89	59	45	98	70	75	85	71	12	65	25	0	116	25	77	100	4	58	71	6	58	43	93	28	94	63	19	100	74	51	42	7	19	24	38	57	91	17	77	67	71	6	0	23	42	75	65	13	28	23	106	43	104	67	83	33	46	107	25	21	71	9	101	57	28	53	51	22	41	65	107	91	94	45	65	15	34	93	6	0	82	18	104	70	65	19	10	117	12	94	114	17	52	102	2	10	74	47	51	115	99	40	46	107	20	115	90	12	96	95	119	43	39	65	10	42	74	119	8	51	56	97	103	78	18	10	28	10	4	78	43	33	55	53	74	12	56	88	83	26	119	107	112	4	74	114	6	105	93	45	26	31	8	17	14	32	71	116	13	107	93	26	7	19	78	41	34	14	61	48	34	106	85	57	61	74	57	43	32	69	26	34	34	108	46	65	71	112	97	70	0	9	14	5	40	114	112	70	32	80	5	105	109	57	86	7	33	76	36	49	114	85	37	78	31	70	98	11	100	30	51	21	20	88	29	48	69	58	73	51	27	19	15	21	59	47	1	43	81	44	68	39	77	36	77	72	79	41	61	68	2	117	47	115	72	117	70	110	6	52	15	106	111	102	62	43	56	95	19	94	119	101	66	30	75	59	101	12	39	97	80	48	42	61	93	41	46	47	7	87	6	72	4	66	67	114	119	29	31	111	54	80	31	1	118	75	95	69	55	22	99	10	106	33	44	52	97	28	5	117	17	87	108	103	60	76	26	41	85	96	24	93	34	81	16	58	77	98	10	15	85	105	101	32	82	118	31	29	81	71	45	90	32	112	7	42	96	84	100	17	72	51	25	91	104	61	41	10	8	58	75	68	112	68	29	58	13	84	89	109	85	44	68	42	116	15	88	7	3	109	39	55	34	91	84	52	17	112	83	85	111	104	84	65	108	5	11	51	88	20	21	18	59	71	112	3	91	49	71	13	65	96	47	77	44	20	14	25	57	85	103	10	6	19	15	95	14	17	10	75	84	0	2	73	43	19	109	13	34	99	80	72	72	99	35	118	76	95	70	59	77	16	79	104	111	6	20	35	110	50	92	83	61	24	64	113	90	25	55	17	89	29	99	67	110	55	40	74	80	28	42	54	42	75	88	11	2	87	44	67	101	9	31	118	35	107	50	45	101	77	62	113	85	97	44	27	20	40	71	81	67	2	79	0	111	105	49	61	48	47	41	102	113	7	99	33	4	81	22	44	95	77	104	46	31	101	105	6	18	93	61	77	105	36	81	67	66	92	57	65	94	118	22	21	13	1	116	52	63	118	12	104	10	2	64	36	84	81	73	2	37	16	41	3	72	51	87	106	52	34	8	6	77	66	24	92	60	67	79	15	95	95	11	10	31	77	3	78	22	52	111	44	87	114	1	118	74	22	32	40	50	115	33	107	73	58	71	6	79	75	39	44	20	76	102	54	71	77	12	113	88	94	39	83	76	15	50	21	103	57	82	71	64	96	92	98	100	101	11	117	103	31	83	24	74	47	66	43	105	5	119	46	101	51	38	39	40	55	55	103	0	44	110	52	39	8	26	40	58	60	25	78	0	46	16	102	1	2	107	107	64	17	81	41	52	21	82	42	11	55	82	42	104	46	20	30	85	81	66	15	1	35	53	74	9	97	80	83	24	52	85	35	103	85	118	62	81	18	52	29	104	73	22	20	0	24	64	92	74	5	5	105	63	14	95	107	43	16	90	64	5	96	85	69	70	13	107	113	101	85	21	14	35	10	65	101	66	14	96	54	72	103	42	20	71	33	22	39	114	114	32	98	107	3	80	44	114	60	54	40	88	118	28	22	54	24	20	43	12	84	24	113	75	49	78	97	119	22	80	57	84	17	67	35	32	105	20	53	111	49	53	62	102	21	52	82	2	119	59	76	114	41	104	106	59	116	38	112	58	106	39	93	8	117	37	60	39	10	58	110	47	104	41	63	6	9	97	29	49	66	32	45	107	41	54	103	116	70	29	41	8	47	108	11	113	28	81	18	95	111	15	82	103	65	60	91	18	77	6	103	103	119	105	44	72	39	57	88	60	0	77	95	81	85	87	52	112	102	57	101	83	116	109	115	80	99	62	82	48	31	58	75	95	105	37	104	116	42	0	50	77	38	107	17	68	95	85	91	6	1	79	100	102	112	23	78	62	81	84	12	16	35	93	116	85	11	43	81	69	38	111	82	10	14	1	24	117	36	33	112	117	63	61	19	5	31	55	53	37	28	24	99	78	64	54	16	52	72	98	2	114	76	31	74	18	6	2	8	82	86	107	57	76	99	108	66	33	11	69	82	12	114	7	9	104	54	109	54	92	45	1	62	115	60	5	83	87	76	107	76	119	10	12	88	105	95	76	100	55	25	87	33	89	20	118	51	57	79	2	1	49	102	84	61	11	119	99	6	78	10	112	77	51	62	64	112	101	28	89	75	117	51	31	61	63	102	65	57	90	61	4	22	57	81	86	5	26	3	38	78	10	63	111	25	104	34	118	91	9	77	9	57	116	21	105	91	28	105	56	56	14	6	47	89	91	48	114	35	63	98	80	67	64	111	19	75	34	18	74	58	32	26	99	113	31	59	2	29	115	105	107	1	115	34	76	41	108	21	17	51	98	88	58	97	105	86	54	13	57	64	13	109	66	0	30	103	89	110	26	68	17	92	42	62	104	90	10	7	111	102	50	17	44	11	95	89	74	31	16	43	31	38	13	93	18	77	22	118	58	43	33	64	88	97	56	55	61	27	34	15	81	84	81	84	42	82	60	77	80	103	106	31	50	13	83	23	61	116	108	40	112	2	45	14	118	102	100	71	50	53	47	61	43	112	111	1	105	1	81	2	27	106	2	2	26	84	85	71	96	31	97	35	17	27	15	92	110	97	88	55	15	37	30	63	119	78	9	19	22	90	29	81	21	52	65	98	96	103	85	73	105	41	88	77	10	64	108	116	16	79	108	118	97	36	115	37	41	100	38	111	36	94	29	56	96	102	10	4	74	118	66	17	106	111	42	70	46	110	118	61	28	28	95	3	17	101	1	108	99	47	118	58	79	32	32	59	57	115	36	3	55	23	48	113	57	114	61	62	21	33	102	77	55	47	51	80	38	115	34	77	25	19	12	35	3	30	10	100	113	1	2	32	70	43	98	119	17	4	55	61	15	66	67	80	52	3	32	97	118	103	60	9	69	75	72	63	58	57	103	115	38	101	116	76	79	30	93	109	44	62	98	38	68	12	96	30	82	68	72	87	30	94	92	49	61	117	1	71	99	3	53	61	86	14	10	98	95	72	19	14	111	19	23	32	114	93	12	14	106	100	90	81	96	96	66	52	44	30	9	12	111	54	99	96	102	77	90	70	79	115	16	71	42	27	88	93	106	102	8	87	76	33	22	95	63	33	93	53	88	7	47	78	9	93	101	108	71	21	17	2	77	5	53	40	22	4	11	80	92	51	11	101	15	54	62	38	17	76	10	118	103	77	59	86	13	42	32	108	41	4	64	46	82	66	87	22	79	71	118	101	92	107	108	1	109	36	62	92	25	86	94	114	13	58	61	62	3	107	119	45	20	96	0	35	59	75	59	84	57	109	23	80	104	73	107	42	9	33	49	52	66	11	77	72	8	62	71	22	71	38	102	117	72	107	113	34	12	74	24	59	9	25	67	18	41	13	9	111	30	71	45	19	48	73	111	14	71	76	50	37	2	21	91	28	69	118	103	1	62	66	33	90	41	4	28	36	4	88	11	63	108	99	48	106	56	100	89	77	76	4	64	40	6	80	31	19	84	84	33	76	86	12	21	20	68	113	9	109	2	7	110	108	87	58	96	60	12	75	117	27	112	57	38	114	17	40	43	37	16	91	31	41	1	85	68	95	22	45	43	44	72	119	116	69	75	114	41	108	65	22	42	9	60	56	29	74	63	116	99	20	119	24	108	30	70	105	104	58	3	48	76	10	40	15	27	119	76	106	20	109	86	106	77	98	7	88	38	66	53	91	90	48	17	10	28	3	98	9	2	15	12	62	73	101	63	46	29	65	106	116	84	19	37	47	96	1	29	57	107	5	18	92	86	85	28	66	79	43	64	1	2	30	36	39	65	27	43	23	15	78	106	71	13	40	20	119	1	15	39	13	53	25	117	95	4	21	119	51	19	38	14	104	100	22	107	91	69	0	36	64	72	9	27	84	88	66	88	6	22	11	30	88	47	61	81	9	81	46	92	26	96	11	72	109	37	99	100	76	26	73	52	71	15	24	23	80	46	5	83	110	84	12	107	108	71	70	36	31	0	87	2	92	113	68	13	110	39	87	69	21	31	12	113	4	2	18	6	15	102	111	116	83	19	44	28	44	77	94	2	14	105	39	57	100	13	100	69	18	67	45	69	42	19	68	42	66	45	89	53	83	112	46	73	65	56	18	14	60	13	77	31	9	66	82	97	28	15	100	64	28	34	37	116	89	102	58	118	41	62	24	57	25	7	108	66	90	13	115	6	111	81	117	38	15	43	76	68	114	20	84	23	78	74	103	118	72	8	41	61	81	29	40	27	53	47	1	5	7	66	20	85	84	108	67	40	102	80	21	26	69	81	62	115	75	81	54	40	9	88	55	27	38	45	60	87	32	113	31	70	4	14	68	114	17	12	5	50	50	62	39	54	63	4	41	91	62	48	18	65	15	96	37	12	72	29	53	113	79	13	5	85	119	82	106	65	20	64	39	97	116	47	114	74	34	3	96	42	62	115	5	47	15	60	16	86	56	4	7	33	110	28	119	86	41	57	44	85	52	74	104	50	91	10	15	83	30	101	116	21	66	119	99	70	88	107	116	96	93	92	118	5	68	17	10	14	62	108	48	72	61	89	38	117	32	58	55	2	15	7	54	17	22	45	96	51	101	82	104	86	54	42	81	81	21	66	58	100	86	7	67	73	25	53	96	14	76	22	97	17	97	96	46	95	119	38	33	68	11	119	56	53	108	116	70	12	113	16	58	79	112	110	83	10	28	69	110	4	88	65	95	89	33	30	80	22	119	26	12	77	69	89	4	24	21	25	114	36	29	9	30	13	56	56	73	59	91	73	82	25	90	94	35	49	24	75	110	37	48	87	10	109	109	54	49	3	44	82	28	14	99	67	114	92	57	98	66	77	2	39	113	67	99	5	48	32	11	49	101	110	116	35	41	115	95	104	36	24	17	119	105	65	17	6	75	81	11	78	49	117	0	6	35	28	38	87	28	27	2	95	65	79	40	66	7	61	45	111	83	52	87	67	112	28	30	85	52	84	86	47	19	5	2	4	110	52	83	84	65	100	14	72	33	60	78	90	42	62	40	33	18	42	35	31	38	13	61	97	81	2	28	49	84	112	43	75	114	103	45	29	92	11	103	35	101	15	97	77	91	46	55	97	33	3	58	11	91	75	46	119	7	70	95	1	50	63	98	12	75	53	29	21	69	52	51	61	68	17	54	1	59	97	67	66	96	31	89	110	38	33	114	77	75	3	118	119	31	56	63	30	94	97	1	115	68	1	83	88	100	96	9	76	33	111	54	92	49	50	17	78	48	4	1	62	82	95	6	112	2	106	33	101	76	20	87	116	20	107	88	36	97	51	37	65	33	37	18	11	2	53	58	10	6	52	96	17	7	115	36	91	36	75	89	31	90	40	98	114	110	46	43	17	9	70	92	77	57	119	61	98	98	4	62	75	107	46	116	29	70	46	38	13	115	12	111	63	49	87	45	51	114	26	21	93	118	40	98	40	80	28	15	71	59	95	110	103	51	110	54	101	102	44	88	11	44	95	75	27	86	26	75	42	107	42	40	0	87	52	59	100	61	69	9	17	104	40	61	48	7	27	98	6	110	28	33	58	4	72	92	53	113	53	42	5	7	98	46	80	57	55	31	89	3	20	71	58	33	69	65	37	50	20	47	47	5	2	66	43	38	5	46	119	2	75	80	96	78	2	67	58	27	17	59	63	12	45	93	82	48	70	70	71	106	47	25	56	86	13	78	84	102	107	56	44	10	91	97	67	78	33	71	10	11	69	89	14	4	34	106	13	1	39	51	45	96	45	36	66	105	103	18	35	66	101	48	78	43	61	14	94	81	41	56	84	77	81	108	81	9	91	107	37	102	77	17	80	74	33	13	24	70	114	103	25	115	52	99	20	112	84	101	50	28	116	58	20	12	72	1	7	98	115	101	38	59	20	59	3	25	114	108	26	110	14	11	1	76	59	89	88	98	99	86	39	33	116	12	37	117	60	119	54	90	75	97	35	51	0	50	43	22	1	101	27	105	106	103	70	19	101	80	115	29	12	110	19	30	18	69	9	40	15	79	29	83	106	65	31	52	106	46	8	98	77	104	75	99	62	114	104	7	32	98	108	117	46	3	3	67	90	112	0	32	46	101	17	99	80	91	71	39	93	88	19	105	56	0	57	52	80	89	1	33	10	51	67	89	42	98	117	94	48	100	50	85	56	13	96	102	62	111	86	39	86	103	25	90	99	78	0	85	81	10	35	65	80	118	0	66	119	88	24	29	9	62	91	98	57	40	25	37	21	77	82	57	83	38	44	10	53	43	36	103	65	35	51	55	100	68	84	109	0	72	67	113	48	103	90	46	108	10	67	54	54	81	62	102	9	84	41	88	85	83	116	32	90	28	6	0	62	9	69	49	41	70	1	0	8	59	77	64	94	65	46	104	20	58	63	67	63	77	83	66	74	60	24	53	19	89	48	88	5	58	16	105	112	26	29	20	39	20	8	68	112	96	112	5	84	75	113	65	30	32	74	113	72	94	94	35	32	113	49	10	69	97	14	44	41	40	16	91	40	73	100	92	98	82	26	33	61	12	22	35	54	109	87	47	96	66	4	66	33	16	9	45	42	21	103	56	103	64	60	3	63	64	115	28	3	104	31	81	92	1	111	42	13	13	64	11	81	8	106	116	86	73	61	40	106	21	60	39	31	49	29	76	16	98	7	107	60	24	85	58	92	76	10	73	63	24	9	59	98	119	11	44	77	113	56	61	15	19	108	41	51	111	90	73	21	56	79	92	30	26	96	13	23	55	70	20	51	28	70	104	75	116	1	26	58	117	108	109	41	57	1	62	4	39	99	56	48	88	78	19	104	2	34	51	20	33	98	29	40	31	72	96	22	53	57	82	98	38	61	4	104	84	36	40	29	48	109	118	1	19	23	86	94	67	39	40	15	61	90	55	63	9	116	104	24	16	97	3	27	69	12	103	110	38	10	118	22	29	50	106	94	6	5	87	89	56	117	56	26	23	75	68	75	92	16	36	111	70	27	90	36	14	52	19	45	8	81	5	14	83	9	84	66	25	12	37	28	11	31	69	40	95	53	33	39	7	4	72	10	92	79	84	39	44	106	112	49	14	11	50	30	25	58	43	8	54	58	117	46	99	97	113	105	67	31	5	71	26	70	49	51	71	28	55	60	103	29	67	60	53	69	71	118	98	8	7	45	37	115	19	81	98	73	40	113	29	16	5	71	40	61	65	40	41	107	85	100	50	109	21	14	23	42	20	1	100	87	109	112	60	50	67	18	15	52	17	83	5	98	50	19	20	7	26	45	58	90	55	96	41	58	78	7	10	70	73	44	66	48	68	49	32	47	26	17	47	82	99	31	79	69	102	21	44	45	26	43	71	79	25	68	54	107	70	75	12	104	108	0	17	26	34	9	17	3	100	1	8	33	29	20	70	119	43	103	31	81	58	113	17	98	49	119	43	72	104	18	25	16	115	87	55	55	63	48	46	104	2	89	105	29	78	83	79	81	61	48	27	36	59	11	45	15	114	62	34	0	56	101	84	59	109	94	15	27	27	57	41	14	18	52	92	76	55	110	116	89	14	26	85	37	96	64	53	40	36	108	101	81	113	59	94	75	32	7	100	23	94	119	92	70	89	64	2	108	55	116	85	109	91	103	40	39	84	118	53	89	106	23	29	0	58	29	75	53	52	63	37	5	92	111	98	24	51	100	24	74	67	114	84	113	32	77	13	10	44	26	42	105	80	50	73	49	30	14	63	84	46	53	94	63	37	13	79	50	2	22	97	90	35	7	13	47	70	60	53	110	60	77	92	33	28	42	22	43	95	69	97	89	74	98	11	61	51	54	18	53	18	97	77	37	14	1	48	98	14	24	1	5	100	80	41	107	81	63	20	118	103	6	41	4	83	64	106	54	100	44	115	26	14	71	18	19	119	31	41	96	85	63	29	99	103	97	102	68	82	48	37	110	21	89	32	27	105	30	45	76	51	33	69	95	49	58	13	89	50	40	110	102	74	22	32	44	51	106	105	116	14	84	51	105	11	12	50	60	104	40	43	64	28	27	67	43	20	29	46	21	73	118	18	107	72	36	96	3	18	6	9	14	98	28	78	88	17	87	57	55	17	13	85	88	119	18	3	24	28	70	110	113	15	110	63	39	81	2	86	60	32	104	30	32	110	4	2	56	51	50	29	118	73	80	48	16	58	77	26	98	11	84	86	56	51	73	93	51	114	80	15	95	76	51	112	40	35	76	103	29	13	79	57	54	79	7	95	76	19	46	22	97	39	99	72	8	8	102	9	103	116	29	94	83	69	71	6	68	70	84	99	67	44	43	68	68	2	106	89	88	89	27	118	88	42	113	36	29	30	89	110	26	112	46	73	107	88	115	4	35	49	51	113	36	26	111	18	116	9	70	68	87	23	93	34	75	119	99	38	17	41	85	73	12	4	10	51	64	25	70	6	27	13	18	58	59	31	7	50	39	25	117	15	31	42	70	41	3	10	89	36	103	48	50	38	72	75	42	17	108	8	80	115	113	14	3	5	76	98	119	51	27	0	52	86	24	31	114	23	88	75	83	10	110	79	90	103	93	20	107	3	108	47	91	28	41	29	30	46	86	61	67	54	50	32	10	117	8	116	53	103	118	41	114	103	15	13	42	102	90	42	5	78	76	4	56	56	71	39	65	90	51	56	3	105	117	76	41	82	83	98	112	33	76	24	14	103	56	10	2	4	108	79	70	110	23	117	54	2	31	72	85	68	73	101	82	33	27	42	72	85	22	44	67	26	98	2	112	24	51	89	61	72	112	72	64	82	101	118	66	99	72	65	66	113	65	95	45	35	57	59	46	66	42	31	59	34	41	23	50	73	26	5	73	96	63	48	112	66	115	4	5	7	24	28	10	39	59	53	24	73	36	75	76	73	29	25	46	80	14	102	48	31	115	18	56	52	117	31	8	58	89	61	107	42	67	77	51	46	80	55	108	58	1	65	53	85	2	48	96	49	110	82	81	63	116	12	100	84	87	74	113	112	61	5	109	90	106	53	83	70	105	11	98	118	65	30	43	91	87	110	82	45	52	67	70	37	91	117	30	18	11	20	41	101	90	71	70	36	105	117	85	74	57	32	50	28	97	67	77	86	116	60	113	38	0	111	38	68	26	85	22	96	57	29	63	17	18	87	78	22	58	7	10	109	91	81	92	34	24	17	56	28	91	54	114	15	28	82	65	99	56	98	0	84	23	21	52	62	64	114	105	79	6	57	44	53	18	117	6	23	38	28	28	67	27	48	6	9	36	22	91	15	19	81	44	61	107	90	65	119	55	78	118	110	26	40	20	6	62	71	29	27	94	88	118	43	100	76	112	94	114	65	1	22	4	114	26	58	82	44	61	97	24	44	41	84	44	89	68	71	5	16	99	34	70	5	1	16	84	3	10	100	104	84	94	22	117	30	112	27	76	102	25	0	74	88	71	97	7	23	10	18	72	25	38	41	74	41	4	15	11	6	65	33	84	113	24	25	98	66	6	9	1	23	44	95	45	25	45	116	106	25	94	100	29	9	108	82	109	7	52	104	81	28	92	62	75	75	14	91	106	106	99	98	7	46	107	40	22	96	14	93	100	41	44	1	65	13	113	48	105	27	42	91	78	32	15	39	69	80	14	72	32	105	4	103	41	56	41	70	104	69	119	102	71	44	40	86	103	78	20	117	31	24	103	74	55	9	5	22	51	50	41	100	112	104	56	63	83	116	70	119	17	96	22	6	69	23	81	79	99	86	60	17	35	87	106	99	80	13	97	6	50	31	14	111	110	72	22	101	119	42	100	42	66	17	73	1	24	62	10	4	115	65	13	116	118	26	68	79	108	96	28	91	45	105	23	7	64	12	32	64	86	108	43	94	39	38	23	13	13	2	4	89	109	6	4	40	12	31	63	55	87	50	81	110	31	102	47	109	96	105	0	31	0	58	81	13	18	14	105	80	80	44	43	3	101	31	12	4	16	113	49	49	13	89	96	24	41	103	109	79	114	95	4	112	114	97	61	53	22	108	80	115	27	96	54	109	114	21	101	82	6	105	50	114	77	92	10	21	92	79	41	51	46	65	18	34	16	94	38	47	51	52	103	69	77	106	25	77	107	52	5	26	100	95	75	20	70	55	21	30	82	61	29	8	103	71	1	64	101	47	40	14	83	112	70	60	24	35	112	102	44	48	76	74	102	68	73	62	74	28	76	118	37	16	24	11	97	65	36	10	100	103	96	21	74	52	93	6	45	98	111	47	67	72	100	20	45	116	63	116	19	73	62	50	70	5	75	81	33	85	5	119	19	17	29	13	36	102	69	23	92	85	66	17	40	87	53	107	47	105	104	69	41	20	48	4	119	36	112	78	15	119	20	15	22	31	24	103	65	26	64	108	17	22	39	1	98	117	50	46	87	96	98	77	96	62	71	81	97	117	23	31	4	82	24	77	99	18	75	89	17	10	92	15	25	29	104	44	26	78	64	28	95	74	84	37	104	65	80	119	32	83	57	108	6	72	66	91	22	109	103	85	70	113	106	10	43	81	100	112	69	32	107	39	65	
31	34	110	25	20	11	119	41	113	97	3	98	48	35	37	101	40	52	30	90	75	84	30	58	50	116	15	48	30	93	8	83	112	40	101	37	25	103	109	23	34	74	41	33	28	90	43	85	40	112	19	12	79	22	115	38	90	99	43	109	41	10	60	18	103	91	112	118	12	71	104	49	72	48	36	61	118	6	29	67	77	82	77	11	16	101	76	23	30	64	92	56	10	60	93	14	35	27	9	44	11	109	96	24	51	115	92	94	4	102	93	53	96	32	76	111	70	49	35	21	48	98	10	119	95	111	44	113	36	18	111	109	28	52	15	90	101	105	2	85	3	118	28	34	91	89	3	119	82	94	35	10	85	35	115	14	98	60	102	65	52	54	1	24	26	55	66	40	72	99	30	94	75	48	2	94	16	50	98	103	101	86	107	100	85	106	108	4	79	34	0	82	30	36	100	60	1	51	119	47	68	39	92	112	92	10	72	28	70	20	113	55	96	87	84	40	37	66	102	106	4	41	19	3	65	82	89	49	65	57	84	63	61	52	93	83	73	11	87	53	70	57	28	80	53	89	27	53	41	66	30	115	72	62	79	85	94	102	69	75	2	99	27	15	109	101	113	33	73	55	31	98	47	56	0	83	15	50	84	54	107	14	36	27	12	37	81	4	18	55	44	73	22	7	119	3	74	84	49	115	95	8	68	19	85	44	98	107	38	8	10	85	83	55	87	33	4	32	9	48	98	37	25	51	8	23	23	20	28	87	30	19	66	102	94	73	1	100	88	72	66	68	38	48	7	45	55	43	97	25	109	1	32	16	18	43	30	117	93	2	35	80	49	0	65	57	117	53	113	90	84	10	35	76	54	105	81	72	68	98	11	110	15	22	115	97	24	87	33	24	88	77	31	45	112	106	22	81	1	5	102	101	101	81	17	1	67	39	111	112	118	102	34	17	93	25	67	118	43	89	66	80	24	61	88	71	92	112	8	38	2	67	48	100	10	61	68	51	69	9	51	20	100	95	110	80	105	33	47	56	75	87	87	5	4	82	14	119	6	68	78	16	0	37	8	57	53	110	12	91	60	41	75	118	0	102	63	21	49	94	17	119	16	107	25	22	46	68	1	51	92	109	50	95	107	60	36	75	116	12	25	79	57	53	1	29	81	33	78	62	54	96	32	51	82	59	73	93	21	52	105	85	95	34	115	27	99	57	77	1	81	55	58	112	50	71	27	53	18	93	117	76	34	6	59	24	7	27	4	101	16	24	55	1	104	82	6	90	63	52	15	84	39	61	70	118	116	10	22	40	37	43	31	11	92	91	114	9	73	66	24	99	15	64	10	73	69	48	82	68	60	105	56	110	95	102	13	23	69	30	10	113	95	60	17	95	22	64	3	66	73	69	104	67	60	107	80	79	62	86	8	18	66	11	110	10	95	119	118	115	104	71	29	76	99	0	17	63	69	112	62	52	59	42	90	30	33	109	9	50	30	85	49	79	29	119	109	72	5	80	53	42	17	117	51	12	31	116	54	105	20	64	83	118	5	48	93	97	23	48	28	47	103	77	26	108	58	44	14	63	84	66	13	90	100	37	106	53	45	104	28	11	85	2	80	65	97	63	10	78	102	36	23	117	97	54	61	27	103	18	72	6	50	63	47	14	61	59	32	67	22	52	26	74	0	43	86	112	81	79	72	97	22	59	115	73	67	14	45	118	76	39	105	74	109	102	110	60	53	89	26	103	100	95	69	37	115	44	64	79	94	80	70	60	62	44	20	23	31	40	107	91	42	67	88	65	91	85	49	23	94	21	89	26	102	18	43	114	5	105	25	86	80	59	93	81	85	107	107	4	76	62	22	94	21	88	91	64	21	111	90	107	27	49	80	32	53	62	79	93	3	29	25	38	15	61	12	57	1	81	73	63	105	20	104	31	32	69	105	61	43	1	104	54	99	88	103	96	23	67	67	17	13	115	37	69	21	82	17	25	33	108	60	4	97	53	38	12	25	4	10	50	109	13	113	117	5	65	25	27	3	74	10	112	75	69	104	22	105	15	94	30	29	83	22	118	64	67	89	117	113	115	43	6	32	0	10	0	2	76	46	25	60	61	90	41	3	97	64	14	83	74	98	93	71	50	112	95	20	118	80	68	76	87	89	62	34	49	58	43	14	69	69	56	82	9	38	10	5	42	99	95	59	19	74	11	1	69	98	83	114	1	107	97	61	50	117	103	40	1	2	9	10	106	31	54	84	65	58	62	92	27	105	24	110	47	107	99	94	23	71	42	103	45	11	38	47	77	16	31	108	30	32	16	83	63	13	76	52	17	33	119	50	74	60	5	30	48	68	20	40	24	21	58	8	12	10	68	116	7	2	69	85	115	107	95	105	65	101	109	63	6	30	108	115	100	77	101	31	43	93	86	86	33	117	30	88	69	27	113	86	27	40	7	36	28	39	40	17	93	62	79	23	95	98	1	84	8	87	102	11	22	26	116	62	39	48	22	64	58	115	46	54	110	68	48	34	41	44	10	113	67	13	33	24	36	27	105	80	79	7	13	100	68	51	57	82	10	88	15	60	51	66	38	102	107	97	25	109	116	21	1	46	33	35	9	52	81	21	0	4	107	92	84	110	103	101	31	29	40	104	100	89	29	111	78	20	59	7	12	34	119	78	89	54	52	22	79	37	64	105	41	83	5	42	58	106	29	3	26	90	101	31	58	93	38	29	11	3	32	119	47	110	48	91	67	111	60	117	78	98	38	17	116	116	22	74	92	102	77	64	70	69	34	115	62	25	88	102	9	12	13	117	77	10	3	110	116	66	46	83	32	5	45	16	70	40	12	49	67	119	78	24	57	102	87	59	104	78	56	15	50	101	102	108	76	48	25	92	44	21	73	78	25	85	47	21	11	86	37	35	114	76	98	26	75	52	50	89	8	69	63	91	67	75	68	25	78	119	37	13	41	83	110	119	61	61	113	51	61	80	115	51	63	46	6	6	118	5	51	15	118	77	27	44	52	86	70	4	10	111	53	16	33	26	50	74	41	62	36	43	12	93	46	51	99	23	106	62	90	16	0	101	93	25	95	99	3	56	110	49	8	91	91	57	50	59	17	1	78	4	9	107	47	86	86	55	110	107	42	103	64	114	54	85	9	76	16	43	16	84	85	95	48	116	47	59	46	117	110	32	39	14	69	91	21	15	10	103	35	12	27	109	72	62	13	71	52	102	99	46	79	39	42	83	32	40	96	4	79	6	118	64	36	51	109	66	17	18	69	91	86	20	11	85	67	26	110	116	8	101	28	34	111	70	79	66	78	99	73	15	20	53	17	7	113	17	30	49	117	31	79	86	51	72	70	19	109	98	29	64	74	98	97	46	17	32	93	60	109	24	116	100	106	104	67	22	13	2	78	112	0	86	76	33	63	64	28	22	1	47	82	25	53	76	110	54	58	102	28	15	14	113	79	68	79	109	93	80	47	32	7	6	102	93	54	103	19	56	68	81	116	72	4	15	100	62	58	91	72	62	114	21	27	30	1	97	78	26	57	18	29	71	20	54	29	95	41	59	109	18	105	87	87	66	84	32	26	33	57	76	30	32	25	34	46	47	112	12	19	65	25	66	1	70	85	100	43	75	30	98	91	7	59	11	51	68	74	77	25	93	90	63	30	22	83	96	27	96	48	44	57	15	96	112	73	22	71	69	104	14	7	31	60	57	58	1	113	40	77	99	46	80	108	73	72	64	9	95	87	19	77	113	29	82	58	48	118	76	52	94	48	98	43	99	106	82	105	39	114	2	29	56	101	8	56	56	63	51	60	14	117	30	80	100	39	17	42	70	7	103	22	25	54	71	76	52	70	41	0	56	99	41	69	67	105	112	97	6	107	4	4	27	33	11	114	40	52	35	106	102	78	36	101	68	86	73	65	81	69	86	87	35	62	61	13	105	71	17	74	21	61	7	38	55	102	112	51	115	14	10	117	18	50	49	21	28	74	86	35	7	78	40	39	39	1	95	52	117	101	103	85	22	66	45	109	58	57	91	33	40	87	54	25	61	51	35	58	63	27	81	11	7	86	67	78	58	80	103	112	85	80	84	14	35	38	94	34	72	74	118	2	104	71	98	18	10	0	100	113	2	79	74	3	9	94	3	58	40	65	56	29	77	107	111	47	52	40	33	36	8	85	12	104	36	70	3	116	10	44	3	41	110	24	85	21	79	95	119	83	64	39	103	55	93	57	59	114	23	39	76	65	116	59	77	59	6	106	12	8	7	46	50	67	86	50	46	115	9	37	11	79	53	38	84	79	50	18	29	52	46	85	111	64	57	49	50	84	105	80	43	99	75	55	40	17	101	37	85	20	73	113	31	71	112	68	27	21	50	52	106	26	50	113	8	87	78	119	101	2	112	100	118	19	8	1	83	15	40	44	11	83	58	90	42	37	7	109	91	97	106	30	107	62	25	71	90	14	105	13	93	96	40	18	45	42	60	5	95	28	52	7	25	46	103	90	71	40	116	95	104	31	20	98	28	113	48	15	14	57	0	75	89	103	31	106	53	104	18	117	80	10	108	22	101	67	0	64	21	30	61	112	110	64	21	69	96	43	21	113	113	79	27	1	44	104	3	38	86	49	98	69	0	7	16	29	38	11	14	62	92	90	101	8	47	62	68	68	66	83	108	61	34	24	21	82	21	31	62	8	115	101	81	14	33	62	46	53	96	96	25	83	6	42	85	73	93	2	33	115	105	57	111	20	0	99	110	109	115	65	36	75	13	69	80	116	56	64	46	18	99	95	81	78	4	11	7	54	101	48	17	41	109	50	100	92	96	39	93	76	84	84	9	6	109	109	109	50	104	109	37	100	57	44	26	39	47	92	107	36	106	94	89	12	105	114	86	16	69	45	71	108	113	12	109	100	53	52	15	98	51	43	4	100	65	107	66	59	30	64	100	53	22	48	34	74	53	57	104	83	29	13	98	44	11	12	6	90	97	41	84	35	50	82	96	14	91	86	9	1	96	91	21	30	94	111	116	72	34	60	16	87	109	26	94	114	35	38	111	115	64	70	96	42	93	115	5	74	3	21	2	12	109	84	75	90	5	26	77	10	56	118	75	87	14	119	69	61	81	61	48	62	91	26	34	104	46	31	19	62	103	34	60	50	20	106	29	65	1	4	104	5	28	66	101	53	20	100	83	98	37	106	57	54	55	111	43	46	33	31	86	80	69	7	21	61	83	37	18	0	18	102	72	70	105	91	79	46	110	93	24	101	68	25	3	57	104	81	39	14	82	2	3	115	91	114	34	61	8	100	114	103	113	94	80	57	110	77	22	86	64	89	62	74	24	73	47	27	5	90	18	67	0	78	40	2	96	105	114	70	42	99	36	62	34	66	20	84	66	31	76	107	110	1	4	67	50	0	3	3	81	86	75	94	46	69	114	118	2	118	73	21	40	36	88	112	35	28	84	69	2	77	41	25	32	59	67	32	3	50	74	31	32	41	22	85	102	34	80	69	96	98	40	26	100	41	8	86	58	68	50	18	6	74	103	86	81	102	16	57	72	3	80	74	26	58	112	68	51	20	91	76	6	81	90	54	22	17	0	30	6	114	41	40	4	68	85	119	48	8	25	30	19	46	61	24	16	0	75	39	32	47	67	4	64	21	118	102	85	1	111	82	57	26	54	83	117	88	37	68	57	57	36	22	15	63	1	34	14	67	25	66	86	103	64	105	12	88	14	22	3	82	26	50	34	42	99	4	99	103	95	43	44	29	79	119	62	21	119	69	83	64	44	66	30	102	77	46	70	96	18	32	109	67	13	35	86	112	103	52	8	90	2	42	45	32	57	92	75	60	5	116	82	46	43	0	86	47	28	16	92	64	26	55	74	93	112	21	76	115	20	80	94	104	108	15	65	5	13	26	68	82	86	47	15	108	115	106	92	51	96	36	41	62	15	102	4	47	52	106	75	71	2	79	13	25	116	60	25	103	117	68	53	22	87	56	39	39	10	23	103	93	69	55	35	6	70	59	79	20	73	16	21	102	63	114	21	95	29	48	39	22	79	24	86	112	105	55	109	55	54	113	79	35	31	44	41	18	75	21	23	65	86	0	43	54	12	57	35	103	113	56	75	17	84	40	12	79	69	50	30	25	103	41	83	57	15	114	63	90	73	26	74	109	86	46	22	60	118	102	68	0	53	109	102	104	18	5	37	78	91	37	41	83	67	29	45	26	90	112	38	87	93	4	14	70	57	67	29	110	49	58	84	106	20	19	117	0	72	118	73	23	30	42	2	4	41	100	41	62	113	119	9	99	37	41	36	62	4	101	2	20	2	106	56	78	43	30	20	65	100	69	19	113	107	103	74	29	117	16	58	73	47	64	78	42	66	14	99	113	3	84	69	60	64	107	10	78	68	61	107	101	106	105	23	96	52	44	8	44	51	101	35	19	85	2	69	8	83	9	91	105	56	46	46	26	112	96	56	70	56	83	13	56	76	51	112	40	55	41	11	33	1	0	19	56	96	13	117	68	64	60	74	55	114	109	92	26	62	53	113	83	63	35	40	56	103	86	11	7	22	114	40	58	48	93	3	73	12	100	41	52	40	90	14	68	22	86	70	111	117	11	59	17	113	30	53	14	96	55	1	49	83	89	109	88	42	58	33	19	22	21	87	44	103	42	74	73	100	117	31	100	95	65	56	80	12	68	78	4	62	23	95	72	71	8	78	119	34	101	46	24	38	15	48	68	101	105	108	102	56	52	60	108	118	96	83	63	71	80	23	58	37	34	92	77	36	104	48	74	78	99	42	2	22	4	16	20	92	19	72	94	61	3	47	61	102	117	25	57	2	52	36	64	9	1	38	77	21	104	70	109	74	71	70	52	105	7	80	104	74	82	59	46	73	87	26	116	114	63	112	91	63	108	109	107	74	49	98	43	68	107	44	16	25	82	43	54	48	51	63	105	51	59	57	41	89	26	51	4	37	48	70	79	49	6	12	117	108	51	91	24	97	48	8	10	91	49	88	9	56	90	15	29	108	81	97	114	48	55	108	77	86	14	114	112	80	105	116	2	62	24	49	51	92	44	3	111	5	110	28	52	46	59	111	23	15	107	67	68	17	65	106	58	99	58	14	58	20	42	107	110	65	13	103	107	16	108	15	60	3	82	22	52	68	81	34	37	103	77	2	103	78	23	77	46	34	36	0	58	86	107	32	65	54	55	37	95	107	80	81	52	4	97	11	102	45	30	103	1	55	16	55	24	56	17	83	27	21	7	91	6	22	85	108	62	11	5	69	23	8	16	85	26	66	84	82	73	76	27	116	81	41	41	105	73	72	78	114	44	35	113	99	109	22	48	91	89	85	48	69	86	69	73	101	45	34	75	79	37	106	99	79	15	45	60	106	33	77	95	38	95	116	87	118	111	21	31	62	27	55	55	108	106	75	20	12	91	57	26	44	114	39	72	8	8	4	29	36	112	21	6	26	81	108	54	74	71	65	48	47	72	114	117	21	10	107	38	52	72	12	77	41	103	12	72	6	112	97	37	77	66	56	97	119	11	2	29	74	99	72	101	52	105	90	109	117	54	58	12	10	112	3	42	100	6	93	102	52	104	6	82	86	119	52	102	67	45	15	9	80	27	23	15	10	57	22	8	29	87	41	34	3	99	1	4	22	87	85	21	65	39	115	30	12	2	96	52	105	94	95	42	68	6	82	53	41	76	40	110	27	101	87	5	100	37	6	115	38	50	89	119	77	71	102	87	10	44	85	38	109	58	95	3	111	30	55	111	30	75	74	96	81	99	73	42	100	78	116	109	6	37	25	106	2	44	118	105	30	100	23	34	8	15	80	68	61	116	118	28	6	63	86	59	73	71	57	25	46	86	47	109	79	77	52	54	88	39	72	66	110	79	61	92	34	34	43	32	70	110	9	31	61	34	73	80	12	7	39	95	7	69	21	14	47	75	65	102	119	1	63	30	19	40	37	77	94	106	22	4	86	14	100	95	91	13	91	113	24	15	43	51	42	26	114	74	27	29	115	18	10	4	38	46	20	102	14	65	114	63	12	4	56	17	69	42	6	27	108	31	67	42	66	32	2	30	15	37	114	85	45	94	96	24	14	67	94	108	7	21	48	112	7	86	38	65	25	118	116	80	3	17	78	68	91	70	26	64	16	108	37	12	32	33	46	53	93	0	54	97	109	96	43	51	55	36	95	81	119	18	43	28	4	113	74	22	1	44	81	9	57	85	38	4	67	84	78	86	19	41	50	74	3	64	40	24	15	10	86	37	32	102	78	5	41	33	76	101	27	25	70	107	14	0	2	105	62	68	36	97	102	52	37	108	77	102	10	85	91	86	88	61	87	58	41	56	68	37	40	28	13	100	36	26	82	70	35	57	15	105	97	4	72	50	64	36	69	119	118	10	16	72	76	1	77	10	30	29	35	40	64	76	30	11	101	88	3	113	97	14	17	6	114	10	31	25	59	112	67	61	50	44	39	18	35	78	2	13	111	13	79	100	92	119	12	68	98	42	48	85	32	32	113	46	63	26	34	62	14	44	63	47	62	27	8	67	35	76	115	53	22	61	0	87	0	29	51	20	82	20	78	80	29	49	115	83	49	15	34	5	14	117	106	31	69	109	103	96	38	2	6	11	93	110	46	0	119	95	30	28	56	111	54	82	21	100	38	80	111	102	1	112	99	97	62	70	82	73	27	53	73	84	76	85	60	1	73	77	45	1	10	19	93	35	11	14	41	117	100	26	32	39	0	33	5	101	25	85	58	101	71	97	9	118	115	48	30	114	3	59	112	45	10	22	19	110	58	70	87	46	14	109	87	56	73	77	67	97	11	78	107	86	60	33	115	105	6	41	118	13	25	116	41	98	20	2	37	75	69	10	8	44	68	28	78	5	27	57	16	38	91	68	111	56	100	108	4	13	38	80	84	95	78	79	29	74	38	49	16	37	114	105	39	9	118	71	92	78	42	33	97	23	45	92	76	66	56	13	12	24	79	102	22	72	67	86	113	86	49	27	8	7	116	15	116	76	24	22	2	48	70	102	77	44	69	73	71	119	8	103	42	44	6	97	72	95	90	63	100	60	62	54	105	91	43	1	14	77	89	56	22	108	10	47	56	21	0	60	96	4	115	102	39	106	32	49	107	97	84	27	64	114	28	75	44	69	11	11	32	50	82	69	101	39	55	76	119	66	15	6	27	28	38	36	3	15	68	45	34	88	25	114	68	46	76	104	45	33	64	36	110	106	6	12	5	89	61	87	79	112	114	102	44	61	76	93	109	0	99	20	118	90	38	2	112	55	53	19	45	21	57	71	94	102	19	14	85	44	75	27	28	2	32	21	26	3	41	116	36	65	32	88	113	93	35	24	25	27	33	15	47	106	52	35	113	48	117	24	107	96	93	102	36	76	23	64	67	59	40	6	64	45	58	64	15	27	42	92	54	103	17	6	80	31	4	63	67	49	67	91	30	46	56	22	85	113	119	77	67	20	98	49	87	86	62	53	40	14	114	114	55	102	112	39	94	28	33	81	63	27	79	14	38	79	4	63	97	47	22	97	24	9	7	76	97	87	104	47	39	35	79	18	70	45	117	65	11	22	57	17	69	80	34	41	52	80	100	67	4	118	21	119	91	70	111	75	89	18	71	50	62	60	46	2	74	2	89	35	44	79	50	43	99	77	93	19	112	64	60	66	112	21	16	16	117	11	59	74	20	19	78	115	92	9	99	51	119	114	92	15	33	66	4	37	82	12	38	15	93	64	18	20	37	14	56	65	35	107	27	84	76	94	21	94	24	17	35	65	38	117	94	115	34	44	100	49	53	114	26	51	58	42	56	25	76	11	36	88	91	78	18	110	2	9	17	92	41	21	31	59	36	116	79	78	13	28	118	89	0	89	81	115	100	58	53	80	46	113	71	46	58	20	5	30	57	53	106	45	34	88	117	19	91	52	91	77	47	28	37	38	87	96	8	40	108	6	51	41	50	38	72	46	54	100	45	93	28	60	42	9	116	60	14	65	102	89	31	0	95	6	43	62	66	17	74	98	18	79	63	106	87	65	10	87	107	15	112	47	5	56	56	31	19	5	68	76	71	95	29	115	79	20	62	108	40	64	48	106	8	17	67	49	45	12	114	83	113	25	38	115	89	40	104	34	40	113	64	112	105	103	21	110	118	103	29	79	13	58	84	65	47	41	67	55	90	72	32	35	69	23	29	11	38	47	86	52	66	9	4	113	109	95	81	22	68	55	105	117	112	57	98	103	111	17	41	50	16	34	112	23	37	65	89	24	12	106	102	96	27	96	119	82	84	29	95	28	100	35	104	8	112	104	39	39	90	52	119	92	113	17	24	61	50	80	60	45	85	25	63	63	11	18	59	87	25	33	97	63	5	50	46	4	43	110	11	20	21	112	96	61	81	17	12	33	72	36	7	115	61	79	59	0	58	26	23	49	53	92	35	31	117	119	79	37	73	59	14	67	30	104	68	99	35	72	91	100	48	60	55	75	41	51	117	19	68	48	77	80	74	113	98	59	83	84	14	61	80	101	114	14	73	53	23	22	21	86	65	70	119	74	14	2	44	43	87	103	39	61	97	89	39	80	46	84	96	103	43	31	68	114	68	54	82	13	94	71	100	106	33	36	60	82	2	32	1	33	101	63	58	3	17	31	23	9	116	60	26	89	68	85	94	58	113	10	3	66	16	116	12	18	54	2	2	26	88	44	36	19	2	64	96	51	89	58	97	35	101	42	29	91	92	71	35	48	77	62	16	34	41	106	95	70	3	45	103	21	104	96	79	108	25	85	0	73	112	118	2	53	2	0	72	2	52	77	71	52	11	2	115	19	39	57	8	9	59	35	90	119	3	33	114	93	47	46	36	110	0	49	112	23	71	117	19	66	70	113	93	90	38	95	76	17	71	35	46	101	57	105	111	17	89	95	52	97	104	37	14	64	1	25	6	88	114	11	84	34	70	67	63	2	46	85	57	97	50	5	89	19	84	36	22	3	44	115	15	79	50	30	8	16	90	47	66	36	3	61	38	53	110	63	100	119	90	74	61	103	59	112	39	112	47	100	1	40	53	9	6	10	111	30	12	119	108	18	73	20	42	101	44	22	103	105	68	52	55	84	36	61	4	22	76	11	113	101	44	46	93	41	106	5	26	5	28	97	72	15	86	35	61	88	6	32	38	4	24	98	58	90	5	76	13	104	77	69	66	29	36	99	60	99	22	39	19	93	62	62	16	27	90	39	32	93	67	113	99	3	8	91	98	4	54	16	31	44	41	25	57	64	111	107	49	89	10	80	119	73	85	105	102	12	16	83	65	117	6	3	9	65	64	103	82	46	82	8	32	22	92	67	16	53	9	85	35	83	61	14	52	5	11	82	53	102	101	14	24	85	99	75	37	37	38	5	86	0	93	3	35	106	65	104	23	27	72	111	64	91	86	73	24	50	6	4	9	115	110	22	110	49	103	11	111	61	108	16	31	75	24	99	85	59	59	36	76	1	26	13	87	2	40	48	49	41	8	89	61	57	45	24	21	13	14	28	30	115	13	38	32	97	6	116	48	73	109	50	115	26	82	0	68	3	50	80	15	5	37	69	68	6	61	25	115	8	77	35	7	19	15	42	42	8	23	46	12	100	17	84	45	59	31	103	76	97	70	35	21	33	115	84	53	115	84	5	103	103	88	35	49	18	57	52	48	48	104	1	47	54	44	74	89	101	61	80	78	114	28	56	56	4	85	44	100	1	30	102	100	70	119	11	59	58	78	111	51	116	50	75	30	59	77	99	69	111	106	84	104	105	55	14	47	38	28	95	105	54	106	20	22	101	110	31	12	54	20	32	96	88	13	111	26	6	87	26	106	75	38	20	104	67	7	118	98	116	11	93	14	64	98	53	45	17	69	79	70	64	60	55	10	99	5	7	38	36	37	0	72	100	68	45	78	108	115	44	12	87	6	52	65	104	76	6	91	82	91	110	31	118	86	7	28	114	74	59	56	21	59	30	37	70	87	10	20	101	61	107	18	115	114	58	108	44	2	27	30	4	71	76	44	91	32	46	51	103	15	67	6	21	27	41	45	4	71	83	65	35	88	95	84	82	66	11	85	34	54	88	58	30	50	65	3	65	84	47	111	106	37	105	45	42	10	25	77	112	67	116	46	102	46	3	19	68	71	91	21	47	113	10	7	37	26	78	8	100	56	15	100	38	64	50	114	100	4	26	96	81	66	112	18	43	74	56	18	45	90	68	36	14	92	13	9	43	84	2	3	12	15	66	82	11	96	3	99	38	87	94	74	82	93	55	86	63	32	86	96	51	3	88	99	87	76	65	59	14	16	2	28	85	106	88	108	2	27	33	24	103	57	111	64	84	113	73	43	24	86	77	2	28	69	2	79	61	69	84	82	7	32	26	6	106	13	73	62	117	97	78	30	31	46	25	102	27	15	113	22	56	107	82	61	57	73	23	26	26	105	85	85	38	115	109	4	76	35	67	99	114	103	66	58	100	20	40	70	102	106	96	81	56	29	90	85	88	109	70	92	30	96	86	75	24	95	34	96	61	67	30	118	41	96	11	74	117	47	111	65	56	64	41	68	2	41	57	17	6	61	108	60	99	103	4	72	4	110	29	84	59	106	15	114	47	9	42	19	14	93	112	61	57	26	68	54	34	18	19	2	39	17	9	108	41	42	0	98	75	39	105	63	89	92	43	82	50	48	7	40	106	115	55	73	102	119	19	48	53	29	79	110	85	30	13	19	98	62	52	86	39	51	117	108	2	33	76	24	19	21	31	118	47	115	15	89	77	20	65	98	87	4	35	6	22	67	54	69	7	112	55	1	0	41	28	84	94	105	10	2	87	101	6	89	8	69	96	116	11	79	3	9	38	46	115	88	99	68	73	11	58	115	30	93	70	36	71	2	39	119	31	119	79	90	32	17	80	97	117	7	75	49	59	89	2	63	16	90	10	108	11	13	41	35	56	36	67	72	2	43	9	88	101	12	37	82	13	15	84	101	32	109	56	88	23	23	63	60	34	16	60	63	33	74	26	103	64	57	28	8	54	21	28	83	60	61	22	42	25	28	94	118	85	35	22	30	74	111	99	50	58	65	73	40	45	52	61	38	66	114	29	86	44	70	27	99	37	91	92	1	32	0	101	109	86	78	38	50	11	55	40	84	43	102	51	42	10	4	95	54	111	14	17	77	65	105	110	52	2	109	38	0	43	22	23	31	42	109	32	16	10	50	37	10	58	54	113	118	107	0	51	99	110	11	66	84	105	7	103	97	25	61	111	116	107	58	6	32	27	115	38	101	100	15	111	55	36	17	22	82	110	76	93	48	90	11	23	91	81	118	97	103	5	117	22	61	48	91	17	35	18	105	42	74	56	110	67	30	78	13	67	26	63	91	60	31	88	16	104	101	20	117	75	83	51	90	95	13	64	38	9	45	110	80	60	51	42	14	34	18	17	46	106	65	59	90	80	118	44	50	72	48	48	79	98	64	97	83	27	109	108	35	65	114	52	105	8	42	24	6	36	14	98	32	7	86	1	51	82	33	42	58	13	88	72	72	0	73	100	21	93	93	26	17	72	117	6	95	45	85	73	63	109	85	3	104	74	67	97	70	9	109	14	51	3	63	90	116	24	1	27	119	107	5	21	85	47	44	60	28	90	50	22	28	81	18	24	108	4	69	100	64	26	17	103	45	117	105	99	100	27	48	80	75	15	46	10	75	89	118	104	33	63	16	14	119	99	45	13	0	69	72	40	95	116	51	89	106	65	70	72	77	39	13	7	36	68	30	98	32	118	77	13	28	1	37	106	6	14	73	49	114	119	68	98	10	5	100	83	91	13	26	10	48	31	51	9	71	35	88	73	27	95	52	109	9	98	90	65	91	79	80	42	65	61	59	82	27	14	62	105	52	3	8	14	46	98	57	10	12	62	43	109	76	98	50	12	24	91	117	63	66	60	0	0	75	76	111	112	6	9	90	1	49	7	68	7	43	85	92	98	86	13	60	101	113	16	84	97	1	65	42	109	82	119	43	100	109	104	21	28	114	20	30	14	57	26	80	88	29	13	26	74	14	116	15	44	20	94	32	103	17	36	18	36	116	71	92	99	65	80	22	85	17	58	17	26	30	105	92	100	100	80	92	67	60	42	3	97	21	3	99	103	85	33	80	25	58	12	70	95	102	0	104	17	94	52	115	31	32	97	61	108	77	58	109	76	56	6	79	92	36	38	94	31	7	11	104	3	52	20	20	73	82	68	78	86	33	66	31	4	45	70	47	92	36	77	52	72	24	105	23	46	11	107	74	2	103	112	57	46	7	114	4	104	112	96	2	43	26	86	85	7	25	23	101	119	39	61	85	92	119	54	43	31	10	40	9	75	64	106	33	33	59	43	75	63	66	101	58	38	80	97	73	117	69	59	17	111	111	35	90	33	96	111	72	30	6	35	42	97	28	114	40	56	33	86	20	102	77	22	30	104	72	64	54	42	79	62	38	112	5	76	
2	12	4	9	17	20	1	16	5	16	2	18	3	13	7	8	12	9	5	15	13	12	18	19	7	10	6	9	7	18	18	4	9	8	4	7	20	18	4	12	7	11	4	15	20	10	16	6	20	14	6	17	12	18	2	15	5	14	9	11	20	11	8	6	18	14	1	14	16	1	9	8	6	11	12	4	6	11	11	1	2	4	15	17	17	13	6	16	9	10	9	1	15	1	20	1	12	5	20	19	4	12	2	17	2	4	8	3	9	1	7	12	20	20	10	6	2	10	8	14	13	16	6	12	6	11	11	20	13	10	16	20	12	15	7	19	5	4	7	14	9	18	13	7	19	9	16	9	2	19	20	10	19	12	1	12	9	10	5	18	19	5	5	15	10	20	18	7	1	17	17	11	7	19	11	8	17	11	16	7	2	6	6	5	13	20	6	15	7	2	5	2	15	2	4	15	20	9	11	12	6	11	20	4	3	10	5	14	7	11	13	9	3	10	17	12	1	4	12	15	13	15	1	14	8	4	11	20	16	19	13	1	9	3	12	16	6	11	10	12	20	14	12	18	2	10	4	6	11	18	6	2	14	9	16	19	19	15	19	14	14	14	19	3	10	17	17	4	11	3	19	14	5	8	2	10	7	6	2	4	1	13	13	15	15	14	19	18	12	18	1	10	12	6	17	14	20	12	12	5	12	12	2	13	3	4	1	3	17	15	13	20	11	16	4	20	2	19	2	5	11	2	17	20	10	8	17	6	2	4	16	3	15	18	14	17	6	20	17	9	12	14	17	12	6	17	16	15	5	6	2	6	14	2	17	15	2	11	10	3	2	1	17	6	3	5	15	11	18	1	10	1	8	17	14	14	10	18	1	6	9	5	4	20	10	8	7	15	2	3	3	1	11	7	2	10	20	2	5	5	15	15	20	9	1	13	8	4	15	20	7	7	11	18	2	18	4	15	17	11	4	12	6	15	4	2	5	3	10	11	12	8	9	6	15	14	11	11	3	15	17	16	3	8	13	8	5	14	6	6	9	17	3	2	17	7	15	10	1	17	4	13	3	4	4	15	3	20	14	1	8	20	9	4	7	11	8	2	6	6	2	3	17	12	10	8	6	16	19	7	9	16	12	12	20	13	16	12	4	16	14	12	17	17	5	10	8	18	8	18	19	20	14	9	3	20	11	12	12	6	7	9	11	8	13	4	2	7	17	18	18	4	3	13	3	11	18	20	5	13	1	18	17	10	17	8	15	14	20	8	5	9	15	9	3	10	19	15	5	12	10	18	2	18	4	16	6	9	14	13	11	6	5	7	13	5	2	18	3	5	14	19	11	1	3	4	9	12	5	9	7	5	12	16	2	10	19	13	6	16	2	13	1	20	7	2	10	12	15	19	7	8	14	20	20	4	20	8	16	15	15	10	6	17	12	4	10	7	3	11	16	11	18	20	11	17	13	12	19	14	6	7	13	20	17	15	6	11	16	5	8	12	20	6	10	9	17	11	2	14	13	5	2	4	4	8	5	9	12	10	18	13	6	20	16	13	14	7	2	15	9	20	12	15	2	11	11	2	20	11	16	14	8	7	12	3	8	13	12	18	20	2	5	1	19	18	8	12	19	12	19	20	8	19	5	15	4	5	13	5	19	3	15	3	8	13	11	3	12	8	9	3	9	11	12	10	3	15	7	6	7	3	12	15	7	4	4	5	13	4	16	11	8	15	15	14	16	9	6	12	16	6	1	15	7	7	10	8	8	15	4	9	9	8	5	12	3	12	5	12	4	8	6	2	4	12	15	8	4	11	12	7	12	8	15	13	3	1	1	8	15	10	16	7	7	9	13	2	7	3	16	12	9	7	12	16	7	14	6	4	9	14	10	8	1	6	6	7	2	7	9	12	5	16	16	13	4	12	13	14	16	10	3	12	1	4	11	6	5	7	2	14	8	13	7	5	5	5	7	11	9	1	5	9	5	12	1	13	13	2	8	2	5	10	7	12	11	3	11	7	11	12	6	16	13	10	16	16	9	13	10	6	13	7	2	4	3	7	5	2	6	10	9	11	9	6	4	10	12	5	16	14	9	5	8	6	2	9	8	1	7	4	11	4	3	12	8	6	15	9	9	3	15	10	7	10	10	13	8	5	16	5	3	14	2	3	1	16	2	9	14	10	8	4	1	13	13	11	15	14	7	15	8	1	8	7	1	8	2	12	11	5	3	12	11	14	1	1	13	3	8	13	10	14	13	5	1	5	13	16	9	11	14	4	3	8	7	7	12	9	3	1	2	14	14	15	2	2	13	9	8	5	9	10	5	6	7	2	7	10	15	11	13	3	16	7	1	6	8	5	2	11	13	14	8	3	10	10	3	2	8	6	10	7	7	2	14	4	16	12	14	8	3	8	10	5	1	10	6	10	3	6	7	1	11	8	7	2	12	15	9	4	5	16	7	13	3	7	15	2	6	14	1	1	7	9	2	16	6	9	15	16	5	11	13	10	10	15	7	6	4	6	1	3	11	15	2	13	5	4	10	15	15	1	7	12	6	6	11	3	3	10	6	15	10	4	16	13	6	12	9	16	13	15	15	7	13	5	6	1	3	14	13	3	15	13	16	8	12	15	3	10	1	5	5	3	12	16	2	16	3	10	4	8	10	6	13	13	11	4	10	7	3	8	15	15	1	10	4	6	16	13	15	13	14	14	7	2	8	3	6	11	2	15	7	5	14	1	5	10	7	11	4	6	9	1	16	12	7	8	6	4	4	15	6	9	7	2	1	6	8	2	10	2	16	9	15	9	12	2	4	1	2	14	11	14	12	4	15	8	16	11	9	15	15	9	15	1	14	15	15	2	4	15	1	16	3	5	8	14	10	9	12	12	7	9	13	1	2	11	7	9	2	2	13	2	7	1	3	2	5	2	16	4	6	14	1	4	9	3	8	8	4	16	8	12	3	16	10	16	3	3	8	12	1	5	14	3	15	13	5	16	15	9	2	7	11	2	4	4	10	8	16	15	11	7	6	7	6	11	4	12	1	9	5	6	9	7	4	13	1	2	16	9	4	7	14	2	13	6	15	8	3	11	4	7	11	8	7	11	5	8	13	2	7	13	9	13	10	13	12	10	13	8	6	5	14	13	10	10	8	3	13	6	12	8	7	6	16	13	14	12	12	12	3	1	6	3	2	11	2	2	9	10	5	14	16	3	16	12	16	3	2	7	5	4	1	12	4	5	12	8	2	3	8	4	7	4	13	13	16	1	11	3	6	15	11	4	13	7	5	15	5	15	5	8	14	15	15	15	14	10	13	1	7	12	13	15	1	9	15	12	4	7	4	9	2	6	15	15	7	8	15	4	13	6	6	12	6	9	11	6	3	9	15	12	14	7	5	15	4	8	4	15	10	8	15	12	11	4	13	3	11	5	1	9	1	13	16	2	12	1	7	14	15	2	6	15	11	16	9	16	1	16	1	16	2	4	5	13	15	2	15	3	3	1	1	9	5	13	13	2	5	8	7	5	11	8	2	5	4	9	11	5	7	10	1	15	9	13	16	8	13	13	9	9	10	14	2	7	14	15	7	8	15	13	5	16	11	9	8	10	12	12	15	6	6	7	2	1	9	11	6	3	16	1	8	15	7	14	2	5	4	3	15	5	16	9	5	15	13	2	15	13	16	16	9	2	10	7	13	15	8	3	1	13	14	3	2	12	3	2	5	16	9	12	3	6	9	3	4	2	11	14	1	15	11	7	5	13	14	14	14	4	14	9	13	11	9	3	1	2	11	16	9	15	14	3	13	10	7	3	9	13	11	6	16	8	11	10	6	4	1	13	5	4	9	6	10	13	10	13	1	5	12	2	3	15	12	1	10	7	6	11	3	9	14	14	6	15	14	14	8	14	6	16	2	5	10	13	14	10	7	7	3	13	4	1	11	10	1	11	12	9	13	2	6	7	11	12	12	16	16	3	16	16	15	12	16	9	1	4	15	11	1	16	5	2	15	2	14	3	5	11	14	10	8	8	11	9	4	7	13	7	5	4	10	14	5	9	2	11	8	3	1	14	16	15	1	15	1	6	7	14	1	1	16	10	8	8	14	14	6	9	16	13	10	3	13	9	6	12	3	11	3	5	7	2	4	4	14	6	6	1	1	9	3	11	15	13	5	7	14	1	14	11	10	15	1	3	5	5	14	11	10	16	15	1	9	16	4	15	7	12	10	11	15	13	14	9	12	15	13	1	3	3	10	2	12	6	9	9	10	1	15	7	14	16	10	8	16	2	5	5	2	13	15	12	16	10	10	8	11	12	9	8	16	15	8	10	15	15	1	6	3	12	12	1	15	15	13	2	6	7	2	9	15	11	9	1	5	3	10	12	7	16	8	16	2	11	5	12	4	11	9	8	7	7	15	2	12	6	15	15	8	3	8	7	6	3	14	2	2	13	12	1	8	13	15	10	1	6	7	9	14	5	12	8	7	1	4	5	6	2	15	9	15	6	7	14	5	10	12	13	11	5	14	14	4	5	11	10	6	14	7	2	14	8	10	4	6	3	7	9	4	3	1	16	7	6	2	5	5	11	12	16	14	4	6	10	15	15	1	15	7	8	2	13	9	3	15	3	13	11	8	7	10	1	9	6	6	6	16	1	3	6	12	12	16	8	4	16	3	4	9	1	8	3	11	1	11	4	14	8	12	5	14	7	4	2	1	4	10	6	7	4	2	9	8	15	15	3	3	11	14	3	3	1	10	5	2	11	6	7	11	5	2	15	14	13	7	9	16	11	2	2	10	7	12	3	13	5	4	10	3	4	3	10	7	3	4	11	2	6	1	6	8	8	1	2	3	12	7	10	4	8	2	12	5	1	12	5	11	5	13	4	12	2	9	2	14	4	13	6	14	15	7	15	16	1	11	3	3	5	9	8	7	14	5	3	15	14	5	9	4	1	2	13	2	1	11	2	16	9	5	4	14	11	8	9	1	11	2	2	14	7	12	10	11	8	14	11	15	8	3	9	2	7	13	15	14	11	3	6	3	7	13	12	13	9	10	10	1	1	3	13	16	9	2	5	6	7	11	5	8	2	13	1	14	12	12	3	6	15	16	4	3	8	12	8	3	14	10	7	13	9	5	14	10	15	11	12	5	1	8	5	7	6	10	11	11	2	2	2	11	9	2	4	5	7	12	10	15	5	4	4	1	12	11	10	3	5	1	6	11	12	2	1	11	10	10	10	5	6	10	14	13	1	13	6	16	13	15	4	4	1	15	3	12	13	8	16	16	15	11	12	12	11	10	13	14	11	1	5	2	4	11	13	1	9	2	12	8	4	10	13	3	14	5	9	5	15	1	13	10	1	7	6	6	10	8	5	16	5	8	2	3	5	15	3	6	9	9	4	16	3	12	3	12	14	9	9	8	8	5	7	4	15	2	6	6	9	16	3	7	10	3	3	5	10	3	12	6	2	4	16	4	4	7	11	7	6	6	2	13	5	3	3	2	9	5	5	12	4	13	2	1	16	14	9	7	8	3	5	14	16	15	12	15	12	14	4	11	14	11	3	15	8	14	1	12	13	16	6	9	2	13	7	15	3	15	13	11	3	11	7	7	3	5	10	11	1	15	7	16	4	16	4	7	12	2	15	8	7	13	5	12	10	5	8	3	16	9	3	12	8	6	12	15	7	16	13	10	13	14	5	6	7	15	9	11	8	11	2	8	14	1	14	2	10	6	2	8	16	15	12	5	4	13	3	1	1	8	13	7	13	9	11	11	16	10	14	8	12	9	3	12	10	6	10	8	9	9	15	6	5	8	9	8	11	14	6	9	2	8	2	14	14	8	2	9	14	5	9	10	7	11	9	12	7	5	7	9	2	1	13	14	11	1	10	11	6	9	9	2	1	12	15	7	16	9	3	2	5	8	15	7	9	9	2	14	11	11	7	1	5	14	15	15	10	9	4	13	2	7	5	1	5	6	15	14	14	14	6	1	7	12	7	13	16	6	15	5	3	12	15	4	9	5	7	14	8	12	9	12	12	12	16	2	4	16	5	7	4	10	16	14	15	2	16	3	7	11	15	3	8	1	15	3	8	5	1	15	8	3	3	1	2	5	8	3	1	4	9	13	11	8	2	9	9	1	10	2	9	12	8	7	12	12	1	12	11	13	4	2	12	1	4	4	2	4	4	2	6	14	10	2	11	2	15	9	14	9	7	2	4	16	13	5	10	13	3	5	3	11	2	3	3	15	9	6	5	2	11	15	4	5	4	9	10	14	1	13	9	10	7	15	5	11	3	8	11	5	10	4	4	3	15	13	4	8	9	9	5	12	2	10	9	2	11	10	7	7	9	9	14	13	6	5	5	11	7	10	12	9	5	2	3	2	1	4	11	2	10	10	14	13	1	12	3	7	13	14	3	14	7	6	10	3	10	10	7	2	2	1	12	1	1	3	10	5	13	13	11	8	6	2	12	9	15	7	4	3	6	7	2	13	11	2	11	11	14	7	14	4	6	12	9	6	4	10	11	1	3	6	2	3	2	7	2	14	12	8	6	7	10	13	3	5	6	6	2	1	7	6	7	6	14	10	4	1	7	6	11	10	11	8	13	15	13	5	12	9	2	4	16	7	7	15	16	9	3	6	4	15	5	3	11	13	2	16	11	13	1	16	16	6	9	15	16	13	10	7	15	14	6	12	16	13	12	15	3	11	9	4	3	10	4	5	11	2	12	5	5	5	1	5	6	11	2	15	12	6	2	15	4	3	10	14	13	7	3	12	7	7	16	14	5	14	16	7	9	11	15	5	15	7	9	14	10	14	4	16	10	6	9	16	5	7	13	7	3	8	10	11	2	11	15	4	13	12	9	10	15	6	6	14	5	6	14	8	8	12	10	14	14	3	2	15	8	4	3	13	15	5	6	13	6	3	10	16	12	16	4	16	1	14	10	10	13	5	10	13	5	5	7	5	13	3	1	13	15	15	13	1	13	6	16	6	15	13	15	7	12	1	16	11	16	6	9	14	10	16	2	11	4	15	15	2	13	11	2	13	10	16	14	10	16	8	16	16	12	6	9	16	5	2	7	14	15	11	11	4	8	9	8	12	6	7	8	8	12	6	4	15	1	3	6	1	3	5	7	14	16	6	15	12	7	6	16	1	15	10	9	11	16	5	11	3	4	13	11	15	12	15	10	2	16	4	14	16	8	2	15	10	7	11	9	11	4	16	10	1	8	8	10	2	3	3	14	9	14	14	6	15	15	12	3	7	9	11	15	6	4	1	11	5	11	13	14	8	5	8	9	6	15	1	4	3	5	14	14	9	9	16	7	15	14	13	4	8	2	8	12	16	14	13	3	4	9	13	6	10	2	3	11	14	2	4	4	6	2	13	12	12	3	16	15	8	9	13	6	5	9	10	15	13	2	1	10	6	1	2	10	1	13	4	4	1	16	8	15	2	14	16	8	12	5	13	11	3	7	5	14	13	6	1	3	16	15	2	4	13	16	15	8	1	7	2	6	9	7	1	6	12	13	14	1	9	14	13	9	10	4	14	10	3	2	13	12	6	11	3	1	6	3	8	15	15	13	16	2	12	5	12	16	15	9	12	8	16	5	3	3	16	8	16	16	3	3	7	15	11	9	6	5	15	4	5	9	13	8	16	1	5	16	5	7	3	16	6	15	14	7	6	13	10	15	15	2	7	13	8	4	12	6	9	7	13	15	7	3	12	14	1	16	8	12	8	15	2	13	12	11	11	7	10	14	5	16	7	4	6	13	14	2	11	12	12	8	13	6	4	1	5	7	13	7	9	2	2	10	8	5	7	14	1	14	5	2	8	9	15	15	2	9	12	13	13	7	10	15	14	9	16	11	8	8	6	1	13	3	15	13	11	1	4	4	10	11	4	6	1	5	9	15	15	2	15	2	4	4	2	8	13	14	5	12	11	11	14	16	10	7	13	16	15	3	10	16	5	5	7	2	9	9	16	4	8	9	1	15	5	1	11	16	10	7	1	6	3	7	6	4	13	16	16	7	5	5	3	7	1	16	1	10	10	2	13	12	12	6	14	14	16	7	15	5	9	10	15	4	4	6	16	4	11	5	12	12	5	13	16	16	3	1	4	6	15	16	10	4	14	5	4	8	11	4	4	3	14	6	16	15	1	14	1	12	8	6	9	11	10	3	9	3	6	7	2	8	10	11	10	2	16	7	8	14	16	10	13	4	16	6	16	15	7	2	3	6	7	8	14	16	10	4	16	4	11	1	15	13	10	9	1	2	7	1	13	16	2	13	6	4	4	4	2	11	11	5	9	1	14	5	12	10	3	10	2	15	16	14	12	9	2	6	15	1	14	13	7	6	7	8	1	16	2	4	11	10	15	10	5	2	9	3	4	2	11	4	7	9	14	13	14	5	3	9	14	1	3	6	9	16	10	6	9	8	2	9	7	14	5	5	4	3	11	7	14	7	11	2	9	15	8	4	7	16	11	4	12	1	11	3	12	11	8	2	15	7	14	10	6	14	6	15	5	7	14	3	16	9	3	4	16	8	4	13	6	6	1	2	4	16	16	9	11	12	7	11	11	6	5	2	3	1	1	8	16	14	6	9	12	13	3	5	9	7	15	6	4	13	10	15	5	5	3	13	13	4	4	8	6	11	10	8	2	15	11	16	2	3	5	6	15	14	7	7	4	12	7	4	15	4	15	1	2	2	13	14	7	7	12	14	13	4	1	2	15	13	14	8	8	16	2	2	8	12	3	2	3	5	16	15	6	14	3	14	4	13	15	16	11	12	1	16	11	4	4	3	7	5	5	8	12	8	14	15	11	15	9	12	14	6	1	10	14	14	16	5	16	11	12	16	1	6	11	7	14	7	8	16	6	11	12	4	8	14	5	8	6	5	10	5	7	14	5	12	2	15	7	11	1	1	9	1	16	1	13	7	9	15	14	15	3	1	6	8	7	14	14	5	13	3	1	6	13	13	11	9	9	11	1	6	6	2	8	14	11	10	8	16	16	5	14	16	15	4	2	6	2	8	12	12	8	2	6	7	16	5	15	8	6	5	1	5	7	10	12	16	15	10	12	2	14	12	13	4	9	12	10	15	12	16	14	3	13	6	12	6	2	4	8	7	4	12	10	9	2	6	12	10	4	1	10	6	5	7	10	10	11	10	3	13	13	1	7	4	2	2	6	13	11	4	1	4	7	13	3	3	5	14	4	14	3	14	3	4	16	4	1	7	4	7	11	1	16	1	13	3	11	12	8	11	6	1	15	5	2	1	15	11	15	16	9	11	13	11	12	13	16	4	7	12	4	13	14	6	13	16	10	1	7	4	2	5	14	1	4	5	1	5	7	1	3	14	8	7	14	9	11	3	3	3	8	2	4	16	12	7	7	5	2	11	3	5	3	9	16	6	12	10	6	16	16	16	4	11	8	1	15	16	8	16	3	12	16	7	6	3	6	1	14	12	15	3	6	10	7	4	14	3	6	4	14	8	1	16	1	13	2	8	13	6	4	10	7	15	2	10	1	6	7	2	14	15	15	11	11	9	7	7	10	9	6	8	1	11	3	5	16	15	16	12	7	3	12	2	8	1	12	14	12	16	10	16	4	7	13	7	3	15	16	2	14	12	7	3	5	12	15	14	11	13	10	14	9	16	2	9	15	14	12	14	7	11	3	1	7	1	13	3	16	7	12	12	4	4	8	13	3	11	12	13	14	6	14	8	8	13	15	4	16	7	3	2	4	1	14	6	11	7	7	1	16	5	5	15	5	12	14	12	11	16	10	15	12	1	4	14	10	8	13	15	6	16	16	16	13	2	6	8	7	8	6	2	14	6	4	7	5	3	7	13	11	4	6	14	3	3	4	9	8	15	5	16	14	4	13	9	5	2	8	2	9	12	12	1	3	1	6	6	4	11	5	7	13	11	16	14	1	11	11	13	8	5	8	16	11	13	5	6	2	3	16	15	9	2	16	16	11	15	15	16	15	2	10	15	3	10	8	8	7	13	12	10	9	8	2	9	11	4	3	10	14	5	5	7	12	10	3	10	9	12	7	16	1	5	16	5	14	8	6	13	15	4	10	16	14	16	4	14	2	11	12	1	16	7	7	13	4	8	1	7	4	8	15	16	7	1	14	5	6	3	2	5	7	4	7	15	1	9	5	6	5	15	15	4	7	9	1	10	9	15	12	1	4	12	4	1	13	7	9	2	7	8	9	8	4	11	6	7	12	16	4	9	5	2	3	1	16	9	5	5	2	3	3	7	16	3	5	4	8	11	10	6	2	9	6	1	8	14	14	3	7	14	8	6	14	3	16	15	9	4	3	11	13	16	9	2	16	1	2	4	1	6	12	10	1	16	10	14	12	6	9	4	16	4	4	7	2	8	7	11	11	4	2	1	15	12	16	8	13	5	11	14	13	15	6	1	10	10	8	14	2	2	15	6	13	9	12	13	6	4	14	8	10	13	15	16	8	4	2	9	5	16	14	1	4	2	10	12	10	5	11	4	11	12	16	7	11	5	12	2	16	12	6	2	7	5	9	10	10	14	16	15	4	15	11	2	4	12	1	14	14	1	14	11	7	1	1	3	5	4	15	12	11	15	7	16	13	13	3	1	15	4	9	9	16	12	3	12	8	15	13	9	2	16	6	13	11	15	10	4	2	13	9	7	2	12	10	8	6	3	5	15	16	8	15	6	7	10	7	10	1	9	11	11	6	10	15	11	11	1	15	3	4	10	4	13	7	15	7	12	1	2	1	9	2	1	16	14	5	12	15	9	4	11	4	4	13	5	2	5	3	8	13	9	8	15	3	10	8	7	6	8	13	16	12	11	16	14	11	11	13	7	5	9	15	8	1	16	3	6	6	13	7	5	5	3	10	3	15	2	11	13	5	6	5	7	12	11	6	14	15	13	8	9	8	11	15	13	3	16	6	5	2	10	16	4	4	6	3	11	14	10	6	7	16	8	11	12	10	15	14	12	9	9	8	14	4	10	8	2	15	2	8	8	16	6	2	15	1	11	3	1	3	4	11	12	2	6	4	4	12	14	12	6	2	5	5	3	6	2	11	13	9	15	5	9	13	4	14	12	5	4	2	4	8	10	10	12	16	8	10	9	2	5	13	5	6	8	12	7	5	7	13	8	4	14	2	16	7	5	3	13	5	3	1	16	7	7	3	15	6	16	16	7	12	12	4	1	15	9	8	2	10	12	11	12	8	2	1	3	7	16	16	13	5	11	9	9	11	9	5	1	9	14	4	4	9	1	5	8	6	1	13	12	14	8	3	1	15	11	3	12	13	6	6	7	1	11	13	13	2	5	2	10	5	13	7	14	11	6	2	11	2	12	11	12	5	7	7	13	1	3	1	12	13	13	2	4	2	16	16	6	15	13	15	12	4	14	1	4	3	4	2	7	14	6	2	5	15	15	10	2	7	13	10	16	8	14	6	2	14	10	13	3	6	11	9	14	2	11	15	14	3	8	12	11	1	13	4	7	11	14	1	2	2	2	12	7	16	16	2	12	14	13	11	16	7	1	1	6	15	6	12	11	3	15	10	12	12	13	7	12	1	16	4	11	2	8	12	5	5	16	10	13	3	16	15	14	4	1	10	15	12	7	7	6	1	1	11	13	12	13	15	13	11	8	8	1	11	14	2	12	14	14	15	12	6	5	2	16	9	1	7	4	4	16	12	6	15	16	9	16	2	2	5	7	12	3	8	12	10	11	7	5	3	10	5	10	9	8	6	7	12	15	11	14	3	11	2	13	10	13	15	12	10	4	4	12	8	14	16	13	5	12	4	16	3	14	5	14	16	16	16	5	6	13	6	3	13	13	16	6	13	12	7	2	1	15	3	16	7	4	11	15	10	9	6	6	11	9	8	11	7	16	3	2	5	7	2	16	11	3	9	11	6	8	3	15	10	12	7	16	10	5	5	10	2	10	14	8	4	16	8	3	14	11	9	12	15	11	5	1	3	3	7	4	1	10	4	9	16	16	6	15	5	2	16	6	1	7	4	15	15	14	6	1	3	14	13	12	4	11	6	10	15	7	6	7	11	16	15	1	16	12	6	1	7	11	1	4	2	9	9	15	2	2	6	5	5	4	13	12	1	5	1	7	11	5	9	5	14	10	15	7	3	8	10	9	10	3	9	1	6	8	7	4	15	8	16	9	7	10	6	9	9	7	5	16	9	8	1	14	13	5	3	6	2	16	4	8	1	3	4	2	8	15	11	13	14	12	14	11	15	10	11	12	8	5	11	15	4	3	3	12	14	6	1	8	9	9	12	13	11	10	9	4	9	13	1	13	5	14	10	8	12	14	10	11	10	1	10	15	9	10	2	8	6	9	14	12	2	1	3	9	16	13	13	11	16	10	8	1	13	13	7	12	9	11	12	5	2	14	1	15	2	16	3	15	3	8	16	10	5	13	8	5	5	2	12	6	3	10	6	3	14	9	7	11	16	9	2	15	2	11	9	7	10	11	4	6	12	7	8	14	5	12	10	7	16	11	8	16	16	11	6	3	12	14	13	13	9	12	2	12	15	2	7	2	15	5	1	9	4	1	8	11	13	7	8	7	14	10	3	10	3	3	8	9	14	7	12	5	11	7	10	11	9	12	11	1	11	12	4	4	15	3	7	2	10	3	3	4	16	5	15	15	13	1	2	15	2	6	11	9	13	1	6	2	1	7	9	11	15	5	9	8	6	6	2	16	12	11	13	4	16	2	10	8	15	6	7	10	2	12	4	12	15	7	12	12	10	5	15	13	13	12	5	14	10	7	15	12	9	13	1	5	5	3	5	16	8	10	16	12	9	8	14	13	6	7	7	9	12	1	13	3	10	6	15	9	4	4	11	1	3	3	11	4	16	3	4	9	2	4	11	6	15	7	16	13	9	3	11	9	10	6	13	16	7	12	11	10	6	7	8	7	9	4	6	5	7	13	6	14	13	1	12	4	6	1	12	3	4	12	1	1	15	4	13	3	7	2	8	3	15	9	12	6	13	6	13	2	7	4	3	16	15	16	12	14	11	2	4	10	1	15	10	14	10	10	3	11	4	13	1	1	3	16	3	13	14	6	2	1	14	9	1	7	15	2	12	11	2	12	1	3	14	13	9	14	12	16	13	8	15	5	7	5	9	8	8	8	6	15	10	11	15	16	11	6	4	14	13	1	15	7	4	3	15	1	14	10	16	6	5	15	16	8	16	9	16	9	5	8	3	12	15	5	7	13	15	12	14	5	15	7	4	1	15	1	14	11	12	16	8	3	3	8	13	1	16	3	16	5	15	12	2	6	1	9	5	1	13	10	2	1	8	5	10	12	3	2	1	16	12	16	10	16	5	3	8	7	3	15	10	1	9	4	12	5	4	12	6	13	1	3	9	12	9	12	6	12	12	4	1	10	5	1	11	6	15	16	12	4	10	6	7	9	16	13	12	13	7	1	6	5	2	2	2	14	5	13	9	8	2	8	10	14	6	7	11	7	13	4	3	1	9	12	13	11	9	16	7	8	15	9	10	11	3	6	3	2	4	13	14	4	15	16	1	13	1	11	1	12	14	4	16	2	14	9	16	12	15	12	1	4	6	8	11	8	13	15	11	9	4	7	15	7	15	13	7	7	8	14	3	6	4	14	7	10	15	3	2	9	8	12	16	11	6	11	5	3	11	12	3	14	6	7	4	11	3	1	13	2	15	10	14	7	10	6	12	4	4	6	13	14	10	7	10	7	5	4	12	1	7	6	7	13	2	10	7	11	14	14	13	2	6	4	1	14	14	8	8	13	6	11	8	13	1	6	10	7	1	5	7	2	10	8	9	6	15	11	2	11	1	6	6	11	1	9	6	1	12	5	14	12	8	4	6	14	14	16	11	11	2	14	12	11	15	6	1	9	5	12	6	4	7	5	7	7	5	13	3	9	15	4	15	14	11	4	16	12	8	15	8	8	9	9	6	1	1	12	8	11	7	6	11	1	16	9	2	13	13	15	9	7	5	14	2	10	14	14	14	5	3	13	16	8	4	16	8	10	10	3	9	16	13	15	1	2	2	3	8	13	6	6	9	6	16	3	4	13	14	2	14	9	7	11	15	9	1	8	7	2	4	3	10	12	12	16	3	4	16	14	15	5	6	1	11	6	5	11	10	1	14	10	3	11	5	5	9	1	10	11	13	4	6	2	2	2	8	13	14	10	8	15	5	13	3	2	2	5	12	6	11	15	12	6	1	14	13	7	2	16	10	8	3	2	1	14	4	12	7	3	10	8	11	13	2	15	3	7	2	8	3	15	3	13	6	15	3	9	6	8	13	16	4	6	16	15	2	16	9	11	11	4	6	15	1	1	13	3	5	8	4	4	7	5	2	4	7	9	4	8	13	4	7	6	5	4	8	16	8	4	14	6	14	8	15	12	3	8	10	3	14	2	9	7	3	2	15	8	11	8	8	1	1	4	8	7	12	7	5	10	16	1	8	9	10	6	13	5	6	13	8	13	13	8	6	16	15	5	11	8	14	5	10	14	10	7	15	1	13	15	16	10	9	5	1	5	3	16	
900	530	960	340	260	840	540	290	730	360	830	880	240	600	540	370	380	290	670	140	700	180	560	540	710	190	100	420	850	530	250	430	240	360	750	650	930	230	430	1000	180	380	690	850	630	670	370	430	310	820	400	400	730	860	330	270	640	790	150	820	390	910	100	870	310	540	770	860	710	170	370	520	750	460	320	580	560	280	470	320	890	420	140	390	580	110	790	490	440	410	640	720	980	660	930	930	770	500	640	530	110	510	890	540	280	440	230	680	430	170	620	430	690	760	570	640	900	420	730	1000	940	570	280	900	550	540	1000	640	740	950	200	860	820	130	880	100	490	850	380	170	170	310	390	690	500	260	710	650	610	800	160	140	800	950	900	880	890	270	320	380	870	580	430	480	130	520	210	570	280	340	290	970	470	800	300	250	890	220	540	730	380	420	410	130	770	980	750	930	600	130	610	100	410	230	580	220	180	570	310	380	280	140	850	430	290	260	750	450	270	720	890	550	460	260	100	960	470	850	950	940	390	350	180	950	360	860	860	320	110	410	330	610	430	960	700	170	250	180	830	700	610	570	970	820	210	220	800	390	320	810	830	740	420	910	800	460	190	940	250	380	940	720	910	370	550	380	460	980	250	210	530	720	690	840	860	490	540	170	290	400	420	260	250	890	860	560	810	560	570	820	580	440	170	900	480	490	380	100	160	520	720	660	570	980	160	530	320	130	130	660	610	820	540	270	910	950	130	920	450	220	560	450	890	660	740	860	330	420	430	560	410	420	360	970	440	210	430	250	140	200	470	310	500	390	330	520	470	750	800	540	340	160	890	450	720	680	480	350	930	730	450	620	940	250	720	160	820	860	350	660	620	280	240	630	570	580	310	560	600	830	540	160	940	780	160	500	680	170	890	820	230	1000	940	810	300	650	500	320	530	780	480	400	720	180	930	480	520	130	130	140	780	700	930	310	220	980	760	130	580	590	660	120	520	860	740	880	100	200	270	490	840	430	420	130	900	390	380	300	830	500	390	710	810	150	730	530	460	250	640	930	780	680	430	610	600	960	350	290	960	610	680	110	650	550	750	380	870	620	100	690	370	530	820	130	300	670	440	650	460	310	290	770	100	160	720	140	100	130	270	710	520	460	350	770	480	610	320	770	180	450	660	430	500	690	950	810	710	980	640	210	760	550	290	1000	960	520	270	240	480	570	250	840	490	390	760	260	960	360	440	970	520	440	740	120	870	710	510	480	200	170	610	250	650	960	340	170	170	510	740	210	800	200	410	980	270	920	300	430	730	200	290	380	580	570	350	730	140	660	340	260	410	160	340	380	110	280	680	710	560	250	140	310	670	250	950	620	950	350	290	600	860	480	870	500	160	360	840	730	310	710	400	600	450	330	800	380	280	170	840	420	920	540	500	760	920	1000	740	920	480	220	140	290	650	290	570	760	660	670	910	500	930	220	500	220	850	740	820	550	860	850	590	860	530	410	640	640	580	210	600	810	660	770	520	510	600	840	180	310	230	420	690	780	490	900	260	480	550	200	140	620	430	910	240	240	250	770	320	250	420	370	570	390	180	670	670	220	960	220	140	170	380	390	570	370	810	380	730	890	200	470	610	680	920	390	770	460	190	1000	600	560	520	750	860	560	200	270	800	500	990	440	580	490	480	670	830	130	630	480	380	940	510	740	860	830	800	100	290	250	520	690	360	490	1000	560	840	250	850	100	650	460	810	260	890	960	850	490	710	420	340	450	830	760	270	250	500	480	230	980	240	840	360	450	850	490	860	390	280	490	830	530	120	400	540	100	900	800	390	840	660	170	190	960	630	840	750	140	270	460	660	900	290	940	580	720	280	760	160	120	790	840	800	560	270	440	300	370	790	730	950	480	400	190	610	650	590	150	920	220	240	110	390	220	120	830	850	240	340	420	780	250	630	950	550	230	360	480	520	580	870	400	910	270	420	280	350	690	200	790	770	620	240	710	870	100	380	320	800	780	940	480	620	670	170	660	910	360	130	820	810	750	370	530	570	170	880	320	480	150	380	940	150	610	990	390	250	560	490	750	330	220	560	590	400	250	530	350	860	130	660	500	120	860	420	340	240	560	120	550	950	230	570	860	590	990	610	670	350	890	130	630	360	990	460	660	690	780	530	630	900	550	170	720	690	450	890	370	480	740	680	750	150	250	500	100	950	600	120	270	680	280	870	410	390	200	870	750	320	760	300	760	180	650	480	720	640	910	730	290	260	320	470	120	760	150	340	820	700	690	620	710	740	410	470	330	760	330	310	250	530	680	450	620	760	270	540	460	540	740	700	330	490	960	740	770	470	870	730	300	900	280	830	430	670	300	140	530	680	920	990	810	550	390	120	470	120	220	270	300	900	310	810	760	450	690	360	960	180	150	500	210	350	280	470	500	690	760	530	420	100	910	550	710	980	220	540	1000	700	720	950	660	190	950	410	650	260	110	790	570	490	480	650	270	880	110	800	410	160	380	850	370	660	610	110	870	560	230	910	230	540	1000	250	860	540	920	380	850	370	920	150	480	790	830	420	770	890	820	140	490	140	140	450	480	110	250	900	160	110	280	370	550	450	590	140	210	500	460	270	740	860	320	870	910	170	630	690	610	680	160	910	1000	700	930	760	960	230	780	420	910	580	260	420	400	1000	740	130	750	740	600	840	650	170	890	610	730	170	320	990	850	660	510	150	790	710	940	470	140	800	670	510	950	710	640	540	310	640	510	370	580	120	190	450	410	470	580	660	600	830	120	880	770	430	520	180	520	610	950	860	640	710	760	170	590	550	710	630	160	810	690	720	590	750	180	340	450	950	770	310	500	310	500	770	550	220	250	380	690	930	290	400	740	140	210	460	950	750	130	870	940	880	980	740	570	940	670	550	900	700	990	570	490	700	150	630	950	710	840	670	760	660	550	760	800	390	620	210	960	180	180	140	350	610	640	160	780	640	920	810	170	790	660	460	370	430	850	250	840	140	600	430	450	130	440	400	370	680	230	480	140	880	140	500	290	210	620	760	680	450	560	630	770	150	100	570	420	340	250	650	730	120	930	220	900	330	630	100	600	960	220	130	800	540	230	750	870	740	490	980	870	210	380	970	170	890	590	270	910	280	410	300	310	140	240	860	770	250	640	130	720	200	640	790	770	820	290	860	870	250	940	690	890	310	950	200	220	620	370	540	350	100	510	660	190	930	790	920	490	880	620	850	570	130	840	600	880	480	460	990	410	820	160	690	320	610	690	260	470	160	810	490	570	410	130	950	680	350	670	680	710	450	770	240	860	790	370	380	490	680	840	620	910	610	170	760	380	140	130	540	910	660	730	900	210	550	920	780	580	590	260	830	490	660	880	290	810	600	170	150	150	780	730	770	820	120	590	140	280	550	860	140	710	340	240	240	240	440	400	210	990	690	190	540	690	850	380	440	150	260	450	370	700	830	140	570	700	570	490	460	650	950	280	710	980	340	610	680	670	930	490	840	670	280	710	240	340	860	470	800	190	300	500	680	960	360	510	980	650	590	150	670	330	840	470	530	800	840	810	220	350	120	450	960	230	390	580	670	640	230	220	640	920	700	720	820	640	520	140	110	790	650	990	530	240	620	340	870	610	590	420	180	720	440	310	130	240	910	300	550	560	450	430	820	390	910	510	110	280	200	860	830	860	690	930	230	270	600	910	510	910	190	370	650	300	620	430	410	830	170	450	190	680	680	580	470	190	620	120	850	490	800	860	590	590	980	680	140	310	470	210	850	520	510	520	720	260	660	880	840	470	490	740	900	610	570	210	510	380	510	100	280	650	670	290	470	220	790	690	480	1000	640	650	670	500	960	380	910	1000	120	440	610	900	940	910	250	490	860	210	690	950	660	480	580	880	840	610	130	750	930	270	990	510	540	120	730	610	570	770	200	540	730	360	600	580	970	450	890	130	620	530	430	790	130	510	430	270	630	750	750	610	890	990	520	830	220	670	1000	990	1000	300	520	520	460	110	410	400	190	860	820	360	340	900	670	180	110	280	770	440	350	290	100	120	980	300	600	610	430	540	880	550	760	560	480	900	220	320	150	160	300	210	890	970	670	660	130	110	990	460	470	950	410	250	380	130	240	810	660	860	190	320	890	460	230	850	330	710	490	300	870	930	590	880	840	980	660	160	430	250	140	810	490	240	640	450	970	230	160	990	590	540	300	410	560	500	520	390	120	790	330	700	110	190	350	250	700	900	570	240	540	520	560	600	690	400	740	430	550	780	990	220	180	700	870	330	110	870	860	190	470	1000	340	150	660	110	670	750	240	250	460	900	360	590	950	810	160	310	950	710	390	730	330	940	880	240	720	530	730	650	360	230	940	300	150	660	520	510	560	960	550	210	240	140	350	660	330	280	590	510	390	130	350	440	330	410	630	900	890	400	900	620	670	590	490	140	750	980	990	350	710	950	860	450	890	860	430	550	220	480	520	870	770	990	760	600	770	690	640	670	440	120	920	850	780	640	190	380	310	520	710	170	440	470	140	900	720	650	440	300	270	380	230	950	950	140	590	990	860	760	100	520	870	430	520	660	820	820	610	150	490	640	920	800	830	830	870	810	580	710	160	730	790	740	400	620	310	310	430	570	670	770	680	380	590	460	390	330	280	440	950	180	970	480	820	700	390	780	500	560	860	250	110	830	960	710	530	280	120	280	990	500	940	520	720	270	750	910	160	630	440	950	840	650	110	300	470	270	280	420	680	630	130	190	970	500	930	430	290	480	1000	530	180	470	510	870	210	570	650	570	800	120	480	320	960	260	510	800	880	250	620	280	460	230	690	230	660	950	110	840	640	160	600	720	770	450	570	510	110	250	800	430	340	1000	640	610	710	830	200	200	340	290	890	440	310	570	580	920	620	350	510	440	360	260	270	990	860	910	330	910	230	140	800	850	590	920	590	860	410	580	270	350	800	200	180	560	650	200	410	540	430	810	540	980	320	320	770	970	780	550	870	530	560	360	780	1000	820	200	860	870	750	520	230	670	250	870	410	320	120	420	150	970	850	850	430	900	410	850	500	530	820	260	420	220	900	500	960	270	680	200	950	440	540	790	250	890	330	940	140	430	120	540	640	580	830	290	610	820	560	530	350	520	210	810	790	400	450	920	270	810	420	690	700	840	450	650	660	680	660	780	640	110	750	540	180	980	790	480	640	880	580	800	550	640	240	990	540	980	270	970	370	160	760	140	970	950	820	310	760	510	590	660	150	630	780	460	750	220	960	810	670	890	710	300	530	400	550	330	290	730	590	490	550	410	180	290	780	120	370	440	440	510	190	510	140	320	650	120	190	570	370	500	260	740	220	190	960	900	210	430	290	470	480	830	970	230	940	470	440	860	720	570	580	970	320	610	110	810	900	480	300	520	320	970	250	210	410	880	750	400	850	820	210	120	240	380	480	700	890	120	180	590	860	730	720	790	270	260	460	650	530	790	700	630	590	730	190	310	380	320	890	770	400	350	530	880	470	700	100	160	960	830	720	580	740	130	570	320	190	340	260	910	800	600	150	660	680	460	220	960	590	520	980	830	680	140	110	830	850	140	600	330	380	900	120	830	110	840	390	760	930	520	410	140	530	620	520	710	770	260	320	980	250	300	620	160	120	500	370	380	630	760	510	210	400	450	520	810	290	390	500	340	480	380	480	400	210	720	1000	700	240	460	980	890	730	550	480	720	820	370	680	310	140	520	640	490	380	490	810	940	330	550	940	520	400	260	780	440	610	680	560	630	320	820	910	660	740	820	150	100	200	360	260	370	830	350	470	560	400	540	720	690	350	990	110	390	820	740	900	990	380	150	800	790	500	870	820	860	170	160	230	1000	190	340	800	490	910	580	560	130	470	210	920	830	420	690	330	100	490	380	110	470	840	110	890	860	590	410	540	730	990	270	990	490	530	180	340	960	840	920	1000	820	710	190	690	510	330	870	990	740	890	810	870	760	560	310	510	220	550	960	250	100	730	560	990	710	640	650	250	320	790	980	250	880	370	640	410	490	610	220	140	100	770	200	760	310	240	120	590	790	230	780	1000	480	510	440	230	780	890	750	420	470	980	870	990	650	870	140	500	460	110	710	150	570	370	380	160	810	360	650	130	950	100	290	970	280	810	680	270	450	700	150	580	1000	510	960	960	260	480	800	330	780	300	780	180	460	430	570	120	180	730	400	830	540	290	210	490	230	800	490	730	710	510	400	140	910	430	860	900	930	770	940	740	160	390	780	710	320	230	250	630	670	240	1000	360	750	570	560	260	140	330	590	150	810	340	990	370	170	910	220	950	640	820	220	960	630	200	200	940	120	460	650	830	1000	430	100	570	630	390	430	160	640	360	840	390	200	950	820	690	400	660	120	900	590	170	680	850	290	460	820	370	380	430	980	160	230	800	580	220	980	790	910	520	700	700	620	180	540	870	250	760	980	370	250	380	340	570	430	370	920	720	420	550	290	250	490	590	890	470	830	110	830	430	240	580	730	540	200	970	440	950	840	620	430	680	960	550	230	340	480	580	400	540	370	690	920	750	340	860	560	840	990	930	610	300	270	340	370	600	410	630	890	180	230	480	450	340	500	610	690	760	640	840	460	920	170	110	960	150	920	590	420	810	960	870	200	800	630	490	750	950	520	770	670	920	650	520	490	790	300	640	840	450	440	470	160	370	880	580	560	220	800	1000	330	300	240	100	950	920	620	350	500	640	800	390	530	500	940	590	700	460	970	300	490	910	470	600	720	500	170	210	420	430	990	570	530	430	210	680	910	450	770	880	690	640	280	880	210	810	910	150	780	410	120	410	470	830	770	590	770	950	890	1000	800	520	530	970	820	740	820	790	830	920	250	570	230	750	430	810	540	960	560	840	820	460	150	780	820	670	180	780	770	550	520	710	390	240	200	880	400	700	300	490	270	890	750	580	350	1000	180	220	490	610	520	920	100	290	310	540	280	260	770	520	330	930	820	160	900	840	190	690	640	720	750	210	340	750	550	540	950	280	620	690	830	620	800	1000	860	540	380	970	570	310	280	140	640	600	880	910	130	450	830	490	160	400	730	730	810	530	670	360	540	610	100	660	380	230	970	700	190	280	750	790	990	920	520	260	310	190	790	1000	940	480	400	320	220	470	310	560	820	880	1000	540	380	410	470	810	890	980	480	520	420	410	570	200	340	550	160	890	410	140	970	350	640	640	1000	900	400	250	640	330	340	540	840	330	810	520	380	750	850	740	290	610	540	290	450	520	330	930	290	190	750	190	380	510	900	440	430	710	690	330	370	350	890	250	570	500	640	120	430	430	300	160	840	950	360	410	260	720	270	320	280	170	860	710	650	1000	120	840	580	590	640	370	970	270	580	260	200	290	930	850	160	280	710	630	110	730	910	190	1000	470	140	660	380	350	630	180	730	920	180	900	190	410	190	500	960	860	840	940	530	930	270	220	300	960	590	240	210	530	510	940	340	430	1000	560	680	680	230	370	160	200	530	820	120	530	540	270	630	580	1000	440	860	410	690	340	600	950	130	390	760	260	540	940	550	610	100	620	760	800	160	100	340	260	190	750	760	580	450	970	580	1000	250	660	890	270	460	940	820	200	190	110	650	530	960	830	540	120	1000	520	520	270	440	760	190	220	640	720	850	660	900	510	870	370	160	420	680	840	930	390	450	640	560	600	820	190	710	790	740	380	540	540	960	190	230	890	320	220	440	850	990	560	250	720	410	390	910	760	980	730	260	650	150	880	650	490	210	680	310	830	610	530	280	440	710	110	790	940	100	490	280	730	710	270	350	900	610	960	900	300	840	770	430	770	680	910	130	840	400	690	490	260	100	820	810	780	270	410	860	500	350	980	690	980	520	470	560	740	550	310	970	130	880	790	360	840	820	260	500	850	920	590	370	490	930	150	730	120	480	170	770	720	290	1000	750	450	800	170	680	100	940	540	640	390	920	890	880	480	380	680	890	550	210	310	750	950	420	880	350	840	330	530	400	320	590	570	280	290	840	860	560	270	840	950	260	220	750	240	870	700	980	590	780	190	540	490	890	900	950	550	480	330	390	870	690	800	910	140	500	790	120	810	950	700	640	940	940	800	190	210	170	790	730	930	120	280	640	640	390	500	1000	400	130	320	720	720	540	950	130	790	890	520	310	410	590	650	300	980	810	520	270	130	470	430	630	420	660	590	390	160	340	780	690	860	230	590	330	240	460	620	800	420	150	670	660	190	930	810	990	330	700	720	470	150	830	280	410	350	530	110	410	280	890	410	740	950	720	210	590	480	950	430	340	930	140	960	370	100	210	520	680	860	730	360	670	420	180	570	360	560	290	380	660	940	700	950	380	230	380	530	150	370	100	870	180	800	520	390	1000	830	480	140	670	150	870	640	320	550	530	880	190	710	330	680	970	980	430	470	740	730	940	210	590	330	190	450	180	560	110	830	900	360	200	280	180	260	840	880	280	570	270	120	790	850	300	180	920	380	280	660	760	260	400	650	630	500	320	580	450	300	420	330	690	350	830	580	640	160	530	110	620	410	450	450	330	970	850	380	650	510	830	680	310	230	640	370	480	360	730	610	710	570	270	820	870	840	660	110	570	730	790	610	370	1000	550	470	760	130	420	700	870	630	340	660	420	670	630	770	100	260	110	580	910	940	300	160	910	880	990	200	460	920	870	130	700	370	570	620	570	740	770	850	760	160	320	540	260	440	800	670	300	780	190	530	910	710	570	680	930	200	130	890	310	520	270	120	470	830	130	670	520	800	210	450	690	560	990	990	690	590	530	140	700	400	850	260	120	140	500	910	180	540	840	270	620	650	600	560	800	470	260	670	640	310	580	840	890	380	860	990	820	530	830	880	220	480	660	920	480	360	660	320	330	960	140	780	600	170	210	130	270	510	540	700	480	340	860	740	850	940	260	230	600	920	850	850	600	840	330	160	760	170	190	960	230	430	200	540	440	960	460	660	140	540	490	390	490	920	530	320	460	750	970	690	280	700	340	630	790	710	910	970	770	880	610	750	280	250	440	620	220	540	570	270	490	350	420	340	620	130	590	730	380	760	340	610	960	380	940	550	720	290	800	840	900	430	350	240	820	780	680	470	630	860	150	940	890	740	540	550	330	950	130	830	550	760	460	290	440	700	600	830	990	460	480	690	530	480	340	240	620	590	550	500	660	110	290	960	110	400	710	580	400	110	350	260	440	420	290	630	740	530	530	290	570	830	770	750	710	230	410	110	220	180	590	290	690	890	470	280	310	570	350	420	430	620	370	390	820	220	850	370	870	350	400	390	550	150	480	470	600	620	880	720	690	810	720	620	760	710	130	870	930	760	600	750	680	320	590	400	190	620	450	270	310	580	460	870	140	470	640	790	160	990	200	860	820	870	940	400	750	910	920	110	730	840	540	420	580	590	810	870	990	320	710	500	570	450	1000	400	580	560	470	180	190	830	990	780	390	860	580	300	980	410	820	990	290	270	290	560	940	470	390	550	950	790	100	220	450	460	320	880	720	300	230	440	790	800	730	580	590	240	990	150	540	560	900	950	160	510	480	910	500	160	1000	530	360	290	570	120	290	910	460	640	950	1000	430	160	860	190	570	770	910	490	280	670	940	180	120	630	890	920	860	940	770	690	310	920	230	560	770	500	210	750	480	960	190	610	980	510	760	870	320	140	730	510	450	240	520	840	580	620	240	930	260	240	580	420	210	920	890	800	100	400	200	150	230	940	710	230	210	260	140	660	920	510	890	860	390	670	240	410	620	830	110	390	380	100	730	920	320	500	380	650	950	640	710	1000	770	200	110	810	200	270	520	410	650	550	750	440	160	470	310	350	850	940	630	950	370	390	190	560	700	290	1000	580	530	450	510	870	210	730	650	560	650	140	360	360	940	200	460	600	590	330	320	750	660	830	380	990	770	410	850	240	590	430	340	490	640	900	720	590	850	460	710	190	1000	700	230	320	150	380	350	690	820	400	480	880	170	330	770	110	250	1000	560	970	830	510	880	780	790	210	940	900	810	490	100	980	250	130	710	310	180	950	720	260	570	510	690	800	260	790	790	910	760	450	110	400	780	840	680	760	640	480	260	920	200	780	850	810	670	490	490	520	110	250	590	620	400	600	730	490	160	110	860	850	330	640	570	540	350	410	720	370	760	160	820	570	590	740	720	500	480	230	470	350	130	620	170	120	720	200	640	660	460	250	320	870	110	140	740	730	180	470	1000	920	980	280	230	800	670	970	180	240	200	580	900	310	670	590	130	390	360	730	790	630	410	970	390	190	120	510	250	750	640	180	340	930	160	800	560	420	580	760	660	940	180	810	360	650	570	350	310	650	720	810	500	160	980	190	150	650	470	230	450	740	670	110	770	310	990	650	230	530	550	120	110	790	910	450	190	280	340	670	860	800	320	810	930	670	410	220	350	470	370	700	310	380	920	690	890	150	760	770	940	150	220	190	1000	740	850	710	710	470	820	730	210	400	350	260	960	230	550	130	750	320	110	610	460	360	740	230	740	800	410	900	560	410	800	540	690	100	430	310	300	310	400	300	510	930	160	670	480	550	820	760	820	480	870	820	390	820	410	600	860	940	850	710	160	430	600	950	550	960	490	430	310	240	830	120	860	940	700	840	930	1000	940	900	770	100	720	160	250	570	580	800	270	230	550	710	230	830	300	160	220	410	260	500	100	980	460	300	320	540	240	660	470	560	660	850	320	840	160	730	900	620	270	650	740	170	950	560	710	560	280	220	260	240	370	850	850	950	920	270	540	130	380	610	770	570	380	800	920	970	720	610	730	220	710	520	670	710	170	570	610	660	560	250	990	280	160	340	770	530	230	980	1000	660	1000	970	350	200	450	800	660	760	950	640	100	990	590	980	860	540	280	740	460	220	630	720	950	630	480	330	260	640	920	220	990	620	600	490	680	260	760	590	500	310	350	830	510	810	850	320	720	180	140	370	450	790	470	840	120	660	340	770	260	990	680	600	160	870	270	220	300	260	310	830	320	560	240	880	250	710	950	200	120	450	550	540	930	420	310	140	430	370	520	400	350	600	340	280	720	310	730	120	380	740	370	240	210	730	430	500	870	420	150	400	940	520	350	900	560	120	950	960	860	590	240	420	280	630	470	400	800	320	710	190	630	660	630	820	210	780	400	420	550	910	910	340	620	840	690	740	760	490	250	610	110	300	130	500	890	360	390	330	210	740	770	780	250	530	550	780	600	990	320	330	280	190	260	400	280	180	870	310	870	800	550	330	130	690	650	510	170	590	470	400	980	540	630	880	950	110	850	690	180	390	510	630	890	210	800	260	660	660	520	340	690	140	700	170	510	310	770	260	380	140	330	700	380	350	630	890	390	780	650	330	970	720	370	820	540	820	910	710	720	960	730	550	430	920	370	480	300	610	650	180	560	720	400	160	870	230	870	520	530	250	900	490	480	920	160	600	830	440	570	270	480	800	850	110	590	190	260	190	720	630	120	780	330	880	300	130	420	520	860	180	940	750	650	960	350	750	450	290	440	380	580	210	310	1000	1000	460	410	340	320	870	770	730	180	250	140	610	920	740	730	980	710	430	920	990	980	700	840	700	910	330	290	110	120	250	460	310	260	450	590	390	380	360	980	370	940	580	240	410	170	260	860	690	300	690	380	640	280	440	270	650	700	660	720	490	770	640	660	650	290	280	310	450	920	130	310	720	230	380	180	630	160	680	390	320	710	830	790	410	940	860	790	220	860	670	790	710	760	270	750	380	930	200	590	650	800	300	680	800	220	490	970	980	340	140	590	380	840	630	120	740	900	700	190	930	580	770	690	510	860	700	400	130	720	790	390	880	990	530	910	570	140	750	500	580	510	850	120	320	540	520	700	410	490	530	590	990	490	890	220	640	220	600	670	230	420	300	830	920	440	690	220	950	480	820	370	130	390	160	190	950	310	890	660	900	190	150	770	980	670	850	180	220	730	550	780	240	440	840	360	860	970	660	710	270	1000	180	350	620	570	820	530	900	350	280	190	530	120	740	770	620	920	890	710	610	690	820	780	420	820	210	460	490	460	430	530	250	110	430	290	950	340	250	250	370	940	370	880	250	390	910	540	560	690	520	250	630	640	570	670	390	340	150	990	230	640	520	160	340	780	770	530	150	960	800	180	450	840	900	600	380	260	560	450	690	700	680	700	950	210	110	550	230	310	580	230	550	890	350	160	580	590	190	940	510	450	760	210	960	590	870	920	820	250	170	500	140	880	900	410	540	190	240	780	240	160	800	520	360	380	690	920	600	470	960	380	640	970	540	410	320	390	270	170	520	670	890	790	820	240	380	270	900	520	1000	500	760	350	260	310	760	890	160	420	350	490	600	850	440	530	170	580	140	320	620	690	360	680	540	710	530	180	130	280	890	830	470	510	870	600	330	980	580	670	360	770	120	420	790	400	740	670	160	990	770	200	330	330	540	640	610	230	650	310	660	270	800	150	570	970	930	630	410	290	480	150	320	950	510	220	310	920	390	140	430	910	870	240	270	380	600	550	670	690	920	850	300	680	580	290	760	470	340	230	290	150	750	680	600	500	600	930	800	210	910	660	950	440	950	900	450	480	770	480	740	490	660	210	440	190	660	420	630	190	730	780	610	160	310	560	170	330	270	350	900	290	460	310	590	230	250	850	320	660	370	880	460	810	770	920	220	130	510	760	690	250	970	160	240	190	180	210	600	600	240	290	960	820	960	900	630	840	530	470	470	760	930	320	560	870	220	400	820	920	640	140	700	170	210	260	720	170	960	210	890	840	890	390	130	910	700	430	850	110	390	110	520	180	190	610	350	780	270	250	620	610	670	820	790	370	420	840	770	850	240	660	620	280	680	470	770	870	980	180	230	900	360	860	500	780	880	800	610	120	550	240	450	350	510	520	430	250	450	390	660	500	250	110	310	360	260	110	880	970	990	510	620	320	120	860	850	260	980	230	630	740	770	650	360	680	310	840	110	810	160	610	780	280	650	690	400	690	860	610	130	970	250	710	230	620	680	520	620	830	950	380	860	520	270	380	190	710	560	240	940	620	860	550	690	310	190	840	250	400	770	470	290	470	960	480	680	200	160	280	580	260	700	300	380	770	350	620	970	990	140	220	330	750	880	910	250	320	130	210	920	1000	250	100	440	200	850	730	500	830	590	810	340	730	380	390	830	130	650	520	690	840	420	510	290	530	730	930	400	240	610	610	300	500	310	990	140	950	230	340	440	510	520	820	380	990	720	960	260	490	660	950	370	330	670	620	880	980	820	880	800	750	910	710	390	490	870	540	930	150	300	340	860	610	310	140	600	880	330	410	670	240	760	990	230	450	310	690	840	370	290	190	710	480	180	640	120	180	120	830	890	360	810	670	560	760	240	500	650	540	470	220	600	690	360	280	970	420	950	220	210	900	160	420	950	980	500	320	560	170	500	900	670	660	570	590	160	720	490	130	310	910	700	720	820	690	830	610	210	830	430	260	720	630	190	360	390	580	990	530	860	850	700	100	440	250	460	560	190	980	140	620	130	220	910	240	670	490	520	550	530	900	140	750	950	750	560	460	620	400	670	800	630	490	170	180	820	130	480	440	310	290	600	630	890	280	100	250	740	760	480	830	600	570	260	970	240	680	460	350	370	330	710	220	200	130	660	880	420	940	870	210	410	110	650	850	300	140	230	240	810	410	180	250	650	960	160	100	570	600	940	760	770	930	620	400	420	860	580	690	510	760	300	190	990	740	600	290	970	730	180	410	630	380	980	260	450	870	850	970	100	800	480	650	210	450	670	710	750	350	490	600	960	800	740	840	780	950	990	410	590	630	740	130	490	860	890	590	610	390	540	750	200	830	540	140	110	210	130	830	780	910	250	970	390	110	950	840	310	570	630	710	1000	350	540	220	840	960	630	570	870	880	270	500	760	770	960	240	610	730	250	350	180	560	950	880	730	550	580	320	940	850	830	900	120	570	110	470	730	930	460	190	960	350	610	310	840	390	890	970	810	550	800	880	370	430	490	460	300	560	950	300	600	550	540	530	330	300	530	820	270	310	540	440	500	190	100	440	930	740	500	350	650	670	260	180	340	850	310	150	230	810	730	810	580	180	890	410	610	190	310	220	390	510	520	270	290	530	590	190	490	800	310	940	780	820	630	150	420	390	610	780	260	660	270	280	1000	180	780	700	860	280	200	460	420	270	220	180	840	900	790	360	130	400	980	900	560	230	590	510	360	660	260	240	690	250	390	350	260	800	800	370	830	820	420	960	410	740	620	390	590	730	160	210	410	410	470	130	130	560	330	250	210	550	810	500	140	210	600	760	580	970	480	450	760	930	410	720	640	280	300	260	800	270	670	970	160	770	610	960	710	600	660	320	270	730	990	350	810	160	590	600	510	500	970	840	510	170	500	510	460	550	910	140	910	510	840	460	410	290	210	440	230	840	420	670	710	610	990	580	830	770	680	260	960	990	540	520	610	260	660	130	290	340	800	310	700	530	130	230	160	520	830	700	760	300	120	660	700	220	110	490	390	510	400	980	460	340	520	680	410	670	560	720	920	310	110	870	730	130	410	200	220	410	170	990	830	250	550	340	830	610	370	340	230	340	760	960	830	310	
10
