6426
120
3
90
0	0	0	0	0	500	0	0	0	0	0	0	0	0	0	0	0	0	0	500	0	0	0	0	0	0	0	0	0	0	500	0	0	0	0	0	0	0	0	0	0	0	0	0	0	0	0	0	0	0	0	0	0	0	0	0	0	0	0	0	0	0	0	0	0	0	0	0	0	0	0	0	0	0	0	0	0	0	0	0	0	0	0	0	0	0	0	0	0	0	0	0	0	0	0	0	0	0	500	0	0	0	0	0	0	0	0	0	0	0	500	0	0	0	0	0	0	0	0	0	
0	0	0	0	0	0	0	0	0	0	0	0	0	0	0	0	0	0	0	0	0	0	0	0	0	0	0	0	0	0	0	0	0	0	0	0	0	0	500	0	0	0	0	0	0	0	0	0	0	0	0	0	0	0	0	0	0	0	0	0	0	500	0	0	0	0	0	0	0	0	0	0	0	0	0	0	0	0	0	0	500	0	0	0	0	0	0	0	0	0	0	0	0	0	0	0	0	0	0	0	0	0	0	0	0	0	0	0	0	0	0	0	0	0	0	0	0	0	0	0	
0	0	0	0	0	0	0	0	0	0	0	0	0	0	0	0	0	0	0	0	0	0	0	0	0	0	0	0	0	0	0	0	0	0	0	0	0	0	0	0	0	0	0	0	0	500	0	0	0	0	0	0	0	0	0	0	0	0	0	0	0	0	0	0	0	0	0	0	0	0	0	0	0	0	0	0	0	0	0	0	0	0	0	0	0	0	0	0	0	0	0	0	0	0	500	0	0	0	0	0	0	0	0	0	0	0	0	500	0	0	0	0	0	0	0	0	0	0	0	0	
0	0	0	0	0	0	0	0	0	0	0	0	0	0	0	0	0	0	0	0	0	0	0	0	0	0	0	0	0	0	0	0	0	0	0	0	0	0	0	0	0	0	0	0	0	0	0	0	0	0	0	0	0	0	0	0	0	0	0	0	0	0	0	0	0	0	0	0	0	0	500	0	0	0	0	0	0	0	0	500	0	0	0	0	0	0	0	0	0	0	0	0	0	0	0	0	0	0	0	0	0	0	0	0	0	0	500	0	0	0	0	0	0	0	0	0	0	0	0	0	
0	0	0	0	0	0	0	0	0	0	0	0	0	0	0	0	0	500	0	0	0	0	500	0	0	0	0	0	0	0	0	0	0	0	0	0	0	0	0	0	0	0	0	0	0	0	0	0	0	0	0	0	0	0	0	0	0	0	0	0	0	0	0	0	0	0	0	0	0	0	0	0	0	0	0	0	0	0	0	0	0	0	0	0	0	500	0	0	0	0	0	0	0	0	0	0	0	0	0	0	0	0	0	0	0	0	0	0	0	0	0	0	0	0	0	0	0	0	0	0	
500	0	0	0	0	0	0	0	0	0	0	0	0	0	0	0	0	0	0	0	0	0	0	0	0	0	0	0	500	0	0	0	0	0	0	0	0	0	0	0	0	0	0	0	0	0	0	0	0	0	0	0	0	0	0	0	0	0	0	0	0	0	0	0	0	0	0	0	0	0	0	0	0	0	0	0	0	0	0	0	0	0	0	0	0	0	0	0	0	0	0	0	0	0	0	0	0	0	500	0	0	0	0	0	0	0	0	0	0	0	0	0	0	0	0	0	0	0	0	0	
0	0	0	0	0	0	0	0	0	0	0	0	0	0	0	0	0	0	0	0	0	0	0	500	0	0	0	0	0	0	0	0	0	0	0	0	0	0	0	0	0	0	0	0	0	0	0	0	0	0	0	0	0	0	0	0	0	0	0	0	0	0	0	0	0	0	0	0	0	0	0	0	0	0	0	500	0	0	0	0	0	0	0	0	0	0	0	0	0	0	0	0	0	0	0	0	500	0	0	0	0	0	0	0	0	0	0	0	0	0	0	0	0	0	0	0	0	0	0	0	
0	0	0	0	0	0	0	0	0	0	0	0	0	0	0	0	0	0	0	0	0	0	0	0	0	0	0	0	500	0	0	0	0	0	0	0	0	0	0	0	0	0	0	0	0	0	0	0	0	0	0	0	500	0	0	0	0	0	0	0	0	0	0	0	0	0	0	0	0	0	0	0	0	0	0	0	0	0	0	0	0	0	0	0	0	0	0	0	0	0	0	0	0	0	0	0	0	0	500	0	0	0	0	0	0	0	0	0	0	0	0	0	0	0	0	0	0	0	0	0	
0	0	0	0	0	0	0	0	0	0	0	0	0	0	0	0	0	0	0	0	0	0	0	0	0	500	0	0	0	0	0	0	0	0	0	0	0	0	0	0	0	0	0	0	0	0	0	0	0	0	0	0	0	0	0	0	0	500	0	0	0	0	0	0	0	0	0	0	500	0	0	0	0	0	0	0	0	0	0	0	0	0	0	0	0	0	0	0	0	0	0	0	0	0	0	0	0	0	0	0	0	0	0	0	0	0	0	0	0	0	0	0	0	0	0	0	0	0	0	0	
0	0	0	0	0	0	0	0	0	0	0	0	0	0	0	0	0	0	0	0	0	0	0	0	0	0	0	0	0	0	0	0	0	0	0	0	0	0	0	0	0	0	0	500	0	0	0	0	0	0	0	0	0	0	0	0	0	0	0	0	0	0	0	0	0	0	0	0	0	0	0	0	0	0	0	0	0	0	0	0	0	0	0	0	0	0	0	0	0	0	500	0	500	0	0	0	0	0	0	0	0	0	0	0	0	0	0	0	0	0	0	0	0	0	0	0	0	0	0	0	
0	0	0	0	0	0	0	0	0	0	0	0	0	0	0	0	0	0	0	0	0	0	0	0	0	0	0	0	0	0	0	0	0	0	0	0	0	0	0	0	500	0	0	0	0	0	0	0	0	0	0	500	0	0	0	0	0	0	0	0	0	0	500	0	0	0	0	0	0	0	0	0	0	0	0	0	0	0	0	0	0	0	0	0	0	0	0	0	0	0	0	0	0	0	0	0	0	0	0	0	0	0	0	0	0	0	0	0	0	0	0	0	0	0	0	0	0	0	0	0	
0	0	0	0	0	0	0	0	0	0	0	0	0	0	0	0	500	0	0	0	0	0	0	0	0	0	0	0	0	0	0	0	0	0	0	0	0	0	0	0	0	0	0	0	0	0	0	0	0	0	0	0	0	0	0	0	0	0	0	0	0	500	0	500	0	0	0	0	0	0	0	0	0	0	0	0	0	0	0	0	0	0	0	0	0	0	0	0	0	0	0	0	0	0	0	0	0	0	0	0	0	0	0	0	0	0	0	0	0	0	0	0	0	0	0	0	0	0	0	0	
0	0	0	0	0	0	0	0	0	0	0	0	0	0	500	0	0	0	0	0	0	0	0	0	0	0	0	0	0	0	0	0	0	0	0	0	0	0	0	0	0	0	0	0	0	0	0	0	0	0	0	0	0	0	0	0	0	0	0	0	0	0	0	0	500	0	0	0	0	0	0	500	0	0	0	0	0	0	0	0	0	0	0	0	0	0	0	0	0	0	0	0	0	0	0	0	0	0	0	0	0	0	0	0	0	0	0	0	0	0	0	0	0	0	0	0	0	0	0	0	
0	0	0	0	0	0	0	0	0	0	0	0	0	0	0	500	0	0	0	0	0	0	0	0	0	0	0	0	0	0	0	0	0	0	0	0	0	0	0	0	0	0	0	0	0	0	0	0	0	0	0	0	0	500	0	0	0	0	0	0	0	0	0	0	0	0	0	0	0	500	0	0	0	0	0	0	0	0	0	0	0	0	0	0	0	0	0	0	0	0	0	0	0	0	0	0	0	0	0	0	0	0	0	0	0	0	0	0	0	0	0	0	0	0	0	0	0	0	0	0	
0	0	0	0	0	0	0	0	0	0	0	0	500	0	0	0	0	0	500	0	0	0	0	0	0	0	0	0	0	0	0	0	0	0	0	0	0	0	0	0	0	0	0	0	0	0	0	500	0	0	0	0	0	0	0	0	0	0	0	0	0	0	0	0	0	0	0	0	0	0	0	0	0	0	0	0	0	0	0	0	0	0	0	0	0	0	0	0	0	0	0	0	0	0	0	0	0	0	0	0	0	0	0	0	0	0	0	0	0	0	0	0	0	0	0	0	0	0	0	0	
0	0	0	0	0	0	0	0	0	0	0	0	0	500	0	0	0	0	0	0	0	0	0	0	0	0	0	0	0	0	0	0	0	0	0	0	0	0	0	0	0	0	0	0	0	0	0	0	0	0	0	0	0	500	0	0	0	0	0	0	0	0	0	0	0	0	0	0	0	500	0	0	0	0	0	0	0	0	0	0	0	0	0	0	0	0	0	0	0	0	0	0	0	0	0	0	0	0	0	0	0	0	0	0	0	0	0	0	0	0	0	0	0	0	0	0	0	0	0	0	
0	0	0	0	0	0	0	0	0	0	0	500	0	0	0	0	0	0	0	0	0	0	0	0	0	0	0	0	0	0	0	0	0	0	0	0	0	0	0	0	0	0	0	0	0	0	0	0	0	500	0	0	0	0	500	0	0	0	0	0	0	0	0	0	0	0	0	0	0	0	0	0	0	0	0	0	0	0	0	0	0	0	0	0	0	0	0	0	0	0	0	0	0	0	0	0	0	0	0	0	0	0	0	0	0	0	0	0	0	0	0	0	0	0	0	0	0	0	0	0	
0	0	0	0	500	0	0	0	0	0	0	0	0	0	0	0	0	0	0	0	0	0	0	0	0	0	0	0	0	0	0	0	0	0	0	0	0	0	0	0	500	0	0	0	0	0	0	0	0	0	0	0	0	0	0	0	0	0	0	0	0	0	0	0	0	0	0	0	0	0	0	0	0	0	0	0	0	0	0	0	0	0	0	0	0	500	0	0	0	0	0	0	0	0	0	0	0	0	0	0	0	0	0	0	0	0	0	0	0	0	0	0	0	0	0	0	0	0	0	0	
0	0	0	0	0	0	0	0	0	0	0	0	0	0	500	0	0	0	0	0	0	0	0	0	0	0	0	0	0	0	0	0	0	0	0	0	0	0	0	0	0	0	0	0	0	0	0	500	0	0	0	0	0	0	0	0	0	0	0	0	0	0	0	0	0	0	0	500	0	0	0	0	0	0	0	0	0	0	0	0	0	0	0	0	0	0	0	0	0	0	0	0	0	0	0	0	0	0	0	0	0	0	0	0	0	0	0	0	0	0	0	0	0	0	0	0	0	0	0	0	
500	0	0	0	0	0	0	0	0	0	0	0	0	0	0	0	0	0	0	0	0	0	0	0	0	0	0	0	0	0	0	0	0	0	0	0	0	0	0	0	0	0	0	0	0	0	0	0	0	0	0	0	0	0	0	0	500	0	0	0	0	0	0	0	0	0	500	0	0	0	0	0	0	0	0	0	0	0	0	0	0	0	0	0	0	0	500	0	0	0	0	0	0	0	0	0	0	0	0	0	0	0	0	0	0	0	0	0	0	0	0	0	0	0	0	0	0	0	0	0	
0	0	0	0	0	0	0	0	0	0	0	0	0	0	0	0	0	0	0	0	0	0	0	0	0	0	0	0	0	0	0	0	0	0	0	0	0	0	0	0	0	0	0	0	0	500	0	0	0	0	0	0	0	0	0	0	0	0	500	0	0	0	0	0	0	0	0	0	0	0	0	0	0	0	0	0	0	0	0	0	0	0	0	0	0	0	0	0	0	0	0	0	0	0	0	0	0	0	0	0	0	0	0	0	0	0	0	0	0	0	0	0	0	0	0	0	500	0	0	0	
0	0	0	0	0	0	0	0	0	0	0	0	0	0	0	0	0	0	0	0	0	0	0	0	0	0	0	0	0	0	0	0	0	0	0	0	500	0	0	0	0	0	0	0	0	0	0	0	0	0	0	0	0	0	0	0	0	0	0	0	0	0	0	0	0	0	0	0	0	0	0	0	0	0	500	0	0	0	0	0	0	0	0	0	0	0	0	0	0	0	0	0	0	0	0	0	0	0	0	0	0	0	0	0	0	0	0	0	0	0	0	0	0	500	0	0	0	0	0	0	
0	0	0	0	500	0	0	0	0	0	0	0	0	0	0	0	0	0	0	0	0	0	0	0	0	0	0	0	0	0	0	0	0	0	0	0	0	0	0	0	0	0	0	0	0	0	0	0	0	0	0	0	0	0	0	0	0	0	0	0	0	0	0	0	0	0	0	0	500	0	0	0	0	0	0	0	0	0	0	0	0	0	0	0	0	500	0	0	0	0	0	0	0	0	0	0	0	0	0	0	0	0	0	0	0	0	0	0	0	0	0	0	0	0	0	0	0	0	0	0	
0	0	0	0	0	0	500	0	0	0	0	0	0	0	0	0	0	0	0	0	0	0	0	0	0	0	0	0	0	0	0	0	0	500	0	0	0	0	0	0	0	0	0	0	0	0	0	0	0	0	0	0	0	0	0	0	0	0	0	0	0	0	0	0	0	0	0	0	0	0	0	0	0	0	0	0	0	0	0	0	0	0	0	0	0	0	0	0	0	0	0	0	0	0	0	0	0	0	0	0	0	0	0	0	0	0	0	0	0	0	0	0	0	0	0	0	0	0	500	0	
0	0	0	0	0	0	0	0	0	0	0	0	0	0	0	0	0	0	0	0	0	0	0	0	0	0	0	0	0	0	0	0	0	0	0	0	0	0	0	0	0	0	0	0	0	0	0	0	0	0	0	0	0	0	0	0	0	0	0	500	0	0	0	0	500	0	0	0	0	0	0	0	0	0	0	0	0	0	0	0	0	0	500	0	0	0	0	0	0	0	0	0	0	0	0	0	0	0	0	0	0	0	0	0	0	0	0	0	0	0	0	0	0	0	0	0	0	0	0	0	
0	0	0	0	0	0	0	0	500	0	0	0	0	0	0	0	0	0	0	0	0	0	0	0	0	0	0	0	0	0	0	0	0	0	0	0	0	0	0	0	0	0	0	0	0	0	0	0	0	0	0	0	0	0	0	0	0	0	0	0	0	0	0	0	0	0	0	0	500	0	0	500	0	0	0	0	0	0	0	0	0	0	0	0	0	0	0	0	0	0	0	0	0	0	0	0	0	0	0	0	0	0	0	0	0	0	0	0	0	0	0	0	0	0	0	0	0	0	0	0	
0	0	0	0	0	0	0	0	0	0	0	0	0	0	0	0	0	0	0	0	0	0	0	0	0	0	0	0	0	0	0	0	0	0	0	0	0	0	0	0	0	0	0	0	0	0	0	0	500	0	0	0	0	0	0	0	0	0	0	0	0	0	0	0	0	0	0	0	0	0	0	0	0	0	0	0	0	500	0	0	0	0	0	0	0	0	0	0	0	0	0	0	0	0	0	0	0	0	0	500	0	0	0	0	0	0	0	0	0	0	0	0	0	0	0	0	0	0	0	0	
0	0	0	0	0	0	0	0	0	0	0	0	0	0	0	0	0	0	0	0	0	0	0	0	0	0	0	0	0	0	0	0	0	0	500	0	0	0	0	0	0	0	0	0	500	0	0	0	0	0	0	0	0	0	0	0	0	0	0	0	0	0	0	0	0	0	0	0	0	0	0	0	0	0	0	0	0	0	0	0	0	0	0	0	0	0	0	0	500	0	0	0	0	0	0	0	0	0	0	0	0	0	0	0	0	0	0	0	0	0	0	0	0	0	0	0	0	0	0	0	
0	0	0	0	0	500	0	500	0	0	0	0	0	0	0	0	0	0	0	0	0	0	0	0	0	0	0	0	0	0	0	0	0	0	0	0	0	0	0	0	0	0	0	0	0	0	0	0	0	0	500	0	0	0	0	0	0	0	0	0	0	0	0	0	0	0	0	0	0	0	0	0	0	0	0	0	0	0	0	0	0	0	0	0	0	0	0	0	0	0	0	0	0	0	0	0	0	0	0	0	0	0	0	0	0	0	0	0	0	0	0	0	0	0	0	0	0	0	0	0	
0	0	0	0	0	0	0	0	0	0	0	0	0	0	0	0	0	0	0	0	0	0	0	0	0	0	0	0	0	0	0	0	0	0	0	0	0	0	0	0	0	0	500	0	0	0	0	0	0	0	0	0	0	0	0	0	0	0	0	0	0	0	0	0	0	0	0	0	0	0	0	0	0	0	0	0	0	0	0	0	0	0	0	0	0	0	0	0	0	0	0	0	0	0	0	0	0	0	0	0	0	0	0	0	0	500	0	0	0	0	0	500	0	0	0	0	0	0	0	0	
500	0	0	0	0	0	0	0	0	0	0	0	0	0	0	0	0	0	0	0	0	0	0	0	0	0	0	0	0	0	0	0	500	0	0	0	0	0	0	0	0	0	0	0	0	0	0	0	0	0	0	0	0	0	0	500	0	0	0	0	0	0	0	0	0	0	0	0	0	0	0	0	0	0	0	0	0	0	0	0	0	0	0	0	0	0	0	0	0	0	0	0	0	0	0	0	0	0	0	0	0	0	500	0	0	0	0	0	0	0	0	0	0	0	0	0	0	0	0	0	
0	0	0	0	0	0	0	0	0	0	0	0	0	0	0	0	0	0	0	0	0	0	0	0	0	0	0	0	0	0	0	0	0	0	0	0	0	0	0	0	0	0	0	0	0	0	0	0	500	0	0	0	0	0	0	0	0	0	0	0	0	0	0	0	0	0	0	0	0	0	0	0	0	0	0	0	0	500	0	0	0	0	0	0	0	0	0	0	0	0	0	0	0	0	0	0	0	0	0	500	0	0	0	0	0	0	0	0	0	0	0	0	0	0	0	0	0	0	0	0	
0	0	0	0	0	0	0	0	0	0	0	0	0	0	0	0	0	0	0	0	0	0	0	0	0	0	0	0	0	0	500	0	0	0	0	0	0	0	0	0	0	0	0	0	0	0	0	0	0	0	0	0	0	0	0	500	0	0	0	0	0	0	0	0	0	0	0	0	0	0	0	0	0	0	0	0	0	0	0	0	0	0	0	0	0	0	0	0	0	0	0	0	0	0	0	0	0	0	0	0	0	0	500	0	0	0	0	0	0	0	0	0	0	0	0	0	0	0	0	0	
0	0	0	0	0	0	0	0	0	0	0	0	0	0	0	0	0	0	0	0	0	0	0	500	0	0	0	0	0	0	0	0	0	0	0	0	0	0	0	0	0	0	0	0	0	0	0	0	0	0	0	0	500	0	0	0	0	0	0	0	0	0	0	0	0	0	0	0	0	0	0	0	0	0	0	0	0	0	0	0	0	0	0	0	0	0	0	0	0	0	0	0	0	0	0	0	0	0	0	0	0	0	0	0	0	0	0	0	0	0	0	0	500	0	0	0	0	0	0	0	
0	0	0	0	0	0	0	0	0	0	0	0	0	0	0	0	0	0	0	0	0	0	0	0	0	0	0	500	0	0	0	0	0	0	0	0	0	0	0	0	0	0	0	0	0	0	0	0	0	0	0	0	0	0	0	0	0	0	0	0	0	0	0	0	0	0	0	0	0	0	0	0	0	0	0	0	0	0	0	0	0	0	0	0	0	0	0	0	500	0	0	500	0	0	0	0	0	0	0	0	0	0	0	0	0	0	0	0	0	0	0	0	0	0	0	0	0	0	0	0	
0	0	0	0	0	0	0	0	0	0	0	0	0	0	0	0	0	0	0	0	0	0	0	0	0	0	0	0	0	0	0	0	0	0	0	0	0	0	0	500	0	0	0	0	0	0	0	0	0	500	0	0	0	0	500	0	0	0	0	0	0	0	0	0	0	0	0	0	0	0	0	0	0	0	0	0	0	0	0	0	0	0	0	0	0	0	0	0	0	0	0	0	0	0	0	0	0	0	0	0	0	0	0	0	0	0	0	0	0	0	0	0	0	0	0	0	0	0	0	0	
0	0	0	0	0	0	0	0	0	0	0	0	0	0	0	0	0	0	0	0	0	500	0	0	0	0	0	0	0	0	0	0	0	0	0	0	0	0	0	0	0	0	0	0	0	0	0	0	0	0	0	0	0	0	0	0	0	0	0	0	0	0	0	0	0	0	0	0	0	0	0	0	0	0	0	0	0	0	0	0	0	0	0	0	0	0	0	0	0	500	0	0	0	0	0	0	0	0	0	0	0	0	0	0	0	0	0	0	0	0	0	0	0	500	0	0	0	0	0	0	
0	0	0	0	0	0	0	0	0	0	0	0	0	0	0	0	0	0	0	0	0	0	0	0	0	0	0	0	0	0	0	0	0	0	0	0	0	0	0	0	0	0	0	0	0	0	0	0	0	0	0	0	500	0	0	0	0	0	0	0	0	0	0	0	0	0	0	0	0	0	0	0	0	0	0	0	0	0	0	0	0	0	0	0	0	0	0	0	0	0	0	0	0	0	0	0	0	0	0	0	0	0	0	0	0	0	0	0	0	500	0	0	500	0	0	0	0	0	0	0	
0	500	0	0	0	0	0	0	0	0	0	0	0	0	0	0	0	0	0	0	0	0	0	0	0	0	0	0	0	0	0	0	0	0	0	0	0	0	0	0	0	0	0	0	0	0	0	0	0	0	0	0	0	0	0	0	0	0	0	0	500	0	0	0	0	0	0	0	0	0	0	0	0	0	0	0	0	0	0	0	500	0	0	0	0	0	0	0	0	0	0	0	0	0	0	0	0	0	0	0	0	0	0	0	0	0	0	0	0	0	0	0	0	0	0	0	0	0	0	0	
0	0	0	0	0	0	0	0	0	0	0	0	0	0	0	0	0	0	0	0	0	0	0	0	0	0	0	0	0	0	0	0	0	0	0	500	0	0	0	0	0	0	0	0	0	0	0	0	0	500	0	0	0	0	500	0	0	0	0	0	0	0	0	0	0	0	0	0	0	0	0	0	0	0	0	0	0	0	0	0	0	0	0	0	0	0	0	0	0	0	0	0	0	0	0	0	0	0	0	0	0	0	0	0	0	0	0	0	0	0	0	0	0	0	0	0	0	0	0	0	
0	0	0	0	0	0	0	0	0	0	500	0	0	0	0	0	0	500	0	0	0	0	0	0	0	0	0	0	0	0	0	0	0	0	0	0	0	0	0	0	0	0	0	0	0	0	0	0	0	0	0	0	0	0	0	0	0	0	0	0	0	0	500	0	0	0	0	0	0	0	0	0	0	0	0	0	0	0	0	0	0	0	0	0	0	0	0	0	0	0	0	0	0	0	0	0	0	0	0	0	0	0	0	0	0	0	0	0	0	0	0	0	0	0	0	0	0	0	0	0	
0	0	0	0	0	0	0	0	0	0	0	0	0	0	0	0	0	0	0	0	0	0	0	0	0	0	0	0	0	0	0	0	0	0	0	0	0	0	0	0	0	0	0	0	0	0	0	0	500	0	0	0	0	0	0	0	0	0	0	0	0	0	0	0	0	0	0	0	0	0	0	0	0	0	0	0	500	0	0	0	0	0	0	0	0	0	0	0	0	0	0	0	0	0	0	0	0	0	0	500	0	0	0	0	0	0	0	0	0	0	0	0	0	0	0	0	0	0	0	0	
0	0	0	0	0	0	0	0	0	0	0	0	0	0	0	0	0	0	0	0	0	0	0	0	0	0	0	0	0	500	0	0	0	0	0	0	0	0	0	0	0	0	0	0	0	0	0	0	0	0	0	0	0	0	0	0	0	0	0	0	0	0	0	0	0	500	0	0	0	0	0	0	0	0	0	0	0	0	0	0	0	0	0	500	0	0	0	0	0	0	0	0	0	0	0	0	0	0	0	0	0	0	0	0	0	0	0	0	0	0	0	0	0	0	0	0	0	0	0	0	
0	0	0	0	0	0	0	0	0	500	0	0	0	0	0	0	0	0	0	0	0	0	0	0	0	0	0	0	0	0	0	0	0	0	0	0	0	0	0	0	0	0	0	0	0	0	0	0	0	0	0	0	0	0	0	0	0	0	0	0	0	0	0	0	0	0	0	0	0	0	0	0	500	0	0	0	0	0	0	0	0	0	0	0	0	0	0	0	0	0	0	0	500	0	0	0	0	0	0	0	0	0	0	0	0	0	0	0	0	0	0	0	0	0	0	0	0	0	0	0	
0	0	0	0	0	0	0	0	0	0	0	0	0	0	0	0	0	0	0	0	0	0	0	0	0	0	0	500	0	0	0	0	0	0	0	0	0	0	0	0	0	0	0	0	0	0	0	0	0	0	0	0	0	0	0	0	0	0	0	0	0	0	0	0	0	0	0	0	0	0	0	0	0	0	0	0	0	0	0	0	0	0	0	0	0	0	0	0	0	0	0	0	0	0	0	0	0	0	0	0	0	0	0	500	0	0	0	500	0	0	0	0	0	0	0	0	0	0	0	0	
0	0	500	0	0	0	0	0	0	0	0	0	0	0	0	0	0	0	0	0	500	0	0	0	0	0	0	0	0	0	0	0	0	0	0	0	0	0	0	0	0	0	0	0	0	0	0	0	0	0	0	0	0	0	0	0	0	0	500	0	0	0	0	0	0	0	0	0	0	0	0	0	0	0	0	0	0	0	0	0	0	0	0	0	0	0	0	0	0	0	0	0	0	0	0	0	0	0	0	0	0	0	0	0	0	0	0	0	0	0	0	0	0	0	0	0	0	0	0	0	
0	0	0	0	0	0	0	0	0	0	0	0	0	0	0	0	0	0	0	0	0	0	0	0	0	0	0	0	0	0	0	0	0	0	0	0	0	0	0	0	0	0	0	0	0	0	0	0	0	0	0	0	0	0	0	0	0	0	0	0	0	0	500	0	0	0	0	0	0	0	0	0	0	0	0	0	0	0	0	0	0	0	0	500	0	0	0	0	0	0	0	0	0	0	0	0	0	500	0	0	0	0	0	0	0	0	0	0	0	0	0	0	0	0	0	0	0	0	0	0	
0	0	0	0	0	0	0	0	0	0	0	0	0	0	500	0	0	0	500	0	0	0	0	0	0	0	0	0	0	0	0	0	0	0	0	0	0	0	0	0	0	0	0	0	0	0	0	0	0	0	0	0	0	0	0	0	0	0	0	0	0	0	0	0	0	0	0	0	0	0	0	0	0	0	0	0	0	0	0	0	0	0	0	0	0	0	0	0	0	0	0	0	0	0	0	500	0	0	0	0	0	0	0	0	0	0	0	0	0	0	0	0	0	0	0	0	0	0	0	0	
0	0	0	0	0	0	0	0	0	0	0	0	0	0	0	0	0	0	0	0	0	0	0	0	0	0	500	0	0	0	0	500	0	0	0	0	0	0	0	0	0	500	0	0	0	0	0	0	0	0	0	0	0	0	0	0	0	0	0	0	0	0	0	0	0	0	0	0	0	0	0	0	0	0	0	0	0	0	0	0	0	0	0	0	0	0	0	0	0	0	0	0	0	0	0	0	0	0	0	0	0	0	0	0	0	0	0	0	0	0	0	0	0	0	0	0	0	0	0	0	
0	0	0	0	0	0	0	0	0	0	0	0	0	0	0	0	500	0	0	0	0	0	0	0	0	0	0	0	0	0	0	0	0	0	0	500	0	0	0	500	0	0	0	0	0	0	0	0	0	0	0	0	0	0	0	0	0	0	0	0	0	0	0	0	0	0	0	0	0	0	0	0	0	0	0	0	0	0	0	0	0	0	0	0	0	0	0	0	0	0	0	0	0	0	0	0	0	0	0	0	0	0	0	0	0	0	0	0	0	0	0	0	0	0	0	0	0	0	0	0	
0	0	0	0	0	0	0	0	0	0	0	0	0	0	0	0	0	0	0	0	0	0	0	0	0	0	0	0	500	0	0	0	0	0	0	0	0	0	0	0	0	0	0	0	0	0	0	0	0	0	0	0	0	0	0	0	0	0	0	0	0	0	0	0	0	0	0	0	0	0	0	0	0	0	0	0	0	0	0	0	0	0	0	0	0	0	0	0	0	0	0	0	0	0	0	0	500	0	0	0	0	0	0	0	0	0	0	0	0	0	500	0	0	0	0	0	0	0	0	0	
0	0	0	0	0	0	0	0	0	0	500	0	0	0	0	0	0	0	0	0	0	0	0	0	0	0	0	0	0	0	0	0	0	0	0	0	0	0	0	0	0	0	0	0	0	0	0	0	0	0	0	0	0	0	0	0	0	0	0	0	0	0	0	0	0	0	0	0	0	0	0	0	0	0	0	0	0	500	0	0	0	0	0	0	0	0	0	0	0	0	0	0	0	0	0	0	0	0	0	0	0	0	0	0	0	0	0	0	500	0	0	0	0	0	0	0	0	0	0	0	
0	0	0	0	0	0	0	500	0	0	0	0	0	0	0	0	0	0	0	0	0	0	0	0	0	0	0	0	0	0	0	0	0	500	0	0	0	500	0	0	0	0	0	0	0	0	0	0	0	0	0	0	0	0	0	0	0	0	0	0	0	0	0	0	0	0	0	0	0	0	0	0	0	0	0	0	0	0	0	0	0	0	0	0	0	0	0	0	0	0	0	0	0	0	0	0	0	0	0	0	0	0	0	0	0	0	0	0	0	0	0	0	0	0	0	0	0	0	0	0	
0	0	0	0	0	0	0	0	0	0	0	0	0	500	0	500	0	0	0	0	0	0	0	0	0	0	0	0	0	0	0	0	0	0	0	0	0	0	0	0	0	0	0	0	0	0	0	0	0	0	0	0	0	0	0	0	0	0	0	0	0	0	0	0	0	0	0	0	0	0	0	0	0	0	0	0	0	0	0	0	0	0	0	0	0	0	0	0	0	0	0	0	0	0	0	0	0	0	0	0	0	0	0	0	0	0	0	0	0	0	0	0	0	0	500	0	0	0	0	0	
0	0	0	0	0	0	0	0	0	0	0	0	0	0	0	0	500	0	0	0	0	0	0	0	0	0	0	0	0	0	0	0	0	0	0	500	0	0	0	500	0	0	0	0	0	0	0	0	0	0	0	0	0	0	0	0	0	0	0	0	0	0	0	0	0	0	0	0	0	0	0	0	0	0	0	0	0	0	0	0	0	0	0	0	0	0	0	0	0	0	0	0	0	0	0	0	0	0	0	0	0	0	0	0	0	0	0	0	0	0	0	0	0	0	0	0	0	0	0	0	
0	0	0	0	0	0	0	0	0	0	0	0	0	0	0	0	0	0	0	0	0	0	0	0	0	0	0	0	0	0	500	0	500	0	0	0	0	0	0	0	0	0	0	0	0	0	0	0	0	0	0	0	0	0	0	0	0	0	0	0	0	0	0	0	0	0	0	0	0	0	0	0	0	0	0	0	0	0	0	0	0	0	0	0	0	0	0	0	0	0	0	0	0	0	0	0	0	0	0	0	0	0	500	0	0	0	0	0	0	0	0	0	0	0	0	0	0	0	0	0	
0	0	0	0	0	0	0	0	0	0	0	0	0	0	0	0	0	0	0	500	0	0	0	0	0	0	0	0	0	0	0	0	0	0	0	0	0	0	0	0	0	0	0	0	0	0	0	0	0	0	0	0	0	0	0	0	0	0	0	0	0	0	0	0	0	0	500	0	0	0	0	0	0	0	0	0	0	0	0	0	0	0	0	0	0	0	500	0	0	0	0	0	0	0	0	0	0	0	0	0	0	0	0	0	0	0	0	0	0	0	0	0	0	0	0	0	0	0	0	0	
0	0	0	0	0	0	0	0	500	0	0	0	0	0	0	0	0	0	0	0	0	0	0	0	0	0	0	0	0	0	0	0	0	0	0	0	0	0	0	0	0	0	0	0	0	0	0	0	0	0	0	0	0	0	0	0	0	0	0	0	0	0	0	0	0	0	0	0	0	0	0	500	0	0	0	0	0	0	0	0	0	0	0	0	0	0	0	0	0	0	0	0	0	0	0	0	0	0	0	0	0	0	0	0	500	0	0	0	0	0	0	0	0	0	0	0	0	0	0	0	
0	0	0	0	0	0	0	0	0	0	0	0	0	0	0	0	0	0	0	0	500	0	0	0	0	0	0	0	0	0	0	0	0	0	0	0	0	0	0	0	0	0	0	0	0	500	0	0	0	0	0	0	0	0	0	0	0	0	0	0	0	0	0	0	0	0	0	0	0	0	0	0	0	0	0	0	0	0	0	0	0	0	0	0	500	0	0	0	0	0	0	0	0	0	0	0	0	0	0	0	0	0	0	0	0	0	0	0	0	0	0	0	0	0	0	0	0	0	0	0	
0	0	0	0	0	0	0	0	0	0	0	0	0	0	0	0	0	0	0	0	0	0	0	0	500	0	0	0	0	0	0	0	0	0	0	0	0	0	0	0	0	0	0	0	0	0	0	0	0	0	0	0	0	0	0	0	0	0	0	0	0	0	0	0	500	0	0	0	0	0	500	0	0	0	0	0	0	0	0	0	0	0	0	0	0	0	0	0	0	0	0	0	0	0	0	0	0	0	0	0	0	0	0	0	0	0	0	0	0	0	0	0	0	0	0	0	0	0	0	0	
0	0	0	0	0	0	0	0	0	0	0	0	0	0	0	0	0	0	0	0	0	0	0	0	0	0	0	0	0	0	0	0	0	0	0	0	0	0	500	0	0	0	0	0	0	0	0	0	0	0	0	0	0	0	0	0	0	0	0	0	0	0	0	0	0	0	0	0	0	0	0	0	0	0	0	0	0	0	0	0	500	0	0	0	0	0	0	0	0	0	0	0	0	0	0	500	0	0	0	0	0	0	0	0	0	0	0	0	0	0	0	0	0	0	0	0	0	0	0	0	
0	500	0	0	0	0	0	0	0	0	0	500	0	0	0	0	0	0	0	0	0	0	0	0	0	0	0	0	0	0	0	0	0	0	0	0	0	0	0	0	0	0	0	0	0	0	0	0	0	0	0	0	0	0	0	0	0	0	0	0	0	0	0	500	0	0	0	0	0	0	0	0	0	0	0	0	0	0	0	0	0	0	0	0	0	0	0	0	0	0	0	0	0	0	0	0	0	0	0	0	0	0	0	0	0	0	0	0	0	0	0	0	0	0	0	0	0	0	0	0	
0	0	0	0	0	0	0	0	0	0	500	0	0	0	0	0	0	0	0	0	0	0	0	0	0	0	0	0	0	0	0	0	0	0	0	0	0	0	0	0	500	0	0	0	0	0	500	0	0	0	0	0	0	0	0	0	0	0	0	0	0	0	0	0	0	0	0	0	0	0	0	0	0	0	0	0	0	0	0	0	0	0	0	0	0	0	0	0	0	0	0	0	0	0	0	0	0	0	0	0	0	0	0	0	0	0	0	0	0	0	0	0	0	0	0	0	0	0	0	0	
0	0	0	0	0	0	0	0	0	0	0	500	0	0	0	0	0	0	0	0	0	0	0	0	0	0	0	0	0	0	0	0	0	0	0	0	0	0	0	0	0	0	0	0	0	0	0	0	0	0	0	0	0	0	0	0	0	0	0	0	0	500	0	0	0	0	0	0	0	0	0	0	0	0	0	0	0	0	0	500	0	0	0	0	0	0	0	0	0	0	0	0	0	0	0	0	0	0	0	0	0	0	0	0	0	0	0	0	0	0	0	0	0	0	0	0	0	0	0	0	
0	0	0	0	0	0	0	0	0	0	0	0	500	0	0	0	0	0	0	0	0	0	0	0	500	0	0	0	0	0	0	0	0	0	0	0	0	0	0	0	0	0	0	0	0	0	0	0	0	0	0	0	0	0	0	0	0	0	0	500	0	0	0	0	0	0	0	0	0	0	0	0	0	0	0	0	0	0	0	0	0	0	0	0	0	0	0	0	0	0	0	0	0	0	0	0	0	0	0	0	0	0	0	0	0	0	0	0	0	0	0	0	0	0	0	0	0	0	0	0	
0	0	0	0	0	0	0	0	0	0	0	0	0	0	0	0	0	0	0	0	0	0	0	0	0	0	0	0	0	0	0	0	0	0	0	0	0	0	0	0	0	0	500	0	0	0	0	0	0	0	0	0	0	0	0	0	0	0	0	0	0	0	0	0	0	0	0	0	0	0	0	0	0	0	500	0	0	0	0	0	0	0	0	0	0	0	0	0	0	0	0	0	0	0	0	0	0	0	0	0	0	0	0	0	0	0	0	0	0	0	0	0	0	0	0	0	0	500	0	0	
0	0	0	0	0	0	0	0	0	0	0	0	0	0	0	0	0	0	0	500	0	0	0	0	0	0	0	0	0	0	0	0	0	0	0	0	0	0	0	0	0	0	0	0	0	0	0	0	0	0	0	0	0	0	0	0	500	0	0	0	0	0	0	0	0	0	0	0	0	0	0	0	0	0	0	0	0	0	0	0	0	0	0	0	0	0	500	0	0	0	0	0	0	0	0	0	0	0	0	0	0	0	0	0	0	0	0	0	0	0	0	0	0	0	0	0	0	0	0	0	
0	0	0	0	0	0	0	0	0	0	0	0	0	0	0	0	0	0	500	0	0	0	0	0	0	0	0	0	0	0	0	0	0	0	0	0	0	0	0	0	0	0	0	0	0	0	0	0	0	0	0	0	0	0	0	0	0	0	0	0	0	0	0	0	0	0	0	0	0	0	0	0	0	0	0	0	0	0	0	0	0	0	0	0	0	0	0	0	0	0	0	0	0	0	0	500	0	0	0	0	0	0	0	0	0	0	0	0	0	0	0	0	0	0	0	500	0	0	0	0	
0	0	0	0	0	0	0	0	500	0	0	0	0	0	0	0	0	0	0	0	0	0	500	0	0	500	0	0	0	0	0	0	0	0	0	0	0	0	0	0	0	0	0	0	0	0	0	0	0	0	0	0	0	0	0	0	0	0	0	0	0	0	0	0	0	0	0	0	0	0	0	0	0	0	0	0	0	0	0	0	0	0	0	0	0	0	0	0	0	0	0	0	0	0	0	0	0	0	0	0	0	0	0	0	0	0	0	0	0	0	0	0	0	0	0	0	0	0	0	0	
0	0	0	0	0	0	0	0	0	0	0	0	0	500	0	500	0	0	0	0	0	0	0	0	0	0	0	0	0	0	0	0	0	0	0	0	0	0	0	0	0	0	0	0	0	0	0	0	0	0	0	0	0	0	0	0	0	0	0	0	0	0	0	0	0	0	0	0	0	0	0	0	0	0	0	0	0	0	0	0	0	0	0	0	0	0	0	0	0	0	0	0	0	0	0	0	0	0	0	0	0	0	0	0	0	0	0	0	0	0	0	0	0	0	500	0	0	0	0	0	
0	0	0	500	0	0	0	0	0	0	0	0	0	0	0	0	0	0	0	0	0	0	0	0	0	0	0	0	0	0	0	0	0	0	0	0	0	0	0	0	0	0	0	0	0	0	0	0	0	0	0	0	0	0	0	0	0	0	0	500	0	0	0	0	0	0	0	0	0	0	0	0	0	0	0	0	0	0	0	0	0	0	0	0	0	0	0	0	0	0	0	0	0	0	0	0	0	0	0	0	0	0	0	0	0	0	500	0	0	0	0	0	0	0	0	0	0	0	0	0	
0	0	0	0	0	0	0	0	0	0	0	0	500	0	0	0	0	0	0	0	0	0	0	0	0	500	0	0	0	0	0	0	0	0	0	0	0	0	0	0	0	0	0	0	0	0	0	0	0	0	0	0	0	0	0	0	0	500	0	0	0	0	0	0	0	0	0	0	0	0	0	0	0	0	0	0	0	0	0	0	0	0	0	0	0	0	0	0	0	0	0	0	0	0	0	0	0	0	0	0	0	0	0	0	0	0	0	0	0	0	0	0	0	0	0	0	0	0	0	0	
0	0	0	0	0	0	0	0	0	0	0	0	0	0	0	0	0	0	0	0	0	0	0	0	0	0	0	0	0	0	0	0	0	0	0	0	0	0	0	0	0	0	0	500	0	0	0	0	0	0	0	0	0	0	0	0	0	0	0	0	0	0	0	0	0	0	0	0	0	0	0	0	0	0	0	0	0	0	0	0	0	0	0	0	0	0	0	0	0	0	0	0	500	0	0	0	0	0	0	0	0	0	0	0	0	0	0	0	0	0	0	0	0	0	0	0	0	0	500	0	
0	0	0	0	0	0	0	0	0	0	0	0	0	0	0	0	0	0	0	0	0	0	0	0	0	0	0	0	0	0	0	0	0	0	0	0	0	0	0	0	0	0	0	0	0	0	0	0	0	0	0	0	0	0	0	0	0	0	0	0	0	0	0	0	0	0	0	0	0	0	0	0	0	0	0	0	0	0	0	0	0	500	0	0	0	0	0	0	0	0	0	0	0	0	0	0	0	0	0	0	0	0	0	0	0	0	0	0	0	0	500	0	0	0	0	0	0	500	0	0	
0	0	0	0	0	0	0	0	0	0	0	0	0	0	0	0	0	0	0	0	0	500	0	0	0	0	0	0	0	0	0	0	0	0	0	0	0	0	0	0	0	0	0	0	0	0	0	0	0	0	0	0	0	0	0	0	0	0	0	0	0	0	0	0	0	500	0	0	0	0	0	0	0	0	0	0	0	0	0	0	0	0	0	500	0	0	0	0	0	0	0	0	0	0	0	0	0	0	0	0	0	0	0	0	0	0	0	0	0	0	0	0	0	0	0	0	0	0	0	0	
0	0	0	0	0	0	500	0	0	0	0	0	0	0	0	0	0	0	0	0	0	0	0	0	0	0	0	0	0	0	0	0	0	0	0	0	0	0	0	0	0	0	0	0	0	0	0	0	0	0	0	0	0	0	0	0	0	0	0	0	0	0	0	0	0	0	0	0	0	0	0	0	0	0	0	0	0	0	0	0	0	0	0	0	500	0	0	0	0	0	0	0	0	0	0	0	500	0	0	0	0	0	0	0	0	0	0	0	0	0	0	0	0	0	0	0	0	0	0	0	
0	0	0	0	0	0	0	0	0	0	0	0	0	0	0	0	0	0	0	0	0	0	0	0	0	0	0	0	0	0	0	0	0	0	0	0	0	0	0	0	0	500	0	0	0	0	0	0	0	0	0	0	0	0	0	0	0	0	0	0	0	0	0	0	0	0	0	0	0	0	0	0	0	0	0	0	0	0	0	0	0	0	0	0	0	0	0	0	0	0	0	0	0	0	0	0	0	0	0	0	0	500	0	0	500	0	0	0	0	0	0	0	0	0	0	0	0	0	0	0	
0	0	0	0	0	0	0	0	0	0	0	0	0	0	0	0	0	0	0	0	0	0	0	0	0	0	500	0	0	0	0	500	0	0	0	0	0	0	0	0	0	0	0	0	0	0	0	0	0	0	0	500	0	0	0	0	0	0	0	0	0	0	0	0	0	0	0	0	0	0	0	0	0	0	0	0	0	0	0	0	0	0	0	0	0	0	0	0	0	0	0	0	0	0	0	0	0	0	0	0	0	0	0	0	0	0	0	0	0	0	0	0	0	0	0	0	0	0	0	0	
0	0	0	0	0	0	0	0	0	0	0	0	0	0	0	0	0	0	0	0	0	0	0	0	0	0	0	0	0	0	0	0	0	0	0	0	0	0	0	0	0	0	0	0	0	0	0	0	0	0	0	0	0	0	0	0	0	0	0	0	0	0	0	0	0	0	0	0	0	0	0	0	0	0	0	0	0	0	0	0	0	500	500	0	0	0	0	0	0	0	0	0	0	0	0	0	0	0	0	0	0	0	0	0	0	500	0	0	0	0	0	0	0	0	0	0	0	0	0	0	
0	0	0	500	0	0	0	0	0	0	0	0	0	0	0	0	0	0	0	0	0	0	0	0	0	0	0	0	0	0	0	0	0	0	0	0	0	0	0	0	0	0	0	0	0	0	0	0	0	0	0	0	0	0	0	0	0	0	0	0	0	0	0	500	0	0	0	0	0	0	0	0	0	0	0	0	0	0	0	0	0	0	0	0	0	0	0	0	0	0	0	0	0	0	0	0	0	0	0	0	0	0	0	0	0	0	500	0	0	0	0	0	0	0	0	0	0	0	0	0	
0	500	0	0	0	0	0	0	0	0	0	0	0	0	0	0	0	0	0	0	0	0	0	0	0	0	0	0	0	0	0	0	0	0	0	0	0	0	500	0	0	0	0	0	0	0	0	0	0	0	0	0	0	0	0	0	0	0	0	0	500	0	0	0	0	0	0	0	0	0	0	0	0	0	0	0	0	0	0	0	0	0	0	0	0	0	0	0	0	0	0	0	0	0	0	0	0	0	0	0	0	0	0	0	0	0	0	0	0	0	0	0	0	0	0	0	0	0	0	0	
0	0	0	0	0	0	0	0	0	0	0	0	0	0	0	0	0	0	0	0	0	0	0	0	0	0	0	0	0	0	0	0	0	0	0	0	0	0	0	0	0	0	0	0	0	0	0	0	0	0	0	0	0	0	0	0	0	0	0	0	0	0	0	0	0	0	0	0	0	0	0	0	0	500	0	0	0	0	500	0	0	0	0	0	0	0	0	0	0	0	0	0	0	0	0	0	0	0	0	0	0	0	0	0	0	0	0	0	0	0	0	0	0	0	0	0	0	500	0	0	
0	0	0	0	0	0	0	0	0	0	0	0	0	0	0	0	0	0	0	0	0	0	0	0	500	0	0	0	0	0	0	0	0	0	0	0	0	0	0	0	0	0	0	0	0	0	0	0	0	0	0	0	0	0	0	0	0	0	0	0	0	0	0	0	0	0	0	0	0	0	0	0	0	0	0	0	0	0	500	0	0	0	0	0	0	0	0	0	0	0	0	0	0	0	0	0	0	0	0	0	500	0	0	0	0	0	0	0	0	0	0	0	0	0	0	0	0	0	0	0	
0	0	0	0	0	0	0	0	0	0	0	0	0	0	0	0	0	0	0	0	0	0	0	0	0	0	0	0	0	0	0	0	0	0	0	0	0	0	0	0	0	0	500	0	0	0	500	0	0	0	0	0	0	0	0	0	0	0	0	0	0	0	0	0	0	0	0	0	0	0	0	0	0	0	500	0	0	0	0	0	0	0	0	0	0	0	0	0	0	0	0	0	0	0	0	0	0	0	0	0	0	0	0	0	0	0	0	0	0	0	0	0	0	0	0	0	0	0	0	0	
0	0	0	0	0	0	0	0	0	0	0	0	0	0	0	0	0	0	0	0	0	0	0	0	0	0	0	0	0	0	0	0	0	0	0	0	0	0	0	0	0	0	0	0	0	0	0	0	0	0	0	0	0	0	0	0	0	0	500	0	0	0	0	0	0	0	0	0	0	0	0	0	0	0	0	500	0	0	0	0	0	0	0	0	0	0	0	500	0	0	0	0	0	0	0	0	0	0	0	0	0	0	0	0	0	0	0	0	0	0	0	0	0	0	0	0	0	0	0	0	
0	0	0	0	500	0	0	0	0	0	0	0	0	0	0	0	0	500	0	0	0	0	500	0	0	0	0	0	0	0	0	0	0	0	0	0	0	0	0	0	0	0	0	0	0	0	0	0	0	0	0	0	0	0	0	0	0	0	0	0	0	0	0	0	0	0	0	0	0	0	0	0	0	0	0	0	0	0	0	0	0	0	0	0	0	0	0	0	0	0	0	0	0	0	0	0	0	0	0	0	0	0	0	0	0	0	0	0	0	0	0	0	0	0	0	0	0	0	0	0	
0	0	0	0	0	0	0	0	0	0	0	0	0	0	0	0	0	0	0	500	0	0	0	0	0	0	0	0	0	0	0	0	0	0	0	0	0	0	0	0	0	0	0	0	0	0	0	0	0	0	0	0	0	0	0	0	500	0	0	0	0	0	0	0	0	0	500	0	0	0	0	0	0	0	0	0	0	0	0	0	0	0	0	0	0	0	0	0	0	0	0	0	0	0	0	0	0	0	0	0	0	0	0	0	0	0	0	0	0	0	0	0	0	0	0	0	0	0	0	0	
0	0	0	0	0	0	0	0	0	0	0	0	0	0	0	0	0	0	0	0	0	0	0	0	0	0	0	0	0	0	0	0	0	0	0	0	0	0	0	0	0	0	0	0	0	0	0	0	0	0	0	0	0	0	0	0	0	0	0	0	0	0	0	0	0	0	0	0	0	0	0	0	0	0	0	0	0	0	0	0	0	0	0	0	500	0	0	0	0	0	0	0	0	500	500	0	0	0	0	0	0	0	0	0	0	0	0	0	0	0	0	0	0	0	0	0	0	0	0	0	
0	0	0	0	0	0	0	0	0	0	0	0	0	0	0	0	0	0	0	0	0	0	0	0	0	0	0	500	0	0	0	0	0	0	500	0	0	0	0	0	0	0	0	0	0	0	0	0	0	0	0	0	0	0	0	0	0	0	0	0	0	0	0	0	0	0	0	0	0	0	0	0	0	0	0	0	0	0	0	0	0	0	0	0	0	0	0	0	0	0	0	500	0	0	0	0	0	0	0	0	0	0	0	0	0	0	0	0	0	0	0	0	0	0	0	0	0	0	0	0	
0	0	0	0	0	0	0	0	0	0	0	0	0	0	0	0	0	0	0	0	0	0	0	0	0	0	0	0	0	0	0	0	0	0	0	0	500	0	0	0	0	0	0	0	0	0	0	0	0	0	0	0	0	0	0	0	0	0	0	0	0	0	0	0	0	0	0	0	0	0	0	0	0	0	0	0	0	0	0	0	0	0	0	0	0	0	0	0	0	0	0	500	0	0	0	0	0	0	0	0	0	0	0	0	0	0	0	0	0	0	0	0	0	500	0	0	0	0	0	0	
0	0	0	0	0	0	0	0	0	500	0	0	0	0	0	0	0	0	0	0	0	0	0	0	0	0	0	0	0	0	0	0	0	0	0	0	0	0	0	0	0	0	0	0	0	0	0	0	0	0	0	0	0	0	0	0	0	0	0	0	0	0	0	0	0	0	0	0	0	0	0	0	0	0	0	0	0	0	0	0	0	0	0	0	0	0	0	0	0	0	0	0	0	0	0	0	0	0	0	0	0	0	0	0	0	0	0	0	0	0	0	0	0	0	500	0	0	0	500	0	
0	0	0	0	0	0	0	0	0	0	0	0	0	0	0	0	0	0	0	0	0	0	0	0	0	0	0	0	0	0	0	0	0	0	500	0	0	0	0	0	0	0	0	0	0	0	0	0	0	0	0	0	0	0	0	0	0	0	0	0	0	0	0	0	0	0	0	0	0	0	0	0	0	0	0	0	0	0	0	0	0	0	0	0	0	0	0	0	500	500	0	0	0	0	0	0	0	0	0	0	0	0	0	0	0	0	0	0	0	0	0	0	0	0	0	0	0	0	0	0	
0	0	0	0	0	0	0	0	0	500	0	0	0	0	0	0	0	0	0	0	0	0	0	0	0	0	0	0	0	0	0	0	0	0	0	0	0	0	0	0	0	0	0	500	0	0	0	0	0	0	0	0	0	0	0	0	0	0	0	0	0	0	0	0	0	0	0	0	0	0	0	0	500	0	0	0	0	0	0	0	0	0	0	0	0	0	0	0	0	0	0	0	0	0	0	0	0	0	0	0	0	0	0	0	0	0	0	0	0	0	0	0	0	0	0	0	0	0	0	0	
0	0	0	0	0	0	0	0	0	0	0	0	0	0	0	0	0	0	0	0	0	0	0	0	0	0	0	0	0	0	0	0	0	0	0	0	0	0	0	0	0	0	0	0	0	0	0	0	0	0	0	0	0	0	0	0	0	0	0	0	0	0	0	0	0	0	0	0	0	0	0	0	0	0	0	0	0	0	0	0	0	0	0	0	0	0	0	500	0	0	0	0	0	0	500	0	0	0	0	0	0	0	0	0	0	500	0	0	0	0	0	0	0	0	0	0	0	0	0	0	
0	0	500	0	0	0	0	0	0	0	0	0	0	0	0	0	0	0	0	0	0	0	0	0	0	0	0	0	0	0	0	0	0	0	0	0	0	0	0	0	0	0	0	0	0	0	0	0	0	0	0	0	0	0	0	0	0	0	0	0	0	0	0	0	0	0	0	0	0	0	0	0	0	0	0	0	0	0	0	0	0	0	0	0	0	0	0	500	0	0	0	0	0	500	0	0	0	0	0	0	0	0	0	0	0	0	0	0	0	0	0	0	0	0	0	0	0	0	0	0	
0	0	0	0	0	0	0	0	0	0	0	0	0	0	0	0	0	0	0	0	0	0	0	0	0	0	0	0	0	0	0	0	0	0	0	0	0	0	0	0	0	0	0	0	0	0	0	500	0	0	0	0	0	0	0	0	0	0	0	0	500	0	0	0	0	0	0	500	0	0	0	0	0	0	0	0	0	0	0	0	0	0	0	0	0	0	0	0	0	0	0	0	0	0	0	0	0	0	0	0	0	0	0	0	0	0	0	0	0	0	0	0	0	0	0	0	0	0	0	0	
0	0	0	0	0	0	500	0	0	0	0	0	0	0	0	0	0	0	0	0	0	0	0	0	0	0	0	0	0	0	0	0	0	0	0	0	0	0	0	0	0	0	0	0	0	0	0	0	0	0	500	0	0	0	0	0	0	0	0	0	0	0	0	0	0	0	0	0	0	0	0	0	0	0	0	500	0	0	0	0	0	0	0	0	0	0	0	0	0	0	0	0	0	0	0	0	0	0	0	0	0	0	0	0	0	0	0	0	0	0	0	0	0	0	0	0	0	0	0	0	
0	0	0	0	0	0	0	0	0	0	0	0	0	0	0	0	0	0	0	0	0	0	0	0	0	0	0	0	0	0	0	0	0	0	0	0	0	0	0	0	0	0	0	0	0	0	500	0	0	0	0	0	0	0	0	0	0	0	0	0	0	0	0	0	0	0	0	0	0	0	0	0	0	0	0	0	0	0	0	0	0	0	0	0	0	0	0	0	0	0	0	0	0	0	0	0	0	0	0	0	0	0	0	0	0	0	0	0	500	0	0	500	0	0	0	0	0	0	0	0	
500	0	0	0	0	500	0	500	0	0	0	0	0	0	0	0	0	0	0	0	0	0	0	0	0	0	0	0	0	0	0	0	0	0	0	0	0	0	0	0	0	0	0	0	0	0	0	0	0	0	0	0	0	0	0	0	0	0	0	0	0	0	0	0	0	0	0	0	0	0	0	0	0	0	0	0	0	0	0	0	0	0	0	0	0	0	0	0	0	0	0	0	0	0	0	0	0	0	0	0	0	0	0	0	0	0	0	0	0	0	0	0	0	0	0	0	0	0	0	0	
0	0	0	0	0	0	0	0	0	0	0	0	0	0	0	0	0	0	0	0	0	0	0	0	0	0	500	0	0	0	0	500	0	0	0	0	0	0	0	0	0	500	0	0	0	0	0	0	0	0	0	0	0	0	0	0	0	0	0	0	0	0	0	0	0	0	0	0	0	0	0	0	0	0	0	0	0	0	0	0	0	0	0	0	0	0	0	0	0	0	0	0	0	0	0	0	0	0	0	0	0	0	0	0	0	0	0	0	0	0	0	0	0	0	0	0	0	0	0	0	
0	0	0	0	0	0	0	0	0	0	0	0	0	0	0	0	0	0	0	0	0	0	0	0	0	0	0	0	0	0	0	0	0	0	0	0	0	0	0	0	0	0	0	0	0	0	0	0	0	0	0	0	0	0	0	0	0	0	0	0	0	0	0	0	0	0	0	0	0	0	0	0	0	0	0	0	0	0	0	0	0	0	500	0	0	0	0	0	0	0	0	0	0	0	0	0	0	0	0	0	0	0	0	0	0	0	0	0	0	0	0	500	0	0	0	500	0	0	0	0	
0	0	0	0	0	0	0	0	0	0	0	0	0	0	0	0	0	0	0	0	0	0	0	0	0	0	0	0	0	0	0	0	0	0	0	0	0	0	0	0	0	0	0	0	0	0	0	0	0	0	0	0	0	0	0	0	0	0	0	0	0	0	0	0	0	0	0	0	0	0	0	0	0	0	0	0	500	0	0	0	0	0	0	0	0	0	0	0	0	0	0	0	0	0	0	0	0	0	0	0	0	0	0	0	500	0	0	0	500	0	0	0	0	0	0	0	0	0	0	0	
0	0	0	0	0	0	0	0	0	0	0	0	0	0	0	0	0	0	0	0	0	0	0	0	0	0	0	0	0	0	500	0	500	0	0	0	0	0	0	0	0	0	0	0	0	0	0	0	0	0	0	0	0	0	0	500	0	0	0	0	0	0	0	0	0	0	0	0	0	0	0	0	0	0	0	0	0	0	0	0	0	0	0	0	0	0	0	0	0	0	0	0	0	0	0	0	0	0	0	0	0	0	0	0	0	0	0	0	0	0	0	0	0	0	0	0	0	0	0	0	
0	0	0	0	0	0	0	0	0	0	0	0	0	0	0	0	0	0	0	0	0	0	0	0	0	0	0	0	0	0	0	0	0	0	0	0	0	0	0	0	0	0	0	0	500	0	0	0	0	0	0	0	0	0	0	0	0	0	0	0	0	0	0	0	0	0	0	0	0	0	0	0	0	0	0	0	0	0	0	0	0	0	0	0	0	0	0	0	0	0	0	0	0	0	0	0	0	0	0	0	0	0	0	0	0	0	0	500	0	0	0	0	0	0	0	0	0	0	0	500	
0	0	0	0	0	0	0	0	0	0	0	0	0	0	0	0	0	0	0	0	0	0	0	0	0	0	0	0	0	0	0	0	0	0	0	0	0	0	0	0	0	0	0	0	0	0	0	0	0	0	0	0	0	0	0	0	0	500	0	0	0	0	0	0	0	0	0	0	0	0	0	0	0	0	0	0	500	0	0	0	0	0	0	0	0	0	0	0	0	0	0	0	0	0	0	0	0	0	0	0	0	500	0	0	0	0	0	0	0	0	0	0	0	0	0	0	0	0	0	0	
0	0	0	0	0	0	0	0	0	0	0	0	0	0	0	0	0	0	0	0	0	0	0	0	0	0	0	0	0	500	0	0	0	0	0	0	0	0	0	0	0	0	0	0	0	0	0	0	0	0	0	0	0	0	0	0	0	0	0	0	0	0	0	0	0	0	0	0	0	0	0	0	0	0	0	0	0	0	500	0	0	0	0	0	0	0	0	0	0	0	0	0	0	500	0	0	0	0	0	0	0	0	0	0	0	0	0	0	0	0	0	0	0	0	0	0	0	0	0	0	
0	0	0	500	0	0	0	0	0	0	0	0	0	0	0	0	0	0	0	0	0	0	0	0	0	0	0	0	0	0	0	0	0	0	0	0	0	0	0	0	0	0	0	0	0	0	0	0	0	0	0	0	0	0	0	0	0	0	0	0	0	0	0	0	0	0	0	0	0	0	500	0	0	0	0	0	0	0	0	500	0	0	0	0	0	0	0	0	0	0	0	0	0	0	0	0	0	0	0	0	0	0	0	0	0	0	0	0	0	0	0	0	0	0	0	0	0	0	0	0	
0	0	500	0	0	0	0	0	0	0	0	0	0	0	0	0	0	0	0	0	0	0	0	0	0	0	0	0	0	0	0	0	0	0	0	0	0	0	0	0	0	0	0	0	500	0	0	0	0	0	0	0	0	0	0	0	0	0	0	0	0	0	0	0	0	0	0	0	0	0	0	0	0	0	0	0	0	0	0	0	0	0	0	0	0	0	0	0	0	0	0	0	0	0	0	0	0	0	0	0	0	0	0	500	0	0	0	0	0	0	0	0	0	0	0	0	0	0	0	0	
0	0	0	0	0	0	0	0	0	0	0	0	0	0	0	0	0	0	0	0	0	0	0	0	0	0	0	0	0	0	0	0	0	0	0	0	0	0	0	0	0	0	0	0	0	0	0	0	0	0	0	500	0	0	0	0	0	0	0	0	0	0	0	0	0	0	0	0	0	0	0	0	0	0	0	0	0	0	0	0	0	0	0	0	0	0	0	0	0	0	0	0	0	0	0	0	0	500	0	0	0	500	0	0	0	0	0	0	0	0	0	0	0	0	0	0	0	0	0	0	
0	0	0	0	0	0	0	0	0	0	0	0	0	0	0	0	0	0	0	0	0	0	0	0	0	0	0	0	0	0	0	0	0	0	0	0	0	500	0	0	0	0	0	0	0	0	0	0	0	0	0	0	0	0	0	0	0	0	0	0	0	0	0	0	0	0	0	0	0	0	0	0	0	0	0	0	0	0	0	0	0	0	0	0	0	0	0	0	0	0	0	0	0	0	0	0	0	0	0	0	0	0	0	0	0	0	0	0	0	0	0	0	500	0	0	500	0	0	0	0	
500	0	0	0	0	0	0	0	0	0	0	0	0	0	0	0	0	0	0	0	0	0	0	0	0	0	0	0	0	0	0	0	0	0	0	0	0	0	0	0	0	0	0	0	0	0	0	0	0	0	500	0	0	0	0	0	0	0	0	0	0	0	0	0	0	0	0	0	0	0	0	0	0	500	0	0	0	0	0	0	0	0	0	0	0	0	0	0	0	0	0	0	0	0	0	0	0	0	0	0	0	0	0	0	0	0	0	0	0	0	0	0	0	0	0	0	0	0	0	0	
0	0	0	0	0	0	0	0	0	0	0	0	0	0	0	0	0	0	0	0	0	0	0	0	0	0	0	0	0	500	0	0	0	0	0	0	0	0	0	0	0	0	0	0	0	0	0	0	0	0	0	0	0	0	0	0	0	0	0	0	0	0	0	0	0	0	0	0	0	0	0	0	0	0	0	0	0	0	0	0	0	0	0	0	0	0	0	0	0	0	0	0	0	0	0	0	0	500	0	0	500	0	0	0	0	0	0	0	0	0	0	0	0	0	0	0	0	0	0	0	
0	0	0	0	0	0	0	0	0	0	0	0	0	0	0	0	0	0	0	0	0	0	0	0	0	0	0	0	0	0	0	0	0	500	0	0	0	500	0	0	0	0	0	0	0	0	0	0	0	0	0	0	0	0	0	0	0	0	0	0	0	0	0	0	0	0	0	0	0	0	0	0	0	0	0	0	0	0	0	0	0	0	0	0	0	0	0	0	0	0	0	0	0	0	0	0	0	0	0	0	0	0	0	0	0	0	0	0	0	500	0	0	0	0	0	0	0	0	0	0	
0	0	0	0	0	0	0	0	0	0	0	0	0	0	0	0	0	0	0	0	0	500	0	0	0	0	0	0	0	0	0	0	0	0	0	0	500	0	0	0	0	0	0	0	0	0	0	0	0	0	0	0	0	0	0	0	0	0	0	0	0	0	0	0	0	0	0	0	0	0	0	0	0	0	0	0	0	0	0	0	0	0	0	0	0	0	0	0	0	500	0	0	0	0	0	0	0	0	0	0	0	0	0	0	0	0	0	0	0	0	0	0	0	0	0	0	0	0	0	0	
0	0	0	0	0	0	0	0	0	0	0	0	0	0	0	0	0	0	0	0	0	0	0	0	0	0	0	0	0	0	0	0	0	0	0	0	0	0	0	0	0	0	0	0	0	0	0	0	0	0	0	0	0	500	0	0	0	0	0	0	0	0	0	0	0	0	0	0	0	500	0	0	0	0	0	0	0	0	0	0	0	0	0	0	0	0	0	0	0	0	500	0	0	0	0	0	0	0	0	0	0	0	0	0	0	0	0	0	0	0	0	0	0	0	0	0	0	0	0	0	
0	0	0	0	0	0	0	0	0	0	0	0	0	0	0	0	0	0	0	0	0	0	0	0	0	0	0	0	0	0	0	0	0	0	0	0	0	0	0	0	0	0	0	0	0	0	0	0	0	0	0	0	0	0	0	0	0	0	0	0	0	0	0	0	0	0	0	500	0	0	0	0	0	0	0	0	0	0	0	0	0	0	0	0	0	0	0	0	0	0	0	0	0	0	0	0	0	0	0	0	500	0	0	0	0	0	0	0	0	500	0	0	0	0	0	0	0	0	0	0	
0	0	0	0	0	0	0	0	0	0	0	0	0	0	0	0	0	0	0	0	500	0	0	0	0	0	0	0	0	0	0	0	0	0	0	0	0	0	0	0	0	0	0	0	0	0	0	0	0	0	0	0	0	0	0	0	0	0	0	0	0	0	0	0	0	0	0	0	0	0	0	0	0	0	0	0	0	0	0	0	0	0	0	0	0	0	0	0	0	0	0	0	0	0	0	0	0	0	0	0	0	0	0	0	0	0	0	0	0	0	0	0	0	0	0	0	0	0	0	500	
0	0	0	0	0	0	0	0	0	0	0	0	0	0	0	0	0	0	0	0	0	0	0	0	0	0	0	0	0	0	0	0	0	0	0	0	0	0	0	0	0	0	0	0	0	0	0	0	0	0	0	0	0	0	0	0	0	0	0	0	0	0	0	0	0	500	0	0	0	0	0	0	0	500	0	0	0	0	0	0	0	500	0	0	0	0	0	0	0	0	0	0	0	0	0	0	0	0	0	0	0	0	0	0	0	0	0	0	0	0	0	0	0	0	0	0	0	0	0	0	
0	0	0	0	0	0	0	0	0	0	0	0	0	0	0	0	0	0	0	0	0	0	0	500	0	0	0	0	0	0	0	0	0	0	0	0	0	0	0	0	0	0	0	0	0	0	0	0	0	0	0	0	0	0	0	0	0	0	0	0	0	0	0	0	0	0	0	0	0	0	0	0	500	0	0	0	0	0	0	0	0	0	0	0	0	0	0	0	0	0	500	0	0	0	0	0	0	0	0	0	0	0	0	0	0	0	0	0	0	0	0	0	0	0	0	0	0	0	0	0	
0	0	0	0	0	0	0	0	0	0	0	0	0	0	0	0	0	0	0	0	0	0	0	0	0	0	0	0	0	0	0	0	0	0	0	0	0	0	0	0	0	0	0	0	0	0	0	0	0	0	0	0	0	0	0	0	0	0	0	0	0	0	0	0	0	0	0	0	0	0	0	0	0	0	0	0	0	0	0	0	0	0	0	0	0	0	0	0	0	0	0	0	0	0	0	0	0	0	0	0	0	0	0	500	0	0	0	0	0	0	0	0	0	0	0	0	500	0	0	0	
90	101	105	101	40	80	91	116	96	65	114	77	2	64	25	25	71	103	111	9	113	79	63	87	40	33	32	114	22	45	68	109	33	93	116	44	20	31	9	31	52	0	91	44	19	29	9	62	32	11	95	93	40	87	34	75	48	54	0	104	4	34	52	7	22	6	109	85	35	61	76	6	14	40	119	10	47	62	2	91	71	90	36	10	63	28	110	40	8	118	114	5	84	104	41	36	10	107	3	76	92	17	42	63	116	2	70	6	81	23	97	42	118	1	60	83	10	50	79	60	48	18	51	68	80	99	75	21	27	13	21	8	114	81	37	94	62	96	42	95	48	92	29	54	17	85	49	10	51	21	116	45	117	76	98	40	18	51	97	51	81	99	101	73	101	54	5	81	102	116	91	29	76	71	95	94	10	6	75	5	48	85	31	83	95	74	69	16	8	104	45	103	44	55	65	105	28	91	21	66	42	23	40	80	95	54	32	15	101	53	49	37	44	1	33	23	79	79	115	73	84	44	78	8	16	93	54	26	80	24	1	84	104	24	98	58	78	3	40	97	103	46	15	71	8	118	109	9	21	40	93	51	101	25	22	82	42	15	45	100	12	45	5	102	23	41	109	28	15	16	57	60	66	48	70	114	85	100	114	27	116	82	105	6	86	80	0	69	102	25	84	40	50	51	83	89	14	84	1	64	33	119	19	95	118	98	14	6	19	83	104	55	109	109	93	2	16	111	74	49	58	20	100	60	64	74	57	118	95	63	61	20	4	86	94	44	11	86	31	82	58	98	15	52	110	25	106	31	19	31	45	119	24	32	38	1	56	27	97	51	1	3	3	97	31	79	97	1	89	35	57	56	66	43	15	114	8	86	72	29	80	96	98	109	6	85	72	63	24	28	17	73	96	21	49	110	19	23	41	7	69	73	37	29	17	92	86	95	22	89	37	1	38	9	20	33	73	29	106	50	89	13	82	61	7	28	60	34	84	66	42	10	88	103	115	15	45	86	50	50	11	78	7	11	61	50	51	51	90	105	87	116	68	45	101	86	51	64	36	34	65	89	63	83	7	10	118	7	38	60	27	33	86	113	29	26	9	32	23	2	72	99	97	10	11	19	52	28	4	49	41	96	100	13	58	104	84	98	110	12	116	80	96	46	22	112	65	46	18	2	8	13	35	41	71	85	48	117	16	111	18	22	43	99	92	7	113	42	93	39	60	6	63	57	83	71	74	20	81	55	0	2	86	62	2	109	99	86	89	20	49	86	12	63	88	96	43	39	109	71	19	7	13	113	105	28	30	11	17	68	28	1	82	26	116	17	112	109	92	23	63	24	9	58	117	18	118	100	64	23	2	117	51	36	74	48	76	14	105	75	88	35	7	18	11	14	30	19	116	30	5	83	95	31	25	86	96	38	5	58	5	80	49	27	52	58	111	103	96	42	6	75	55	115	18	68	70	76	97	14	10	113	87	7	31	70	106	83	12	83	6	112	44	66	16	59	94	105	33	104	25	7	110	84	33	78	82	115	99	88	24	60	37	69	104	114	58	100	16	76	119	101	33	58	72	119	99	88	98	105	55	28	17	68	52	118	47	43	10	15	103	81	54	42	11	12	67	41	118	44	104	59	17	114	85	14	58	116	56	109	81	47	77	83	73	73	29	45	27	114	30	96	109	118	8	8	98	71	9	11	68	41	86	108	90	13	98	116	23	88	26	15	113	84	103	10	112	93	63	100	97	85	73	9	0	70	60	105	8	24	28	27	113	114	79	47	23	98	92	19	21	63	75	98	88	11	38	13	2	119	93	109	84	100	49	12	79	45	35	84	11	16	74	93	112	50	111	45	4	29	65	33	85	63	76	96	33	60	103	15	37	2	21	69	25	111	49	119	21	32	94	43	118	71	2	110	24	18	67	66	64	58	32	80	93	70	15	31	82	80	102	115	27	100	91	78	89	105	82	56	44	16	0	83	40	99	119	70	12	105	26	44	105	119	49	45	30	92	75	44	81	113	118	18	34	19	76	31	21	25	64	23	6	21	37	30	44	29	104	39	99	48	50	85	5	52	42	1	4	36	80	28	23	48	10	104	89	36	93	17	30	46	48	10	5	29	39	6	76	60	112	86	25	45	114	85	85	76	26	117	106	79	18	115	42	52	94	88	49	119	70	63	32	38	53	42	33	4	63	46	11	101	56	48	114	30	113	66	79	69	29	11	7	91	20	64	102	39	89	73	56	19	58	56	98	50	6	81	87	115	69	26	69	69	54	68	26	1	112	95	51	58	79	95	117	102	39	82	44	101	17	73	62	91	60	25	71	33	59	71	84	12	84	71	16	12	8	30	113	112	109	78	59	89	14	62	46	23	3	44	37	0	101	3	28	20	105	27	91	99	23	98	4	106	86	85	2	44	46	104	111	100	51	0	16	18	35	61	81	80	7	42	94	38	61	118	118	34	64	62	65	84	93	8	119	87	97	116	21	50	51	70	30	103	0	14	9	2	5	31	12	20	56	89	108	106	63	68	118	101	19	46	6	54	36	40	26	53	101	3	99	101	23	18	49	96	44	22	79	78	61	34	82	78	115	17	33	63	61	60	94	49	80	43	19	62	55	48	92	57	21	78	62	32	68	76	26	11	15	10	50	75	83	19	36	4	76	86	93	29	16	38	55	8	86	31	26	12	77	63	56	97	30	54	76	119	70	88	67	11	94	94	15	3	51	85	30	78	118	104	84	88	88	22	91	35	44	65	112	113	11	15	20	31	115	98	4	11	43	48	118	6	12	79	115	31	36	41	34	56	2	94	17	21	26	65	4	26	46	62	19	105	73	76	93	100	17	108	38	97	119	7	82	85	45	26	31	81	37	95	1	57	6	36	80	99	75	94	15	90	52	93	29	100	87	60	60	46	50	47	110	54	19	14	115	119	72	39	104	11	41	48	104	44	24	80	101	80	46	23	103	11	6	26	64	25	112	88	112	111	87	19	69	48	87	100	119	47	65	5	61	113	64	16	90	52	29	20	32	34	34	41	93	97	49	17	88	56	87	63	51	72	17	113	113	84	10	32	93	58	59	75	46	34	80	17	48	49	111	117	108	61	88	46	96	71	52	82	80	19	108	78	74	39	0	32	55	45	33	49	90	3	29	103	71	68	111	100	55	1	83	18	12	50	54	54	90	36	116	94	51	100	76	70	14	101	1	108	12	27	12	59	3	46	12	25	5	17	100	111	54	44	92	64	60	17	5	64	117	88	89	90	82	99	33	37	80	76	7	9	41	58	68	40	12	72	84	78	44	114	63	13	106	63	97	14	60	119	78	70	79	50	100	70	91	71	1	89	14	99	47	119	90	14	68	30	65	29	48	88	4	118	55	36	117	27	3	80	11	114	95	114	94	51	44	49	44	94	63	36	101	52	85	95	99	6	22	60	50	23	49	98	38	59	2	69	66	79	94	3	115	88	115	38	102	97	29	78	52	42	106	102	52	101	33	34	28	37	119	52	82	55	110	114	59	31	25	31	44	38	87	64	21	106	15	76	62	20	14	114	34	36	56	20	62	2	101	92	92	22	46	102	3	48	76	29	33	98	98	77	6	56	17	47	28	56	112	4	31	84	75	117	81	95	19	43	100	11	112	47	71	58	88	20	35	67	73	94	35	8	63	31	36	4	10	72	100	65	29	89	27	40	75	113	39	31	103	6	60	21	59	49	55	41	86	19	8	105	7	65	51	75	63	90	33	111	84	94	8	15	107	52	57	52	8	51	18	103	114	92	9	110	57	14	57	70	5	85	95	25	113	26	61	48	57	85	101	59	85	76	5	40	62	36	109	39	68	20	9	3	101	32	70	18	94	117	25	7	53	28	44	63	106	25	91	46	111	5	47	42	118	70	70	16	53	62	117	13	98	35	96	117	63	74	118	5	76	35	89	99	13	83	67	78	64	5	97	118	48	21	49	104	109	65	7	96	64	62	66	81	90	78	97	111	113	114	40	91	9	88	9	41	115	78	108	5	30	79	116	56	104	104	117	65	117	6	69	21	26	40	74	22	66	90	46	77	113	22	100	51	116	28	64	41	50	95	15	4	72	92	1	41	82	54	41	99	56	102	53	87	18	61	53	95	46	47	115	86	94	45	106	5	90	104	108	38	29	49	5	9	35	47	70	37	104	102	53	105	2	28	76	76	2	114	19	35	77	109	91	23	12	7	66	108	84	30	76	72	64	48	34	59	28	32	19	61	7	60	34	14	95	90	47	47	4	52	18	113	23	35	26	100	49	52	95	113	0	64	42	95	94	106	79	78	102	60	75	112	86	119	96	79	107	44	84	108	70	67	1	66	73	57	1	33	73	28	89	12	35	112	70	42	56	108	50	14	102	7	98	28	79	1	99	2	57	0	44	102	39	61	41	46	30	44	32	115	38	49	59	0	114	115	115	86	119	37	114	53	115	64	26	50	72	119	93	74	76	62	77	22	97	7	78	3	85	31	2	64	20	27	95	10	9	70	51	116	76	90	14	31	39	99	85	51	86	15	96	32	29	117	21	111	106	48	58	61	83	57	22	111	112	37	40	66	95	109	51	90	103	28	73	4	58	119	119	66	116	95	73	0	67	98	81	15	22	112	102	73	67	103	14	44	18	13	6	60	15	54	107	3	92	75	20	74	72	15	104	24	19	71	72	46	33	27	31	43	42	108	4	35	31	76	81	95	51	65	115	75	62	41	48	36	31	90	19	102	110	42	30	92	34	45	110	36	51	75	84	8	49	30	40	73	5	104	64	69	12	56	94	28	89	110	51	85	7	39	26	34	110	75	21	6	2	33	83	18	115	54	54	34	109	92	94	108	60	60	85	21	51	91	16	73	81	68	115	81	86	6	61	95	71	61	18	57	74	55	33	50	26	2	72	103	7	22	39	98	116	7	30	43	34	17	27	56	78	32	16	84	43	44	67	61	61	103	12	65	83	64	40	11	39	55	56	113	91	1	102	42	93	69	117	52	110	66	44	116	46	76	66	101	5	1	94	21	112	85	59	29	14	4	95	28	5	99	87	100	90	71	118	13	113	93	51	114	25	75	99	81	86	68	42	95	20	7	37	72	105	35	66	89	13	26	83	115	28	98	98	46	8	112	22	72	86	108	48	84	102	63	41	10	46	91	74	28	64	75	80	36	49	7	3	46	49	103	53	85	46	47	35	30	73	62	27	33	107	88	41	92	32	110	117	87	14	90	46	115	25	76	99	52	117	103	46	114	15	0	21	103	11	102	0	92	47	47	46	31	64	102	54	90	46	54	40	101	106	97	112	31	24	90	70	62	26	58	19	31	59	21	23	108	22	89	79	0	70	9	12	111	90	114	30	97	97	96	10	102	39	26	9	0	79	57	49	97	23	53	82	80	99	28	29	117	29	106	3	99	32	114	91	22	61	62	30	97	73	101	83	33	82	58	56	20	98	98	31	27	44	59	54	117	64	83	10	68	56	27	91	0	98	54	74	111	90	89	22	38	5	8	56	118	54	96	67	36	89	4	54	2	85	57	93	64	106	75	27	23	114	4	58	60	102	33	106	102	95	72	117	15	94	91	66	90	47	2	102	86	38	24	54	101	66	51	6	42	73	19	23	14	79	119	111	22	24	39	49	67	21	13	88	6	101	41	99	119	106	31	67	63	15	32	30	99	23	4	57	26	25	43	87	108	81	1	113	77	34	9	94	9	20	71	81	48	83	57	34	25	35	61	17	72	37	12	106	55	118	87	72	42	31	95	66	20	92	112	90	59	90	45	119	83	69	48	75	12	68	19	43	13	101	81	77	23	26	103	58	111	13	6	116	20	119	58	91	77	33	56	118	46	30	46	19	91	72	86	23	23	2	31	2	98	84	56	25	59	97	19	110	50	48	113	60	76	10	111	41	112	114	20	58	50	55	69	116	106	11	10	41	91	39	33	88	24	24	95	19	116	76	93	67	115	0	24	2	32	91	38	52	81	88	107	17	25	93	58	5	32	114	66	105	111	3	104	111	41	115	12	57	31	58	93	34	79	18	103	99	48	31	11	89	40	31	81	29	48	119	7	88	90	79	86	53	96	92	86	40	58	64	83	21	34	107	29	14	46	74	92	96	69	0	106	64	44	39	97	48	53	49	99	35	98	76	1	56	53	31	14	18	15	50	82	83	102	114	53	40	28	2	59	60	7	54	74	4	37	113	88	19	16	64	85	3	40	109	90	99	9	50	11	21	53	101	108	30	88	60	16	103	113	53	60	23	11	108	40	39	56	27	100	27	11	53	117	35	100	66	9	59	15	30	14	2	81	102	49	85	92	70	89	65	98	76	42	89	109	70	53	6	14	13	89	106	5	14	106	71	118	85	106	20	74	14	88	44	86	106	53	94	113	81	91	5	19	84	1	96	42	112	93	106	96	28	50	2	67	105	14	25	36	96	2	61	105	87	12	9	17	17	43	43	118	110	21	6	7	8	29	108	85	46	49	89	61	76	90	64	32	92	115	15	87	90	113	2	65	91	112	31	105	65	46	80	19	1	103	47	64	73	24	102	37	119	87	51	20	65	9	53	74	40	17	12	94	86	103	55	60	11	116	48	88	98	117	36	52	91	119	36	43	81	33	12	74	116	35	39	58	19	80	32	33	101	46	4	96	90	65	74	103	10	114	45	32	12	65	41	87	14	35	44	17	10	106	82	1	43	39	93	66	91	29	46	38	23	116	73	115	58	96	57	117	54	20	30	85	14	53	13	4	15	79	92	7	36	44	48	110	43	89	62	51	60	54	10	99	3	112	21	22	83	57	116	113	105	113	40	87	96	97	107	102	64	38	49	85	62	48	27	76	100	4	72	61	79	84	55	104	35	75	37	2	13	32	29	52	61	52	12	64	112	1	72	112	74	44	5	32	31	77	83	6	73	63	51	26	25	108	72	95	119	69	6	100	19	10	4	64	97	13	115	113	117	50	4	40	38	48	88	93	118	26	116	23	51	6	90	0	60	3	18	112	119	119	92	24	28	36	80	2	61	98	73	4	81	39	78	74	35	89	98	99	4	30	58	7	53	65	113	67	86	2	5	52	41	87	54	47	88	101	11	89	31	6	33	37	82	32	116	24	30	95	31	44	17	10	66	48	51	22	25	10	99	37	55	1	5	89	14	8	101	35	10	86	49	113	62	43	42	97	83	90	73	28	32	4	47	30	7	68	46	112	15	53	34	56	111	51	34	30	117	27	104	29	6	114	100	14	26	80	117	92	97	43	14	76	47	45	34	58	71	83	15	77	24	74	82	75	115	2	118	45	72	43	17	104	17	84	4	77	5	16	21	93	27	40	100	96	55	116	97	112	48	107	72	105	101	118	53	108	69	49	63	1	4	91	62	48	73	89	31	105	37	23	43	7	88	0	69	12	89	47	27	16	62	113	114	30	107	81	29	84	29	36	47	19	4	110	60	113	91	100	107	62	57	90	78	14	67	67	78	98	25	82	64	36	49	109	102	15	27	58	18	93	103	46	101	3	25	22	59	105	53	66	78	12	11	83	93	22	89	114	72	20	29	97	1	0	117	86	35	81	82	112	18	77	4	60	64	4	48	100	93	3	77	55	35	49	35	96	109	89	27	49	39	93	29	114	79	28	55	60	40	68	46	60	101	112	86	108	56	85	114	2	109	99	79	60	110	112	77	105	23	81	97	3	65	51	12	73	53	83	84	82	46	64	101	13	54	71	35	12	70	64	100	95	93	87	84	79	35	26	114	33	42	5	94	36	78	100	84	93	108	26	0	28	52	74	41	63	12	114	37	20	64	5	99	113	19	98	5	63	43	103	111	18	51	3	20	57	108	80	32	23	29	101	69	99	3	13	17	22	15	48	39	49	55	3	25	67	30	79	80	86	78	119	85	40	67	72	74	18	71	96	19	20	78	21	103	0	11	33	37	45	40	64	70	55	62	15	92	27	61	62	41	45	79	6	66	48	72	78	78	34	70	54	62	25	14	13	109	16	1	10	87	70	113	32	39	20	12	78	34	27	63	92	29	29	1	110	63	65	92	5	53	26	1	14	30	54	33	46	9	25	90	21	52	37	70	87	100	111	62	104	111	75	47	96	66	17	90	39	94	29	16	44	119	19	24	93	58	87	81	95	57	96	58	13	46	34	68	64	23	51	113	34	119	118	52	76	97	13	3	68	109	32	86	20	59	4	107	76	68	9	17	35	46	17	83	100	19	60	3	59	4	97	46	70	42	13	18	5	80	11	24	119	110	1	113	105	73	68	23	98	84	87	53	105	107	57	5	110	94	107	2	9	67	66	55	118	49	89	115	67	103	19	68	106	107	74	91	41	16	96	40	13	50	24	99	36	29	118	39	62	31	101	76	38	68	21	91	42	31	38	39	65	72	31	76	13	86	59	27	50	80	51	82	33	114	3	10	39	24	6	113	5	26	28	43	75	55	24	70	75	56	9	62	77	3	45	17	3	118	97	104	91	55	114	78	90	56	24	26	77	112	3	59	114	114	32	22	56	42	104	46	110	98	98	12	38	33	116	44	50	116	10	12	31	38	12	90	99	80	39	71	13	117	70	112	10	96	32	69	85	25	55	21	41	1	58	61	64	66	49	71	81	74	80	110	26	15	112	69	101	26	48	10	13	95	44	107	33	2	46	21	35	70	72	104	110	84	48	83	28	56	56	77	91	97	26	84	25	88	111	61	73	99	31	83	112	45	72	87	72	90	75	105	101	53	41	34	47	56	113	88	49	36	34	16	6	100	17	91	34	63	13	88	19	101	100	92	6	51	76	18	93	16	109	36	71	53	80	81	17	98	69	84	80	26	7	95	78	118	84	33	35	42	68	97	32	64	8	7	115	39	29	10	77	48	18	115	66	84	22	20	91	28	74	7	65	91	71	102	98	58	65	93	53	32	93	82	87	97	91	42	80	51	116	69	59	109	37	29	22	92	88	93	72	93	51	23	14	11	85	0	59	98	12	72	67	85	78	40	98	87	90	6	90	82	65	5	76	53	61	83	42	11	41	49	33	109	92	86	107	55	91	26	75	25	82	5	64	94	0	68	27	66	50	4	90	13	95	91	27	75	93	15	61	88	50	63	52	54	8	81	85	41	67	39	95	72	110	42	21	114	8	23	39	113	79	30	96	41	84	113	61	30	97	65	90	23	87	102	10	84	75	100	0	6	42	70	100	92	45	25	8	38	98	105	67	53	79	56	88	87	89	117	65	87	111	23	112	14	77	48	91	11	32	75	34	119	76	58	94	73	33	57	82	73	16	95	119	7	107	107	92	22	55	49	108	91	15	1	109	111	117	92	67	38	32	21	39	119	109	112	3	14	107	88	107	24	72	25	87	86	78	95	80	9	21	24	77	86	65	109	2	0	34	106	2	80	4	35	63	82	80	0	110	6	100	32	25	108	84	74	49	109	91	2	31	85	62	25	2	13	8	5	93	112	59	55	26	55	14	5	113	47	55	36	2	2	64	10	89	50	49	58	41	48	17	92	107	97	106	50	76	96	48	31	25	107	16	86	83	64	68	72	1	93	50	13	117	95	37	80	36	63	19	38	41	13	34	100	71	54	77	28	99	107	118	117	21	92	32	86	100	98	61	39	97	74	113	73	114	103	10	60	77	79	29	83	62	20	92	102	37	36	85	87	114	22	78	32	8	67	3	52	80	0	21	46	66	64	69	102	63	83	100	93	103	4	99	80	64	83	112	102	47	90	114	118	85	50	38	102	11	65	106	43	96	119	62	36	45	49	13	102	95	63	95	3	0	77	52	42	21	70	73	70	106	29	24	23	38	22	56	1	108	100	16	71	67	84	3	23	104	82	36	60	69	80	23	42	8	92	17	4	46	67	3	36	106	70	37	58	22	87	39	18	13	60	36	34	105	24	96	14	106	50	55	109	73	26	3	46	14	5	14	117	71	35	109	53	0	93	77	93	41	90	17	19	18	102	74	27	33	75	72	1	21	88	34	8	78	45	56	68	112	80	116	26	94	25	47	71	73	7	73	21	13	31	62	101	28	59	15	14	6	94	32	89	109	19	79	103	88	108	53	101	89	80	86	84	110	93	102	71	43	65	5	35	102	69	23	53	19	77	73	65	37	10	64	51	55	114	116	78	42	89	20	38	119	61	85	20	3	42	83	35	82	67	11	104	118	106	26	36	71	64	69	103	67	49	89	51	70	45	67	105	9	106	45	111	16	40	0	0	25	61	119	92	65	68	2	80	74	63	29	89	34	9	53	67	38	16	49	27	90	89	51	74	102	102	48	99	30	6	12	52	46	112	110	77	11	94	52	117	109	81	4	85	101	68	114	111	109	52	94	37	81	118	54	70	71	81	25	104	60	27	74	114	110	101	108	32	32	62	29	73	74	44	53	26	55	55	11	104	10	14	1	5	36	50	111	45	88	92	76	107	9	29	46	68	25	52	28	13	15	8	70	66	41	29	83	22	28	39	119	118	61	45	88	96	104	25	11	83	77	25	117	83	66	53	69	19	83	111	113	118	104	64	12	1	47	40	41	20	63	118	94	86	10	79	10	116	26	21	18	80	46	24	98	93	72	39	97	116	59	43	42	71	110	7	25	7	19	83	44	51	80	38	54	50	96	90	65	49	13	110	83	79	116	56	80	83	44	27	36	89	22	57	47	0	0	13	75	16	31	22	28	109	23	96	15	13	116	106	15	115	72	12	53	33	33	12	66	8	24	75	88	39	55	93	21	59	2	109	78	95	109	8	111	78	64	39	107	63	90	28	81	79	49	95	43	1	77	97	36	12	17	21	24	47	73	3	29	92	20	95	111	2	59	101	17	42	45	74	59	116	102	72	81	106	61	114	4	29	118	119	51	48	6	29	41	113	87	109	72	38	103	25	78	89	6	74	67	57	118	25	9	8	94	104	97	47	89	113	71	21	1	117	3	96	75	10	57	19	83	45	113	105	96	8	3	16	36	62	94	84	10	54	90	22	72	116	80	38	16	84	35	77	38	24	89	102	108	53	101	31	113	110	7	45	27	42	97	29	59	104	4	99	36	5	53	54	106	16	22	1	99	108	44	32	86	34	52	52	35	56	44	24	80	23	98	105	16	0	73	8	2	87	41	31	59	119	14	35	23	103	16	19	59	102	34	4	28	41	86	111	116	97	57	13	103	106	0	84	89	50	113	37	89	58	98	12	13	118	28	8	84	8	15	63	119	85	108	33	54	118	114	60	19	118	92	67	54	28	9	23	103	117	78	77	98	31	23	39	79	10	51	91	21	110	78	17	99	68	30	61	112	0	95	63	13	111	83	32	23	17	48	18	12	65	116	73	23	90	107	56	65	87	65	59	96	70	84	11	22	41	105	23	52	4	72	2	24	14	102	1	74	40	73	54	60	64	33	75	88	111	59	92	18	102	117	49	6	47	27	84	18	69	38	114	92	74	33	34	98	50	85	26	31	79	48	12	106	8	111	12	32	50	1	77	46	80	111	100	57	107	31	83	66	1	63	101	35	105	34	93	59	52	74	107	93	77	41	19	78	107	86	103	32	42	48	77	28	5	114	90	62	3	103	55	97	53	25	45	52	77	96	25	89	6	37	69	12	88	56	76	82	11	5	58	73	59	113	61	28	30	46	37	114	83	36	52	100	97	12	107	21	63	53	75	82	115	6	108	101	4	34	49	94	4	103	110	48	117	42	104	68	36	31	31	20	83	78	46	62	66	63	76	33	80	115	94	8	50	116	42	24	70	45	77	101	69	105	83	41	44	9	33	40	31	79	118	3	65	51	56	102	5	115	10	60	54	7	81	66	68	57	19	90	47	110	21	109	40	95	91	88	36	14	98	46	51	102	90	42	70	66	96	40	52	111	38	74	66	114	43	8	79	8	106	7	117	43	4	113	8	37	23	103	4	46	70	7	70	81	3	75	21	44	0	20	118	9	67	105	27	36	52	41	11	87	51	74	25	29	3	65	69	67	112	66	39	105	36	50	66	25	64	114	100	87	7	62	24	109	66	10	34	101	59	109	105	54	98	24	34	90	108	10	117	86	24	78	31	70	7	46	2	75	31	101	52	118	51	118	103	35	9	87	36	22	57	13	14	56	57	42	95	5	76	7	73	75	20	77	95	93	42	102	58	67	43	116	96	75	88	40	40	80	2	113	22	10	105	41	14	96	88	31	112	21	23	8	35	7	59	71	104	38	49	26	52	37	34	34	41	0	91	107	68	108	107	57	72	4	101	41	83	59	53	114	57	107	119	36	111	79	8	21	16	78	117	89	75	60	10	10	63	25	26	13	72	108	22	30	101	28	45	42	7	51	44	89	59	39	106	81	5	24	68	81	85	102	44	10	49	20	90	19	54	84	45	68	55	10	77	82	119	115	97	89	57	11	4	13	58	82	61	66	2	117	50	24	5	40	114	30	14	100	114	107	86	62	35	67	68	100	87	96	31	8	32	76	85	46	102	28	63	55	81	63	80	106	80	52	27	96	59	73	40	63	18	95	101	54	105	85	27	118	30	30	107	57	57	76	53	3	1	27	53	49	51	96	28	28	102	42	15	107	14	58	91	46	79	41	119	96	13	117	89	17	71	76	88	6	26	73	110	47	71	95	80	49	46	30	64	40	9	5	35	41	91	34	111	18	47	32	73	55	100	83	56	37	81	89	94	23	23	14	8	19	66	9	72	69	56	31	95	115	20	90	97	8	86	5	3	71	73	78	82	22	84	96	42	18	43	47	36	106	16	79	47	40	28	103	19	72	88	102	116	34	19	6	43	108	38	40	26	96	47	81	62	106	2	88	79	55	14	100	110	75	36	96	76	31	22	33	27	108	35	55	18	97	11	34	28	35	113	16	98	53	51	5	51	26	113	17	21	7	48	88	73	112	3	82	75	53	24	52	38	53	48	105	6	13	26	68	58	93	74	86	118	10	11	32	28	18	57	18	29	70	24	48	54	16	30	84	34	16	73	102	66	6	44	72	69	52	90	107	84	33	9	52	17	72	75	67	5	17	96	80	25	96	37	1	10	13	98	36	50	89	9	69	7	67	2	42	30	26	113	14	37	54	34	41	67	25	32	119	3	31	10	33	73	56	3	61	7	75	109	84	37	89	80	86	109	12	62	38	40	89	34	71	116	32	11	108	40	44	85	13	97	0	89	0	32	55	101	107	83	81	52	9	48	103	29	90	38	69	2	62	60	117	42	48	99	63	49	99	60	3	114	58	56	50	32	3	92	96	34	70	22	12	25	85	8	24	80	12	14	25	14	67	119	13	48	78	119	55	98	40	2	96	90	98	84	52	39	56	4	95	23	16	91	81	60	54	25	117	55	49	54	15	30	16	105	78	111	23	87	33	76	52	119	94	80	13	87	107	28	100	116	37	22	91	73	85	72	15	114	96	8	69	104	68	0	2	37	17	19	26	79	21	8	91	22	10	52	94	32	54	44	89	110	107	83	4	51	10	91	89	89	13	68	22	106	93	114	110	31	44	24	119	94	90	104	15	85	104	56	17	3	93	26	67	57	93	88	83	70	115	49	99	11	43	16	16	38	85	70	50	117	13	32	45	6	16	17	99	21	30	119	46	112	85	16	109	81	67	59	67	88	21	117	22	34	48	24	117	99	82	84	0	116	41	39	43	119	0	76	118	44	24	24	20	92	78	36	84	110	31	116	67	116	28	51	94	118	2	20	72	80	104	89	8	109	38	50	22	67	42	104	86	24	36	82	118	54	110	27	44	10	114	81	40	36	64	69	66	71	107	26	19	70	2	16	6	103	25	78	83	89	95	111	22	30	18	48	31	94	12	10	94	116	83	57	2	11	117	31	6	1	101	102	107	110	86	27	10	61	76	71	25	91	8	92	114	6	99	51	0	53	33	6	62	107	46	32	109	74	58	12	110	23	22	12	11	53	1	34	35	105	15	104	25	52	14	51	5	0	62	8	39	34	24	32	55	114	21	59	22	2	77	35	66	111	52	28	36	58	40	20	11	81	44	27	55	97	96	16	59	118	108	75	109	44	55	67	67	83	20	34	45	37	97	106	27	44	112	99	88	6	13	107	28	6	2	26	76	54	34	20	66	91	75	102	98	82	56	61	71	53	118	99	57	90	47	64	23	93	96	89	11	64	51	3	73	82	31	105	48	24	37	46	13	93	60	39	116	6	65	119	43	51	19	56	10	5	33	41	26	85	38	21	53	3	17	94	62	117	119	54	8	17	96	62	88	18	63	87	31	83	70	57	2	47	28	73	16	27	104	5	60	98	75	24	7	88	49	47	46	65	75	63	6	15	91	33	3	44	18	6	115	116	102	101	50	53	59	51	23	53	97	103	36	66	93	12	21	101	102	46	37	98	69	23	110	30	67	75	117	48	15	26	104	79	107	45	100	32	12	81	110	6	82	22	103	66	67	52	109	54	87	10	28	96	117	65	12	92	74	101	65	14	40	24	112	5	85	112	73	76	59	27	3	45	40	61	88	90	29	103	66	43	18	17	25	57	23	74	29	13	6	110	82	4	20	13	82	22	74	93	31	30	75	
105	18	21	45	75	97	12	1	105	88	58	118	8	26	42	106	76	84	75	57	99	69	73	9	105	57	65	14	12	4	65	80	54	31	37	43	48	63	74	73	6	67	118	27	58	75	47	113	109	88	41	69	65	44	18	17	117	95	102	4	34	58	51	77	75	71	37	70	80	28	105	95	70	64	12	36	25	30	67	51	8	85	27	112	86	16	10	41	81	70	60	107	53	34	39	50	17	51	110	11	112	100	48	116	80	44	97	66	101	95	111	57	86	25	93	118	30	105	58	95	99	75	83	81	65	75	27	112	7	112	89	1	32	38	41	43	82	57	40	112	42	0	60	71	29	7	24	21	111	75	67	94	54	65	42	56	55	93	72	111	54	46	12	1	90	104	10	82	70	0	0	8	80	19	97	71	76	46	108	53	81	70	78	6	42	55	114	104	21	112	111	7	15	109	102	13	92	56	118	34	54	102	105	18	56	114	31	45	40	38	17	29	98	11	40	18	85	91	22	29	19	69	35	16	85	19	88	59	75	54	30	72	95	119	54	24	98	86	81	66	53	54	41	113	32	103	118	62	37	58	57	33	92	15	116	84	40	73	22	31	32	40	50	3	54	116	104	58	90	112	41	116	102	43	118	59	67	24	105	104	97	38	50	18	3	103	42	52	104	117	114	31	81	47	19	35	65	23	87	10	31	118	6	68	84	37	97	82	83	53	81	6	35	63	71	80	110	12	5	34	44	77	82	44	16	19	17	48	25	119	75	86	72	34	39	24	24	92	40	54	112	0	117	9	114	78	90	83	78	38	69	21	14	115	0	55	83	108	117	26	70	108	44	48	103	26	110	81	56	8	36	79	42	40	55	82	101	105	49	19	51	101	90	100	13	45	59	62	60	10	29	94	58	57	104	2	18	95	49	51	66	101	54	40	16	9	43	35	97	118	101	84	50	115	58	62	64	44	30	95	0	86	23	36	79	22	25	33	81	106	49	116	61	101	109	9	54	78	57	78	19	97	3	96	23	59	47	99	104	49	98	37	115	112	82	75	101	21	3	57	66	46	35	69	49	78	102	28	45	52	89	2	93	36	26	53	12	59	29	41	48	78	47	116	22	34	38	11	67	45	38	114	52	34	13	80	94	8	39	31	37	27	34	79	32	40	49	114	90	92	12	72	90	117	5	20	35	62	27	4	51	70	19	109	103	40	112	67	20	115	50	44	119	107	11	108	20	101	90	81	98	7	116	88	44	12	92	13	104	67	98	61	41	74	45	43	99	6	86	25	66	81	108	70	47	117	25	21	108	34	30	21	66	114	28	25	96	14	76	65	33	38	6	13	109	44	69	96	6	56	48	58	60	44	97	12	88	72	40	104	4	38	88	53	72	87	49	101	77	19	19	89	52	4	64	75	71	2	9	106	30	31	7	81	99	76	2	64	62	49	77	8	48	112	119	41	35	25	58	110	6	54	31	103	93	23	14	21	86	118	82	74	76	116	58	109	103	0	9	47	15	93	108	40	47	77	63	75	94	102	97	92	65	51	4	66	69	65	80	49	16	12	93	32	27	9	105	53	74	83	19	26	112	88	31	101	26	117	43	72	73	114	70	2	116	30	16	21	58	8	27	109	11	81	43	88	16	73	20	110	34	76	81	94	94	96	96	107	115	51	106	67	106	32	11	51	27	65	61	119	13	105	31	53	20	31	105	110	114	87	63	54	23	47	89	98	65	67	113	53	79	66	96	12	106	110	66	63	88	22	115	86	78	0	26	42	39	12	115	118	60	54	114	59	108	116	0	30	95	43	116	68	32	114	105	82	106	81	34	36	111	13	8	112	97	12	45	69	1	91	7	29	77	37	11	62	41	89	26	61	100	79	85	96	100	88	83	83	41	30	8	37	39	91	46	89	64	80	106	63	18	96	43	58	56	44	26	60	29	112	92	51	26	103	103	88	38	67	58	109	22	31	62	110	25	59	16	111	88	61	111	95	21	117	14	64	90	119	12	88	116	79	40	115	40	9	83	47	29	7	85	0	56	35	10	46	107	67	114	11	74	65	103	31	42	25	25	96	92	93	22	93	83	53	104	68	106	41	46	52	7	103	64	104	75	76	45	29	106	72	88	116	57	70	45	23	106	27	86	36	13	82	49	52	18	35	81	38	39	1	3	84	33	108	48	46	110	45	95	82	83	49	18	32	28	78	46	87	29	85	35	96	29	32	116	24	18	20	66	31	49	48	107	25	2	89	84	109	42	9	5	66	46	22	71	102	0	40	88	113	66	69	36	24	22	71	66	34	116	63	69	50	109	82	95	6	59	102	11	48	78	108	24	87	30	7	85	98	79	4	108	69	118	10	29	52	41	110	22	64	53	26	12	106	79	46	1	51	63	114	78	24	28	79	54	86	23	77	25	7	77	61	6	88	37	56	71	85	35	26	11	90	47	61	46	4	82	103	37	35	19	20	39	15	91	46	79	69	5	24	15	19	82	112	118	83	23	52	57	0	1	102	95	102	42	84	52	32	40	105	59	57	47	64	97	57	29	6	79	25	85	29	55	87	8	57	119	61	52	58	47	24	52	2	48	42	119	92	39	100	29	54	2	0	36	115	102	14	69	7	68	51	69	98	25	79	102	91	72	89	99	51	28	17	111	48	81	14	40	17	15	27	2	48	59	74	39	24	109	2	19	98	35	14	101	82	118	40	27	116	50	54	5	89	67	7	5	89	102	76	30	105	43	88	44	51	76	53	2	26	23	46	35	83	105	14	26	5	17	1	4	96	105	116	58	109	27	113	27	6	103	32	73	22	104	105	2	63	77	108	107	21	96	3	13	104	87	33	72	1	35	55	35	49	41	105	13	10	119	13	38	61	108	82	65	74	62	18	89	80	35	36	97	49	5	107	43	59	32	26	86	48	5	50	2	13	58	35	17	68	42	5	112	94	115	71	116	41	109	73	51	64	98	6	10	53	118	54	77	95	119	35	13	97	34	29	93	50	80	17	28	103	75	88	67	49	115	85	65	49	83	118	73	92	57	82	94	14	30	42	23	14	112	81	110	24	106	106	35	118	100	96	89	28	71	41	78	31	1	118	46	111	51	53	119	112	34	3	10	13	33	81	62	97	43	21	111	113	112	38	110	86	93	1	35	117	40	102	2	34	44	7	67	84	51	13	80	10	102	67	104	83	111	40	57	12	90	91	96	71	38	53	44	6	52	105	95	8	27	2	30	48	36	94	8	36	67	21	17	15	83	64	102	30	53	24	64	38	8	20	28	106	54	47	87	40	107	56	54	1	30	75	9	10	101	111	27	58	20	69	13	32	80	73	88	105	64	118	16	49	71	81	51	16	66	27	77	17	73	77	29	101	46	18	78	112	33	46	80	27	9	69	29	44	86	17	80	66	56	118	99	62	79	39	106	105	107	52	28	82	91	78	114	74	96	103	69	1	74	9	55	105	5	23	29	43	47	27	19	41	55	76	22	89	67	81	2	72	4	57	108	66	11	102	68	25	2	13	81	83	78	110	110	114	109	75	104	55	119	100	71	3	43	6	95	105	43	54	44	111	14	22	85	30	52	8	0	95	38	47	51	87	65	95	109	42	97	40	46	12	64	48	72	40	18	26	71	9	43	42	56	60	107	84	79	23	38	48	103	73	41	69	26	31	16	81	97	103	116	43	77	92	44	100	67	94	113	71	12	64	101	12	100	59	10	32	99	37	55	7	36	91	17	16	69	5	6	44	58	83	77	33	80	59	97	10	13	45	8	4	71	26	11	90	55	82	101	109	32	4	71	2	78	65	94	68	73	22	75	119	107	50	4	27	13	68	67	66	75	109	24	19	83	109	38	25	1	29	108	113	102	5	108	79	114	45	21	64	65	46	67	110	91	69	80	67	69	36	23	44	84	8	20	117	53	26	29	9	52	90	110	20	20	9	51	68	57	68	52	103	35	106	20	77	64	74	10	89	4	40	50	28	57	67	33	51	43	32	59	101	38	94	74	117	70	95	41	0	30	67	91	36	57	73	32	20	39	117	94	22	75	12	113	71	8	75	71	48	65	89	51	78	34	106	43	81	40	47	43	58	108	87	40	107	94	14	95	74	28	99	107	9	5	112	71	63	97	7	56	40	108	61	35	83	0	20	37	19	15	113	34	30	77	42	112	25	18	3	27	12	74	52	109	65	70	118	119	0	49	26	102	41	39	15	113	92	113	18	118	21	110	33	63	86	49	64	13	15	82	96	114	56	109	75	43	16	38	112	107	16	7	78	84	7	1	87	70	70	117	87	45	99	95	119	62	58	114	32	91	102	72	8	56	37	106	98	99	48	71	35	64	61	84	117	106	118	44	74	50	111	85	47	14	99	42	17	17	44	38	13	2	57	36	60	108	3	42	1	78	65	110	36	95	66	111	38	23	50	116	6	26	76	33	117	76	2	79	64	97	48	104	96	37	75	4	118	94	24	50	87	84	115	50	7	6	7	1	37	61	99	12	111	90	95	35	64	27	56	84	60	76	86	33	20	73	74	117	17	39	85	25	98	13	90	43	56	113	77	74	81	116	83	99	88	92	33	29	5	99	8	81	71	59	88	81	77	3	50	0	87	109	115	32	66	34	51	83	51	103	88	72	36	9	40	108	47	23	118	11	103	24	66	38	117	52	83	76	103	32	113	112	37	113	59	76	85	55	11	79	105	119	12	98	13	32	116	101	96	114	11	83	107	23	64	21	118	119	105	105	31	2	43	63	96	78	66	60	102	56	13	102	85	47	91	67	81	96	18	109	115	74	39	14	38	35	83	54	79	72	13	42	89	0	6	12	6	47	94	117	86	86	64	43	41	96	76	74	46	37	6	57	70	83	55	50	106	71	68	49	32	26	29	2	86	119	48	15	117	93	72	32	17	100	78	40	97	33	58	91	98	83	61	113	101	98	103	76	75	29	72	16	90	101	119	92	66	62	56	45	35	7	106	67	56	5	111	30	68	0	102	116	22	33	63	52	89	34	30	18	31	92	41	69	34	69	1	35	12	90	104	87	44	100	22	32	5	5	93	80	22	21	37	104	50	29	64	41	80	118	111	12	75	50	58	1	67	114	42	11	20	97	113	92	70	48	27	35	21	9	74	53	80	53	38	91	34	87	21	19	91	28	107	92	110	101	18	73	6	104	112	32	90	118	24	17	64	102	75	56	64	23	93	119	45	106	21	101	111	39	71	40	5	70	105	23	78	112	118	5	73	98	83	70	3	40	33	62	92	55	118	31	12	86	106	49	60	119	92	52	53	15	69	45	14	15	117	60	89	53	108	39	110	31	89	68	9	58	88	32	102	114	47	78	2	40	68	11	18	77	55	24	64	108	33	32	71	76	110	114	29	31	55	65	28	65	102	102	119	55	43	60	11	109	107	76	75	106	109	59	64	15	8	116	96	104	1	78	112	114	73	91	102	2	97	108	33	10	111	48	58	99	3	50	22	32	11	64	67	18	17	97	41	87	72	104	90	29	63	99	51	10	50	79	107	30	111	30	7	28	11	37	116	73	60	61	47	102	39	16	110	45	10	76	88	91	12	25	116	22	63	61	72	109	41	81	16	41	109	9	97	74	19	82	55	5	61	77	42	116	9	88	1	115	14	27	1	33	99	50	46	17	21	33	29	0	103	45	42	1	74	77	81	116	35	28	57	70	0	50	95	46	36	23	114	97	30	85	103	37	3	40	50	23	114	53	85	93	109	74	99	86	39	98	20	103	96	35	97	94	93	36	113	85	111	7	61	79	38	99	94	4	9	98	5	31	60	99	72	57	42	105	66	88	42	97	99	50	116	70	19	38	7	110	2	97	32	23	14	59	111	93	67	99	61	89	10	13	57	42	113	109	105	2	5	24	16	29	65	62	54	62	18	67	75	67	88	67	64	69	3	24	37	113	86	37	61	31	111	34	93	27	13	23	41	38	85	84	74	24	72	75	33	55	45	116	101	118	83	111	30	51	30	17	77	105	69	102	21	51	24	44	28	42	12	12	62	39	47	78	70	83	72	28	37	60	59	116	1	37	18	100	22	91	112	72	119	43	48	56	76	30	6	37	69	102	72	58	64	46	89	5	8	103	72	12	112	11	0	13	77	35	49	49	17	101	106	61	112	13	90	111	16	109	108	98	80	61	112	99	32	108	77	112	114	31	95	107	36	27	60	110	91	36	80	43	38	37	107	51	91	114	46	19	61	104	97	70	80	71	31	89	36	74	51	114	31	112	29	98	91	3	117	110	51	13	66	1	85	91	4	20	57	21	23	87	33	44	116	36	88	65	114	116	13	68	49	22	87	61	0	20	36	78	74	38	13	115	101	14	28	108	53	33	3	62	65	53	58	88	57	31	31	113	4	36	104	89	14	79	40	101	28	72	104	63	19	111	52	109	67	4	114	25	78	14	109	88	102	77	95	58	18	83	34	107	16	51	47	81	76	102	111	32	93	105	117	3	33	53	119	7	0	5	36	36	115	100	15	89	108	71	111	32	116	5	56	94	21	66	51	21	55	49	115	92	14	41	68	97	26	88	39	14	78	90	89	34	115	29	53	92	95	96	82	38	42	50	114	81	80	89	72	90	37	34	15	24	63	118	112	106	77	101	38	1	62	85	109	106	9	82	30	40	110	74	9	65	55	20	36	41	90	4	56	111	96	52	49	80	0	81	11	40	71	34	106	34	106	117	24	82	98	81	99	6	28	17	38	117	34	62	6	8	53	3	81	105	9	112	23	30	13	10	0	29	115	63	25	38	113	90	97	60	103	11	34	2	8	119	61	8	106	32	34	15	79	79	1	106	32	107	90	58	27	100	6	30	4	24	45	19	41	16	76	90	89	57	64	77	63	36	103	40	61	46	111	66	117	13	43	102	25	87	20	22	92	101	104	65	33	46	109	91	54	17	91	92	12	104	79	52	8	7	34	49	92	40	16	94	74	82	107	15	47	59	119	56	72	46	25	90	109	60	59	77	61	56	49	20	71	110	111	109	48	69	2	117	37	9	104	65	114	23	55	54	45	25	19	97	6	99	60	102	18	64	5	60	51	42	25	108	47	10	81	87	41	69	93	42	76	72	52	41	56	72	79	20	100	71	109	8	86	94	88	51	29	70	12	116	63	68	39	62	25	92	82	58	76	53	46	105	0	75	101	90	66	105	46	54	69	32	51	11	0	109	52	36	84	85	3	55	116	75	94	98	6	43	18	31	96	98	117	4	22	0	68	47	76	31	85	95	32	72	26	79	68	59	60	112	5	88	97	47	4	79	55	34	52	104	75	9	5	76	14	115	33	107	46	100	93	115	44	25	111	43	109	99	45	33	118	40	99	49	13	89	5	40	99	44	77	70	69	64	21	73	84	105	77	14	30	111	18	69	58	22	99	87	47	69	75	50	106	3	92	55	76	77	107	31	43	42	49	31	90	54	26	10	13	108	37	22	85	53	87	38	21	43	105	101	59	35	11	103	77	67	20	31	82	37	98	117	112	2	112	33	94	23	15	5	39	12	48	92	62	114	62	113	70	40	55	7	46	8	12	39	88	81	5	54	64	95	51	59	40	103	40	48	39	42	3	84	18	84	81	55	100	63	43	11	41	50	30	67	47	4	107	91	118	62	16	95	29	74	66	78	89	19	13	37	7	16	76	106	22	26	67	81	54	72	56	104	95	74	41	19	105	15	31	112	71	113	0	20	116	86	75	46	45	101	3	58	68	47	37	64	104	44	35	97	0	109	5	88	67	87	79	3	30	97	4	79	38	61	67	14	72	97	52	22	117	53	17	21	40	53	41	93	64	60	108	62	22	78	102	109	89	25	96	92	0	63	115	79	89	107	59	113	15	81	9	39	103	90	27	99	115	112	90	104	12	39	76	45	26	114	45	95	45	5	113	53	58	105	116	73	16	111	12	36	66	36	59	25	113	59	41	17	27	18	83	101	64	109	59	5	13	90	72	67	24	24	22	83	7	27	85	28	55	88	30	109	40	16	68	16	49	98	115	26	71	69	46	70	36	46	59	84	91	88	0	83	15	7	2	112	91	80	71	20	100	44	63	62	62	116	8	118	58	81	26	99	28	63	115	113	117	74	110	89	41	31	14	15	16	38	119	40	58	103	53	85	14	116	4	54	28	58	79	51	73	105	97	64	51	77	8	17	10	24	19	118	100	82	27	52	105	119	67	75	50	45	18	94	69	100	74	118	77	27	85	90	65	105	20	57	82	45	67	72	39	86	77	109	22	84	42	96	62	44	107	37	61	39	60	80	76	33	17	113	107	83	112	37	113	84	91	45	47	100	28	117	54	37	53	114	32	18	45	42	64	84	94	56	77	100	88	111	69	22	29	14	23	108	92	69	77	55	24	14	45	29	50	6	98	103	105	66	77	58	85	96	24	10	17	1	61	49	1	11	97	95	54	4	66	93	12	28	73	40	70	50	71	52	115	5	113	82	118	83	47	81	46	110	54	52	8	48	71	98	62	15	80	109	88	87	39	29	11	26	116	90	91	2	60	64	97	81	71	25	13	42	88	109	60	27	15	92	32	25	83	117	24	16	33	22	64	116	62	45	41	83	57	71	50	98	51	71	22	19	82	21	112	1	44	109	103	13	47	103	116	2	64	17	28	35	85	9	89	119	40	76	24	77	104	115	20	46	58	92	92	29	19	36	57	67	89	81	55	37	66	23	43	68	90	88	57	12	73	44	33	17	29	24	56	72	43	119	12	61	96	87	89	32	45	8	7	44	25	48	48	18	45	95	39	36	28	89	6	29	85	62	65	71	118	37	61	29	33	60	20	80	1	96	111	46	14	30	3	84	44	92	46	110	96	31	42	112	51	9	80	52	42	42	104	97	100	108	83	113	29	100	0	90	2	94	34	71	23	80	33	36	54	35	25	4	19	79	5	30	48	104	13	75	46	7	33	21	27	57	77	50	11	77	74	96	91	80	0	65	43	26	100	28	22	68	56	43	29	93	108	61	109	16	36	60	95	61	115	108	70	51	14	98	98	19	87	99	75	89	84	37	115	3	31	47	59	80	1	96	45	28	23	12	29	85	114	59	26	53	93	70	29	117	54	84	59	24	84	116	86	86	18	79	48	49	27	76	68	65	49	60	38	51	83	77	75	21	61	3	72	100	89	83	86	6	86	77	119	55	7	64	119	68	28	102	34	77	10	102	112	6	46	10	94	40	53	117	34	91	43	70	9	75	73	86	71	26	3	62	23	108	84	38	15	117	52	88	12	91	25	66	5	114	20	100	101	119	93	29	23	6	5	14	74	107	1	98	116	81	50	107	12	27	114	2	79	63	75	7	63	51	46	4	83	84	4	102	52	96	66	106	110	54	88	46	98	54	111	74	87	38	89	72	57	66	2	108	23	49	10	66	49	100	93	74	43	26	114	102	86	119	33	108	104	37	14	93	89	48	114	39	61	60	44	32	74	22	91	109	38	71	69	113	14	93	12	21	20	30	83	13	110	104	59	70	42	85	46	82	79	66	43	76	108	38	59	83	29	48	2	4	118	66	97	59	118	69	67	46	88	48	97	113	41	2	106	19	96	24	86	111	57	38	39	8	9	64	86	39	94	98	52	115	31	57	83	60	105	16	107	61	20	12	60	26	80	32	55	53	73	51	66	64	42	57	93	16	8	50	72	111	105	55	34	38	89	66	109	30	19	39	109	82	38	116	63	15	13	12	7	14	24	47	26	111	88	49	96	111	110	82	17	16	88	70	59	9	55	27	79	13	88	53	111	12	115	28	79	79	32	79	41	71	104	31	95	19	87	102	20	91	80	3	99	64	62	63	103	43	38	43	13	56	119	45	68	43	84	106	67	87	0	45	80	36	32	25	79	68	33	2	7	5	60	113	48	113	84	9	111	108	61	32	119	1	87	71	99	117	41	36	94	43	7	43	40	78	87	117	73	2	15	59	33	66	103	43	51	18	110	15	39	52	81	9	47	86	0	105	21	82	33	117	54	101	4	69	119	30	10	38	84	46	31	31	96	69	119	100	57	37	8	44	20	43	72	117	78	107	28	22	80	81	4	4	19	58	17	94	72	27	108	61	26	95	96	81	112	37	74	103	25	33	117	6	51	104	114	25	15	72	74	96	1	119	5	76	68	79	102	93	21	2	118	77	11	97	73	91	39	41	86	99	19	103	67	47	51	78	25	103	40	86	0	88	38	64	72	50	113	10	111	70	80	104	73	32	71	101	67	22	36	82	20	110	96	7	53	68	7	86	79	15	73	82	101	11	98	85	3	19	50	88	105	86	54	106	39	55	42	20	77	70	0	25	35	92	25	113	60	106	118	59	2	27	22	52	18	31	82	26	49	103	104	114	42	104	49	33	87	54	114	1	29	43	28	116	75	107	0	49	54	90	19	64	23	52	81	40	46	111	2	94	93	0	9	39	15	18	20	21	86	4	66	88	24	59	47	52	55	22	6	1	108	112	70	97	87	64	114	84	18	21	107	62	18	16	113	27	69	68	77	88	114	88	86	69	49	32	114	6	92	7	31	11	46	8	4	42	97	69	100	105	40	69	90	40	66	111	102	114	22	32	108	28	36	16	17	103	112	69	4	82	27	78	115	106	7	11	114	32	76	57	86	98	53	36	73	35	34	116	45	40	96	62	18	104	78	37	87	41	105	27	20	97	29	54	109	105	78	73	107	97	60	26	29	47	28	43	71	24	24	39	75	100	103	101	27	44	107	36	4	101	90	104	7	68	41	64	100	58	37	84	39	16	103	25	102	54	24	71	103	57	29	102	110	52	106	86	76	117	57	83	76	27	113	103	29	22	5	95	56	18	99	27	52	1	30	3	41	19	78	71	83	24	103	97	48	39	108	45	14	3	107	15	119	28	96	21	52	63	80	36	98	16	96	47	39	45	69	116	111	82	52	86	70	47	98	84	8	40	68	65	62	84	92	85	30	108	52	87	92	13	103	83	29	119	63	9	8	80	16	76	63	1	58	90	86	45	118	48	41	3	12	45	104	58	18	114	33	103	74	25	46	65	79	63	80	109	12	89	28	38	32	69	41	113	93	76	22	75	34	87	2	84	60	42	62	21	76	28	13	10	111	43	94	64	43	67	5	46	31	15	19	106	16	91	90	101	24	77	91	55	38	66	59	66	68	29	71	31	35	64	28	63	79	28	100	40	114	55	40	68	15	87	2	104	62	113	26	74	56	74	101	34	5	98	113	28	78	110	35	9	24	1	34	117	24	12	63	93	43	115	99	35	93	55	21	49	38	31	41	15	92	53	74	6	80	113	68	98	60	99	87	103	33	98	102	107	40	13	23	22	16	49	2	55	52	77	9	24	18	26	35	56	36	4	101	116	118	83	77	44	21	76	112	84	27	76	85	103	92	39	51	14	110	58	72	18	119	99	86	74	68	22	64	52	98	34	3	109	49	47	97	116	83	18	0	66	104	76	9	117	112	116	85	60	71	59	111	103	62	62	55	84	23	20	8	69	74	73	98	39	107	28	27	104	49	110	107	118	65	82	90	60	22	5	113	52	65	44	77	72	75	107	12	9	8	25	97	34	29	51	112	33	32	29	42	70	111	81	63	91	21	69	76	88	119	79	106	39	119	54	19	97	26	113	8	84	76	87	84	32	43	86	118	63	80	78	40	99	60	80	29	18	88	38	81	17	85	74	39	61	9	87	111	11	14	22	14	65	77	61	47	104	61	99	41	81	26	16	14	15	74	18	32	23	76	55	90	48	97	35	90	91	84	1	49	111	17	7	78	88	57	20	71	76	88	7	53	59	21	20	109	86	72	13	60	18	76	2	71	9	13	6	37	6	45	99	27	10	94	3	35	92	116	56	88	23	39	33	96	11	1	53	117	107	118	48	27	119	23	32	60	104	93	56	98	119	87	0	94	6	5	10	114	60	2	59	8	54	71	60	66	102	62	116	105	105	114	53	36	101	110	24	60	56	27	95	53	2	58	9	36	47	47	36	36	6	115	27	30	23	6	104	39	79	0	83	102	95	49	32	115	88	40	30	17	111	99	41	111	76	44	8	85	59	81	40	29	26	38	32	91	4	77	27	45	6	109	50	76	30	93	76	8	42	114	3	102	80	80	66	111	8	107	48	2	110	81	52	104	54	97	10	117	66	54	1	116	44	1	60	93	59	5	84	20	5	9	33	114	19	67	57	75	71	54	79	35	102	41	37	49	69	47	102	102	84	90	19	41	94	11	61	10	118	119	110	53	2	35	50	57	26	107	41	108	111	74	45	15	63	92	36	34	25	28	0	21	16	21	43	80	93	95	25	54	13	90	92	103	74	108	75	36	68	99	21	114	88	83	62	3	81	33	95	84	92	17	63	106	89	97	103	77	81	104	79	26	82	47	14	25	5	36	5	5	74	28	22	50	24	5	73	82	103	102	35	86	110	13	41	43	92	115	59	35	82	3	2	96	30	30	51	13	3	55	73	34	5	61	119	95	5	56	83	41	58	112	13	94	109	30	21	6	28	110	31	68	21	71	80	119	11	25	115	46	44	70	60	58	65	30	34	38	30	62	13	21	44	101	70	14	67	108	60	39	45	42	6	30	97	59	45	5	89	1	2	46	112	71	82	100	60	45	65	116	74	107	29	91	102	65	73	12	25	81	100	7	95	26	111	66	59	95	111	114	33	103	6	73	76	64	83	82	58	13	15	54	104	28	108	40	23	18	41	10	103	48	8	44	114	78	19	0	104	71	20	12	12	90	64	0	20	16	75	101	104	103	2	71	73	64	97	8	91	41	10	16	97	12	14	54	23	97	43	3	38	93	12	107	98	98	53	48	76	76	116	50	37	54	57	66	96	28	68	29	53	32	108	83	69	50	85	102	87	16	96	45	30	112	67	23	119	116	113	7	85	3	6	12	98	56	82	68	55	13	89	3	5	10	99	82	20	98	113	88	23	16	116	103	113	70	88	15	64	119	105	70	114	59	42	73	27	18	38	116	72	28	78	8	85	68	65	118	22	34	80	82	74	92	106	21	24	53	82	110	80	3	2	23	53	100	13	40	66	90	13	67	26	59	85	55	114	51	64	102	61	105	60	0	72	48	45	115	30	114	71	79	90	21	102	10	43	76	55	58	100	29	91	51	81	78	32	73	9	31	39	5	9	28	81	119	85	45	2	104	69	112	114	36	111	53	117	112	76	54	59	100	19	33	78	54	30	74	57	91	38	103	86	65	113	91	65	12	119	87	32	20	13	99	68	78	105	19	23	94	27	80	43	53	106	62	63	92	52	42	8	106	68	46	55	11	69	59	114	61	89	70	58	97	42	96	116	92	83	38	38	98	56	36	18	42	69	92	94	35	59	97	10	22	82	110	53	115	99	73	117	46	29	97	10	77	116	30	90	71	22	53	58	111	12	4	43	110	69	57	6	61	94	114	37	85	113	80	83	119	86	81	116	38	98	35	59	11	97	39	10	35	70	63	62	2	4	112	84	15	100	8	5	48	79	92	28	102	101	58	28	103	101	47	88	48	28	119	42	56	83	95	29	110	73	82	29	54	2	44	49	27	111	86	23	10	36	58	119	83	45	105	50	21	1	92	47	17	87	35	32	93	46	117	100	26	95	11	21	68	19	93	32	81	104	26	45	62	99	90	26	99	119	47	37	41	7	83	77	109	44	76	109	43	106	71	84	52	104	58	85	63	21	1	61	88	25	64	101	17	117	39	108	15	61	104	60	92	41	0	97	51	24	104	99	89	76	65	6	114	83	82	90	76	80	96	103	43	34	26	116	70	9	61	17	20	91	68	106	113	14	59	33	66	46	31	40	96	29	65	39	13	71	80	88	59	93	40	28	39	111	110	101	86	68	18	22	17	111	2	75	109	28	86	3	6	117	74	95	97	92	115	21	7	98	67	68	76	58	110	71	110	27	23	10	117	82	99	82	7	103	60	2	14	58	110	25	41	55	94	29	99	27	48	75	59	93	38	117	71	100	25	53	7	98	67	57	65	8	87	0	90	90	113	41	98	7	69	60	47	52	115	110	48	11	21	83	41	8	113	50	30	25	21	85	7	3	24	33	95	112	23	76	86	53	5	32	3	28	42	53	17	8	107	110	10	34	102	33	42	103	33	0	110	39	118	7	23	62	49	24	25	75	61	6	57	78	109	80	2	20	101	76	101	107	22	101	53	66	13	88	46	94	49	65	101	106	61	38	15	56	48	16	82	38	41	24	19	71	5	107	88	105	24	36	75	62	20	33	8	71	90	32	76	62	96	89	108	119	113	13	78	103	8	99	19	110	29	33	16	56	9	84	21	20	78	47	38	59	39	31	34	54	65	84	95	74	114	21	108	64	68	44	16	9	84	71	10	110	7	85	44	3	6	87	93	23	46	13	55	57	49	28	52	71	42	101	54	67	83	69	117	8	70	45	6	46	0	48	19	110	51	83	65	91	25	63	13	43	16	28	40	18	24	75	62	78	105	84	24	60	1	106	66	115	28	19	51	79	16	83	81	94	22	91	82	81	72	43	97	98	36	18	110	101	5	49	78	
15	17	9	14	11	6	11	11	18	15	4	18	9	15	1	15	13	14	16	20	11	12	17	1	8	16	17	12	20	6	10	5	14	20	9	5	19	15	6	15	11	2	13	20	17	16	12	1	15	20	14	20	9	20	5	20	14	12	19	8	11	5	10	17	2	15	6	2	19	1	19	4	18	13	18	4	3	20	4	20	15	18	1	15	16	5	12	12	19	10	1	15	4	17	4	5	16	1	16	12	5	4	16	19	15	2	15	13	16	14	8	14	13	2	17	20	5	15	20	2	7	17	20	11	16	11	7	18	16	7	14	15	4	17	2	20	6	4	8	11	3	6	13	2	7	12	14	13	3	6	12	9	9	2	20	19	1	1	19	13	1	19	18	10	9	18	13	5	2	7	19	10	6	3	16	14	10	18	12	15	2	2	10	1	19	20	1	12	7	12	8	12	18	4	18	7	18	7	8	2	2	4	20	14	4	1	20	16	11	10	7	18	12	10	4	9	1	20	7	4	15	18	5	3	3	10	3	16	5	15	14	6	3	3	16	13	1	2	13	7	13	11	9	16	4	10	11	1	2	11	11	12	5	9	2	17	10	19	14	14	17	15	2	11	20	6	13	5	11	17	18	6	4	13	8	14	4	19	11	15	12	7	4	17	8	20	17	1	6	17	9	17	6	1	7	17	2	19	6	19	7	9	17	3	1	16	8	14	18	1	12	18	6	5	11	15	4	4	4	10	15	9	14	13	12	7	12	20	13	1	9	9	15	10	1	4	14	12	5	10	8	8	6	17	10	15	14	6	12	6	20	12	16	5	3	2	3	3	7	20	1	7	17	16	16	12	6	6	5	5	15	12	16	12	2	10	19	18	2	5	18	4	10	7	19	11	2	8	11	4	3	2	19	8	9	2	14	1	18	5	8	15	18	2	6	20	10	14	10	8	9	6	7	12	10	15	20	1	10	1	16	5	7	19	10	4	6	20	10	4	19	2	13	4	20	18	8	11	1	12	8	2	4	7	14	17	14	10	11	17	11	11	12	19	8	11	19	13	20	11	15	11	13	20	7	18	3	14	10	12	17	15	19	13	16	16	5	19	10	10	7	1	16	10	17	14	6	13	8	15	6	19	17	20	5	14	17	18	7	19	13	6	13	11	3	6	18	11	18	2	16	4	8	15	3	18	15	11	18	19	7	14	10	12	16	9	17	14	17	2	8	14	18	5	15	16	12	19	12	11	16	18	7	14	11	14	14	11	10	4	18	17	4	8	19	8	20	12	14	17	6	1	15	4	20	6	5	11	11	9	15	6	11	4	6	7	10	10	5	7	5	2	3	17	1	15	4	13	3	16	17	6	7	4	20	17	3	10	8	4	20	9	1	19	2	8	9	12	16	14	7	20	17	18	18	7	11	16	14	18	10	8	9	15	13	9	18	15	15	11	9	18	10	14	19	9	19	17	17	10	14	12	17	2	5	19	15	13	17	13	4	5	7	14	6	14	4	6	7	12	6	6	5	16	16	4	14	2	16	5	1	12	13	2	13	6	14	8	9	14	12	7	11	14	12	14	5	4	5	2	5	14	9	11	1	10	16	7	5	2	14	9	13	10	1	3	8	14	7	8	14	12	16	6	10	7	15	5	3	7	10	2	2	12	4	13	11	12	15	1	10	1	7	4	2	4	12	13	16	14	8	12	14	3	4	5	10	6	3	8	5	16	14	11	3	1	7	6	1	5	14	14	13	1	4	8	13	7	14	5	10	12	11	12	1	9	3	2	6	14	16	9	11	2	2	4	8	2	2	8	4	15	10	6	8	9	5	15	3	8	2	12	15	13	7	12	7	10	16	8	3	14	16	5	4	7	3	1	14	10	4	4	2	3	12	12	12	11	16	3	16	13	1	9	1	2	6	15	8	8	12	8	1	6	6	14	13	3	10	15	15	13	12	15	1	15	6	5	8	11	15	6	8	1	12	8	4	1	3	11	5	11	14	12	2	4	13	1	5	4	15	5	10	6	4	12	13	15	5	14	6	9	12	6	3	15	12	14	1	15	1	7	4	7	13	9	5	5	14	4	9	15	4	11	15	16	9	9	14	13	16	7	15	13	15	16	6	16	4	13	7	11	9	7	16	8	8	12	8	11	4	5	8	6	15	8	16	3	10	6	5	3	4	16	14	4	3	1	1	9	7	8	15	6	13	8	14	2	4	1	1	12	9	10	16	11	1	4	15	14	14	3	15	11	10	1	2	16	7	14	14	4	1	16	12	7	3	15	8	10	13	13	8	2	12	4	11	3	8	11	5	3	16	15	4	8	15	10	13	6	11	8	1	4	2	1	5	5	11	14	3	2	6	7	16	8	8	7	15	10	16	8	9	15	5	14	2	5	11	7	13	13	14	6	10	1	11	8	5	12	9	4	5	4	5	2	8	7	11	2	1	1	15	4	13	5	9	1	3	14	14	4	6	15	8	15	7	5	6	14	6	9	2	7	8	8	5	2	5	3	2	10	12	3	12	7	8	5	2	14	15	16	8	13	4	4	14	8	7	5	10	14	1	2	14	4	16	11	12	16	8	10	15	5	7	3	6	6	13	13	1	11	1	16	11	6	9	12	8	1	4	3	15	12	3	4	9	5	1	3	13	4	8	4	13	2	6	9	13	14	3	8	7	14	15	4	14	4	2	12	4	10	6	14	3	1	11	7	7	3	5	15	4	13	16	16	11	12	14	6	5	6	3	13	11	9	4	5	11	9	14	7	4	8	1	11	8	13	7	14	12	7	2	13	16	1	12	7	15	5	7	10	12	6	15	16	5	12	2	6	13	16	9	2	12	12	14	5	4	4	3	10	5	10	6	10	13	8	2	5	12	14	11	16	12	11	16	10	10	16	4	11	6	5	6	5	15	14	3	4	8	7	13	9	14	8	6	15	13	14	4	1	15	12	16	7	12	15	11	10	8	10	16	8	9	9	8	5	1	1	11	16	5	8	5	3	1	5	15	15	13	11	9	3	1	10	8	7	11	6	1	11	11	6	5	13	10	3	6	11	3	15	5	9	5	13	6	6	9	6	3	11	15	14	9	11	8	5	5	6	6	10	4	14	9	9	16	5	4	11	10	14	6	16	1	11	15	12	12	15	13	12	14	4	10	12	15	14	7	3	7	1	10	5	16	2	13	13	1	15	3	10	9	10	11	16	14	3	11	13	7	5	7	11	6	8	6	12	11	7	10	11	3	13	4	4	12	10	15	2	9	1	6	7	16	13	12	5	9	13	13	13	2	12	6	15	8	1	16	16	14	15	2	11	2	11	2	2	1	8	16	9	7	5	16	1	12	13	15	5	10	5	13	7	6	11	4	11	3	1	15	13	4	4	4	7	1	5	8	14	1	5	3	8	2	16	4	5	4	11	9	4	11	6	7	16	3	4	9	1	13	16	12	14	13	16	14	14	1	16	12	7	8	14	9	12	6	12	6	4	15	7	12	3	10	10	7	9	5	1	13	2	4	15	5	15	16	15	1	15	15	8	2	14	1	12	8	3	3	9	3	5	13	12	15	1	1	14	6	2	16	12	2	11	14	11	3	1	16	14	2	4	6	11	8	8	13	3	10	12	2	3	15	1	7	5	9	1	9	15	7	4	15	15	12	4	2	16	2	5	2	6	12	15	7	11	3	5	6	15	14	6	11	3	8	9	3	10	14	4	7	1	12	3	7	13	9	8	4	14	4	3	15	13	4	11	5	2	10	11	5	11	8	9	16	6	4	15	14	15	9	15	11	11	15	13	9	4	13	13	3	12	10	5	15	7	2	15	12	15	5	12	11	12	1	11	1	16	6	4	3	2	10	10	13	1	8	15	15	7	5	11	5	8	9	12	9	2	13	5	7	16	8	3	8	4	15	3	4	1	14	16	4	3	3	7	3	1	8	7	14	3	7	10	15	14	3	16	3	13	7	13	16	8	15	11	10	6	4	14	2	2	1	2	11	16	5	15	3	12	9	6	1	2	13	15	16	11	8	3	6	2	15	15	11	14	13	8	11	16	12	11	7	12	7	13	10	2	9	11	8	9	10	7	11	3	6	1	1	15	16	4	11	4	5	13	2	12	12	3	3	4	7	3	6	7	14	7	15	12	3	9	13	3	10	3	10	2	6	14	14	14	16	9	15	6	14	13	4	3	9	14	1	14	4	6	5	3	2	1	4	2	6	15	1	7	12	5	3	3	11	2	16	10	15	12	7	15	4	4	14	1	4	1	12	12	13	14	11	8	4	15	6	7	7	4	13	8	14	6	7	14	12	4	10	10	8	8	6	16	12	3	12	4	9	16	1	15	2	9	2	1	3	2	16	6	5	6	1	8	10	13	5	13	9	13	16	1	10	5	5	10	4	10	2	5	9	15	14	3	5	15	14	14	10	9	4	8	4	2	9	6	16	8	10	8	14	5	16	13	6	5	3	11	12	4	15	4	6	5	12	6	11	8	9	7	12	16	12	11	9	2	2	5	10	1	10	16	13	6	15	5	15	2	5	6	4	11	7	11	5	7	13	15	14	5	10	16	7	5	14	10	14	1	9	8	13	14	1	6	14	7	4	4	16	11	12	6	5	15	16	2	8	7	3	8	1	11	7	13	5	11	7	13	3	13	8	6	13	6	1	8	10	3	5	9	13	16	13	1	15	2	2	11	6	8	9	8	8	5	3	14	7	10	1	16	10	9	10	12	12	3	5	15	15	15	13	9	14	12	13	13	13	7	10	1	15	12	11	1	16	9	5	16	13	14	8	10	11	7	10	9	7	7	10	12	2	10	14	6	9	9	7	15	14	1	7	13	12	10	10	16	11	16	16	11	4	2	12	10	15	10	2	4	8	16	2	13	7	9	2	7	1	14	12	16	1	5	4	13	15	4	3	16	11	11	4	11	2	5	15	14	11	13	6	10	8	10	6	4	7	5	1	4	8	12	15	15	8	11	11	9	12	1	8	10	13	1	7	9	4	7	3	14	12	11	10	16	2	3	7	7	4	13	4	11	6	11	6	3	12	11	8	10	12	5	5	6	13	7	14	9	10	5	10	2	16	5	4	16	2	15	2	6	7	1	9	8	6	11	8	1	2	14	11	10	5	4	2	1	16	2	9	2	7	10	8	14	10	9	12	16	9	5	13	8	7	1	5	3	5	6	3	9	14	15	11	6	16	2	2	4	6	1	8	5	11	15	7	4	16	10	14	7	11	15	8	2	9	14	4	10	4	16	16	5	8	10	10	9	1	2	9	13	11	1	7	13	10	5	11	11	5	1	4	7	7	5	12	1	3	7	3	15	6	15	9	7	6	16	4	11	4	3	9	1	12	9	15	1	16	4	4	6	13	10	1	10	12	8	10	14	9	10	15	8	10	12	13	3	15	6	6	10	6	14	4	16	16	2	9	1	6	11	7	2	16	5	16	14	13	10	14	11	12	2	7	3	2	4	13	2	2	12	1	15	11	1	13	6	13	4	12	13	8	7	3	4	13	3	10	4	14	12	7	2	4	13	3	12	4	6	7	5	14	5	9	6	7	6	5	9	12	9	8	11	2	12	3	5	5	16	15	4	5	8	8	10	3	10	7	11	16	6	11	8	12	9	14	10	7	4	3	5	3	13	5	6	5	12	5	10	1	9	13	9	4	8	6	7	4	11	10	11	13	11	16	5	15	13	15	12	13	10	4	9	7	4	1	5	7	13	7	9	12	10	13	12	9	5	2	5	8	1	16	4	15	10	7	6	15	6	7	12	10	2	4	8	8	7	6	3	15	4	15	13	14	15	2	7	6	8	11	5	10	11	8	6	16	5	8	14	13	3	15	3	14	4	10	5	16	3	14	8	4	8	13	11	9	15	8	2	4	2	13	4	14	4	8	12	16	2	15	15	5	14	6	5	13	12	2	15	9	3	13	4	9	14	6	8	1	6	15	5	3	9	5	2	8	1	16	12	7	11	6	13	13	8	8	1	10	12	5	13	9	13	4	5	14	2	2	1	4	3	1	4	6	1	16	3	3	11	10	7	5	15	9	5	3	16	12	5	10	3	9	16	10	11	9	16	12	2	5	6	5	15	12	2	7	15	1	8	12	15	16	3	3	7	13	4	8	6	9	11	13	16	4	5	10	15	10	7	13	9	12	15	14	2	4	4	8	10	4	7	1	12	13	9	14	8	5	14	4	5	13	7	3	6	9	11	8	1	10	11	16	12	2	7	12	5	4	5	2	9	5	1	13	1	2	5	5	7	15	6	11	10	7	11	3	7	3	10	12	13	6	12	7	12	10	9	4	9	7	11	12	1	13	5	8	15	6	11	15	12	15	7	10	4	15	6	15	1	8	4	16	5	14	5	12	1	16	2	2	9	3	1	13	5	11	5	14	12	9	12	11	9	13	6	3	13	13	2	2	12	2	11	1	10	9	6	4	8	13	3	15	13	9	13	10	6	3	2	6	16	9	7	6	15	5	6	7	6	6	12	8	1	13	13	6	9	6	7	2	12	14	10	6	3	2	13	10	8	6	7	1	4	16	1	4	1	6	5	10	4	7	11	11	11	10	1	2	14	12	4	9	6	8	12	8	3	5	2	12	5	7	14	13	15	12	1	2	10	6	12	16	3	6	10	11	1	16	7	10	7	1	7	1	7	15	1	16	11	11	12	16	10	13	9	14	15	7	16	2	14	12	13	13	14	10	13	1	5	9	16	5	11	1	14	13	3	4	15	15	9	2	12	3	11	6	4	3	10	10	2	9	15	1	16	11	14	5	2	1	15	6	13	9	9	2	15	12	7	16	15	11	13	13	1	12	2	15	1	1	16	2	2	6	16	8	11	6	5	3	1	16	11	5	3	8	13	2	10	16	14	12	11	16	4	16	1	10	9	8	1	16	7	6	16	2	12	7	10	12	11	11	5	7	15	6	15	8	5	3	16	12	9	11	4	12	9	12	1	15	3	9	7	6	14	2	8	8	3	11	5	16	4	13	13	13	11	8	10	4	1	6	15	11	7	12	12	14	15	15	3	14	13	14	1	12	16	10	13	3	15	2	5	12	6	9	13	2	2	10	14	11	7	1	3	10	2	6	10	12	9	16	13	14	14	13	15	9	10	1	3	9	10	6	15	6	13	13	6	16	9	7	8	6	4	16	15	8	16	16	11	1	9	5	5	2	8	16	6	7	10	9	15	15	10	3	14	8	3	16	15	10	15	5	9	7	16	11	9	7	11	3	16	1	1	2	6	14	11	16	6	10	2	12	3	9	4	9	12	12	13	2	15	8	7	3	13	9	14	12	6	5	3	12	13	3	1	11	14	2	6	4	11	10	15	5	16	2	4	16	16	1	11	16	15	7	2	8	10	11	7	10	10	16	3	2	14	14	7	7	15	3	15	7	12	4	13	3	3	15	4	1	9	9	5	6	3	14	10	2	14	8	4	8	10	1	1	8	10	11	14	7	3	14	13	4	4	4	2	1	8	13	16	10	3	3	10	2	4	2	8	7	6	15	6	1	10	2	5	13	9	1	16	12	9	11	4	3	14	16	2	8	8	14	4	15	9	8	8	11	16	13	7	8	8	5	3	1	12	12	8	12	5	10	5	3	13	7	4	10	1	14	3	15	2	15	7	15	16	8	13	16	3	15	10	2	3	1	6	9	13	5	8	9	3	11	7	2	16	5	4	4	8	13	2	3	10	7	7	15	11	13	16	13	8	1	9	10	10	6	16	1	14	10	2	3	10	7	7	11	16	2	4	9	4	3	15	8	6	3	10	5	13	11	9	3	12	8	2	11	12	2	8	5	14	15	8	10	6	5	16	11	8	4	2	9	7	11	6	6	11	8	15	2	14	11	8	13	16	8	6	2	7	16	4	10	16	13	15	5	10	10	10	3	5	11	6	13	2	2	14	11	7	12	5	12	14	13	12	14	14	16	9	11	14	10	12	10	10	11	6	2	9	16	2	2	14	5	12	16	3	14	14	10	4	9	2	3	10	5	16	16	8	7	6	13	10	7	7	7	16	15	9	9	4	7	12	7	12	15	12	5	2	10	16	6	11	14	12	10	1	9	12	1	2	1	11	14	15	8	15	16	6	16	11	8	6	6	12	10	14	3	15	11	10	12	13	11	14	3	8	2	1	7	12	16	14	5	16	3	5	10	10	4	10	16	13	15	5	3	2	14	13	7	4	10	2	10	6	10	13	8	12	4	11	12	8	5	11	3	1	11	8	8	6	4	9	9	9	8	12	9	13	4	8	2	12	1	8	8	5	12	14	1	14	1	5	5	16	12	9	16	2	9	11	4	6	6	6	16	15	4	14	1	1	1	4	2	15	12	8	12	1	12	10	8	1	11	2	12	9	9	14	13	9	15	11	11	11	13	8	2	15	7	6	9	15	9	5	14	2	6	9	13	6	7	7	13	15	1	4	9	15	9	3	8	2	15	13	9	7	14	12	13	7	16	9	3	1	14	15	11	3	12	1	13	8	6	9	12	3	9	14	2	1	8	5	4	11	15	9	15	3	9	12	9	2	10	14	8	10	4	1	2	13	5	15	3	4	4	13	12	2	12	10	8	3	7	10	10	8	3	9	11	3	5	6	3	4	9	13	12	8	8	1	10	14	1	12	10	3	14	8	1	3	11	12	5	12	15	3	3	14	4	6	16	15	5	10	6	1	10	2	8	8	5	8	10	6	6	9	3	15	7	14	11	15	10	5	11	3	14	6	4	6	4	2	9	1	10	13	2	2	15	8	8	5	8	15	5	12	8	12	3	10	8	13	12	13	15	5	9	15	3	2	8	4	8	4	8	9	9	10	1	12	11	8	7	5	15	16	14	9	13	14	7	7	16	5	14	7	5	13	9	4	14	12	1	5	13	15	3	10	5	2	3	13	9	7	8	11	15	7	7	10	5	7	6	6	13	8	4	9	7	15	15	4	6	8	2	1	11	4	4	2	6	12	5	11	14	12	16	11	11	5	8	2	16	4	1	15	10	6	2	16	15	6	10	4	11	6	6	2	13	7	1	4	8	3	3	13	2	16	6	5	6	16	2	4	12	12	7	16	5	9	16	14	9	3	10	7	9	14	9	9	12	3	10	5	6	14	6	13	6	11	5	7	8	6	6	12	7	2	14	3	6	3	10	7	13	16	5	13	15	12	1	6	9	5	9	5	10	7	4	13	9	4	11	2	9	15	8	10	1	4	12	11	9	12	1	14	5	15	7	15	7	4	14	6	8	11	2	14	15	4	16	6	12	12	3	12	11	3	13	3	7	15	5	10	3	16	5	14	15	4	15	5	10	3	13	12	13	11	16	9	1	6	1	10	14	5	4	1	14	8	3	10	9	1	2	3	13	2	7	1	10	16	5	12	12	10	4	13	13	1	1	3	1	6	4	1	15	14	8	14	5	4	2	12	5	2	15	13	6	7	13	15	13	11	6	8	8	10	7	8	12	4	5	10	8	15	14	10	6	4	13	4	4	6	11	16	6	14	12	1	8	2	6	8	2	15	12	4	9	10	7	6	1	8	14	13	2	9	2	7	15	7	5	16	12	12	8	12	1	3	7	9	5	8	6	3	5	5	1	1	13	12	8	12	10	6	16	10	7	10	13	16	11	15	1	3	12	11	1	16	10	7	12	12	9	9	15	9	11	15	6	15	5	3	4	5	2	4	8	12	6	13	16	4	5	8	16	11	10	7	14	1	6	1	2	13	10	4	8	9	7	9	1	3	12	7	6	8	3	3	3	6	9	8	12	2	14	16	4	15	4	2	16	12	12	1	10	8	5	1	3	4	6	7	2	4	2	5	3	16	11	5	8	8	1	2	14	13	4	15	2	8	15	7	4	15	15	10	3	16	11	10	1	11	8	14	10	4	12	15	10	3	8	15	3	16	5	14	2	1	4	4	1	8	14	4	15	12	7	16	2	10	4	1	15	10	11	1	15	4	11	3	15	4	11	16	5	11	3	5	6	8	11	1	4	6	6	13	10	4	6	12	11	10	10	9	12	7	8	10	5	5	4	7	13	2	5	2	4	12	15	5	9	14	6	13	5	11	16	8	1	9	11	5	9	9	6	12	7	16	1	11	13	1	15	3	3	3	4	13	9	5	15	12	14	9	12	13	16	4	13	5	13	3	12	13	7	11	9	2	4	15	6	16	7	15	2	4	5	8	6	4	1	15	12	16	6	8	7	3	8	6	11	11	4	4	9	8	5	8	15	4	6	6	12	1	5	7	15	4	6	6	1	9	11	8	3	4	4	12	11	7	7	3	10	9	2	4	4	1	10	6	8	3	14	7	16	5	9	5	13	4	11	16	2	6	10	3	10	2	4	10	2	8	3	5	1	2	10	14	9	15	16	5	5	16	14	16	5	10	15	10	6	14	16	4	7	10	14	5	9	8	11	3	4	12	4	11	3	4	6	1	1	9	10	6	10	3	4	6	6	15	16	16	6	11	6	4	16	16	4	3	4	3	3	7	16	9	15	4	13	1	5	11	13	2	11	9	4	14	3	12	8	10	9	8	14	15	2	11	6	8	10	15	12	7	2	4	7	13	11	1	13	5	14	6	10	9	8	5	12	6	9	16	1	2	9	5	6	2	15	13	14	8	14	12	14	9	8	5	2	1	7	5	4	9	5	9	13	13	8	8	1	13	5	8	8	8	13	14	12	9	12	5	10	3	6	14	13	10	16	13	14	14	10	15	1	14	8	7	3	5	16	15	8	10	11	9	11	7	6	2	14	7	16	16	15	14	7	2	10	12	9	16	4	13	11	6	1	6	4	15	6	5	15	9	4	3	13	1	14	15	14	7	11	2	1	11	8	15	1	6	16	7	2	11	2	10	5	11	13	15	4	15	3	7	8	6	14	12	9	4	4	13	14	11	6	7	11	2	9	6	7	7	2	11	12	16	11	7	13	5	6	13	12	11	2	12	2	3	14	8	8	1	14	9	6	1	11	12	9	16	6	7	7	10	9	8	7	11	8	4	5	7	4	5	7	13	12	2	14	7	7	9	7	4	16	2	12	4	13	11	9	9	14	7	10	12	7	4	1	2	2	16	12	13	9	8	14	15	14	8	8	12	9	7	3	1	2	9	14	16	16	10	5	12	7	5	9	5	1	2	5	3	6	14	2	5	4	8	4	6	3	3	6	12	1	14	3	3	15	4	9	3	10	9	7	12	9	2	11	5	4	10	11	10	11	16	4	12	9	7	13	13	13	5	8	7	16	10	5	15	14	6	9	3	6	12	3	14	7	1	6	15	9	13	3	12	8	3	7	4	16	10	7	8	5	14	10	1	14	8	16	4	4	13	1	9	11	5	13	2	5	4	6	7	13	2	14	4	15	1	2	6	15	2	2	12	15	10	9	7	10	1	7	12	11	8	10	4	13	5	4	7	10	6	13	16	5	16	15	12	8	5	6	7	3	1	6	15	13	11	1	11	14	10	4	7	13	5	9	5	15	12	4	9	5	8	10	14	2	5	9	10	2	13	14	10	1	15	9	5	2	14	16	15	15	13	11	2	13	5	7	8	5	11	12	8	16	9	12	5	1	1	12	4	15	3	12	13	1	15	14	9	15	16	1	13	4	4	2	14	14	12	5	1	9	7	12	5	13	1	15	14	7	5	16	2	14	4	4	2	10	14	8	15	5	9	5	11	5	1	8	7	13	14	14	5	1	11	1	11	8	5	16	4	1	2	5	15	16	16	13	11	15	2	3	15	11	15	2	3	8	13	8	15	3	4	11	2	10	8	3	15	2	15	9	9	15	6	3	7	7	10	2	4	13	4	13	13	9	3	2	15	7	15	1	15	15	14	14	16	2	10	9	7	5	7	4	14	5	15	13	14	2	2	10	6	11	12	1	14	12	4	5	1	3	15	11	2	6	10	11	13	7	6	5	12	1	10	3	9	15	3	5	16	14	15	6	6	9	13	13	11	2	5	6	7	16	9	5	8	11	3	8	13	3	3	16	2	6	10	8	10	15	10	8	6	14	9	10	12	11	7	12	12	12	9	9	12	15	15	16	2	7	14	13	12	16	13	15	10	8	11	14	11	4	9	16	6	5	3	10	4	10	5	12	14	7	13	6	14	4	8	5	3	16	2	4	7	14	14	13	7	11	3	15	7	1	6	9	13	8	11	14	13	3	4	15	12	8	13	14	2	4	6	10	4	12	7	13	11	8	12	4	13	15	9	13	9	8	1	9	7	7	13	8	4	7	6	5	4	13	8	16	1	9	6	12	11	16	1	11	9	8	1	13	2	2	11	6	8	13	15	15	14	7	4	7	16	15	1	7	12	9	2	15	6	11	3	9	8	15	16	11	6	15	6	9	1	8	16	2	6	16	14	13	16	3	15	6	6	4	2	13	7	5	12	6	15	15	5	14	7	14	2	1	9	3	1	4	16	3	13	1	12	15	11	1	15	11	11	15	2	8	5	16	9	14	5	15	4	1	15	14	12	9	8	9	8	14	2	7	9	2	3	9	4	8	1	9	11	14	8	9	1	11	2	12	5	10	11	12	16	9	13	13	8	13	6	6	9	16	11	5	9	13	15	10	7	14	12	2	13	16	15	12	16	9	3	14	5	9	14	7	15	14	11	15	1	1	1	13	9	9	7	9	1	1	4	12	6	7	12	9	7	7	14	16	6	15	4	16	10	8	16	13	3	13	12	15	8	7	16	12	14	5	2	12	16	6	7	1	16	10	1	11	10	6	11	6	9	4	10	1	13	2	14	7	6	15	12	5	8	4	16	4	12	4	12	8	12	7	1	1	6	12	2	9	4	12	9	9	8	15	5	2	9	7	16	6	6	2	15	15	12	13	8	8	8	3	16	4	12	7	11	1	3	12	7	2	11	3	15	15	9	13	14	14	11	1	3	11	15	13	10	5	14	15	14	16	10	11	7	11	12	3	12	16	4	15	12	2	12	4	11	9	14	16	6	5	10	3	12	4	16	8	2	16	16	14	7	3	8	2	15	3	12	5	1	8	5	3	11	8	5	15	12	12	16	1	12	7	12	12	6	10	13	14	10	16	12	4	3	14	4	12	3	13	16	4	2	6	13	7	16	7	11	12	13	6	12	8	8	4	1	7	8	10	6	3	1	4	11	8	6	16	14	5	5	16	14	4	4	14	11	1	16	12	8	13	7	2	10	5	7	4	9	9	6	11	9	8	6	7	10	2	5	9	6	3	10	3	3	3	16	1	15	6	6	10	6	2	1	14	6	14	14	5	15	13	13	1	3	5	9	3	12	3	16	12	16	3	14	3	10	16	14	15	5	3	7	3	1	10	10	16	10	14	1	11	11	4	14	3	5	5	9	15	14	9	15	14	12	3	8	11	4	14	12	1	6	15	16	5	4	4	7	9	3	15	7	5	11	15	10	14	16	13	8	8	16	13	15	9	8	2	8	7	1	15	12	1	11	13	16	15	9	7	14	5	2	10	16	13	2	5	16	6	13	13	7	3	16	10	8	3	12	9	11	10	15	15	13	2	11	16	2	6	6	1	8	13	12	15	4	6	16	13	15	12	14	12	11	8	15	9	4	5	2	13	13	3	5	15	11	12	1	12	12	14	16	8	16	5	13	5	14	15	13	3	6	11	1	3	9	1	14	15	16	14	2	2	11	9	12	4	7	2	10	2	8	5	6	16	2	11	3	1	8	15	3	11	9	5	1	16	2	16	12	14	1	9	12	6	14	12	9	15	9	5	9	10	9	7	12	14	14	8	5	5	2	4	16	15	11	3	4	10	6	4	13	3	2	4	13	10	5	5	13	14	9	14	8	15	1	4	3	13	7	8	4	13	2	4	13	4	8	1	5	12	13	10	7	16	4	9	10	13	9	7	6	7	1	6	8	13	11	12	16	13	9	6	3	2	7	4	16	15	2	12	7	5	12	14	9	13	12	12	5	15	2	9	9	7	13	1	14	15	13	4	5	15	4	9	8	1	7	11	11	2	4	16	13	5	16	7	16	9	7	6	7	7	4	4	11	10	15	16	15	16	15	7	11	11	2	3	10	12	13	9	1	4	13	4	1	4	6	12	4	9	8	16	9	8	14	2	15	15	9	13	10	14	3	13	4	1	9	6	6	15	14	1	14	15	2	12	10	10	15	11	5	12	12	16	14	9	11	4	6	7	6	5	14	11	7	13	7	16	9	10	7	4	6	11	14	11	15	11	9	3	3	15	10	13	16	16	1	6	12	6	1	1	9	5	7	2	4	12	7	2	11	13	15	2	12	13	12	8	14	16	5	13	2	9	3	8	11	7	16	9	16	16	14	7	14	15	6	7	6	2	3	8	4	4	3	7	2	16	3	12	5	1	2	9	4	13	15	16	15	14	14	3	10	10	11	2	16	1	15	13	3	4	14	7	4	5	1	10	5	7	5	13	12	3	11	13	15	8	2	14	14	14	3	5	6	2	12	10	16	7	3	2	15	6	3	3	4	14	1	5	15	6	6	4	2	16	3	13	14	9	6	15	7	4	11	3	8	4	13	7	8	1	10	6	1	12	6	
940	640	870	400	120	900	910	560	810	510	420	1000	350	570	640	580	480	510	420	250	120	520	680	690	590	180	780	520	480	800	450	430	960	480	700	690	720	900	640	350	170	470	180	230	330	740	480	750	880	610	980	860	310	170	990	630	820	470	850	400	100	940	750	780	840	1000	1000	890	720	110	610	820	380	730	790	580	290	610	390	250	520	750	590	220	250	160	190	170	270	220	140	750	840	260	280	110	790	260	430	360	270	890	340	880	720	630	680	430	320	460	270	570	530	180	520	530	410	320	190	460	310	890	620	760	130	170	390	980	170	330	920	160	190	920	700	980	480	840	790	120	640	890	800	630	910	460	710	300	910	620	900	870	710	180	450	660	610	660	390	600	760	380	790	310	440	160	850	400	610	610	360	750	470	140	240	350	850	740	330	560	980	220	500	690	590	860	550	630	730	110	300	140	940	450	220	980	760	570	520	800	360	400	780	180	440	890	450	190	240	480	240	520	320	310	880	170	150	340	740	420	620	450	820	170	530	700	510	430	150	640	250	760	150	860	660	310	390	120	620	170	820	390	840	960	550	330	490	150	830	870	690	940	950	370	780	350	600	390	320	510	160	130	660	330	700	160	710	560	950	960	410	920	230	440	580	140	390	640	550	450	220	140	620	430	720	790	210	210	120	970	800	1000	690	690	370	770	640	610	450	630	830	520	340	240	780	130	960	420	480	820	730	610	690	310	190	510	710	700	610	340	710	260	900	520	300	910	860	970	620	960	620	220	830	100	100	630	360	110	670	490	470	600	700	330	970	300	750	790	550	430	670	370	190	510	120	610	530	620	990	530	340	860	680	610	350	450	340	740	500	120	220	980	970	570	910	140	860	580	320	880	730	790	900	910	860	540	970	880	190	210	440	990	170	970	890	300	650	150	660	500	430	130	690	280	360	370	440	540	310	830	520	320	260	670	570	210	270	420	460	690	570	840	770	370	470	260	690	280	140	960	890	470	930	860	730	770	520	180	160	130	340	180	440	630	900	800	830	880	140	310	800	130	680	820	660	110	490	460	970	730	390	230	480	840	440	490	690	730	740	100	450	810	590	110	590	190	110	920	860	710	490	430	600	300	490	540	600	600	310	830	190	950	570	860	390	790	940	940	700	140	360	310	370	820	240	650	950	810	640	150	930	600	600	980	130	610	980	120	820	100	950	420	210	120	870	330	740	540	780	440	810	140	220	860	130	490	380	1000	820	970	900	500	110	780	380	250	290	970	440	580	360	210	130	750	950	630	980	900	880	270	460	960	460	210	750	260	860	100	170	820	450	140	420	400	840	160	180	970	920	290	870	180	860	370	650	310	960	600	510	680	240	830	990	860	290	410	710	320	430	990	750	360	240	160	270	430	390	420	850	150	910	410	280	830	220	870	560	260	570	330	870	670	130	570	100	780	620	980	630	250	690	740	980	410	790	100	400	930	760	130	510	540	920	220	920	690	570	420	430	180	300	300	800	550	220	760	260	650	230	860	960	570	270	120	870	760	690	560	320	610	130	290	370	880	710	590	960	210	810	100	750	710	120	190	780	270	800	280	390	160	780	210	190	780	420	140	600	980	820	770	460	940	310	110	190	910	600	270	840	900	220	160	170	470	690	330	900	180	550	650	960	480	980	620	350	620	350	940	740	540	100	990	860	130	800	350	320	590	780	920	230	650	340	260	810	480	740	510	400	280	790	840	510	550	1000	760	800	970	870	280	270	360	100	250	660	210	710	850	930	780	380	390	250	860	360	620	130	480	900	530	710	730	170	270	500	550	640	510	800	100	660	990	260	440	950	660	940	810	280	230	210	170	360	850	380	820	510	810	180	500	820	670	860	670	530	490	920	840	120	300	360	130	230	450	910	250	760	130	300	990	500	330	230	880	860	800	200	560	900	300	370	590	460	170	220	600	300	720	550	1000	200	620	650	800	730	320	250	850	740	600	300	860	170	290	200	820	340	510	100	470	320	590	820	100	440	550	520	380	550	310	540	820	800	490	190	590	890	220	910	410	600	760	350	340	710	360	520	570	570	590	370	350	260	900	210	790	380	650	630	660	800	700	570	270	250	840	200	460	300	580	800	360	840	280	420	920	450	770	980	180	230	160	350	740	460	640	790	430	800	100	470	310	230	330	970	420	440	360	810	760	900	290	120	130	830	480	250	570	970	860	880	650	860	570	460	500	460	650	120	200	360	660	160	690	150	550	830	990	180	550	550	230	220	680	150	520	120	280	230	350	310	240	740	720	280	770	550	620	470	870	170	920	840	160	880	140	100	400	640	420	940	660	150	840	410	500	970	660	730	820	580	410	470	960	290	780	290	500	540	480	570	220	920	890	350	210	470	420	960	340	590	740	1000	530	500	160	760	940	590	940	850	760	380	850	830	130	700	390	180	350	320	310	300	310	880	230	790	590	340	760	200	720	570	760	320	770	250	1000	780	170	160	220	380	600	570	520	280	860	310	660	500	970	200	950	1000	230	310	720	660	340	740	640	610	780	460	570	910	420	430	360	690	750	640	230	160	510	610	310	320	710	1000	190	870	200	390	640	130	830	820	1000	250	350	710	490	730	730	840	450	1000	700	970	230	740	840	360	280	120	190	220	350	440	440	990	830	410	470	360	750	870	610	790	120	540	1000	360	270	800	220	430	260	210	440	180	580	380	730	240	960	880	440	1000	570	490	400	320	860	460	770	980	230	530	440	700	310	160	840	690	380	870	430	970	870	500	690	940	140	760	760	560	790	850	580	850	230	990	570	860	180	420	360	180	630	860	250	440	480	120	810	260	500	110	850	900	240	980	330	880	950	550	250	830	430	720	250	490	650	660	110	820	330	480	700	440	820	890	450	240	770	220	440	570	230	120	950	900	980	880	880	690	720	670	950	790	350	590	1000	730	390	880	760	180	540	710	470	870	570	750	460	150	880	510	160	470	950	730	420	380	800	800	340	840	650	980	630	320	800	890	520	420	250	650	560	490	660	110	670	420	580	620	790	930	350	270	340	770	340	800	950	500	370	200	130	950	950	930	140	120	570	100	390	180	270	340	990	630	820	950	650	490	750	620	940	150	500	690	590	330	860	290	800	540	460	640	430	770	900	160	170	750	780	140	970	620	450	160	890	720	430	280	360	810	340	900	280	610	390	450	780	210	460	1000	570	720	630	640	240	220	300	710	350	360	890	100	480	370	700	740	130	690	530	430	660	250	850	140	360	870	230	640	390	240	470	160	440	440	730	480	880	270	470	180	120	350	560	140	1000	370	640	810	920	270	750	370	250	650	150	770	480	730	750	940	150	870	980	430	880	360	700	420	640	390	680	560	580	750	850	680	630	110	120	290	810	230	710	530	180	890	890	140	820	600	880	470	120	900	610	560	750	470	340	500	460	200	550	570	340	890	830	780	140	320	210	230	850	610	670	900	140	250	730	280	130	1000	700	790	560	800	750	420	650	750	330	140	600	530	140	220	950	350	590	320	920	890	870	630	570	710	340	430	580	710	430	730	830	410	710	410	920	220	590	120	200	490	950	860	340	530	620	800	970	570	150	530	530	440	820	930	470	930	770	930	970	140	550	290	210	270	120	140	880	190	1000	620	330	320	260	910	490	320	400	760	640	910	570	980	560	380	920	250	580	760	740	260	970	220	200	370	980	580	770	340	350	510	370	300	870	250	940	370	190	930	570	710	760	190	180	720	980	600	430	470	470	830	870	200	1000	840	140	820	1000	910	290	1000	750	810	850	440	560	680	540	280	840	910	510	190	180	290	670	430	720	150	450	340	780	630	990	870	340	270	870	200	190	730	920	230	680	510	330	890	820	570	420	540	790	110	750	690	200	720	980	990	630	100	290	740	300	520	720	110	840	560	870	690	740	870	520	430	970	300	160	530	110	850	680	930	180	440	490	730	620	380	890	1000	190	580	290	780	330	830	180	790	650	350	220	420	380	790	790	580	100	110	700	320	490	410	490	170	360	100	600	390	810	910	750	820	440	590	900	110	530	940	800	940	100	190	700	530	200	160	130	190	500	460	700	640	160	530	500	470	470	910	380	280	440	240	130	440	160	500	530	570	560	470	810	490	430	110	220	910	580	680	390	370	900	500	460	650	150	990	710	840	580	790	550	220	620	260	380	970	910	540	990	770	820	430	420	850	810	800	500	500	680	300	420	910	620	630	580	410	840	920	1000	590	180	960	440	120	870	280	650	580	320	230	440	810	940	190	820	1000	380	740	830	240	460	570	240	960	480	490	220	840	560	880	470	250	790	510	830	810	250	130	240	720	800	980	550	950	480	740	450	330	590	240	710	500	800	630	940	590	490	120	160	730	700	280	530	430	630	210	670	930	130	770	210	380	410	650	300	930	340	550	630	500	150	240	890	180	690	190	740	300	140	600	390	190	680	350	890	300	290	730	870	860	180	790	400	620	190	510	960	860	840	350	650	900	140	120	1000	890	620	140	820	640	230	440	460	790	800	390	390	190	860	550	140	710	240	300	820	210	670	320	180	140	200	270	310	990	480	330	320	190	300	340	380	610	140	570	520	350	370	180	530	850	640	460	540	370	820	200	510	720	940	710	800	680	900	670	350	430	870	220	910	400	750	200	900	840	580	900	330	290	860	880	760	320	320	580	910	610	130	350	160	900	470	720	140	740	130	580	260	200	730	840	430	140	560	490	180	910	660	370	880	630	460	190	720	590	700	680	480	940	380	380	440	790	170	410	520	890	590	320	640	280	910	200	450	650	210	910	760	750	630	450	620	480	940	510	770	1000	460	180	440	850	720	720	370	720	290	210	920	790	450	500	230	370	320	390	700	340	600	600	550	100	310	510	830	590	420	850	190	550	650	130	890	400	130	920	700	530	550	910	970	780	120	440	720	430	370	250	820	350	370	680	800	170	400	230	690	590	810	660	370	530	500	170	430	330	130	300	600	410	710	390	600	350	250	160	600	460	290	930	140	110	400	170	410	960	150	280	290	130	590	300	630	270	690	650	630	140	450	410	490	240	860	280	680	990	390	330	660	650	750	970	380	270	590	250	310	350	370	310	160	600	170	130	130	330	500	750	840	560	520	650	580	280	670	400	980	110	300	820	450	320	730	210	600	200	830	350	630	490	630	510	190	490	940	840	640	760	990	270	650	240	590	440	220	630	900	720	450	850	700	370	720	610	110	780	820	350	180	650	850	300	370	770	310	250	720	590	240	980	850	980	500	490	170	950	600	360	680	960	330	770	470	210	310	130	410	150	680	310	580	780	580	260	950	670	1000	210	580	100	420	320	870	730	310	980	750	680	290	250	390	250	790	140	680	180	500	700	760	290	930	910	600	460	590	100	610	970	460	360	630	1000	870	140	200	870	510	950	100	170	380	740	920	190	280	870	760	820	330	510	140	940	730	650	890	440	700	760	550	790	200	130	240	680	350	550	680	190	640	770	490	240	230	620	840	830	270	580	980	540	850	390	550	380	630	230	620	390	230	720	150	460	720	960	640	240	580	540	510	200	520	940	860	420	500	790	420	370	960	760	570	510	930	900	100	650	520	790	150	770	850	130	510	230	410	560	230	840	930	310	710	500	650	810	530	910	370	880	920	250	880	360	270	590	770	380	330	850	580	540	940	410	980	770	300	140	940	980	920	130	980	930	230	440	170	210	100	270	660	310	640	340	290	470	230	620	380	690	720	650	130	370	830	280	250	730	600	840	870	780	370	990	190	890	740	280	190	1000	960	350	510	800	400	400	1000	1000	270	450	640	420	810	380	800	320	930	670	660	620	290	210	980	940	100	1000	320	150	710	640	630	630	970	580	680	190	740	110	700	430	100	690	590	680	880	930	880	800	260	790	100	540	390	690	120	580	630	130	1000	170	920	120	330	470	770	930	520	360	570	450	980	320	500	980	760	270	710	580	890	420	690	740	970	860	710	970	830	210	780	650	390	900	830	520	290	1000	240	520	960	660	610	780	950	690	810	150	730	440	620	480	100	690	650	770	130	120	950	680	110	270	440	810	860	720	240	460	730	630	860	580	150	920	460	640	770	110	460	790	250	140	350	760	970	620	500	690	380	200	140	480	680	380	230	430	890	360	940	890	590	310	330	450	880	860	410	500	210	610	650	760	240	190	880	830	870	790	860	170	820	170	610	390	180	610	540	110	750	280	470	210	150	620	930	260	740	890	310	210	750	420	120	600	270	590	220	720	380	790	140	750	690	690	100	970	460	740	940	160	510	430	800	220	440	680	760	840	380	940	930	240	590	500	930	560	740	740	460	400	190	680	960	100	920	460	320	200	680	110	350	610	500	710	190	680	210	320	620	760	800	150	420	120	630	560	530	110	410	760	910	120	570	190	670	680	590	210	870	820	970	450	420	810	680	550	560	980	700	580	280	490	650	540	780	800	330	160	540	910	230	600	230	860	630	880	220	360	770	440	130	660	920	520	440	530	770	550	950	590	440	200	150	890	730	420	710	830	680	570	320	330	180	210	210	710	340	980	610	870	590	420	540	940	370	980	620	630	800	880	130	990	380	820	410	390	600	820	840	970	560	860	160	600	210	850	930	270	860	850	500	480	550	180	350	670	180	580	990	810	890	250	110	990	130	750	420	450	330	230	690	400	550	880	170	830	680	470	730	280	580	190	650	190	390	320	900	220	500	770	610	700	510	470	120	880	950	550	260	800	410	300	810	650	320	450	890	810	130	810	800	830	430	850	830	840	460	890	350	130	130	190	570	380	640	620	430	700	750	490	350	360	160	520	720	380	390	670	470	620	190	860	590	790	470	260	970	240	740	490	580	750	860	370	440	680	560	250	510	200	210	510	820	240	330	620	240	520	310	380	440	250	520	990	820	340	440	280	230	920	390	540	960	590	370	880	530	670	790	830	100	910	570	600	680	550	570	810	440	620	970	170	590	810	380	830	890	860	410	570	450	830	340	690	190	890	760	850	520	620	360	980	890	410	450	220	550	540	860	910	370	520	740	650	610	660	810	250	970	820	120	660	660	130	670	420	500	270	560	650	860	760	650	460	750	320	860	170	700	990	580	100	360	370	120	660	800	180	710	860	900	330	460	860	520	970	100	940	680	920	470	390	450	530	620	180	1000	970	690	570	150	170	300	370	880	660	610	100	600	190	550	830	930	880	720	100	860	350	210	140	860	770	740	970	700	820	580	850	850	250	900	300	890	220	210	670	740	120	310	930	540	620	540	350	630	120	500	540	410	770	500	280	1000	910	220	520	750	870	280	600	650	750	640	680	950	950	700	620	690	940	160	520	170	830	550	850	770	370	960	470	550	650	690	740	470	600	720	460	190	490	470	830	580	130	100	730	560	920	300	910	690	690	710	160	470	1000	500	120	620	880	890	330	850	620	150	410	990	950	800	860	820	870	500	690	320	230	500	420	730	120	750	880	120	120	250	300	880	160	990	590	980	150	910	610	830	160	230	550	690	240	870	540	170	150	760	390	950	140	770	530	660	690	530	560	900	850	540	720	380	970	550	200	720	800	860	940	230	790	980	520	380	790	260	950	560	120	960	620	280	540	850	640	220	750	780	330	810	260	590	670	170	620	680	460	610	380	490	920	230	340	810	640	960	340	190	500	210	850	320	580	150	910	730	740	570	930	180	800	640	150	240	540	280	490	620	730	380	150	770	740	840	380	160	190	410	350	410	750	230	640	500	180	200	240	700	480	440	600	690	570	780	430	910	320	190	860	210	950	910	100	220	380	580	970	810	530	960	640	370	480	230	220	640	730	770	640	560	980	670	610	160	380	150	430	820	820	340	190	810	990	280	920	760	470	180	520	330	850	580	610	300	660	970	990	480	980	690	150	240	650	270	270	800	120	500	700	430	370	410	990	880	820	950	170	720	400	470	580	680	920	370	410	750	450	170	700	930	180	800	730	640	840	440	180	730	410	260	180	390	200	390	640	850	500	700	420	960	170	180	460	660	780	430	500	550	840	830	1000	750	710	390	550	170	280	400	240	920	940	950	310	720	610	910	540	440	900	830	1000	210	840	960	340	950	900	230	780	780	440	850	290	790	240	990	190	660	930	290	100	610	560	680	720	760	790	1000	500	430	850	830	640	460	380	460	730	580	460	100	150	630	720	400	370	210	760	580	640	400	190	370	880	630	520	100	100	690	430	950	890	390	230	230	440	460	400	950	760	490	940	630	760	930	990	230	650	930	340	210	470	690	500	280	610	790	130	860	340	440	890	940	550	430	430	140	440	230	510	590	920	490	820	330	670	260	140	620	350	970	230	650	910	410	370	610	260	320	510	1000	300	340	120	550	830	930	450	630	980	540	630	420	620	590	180	630	340	550	200	120	930	720	350	280	400	700	280	170	720	250	390	830	140	990	990	550	620	600	660	780	490	630	350	620	870	350	700	910	790	930	740	530	470	660	420	960	760	590	710	100	700	830	490	410	690	370	880	340	700	860	600	490	520	720	550	110	510	300	210	290	760	860	860	510	560	110	340	570	840	740	520	750	400	740	960	590	830	360	440	540	370	830	1000	750	680	540	860	880	560	320	250	600	800	250	510	140	950	650	440	990	440	290	750	110	860	530	380	790	200	780	890	420	840	420	130	220	930	200	800	970	980	170	720	860	220	810	560	510	380	370	200	650	960	810	940	510	380	770	190	620	820	130	230	800	470	970	360	590	250	680	950	180	570	130	100	560	700	400	810	290	950	840	590	120	500	560	450	920	420	590	550	340	820	920	590	650	600	670	420	360	290	540	520	540	640	480	190	660	280	910	790	680	250	490	450	560	360	290	690	1000	970	530	690	390	950	300	840	340	460	820	280	540	270	780	350	230	780	690	790	930	380	710	730	970	240	430	870	200	810	930	330	130	530	1000	850	740	620	200	120	450	400	440	650	250	100	650	290	210	540	720	290	990	350	550	550	120	190	310	620	330	650	150	370	350	320	130	410	140	680	460	320	580	170	570	820	520	710	320	580	560	790	590	990	160	980	300	840	890	230	500	780	190	620	540	680	600	430	650	950	360	470	160	510	910	850	760	230	160	780	710	1000	290	530	970	530	580	450	830	900	610	330	990	640	280	680	950	710	320	500	700	860	600	750	180	730	770	500	600	760	710	240	460	580	580	810	740	400	980	320	360	920	770	700	690	630	640	100	190	920	120	610	330	380	560	610	470	160	480	220	120	660	230	550	650	860	910	820	1000	240	760	910	200	520	370	160	730	720	910	320	480	730	310	890	710	700	700	130	340	420	310	380	410	680	800	350	570	980	560	460	410	300	940	490	300	640	1000	390	120	870	560	230	140	260	990	460	140	1000	560	650	190	300	250	180	570	910	970	730	740	230	330	160	110	640	330	740	780	470	440	300	1000	410	340	500	520	1000	110	580	140	560	230	700	110	480	620	440	830	710	920	210	520	680	690	870	330	850	590	160	120	830	260	270	730	500	630	260	410	480	990	170	670	600	330	720	330	790	620	690	880	580	680	530	160	580	100	300	870	420	360	1000	760	840	920	630	470	420	730	630	580	540	530	210	900	180	160	140	420	590	340	150	960	570	320	290	1000	970	580	470	510	810	130	190	530	690	250	130	820	560	580	550	740	560	320	530	930	540	350	660	270	270	840	420	270	650	550	350	110	720	300	580	820	450	990	210	100	790	440	960	860	720	500	280	590	860	460	690	400	960	720	480	120	630	330	670	500	790	260	260	750	1000	720	400	420	820	520	960	770	750	850	350	540	480	660	230	770	940	300	380	330	830	700	830	390	750	850	260	560	230	230	810	310	790	830	240	490	840	420	980	990	140	710	940	320	260	940	910	380	250	410	430	340	670	740	810	140	220	340	340	290	930	160	260	240	380	640	750	180	930	490	460	630	640	410	960	970	740	740	980	930	730	380	760	470	250	990	300	160	160	810	340	270	550	540	840	960	580	810	280	710	610	890	770	640	730	860	470	210	450	760	910	580	430	140	330	850	220	580	110	130	500	930	950	350	440	660	950	300	810	330	340	420	900	850	980	620	240	320	860	590	320	370	470	240	580	1000	320	250	900	920	580	550	500	580	410	570	230	630	290	890	790	580	870	460	160	500	340	280	990	470	520	340	830	730	410	800	600	230	690	840	620	220	380	940	990	710	520	770	580	260	590	850	740	280	940	180	600	300	390	460	830	970	800	160	920	340	180	960	410	710	850	970	940	970	960	770	880	290	100	720	610	260	280	470	140	950	300	670	880	470	250	590	300	890	660	200	310	670	820	220	540	300	700	280	780	680	220	600	870	710	780	770	440	350	620	480	610	420	530	930	760	240	840	570	260	700	910	1000	430	720	370	240	580	280	710	200	450	920	460	900	720	940	270	500	360	530	180	810	890	630	250	240	990	740	210	620	210	230	460	170	300	500	590	860	980	720	130	820	400	670	390	870	120	710	160	380	700	860	340	230	830	430	480	360	360	550	180	730	650	310	680	770	320	660	200	440	900	490	460	650	280	630	230	660	620	810	560	180	280	730	430	270	620	800	790	970	310	930	990	510	380	530	990	820	310	630	860	310	710	910	870	220	710	690	1000	860	140	1000	680	840	960	900	540	470	760	180	880	830	300	290	100	620	290	240	700	290	930	390	740	910	820	600	430	470	760	770	540	930	400	800	810	300	180	910	630	970	690	410	220	630	950	680	730	540	180	660	410	1000	550	520	320	780	150	860	190	400	740	660	180	960	950	350	720	120	130	810	550	810	780	290	630	680	500	930	470	410	780	920	520	510	180	930	900	820	200	1000	580	180	820	710	1000	350	100	350	750	960	760	100	600	860	220	840	280	700	660	420	140	760	880	870	430	650	320	200	770	280	910	130	570	500	970	980	720	110	490	210	1000	710	600	680	290	860	820	360	270	130	480	590	220	100	220	630	390	830	210	210	850	120	500	600	480	780	540	440	320	220	910	770	640	670	370	520	210	110	730	490	220	570	650	620	230	760	770	440	500	770	120	370	100	990	760	780	790	960	640	170	300	770	180	200	540	680	500	740	280	740	920	440	610	950	540	500	910	730	940	810	160	860	1000	380	630	250	830	850	960	900	840	470	360	350	720	710	770	310	860	250	750	780	350	840	770	860	100	220	750	820	800	510	170	560	880	340	140	480	270	450	620	650	350	980	500	860	690	930	310	830	670	940	240	390	570	740	530	640	420	960	940	210	460	210	630	780	170	310	930	990	840	500	490	670	290	230	680	210	980	340	140	600	830	210	140	140	550	610	760	190	440	830	200	660	570	730	250	380	110	780	670	260	260	1000	930	790	260	990	860	570	420	310	800	120	320	660	980	750	800	650	320	440	750	390	430	600	150	220	930	320	930	770	480	300	430	470	610	790	510	450	340	400	600	880	360	230	530	770	740	690	510	470	770	140	230	390	300	740	540	700	780	340	980	220	370	450	300	320	950	250	780	600	730	1000	190	530	270	930	220	980	290	110	810	760	840	950	210	670	570	560	530	170	290	140	720	120	350	660	670	470	700	120	980	760	950	430	220	930	260	120	390	720	580	530	170	130	310	370	760	570	270	820	230	370	270	470	440	580	350	330	620	730	560	250	150	600	310	270	420	770	980	130	590	150	320	680	890	880	800	780	600	310	310	930	230	360	230	330	750	950	890	740	370	930	520	740	390	170	710	570	870	530	990	600	100	940	520	890	300	690	880	750	640	160	610	350	830	370	430	360	700	440	490	280	650	820	120	910	290	940	670	480	200	920	500	820	370	300	580	990	260	920	830	260	910	720	670	850	410	630	920	1000	920	220	280	440	830	160	130	620	680	400	440	460	880	360	250	310	220	840	270	880	600	920	920	640	610	700	570	990	790	240	470	880	100	900	180	630	900	270	150	840	330	880	700	220	590	740	710	480	250	600	920	250	950	620	510	670	810	150	130	630	440	150	430	250	930	230	820	770	360	790	330	230	920	200	430	180	600	150	790	490	410	650	170	430	130	650	410	530	140	350	780	520	980	700	900	780	290	150	280	670	640	930	600	130	160	520	930	680	940	450	560	830	390	770	560	470	320	530	230	970	130	560	110	210	440	390	250	410	380	810	260	300	600	190	990	110	540	250	880	590	370	1000	150	380	810	490	310	640	420	400	580	110	380	150	440	950	170	650	730	900	250	1000	850	590	710	420	610	770	880	690	680	540	410	190	910	130	630	950	980	450	250	400	640	110	220	330	710	200	400	250	530	850	210	540	300	910	920	740	1000	360	520	520	590	120	290	220	910	230	410	980	130	590	400	660	700	870	610	340	480	810	540	680	740	380	590	260	610	750	100	600	290	680	860	600	840	750	760	790	840	760	950	360	600	450	250	240	900	370	580	640	740	260	220	650	680	850	950	690	400	520	960	460	880	960	110	360	570	350	700	980	510	620	980	220	720	980	200	340	370	760	770	730	100	530	790	350	240	380	920	160	640	770	530	850	870	920	270	380	920	650	1000	260	220	350	100	430	260	830	660	620	360	520	310	350	380	690	710	820	320	950	280	810	670	460	350	210	250	140	730	150	860	290	440	870	130	760	150	500	940	870	130	540	260	280	910	270	890	320	470	270	570	460	440	100	120	610	860	500	790	240	720	110	720	390	970	790	320	960	110	410	260	390	620	250	340	900	820	330	800	600	140	100	740	740	270	690	100	410	720	870	480	630	880	960	340	250	820	160	890	800	150	430	610	410	940	570	850	690	790	400	380	650	710	310	400	200	140	840	660	760	590	950	480	830	490	820	200	480	370	920	970	530	220	440	770	350	360	940	480	560	140	150	830	140	890	300	920	520	600	940	250	890	900	390	910	430	480	870	640	380	350	770	500	420	150	790	580	820	560	100	120	840	680	780	640	160	560	710	940	190	330	910	300	770	940	520	940	510	200	560	930	850	920	290	270	840	260	730	970	520	480	740	120	640	280	980	840	300	630	620	590	240	780	810	540	910	670	600	540	880	880	900	320	130	640	490	420	650	1000	330	190	470	830	650	890	610	140	690	880	650	790	500	340	600	720	540	720	600	980	120	320	490	500	240	280	950	780	260	130	960	280	910	780	970	140	100	970	510	610	1000	760	780	600	740	260	340	990	640	860	920	880	410	220	350	730	440	460	840	650	920	700	550	140	740	320	140	520	580	650	250	310	370	160	120	940	440	230	550	220	950	650	540	180	530	340	680	220	720	130	820	580	580	980	700	330	770	130	300	140	540	350	240	380	330	760	830	180	850	680	700	800	740	460	820	910	270	230	290	760	350	530	780	720	160	990	690	720	440	610	550	240	320	390	870	840	810	860	140	500	390	120	190	320	1000	200	610	570	190	370	330	330	700	870	700	190	640	520	800	620	370	990	1000	540	820	250	710	240	350	190	260	690	530	390	780	850	800	180	540	770	120	870	940	820	690	860	320	540	110	460	250	440	490	180	770	500	420	390	860	530	620	370	290	650	620	850	660	790	760	960	350	110	810	600	690	360	400	850	640	870	170	170	680	790	670	620	720	370	640	460	380	140	170	220	810	730	480	240	250	350	260	450	400	680	860	950	300	550	550	860	180	120	490	150	550	800	570	250	780	770	970	510	750	680	900	880	310	160	340	230	510	430	300	700	100	550	460	950	710	710	910	650	670	200	460	280	620	390	990	790	660	1000	770	420	960	940	300	560	950	510	430	870	130	360	250	440	570	950	570	230	980	820	770	350	830	770	440	570	380	290	360	670	110	330	810	320	640	790	610	180	160	160	310	550	270	320	760	970	490	900	970	440	470	390	650	110	730	560	800	370	990	330	680	810	280	820	210	490	990	620	790	600	170	900	250	390	630	950	270	430	160	640	260	780	760	710	950	300	750	270	610	790	180	780	810	740	180	940	840	480	950	330	880	260	490	830	700	760	890	830	290	970	930	130	280	700	410	680	340	480	630	250	950	340	660	600	570	540	160	500	260	630	930	810	470	340	260	580	110	530	790	990	940	400	710	710	730	690	300	850	330	100	280	540	280	850	110	810	510	670	950	850	320	280	160	270	340	710	770	970	480	710	750	650	480	510	790	710	870	810	700	280	140	390	530	610	920	960	840	980	760	870	120	730	910	160	880	740	930	230	820	150	500	710	150	630	350	260	660	590	390	730	970	170	720	940	730	580	990	240	790	600	940	530	430	110	160	950	280	850	550	280	750	850	690	430	870	700	740	930	420	790	340	300	660	630	470	550	890	750	290	570	370	710	880	350	850	1000	860	820	670	480	820	790	750	260	100	290	220	870	660	910	800	730	130	810	810	410	650	810	850	230	480	960	910	160	440	300	130	310	490	990	750	110	100	430	920	730	500	840	240	880	400	210	770	600	830	420	250	340	690	1000	750	880	990	700	200	430	390	200	680	130	850	520	170	910	200	950	830	730	910	660	280	700	550	560	520	610	410	890	840	1000	610	1000	640	200	840	240	780	500	630	810	500	160	270	480	820	580	750	970	200	790	300	700	620	680	680	200	490	560	670	530	630	240	150	590	840	570	440	140	510	430	940	320	580	360	950	320	180	270	850	170	850	370	530	230	400	290	780	300	140	570	840	330	130	380	980	220	620	280	360	330	380	270	380	610	850	920	150	240	350	350	710	480	630	200	140	110	130	190	760	150	580	370	310	470	120	
1
