6426
120
2
90
0	192	192	192	192	192	0	0	192	0	0	0	0	192	0	0	0	0	0	192	0	0	0	0	192	0	192	0	0	0	192	0	0	0	0	0	0	0	0	0	0	0	0	0	0	0	192	0	0	0	0	0	0	0	0	0	0	0	0	0	0	0	0	0	0	0	0	0	0	0	0	0	0	192	0	0	0	0	0	0	0	0	0	0	0	0	0	0	0	0	0	0	0	0	0	0	0	0	192	0	0	0	0	0	0	0	0	0	0	0	0	0	0	0	0	0	0	0	0	0	
192	0	0	0	0	0	0	0	0	0	0	0	0	0	0	0	0	0	0	0	0	0	0	0	0	0	0	0	0	0	0	0	0	0	0	0	0	0	192	0	0	0	0	0	0	0	0	0	0	0	0	0	0	0	0	0	0	0	0	0	0	0	0	0	0	0	0	0	0	0	0	0	0	0	0	0	0	0	0	0	192	0	0	0	0	0	0	0	0	0	0	0	0	0	0	0	0	0	0	0	0	0	0	0	0	0	0	0	0	0	0	0	0	0	0	0	0	0	0	0	
192	0	0	0	0	0	0	0	0	0	0	0	0	0	0	0	0	0	0	0	0	0	0	0	0	0	0	0	0	0	0	0	0	0	0	0	0	0	0	0	0	0	0	0	0	0	0	0	0	0	0	0	0	0	0	0	0	0	0	0	0	0	0	0	0	0	0	0	0	0	0	0	0	0	0	0	0	0	0	0	0	0	0	0	0	0	0	0	0	0	0	0	0	0	192	0	0	0	0	0	0	0	0	0	0	0	0	192	0	0	0	0	0	0	0	0	0	0	0	0	
192	0	0	0	0	0	0	0	0	0	0	0	0	0	0	0	0	0	0	0	0	0	0	0	0	0	0	0	0	0	0	0	0	0	0	0	0	0	0	0	0	0	0	0	0	0	0	0	0	0	0	0	0	0	0	0	0	0	0	0	0	0	0	0	0	0	0	0	0	0	0	0	0	0	0	0	0	0	0	192	0	0	0	0	0	0	0	0	0	0	0	0	0	0	0	0	0	0	0	0	0	0	0	0	0	0	192	0	0	0	0	0	0	0	0	0	0	0	0	0	
192	0	0	0	0	0	0	0	0	0	0	0	0	0	0	0	0	192	0	0	0	0	0	0	0	0	0	0	0	0	0	0	0	0	0	0	0	0	0	0	0	0	0	0	0	0	0	0	0	0	0	0	0	0	0	0	0	0	0	0	0	0	0	0	0	0	0	0	0	0	0	0	0	0	0	0	0	0	0	0	0	0	0	0	0	192	0	0	0	0	0	0	0	0	0	0	0	0	0	0	0	0	0	0	0	0	0	0	0	0	0	0	0	0	0	0	0	0	0	0	
192	0	0	0	0	0	0	0	0	0	0	0	0	0	0	0	0	0	0	0	0	0	0	0	0	0	0	0	192	0	0	0	0	0	0	0	0	0	0	0	0	0	0	0	0	0	0	0	0	0	0	0	0	0	0	0	0	0	0	0	0	0	0	0	0	0	0	0	0	0	0	0	0	0	0	0	0	0	0	0	0	0	0	0	0	0	0	0	0	0	0	0	0	0	0	0	0	0	0	0	0	0	0	0	0	0	0	0	0	0	0	0	0	0	0	0	0	0	0	0	
0	0	0	0	0	0	0	0	0	0	0	0	0	0	0	0	0	0	0	0	0	0	0	192	0	0	0	0	0	0	0	0	0	0	0	0	0	0	0	0	0	0	0	0	0	0	0	0	0	0	0	0	0	0	0	0	0	0	0	0	0	0	0	0	0	0	0	0	0	0	0	0	0	0	0	192	0	0	0	0	0	0	0	0	0	0	0	0	0	0	0	0	0	0	0	0	0	0	0	0	0	0	0	0	0	0	0	0	0	0	0	0	0	0	0	0	0	0	0	0	
0	0	0	0	0	0	0	0	0	0	0	0	0	0	0	0	0	0	0	0	0	0	0	0	0	0	0	0	192	0	0	0	0	0	0	0	0	0	0	0	0	0	0	0	0	0	0	0	0	0	0	0	0	0	0	0	0	0	0	0	0	0	0	0	0	0	0	0	0	0	0	0	0	0	0	0	0	0	0	0	0	0	0	0	0	0	0	0	0	0	0	0	0	0	0	0	0	0	192	0	0	0	0	0	0	0	0	0	0	0	0	0	0	0	0	0	0	0	0	0	
192	0	0	0	0	0	0	0	0	0	0	0	0	0	0	0	0	0	0	0	0	0	0	0	0	0	0	0	0	0	0	0	0	0	0	0	0	0	0	0	0	0	0	0	0	0	0	0	0	0	0	0	0	0	0	0	0	192	0	0	0	0	0	0	0	0	0	0	192	0	0	0	0	0	0	0	0	0	0	0	0	0	0	0	0	0	0	0	0	0	0	0	0	0	0	0	0	0	0	0	0	0	0	0	0	0	0	0	0	0	0	0	0	0	0	0	0	0	0	0	
0	0	0	0	0	0	0	0	0	0	0	0	0	0	0	0	0	0	0	0	0	0	0	0	0	0	0	0	0	0	0	0	0	0	0	0	0	0	0	0	0	0	0	192	0	0	0	0	0	0	0	0	0	0	0	0	0	0	0	0	0	0	0	0	0	0	0	0	0	0	0	0	0	0	0	0	0	0	0	0	0	0	0	0	0	0	0	0	0	0	192	0	0	0	0	0	0	0	0	0	0	0	0	0	0	0	0	0	0	0	0	0	0	0	0	0	0	0	0	0	
0	0	0	0	0	0	0	0	0	0	0	0	0	0	0	0	0	0	0	0	0	0	0	0	0	0	0	0	0	0	0	0	0	0	0	0	0	0	0	0	0	0	0	0	0	0	0	0	0	0	0	192	0	0	0	0	0	0	0	0	0	0	192	0	0	0	0	0	0	0	0	0	0	0	0	0	0	0	0	0	0	0	0	0	0	0	0	0	0	0	0	0	0	0	0	0	0	0	0	0	0	0	0	0	0	0	0	0	0	0	0	0	0	0	0	0	0	0	0	0	
0	0	0	0	0	0	0	0	0	0	0	0	0	0	0	0	192	0	0	0	0	0	0	0	0	0	0	0	0	0	0	0	0	0	0	0	0	0	0	0	0	0	0	0	0	0	0	0	0	0	0	0	0	0	0	0	0	0	0	0	0	192	0	0	0	0	0	0	0	0	0	0	0	0	0	0	0	0	0	0	0	0	0	0	0	0	0	0	0	0	0	0	0	0	0	0	0	0	0	0	0	0	0	0	0	0	0	0	0	0	0	0	0	0	0	0	0	0	0	0	
0	0	0	0	0	0	0	0	0	0	0	0	0	0	192	0	0	0	0	0	0	0	0	0	0	0	0	0	0	0	0	0	0	0	0	0	0	0	0	0	0	0	0	0	0	0	0	0	0	0	0	0	0	0	0	0	0	0	0	0	0	0	0	0	0	0	0	0	0	0	0	192	0	0	0	0	0	0	0	0	0	0	0	0	0	0	0	0	0	0	0	0	0	0	0	0	0	0	0	0	0	0	0	0	0	0	0	0	0	0	0	0	0	0	0	0	0	0	0	0	
192	0	0	0	0	0	0	0	0	0	0	0	0	0	0	0	0	0	0	0	0	0	0	0	0	0	0	0	0	0	0	0	0	0	0	0	0	0	0	0	0	0	0	0	0	0	0	0	0	0	0	0	0	192	0	0	0	0	0	0	0	0	0	0	0	0	0	0	0	192	0	0	0	0	0	0	0	0	0	0	0	0	0	0	0	0	0	0	0	0	0	0	0	0	0	0	0	0	0	0	0	0	0	0	0	0	0	0	0	0	0	0	0	0	0	0	0	0	0	0	
0	0	0	0	0	0	0	0	0	0	0	0	192	0	0	0	0	0	192	0	0	0	0	0	0	0	0	0	0	0	0	0	0	0	0	0	0	0	0	0	0	0	0	0	0	0	0	0	0	0	0	0	0	0	0	0	0	0	0	0	0	0	0	0	0	0	0	0	0	0	0	0	0	0	0	0	0	0	0	0	0	0	0	0	0	0	0	0	0	0	0	0	0	0	0	0	0	0	0	0	0	0	0	0	0	0	0	0	0	0	0	0	0	0	0	0	0	0	0	0	
0	0	0	0	0	0	0	0	0	0	0	0	0	0	0	0	0	0	0	0	0	0	0	0	0	0	0	0	0	0	0	0	0	0	0	0	0	0	0	0	0	0	0	0	0	0	0	0	0	0	0	0	0	192	0	0	0	0	0	0	0	0	0	0	0	0	0	0	0	192	0	0	0	0	0	0	0	0	0	0	0	0	0	0	0	0	0	0	0	0	0	0	0	0	0	0	0	0	0	0	0	0	0	0	0	0	0	0	0	0	0	0	0	0	0	0	0	0	0	0	
0	0	0	0	0	0	0	0	0	0	0	192	0	0	0	0	0	0	0	0	0	0	0	0	0	0	0	0	0	0	0	0	0	0	0	0	0	0	0	0	0	0	0	0	0	0	0	0	0	192	0	0	0	0	0	0	0	0	0	0	0	0	0	0	0	0	0	0	0	0	0	0	0	0	0	0	0	0	0	0	0	0	0	0	0	0	0	0	0	0	0	0	0	0	0	0	0	0	0	0	0	0	0	0	0	0	0	0	0	0	0	0	0	0	0	0	0	0	0	0	
0	0	0	0	192	0	0	0	0	0	0	0	0	0	0	0	0	0	0	0	0	0	0	0	0	0	0	0	0	0	0	0	0	0	0	0	0	0	0	0	0	0	0	0	0	0	0	0	0	0	0	0	0	0	0	0	0	0	0	0	0	0	0	0	0	0	0	0	0	0	0	0	0	0	0	0	0	0	0	0	0	0	0	0	0	192	0	0	0	0	0	0	0	0	0	0	0	0	0	0	0	0	0	0	0	0	0	0	0	0	0	0	0	0	0	0	0	0	0	0	
0	0	0	0	0	0	0	0	0	0	0	0	0	0	192	0	0	0	0	0	0	0	0	0	0	0	0	0	0	0	0	0	0	0	0	0	0	0	0	0	0	0	0	0	0	0	0	192	0	0	0	0	0	0	0	0	0	0	0	0	0	0	0	0	0	0	0	0	0	0	0	0	0	0	0	0	0	0	0	0	0	0	0	0	0	0	0	0	0	0	0	0	0	0	0	0	0	0	0	0	0	0	0	0	0	0	0	0	0	0	0	0	0	0	0	0	0	0	0	0	
192	0	0	0	0	0	0	0	0	0	0	0	0	0	0	0	0	0	0	0	0	0	0	0	0	0	0	0	0	0	0	0	0	0	0	0	0	0	0	0	0	0	0	0	0	0	0	0	0	0	0	0	0	0	0	0	0	0	0	0	0	0	0	0	0	0	192	0	0	0	0	0	0	0	0	0	0	0	0	0	0	0	0	0	0	0	192	0	0	0	0	0	0	0	0	0	0	0	0	0	0	0	0	0	0	0	0	0	0	0	0	0	0	0	0	0	0	0	0	0	
0	0	0	0	0	0	0	0	0	0	0	0	0	0	0	0	0	0	0	0	0	0	0	0	0	0	0	0	0	0	0	0	0	0	0	0	0	0	0	0	0	0	0	0	0	192	0	0	0	0	0	0	0	0	0	0	0	0	0	0	0	0	0	0	0	0	0	0	0	0	0	0	0	0	0	0	0	0	0	0	0	0	0	0	0	0	0	0	0	0	0	0	0	0	0	0	0	0	0	0	0	0	0	0	0	0	0	0	0	0	0	0	0	0	0	0	192	0	0	0	
0	0	0	0	0	0	0	0	0	0	0	0	0	0	0	0	0	0	0	0	0	0	0	0	0	0	0	0	0	0	0	0	0	0	0	0	0	0	0	0	0	0	0	0	0	0	0	0	0	0	0	0	0	0	0	0	0	0	0	0	0	0	0	0	0	0	0	0	0	0	0	0	0	0	192	0	0	0	0	0	0	0	0	0	0	0	0	0	0	0	0	0	0	0	0	0	0	0	0	0	0	0	0	0	0	0	0	0	0	0	0	0	0	192	0	0	0	0	0	0	
0	0	0	0	0	0	0	0	0	0	0	0	0	0	0	0	0	0	0	0	0	0	0	0	0	0	0	0	0	0	0	0	0	0	0	0	0	0	0	0	0	0	0	0	0	0	0	0	0	0	0	0	0	0	0	0	0	0	0	0	0	0	0	0	0	0	0	0	192	0	0	0	0	0	0	0	0	0	0	0	0	0	0	0	0	0	0	0	0	0	0	0	0	0	0	0	0	0	0	0	0	0	0	0	192	0	0	0	0	0	0	0	0	0	0	0	0	0	0	0	
0	0	0	0	0	0	192	0	0	0	0	0	0	0	0	0	0	0	0	0	0	0	0	0	0	0	0	0	0	0	0	0	0	0	0	0	0	0	0	0	0	0	0	0	0	0	0	0	0	0	0	0	0	0	0	0	0	0	0	0	0	0	0	0	0	0	0	0	0	0	0	0	0	0	0	0	0	0	0	0	0	0	0	0	0	0	0	0	0	0	0	0	0	0	0	0	0	0	0	0	0	0	0	0	0	0	0	0	0	0	0	0	0	0	0	0	0	0	192	0	
192	0	0	0	0	0	0	0	0	0	0	0	0	0	0	0	0	0	0	0	0	0	0	0	0	0	0	0	0	0	0	0	0	0	0	0	0	0	0	0	0	0	0	0	0	0	0	0	0	0	0	0	0	0	0	0	0	0	0	192	0	0	0	0	192	0	0	0	0	0	0	0	0	0	0	0	0	0	0	0	0	0	0	0	0	0	0	0	0	0	0	0	0	0	0	0	0	0	0	0	0	0	0	0	0	0	0	0	0	0	0	0	0	0	0	0	0	0	0	0	
0	0	0	0	0	0	0	0	0	0	0	0	0	0	0	0	0	0	0	0	0	0	0	0	0	0	0	0	0	0	0	0	0	0	0	0	0	0	0	0	0	0	0	0	0	0	0	0	0	0	0	0	0	0	0	0	0	0	0	0	0	0	0	0	0	0	0	0	0	0	0	192	0	0	0	0	0	0	0	0	0	0	0	0	0	0	0	0	0	0	0	0	0	0	0	0	0	0	0	0	0	0	0	0	0	0	0	0	0	0	0	0	0	0	0	192	0	0	0	0	
192	0	0	0	0	0	0	0	0	0	0	0	0	0	0	0	0	0	0	0	0	0	0	0	0	0	0	0	0	0	0	0	0	0	0	0	0	0	0	0	0	0	0	0	0	0	0	0	192	0	0	0	0	0	0	0	0	0	0	0	0	0	0	0	0	0	0	0	0	0	0	0	0	0	0	0	0	0	0	0	0	0	0	0	0	0	0	0	0	0	0	0	0	0	0	0	0	0	0	192	0	0	0	0	0	0	0	0	0	0	0	0	0	0	0	0	0	0	0	0	
0	0	0	0	0	0	0	0	0	0	0	0	0	0	0	0	0	0	0	0	0	0	0	0	0	0	0	0	0	0	0	0	0	0	192	0	0	0	0	0	0	0	0	0	192	0	0	0	0	0	0	0	0	0	0	0	0	0	0	0	0	0	0	0	0	0	0	0	0	0	0	0	0	0	0	0	0	0	0	0	0	0	0	0	0	0	0	0	0	0	0	0	0	0	0	0	0	0	0	0	0	0	0	0	0	0	0	0	0	0	0	0	0	0	0	0	0	0	0	0	
0	0	0	0	0	192	0	192	0	0	0	0	0	0	0	0	0	0	0	0	0	0	0	0	0	0	0	0	0	0	0	0	0	0	0	0	0	0	0	0	0	0	0	0	0	0	0	0	0	0	0	0	0	0	0	0	0	0	0	0	0	0	0	0	0	0	0	0	0	0	0	0	0	0	0	0	0	0	0	0	0	0	0	0	0	0	0	0	0	0	0	0	0	0	0	0	0	0	0	0	0	0	0	0	0	0	0	0	0	0	0	0	0	0	0	0	0	0	0	0	
0	0	0	0	0	0	0	0	0	0	0	0	0	0	0	0	0	0	0	0	0	0	0	0	0	0	0	0	0	0	0	0	0	0	0	0	0	0	0	0	0	0	192	0	0	0	0	0	0	0	0	0	0	0	0	0	0	0	0	0	0	0	0	0	0	0	0	0	0	0	0	0	0	0	0	0	0	0	0	0	0	0	0	0	0	0	0	0	0	0	0	0	0	0	0	0	0	0	0	0	0	0	0	0	0	192	0	0	0	0	0	0	0	0	0	0	0	0	0	0	
192	0	0	0	0	0	0	0	0	0	0	0	0	0	0	0	0	0	0	0	0	0	0	0	0	0	0	0	0	0	0	0	192	0	0	0	0	0	0	0	0	0	0	0	0	0	0	0	0	0	0	0	0	0	0	192	0	0	0	0	0	0	0	0	0	0	0	0	0	0	0	0	0	0	0	0	0	0	0	0	0	0	0	0	0	0	0	0	0	0	0	0	0	0	0	0	0	0	0	0	0	0	0	0	0	0	0	0	0	0	0	0	0	0	0	0	0	0	0	0	
0	0	0	0	0	0	0	0	0	0	0	0	0	0	0	0	0	0	0	0	0	0	0	0	0	0	0	0	0	0	0	0	0	0	0	0	0	0	0	0	0	0	0	0	0	0	0	0	192	0	0	0	0	0	0	0	0	0	0	0	0	0	0	0	0	0	0	0	0	0	0	0	0	0	0	0	0	192	0	0	0	0	0	0	0	0	0	0	0	0	0	0	0	0	0	0	0	0	0	0	0	0	0	0	0	0	0	0	0	0	0	0	0	0	0	0	0	0	0	0	
0	0	0	0	0	0	0	0	0	0	0	0	0	0	0	0	0	0	0	0	0	0	0	0	0	0	0	0	0	0	192	0	0	0	0	0	0	0	0	0	0	0	0	0	0	0	0	0	0	0	0	0	0	0	0	192	0	0	0	0	0	0	0	0	0	0	0	0	0	0	0	0	0	0	0	0	0	0	0	0	0	0	0	0	0	0	0	0	0	0	0	0	0	0	0	0	0	0	0	0	0	0	0	0	0	0	0	0	0	0	0	0	0	0	0	0	0	0	0	0	
0	0	0	0	0	0	0	0	0	0	0	0	0	0	0	0	0	0	0	0	0	0	0	0	0	0	0	0	0	0	0	0	0	0	0	0	0	0	0	0	0	0	0	0	0	0	0	0	0	0	0	0	192	0	0	0	0	0	0	0	0	0	0	0	0	0	0	0	0	0	0	0	0	0	0	0	0	0	0	0	0	0	0	0	0	0	0	0	0	0	0	0	0	0	0	0	0	0	0	0	0	0	0	0	0	0	0	0	0	0	0	0	192	0	0	0	0	0	0	0	
0	0	0	0	0	0	0	0	0	0	0	0	0	0	0	0	0	0	0	0	0	0	0	0	0	0	0	192	0	0	0	0	0	0	0	0	0	0	0	0	0	0	0	0	0	0	0	0	0	0	0	0	0	0	0	0	0	0	0	0	0	0	0	0	0	0	0	0	0	0	0	0	0	0	0	0	0	0	0	0	0	0	0	0	0	0	0	0	0	0	0	192	0	0	0	0	0	0	0	0	0	0	0	0	0	0	0	0	0	0	0	0	0	0	0	0	0	0	0	0	
0	0	0	0	0	0	0	0	0	0	0	0	0	0	0	0	0	0	0	0	0	0	0	0	0	0	0	0	0	0	0	0	0	0	0	0	0	0	0	0	0	0	0	0	0	0	0	0	0	192	0	0	0	0	192	0	0	0	0	0	0	0	0	0	0	0	0	0	0	0	0	0	0	0	0	0	0	0	0	0	0	0	0	0	0	0	0	0	0	0	0	0	0	0	0	0	0	0	0	0	0	0	0	0	0	0	0	0	0	0	0	0	0	0	0	0	0	0	0	0	
0	0	0	0	0	0	0	0	0	0	0	0	0	0	0	0	0	0	0	0	0	0	0	0	0	0	0	0	0	0	0	0	0	0	0	0	0	0	0	0	0	0	0	0	0	0	0	0	0	0	0	0	0	0	0	0	0	0	0	0	0	0	0	0	0	0	0	0	0	0	0	0	0	0	0	0	0	0	0	0	0	0	0	0	0	0	0	0	0	192	0	0	0	0	0	0	0	0	0	0	0	0	0	0	0	0	0	0	0	0	0	0	0	192	0	0	0	0	0	0	
0	0	0	0	0	0	0	0	0	0	0	0	0	0	0	0	0	0	0	0	0	0	0	0	0	0	0	0	0	0	0	0	0	0	0	0	0	0	0	0	0	0	0	0	0	0	0	0	0	0	0	0	0	0	0	0	0	0	0	0	0	0	0	0	0	0	0	0	0	0	0	0	0	0	0	0	0	0	0	0	0	0	0	0	0	0	0	0	0	0	0	0	0	0	0	0	0	0	0	0	0	0	0	0	0	0	0	0	0	192	0	0	192	0	0	0	0	0	0	0	
0	192	0	0	0	0	0	0	0	0	0	0	0	0	0	0	0	0	0	0	0	0	0	0	0	0	0	0	0	0	0	0	0	0	0	0	0	0	0	0	0	0	0	0	0	0	0	0	0	0	0	0	0	0	0	0	0	0	0	0	0	0	0	0	0	0	0	0	0	0	0	0	0	0	0	0	0	0	0	0	192	0	0	0	0	0	0	0	0	0	0	0	0	0	0	0	0	0	0	0	0	0	0	0	0	0	0	0	0	0	0	0	0	0	0	0	0	0	0	0	
0	0	0	0	0	0	0	0	0	0	0	0	0	0	0	0	0	0	0	0	0	0	0	0	0	0	0	0	0	0	0	0	0	0	0	0	0	0	0	0	0	0	0	0	0	0	0	0	0	0	0	0	0	0	192	0	0	0	0	0	0	0	0	0	0	0	0	0	0	0	0	0	0	0	0	0	0	0	0	192	0	0	0	0	0	0	0	0	0	0	0	0	0	0	0	0	0	0	0	0	0	0	0	0	0	0	0	0	0	0	0	0	0	0	0	0	0	0	0	0	
0	0	0	0	0	0	0	0	0	0	0	0	0	0	0	0	0	0	0	0	0	0	0	0	0	0	0	0	0	0	0	0	0	0	0	0	0	0	0	0	0	0	0	0	0	0	0	0	0	0	0	0	0	0	0	0	0	0	0	0	0	0	192	0	0	0	0	0	0	0	0	0	0	0	0	0	0	0	0	0	0	0	0	0	0	0	0	0	0	0	0	0	0	0	0	0	0	0	0	0	0	0	0	0	0	0	0	0	0	0	0	192	0	0	0	0	0	0	0	0	
0	0	0	0	0	0	0	0	0	0	0	0	0	0	0	0	0	0	0	0	0	0	0	0	0	0	0	0	0	0	0	0	0	0	0	0	0	0	0	0	0	0	0	0	0	0	0	0	0	0	0	0	0	0	0	0	0	0	0	0	0	0	0	0	0	0	0	0	0	0	0	0	0	0	0	0	192	0	0	0	0	0	0	0	0	0	0	0	0	0	0	0	0	0	0	0	0	0	0	192	0	0	0	0	0	0	0	0	0	0	0	0	0	0	0	0	0	0	0	0	
0	0	0	0	0	0	0	0	0	0	0	0	0	0	0	0	0	0	0	0	0	0	0	0	0	0	0	0	0	192	0	0	0	0	0	0	0	0	0	0	0	0	0	0	0	0	0	0	0	0	0	0	0	0	0	0	0	0	0	0	0	0	0	0	0	192	0	0	0	0	0	0	0	0	0	0	0	0	0	0	0	0	0	0	0	0	0	0	0	0	0	0	0	0	0	0	0	0	0	0	0	0	0	0	0	0	0	0	0	0	0	0	0	0	0	0	0	0	0	0	
0	0	0	0	0	0	0	0	0	192	0	0	0	0	0	0	0	0	0	0	0	0	0	0	0	0	0	0	0	0	0	0	0	0	0	0	0	0	0	0	0	0	0	0	0	0	0	0	0	0	0	0	0	0	0	0	0	0	0	0	0	0	0	0	0	0	0	0	0	0	0	0	0	0	0	0	0	0	0	0	0	0	0	0	0	0	0	0	0	0	0	0	192	0	0	0	0	0	0	0	0	0	0	0	0	0	0	0	0	0	0	0	0	0	0	0	0	0	0	0	
0	0	0	0	0	0	0	0	0	0	0	0	0	0	0	0	0	0	0	0	0	0	0	0	0	0	0	192	0	0	0	0	0	0	0	0	0	0	0	0	0	0	0	0	0	0	0	0	0	0	0	0	0	0	0	0	0	0	0	0	0	0	0	0	0	0	0	0	0	0	0	0	0	0	0	0	0	0	0	0	0	0	0	0	0	0	0	0	0	0	0	0	0	0	0	0	0	0	0	0	0	0	0	192	0	0	0	0	0	0	0	0	0	0	0	0	0	0	0	0	
0	0	0	0	0	0	0	0	0	0	0	0	0	0	0	0	0	0	0	0	192	0	0	0	0	0	0	0	0	0	0	0	0	0	0	0	0	0	0	0	0	0	0	0	0	0	0	0	0	0	0	0	0	0	0	0	0	0	192	0	0	0	0	0	0	0	0	0	0	0	0	0	0	0	0	0	0	0	0	0	0	0	0	0	0	0	0	0	0	0	0	0	0	0	0	0	0	0	0	0	0	0	0	0	0	0	0	0	0	0	0	0	0	0	0	0	0	0	0	0	
192	0	0	0	0	0	0	0	0	0	0	0	0	0	0	0	0	0	0	0	0	0	0	0	0	0	0	0	0	0	0	0	0	0	0	0	0	0	0	0	0	0	0	0	0	0	0	0	0	0	0	0	0	0	0	0	0	0	0	0	0	0	0	0	0	0	0	0	0	0	0	0	0	0	0	0	0	0	0	0	0	0	0	192	0	0	0	0	0	0	0	0	0	0	0	0	0	192	0	0	0	0	0	0	0	0	0	0	0	0	0	0	0	0	0	0	0	0	0	0	
0	0	0	0	0	0	0	0	0	0	0	0	0	0	0	0	0	0	192	0	0	0	0	0	0	0	0	0	0	0	0	0	0	0	0	0	0	0	0	0	0	0	0	0	0	0	0	0	0	0	0	0	0	0	0	0	0	0	0	0	0	0	0	0	0	0	0	0	0	0	0	0	0	0	0	0	0	0	0	0	0	0	0	0	0	0	0	0	0	0	0	0	0	0	0	192	0	0	0	0	0	0	0	0	0	0	0	0	0	0	0	0	0	0	0	0	0	0	0	0	
0	0	0	0	0	0	0	0	0	0	0	0	0	0	0	0	0	0	0	0	0	0	0	0	0	0	192	0	0	0	0	192	0	0	0	0	0	0	0	0	0	0	0	0	0	0	0	0	0	0	0	0	0	0	0	0	0	0	0	0	0	0	0	0	0	0	0	0	0	0	0	0	0	0	0	0	0	0	0	0	0	0	0	0	0	0	0	0	0	0	0	0	0	0	0	0	0	0	0	0	0	0	0	0	0	0	0	0	0	0	0	0	0	0	0	0	0	0	0	0	
0	0	0	0	0	0	0	0	0	0	0	0	0	0	0	0	192	0	0	0	0	0	0	0	0	0	0	0	0	0	0	0	0	0	0	192	0	0	0	0	0	0	0	0	0	0	0	0	0	0	0	0	0	0	0	0	0	0	0	0	0	0	0	0	0	0	0	0	0	0	0	0	0	0	0	0	0	0	0	0	0	0	0	0	0	0	0	0	0	0	0	0	0	0	0	0	0	0	0	0	0	0	0	0	0	0	0	0	0	0	0	0	0	0	0	0	0	0	0	0	
0	0	0	0	0	0	0	0	0	0	0	0	0	0	0	0	0	0	0	0	0	0	0	0	0	0	0	0	0	0	0	0	0	0	0	0	0	0	0	0	0	0	0	0	0	0	0	0	0	0	0	0	0	0	0	0	0	0	0	0	0	0	0	0	0	0	0	0	0	0	0	0	0	0	0	0	0	0	0	0	0	0	0	0	0	0	0	0	0	0	0	0	0	0	0	0	192	0	0	0	0	0	0	0	0	0	0	0	0	0	192	0	0	0	0	0	0	0	0	0	
0	0	0	0	0	0	0	0	0	0	192	0	0	0	0	0	0	0	0	0	0	0	0	0	0	0	0	0	0	0	0	0	0	0	0	0	0	0	0	0	0	0	0	0	0	0	0	0	0	0	0	0	0	0	0	0	0	0	0	0	0	0	0	0	0	0	0	0	0	0	0	0	0	0	0	0	0	0	0	0	0	0	0	0	0	0	0	0	0	0	0	0	0	0	0	0	0	0	0	0	0	0	0	0	0	0	0	0	192	0	0	0	0	0	0	0	0	0	0	0	
0	0	0	0	0	0	0	0	0	0	0	0	0	0	0	0	0	0	0	0	0	0	0	0	0	0	0	0	0	0	0	0	0	192	0	0	0	0	0	0	0	0	0	0	0	0	0	0	0	0	0	0	0	0	0	0	0	0	0	0	0	0	0	0	0	0	0	0	0	0	0	0	0	0	0	0	0	0	192	0	0	0	0	0	0	0	0	0	0	0	0	0	0	0	0	0	0	0	0	0	0	0	0	0	0	0	0	0	0	0	0	0	0	0	0	0	0	0	0	0	
0	0	0	0	0	0	0	0	0	0	0	0	0	192	0	192	0	0	0	0	0	0	0	0	0	0	0	0	0	0	0	0	0	0	0	0	0	0	0	0	0	0	0	0	0	0	0	0	0	0	0	0	0	0	0	0	0	0	0	0	0	0	0	0	0	0	0	0	0	0	0	0	0	0	0	0	0	0	0	0	0	0	0	0	0	0	0	0	0	0	0	0	0	0	0	0	0	0	0	0	0	0	0	0	0	0	0	0	0	0	0	0	0	0	0	0	0	0	0	0	
0	0	0	0	0	0	0	0	0	0	0	0	0	0	0	0	0	0	0	0	0	0	0	0	0	0	0	0	0	0	0	0	0	0	0	192	0	0	0	192	0	0	0	0	0	0	0	0	0	0	0	0	0	0	0	0	0	0	0	0	0	0	0	0	0	0	0	0	0	0	0	0	0	0	0	0	0	0	0	0	0	0	0	0	0	0	0	0	0	0	0	0	0	0	0	0	0	0	0	0	0	0	0	0	0	0	0	0	0	0	0	0	0	0	0	0	0	0	0	0	
0	0	0	0	0	0	0	0	0	0	0	0	0	0	0	0	0	0	0	0	0	0	0	0	0	0	0	0	0	0	192	0	192	0	0	0	0	0	0	0	0	0	0	0	0	0	0	0	0	0	0	0	0	0	0	0	0	0	0	0	0	0	0	0	0	0	0	0	0	0	0	0	0	0	0	0	0	0	0	0	0	0	0	0	0	0	0	0	0	0	0	0	0	0	0	0	0	0	0	0	0	0	0	0	0	0	0	0	0	0	0	0	0	0	0	0	0	0	0	0	
0	0	0	0	0	0	0	0	0	0	0	0	0	0	0	0	0	0	0	0	0	0	0	0	0	0	0	0	0	0	0	0	0	0	0	0	0	0	0	0	0	0	0	0	0	0	0	0	0	0	0	0	0	0	0	0	0	0	0	0	0	0	0	0	0	0	192	0	0	0	0	0	0	0	0	0	0	0	0	0	0	0	0	0	0	0	192	0	0	0	0	0	0	0	0	0	0	0	0	0	0	0	0	0	0	0	0	0	0	0	0	0	0	0	0	0	0	0	0	0	
0	0	0	0	0	0	0	0	192	0	0	0	0	0	0	0	0	0	0	0	0	0	0	0	0	0	0	0	0	0	0	0	0	0	0	0	0	0	0	0	0	0	0	0	0	0	0	0	0	0	0	0	0	0	0	0	0	0	0	0	0	0	0	0	0	0	0	0	0	0	0	0	0	0	0	0	0	0	0	0	0	0	0	0	0	0	0	0	0	0	0	0	0	0	0	0	0	0	0	0	0	0	0	0	192	0	0	0	0	0	0	0	0	0	0	0	0	0	0	0	
0	0	0	0	0	0	0	0	0	0	0	0	0	0	0	0	0	0	0	0	0	0	0	0	0	0	0	0	0	0	0	0	0	0	0	0	0	0	0	0	0	0	0	0	0	192	0	0	0	0	0	0	0	0	0	0	0	0	0	0	0	0	0	0	0	0	0	0	0	0	0	0	0	0	0	0	0	0	0	0	0	0	0	0	192	0	0	0	0	0	0	0	0	0	0	0	0	0	0	0	0	0	0	0	0	0	0	0	0	0	0	0	0	0	0	0	0	0	0	0	
0	0	0	0	0	0	0	0	0	0	0	0	0	0	0	0	0	0	0	0	0	0	0	0	192	0	0	0	0	0	0	0	0	0	0	0	0	0	0	0	0	0	0	0	0	0	0	0	0	0	0	0	0	0	0	0	0	0	0	0	0	0	0	0	0	0	0	0	0	0	192	0	0	0	0	0	0	0	0	0	0	0	0	0	0	0	0	0	0	0	0	0	0	0	0	0	0	0	0	0	0	0	0	0	0	0	0	0	0	0	0	0	0	0	0	0	0	0	0	0	
0	0	0	0	0	0	0	0	0	0	0	0	0	0	0	0	0	0	0	0	0	0	0	0	0	0	0	0	0	0	0	0	0	0	0	0	0	0	0	0	0	0	0	0	0	0	0	0	0	0	0	0	0	0	0	0	0	0	0	0	0	192	0	0	0	0	0	0	0	0	0	0	0	0	0	0	0	0	0	0	0	0	0	0	0	0	0	0	0	0	0	0	0	0	0	192	0	0	0	0	0	0	0	0	0	0	0	0	0	0	0	0	0	0	0	0	0	0	0	0	
0	0	0	0	0	0	0	0	0	0	0	192	0	0	0	0	0	0	0	0	0	0	0	0	0	0	0	0	0	0	0	0	0	0	0	0	0	0	0	0	0	0	0	0	0	0	0	0	0	0	0	0	0	0	0	0	0	0	0	0	192	0	0	0	0	0	0	0	0	0	0	0	0	0	0	0	0	0	0	0	0	0	0	0	0	0	0	0	0	0	0	0	0	0	0	0	0	0	0	0	0	0	0	0	0	0	0	0	0	0	0	0	0	0	0	0	0	0	0	0	
0	0	0	0	0	0	0	0	0	0	192	0	0	0	0	0	0	0	0	0	0	0	0	0	0	0	0	0	0	0	0	0	0	0	0	0	0	0	0	0	192	0	0	0	0	0	0	0	0	0	0	0	0	0	0	0	0	0	0	0	0	0	0	0	0	0	0	0	0	0	0	0	0	0	0	0	0	0	0	0	0	0	0	0	0	0	0	0	0	0	0	0	0	0	0	0	0	0	0	0	0	0	0	0	0	0	0	0	0	0	0	0	0	0	0	0	0	0	0	0	
0	0	0	0	0	0	0	0	0	0	0	0	0	0	0	0	0	0	0	0	0	0	0	0	0	0	0	0	0	0	0	0	0	0	0	0	0	0	0	0	0	0	0	0	0	0	0	0	0	0	0	0	0	0	0	0	0	0	0	0	0	0	0	0	0	0	0	0	0	0	0	0	0	0	0	0	0	0	0	0	0	0	0	0	0	0	0	0	0	0	0	0	0	0	0	0	0	0	0	0	0	0	192	0	0	0	192	0	0	0	0	0	0	0	0	0	0	0	0	0	
0	0	0	0	0	0	0	0	0	0	0	0	0	0	0	0	0	0	0	0	0	0	0	0	192	0	0	0	0	0	0	0	0	0	0	0	0	0	0	0	0	0	0	0	0	0	0	0	0	0	0	0	0	0	0	0	0	0	0	0	0	0	0	0	0	0	0	0	0	0	192	0	0	0	0	0	0	0	0	0	0	0	0	0	0	0	0	0	0	0	0	0	0	0	0	0	0	0	0	0	0	0	0	0	0	0	0	0	0	0	0	0	0	0	0	0	0	0	0	0	
0	0	0	0	0	0	0	0	0	0	0	0	0	0	0	0	0	0	0	0	0	0	0	0	0	0	0	0	0	0	0	0	0	0	0	0	0	0	0	0	0	0	192	0	0	0	0	0	0	0	0	0	0	0	0	0	0	0	0	0	0	0	0	0	0	0	0	0	0	0	0	0	0	0	192	0	0	0	0	0	0	0	0	0	0	0	0	0	0	0	0	0	0	0	0	0	0	0	0	0	0	0	0	0	0	0	0	0	0	0	0	0	0	0	0	0	0	0	0	0	
0	0	0	0	0	0	0	0	0	0	0	0	0	0	0	0	0	0	0	192	0	0	0	0	0	0	0	0	0	0	0	0	0	0	0	0	0	0	0	0	0	0	0	0	0	0	0	0	0	0	0	0	0	0	0	0	192	0	0	0	0	0	0	0	0	0	0	0	0	0	0	0	0	0	0	0	0	0	0	0	0	0	0	0	0	0	0	0	0	0	0	0	0	0	0	0	0	0	0	0	0	0	0	0	0	0	0	0	0	0	0	0	0	0	0	0	0	0	0	0	
0	0	0	0	0	0	0	0	0	0	0	0	0	0	0	0	0	0	0	0	0	0	0	0	0	0	0	0	0	0	0	0	0	0	0	0	0	0	0	0	0	0	0	0	0	0	0	0	0	0	0	0	0	0	0	0	0	0	0	0	0	0	0	0	0	0	0	0	0	0	0	0	0	0	0	0	0	0	0	0	0	0	0	0	0	0	0	0	0	0	0	0	0	0	0	0	0	0	0	0	192	0	0	0	0	0	0	0	0	0	0	0	0	0	0	192	0	0	0	0	
0	0	0	0	0	0	0	0	192	0	0	0	0	0	0	0	0	0	0	0	0	0	192	0	0	0	0	0	0	0	0	0	0	0	0	0	0	0	0	0	0	0	0	0	0	0	0	0	0	0	0	0	0	0	0	0	0	0	0	0	0	0	0	0	0	0	0	0	0	0	0	0	0	0	0	0	0	0	0	0	0	0	0	0	0	0	0	0	0	0	0	0	0	0	0	0	0	0	0	0	0	0	0	0	0	0	0	0	0	0	0	0	0	0	0	0	0	0	0	0	
0	0	0	0	0	0	0	0	0	0	0	0	0	192	0	192	0	0	0	0	0	0	0	0	0	0	0	0	0	0	0	0	0	0	0	0	0	0	0	0	0	0	0	0	0	0	0	0	0	0	0	0	0	0	0	0	0	0	0	0	0	0	0	0	0	0	0	0	0	0	0	0	0	0	0	0	0	0	0	0	0	0	0	0	0	0	0	0	0	0	0	0	0	0	0	0	0	0	0	0	0	0	0	0	0	0	0	0	0	0	0	0	0	0	0	0	0	0	0	0	
0	0	0	0	0	0	0	0	0	0	0	0	0	0	0	0	0	0	0	0	0	0	0	0	0	0	0	0	0	0	0	0	0	0	0	0	0	0	0	0	0	0	0	0	0	0	0	0	0	0	0	0	0	0	0	0	0	0	0	192	0	0	0	0	192	0	0	0	0	0	0	0	0	0	0	0	0	0	0	0	0	0	0	0	0	0	0	0	0	0	0	0	0	0	0	0	0	0	0	0	0	0	0	0	0	0	0	0	0	0	0	0	0	0	0	0	0	0	0	0	
0	0	0	0	0	0	0	0	0	0	0	0	192	0	0	0	0	0	0	0	0	0	0	0	0	192	0	0	0	0	0	0	0	0	0	0	0	0	0	0	0	0	0	0	0	0	0	0	0	0	0	0	0	0	0	0	0	0	0	0	0	0	0	0	0	0	0	0	0	0	0	0	0	0	0	0	0	0	0	0	0	0	0	0	0	0	0	0	0	0	0	0	0	0	0	0	0	0	0	0	0	0	0	0	0	0	0	0	0	0	0	0	0	0	0	0	0	0	0	0	
0	0	0	0	0	0	0	0	0	0	0	0	0	0	0	0	0	0	0	0	0	0	0	0	0	0	0	0	0	0	0	0	0	0	0	0	0	0	0	0	0	0	0	0	0	0	0	0	0	0	0	0	0	0	0	0	0	0	0	0	0	0	0	0	0	0	0	0	0	0	0	0	0	0	0	0	0	0	0	0	0	0	0	0	0	0	0	0	0	0	0	0	192	0	0	0	0	0	0	0	0	0	0	0	0	0	0	0	0	0	0	0	0	0	0	0	0	0	192	0	
192	0	0	0	0	0	0	0	0	0	0	0	0	0	0	0	0	0	0	0	0	0	0	0	0	0	0	0	0	0	0	0	0	0	0	0	0	0	0	0	0	0	0	0	0	0	0	0	0	0	0	0	0	0	0	0	0	0	0	0	0	0	0	0	0	0	0	0	0	0	0	0	0	0	0	0	0	0	0	0	0	192	0	0	0	0	0	0	0	0	0	0	0	0	0	0	0	0	0	0	0	0	0	0	0	0	0	0	0	0	0	0	0	0	0	0	0	192	0	0	
0	0	0	0	0	0	0	0	0	0	0	0	0	0	0	0	0	0	0	0	0	192	0	0	0	0	0	0	0	0	0	0	0	0	0	0	0	0	0	0	0	0	0	0	0	0	0	0	0	0	0	0	0	0	0	0	0	0	0	0	0	0	0	0	0	192	0	0	0	0	0	0	0	0	0	0	0	0	0	0	0	0	0	0	0	0	0	0	0	0	0	0	0	0	0	0	0	0	0	0	0	0	0	0	0	0	0	0	0	0	0	0	0	0	0	0	0	0	0	0	
0	0	0	0	0	0	192	0	0	0	0	0	0	0	0	0	0	0	0	0	0	0	0	0	0	0	0	0	0	0	0	0	0	0	0	0	0	0	0	0	0	0	0	0	0	0	0	0	0	0	0	0	0	0	0	0	0	0	0	0	0	0	0	0	0	0	0	0	0	0	0	0	0	0	0	0	0	0	0	0	0	0	0	0	0	0	0	0	0	0	0	0	0	0	0	0	192	0	0	0	0	0	0	0	0	0	0	0	0	0	0	0	0	0	0	0	0	0	0	0	
0	0	0	0	0	0	0	0	0	0	0	0	0	0	0	0	0	0	0	0	0	0	0	0	0	0	0	0	0	0	0	0	0	0	0	0	0	0	0	0	0	192	0	0	0	0	0	0	0	0	0	0	0	0	0	0	0	0	0	0	0	0	0	0	0	0	0	0	0	0	0	0	0	0	0	0	0	192	0	0	0	0	0	0	0	0	0	0	0	0	0	0	0	0	0	0	0	0	0	0	0	0	0	0	0	0	0	0	0	0	0	0	0	0	0	0	0	0	0	0	
0	0	0	0	0	0	0	0	0	0	0	0	0	0	0	0	0	0	0	0	0	0	0	0	0	0	0	0	0	0	0	192	0	0	0	0	0	0	0	0	0	0	0	0	0	0	0	0	0	0	0	0	0	0	0	0	0	0	0	0	0	0	0	0	0	0	0	0	0	0	0	0	0	0	0	0	192	0	0	0	0	0	0	0	0	0	0	0	0	0	0	0	0	0	0	0	0	0	0	0	0	0	0	0	0	0	0	0	0	0	0	0	0	0	0	0	0	0	0	0	
0	0	0	0	0	0	0	0	0	0	0	0	0	0	0	0	0	0	0	0	0	0	0	0	0	0	0	0	0	0	0	0	0	0	0	0	0	0	0	0	0	0	0	0	0	0	0	0	0	0	0	0	192	0	0	0	0	0	0	0	0	0	0	0	0	0	0	0	0	0	0	0	0	0	0	0	0	0	0	0	0	0	0	0	0	0	0	0	0	0	0	0	0	0	0	0	0	0	0	0	0	0	0	0	0	192	0	0	0	0	0	0	0	0	0	0	0	0	0	0	
0	0	0	192	0	0	0	0	0	0	0	0	0	0	0	0	0	0	0	0	0	0	0	0	0	0	0	0	0	0	0	0	0	0	0	0	0	0	0	192	0	0	0	0	0	0	0	0	0	0	0	0	0	0	0	0	0	0	0	0	0	0	0	0	0	0	0	0	0	0	0	0	0	0	0	0	0	0	0	0	0	0	0	0	0	0	0	0	0	0	0	0	0	0	0	0	0	0	0	0	0	0	0	0	0	0	0	0	0	0	0	0	0	0	0	0	0	0	0	0	
0	192	0	0	0	0	0	0	0	0	0	0	0	0	0	0	0	0	0	0	0	0	0	0	0	0	0	0	0	0	0	0	0	0	0	0	0	0	192	0	0	0	0	0	0	0	0	0	0	0	0	0	0	0	0	0	0	0	0	0	0	0	0	0	0	0	0	0	0	0	0	0	0	0	0	0	0	0	0	0	0	0	0	0	0	0	0	0	0	0	0	0	0	0	0	0	0	0	0	0	0	0	0	0	0	0	0	0	0	0	0	0	0	0	0	0	0	0	0	0	
0	0	0	0	0	0	0	0	0	0	0	0	0	0	0	0	0	0	0	0	0	0	0	0	0	0	0	0	0	0	0	0	0	0	0	0	0	0	0	0	0	0	0	0	0	0	0	0	0	0	0	0	0	0	0	0	0	0	0	0	0	0	0	0	0	0	0	0	0	0	0	0	0	192	0	0	0	0	0	0	0	0	0	0	0	0	0	0	0	0	0	0	0	0	0	0	0	0	0	0	0	0	0	0	0	0	0	0	0	0	0	0	0	0	0	0	0	192	0	0	
0	0	0	0	0	0	0	0	0	0	0	0	0	0	0	0	0	0	0	0	0	0	0	0	0	0	0	0	0	0	0	0	0	0	0	0	0	0	0	0	0	0	0	0	0	0	0	0	0	0	0	0	0	0	0	0	0	0	0	0	0	0	0	0	0	0	0	0	0	0	0	0	0	0	0	0	0	0	0	0	0	0	0	0	0	0	0	0	0	0	0	0	0	0	0	0	0	0	0	0	192	0	0	0	0	0	0	0	0	0	0	192	0	0	0	0	0	0	0	0	
0	0	0	0	0	0	0	0	0	0	0	0	0	0	0	0	0	0	0	0	0	0	0	0	0	0	0	0	0	0	0	0	0	0	0	0	0	0	0	0	0	0	0	0	0	0	192	0	0	0	0	0	0	0	0	0	0	0	0	0	0	0	0	0	0	0	0	0	0	0	0	0	0	0	0	0	0	0	0	0	0	0	0	0	0	0	0	0	0	0	0	0	0	0	0	0	0	192	0	0	0	0	0	0	0	0	0	0	0	0	0	0	0	0	0	0	0	0	0	0	
0	0	0	0	0	0	0	0	0	0	0	0	0	0	0	0	0	0	0	0	0	0	0	0	0	0	0	0	0	0	0	0	0	0	0	0	0	0	0	0	0	0	0	0	0	0	0	0	0	0	0	0	0	0	0	0	0	0	192	0	0	0	0	0	0	0	0	0	0	0	0	0	0	0	0	0	0	0	0	0	0	0	0	0	0	0	0	192	0	0	0	0	0	0	0	0	0	0	0	0	0	0	0	0	0	0	0	0	0	0	0	0	0	0	0	0	0	0	0	0	
0	0	0	0	192	0	0	0	0	0	0	0	0	0	0	0	0	192	0	0	0	0	0	0	0	0	0	0	0	0	0	0	0	0	0	0	0	0	0	0	0	0	0	0	0	0	0	0	0	0	0	0	0	0	0	0	0	0	0	0	0	0	0	0	0	0	0	0	0	0	0	0	0	0	0	0	0	0	0	0	0	0	0	0	0	0	0	0	0	0	0	0	0	0	0	0	0	0	0	0	0	0	0	0	0	0	0	0	0	0	0	0	0	0	0	0	0	0	0	0	
0	0	0	0	0	0	0	0	0	0	0	0	0	0	0	0	0	0	0	192	0	0	0	0	0	0	0	0	0	0	0	0	0	0	0	0	0	0	0	0	0	0	0	0	0	0	0	0	0	0	0	0	0	0	0	0	192	0	0	0	0	0	0	0	0	0	0	0	0	0	0	0	0	0	0	0	0	0	0	0	0	0	0	0	0	0	0	0	0	0	0	0	0	0	0	0	0	0	0	0	0	0	0	0	0	0	0	0	0	0	0	0	0	0	0	0	0	0	0	0	
0	0	0	0	0	0	0	0	0	0	0	0	0	0	0	0	0	0	0	0	0	0	0	0	0	0	0	0	0	0	0	0	0	0	0	0	0	0	0	0	0	0	0	0	0	0	0	0	0	0	0	0	0	0	0	0	0	0	0	0	0	0	0	0	0	0	0	0	0	0	0	0	0	0	0	0	0	0	0	0	0	0	0	0	192	0	0	0	0	0	0	0	0	192	0	0	0	0	0	0	0	0	0	0	0	0	0	0	0	0	0	0	0	0	0	0	0	0	0	0	
0	0	0	0	0	0	0	0	0	0	0	0	0	0	0	0	0	0	0	0	0	0	0	0	0	0	0	0	0	0	0	0	0	0	0	0	0	0	0	0	0	0	0	0	0	0	0	0	0	0	0	0	0	0	0	0	0	0	0	0	0	0	0	0	0	0	0	0	0	0	0	0	0	0	0	0	0	0	0	0	0	0	0	0	0	0	0	0	0	192	0	192	0	0	0	0	0	0	0	0	0	0	0	0	0	0	0	0	0	0	0	0	0	0	0	0	0	0	0	0	
0	0	0	0	0	0	0	0	0	0	0	0	0	0	0	0	0	0	0	0	0	0	0	0	0	0	0	0	0	0	0	0	0	0	0	0	192	0	0	0	0	0	0	0	0	0	0	0	0	0	0	0	0	0	0	0	0	0	0	0	0	0	0	0	0	0	0	0	0	0	0	0	0	0	0	0	0	0	0	0	0	0	0	0	0	0	0	0	192	0	0	0	0	0	0	0	0	0	0	0	0	0	0	0	0	0	0	0	0	0	0	0	0	0	0	0	0	0	0	0	
0	0	0	0	0	0	0	0	0	192	0	0	0	0	0	0	0	0	0	0	0	0	0	0	0	0	0	0	0	0	0	0	0	0	0	0	0	0	0	0	0	0	0	0	0	0	0	0	0	0	0	0	0	0	0	0	0	0	0	0	0	0	0	0	0	0	0	0	0	0	0	0	0	0	0	0	0	0	0	0	0	0	0	0	0	0	0	0	0	0	0	0	0	0	0	0	0	0	0	0	0	0	0	0	0	0	0	0	0	0	0	0	0	0	192	0	0	0	0	0	
0	0	0	0	0	0	0	0	0	0	0	0	0	0	0	0	0	0	0	0	0	0	0	0	0	0	0	0	0	0	0	0	0	0	192	0	0	0	0	0	0	0	0	0	0	0	0	0	0	0	0	0	0	0	0	0	0	0	0	0	0	0	0	0	0	0	0	0	0	0	0	0	0	0	0	0	0	0	0	0	0	0	0	0	0	0	0	0	192	0	0	0	0	0	0	0	0	0	0	0	0	0	0	0	0	0	0	0	0	0	0	0	0	0	0	0	0	0	0	0	
0	0	0	0	0	0	0	0	0	0	0	0	0	0	0	0	0	0	0	0	0	0	0	0	0	0	0	0	0	0	0	0	0	0	0	0	0	0	0	0	0	0	0	192	0	0	0	0	0	0	0	0	0	0	0	0	0	0	0	0	0	0	0	0	0	0	0	0	0	0	0	0	192	0	0	0	0	0	0	0	0	0	0	0	0	0	0	0	0	0	0	0	0	0	0	0	0	0	0	0	0	0	0	0	0	0	0	0	0	0	0	0	0	0	0	0	0	0	0	0	
0	0	0	0	0	0	0	0	0	0	0	0	0	0	0	0	0	0	0	0	0	0	0	0	0	0	0	0	0	0	0	0	0	0	0	0	0	0	0	0	0	0	0	0	0	0	0	0	0	0	0	0	0	0	0	0	0	0	0	0	0	0	0	0	0	0	0	0	0	0	0	0	0	0	0	0	0	0	0	0	0	0	0	0	0	0	0	192	0	0	0	0	0	0	0	0	0	0	0	0	0	0	0	0	0	0	0	0	0	0	192	0	0	0	0	0	0	0	0	0	
0	0	192	0	0	0	0	0	0	0	0	0	0	0	0	0	0	0	0	0	0	0	0	0	0	0	0	0	0	0	0	0	0	0	0	0	0	0	0	0	0	0	0	0	0	0	0	0	0	0	0	0	0	0	0	0	0	0	0	0	0	0	0	0	0	0	0	0	0	0	0	0	0	0	0	0	0	0	0	0	0	0	0	0	0	0	0	0	0	0	0	0	0	0	0	0	0	0	0	0	0	0	0	0	0	0	0	192	0	0	0	0	0	0	0	0	0	0	0	0	
0	0	0	0	0	0	0	0	0	0	0	0	0	0	0	0	0	0	0	0	0	0	0	0	0	0	0	0	0	0	0	0	0	0	0	0	0	0	0	0	0	0	0	0	0	0	0	192	0	0	0	0	0	0	0	0	0	0	0	0	192	0	0	0	0	0	0	0	0	0	0	0	0	0	0	0	0	0	0	0	0	0	0	0	0	0	0	0	0	0	0	0	0	0	0	0	0	0	0	0	0	0	0	0	0	0	0	0	0	0	0	0	0	0	0	0	0	0	0	0	
0	0	0	0	0	0	0	0	0	0	0	0	0	0	0	0	0	0	0	0	0	0	0	0	0	0	0	0	0	0	0	0	0	0	0	0	0	0	0	0	0	0	0	0	0	0	0	0	0	0	192	0	0	0	0	0	0	0	0	0	0	0	0	0	0	0	0	0	0	0	0	0	0	0	0	192	0	0	0	0	0	0	0	0	0	0	0	0	0	0	0	0	0	0	0	0	0	0	0	0	0	0	0	0	0	0	0	0	0	0	0	0	0	0	0	0	0	0	0	0	
0	0	0	0	0	0	0	0	0	0	0	0	0	0	0	0	0	0	0	0	0	0	0	0	0	0	0	0	0	0	0	0	0	0	0	0	0	0	0	0	0	0	0	0	0	0	192	0	0	0	0	0	0	0	0	0	0	0	0	0	0	0	0	0	0	0	0	0	0	0	0	0	0	0	0	0	0	0	0	0	0	0	0	192	0	0	0	0	0	0	0	0	0	0	0	0	0	0	0	0	0	0	0	0	0	0	0	0	0	0	0	0	0	0	0	0	0	0	0	0	
192	0	0	0	0	0	0	192	0	0	0	0	0	0	0	0	0	0	0	0	0	0	0	0	0	0	0	0	0	0	0	0	0	0	0	0	0	0	0	0	0	0	0	0	0	0	0	0	0	0	0	0	0	0	0	0	0	0	0	0	0	0	0	0	0	0	0	0	0	0	0	0	0	0	0	0	0	0	0	0	0	0	0	0	0	0	0	0	0	0	0	0	0	0	0	0	0	0	0	0	0	0	0	0	0	0	0	0	0	0	0	0	0	0	0	0	0	0	0	0	
0	0	0	0	0	0	0	0	0	0	0	0	0	0	0	0	0	0	0	0	0	0	0	0	0	0	192	0	0	0	0	0	0	0	0	0	0	0	0	0	0	192	0	0	0	0	0	0	0	0	0	0	0	0	0	0	0	0	0	0	0	0	0	0	0	0	0	0	0	0	0	0	0	0	0	0	0	0	0	0	0	0	0	0	0	0	0	0	0	0	0	0	0	0	0	0	0	0	0	0	0	0	0	0	0	0	0	0	0	0	0	0	0	0	0	0	0	0	0	0	
0	0	0	0	0	0	0	0	0	0	0	0	0	0	0	0	0	0	0	0	0	0	0	0	0	0	0	0	0	0	0	0	0	0	0	0	0	0	0	0	0	0	0	0	0	0	0	0	0	0	0	0	0	0	0	0	0	0	0	0	0	0	0	0	0	0	0	192	0	0	0	0	0	0	0	0	0	0	0	0	0	0	192	0	0	0	0	0	0	0	0	0	0	0	0	0	0	0	0	0	0	0	0	0	0	0	0	0	0	0	0	0	0	0	0	0	0	0	0	0	
0	0	0	0	0	0	0	0	0	0	0	0	0	0	0	0	0	0	0	0	0	0	0	0	0	0	0	0	0	0	0	0	0	0	0	0	0	0	0	0	0	0	0	0	0	0	0	0	0	0	0	0	0	0	0	0	0	0	0	0	0	0	0	0	0	0	0	0	0	0	0	0	0	0	0	0	0	0	0	0	0	0	0	0	0	0	0	0	0	0	0	0	0	0	0	0	0	0	0	0	0	0	0	0	0	0	0	0	192	192	0	0	0	0	0	0	0	0	0	0	
0	0	0	0	0	0	0	0	0	0	0	0	0	0	0	0	0	0	0	0	0	0	0	0	0	0	0	0	0	0	0	0	0	0	0	0	0	0	0	0	0	0	0	0	0	0	0	0	0	0	0	0	0	0	0	0	0	0	0	0	0	0	0	192	0	0	0	0	0	0	0	0	0	0	0	0	0	0	0	0	0	0	0	0	0	0	0	0	0	0	0	0	0	0	0	0	0	0	0	0	0	0	0	0	0	0	0	0	0	0	0	0	0	0	192	0	0	0	0	0	
0	0	0	0	0	0	0	0	0	0	0	0	0	0	0	0	0	0	0	0	0	0	0	0	0	0	0	0	0	0	0	0	0	0	0	0	0	0	0	0	0	0	0	0	192	0	0	0	0	0	0	0	0	0	0	0	0	0	0	0	0	0	0	0	0	0	0	0	0	0	0	0	0	0	0	0	0	0	0	0	0	0	0	0	0	0	0	0	0	0	0	0	0	0	0	0	0	0	0	0	0	0	0	0	0	0	0	0	0	0	0	0	0	0	0	0	0	0	0	192	
0	0	0	0	0	0	0	0	0	0	0	0	0	0	0	0	0	0	0	0	0	0	192	0	0	0	0	0	0	0	0	0	0	0	0	0	0	0	0	0	0	0	0	0	0	0	0	0	0	0	0	0	0	0	0	0	0	192	0	0	0	0	0	0	0	0	0	0	0	0	0	0	0	0	0	0	0	0	0	0	0	0	0	0	0	0	0	0	0	0	0	0	0	0	0	0	0	0	0	0	0	0	0	0	0	0	0	0	0	0	0	0	0	0	0	0	0	0	0	0	
0	0	0	0	0	0	0	0	0	0	0	0	0	0	0	0	0	0	0	0	0	0	0	0	0	0	0	0	0	192	0	0	0	0	0	0	0	0	0	0	0	0	0	0	0	0	0	0	0	0	0	0	0	0	0	0	0	0	0	0	0	0	0	0	0	0	0	0	0	0	0	0	0	0	0	0	0	0	192	0	0	0	0	0	0	0	0	0	0	0	0	0	0	0	0	0	0	0	0	0	0	0	0	0	0	0	0	0	0	0	0	0	0	0	0	0	0	0	0	0	
0	0	0	192	0	0	0	0	0	0	0	0	0	0	0	0	0	0	0	0	0	0	0	0	0	0	0	0	0	0	0	0	0	0	0	0	0	0	0	0	0	0	0	0	0	0	0	0	0	0	0	0	0	0	0	0	0	0	0	0	0	0	0	192	0	0	0	0	0	0	0	0	0	0	0	0	0	0	0	0	0	0	0	0	0	0	0	0	0	0	0	0	0	0	0	0	0	0	0	0	0	0	0	0	0	0	0	0	0	0	0	0	0	0	0	0	0	0	0	0	
0	0	192	0	0	0	0	0	0	0	0	0	0	0	0	0	0	0	0	0	0	0	0	0	0	0	0	0	0	0	0	0	0	0	0	0	0	0	0	0	0	0	0	0	0	0	0	0	0	0	0	0	0	0	0	0	0	0	0	0	0	0	0	0	0	0	0	0	0	0	0	0	0	0	0	0	0	0	0	0	0	0	0	0	0	0	0	0	0	0	0	0	0	0	192	0	0	0	0	0	0	0	0	0	0	0	0	0	0	0	0	0	0	0	0	0	0	0	0	0	
0	0	0	0	0	0	0	0	0	0	0	0	0	0	0	0	0	0	0	0	0	0	0	0	0	0	0	0	0	0	0	0	0	0	0	0	0	0	0	0	0	0	0	0	0	0	0	0	0	0	0	192	0	0	0	0	0	0	0	0	0	0	0	0	0	0	0	0	0	0	0	0	0	0	0	0	0	0	0	0	0	0	0	0	0	0	0	0	0	0	0	0	0	0	0	0	0	0	0	0	0	192	0	0	0	0	0	0	0	0	0	0	0	0	0	0	0	0	0	0	
0	0	0	0	0	0	0	0	0	0	0	0	0	0	0	0	0	0	0	0	0	0	0	0	0	0	0	0	0	0	0	0	0	0	0	0	0	192	0	0	0	0	0	0	0	0	0	0	0	0	0	0	0	0	0	0	0	0	0	0	0	0	0	0	0	0	0	0	0	0	0	0	0	0	0	0	0	0	0	0	0	0	0	0	0	0	0	0	0	0	0	0	0	0	0	0	0	0	0	0	0	192	0	0	0	0	0	0	0	0	0	0	0	0	0	0	0	0	0	0	
0	0	0	0	0	0	0	0	0	0	0	0	0	0	0	0	0	0	0	0	0	0	0	0	0	0	0	0	0	0	0	0	0	0	0	0	0	0	0	0	0	0	0	0	0	0	0	0	0	0	192	0	0	0	0	0	0	0	0	0	0	0	0	0	0	0	0	0	0	0	0	0	0	0	0	0	0	0	0	0	0	0	0	0	0	0	0	0	0	0	0	0	0	192	0	0	0	0	0	0	0	0	0	0	0	0	0	0	0	0	0	0	0	0	0	0	0	0	0	0	
0	0	0	0	0	0	0	0	0	0	0	0	0	0	0	0	0	0	0	0	0	0	0	0	0	0	0	0	0	0	0	0	0	0	0	0	0	0	0	0	192	0	0	0	0	0	0	0	0	0	0	0	0	0	0	0	0	0	0	0	0	0	0	0	0	0	0	0	0	0	0	0	0	0	0	0	0	0	0	0	0	0	192	0	0	0	0	0	0	0	0	0	0	0	0	0	0	0	0	0	0	0	0	0	0	0	0	0	0	0	0	0	0	0	0	0	0	0	0	0	
0	0	0	0	0	0	0	0	0	0	0	0	0	0	0	0	0	0	0	0	0	0	0	0	0	0	0	0	0	0	0	0	0	192	0	0	0	192	0	0	0	0	0	0	0	0	0	0	0	0	0	0	0	0	0	0	0	0	0	0	0	0	0	0	0	0	0	0	0	0	0	0	0	0	0	0	0	0	0	0	0	0	0	0	0	0	0	0	0	0	0	0	0	0	0	0	0	0	0	0	0	0	0	0	0	0	0	0	0	0	0	0	0	0	0	0	0	0	0	0	
0	0	0	0	0	0	0	0	0	0	0	0	0	0	0	0	0	0	0	0	0	192	0	0	0	0	0	0	0	0	0	0	0	0	0	0	192	0	0	0	0	0	0	0	0	0	0	0	0	0	0	0	0	0	0	0	0	0	0	0	0	0	0	0	0	0	0	0	0	0	0	0	0	0	0	0	0	0	0	0	0	0	0	0	0	0	0	0	0	0	0	0	0	0	0	0	0	0	0	0	0	0	0	0	0	0	0	0	0	0	0	0	0	0	0	0	0	0	0	0	
0	0	0	0	0	0	0	0	0	0	0	0	0	0	0	0	0	0	0	0	0	0	0	0	0	0	0	0	0	0	0	0	0	0	0	0	0	0	0	0	0	0	0	0	0	0	0	0	0	0	0	0	0	0	0	0	0	0	0	0	0	0	0	0	0	0	0	0	0	0	0	0	0	0	0	0	0	0	0	0	0	0	0	0	0	0	0	0	0	0	192	0	0	0	0	0	0	0	0	0	0	0	192	0	0	0	0	0	0	0	0	0	0	0	0	0	0	0	0	0	
0	0	0	0	0	0	0	0	0	0	0	0	0	0	0	0	0	0	0	0	0	0	0	0	0	192	0	0	0	0	0	0	0	0	0	0	0	0	0	0	0	0	0	0	0	0	0	0	0	0	0	0	0	0	0	0	0	0	0	0	0	0	0	0	0	0	0	192	0	0	0	0	0	0	0	0	0	0	0	0	0	0	0	0	0	0	0	0	0	0	0	0	0	0	0	0	0	0	0	0	0	0	0	0	0	0	0	0	0	0	0	0	0	0	0	0	0	0	0	0	
0	0	0	0	0	0	0	0	0	0	0	0	0	0	0	0	0	0	0	0	192	0	0	0	0	0	0	0	0	0	0	0	0	0	0	0	0	0	0	0	0	0	0	0	0	0	0	0	0	0	0	0	0	0	0	0	0	0	0	0	0	0	0	0	0	0	0	0	0	0	0	0	0	0	0	0	0	0	0	0	0	0	0	0	0	0	0	0	0	0	0	0	0	0	0	0	0	0	0	0	0	0	0	0	0	0	0	0	0	0	0	0	0	0	0	0	0	0	0	192	
0	0	0	0	0	0	0	0	0	0	0	0	0	0	0	0	0	0	0	0	0	0	0	0	0	0	0	0	0	0	0	0	0	0	0	0	0	0	0	0	0	0	0	0	0	0	0	0	0	0	0	0	0	0	0	0	0	0	0	0	0	0	0	0	0	0	0	0	0	0	0	0	0	192	0	0	0	0	0	0	0	192	0	0	0	0	0	0	0	0	0	0	0	0	0	0	0	0	0	0	0	0	0	0	0	0	0	0	0	0	0	0	0	0	0	0	0	0	0	0	
0	0	0	0	0	0	0	0	0	0	0	0	0	0	0	0	0	0	0	0	0	0	0	192	0	0	0	0	0	0	0	0	0	0	0	0	0	0	0	0	0	0	0	0	0	0	0	0	0	0	0	0	0	0	0	0	0	0	0	0	0	0	0	0	0	0	0	0	0	0	0	0	192	0	0	0	0	0	0	0	0	0	0	0	0	0	0	0	0	0	0	0	0	0	0	0	0	0	0	0	0	0	0	0	0	0	0	0	0	0	0	0	0	0	0	0	0	0	0	0	
0	0	0	0	0	0	0	0	0	0	0	0	0	0	0	0	0	0	0	0	0	0	0	0	0	0	0	0	0	0	0	0	0	0	0	0	0	0	0	0	0	0	0	0	0	0	0	0	0	0	0	0	0	0	0	0	0	0	0	0	0	0	0	0	0	0	0	0	0	0	0	0	0	0	0	0	0	0	0	0	0	0	0	0	0	0	0	0	0	0	0	0	0	0	0	0	0	0	0	0	0	0	0	192	0	0	0	0	0	0	0	0	0	0	0	0	192	0	0	0	
12	88	65	67	57	10	11	21	104	32	71	3	33	50	45	30	5	106	64	103	94	72	15	95	100	118	44	31	9	13	64	56	4	101	60	36	48	16	40	114	94	86	103	21	93	89	56	68	56	74	77	82	32	17	55	111	12	71	54	91	63	15	13	17	2	71	51	25	84	83	82	76	112	42	115	75	14	69	111	40	0	78	119	82	78	54	92	51	89	21	94	85	67	101	103	95	20	47	0	28	61	43	114	27	72	90	93	63	69	46	44	72	101	72	62	95	26	16	101	53	3	24	18	11	36	105	54	42	99	91	10	51	19	80	94	104	12	40	108	104	56	77	77	37	39	103	98	9	34	80	44	108	35	32	36	102	17	66	98	114	24	36	40	96	110	17	119	57	78	82	32	70	0	112	52	56	86	3	92	64	8	68	24	111	95	101	2	7	28	63	67	63	73	58	76	50	6	24	38	7	69	42	57	89	53	88	72	23	34	67	2	20	98	54	9	48	80	47	6	84	108	42	73	17	39	23	99	109	6	82	24	109	113	82	32	33	13	28	111	85	103	86	75	15	60	116	112	76	57	43	116	104	51	0	60	90	79	97	12	13	98	89	113	39	41	80	65	108	34	96	33	11	112	80	101	71	33	28	26	110	106	1	6	68	16	28	38	0	32	3	14	93	87	42	3	97	115	38	99	33	111	45	35	1	97	114	79	47	46	44	21	89	12	8	113	113	38	81	32	31	26	30	81	94	5	3	6	20	13	21	95	22	37	34	102	49	75	6	98	81	109	86	64	116	46	8	37	119	45	87	4	55	93	2	53	25	109	21	106	65	104	78	11	93	60	9	59	17	87	35	7	28	20	97	117	73	114	49	1	70	44	110	33	64	17	79	10	116	61	41	16	86	68	23	56	100	101	24	0	27	27	32	12	8	29	5	26	71	119	58	71	78	61	70	95	50	70	94	40	112	22	101	62	85	33	34	78	53	54	9	14	78	41	47	67	21	54	114	113	102	92	109	94	31	15	32	14	13	28	93	111	13	0	26	93	60	31	37	45	62	64	18	54	41	39	7	26	58	113	111	97	46	43	113	45	33	34	50	22	66	35	5	63	60	27	105	61	116	95	90	30	1	36	117	94	30	31	96	83	113	117	46	73	15	3	22	118	84	30	53	55	79	115	6	103	115	119	40	62	22	111	15	119	100	0	97	95	36	63	1	92	57	73	110	3	1	115	116	40	48	18	97	96	45	60	40	73	67	76	0	64	0	0	94	49	113	93	37	18	58	16	28	15	2	23	103	93	116	53	107	19	53	40	118	107	92	5	36	60	20	26	34	11	43	18	29	12	46	99	99	77	90	51	96	58	75	109	81	57	7	64	35	14	83	103	44	47	76	104	40	32	87	1	92	15	40	69	110	97	117	51	89	105	11	70	20	63	22	109	100	110	12	67	76	115	26	119	67	12	5	20	32	79	43	111	23	75	22	15	53	16	14	59	53	15	99	6	46	103	71	71	51	68	100	72	85	4	104	43	43	10	39	15	112	71	24	46	36	59	93	81	104	16	118	9	77	14	69	111	44	94	107	52	95	2	49	25	70	58	71	7	58	96	15	63	76	84	2	50	62	0	80	65	7	84	20	36	98	57	20	62	31	42	36	63	64	117	115	117	26	0	51	21	14	44	6	70	110	61	26	39	17	87	34	100	4	56	76	50	90	117	84	15	35	90	49	118	1	53	103	118	3	27	106	59	45	64	89	114	5	90	103	56	7	85	2	66	81	39	71	61	63	53	91	39	94	116	19	96	34	76	0	11	6	16	21	2	23	94	62	64	31	101	79	77	61	55	98	20	104	75	88	24	70	98	36	52	79	31	110	55	44	77	100	71	72	20	114	86	46	117	43	118	4	62	112	46	1	56	61	68	27	43	53	114	49	74	52	40	113	47	35	32	49	95	86	69	75	93	72	24	16	43	117	57	41	28	34	87	1	4	45	63	118	109	1	6	15	71	45	80	109	55	57	72	55	20	18	48	84	0	106	1	111	14	74	63	78	0	12	63	52	18	18	51	106	90	68	85	65	18	103	108	4	29	10	75	57	86	73	25	115	115	82	105	11	2	21	75	19	105	98	33	24	73	3	15	7	96	9	91	95	96	8	58	118	37	24	99	56	16	62	106	82	97	18	107	25	48	13	26	62	40	91	61	71	11	15	20	25	80	65	7	78	4	28	32	119	94	25	91	44	69	53	116	118	27	8	18	22	41	41	113	116	97	8	27	93	3	44	90	78	101	105	19	47	97	15	75	28	69	1	116	48	92	61	89	111	111	52	80	76	98	22	54	67	119	31	52	53	87	79	15	41	71	88	30	50	12	72	81	88	11	40	83	58	65	54	87	100	18	9	43	102	35	23	114	79	95	67	55	59	86	56	61	56	9	108	39	36	22	40	26	54	14	58	9	118	12	115	106	118	83	5	90	117	22	83	50	8	89	94	119	87	94	78	13	39	115	2	75	45	68	109	119	114	111	80	29	60	39	36	85	29	109	92	105	96	46	35	13	50	111	43	96	117	62	90	85	118	8	112	113	12	32	58	4	86	65	109	68	22	101	93	32	67	77	100	3	45	51	64	15	34	115	97	86	74	1	0	85	81	102	57	63	20	34	91	47	89	20	71	48	104	43	4	6	5	22	21	22	3	93	109	24	22	59	6	105	55	70	51	108	42	45	37	108	98	79	40	70	91	42	104	115	55	33	87	118	33	53	110	87	45	9	117	117	113	28	84	17	95	87	107	49	109	60	26	101	84	14	64	96	86	83	76	4	21	16	95	78	103	48	102	77	34	35	75	95	32	112	89	116	15	4	77	35	65	80	89	104	18	31	103	13	85	1	118	105	15	36	67	21	2	10	51	99	0	32	74	51	107	102	19	110	91	31	12	64	85	41	0	77	44	114	85	12	110	42	55	119	29	42	21	28	102	79	103	89	78	33	52	82	98	118	80	7	44	65	49	15	61	5	93	68	25	77	28	19	66	61	65	80	58	1	25	36	15	115	59	17	14	33	44	1	13	36	37	89	111	86	1	116	28	62	118	93	60	64	11	86	93	98	39	55	33	79	59	27	11	113	8	90	52	38	99	92	1	0	19	25	58	1	89	98	94	74	90	57	106	59	86	45	111	43	64	68	93	86	8	89	104	45	16	34	60	61	32	24	98	49	10	1	19	62	1	93	108	113	104	87	19	52	1	6	16	102	93	51	10	26	7	51	19	101	117	7	15	46	91	68	10	28	73	78	9	44	32	1	13	15	37	47	24	89	89	14	9	5	11	88	71	108	55	9	105	100	21	101	39	27	8	66	21	55	7	49	87	53	25	95	59	0	100	88	83	34	75	51	70	39	41	37	78	75	21	96	43	71	32	59	79	44	91	103	59	116	73	40	114	34	86	98	30	49	25	64	109	69	67	98	86	103	118	118	97	109	12	45	72	104	15	21	112	72	3	2	68	96	102	88	119	43	7	43	76	36	93	25	6	80	2	57	0	54	54	88	105	89	48	15	37	12	32	29	92	100	45	57	17	59	41	119	49	46	75	73	90	74	11	56	45	15	70	84	105	86	106	40	66	1	90	73	97	80	91	83	16	43	112	16	73	103	75	45	42	79	96	10	94	99	15	78	104	57	81	83	46	115	62	97	48	73	53	111	66	92	50	29	119	104	2	42	48	80	0	116	1	59	4	102	91	35	39	68	68	12	85	86	11	28	57	50	59	78	1	17	95	74	101	19	112	26	56	115	105	91	94	23	51	26	30	104	82	74	69	38	87	111	100	67	102	14	111	43	0	75	92	26	19	15	107	52	4	10	70	75	54	6	84	5	85	112	47	0	63	81	111	108	101	90	86	26	71	1	57	50	6	56	59	79	21	69	3	47	40	114	22	57	5	22	53	108	42	110	76	51	62	88	91	50	8	31	71	54	21	11	90	93	17	11	92	48	12	98	27	52	117	116	34	108	101	62	71	98	85	28	28	24	113	99	21	105	45	42	108	33	71	6	109	85	2	13	80	29	47	86	53	87	112	11	11	37	54	73	20	76	88	41	96	88	111	34	30	106	71	22	105	47	36	47	105	10	14	72	2	43	80	33	0	37	88	42	32	91	41	33	71	54	109	69	90	52	59	27	4	8	115	80	7	50	104	82	21	79	101	84	71	0	64	76	55	10	85	20	14	21	69	105	11	2	116	34	4	3	13	95	19	108	110	91	86	22	75	9	98	57	44	105	73	23	2	81	33	22	107	63	73	19	23	57	24	17	103	94	6	7	24	32	71	114	62	81	49	60	34	44	80	10	40	5	31	49	53	40	77	64	2	111	77	34	103	47	87	116	56	8	18	54	103	6	38	17	67	28	41	101	36	8	104	53	23	16	90	104	79	23	97	18	110	70	3	66	72	34	115	11	75	10	84	3	10	86	82	11	116	28	48	28	87	88	70	63	107	112	69	83	111	25	69	87	37	96	90	6	101	61	87	72	80	36	103	8	56	62	34	90	117	49	33	75	78	30	102	17	15	99	71	104	30	6	50	29	39	17	100	58	21	93	103	112	61	81	7	32	47	32	19	20	105	47	93	87	56	74	61	87	37	25	64	79	18	35	13	89	73	99	57	15	84	92	68	56	94	108	48	42	76	68	62	25	73	56	29	9	63	21	89	36	16	67	119	75	115	118	15	31	117	4	8	76	57	92	33	25	43	117	109	99	31	102	7	119	87	13	66	21	35	26	86	68	1	17	9	34	0	78	23	61	108	63	104	82	17	27	97	0	78	56	95	68	83	12	14	109	81	83	85	49	61	37	105	113	111	30	44	100	90	90	110	114	10	58	13	10	84	81	6	1	63	59	34	29	52	116	53	24	11	105	58	75	101	81	112	42	59	13	40	19	9	62	61	55	60	35	112	40	112	99	98	17	32	71	13	27	52	32	57	69	14	7	8	75	79	101	9	75	55	2	71	57	95	15	7	73	82	28	40	9	67	70	82	21	36	62	113	54	97	20	87	86	112	1	65	14	81	103	100	94	40	40	95	64	79	112	15	64	56	13	101	103	34	61	15	56	63	117	65	54	107	9	61	99	64	48	76	7	23	16	95	97	116	99	58	100	98	24	68	28	15	106	101	7	117	114	36	9	21	24	87	65	107	56	61	69	33	90	9	22	108	54	105	117	116	68	76	108	23	5	71	37	114	97	2	43	29	50	82	96	38	70	90	106	52	50	83	30	11	101	86	1	62	49	37	97	89	29	36	17	38	111	117	67	21	25	110	64	103	47	91	68	34	78	111	116	13	50	18	116	17	115	58	82	82	116	111	99	110	66	90	19	41	43	92	68	31	99	67	89	79	6	96	94	87	66	62	38	105	96	96	64	24	16	86	24	69	19	116	79	17	116	10	110	23	51	49	9	76	16	10	10	84	12	89	25	75	30	67	31	3	66	15	62	65	4	69	88	35	50	31	94	13	29	32	79	47	109	8	102	49	67	0	4	93	9	27	88	71	58	68	100	26	104	47	57	79	80	57	45	23	115	0	103	16	92	117	25	40	38	58	82	109	24	93	89	0	43	42	34	53	23	69	94	89	113	51	44	77	92	65	45	13	40	38	13	84	92	47	97	63	43	11	70	87	47	35	105	30	0	88	42	31	8	58	59	106	58	46	84	109	95	79	41	115	88	57	5	119	68	98	111	90	64	42	18	15	102	100	111	76	116	51	7	99	49	70	56	72	95	37	33	40	36	86	118	113	116	85	110	94	29	66	30	22	53	32	71	115	113	114	84	116	81	111	3	56	0	105	63	94	76	104	0	40	110	94	68	4	49	55	19	79	70	0	56	47	4	103	41	113	70	119	32	1	17	46	9	56	59	113	13	89	112	79	94	9	89	25	80	118	115	29	40	10	39	67	103	118	39	84	69	84	113	106	20	57	98	110	84	110	111	110	51	39	77	89	44	45	72	108	88	43	112	34	41	57	59	97	66	35	69	67	98	34	29	17	83	98	76	37	18	68	15	68	96	37	111	26	96	80	17	28	117	108	48	16	1	56	20	18	54	10	4	64	40	25	88	21	78	63	65	65	34	67	24	59	10	49	118	22	11	111	50	66	90	113	88	1	111	24	47	54	27	12	61	15	58	86	48	110	14	44	52	91	66	31	79	81	114	75	22	88	81	63	76	21	118	23	82	20	19	51	50	49	94	7	12	22	3	17	67	86	13	46	9	32	4	106	8	83	32	5	55	48	107	115	56	5	62	46	108	108	71	8	65	119	71	33	6	26	58	40	20	98	51	112	0	71	17	28	30	31	80	38	112	118	77	109	69	72	98	98	43	99	84	25	19	102	72	37	83	71	4	66	23	25	50	12	39	42	102	84	29	22	83	14	54	110	64	12	19	113	67	85	15	25	12	27	5	96	77	112	61	17	62	58	116	106	99	110	31	55	80	60	14	48	20	42	77	70	52	64	42	4	74	11	9	32	8	34	115	102	65	67	117	110	13	73	104	59	62	32	57	67	89	79	58	0	70	52	78	29	9	100	28	66	58	36	60	15	62	39	111	27	45	92	55	119	68	43	31	96	49	51	5	64	113	104	113	50	31	2	83	38	110	59	2	110	93	108	92	82	111	61	11	59	18	104	105	3	65	87	62	106	43	105	44	41	104	30	113	10	67	27	16	58	13	12	16	39	100	23	119	92	110	98	11	63	66	72	89	12	43	12	116	55	0	52	35	22	52	112	28	48	10	55	79	80	46	26	19	10	75	19	86	105	72	48	54	77	92	76	13	105	51	3	81	101	86	79	15	114	91	26	47	109	21	67	64	94	113	62	75	39	13	85	86	78	102	74	7	13	95	92	37	57	76	105	62	116	87	89	69	76	117	85	61	15	86	93	52	101	59	28	1	99	115	92	18	25	112	79	35	50	2	66	25	46	44	70	77	64	64	33	65	37	98	14	64	97	30	108	51	15	70	77	58	58	113	86	90	57	58	106	93	49	94	116	84	70	60	93	42	17	75	84	64	36	94	59	60	94	98	66	61	29	63	52	34	47	63	11	0	63	105	99	84	109	98	16	88	35	106	0	109	12	19	107	15	11	73	19	81	63	2	32	46	112	50	94	79	32	27	79	42	76	29	111	30	77	75	30	78	30	94	20	84	109	14	26	74	96	18	84	82	85	18	65	82	48	81	37	32	81	53	118	31	38	106	61	46	69	115	115	97	86	27	115	107	44	77	9	110	53	66	33	94	101	89	114	33	61	6	72	9	70	35	30	63	60	43	40	85	60	18	98	115	103	87	118	74	79	5	36	24	104	9	41	41	34	27	73	97	18	2	74	70	84	35	85	11	110	31	78	39	73	39	91	90	72	35	73	76	68	9	12	34	13	24	12	43	62	79	59	94	84	85	48	3	74	14	48	38	21	97	80	93	101	6	116	106	36	38	1	52	39	100	72	104	55	55	110	67	89	63	104	25	70	20	9	46	99	55	54	4	30	113	53	28	31	13	85	31	70	40	54	0	90	56	61	98	77	43	52	81	97	69	36	111	81	23	119	88	87	16	33	69	16	118	1	75	80	44	94	28	60	72	86	100	4	116	98	118	72	35	10	91	9	86	72	115	16	77	4	56	78	91	19	44	67	101	21	59	69	91	7	54	117	73	53	80	56	5	42	24	113	116	111	56	23	21	80	97	34	33	51	94	97	42	31	74	108	61	103	2	77	22	25	77	112	114	24	74	39	31	117	30	65	47	76	55	59	113	78	41	5	33	73	23	73	84	53	87	67	50	59	118	0	108	52	48	109	113	27	70	103	77	15	9	3	88	25	35	119	65	43	111	5	25	50	98	77	84	66	4	24	111	33	108	21	24	105	4	118	81	50	18	36	110	51	48	89	71	37	47	30	101	40	2	84	25	29	63	112	66	20	56	99	51	72	33	3	34	17	96	113	3	30	93	108	71	2	28	63	79	19	23	79	93	24	84	104	48	92	56	45	104	33	55	43	114	6	55	110	67	104	61	5	27	69	31	20	117	17	22	58	79	92	112	52	104	91	99	14	76	26	29	35	19	51	81	64	37	26	10	78	56	79	90	112	71	116	67	101	35	60	72	60	65	119	3	91	55	86	5	66	116	82	91	27	54	69	96	33	24	4	100	83	57	0	63	39	100	107	110	53	47	15	89	51	82	12	86	119	28	29	27	77	2	24	72	88	117	45	67	48	72	44	6	18	82	106	14	41	40	118	81	92	86	87	10	62	108	118	62	82	58	75	87	56	103	116	65	39	36	75	11	61	8	31	78	9	118	35	59	85	109	16	82	18	48	5	52	16	71	69	1	66	57	30	32	107	7	83	95	9	29	60	15	33	52	10	8	0	85	109	22	87	30	116	50	2	63	72	96	66	104	98	119	107	95	56	35	64	66	17	29	1	119	6	111	7	113	61	6	10	59	117	42	83	0	108	43	23	83	81	47	48	36	48	55	12	62	52	64	24	60	41	114	32	31	5	55	97	37	57	100	47	6	100	42	79	119	39	81	19	21	106	48	90	32	83	114	11	93	91	52	48	6	72	77	117	119	81	116	90	10	38	115	25	7	46	28	7	3	6	62	64	62	92	99	73	1	15	6	95	53	29	106	13	21	43	89	82	0	80	56	48	20	51	111	102	80	113	74	0	29	118	49	92	3	77	33	98	46	73	17	19	25	32	36	12	118	52	82	107	9	51	43	104	99	42	93	9	81	46	27	80	113	75	87	35	60	58	70	66	57	113	42	31	5	34	16	82	14	108	94	104	33	2	39	44	86	5	16	70	90	38	41	8	104	42	101	85	3	42	69	3	19	7	45	115	47	30	110	4	53	80	107	67	32	80	113	17	71	34	98	67	26	12	73	16	19	84	111	82	34	5	86	86	86	44	6	102	86	35	29	10	84	115	90	91	2	78	79	100	40	57	113	115	104	61	4	58	45	79	68	24	20	112	76	38	78	63	66	68	28	86	27	52	69	15	40	46	74	114	42	7	7	53	78	89	28	36	4	4	46	41	50	105	113	9	15	81	16	112	100	17	27	87	13	47	39	27	44	103	19	63	20	70	84	100	52	118	26	76	70	26	44	23	59	22	8	99	47	4	59	37	38	71	11	35	94	87	110	118	57	67	19	24	24	46	110	19	53	54	33	103	12	58	114	105	0	105	6	3	119	72	88	79	79	45	8	7	64	63	46	3	46	70	45	15	7	27	33	117	92	100	25	41	22	27	86	37	93	18	32	7	57	114	100	8	5	18	19	64	97	70	90	103	66	111	41	38	3	91	74	102	103	87	26	6	86	52	66	104	65	10	10	32	25	105	44	13	63	14	57	84	71	101	14	108	113	82	41	42	65	98	112	82	67	2	82	10	63	96	106	93	71	72	118	66	74	16	11	36	28	20	101	74	62	91	95	40	97	7	82	19	67	23	30	45	59	17	116	79	18	87	63	32	58	2	110	3	67	11	75	92	69	2	9	45	48	70	111	33	31	82	16	11	98	44	96	105	59	116	114	78	65	3	25	107	45	51	73	23	23	79	31	110	110	73	26	79	115	41	91	78	13	22	91	4	116	56	86	2	71	21	15	91	64	30	36	75	99	36	48	72	78	88	12	32	1	108	83	83	84	16	80	34	100	102	20	115	53	90	18	46	116	27	67	26	32	10	23	64	0	96	10	10	27	45	101	62	1	86	42	81	85	111	62	88	39	85	28	68	65	107	71	52	24	36	38	55	100	63	25	72	33	106	28	49	50	49	70	63	99	10	14	103	66	40	100	21	37	49	34	11	31	72	118	34	6	103	58	8	36	64	86	93	14	49	106	4	100	114	67	35	33	111	1	85	83	93	26	110	103	35	104	101	31	70	26	56	94	71	104	18	41	78	66	91	44	96	71	60	70	110	16	62	89	84	55	67	37	97	32	86	13	61	88	73	84	54	46	50	6	29	10	73	75	22	15	60	69	29	99	103	75	102	117	29	81	74	91	44	9	64	89	37	31	17	97	96	10	31	82	117	26	116	93	61	12	64	1	89	61	116	52	31	49	14	41	115	20	42	114	22	6	109	93	5	74	35	2	106	24	33	110	31	79	115	27	35	88	31	78	70	60	50	17	53	100	104	62	66	10	80	77	97	116	84	112	53	46	58	1	87	67	6	111	43	119	18	34	51	20	113	7	110	17	29	18	102	44	73	103	5	84	31	8	47	42	55	77	54	56	102	113	104	13	2	3	110	81	107	54	75	22	59	113	95	85	33	2	32	104	96	110	23	42	108	18	26	16	89	70	38	105	51	118	98	63	95	79	45	56	53	116	99	52	79	77	8	83	60	30	76	102	53	81	15	38	28	54	93	45	87	76	21	116	115	69	4	80	65	84	113	36	91	96	62	114	102	20	75	34	61	62	65	36	63	32	59	62	4	119	51	57	50	61	103	87	55	78	92	114	65	23	34	31	119	67	10	88	7	102	35	15	105	109	110	81	53	115	0	97	59	13	25	82	47	84	80	63	55	1	96	47	105	31	54	32	36	56	34	79	37	13	7	3	79	11	73	36	55	62	29	24	78	14	56	1	79	21	110	87	112	44	58	74	78	49	19	92	44	68	61	68	25	36	57	59	80	91	113	20	0	112	86	42	50	42	55	24	118	86	69	36	8	52	9	94	51	79	94	19	21	5	119	47	102	5	17	72	35	44	33	74	80	80	85	46	39	77	118	98	82	40	119	117	63	9	11	14	69	26	109	91	51	4	40	79	25	57	96	68	24	47	72	52	4	69	95	1	34	69	56	42	55	44	97	87	16	80	62	18	75	116	3	85	92	48	98	66	116	46	75	113	116	42	86	66	5	94	85	78	96	18	111	15	47	104	46	26	102	1	11	55	1	3	12	71	53	117	66	1	82	26	112	74	96	14	63	89	16	81	34	48	112	66	91	42	77	78	87	38	119	68	85	68	19	56	66	22	102	0	58	38	8	78	28	111	48	100	116	93	116	23	34	62	119	53	54	81	22	52	92	21	0	111	1	45	26	46	101	37	7	1	98	105	66	11	72	73	74	95	71	62	99	63	103	116	22	113	77	45	32	98	33	105	111	37	98	2	33	37	0	30	7	24	77	60	59	83	64	48	84	104	38	46	67	104	77	92	9	116	1	32	53	85	3	8	88	81	16	110	11	10	70	20	30	11	31	63	113	26	66	3	98	105	46	105	95	23	75	41	10	2	114	67	68	5	108	80	109	20	46	113	26	25	1	114	9	1	96	13	73	62	81	83	4	66	100	18	76	96	50	42	5	80	25	99	87	71	28	102	66	87	52	43	73	69	81	86	56	99	68	1	20	100	63	6	102	4	53	112	47	63	103	16	4	31	83	51	28	110	95	102	101	13	37	13	2	74	27	62	42	7	15	116	22	27	100	118	110	89	83	93	85	9	90	87	6	81	41	35	14	74	107	52	79	113	78	3	28	77	8	113	59	3	117	59	88	84	78	23	105	47	0	83	65	89	80	119	96	10	109	74	116	5	0	37	18	115	113	99	90	55	18	94	44	95	94	100	111	77	24	119	78	80	103	36	13	103	93	62	66	103	44	23	30	93	115	4	112	58	50	28	98	95	3	29	119	37	30	17	98	84	17	56	39	113	105	70	47	8	93	100	26	52	85	8	94	77	7	101	84	84	40	64	30	50	56	93	8	48	113	94	16	87	79	6	110	5	58	43	73	55	24	66	68	22	47	37	40	8	95	110	94	63	106	69	67	109	28	45	94	60	20	8	93	107	52	113	1	91	103	72	84	41	99	6	113	75	49	110	42	58	44	109	43	44	48	77	95	10	106	44	117	94	99	6	12	10	49	30	57	55	104	71	119	63	3	73	39	107	41	17	107	67	60	65	26	49	14	96	85	19	74	83	64	7	76	16	101	0	12	92	50	77	18	4	17	38	67	61	86	93	83	39	92	64	81	99	59	109	42	86	33	15	67	103	111	7	57	76	42	48	91	1	22	21	73	97	86	97	64	117	104	101	88	84	38	37	68	80	20	117	119	98	102	1	31	49	49	13	82	2	17	10	19	64	118	76	97	72	53	93	4	51	54	41	19	8	10	16	106	50	14	44	64	100	85	30	93	107	63	93	10	75	92	1	88	89	71	98	106	70	38	38	94	42	65	19	59	72	78	67	30	80	115	43	83	58	55	107	104	43	109	64	36	6	35	57	78	102	75	85	13	6	0	39	11	119	48	114	65	77	81	66	87	39	119	3	53	34	99	35	84	59	112	108	104	15	65	99	1	43	40	58	0	91	61	92	91	27	8	110	59	2	89	36	103	34	8	97	6	109	48	1	1	74	17	71	110	111	11	31	25	89	26	73	29	15	28	0	100	96	39	7	5	16	57	29	31	50	100	73	117	73	69	104	66	93	94	106	93	81	78	86	117	93	6	14	112	68	47	100	86	118	65	44	106	104	63	58	9	6	107	25	114	79	73	100	99	93	91	5	110	93	71	68	97	54	57	75	57	118	95	15	107	17	61	108	5	77	99	89	113	49	57	87	95	7	2	82	51	86	44	4	119	57	2	3	70	71	66	62	103	35	15	78	117	57	14	68	30	61	13	3	70	32	109	1	9	24	21	75	50	20	34	87	117	7	87	105	80	96	11	7	83	66	73	14	116	39	88	19	16	113	11	31	46	21	49	61	82	39	94	44	72	4	19	35	108	57	31	8	84	119	62	118	19	116	31	102	38	22	118	89	6	21	9	74	1	26	73	110	55	29	17	20	6	97	45	81	112	101	9	63	0	17	17	1	1	45	15	48	29	81	47	116	34	71	16	2	80	18	8	48	110	75	101	85	104	102	43	117	105	38	81	36	0	59	11	60	38	58	62	48	72	48	72	69	2	82	4	61	35	96	53	70	78	33	49	93	70	44	65	114	7	13	40	25	20	64	61	46	57	119	29	91	117	65	23	96	15	117	5	119	38	102	61	98	119	27	84	88	48	8	59	27	44	109	55	85	83	116	77	68	35	20	85	77	116	40	6	34	18	11	108	113	111	12	87	70	9	14	53	92	20	63	68	29	32	15	109	93	23	101	9	53	6	78	57	0	13	98	87	98	16	9	72	100	98	38	82	10	102	83	99	117	14	47	47	46	30	64	66	119	63	107	84	68	60	32	56	16	107	27	12	82	48	79	12	96	72	3	91	115	15	47	34	107	70	7	6	102	28	92	81	111	50	53	23	85	67	64	68	21	46	115	32	80	119	82	16	50	5	82	1	0	83	54	114	21	118	115	13	31	9	99	31	4	88	81	7	44	97	43	54	117	44	101	32	51	52	71	57	97	7	95	34	99	43	110	51	28	63	29	82	41	96	7	105	4	32	24	112	68	62	119	8	8	52	73	102	103	73	16	114	26	9	0	20	105	43	86	88	41	54	23	48	61	71	56	118	1	1	60	98	56	48	119	48	9	84	59	58	23	45	72	113	53	37	38	57	30	102	34	66	102	42	102	108	72	70	94	117	53	104	97	62	107	72	79	94	36	119	48	85	23	118	83	49	1	18	39	108	110	70	66	24	103	23	7	49	63	11	83	49	2	20	13	8	109	73	66	54	85	107	119	65	114	116	89	49	100	24	35	89	39	110	85	63	25	26	13	106	48	40	28	96	48	61	1	62	54	71	95	92	63	14	91	87	49	107	38	68	103	17	119	81	90	85	61	26	72	1	72	100	60	54	76	7	83	0	12	74	62	39	31	84	80	39	60	105	27	110	31	37	57	89	108	93	101	43	40	7	64	10	118	106	109	37	17	117	69	93	118	32	2	60	61	47	21	32	12	27	12	118	87	94	31	108	51	44	111	47	0	58	35	87	88	81	57	112	41	46	106	57	72	48	95	21	69	40	83	37	39	2	16	73	20	83	5	30	38	87	60	97	118	4	67	24	69	11	36	68	60	81	55	92	109	65	42	44	26	94	77	107	90	103	72	50	41	23	81	31	95	53	11	72	21	6	83	90	74	44	31	99	26	85	49	115	116	106	50	0	3	113	32	55	56	55	73	112	44	61	23	95	46	92	31	34	67	107	57	9	26	5	17	53	20	62	117	108	115	91	69	69	117	79	82	105	73	34	87	105	57	45	69	38	78	9	52	107	6	38	30	96	107	34	86	88	12	36	41	54	58	8	34	26	95	55	87	104	102	63	67	68	7	51	87	93	80	105	106	40	55	11	23	6	76	90	96	53	119	24	49	22	99	65	100	17	5	0	15	97	53	106	94	11	119	35	31	116	20	55	99	93	45	47	55	53	65	27	67	49	30	105	97	25	23	40	66	82	94	50	6	84	80	90	51	114	112	96	4	94	113	78	102	90	46	1	18	51	37	29	85	118	31	8	94	85	34	13	29	109	115	55	56	31	9	72	68	62	38	94	22	25	65	54	16	103	11	44	35	59	55	55	101	27	72	107	30	86	98	107	99	0	59	108	1	10	3	30	33	89	78	69	111	38	12	100	72	60	50	79	6	79	62	14	30	92	
100	67	64	15	78	99	28	0	44	56	67	20	99	95	98	82	32	102	69	5	56	97	89	107	105	101	84	40	102	24	51	107	45	85	98	103	107	51	38	10	77	22	85	81	49	44	68	32	34	33	111	21	6	10	116	61	114	12	79	13	20	109	30	2	87	32	5	40	105	53	105	61	87	54	113	22	7	90	15	88	92	100	115	7	61	116	111	113	45	84	59	99	74	67	25	58	10	85	97	66	96	39	62	26	107	86	101	77	110	48	28	112	96	1	47	74	116	118	52	14	65	117	119	66	58	90	14	27	70	50	110	62	104	66	115	15	31	48	34	4	30	80	65	114	76	23	117	110	85	58	2	4	61	55	85	18	107	98	68	21	59	0	116	10	33	71	113	29	12	2	104	37	32	16	95	69	49	110	51	90	110	7	64	75	59	58	68	67	5	27	35	32	0	87	83	23	35	92	16	61	66	110	32	46	18	18	87	104	56	69	51	24	89	5	72	99	90	78	4	101	15	61	3	53	96	39	61	14	45	76	102	116	37	9	72	22	115	64	107	23	22	89	41	54	56	37	34	21	2	85	96	109	101	82	115	6	3	37	92	82	83	104	69	2	15	35	87	6	16	119	41	56	103	46	95	65	12	63	31	97	50	69	77	91	17	112	95	109	82	1	80	51	54	97	33	68	21	106	2	50	106	20	68	86	12	71	41	113	110	103	26	67	31	90	118	14	90	19	49	50	14	9	9	49	21	23	114	92	105	61	26	44	81	77	52	17	39	118	97	85	44	115	9	57	113	92	101	22	7	114	71	76	87	23	103	117	18	74	55	89	73	102	39	10	101	3	113	113	111	26	21	119	96	45	85	92	96	35	113	10	50	15	35	90	118	1	2	5	100	90	90	75	95	60	26	86	94	6	99	22	44	115	31	110	72	99	118	69	36	119	42	108	34	17	43	110	17	17	35	106	75	23	66	74	89	14	97	38	108	31	10	9	109	105	117	81	21	111	108	2	101	57	96	99	6	88	88	30	81	21	88	76	103	73	110	94	113	38	109	12	71	44	62	80	116	60	33	50	104	31	23	28	91	47	34	119	0	67	35	108	110	94	10	43	112	72	88	38	85	99	55	22	32	6	15	20	8	68	114	32	23	69	104	44	62	42	74	64	79	20	106	119	41	85	33	32	30	100	87	36	55	20	45	86	29	101	93	77	49	81	111	35	52	55	93	64	46	2	95	70	42	34	55	86	32	48	37	57	33	117	114	119	69	11	64	98	119	50	32	43	62	51	18	82	117	63	95	113	99	7	73	41	59	61	104	19	20	81	110	15	32	84	35	47	57	23	89	84	102	51	64	38	89	66	57	71	35	59	102	88	37	9	0	105	48	61	7	60	37	14	12	50	85	63	65	92	65	7	118	50	26	65	61	94	49	86	86	25	79	109	98	115	4	89	100	38	67	113	98	99	115	16	5	48	44	102	52	6	106	99	73	63	113	52	26	118	46	95	44	2	30	56	4	46	62	100	94	88	51	17	88	117	51	60	54	10	73	16	47	108	44	77	109	23	0	93	24	106	58	103	91	56	104	87	27	40	5	19	79	109	47	47	66	117	44	8	25	21	0	68	50	10	88	88	10	41	105	63	118	79	56	80	18	8	58	32	68	98	24	60	113	112	28	50	24	5	2	31	97	35	35	86	110	74	111	6	46	43	111	17	91	104	78	96	63	9	114	91	113	40	15	109	76	100	20	37	55	33	106	29	53	45	11	78	30	3	64	113	27	3	33	38	37	62	72	88	45	22	3	16	19	43	108	117	85	107	95	78	79	25	116	10	20	106	5	44	71	100	105	116	86	35	111	26	14	94	113	63	48	119	116	43	91	26	88	26	64	35	71	11	16	60	46	101	19	66	118	3	82	27	43	116	81	87	65	106	8	51	48	56	98	116	17	27	2	41	85	113	47	54	77	103	23	12	40	78	51	56	107	29	79	102	78	79	64	13	101	104	10	96	94	102	82	44	52	66	108	9	82	87	22	51	113	89	111	112	7	112	2	9	30	21	0	13	103	118	68	9	2	44	114	71	93	96	11	105	52	15	60	10	50	50	23	11	76	89	90	38	46	58	77	52	52	13	38	90	110	67	28	26	64	83	116	64	72	90	0	14	65	101	42	57	11	25	68	119	42	66	28	3	10	26	50	42	11	88	101	102	1	96	66	117	62	20	28	8	1	96	110	92	107	41	12	112	85	36	68	25	11	83	24	69	3	49	1	22	13	69	29	106	29	10	62	28	25	89	107	42	70	23	90	115	17	118	43	116	29	82	21	118	10	37	33	38	29	64	53	16	31	26	74	24	97	70	111	34	28	78	88	108	2	65	33	31	68	100	90	49	12	29	113	64	20	113	28	6	107	56	12	38	69	95	113	54	4	97	100	82	111	93	52	90	81	14	88	76	67	100	89	80	26	54	14	43	22	42	10	82	91	50	117	102	39	35	64	51	49	105	9	62	112	90	11	106	44	30	108	23	94	44	116	33	67	48	52	119	67	103	43	83	12	65	85	112	31	8	6	93	103	51	44	62	93	101	37	89	94	29	34	21	110	101	4	63	25	80	95	89	8	21	105	27	77	90	68	44	61	35	66	61	30	99	75	95	107	35	95	111	10	104	5	22	65	48	7	55	17	6	79	73	83	69	62	11	62	11	33	58	64	17	27	30	31	65	62	50	78	115	102	106	10	7	91	84	19	46	67	90	73	6	8	4	26	31	101	72	70	116	119	85	75	87	57	25	58	30	86	107	111	52	103	36	14	71	92	81	64	38	70	110	29	39	75	101	92	28	44	21	79	81	16	118	58	116	55	95	66	9	72	57	90	84	58	82	103	114	101	65	85	94	97	61	2	39	36	46	34	55	115	105	104	87	23	52	32	9	112	55	56	22	103	36	85	28	83	11	23	100	48	56	113	80	0	26	66	100	27	108	74	53	63	19	43	76	48	84	78	40	31	75	17	15	59	69	73	110	29	47	15	41	60	28	27	36	9	61	67	14	68	33	6	36	30	11	80	70	47	31	11	90	102	56	89	61	54	63	4	52	49	95	52	81	24	85	21	69	100	76	13	34	101	96	102	23	116	48	60	21	7	7	18	81	86	61	71	59	111	31	37	79	64	67	101	48	88	24	87	96	106	86	1	72	60	106	61	22	2	74	18	97	46	26	105	14	51	51	106	13	1	83	48	83	106	57	110	92	77	58	17	92	104	70	97	26	42	67	52	57	31	77	12	70	4	75	114	37	39	93	37	108	79	5	42	45	77	15	115	22	118	111	78	4	116	64	87	50	42	24	34	91	55	90	14	48	65	42	109	69	1	80	78	110	80	71	100	89	80	118	87	52	85	24	48	1	50	1	42	44	15	53	43	115	92	77	76	48	9	102	55	69	119	110	112	108	46	18	20	1	53	47	3	40	1	51	7	107	20	20	37	30	57	62	46	99	12	39	93	21	6	49	1	10	101	111	116	84	67	117	110	82	52	44	114	39	29	75	38	41	116	0	53	107	76	64	97	14	74	11	18	114	88	115	17	51	12	119	36	14	38	53	71	2	16	101	58	74	87	107	106	68	10	111	109	77	109	108	3	106	17	78	12	70	92	49	29	90	21	86	93	32	117	96	76	60	119	106	17	119	42	13	4	91	116	45	30	68	71	102	54	69	23	24	75	19	76	33	111	85	60	89	16	107	84	93	18	119	58	92	109	75	61	87	82	107	99	119	88	45	88	23	20	111	106	69	54	84	58	98	69	58	4	103	41	76	47	105	19	77	76	10	31	79	113	0	11	41	91	64	48	60	78	69	105	33	95	77	0	91	7	82	102	60	4	37	50	97	118	52	10	3	12	59	49	98	38	21	34	115	106	73	69	31	35	73	0	10	26	60	116	89	15	83	115	67	78	14	81	0	85	27	66	63	22	57	5	8	108	24	77	108	46	67	32	48	43	115	95	114	5	12	104	96	88	87	99	22	0	15	31	27	50	53	16	62	38	40	73	106	37	119	57	22	87	30	34	90	1	4	36	108	117	64	60	48	75	66	19	22	93	94	51	117	21	2	28	28	112	51	12	46	80	54	104	74	76	16	64	57	35	89	27	119	44	86	115	8	118	102	67	95	35	41	83	61	20	86	70	63	95	14	77	23	108	84	1	56	66	69	93	103	65	97	114	25	39	115	51	116	96	24	34	99	104	8	25	12	119	2	82	41	41	71	70	1	59	25	42	38	29	117	91	79	68	104	25	118	15	75	44	76	35	59	88	114	30	82	107	4	10	47	109	25	96	70	88	19	95	2	6	110	17	104	75	45	78	34	82	49	63	36	105	11	41	105	107	57	33	45	34	97	62	105	28	54	10	73	7	21	50	119	99	61	112	48	114	86	50	23	33	18	80	32	19	0	81	69	76	74	40	43	38	34	81	56	22	35	45	59	38	40	99	107	54	6	10	64	52	30	119	101	94	34	59	97	57	38	59	32	19	116	27	8	106	70	57	46	54	17	57	46	14	27	76	14	14	26	11	103	7	113	54	62	104	101	61	10	31	87	39	61	67	35	4	59	5	18	28	89	97	34	75	70	73	103	38	65	67	105	67	0	107	23	22	102	53	70	28	47	21	34	59	40	59	2	9	63	72	30	106	109	14	113	93	28	25	25	92	97	66	76	8	10	34	2	90	9	45	41	84	102	86	43	97	11	5	71	45	20	3	92	21	89	71	31	29	15	58	104	60	4	95	21	103	117	11	76	110	38	91	68	5	32	109	68	80	111	13	68	79	1	85	90	14	103	21	78	53	1	74	26	97	1	35	26	110	20	23	28	36	58	7	75	79	41	88	81	33	60	13	22	84	56	20	117	27	88	38	38	14	78	80	25	41	37	55	76	20	95	4	67	70	76	57	27	93	106	81	71	17	42	66	88	57	74	106	83	99	102	22	53	106	11	18	35	69	71	92	114	80	78	11	114	89	116	24	99	71	52	78	82	27	101	104	56	26	80	111	114	12	10	61	47	70	41	16	32	83	0	55	56	81	116	77	51	79	55	14	1	54	114	49	56	102	2	17	47	16	39	15	32	45	9	52	115	72	39	12	99	34	21	109	53	5	96	74	30	91	67	97	37	55	93	25	66	63	107	52	55	73	20	90	87	100	24	66	29	99	35	65	66	64	116	108	80	106	71	70	6	68	62	24	108	102	29	99	49	40	18	98	63	14	63	8	99	94	75	89	82	62	41	32	98	68	96	76	34	36	39	49	62	70	88	34	72	46	9	72	16	69	20	34	38	26	3	24	7	25	111	49	109	47	13	65	64	106	18	80	12	94	108	118	21	88	0	49	52	69	57	36	107	68	87	102	94	62	81	46	70	64	42	53	33	110	100	9	46	50	109	66	88	102	22	76	67	4	93	34	11	109	109	64	49	93	7	109	95	69	62	38	62	16	81	22	63	68	76	19	26	90	30	43	9	60	115	25	65	70	33	95	97	93	93	31	69	38	61	49	116	95	72	114	6	66	39	40	101	44	51	99	57	117	66	9	68	51	88	56	9	110	27	106	110	14	0	35	53	116	30	114	4	83	67	39	30	63	68	115	61	12	85	77	5	106	11	51	68	84	30	54	3	67	21	91	104	24	29	25	85	114	89	9	50	69	10	117	116	9	73	93	55	39	99	45	36	74	76	115	57	40	91	62	48	84	34	12	4	75	111	44	77	108	24	118	86	36	13	104	119	97	39	44	100	12	114	110	83	90	64	40	16	60	8	114	15	86	102	50	105	44	70	81	21	40	39	52	19	117	9	119	73	57	9	18	8	40	118	117	103	4	36	117	60	114	29	27	48	62	16	23	75	43	0	107	35	36	89	85	73	5	92	15	80	58	47	116	28	33	52	55	72	44	110	104	9	79	63	107	115	89	80	97	27	3	40	60	104	39	31	59	108	80	27	70	111	72	49	43	94	16	28	105	64	2	52	55	65	21	1	92	96	90	22	109	117	57	87	99	44	27	26	15	101	106	113	38	104	59	54	27	34	51	5	91	1	6	88	87	98	86	17	94	2	23	84	42	98	109	68	90	86	53	31	57	111	55	1	67	53	9	109	99	99	0	47	96	72	76	15	97	79	44	56	47	33	67	119	103	61	35	95	3	15	14	104	101	89	98	55	83	40	21	24	33	42	58	41	112	59	27	73	115	7	81	12	55	26	9	41	62	12	12	41	108	109	63	30	113	65	2	13	105	39	73	80	65	61	97	115	20	47	47	70	98	110	46	62	24	46	21	111	22	102	74	109	79	61	62	85	73	55	94	91	47	27	34	28	22	76	49	17	28	119	85	89	58	72	46	89	11	27	64	81	20	75	55	77	78	51	113	65	115	53	67	69	49	8	71	0	8	42	100	80	103	73	7	36	105	41	16	83	43	76	78	78	89	67	105	4	95	30	91	109	35	13	7	96	90	3	17	64	98	73	48	96	64	24	114	22	23	79	47	29	55	80	37	12	31	58	35	64	80	102	116	44	115	49	85	79	92	0	100	56	30	102	83	6	100	75	45	83	61	49	98	15	61	16	77	48	112	88	87	59	11	41	56	60	56	66	81	36	0	115	84	77	12	20	64	22	35	102	81	47	38	6	82	55	59	49	41	117	81	18	27	107	51	111	68	115	69	35	116	19	91	88	57	16	104	67	89	86	101	7	65	111	107	67	34	52	42	23	84	97	45	70	71	10	116	102	63	75	44	9	77	0	12	29	67	48	69	118	23	96	29	20	85	80	117	115	104	57	12	51	34	22	78	63	17	5	0	90	27	49	31	65	53	5	25	14	41	95	29	60	78	48	95	47	94	90	38	1	16	21	23	83	90	100	5	118	12	99	4	70	67	86	4	92	82	29	3	105	103	59	38	107	93	72	21	8	109	57	28	40	8	111	12	9	20	21	62	49	60	106	56	119	94	77	16	36	51	105	114	62	19	44	61	1	31	22	27	67	73	31	49	29	108	62	13	83	83	53	72	117	51	6	21	32	73	32	100	53	69	111	33	84	17	31	74	13	114	34	109	47	78	68	82	11	45	111	2	33	95	93	21	62	66	58	25	103	36	117	81	68	19	93	1	75	96	0	110	11	107	41	89	26	43	75	109	54	17	21	5	80	74	83	103	93	52	27	111	51	46	118	43	75	46	63	95	82	34	36	53	80	53	80	7	76	19	19	41	0	26	81	69	50	90	2	43	13	101	29	30	8	78	94	99	74	92	79	112	119	8	32	31	23	108	13	106	51	76	4	77	0	88	79	86	49	58	63	88	71	119	57	37	107	52	4	22	48	65	113	80	26	88	66	91	37	113	51	18	115	119	109	19	97	26	38	100	21	73	53	73	31	84	26	80	65	100	66	98	36	52	112	101	75	105	59	67	79	26	68	38	17	87	61	118	43	90	32	38	92	46	3	90	70	10	105	57	73	88	104	28	85	51	50	56	58	15	111	56	113	17	106	0	108	0	101	85	39	99	11	20	61	16	39	100	31	44	109	62	52	82	81	91	109	60	33	111	93	51	18	96	81	78	51	22	108	14	53	97	48	109	95	19	57	85	108	99	23	56	19	95	18	21	45	68	23	81	49	23	52	58	50	21	61	5	102	23	94	65	110	32	26	90	68	67	11	47	37	25	98	72	64	62	58	65	100	10	116	111	82	72	12	105	118	13	42	30	111	116	45	117	25	84	72	52	52	69	111	21	8	81	78	103	49	50	95	73	12	80	39	32	64	57	90	85	82	37	13	116	2	44	88	84	47	67	74	108	44	21	28	119	94	115	88	81	101	84	94	91	112	21	44	117	72	58	92	116	3	101	60	81	75	51	37	94	22	98	47	20	83	82	76	43	77	70	18	105	62	101	119	65	76	67	0	103	80	81	73	38	81	103	46	1	25	79	60	50	6	40	16	103	60	97	23	81	54	16	17	86	11	108	61	12	37	99	74	88	95	51	34	63	14	41	82	34	105	103	42	73	97	21	44	78	30	6	40	65	11	70	31	36	9	101	14	112	21	74	52	38	94	92	38	31	48	89	38	100	94	54	4	86	97	110	97	54	101	24	10	74	71	39	51	69	77	65	52	66	41	45	97	71	119	29	44	58	24	31	21	114	112	105	35	42	62	105	28	53	72	15	54	52	3	75	61	60	40	24	78	31	7	44	56	101	14	59	48	1	101	117	33	113	61	40	81	8	66	55	89	80	92	90	98	8	98	82	29	98	79	89	98	55	73	40	8	63	109	32	50	116	40	78	113	26	116	0	1	114	110	72	77	63	92	22	68	0	2	30	97	58	102	84	43	0	68	94	67	27	42	20	91	40	37	8	4	89	67	2	52	57	106	8	9	107	47	7	45	49	21	19	49	95	49	114	93	61	48	44	26	79	10	45	18	89	102	19	77	65	45	97	112	41	44	55	16	40	118	89	60	79	53	91	28	3	109	45	34	3	113	59	108	38	54	95	93	57	95	80	39	113	96	53	110	24	95	97	51	65	55	32	55	97	40	97	88	62	116	71	21	17	81	78	91	33	37	53	83	96	5	56	80	59	43	80	55	34	84	81	47	117	40	79	97	92	34	45	7	78	52	51	96	62	44	117	90	38	13	32	112	21	30	68	51	21	50	2	110	106	33	2	70	49	119	111	68	59	97	8	70	46	30	106	6	116	30	60	58	43	64	26	112	49	99	89	88	116	3	96	102	117	29	44	47	29	39	117	97	105	35	114	57	95	28	89	115	18	117	94	22	73	51	43	104	2	2	83	50	21	17	38	118	100	90	15	116	35	117	17	113	70	40	0	13	39	19	23	70	3	14	33	36	55	7	42	116	51	43	56	98	118	43	1	49	61	75	81	33	106	93	106	116	27	113	24	105	31	94	89	29	26	91	36	28	58	21	47	69	66	84	34	116	113	23	61	44	1	94	43	98	2	23	90	2	86	97	19	106	73	56	35	25	70	64	97	113	3	15	72	78	79	9	20	86	118	109	42	29	62	68	90	69	30	7	70	10	21	24	72	77	26	76	16	26	102	18	51	35	69	110	111	97	103	64	43	114	59	16	14	24	30	80	8	23	106	119	7	73	23	109	94	8	110	117	33	80	66	61	32	87	16	93	38	58	99	22	100	78	20	15	0	88	62	69	24	68	97	92	50	89	17	81	83	13	2	49	38	96	107	94	22	9	43	58	74	44	68	5	25	74	112	21	27	80	86	103	111	61	73	31	54	61	44	107	31	115	56	81	93	38	82	7	18	85	67	83	22	108	65	84	102	90	106	33	62	63	74	42	55	97	31	30	73	58	53	35	85	50	87	113	23	35	107	83	77	67	76	67	59	42	39	49	45	98	80	61	114	0	79	55	64	56	115	80	41	59	87	119	93	41	58	48	23	77	71	33	46	87	7	70	115	32	114	73	97	114	37	74	18	119	117	27	52	57	105	100	60	6	87	50	81	114	20	105	15	58	100	24	51	94	80	8	86	104	88	20	76	92	64	98	61	30	3	109	101	86	67	64	74	103	52	76	104	42	47	27	18	62	64	64	38	12	115	30	110	85	0	40	81	59	7	65	86	108	103	45	84	82	109	97	42	54	112	40	8	14	68	52	16	81	97	111	116	68	58	32	70	39	50	87	28	31	13	22	116	117	80	13	112	43	69	119	23	70	49	72	7	6	116	8	91	24	5	47	98	33	109	36	55	3	70	28	72	112	57	57	44	70	25	111	41	47	57	37	2	82	45	93	12	74	10	98	54	7	56	71	24	117	81	52	8	18	97	79	46	68	18	113	22	64	14	105	92	4	23	86	63	86	70	109	108	19	12	48	107	21	18	20	8	71	29	89	88	63	84	85	54	83	25	96	35	51	65	83	1	100	60	8	18	101	46	68	90	66	108	119	23	16	106	22	15	76	77	46	41	32	1	46	79	54	59	57	21	8	85	61	51	57	87	14	55	79	119	98	96	17	24	10	21	88	100	12	28	65	31	65	99	79	6	57	26	22	25	6	88	3	33	34	91	109	51	117	8	112	91	41	117	24	53	115	79	27	19	47	1	79	111	109	88	13	28	11	113	62	106	105	86	21	50	58	42	116	37	67	5	7	106	85	85	23	21	54	28	76	16	116	41	103	88	90	37	87	35	26	92	88	74	61	50	34	79	48	95	36	53	79	54	29	87	89	114	99	98	38	2	92	43	105	74	61	1	28	80	34	71	74	64	115	114	104	84	26	106	119	99	41	107	61	98	13	58	39	101	19	72	85	26	65	5	0	11	33	68	47	74	60	58	44	68	35	30	111	76	64	12	86	65	57	15	94	114	103	37	55	82	38	9	104	81	92	31	23	42	71	15	0	116	116	81	2	82	80	12	42	106	101	74	18	58	55	17	35	114	106	4	3	81	68	12	35	105	47	73	0	61	77	101	64	111	48	19	112	37	118	81	66	54	24	37	25	18	27	46	41	55	114	78	50	44	9	16	104	62	68	78	78	84	19	4	17	92	15	30	113	97	26	33	26	16	6	41	52	108	37	20	30	89	98	39	70	65	89	2	69	88	6	29	79	71	38	98	104	72	18	43	93	113	112	118	40	119	38	97	115	66	44	37	89	116	13	36	67	41	40	8	105	9	17	99	50	40	69	44	45	71	108	68	71	117	40	13	74	118	71	38	70	80	52	63	10	70	20	74	51	85	66	119	41	56	68	104	52	87	78	56	85	99	50	6	59	20	108	90	35	17	4	21	80	21	9	73	0	35	112	23	78	97	74	91	21	39	100	68	117	0	61	26	100	31	58	116	73	118	6	119	27	10	113	7	22	10	88	56	7	9	41	101	30	64	86	80	6	30	28	0	73	15	107	22	49	55	18	78	17	38	106	22	48	81	60	67	104	8	75	10	43	52	7	62	28	68	63	85	46	15	65	104	11	119	119	103	40	14	9	73	117	92	37	84	85	89	66	97	79	108	13	91	60	35	96	106	9	17	102	42	66	82	81	61	58	116	107	92	22	42	14	43	86	8	114	77	31	19	100	90	43	68	32	111	91	71	33	72	78	1	48	43	88	106	13	67	71	49	17	94	81	116	18	50	105	25	62	17	50	59	92	36	76	67	55	19	113	29	26	100	86	99	67	11	39	42	21	6	21	52	115	14	119	24	66	36	7	69	107	17	105	53	89	16	29	35	62	119	85	35	39	101	26	16	94	25	37	15	51	83	46	10	5	112	13	3	96	14	89	40	89	66	90	42	25	95	14	17	19	98	26	15	119	7	101	25	53	115	22	19	67	74	31	29	111	46	82	27	57	68	66	105	59	71	35	70	80	12	119	98	80	0	22	105	69	34	113	95	28	105	41	78	76	87	82	90	29	72	31	12	38	25	115	112	87	23	51	28	7	11	73	20	36	70	70	40	2	86	15	58	112	88	106	81	65	98	10	90	3	85	119	17	65	78	55	29	97	94	5	7	6	117	59	54	117	79	58	111	77	75	87	37	114	75	42	100	63	109	10	13	37	38	3	54	54	59	45	88	66	89	112	71	56	78	63	65	35	61	2	44	72	58	53	63	6	99	53	93	100	65	83	14	107	89	10	38	38	114	101	24	33	80	40	97	36	119	110	116	20	92	114	16	118	86	78	17	23	103	2	36	106	96	72	64	85	29	85	63	37	112	41	105	35	22	29	40	31	98	15	37	69	44	34	74	66	53	60	29	86	111	79	67	54	68	27	47	70	46	93	97	82	109	106	40	92	65	100	95	92	6	5	60	91	97	17	49	40	70	89	93	43	61	24	51	87	18	30	77	14	111	81	9	113	26	2	68	117	77	69	54	118	23	115	114	70	43	55	83	13	116	59	52	60	117	91	96	105	85	108	95	20	79	30	31	101	7	49	21	44	20	60	86	22	35	108	117	96	33	23	49	10	62	0	10	70	104	38	4	21	99	9	30	14	68	19	33	18	40	8	35	75	19	54	9	76	37	113	52	25	67	45	63	98	54	74	20	90	104	98	23	67	86	40	87	38	5	106	72	8	8	21	110	0	48	64	55	45	0	80	31	117	54	0	39	36	14	39	24	87	32	112	19	94	47	93	88	84	72	93	39	109	93	119	46	70	106	37	82	30	114	103	71	56	58	4	42	33	102	6	44	64	3	90	62	26	60	39	90	117	8	90	80	1	88	106	54	13	92	46	103	58	13	20	97	41	32	103	12	5	82	45	19	0	106	25	37	32	11	84	45	17	12	11	10	105	52	37	8	116	31	65	26	83	48	116	37	82	33	23	1	54	71	76	63	97	40	111	70	32	70	114	63	7	21	28	47	77	115	97	12	18	73	76	4	43	0	49	2	102	114	18	90	8	27	115	87	65	59	90	106	26	33	32	114	53	21	19	1	41	91	117	27	62	87	92	75	13	79	1	117	93	112	107	92	49	76	5	60	73	119	119	6	14	27	25	45	70	21	81	1	75	60	86	81	30	95	5	81	37	1	41	41	90	39	53	55	64	44	19	32	16	22	6	8	112	60	46	59	50	33	93	32	24	22	97	112	79	106	50	71	72	50	70	102	0	27	90	48	59	91	85	106	21	72	117	32	12	100	93	100	87	51	115	61	56	68	34	71	85	59	13	7	106	19	82	105	102	10	83	54	113	65	95	112	77	80	89	56	118	104	94	72	28	22	25	92	25	43	42	37	95	19	38	13	33	48	65	85	68	22	37	10	21	19	49	111	43	93	114	31	114	106	115	59	113	32	105	115	96	71	94	91	113	115	109	73	11	82	62	4	95	14	7	56	99	96	8	116	39	99	47	32	53	28	38	37	6	52	105	72	68	16	24	72	99	81	116	11	106	26	62	79	99	94	3	85	79	77	44	28	108	117	18	117	77	7	75	1	76	69	18	25	40	55	80	27	59	7	118	74	51	5	38	48	71	53	21	9	62	89	32	1	55	17	98	22	69	94	115	96	100	17	113	78	13	78	82	115	81	8	22	24	65	0	26	27	99	2	107	33	117	118	47	36	107	1	97	31	8	54	17	62	56	88	103	74	91	72	6	42	41	76	56	72	90	41	38	5	87	9	43	112	71	36	55	27	95	98	18	49	18	46	3	60	6	9	71	68	2	49	93	117	50	118	59	59	117	89	52	19	36	9	71	24	75	42	7	85	101	105	24	97	91	92	112	45	60	91	65	17	67	55	3	14	64	43	73	88	23	41	119	46	46	110	90	38	18	52	82	116	104	63	51	54	110	5	37	49	4	65	93	88	23	3	108	4	100	21	29	63	36	56	108	7	48	78	83	79	92	28	65	18	85	52	117	11	40	80	109	86	17	114	115	87	17	7	52	12	52	5	49	76	68	41	46	50	14	76	83	91	28	81	99	94	116	36	39	66	3	49	80	76	5	5	95	95	22	72	68	23	118	104	69	19	103	37	101	114	58	35	29	7	47	108	55	75	51	13	62	109	102	44	7	39	24	15	115	63	18	76	39	89	115	16	56	57	93	1	63	14	51	75	107	104	42	79	42	118	72	2	73	106	40	25	50	111	118	96	104	109	15	43	23	55	50	80	19	33	78	33	18	67	78	85	91	78	31	100	116	38	88	86	36	110	54	38	39	33	36	11	10	38	81	103	104	68	14	29	84	20	27	69	56	88	13	104	97	37	107	92	14	17	10	24	112	92	44	21	5	41	46	4	63	41	82	49	112	27	1	66	115	92	25	24	74	76	5	49	117	101	15	117	73	102	21	39	11	64	27	45	15	108	59	62	72	50	82	107	65	68	52	41	118	112	35	66	101	19	70	12	35	21	116	56	70	62	39	97	101	87	62	6	24	113	20	110	31	105	97	25	99	89	25	43	114	15	56	14	52	43	45	110	107	73	64	50	27	119	85	118	52	81	62	84	103	108	111	115	47	94	7	107	31	65	5	92	115	71	107	43	50	81	80	74	114	35	95	23	59	92	67	92	62	79	56	55	51	31	43	39	19	20	12	94	76	26	56	47	3	81	63	11	55	60	65	7	112	83	65	36	103	115	82	43	41	51	114	54	95	23	15	44	109	74	94	109	93	58	87	41	78	75	62	84	64	50	115	107	23	51	12	22	100	85	0	68	75	12	67	92	88	63	79	99	48	68	71	15	62	31	26	107	113	14	67	118	43	67	59	59	30	58	103	75	18	109	97	110	63	78	116	12	10	68	107	82	53	110	10	45	2	32	9	92	72	75	59	60	62	24	59	74	103	100	103	33	56	87	20	15	51	37	80	45	104	72	39	107	61	56	28	19	117	114	95	71	58	111	18	58	22	26	52	4	100	79	34	31	57	47	78	107	90	38	98	71	99	81	64	72	39	90	3	115	9	16	9	61	98	22	67	37	119	83	117	57	18	69	52	80	35	64	20	87	116	11	105	102	72	22	117	81	110	39	79	118	118	110	47	71	20	52	102	33	101	79	35	24	35	93	1	65	72	110	71	53	103	2	31	93	25	3	97	33	38	103	31	85	103	83	50	61	35	6	57	0	31	77	62	70	2	71	99	
6	2	7	13	13	13	1	1	4	16	11	9	7	20	10	19	16	10	11	15	8	2	8	15	12	11	9	7	20	13	2	1	6	1	11	5	18	8	18	8	15	14	1	12	16	18	14	14	18	15	5	2	8	12	19	9	1	20	18	13	11	2	9	10	6	5	3	10	13	15	4	17	6	2	9	17	5	17	20	10	13	10	4	1	17	2	20	8	15	6	20	4	3	19	9	1	4	2	16	4	4	4	19	3	3	10	18	14	12	13	18	7	10	14	16	14	18	14	17	4	19	13	15	15	20	14	18	16	14	5	7	19	16	2	11	13	5	16	15	8	3	6	17	13	3	15	5	3	1	14	16	10	7	13	19	20	10	14	12	20	14	8	10	7	17	17	16	17	12	6	6	12	4	12	17	8	17	12	19	14	9	19	15	8	16	2	16	10	5	18	18	18	19	8	3	4	11	9	10	6	4	2	6	20	17	3	15	15	8	11	10	9	9	2	16	11	3	20	2	13	13	16	18	8	4	7	15	9	1	2	20	13	3	13	4	16	11	14	17	19	18	20	3	2	1	9	8	19	20	19	4	3	2	2	20	14	14	7	10	6	11	15	6	19	16	15	1	8	7	12	13	11	1	8	2	16	11	14	2	18	17	5	1	2	14	13	9	11	13	7	9	4	5	8	9	14	5	13	3	12	11	8	10	1	4	4	11	18	13	20	13	1	11	4	8	15	3	5	6	16	6	12	14	3	8	6	9	18	20	13	18	9	1	8	4	3	5	2	8	13	9	7	10	18	14	4	3	1	1	14	1	3	15	18	20	2	1	14	1	11	15	1	14	19	8	18	12	10	15	1	10	18	2	15	19	11	18	17	4	11	20	16	9	19	13	2	15	3	6	10	15	13	4	11	19	14	11	13	4	10	14	1	5	15	4	12	18	5	7	11	5	15	16	15	17	12	4	14	6	5	16	16	6	16	17	5	9	2	16	16	5	15	5	9	10	13	7	14	1	17	1	18	8	3	9	15	7	17	9	3	3	20	8	18	14	8	20	5	4	3	5	17	15	5	6	3	15	13	15	12	1	13	16	6	7	5	3	5	1	20	2	13	13	16	8	1	7	1	11	1	12	1	12	15	2	1	4	6	5	5	11	16	15	3	12	11	4	11	11	7	13	4	16	1	20	12	1	10	1	11	7	11	17	12	16	9	10	1	2	2	9	18	17	17	9	9	13	13	1	3	3	6	6	8	11	9	8	2	12	11	12	14	9	17	11	8	4	5	19	18	6	6	5	4	16	15	1	1	11	12	12	7	12	18	7	14	3	14	8	5	11	9	12	6	19	17	18	9	6	5	10	8	7	4	10	12	20	10	17	17	10	12	19	9	14	7	6	9	5	12	2	9	3	9	17	19	11	5	18	3	4	7	5	15	17	3	20	12	1	10	6	19	10	17	4	4	9	1	2	4	15	4	9	6	12	19	20	16	3	5	20	18	17	12	11	18	6	4	18	3	7	7	2	12	1	6	11	5	14	9	8	14	2	5	20	14	11	13	9	13	1	12	12	16	9	11	6	16	4	8	7	6	16	8	2	16	1	7	2	17	17	6	13	11	20	8	8	16	19	8	11	7	7	19	5	19	10	3	9	8	16	17	5	14	3	17	18	4	13	6	20	18	1	7	6	4	11	16	19	15	20	16	3	8	17	6	5	18	19	11	6	4	11	18	20	12	10	10	3	15	5	19	13	17	17	14	10	1	19	13	8	10	8	12	16	2	9	4	18	1	19	18	15	10	19	16	13	4	3	15	5	10	11	15	8	5	6	13	11	14	2	6	11	5	9	13	16	13	12	14	10	8	10	1	2	1	8	7	16	11	8	4	12	10	15	7	13	7	10	13	3	15	13	1	12	4	10	7	8	12	11	7	10	14	8	5	11	1	11	12	6	12	13	14	14	5	15	14	6	1	11	6	1	1	11	16	1	16	3	11	1	5	8	10	15	16	1	14	2	2	5	4	4	6	14	7	14	13	10	3	10	12	3	2	5	16	8	5	9	1	16	11	13	10	13	10	14	8	12	7	3	3	3	8	2	16	5	10	14	16	9	2	1	10	8	14	2	11	9	4	14	16	11	14	16	12	15	4	13	8	14	6	3	2	16	13	10	16	10	1	16	9	7	7	7	16	10	8	4	10	7	3	7	3	15	2	3	1	8	6	3	3	8	12	13	2	5	7	4	3	5	12	12	16	14	1	1	3	13	13	14	4	16	10	14	8	4	2	7	5	12	13	14	6	10	1	8	12	15	2	12	13	11	12	4	11	2	12	15	5	7	13	1	6	7	12	14	16	7	12	9	2	12	16	7	9	1	2	16	13	11	3	11	4	10	4	6	7	14	12	13	15	3	13	16	10	5	5	7	11	10	10	10	4	13	12	9	4	15	5	15	2	9	11	12	13	1	4	13	4	15	12	14	1	2	14	10	13	13	9	2	11	11	10	9	2	7	12	16	5	2	9	15	12	6	13	7	16	6	10	5	11	6	10	16	12	13	4	14	15	14	12	3	14	3	1	11	10	11	11	12	12	4	15	5	16	11	2	3	2	5	16	13	7	4	14	11	2	8	10	12	11	5	5	4	16	10	8	1	14	15	10	6	4	6	3	12	13	15	6	15	3	8	2	16	9	12	6	2	6	6	8	7	13	11	6	8	7	1	13	4	11	4	11	6	11	1	14	4	11	12	4	8	12	4	11	10	11	1	12	15	15	15	16	12	6	12	7	12	13	12	3	1	10	5	9	12	16	9	6	2	9	13	12	6	1	14	10	7	2	2	16	4	3	2	4	10	9	7	5	5	10	1	13	12	12	14	16	7	11	9	12	16	5	14	12	9	5	9	6	11	3	2	1	1	8	10	1	16	9	10	15	15	7	2	11	5	7	10	7	6	16	2	12	5	5	4	15	11	12	11	6	5	8	1	15	6	2	7	11	4	10	1	11	8	7	4	12	3	15	12	7	7	7	5	12	3	6	5	6	11	2	10	15	9	15	9	11	5	4	4	8	15	13	7	8	8	13	4	1	15	4	9	5	12	7	6	8	16	16	8	3	14	11	8	14	15	8	8	10	12	5	13	5	14	3	14	15	5	5	15	2	13	15	5	4	14	16	14	10	14	6	12	15	4	3	11	5	10	15	12	9	13	3	16	10	9	1	4	3	8	3	11	15	2	6	10	11	13	6	3	7	12	2	9	16	13	14	2	1	16	5	1	13	13	11	5	10	14	1	1	12	12	5	6	14	13	1	15	7	6	15	15	6	5	15	14	4	8	9	15	16	8	9	16	8	3	15	2	5	14	4	13	10	4	2	6	16	4	1	2	1	5	1	15	2	12	6	10	14	12	9	8	5	13	3	2	8	14	13	14	12	9	15	2	13	11	14	12	8	15	1	2	6	11	12	1	14	1	7	13	1	8	2	16	5	4	7	1	4	9	15	5	4	13	4	4	15	14	2	14	8	4	11	6	10	3	5	8	12	6	1	11	10	3	8	3	13	2	11	12	12	13	11	13	11	15	6	15	7	6	7	15	7	3	14	3	9	5	5	16	13	7	9	2	8	6	15	11	11	13	14	16	11	3	14	8	15	10	2	6	4	2	14	4	15	2	5	10	9	12	14	2	14	11	16	14	5	14	2	15	12	4	8	16	14	3	5	9	1	12	1	5	4	16	15	14	13	11	7	15	9	3	9	4	9	2	3	14	11	4	15	16	14	13	3	12	10	4	9	16	7	9	9	8	6	16	3	2	16	4	11	10	5	9	4	16	6	11	7	1	7	9	14	6	12	14	14	7	8	8	16	11	12	3	12	2	11	10	5	4	14	1	5	7	9	12	8	5	13	5	5	5	15	14	5	2	7	2	15	2	5	8	12	5	14	12	9	6	5	10	6	12	11	1	1	14	9	4	7	10	16	5	6	10	13	10	2	4	9	4	1	10	2	13	14	2	12	5	14	11	7	13	12	15	3	14	11	16	10	12	13	7	4	10	16	12	7	16	12	11	1	1	3	1	14	16	4	8	15	9	8	16	12	1	10	9	16	13	16	5	16	16	6	8	10	11	7	16	15	9	11	7	7	15	12	14	3	2	2	2	10	12	2	6	6	13	12	13	1	2	1	16	6	11	14	1	12	4	3	13	7	14	7	14	4	2	2	7	8	16	15	9	5	4	3	5	6	12	5	13	6	4	14	6	5	5	13	10	2	11	2	9	14	11	2	9	8	10	7	13	14	2	8	11	11	7	2	11	7	7	8	7	10	10	3	2	2	11	9	2	16	4	14	2	14	12	12	4	4	14	13	15	10	10	16	3	2	6	7	16	6	10	3	5	16	9	7	16	4	14	2	12	14	11	5	2	7	4	4	4	2	12	9	1	1	12	1	4	14	15	2	3	12	5	5	1	2	10	7	3	1	12	2	13	13	14	4	1	9	5	16	10	8	16	6	8	11	7	1	3	8	6	12	4	13	4	16	11	11	3	6	2	5	9	5	9	15	14	10	16	14	13	2	9	5	14	7	5	11	9	2	6	16	8	15	4	14	4	4	1	14	3	10	3	13	1	1	3	12	12	10	9	9	10	9	8	2	1	1	9	8	6	5	14	2	5	2	3	13	7	12	8	14	15	10	9	1	2	16	3	4	14	9	2	10	13	8	11	4	12	2	10	1	12	3	12	4	6	11	11	1	16	15	3	16	3	15	9	1	4	15	1	3	1	9	11	8	14	1	11	15	12	10	1	8	10	6	14	2	14	6	11	11	5	3	9	11	7	13	14	10	16	16	11	8	5	16	2	11	12	10	16	14	4	6	2	14	5	8	16	11	2	6	14	11	16	1	15	10	13	12	8	4	11	3	5	3	5	12	3	1	5	8	4	3	4	7	5	7	8	9	8	2	7	12	6	14	9	3	9	13	1	14	2	11	3	13	10	7	8	2	13	13	2	14	9	11	13	13	7	10	2	11	16	13	7	16	13	6	8	6	15	4	2	13	2	1	2	4	4	2	11	8	1	2	13	14	8	11	1	15	1	11	4	10	6	2	14	10	1	12	12	12	11	4	6	2	3	2	14	16	6	11	6	13	4	1	11	11	11	5	3	9	12	14	12	2	1	5	5	10	2	14	5	8	16	6	10	6	4	13	5	3	14	16	6	5	14	13	8	12	16	14	3	6	2	13	13	1	16	4	2	5	2	5	1	2	14	5	7	3	4	11	4	8	5	10	16	8	5	12	14	8	11	5	9	14	3	12	10	9	15	9	16	13	3	1	11	12	14	15	2	13	9	7	6	2	11	15	8	15	9	12	10	11	7	11	1	12	3	1	8	8	4	15	16	5	6	1	9	14	5	2	7	3	2	5	6	10	16	2	2	10	8	5	13	13	16	1	13	15	12	6	12	13	16	11	13	11	3	12	11	7	6	8	9	12	2	8	10	2	6	10	14	5	6	3	16	6	12	8	14	5	10	14	15	3	1	4	9	11	9	4	1	1	13	11	3	6	12	14	14	13	14	9	15	5	6	8	6	7	9	14	14	9	4	14	14	12	4	11	6	13	4	7	14	10	11	16	2	14	6	15	15	6	9	13	10	16	13	4	15	5	3	4	1	4	11	10	16	5	2	4	4	5	8	10	10	8	9	4	15	13	3	9	13	6	5	15	10	1	9	2	3	6	5	13	12	12	3	8	15	16	10	4	14	13	10	11	11	4	9	6	3	9	8	4	11	1	9	15	4	16	16	13	11	16	6	4	14	12	7	12	7	6	16	2	4	5	3	5	12	12	9	16	13	3	3	10	2	10	15	16	2	14	15	16	16	14	10	15	5	7	9	12	3	16	11	6	15	4	10	1	16	16	11	6	11	7	4	11	6	5	10	12	15	12	14	6	10	1	16	8	7	11	9	10	9	8	3	3	6	2	7	16	1	2	3	14	1	1	10	6	12	14	15	13	6	11	3	8	7	2	5	4	5	4	4	16	2	11	15	1	5	8	15	9	6	12	6	8	6	13	11	15	13	6	15	2	11	15	8	4	9	12	1	14	7	8	13	5	7	16	3	14	1	15	3	13	2	2	7	3	13	9	10	8	6	11	4	11	16	4	10	2	3	11	10	8	11	16	4	13	6	14	14	14	15	16	13	4	8	9	3	6	11	7	8	2	9	12	12	1	14	16	11	3	16	8	14	1	10	7	5	8	5	1	12	13	1	12	9	7	16	3	8	9	9	8	7	4	15	2	7	6	10	6	7	3	7	3	1	13	8	8	11	13	3	6	4	10	13	3	7	10	14	9	5	6	3	2	10	5	15	6	11	1	13	5	11	11	12	4	15	8	15	6	7	10	9	5	11	2	7	5	14	14	2	11	16	13	10	6	6	8	4	6	3	8	2	4	13	6	3	9	7	7	12	9	5	9	10	10	14	1	9	10	14	10	15	12	16	12	5	1	3	9	3	11	10	5	12	6	7	10	16	8	13	14	16	4	14	3	10	13	8	15	7	13	3	12	3	5	12	10	11	12	3	2	3	1	1	1	7	2	15	13	3	8	9	9	9	1	14	3	7	9	2	11	11	11	2	7	5	13	16	9	13	4	7	6	12	8	13	11	11	8	3	4	14	4	16	15	9	3	14	9	14	13	10	12	5	8	9	16	6	4	8	4	9	2	6	5	15	3	10	10	11	14	16	3	11	10	1	13	10	3	10	4	6	12	13	7	9	4	16	6	8	3	11	4	5	11	6	11	4	15	6	13	13	14	10	8	12	3	6	15	12	15	3	12	7	2	8	13	12	12	13	8	3	7	2	7	2	8	8	2	2	1	10	7	4	16	4	10	11	15	8	4	3	8	2	15	7	1	14	9	15	7	7	10	13	9	9	1	15	11	11	1	8	14	3	13	14	11	8	8	1	16	11	9	6	5	2	4	16	11	6	12	1	5	5	3	4	4	4	11	1	13	6	11	10	8	5	2	9	3	13	11	10	14	14	15	8	1	1	9	14	4	14	7	4	6	6	13	15	4	6	14	9	12	15	12	4	2	9	14	4	4	13	12	12	5	14	8	8	13	7	9	9	3	1	5	14	4	1	9	5	1	2	13	10	1	15	10	3	9	12	14	2	14	2	5	9	7	4	15	8	10	16	8	15	15	11	1	13	13	6	8	15	4	9	2	2	1	5	13	14	3	4	13	5	11	16	6	5	7	16	11	8	15	9	3	11	11	15	15	4	13	5	13	1	14	11	16	13	8	6	6	16	9	10	7	2	6	2	15	4	3	13	13	5	5	4	7	16	10	9	9	6	16	6	6	3	13	10	5	9	2	4	13	3	15	14	16	3	5	4	1	6	14	1	1	13	4	6	2	15	11	1	2	3	2	15	14	12	9	6	6	14	13	11	7	1	1	16	6	15	14	6	7	10	16	16	5	13	11	12	7	13	3	1	13	13	7	13	2	4	2	16	9	12	8	16	2	8	12	11	9	16	10	11	14	12	6	11	15	14	10	3	9	14	9	5	14	5	13	9	1	5	16	16	1	13	2	8	4	11	6	7	14	14	12	1	12	14	5	10	7	1	10	9	14	1	4	14	7	13	14	3	12	1	4	8	10	6	4	15	2	1	14	1	9	16	12	13	14	14	5	3	6	6	12	13	8	14	16	13	3	6	5	6	16	4	8	10	11	7	2	3	12	11	14	5	6	7	10	7	12	13	11	4	10	3	10	3	1	14	3	4	12	5	11	14	7	8	9	15	8	2	3	15	15	8	1	5	16	8	14	10	2	1	10	16	14	6	14	13	16	11	8	6	16	9	14	11	14	13	1	13	12	10	4	2	1	3	14	11	15	13	13	10	9	16	7	11	4	13	16	2	12	1	12	6	7	8	4	4	15	3	14	8	8	1	14	9	6	6	8	14	6	12	6	7	10	8	11	12	11	13	5	13	13	10	9	4	12	9	3	11	6	1	5	12	2	16	11	8	8	16	3	8	4	9	12	8	15	1	14	9	3	12	16	12	8	12	2	3	8	15	9	8	12	13	10	6	2	15	2	2	3	11	16	15	6	2	1	16	14	7	2	11	12	4	4	13	11	5	1	9	6	3	6	4	16	7	3	8	4	9	3	16	16	15	8	8	14	12	11	2	9	8	4	15	3	3	12	7	14	10	4	9	2	4	1	15	1	2	16	14	15	5	9	11	16	9	14	11	13	8	16	6	4	11	9	10	10	7	11	2	13	13	2	3	13	10	7	1	15	9	3	14	8	3	10	2	1	12	13	13	3	11	8	3	9	7	11	5	7	7	11	1	15	9	1	16	6	6	11	13	9	10	9	4	1	15	16	10	3	5	14	2	10	2	10	3	6	12	10	11	10	8	9	11	12	2	7	15	4	15	8	14	10	8	1	5	2	13	2	3	15	7	16	14	7	2	4	9	14	13	10	10	16	1	2	7	6	2	10	1	5	1	5	14	14	3	14	4	14	14	11	12	15	7	6	11	3	5	9	1	6	10	7	4	9	7	10	6	4	11	12	15	5	15	14	4	15	14	9	8	15	1	10	10	10	2	15	8	15	3	15	6	10	14	5	2	5	11	5	10	14	1	15	13	5	11	11	11	11	3	16	1	11	2	7	8	9	14	14	12	3	16	15	8	2	4	1	14	12	15	7	10	1	14	1	9	8	7	8	3	12	3	8	16	12	13	5	3	7	1	7	8	15	7	15	3	14	5	5	2	10	9	16	11	15	8	5	8	5	11	4	14	12	13	6	1	4	10	15	16	16	9	3	3	2	15	7	4	4	14	16	13	1	13	16	14	10	6	1	6	14	3	14	13	14	3	5	2	4	1	1	16	12	5	11	9	6	13	11	3	1	9	3	12	2	11	10	14	4	14	2	2	14	9	7	15	6	13	4	4	9	1	12	9	7	10	8	1	13	16	4	5	15	14	9	13	3	5	4	1	12	4	2	12	5	11	14	10	12	13	10	4	2	15	13	13	4	9	12	14	10	12	8	13	2	4	7	3	11	1	16	9	6	13	9	8	6	13	6	7	6	11	16	12	1	2	10	4	8	11	14	12	11	1	7	10	3	1	2	11	15	14	11	9	15	13	5	4	6	13	1	2	16	16	4	14	3	1	7	13	13	4	8	5	1	16	7	14	2	10	6	15	14	8	5	13	14	11	11	8	7	12	7	9	15	8	5	11	4	3	11	6	2	11	5	12	3	16	6	1	9	13	16	14	11	7	1	4	7	15	2	3	3	2	14	16	13	6	11	15	2	7	7	7	1	2	14	15	12	15	16	7	11	10	2	12	1	3	15	16	9	7	1	16	9	8	5	14	5	12	14	3	10	2	16	6	15	5	13	1	2	11	6	12	12	9	8	14	6	2	7	14	8	5	5	2	14	9	10	10	3	5	15	13	10	4	13	13	5	14	6	5	4	13	5	5	13	2	1	13	8	14	3	14	2	8	9	9	11	15	14	13	13	5	12	14	3	15	10	5	12	3	10	6	13	3	12	15	6	5	12	6	8	8	8	1	10	2	14	3	12	5	3	13	14	15	2	15	3	11	8	16	1	11	2	4	1	6	16	10	10	5	5	12	11	12	15	16	12	14	5	4	6	5	13	6	14	12	5	8	2	5	16	7	4	2	1	6	4	4	4	4	7	1	9	2	4	6	9	8	16	9	5	12	15	1	15	14	7	3	5	8	13	9	5	4	2	16	1	8	4	12	15	8	13	1	12	10	11	2	5	3	10	7	2	6	14	2	8	12	9	5	4	6	14	8	12	2	4	7	13	9	2	16	15	9	8	10	14	4	11	3	7	7	12	1	12	12	15	16	10	16	12	7	13	12	6	15	1	3	13	15	13	4	12	14	5	11	1	11	16	6	16	2	3	7	6	13	6	1	14	9	16	4	6	2	5	12	13	10	2	5	2	15	11	16	3	16	12	2	1	10	15	12	12	16	8	11	16	3	13	16	7	14	4	14	6	13	7	8	3	8	11	15	12	8	16	4	1	7	15	2	11	13	13	2	1	4	15	4	12	12	2	4	12	2	15	8	14	4	1	13	4	9	7	1	16	10	6	5	5	4	8	13	2	7	14	6	1	5	6	4	15	3	3	11	16	1	3	1	12	12	5	14	9	2	14	10	6	13	7	1	4	13	4	10	9	13	2	5	7	8	12	13	5	2	11	13	14	8	8	9	15	2	15	5	1	2	4	6	11	14	14	8	14	7	12	15	7	7	14	2	12	12	16	10	5	1	12	11	1	2	1	2	7	4	3	2	10	11	4	6	10	13	10	15	1	9	14	13	4	15	6	10	8	1	7	7	4	2	8	1	4	5	11	9	11	10	8	14	12	4	2	16	7	7	12	2	10	10	1	5	11	10	11	8	7	16	13	13	16	11	2	11	13	16	9	4	2	5	9	7	3	8	12	2	4	16	10	15	8	14	8	16	7	4	9	2	7	15	2	1	2	14	5	6	12	11	8	2	2	14	11	7	16	14	16	6	10	15	8	13	15	14	15	3	15	5	13	3	1	7	9	5	11	7	8	12	10	3	6	15	4	8	15	1	4	10	10	13	1	11	4	1	12	9	13	10	8	7	11	2	4	1	1	13	4	10	16	3	12	11	5	12	6	2	9	1	3	9	9	5	10	9	11	16	2	2	8	5	5	2	12	4	11	14	9	4	12	11	7	5	15	10	6	2	12	12	8	3	3	9	8	11	1	11	9	12	3	6	16	12	5	10	1	5	13	8	11	12	3	11	4	10	3	9	5	11	15	6	13	5	16	15	10	15	12	2	9	8	14	10	2	9	4	8	2	6	15	12	2	16	1	9	12	15	1	14	9	15	13	16	8	5	16	3	10	4	8	5	12	8	8	15	14	12	13	1	10	3	13	13	1	8	16	4	13	3	3	8	15	1	4	10	9	4	9	4	7	1	16	6	4	16	9	14	8	1	3	2	16	2	12	16	5	8	16	13	12	10	8	6	7	7	7	10	13	8	10	14	1	9	16	14	15	5	2	12	4	15	9	8	4	10	11	10	8	7	5	6	2	10	5	15	1	2	9	2	4	1	3	4	13	6	3	8	14	6	15	11	15	13	11	3	7	1	11	3	5	14	4	8	14	12	1	10	13	5	16	11	12	15	6	3	7	11	6	8	6	12	12	9	6	12	7	6	4	4	7	14	1	13	8	9	6	3	12	2	9	11	2	6	15	12	8	16	1	16	7	11	14	13	1	6	1	5	2	3	12	8	11	11	16	6	13	16	10	1	12	15	13	4	16	14	9	5	13	16	3	15	7	15	4	1	2	6	11	3	15	1	6	6	16	4	12	14	8	2	8	6	10	13	5	14	15	6	7	3	16	6	5	1	14	15	11	10	12	15	13	14	13	2	6	7	10	6	3	7	11	9	13	10	15	5	14	6	1	2	10	16	9	2	6	9	10	3	1	12	8	13	10	11	11	1	9	13	9	2	13	1	2	8	10	11	3	8	1	2	4	9	8	9	1	7	3	5	1	6	2	4	13	13	7	3	13	13	16	2	6	4	8	5	4	8	6	15	9	11	9	15	12	4	8	15	1	4	1	14	7	5	3	12	4	9	3	15	12	10	6	2	11	9	2	10	9	13	12	14	2	15	9	9	15	15	2	10	6	15	14	14	12	15	3	3	1	8	11	11	1	9	3	9	10	7	2	10	11	1	4	14	3	7	4	11	11	6	15	15	13	12	4	2	14	2	16	5	11	8	15	14	12	1	12	11	9	1	8	15	16	7	14	8	13	3	10	6	9	10	12	2	14	1	10	15	15	5	6	14	10	9	13	6	16	16	4	16	15	4	14	6	4	4	1	2	9	1	8	11	9	12	3	11	4	6	10	13	2	12	12	7	7	14	14	7	10	9	2	1	3	11	9	5	11	10	13	10	15	9	6	15	2	6	12	7	11	4	12	8	5	2	11	15	12	5	14	14	10	5	14	9	15	12	1	6	1	3	15	5	5	16	10	3	1	16	5	5	10	2	8	11	11	16	14	8	4	13	5	7	10	15	8	4	2	7	12	9	15	4	4	15	7	11	5	2	14	5	6	10	2	15	9	14	13	12	5	8	12	16	16	16	16	5	7	8	6	9	5	15	9	3	6	2	16	13	7	16	14	13	15	6	12	14	12	8	10	7	16	6	7	4	1	4	1	2	3	3	1	7	13	16	4	2	14	10	2	7	4	14	15	11	15	13	10	9	11	16	11	12	9	13	1	14	13	7	15	8	6	16	10	15	13	4	1	4	12	10	1	15	10	5	4	8	10	12	12	1	14	12	6	1	11	2	14	2	3	7	9	2	7	8	6	3	6	6	1	10	12	2	16	5	8	12	15	10	10	3	8	10	1	11	10	6	11	16	3	12	3	8	7	14	3	15	16	7	14	3	2	5	9	6	14	7	12	14	13	14	12	15	5	12	11	9	3	7	13	4	1	7	10	1	3	13	6	15	4	11	11	4	9	1	16	1	9	15	8	9	11	14	13	12	15	3	15	1	8	12	14	15	2	14	10	13	7	1	1	12	16	5	8	6	1	11	7	1	12	3	10	9	7	3	11	4	1	16	8	8	15	10	16	7	5	11	7	10	6	4	16	11	8	14	8	10	3	8	8	16	5	8	1	7	15	11	9	3	15	6	13	14	15	6	7	1	15	1	6	11	16	10	8	7	6	3	10	1	13	2	14	5	5	8	13	8	10	3	5	5	7	10	8	3	5	7	5	13	1	12	15	11	14	15	3	9	16	5	5	10	1	6	6	9	8	10	12	13	7	14	7	1	5	3	8	1	14	5	2	7	10	13	10	5	16	7	11	13	7	14	5	9	4	2	15	6	4	5	13	1	7	7	4	11	5	15	9	7	4	12	13	4	6	6	2	8	1	6	16	16	16	13	12	13	11	1	3	11	1	12	8	3	8	12	3	11	10	14	16	9	6	12	15	11	7	6	11	3	6	8	6	9	6	16	15	16	11	2	11	10	8	2	6	4	15	8	12	10	8	2	13	3	3	12	12	6	15	10	9	9	10	6	14	6	5	13	12	11	15	1	6	10	4	11	15	13	6	16	14	2	12	6	3	8	5	8	3	9	6	11	14	9	5	1	3	6	11	12	2	16	12	11	11	10	14	9	10	12	7	13	6	7	8	8	2	12	14	4	15	14	11	3	1	7	5	10	16	8	10	9	15	11	12	9	5	10	5	13	13	6	6	5	14	10	13	8	9	1	1	4	13	3	5	6	10	5	14	3	1	4	6	9	4	4	8	6	12	14	12	2	4	11	11	3	10	2	16	14	11	11	3	10	14	12	16	7	13	10	8	9	4	16	10	8	4	4	11	16	2	7	8	10	12	12	16	2	14	16	15	6	2	15	5	2	4	8	12	12	5	9	10	9	10	4	9	6	4	2	1	8	6	5	10	4	7	12	11	12	5	8	13	10	3	6	7	10	5	6	2	14	8	4	12	2	13	2	1	10	10	5	9	12	8	10	10	14	11	9	13	11	8	14	14	15	13	12	5	9	4	2	11	6	3	15	14	14	7	14	1	5	8	5	15	2	15	3	7	3	13	9	1	13	9	5	8	1	1	2	9	15	8	12	9	1	14	15	13	11	11	7	9	10	16	15	13	1	15	5	4	7	16	15	7	6	4	1	8	13	4	8	15	9	11	10	4	3	11	5	12	6	16	13	14	2	3	16	6	7	13	12	16	4	4	2	15	14	11	13	2	9	7	11	3	10	10	13	8	13	14	9	16	16	9	16	11	7	5	3	10	5	8	16	15	8	15	16	7	5	7	10	16	6	1	12	2	12	5	16	9	14	8	15	16	16	2	15	16	12	14	5	1	7	7	7	9	7	2	2	7	2	16	5	8	7	7	8	8	4	15	4	12	5	12	10	8	16	1	4	16	3	11	13	3	3	3	11	3	16	2	5	6	13	2	3	6	14	2	6	16	6	16	8	12	4	6	2	12	7	3	4	7	14	4	9	10	5	11	2	16	1	2	12	16	15	8	16	10	10	6	5	11	9	15	13	9	6	16	14	1	1	14	8	10	15	14	14	8	4	16	16	5	1	13	4	9	10	16	12	3	14	13	14	16	12	14	9	9	13	12	2	5	4	2	11	14	3	7	14	10	15	2	9	15	8	15	5	3	1	5	14	14	10	3	16	3	10	9	6	14	16	7	1	3	8	7	4	11	10	12	9	14	16	13	15	6	2	14	9	5	4	11	3	16	10	4	5	1	16	6	15	12	9	1	13	6	2	8	13	13	5	2	16	15	15	16	7	3	10	14	4	9	2	2	15	9	8	2	6	3	4	6	8	4	9	10	10	3	12	7	5	4	15	9	13	13	7	12	2	1	7	2	14	16	16	5	10	3	1	5	14	5	8	10	14	6	16	4	12	8	12	16	1	9	13	14	3	5	7	8	8	14	11	10	5	12	16	12	15	8	4	4	15	15	15	15	10	7	13	13	10	5	7	1	2	11	3	4	3	15	
1000	210	150	900	230	520	650	640	470	860	110	640	180	670	340	970	980	900	430	380	740	940	650	700	590	830	640	570	490	650	990	710	230	370	800	600	160	960	940	990	320	480	900	390	540	750	220	370	380	510	550	950	980	650	830	140	360	820	280	740	910	830	150	420	300	370	840	240	250	800	480	470	560	900	710	130	600	200	810	550	640	840	200	600	530	590	270	460	620	730	820	950	280	470	860	180	360	210	610	770	620	130	350	780	400	280	630	810	600	940	390	800	180	300	450	290	350	170	950	890	520	560	520	350	410	560	560	100	630	970	880	490	510	750	570	380	830	620	760	730	500	390	810	340	790	630	420	140	760	220	330	620	270	550	570	860	670	350	360	240	270	140	160	590	900	270	410	300	310	240	210	1000	540	440	410	180	790	320	300	360	740	900	260	690	780	700	900	800	970	830	270	710	310	380	230	940	1000	410	960	500	580	150	150	670	770	440	210	450	390	300	170	970	510	620	900	240	360	340	850	270	700	270	460	790	820	430	610	100	270	890	210	200	360	850	270	360	620	810	230	420	540	270	990	670	390	660	710	330	450	840	880	100	970	870	640	260	950	600	260	770	330	400	520	480	910	480	590	490	470	350	930	780	570	610	640	930	780	110	820	120	480	550	400	200	800	250	390	550	240	210	250	530	540	670	870	640	750	250	610	490	800	470	130	970	410	190	390	860	120	1000	850	560	550	370	470	880	990	130	360	520	830	610	270	700	400	310	940	300	470	850	110	820	200	850	360	610	470	430	850	260	890	340	420	370	320	740	690	880	120	930	250	640	730	550	680	150	480	900	360	100	710	870	530	370	320	350	310	270	410	1000	820	600	830	320	970	100	360	410	700	760	660	690	590	630	250	710	450	280	600	300	570	590	960	170	580	520	720	210	530	480	880	690	810	510	530	760	290	290	410	970	260	220	360	740	170	130	220	770	100	800	260	840	370	500	150	980	790	980	240	280	620	980	630	910	370	630	540	360	910	680	970	120	660	650	880	750	360	680	950	260	980	430	110	370	350	390	660	270	940	500	200	160	460	480	140	510	270	600	620	630	620	900	770	430	860	950	800	420	1000	850	530	660	240	730	720	330	970	870	240	430	650	530	430	440	400	450	990	820	960	140	250	240	780	580	470	430	380	580	770	330	650	520	290	830	970	330	760	470	200	600	310	250	360	710	490	800	160	540	930	710	320	710	180	790	340	370	560	870	760	260	360	980	910	990	780	370	210	790	880	310	370	210	750	300	860	760	960	840	340	450	530	760	710	960	880	870	570	730	700	360	770	550	240	250	410	240	840	790	250	740	740	600	200	340	1000	200	690	240	670	170	550	750	440	570	900	610	210	330	360	470	550	560	880	160	970	540	830	550	970	840	940	910	830	860	390	530	870	450	540	760	950	430	510	980	320	640	520	290	620	440	310	960	680	910	850	560	310	610	720	670	890	130	360	940	940	240	870	240	850	680	520	960	770	730	360	310	590	430	360	370	500	970	290	130	160	760	740	840	350	190	280	920	320	530	910	730	760	530	990	640	420	710	330	320	550	860	640	160	700	590	580	940	690	960	480	590	700	710	530	720	390	120	950	440	490	780	520	600	220	500	920	460	940	880	770	950	730	830	490	490	640	360	220	380	150	130	870	820	180	780	470	140	930	150	410	180	820	900	470	650	740	220	870	630	370	440	310	160	730	290	970	680	580	700	800	690	860	740	930	560	620	120	340	970	690	210	140	820	1000	310	290	620	570	390	950	610	370	270	300	760	290	400	510	820	460	180	540	490	250	410	960	650	790	280	870	430	1000	200	660	230	190	990	130	300	480	340	320	760	540	180	640	200	960	720	960	780	360	550	370	620	440	320	150	490	170	100	580	610	520	760	520	840	600	340	130	420	760	370	420	880	950	910	730	630	650	200	110	460	200	550	810	300	530	950	380	590	880	260	830	730	300	220	920	800	600	730	530	970	420	610	270	790	880	840	450	390	570	780	560	770	520	240	850	720	560	170	880	800	430	210	610	470	400	910	690	830	170	940	400	470	380	510	110	160	390	250	300	670	660	110	560	240	940	260	180	860	240	220	300	780	200	560	280	140	800	950	940	580	200	140	440	970	360	780	370	150	310	130	820	820	760	200	230	510	970	440	370	640	550	470	900	310	410	340	600	500	430	810	460	220	560	770	210	130	980	240	610	110	340	980	560	260	390	620	160	500	560	920	210	130	530	920	890	510	520	470	570	630	970	310	210	690	600	290	540	160	770	340	590	320	700	420	180	660	350	490	420	240	110	430	650	960	410	280	320	540	860	670	410	320	660	630	170	870	740	110	600	940	520	460	980	140	930	330	630	200	160	900	530	260	890	960	880	320	180	690	610	830	960	710	500	840	140	750	140	250	820	640	390	360	810	650	590	720	780	250	750	420	770	490	100	840	700	820	510	560	510	580	500	850	710	280	670	840	260	420	730	550	520	730	690	900	400	210	570	100	840	210	560	760	870	600	390	150	590	640	740	490	350	860	590	920	670	120	240	210	260	950	390	400	700	780	340	550	590	340	910	950	950	790	950	660	660	460	680	270	160	530	370	200	340	460	580	780	670	980	880	950	800	830	590	370	470	680	540	480	100	320	220	210	200	820	890	180	590	880	140	180	870	560	320	940	870	310	260	980	490	800	740	430	370	410	500	390	190	300	350	390	520	560	770	520	440	240	680	610	890	930	450	290	560	770	680	960	730	180	530	600	950	330	840	520	120	600	530	130	410	630	170	970	790	450	350	310	690	1000	820	640	660	920	400	890	820	530	570	280	710	980	600	350	730	570	600	500	310	650	380	960	1000	910	200	320	540	390	360	510	1000	640	870	470	410	960	330	770	550	690	450	470	170	340	150	1000	680	450	430	430	580	350	230	780	280	840	410	340	450	500	600	1000	320	250	760	830	890	220	690	300	180	400	880	160	640	540	460	280	110	180	300	440	210	890	160	990	470	850	610	370	620	700	420	250	520	490	810	210	830	610	190	340	960	810	340	420	390	840	470	590	790	940	260	660	360	410	120	500	370	910	600	920	710	130	820	480	710	860	480	900	470	990	510	280	650	250	310	350	220	600	320	640	640	620	750	520	460	930	190	250	790	310	730	760	100	350	720	300	880	590	340	900	290	950	110	750	270	270	770	490	200	710	100	220	600	530	370	330	710	360	910	510	830	570	710	410	960	160	900	860	630	760	870	610	500	740	110	920	830	260	190	790	280	840	670	580	720	530	900	420	740	890	470	950	830	760	690	150	580	130	410	490	260	270	100	310	190	460	970	940	380	810	980	770	890	870	190	990	510	540	350	210	240	580	310	400	700	410	880	970	940	540	670	470	820	360	800	650	410	180	160	270	320	130	770	710	100	390	840	630	540	430	150	370	710	990	730	940	950	900	210	230	970	790	240	810	470	740	190	800	560	880	430	260	570	450	860	820	710	500	990	240	270	360	700	690	100	620	920	700	860	680	1000	410	190	520	640	940	400	1000	840	240	790	350	420	730	550	1000	890	930	410	100	480	450	340	620	750	330	460	350	970	120	760	300	150	320	210	840	880	860	470	300	880	870	580	440	880	680	950	710	820	610	280	350	640	970	640	340	170	860	410	190	160	160	490	450	820	240	330	420	230	170	370	560	490	470	900	550	890	990	330	610	610	830	960	650	360	360	420	710	910	220	830	370	530	870	760	720	740	250	410	620	350	440	220	640	980	270	730	790	290	550	540	830	190	740	280	100	1000	800	300	930	400	430	240	500	290	990	980	360	340	410	760	420	120	700	260	950	540	780	780	350	440	540	550	560	500	790	650	880	410	110	540	210	260	640	180	780	720	950	630	430	990	660	630	940	700	450	640	140	720	690	100	1000	870	360	390	440	820	510	460	210	980	160	220	510	750	650	460	970	310	500	680	510	320	260	550	750	750	590	650	340	640	770	880	180	190	340	320	550	240	130	790	590	120	980	490	460	160	180	880	720	200	620	700	320	980	230	250	800	150	240	480	690	770	270	850	110	870	630	670	740	330	230	820	440	570	220	380	560	310	710	860	100	170	490	770	480	990	360	930	190	700	520	610	640	470	920	440	850	140	950	690	260	650	1000	650	870	230	890	830	640	550	580	490	900	270	860	880	770	720	930	590	920	270	260	280	250	590	730	620	680	490	400	300	420	820	730	720	140	400	850	650	330	370	910	500	790	610	740	850	490	210	260	540	160	580	580	960	400	420	800	480	590	770	570	110	370	550	230	840	770	650	160	560	550	910	910	990	920	490	330	710	390	780	990	380	690	640	800	400	540	210	300	360	410	430	880	910	590	880	800	610	190	900	410	800	160	460	870	120	850	650	370	800	410	850	790	330	790	780	720	550	530	240	290	910	380	900	740	700	480	150	250	940	930	680	700	630	250	780	550	280	870	720	450	340	770	820	890	810	910	970	810	910	850	160	970	690	200	840	930	540	900	280	690	840	740	950	250	890	500	730	890	390	460	770	500	980	560	320	380	670	600	620	400	760	570	840	130	550	150	260	460	390	420	760	830	800	750	530	580	850	630	180	500	860	490	670	330	920	1000	710	590	390	860	320	470	510	190	960	440	880	650	320	120	560	210	180	990	890	380	100	190	760	210	850	110	100	220	940	640	510	380	640	920	370	760	620	650	120	630	560	180	260	960	730	760	950	780	590	980	460	910	850	930	930	560	400	180	740	290	540	320	360	860	770	940	130	570	650	790	440	930	470	760	580	280	540	100	680	260	270	270	330	640	660	660	220	690	800	890	370	980	600	810	330	420	520	410	700	350	320	420	210	930	320	750	120	710	150	160	440	210	900	350	560	330	1000	600	400	300	250	240	600	120	680	960	490	860	560	700	750	660	210	860	910	580	810	610	190	840	710	750	980	760	660	920	870	350	340	280	110	810	560	650	120	210	740	830	400	710	930	850	890	680	430	100	700	350	120	340	140	290	380	1000	740	100	230	210	920	250	470	400	670	800	280	620	610	880	360	1000	830	100	460	890	310	210	570	860	760	380	190	610	560	870	120	410	120	820	700	670	660	980	350	400	860	280	640	860	160	110	270	610	560	610	460	920	210	260	440	970	950	890	370	840	540	660	780	300	810	260	820	120	820	800	770	170	510	460	830	830	970	320	350	580	770	720	680	900	380	310	200	270	890	290	830	320	190	240	490	820	870	330	770	480	150	550	810	570	800	480	670	360	500	210	250	920	420	250	800	550	420	840	920	410	290	440	500	810	780	930	480	110	220	200	400	330	900	940	630	290	680	210	850	850	920	650	570	730	170	350	740	980	400	360	460	660	320	110	310	420	440	490	650	180	820	110	390	620	310	290	900	700	970	700	210	360	960	970	630	880	940	360	340	430	190	380	200	460	290	700	990	610	630	360	910	950	620	520	400	390	460	340	410	730	240	220	140	550	550	910	630	710	910	230	440	440	480	430	400	520	700	560	470	860	970	150	200	1000	430	630	630	920	410	620	730	170	610	910	680	370	310	840	380	630	950	320	470	960	770	200	1000	390	340	730	800	320	910	940	770	740	800	200	950	510	170	740	800	730	520	790	830	420	280	100	270	560	380	560	620	170	790	610	760	610	360	630	880	880	970	950	290	430	120	650	840	770	110	250	750	460	420	470	380	210	420	170	820	570	830	950	440	790	390	310	990	420	290	600	300	270	760	320	190	900	970	550	110	740	910	130	730	210	800	790	350	450	110	850	320	530	220	210	450	510	550	820	720	660	720	130	760	900	500	810	480	580	400	330	820	870	250	960	860	280	870	780	600	990	240	850	530	190	250	260	870	600	950	230	590	600	920	250	660	800	540	650	1000	510	550	290	470	700	920	140	960	280	630	390	330	100	750	830	680	970	910	560	720	920	250	910	890	150	280	230	630	150	850	720	200	900	570	250	920	410	360	960	280	820	250	370	800	810	870	540	110	370	820	770	980	990	920	690	140	800	350	630	550	160	730	410	630	370	220	450	860	630	690	590	320	720	800	940	330	500	380	530	690	940	1000	730	640	990	130	350	580	210	130	460	220	830	820	130	870	1000	620	690	330	150	340	380	500	350	270	990	800	860	260	400	160	860	450	250	330	960	740	420	840	180	270	160	390	750	180	160	190	480	380	980	130	350	660	800	310	780	320	120	1000	300	830	920	440	460	470	240	620	850	130	890	630	490	580	200	230	490	720	510	330	700	520	980	430	590	900	610	300	450	260	520	620	400	800	950	100	480	680	620	200	270	910	370	700	440	490	450	400	970	880	930	490	120	360	200	910	430	100	900	530	600	740	150	410	760	220	510	490	910	1000	910	990	410	180	660	100	800	250	200	190	460	730	550	720	460	730	590	790	240	110	630	430	460	170	210	410	550	690	530	890	230	140	980	740	460	150	360	470	100	340	510	520	840	890	530	700	380	230	310	510	940	250	830	470	630	980	120	600	990	390	720	680	840	420	360	400	510	680	230	630	420	900	380	100	830	770	730	140	560	750	960	670	550	240	580	160	290	980	580	990	900	110	370	960	310	610	650	580	990	610	530	260	280	510	120	390	260	1000	280	360	550	540	440	240	170	250	500	650	390	550	230	840	240	810	830	550	800	210	960	600	520	780	140	490	170	640	400	850	780	910	840	460	980	430	500	100	280	450	730	140	520	580	780	840	150	300	450	370	350	190	710	730	920	890	430	960	410	950	130	750	420	510	580	810	530	670	480	630	800	410	880	420	340	240	310	630	650	120	740	940	640	770	250	380	320	780	700	900	790	550	380	820	520	550	490	550	320	700	890	880	680	600	420	550	440	970	930	140	180	800	140	240	920	720	130	880	960	350	960	240	220	700	880	650	800	220	600	470	250	680	220	620	790	890	200	560	650	760	730	390	880	900	480	210	500	620	360	470	640	580	980	960	570	440	610	450	140	340	700	450	640	460	970	900	170	630	560	940	810	850	400	330	310	570	300	550	510	840	750	910	550	700	250	310	960	200	670	520	830	210	740	170	440	910	830	840	870	260	280	480	980	730	370	230	900	370	230	360	420	810	110	350	320	920	610	610	120	370	800	710	670	180	700	510	450	270	210	420	560	470	180	980	130	930	790	980	220	370	880	760	540	170	680	490	820	490	760	170	620	960	470	410	1000	450	520	760	470	590	800	280	660	110	740	410	640	1000	250	360	250	510	660	930	180	480	940	100	190	670	400	920	690	200	880	830	280	180	380	700	710	590	310	720	730	270	540	690	510	960	350	300	840	260	710	210	150	860	500	890	950	730	990	470	280	910	540	810	980	250	400	460	580	100	540	920	180	340	950	260	550	720	140	890	510	430	700	650	330	970	760	810	590	670	950	230	280	820	440	790	660	580	920	610	840	380	200	100	680	940	400	240	850	900	600	110	520	690	250	270	190	340	850	420	240	160	500	780	400	120	610	890	630	250	550	960	680	780	100	940	510	580	630	160	410	130	850	170	820	140	940	640	890	320	450	180	800	560	470	380	220	220	830	510	1000	740	820	480	820	840	860	350	280	970	640	710	410	170	290	960	790	390	660	510	930	240	640	500	230	180	570	190	290	730	790	860	470	970	700	190	160	320	620	930	130	210	510	130	590	950	330	390	430	670	770	120	680	230	530	390	400	810	860	150	700	450	920	540	320	560	950	820	970	990	530	360	320	440	400	370	510	760	340	880	330	560	180	200	840	210	850	870	540	1000	880	300	550	500	630	820	960	350	990	940	840	390	180	920	570	150	170	450	160	560	410	600	310	700	780	800	350	730	690	680	320	260	670	130	970	910	890	380	1000	520	460	200	580	170	360	880	260	810	630	720	480	390	210	850	280	730	820	320	510	120	730	320	930	280	510	670	640	780	680	490	470	450	870	860	250	770	560	340	960	220	800	990	690	340	950	710	140	960	830	320	500	540	640	870	990	110	370	720	440	730	510	490	660	100	1000	890	970	420	930	290	300	460	540	770	160	750	520	910	700	960	570	990	320	140	650	190	910	450	600	290	300	830	590	250	750	930	710	290	890	350	870	370	190	970	530	190	950	450	230	140	440	490	930	820	590	390	290	270	410	850	180	510	370	730	130	970	120	930	610	450	900	810	410	680	660	150	520	760	620	440	910	890	310	490	760	550	700	100	450	100	670	840	600	290	310	750	370	890	840	150	800	890	880	260	330	160	790	170	700	670	530	980	850	790	370	900	210	410	900	110	510	120	790	330	500	450	350	210	290	500	880	650	1000	380	370	310	710	170	510	970	430	440	270	650	280	620	790	390	600	990	550	950	690	540	110	940	730	120	570	770	970	220	670	760	740	880	960	450	280	290	830	410	690	460	190	790	220	800	160	350	360	620	100	990	390	990	550	500	300	250	740	550	110	470	780	380	980	890	370	490	340	880	230	110	920	470	810	290	430	340	290	370	420	890	190	610	120	240	200	420	680	880	400	180	310	190	290	610	360	470	510	230	330	410	540	710	800	930	450	540	550	920	830	380	420	390	660	670	270	420	480	760	230	470	300	810	810	500	910	970	410	940	990	850	890	120	610	480	120	1000	630	950	150	850	780	600	620	520	880	300	520	760	560	360	370	510	840	880	290	270	540	410	960	360	420	530	400	640	680	210	300	630	390	760	110	540	920	150	500	160	990	700	780	250	330	970	1000	720	100	150	840	580	240	730	1000	430	950	660	720	790	170	440	990	890	550	620	530	300	650	870	330	990	870	410	400	930	880	510	950	900	610	700	220	720	550	820	490	100	290	120	900	900	380	640	550	250	970	130	530	290	180	170	120	620	430	490	590	750	220	950	270	210	300	860	220	540	670	330	910	930	870	820	310	680	600	660	590	250	110	180	270	240	720	120	520	670	240	630	480	190	520	800	890	640	470	700	140	610	790	720	420	380	570	680	660	540	900	370	700	220	850	200	530	880	970	520	180	170	360	350	740	770	500	910	810	600	690	480	130	580	430	650	740	130	720	630	730	720	370	360	820	700	460	550	700	550	680	220	630	390	970	990	480	960	220	970	970	660	780	630	350	870	330	300	400	580	880	510	140	730	270	160	930	480	560	270	330	500	550	240	190	480	210	560	220	400	770	120	810	120	810	690	360	600	410	510	860	360	290	940	370	340	700	990	520	320	590	430	790	340	330	280	850	840	140	290	540	360	290	400	1000	710	910	310	780	160	570	380	230	820	290	820	590	610	250	230	840	660	630	970	500	290	690	280	500	170	1000	650	220	1000	960	110	340	130	570	300	340	440	800	900	280	260	140	630	600	200	290	390	960	440	480	670	690	610	800	820	950	570	430	460	700	820	530	300	230	990	970	960	940	690	140	200	890	150	240	740	890	470	250	670	240	780	530	240	670	990	850	910	480	130	930	230	350	540	920	910	860	130	580	190	310	180	160	500	230	230	660	530	840	630	610	140	520	550	820	460	640	570	340	720	400	410	750	510	840	920	930	200	1000	990	230	510	740	580	260	800	170	110	770	240	840	970	630	120	960	160	930	560	840	890	580	660	220	640	320	240	190	470	320	220	940	910	530	550	570	690	460	390	350	360	290	390	690	590	410	500	290	450	940	780	280	460	830	130	690	120	180	660	390	350	130	600	540	350	240	560	640	280	450	570	150	690	890	230	720	110	970	630	720	460	950	830	800	720	320	830	690	460	310	570	270	320	580	370	920	370	960	730	830	310	300	730	430	630	230	950	380	170	1000	230	620	980	130	970	790	270	760	620	490	860	420	420	270	710	500	900	350	190	780	590	860	730	820	940	810	990	710	850	580	250	800	380	670	890	240	940	280	620	350	480	260	960	180	600	150	250	670	440	320	570	300	220	630	420	780	190	850	920	1000	400	410	140	140	120	290	120	280	520	990	990	740	150	850	980	980	710	990	760	630	190	930	570	120	560	740	430	120	990	450	670	410	940	180	520	840	660	390	760	440	970	750	850	620	840	510	740	730	710	340	900	700	120	290	940	490	690	250	680	940	620	360	770	570	480	780	840	150	110	420	140	970	750	450	120	330	970	520	150	110	380	580	690	390	520	940	780	160	980	910	230	980	900	930	350	670	750	970	120	390	350	350	550	760	220	160	430	150	600	670	340	350	960	460	120	340	580	580	790	660	140	250	430	910	740	220	150	130	880	770	300	930	870	620	670	400	120	300	530	110	540	370	260	240	980	540	780	650	670	490	880	670	730	580	710	900	790	870	290	300	980	680	950	570	540	170	840	320	580	590	580	780	460	480	920	730	470	930	560	730	620	740	390	440	740	940	140	320	620	440	820	950	890	220	110	220	500	140	140	650	290	410	500	630	490	210	520	950	990	180	530	100	260	420	210	280	740	160	110	900	770	200	910	910	530	510	110	610	290	280	570	640	660	760	590	310	910	820	150	470	1000	520	570	410	670	820	380	920	790	740	490	800	120	900	850	620	690	560	660	230	640	220	520	220	300	420	580	600	320	100	990	170	590	960	960	610	840	760	820	360	200	340	570	960	410	720	990	660	650	880	270	950	900	260	570	900	560	820	330	270	500	970	660	590	980	810	810	930	640	300	600	770	720	840	550	710	110	660	670	250	680	900	490	950	570	100	130	180	880	310	550	790	350	490	200	210	660	910	150	210	220	530	450	1000	810	480	120	430	350	670	900	710	530	910	380	880	760	300	740	380	410	410	770	920	150	160	310	930	430	990	770	440	690	930	120	650	540	100	490	540	670	600	610	840	970	390	240	630	890	330	740	110	880	210	400	180	840	800	580	110	400	880	290	390	930	720	550	530	700	190	370	870	440	920	610	170	810	230	180	720	840	430	120	770	110	140	720	650	930	310	460	490	260	530	530	700	960	460	970	610	690	490	250	220	850	190	290	940	160	450	530	140	630	680	710	700	190	210	660	750	750	530	430	530	150	220	350	690	510	630	460	910	940	930	770	200	400	600	930	500	310	270	240	330	900	230	260	490	990	230	390	970	290	800	910	930	940	220	210	1000	450	620	320	560	720	200	420	960	620	720	820	810	950	510	450	380	670	340	950	850	540	880	880	300	120	860	490	850	540	200	950	480	860	170	890	290	910	850	380	930	600	750	620	920	550	370	920	260	420	250	720	850	160	120	780	910	330	600	410	660	200	400	370	130	450	840	610	760	610	160	570	260	290	680	850	460	610	100	520	930	110	920	520	890	360	120	730	910	980	520	170	890	220	880	230	830	230	510	880	920	640	980	310	680	590	240	290	300	330	150	750	170	510	680	480	700	570	870	360	310	740	230	480	210	630	600	990	630	300	940	360	660	1000	460	660	480	490	640	1000	900	910	150	170	350	810	860	350	330	870	700	410	560	180	210	460	750	540	510	960	780	810	120	510	690	840	310	290	660	970	320	240	700	690	730	400	100	280	510	920	570	610	930	720	550	230	140	950	480	770	250	590	110	730	650	180	250	610	850	1000	210	290	550	440	810	280	270	750	960	760	920	730	470	100	300	180	600	110	550	130	320	230	110	590	440	450	270	250	200	730	990	740	140	690	330	690	370	210	910	970	710	570	670	580	180	970	430	840	440	540	500	860	270	430	330	910	460	660	630	680	630	850	970	710	400	330	430	150	240	810	370	900	440	460	490	330	970	260	1000	690	250	210	360	870	120	730	450	820	950	330	190	570	820	900	160	860	170	610	370	250	830	920	210	630	550	220	910	230	570	940	270	530	270	650	520	440	710	630	510	860	790	350	250	840	490	420	200	900	380	420	720	730	170	530	680	550	1000	190	210	100	540	650	670	710	170	750	540	350	110	690	890	530	380	440	730	590	220	940	410	540	780	990	240	940	630	110	450	290	380	450	150	730	540	160	810	530	990	240	120	410	500	110	260	390	630	890	200	350	390	640	110	450	490	820	700	280	370	590	530	620	540	680	490	110	610	350	530	700	880	780	190	170	610	160	480	880	130	860	970	890	230	100	100	220	730	700	920	440	450	400	840	640	400	710	790	390	850	420	760	780	370	220	460	200	250	620	700	880	930	350	300	290	760	100	320	290	680	610	880	600	510	890	370	550	790	600	380	250	250	250	880	460	590	900	220	830	890	190	300	610	130	1000	620	340	370	110	750	390	370	780	330	760	480	520	640	250	830	520	990	150	130	110	510	860	570	560	960	810	300	840	510	690	940	810	660	310	710	240	780	800	780	550	980	640	500	950	650	850	120	400	150	670	810	520	750	680	390	100	860	880	820	490	680	350	260	540	420	760	180	620	990	830	440	690	980	600	870	900	560	790	360	510	640	200	910	240	500	800	240	660	330	960	700	760	810	490	1000	320	600	410	380	460	100	770	150	890	640	490	480	990	710	420	1000	330	370	660	900	720	870	410	380	180	850	910	380	180	900	520	670	980	510	800	1000	120	680	780	1000	860	290	350	980	220	440	730	650	750	880	760	660	810	110	270	810	450	540	190	810	370	800	790	590	530	490	860	770	240	770	940	940	210	660	750	540	620	160	740	590	720	180	190	230	920	930	860	310	120	560	230	850	680	930	420	370	390	560	280	570	470	170	300	910	830	510	670	650	420	680	710	100	820	990	570	220	420	810	530	830	730	870	710	160	740	500	400	160	110	970	770	520	870	530	760	160	190	240	460	900	310	600	910	560	1000	390	910	750	290	500	580	920	710	750	120	220	140	980	660	430	400	810	520	210	940	820	590	360	380	170	810	290	800	270	200	590	630	820	280	400	450	540	940	890	330	490	850	630	760	470	820	940	490	800	980	190	910	990	100	480	370	610	400	190	870	350	180	370	230	560	560	380	460	140	1000	750	270	780	690	680	520	620	320	140	780	410	600	600	460	820	670	970	690	720	220	910	560	430	230	730	670	240	250	910	410	720	520	390	180	510	550	860	200	580	350	450	440	160	130	880	240	130	620	750	450	310	470	710	490	420	910	590	940	440	540	310	240	220	860	640	980	470	400	720	940	200	950	390	660	530	330	510	100	410	820	870	960	170	410	140	810	960	360	360	720	100	890	380	180	810	220	870	360	640	910	340	770	690	660	1000	880	890	450	580	370	770	880	900	990	680	530	950	860	840	750	710	900	940	570	200	330	920	190	720	540	520	740	650	310	920	320	330	900	720	590	970	500	140	230	250	370	460	120	750	440	320	840	240	200	520	590	430	380	870	200	200	860	660	420	620	890	410	960	920	430	970	170	340	320	270	1000	550	560	570	910	240	520	630	680	440	390	910	940	690	400	710	890	440	790	560	140	860	810	740	570	900	160	760	250	600	370	810	550	390	900	400	570	180	410	680	480	220	320	760	130	880	790	960	820	560	130	930	590	470	300	910	160	210	880	900	650	580	490	730	880	580	770	1000	270	300	760	760	830	890	830	160	550	440	570	910	520	930	450	1000	960	470	860	380	100	400	740	290	550	260	290	750	870	710	120	550	810	580	820	530	880	300	820	720	310	280	230	510	680	600	660	700	620	370	100	610	970	620	160	940	880	160	630	250	140	700	850	720	940	820	850	550	820	150	820	420	640	310	780	270	650	880	1000	930	460	800	990	880	170	200	110	210	660	220	650	670	330	650	540	1000	560	870	980	260	230	160	820	350	820	440	510	910	640	190	160	750	610	370	990	500	880	520	560	620	940	310	660	610	860	190	680	320	250	540	500	840	450	650	550	990	200	360	300	350	930	530	400	980	500	260	740	690	740	230	730	120	790	760	430	500	860	650	930	1000	610	200	170	560	320	230	840	510	280	700	870	220	740	840	480	870	770	790	820	360	120	640	290	280	160	300	520	840	460	270	260	900	140	750	100	960	470	820	470	340	300	470	710	860	650	740	870	620	920	1000	660	420	450	540	810	380	760	920	770	100	120	250	480	720	400	270	560	600	450	330	750	490	120	850	650	370	110	800	290	550	940	560	940	670	220	310	510	510	350	480	160	450	700	980	870	640	790	220	680	390	260	1000	960	850	410	990	570	1000	480	650	170	690	1000	110	610	700	910	360	410	520	470	360	100	570	630	470	380	820	550	680	940	140	110	410	430	440	820	160	240	900	220	130	970	390	940	510	370	830	350	330	860	860	260	170	270	800	130	430	180	700	840	710	250	550	760	980	580	210	430	520	750	390	150	800	660	790	780	510	750	670	890	740	890	540	780	420	290	700	420	440	320	720	220	220	580	580	200	720	290	350	360	900	320	740	310	120	910	100	820	940	970	340	670	700	930	180	660	130	890	180	640	550	140	870	100	310	170	100	960	730	390	880	870	900	780	340	480	120	650	940	660	200	320	920	670	710	440	420	450	290	100	760	800	620	690	850	660	330	450	440	210	600	410	380	220	970	550	750	330	690	440	720	910	210	960	370	700	140	810	980	590	930	650	610	510	890	740	160	430	450	560	380	750	610	570	150	650	560	730	860	380	430	820	940	610	860	330	880	470	710	990	860	190	700	180	740	640	120	170	600	890	830	810	570	230	910	730	920	770	700	160	510	390	480	610	870	820	910	620	500	310	830	810	140	340	490	300	690	640	680	160	440	780	130	120	970	1000	880	130	100	110	670	920	430	870	690	570	300	110	230	860	810	1000	910	710	990	330	780	380	640	310	820	380	700	680	500	750	380	1000	600	710	630	210	810	770	280	
100
