6426
120
4
90
0	0	0	0	0	48	0	0	0	0	0	0	0	0	0	0	0	0	0	0	0	0	0	0	0	0	0	0	0	0	0	0	0	0	0	0	0	0	0	0	0	0	0	0	0	0	0	0	0	0	48	0	0	0	0	0	0	0	0	0	0	0	0	0	0	0	0	0	0	0	0	0	0	0	0	0	0	0	0	0	0	0	0	0	0	0	0	0	0	0	0	0	0	0	0	0	0	0	48	0	0	0	0	0	0	0	0	0	0	0	48	0	0	0	0	0	0	0	0	0	
0	0	0	0	0	0	0	0	0	0	0	0	0	0	0	0	0	0	0	0	0	0	0	0	0	0	0	0	0	0	0	0	0	0	0	0	0	0	48	0	0	0	0	0	0	0	0	0	0	0	0	0	0	0	0	0	0	0	0	0	48	48	0	0	0	0	0	0	0	0	0	0	0	0	0	0	0	0	0	0	48	0	0	0	0	0	0	0	0	0	0	0	0	0	0	0	0	0	0	0	0	0	0	0	0	0	0	0	0	0	0	0	0	0	0	0	0	0	0	0	
0	0	0	0	0	0	0	0	0	0	0	0	0	0	0	0	0	0	0	0	0	0	0	0	0	0	0	0	0	0	0	0	0	0	0	0	0	0	0	0	0	0	0	0	0	48	0	0	0	0	0	0	0	0	0	0	0	0	48	0	0	0	0	0	0	0	0	0	0	0	0	0	0	0	0	0	0	0	0	0	0	0	0	0	0	0	0	0	0	0	0	0	0	0	48	0	0	0	0	0	0	0	0	0	0	0	0	48	0	0	0	0	0	0	0	0	0	0	0	0	
0	0	0	0	0	0	0	0	0	0	0	0	0	0	0	0	0	0	0	0	0	0	0	0	0	0	0	0	0	0	0	0	0	0	0	0	0	0	0	0	0	0	0	0	0	0	0	0	0	0	0	0	0	0	0	48	0	0	0	0	0	0	0	0	0	0	0	0	0	0	48	0	0	0	0	0	0	0	0	48	0	0	0	0	0	0	0	0	0	0	0	0	0	0	0	0	0	0	0	0	0	0	0	0	0	0	48	0	0	0	0	0	0	0	0	0	0	0	0	0	
0	0	0	0	0	0	0	0	0	0	0	0	0	0	0	0	0	48	0	0	0	0	48	0	0	0	0	0	0	0	0	0	0	0	0	0	0	0	0	0	0	0	0	0	0	0	0	0	0	0	0	0	0	0	0	0	0	0	0	0	0	0	0	0	0	0	0	0	0	0	0	0	0	0	0	0	0	0	0	0	0	0	0	0	0	48	0	0	0	0	0	0	0	0	0	0	0	0	0	0	0	0	0	0	0	0	0	0	0	0	0	48	0	0	0	0	0	0	0	0	
48	0	0	0	0	0	0	48	0	0	0	0	0	0	0	0	0	0	0	0	0	0	0	0	0	0	0	0	48	0	0	0	0	0	0	0	0	0	0	0	0	0	0	0	0	0	0	0	0	0	0	0	0	0	0	0	0	0	0	0	0	0	0	0	0	0	0	0	0	0	0	0	0	0	0	0	0	0	0	0	0	0	0	0	0	0	0	0	0	0	0	0	0	0	0	0	0	0	48	0	0	0	0	0	0	0	0	0	0	0	0	0	0	0	0	0	0	0	0	0	
0	0	0	0	0	0	0	0	0	0	0	0	0	0	0	0	0	0	0	0	0	0	0	48	0	0	0	0	0	0	0	0	0	48	0	0	0	0	0	0	0	0	0	0	0	0	0	0	0	0	0	0	0	0	0	0	0	0	0	0	0	0	0	0	0	0	0	0	0	0	0	0	0	0	0	48	0	0	0	0	0	0	0	0	0	0	0	0	0	0	0	0	0	0	0	0	48	0	0	0	0	0	0	0	0	0	0	0	0	0	0	0	0	0	0	0	0	0	0	0	
0	0	0	0	0	48	0	0	0	0	0	0	0	0	0	0	0	0	0	0	0	0	0	0	0	0	0	0	48	0	0	0	0	0	0	0	0	0	0	0	0	0	0	0	0	0	0	0	0	0	0	0	48	0	0	0	0	0	0	0	0	0	0	0	0	0	0	0	0	0	0	0	0	0	0	0	0	0	0	0	0	0	0	0	0	0	0	0	0	0	0	0	0	0	0	0	0	0	48	0	0	0	0	0	0	0	0	0	0	0	0	0	0	0	0	0	0	0	0	0	
0	0	0	0	0	0	0	0	0	0	0	0	0	0	0	0	0	0	48	0	0	0	0	0	0	48	0	0	0	0	0	0	0	0	0	0	0	0	0	0	0	0	0	0	0	0	0	0	0	0	0	0	0	0	0	0	0	48	0	0	0	0	0	0	0	0	0	0	48	0	0	0	0	0	0	0	0	0	0	0	0	0	0	0	0	0	0	0	0	0	0	0	0	0	0	0	0	0	0	0	0	0	0	0	0	0	0	0	0	0	0	0	0	0	0	0	0	0	0	0	
0	0	0	0	0	0	0	0	0	0	0	0	0	0	0	0	0	0	0	0	0	0	0	0	0	0	0	0	0	0	0	0	0	0	0	0	0	0	0	0	0	0	0	48	0	0	0	0	0	0	0	0	0	0	0	0	0	0	0	0	0	0	0	0	0	0	0	0	0	0	0	0	0	0	0	0	0	0	0	0	0	0	0	0	0	0	0	0	0	0	48	0	48	0	0	0	0	0	0	0	0	0	0	0	0	0	0	0	0	0	0	0	0	0	48	0	0	0	0	0	
0	0	0	0	0	0	0	0	0	0	0	0	0	0	0	0	0	0	0	0	0	0	0	0	0	0	0	0	0	0	0	0	0	0	0	0	0	0	0	0	48	0	0	0	0	0	0	0	0	0	0	48	0	0	0	0	0	0	0	0	0	0	48	0	0	0	0	0	0	0	0	0	0	0	0	0	0	0	0	0	0	0	0	0	0	48	0	0	0	0	0	0	0	0	0	0	0	0	0	0	0	0	0	0	0	0	0	0	0	0	0	0	0	0	0	0	0	0	0	0	
0	0	0	0	0	0	0	0	0	0	0	0	0	0	0	0	48	0	0	0	0	0	0	0	0	0	0	0	0	0	0	0	0	0	0	0	0	0	0	0	0	0	0	0	0	0	0	0	0	48	0	0	0	0	0	0	0	0	0	0	0	48	0	48	0	0	0	0	0	0	0	0	0	0	0	0	0	0	0	0	0	0	0	0	0	0	0	0	0	0	0	0	0	0	0	0	0	0	0	0	0	0	0	0	0	0	0	0	0	0	0	0	0	0	0	0	0	0	0	0	
0	0	0	0	0	0	0	0	0	0	0	0	0	0	48	0	0	0	0	0	0	0	0	0	0	0	0	0	0	0	0	0	0	0	0	0	0	0	48	0	0	0	0	0	0	0	0	0	0	0	0	0	0	0	0	0	0	0	0	0	0	0	0	0	48	0	0	0	0	0	0	48	0	0	0	0	0	0	0	0	0	0	0	0	0	0	0	0	0	0	0	0	0	0	0	0	0	0	0	0	0	0	0	0	0	0	0	0	0	0	0	0	0	0	0	0	0	0	0	0	
0	0	0	0	0	0	0	0	0	0	0	0	0	0	0	48	0	0	0	0	0	0	0	0	0	0	0	0	0	0	0	0	0	0	0	0	0	0	0	0	0	0	0	0	0	0	0	0	0	0	0	0	0	48	0	0	0	0	0	0	0	0	0	0	0	0	0	0	0	48	0	0	0	0	0	0	0	0	0	0	0	0	0	0	0	0	0	0	0	0	0	0	0	0	0	0	0	0	0	0	0	0	0	0	0	0	0	0	0	0	0	0	0	0	48	0	0	0	0	0	
0	0	0	0	0	0	0	0	0	0	0	0	48	0	0	0	0	0	48	0	0	0	0	0	0	0	0	0	0	0	0	0	0	0	0	0	0	0	48	0	0	0	0	0	0	0	0	48	0	0	0	0	0	0	0	0	0	0	0	0	0	0	0	0	0	0	0	0	0	0	0	0	0	0	0	0	0	0	0	0	0	0	0	0	0	0	0	0	0	0	0	0	0	0	0	0	0	0	0	0	0	0	0	0	0	0	0	0	0	0	0	0	0	0	0	0	0	0	0	0	
0	0	0	0	0	0	0	0	0	0	0	0	0	48	0	0	0	0	0	0	0	0	0	0	0	0	0	0	0	0	0	0	0	0	0	0	0	0	0	0	0	0	0	0	0	0	0	0	0	0	0	0	0	48	0	0	0	0	0	0	0	0	0	0	0	0	0	0	0	48	0	0	0	0	0	0	0	0	0	48	0	0	0	0	0	0	0	0	0	0	0	0	0	0	0	0	0	0	0	0	0	0	0	0	0	0	0	0	0	0	0	0	0	0	0	0	0	0	0	0	
0	0	0	0	0	0	0	0	0	0	0	48	0	0	0	0	0	0	0	0	0	0	0	0	0	0	0	0	0	0	0	0	0	0	0	48	0	0	0	0	0	0	0	0	0	0	0	0	0	48	0	0	0	0	48	0	0	0	0	0	0	0	0	0	0	0	0	0	0	0	0	0	0	0	0	0	0	0	0	0	0	0	0	0	0	0	0	0	0	0	0	0	0	0	0	0	0	0	0	0	0	0	0	0	0	0	0	0	0	0	0	0	0	0	0	0	0	0	0	0	
0	0	0	0	48	0	0	0	0	0	0	0	0	0	0	0	0	0	0	0	0	0	48	0	0	0	0	0	0	0	0	0	0	0	0	0	0	0	0	0	48	0	0	0	0	0	0	0	0	0	0	0	0	0	0	0	0	0	0	0	0	0	0	0	0	0	0	0	0	0	0	0	0	0	0	0	0	0	0	0	0	0	0	0	0	48	0	0	0	0	0	0	0	0	0	0	0	0	0	0	0	0	0	0	0	0	0	0	0	0	0	0	0	0	0	0	0	0	0	0	
0	0	0	0	0	0	0	0	48	0	0	0	0	0	48	0	0	0	0	0	0	0	0	0	0	0	0	0	0	0	0	0	0	0	0	0	0	0	0	0	0	0	0	0	0	0	0	48	0	0	0	0	0	0	0	0	0	0	0	0	0	0	0	0	0	0	0	48	0	0	0	0	0	0	0	0	0	0	0	0	0	0	0	0	0	0	0	0	0	0	0	0	0	0	0	0	0	0	0	0	0	0	0	0	0	0	0	0	0	0	0	0	0	0	0	0	0	0	0	0	
0	0	0	0	0	0	0	0	0	0	0	0	0	0	0	0	0	0	0	0	0	0	0	0	0	0	0	0	0	0	0	0	0	0	0	0	0	0	0	0	0	0	0	0	0	0	0	0	0	0	0	0	0	48	0	0	48	0	0	0	0	0	0	0	0	0	48	0	0	0	0	0	0	0	0	0	0	0	0	0	0	0	0	0	0	0	48	0	0	0	0	0	0	0	0	0	0	0	0	0	0	0	0	0	0	0	0	0	0	0	0	0	0	0	0	0	0	0	0	0	
0	0	0	0	0	0	0	0	0	0	0	0	0	0	0	0	0	0	0	0	0	0	0	0	0	0	0	0	0	0	0	0	0	0	0	0	0	0	0	0	0	0	0	0	0	48	0	0	0	0	0	0	0	0	0	0	0	0	48	0	0	0	0	0	0	0	0	0	0	0	0	0	0	0	0	0	0	0	0	0	0	0	0	0	0	0	0	0	0	0	0	0	0	0	0	0	0	0	0	0	0	0	0	0	0	0	0	0	0	0	0	0	0	0	0	0	48	0	48	0	
0	0	0	0	0	0	0	0	0	0	0	0	0	0	0	0	0	0	0	0	0	0	0	0	0	0	0	0	0	0	0	0	0	0	0	0	48	0	0	0	0	0	0	0	0	0	0	0	0	0	0	0	0	0	0	0	0	0	0	0	0	0	0	0	0	0	0	0	0	0	0	0	0	0	48	0	0	0	0	0	0	0	0	0	0	0	0	0	0	48	0	0	0	0	0	0	0	0	0	0	0	0	0	0	0	0	0	0	0	0	0	0	0	48	0	0	0	0	0	0	
0	0	0	0	48	0	0	0	0	0	0	0	0	0	0	0	0	48	0	0	0	0	0	0	0	0	0	0	0	0	0	0	0	0	0	0	0	0	0	0	0	0	0	0	0	0	0	0	0	0	0	0	0	0	0	0	0	0	0	0	0	0	0	0	0	0	0	0	48	0	0	0	0	0	0	0	0	0	0	0	0	0	0	0	0	48	0	0	0	0	0	0	0	0	0	0	0	0	0	0	0	0	0	0	0	0	0	0	0	0	0	0	0	0	0	0	0	0	0	0	
0	0	0	0	0	0	48	0	0	0	0	0	0	0	0	0	0	0	0	0	0	0	0	0	0	0	0	0	0	0	0	0	0	48	0	0	0	0	0	0	0	0	0	0	0	0	0	0	0	0	0	0	0	0	0	0	0	0	0	0	0	0	0	0	0	0	0	0	0	0	0	0	0	0	0	48	0	0	0	0	0	0	0	0	0	0	0	0	0	0	0	0	0	0	0	0	0	0	0	0	0	0	0	0	0	0	0	0	0	0	0	0	0	0	0	0	0	0	48	0	
0	0	0	0	0	0	0	0	0	0	0	0	0	0	0	0	0	0	0	0	0	0	0	0	0	0	0	0	0	0	0	0	0	0	0	0	0	0	0	0	0	0	0	0	0	0	0	0	0	0	0	0	0	0	0	0	0	0	0	48	0	0	0	0	48	0	0	0	0	0	48	0	0	0	0	0	0	0	0	0	0	0	48	0	0	0	0	0	0	0	0	0	0	0	0	0	0	0	0	0	0	0	0	0	0	0	0	0	0	0	0	0	0	0	0	0	0	0	0	0	
0	0	0	0	0	0	0	0	48	0	0	0	0	0	0	0	0	0	0	0	0	0	0	0	0	0	0	0	0	0	0	0	0	0	0	0	0	0	0	0	0	0	0	0	0	0	0	0	0	0	0	0	0	0	0	0	0	0	0	0	0	0	0	0	0	0	0	0	48	0	0	48	0	0	0	0	0	0	0	0	0	0	0	0	0	0	0	0	0	0	0	0	0	0	0	0	0	0	0	0	0	0	0	0	0	0	0	0	0	0	0	0	0	0	0	48	0	0	0	0	
0	0	0	0	0	0	0	0	0	0	0	0	0	0	0	0	0	0	0	0	0	0	0	0	0	0	0	0	0	0	0	0	0	0	0	0	0	0	0	0	0	0	0	0	0	0	0	0	48	0	0	0	0	0	0	0	0	0	0	0	0	0	0	0	0	0	0	0	0	0	0	0	0	0	0	0	0	48	0	0	0	0	0	0	0	0	0	0	0	0	0	0	0	0	0	0	0	0	0	48	0	0	0	0	0	0	0	0	48	0	0	0	0	0	0	0	0	0	0	0	
0	0	0	0	0	0	0	0	0	0	0	0	0	0	0	0	0	0	0	0	0	0	0	0	0	0	0	0	0	0	0	0	0	0	48	0	0	0	0	0	0	0	0	0	48	0	0	0	0	0	0	0	0	0	0	0	0	0	0	0	0	0	0	0	0	0	0	0	0	0	0	0	0	0	0	0	0	0	0	0	0	0	0	0	0	0	0	0	48	0	0	0	0	0	0	0	0	0	0	0	0	0	0	0	0	0	0	0	0	0	0	0	0	0	0	0	0	0	0	48	
0	0	0	0	0	48	0	48	0	0	0	0	0	0	0	0	0	0	0	0	0	0	0	0	0	0	0	0	0	0	0	0	0	0	0	0	0	0	0	0	0	0	0	0	0	0	0	0	0	0	48	0	0	0	0	0	0	0	0	0	0	0	0	0	0	0	0	0	0	0	0	0	0	0	0	0	0	0	0	0	0	0	0	0	0	0	0	0	0	0	0	0	0	0	0	0	0	0	48	0	0	0	0	0	0	0	0	0	0	0	0	0	0	0	0	0	0	0	0	0	
0	0	0	0	0	0	0	0	0	0	0	0	0	0	0	0	0	0	0	0	0	0	0	0	0	0	0	0	0	0	0	0	0	0	0	0	0	0	0	0	48	0	48	0	0	0	0	0	0	0	0	0	0	0	0	0	0	0	0	0	0	0	0	0	0	0	0	0	0	0	0	0	0	0	0	0	0	0	0	0	0	0	0	0	0	0	0	0	0	0	0	0	0	0	0	0	0	0	0	0	0	0	0	0	0	48	0	0	0	0	0	48	0	0	0	0	0	0	0	0	
0	0	0	0	0	0	0	0	0	0	0	0	0	0	0	0	0	0	0	0	0	0	0	0	0	0	0	0	0	0	0	0	48	0	0	0	0	0	0	0	0	0	0	0	0	0	0	0	0	0	0	0	0	0	0	48	0	0	0	0	0	0	0	0	0	0	0	0	0	0	0	0	0	0	0	0	0	0	0	0	0	0	0	0	0	0	0	0	0	0	0	0	0	0	0	0	0	0	0	0	0	0	48	0	0	0	48	0	0	0	0	0	0	0	0	0	0	0	0	0	
0	0	0	0	0	0	0	0	0	0	0	0	0	0	0	0	0	0	0	0	0	0	0	0	0	0	0	0	0	0	0	0	0	0	0	0	0	0	0	0	0	0	0	0	0	0	0	0	48	0	0	0	0	0	0	0	0	0	0	0	0	0	0	0	0	0	0	0	0	0	0	0	0	0	0	0	0	48	0	0	0	0	0	0	0	0	0	0	0	0	0	0	0	0	0	0	0	48	0	48	0	0	0	0	0	0	0	0	0	0	0	0	0	0	0	0	0	0	0	0	
0	0	0	0	0	0	0	0	0	0	0	0	0	0	0	0	0	0	0	0	0	0	0	0	0	0	0	0	0	0	48	0	0	0	0	0	0	0	0	0	0	0	0	0	0	0	0	0	0	0	0	0	0	0	0	48	0	0	0	0	0	0	0	0	0	0	0	0	0	0	0	0	0	0	0	0	0	0	0	0	0	0	0	0	0	0	0	0	0	0	0	0	0	0	0	0	0	0	0	0	0	0	48	0	0	0	48	0	0	0	0	0	0	0	0	0	0	0	0	0	
0	0	0	0	0	0	48	0	0	0	0	0	0	0	0	0	0	0	0	0	0	0	0	48	0	0	0	0	0	0	0	0	0	0	0	0	0	0	0	0	0	0	0	0	0	0	0	0	0	0	0	0	48	0	0	0	0	0	0	0	0	0	0	0	0	0	0	0	0	0	0	0	0	0	0	0	0	0	0	0	0	0	0	0	0	0	0	0	0	0	0	0	0	0	0	0	0	0	0	0	0	0	0	0	0	0	0	0	0	0	0	0	48	0	0	0	0	0	0	0	
0	0	0	0	0	0	0	0	0	0	0	0	0	0	0	0	0	0	0	0	0	0	0	0	0	0	0	48	0	0	0	0	0	0	0	0	0	0	0	0	0	0	0	0	0	0	0	0	0	0	0	0	0	0	0	0	0	0	0	0	0	0	0	0	0	0	0	0	0	0	0	0	0	0	0	0	0	0	0	0	0	0	0	0	0	0	0	48	48	0	0	48	0	0	0	0	0	0	0	0	0	0	0	0	0	0	0	0	0	0	0	0	0	0	0	0	0	0	0	0	
0	0	0	0	0	0	0	0	0	0	0	0	0	0	0	0	48	0	0	0	0	0	0	0	0	0	0	0	0	0	0	0	0	0	0	0	0	0	0	48	0	0	0	0	0	0	0	0	0	48	0	0	0	0	48	0	0	0	0	0	0	0	0	0	0	0	0	0	0	0	0	0	0	0	0	0	0	0	0	0	0	0	0	0	0	0	0	0	0	0	0	0	0	0	0	0	0	0	0	0	0	0	0	0	0	0	0	0	0	0	0	0	0	0	0	0	0	0	0	0	
0	0	0	0	0	0	0	0	0	0	0	0	0	0	0	0	0	0	0	0	0	48	0	0	0	0	0	0	0	0	0	0	0	0	0	0	0	0	0	0	0	0	0	0	0	0	0	0	0	0	0	0	0	0	0	0	0	0	0	0	0	0	0	0	0	0	0	0	0	0	0	0	0	0	0	0	0	0	0	0	0	0	0	0	0	0	0	0	48	48	0	0	0	0	0	0	0	0	0	0	0	0	0	0	0	0	0	0	0	0	0	0	0	48	0	0	0	0	0	0	
0	0	0	0	0	0	0	0	0	0	0	0	0	0	0	0	0	0	0	0	0	0	0	0	0	0	0	0	0	0	0	0	0	0	0	0	0	0	0	0	0	0	0	0	0	0	0	0	0	0	0	0	48	0	0	0	0	0	0	48	0	0	0	0	0	0	0	0	0	0	0	0	0	0	0	0	0	0	0	0	0	0	0	0	0	0	0	0	0	0	0	0	0	0	0	0	0	0	0	0	0	0	0	0	0	0	0	0	0	48	0	0	48	0	0	0	0	0	0	0	
0	48	0	0	0	0	0	0	0	0	0	0	48	0	48	0	0	0	0	0	0	0	0	0	0	0	0	0	0	0	0	0	0	0	0	0	0	0	0	0	0	0	0	0	0	0	0	0	0	0	0	0	0	0	0	0	0	0	0	0	0	0	0	0	0	0	0	0	0	0	0	0	0	0	0	0	0	0	0	0	48	0	0	0	0	0	0	0	0	0	0	0	0	0	0	0	0	0	0	0	0	0	0	0	0	0	0	0	0	0	0	0	0	0	0	0	0	0	0	0	
0	0	0	0	0	0	0	0	0	0	0	0	0	0	0	0	0	0	0	0	0	0	0	0	0	0	0	0	0	0	0	0	0	0	0	48	0	0	0	0	0	0	0	0	0	0	0	0	0	48	0	0	0	0	48	0	0	0	0	0	0	0	0	0	0	0	0	0	0	0	0	0	0	0	0	0	0	0	0	48	0	0	0	0	0	0	0	0	0	0	0	0	0	0	0	0	0	0	0	0	0	0	0	0	0	0	0	0	0	0	0	0	0	0	0	0	0	0	0	0	
0	0	0	0	0	0	0	0	0	0	48	0	0	0	0	0	0	48	0	0	0	0	0	0	0	0	0	0	0	48	0	0	0	0	0	0	0	0	0	0	0	0	0	0	0	0	0	0	0	0	0	0	0	0	0	0	0	0	0	0	0	0	48	0	0	0	0	0	0	0	0	0	0	0	0	0	0	0	0	0	0	0	0	0	0	0	0	0	0	0	0	0	0	0	0	0	0	0	0	0	0	0	0	0	0	0	0	0	0	0	0	0	0	0	0	0	0	0	0	0	
0	0	0	0	0	0	0	0	0	0	0	0	0	0	0	0	0	0	0	0	0	0	0	0	0	0	0	0	0	0	0	0	0	0	0	0	0	0	0	0	0	0	0	0	0	0	0	0	48	0	0	0	0	0	0	0	0	0	0	0	0	0	0	0	0	0	0	0	0	0	0	0	0	0	0	0	48	48	0	0	0	0	0	0	0	0	0	0	0	0	0	0	0	0	0	0	0	0	0	48	0	0	0	0	0	0	0	0	0	0	0	0	0	0	0	0	0	0	0	0	
0	0	0	0	0	0	0	0	0	0	0	0	0	0	0	0	0	0	0	0	0	0	0	0	0	0	0	0	0	48	0	0	0	0	0	0	0	0	0	0	0	0	0	0	0	0	0	0	0	0	0	0	0	0	0	0	0	0	0	0	0	0	0	0	0	48	0	0	0	0	0	0	0	0	0	0	0	0	0	0	0	0	0	48	0	0	0	0	0	0	0	0	0	0	0	0	0	0	0	0	0	0	0	0	0	48	0	0	0	0	0	0	0	0	0	0	0	0	0	0	
0	0	0	0	0	0	0	0	0	48	0	0	0	0	0	0	0	0	0	0	0	0	0	0	0	0	0	0	0	0	0	0	0	0	0	0	0	0	0	0	0	0	0	0	0	0	0	0	0	0	0	0	0	0	0	0	0	0	0	0	0	0	0	0	0	0	0	0	0	0	0	0	48	0	0	0	0	0	0	0	0	0	0	0	0	0	0	0	0	0	0	0	48	0	0	0	0	0	0	0	0	0	0	0	0	0	0	0	0	0	0	0	0	0	0	0	0	0	48	0	
0	0	0	0	0	0	0	0	0	0	0	0	0	0	0	0	0	0	0	0	0	0	0	0	0	0	0	48	0	0	0	0	0	0	0	0	0	0	0	0	0	0	0	0	0	0	0	0	0	0	0	0	0	0	0	0	0	0	0	0	0	0	0	0	0	0	0	0	0	0	0	0	0	0	0	0	0	0	0	0	0	0	0	0	0	0	0	0	0	0	0	0	0	0	0	0	0	0	0	0	0	0	0	48	0	0	0	48	0	0	0	0	0	0	0	0	0	0	0	48	
0	0	48	0	0	0	0	0	0	0	0	0	0	0	0	0	0	0	0	0	48	0	0	0	0	0	0	0	0	0	0	0	0	0	0	0	0	0	0	0	0	0	0	0	0	0	0	0	0	0	0	0	0	0	0	0	0	0	48	0	0	0	0	0	0	0	0	0	0	0	0	0	0	0	0	0	0	0	0	0	0	0	0	0	0	0	0	0	0	0	0	0	0	0	48	0	0	0	0	0	0	0	0	0	0	0	0	0	0	0	0	0	0	0	0	0	0	0	0	0	
0	0	0	0	0	0	0	0	0	0	0	0	0	0	0	0	0	0	0	0	0	0	0	0	0	0	0	0	0	0	0	0	0	0	0	0	0	0	0	0	0	0	0	0	0	0	0	0	0	0	0	0	0	0	0	0	0	0	0	0	0	0	48	0	0	0	0	0	0	0	0	0	0	0	48	0	0	0	0	0	0	0	0	48	0	0	0	0	0	0	0	0	0	0	0	0	0	48	0	0	0	0	0	0	0	0	0	0	0	0	0	0	0	0	0	0	0	0	0	0	
0	0	0	0	0	0	0	0	0	0	0	0	0	0	48	0	0	0	48	0	0	0	0	0	0	0	0	0	0	0	0	0	0	0	0	0	0	0	0	0	0	0	0	0	0	0	0	0	0	0	0	0	0	0	0	0	0	0	0	0	48	0	0	0	0	0	0	0	0	0	0	0	0	0	0	0	0	0	0	0	0	0	0	0	0	0	0	0	0	0	0	0	0	0	0	48	0	0	0	0	0	0	0	0	0	0	0	0	0	0	0	0	0	0	0	0	0	0	0	0	
0	0	0	0	0	0	0	0	0	0	0	0	0	0	0	0	0	0	0	0	0	0	0	0	0	0	48	0	0	0	0	48	0	0	0	0	0	0	0	0	0	48	0	0	0	0	0	0	0	0	0	0	0	0	0	0	0	0	0	0	0	0	0	0	0	0	0	0	0	0	0	0	0	0	0	0	0	0	0	0	0	0	0	0	0	0	0	0	0	0	0	0	0	0	0	0	0	0	0	48	0	0	0	0	0	0	0	0	0	0	0	0	0	0	0	0	0	0	0	0	
0	0	0	0	0	0	0	0	0	0	0	48	0	0	0	0	48	0	0	0	0	0	0	0	0	0	0	0	0	0	0	0	0	0	0	48	0	0	0	48	0	0	0	0	0	0	0	0	0	0	0	0	0	0	0	0	0	0	0	0	0	0	0	0	0	0	0	0	0	0	0	0	0	0	0	0	0	0	0	0	0	0	0	0	0	0	0	0	0	0	0	0	0	0	0	0	0	0	0	0	0	0	0	0	0	0	0	0	0	0	0	0	0	0	0	0	0	0	0	0	
48	0	0	0	0	0	0	0	0	0	0	0	0	0	0	0	0	0	0	0	0	0	0	0	0	0	0	0	48	0	0	0	0	0	0	0	0	0	0	0	0	0	0	0	0	0	0	0	0	0	0	0	0	0	0	0	0	0	0	0	0	0	0	0	0	0	0	0	0	0	0	0	0	0	0	0	0	0	0	0	0	0	0	0	0	0	0	0	0	0	0	0	0	0	0	0	48	0	0	0	0	0	0	0	0	0	0	0	0	0	48	0	0	0	0	0	0	0	0	0	
0	0	0	0	0	0	0	0	0	0	48	0	0	0	0	0	0	0	0	0	0	0	0	0	0	0	0	0	0	0	0	0	0	0	0	0	0	0	0	0	0	0	0	0	0	0	0	0	0	0	0	0	0	0	0	0	0	0	0	0	0	0	48	0	0	0	0	0	0	0	0	0	0	0	0	0	0	48	0	0	0	0	0	0	0	0	0	0	0	0	0	0	0	0	0	0	0	0	0	0	0	0	0	0	0	0	0	0	48	0	0	0	0	0	0	0	0	0	0	0	
0	0	0	0	0	0	0	48	0	0	0	0	0	0	0	0	0	0	0	0	0	0	0	0	0	0	0	0	0	0	0	0	0	48	0	0	0	48	0	0	0	0	0	0	0	0	0	0	0	0	0	0	0	0	0	0	0	0	0	0	0	0	0	0	0	0	0	0	0	0	0	0	0	0	0	0	0	0	0	0	0	0	0	0	0	0	0	0	0	0	0	0	0	0	0	0	0	0	0	0	0	0	0	0	0	0	0	0	0	0	0	0	48	0	0	0	0	0	0	0	
0	0	0	0	0	0	0	0	0	0	0	0	0	48	0	48	0	0	0	48	0	0	0	0	0	0	0	0	0	0	0	0	0	0	0	0	0	0	0	0	0	0	0	0	0	0	0	0	0	0	0	0	0	0	0	0	0	0	0	0	0	0	0	0	0	0	0	0	0	0	0	0	0	0	0	0	0	0	0	0	0	0	0	0	0	0	0	0	0	0	0	0	0	0	0	0	0	0	0	0	0	0	0	0	0	0	0	0	0	0	0	0	0	0	48	0	0	0	0	0	
0	0	0	0	0	0	0	0	0	0	0	0	0	0	0	0	48	0	0	0	0	0	0	0	0	0	0	0	0	0	0	0	0	0	0	48	0	0	0	48	0	0	0	0	0	0	0	0	0	0	0	0	0	0	0	0	0	0	0	0	0	0	0	48	0	0	0	0	0	0	0	0	0	0	0	0	0	0	0	0	0	0	0	0	0	0	0	0	0	0	0	0	0	0	0	0	0	0	0	0	0	0	0	0	0	0	0	0	0	0	0	0	0	0	0	0	0	0	0	0	
0	0	0	48	0	0	0	0	0	0	0	0	0	0	0	0	0	0	0	0	0	0	0	0	0	0	0	0	0	0	48	0	48	0	0	0	0	0	0	0	0	0	0	0	0	0	0	0	0	0	0	0	0	0	0	0	0	0	0	0	0	0	0	0	0	0	0	0	0	0	0	0	0	0	0	0	0	0	0	0	0	0	0	0	0	0	0	0	0	0	0	0	0	0	0	0	0	0	0	0	0	0	48	0	0	0	0	0	0	0	0	0	0	0	0	0	0	0	0	0	
0	0	0	0	0	0	0	0	0	0	0	0	0	0	0	0	0	0	0	48	0	0	0	0	0	0	0	0	0	0	0	0	0	0	0	0	0	0	0	0	0	0	0	0	0	0	0	0	0	0	0	0	0	0	0	0	0	0	0	0	0	0	0	0	0	0	48	0	0	0	0	0	0	0	0	0	0	0	0	0	0	0	0	0	0	0	48	0	0	0	48	0	0	0	0	0	0	0	0	0	0	0	0	0	0	0	0	0	0	0	0	0	0	0	0	0	0	0	0	0	
0	0	0	0	0	0	0	0	48	0	0	0	0	0	0	0	0	0	0	0	0	0	0	0	0	0	0	0	0	0	0	0	0	0	0	0	0	0	0	0	0	0	0	0	0	0	0	0	0	0	0	0	0	0	0	0	0	0	0	0	0	0	0	0	0	0	0	0	48	0	0	48	0	0	0	0	0	0	0	0	0	0	0	0	0	0	0	0	0	0	0	0	0	0	0	0	0	0	0	0	0	0	0	0	48	0	0	0	0	0	0	0	0	0	0	0	0	0	0	0	
0	0	48	0	0	0	0	0	0	0	0	0	0	0	0	0	0	0	0	0	48	0	0	0	0	0	0	0	0	0	0	0	0	0	0	0	0	0	0	0	0	0	0	0	0	48	0	0	0	0	0	0	0	0	0	0	0	0	0	0	0	0	0	0	0	0	0	0	0	0	0	0	0	0	0	0	0	0	0	0	0	0	0	0	48	0	0	0	0	0	0	0	0	0	0	0	0	0	0	0	0	0	0	0	0	0	0	0	0	0	0	0	0	0	0	0	0	0	0	0	
0	0	0	0	0	0	0	0	0	0	0	0	0	0	0	0	0	0	0	0	0	0	0	0	48	0	0	0	0	0	0	0	0	0	0	0	0	48	0	0	0	0	0	0	0	0	0	0	0	0	0	0	0	0	0	0	0	0	0	0	0	0	0	0	48	0	0	0	0	0	48	0	0	0	0	0	0	0	0	0	0	0	0	0	0	0	0	0	0	0	0	0	0	0	0	0	0	0	0	0	0	0	0	0	0	0	0	0	0	0	0	0	0	0	0	0	0	0	0	0	
0	48	0	0	0	0	0	0	0	0	0	0	0	0	0	0	0	0	0	0	0	0	0	0	0	0	0	0	0	0	0	0	0	0	0	0	0	0	0	0	0	0	0	0	0	0	0	48	0	0	0	0	0	0	0	0	0	0	0	0	0	0	0	0	0	0	0	0	0	0	0	0	0	0	0	0	0	0	0	0	48	0	0	0	0	0	0	0	0	0	0	0	0	0	0	48	0	0	0	0	0	0	0	0	0	0	0	0	0	0	0	0	0	0	0	0	0	0	0	0	
0	48	0	0	0	0	0	0	0	0	0	48	0	0	0	0	0	0	0	0	0	0	0	0	0	0	0	0	0	0	0	0	0	0	0	0	0	0	0	0	0	0	0	0	0	0	0	0	0	0	0	0	0	0	0	0	0	0	0	0	0	0	0	48	0	0	0	0	0	0	0	0	0	0	0	0	0	0	0	0	48	0	0	0	0	0	0	0	0	0	0	0	0	0	0	0	0	0	0	0	0	0	0	0	0	0	0	0	0	0	0	0	0	0	0	0	0	0	0	0	
0	0	0	0	0	0	0	0	0	0	48	0	0	0	0	0	0	0	0	0	0	0	0	0	0	0	0	0	0	0	0	0	0	0	0	0	0	0	0	0	48	0	0	0	0	0	48	0	0	0	0	48	0	0	0	0	0	0	0	0	0	0	0	0	0	0	0	0	0	0	0	0	0	0	0	0	0	0	0	0	0	0	0	0	0	0	0	0	0	0	0	0	0	0	0	0	0	0	0	0	0	0	0	0	0	0	0	0	0	0	0	0	0	0	0	0	0	0	0	0	
0	0	0	0	0	0	0	0	0	0	0	48	0	0	0	0	0	0	0	0	0	0	0	0	0	0	0	0	0	0	0	0	0	0	0	0	0	0	0	0	0	0	0	0	0	0	0	0	0	0	0	0	0	0	48	0	0	0	0	0	0	48	0	0	0	0	0	0	0	0	0	0	0	0	0	0	0	0	0	0	0	0	0	0	0	0	0	0	0	0	0	0	0	0	0	0	0	0	0	0	0	0	48	0	0	0	0	0	0	0	0	0	0	0	0	0	0	0	0	0	
0	0	0	0	0	0	0	0	0	0	0	0	48	0	0	0	0	0	0	0	0	0	0	0	48	0	0	0	0	0	0	0	0	0	0	0	0	0	0	0	0	0	0	0	0	0	0	0	0	0	0	0	0	0	0	0	0	0	0	48	0	0	0	0	0	0	0	0	0	0	48	0	0	0	0	0	0	0	0	0	0	0	0	0	0	0	0	0	0	0	0	0	0	0	0	0	0	0	0	0	0	0	0	0	0	0	0	0	0	0	0	0	0	0	0	0	0	0	0	0	
0	0	0	0	0	0	0	0	0	0	0	0	0	0	0	0	0	0	0	0	0	0	0	0	0	0	0	0	0	0	0	0	0	0	0	0	0	0	0	0	0	0	48	0	0	0	0	0	0	0	0	0	0	0	0	0	0	0	0	0	0	0	0	0	0	0	0	0	0	0	0	0	0	0	48	0	0	0	0	0	0	48	0	0	0	0	0	0	0	0	0	0	0	0	0	0	0	0	0	0	0	0	0	0	0	0	0	0	0	0	0	0	0	0	0	0	0	48	0	0	
0	0	0	0	0	0	0	0	0	0	0	0	0	0	0	0	0	0	0	48	0	0	0	0	0	0	0	0	0	0	0	0	0	0	0	0	0	0	0	0	0	0	0	0	0	0	0	0	0	0	0	0	0	0	0	0	48	0	0	0	0	0	0	0	0	0	0	0	0	0	0	0	0	0	0	0	0	0	0	0	0	0	0	0	0	0	48	0	0	0	48	0	0	0	0	0	0	0	0	0	0	0	0	0	0	0	0	0	0	0	0	0	0	0	0	0	0	0	0	0	
0	0	0	0	0	0	0	0	0	0	0	0	0	0	0	0	0	0	48	0	0	0	0	0	0	0	0	0	0	0	0	0	0	0	0	0	0	0	0	0	0	0	0	0	0	0	0	0	0	0	0	0	0	0	0	0	0	0	0	0	0	0	0	0	0	0	0	0	0	0	0	48	0	0	0	0	0	0	0	0	0	0	0	0	0	0	0	0	0	0	0	0	0	0	0	48	0	0	0	0	0	0	0	0	0	0	0	0	0	0	0	0	0	0	0	48	0	0	0	0	
0	0	0	0	0	0	0	0	48	0	0	0	0	0	0	0	0	0	0	0	0	0	48	0	0	48	0	0	0	0	0	0	0	0	0	0	0	0	0	0	0	0	0	0	0	0	0	0	0	0	0	0	0	0	0	0	0	48	0	0	0	0	0	0	0	0	0	0	0	0	0	0	0	0	0	0	0	0	0	0	0	0	0	0	0	0	0	0	0	0	0	0	0	0	0	0	0	0	0	0	0	0	0	0	0	0	0	0	0	0	0	0	0	0	0	0	0	0	0	0	
0	0	0	0	0	0	0	0	0	0	0	0	0	48	0	48	0	0	0	0	0	0	0	0	0	0	0	0	0	0	0	0	0	0	0	0	0	0	0	0	0	0	0	0	0	0	0	0	0	0	0	0	0	0	0	0	0	0	0	0	0	0	0	0	0	0	0	0	0	0	0	0	0	0	0	0	0	0	0	0	0	0	0	0	0	0	0	0	0	0	48	0	0	0	0	0	0	0	0	0	0	0	0	0	0	0	0	0	0	0	0	0	0	0	48	0	0	0	0	0	
0	0	0	48	0	0	0	0	0	0	0	0	0	0	0	0	0	0	0	0	0	0	0	0	48	0	0	0	0	0	0	0	0	0	0	0	0	0	0	0	0	0	0	0	0	0	0	0	0	0	0	0	0	0	0	0	0	0	0	48	0	0	0	0	48	0	0	0	0	0	0	0	0	0	0	0	0	0	0	0	0	0	0	0	0	0	0	0	0	0	0	0	0	0	0	0	0	0	0	0	0	0	0	0	0	0	0	0	0	0	0	0	0	0	0	0	0	0	0	0	
0	0	0	0	0	0	0	0	0	0	0	0	48	0	0	0	0	0	0	0	0	0	0	0	0	48	0	0	0	0	0	0	0	0	0	0	0	0	0	0	0	0	0	0	0	0	0	0	0	0	0	0	0	0	0	0	0	48	0	0	0	0	0	0	0	0	0	48	0	0	0	0	0	0	0	0	0	0	0	0	0	0	0	0	0	0	0	0	0	0	0	0	0	0	0	0	0	0	0	0	0	0	0	0	0	0	0	0	0	0	0	0	0	0	0	0	0	0	0	0	
0	0	0	0	0	0	0	0	0	0	0	0	0	0	0	0	0	0	0	0	0	0	0	0	0	0	0	0	0	0	0	0	0	0	0	0	0	0	0	0	0	0	0	48	0	0	0	0	0	0	0	0	0	0	0	0	0	0	0	0	0	0	0	0	0	0	0	0	0	0	0	0	0	0	0	0	0	0	0	0	0	0	0	0	0	0	0	0	0	0	0	0	48	0	0	0	0	0	0	0	0	0	0	0	0	0	0	0	0	0	0	0	0	0	0	0	48	0	48	0	
0	0	0	0	0	0	0	0	0	0	0	0	0	0	0	0	0	0	0	0	0	0	0	0	0	0	0	0	0	0	0	0	0	0	0	0	0	0	0	0	0	0	0	0	0	0	0	0	0	0	0	0	0	0	0	0	0	0	0	0	0	0	0	0	0	0	0	0	0	0	0	0	0	0	0	0	0	0	0	0	0	48	0	0	0	0	0	0	0	0	0	0	0	48	0	0	0	0	0	0	0	0	0	0	0	0	0	0	0	0	48	0	0	0	0	0	0	48	0	0	
0	0	0	0	0	0	0	0	0	0	0	0	0	0	0	0	0	0	0	0	0	48	0	0	0	0	0	0	0	0	0	0	0	0	0	0	0	0	0	0	0	0	0	0	0	0	48	0	0	0	0	0	0	0	0	0	0	0	0	0	0	0	0	0	0	48	0	0	0	0	0	0	0	0	0	0	0	0	0	0	0	0	0	48	0	0	0	0	0	0	0	0	0	0	0	0	0	0	0	0	0	0	0	0	0	0	0	0	0	0	0	0	0	0	0	0	0	0	0	0	
0	0	0	0	0	0	48	0	0	0	0	0	0	0	0	0	0	0	0	0	0	0	0	48	0	0	0	0	0	0	0	0	0	0	0	0	0	0	0	0	0	0	0	0	0	0	0	0	0	0	0	0	0	0	0	0	0	0	0	0	0	0	0	0	0	0	0	0	0	0	0	0	0	0	0	0	0	0	0	0	0	0	0	0	48	0	0	0	0	0	0	0	0	0	0	0	48	0	0	0	0	0	0	0	0	0	0	0	0	0	0	0	0	0	0	0	0	0	0	0	
0	0	0	0	0	0	0	0	0	0	0	0	0	0	0	0	0	0	0	0	0	0	0	0	0	0	0	0	0	0	0	0	0	0	0	0	0	0	0	0	0	48	0	0	0	0	0	0	0	0	0	0	0	0	0	0	0	0	0	0	0	0	0	0	0	0	0	0	0	0	0	0	0	0	0	0	0	0	0	0	0	0	0	0	0	0	0	0	0	0	0	0	0	0	0	0	0	0	0	0	0	48	0	0	48	0	0	0	48	0	0	0	0	0	0	0	0	0	0	0	
0	0	0	0	0	0	0	0	0	0	0	0	0	0	0	0	0	0	0	0	0	0	0	0	0	0	48	0	0	0	0	48	0	0	0	0	0	0	0	0	0	48	0	0	0	0	0	0	0	0	0	48	0	0	0	0	0	0	0	0	0	0	0	0	0	0	0	0	0	0	0	0	0	0	0	0	0	0	0	0	0	0	0	0	0	0	0	0	0	0	0	0	0	0	0	0	0	0	0	0	0	0	0	0	0	0	0	0	0	0	0	0	0	0	0	0	0	0	0	0	
0	0	0	0	0	0	0	0	0	0	0	0	0	0	0	0	0	0	0	0	0	0	0	0	0	0	0	0	0	0	0	0	0	0	0	0	0	0	0	0	0	0	0	0	0	0	0	0	0	0	0	0	0	0	0	0	0	0	0	0	0	0	0	0	0	0	0	0	0	0	0	0	0	0	0	0	0	0	0	0	0	48	48	0	0	0	0	0	0	0	0	0	0	0	0	0	0	0	0	0	0	0	0	0	0	48	0	0	0	0	0	0	48	0	0	0	0	0	0	0	
0	0	0	48	0	0	0	0	0	0	0	0	0	0	0	48	0	0	0	0	0	0	0	0	0	0	0	0	0	0	0	0	0	0	0	0	0	0	0	48	0	0	0	0	0	0	0	0	0	0	0	0	0	0	0	0	0	0	0	0	0	0	0	0	0	0	0	0	0	0	0	0	0	0	0	0	0	0	0	0	0	0	0	0	0	0	0	0	0	0	0	0	0	0	0	0	0	0	0	0	0	0	0	0	0	0	48	0	0	0	0	0	0	0	0	0	0	0	0	0	
0	48	0	0	0	0	0	0	0	0	0	0	0	0	0	0	0	0	0	0	0	0	0	0	0	0	0	0	0	0	0	0	0	0	0	0	0	0	48	0	0	0	0	0	0	0	0	0	0	0	0	0	0	0	0	0	0	0	0	0	48	48	0	0	0	0	0	0	0	0	0	0	0	0	0	0	0	0	0	0	0	0	0	0	0	0	0	0	0	0	0	0	0	0	0	0	0	0	0	0	0	0	0	0	0	0	0	0	0	0	0	0	0	0	0	0	0	0	0	0	
0	0	0	0	0	0	0	0	0	0	0	0	0	0	0	0	0	0	0	0	0	0	0	0	0	0	0	0	0	0	0	0	0	0	0	0	0	0	0	0	0	0	0	0	0	0	0	0	0	0	0	0	0	0	0	0	0	0	0	0	0	0	0	0	0	48	0	0	0	0	0	0	0	48	0	0	0	0	48	0	0	0	0	0	0	0	0	0	0	0	0	0	0	0	0	0	0	0	0	0	0	0	0	0	0	0	0	0	0	0	0	0	0	0	0	0	0	48	0	0	
0	0	0	0	0	0	0	0	0	0	0	0	0	0	0	0	0	0	0	0	0	0	0	0	48	0	0	0	0	0	0	0	0	0	0	0	0	0	0	0	0	0	0	0	0	0	0	0	0	0	0	0	0	0	0	0	0	0	0	0	0	0	0	0	0	0	0	0	0	0	0	0	0	0	0	0	0	0	48	0	0	0	0	0	0	0	0	0	0	0	0	0	0	0	0	0	0	0	0	0	48	0	0	0	0	0	0	0	0	0	0	0	0	0	0	48	0	0	0	0	
0	0	0	0	0	0	0	0	0	0	0	0	0	0	0	0	0	0	0	0	0	0	0	0	0	0	0	0	0	0	0	0	0	0	0	0	0	0	0	0	0	0	48	0	0	0	48	0	0	0	0	0	0	0	0	0	0	0	0	0	0	0	0	0	0	0	0	0	0	0	0	0	0	0	48	0	0	0	0	0	0	0	0	0	0	0	0	0	0	0	0	0	0	0	0	0	0	48	0	0	0	0	0	0	0	0	0	0	0	0	0	0	0	0	0	0	0	0	0	0	
0	0	0	0	0	0	0	0	0	0	0	0	0	0	0	0	0	0	0	0	0	0	0	0	0	0	0	0	0	0	0	0	0	0	0	0	0	0	0	0	0	0	0	0	0	0	0	0	0	0	0	0	0	0	0	0	0	0	48	0	0	0	0	0	0	0	0	0	0	0	0	0	0	0	0	48	0	0	0	0	0	0	0	0	0	0	0	48	0	0	0	0	0	48	0	0	0	0	0	0	0	0	0	0	0	0	0	0	0	0	0	0	0	0	0	0	0	0	0	0	
0	0	0	0	48	0	0	0	0	0	48	0	0	0	0	0	0	48	0	0	0	0	48	0	0	0	0	0	0	0	0	0	0	0	0	0	0	0	0	0	0	0	0	0	0	0	0	0	0	0	0	0	0	0	0	0	0	0	0	0	0	0	0	0	0	0	0	0	0	0	0	0	0	0	0	0	0	0	0	0	0	0	0	0	0	0	0	0	0	0	0	0	0	0	0	0	0	0	0	0	0	0	0	0	0	0	0	0	0	0	0	0	0	0	0	0	0	0	0	0	
0	0	0	0	0	0	0	0	0	0	0	0	0	0	0	0	0	0	0	48	0	0	0	0	0	0	0	0	0	0	0	0	0	0	0	0	0	0	0	0	0	0	0	0	0	0	0	0	0	0	0	0	0	0	0	0	48	0	0	0	0	0	0	0	0	0	48	0	0	0	0	0	0	0	0	0	0	0	0	0	0	0	0	0	0	0	0	0	0	0	0	0	48	0	0	0	0	0	0	0	0	0	0	0	0	0	0	0	0	0	0	0	0	0	0	0	0	0	0	0	
0	0	0	0	0	0	0	0	0	0	0	0	0	0	0	0	0	0	0	0	0	0	0	0	0	0	0	0	0	0	0	0	0	0	48	0	0	0	0	0	0	0	0	0	0	0	0	0	0	0	0	0	0	0	0	0	0	0	0	0	0	0	0	0	0	0	0	0	0	0	0	0	0	0	0	0	0	0	0	0	0	0	0	0	48	0	0	0	0	0	0	0	0	48	0	0	48	0	0	0	0	0	0	0	0	0	0	0	0	0	0	0	0	0	0	0	0	0	0	0	
0	0	0	0	0	0	0	0	0	0	0	0	0	0	0	0	0	0	0	0	0	0	0	0	0	0	0	48	0	0	0	0	0	0	48	0	48	0	0	0	0	0	0	0	0	0	0	0	0	0	0	0	0	0	0	0	0	0	0	0	0	0	0	0	0	0	0	0	0	0	0	0	0	0	0	0	0	0	0	0	0	0	0	0	0	0	0	0	0	0	0	48	0	0	0	0	0	0	0	0	0	0	0	0	0	0	0	0	0	0	0	0	0	0	0	0	0	0	0	0	
0	0	0	0	0	0	0	0	0	0	0	0	0	0	0	0	0	0	0	0	0	48	0	0	0	0	0	0	0	0	0	0	0	0	0	0	48	0	0	0	0	0	0	0	0	0	0	0	0	0	0	0	0	0	0	0	0	0	0	0	0	0	0	0	0	0	0	0	0	0	0	0	0	0	0	0	0	0	0	0	0	0	0	0	0	0	0	0	0	0	0	48	0	0	0	0	0	0	0	0	0	0	0	0	0	0	0	0	0	0	0	0	0	48	0	0	0	0	0	0	
0	0	0	0	0	0	0	0	0	48	0	0	0	0	0	0	0	0	0	0	0	0	0	0	0	0	0	0	0	0	0	0	0	0	0	0	0	0	0	0	0	0	0	0	0	0	0	0	0	0	0	0	0	0	0	0	48	0	0	0	0	0	0	0	0	0	48	0	0	48	0	0	0	0	0	0	0	0	0	0	0	0	0	0	0	0	0	0	0	0	0	0	0	0	0	0	0	0	0	0	0	0	0	0	0	0	0	0	0	0	0	0	0	0	0	0	0	0	0	0	
0	0	0	0	0	0	0	0	0	0	0	0	0	0	0	0	0	0	0	0	0	0	0	0	0	0	0	0	0	0	0	0	0	0	48	0	0	0	0	0	0	0	0	0	0	0	0	0	0	0	0	0	0	0	0	0	0	0	0	0	0	0	0	0	0	0	0	0	0	0	0	0	0	0	0	0	0	0	0	0	0	0	0	0	0	0	0	0	48	48	0	0	0	0	0	0	0	0	0	0	0	0	0	0	0	0	0	0	0	0	0	0	0	0	0	0	0	48	0	0	
0	0	0	0	0	0	0	0	0	48	0	0	0	0	0	0	0	0	0	0	0	0	0	0	0	0	0	0	0	0	0	0	0	0	0	0	0	0	0	0	0	0	0	48	0	0	0	0	0	0	0	0	0	0	0	0	0	0	0	0	0	0	0	0	0	0	0	0	0	0	0	0	48	0	0	0	0	0	0	0	0	0	0	0	0	0	48	0	0	0	0	0	0	0	0	0	0	0	0	0	0	0	0	0	0	0	0	0	0	0	0	0	0	0	0	0	0	0	0	0	
0	0	0	0	0	0	0	0	0	0	0	0	0	0	0	0	0	0	0	0	0	0	0	0	0	0	0	0	0	0	0	0	0	0	0	0	0	0	0	0	0	0	0	0	0	0	0	0	0	0	0	0	0	0	0	0	0	0	0	0	0	0	0	0	0	0	0	0	0	0	0	0	0	48	0	0	0	0	0	0	0	0	0	0	48	0	0	48	0	0	0	0	0	0	0	0	0	0	0	0	0	0	0	0	0	0	0	0	0	0	48	0	0	0	0	0	0	0	0	0	
0	0	48	0	0	0	0	0	0	0	0	0	0	0	0	0	0	0	0	0	0	0	0	0	0	0	0	0	0	0	0	0	0	0	0	0	0	0	0	0	0	0	0	0	0	48	0	0	0	0	0	0	0	0	0	0	0	0	0	0	0	0	0	0	0	0	0	0	0	0	0	0	0	0	0	0	0	0	0	0	0	0	0	0	0	0	0	0	0	0	0	0	0	0	0	0	0	0	0	0	0	0	0	48	0	0	0	48	0	0	0	0	0	0	0	0	0	0	0	0	
0	0	0	0	0	0	0	0	0	0	0	0	0	0	0	0	0	0	0	0	0	0	0	0	0	0	0	0	0	0	0	0	0	0	0	0	0	0	0	0	0	0	0	0	0	0	0	48	0	0	0	0	0	0	0	0	0	0	0	0	48	0	0	0	0	0	0	48	0	0	0	0	0	0	0	0	0	0	0	0	0	0	0	0	0	0	0	0	0	0	0	0	0	0	0	0	0	0	0	0	0	0	0	0	0	0	0	0	0	0	0	0	0	0	0	48	0	0	0	0	
0	0	0	0	0	0	48	0	0	0	0	0	0	0	0	0	0	0	0	0	0	0	0	0	0	0	0	0	0	0	0	0	0	0	0	0	0	0	0	0	0	0	0	0	0	0	0	0	0	0	48	0	0	0	0	0	0	0	0	0	0	0	0	0	0	0	0	0	0	0	0	0	0	0	0	48	0	0	0	0	0	0	0	0	0	0	0	48	0	0	0	0	0	0	0	0	0	0	0	0	0	0	0	0	0	0	0	0	0	0	0	0	0	0	0	0	0	0	0	0	
0	0	0	0	0	0	0	0	0	0	0	0	0	0	0	0	0	0	0	0	0	0	0	0	0	0	0	0	0	0	0	48	0	0	0	0	0	0	0	0	0	0	0	0	0	0	48	0	0	0	0	0	0	0	0	0	0	0	0	0	0	0	0	0	0	0	0	0	0	0	0	0	0	0	0	0	0	0	0	0	0	0	0	48	0	0	0	0	0	0	0	0	0	0	0	0	0	0	0	0	0	0	0	0	0	0	0	0	0	0	0	0	0	48	0	0	0	0	0	0	
48	0	0	0	0	48	0	48	0	0	0	0	0	0	0	0	0	0	0	0	0	0	0	0	0	0	0	0	48	0	0	0	0	0	0	0	0	0	0	0	0	0	0	0	0	0	0	0	0	0	0	0	0	0	0	0	0	0	0	0	0	0	0	0	0	0	0	0	0	0	0	0	0	0	0	0	0	0	0	0	0	0	0	0	0	0	0	0	0	0	0	0	0	0	0	0	0	0	0	0	0	0	0	0	0	0	0	0	0	0	0	0	0	0	0	0	0	0	0	0	
0	0	0	0	0	0	0	0	0	0	0	0	0	0	0	0	0	0	0	0	0	0	0	0	0	0	48	0	0	0	0	48	0	0	0	0	0	0	0	0	0	48	0	0	0	0	0	0	48	0	0	0	0	0	0	0	0	0	0	0	0	0	0	0	0	0	0	0	0	0	0	0	0	0	0	0	0	0	0	0	0	0	0	0	0	0	0	0	0	0	0	0	0	0	0	0	0	0	0	0	0	0	0	0	0	0	0	0	0	0	0	0	0	0	0	0	0	0	0	0	
0	0	0	0	0	0	0	0	0	0	0	0	0	0	0	0	0	0	0	0	0	0	0	0	0	0	0	0	0	0	0	0	0	0	0	0	0	0	0	0	0	0	0	0	0	0	0	0	0	0	0	0	0	0	0	0	0	0	0	0	0	0	0	0	0	0	0	0	0	0	0	0	0	0	0	0	0	0	0	0	0	0	48	0	0	0	0	0	0	0	0	0	0	0	0	0	0	0	0	0	0	0	0	0	0	48	0	0	0	48	0	48	0	0	0	0	0	0	0	0	
0	0	0	0	0	0	0	0	0	0	0	0	0	0	0	0	0	0	0	0	0	0	0	0	0	0	0	0	0	0	0	0	0	0	0	0	0	0	0	0	0	0	0	0	0	0	0	0	0	0	0	0	0	0	0	0	0	0	0	0	0	0	0	0	0	0	0	0	0	0	0	0	0	0	0	0	48	0	0	0	0	0	0	0	0	0	0	0	0	0	0	0	0	0	0	0	0	0	0	0	0	0	0	0	48	0	0	0	48	0	0	48	0	0	0	0	0	0	0	0	
0	0	0	0	0	0	0	0	0	0	0	0	0	0	0	0	0	0	0	0	0	0	0	0	0	0	0	0	0	0	48	0	48	0	0	0	0	0	0	0	0	0	0	0	0	0	0	0	0	0	0	0	0	0	0	48	0	0	0	0	0	0	0	48	0	0	0	0	0	0	0	0	0	0	0	0	0	0	0	0	0	0	0	0	0	0	0	0	0	0	0	0	0	0	0	0	0	0	0	0	0	0	0	0	0	0	0	0	0	0	0	0	0	0	0	0	0	0	0	0	
0	0	0	0	0	0	0	0	0	0	0	0	0	0	0	0	0	0	0	0	0	0	0	0	0	0	0	0	0	0	0	0	0	0	0	0	0	0	0	0	0	0	0	0	48	0	0	0	0	0	0	0	0	0	0	0	0	0	0	0	0	0	0	0	0	0	0	0	0	0	0	0	0	0	0	0	0	0	0	0	0	0	0	0	0	0	0	0	0	0	0	0	0	0	48	0	0	0	0	0	0	0	0	0	0	0	0	48	0	0	0	0	0	0	0	0	0	0	0	48	
0	0	0	0	0	0	0	0	0	0	0	0	0	0	0	0	0	0	0	0	0	0	0	0	0	0	0	0	0	0	0	0	0	0	0	0	0	0	0	0	0	0	0	0	0	0	0	0	0	0	0	0	0	0	0	0	0	48	0	0	0	0	0	0	0	0	0	0	0	0	0	0	0	0	0	0	48	0	0	0	0	0	0	0	0	0	0	0	0	0	0	0	0	0	0	0	0	0	0	0	0	48	0	0	0	0	0	0	0	48	0	0	0	0	0	0	0	0	0	0	
0	0	0	0	0	0	0	0	0	0	0	0	0	0	0	0	0	0	0	0	0	0	0	0	0	0	0	0	0	48	0	0	0	0	0	0	0	0	0	0	0	0	48	0	0	0	0	0	0	0	0	0	0	0	0	0	0	0	0	0	0	0	0	0	0	0	0	0	0	0	0	0	0	0	0	0	0	0	48	0	0	0	0	0	0	0	0	0	0	0	0	0	0	0	0	0	0	0	0	0	48	0	0	0	0	0	0	0	0	0	0	0	0	0	0	0	0	0	0	0	
0	0	0	48	0	0	0	0	0	0	0	0	0	0	0	0	0	0	0	0	0	0	0	0	0	0	0	0	0	0	48	0	48	0	0	0	0	0	0	0	0	0	0	0	0	0	0	0	0	0	0	0	0	0	0	0	0	0	0	0	0	0	0	0	0	0	0	0	0	0	0	0	0	0	0	0	0	0	0	48	0	0	0	0	0	0	0	0	0	0	0	0	0	0	0	0	0	0	0	0	0	0	0	0	0	0	0	0	0	0	0	0	0	0	0	0	0	0	0	0	
0	0	48	0	0	0	0	0	0	0	0	0	0	0	0	0	0	0	0	0	0	0	0	0	0	0	0	0	0	0	0	0	0	0	0	0	0	0	0	0	0	0	0	0	48	0	0	0	0	0	0	0	0	0	0	0	0	0	0	0	0	0	0	0	0	0	0	0	0	0	0	0	0	0	0	0	0	0	0	0	0	0	0	0	0	0	0	0	0	0	0	0	0	0	48	0	0	0	0	0	0	0	0	48	0	0	0	0	0	0	0	0	0	0	0	0	0	0	0	0	
0	0	0	0	0	0	0	0	0	0	0	0	0	0	0	0	0	0	0	0	0	0	0	0	0	0	48	0	0	0	0	0	0	0	0	0	0	0	0	0	0	0	0	0	0	0	0	0	0	0	0	48	0	0	0	0	0	0	0	0	0	0	0	0	0	0	0	0	0	0	0	0	0	0	0	0	48	0	0	0	0	0	0	0	0	0	0	0	0	0	0	0	0	0	0	0	0	0	0	0	0	48	0	0	0	0	0	0	0	0	0	0	0	0	0	0	0	0	0	0	
0	0	0	0	0	0	0	0	0	0	0	0	0	0	0	0	0	0	0	0	0	0	0	0	0	0	0	0	0	0	0	0	0	0	0	0	0	48	0	0	0	0	0	0	0	0	0	0	0	0	0	0	0	0	0	0	0	0	0	0	0	0	0	0	0	0	0	0	0	0	0	0	0	0	0	0	0	0	0	0	0	0	0	0	0	0	0	0	0	0	0	0	0	0	0	0	0	0	0	0	48	0	0	0	48	0	0	0	0	0	0	0	0	0	0	0	48	0	0	0	
48	0	0	0	0	0	0	0	0	0	0	0	0	0	0	0	0	0	0	0	0	0	0	0	0	0	0	0	0	0	0	0	0	0	0	0	0	0	0	0	0	0	0	0	0	0	0	0	0	0	48	0	0	0	0	0	0	0	0	0	0	0	0	0	0	0	0	0	0	0	0	0	0	48	0	0	0	0	0	0	0	0	0	0	0	0	0	0	0	0	0	0	0	48	0	0	0	0	0	0	0	0	0	0	0	0	0	0	0	0	0	0	0	0	0	0	0	0	0	0	
0	0	0	0	48	0	0	0	0	0	0	0	0	0	0	0	0	0	0	0	0	0	0	0	0	0	0	0	0	48	0	0	0	0	0	0	0	0	0	0	0	0	0	0	0	0	0	0	0	0	0	0	0	0	0	0	0	0	0	0	0	0	0	0	0	0	0	0	0	0	0	0	0	0	0	0	0	0	0	0	0	0	0	0	0	0	0	0	0	0	0	0	0	0	0	0	0	0	0	0	48	48	0	0	0	0	0	0	0	0	0	0	0	0	0	0	0	0	0	0	
0	0	0	0	0	0	0	0	0	0	0	0	0	0	0	0	0	0	0	0	0	0	0	0	0	0	0	0	0	0	0	0	0	48	0	0	0	48	0	0	0	0	0	0	0	0	0	0	0	0	0	0	48	0	0	0	0	0	0	0	0	0	0	0	0	0	0	0	0	0	0	0	0	0	0	0	0	0	48	0	0	0	0	0	0	0	0	0	0	0	0	0	0	0	0	0	0	0	0	0	0	0	0	0	0	0	0	0	0	0	0	0	0	0	0	0	0	0	0	0	
0	0	0	0	0	0	0	0	0	0	0	0	0	0	0	0	0	0	0	0	0	48	0	0	0	0	0	0	0	0	0	0	0	0	0	0	48	0	0	0	0	0	0	0	0	0	0	0	0	0	0	0	0	0	0	0	0	0	0	0	0	0	0	0	0	0	0	0	0	0	0	0	0	0	0	0	0	0	0	0	0	0	0	0	0	0	0	0	0	48	0	0	0	0	0	0	0	48	0	0	0	0	0	0	0	0	0	0	0	0	0	0	0	0	0	0	0	0	0	0	
0	0	0	0	0	0	0	0	0	48	0	0	0	48	0	0	0	0	0	0	0	0	0	0	0	0	0	0	0	0	0	0	0	0	0	0	0	0	0	0	0	0	0	0	0	0	0	0	0	0	0	0	0	48	0	0	0	0	0	0	0	0	0	0	0	0	0	0	0	48	0	0	0	0	0	0	0	0	0	0	0	0	0	0	0	0	0	0	0	0	0	0	0	0	0	0	0	0	0	0	0	0	0	0	0	0	0	0	0	0	0	0	0	0	0	0	0	0	0	0	
0	0	0	0	0	0	0	0	0	0	0	0	0	0	0	0	0	0	0	0	0	0	0	0	0	48	0	0	0	0	0	0	0	0	0	0	0	0	0	0	0	0	0	0	0	0	0	0	0	0	0	0	0	0	0	0	0	0	0	0	0	0	0	0	0	0	0	48	0	0	0	0	0	0	0	0	0	0	0	0	0	0	48	0	0	0	0	0	0	0	0	0	0	0	0	48	0	0	0	0	0	0	0	0	0	0	0	0	0	0	0	0	0	0	0	0	0	0	0	0	
0	0	0	0	0	0	0	0	0	0	0	0	0	0	0	0	0	0	0	0	48	0	0	0	0	0	0	0	0	0	0	0	0	0	0	0	0	0	0	0	0	0	0	0	0	0	0	0	0	0	0	0	0	0	0	0	0	0	0	0	0	0	0	0	0	0	0	0	0	0	0	0	48	0	0	0	0	0	0	0	0	0	0	0	0	0	0	0	0	0	0	0	0	0	0	0	0	0	0	0	0	0	0	0	0	0	0	0	0	48	0	0	0	0	0	0	0	0	0	48	
0	0	0	0	0	0	0	0	0	0	0	0	0	0	0	0	0	0	0	0	0	0	0	0	0	0	0	0	0	0	0	0	0	0	0	0	0	0	0	0	0	0	0	0	0	0	0	0	0	0	0	0	0	0	0	0	0	0	0	0	0	0	0	0	0	48	0	0	0	0	0	0	0	48	0	0	0	0	0	0	0	48	0	0	0	0	0	0	0	0	0	48	0	0	0	0	0	0	0	0	0	0	0	0	0	0	0	0	0	0	0	0	0	0	0	0	0	0	0	0	
0	0	0	0	0	0	0	0	0	0	0	0	0	0	0	0	0	0	0	0	48	0	0	48	0	0	0	0	0	0	0	0	0	0	0	0	0	0	0	0	0	0	0	48	0	0	0	0	0	0	0	0	0	0	0	0	0	0	0	0	0	0	0	0	0	0	0	0	0	0	0	0	48	0	0	0	0	0	0	0	0	0	0	0	0	0	0	0	0	0	0	0	0	0	0	0	0	0	0	0	0	0	0	0	0	0	0	0	0	0	0	0	0	0	0	0	0	0	0	0	
0	0	0	0	0	0	0	0	0	0	0	0	0	0	0	0	0	0	0	0	0	0	0	0	0	0	0	48	0	0	0	0	0	0	0	0	0	0	0	0	0	0	0	0	48	0	0	0	0	0	0	0	0	0	0	0	0	0	0	0	0	0	0	0	0	0	0	0	0	0	0	0	0	0	0	0	0	0	0	0	0	0	0	0	0	0	0	0	0	0	0	0	0	0	0	0	0	0	0	0	0	0	0	48	0	0	0	0	0	0	0	0	0	0	0	0	48	0	0	0	
20	101	33	25	100	38	34	46	46	76	118	8	84	103	85	48	117	80	50	87	117	33	44	47	18	59	109	7	71	6	94	81	44	52	24	95	83	46	107	49	83	84	49	55	111	71	20	76	40	66	35	80	46	91	31	52	18	6	75	105	53	2	47	64	25	24	115	42	14	26	25	104	22	105	114	52	64	29	87	13	111	104	112	22	52	98	24	102	111	109	46	88	113	82	68	76	107	73	51	2	55	44	4	101	13	67	48	109	102	32	23	99	12	11	11	24	71	110	5	102	104	66	110	76	25	63	7	116	98	31	32	80	108	34	4	31	97	34	50	116	17	40	36	94	117	92	75	96	111	71	56	34	15	68	107	69	62	9	63	66	14	74	51	50	87	70	9	30	58	78	98	71	73	92	102	118	4	41	32	117	100	45	31	27	3	42	21	67	25	105	107	44	15	18	21	113	38	98	45	101	27	13	13	2	77	103	65	20	27	69	79	82	16	13	36	119	59	19	84	57	23	20	116	68	43	85	114	22	19	20	74	45	11	45	106	115	10	45	15	24	75	89	101	32	101	55	25	7	84	59	105	83	4	34	42	32	100	73	96	37	8	118	81	53	28	45	25	30	15	115	29	61	13	62	67	14	27	10	96	72	37	92	0	86	10	33	1	22	54	39	63	12	30	90	24	119	103	79	96	90	118	27	53	115	111	44	51	22	57	46	88	66	64	62	88	58	65	65	89	28	49	53	87	85	109	118	112	105	26	65	72	75	29	79	34	119	28	40	97	99	75	26	16	9	55	115	100	46	117	42	77	76	42	19	39	78	91	92	88	58	69	49	45	29	70	31	43	52	90	92	62	99	117	44	59	105	62	116	17	74	81	106	27	106	59	26	110	39	42	50	72	94	57	22	38	21	87	107	85	87	7	23	9	113	56	102	80	18	22	6	94	118	62	43	89	25	62	10	22	10	65	1	1	44	102	12	97	77	48	113	88	106	22	59	69	56	4	90	13	52	31	32	21	19	37	85	65	18	17	99	55	61	18	65	36	91	75	11	20	15	59	55	76	63	102	89	35	0	49	22	12	31	82	76	69	81	108	15	2	35	29	61	9	26	3	18	95	58	74	51	88	34	103	62	114	21	103	111	57	1	63	28	116	35	21	41	37	8	20	83	44	37	75	32	52	30	118	81	43	42	46	7	39	9	99	88	81	101	30	23	2	78	10	91	116	14	53	14	46	85	27	33	67	92	26	84	18	68	54	42	70	79	110	2	119	101	4	30	21	32	80	71	35	71	20	94	33	30	72	68	72	35	94	17	97	97	78	24	21	88	114	112	62	49	91	35	43	38	49	18	22	23	86	13	33	70	3	15	35	50	32	23	119	78	38	87	61	115	119	72	62	9	4	27	19	113	53	88	68	84	60	18	76	108	114	48	12	97	23	68	85	83	34	102	26	77	50	80	114	86	83	111	23	60	50	89	25	26	18	3	28	30	98	33	92	93	86	9	47	53	99	87	34	97	103	96	1	31	6	115	99	53	5	66	75	94	67	112	50	96	44	20	58	32	80	19	64	111	103	13	45	22	74	83	108	46	74	95	28	88	96	17	71	77	62	83	5	78	83	85	97	84	98	113	10	40	4	63	97	51	72	49	68	69	22	111	47	88	65	3	30	7	84	32	68	58	60	79	20	57	72	36	85	6	59	91	97	12	63	112	9	5	80	55	25	68	23	8	68	95	21	11	37	66	101	45	27	77	79	71	20	68	91	63	7	100	5	46	78	61	118	13	101	109	57	116	8	66	119	72	118	75	98	1	112	38	67	16	40	81	59	69	88	38	28	21	54	62	6	79	6	1	74	90	6	112	47	73	54	2	77	65	118	91	92	68	5	6	95	32	55	88	6	1	12	71	69	82	72	66	78	115	19	73	106	25	99	81	24	70	18	66	97	42	86	85	20	14	37	22	42	49	30	82	111	9	41	106	13	38	43	43	49	85	94	48	95	41	58	7	65	60	64	17	65	7	97	112	80	83	3	40	98	76	37	61	32	81	0	119	65	37	63	24	40	35	43	14	65	1	99	15	58	59	1	18	18	21	34	8	38	52	61	108	44	103	55	42	3	10	69	47	104	19	24	6	17	49	94	104	1	22	77	10	41	20	4	77	39	54	38	53	70	73	23	9	25	107	60	102	81	93	66	25	98	59	85	114	95	9	49	8	50	60	26	10	93	61	113	44	72	107	18	3	119	88	112	50	52	93	15	27	59	97	42	87	112	73	9	43	113	14	115	55	5	66	61	63	71	22	31	87	99	11	117	29	59	118	53	118	28	36	72	56	112	100	108	70	23	82	7	30	46	97	115	98	18	113	117	15	41	43	62	82	91	65	8	20	113	35	32	112	79	69	29	66	108	27	81	90	53	61	26	65	85	116	106	57	27	105	52	12	65	104	90	55	69	19	59	22	78	58	3	19	61	13	106	56	79	35	13	99	54	108	96	8	62	34	72	20	70	56	107	54	115	97	19	64	56	91	59	60	116	78	19	110	83	82	22	48	107	1	2	25	103	28	114	13	16	114	79	72	85	7	4	52	63	1	8	69	105	91	2	34	20	60	85	43	112	86	110	61	15	54	33	108	41	84	69	76	33	99	22	33	11	106	74	48	19	24	54	70	116	63	11	41	70	6	109	1	26	63	32	5	108	111	80	78	115	29	113	85	92	32	50	57	9	44	28	85	95	69	117	41	93	19	61	62	25	69	75	71	13	30	80	1	107	18	116	57	48	116	2	45	81	57	75	58	84	88	63	41	83	5	116	5	88	71	83	67	22	16	100	74	36	114	45	53	22	99	59	28	42	89	0	89	3	33	105	101	69	118	111	41	106	49	118	38	15	88	65	27	94	107	17	28	43	57	14	46	107	95	20	69	115	35	49	59	86	112	32	4	72	51	57	34	116	106	73	47	97	3	53	46	20	115	45	17	102	9	44	97	101	94	63	64	81	41	6	53	52	86	23	48	69	109	35	42	50	45	65	16	99	84	86	9	68	27	36	98	51	66	26	100	83	38	110	48	101	115	68	85	87	31	28	14	9	59	2	97	5	99	68	27	2	119	101	109	23	103	80	119	52	92	119	43	100	5	30	52	43	84	18	55	4	105	113	90	11	24	16	12	109	119	57	42	29	21	4	69	109	22	40	68	71	51	109	81	100	78	63	89	74	40	100	89	58	23	34	56	39	23	90	63	1	103	64	9	81	55	73	15	46	98	5	113	72	43	100	68	86	17	86	65	24	76	91	56	73	103	90	115	30	56	53	107	29	110	17	15	84	21	45	99	92	62	112	55	45	91	84	35	32	8	8	82	76	22	22	12	104	59	12	12	35	33	25	101	11	63	74	86	19	6	27	117	75	61	71	117	73	80	3	53	1	102	88	6	67	89	17	84	68	88	119	12	113	50	59	72	68	76	29	54	75	25	14	84	72	99	33	100	51	19	53	40	105	96	68	34	18	66	7	89	71	91	15	63	17	11	12	86	42	28	56	40	2	62	93	35	26	83	84	13	88	45	48	50	10	81	34	117	22	60	73	95	33	40	24	47	29	56	4	87	107	17	31	106	16	118	75	44	106	84	26	82	97	116	113	98	44	100	82	109	63	76	99	42	97	22	10	57	12	110	103	110	86	5	69	89	20	20	23	114	113	20	117	18	29	40	117	21	15	98	16	63	37	65	98	8	41	3	29	87	56	29	53	3	68	43	48	84	57	71	114	100	14	0	109	39	41	0	55	37	52	44	101	110	81	48	61	104	32	22	47	56	118	69	80	85	15	3	79	51	33	103	25	114	46	118	55	111	11	15	60	91	101	102	59	69	71	61	61	19	65	53	102	41	21	15	16	108	92	86	42	73	34	37	99	37	28	45	90	67	107	39	110	112	29	39	27	76	92	89	88	118	40	62	16	53	38	65	13	8	8	65	52	70	97	117	63	116	115	43	96	107	27	2	94	105	113	96	111	13	30	45	111	109	114	88	100	115	33	76	102	80	36	20	102	29	2	9	18	65	72	36	85	90	60	42	113	77	86	56	78	23	104	74	117	21	76	72	110	95	34	75	106	47	109	68	65	82	68	113	59	73	68	11	113	84	106	25	114	21	61	11	13	57	3	42	82	21	61	89	119	17	118	12	60	11	33	32	24	23	115	94	52	37	119	92	48	54	81	8	39	41	112	31	34	119	80	19	112	33	101	117	36	48	22	117	0	26	94	84	20	45	53	24	70	76	0	10	112	111	72	45	106	86	39	17	58	116	113	55	52	11	63	85	66	55	34	70	72	115	11	59	79	100	15	31	19	12	118	99	62	32	101	1	85	74	2	67	37	64	118	47	6	83	83	53	62	72	99	94	71	119	23	44	65	43	14	21	27	49	5	39	29	43	13	5	41	5	3	24	36	35	71	96	1	104	6	28	55	77	110	54	0	3	73	85	15	67	13	59	44	1	1	88	6	44	55	112	95	97	90	28	79	20	92	75	113	41	79	62	78	52	83	66	69	24	57	14	79	53	83	28	58	38	61	40	36	43	54	14	11	101	34	7	2	23	82	29	58	58	31	72	11	80	117	46	91	50	2	87	92	48	116	95	60	11	82	113	33	22	40	57	100	68	46	71	95	45	41	109	116	82	47	105	116	57	108	66	60	15	4	74	11	29	73	32	65	87	115	52	109	54	69	118	32	43	79	6	21	86	66	77	87	26	23	78	108	7	113	70	18	55	60	112	15	112	118	99	74	89	88	46	70	14	65	90	11	98	65	119	11	50	6	82	102	78	51	50	9	71	12	39	58	8	46	14	20	119	2	84	21	58	63	66	53	8	71	80	92	109	67	119	54	88	17	102	42	103	40	60	81	55	83	51	35	96	19	37	25	95	96	76	18	42	76	66	80	95	6	63	96	91	102	13	4	60	86	68	5	47	97	61	51	66	73	37	110	66	109	39	78	17	53	25	111	62	56	83	109	61	99	46	79	47	79	43	11	3	86	3	26	65	105	53	28	17	91	68	91	66	104	98	71	84	114	14	66	85	95	3	52	46	32	45	13	45	27	37	80	37	11	84	49	37	41	53	71	84	78	84	32	72	74	42	64	112	38	24	60	74	118	53	91	101	83	51	13	114	5	42	24	109	16	34	44	65	57	85	95	51	116	32	1	41	116	6	21	63	46	86	96	91	68	42	21	99	42	114	30	7	74	99	96	15	92	28	92	54	24	40	75	72	54	51	70	30	45	85	21	59	91	60	100	75	116	14	33	67	40	77	107	6	23	110	84	96	48	43	109	74	118	33	76	117	21	19	63	1	33	104	74	93	32	105	46	12	107	95	119	86	18	11	94	67	83	6	28	26	29	10	30	78	107	104	86	79	71	68	49	35	16	104	11	109	48	82	9	92	40	29	84	59	5	107	95	81	20	41	103	10	67	17	52	19	104	18	21	100	99	10	57	32	77	109	70	54	8	89	46	57	11	35	46	20	88	74	95	10	65	44	108	16	3	54	109	17	2	70	49	13	91	67	25	61	15	40	12	85	97	107	108	103	49	12	69	66	32	100	113	18	96	55	18	50	15	52	54	112	72	67	11	31	12	11	26	68	6	104	21	43	21	116	22	47	32	54	109	100	18	97	49	66	18	117	95	117	4	66	46	78	107	115	26	24	95	106	5	95	80	49	61	100	60	115	49	64	65	75	117	54	78	100	35	72	111	70	9	31	113	71	114	1	68	103	9	69	40	77	77	67	7	15	91	27	40	103	96	29	82	89	116	61	18	2	104	61	50	7	6	93	36	40	102	91	82	86	24	106	115	33	108	81	66	41	30	102	57	3	66	61	14	117	70	8	2	97	71	80	29	116	67	98	5	86	29	119	47	78	3	65	54	71	33	41	71	57	15	61	73	45	63	64	50	21	99	104	39	97	67	98	25	9	97	64	68	55	26	13	118	58	27	12	65	113	50	71	4	74	23	71	47	24	16	87	94	18	67	6	12	78	95	94	85	59	58	88	116	20	109	90	108	80	71	48	53	95	75	58	13	66	73	65	95	80	33	37	64	67	99	46	27	79	95	39	39	79	56	117	106	75	105	81	53	47	80	23	101	45	38	119	4	39	87	81	21	105	86	6	41	69	41	46	76	72	78	106	54	58	104	89	7	43	74	70	80	92	37	44	67	6	28	73	109	36	84	111	18	108	63	76	62	25	45	107	51	20	78	88	119	63	93	94	54	92	117	99	14	91	37	55	82	18	66	59	93	13	115	54	32	81	47	114	13	117	66	61	77	25	99	116	72	27	37	82	45	37	89	27	80	46	3	110	61	1	47	69	32	87	102	60	26	17	107	72	106	31	34	75	2	94	78	30	75	94	25	2	29	55	11	111	104	40	37	30	56	51	8	30	110	104	23	19	46	66	8	116	63	84	0	19	98	59	18	117	60	5	67	66	116	84	29	117	31	64	93	46	52	103	90	86	37	40	74	89	46	71	86	16	98	59	65	78	8	90	100	35	41	72	78	36	77	70	23	26	91	64	60	14	112	12	71	14	55	43	48	94	45	13	95	67	54	2	105	110	79	92	31	44	19	117	109	80	23	92	52	110	43	7	67	88	47	1	55	20	80	85	8	20	42	88	63	74	62	23	67	15	113	29	28	68	117	29	90	28	63	7	15	107	23	95	101	110	38	21	105	110	76	33	18	78	96	22	102	4	102	44	103	45	35	13	93	37	35	1	84	1	57	26	80	65	10	2	52	8	102	101	81	65	56	27	18	118	36	112	85	11	111	29	76	90	33	34	63	102	9	66	8	109	47	21	93	3	68	44	117	62	13	91	30	49	91	111	49	69	31	108	110	33	119	26	100	56	37	76	96	14	27	35	95	97	108	113	30	44	83	57	96	1	52	3	50	109	66	15	49	13	73	5	3	62	95	60	47	7	13	10	47	101	81	83	61	57	61	24	65	74	4	77	117	23	55	90	61	53	40	101	3	35	112	48	34	83	12	104	74	80	101	25	113	19	26	27	62	112	95	27	30	21	23	53	88	33	8	112	2	10	0	17	87	62	80	93	61	89	58	59	61	54	62	21	55	58	34	37	78	30	47	16	50	18	69	25	22	94	101	25	88	95	82	103	29	22	96	86	102	98	13	85	33	70	11	28	5	82	39	81	108	95	101	93	78	99	119	98	85	14	31	102	3	47	30	7	91	44	16	8	75	51	86	94	76	80	18	5	103	106	14	106	38	4	2	70	88	40	33	62	100	89	30	35	118	103	77	45	72	72	43	20	110	34	107	16	2	86	85	106	100	117	50	25	17	64	60	30	87	77	7	16	83	93	74	79	35	37	98	30	16	57	93	75	50	108	24	2	14	53	111	74	89	9	16	38	17	11	31	28	9	55	18	22	8	100	11	90	12	45	37	110	2	71	13	81	95	102	95	84	45	21	58	27	69	85	28	29	25	110	53	69	94	72	21	108	39	111	103	23	66	3	17	99	51	82	108	39	61	27	9	2	15	51	39	27	20	63	71	90	4	83	106	27	59	33	87	13	50	118	115	14	31	70	91	50	69	73	101	62	6	110	73	19	41	115	96	40	73	68	110	103	115	46	46	70	84	12	69	86	1	19	3	49	12	117	32	77	69	114	26	3	88	17	62	71	84	112	6	96	45	31	9	87	101	118	118	4	11	6	76	51	98	52	13	85	89	64	80	53	52	15	9	27	44	34	84	73	9	108	36	72	3	78	95	51	0	106	25	32	73	101	110	81	116	30	28	21	10	111	34	106	6	53	106	51	58	68	67	7	32	14	103	88	97	63	83	96	77	26	3	50	12	71	17	29	106	101	0	59	41	4	28	29	70	117	78	70	8	77	40	65	56	45	77	112	0	92	41	23	65	92	57	64	76	71	25	104	8	12	3	22	113	119	3	84	15	32	104	56	39	33	5	115	78	89	28	115	25	0	80	64	37	106	79	101	53	94	16	76	97	99	68	100	32	39	19	21	5	23	64	82	85	43	34	7	102	3	43	99	72	14	106	98	33	40	9	117	50	45	110	12	94	100	13	80	85	100	63	13	69	5	90	113	91	118	105	81	61	16	40	107	106	32	52	36	69	56	39	22	83	117	42	55	41	28	52	13	63	116	47	43	38	40	78	55	43	90	6	28	55	46	46	87	79	51	59	11	3	71	32	76	17	119	18	115	79	116	50	6	77	22	1	71	64	17	19	51	61	45	101	98	18	20	23	50	9	109	42	48	96	56	21	22	12	45	56	83	78	39	103	18	116	111	14	99	38	80	30	80	70	25	37	26	49	28	89	22	43	54	15	101	17	75	52	4	44	94	100	67	63	21	71	42	83	92	53	29	17	85	25	30	28	97	62	100	97	20	60	94	10	12	74	37	98	106	47	116	81	60	81	16	85	63	61	67	42	13	28	5	34	52	119	79	39	62	22	115	37	95	49	110	106	32	20	111	75	56	8	112	118	36	28	85	47	119	64	1	84	54	87	100	79	106	64	7	97	65	100	26	92	73	100	82	105	62	70	1	78	111	77	63	96	7	10	84	118	84	20	37	29	70	76	33	55	58	73	105	86	12	90	116	101	65	101	26	66	3	110	86	116	102	47	55	117	60	119	95	37	72	112	2	14	51	116	29	83	34	112	104	112	60	38	88	95	16	5	86	2	29	64	118	46	109	82	10	69	3	41	93	9	20	28	50	54	54	73	1	56	65	112	14	39	70	98	3	75	58	82	110	12	106	106	22	78	6	59	1	3	12	4	45	31	58	67	0	23	106	33	73	82	8	31	37	90	99	32	82	97	77	85	19	87	76	57	55	70	107	11	27	22	67	55	22	117	28	89	49	109	86	58	115	59	112	4	26	38	112	4	23	108	54	54	70	111	24	105	103	0	17	38	43	16	42	19	1	113	27	17	87	84	110	119	50	98	105	68	94	105	2	95	41	111	81	73	9	23	37	116	5	44	17	41	102	78	80	83	62	64	81	64	46	82	15	76	82	115	75	32	46	10	13	44	81	100	42	107	25	22	105	39	104	33	64	108	46	37	97	13	74	66	1	64	36	5	0	92	46	88	67	82	28	66	104	35	0	14	15	43	62	115	89	31	40	16	53	104	78	56	62	56	21	23	106	19	54	35	47	3	103	98	18	119	99	107	46	69	36	97	58	83	48	80	115	97	60	51	42	51	118	111	4	96	55	108	86	61	61	98	13	107	18	94	13	55	15	114	86	79	67	64	20	33	38	29	23	87	45	91	7	84	111	21	80	78	107	3	16	119	5	93	42	97	14	63	66	10	94	115	19	93	7	58	77	21	75	53	66	35	62	24	58	77	27	3	84	92	57	114	25	29	30	36	35	107	58	70	84	34	75	11	4	24	39	7	88	109	69	92	36	64	61	98	10	18	4	98	106	59	105	48	41	15	105	80	89	93	53	95	107	90	66	58	65	13	84	73	113	118	4	82	3	106	31	66	0	61	24	29	75	87	83	67	46	113	104	105	117	85	45	45	109	16	74	115	54	102	40	33	58	89	10	69	89	47	59	58	73	69	43	46	32	65	54	25	107	7	108	114	55	65	65	115	88	86	94	23	33	36	82	74	31	20	100	108	118	33	72	93	25	89	55	92	77	13	69	59	52	14	5	25	92	36	78	13	1	55	63	105	113	13	68	30	36	81	49	113	39	115	22	44	43	35	98	47	83	67	34	46	20	30	4	113	71	29	96	16	69	25	80	14	18	96	58	58	98	107	81	111	39	34	84	2	46	4	117	3	14	76	96	15	103	73	80	32	8	29	48	96	108	78	61	110	117	88	54	94	118	60	35	76	12	8	80	82	91	95	5	99	52	21	110	64	16	109	49	117	76	116	42	93	73	12	102	93	103	110	95	13	6	99	91	98	72	63	73	18	14	72	100	108	6	114	31	110	22	90	56	45	61	6	43	69	96	54	59	53	40	59	47	98	59	95	42	36	34	65	105	66	81	89	12	18	113	86	3	45	22	109	114	67	28	94	38	71	50	77	41	113	64	22	87	7	95	75	112	33	23	89	109	48	104	21	72	54	4	29	66	34	7	71	15	99	84	63	111	68	19	21	79	4	116	85	87	28	70	113	32	108	65	102	0	38	61	12	119	105	6	80	48	58	109	80	107	84	54	99	105	97	77	61	38	100	103	31	109	3	87	10	30	44	59	110	10	55	55	20	19	68	14	57	8	52	71	5	31	88	31	97	29	3	11	113	61	12	40	31	12	56	87	81	111	14	82	34	69	39	67	81	15	58	80	96	61	70	89	64	84	34	91	40	6	46	85	94	116	22	104	4	86	71	112	38	28	13	58	50	70	89	88	77	57	29	77	87	58	73	34	43	92	52	106	99	104	44	40	53	53	89	28	98	39	31	96	26	119	114	100	57	81	66	62	24	6	88	57	30	100	79	95	9	81	108	75	69	36	110	59	48	76	41	37	3	1	119	111	114	25	36	33	10	9	59	10	107	102	67	96	12	90	79	67	89	28	32	18	29	118	117	98	17	70	3	93	78	81	32	111	19	58	31	116	104	35	101	49	48	88	76	76	10	52	11	47	44	40	58	118	109	93	119	2	1	109	55	86	72	22	20	1	113	32	20	29	86	96	5	39	69	93	105	29	13	72	15	51	2	3	64	47	58	66	94	59	63	64	12	95	18	81	109	86	9	17	106	118	94	77	44	103	63	0	106	110	110	38	43	110	76	42	7	97	19	112	26	15	88	5	88	6	19	31	69	46	41	70	33	104	1	70	116	119	105	61	67	7	26	56	102	68	24	51	112	58	38	54	97	99	114	33	21	77	86	64	64	7	85	105	74	58	41	63	45	92	19	58	7	65	44	29	21	6	40	108	3	42	40	83	111	47	75	51	8	93	109	77	3	72	74	109	88	69	60	56	93	82	30	6	55	59	58	88	48	119	96	40	29	83	31	87	65	36	56	12	63	82	0	16	36	93	53	59	21	93	23	10	116	19	33	49	25	2	54	81	110	117	99	66	51	9	16	118	104	72	14	117	32	60	84	68	6	119	2	102	78	9	3	35	14	117	58	40	11	100	85	118	48	92	42	82	11	81	2	58	54	33	96	111	56	67	31	34	3	74	86	75	26	31	44	115	105	65	58	102	90	118	22	96	1	29	56	2	80	65	78	47	97	33	22	63	40	7	110	22	9	49	80	15	22	119	60	101	19	99	86	50	99	33	78	113	65	106	28	53	43	119	94	18	72	66	117	81	79	66	8	31	40	86	55	115	33	98	7	29	16	54	42	4	108	80	49	32	69	20	103	56	12	31	93	94	41	44	67	71	89	79	18	19	97	5	1	52	48	32	77	79	114	21	72	13	1	9	88	73	90	56	7	66	53	22	55	85	22	86	63	53	74	52	75	30	80	71	109	46	19	61	14	77	109	62	63	85	114	116	54	53	34	40	13	88	119	50	62	40	11	1	91	114	94	53	106	68	1	51	25	17	116	0	81	4	63	91	109	29	24	66	58	40	21	107	43	45	24	60	21	28	8	65	48	2	66	112	109	76	96	107	62	34	6	31	45	83	39	61	30	43	86	53	37	24	19	66	101	26	62	119	66	31	77	37	87	57	1	69	74	71	57	106	51	100	56	61	43	106	97	4	86	103	78	44	25	60	43	47	113	111	5	93	116	12	10	2	75	82	71	52	15	119	72	58	17	109	61	41	22	94	24	42	43	71	117	101	113	72	26	16	82	53	77	29	108	34	3	107	43	7	49	45	76	94	95	33	42	55	66	80	77	12	86	43	34	8	39	94	67	6	32	109	65	6	37	42	29	47	73	72	15	12	2	73	77	40	28	65	101	76	42	51	94	36	41	92	36	93	55	55	45	73	52	20	80	72	86	25	92	27	22	55	23	30	28	31	94	22	63	16	84	88	4	80	18	63	79	68	57	14	34	22	43	71	44	5	71	31	81	35	36	29	113	45	21	98	51	15	70	8	45	63	37	26	85	50	85	20	57	56	59	104	54	55	77	26	94	90	72	32	17	38	110	77	66	52	38	102	1	72	0	55	67	103	4	3	50	81	112	112	58	35	39	92	73	54	77	58	96	76	85	93	46	73	78	100	117	56	26	86	102	58	117	78	29	118	100	91	98	26	20	55	34	73	95	114	117	7	68	61	48	32	16	57	105	40	55	51	7	17	44	69	92	33	110	37	73	90	43	7	4	35	46	15	21	97	19	55	58	11	97	119	81	21	7	110	42	71	107	117	92	106	29	62	41	53	14	100	20	56	102	87	42	8	1	39	104	82	36	95	2	10	100	57	86	9	50	13	80	40	116	61	112	53	113	57	12	106	104	39	118	41	62	97	66	46	11	42	2	24	89	112	74	70	90	23	14	46	18	83	52	55	78	42	115	87	48	29	41	20	119	14	54	58	45	59	31	80	95	24	7	93	75	70	36	119	18	49	104	47	7	114	22	118	3	24	43	80	24	5	60	119	13	26	48	54	1	80	10	37	112	59	117	19	115	59	100	47	53	62	16	23	48	42	63	2	34	70	119	94	82	47	107	103	43	42	43	27	95	50	58	68	98	56	49	17	67	104	11	112	26	21	70	15	6	76	26	41	85	83	115	49	39	16	102	93	19	66	66	113	116	34	104	22	106	113	0	56	28	116	26	96	81	30	105	82	3	86	99	29	91	111	39	66	86	11	6	13	105	5	59	78	80	99	107	33	22	38	103	18	49	37	117	49	116	22	100	24	28	80	64	93	23	59	24	70	30	102	42	16	38	92	8	15	81	114	97	82	72	90	55	116	72	31	95	85	103	74	61	67	110	31	9	105	44	68	105	23	62	118	96	87	62	110	32	3	36	104	70	20	89	107	53	49	76	66	31	49	50	42	4	8	73	31	8	42	77	71	72	7	87	5	99	90	95	45	36	0	28	109	45	101	118	51	61	22	71	48	16	13	76	56	1	54	56	96	102	56	32	71	48	20	39	1	74	101	21	93	72	61	14	32	79	81	20	0	43	2	89	95	98	77	28	5	47	112	110	41	84	90	21	115	40	53	29	83	106	53	105	38	89	22	20	26	66	63	96	119	17	94	28	61	82	56	114	55	77	8	91	76	35	72	35	41	31	8	35	64	15	117	102	29	32	85	75	52	51	92	46	16	110	117	62	86	78	99	3	7	101	5	50	85	112	47	92	51	9	116	36	62	43	24	95	75	11	73	79	5	30	87	39	93	102	70	41	58	92	80	102	113	98	17	17	62	95	38	56	72	33	44	101	21	64	93	78	104	20	76	98	6	55	13	60	34	76	86	67	108	92	51	80	77	86	98	13	39	96	32	28	115	66	26	29	45	71	64	89	39	19	10	57	17	73	76	37	72	107	13	45	118	97	74	49	47	70	63	50	40	79	104	72	16	115	25	102	80	56	110	80	2	16	87	18	33	109	85	66	77	4	76	95	8	100	66	77	26	36	56	50	14	21	91	91	91	15	96	59	55	36	43	28	81	77	14	50	80	5	61	83	73	88	106	49	58	33	60	73	63	77	94	113	74	69	53	60	84	3	58	103	92	88	53	106	81	107	75	54	93	13	42	7	107	22	34	52	91	79	16	77	9	64	82	55	58	57	107	107	92	1	20	30	37	110	103	9	102	9	1	108	81	110	106	45	97	43	98	25	2	108	11	109	6	98	118	112	47	83	83	85	52	108	28	63	52	90	108	89	9	101	33	3	32	118	69	20	65	18	19	40	86	13	56	96	46	56	76	77	45	9	3	110	71	53	59	115	61	12	62	6	69	5	86	109	78	85	110	35	55	65	12	22	86	117	66	55	116	17	60	112	109	36	15	69	56	19	118	56	84	90	106	89	119	0	75	47	36	27	104	4	68	46	66	33	79	62	29	71	107	44	84	11	104	101	70	118	60	30	86	8	74	65	8	84	72	8	3	16	23	22	47	119	3	107	98	2	10	111	49	40	14	59	115	51	61	63	82	7	47	87	25	80	3	106	90	28	89	27	15	55	11	94	9	69	34	43	79	70	83	49	79	61	44	72	115	42	7	78	80	90	96	23	57	12	13	89	108	112	62	16	86	22	33	117	55	119	44	90	108	27	73	77	91	3	48	84	74	24	51	15	99	26	24	12	82	90	96	67	25	103	82	57	43	103	20	91	68	59	72	21	85	14	72	97	16	96	105	26	49	80	80	42	76	7	35	101	103	25	119	17	42	38	4	35	65	24	47	87	16	94	62	51	45	45	73	13	38	41	0	74	100	27	57	49	3	18	75	83	25	77	70	71	96	49	80	22	82	93	104	22	8	52	78	0	112	47	88	119	74	83	23	65	90	22	70	81	111	115	5	86	104	74	70	10	93	16	54	28	2	52	4	107	30	5	107	6	103	27	43	85	50	65	16	89	102	47	91	88	31	34	23	98	31	72	116	60	24	24	54	114	46	100	60	98	68	74	105	47	1	40	63	58	7	49	34	81	21	9	56	49	116	114	86	61	61	38	0	102	106	48	23	
72	27	43	30	58	71	115	85	86	37	2	61	104	50	29	59	29	59	35	27	73	70	86	36	107	71	37	33	63	12	109	80	42	96	2	69	17	34	34	31	16	62	25	73	94	74	101	9	47	49	42	3	64	2	70	62	6	65	93	93	30	68	21	6	117	15	74	6	80	95	18	73	76	89	82	37	14	26	77	31	51	24	75	52	112	111	103	57	42	84	118	42	6	21	62	109	57	62	99	63	32	60	35	77	40	52	27	67	14	84	55	103	55	48	108	38	0	109	32	21	14	73	64	0	119	47	80	37	22	70	38	9	9	114	46	49	69	17	61	34	103	63	105	112	101	41	103	81	106	28	59	58	44	78	27	71	49	82	43	7	36	72	105	61	43	74	17	103	60	23	25	57	82	10	85	42	83	75	27	61	101	60	39	56	51	44	79	7	43	55	23	17	115	61	32	8	110	97	0	25	2	22	18	40	28	61	94	14	45	96	46	19	117	94	50	17	47	82	35	9	114	76	35	4	17	53	3	90	68	23	35	61	35	89	44	13	104	86	8	61	37	62	87	28	57	82	91	19	15	92	20	29	110	83	35	89	64	82	58	57	6	65	34	85	97	74	115	63	74	4	118	80	2	114	77	113	2	43	16	26	91	59	41	69	22	88	48	43	44	108	47	53	86	57	102	19	100	39	87	78	1	15	50	89	101	82	8	51	112	58	67	62	69	46	84	35	19	41	51	2	13	91	81	93	114	78	104	109	108	77	77	14	14	116	33	50	37	17	51	54	62	79	21	16	22	90	51	24	0	62	4	95	28	42	16	0	4	103	48	27	96	88	5	113	18	36	56	12	26	102	98	20	82	93	68	42	107	99	23	64	109	104	101	62	114	39	93	13	10	31	34	31	79	50	11	44	34	41	107	109	3	61	58	28	60	79	64	9	5	64	24	13	80	40	114	98	61	81	79	80	70	92	97	56	27	74	95	12	119	108	91	116	112	58	94	113	66	118	18	69	19	82	54	16	87	93	61	107	45	16	79	7	6	22	4	6	5	15	31	57	96	99	112	55	51	44	96	67	37	75	48	5	87	113	105	111	83	102	53	9	10	53	115	60	4	29	101	26	67	80	45	83	31	103	74	80	2	3	63	42	37	36	43	99	40	21	57	83	116	53	89	76	28	46	100	29	78	102	37	11	54	56	87	38	13	109	111	69	81	20	114	116	45	106	60	64	40	35	51	118	55	45	68	58	69	100	19	115	65	78	95	109	87	63	75	13	45	101	29	0	62	108	41	67	73	106	30	91	3	35	47	28	63	69	34	109	52	92	108	90	62	30	33	8	34	23	47	68	29	29	44	67	61	20	74	106	78	66	1	54	14	28	84	84	8	6	97	73	75	61	109	106	115	39	93	93	78	9	109	101	23	95	27	48	13	78	76	11	108	74	73	56	119	95	38	35	90	42	69	32	77	77	9	26	39	32	1	57	19	20	55	101	41	107	3	81	82	93	63	4	39	100	100	113	42	105	90	39	19	107	92	16	51	13	65	25	109	54	29	55	65	14	111	98	23	111	109	65	115	101	76	72	106	86	41	44	90	62	57	43	31	20	88	96	38	3	37	18	5	72	99	100	88	17	81	109	45	43	106	57	56	98	64	73	10	15	31	4	50	91	119	43	100	39	7	70	30	89	115	94	67	51	11	88	117	93	56	30	108	12	78	110	70	8	38	61	59	81	32	91	78	58	58	4	4	94	75	103	10	85	52	32	46	102	112	46	103	45	81	70	11	80	14	18	54	46	26	37	0	104	68	89	58	67	71	52	1	90	94	35	107	27	83	14	96	59	52	34	56	15	18	69	20	56	3	66	93	111	107	40	0	44	12	64	108	32	89	19	67	105	31	115	15	12	73	61	107	75	64	43	66	23	70	26	100	66	31	47	18	78	27	25	112	38	115	65	19	77	61	51	70	79	85	58	41	68	24	7	39	108	80	86	109	105	49	39	109	21	30	111	80	116	119	66	40	38	105	94	89	16	86	76	92	29	49	114	85	86	60	14	54	83	11	59	71	93	2	104	41	115	55	95	43	46	4	7	29	72	54	35	113	107	38	32	36	42	77	62	105	103	20	52	42	114	102	61	59	31	102	95	61	2	9	55	53	66	2	119	17	109	3	68	65	115	4	69	2	3	9	63	37	89	91	46	64	93	32	100	54	80	66	63	97	99	116	53	70	118	63	39	56	42	38	102	76	105	119	89	57	114	50	103	114	67	64	76	40	71	82	36	2	115	39	80	117	30	28	56	37	105	45	8	61	107	14	78	46	80	43	80	46	70	50	36	9	107	68	52	57	89	29	46	16	105	103	35	105	118	102	77	44	116	73	90	5	48	38	110	26	23	81	58	5	111	105	90	92	6	6	14	10	17	27	12	51	68	45	115	68	118	5	66	54	39	12	53	5	113	31	62	63	32	80	21	23	48	4	52	108	115	20	48	80	4	88	81	116	35	114	6	15	85	25	20	39	39	96	93	114	68	118	55	23	113	90	66	73	105	38	62	9	109	57	111	115	113	22	29	37	73	77	64	61	47	107	72	37	12	63	64	29	52	94	81	58	15	86	36	80	81	57	37	40	114	19	91	6	87	113	116	114	21	117	54	17	46	44	7	2	78	60	25	4	41	105	15	23	78	36	112	52	25	44	104	6	15	72	99	60	98	80	117	9	17	118	43	59	95	67	91	57	60	19	62	25	95	2	47	67	49	108	74	45	50	119	29	73	101	45	112	45	95	41	63	101	77	61	5	87	98	72	73	105	68	59	65	101	77	16	93	117	91	9	82	26	73	88	39	14	100	7	30	18	67	81	94	84	10	32	48	80	106	80	109	5	96	89	100	114	48	96	53	114	49	76	44	16	49	115	78	118	32	111	2	26	0	59	86	27	110	77	82	63	99	72	66	91	35	19	91	68	114	79	40	114	92	31	68	4	62	118	74	114	36	83	40	58	21	13	99	31	30	78	99	55	107	28	53	64	47	13	87	70	1	26	81	29	8	115	66	29	60	53	84	2	73	22	32	41	78	87	69	95	32	116	49	75	29	20	118	76	100	90	15	111	97	98	22	30	59	112	105	102	34	5	49	7	41	96	118	13	89	17	67	14	115	118	94	119	91	73	67	119	63	89	22	11	95	71	100	3	73	43	55	17	49	38	54	10	45	96	6	8	45	99	103	84	45	115	13	60	88	118	13	38	34	26	102	17	31	117	64	27	93	116	114	90	0	112	71	40	102	82	74	37	50	8	53	3	88	4	113	70	93	86	37	0	55	19	13	69	5	102	63	74	8	100	29	102	117	87	50	98	80	22	62	32	99	36	82	57	44	39	28	4	114	71	37	40	73	34	58	80	70	109	66	31	13	40	35	62	93	43	7	46	1	48	67	84	109	74	67	52	13	81	1	23	6	64	44	30	82	58	89	111	71	87	100	96	30	23	80	96	92	13	34	50	84	35	60	34	116	116	20	29	40	48	7	80	93	74	65	112	40	111	81	20	60	8	21	61	81	0	73	22	69	6	32	4	100	56	60	3	106	91	4	9	81	111	21	62	1	31	73	27	47	28	101	85	34	103	38	97	103	31	44	60	30	16	107	16	88	116	119	96	52	98	60	12	26	77	27	63	58	44	7	107	14	23	118	111	75	88	88	16	35	118	4	78	34	8	64	96	88	51	105	86	39	45	107	82	14	44	56	50	24	88	78	5	0	27	108	39	88	110	113	113	6	64	65	97	25	85	57	119	12	53	55	6	95	26	82	84	118	50	82	88	116	9	95	97	77	46	54	55	77	83	34	98	83	99	86	119	95	19	105	97	53	37	93	83	11	54	95	79	3	2	52	60	1	62	113	57	36	55	47	48	92	70	96	73	111	61	40	33	19	15	107	56	43	111	81	66	43	32	82	78	116	81	52	65	36	6	93	18	68	34	61	52	31	57	11	48	25	49	57	98	77	3	116	97	6	21	89	31	23	99	41	110	9	27	23	29	29	9	45	69	22	1	46	33	34	83	11	52	42	94	17	45	96	5	36	97	88	119	108	77	9	109	9	36	101	92	0	115	3	81	103	38	30	50	20	4	74	86	101	66	21	21	97	118	105	61	45	69	119	91	91	36	32	58	50	110	38	98	32	108	15	41	66	118	1	28	11	96	68	92	18	54	17	118	17	106	86	114	86	110	49	49	9	17	68	110	1	34	8	29	57	10	64	56	31	18	59	55	40	62	21	104	82	9	42	24	55	59	52	114	4	106	19	57	101	42	61	11	52	117	71	29	43	25	43	59	60	54	58	64	102	13	13	41	35	55	16	109	97	41	117	63	25	21	23	119	93	91	57	30	96	86	107	85	7	75	92	11	117	102	64	14	117	67	110	92	14	27	59	89	38	105	25	8	38	58	95	98	61	75	115	60	57	2	23	76	97	84	16	52	102	23	17	40	76	45	65	6	100	25	117	109	81	97	6	12	37	118	18	14	13	119	21	54	88	118	12	38	112	112	108	6	87	99	57	62	98	35	97	43	64	25	11	50	108	15	70	21	105	60	95	112	79	44	67	26	50	44	30	14	31	41	87	0	61	74	68	11	33	40	4	81	2	12	4	43	12	118	22	118	2	29	25	66	16	94	93	43	41	83	90	1	0	102	1	106	31	87	23	94	108	10	18	19	96	32	39	53	118	66	93	25	66	98	111	106	97	40	83	54	78	118	66	44	102	80	113	118	33	39	101	20	36	95	22	5	67	54	66	114	88	75	65	21	43	72	0	0	3	94	34	71	7	12	86	38	91	59	32	82	104	18	11	105	106	82	26	27	67	100	53	98	15	79	107	103	71	89	42	40	35	61	33	55	41	112	11	15	30	103	49	40	86	78	46	69	67	79	12	99	80	88	43	39	41	119	6	72	88	6	14	23	106	19	59	36	43	23	14	79	98	7	7	2	38	82	92	96	79	62	93	30	87	0	3	103	41	73	47	106	102	113	102	8	116	9	20	95	96	26	23	98	40	16	59	55	45	20	76	49	8	28	39	116	105	64	33	83	59	31	97	103	37	14	27	112	112	38	17	116	46	77	103	62	96	50	48	84	87	63	5	87	14	0	20	14	76	80	25	98	61	53	103	112	0	85	18	98	82	86	86	54	99	20	41	42	116	13	89	105	3	10	17	6	37	105	26	93	35	42	90	108	23	26	79	84	95	8	38	85	104	116	41	61	23	96	74	30	57	95	4	53	113	14	75	100	93	1	56	92	38	90	45	42	109	78	52	35	80	34	100	96	62	101	65	30	28	11	23	40	101	48	53	41	99	41	103	26	12	30	51	25	74	55	40	91	77	15	5	59	48	96	37	54	119	85	68	61	100	11	40	62	16	118	30	96	48	21	46	74	56	55	5	20	58	28	104	51	8	31	79	43	6	99	1	18	17	45	16	48	55	36	116	45	103	19	117	113	1	101	72	100	0	33	47	58	116	64	60	96	56	5	51	70	35	15	108	16	65	51	20	4	100	80	11	76	23	47	11	103	108	105	17	87	78	64	49	41	83	41	107	105	13	92	110	107	81	108	59	31	47	116	99	43	32	16	19	52	53	10	53	27	15	110	80	63	90	28	4	62	26	19	59	117	115	17	17	113	19	119	52	44	113	114	80	97	0	56	101	46	45	47	33	118	4	32	103	53	27	91	53	5	102	60	31	23	8	57	91	92	67	116	57	65	55	45	53	1	64	49	69	50	45	87	36	96	82	53	36	99	87	117	52	81	0	2	83	33	59	103	22	76	39	21	87	33	39	90	42	66	22	83	11	68	117	83	1	104	101	85	73	41	34	44	19	18	72	74	63	54	9	117	104	44	86	7	14	42	82	36	83	92	115	114	118	63	104	67	18	70	7	34	77	34	115	32	103	68	90	112	95	101	4	53	79	49	44	89	77	82	37	117	23	99	78	111	97	63	0	54	17	28	58	17	12	1	21	103	35	80	52	85	46	3	43	35	62	29	13	30	42	12	99	119	36	106	103	13	113	85	58	85	25	107	1	23	77	66	103	110	75	7	8	102	12	92	36	37	119	3	51	79	99	46	67	117	71	26	106	67	31	99	1	89	65	71	41	59	118	80	18	12	94	101	89	39	67	90	9	7	22	58	65	96	54	6	83	102	107	55	117	2	58	2	112	56	40	22	25	55	27	54	5	25	23	117	33	94	7	26	62	119	37	61	115	61	82	88	75	23	96	43	5	114	0	77	51	9	36	41	4	28	90	91	80	77	104	56	52	10	72	19	17	99	7	7	6	104	42	55	53	112	68	72	107	113	91	98	102	86	19	0	47	38	11	25	76	91	64	71	79	108	111	27	65	114	35	54	19	60	48	27	3	58	44	56	39	1	30	24	63	49	75	89	21	98	73	68	41	58	82	18	62	89	88	94	38	3	78	114	87	85	67	14	67	85	59	93	111	58	69	1	59	5	66	103	66	106	24	61	111	67	70	62	30	70	53	96	107	73	87	85	8	24	86	68	23	96	59	101	85	25	27	68	110	20	33	52	46	6	51	79	107	20	4	22	74	3	34	96	71	41	107	58	68	42	48	87	94	16	35	59	98	99	53	46	96	39	47	60	16	32	69	92	63	80	71	30	91	21	9	28	18	102	98	2	42	44	114	24	56	56	36	98	14	5	19	80	39	31	69	89	16	114	29	41	15	57	4	45	107	29	94	96	102	9	7	9	6	108	99	29	112	22	71	93	59	81	72	90	104	46	56	99	55	60	113	96	4	65	61	117	102	1	4	89	118	27	119	82	15	28	55	108	12	96	86	11	82	108	112	77	94	57	40	8	24	93	57	40	16	70	93	82	119	41	70	41	20	6	107	36	85	24	9	37	1	31	25	40	16	25	55	27	50	36	92	81	38	89	67	88	30	30	64	87	94	38	97	76	41	28	4	92	35	119	56	50	81	106	36	73	47	106	118	10	75	43	106	9	98	96	119	86	37	114	114	50	52	60	62	65	117	62	90	8	57	16	82	110	69	56	76	61	33	108	107	18	70	108	93	21	34	102	48	96	18	69	102	33	96	89	27	87	58	25	78	67	116	42	84	90	115	22	40	90	39	54	65	34	25	87	59	115	62	17	32	57	38	20	27	83	93	43	9	89	33	3	105	18	70	12	67	112	33	119	25	28	75	10	85	57	7	114	4	63	115	93	6	33	18	85	55	108	105	28	113	73	66	106	13	75	44	25	51	66	35	45	54	7	6	42	28	8	61	69	65	32	4	61	66	39	96	21	86	81	17	50	75	90	54	1	108	80	26	63	76	85	38	80	113	110	0	38	67	30	62	83	28	65	10	13	111	29	104	72	72	18	68	84	40	9	97	42	17	51	94	3	3	96	21	80	23	1	49	7	65	39	43	45	64	49	81	32	98	43	31	21	43	78	2	50	104	33	24	115	39	12	60	94	17	101	78	51	31	24	38	118	104	93	21	40	3	38	37	41	97	41	80	5	43	6	54	67	23	116	48	67	78	51	84	92	91	53	58	105	54	110	8	74	110	64	95	114	69	70	37	4	34	30	94	117	80	27	100	15	84	31	55	81	5	66	71	50	58	67	92	41	89	4	52	3	46	60	56	80	5	91	2	42	15	60	41	77	118	116	86	0	3	89	13	102	53	98	16	117	35	118	84	13	46	82	69	95	9	9	11	3	30	39	42	89	31	12	116	33	66	4	42	30	91	29	113	39	57	33	61	115	111	12	87	97	44	58	21	21	15	82	111	77	114	15	59	79	116	56	27	115	114	44	80	119	102	106	108	10	7	61	97	3	55	114	78	15	41	80	103	109	85	118	90	66	50	87	90	50	30	88	94	49	117	115	56	84	89	74	70	69	82	90	73	23	115	21	102	32	55	47	114	43	116	78	4	41	99	96	64	40	28	103	46	59	88	81	12	45	37	47	63	111	48	53	82	99	94	105	63	93	86	111	118	13	23	118	64	101	59	71	68	43	30	20	89	116	6	63	28	8	24	80	53	82	29	76	31	50	67	28	115	105	16	97	92	104	70	49	73	9	16	0	63	46	24	95	50	4	2	18	84	82	52	46	102	41	5	84	87	1	86	116	25	19	77	35	77	4	110	88	60	15	87	70	22	68	50	55	34	37	44	50	49	70	4	32	85	49	38	32	108	94	16	4	91	62	7	15	64	49	20	73	2	16	84	88	39	89	28	107	103	91	30	13	47	32	27	58	107	1	87	67	68	76	8	14	14	48	69	100	82	3	63	64	51	62	105	51	93	114	69	57	17	94	56	97	71	32	13	99	69	10	6	65	41	72	56	119	46	74	57	95	10	115	118	72	84	68	1	69	75	104	2	32	43	44	57	31	36	40	29	18	112	87	104	54	39	59	68	32	45	68	36	47	87	49	94	18	119	103	55	31	106	46	98	43	43	24	1	83	110	81	84	16	62	115	13	69	29	53	55	28	106	116	100	85	14	75	94	93	70	47	41	110	80	3	70	89	57	26	102	68	32	70	1	17	61	12	114	11	15	39	36	48	76	52	56	36	91	111	90	70	117	81	1	15	42	109	15	62	38	90	114	61	26	22	2	87	116	66	109	116	55	56	56	89	118	33	13	8	28	86	102	114	64	34	96	58	66	80	96	39	32	56	72	14	11	111	105	45	63	101	106	75	78	97	79	52	82	57	8	97	107	114	12	101	10	9	119	1	24	86	30	99	103	23	56	109	4	46	71	64	66	76	101	17	114	52	46	107	71	76	67	118	75	53	90	89	66	53	29	41	45	6	44	97	73	51	103	32	100	33	2	50	1	71	88	103	85	31	19	33	12	57	112	93	109	11	67	41	74	48	52	20	103	63	54	58	51	92	78	40	117	107	33	63	98	48	56	30	62	111	67	83	87	47	36	98	66	115	92	90	17	55	68	88	115	61	112	103	89	114	74	28	66	4	9	71	77	54	64	33	22	108	32	64	59	22	67	23	14	13	11	63	94	20	5	84	36	85	73	18	28	90	28	94	83	102	43	58	84	5	47	83	68	42	111	107	19	97	57	112	102	101	58	97	28	32	20	78	14	69	43	5	38	41	40	96	68	49	26	77	77	89	69	48	14	27	70	12	91	35	73	27	53	108	98	113	27	64	86	29	34	59	67	103	79	73	87	8	83	104	10	3	94	59	38	41	37	111	102	110	18	46	107	76	34	19	33	12	59	57	27	66	10	7	91	117	34	90	38	4	113	87	100	41	55	105	16	86	51	7	105	37	21	105	60	111	19	45	61	32	0	96	69	83	61	71	5	83	54	51	110	53	78	118	20	102	98	23	117	106	31	37	48	87	117	75	11	83	36	76	98	79	84	62	107	14	15	11	26	4	13	100	103	41	79	15	49	86	34	113	2	110	103	63	116	51	58	93	102	38	99	101	95	115	92	37	7	16	117	8	60	62	109	11	105	53	8	66	64	57	118	8	118	78	12	76	85	108	36	18	14	34	55	52	68	41	78	30	46	61	64	119	15	50	94	99	28	40	15	24	77	84	102	61	18	58	64	85	12	68	61	92	67	81	119	14	4	37	96	64	90	94	50	7	70	14	31	61	31	80	86	49	62	13	4	26	21	34	76	105	74	3	3	81	103	47	64	11	8	30	77	72	88	13	10	13	15	64	77	110	110	70	112	76	59	113	5	19	44	36	44	48	52	2	113	9	77	105	75	48	78	65	74	5	10	79	68	102	64	55	93	56	92	107	7	14	50	22	51	116	62	5	75	44	96	68	0	27	69	7	53	10	69	35	36	35	104	35	72	114	73	116	104	54	66	79	52	15	80	81	6	31	47	40	21	51	56	18	67	83	60	92	56	101	102	34	78	11	100	17	82	55	51	45	11	36	74	100	45	95	1	107	40	5	95	72	61	99	47	81	26	76	37	101	57	111	75	81	37	40	44	64	104	95	84	74	39	39	107	97	18	97	17	27	30	55	4	96	87	75	29	12	109	1	87	43	119	81	109	115	27	38	77	115	7	62	40	50	108	108	27	6	30	105	63	52	104	11	91	28	17	55	39	8	6	53	20	59	113	65	101	11	106	44	16	118	10	116	16	88	113	85	102	42	27	55	107	58	67	61	18	91	82	25	72	95	55	116	12	0	108	84	88	71	69	84	109	105	104	109	5	64	1	115	35	87	57	45	36	29	84	3	92	117	40	24	79	61	47	110	33	65	36	51	35	42	45	113	81	75	19	81	37	110	1	109	103	78	71	70	34	14	112	31	33	11	109	26	114	109	16	55	62	66	10	113	113	7	78	35	25	62	62	78	43	100	33	74	94	16	22	107	40	66	103	48	95	35	33	62	57	56	95	83	114	108	66	118	43	70	46	8	91	92	15	63	63	47	63	85	97	83	67	81	93	89	34	68	27	18	75	109	1	25	52	52	58	83	114	53	117	2	115	14	63	45	13	8	114	111	105	39	7	6	47	5	57	29	35	93	15	1	49	84	68	85	73	17	66	113	84	68	81	48	36	35	66	66	57	101	49	99	84	63	72	40	56	108	39	5	49	87	92	46	54	71	56	72	72	7	109	70	112	54	3	20	76	40	48	100	83	34	42	113	1	12	26	8	51	11	118	105	96	44	72	35	57	104	60	16	62	21	8	97	75	111	53	85	62	6	6	57	112	107	47	4	82	113	46	25	90	85	10	31	95	54	76	11	71	18	94	67	24	76	15	102	80	38	110	42	5	90	110	107	76	116	58	47	3	79	83	93	34	25	50	66	53	88	91	63	99	42	7	21	73	98	100	11	63	11	81	92	6	59	21	42	19	80	36	32	82	62	9	46	21	80	36	16	71	80	111	38	93	113	37	55	100	28	57	1	111	73	53	43	73	28	45	6	33	118	27	107	18	35	3	2	102	103	75	42	52	90	35	19	34	100	109	31	16	98	106	113	91	103	71	74	58	4	16	50	39	116	44	32	4	80	66	76	93	23	106	39	86	40	51	91	24	66	90	35	25	67	85	13	54	21	76	97	94	9	103	13	119	36	2	30	71	84	74	58	11	99	20	91	68	114	100	4	19	103	16	113	59	43	23	77	2	3	37	91	2	72	71	111	105	18	97	51	48	93	113	39	44	74	65	83	58	19	8	47	87	72	56	32	118	31	1	23	91	63	81	5	48	2	111	25	2	98	15	30	19	32	72	76	118	57	41	113	93	108	83	108	50	93	1	32	44	54	66	5	78	71	117	99	9	9	116	16	93	48	23	55	31	34	116	84	60	88	34	104	117	0	46	94	72	74	110	10	8	101	85	55	21	110	97	65	9	45	66	40	38	88	56	52	23	17	3	78	100	68	61	45	75	62	87	77	27	112	15	91	63	6	6	46	77	117	65	108	112	37	100	3	114	108	101	12	6	47	36	108	97	46	63	98	113	8	92	113	57	52	18	33	9	17	13	80	41	109	18	60	61	98	24	51	96	77	117	116	82	93	54	67	85	90	45	20	114	86	29	103	69	110	99	59	78	94	70	46	92	115	62	29	42	85	109	20	91	102	85	16	58	31	9	3	99	29	12	108	96	89	71	46	25	50	40	115	66	106	116	113	56	54	100	108	79	56	2	1	43	4	91	20	62	83	8	14	79	31	16	36	81	64	82	25	32	101	102	50	50	0	118	61	105	32	41	90	109	59	94	99	59	98	45	118	83	100	89	18	64	76	107	116	95	57	18	65	12	43	36	9	87	40	70	32	98	44	105	69	7	103	13	43	70	57	18	89	102	18	86	111	79	115	106	107	117	102	0	1	34	34	44	107	67	59	2	91	64	60	79	88	32	13	3	77	21	18	79	106	106	63	48	1	103	65	29	40	32	53	102	40	89	45	42	109	86	39	89	103	71	34	53	50	119	117	20	48	71	7	20	4	13	64	8	67	57	42	93	18	39	87	110	50	58	62	55	95	15	85	113	86	55	33	54	43	11	106	66	65	51	20	105	103	74	104	72	40	118	29	58	7	119	11	117	12	95	112	104	52	6	30	81	116	78	7	56	56	41	75	50	24	23	31	48	7	39	71	35	76	8	65	72	106	92	72	0	92	43	97	6	18	109	110	16	8	50	108	91	13	87	72	80	74	40	10	101	101	43	97	24	16	94	52	55	85	40	109	55	3	3	59	53	87	15	66	31	92	6	31	24	61	16	6	60	114	118	108	50	26	41	53	9	39	2	75	115	109	95	51	37	30	8	101	99	49	17	44	98	35	54	88	82	5	64	76	0	0	78	101	26	118	90	10	109	47	8	6	10	89	68	109	12	97	90	103	4	79	40	92	51	47	4	77	109	47	80	29	15	108	88	30	107	34	103	43	74	94	18	118	37	90	36	48	101	118	8	18	56	57	77	5	9	47	56	115	88	0	116	66	63	37	111	63	38	81	23	78	99	17	16	70	8	30	8	110	20	11	1	79	33	73	109	11	98	74	81	23	94	89	8	15	45	42	15	28	51	65	11	54	34	106	76	110	105	79	81	42	26	66	57	95	16	59	103	14	30	59	88	13	84	103	51	116	98	10	79	55	1	112	84	104	3	90	4	33	94	84	42	18	65	30	73	10	11	31	40	17	23	3	66	6	103	39	90	42	92	119	5	6	73	66	9	77	60	9	90	65	81	86	98	14	110	27	11	12	59	13	80	116	80	25	37	71	3	74	19	30	54	91	73	83	104	55	71	80	8	14	53	3	60	101	35	47	107	14	34	49	41	85	15	74	91	70	9	62	41	61	109	32	14	37	26	33	19	79	9	109	78	0	54	47	7	22	75	13	78	70	13	39	104	19	14	95	72	9	105	111	20	4	80	30	76	97	41	42	14	73	42	87	41	29	106	65	3	80	14	4	54	95	38	27	29	82	70	104	33	54	0	18	11	77	69	84	69	56	102	86	88	10	87	95	111	65	112	89	9	2	45	13	82	4	50	30	74	71	39	86	58	103	113	105	94	118	55	54	46	116	117	112	65	115	56	26	46	71	13	4	55	51	71	33	99	54	31	9	87	62	16	82	8	10	7	105	31	18	48	83	12	67	99	70	0	57	49	2	78	31	54	8	29	51	19	74	99	24	106	86	5	61	40	76	103	49	36	92	26	115	49	5	60	3	107	81	23	110	5	89	10	28	23	22	110	52	112	12	79	82	10	39	50	96	82	35	85	63	17	95	114	41	22	74	19	109	60	31	50	111	95	119	40	1	67	2	59	54	52	70	51	96	82	88	60	20	12	110	116	21	39	13	25	20	81	92	26	105	48	19	48	22	39	54	62	103	18	68	57	37	22	94	49	74	42	67	49	107	81	6	40	109	65	109	2	87	38	28	43	88	110	84	45	62	51	42	34	8	101	34	42	78	110	35	91	110	117	114	35	35	66	91	63	6	114	56	94	80	111	84	79	28	26	76	117	76	9	23	38	117	89	67	56	52	26	85	60	20	36	11	107	30	40	27	34	69	61	68	81	78	24	94	35	87	13	101	44	111	7	33	95	77	52	1	86	62	12	117	100	118	49	96	107	20	108	88	100	44	13	76	80	87	13	109	18	20	42	116	4	63	117	15	84	93	37	69	119	113	36	70	22	47	58	49	60	68	31	85	17	47	68	108	48	83	95	53	119	1	23	88	12	94	46	93	99	3	27	87	24	10	36	52	14	84	8	6	44	103	37	27	32	61	18	59	88	72	50	116	54	27	44	57	77	102	80	64	15	70	119	70	59	48	14	67	85	27	73	63	93	16	20	66	5	79	25	3	96	86	48	46	79	83	46	73	10	13	50	105	20	63	90	30	53	29	59	62	70	76	86	12	89	52	83	8	22	100	56	39	47	23	27	106	47	110	31	59	114	12	30	46	17	24	3	79	64	56	73	64	90	30	108	14	53	27	103	48	9	60	63	41	86	11	19	6	59	77	61	109	116	5	46	22	30	4	76	78	104	57	0	86	40	9	14	73	94	85	100	10	95	51	76	67	65	86	34	81	83	36	44	53	79	119	51	113	31	30	114	78	41	98	40	33	98	2	19	45	49	51	22	35	88	20	26	77	43	114	116	37	21	114	44	70	63	24	78	10	119	19	90	23	53	101	5	68	34	59	16	16	99	81	111	88	119	75	115	22	106	36	56	31	75	24	107	16	46	36	30	116	65	97	17	0	12	87	41	47	15	69	110	103	31	2	108	79	19	64	32	104	13	103	51	88	42	100	117	40	20	99	22	57	67	67	64	11	112	104	88	116	58	108	39	88	15	21	52	82	94	59	59	67	40	9	117	75	31	83	79	101	60	43	30	115	62	25	116	5	40	67	33	76	25	76	82	88	85	41	77	95	15	25	12	64	103	33	108	28	87	36	91	80	108	118	74	67	47	55	92	63	22	24	74	94	11	112	37	77	21	68	107	7	45	76	6	28	27	5	49	45	18	112	82	21	17	20	79	21	36	103	9	77	67	93	43	91	5	78	94	4	29	49	34	100	27	68	80	46	80	33	61	26	38	109	42	43	0	103	33	20	26	90	14	117	89	
4	14	3	6	19	11	17	20	2	9	12	4	8	13	6	11	16	8	18	17	3	11	3	15	16	11	9	11	14	17	2	17	2	18	13	7	7	3	17	5	20	8	10	4	3	16	5	10	12	7	7	20	2	9	13	18	11	1	17	17	7	14	19	15	18	15	4	16	16	3	17	6	6	20	4	9	3	20	9	7	18	18	20	4	1	12	1	6	12	3	10	13	18	8	9	6	10	17	8	19	9	17	3	16	18	2	11	3	12	12	13	4	5	2	15	9	9	12	17	18	10	3	8	9	1	16	13	14	3	7	5	15	4	19	14	12	14	20	15	10	14	6	15	7	12	16	14	11	11	13	2	20	17	20	2	18	2	4	1	3	13	7	7	19	4	7	17	12	8	15	5	14	9	5	18	7	13	6	19	3	13	15	8	7	1	1	14	17	8	5	7	5	4	4	5	1	11	3	10	4	19	15	19	7	6	14	6	15	9	16	3	20	14	6	3	13	20	6	12	16	17	11	2	5	17	12	15	3	19	4	19	7	11	2	3	15	13	6	1	16	7	13	9	11	7	8	13	20	8	13	1	13	8	11	10	6	20	13	2	5	20	15	5	3	15	10	8	9	13	7	9	11	6	15	4	18	17	7	15	1	13	1	6	19	16	16	3	13	19	19	14	17	3	18	4	4	13	2	10	15	9	20	14	18	10	14	5	7	15	3	3	6	11	18	9	5	1	15	8	9	11	19	2	18	14	19	4	10	15	4	19	4	8	8	5	3	16	20	8	12	6	8	10	10	1	6	18	12	2	16	7	12	6	9	13	19	10	13	6	2	15	10	15	5	6	3	12	2	4	19	18	14	19	2	11	14	18	2	8	18	15	10	5	4	11	18	3	5	15	7	1	10	13	19	9	4	12	5	6	19	6	16	1	9	8	17	18	11	8	3	7	17	17	17	8	18	17	19	15	5	10	10	20	12	3	16	12	19	18	17	2	17	5	18	4	17	7	17	14	1	18	9	15	9	4	9	8	12	16	17	15	1	5	7	8	6	18	11	5	8	2	6	18	7	16	9	9	2	11	9	2	8	2	4	19	19	20	6	5	19	16	9	16	3	17	4	17	18	2	18	2	6	14	15	4	3	13	9	11	12	3	19	8	20	3	16	1	17	5	13	3	11	9	1	14	20	11	16	1	18	3	13	7	1	17	12	16	3	18	7	20	5	19	18	8	3	5	10	6	19	17	4	2	14	4	6	6	4	11	19	14	11	6	6	11	4	12	7	7	20	5	15	11	15	1	16	7	11	7	10	4	9	2	13	8	5	17	1	11	9	3	16	7	6	6	16	4	4	20	11	20	18	16	9	15	18	12	7	3	8	1	14	4	15	5	20	11	17	15	13	2	3	1	10	13	1	16	4	10	17	1	16	6	20	12	7	4	3	12	7	17	19	8	14	3	12	8	17	6	2	7	14	11	16	11	15	2	16	3	20	17	15	18	10	4	2	19	19	1	18	5	7	9	4	8	8	17	4	9	2	1	9	2	10	3	10	3	1	4	7	6	3	15	12	10	10	9	13	8	2	5	19	15	15	5	4	14	11	7	11	18	3	19	20	9	16	9	1	20	2	12	9	3	8	16	5	7	17	6	8	15	3	13	8	9	4	10	6	10	11	12	15	3	13	15	1	13	5	14	13	5	1	5	1	1	15	9	2	14	1	8	12	15	2	2	6	13	5	11	15	12	11	11	2	11	9	12	13	8	15	13	6	12	15	7	14	3	11	4	9	9	15	13	16	3	12	10	6	7	15	9	2	5	14	12	7	6	11	2	6	16	3	8	5	10	9	7	9	12	1	6	6	9	1	9	13	15	16	15	13	15	1	3	10	7	11	8	13	6	2	14	7	16	13	15	7	13	8	6	14	6	13	7	5	6	2	13	16	15	2	16	6	16	3	3	5	1	11	4	9	13	6	13	16	7	2	11	4	14	14	8	16	6	3	1	4	4	3	3	8	4	2	7	4	3	15	2	5	4	8	14	16	10	7	7	9	7	7	15	8	10	9	7	1	5	2	3	12	11	16	9	2	10	14	6	10	11	9	3	12	3	5	8	8	2	11	12	7	13	7	8	3	1	6	12	12	6	8	7	12	3	16	7	7	6	8	14	15	10	14	12	15	16	5	16	11	1	3	5	6	15	10	10	2	6	6	10	12	16	10	12	8	11	15	5	15	1	15	1	12	5	12	13	14	7	15	16	5	9	10	1	5	6	8	11	10	6	10	14	8	2	2	3	2	11	9	13	5	1	14	15	9	3	1	7	8	15	15	7	4	10	3	12	6	15	3	5	13	12	12	7	10	7	14	3	15	5	12	15	16	9	10	4	16	3	1	3	2	13	6	15	12	9	6	2	6	12	1	9	13	13	15	8	4	5	14	1	3	1	3	9	9	16	5	15	16	12	14	14	11	3	13	16	8	6	5	13	16	10	3	6	9	4	14	2	4	7	3	5	2	15	5	13	10	8	3	10	12	13	2	13	10	12	8	1	3	3	10	5	7	3	11	6	13	8	12	8	9	6	12	9	3	8	3	14	12	3	11	3	7	9	7	1	4	2	1	2	3	13	13	8	7	9	8	6	14	1	8	9	7	1	12	10	16	1	4	13	6	7	3	4	4	1	10	6	11	14	13	9	5	16	15	3	14	6	11	16	5	13	6	6	5	16	4	15	2	16	9	14	5	5	14	7	10	3	3	6	12	9	1	1	15	2	12	13	12	15	12	9	4	10	1	5	16	9	15	8	14	7	9	3	5	2	2	9	14	1	11	11	5	6	9	1	10	8	15	6	16	13	1	11	12	2	15	10	4	9	8	13	15	2	15	2	3	10	15	16	11	2	4	10	15	13	4	8	3	8	9	10	14	5	2	7	6	14	14	8	15	8	15	5	10	2	1	4	5	14	15	2	12	1	13	16	3	15	14	15	13	2	8	15	16	10	16	9	4	13	3	8	6	16	4	7	12	1	3	11	5	1	11	6	16	13	15	9	1	4	4	16	2	4	16	15	16	15	13	1	3	16	4	12	13	4	8	11	14	9	5	8	2	10	13	8	12	16	4	10	1	3	16	11	8	9	16	8	9	14	6	2	15	15	10	10	9	6	13	11	16	5	3	8	12	8	5	3	5	5	5	8	14	7	13	16	16	4	8	2	16	11	16	8	1	2	11	13	10	5	14	10	16	5	15	11	12	13	12	4	4	11	14	12	12	10	8	7	7	14	6	2	4	16	2	4	11	1	9	2	8	13	9	6	11	14	12	3	13	5	16	5	4	9	14	7	3	13	16	6	14	1	13	7	7	4	1	15	3	10	10	5	3	10	6	4	9	16	11	5	14	4	1	7	14	5	14	13	6	12	7	16	8	2	9	9	13	1	12	7	3	11	3	11	16	12	1	3	5	16	5	2	11	13	6	3	3	1	12	15	9	15	5	10	5	8	15	13	9	5	3	5	2	11	12	4	14	5	8	10	13	13	4	8	5	7	5	11	4	8	12	14	16	7	14	2	9	3	3	4	4	13	13	14	5	15	8	2	9	1	8	7	8	11	2	1	5	7	16	6	8	4	3	4	6	7	16	1	15	10	13	7	11	6	7	6	15	2	8	3	1	1	1	15	8	1	11	13	9	15	12	1	5	8	1	11	6	3	15	2	5	10	15	2	12	3	6	16	8	12	1	12	1	5	10	13	10	15	11	11	6	14	10	15	5	15	6	12	9	13	9	8	2	2	7	13	14	6	5	5	6	9	14	8	14	8	4	2	3	2	14	10	16	13	7	6	11	4	5	15	8	10	14	10	16	2	15	15	2	5	5	8	15	15	11	6	15	7	5	8	3	5	2	3	14	2	6	15	15	15	1	11	2	2	8	5	12	11	3	3	16	1	14	2	5	7	3	12	13	11	7	5	11	6	12	8	12	3	10	4	14	7	2	5	8	5	2	5	3	12	13	3	4	12	3	14	14	5	1	1	15	5	9	4	15	9	14	6	2	2	10	5	7	3	9	9	10	4	12	15	10	14	12	7	3	12	6	2	2	2	10	13	5	8	14	8	13	3	12	9	15	12	16	1	12	4	5	4	2	16	6	1	9	10	16	5	9	13	12	8	3	8	1	4	16	10	4	2	12	11	8	14	15	5	7	4	10	13	7	14	15	16	14	4	3	6	12	9	6	5	2	11	5	9	16	12	14	8	9	7	16	12	9	8	3	8	15	13	15	9	13	10	5	6	12	1	4	4	4	8	15	3	4	2	2	6	6	3	13	4	11	6	13	4	10	8	16	13	16	16	2	8	13	4	13	13	6	13	5	5	16	12	15	16	14	9	16	12	9	14	14	15	3	12	12	9	7	15	5	13	16	9	2	12	15	5	7	7	15	11	9	9	13	2	1	6	13	1	16	5	12	11	1	9	16	2	1	11	1	1	2	14	13	5	12	6	3	3	1	3	4	8	4	5	4	15	3	1	12	11	13	1	7	2	14	5	15	9	13	14	9	7	4	3	10	12	14	15	11	13	12	15	10	14	12	3	15	15	8	6	16	16	16	4	12	4	7	3	14	10	13	3	3	16	12	15	12	7	2	8	2	6	9	11	2	9	7	1	8	1	3	2	3	6	3	7	14	2	6	13	9	4	15	14	11	6	2	8	1	4	2	2	4	14	13	15	15	16	13	8	5	13	12	12	16	8	13	15	12	1	15	12	9	7	11	8	11	4	13	3	16	12	11	9	1	10	12	3	12	15	4	12	3	5	11	5	6	13	13	1	7	2	7	2	12	16	2	11	8	5	14	6	10	14	16	14	10	7	10	15	15	4	15	7	12	10	12	1	16	4	3	12	15	3	14	11	11	10	2	5	12	4	8	15	9	6	6	6	11	3	4	7	6	6	12	5	12	2	13	9	10	6	16	15	8	15	3	8	11	12	14	1	12	15	5	5	7	8	4	11	8	11	7	16	16	14	14	13	10	11	6	14	3	14	3	4	4	11	12	10	6	8	14	14	2	6	8	9	2	6	1	7	16	14	16	14	13	7	10	14	9	5	1	10	13	4	8	8	2	5	7	5	1	7	11	11	2	14	12	16	4	10	5	6	13	9	2	6	14	3	2	12	4	9	10	3	2	3	14	15	15	4	7	7	8	7	10	4	8	1	12	16	12	13	16	14	3	1	2	6	2	10	11	13	9	13	1	12	4	4	2	8	5	9	12	8	9	5	11	5	11	6	4	15	1	6	4	10	1	3	12	8	12	7	16	14	6	5	4	9	8	1	4	10	6	5	1	16	4	3	2	3	5	6	13	11	6	4	2	10	12	8	13	2	10	15	7	15	5	5	6	11	10	15	6	16	13	10	11	5	10	5	13	11	2	12	13	5	5	4	5	11	2	16	13	2	4	16	16	2	4	11	13	10	6	12	2	12	10	1	15	10	15	6	13	12	16	6	12	6	13	15	14	7	6	3	7	5	10	12	13	14	1	10	7	5	5	10	10	3	9	13	8	8	9	10	11	8	5	15	9	4	15	7	1	1	1	6	10	15	12	6	11	5	16	14	2	15	3	8	7	10	8	8	3	1	11	15	11	3	2	6	7	6	16	2	12	9	16	16	8	15	7	13	12	1	15	6	13	3	14	3	4	3	11	15	5	15	6	1	11	13	15	16	3	12	14	2	13	3	6	4	13	14	11	4	16	12	12	3	6	12	14	7	11	5	1	14	5	3	2	9	3	7	13	3	15	9	2	10	13	9	4	5	5	9	15	12	12	6	9	14	14	4	15	9	16	8	13	12	1	10	13	11	12	3	12	5	16	9	5	4	11	5	12	11	15	7	6	3	7	9	12	9	15	3	6	4	8	6	2	12	12	1	13	16	7	13	9	11	10	9	11	14	11	4	11	5	3	7	15	5	5	10	6	15	7	12	7	12	8	10	3	4	13	5	8	4	4	8	13	15	5	7	7	11	14	15	7	10	11	1	14	3	8	14	3	5	8	3	2	4	5	12	5	6	13	7	11	13	6	2	1	14	7	13	2	10	5	6	6	12	10	7	16	11	2	11	3	2	9	4	16	8	6	9	8	9	11	13	13	9	5	2	11	11	13	6	12	14	9	7	11	15	8	12	10	8	8	15	13	10	3	1	3	8	10	13	10	11	3	15	6	3	9	12	1	14	15	7	6	2	2	15	3	1	15	16	12	10	6	12	8	9	9	7	10	12	2	5	16	2	6	1	16	14	6	8	15	15	1	7	3	16	4	9	6	8	16	1	13	16	1	5	12	16	11	7	3	9	2	10	2	3	13	4	3	6	8	14	12	7	4	2	1	14	3	2	12	9	7	2	7	15	9	5	13	6	13	16	5	9	4	13	7	7	2	7	3	4	9	15	2	4	11	5	4	6	14	3	5	2	2	6	10	13	8	13	5	7	13	5	5	12	13	14	12	5	5	6	3	15	3	7	11	12	3	10	2	16	10	6	1	7	2	5	11	2	11	14	5	14	5	4	15	14	4	7	15	10	11	11	9	13	11	1	3	13	5	3	2	13	2	6	6	13	2	12	15	12	4	12	2	7	12	1	4	14	2	9	8	10	3	4	11	10	5	11	8	10	10	11	9	5	4	11	4	6	9	12	4	5	12	13	15	14	11	1	10	1	8	13	11	15	8	8	8	5	15	6	16	2	14	8	4	6	14	16	12	13	11	12	11	14	10	1	1	10	15	11	14	6	5	5	13	9	1	16	13	12	4	8	11	16	11	10	16	7	7	7	15	14	9	1	14	1	10	3	1	8	12	9	2	6	15	13	2	13	1	15	6	5	12	13	14	6	15	4	12	13	10	3	8	3	8	14	8	13	4	14	8	7	9	10	4	9	4	13	9	16	12	9	7	5	15	10	7	3	10	1	4	15	15	2	6	4	14	11	3	5	1	11	14	12	16	3	6	2	8	13	1	7	4	4	14	14	13	14	9	2	1	13	16	10	3	12	13	3	12	13	13	9	5	11	14	12	16	5	10	3	4	9	9	15	4	7	11	8	8	12	8	16	7	5	6	3	13	4	3	4	12	14	3	12	1	5	14	14	6	5	14	3	4	3	13	4	8	9	8	9	7	2	11	13	14	9	4	6	4	9	11	2	10	4	5	5	5	4	11	9	3	3	6	2	3	10	12	10	7	8	15	9	6	3	15	5	3	13	3	7	6	4	11	12	5	16	2	10	16	13	8	16	1	13	8	4	7	13	5	15	9	3	15	16	8	9	13	10	5	11	9	15	11	7	9	6	1	6	2	8	12	8	16	10	13	14	13	10	8	10	10	7	4	1	9	16	4	4	16	2	7	11	14	12	4	8	8	4	10	9	10	5	12	2	3	13	10	12	6	5	5	10	5	15	2	16	15	3	13	1	16	3	11	8	2	9	1	8	10	4	12	14	16	5	4	15	15	2	13	15	10	12	2	12	16	15	14	12	16	14	3	1	11	12	13	15	3	9	5	13	14	6	6	11	6	7	16	13	7	4	11	3	10	9	9	6	1	2	6	2	16	5	16	1	13	11	14	12	1	9	14	3	4	1	11	11	1	8	11	15	2	6	11	13	16	13	7	2	8	13	10	9	2	2	3	1	6	9	8	2	1	2	3	12	3	16	13	8	5	10	3	3	13	14	9	10	10	14	9	9	7	3	12	5	9	5	7	2	5	7	3	8	12	2	12	14	6	2	16	12	12	9	1	1	13	9	3	11	5	15	16	4	14	1	16	16	12	2	5	13	12	9	10	9	11	4	3	15	16	4	12	3	14	3	14	5	5	9	14	8	16	6	2	3	1	3	6	4	4	10	13	12	2	1	12	8	14	5	8	15	1	12	3	11	9	4	1	1	13	16	8	3	15	2	10	15	15	4	10	10	1	9	9	1	5	3	9	15	2	15	9	8	16	7	11	12	11	14	12	11	5	14	13	5	15	8	7	12	1	9	14	6	1	14	1	11	7	4	10	10	6	9	2	12	10	4	16	2	10	10	13	3	5	1	8	2	1	11	11	13	8	15	7	12	14	9	12	3	13	1	12	14	8	5	10	5	12	1	10	12	13	9	16	6	3	12	1	5	2	10	2	2	10	1	14	6	3	10	9	2	7	15	16	15	1	6	7	5	3	6	5	16	6	3	3	5	12	5	12	1	1	6	14	11	12	4	12	1	14	10	2	2	11	16	11	3	3	7	9	1	7	11	1	3	4	11	14	16	16	13	1	1	11	3	16	6	14	14	14	9	3	16	11	15	9	15	5	3	9	3	4	9	1	11	10	14	2	12	9	13	9	4	4	1	8	3	14	14	2	7	2	11	12	1	13	16	13	7	6	14	3	13	14	12	6	5	14	8	4	12	2	4	16	10	12	5	3	2	15	8	12	11	4	16	4	13	5	2	6	1	8	12	15	15	9	11	14	15	14	5	1	13	6	4	4	16	7	1	15	11	10	5	2	12	4	6	15	9	6	6	6	6	5	14	5	13	9	10	6	12	7	13	6	7	7	3	4	9	7	7	7	9	15	13	10	6	2	14	7	6	4	3	13	16	12	2	16	1	13	3	12	13	15	13	2	16	9	13	1	4	12	16	7	15	15	6	10	16	15	10	11	7	5	13	11	12	1	14	5	14	7	7	9	9	15	8	9	3	15	6	13	11	15	5	14	12	8	13	14	15	6	7	2	5	14	13	15	6	13	7	15	7	5	3	11	1	12	9	11	14	11	15	11	8	12	10	2	14	6	1	13	1	11	6	3	10	4	11	2	1	5	13	4	16	9	4	9	7	12	16	2	8	3	10	13	11	2	11	13	10	11	7	9	11	12	12	6	2	10	8	16	16	14	15	8	16	2	2	15	11	6	12	14	10	12	1	4	13	1	7	12	10	6	7	9	14	4	8	15	13	12	7	7	15	14	14	14	12	3	9	16	3	8	14	7	11	4	6	15	3	2	16	1	7	7	3	11	3	2	1	13	9	8	9	15	15	12	7	10	16	5	4	14	1	1	14	2	2	10	9	14	2	7	10	7	9	13	12	14	10	6	5	8	11	12	16	5	8	3	11	5	14	6	7	11	11	8	15	5	2	4	9	9	5	2	14	6	14	15	2	2	6	13	14	15	12	4	13	14	14	11	3	1	4	1	6	13	16	9	15	8	12	3	6	12	14	15	11	3	11	10	2	11	16	16	12	10	7	3	15	16	1	16	6	16	16	9	2	7	16	14	4	14	15	9	4	15	9	2	14	16	16	13	16	12	9	15	6	14	11	10	15	11	5	4	2	8	5	4	8	10	4	16	6	9	2	7	15	7	1	10	15	9	1	14	14	8	9	11	14	10	9	8	6	4	4	14	6	7	7	15	1	7	10	7	13	15	10	12	7	5	3	12	10	12	4	13	3	2	8	14	7	2	4	7	5	6	6	3	15	3	2	6	12	16	10	14	1	14	15	6	7	3	13	1	4	3	10	2	14	10	11	3	1	7	10	11	6	7	1	3	10	8	16	2	7	7	11	4	8	15	2	14	7	6	8	3	13	14	8	9	11	5	3	5	1	5	12	2	14	6	13	3	11	9	2	1	4	7	16	11	8	11	7	6	7	14	2	3	14	16	14	15	3	2	9	7	6	12	10	16	5	12	6	3	3	10	3	4	15	15	15	16	3	14	4	5	16	6	16	2	1	14	8	11	9	3	13	16	1	12	16	16	5	13	3	4	14	6	15	9	8	5	8	15	16	8	1	7	13	3	3	11	7	5	7	13	1	16	5	15	6	5	16	10	6	9	3	14	12	11	10	7	4	3	12	12	8	3	2	13	12	11	15	6	9	6	10	8	1	13	3	1	5	8	11	10	11	9	1	1	16	10	12	5	1	12	9	13	2	11	2	11	2	14	15	10	11	10	11	15	14	7	12	1	11	3	6	15	11	16	13	7	13	15	5	11	14	15	10	3	3	14	2	2	3	5	12	9	6	9	10	6	8	4	11	12	4	9	12	7	14	8	16	10	15	15	16	13	5	10	5	16	3	7	15	9	5	10	5	3	5	1	8	3	11	1	2	10	9	2	15	5	7	15	15	7	13	6	7	16	5	12	3	4	1	10	13	12	9	8	14	7	16	2	9	14	8	5	10	10	3	10	7	11	6	1	6	10	6	2	12	8	11	2	2	5	12	7	8	16	4	10	16	2	7	6	15	12	8	10	13	4	16	6	11	13	13	15	11	9	8	8	16	8	9	7	14	14	7	4	7	10	8	3	8	2	2	2	8	4	9	15	15	11	7	3	11	6	16	2	8	7	16	3	4	12	7	4	4	5	8	8	16	2	2	9	3	5	13	14	11	7	3	10	3	14	4	7	1	12	2	15	2	9	4	13	5	1	10	2	16	5	13	8	9	10	8	6	14	1	4	8	2	4	6	15	15	8	1	16	13	11	14	10	10	10	15	5	3	9	4	2	10	12	4	10	7	1	2	8	2	5	11	1	12	8	15	5	15	2	7	6	6	14	9	8	16	6	2	5	2	2	2	13	16	15	4	3	16	12	13	12	16	2	4	5	4	8	9	13	3	7	11	5	14	1	4	4	15	8	9	16	16	15	3	12	1	4	4	1	2	8	1	12	10	16	1	3	3	3	12	13	5	3	1	2	10	2	14	16	9	1	2	7	8	13	3	15	13	5	12	11	16	3	4	9	16	3	1	11	1	3	13	13	2	8	9	9	7	4	1	5	11	15	11	13	15	15	12	12	16	13	1	10	11	11	10	7	4	5	7	15	4	15	3	9	15	9	8	3	15	4	9	5	3	7	13	14	4	10	9	15	11	12	16	12	8	14	7	15	12	6	5	6	15	12	2	7	5	3	10	1	11	8	7	1	6	13	2	12	1	15	1	15	3	15	15	8	2	13	5	8	11	9	4	7	14	1	14	12	11	15	13	3	10	7	13	12	15	13	16	4	3	13	12	14	12	9	15	3	13	16	14	14	5	4	2	11	8	10	5	13	14	13	10	3	5	7	13	12	2	16	10	12	2	13	8	15	11	14	5	16	14	7	6	1	14	4	15	16	12	14	1	1	16	4	6	5	1	16	2	10	11	16	5	14	2	5	11	11	4	16	1	8	9	8	15	9	4	16	4	15	3	14	10	10	9	3	3	5	15	6	14	3	8	3	7	8	13	10	11	12	4	5	14	12	16	11	3	14	13	16	4	3	2	11	11	13	14	10	2	3	11	3	8	1	11	11	12	9	5	13	3	10	9	10	3	11	14	10	16	11	5	10	4	12	14	15	6	14	15	8	8	16	7	7	14	8	8	6	10	13	3	16	7	7	4	15	16	9	14	15	14	11	12	14	16	2	14	2	12	2	3	9	3	11	3	14	3	1	3	9	9	4	13	5	14	4	8	10	3	13	16	9	7	7	9	8	6	1	6	1	11	9	9	12	14	6	2	13	1	8	6	9	5	12	15	5	15	14	12	1	5	10	6	11	14	5	15	2	16	1	1	14	5	13	10	10	15	12	2	12	13	3	14	6	8	9	9	15	2	12	7	7	13	5	13	11	6	5	15	6	11	12	13	9	6	6	14	13	4	14	14	3	16	15	9	8	3	2	13	9	8	14	12	15	4	3	12	7	15	6	8	2	12	5	13	12	1	1	10	4	1	3	14	2	15	12	3	7	11	15	5	7	2	7	13	15	14	5	1	8	15	2	9	4	9	3	9	13	3	7	6	12	9	2	15	13	1	7	5	5	12	4	16	14	6	14	1	4	4	5	13	6	8	9	1	14	15	14	11	16	4	3	16	11	5	6	3	5	3	5	12	11	14	1	1	10	8	11	3	11	13	6	4	16	2	2	13	4	10	2	10	3	5	4	7	14	10	14	5	7	9	12	9	13	12	3	10	9	12	7	2	11	8	14	12	12	1	8	13	14	11	15	3	1	14	2	1	9	14	15	11	16	1	4	11	7	8	10	3	12	14	12	8	14	4	3	12	7	4	11	10	8	10	6	3	8	6	11	13	14	10	5	7	8	1	3	1	3	4	3	10	16	1	1	15	9	6	8	3	2	2	6	16	11	7	14	9	9	9	10	6	12	13	9	14	10	7	8	6	6	15	10	4	4	8	1	14	16	16	5	4	6	5	3	10	10	12	2	11	12	10	15	4	10	14	9	8	4	1	1	10	12	16	3	14	8	9	2	6	8	12	16	7	15	16	11	16	12	12	12	16	11	8	2	2	8	8	6	3	2	6	14	8	16	11	9	14	11	14	5	13	8	3	13	8	10	7	7	2	12	2	10	15	11	5	6	9	3	4	7	15	14	10	12	16	1	16	4	8	9	1	5	15	1	14	11	9	14	3	11	8	4	15	14	5	11	15	6	10	9	3	11	1	14	2	1	14	16	15	6	10	14	7	4	7	2	7	4	9	2	4	6	9	2	1	8	9	9	5	3	9	5	16	6	8	14	1	9	7	1	10	3	4	4	13	6	1	9	5	3	15	16	13	14	4	6	12	4	15	4	2	8	12	2	8	15	12	7	16	3	14	6	15	1	11	5	8	4	3	14	1	6	16	1	1	8	10	8	3	16	14	15	4	3	10	5	16	14	13	14	12	13	12	4	14	8	13	4	16	8	12	8	10	6	2	11	1	10	3	7	15	13	14	4	15	5	10	2	8	16	15	9	3	9	1	10	4	16	10	1	5	10	4	10	12	8	10	5	15	3	3	8	10	6	4	3	7	1	4	1	5	16	5	8	15	1	16	9	15	14	4	4	11	12	8	5	11	15	15	7	13	16	16	16	12	8	13	3	7	9	13	14	14	6	4	8	13	7	4	2	13	12	1	4	8	7	12	5	12	14	13	14	13	3	6	8	3	9	14	16	15	12	14	3	4	5	11	14	9	7	1	2	2	13	2	3	12	11	12	2	12	15	4	9	4	10	16	6	11	1	11	3	11	8	7	2	2	6	15	15	12	1	16	3	13	8	16	16	9	13	14	12	16	15	10	9	9	11	6	13	3	14	10	16	3	8	15	4	13	3	5	11	4	13	16	14	4	10	11	15	16	14	15	12	11	13	3	6	3	6	4	16	3	6	11	12	13	2	3	12	7	6	7	7	8	2	7	12	13	11	7	6	1	9	3	7	5	15	2	10	9	8	15	9	10	16	11	4	8	1	8	2	5	13	13	15	2	2	4	9	8	15	4	7	15	2	13	4	9	14	12	2	1	10	13	2	11	2	1	7	4	3	15	1	5	13	16	13	15	8	10	15	12	15	8	3	3	15	1	6	5	9	2	8	13	13	3	1	2	15	8	1	16	16	11	8	8	2	12	16	13	14	10	11	6	2	11	1	7	12	4	15	13	9	14	8	8	8	13	13	9	6	5	5	16	10	6	4	13	3	5	12	7	3	10	10	6	7	13	4	12	1	7	16	1	14	9	13	4	4	10	2	16	6	5	8	8	10	4	15	14	12	11	9	9	13	10	13	5	6	5	1	12	14	6	10	14	5	10	7	10	12	15	4	9	10	5	9	2	2	14	8	14	2	13	12	8	4	16	11	14	9	13	12	11	2	13	8	10	14	1	12	3	13	4	10	10	9	7	1	6	1	13	11	14	14	7	9	13	10	2	10	4	7	12	15	3	11	7	1	1	2	6	14	2	16	7	12	10	12	8	4	14	2	3	7	3	8	14	5	2	16	16	16	13	16	14	14	12	11	8	10	9	8	8	4	13	3	13	2	9	16	4	10	3	4	5	4	12	14	6	8	10	3	6	16	5	2	3	14	15	12	6	5	2	16	8	1	10	15	14	5	14	7	15	1	9	5	2	15	10	16	9	15	1	16	5	3	5	8	13	14	14	8	10	1	1	5	8	11	7	6	8	7	5	12	5	10	8	1	15	3	4	2	6	1	9	7	13	13	5	7	14	3	7	7	4	9	12	7	10	12	6	3	13	8	14	9	7	7	14	14	8	8	3	4	3	12	2	14	13	15	1	2	5	3	1	7	12	10	14	7	11	2	3	1	2	4	6	13	6	5	11	12	4	5	6	6	1	5	8	14	12	14	8	14	7	10	12	16	16	6	3	11	1	3	3	14	3	4	15	3	5	14	8	16	16	2	8	2	10	4	15	7	12	11	12	9	10	9	11	4	15	15	15	3	15	14	13	16	14	4	5	10	5	4	5	2	14	14	8	7	8	16	5	11	8	5	4	14	4	9	10	12	14	13	7	13	13	15	1	12	7	7	5	6	6	10	16	4	7	16	13	1	2	14	9	2	4	14	5	15	6	6	13	11	1	7	10	11	15	15	2	13	9	2	7	9	5	12	8	14	8	11	1	4	5	4	13	16	8	4	6	7	14	2	8	11	12	9	2	6	7	7	3	13	5	6	5	10	14	1	9	7	4	15	10	6	7	6	8	7	16	6	11	5	4	11	9	3	6	1	5	5	10	12	2	10	4	9	8	13	10	14	5	3	12	16	16	4	6	3	10	14	15	10	11	11	8	16	9	13	11	16	16	6	
320	580	600	430	910	440	160	420	430	290	920	660	760	660	380	810	660	740	650	930	530	810	680	780	480	990	180	410	290	590	100	180	490	590	700	970	360	990	590	380	710	960	330	260	370	440	720	780	460	220	890	770	170	230	170	590	140	230	860	700	840	160	730	400	450	490	620	170	740	170	620	930	410	670	950	420	550	650	250	370	190	570	120	290	920	960	310	880	280	400	100	720	190	130	600	280	400	500	460	880	430	770	430	210	490	400	230	250	470	480	980	670	820	130	190	420	940	510	190	130	880	670	750	450	200	740	720	950	330	550	400	490	420	160	950	240	200	300	930	870	260	910	180	740	670	790	460	470	450	700	920	100	180	290	170	160	190	170	440	540	550	890	540	940	830	300	540	230	570	550	480	500	890	350	770	870	710	910	930	460	420	780	770	100	310	250	270	720	300	490	520	240	940	750	400	260	260	970	330	790	310	420	220	370	160	600	270	780	730	630	250	700	800	820	230	300	950	670	720	420	880	620	540	570	880	430	970	800	450	810	730	150	560	900	780	770	550	810	520	800	260	680	880	990	670	970	100	750	630	300	600	900	640	250	480	230	490	520	220	840	410	340	380	730	840	670	300	460	130	720	490	110	180	870	910	640	210	700	890	430	960	880	250	610	430	290	820	920	210	610	480	780	770	250	870	290	730	170	400	910	400	750	720	260	1000	740	860	950	830	600	490	800	770	210	200	930	720	350	370	370	610	290	550	480	140	950	850	440	800	980	290	510	820	620	630	160	640	810	630	660	190	210	710	140	570	520	780	630	520	530	660	470	710	470	680	680	250	800	870	460	880	410	490	460	940	320	470	280	270	750	170	300	820	370	560	480	900	950	150	760	450	640	660	790	600	900	850	930	350	340	600	390	880	720	390	850	480	380	240	260	130	610	650	910	950	280	790	150	330	250	220	740	290	770	840	600	120	410	410	210	990	800	120	770	310	190	360	410	150	640	410	920	840	750	940	800	830	540	200	540	260	910	630	120	460	460	750	300	830	510	130	900	750	120	860	400	500	340	110	690	600	700	630	840	350	960	590	590	130	840	230	390	460	820	270	390	800	290	930	610	580	810	380	910	310	660	800	680	370	940	1000	270	430	430	590	730	880	670	310	850	420	880	610	340	590	490	410	430	800	880	260	280	780	170	140	400	320	790	320	570	810	840	890	120	830	920	470	680	580	520	130	810	440	320	400	510	390	990	440	650	660	770	710	770	540	830	210	930	770	630	200	370	630	780	650	450	900	250	840	490	600	920	610	740	560	190	180	750	650	420	110	980	510	430	460	700	950	890	930	730	700	170	690	530	420	200	980	390	530	600	930	250	600	180	790	730	270	710	460	410	870	260	200	120	850	170	820	650	500	890	530	630	250	260	840	190	240	950	110	990	620	340	680	920	740	470	690	170	560	930	800	150	700	470	200	100	400	970	280	680	990	180	890	960	960	230	510	970	830	700	130	290	500	760	380	470	660	800	580	170	390	780	760	600	840	870	620	340	490	640	250	330	500	220	530	770	830	820	220	1000	990	580	670	460	750	850	640	320	270	370	970	820	240	270	730	780	200	680	870	190	140	900	630	170	340	590	110	450	230	500	530	910	380	940	330	100	940	560	1000	320	150	300	190	530	890	480	460	430	950	700	700	860	290	240	250	290	580	670	600	550	480	930	140	310	690	200	960	780	340	280	570	180	920	510	420	470	790	870	690	860	630	210	510	560	540	590	140	440	720	310	970	940	580	590	290	840	420	560	490	810	120	620	620	780	570	710	500	660	240	900	740	490	500	280	960	450	800	520	200	510	420	710	370	180	950	160	210	690	330	540	480	780	380	710	120	640	660	350	660	780	630	960	880	730	230	350	130	620	840	760	230	220	460	460	230	820	480	900	590	770	320	820	290	620	260	180	710	530	870	450	470	640	510	670	130	1000	910	990	930	120	130	750	1000	960	140	140	950	910	970	320	160	310	970	130	430	380	530	570	220	820	180	190	680	450	900	770	640	640	160	230	880	160	760	770	130	490	840	820	260	340	410	580	270	770	660	630	600	130	280	220	740	740	490	790	840	780	240	790	500	240	570	740	390	990	490	560	190	200	440	880	100	780	860	250	760	670	530	450	730	570	470	690	930	400	270	690	850	890	350	660	790	380	310	880	490	100	760	350	760	260	750	640	600	140	700	740	540	420	900	610	710	820	910	120	160	960	770	640	580	910	110	280	610	980	860	980	910	750	270	610	520	1000	660	850	190	750	720	940	990	290	220	650	800	100	200	360	450	120	950	440	680	340	780	400	100	790	640	550	530	140	350	260	600	770	240	140	710	360	970	750	560	940	880	970	370	660	400	730	390	330	780	720	920	230	630	410	450	170	300	630	260	930	710	790	130	280	420	800	360	180	740	360	280	550	420	280	980	860	660	320	880	920	620	470	370	910	590	440	430	720	430	810	360	650	850	170	300	810	290	370	530	630	610	450	110	670	880	870	180	840	960	620	610	340	100	130	140	330	530	120	620	410	860	710	840	970	200	880	410	690	870	760	820	830	370	210	350	240	340	770	530	930	120	540	790	770	100	710	800	920	170	560	490	330	430	760	740	990	340	570	950	900	860	250	320	770	520	560	300	230	150	320	740	400	110	950	290	270	860	180	230	820	910	380	260	370	430	480	680	140	280	490	510	930	980	490	260	270	660	710	900	230	820	660	160	320	100	170	680	920	320	130	590	1000	300	730	550	530	580	610	590	850	790	930	400	520	500	690	410	920	260	510	610	790	190	960	800	680	930	900	430	470	940	880	790	820	570	230	240	270	430	640	620	740	390	820	490	920	110	670	180	660	870	670	680	780	330	820	420	800	840	870	430	430	920	360	590	680	210	170	690	830	140	140	960	400	330	780	340	540	850	450	440	180	720	710	200	190	630	990	720	790	260	750	710	480	780	440	670	270	820	300	900	490	820	730	290	480	630	380	610	100	440	750	860	240	500	600	610	360	620	340	850	390	860	860	730	680	180	750	980	870	440	470	410	110	580	940	210	220	900	930	940	530	480	550	1000	680	690	240	920	320	280	370	240	990	330	970	380	310	470	870	870	990	260	430	650	470	740	810	980	490	480	690	570	730	820	760	420	370	760	380	650	380	950	110	430	490	450	870	370	500	880	390	710	710	800	390	260	710	610	950	780	970	260	630	940	1000	160	890	340	970	910	390	600	600	890	410	600	540	410	940	510	280	750	840	530	960	620	700	200	780	290	580	400	500	1000	220	960	370	100	970	800	560	890	240	890	500	960	710	440	550	250	750	900	450	450	430	710	360	970	270	360	650	480	460	190	100	740	1000	780	990	500	650	850	320	160	620	810	470	520	800	860	820	410	870	370	350	220	350	950	440	290	360	830	920	230	400	910	130	830	810	710	520	260	960	320	460	250	290	470	850	190	110	510	490	780	230	750	160	160	860	910	790	480	860	200	670	880	910	450	730	570	840	930	190	670	710	460	320	900	130	370	960	320	610	420	730	370	710	440	350	540	780	680	160	530	110	530	880	270	910	940	950	830	260	370	650	510	120	410	580	300	340	880	440	810	650	430	860	440	580	200	770	690	180	750	190	690	350	740	980	340	320	280	160	840	290	970	270	420	600	150	840	420	910	860	900	230	890	680	310	410	880	240	430	740	550	570	680	970	980	410	670	170	410	650	360	130	900	570	200	1000	340	460	420	140	720	280	720	870	140	730	670	990	420	790	100	340	590	960	390	960	250	860	460	270	940	620	510	840	440	540	770	140	780	210	850	1000	350	320	980	510	160	940	150	160	970	610	880	480	340	430	390	170	830	610	190	170	680	670	400	970	920	390	790	260	940	570	150	590	690	830	510	770	450	200	110	820	640	350	110	630	810	260	320	360	590	170	1000	550	130	960	320	830	860	170	930	860	170	490	1000	130	220	400	290	670	140	780	620	980	570	420	410	890	630	880	960	570	640	460	550	490	180	980	890	640	720	370	940	740	110	270	630	490	830	180	490	780	550	310	650	890	240	690	500	400	790	480	200	200	230	390	470	1000	890	890	550	680	960	850	940	260	680	850	470	210	970	130	950	950	620	630	830	570	690	410	390	140	680	690	110	680	740	510	170	420	720	630	910	360	460	870	880	930	770	350	610	220	580	750	320	210	950	630	870	680	960	960	220	460	430	530	230	210	330	630	340	470	370	340	200	180	100	260	980	380	820	520	520	620	500	110	470	580	670	590	910	140	320	890	410	840	550	870	460	960	270	350	830	420	370	430	240	590	350	180	160	510	550	290	750	670	850	870	110	170	930	480	800	500	140	630	810	730	530	300	600	700	540	330	990	480	220	250	490	240	930	480	160	360	280	680	240	470	830	980	760	540	740	1000	490	890	190	580	670	880	880	520	120	240	790	590	230	950	940	690	640	670	380	360	470	810	340	940	280	300	850	500	970	680	570	460	120	210	940	470	940	870	190	510	460	150	270	620	350	870	880	110	870	480	410	540	560	410	950	890	610	720	130	560	440	760	990	780	490	720	320	550	570	340	750	590	410	380	390	890	830	760	580	750	270	790	480	320	530	310	650	200	680	370	600	430	780	460	710	400	620	210	840	490	790	300	400	210	320	130	660	380	260	550	740	720	800	270	780	910	990	240	430	270	600	950	130	480	810	640	580	710	180	320	410	850	860	770	320	610	620	990	500	840	660	600	900	520	980	100	730	220	690	550	740	750	100	620	1000	690	390	900	730	910	420	290	380	560	810	490	260	940	370	580	350	800	470	880	920	270	980	880	710	620	980	790	950	520	390	490	950	520	320	890	990	980	780	140	520	270	710	270	320	360	450	690	680	960	440	840	980	800	910	880	490	660	500	670	470	100	890	330	270	200	880	780	370	210	660	820	390	870	390	790	410	890	660	740	120	100	970	950	550	550	130	100	210	350	190	100	260	690	890	630	230	940	810	410	780	320	1000	610	780	120	330	380	890	290	970	570	340	260	720	330	800	430	870	850	400	500	520	230	480	880	840	320	220	730	780	950	820	350	120	110	190	730	770	190	410	1000	360	440	490	240	200	440	290	730	890	450	110	770	240	750	290	260	490	190	710	660	390	150	190	490	480	830	170	180	950	840	690	760	460	750	480	120	240	540	160	290	490	430	390	970	920	910	410	510	800	120	830	100	140	830	390	550	910	190	960	240	320	590	840	280	880	980	490	940	250	100	840	320	560	380	520	520	1000	740	180	450	890	730	870	830	660	680	890	390	450	120	650	310	920	880	380	120	250	300	160	640	740	370	190	160	310	430	320	620	520	100	660	210	390	360	890	460	320	230	170	380	790	220	410	860	580	660	810	880	210	850	440	490	440	270	140	520	360	920	850	350	710	490	900	570	910	240	100	710	470	870	350	500	120	920	1000	770	300	690	310	410	570	690	490	330	810	590	730	350	460	290	170	200	830	700	180	150	530	490	390	470	960	380	150	820	190	930	850	810	660	570	720	460	760	130	250	950	1000	870	400	230	880	270	990	470	560	600	250	770	280	990	510	260	100	820	1000	240	750	620	410	520	1000	960	150	280	820	770	170	820	610	420	680	890	820	630	600	560	910	190	140	190	910	410	300	870	130	140	310	770	620	250	160	710	330	920	740	780	970	270	320	610	880	790	930	220	410	460	570	970	970	920	240	170	990	820	470	360	530	780	410	680	680	110	860	510	910	470	550	930	850	820	680	670	580	520	320	400	700	730	370	580	660	200	380	910	920	770	670	400	600	250	680	430	770	890	780	930	680	880	330	910	630	380	100	400	790	800	360	750	430	650	400	390	530	240	800	680	990	750	390	390	780	540	780	630	440	500	780	360	190	840	870	930	770	280	600	670	800	760	650	930	680	540	360	170	940	540	290	930	150	910	280	600	400	950	910	400	560	880	920	450	600	400	840	950	630	290	370	670	430	260	100	420	130	870	820	260	800	700	680	890	390	780	1000	500	230	570	380	380	400	380	570	270	600	810	450	440	340	640	200	380	120	130	280	450	850	190	180	210	650	240	820	680	530	900	800	550	820	210	520	820	610	400	820	940	880	490	420	410	120	700	880	560	690	380	730	810	730	610	550	500	940	340	100	890	900	280	650	710	890	500	820	600	970	300	1000	580	320	590	970	690	790	290	440	170	440	710	150	730	720	680	500	140	840	490	380	140	690	200	380	830	460	460	300	970	820	280	950	140	560	410	910	990	150	890	650	760	630	420	660	570	480	620	960	910	620	240	510	310	120	160	790	160	940	470	930	160	720	830	440	910	980	820	840	990	1000	720	160	520	510	920	420	550	830	890	690	780	910	570	610	180	810	700	290	750	350	890	400	200	260	950	550	770	340	860	500	520	1000	700	510	700	470	220	460	750	710	230	230	780	760	160	340	310	220	790	950	190	530	860	1000	750	140	340	130	950	390	380	1000	670	420	770	360	550	850	450	250	600	230	210	410	640	970	930	270	330	780	140	530	100	240	540	850	410	840	840	320	990	760	670	980	230	840	870	410	960	220	840	900	140	540	770	820	450	100	820	630	710	640	150	890	580	130	840	260	210	100	410	940	600	660	200	280	760	990	150	610	720	850	300	630	200	420	730	940	330	370	810	160	880	760	660	150	380	880	850	140	220	830	530	910	520	340	210	390	960	510	470	310	420	550	160	700	720	170	450	410	350	760	590	750	520	760	540	640	880	200	440	210	410	290	460	490	1000	600	220	460	180	230	760	750	850	610	470	650	340	310	720	970	290	160	1000	790	710	1000	720	240	350	310	500	880	590	650	670	900	280	680	570	720	140	920	560	730	790	160	970	160	240	430	700	230	800	480	620	870	260	690	570	140	600	670	750	1000	610	600	600	800	530	890	410	310	950	380	120	110	200	630	530	510	390	880	920	670	430	120	920	440	380	300	990	100	480	840	880	100	370	160	910	320	410	890	650	680	100	600	660	970	590	120	280	270	100	640	450	650	180	590	490	400	240	990	760	650	890	200	300	270	360	760	230	890	700	650	680	410	230	750	330	170	960	810	200	340	940	920	340	440	490	860	340	610	230	210	480	860	920	210	550	810	720	180	510	220	130	980	840	360	460	480	200	620	330	370	110	490	440	530	570	350	700	470	750	830	120	200	520	380	680	480	940	810	740	290	870	320	230	510	480	170	210	940	640	810	590	700	260	900	340	370	230	560	360	890	700	130	110	380	820	940	970	520	100	800	380	560	920	350	690	800	490	970	340	680	700	660	310	870	390	200	670	880	260	140	880	190	980	440	760	560	890	930	780	560	700	910	640	890	670	430	740	160	810	480	450	400	910	210	460	870	210	520	790	510	330	260	320	970	570	100	260	650	120	760	850	310	200	240	490	950	780	860	740	120	400	930	270	180	560	530	970	490	860	590	510	360	510	640	640	280	950	530	880	850	360	270	450	880	940	860	770	520	630	590	340	340	490	290	430	440	910	790	930	940	330	970	1000	400	120	590	130	350	590	630	710	550	950	480	350	600	440	380	820	400	590	610	880	220	290	730	810	150	810	580	470	710	260	350	820	700	240	630	250	120	360	370	720	140	580	880	750	1000	430	250	190	360	730	400	720	500	470	550	960	300	260	320	490	200	140	680	500	360	400	360	490	380	170	390	790	330	500	760	620	460	950	280	130	470	610	300	230	590	970	370	690	460	100	970	550	470	920	660	600	980	710	390	140	420	430	640	150	340	850	370	800	700	390	980	650	190	820	710	630	750	310	400	100	260	990	950	510	410	120	680	610	140	410	700	700	900	370	120	810	930	990	860	700	810	620	570	760	480	250	870	320	250	890	280	390	860	860	960	560	780	860	470	110	770	260	610	460	570	310	620	390	780	970	290	450	950	880	940	610	520	300	720	900	390	310	340	900	840	480	490	980	110	960	410	870	620	330	110	960	290	360	490	910	460	630	540	150	540	560	160	920	250	260	420	170	310	150	420	400	190	590	380	110	340	640	830	560	410	650	420	650	690	240	560	970	790	930	190	220	120	880	370	640	780	960	840	980	580	920	150	930	700	990	240	830	580	920	120	930	130	230	880	100	1000	870	930	810	880	710	510	140	190	600	180	670	910	410	690	700	670	380	270	600	790	990	130	660	870	420	560	600	850	120	720	910	290	580	610	340	890	170	200	490	1000	470	480	820	240	560	530	600	260	140	730	820	460	310	690	720	430	690	990	1000	720	540	560	690	970	340	570	880	420	220	870	660	510	320	440	290	700	380	860	580	690	630	520	450	410	790	100	970	760	430	980	530	530	200	710	460	870	590	250	250	200	370	950	320	100	930	390	280	340	640	760	490	690	600	350	530	640	250	880	350	760	130	940	460	420	200	870	290	860	480	560	810	150	140	990	230	330	740	930	330	710	970	770	750	470	600	590	350	360	430	690	510	660	900	970	840	440	310	660	790	990	640	450	380	490	680	730	240	310	960	310	530	840	370	150	140	660	680	120	760	140	220	150	350	830	460	130	620	410	950	610	630	110	550	940	840	140	310	540	930	610	820	700	520	560	350	880	280	560	890	860	560	200	440	220	170	110	780	510	610	370	940	120	730	920	570	700	810	690	550	850	870	160	620	510	370	360	760	510	160	700	170	500	190	790	210	390	480	240	720	630	550	830	890	940	290	540	420	250	560	550	790	550	210	470	720	530	970	650	850	590	350	680	690	100	150	900	470	330	880	840	340	920	430	440	430	810	180	140	100	700	610	540	380	840	420	370	810	360	240	1000	860	520	630	760	350	530	810	910	370	240	920	450	500	840	690	240	960	430	110	820	710	940	100	630	500	310	800	150	310	900	1000	800	590	220	820	550	670	350	310	150	450	400	280	190	650	300	770	890	360	960	840	440	710	170	880	120	780	440	900	370	810	980	660	190	890	150	780	850	290	830	810	440	320	900	320	100	320	250	660	330	410	420	230	110	550	250	600	190	450	650	100	980	700	140	930	640	610	450	170	200	840	790	230	390	240	180	530	580	700	160	540	390	770	960	190	900	330	110	930	570	710	220	900	370	790	290	360	300	980	120	520	380	300	380	360	130	1000	1000	820	960	770	800	330	180	830	360	890	390	270	200	810	960	690	970	360	820	890	520	940	810	100	240	460	720	640	470	740	210	500	420	690	940	560	840	520	340	380	670	820	140	550	520	650	360	480	320	620	600	940	670	620	570	260	970	210	800	350	340	210	240	930	400	560	790	560	110	480	390	900	270	650	670	1000	570	720	130	700	110	360	700	360	120	840	470	900	710	990	100	170	190	170	210	140	840	360	540	400	890	330	100	920	480	950	180	250	400	570	280	370	650	510	320	310	860	100	270	850	1000	670	750	520	960	350	920	630	690	240	950	560	930	840	800	930	790	490	840	780	470	120	890	880	320	820	740	870	700	900	440	980	390	320	630	260	430	810	580	170	510	670	710	620	500	800	890	340	800	540	480	130	440	850	860	990	910	340	810	720	170	120	490	870	330	570	710	570	220	900	320	680	880	750	490	370	660	940	630	640	110	740	720	260	170	120	150	240	180	450	570	580	610	810	180	230	940	260	290	1000	950	330	140	760	700	620	330	410	440	890	540	810	990	710	710	120	100	180	760	190	570	300	400	360	520	280	900	550	620	180	580	430	240	230	650	530	600	320	210	290	710	380	720	770	490	330	770	700	590	700	400	550	940	880	770	910	920	810	480	110	410	480	570	900	890	660	320	290	240	640	190	470	320	860	980	690	460	400	830	980	460	440	580	710	330	730	640	160	920	800	120	130	810	850	470	290	480	360	980	930	650	510	950	560	920	150	320	840	390	460	480	380	580	170	260	410	350	1000	590	380	260	610	600	910	140	460	840	410	820	170	950	380	390	930	850	110	730	1000	820	610	640	860	160	570	240	540	380	470	520	320	580	300	710	100	680	260	670	430	200	580	700	880	420	1000	120	920	770	780	280	620	830	520	710	1000	640	450	510	760	780	760	940	100	830	830	450	670	720	430	700	880	220	770	180	670	350	440	870	950	160	430	310	480	620	560	660	790	850	220	700	210	100	290	480	1000	630	200	430	740	800	880	370	750	820	460	980	950	220	150	890	950	930	290	670	110	900	380	290	810	560	170	570	820	390	420	350	700	800	520	480	730	560	740	930	260	890	750	560	430	530	690	170	970	170	870	540	140	290	920	200	890	500	120	520	580	830	200	310	800	460	120	780	420	800	750	880	830	470	280	950	260	600	370	420	650	810	560	260	150	550	400	780	460	870	900	680	800	550	310	800	580	520	180	140	420	880	620	460	720	670	250	170	390	570	760	730	750	850	890	870	900	260	790	730	640	630	460	610	190	870	420	540	450	780	930	590	920	630	900	950	430	140	380	330	790	280	360	760	760	710	540	980	950	160	590	490	400	370	930	790	640	470	320	170	730	660	710	620	690	690	860	880	540	250	750	810	650	680	840	860	590	680	370	110	990	510	450	850	630	200	180	530	940	540	730	950	340	880	220	840	170	760	350	820	450	440	540	780	960	260	870	700	970	830	500	120	130	790	760	640	250	990	120	880	950	220	490	520	860	420	820	860	200	150	790	220	120	470	880	550	940	580	600	980	130	690	560	470	790	620	310	590	930	290	210	430	290	930	270	670	310	420	360	460	600	670	720	420	680	770	150	720	940	930	300	190	200	280	750	810	310	250	220	610	460	260	840	620	940	270	270	700	730	560	930	790	750	570	130	570	160	820	940	870	530	770	310	600	310	940	450	230	500	470	850	740	310	690	890	840	980	960	210	150	600	460	470	620	100	260	590	200	360	160	820	250	290	260	120	910	220	340	330	220	360	200	210	640	610	680	490	980	340	420	320	340	950	510	200	960	500	690	960	660	450	430	920	280	550	520	740	690	500	520	990	210	390	400	520	810	470	970	400	800	570	950	930	740	570	750	720	930	490	750	300	370	780	240	480	700	560	520	770	300	300	110	350	630	640	720	670	900	280	940	510	820	460	840	500	310	980	310	460	300	210	200	480	610	530	420	470	780	370	640	670	480	750	300	960	610	580	630	140	330	890	980	480	520	680	790	100	360	380	570	470	510	520	560	570	730	530	990	800	220	420	760	350	660	560	1000	490	960	700	200	720	520	780	590	510	660	290	770	250	630	360	250	480	350	300	500	120	420	560	190	510	850	210	500	500	210	330	390	780	480	350	980	160	130	930	880	720	680	470	160	690	930	1000	930	250	330	170	900	350	940	220	450	690	220	540	100	820	150	300	720	340	1000	750	270	690	530	830	290	550	140	830	990	810	900	230	710	440	190	820	770	560	810	130	350	670	290	190	480	860	440	720	340	840	130	530	470	220	160	970	300	630	760	100	980	890	770	620	680	670	940	660	420	860	180	720	680	650	980	660	950	230	250	100	190	270	240	150	260	420	810	660	750	450	940	760	820	290	220	400	810	770	370	190	550	650	410	750	780	750	390	150	100	390	620	470	520	350	270	820	780	550	930	180	910	300	350	560	890	240	700	690	310	320	610	490	310	180	170	500	300	760	340	310	550	500	810	680	490	310	200	780	130	480	190	480	570	550	170	600	300	440	140	400	820	950	620	640	370	190	230	950	630	840	930	110	920	290	210	250	630	460	160	520	330	490	700	560	580	230	970	940	460	350	680	590	320	700	550	350	380	190	440	380	930	350	880	260	490	970	800	310	530	230	950	670	970	840	920	470	150	210	470	180	630	670	580	420	130	270	140	400	830	420	710	980	890	300	430	610	690	590	490	440	820	670	630	770	560	460	720	490	610	210	440	910	420	900	410	440	220	260	1000	530	870	690	1000	970	460	600	960	280	490	510	690	790	110	140	310	160	430	810	760	620	490	980	560	350	580	520	560	930	700	930	460	120	820	530	620	160	410	540	240	390	170	610	960	330	690	280	580	820	880	450	760	330	140	900	970	450	850	190	790	140	720	310	410	800	420	920	840	390	190	540	550	410	260	990	590	460	640	930	330	990	860	550	520	390	950	340	680	400	800	550	890	560	640	980	880	450	290	490	560	990	480	880	690	870	1000	150	780	700	470	630	580	660	380	930	970	320	110	260	480	710	270	690	340	730	200	140	870	790	890	650	460	160	460	650	440	770	420	110	740	970	380	130	910	300	140	160	640	820	870	650	210	290	230	560	420	470	940	190	170	320	940	220	870	400	720	860	260	610	560	540	190	240	470	410	120	300	520	810	650	860	410	700	380	380	710	740	210	610	140	200	450	480	320	960	510	660	760	190	440	950	760	750	630	360	240	670	710	980	560	720	690	100	540	310	300	430	310	510	580	450	650	390	820	470	450	820	990	680	180	510	760	730	560	860	870	910	470	660	540	130	260	510	760	170	540	430	200	130	360	130	1000	240	710	540	440	320	520	160	380	200	590	950	110	240	790	660	560	650	860	200	880	870	560	810	830	770	380	910	340	150	530	200	530	620	310	530	620	440	580	480	480	560	740	100	670	100	140	290	280	540	280	560	1000	320	320	340	920	600	550	880	980	700	260	200	520	200	330	850	610	850	970	760	890	100	910	220	230	920	210	700	620	450	370	340	370	800	510	320	770	560	850	820	1000	930	890	770	880	410	630	590	700	500	890	510	360	300	170	160	950	500	810	870	680	250	130	600	230	180	310	790	390	880	210	700	280	660	290	850	440	740	150	360	500	600	120	240	230	650	880	270	350	690	180	400	140	250	120	360	190	750	120	570	150	730	790	860	660	240	890	790	910	140	790	700	270	590	580	620	980	200	670	990	990	570	490	650	750	330	430	650	690	250	860	410	880	310	270	470	910	460	200	320	650	100	820	240	560	860	980	230	640	220	910	670	220	320	960	830	910	760	240	730	620	570	870	650	850	230	860	720	400	530	170	820	270	290	350	860	650	300	230	380	900	380	270	630	400	760	440	280	950	300	770	130	850	290	280	280	130	690	770	820	580	750	980	300	110	630	540	280	730	170	920	650	730	400	660	410	940	170	460	390	820	850	500	110	960	410	970	560	610	460	770	430	950	590	340	180	580	770	630	840	200	340	100	760	120	840	340	180	660	980	550	130	540	340	660	290	820	780	720	660	950	150	770	550	830	720	490	840	280	900	520	490	680	770	240	910	900	700	490	360	840	470	730	530	630	270	1000	520	650	850	480	470	620	550	780	250	450	830	250	920	570	890	550	850	220	130	880	720	160	900	870	530	450	130	630	340	650	540	120	340	240	790	970	150	290	100	520	460	850	720	670	930	750	340	880	700	650	840	530	700	100	670	610	550	550	1000	560	940	400	1000	610	970	210	930	180	250	740	130	450	1000	350	530	720	390	690	120	670	770	320	390	730	390	320	270	580	380	910	130	460	450	1000	610	330	480	160	630	180	380	130	280	690	370	860	200	520	850	850	760	940	310	600	840	220	610	410	770	530	650	330	780	710	800	810	750	370	750	880	840	570	390	430	340	890	650	740	790	270	600	620	380	890	530	970	780	280	540	410	710	720	870	970	960	800	640	590	690	390	160	470	970	980	290	600	990	260	830	250	450	860	590	170	240	960	560	500	180	810	130	970	450	960	340	440	920	600	990	680	130	930	430	500	210	240	500	580	460	100	760	360	590	380	720	660	890	740	670	970	600	630	570	900	100	840	460	890	340	320	220	890	1000	300	530	150	820	160	880	220	310	440	440	250	800	370	600	120	160	870	990	830	610	670	720	890	350	440	770	220	870	920	840	600	610	500	780	660	270	550	210	940	220	760	130	350	610	770	820	390	120	1000	570	870	720	770	540	460	800	220	540	680	130	200	570	670	190	820	130	1000	990	860	610	800	320	840	330	820	380	840	420	780	880	770	580	640	520	920	960	830	690	680	800	180	250	140	380	230	710	960	810	910	270	740	400	570	410	910	940	300	640	310	120	200	620	510	480	200	490	710	680	330	180	930	220	600	180	880	580	870	320	190	320	650	980	230	850	780	820	110	900	330	920	810	670	500	240	800	140	230	910	140	950	200	410	950	570	240	140	440	870	450	650	650	770	170	350	490	610	380	480	250	270	260	620	720	330	790	870	640	640	100	290	210	990	350	740	140	140	520	760	840	640	860	330	280	490	400	660	960	660	630	460	300	330	480	540	230	350	210	180	310	910	670	640	430	350	130	660	640	620	150	920	580	630	500	700	110	740	300	980	580	150	990	280	360	200	430	200	700	420	620	1000	990	940	350	640	260	960	750	620	170	350	110	960	440	790	940	760	710	360	570	870	160	180	530	910	440	300	300	650	520	340	920	510	270	180	140	300	720	540	520	990	130	370	260	330	230	440	530	970	310	150	620	220	990	990	880	990	940	740	210	390	730	930	670	580	650	480	580	110	630	370	130	130	520	880	560	430	570	280	810	610	570	130	450	370	270	260	270	600	460	810	370	220	620	310	780	160	1000	240	190	790	270	780	280	160	690	220	520	380	720	170	260	830	900	770	740	960	680	210	660	900	470	200	950	240	390	610	680	630	820	370	220	340	410	560	710	700	650	750	430	940	350	250	420	840	250	380	170	760	330	650	670	510	920	880	470	380	810	810	310	540	790	210	490	450	530	430	880	530	780	540	410	850	920	330	290	280	510	930	890	
1
