6426
120
3
90
0	0	0	0	0	192	0	0	0	0	0	0	0	0	0	0	0	0	0	192	0	0	0	0	0	0	0	0	0	0	192	0	0	0	0	0	0	0	0	0	0	0	0	0	0	0	0	0	0	0	0	0	0	0	0	0	0	0	0	0	0	0	0	0	0	0	0	0	0	0	0	0	0	0	0	0	0	0	0	0	0	0	0	0	0	0	0	0	0	0	0	0	0	0	0	0	0	0	192	0	0	0	0	0	0	0	0	0	0	0	192	0	0	0	0	0	0	0	0	0	
0	0	0	0	0	0	0	0	0	0	0	0	0	0	0	0	0	0	0	0	0	0	0	0	0	0	0	0	0	0	0	0	0	0	0	0	0	0	192	0	0	0	0	0	0	0	0	0	0	0	0	0	0	0	0	0	0	0	0	0	0	192	0	0	0	0	0	0	0	0	0	0	0	0	0	0	0	0	0	0	192	0	0	0	0	0	0	0	0	0	0	0	0	0	0	0	0	0	0	0	0	0	0	0	0	0	0	0	0	0	0	0	0	0	0	0	0	0	0	0	
0	0	0	0	0	0	0	0	0	0	0	0	0	0	0	0	0	0	0	0	0	0	0	0	0	0	0	0	0	0	0	0	0	0	0	0	0	0	0	0	0	0	0	0	0	192	0	0	0	0	0	0	0	0	0	0	0	0	0	0	0	0	0	0	0	0	0	0	0	0	0	0	0	0	0	0	0	0	0	0	0	0	0	0	0	0	0	0	0	0	0	0	0	0	192	0	0	0	0	0	0	0	0	0	0	0	0	192	0	0	0	0	0	0	0	0	0	0	0	0	
0	0	0	0	0	0	0	0	0	0	0	0	0	0	0	0	0	0	0	0	0	0	0	0	0	0	0	0	0	0	0	0	0	0	0	0	0	0	0	0	0	0	0	0	0	0	0	0	0	0	0	0	0	0	0	0	0	0	0	0	0	0	0	0	0	0	0	0	0	0	192	0	0	0	0	0	0	0	0	192	0	0	0	0	0	0	0	0	0	0	0	0	0	0	0	0	0	0	0	0	0	0	0	0	0	0	192	0	0	0	0	0	0	0	0	0	0	0	0	0	
0	0	0	0	0	0	0	0	0	0	0	0	0	0	0	0	0	192	0	0	0	0	192	0	0	0	0	0	0	0	0	0	0	0	0	0	0	0	0	0	0	0	0	0	0	0	0	0	0	0	0	0	0	0	0	0	0	0	0	0	0	0	0	0	0	0	0	0	0	0	0	0	0	0	0	0	0	0	0	0	0	0	0	0	0	192	0	0	0	0	0	0	0	0	0	0	0	0	0	0	0	0	0	0	0	0	0	0	0	0	0	0	0	0	0	0	0	0	0	0	
192	0	0	0	0	0	0	0	0	0	0	0	0	0	0	0	0	0	0	0	0	0	0	0	0	0	0	0	192	0	0	0	0	0	0	0	0	0	0	0	0	0	0	0	0	0	0	0	0	0	0	0	0	0	0	0	0	0	0	0	0	0	0	0	0	0	0	0	0	0	0	0	0	0	0	0	0	0	0	0	0	0	0	0	0	0	0	0	0	0	0	0	0	0	0	0	0	0	192	0	0	0	0	0	0	0	0	0	0	0	0	0	0	0	0	0	0	0	0	0	
0	0	0	0	0	0	0	0	0	0	0	0	0	0	0	0	0	0	0	0	0	0	0	192	0	0	0	0	0	0	0	0	0	0	0	0	0	0	0	0	0	0	0	0	0	0	0	0	0	0	0	0	0	0	0	0	0	0	0	0	0	0	0	0	0	0	0	0	0	0	0	0	0	0	0	192	0	0	0	0	0	0	0	0	0	0	0	0	0	0	0	0	0	0	0	0	192	0	0	0	0	0	0	0	0	0	0	0	0	0	0	0	0	0	0	0	0	0	0	0	
0	0	0	0	0	0	0	0	0	0	0	0	0	0	0	0	0	0	0	0	0	0	0	0	0	0	0	0	192	0	0	0	0	0	0	0	0	0	0	0	0	0	0	0	0	0	0	0	0	0	0	0	192	0	0	0	0	0	0	0	0	0	0	0	0	0	0	0	0	0	0	0	0	0	0	0	0	0	0	0	0	0	0	0	0	0	0	0	0	0	0	0	0	0	0	0	0	0	192	0	0	0	0	0	0	0	0	0	0	0	0	0	0	0	0	0	0	0	0	0	
0	0	0	0	0	0	0	0	0	0	0	0	0	0	0	0	0	0	0	0	0	0	0	0	0	192	0	0	0	0	0	0	0	0	0	0	0	0	0	0	0	0	0	0	0	0	0	0	0	0	0	0	0	0	0	0	0	192	0	0	0	0	0	0	0	0	0	0	192	0	0	0	0	0	0	0	0	0	0	0	0	0	0	0	0	0	0	0	0	0	0	0	0	0	0	0	0	0	0	0	0	0	0	0	0	0	0	0	0	0	0	0	0	0	0	0	0	0	0	0	
0	0	0	0	0	0	0	0	0	0	0	0	0	0	0	0	0	0	0	0	0	0	0	0	0	0	0	0	0	0	0	0	0	0	0	0	0	0	0	0	0	0	0	192	0	0	0	0	0	0	0	0	0	0	0	0	0	0	0	0	0	0	0	0	0	0	0	0	0	0	0	0	0	0	0	0	0	0	0	0	0	0	0	0	0	0	0	0	0	0	192	0	192	0	0	0	0	0	0	0	0	0	0	0	0	0	0	0	0	0	0	0	0	0	0	0	0	0	0	0	
0	0	0	0	0	0	0	0	0	0	0	0	0	0	0	0	0	0	0	0	0	0	0	0	0	0	0	0	0	0	0	0	0	0	0	0	0	0	0	0	192	0	0	0	0	0	0	0	0	0	0	192	0	0	0	0	0	0	0	0	0	0	192	0	0	0	0	0	0	0	0	0	0	0	0	0	0	0	0	0	0	0	0	0	0	0	0	0	0	0	0	0	0	0	0	0	0	0	0	0	0	0	0	0	0	0	0	0	0	0	0	0	0	0	0	0	0	0	0	0	
0	0	0	0	0	0	0	0	0	0	0	0	0	0	0	0	192	0	0	0	0	0	0	0	0	0	0	0	0	0	0	0	0	0	0	0	0	0	0	0	0	0	0	0	0	0	0	0	0	0	0	0	0	0	0	0	0	0	0	0	0	192	0	192	0	0	0	0	0	0	0	0	0	0	0	0	0	0	0	0	0	0	0	0	0	0	0	0	0	0	0	0	0	0	0	0	0	0	0	0	0	0	0	0	0	0	0	0	0	0	0	0	0	0	0	0	0	0	0	0	
0	0	0	0	0	0	0	0	0	0	0	0	0	0	192	0	0	0	0	0	0	0	0	0	0	0	0	0	0	0	0	0	0	0	0	0	0	0	0	0	0	0	0	0	0	0	0	0	0	0	0	0	0	0	0	0	0	0	0	0	0	0	0	0	192	0	0	0	0	0	0	192	0	0	0	0	0	0	0	0	0	0	0	0	0	0	0	0	0	0	0	0	0	0	0	0	0	0	0	0	0	0	0	0	0	0	0	0	0	0	0	0	0	0	0	0	0	0	0	0	
0	0	0	0	0	0	0	0	0	0	0	0	0	0	0	192	0	0	0	0	0	0	0	0	0	0	0	0	0	0	0	0	0	0	0	0	0	0	0	0	0	0	0	0	0	0	0	0	0	0	0	0	0	192	0	0	0	0	0	0	0	0	0	0	0	0	0	0	0	192	0	0	0	0	0	0	0	0	0	0	0	0	0	0	0	0	0	0	0	0	0	0	0	0	0	0	0	0	0	0	0	0	0	0	0	0	0	0	0	0	0	0	0	0	0	0	0	0	0	0	
0	0	0	0	0	0	0	0	0	0	0	0	192	0	0	0	0	0	192	0	0	0	0	0	0	0	0	0	0	0	0	0	0	0	0	0	0	0	0	0	0	0	0	0	0	0	0	192	0	0	0	0	0	0	0	0	0	0	0	0	0	0	0	0	0	0	0	0	0	0	0	0	0	0	0	0	0	0	0	0	0	0	0	0	0	0	0	0	0	0	0	0	0	0	0	0	0	0	0	0	0	0	0	0	0	0	0	0	0	0	0	0	0	0	0	0	0	0	0	0	
0	0	0	0	0	0	0	0	0	0	0	0	0	192	0	0	0	0	0	0	0	0	0	0	0	0	0	0	0	0	0	0	0	0	0	0	0	0	0	0	0	0	0	0	0	0	0	0	0	0	0	0	0	192	0	0	0	0	0	0	0	0	0	0	0	0	0	0	0	192	0	0	0	0	0	0	0	0	0	0	0	0	0	0	0	0	0	0	0	0	0	0	0	0	0	0	0	0	0	0	0	0	0	0	0	0	0	0	0	0	0	0	0	0	0	0	0	0	0	0	
0	0	0	0	0	0	0	0	0	0	0	192	0	0	0	0	0	0	0	0	0	0	0	0	0	0	0	0	0	0	0	0	0	0	0	0	0	0	0	0	0	0	0	0	0	0	0	0	0	192	0	0	0	0	192	0	0	0	0	0	0	0	0	0	0	0	0	0	0	0	0	0	0	0	0	0	0	0	0	0	0	0	0	0	0	0	0	0	0	0	0	0	0	0	0	0	0	0	0	0	0	0	0	0	0	0	0	0	0	0	0	0	0	0	0	0	0	0	0	0	
0	0	0	0	192	0	0	0	0	0	0	0	0	0	0	0	0	0	0	0	0	0	0	0	0	0	0	0	0	0	0	0	0	0	0	0	0	0	0	0	192	0	0	0	0	0	0	0	0	0	0	0	0	0	0	0	0	0	0	0	0	0	0	0	0	0	0	0	0	0	0	0	0	0	0	0	0	0	0	0	0	0	0	0	0	192	0	0	0	0	0	0	0	0	0	0	0	0	0	0	0	0	0	0	0	0	0	0	0	0	0	0	0	0	0	0	0	0	0	0	
0	0	0	0	0	0	0	0	0	0	0	0	0	0	192	0	0	0	0	0	0	0	0	0	0	0	0	0	0	0	0	0	0	0	0	0	0	0	0	0	0	0	0	0	0	0	0	192	0	0	0	0	0	0	0	0	0	0	0	0	0	0	0	0	0	0	0	192	0	0	0	0	0	0	0	0	0	0	0	0	0	0	0	0	0	0	0	0	0	0	0	0	0	0	0	0	0	0	0	0	0	0	0	0	0	0	0	0	0	0	0	0	0	0	0	0	0	0	0	0	
192	0	0	0	0	0	0	0	0	0	0	0	0	0	0	0	0	0	0	0	0	0	0	0	0	0	0	0	0	0	0	0	0	0	0	0	0	0	0	0	0	0	0	0	0	0	0	0	0	0	0	0	0	0	0	0	192	0	0	0	0	0	0	0	0	0	192	0	0	0	0	0	0	0	0	0	0	0	0	0	0	0	0	0	0	0	192	0	0	0	0	0	0	0	0	0	0	0	0	0	0	0	0	0	0	0	0	0	0	0	0	0	0	0	0	0	0	0	0	0	
0	0	0	0	0	0	0	0	0	0	0	0	0	0	0	0	0	0	0	0	0	0	0	0	0	0	0	0	0	0	0	0	0	0	0	0	0	0	0	0	0	0	0	0	0	192	0	0	0	0	0	0	0	0	0	0	0	0	192	0	0	0	0	0	0	0	0	0	0	0	0	0	0	0	0	0	0	0	0	0	0	0	0	0	0	0	0	0	0	0	0	0	0	0	0	0	0	0	0	0	0	0	0	0	0	0	0	0	0	0	0	0	0	0	0	0	192	0	0	0	
0	0	0	0	0	0	0	0	0	0	0	0	0	0	0	0	0	0	0	0	0	0	0	0	0	0	0	0	0	0	0	0	0	0	0	0	192	0	0	0	0	0	0	0	0	0	0	0	0	0	0	0	0	0	0	0	0	0	0	0	0	0	0	0	0	0	0	0	0	0	0	0	0	0	192	0	0	0	0	0	0	0	0	0	0	0	0	0	0	0	0	0	0	0	0	0	0	0	0	0	0	0	0	0	0	0	0	0	0	0	0	0	0	192	0	0	0	0	0	0	
0	0	0	0	192	0	0	0	0	0	0	0	0	0	0	0	0	0	0	0	0	0	0	0	0	0	0	0	0	0	0	0	0	0	0	0	0	0	0	0	0	0	0	0	0	0	0	0	0	0	0	0	0	0	0	0	0	0	0	0	0	0	0	0	0	0	0	0	192	0	0	0	0	0	0	0	0	0	0	0	0	0	0	0	0	192	0	0	0	0	0	0	0	0	0	0	0	0	0	0	0	0	0	0	0	0	0	0	0	0	0	0	0	0	0	0	0	0	0	0	
0	0	0	0	0	0	192	0	0	0	0	0	0	0	0	0	0	0	0	0	0	0	0	0	0	0	0	0	0	0	0	0	0	192	0	0	0	0	0	0	0	0	0	0	0	0	0	0	0	0	0	0	0	0	0	0	0	0	0	0	0	0	0	0	0	0	0	0	0	0	0	0	0	0	0	0	0	0	0	0	0	0	0	0	0	0	0	0	0	0	0	0	0	0	0	0	0	0	0	0	0	0	0	0	0	0	0	0	0	0	0	0	0	0	0	0	0	0	192	0	
0	0	0	0	0	0	0	0	0	0	0	0	0	0	0	0	0	0	0	0	0	0	0	0	0	0	0	0	0	0	0	0	0	0	0	0	0	0	0	0	0	0	0	0	0	0	0	0	0	0	0	0	0	0	0	0	0	0	0	192	0	0	0	0	192	0	0	0	0	0	0	0	0	0	0	0	0	0	0	0	0	0	192	0	0	0	0	0	0	0	0	0	0	0	0	0	0	0	0	0	0	0	0	0	0	0	0	0	0	0	0	0	0	0	0	0	0	0	0	0	
0	0	0	0	0	0	0	0	192	0	0	0	0	0	0	0	0	0	0	0	0	0	0	0	0	0	0	0	0	0	0	0	0	0	0	0	0	0	0	0	0	0	0	0	0	0	0	0	0	0	0	0	0	0	0	0	0	0	0	0	0	0	0	0	0	0	0	0	192	0	0	192	0	0	0	0	0	0	0	0	0	0	0	0	0	0	0	0	0	0	0	0	0	0	0	0	0	0	0	0	0	0	0	0	0	0	0	0	0	0	0	0	0	0	0	0	0	0	0	0	
0	0	0	0	0	0	0	0	0	0	0	0	0	0	0	0	0	0	0	0	0	0	0	0	0	0	0	0	0	0	0	0	0	0	0	0	0	0	0	0	0	0	0	0	0	0	0	0	192	0	0	0	0	0	0	0	0	0	0	0	0	0	0	0	0	0	0	0	0	0	0	0	0	0	0	0	0	192	0	0	0	0	0	0	0	0	0	0	0	0	0	0	0	0	0	0	0	0	0	192	0	0	0	0	0	0	0	0	0	0	0	0	0	0	0	0	0	0	0	0	
0	0	0	0	0	0	0	0	0	0	0	0	0	0	0	0	0	0	0	0	0	0	0	0	0	0	0	0	0	0	0	0	0	0	192	0	0	0	0	0	0	0	0	0	192	0	0	0	0	0	0	0	0	0	0	0	0	0	0	0	0	0	0	0	0	0	0	0	0	0	0	0	0	0	0	0	0	0	0	0	0	0	0	0	0	0	0	0	192	0	0	0	0	0	0	0	0	0	0	0	0	0	0	0	0	0	0	0	0	0	0	0	0	0	0	0	0	0	0	0	
0	0	0	0	0	192	0	192	0	0	0	0	0	0	0	0	0	0	0	0	0	0	0	0	0	0	0	0	0	0	0	0	0	0	0	0	0	0	0	0	0	0	0	0	0	0	0	0	0	0	192	0	0	0	0	0	0	0	0	0	0	0	0	0	0	0	0	0	0	0	0	0	0	0	0	0	0	0	0	0	0	0	0	0	0	0	0	0	0	0	0	0	0	0	0	0	0	0	0	0	0	0	0	0	0	0	0	0	0	0	0	0	0	0	0	0	0	0	0	0	
0	0	0	0	0	0	0	0	0	0	0	0	0	0	0	0	0	0	0	0	0	0	0	0	0	0	0	0	0	0	0	0	0	0	0	0	0	0	0	0	0	0	192	0	0	0	0	0	0	0	0	0	0	0	0	0	0	0	0	0	0	0	0	0	0	0	0	0	0	0	0	0	0	0	0	0	0	0	0	0	0	0	0	0	0	0	0	0	0	0	0	0	0	0	0	0	0	0	0	0	0	0	0	0	0	192	0	0	0	0	0	192	0	0	0	0	0	0	0	0	
192	0	0	0	0	0	0	0	0	0	0	0	0	0	0	0	0	0	0	0	0	0	0	0	0	0	0	0	0	0	0	0	192	0	0	0	0	0	0	0	0	0	0	0	0	0	0	0	0	0	0	0	0	0	0	192	0	0	0	0	0	0	0	0	0	0	0	0	0	0	0	0	0	0	0	0	0	0	0	0	0	0	0	0	0	0	0	0	0	0	0	0	0	0	0	0	0	0	0	0	0	0	192	0	0	0	0	0	0	0	0	0	0	0	0	0	0	0	0	0	
0	0	0	0	0	0	0	0	0	0	0	0	0	0	0	0	0	0	0	0	0	0	0	0	0	0	0	0	0	0	0	0	0	0	0	0	0	0	0	0	0	0	0	0	0	0	0	0	192	0	0	0	0	0	0	0	0	0	0	0	0	0	0	0	0	0	0	0	0	0	0	0	0	0	0	0	0	192	0	0	0	0	0	0	0	0	0	0	0	0	0	0	0	0	0	0	0	0	0	192	0	0	0	0	0	0	0	0	0	0	0	0	0	0	0	0	0	0	0	0	
0	0	0	0	0	0	0	0	0	0	0	0	0	0	0	0	0	0	0	0	0	0	0	0	0	0	0	0	0	0	192	0	0	0	0	0	0	0	0	0	0	0	0	0	0	0	0	0	0	0	0	0	0	0	0	192	0	0	0	0	0	0	0	0	0	0	0	0	0	0	0	0	0	0	0	0	0	0	0	0	0	0	0	0	0	0	0	0	0	0	0	0	0	0	0	0	0	0	0	0	0	0	192	0	0	0	0	0	0	0	0	0	0	0	0	0	0	0	0	0	
0	0	0	0	0	0	0	0	0	0	0	0	0	0	0	0	0	0	0	0	0	0	0	192	0	0	0	0	0	0	0	0	0	0	0	0	0	0	0	0	0	0	0	0	0	0	0	0	0	0	0	0	192	0	0	0	0	0	0	0	0	0	0	0	0	0	0	0	0	0	0	0	0	0	0	0	0	0	0	0	0	0	0	0	0	0	0	0	0	0	0	0	0	0	0	0	0	0	0	0	0	0	0	0	0	0	0	0	0	0	0	0	192	0	0	0	0	0	0	0	
0	0	0	0	0	0	0	0	0	0	0	0	0	0	0	0	0	0	0	0	0	0	0	0	0	0	0	192	0	0	0	0	0	0	0	0	0	0	0	0	0	0	0	0	0	0	0	0	0	0	0	0	0	0	0	0	0	0	0	0	0	0	0	0	0	0	0	0	0	0	0	0	0	0	0	0	0	0	0	0	0	0	0	0	0	0	0	0	192	0	0	192	0	0	0	0	0	0	0	0	0	0	0	0	0	0	0	0	0	0	0	0	0	0	0	0	0	0	0	0	
0	0	0	0	0	0	0	0	0	0	0	0	0	0	0	0	0	0	0	0	0	0	0	0	0	0	0	0	0	0	0	0	0	0	0	0	0	0	0	192	0	0	0	0	0	0	0	0	0	192	0	0	0	0	192	0	0	0	0	0	0	0	0	0	0	0	0	0	0	0	0	0	0	0	0	0	0	0	0	0	0	0	0	0	0	0	0	0	0	0	0	0	0	0	0	0	0	0	0	0	0	0	0	0	0	0	0	0	0	0	0	0	0	0	0	0	0	0	0	0	
0	0	0	0	0	0	0	0	0	0	0	0	0	0	0	0	0	0	0	0	0	192	0	0	0	0	0	0	0	0	0	0	0	0	0	0	0	0	0	0	0	0	0	0	0	0	0	0	0	0	0	0	0	0	0	0	0	0	0	0	0	0	0	0	0	0	0	0	0	0	0	0	0	0	0	0	0	0	0	0	0	0	0	0	0	0	0	0	0	192	0	0	0	0	0	0	0	0	0	0	0	0	0	0	0	0	0	0	0	0	0	0	0	192	0	0	0	0	0	0	
0	0	0	0	0	0	0	0	0	0	0	0	0	0	0	0	0	0	0	0	0	0	0	0	0	0	0	0	0	0	0	0	0	0	0	0	0	0	0	0	0	0	0	0	0	0	0	0	0	0	0	0	192	0	0	0	0	0	0	0	0	0	0	0	0	0	0	0	0	0	0	0	0	0	0	0	0	0	0	0	0	0	0	0	0	0	0	0	0	0	0	0	0	0	0	0	0	0	0	0	0	0	0	0	0	0	0	0	0	192	0	0	192	0	0	0	0	0	0	0	
0	192	0	0	0	0	0	0	0	0	0	0	0	0	0	0	0	0	0	0	0	0	0	0	0	0	0	0	0	0	0	0	0	0	0	0	0	0	0	0	0	0	0	0	0	0	0	0	0	0	0	0	0	0	0	0	0	0	0	0	192	0	0	0	0	0	0	0	0	0	0	0	0	0	0	0	0	0	0	0	192	0	0	0	0	0	0	0	0	0	0	0	0	0	0	0	0	0	0	0	0	0	0	0	0	0	0	0	0	0	0	0	0	0	0	0	0	0	0	0	
0	0	0	0	0	0	0	0	0	0	0	0	0	0	0	0	0	0	0	0	0	0	0	0	0	0	0	0	0	0	0	0	0	0	0	192	0	0	0	0	0	0	0	0	0	0	0	0	0	192	0	0	0	0	192	0	0	0	0	0	0	0	0	0	0	0	0	0	0	0	0	0	0	0	0	0	0	0	0	0	0	0	0	0	0	0	0	0	0	0	0	0	0	0	0	0	0	0	0	0	0	0	0	0	0	0	0	0	0	0	0	0	0	0	0	0	0	0	0	0	
0	0	0	0	0	0	0	0	0	0	192	0	0	0	0	0	0	192	0	0	0	0	0	0	0	0	0	0	0	0	0	0	0	0	0	0	0	0	0	0	0	0	0	0	0	0	0	0	0	0	0	0	0	0	0	0	0	0	0	0	0	0	192	0	0	0	0	0	0	0	0	0	0	0	0	0	0	0	0	0	0	0	0	0	0	0	0	0	0	0	0	0	0	0	0	0	0	0	0	0	0	0	0	0	0	0	0	0	0	0	0	0	0	0	0	0	0	0	0	0	
0	0	0	0	0	0	0	0	0	0	0	0	0	0	0	0	0	0	0	0	0	0	0	0	0	0	0	0	0	0	0	0	0	0	0	0	0	0	0	0	0	0	0	0	0	0	0	0	192	0	0	0	0	0	0	0	0	0	0	0	0	0	0	0	0	0	0	0	0	0	0	0	0	0	0	0	192	0	0	0	0	0	0	0	0	0	0	0	0	0	0	0	0	0	0	0	0	0	0	192	0	0	0	0	0	0	0	0	0	0	0	0	0	0	0	0	0	0	0	0	
0	0	0	0	0	0	0	0	0	0	0	0	0	0	0	0	0	0	0	0	0	0	0	0	0	0	0	0	0	192	0	0	0	0	0	0	0	0	0	0	0	0	0	0	0	0	0	0	0	0	0	0	0	0	0	0	0	0	0	0	0	0	0	0	0	192	0	0	0	0	0	0	0	0	0	0	0	0	0	0	0	0	0	192	0	0	0	0	0	0	0	0	0	0	0	0	0	0	0	0	0	0	0	0	0	0	0	0	0	0	0	0	0	0	0	0	0	0	0	0	
0	0	0	0	0	0	0	0	0	192	0	0	0	0	0	0	0	0	0	0	0	0	0	0	0	0	0	0	0	0	0	0	0	0	0	0	0	0	0	0	0	0	0	0	0	0	0	0	0	0	0	0	0	0	0	0	0	0	0	0	0	0	0	0	0	0	0	0	0	0	0	0	192	0	0	0	0	0	0	0	0	0	0	0	0	0	0	0	0	0	0	0	192	0	0	0	0	0	0	0	0	0	0	0	0	0	0	0	0	0	0	0	0	0	0	0	0	0	0	0	
0	0	0	0	0	0	0	0	0	0	0	0	0	0	0	0	0	0	0	0	0	0	0	0	0	0	0	192	0	0	0	0	0	0	0	0	0	0	0	0	0	0	0	0	0	0	0	0	0	0	0	0	0	0	0	0	0	0	0	0	0	0	0	0	0	0	0	0	0	0	0	0	0	0	0	0	0	0	0	0	0	0	0	0	0	0	0	0	0	0	0	0	0	0	0	0	0	0	0	0	0	0	0	192	0	0	0	192	0	0	0	0	0	0	0	0	0	0	0	0	
0	0	192	0	0	0	0	0	0	0	0	0	0	0	0	0	0	0	0	0	192	0	0	0	0	0	0	0	0	0	0	0	0	0	0	0	0	0	0	0	0	0	0	0	0	0	0	0	0	0	0	0	0	0	0	0	0	0	192	0	0	0	0	0	0	0	0	0	0	0	0	0	0	0	0	0	0	0	0	0	0	0	0	0	0	0	0	0	0	0	0	0	0	0	0	0	0	0	0	0	0	0	0	0	0	0	0	0	0	0	0	0	0	0	0	0	0	0	0	0	
0	0	0	0	0	0	0	0	0	0	0	0	0	0	0	0	0	0	0	0	0	0	0	0	0	0	0	0	0	0	0	0	0	0	0	0	0	0	0	0	0	0	0	0	0	0	0	0	0	0	0	0	0	0	0	0	0	0	0	0	0	0	192	0	0	0	0	0	0	0	0	0	0	0	0	0	0	0	0	0	0	0	0	192	0	0	0	0	0	0	0	0	0	0	0	0	0	192	0	0	0	0	0	0	0	0	0	0	0	0	0	0	0	0	0	0	0	0	0	0	
0	0	0	0	0	0	0	0	0	0	0	0	0	0	192	0	0	0	192	0	0	0	0	0	0	0	0	0	0	0	0	0	0	0	0	0	0	0	0	0	0	0	0	0	0	0	0	0	0	0	0	0	0	0	0	0	0	0	0	0	0	0	0	0	0	0	0	0	0	0	0	0	0	0	0	0	0	0	0	0	0	0	0	0	0	0	0	0	0	0	0	0	0	0	0	192	0	0	0	0	0	0	0	0	0	0	0	0	0	0	0	0	0	0	0	0	0	0	0	0	
0	0	0	0	0	0	0	0	0	0	0	0	0	0	0	0	0	0	0	0	0	0	0	0	0	0	192	0	0	0	0	192	0	0	0	0	0	0	0	0	0	192	0	0	0	0	0	0	0	0	0	0	0	0	0	0	0	0	0	0	0	0	0	0	0	0	0	0	0	0	0	0	0	0	0	0	0	0	0	0	0	0	0	0	0	0	0	0	0	0	0	0	0	0	0	0	0	0	0	0	0	0	0	0	0	0	0	0	0	0	0	0	0	0	0	0	0	0	0	0	
0	0	0	0	0	0	0	0	0	0	0	0	0	0	0	0	192	0	0	0	0	0	0	0	0	0	0	0	0	0	0	0	0	0	0	192	0	0	0	192	0	0	0	0	0	0	0	0	0	0	0	0	0	0	0	0	0	0	0	0	0	0	0	0	0	0	0	0	0	0	0	0	0	0	0	0	0	0	0	0	0	0	0	0	0	0	0	0	0	0	0	0	0	0	0	0	0	0	0	0	0	0	0	0	0	0	0	0	0	0	0	0	0	0	0	0	0	0	0	0	
0	0	0	0	0	0	0	0	0	0	0	0	0	0	0	0	0	0	0	0	0	0	0	0	0	0	0	0	192	0	0	0	0	0	0	0	0	0	0	0	0	0	0	0	0	0	0	0	0	0	0	0	0	0	0	0	0	0	0	0	0	0	0	0	0	0	0	0	0	0	0	0	0	0	0	0	0	0	0	0	0	0	0	0	0	0	0	0	0	0	0	0	0	0	0	0	192	0	0	0	0	0	0	0	0	0	0	0	0	0	192	0	0	0	0	0	0	0	0	0	
0	0	0	0	0	0	0	0	0	0	192	0	0	0	0	0	0	0	0	0	0	0	0	0	0	0	0	0	0	0	0	0	0	0	0	0	0	0	0	0	0	0	0	0	0	0	0	0	0	0	0	0	0	0	0	0	0	0	0	0	0	0	0	0	0	0	0	0	0	0	0	0	0	0	0	0	0	192	0	0	0	0	0	0	0	0	0	0	0	0	0	0	0	0	0	0	0	0	0	0	0	0	0	0	0	0	0	0	192	0	0	0	0	0	0	0	0	0	0	0	
0	0	0	0	0	0	0	192	0	0	0	0	0	0	0	0	0	0	0	0	0	0	0	0	0	0	0	0	0	0	0	0	0	192	0	0	0	192	0	0	0	0	0	0	0	0	0	0	0	0	0	0	0	0	0	0	0	0	0	0	0	0	0	0	0	0	0	0	0	0	0	0	0	0	0	0	0	0	0	0	0	0	0	0	0	0	0	0	0	0	0	0	0	0	0	0	0	0	0	0	0	0	0	0	0	0	0	0	0	0	0	0	0	0	0	0	0	0	0	0	
0	0	0	0	0	0	0	0	0	0	0	0	0	192	0	192	0	0	0	0	0	0	0	0	0	0	0	0	0	0	0	0	0	0	0	0	0	0	0	0	0	0	0	0	0	0	0	0	0	0	0	0	0	0	0	0	0	0	0	0	0	0	0	0	0	0	0	0	0	0	0	0	0	0	0	0	0	0	0	0	0	0	0	0	0	0	0	0	0	0	0	0	0	0	0	0	0	0	0	0	0	0	0	0	0	0	0	0	0	0	0	0	0	0	192	0	0	0	0	0	
0	0	0	0	0	0	0	0	0	0	0	0	0	0	0	0	192	0	0	0	0	0	0	0	0	0	0	0	0	0	0	0	0	0	0	192	0	0	0	192	0	0	0	0	0	0	0	0	0	0	0	0	0	0	0	0	0	0	0	0	0	0	0	0	0	0	0	0	0	0	0	0	0	0	0	0	0	0	0	0	0	0	0	0	0	0	0	0	0	0	0	0	0	0	0	0	0	0	0	0	0	0	0	0	0	0	0	0	0	0	0	0	0	0	0	0	0	0	0	0	
0	0	0	0	0	0	0	0	0	0	0	0	0	0	0	0	0	0	0	0	0	0	0	0	0	0	0	0	0	0	192	0	192	0	0	0	0	0	0	0	0	0	0	0	0	0	0	0	0	0	0	0	0	0	0	0	0	0	0	0	0	0	0	0	0	0	0	0	0	0	0	0	0	0	0	0	0	0	0	0	0	0	0	0	0	0	0	0	0	0	0	0	0	0	0	0	0	0	0	0	0	0	192	0	0	0	0	0	0	0	0	0	0	0	0	0	0	0	0	0	
0	0	0	0	0	0	0	0	0	0	0	0	0	0	0	0	0	0	0	192	0	0	0	0	0	0	0	0	0	0	0	0	0	0	0	0	0	0	0	0	0	0	0	0	0	0	0	0	0	0	0	0	0	0	0	0	0	0	0	0	0	0	0	0	0	0	192	0	0	0	0	0	0	0	0	0	0	0	0	0	0	0	0	0	0	0	192	0	0	0	0	0	0	0	0	0	0	0	0	0	0	0	0	0	0	0	0	0	0	0	0	0	0	0	0	0	0	0	0	0	
0	0	0	0	0	0	0	0	192	0	0	0	0	0	0	0	0	0	0	0	0	0	0	0	0	0	0	0	0	0	0	0	0	0	0	0	0	0	0	0	0	0	0	0	0	0	0	0	0	0	0	0	0	0	0	0	0	0	0	0	0	0	0	0	0	0	0	0	0	0	0	192	0	0	0	0	0	0	0	0	0	0	0	0	0	0	0	0	0	0	0	0	0	0	0	0	0	0	0	0	0	0	0	0	192	0	0	0	0	0	0	0	0	0	0	0	0	0	0	0	
0	0	0	0	0	0	0	0	0	0	0	0	0	0	0	0	0	0	0	0	192	0	0	0	0	0	0	0	0	0	0	0	0	0	0	0	0	0	0	0	0	0	0	0	0	192	0	0	0	0	0	0	0	0	0	0	0	0	0	0	0	0	0	0	0	0	0	0	0	0	0	0	0	0	0	0	0	0	0	0	0	0	0	0	192	0	0	0	0	0	0	0	0	0	0	0	0	0	0	0	0	0	0	0	0	0	0	0	0	0	0	0	0	0	0	0	0	0	0	0	
0	0	0	0	0	0	0	0	0	0	0	0	0	0	0	0	0	0	0	0	0	0	0	0	192	0	0	0	0	0	0	0	0	0	0	0	0	0	0	0	0	0	0	0	0	0	0	0	0	0	0	0	0	0	0	0	0	0	0	0	0	0	0	0	192	0	0	0	0	0	192	0	0	0	0	0	0	0	0	0	0	0	0	0	0	0	0	0	0	0	0	0	0	0	0	0	0	0	0	0	0	0	0	0	0	0	0	0	0	0	0	0	0	0	0	0	0	0	0	0	
0	0	0	0	0	0	0	0	0	0	0	0	0	0	0	0	0	0	0	0	0	0	0	0	0	0	0	0	0	0	0	0	0	0	0	0	0	0	192	0	0	0	0	0	0	0	0	0	0	0	0	0	0	0	0	0	0	0	0	0	0	0	0	0	0	0	0	0	0	0	0	0	0	0	0	0	0	0	0	0	192	0	0	0	0	0	0	0	0	0	0	0	0	0	0	192	0	0	0	0	0	0	0	0	0	0	0	0	0	0	0	0	0	0	0	0	0	0	0	0	
0	192	0	0	0	0	0	0	0	0	0	192	0	0	0	0	0	0	0	0	0	0	0	0	0	0	0	0	0	0	0	0	0	0	0	0	0	0	0	0	0	0	0	0	0	0	0	0	0	0	0	0	0	0	0	0	0	0	0	0	0	0	0	192	0	0	0	0	0	0	0	0	0	0	0	0	0	0	0	0	0	0	0	0	0	0	0	0	0	0	0	0	0	0	0	0	0	0	0	0	0	0	0	0	0	0	0	0	0	0	0	0	0	0	0	0	0	0	0	0	
0	0	0	0	0	0	0	0	0	0	192	0	0	0	0	0	0	0	0	0	0	0	0	0	0	0	0	0	0	0	0	0	0	0	0	0	0	0	0	0	192	0	0	0	0	0	192	0	0	0	0	0	0	0	0	0	0	0	0	0	0	0	0	0	0	0	0	0	0	0	0	0	0	0	0	0	0	0	0	0	0	0	0	0	0	0	0	0	0	0	0	0	0	0	0	0	0	0	0	0	0	0	0	0	0	0	0	0	0	0	0	0	0	0	0	0	0	0	0	0	
0	0	0	0	0	0	0	0	0	0	0	192	0	0	0	0	0	0	0	0	0	0	0	0	0	0	0	0	0	0	0	0	0	0	0	0	0	0	0	0	0	0	0	0	0	0	0	0	0	0	0	0	0	0	0	0	0	0	0	0	0	192	0	0	0	0	0	0	0	0	0	0	0	0	0	0	0	0	0	192	0	0	0	0	0	0	0	0	0	0	0	0	0	0	0	0	0	0	0	0	0	0	0	0	0	0	0	0	0	0	0	0	0	0	0	0	0	0	0	0	
0	0	0	0	0	0	0	0	0	0	0	0	192	0	0	0	0	0	0	0	0	0	0	0	192	0	0	0	0	0	0	0	0	0	0	0	0	0	0	0	0	0	0	0	0	0	0	0	0	0	0	0	0	0	0	0	0	0	0	192	0	0	0	0	0	0	0	0	0	0	0	0	0	0	0	0	0	0	0	0	0	0	0	0	0	0	0	0	0	0	0	0	0	0	0	0	0	0	0	0	0	0	0	0	0	0	0	0	0	0	0	0	0	0	0	0	0	0	0	0	
0	0	0	0	0	0	0	0	0	0	0	0	0	0	0	0	0	0	0	0	0	0	0	0	0	0	0	0	0	0	0	0	0	0	0	0	0	0	0	0	0	0	192	0	0	0	0	0	0	0	0	0	0	0	0	0	0	0	0	0	0	0	0	0	0	0	0	0	0	0	0	0	0	0	192	0	0	0	0	0	0	0	0	0	0	0	0	0	0	0	0	0	0	0	0	0	0	0	0	0	0	0	0	0	0	0	0	0	0	0	0	0	0	0	0	0	0	192	0	0	
0	0	0	0	0	0	0	0	0	0	0	0	0	0	0	0	0	0	0	192	0	0	0	0	0	0	0	0	0	0	0	0	0	0	0	0	0	0	0	0	0	0	0	0	0	0	0	0	0	0	0	0	0	0	0	0	192	0	0	0	0	0	0	0	0	0	0	0	0	0	0	0	0	0	0	0	0	0	0	0	0	0	0	0	0	0	192	0	0	0	0	0	0	0	0	0	0	0	0	0	0	0	0	0	0	0	0	0	0	0	0	0	0	0	0	0	0	0	0	0	
0	0	0	0	0	0	0	0	0	0	0	0	0	0	0	0	0	0	192	0	0	0	0	0	0	0	0	0	0	0	0	0	0	0	0	0	0	0	0	0	0	0	0	0	0	0	0	0	0	0	0	0	0	0	0	0	0	0	0	0	0	0	0	0	0	0	0	0	0	0	0	0	0	0	0	0	0	0	0	0	0	0	0	0	0	0	0	0	0	0	0	0	0	0	0	192	0	0	0	0	0	0	0	0	0	0	0	0	0	0	0	0	0	0	0	192	0	0	0	0	
0	0	0	0	0	0	0	0	192	0	0	0	0	0	0	0	0	0	0	0	0	0	192	0	0	192	0	0	0	0	0	0	0	0	0	0	0	0	0	0	0	0	0	0	0	0	0	0	0	0	0	0	0	0	0	0	0	0	0	0	0	0	0	0	0	0	0	0	0	0	0	0	0	0	0	0	0	0	0	0	0	0	0	0	0	0	0	0	0	0	0	0	0	0	0	0	0	0	0	0	0	0	0	0	0	0	0	0	0	0	0	0	0	0	0	0	0	0	0	0	
0	0	0	0	0	0	0	0	0	0	0	0	0	192	0	192	0	0	0	0	0	0	0	0	0	0	0	0	0	0	0	0	0	0	0	0	0	0	0	0	0	0	0	0	0	0	0	0	0	0	0	0	0	0	0	0	0	0	0	0	0	0	0	0	0	0	0	0	0	0	0	0	0	0	0	0	0	0	0	0	0	0	0	0	0	0	0	0	0	0	0	0	0	0	0	0	0	0	0	0	0	0	0	0	0	0	0	0	0	0	0	0	0	0	192	0	0	0	0	0	
0	0	0	192	0	0	0	0	0	0	0	0	0	0	0	0	0	0	0	0	0	0	0	0	0	0	0	0	0	0	0	0	0	0	0	0	0	0	0	0	0	0	0	0	0	0	0	0	0	0	0	0	0	0	0	0	0	0	0	192	0	0	0	0	0	0	0	0	0	0	0	0	0	0	0	0	0	0	0	0	0	0	0	0	0	0	0	0	0	0	0	0	0	0	0	0	0	0	0	0	0	0	0	0	0	0	192	0	0	0	0	0	0	0	0	0	0	0	0	0	
0	0	0	0	0	0	0	0	0	0	0	0	192	0	0	0	0	0	0	0	0	0	0	0	0	192	0	0	0	0	0	0	0	0	0	0	0	0	0	0	0	0	0	0	0	0	0	0	0	0	0	0	0	0	0	0	0	192	0	0	0	0	0	0	0	0	0	0	0	0	0	0	0	0	0	0	0	0	0	0	0	0	0	0	0	0	0	0	0	0	0	0	0	0	0	0	0	0	0	0	0	0	0	0	0	0	0	0	0	0	0	0	0	0	0	0	0	0	0	0	
0	0	0	0	0	0	0	0	0	0	0	0	0	0	0	0	0	0	0	0	0	0	0	0	0	0	0	0	0	0	0	0	0	0	0	0	0	0	0	0	0	0	0	192	0	0	0	0	0	0	0	0	0	0	0	0	0	0	0	0	0	0	0	0	0	0	0	0	0	0	0	0	0	0	0	0	0	0	0	0	0	0	0	0	0	0	0	0	0	0	0	0	192	0	0	0	0	0	0	0	0	0	0	0	0	0	0	0	0	0	0	0	0	0	0	0	0	0	192	0	
0	0	0	0	0	0	0	0	0	0	0	0	0	0	0	0	0	0	0	0	0	0	0	0	0	0	0	0	0	0	0	0	0	0	0	0	0	0	0	0	0	0	0	0	0	0	0	0	0	0	0	0	0	0	0	0	0	0	0	0	0	0	0	0	0	0	0	0	0	0	0	0	0	0	0	0	0	0	0	0	0	192	0	0	0	0	0	0	0	0	0	0	0	0	0	0	0	0	0	0	0	0	0	0	0	0	0	0	0	0	192	0	0	0	0	0	0	192	0	0	
0	0	0	0	0	0	0	0	0	0	0	0	0	0	0	0	0	0	0	0	0	192	0	0	0	0	0	0	0	0	0	0	0	0	0	0	0	0	0	0	0	0	0	0	0	0	0	0	0	0	0	0	0	0	0	0	0	0	0	0	0	0	0	0	0	192	0	0	0	0	0	0	0	0	0	0	0	0	0	0	0	0	0	192	0	0	0	0	0	0	0	0	0	0	0	0	0	0	0	0	0	0	0	0	0	0	0	0	0	0	0	0	0	0	0	0	0	0	0	0	
0	0	0	0	0	0	192	0	0	0	0	0	0	0	0	0	0	0	0	0	0	0	0	0	0	0	0	0	0	0	0	0	0	0	0	0	0	0	0	0	0	0	0	0	0	0	0	0	0	0	0	0	0	0	0	0	0	0	0	0	0	0	0	0	0	0	0	0	0	0	0	0	0	0	0	0	0	0	0	0	0	0	0	0	192	0	0	0	0	0	0	0	0	0	0	0	192	0	0	0	0	0	0	0	0	0	0	0	0	0	0	0	0	0	0	0	0	0	0	0	
0	0	0	0	0	0	0	0	0	0	0	0	0	0	0	0	0	0	0	0	0	0	0	0	0	0	0	0	0	0	0	0	0	0	0	0	0	0	0	0	0	192	0	0	0	0	0	0	0	0	0	0	0	0	0	0	0	0	0	0	0	0	0	0	0	0	0	0	0	0	0	0	0	0	0	0	0	0	0	0	0	0	0	0	0	0	0	0	0	0	0	0	0	0	0	0	0	0	0	0	0	192	0	0	192	0	0	0	0	0	0	0	0	0	0	0	0	0	0	0	
0	0	0	0	0	0	0	0	0	0	0	0	0	0	0	0	0	0	0	0	0	0	0	0	0	0	192	0	0	0	0	192	0	0	0	0	0	0	0	0	0	0	0	0	0	0	0	0	0	0	0	192	0	0	0	0	0	0	0	0	0	0	0	0	0	0	0	0	0	0	0	0	0	0	0	0	0	0	0	0	0	0	0	0	0	0	0	0	0	0	0	0	0	0	0	0	0	0	0	0	0	0	0	0	0	0	0	0	0	0	0	0	0	0	0	0	0	0	0	0	
0	0	0	0	0	0	0	0	0	0	0	0	0	0	0	0	0	0	0	0	0	0	0	0	0	0	0	0	0	0	0	0	0	0	0	0	0	0	0	0	0	0	0	0	0	0	0	0	0	0	0	0	0	0	0	0	0	0	0	0	0	0	0	0	0	0	0	0	0	0	0	0	0	0	0	0	0	0	0	0	0	192	192	0	0	0	0	0	0	0	0	0	0	0	0	0	0	0	0	0	0	0	0	0	0	192	0	0	0	0	0	0	0	0	0	0	0	0	0	0	
0	0	0	192	0	0	0	0	0	0	0	0	0	0	0	0	0	0	0	0	0	0	0	0	0	0	0	0	0	0	0	0	0	0	0	0	0	0	0	0	0	0	0	0	0	0	0	0	0	0	0	0	0	0	0	0	0	0	0	0	0	0	0	192	0	0	0	0	0	0	0	0	0	0	0	0	0	0	0	0	0	0	0	0	0	0	0	0	0	0	0	0	0	0	0	0	0	0	0	0	0	0	0	0	0	0	192	0	0	0	0	0	0	0	0	0	0	0	0	0	
0	192	0	0	0	0	0	0	0	0	0	0	0	0	0	0	0	0	0	0	0	0	0	0	0	0	0	0	0	0	0	0	0	0	0	0	0	0	192	0	0	0	0	0	0	0	0	0	0	0	0	0	0	0	0	0	0	0	0	0	192	0	0	0	0	0	0	0	0	0	0	0	0	0	0	0	0	0	0	0	0	0	0	0	0	0	0	0	0	0	0	0	0	0	0	0	0	0	0	0	0	0	0	0	0	0	0	0	0	0	0	0	0	0	0	0	0	0	0	0	
0	0	0	0	0	0	0	0	0	0	0	0	0	0	0	0	0	0	0	0	0	0	0	0	0	0	0	0	0	0	0	0	0	0	0	0	0	0	0	0	0	0	0	0	0	0	0	0	0	0	0	0	0	0	0	0	0	0	0	0	0	0	0	0	0	0	0	0	0	0	0	0	0	192	0	0	0	0	192	0	0	0	0	0	0	0	0	0	0	0	0	0	0	0	0	0	0	0	0	0	0	0	0	0	0	0	0	0	0	0	0	0	0	0	0	0	0	192	0	0	
0	0	0	0	0	0	0	0	0	0	0	0	0	0	0	0	0	0	0	0	0	0	0	0	192	0	0	0	0	0	0	0	0	0	0	0	0	0	0	0	0	0	0	0	0	0	0	0	0	0	0	0	0	0	0	0	0	0	0	0	0	0	0	0	0	0	0	0	0	0	0	0	0	0	0	0	0	0	192	0	0	0	0	0	0	0	0	0	0	0	0	0	0	0	0	0	0	0	0	0	192	0	0	0	0	0	0	0	0	0	0	0	0	0	0	0	0	0	0	0	
0	0	0	0	0	0	0	0	0	0	0	0	0	0	0	0	0	0	0	0	0	0	0	0	0	0	0	0	0	0	0	0	0	0	0	0	0	0	0	0	0	0	192	0	0	0	192	0	0	0	0	0	0	0	0	0	0	0	0	0	0	0	0	0	0	0	0	0	0	0	0	0	0	0	192	0	0	0	0	0	0	0	0	0	0	0	0	0	0	0	0	0	0	0	0	0	0	0	0	0	0	0	0	0	0	0	0	0	0	0	0	0	0	0	0	0	0	0	0	0	
0	0	0	0	0	0	0	0	0	0	0	0	0	0	0	0	0	0	0	0	0	0	0	0	0	0	0	0	0	0	0	0	0	0	0	0	0	0	0	0	0	0	0	0	0	0	0	0	0	0	0	0	0	0	0	0	0	0	192	0	0	0	0	0	0	0	0	0	0	0	0	0	0	0	0	192	0	0	0	0	0	0	0	0	0	0	0	192	0	0	0	0	0	0	0	0	0	0	0	0	0	0	0	0	0	0	0	0	0	0	0	0	0	0	0	0	0	0	0	0	
0	0	0	0	192	0	0	0	0	0	0	0	0	0	0	0	0	192	0	0	0	0	192	0	0	0	0	0	0	0	0	0	0	0	0	0	0	0	0	0	0	0	0	0	0	0	0	0	0	0	0	0	0	0	0	0	0	0	0	0	0	0	0	0	0	0	0	0	0	0	0	0	0	0	0	0	0	0	0	0	0	0	0	0	0	0	0	0	0	0	0	0	0	0	0	0	0	0	0	0	0	0	0	0	0	0	0	0	0	0	0	0	0	0	0	0	0	0	0	0	
0	0	0	0	0	0	0	0	0	0	0	0	0	0	0	0	0	0	0	192	0	0	0	0	0	0	0	0	0	0	0	0	0	0	0	0	0	0	0	0	0	0	0	0	0	0	0	0	0	0	0	0	0	0	0	0	192	0	0	0	0	0	0	0	0	0	192	0	0	0	0	0	0	0	0	0	0	0	0	0	0	0	0	0	0	0	0	0	0	0	0	0	0	0	0	0	0	0	0	0	0	0	0	0	0	0	0	0	0	0	0	0	0	0	0	0	0	0	0	0	
0	0	0	0	0	0	0	0	0	0	0	0	0	0	0	0	0	0	0	0	0	0	0	0	0	0	0	0	0	0	0	0	0	0	0	0	0	0	0	0	0	0	0	0	0	0	0	0	0	0	0	0	0	0	0	0	0	0	0	0	0	0	0	0	0	0	0	0	0	0	0	0	0	0	0	0	0	0	0	0	0	0	0	0	192	0	0	0	0	0	0	0	0	192	192	0	0	0	0	0	0	0	0	0	0	0	0	0	0	0	0	0	0	0	0	0	0	0	0	0	
0	0	0	0	0	0	0	0	0	0	0	0	0	0	0	0	0	0	0	0	0	0	0	0	0	0	0	192	0	0	0	0	0	0	192	0	0	0	0	0	0	0	0	0	0	0	0	0	0	0	0	0	0	0	0	0	0	0	0	0	0	0	0	0	0	0	0	0	0	0	0	0	0	0	0	0	0	0	0	0	0	0	0	0	0	0	0	0	0	0	0	192	0	0	0	0	0	0	0	0	0	0	0	0	0	0	0	0	0	0	0	0	0	0	0	0	0	0	0	0	
0	0	0	0	0	0	0	0	0	0	0	0	0	0	0	0	0	0	0	0	0	0	0	0	0	0	0	0	0	0	0	0	0	0	0	0	192	0	0	0	0	0	0	0	0	0	0	0	0	0	0	0	0	0	0	0	0	0	0	0	0	0	0	0	0	0	0	0	0	0	0	0	0	0	0	0	0	0	0	0	0	0	0	0	0	0	0	0	0	0	0	192	0	0	0	0	0	0	0	0	0	0	0	0	0	0	0	0	0	0	0	0	0	192	0	0	0	0	0	0	
0	0	0	0	0	0	0	0	0	192	0	0	0	0	0	0	0	0	0	0	0	0	0	0	0	0	0	0	0	0	0	0	0	0	0	0	0	0	0	0	0	0	0	0	0	0	0	0	0	0	0	0	0	0	0	0	0	0	0	0	0	0	0	0	0	0	0	0	0	0	0	0	0	0	0	0	0	0	0	0	0	0	0	0	0	0	0	0	0	0	0	0	0	0	0	0	0	0	0	0	0	0	0	0	0	0	0	0	0	0	0	0	0	0	192	0	0	0	192	0	
0	0	0	0	0	0	0	0	0	0	0	0	0	0	0	0	0	0	0	0	0	0	0	0	0	0	0	0	0	0	0	0	0	0	192	0	0	0	0	0	0	0	0	0	0	0	0	0	0	0	0	0	0	0	0	0	0	0	0	0	0	0	0	0	0	0	0	0	0	0	0	0	0	0	0	0	0	0	0	0	0	0	0	0	0	0	0	0	192	192	0	0	0	0	0	0	0	0	0	0	0	0	0	0	0	0	0	0	0	0	0	0	0	0	0	0	0	0	0	0	
0	0	0	0	0	0	0	0	0	192	0	0	0	0	0	0	0	0	0	0	0	0	0	0	0	0	0	0	0	0	0	0	0	0	0	0	0	0	0	0	0	0	0	192	0	0	0	0	0	0	0	0	0	0	0	0	0	0	0	0	0	0	0	0	0	0	0	0	0	0	0	0	192	0	0	0	0	0	0	0	0	0	0	0	0	0	0	0	0	0	0	0	0	0	0	0	0	0	0	0	0	0	0	0	0	0	0	0	0	0	0	0	0	0	0	0	0	0	0	0	
0	0	0	0	0	0	0	0	0	0	0	0	0	0	0	0	0	0	0	0	0	0	0	0	0	0	0	0	0	0	0	0	0	0	0	0	0	0	0	0	0	0	0	0	0	0	0	0	0	0	0	0	0	0	0	0	0	0	0	0	0	0	0	0	0	0	0	0	0	0	0	0	0	0	0	0	0	0	0	0	0	0	0	0	0	0	0	192	0	0	0	0	0	0	192	0	0	0	0	0	0	0	0	0	0	192	0	0	0	0	0	0	0	0	0	0	0	0	0	0	
0	0	192	0	0	0	0	0	0	0	0	0	0	0	0	0	0	0	0	0	0	0	0	0	0	0	0	0	0	0	0	0	0	0	0	0	0	0	0	0	0	0	0	0	0	0	0	0	0	0	0	0	0	0	0	0	0	0	0	0	0	0	0	0	0	0	0	0	0	0	0	0	0	0	0	0	0	0	0	0	0	0	0	0	0	0	0	192	0	0	0	0	0	192	0	0	0	0	0	0	0	0	0	0	0	0	0	0	0	0	0	0	0	0	0	0	0	0	0	0	
0	0	0	0	0	0	0	0	0	0	0	0	0	0	0	0	0	0	0	0	0	0	0	0	0	0	0	0	0	0	0	0	0	0	0	0	0	0	0	0	0	0	0	0	0	0	0	192	0	0	0	0	0	0	0	0	0	0	0	0	192	0	0	0	0	0	0	192	0	0	0	0	0	0	0	0	0	0	0	0	0	0	0	0	0	0	0	0	0	0	0	0	0	0	0	0	0	0	0	0	0	0	0	0	0	0	0	0	0	0	0	0	0	0	0	0	0	0	0	0	
0	0	0	0	0	0	192	0	0	0	0	0	0	0	0	0	0	0	0	0	0	0	0	0	0	0	0	0	0	0	0	0	0	0	0	0	0	0	0	0	0	0	0	0	0	0	0	0	0	0	192	0	0	0	0	0	0	0	0	0	0	0	0	0	0	0	0	0	0	0	0	0	0	0	0	192	0	0	0	0	0	0	0	0	0	0	0	0	0	0	0	0	0	0	0	0	0	0	0	0	0	0	0	0	0	0	0	0	0	0	0	0	0	0	0	0	0	0	0	0	
0	0	0	0	0	0	0	0	0	0	0	0	0	0	0	0	0	0	0	0	0	0	0	0	0	0	0	0	0	0	0	0	0	0	0	0	0	0	0	0	0	0	0	0	0	0	192	0	0	0	0	0	0	0	0	0	0	0	0	0	0	0	0	0	0	0	0	0	0	0	0	0	0	0	0	0	0	0	0	0	0	0	0	0	0	0	0	0	0	0	0	0	0	0	0	0	0	0	0	0	0	0	0	0	0	0	0	0	192	0	0	192	0	0	0	0	0	0	0	0	
192	0	0	0	0	192	0	192	0	0	0	0	0	0	0	0	0	0	0	0	0	0	0	0	0	0	0	0	0	0	0	0	0	0	0	0	0	0	0	0	0	0	0	0	0	0	0	0	0	0	0	0	0	0	0	0	0	0	0	0	0	0	0	0	0	0	0	0	0	0	0	0	0	0	0	0	0	0	0	0	0	0	0	0	0	0	0	0	0	0	0	0	0	0	0	0	0	0	0	0	0	0	0	0	0	0	0	0	0	0	0	0	0	0	0	0	0	0	0	0	
0	0	0	0	0	0	0	0	0	0	0	0	0	0	0	0	0	0	0	0	0	0	0	0	0	0	192	0	0	0	0	192	0	0	0	0	0	0	0	0	0	192	0	0	0	0	0	0	0	0	0	0	0	0	0	0	0	0	0	0	0	0	0	0	0	0	0	0	0	0	0	0	0	0	0	0	0	0	0	0	0	0	0	0	0	0	0	0	0	0	0	0	0	0	0	0	0	0	0	0	0	0	0	0	0	0	0	0	0	0	0	0	0	0	0	0	0	0	0	0	
0	0	0	0	0	0	0	0	0	0	0	0	0	0	0	0	0	0	0	0	0	0	0	0	0	0	0	0	0	0	0	0	0	0	0	0	0	0	0	0	0	0	0	0	0	0	0	0	0	0	0	0	0	0	0	0	0	0	0	0	0	0	0	0	0	0	0	0	0	0	0	0	0	0	0	0	0	0	0	0	0	0	192	0	0	0	0	0	0	0	0	0	0	0	0	0	0	0	0	0	0	0	0	0	0	0	0	0	0	0	0	192	0	0	0	192	0	0	0	0	
0	0	0	0	0	0	0	0	0	0	0	0	0	0	0	0	0	0	0	0	0	0	0	0	0	0	0	0	0	0	0	0	0	0	0	0	0	0	0	0	0	0	0	0	0	0	0	0	0	0	0	0	0	0	0	0	0	0	0	0	0	0	0	0	0	0	0	0	0	0	0	0	0	0	0	0	192	0	0	0	0	0	0	0	0	0	0	0	0	0	0	0	0	0	0	0	0	0	0	0	0	0	0	0	192	0	0	0	192	0	0	0	0	0	0	0	0	0	0	0	
0	0	0	0	0	0	0	0	0	0	0	0	0	0	0	0	0	0	0	0	0	0	0	0	0	0	0	0	0	0	192	0	192	0	0	0	0	0	0	0	0	0	0	0	0	0	0	0	0	0	0	0	0	0	0	192	0	0	0	0	0	0	0	0	0	0	0	0	0	0	0	0	0	0	0	0	0	0	0	0	0	0	0	0	0	0	0	0	0	0	0	0	0	0	0	0	0	0	0	0	0	0	0	0	0	0	0	0	0	0	0	0	0	0	0	0	0	0	0	0	
0	0	0	0	0	0	0	0	0	0	0	0	0	0	0	0	0	0	0	0	0	0	0	0	0	0	0	0	0	0	0	0	0	0	0	0	0	0	0	0	0	0	0	0	192	0	0	0	0	0	0	0	0	0	0	0	0	0	0	0	0	0	0	0	0	0	0	0	0	0	0	0	0	0	0	0	0	0	0	0	0	0	0	0	0	0	0	0	0	0	0	0	0	0	0	0	0	0	0	0	0	0	0	0	0	0	0	192	0	0	0	0	0	0	0	0	0	0	0	192	
0	0	0	0	0	0	0	0	0	0	0	0	0	0	0	0	0	0	0	0	0	0	0	0	0	0	0	0	0	0	0	0	0	0	0	0	0	0	0	0	0	0	0	0	0	0	0	0	0	0	0	0	0	0	0	0	0	192	0	0	0	0	0	0	0	0	0	0	0	0	0	0	0	0	0	0	192	0	0	0	0	0	0	0	0	0	0	0	0	0	0	0	0	0	0	0	0	0	0	0	0	192	0	0	0	0	0	0	0	0	0	0	0	0	0	0	0	0	0	0	
0	0	0	0	0	0	0	0	0	0	0	0	0	0	0	0	0	0	0	0	0	0	0	0	0	0	0	0	0	192	0	0	0	0	0	0	0	0	0	0	0	0	0	0	0	0	0	0	0	0	0	0	0	0	0	0	0	0	0	0	0	0	0	0	0	0	0	0	0	0	0	0	0	0	0	0	0	0	192	0	0	0	0	0	0	0	0	0	0	0	0	0	0	192	0	0	0	0	0	0	0	0	0	0	0	0	0	0	0	0	0	0	0	0	0	0	0	0	0	0	
0	0	0	192	0	0	0	0	0	0	0	0	0	0	0	0	0	0	0	0	0	0	0	0	0	0	0	0	0	0	0	0	0	0	0	0	0	0	0	0	0	0	0	0	0	0	0	0	0	0	0	0	0	0	0	0	0	0	0	0	0	0	0	0	0	0	0	0	0	0	192	0	0	0	0	0	0	0	0	192	0	0	0	0	0	0	0	0	0	0	0	0	0	0	0	0	0	0	0	0	0	0	0	0	0	0	0	0	0	0	0	0	0	0	0	0	0	0	0	0	
0	0	192	0	0	0	0	0	0	0	0	0	0	0	0	0	0	0	0	0	0	0	0	0	0	0	0	0	0	0	0	0	0	0	0	0	0	0	0	0	0	0	0	0	192	0	0	0	0	0	0	0	0	0	0	0	0	0	0	0	0	0	0	0	0	0	0	0	0	0	0	0	0	0	0	0	0	0	0	0	0	0	0	0	0	0	0	0	0	0	0	0	0	0	0	0	0	0	0	0	0	0	0	192	0	0	0	0	0	0	0	0	0	0	0	0	0	0	0	0	
0	0	0	0	0	0	0	0	0	0	0	0	0	0	0	0	0	0	0	0	0	0	0	0	0	0	0	0	0	0	0	0	0	0	0	0	0	0	0	0	0	0	0	0	0	0	0	0	0	0	0	192	0	0	0	0	0	0	0	0	0	0	0	0	0	0	0	0	0	0	0	0	0	0	0	0	0	0	0	0	0	0	0	0	0	0	0	0	0	0	0	0	0	0	0	0	0	192	0	0	0	192	0	0	0	0	0	0	0	0	0	0	0	0	0	0	0	0	0	0	
0	0	0	0	0	0	0	0	0	0	0	0	0	0	0	0	0	0	0	0	0	0	0	0	0	0	0	0	0	0	0	0	0	0	0	0	0	192	0	0	0	0	0	0	0	0	0	0	0	0	0	0	0	0	0	0	0	0	0	0	0	0	0	0	0	0	0	0	0	0	0	0	0	0	0	0	0	0	0	0	0	0	0	0	0	0	0	0	0	0	0	0	0	0	0	0	0	0	0	0	0	0	0	0	0	0	0	0	0	0	0	0	192	0	0	192	0	0	0	0	
192	0	0	0	0	0	0	0	0	0	0	0	0	0	0	0	0	0	0	0	0	0	0	0	0	0	0	0	0	0	0	0	0	0	0	0	0	0	0	0	0	0	0	0	0	0	0	0	0	0	192	0	0	0	0	0	0	0	0	0	0	0	0	0	0	0	0	0	0	0	0	0	0	192	0	0	0	0	0	0	0	0	0	0	0	0	0	0	0	0	0	0	0	0	0	0	0	0	0	0	0	0	0	0	0	0	0	0	0	0	0	0	0	0	0	0	0	0	0	0	
0	0	0	0	0	0	0	0	0	0	0	0	0	0	0	0	0	0	0	0	0	0	0	0	0	0	0	0	0	192	0	0	0	0	0	0	0	0	0	0	0	0	0	0	0	0	0	0	0	0	0	0	0	0	0	0	0	0	0	0	0	0	0	0	0	0	0	0	0	0	0	0	0	0	0	0	0	0	0	0	0	0	0	0	0	0	0	0	0	0	0	0	0	0	0	0	0	192	0	0	192	0	0	0	0	0	0	0	0	0	0	0	0	0	0	0	0	0	0	0	
0	0	0	0	0	0	0	0	0	0	0	0	0	0	0	0	0	0	0	0	0	0	0	0	0	0	0	0	0	0	0	0	0	192	0	0	0	192	0	0	0	0	0	0	0	0	0	0	0	0	0	0	0	0	0	0	0	0	0	0	0	0	0	0	0	0	0	0	0	0	0	0	0	0	0	0	0	0	0	0	0	0	0	0	0	0	0	0	0	0	0	0	0	0	0	0	0	0	0	0	0	0	0	0	0	0	0	0	0	192	0	0	0	0	0	0	0	0	0	0	
0	0	0	0	0	0	0	0	0	0	0	0	0	0	0	0	0	0	0	0	0	192	0	0	0	0	0	0	0	0	0	0	0	0	0	0	192	0	0	0	0	0	0	0	0	0	0	0	0	0	0	0	0	0	0	0	0	0	0	0	0	0	0	0	0	0	0	0	0	0	0	0	0	0	0	0	0	0	0	0	0	0	0	0	0	0	0	0	0	192	0	0	0	0	0	0	0	0	0	0	0	0	0	0	0	0	0	0	0	0	0	0	0	0	0	0	0	0	0	0	
0	0	0	0	0	0	0	0	0	0	0	0	0	0	0	0	0	0	0	0	0	0	0	0	0	0	0	0	0	0	0	0	0	0	0	0	0	0	0	0	0	0	0	0	0	0	0	0	0	0	0	0	0	192	0	0	0	0	0	0	0	0	0	0	0	0	0	0	0	192	0	0	0	0	0	0	0	0	0	0	0	0	0	0	0	0	0	0	0	0	192	0	0	0	0	0	0	0	0	0	0	0	0	0	0	0	0	0	0	0	0	0	0	0	0	0	0	0	0	0	
0	0	0	0	0	0	0	0	0	0	0	0	0	0	0	0	0	0	0	0	0	0	0	0	0	0	0	0	0	0	0	0	0	0	0	0	0	0	0	0	0	0	0	0	0	0	0	0	0	0	0	0	0	0	0	0	0	0	0	0	0	0	0	0	0	0	0	192	0	0	0	0	0	0	0	0	0	0	0	0	0	0	0	0	0	0	0	0	0	0	0	0	0	0	0	0	0	0	0	0	192	0	0	0	0	0	0	0	0	192	0	0	0	0	0	0	0	0	0	0	
0	0	0	0	0	0	0	0	0	0	0	0	0	0	0	0	0	0	0	0	192	0	0	0	0	0	0	0	0	0	0	0	0	0	0	0	0	0	0	0	0	0	0	0	0	0	0	0	0	0	0	0	0	0	0	0	0	0	0	0	0	0	0	0	0	0	0	0	0	0	0	0	0	0	0	0	0	0	0	0	0	0	0	0	0	0	0	0	0	0	0	0	0	0	0	0	0	0	0	0	0	0	0	0	0	0	0	0	0	0	0	0	0	0	0	0	0	0	0	192	
0	0	0	0	0	0	0	0	0	0	0	0	0	0	0	0	0	0	0	0	0	0	0	0	0	0	0	0	0	0	0	0	0	0	0	0	0	0	0	0	0	0	0	0	0	0	0	0	0	0	0	0	0	0	0	0	0	0	0	0	0	0	0	0	0	192	0	0	0	0	0	0	0	192	0	0	0	0	0	0	0	192	0	0	0	0	0	0	0	0	0	0	0	0	0	0	0	0	0	0	0	0	0	0	0	0	0	0	0	0	0	0	0	0	0	0	0	0	0	0	
0	0	0	0	0	0	0	0	0	0	0	0	0	0	0	0	0	0	0	0	0	0	0	192	0	0	0	0	0	0	0	0	0	0	0	0	0	0	0	0	0	0	0	0	0	0	0	0	0	0	0	0	0	0	0	0	0	0	0	0	0	0	0	0	0	0	0	0	0	0	0	0	192	0	0	0	0	0	0	0	0	0	0	0	0	0	0	0	0	0	192	0	0	0	0	0	0	0	0	0	0	0	0	0	0	0	0	0	0	0	0	0	0	0	0	0	0	0	0	0	
0	0	0	0	0	0	0	0	0	0	0	0	0	0	0	0	0	0	0	0	0	0	0	0	0	0	0	0	0	0	0	0	0	0	0	0	0	0	0	0	0	0	0	0	0	0	0	0	0	0	0	0	0	0	0	0	0	0	0	0	0	0	0	0	0	0	0	0	0	0	0	0	0	0	0	0	0	0	0	0	0	0	0	0	0	0	0	0	0	0	0	0	0	0	0	0	0	0	0	0	0	0	0	192	0	0	0	0	0	0	0	0	0	0	0	0	192	0	0	0	
8	115	39	23	67	64	56	20	32	62	13	98	24	5	101	74	92	78	41	93	37	114	99	36	108	11	76	15	90	89	116	40	8	6	60	24	40	18	87	32	57	118	20	89	102	59	44	11	46	99	1	105	108	46	12	10	61	86	23	99	90	26	115	97	16	27	117	84	34	70	19	119	94	32	104	111	97	46	19	2	47	53	65	60	87	10	69	27	12	114	86	3	107	114	56	74	27	119	64	117	47	102	12	8	69	60	56	56	58	86	113	11	11	9	12	77	108	2	103	20	3	14	54	13	53	26	102	52	111	3	92	62	45	31	54	98	78	89	64	26	13	23	31	5	39	6	65	40	51	83	25	79	28	60	110	88	48	20	69	111	20	65	1	9	29	113	97	116	119	31	57	109	72	1	79	64	5	68	30	51	34	30	37	50	86	26	64	75	68	15	5	106	106	80	95	37	101	19	61	24	73	22	100	17	100	44	71	37	27	100	85	55	59	97	58	7	49	58	91	56	9	26	86	111	19	112	23	96	65	75	56	7	115	16	40	13	112	106	112	76	74	96	2	101	90	37	110	39	0	48	13	54	118	91	96	32	37	112	73	112	101	62	23	55	88	15	85	13	79	76	99	44	90	30	98	35	116	86	84	38	108	45	40	76	43	28	89	14	116	20	111	86	86	14	36	36	98	115	55	114	115	116	83	8	56	73	104	47	27	13	63	25	20	112	33	79	102	58	55	41	32	6	107	8	27	10	16	109	104	44	61	66	66	116	41	101	118	44	10	27	97	106	116	67	32	100	61	80	64	45	33	119	60	32	30	36	26	40	32	116	89	12	3	95	24	66	23	46	82	14	31	114	80	22	42	76	113	94	99	69	112	53	97	110	70	57	49	106	106	108	69	52	101	7	111	20	36	63	75	87	93	17	15	68	107	3	111	38	4	105	112	115	13	80	88	104	116	54	12	98	20	111	8	45	75	80	10	79	14	62	110	117	3	55	10	36	101	71	98	24	107	107	20	119	104	64	20	110	74	76	16	18	71	107	36	15	66	34	62	59	18	79	2	27	82	5	94	116	65	107	31	107	106	22	1	116	52	33	49	117	90	43	13	107	35	40	105	82	82	45	107	89	62	40	88	67	106	61	100	62	63	81	72	26	31	53	3	13	31	77	51	64	73	35	56	110	60	102	107	6	26	9	71	26	36	20	74	26	59	17	79	72	32	63	94	77	60	113	89	82	104	111	25	119	101	18	77	30	116	75	57	24	102	75	67	38	36	4	94	40	62	30	75	112	15	74	114	62	47	25	52	60	46	21	59	27	103	85	48	44	89	60	67	103	103	34	53	22	48	73	112	26	111	48	28	84	43	74	11	4	46	111	5	92	25	0	27	36	5	78	95	55	12	11	114	28	69	78	43	99	89	107	88	107	79	59	89	58	52	22	114	60	67	86	97	32	43	18	51	98	80	111	20	54	31	89	18	91	77	29	26	87	89	67	2	36	18	114	104	13	80	93	115	43	93	5	78	85	82	99	9	54	7	55	101	95	4	52	67	7	70	15	22	108	78	84	117	97	63	113	13	45	56	106	51	50	117	75	53	34	41	29	10	86	89	11	1	37	40	61	111	57	91	12	111	82	85	96	46	12	74	109	71	85	62	95	55	45	47	109	12	19	42	112	96	42	26	116	36	52	103	6	90	73	38	47	45	56	9	100	14	91	91	69	53	10	115	68	43	32	9	37	112	78	106	91	92	83	77	64	46	4	19	51	90	44	43	15	73	18	41	77	64	45	73	94	111	40	8	38	52	55	57	52	119	82	119	38	81	51	71	108	82	13	109	118	13	24	70	44	23	14	7	53	73	85	99	116	49	5	39	40	112	70	119	93	20	66	110	33	71	18	97	41	99	22	31	58	1	58	64	34	106	2	3	102	30	61	117	101	78	6	70	109	63	114	115	96	97	11	22	106	79	116	43	108	46	53	99	30	116	89	119	14	6	57	28	119	59	3	98	23	54	77	81	109	18	25	116	0	69	112	49	31	8	17	26	108	118	1	38	70	82	85	30	50	25	48	31	20	32	16	79	114	92	109	118	19	41	111	32	117	86	7	52	102	70	57	20	43	22	11	22	14	50	36	85	7	84	97	33	92	55	78	31	80	100	34	78	20	107	78	50	44	15	64	84	78	59	83	22	119	63	22	13	111	69	98	83	44	23	6	19	14	62	52	69	30	76	59	118	27	21	103	59	116	80	13	79	32	91	16	112	73	84	53	61	17	103	39	83	35	0	119	46	97	7	11	84	23	67	8	85	80	46	93	62	96	18	28	22	23	89	114	9	53	33	14	33	117	55	66	76	113	114	20	44	84	22	50	7	74	116	46	21	7	101	50	84	63	75	117	2	62	55	95	25	1	72	20	111	72	19	91	30	38	29	90	61	104	59	53	106	57	42	119	19	90	66	16	104	7	119	39	110	24	100	23	115	38	104	72	65	11	47	11	87	119	114	42	101	115	113	54	84	84	5	32	106	119	98	65	13	82	31	116	67	7	93	23	82	96	71	69	111	56	38	104	42	29	112	51	33	17	36	59	23	83	96	118	108	109	89	83	100	89	56	81	20	90	99	77	69	10	70	92	7	52	88	100	54	109	88	53	22	73	94	103	19	110	91	105	41	53	82	9	62	62	16	82	42	63	68	104	105	95	102	85	73	50	85	110	91	0	1	111	35	1	90	29	59	104	32	86	67	5	6	119	68	29	50	85	105	29	101	79	73	99	91	50	53	70	25	116	59	51	29	93	99	57	119	111	79	87	84	94	100	1	2	1	3	44	50	111	75	57	104	86	87	3	115	27	11	101	61	18	28	62	93	95	81	109	110	2	70	108	114	13	96	112	76	33	7	67	67	41	107	23	4	65	69	39	109	57	25	70	15	7	108	2	23	36	82	93	90	100	57	6	1	50	114	40	106	25	65	15	67	112	98	71	1	99	18	100	107	0	35	4	38	61	66	22	11	115	47	113	97	105	103	114	103	99	9	118	48	75	76	97	112	72	77	66	95	62	90	106	88	91	18	89	18	100	111	58	98	44	63	27	118	95	107	103	46	117	6	9	116	52	119	77	58	38	4	10	56	96	105	100	4	41	26	109	8	61	72	76	61	41	60	76	116	48	90	29	7	15	116	65	111	45	109	104	106	9	52	80	47	16	48	62	0	118	36	117	106	71	66	2	66	40	117	61	98	108	100	17	90	53	96	30	104	105	5	39	103	49	73	90	11	0	16	93	11	109	96	7	80	20	93	40	39	117	21	78	81	53	30	17	37	25	40	101	36	19	1	109	92	25	54	78	25	6	109	4	108	110	73	20	68	22	5	78	90	21	61	28	17	52	41	15	26	21	84	32	4	112	28	0	71	75	67	93	44	70	54	47	38	77	24	101	29	22	39	64	17	36	92	119	50	79	89	19	111	119	16	86	48	111	14	58	13	42	7	43	26	80	87	9	92	34	90	82	115	102	41	117	104	99	108	37	117	14	119	114	40	108	8	27	111	113	106	16	62	110	22	46	82	5	94	106	46	63	49	41	1	11	66	46	87	78	11	14	96	43	46	95	35	15	31	51	75	81	21	61	2	53	87	10	36	102	81	72	7	87	53	75	37	74	93	99	46	33	6	61	77	77	79	67	85	14	78	105	8	88	33	108	34	67	95	20	82	99	69	52	116	7	9	22	27	9	46	16	90	22	107	103	52	98	17	87	16	37	48	33	119	119	7	94	48	34	55	76	0	117	94	68	72	65	52	1	33	108	52	0	107	64	20	68	107	11	30	106	60	12	10	39	112	46	81	102	72	78	45	25	110	104	114	54	81	38	43	113	113	84	18	87	61	24	57	103	90	61	106	2	35	42	19	33	95	118	11	6	59	108	19	24	9	8	18	47	78	38	75	41	40	109	52	87	3	44	7	65	114	34	114	102	49	90	69	53	73	77	3	65	38	106	68	63	41	74	29	95	65	88	32	74	111	88	42	92	85	59	8	90	57	25	38	80	94	41	35	57	73	89	109	69	50	53	36	88	80	118	45	74	39	23	71	8	82	4	5	26	8	114	70	27	58	114	25	19	77	80	77	52	38	5	75	90	74	58	23	43	95	36	117	57	17	77	108	43	29	43	81	23	94	68	14	95	66	29	87	11	61	10	6	49	61	93	64	102	90	10	119	46	56	23	2	67	63	58	101	69	84	66	17	32	86	20	97	5	16	116	105	44	40	37	20	95	70	107	3	37	23	100	20	20	63	40	22	32	3	43	74	51	22	22	3	26	33	57	40	3	106	55	76	117	67	80	75	54	62	16	68	29	80	115	106	72	111	108	5	72	3	10	105	114	16	83	79	119	87	4	98	19	72	70	36	112	73	42	96	45	106	82	70	80	100	83	24	10	100	32	113	23	40	9	20	107	27	116	80	74	74	114	51	80	98	62	73	91	7	98	17	48	115	110	119	5	93	73	103	75	62	105	90	34	3	53	17	5	105	11	86	13	78	116	50	82	53	6	21	11	35	119	66	97	36	34	96	115	111	108	27	90	63	1	61	64	8	40	67	48	111	68	81	110	95	37	105	16	60	30	2	115	106	101	46	9	38	96	101	10	83	82	51	114	44	119	35	25	85	27	3	46	59	36	54	94	46	54	13	57	97	60	89	107	0	108	76	116	93	116	73	10	79	85	52	54	94	29	98	70	37	114	55	30	8	43	5	88	119	102	1	12	17	52	27	55	101	47	115	90	51	80	66	97	118	61	101	106	5	57	97	80	12	109	44	65	65	30	113	64	19	37	1	64	40	71	73	14	104	83	8	26	84	63	82	87	112	112	56	116	31	118	78	12	97	62	113	96	93	19	41	100	73	43	33	67	67	104	115	63	105	99	53	77	72	3	94	27	109	98	68	5	84	62	32	20	59	114	70	16	97	29	113	89	92	82	45	94	81	59	107	74	82	32	102	14	42	10	4	4	38	60	18	95	111	103	56	81	64	21	57	7	12	29	26	40	94	59	118	69	26	18	44	73	59	68	14	45	23	109	34	14	19	118	106	70	33	6	8	60	61	89	96	116	104	48	50	40	82	13	33	10	92	12	53	49	33	78	88	51	107	87	86	93	37	15	101	39	114	11	12	48	86	99	84	45	40	66	3	36	15	107	34	78	66	14	52	119	72	62	58	104	22	60	36	104	101	0	115	45	48	13	21	21	115	66	58	71	70	95	12	58	109	112	53	2	101	106	26	70	118	82	24	7	95	41	73	119	99	78	81	82	25	16	35	42	60	77	95	21	75	25	103	66	94	62	15	21	57	101	77	101	91	55	61	105	103	2	106	95	108	103	1	22	40	71	20	118	53	108	84	119	6	24	63	33	57	76	7	52	109	8	58	7	32	74	47	79	41	85	76	34	42	10	66	33	64	117	46	84	69	27	10	2	58	0	47	95	36	25	70	24	61	102	25	45	84	93	116	57	93	93	93	9	40	18	54	4	70	25	28	89	72	49	59	92	103	39	35	82	61	66	83	57	57	8	25	72	101	115	71	12	46	114	78	87	0	39	30	23	36	6	4	87	59	105	34	38	87	7	8	74	34	70	55	111	110	42	98	17	112	34	35	1	64	98	16	26	27	12	63	72	22	118	51	81	105	91	91	119	112	64	99	9	34	58	44	112	84	114	51	84	5	12	92	85	21	15	107	111	86	26	99	24	21	70	35	19	42	47	39	27	88	69	71	106	19	102	90	43	104	67	44	85	99	29	30	77	73	95	108	116	27	0	40	54	95	115	49	32	106	38	112	111	63	24	7	17	100	73	17	22	43	102	20	28	87	21	47	93	105	49	42	119	103	91	25	13	0	57	103	68	16	80	6	115	43	17	61	98	14	100	57	21	35	1	34	37	3	38	85	98	60	20	98	6	18	36	67	104	67	69	105	49	107	100	84	2	98	80	90	89	80	97	89	39	100	72	52	81	92	29	4	55	42	102	23	75	60	108	74	5	98	8	92	83	52	104	29	56	88	17	103	3	74	39	20	58	58	99	104	102	52	83	72	7	98	99	38	51	82	55	48	60	2	100	62	84	23	1	6	116	6	115	74	87	48	83	84	28	50	45	52	66	89	69	119	89	18	90	56	35	91	82	26	47	73	55	82	8	18	47	103	95	37	39	23	108	21	57	66	29	13	91	28	60	29	73	5	23	93	91	57	42	67	90	56	113	0	56	117	42	73	64	110	46	50	56	5	67	23	73	87	47	52	53	74	114	74	21	64	3	64	48	103	32	32	116	44	116	75	107	103	4	13	19	95	51	17	18	107	69	72	55	45	91	94	77	63	106	83	84	38	96	92	45	81	35	29	0	39	32	16	13	56	15	44	7	69	94	56	22	78	83	112	111	23	79	57	67	94	25	74	5	92	62	60	87	34	43	85	15	61	25	67	73	112	107	38	3	112	51	81	41	94	83	113	111	71	50	110	44	7	7	103	43	118	49	50	83	21	96	114	8	15	26	100	22	107	89	107	117	0	103	25	31	7	67	63	62	112	12	67	83	88	44	48	44	87	90	83	0	17	93	89	40	68	10	118	51	23	36	9	97	113	113	101	110	50	47	13	41	29	46	95	59	35	55	40	37	76	100	48	6	66	34	90	108	27	77	27	5	36	63	52	29	52	42	72	37	17	102	63	23	3	87	98	88	93	12	33	52	119	73	93	92	66	80	61	18	38	80	83	111	77	3	25	99	32	66	31	87	47	46	78	101	12	10	13	24	81	20	9	52	91	85	79	115	57	78	0	55	73	103	119	82	103	106	35	116	56	42	16	11	96	64	88	26	11	67	101	118	10	116	89	35	3	9	92	32	90	29	37	61	116	82	110	10	43	41	9	21	119	56	88	71	69	40	72	98	55	96	96	27	100	62	15	34	59	88	102	66	66	51	13	39	23	90	32	82	95	58	112	15	36	21	3	22	36	33	42	55	39	48	39	13	115	95	45	15	32	115	21	52	68	64	23	44	58	16	34	97	12	70	65	11	40	109	38	70	29	50	46	28	30	40	61	44	36	53	101	107	40	55	97	27	101	7	67	5	34	80	53	1	33	12	6	84	44	80	59	62	71	49	11	19	96	55	5	71	102	60	116	2	102	101	94	75	50	76	67	72	100	20	90	119	8	4	107	58	70	41	66	108	11	116	60	55	64	73	46	5	0	39	119	48	118	13	43	8	41	44	75	52	22	51	70	90	0	109	2	40	84	87	49	95	83	35	99	119	20	99	36	86	18	17	91	98	106	80	4	30	2	85	66	76	36	67	39	93	118	61	6	71	73	30	111	23	73	117	34	73	41	27	78	21	7	24	72	58	56	18	15	85	15	37	16	64	51	17	86	104	4	108	80	16	11	14	84	94	119	94	4	42	4	52	87	97	73	61	5	32	70	3	35	55	26	106	51	117	9	87	72	38	81	96	18	108	83	63	59	48	23	3	87	86	18	92	68	75	17	110	43	79	25	60	54	41	86	60	109	31	83	30	60	61	55	99	118	92	86	76	106	72	55	80	92	89	9	95	79	25	69	112	40	93	25	113	92	75	26	63	60	57	12	31	105	29	52	4	104	60	116	66	40	86	61	19	33	100	91	105	0	112	71	25	67	43	77	53	8	20	93	49	102	66	4	113	81	43	94	66	70	29	33	93	21	33	68	43	79	62	110	100	58	11	110	5	69	101	95	108	89	65	36	2	68	48	61	67	23	8	38	50	71	99	88	50	86	10	111	5	25	31	65	49	98	49	97	88	82	19	26	59	52	78	24	100	52	20	96	39	24	36	69	85	34	114	64	115	3	13	115	46	119	29	7	38	19	118	101	85	117	100	30	80	66	25	31	32	63	81	79	26	26	96	100	11	101	104	6	3	44	59	9	108	116	33	57	0	98	64	60	41	74	96	84	60	59	77	54	12	31	24	24	110	105	69	49	18	83	107	41	7	69	28	74	27	70	59	112	116	36	54	103	14	76	36	13	15	50	8	67	18	72	8	112	45	48	41	66	72	87	108	119	69	118	20	26	98	69	107	66	7	27	103	77	55	71	51	90	36	114	73	106	114	2	62	42	30	40	34	0	89	100	105	47	56	81	17	16	111	92	67	110	59	72	34	113	87	19	67	27	18	7	28	50	102	110	18	18	33	107	35	85	35	71	58	93	22	31	16	0	57	68	77	53	25	8	102	116	116	114	57	118	50	70	70	16	30	104	49	89	11	31	67	70	57	52	71	104	27	0	89	77	3	117	14	26	4	116	37	92	45	23	9	78	59	5	32	54	76	68	30	56	96	71	56	9	98	68	21	69	40	94	90	19	102	117	58	16	45	76	81	79	68	57	50	17	34	99	65	66	11	115	35	15	55	114	49	29	71	91	17	57	20	51	81	61	36	86	56	42	42	113	12	94	4	73	2	5	6	10	96	92	116	99	44	61	118	76	18	35	16	88	112	84	40	7	56	18	107	2	78	79	35	4	88	9	93	65	90	17	51	16	48	38	7	94	13	69	34	86	51	43	108	21	103	66	4	23	94	35	51	30	83	83	20	5	5	5	67	19	77	103	18	10	107	22	110	99	48	33	53	102	38	15	52	49	33	105	19	77	48	62	60	11	2	28	86	68	37	23	44	85	4	24	36	6	85	7	17	72	104	81	13	26	70	65	34	6	49	88	112	108	12	67	89	87	41	12	76	1	24	63	80	92	4	14	2	68	29	110	4	21	81	95	19	72	63	70	21	49	80	18	64	76	57	76	76	54	52	20	15	69	66	44	2	43	53	15	79	69	0	53	91	79	9	51	25	88	76	75	63	31	66	76	76	104	3	2	21	85	79	97	57	105	91	34	36	81	54	58	63	27	95	16	12	95	15	5	13	63	79	58	66	9	4	21	24	111	98	66	111	55	14	113	7	46	100	91	92	41	64	95	11	78	91	28	103	70	31	45	89	78	69	74	99	7	118	83	104	12	70	83	82	91	118	104	62	102	42	37	106	38	106	105	55	43	74	23	66	10	79	117	57	50	22	41	111	14	114	91	5	47	6	116	71	114	51	87	7	76	60	60	12	7	86	41	104	47	97	46	88	114	109	8	31	7	5	28	63	63	24	92	62	60	66	29	100	54	104	54	69	14	69	98	40	100	2	12	10	8	93	15	17	35	8	21	81	74	58	65	4	119	63	88	72	59	68	49	66	48	61	50	109	6	99	20	32	38	52	82	38	67	8	113	100	108	39	17	12	103	75	75	26	55	92	31	72	92	42	4	112	71	53	75	74	97	88	55	63	57	96	9	5	50	55	72	71	67	61	20	20	48	57	14	19	101	3	105	78	0	81	54	107	2	30	119	75	31	113	6	71	41	77	45	112	96	50	44	38	30	79	22	49	113	119	18	22	4	108	62	113	12	74	72	8	33	80	98	33	88	46	46	26	8	98	89	50	12	32	27	37	90	46	14	76	35	102	66	66	90	28	10	80	42	90	9	109	29	39	119	11	4	8	118	57	17	6	30	17	27	62	15	56	45	78	114	31	43	94	48	112	47	77	58	32	39	113	24	84	41	8	29	97	46	56	17	97	61	17	24	76	77	4	40	113	51	68	41	86	38	66	76	39	55	23	91	114	113	52	117	58	63	102	65	110	76	67	111	15	56	72	68	20	11	85	13	70	13	84	108	63	118	19	48	85	14	21	54	96	30	66	115	41	6	55	84	117	104	58	30	39	86	52	57	13	62	50	20	54	14	90	77	111	89	16	50	42	115	79	107	100	5	38	57	118	69	9	109	68	0	14	48	110	103	2	60	71	42	75	20	111	83	64	84	21	106	81	63	68	100	38	116	21	75	36	113	10	19	38	23	5	118	76	75	65	39	100	76	48	19	30	53	11	44	113	83	34	56	67	60	113	27	112	67	42	112	12	80	37	51	84	57	42	23	22	86	108	4	18	17	59	105	66	0	27	90	73	115	42	78	10	105	88	36	114	94	92	58	102	52	32	41	79	47	68	96	83	84	8	10	92	11	11	98	106	45	62	28	108	1	91	115	75	117	95	39	13	48	45	2	84	63	76	9	66	36	31	50	116	69	78	43	14	112	31	83	68	113	64	109	64	66	80	16	87	106	77	7	90	30	85	108	103	22	61	30	87	18	15	5	86	76	3	23	114	104	104	3	37	62	10	96	95	111	103	19	48	43	39	59	4	68	101	15	24	118	19	28	66	48	2	72	5	84	86	111	62	94	95	92	115	27	88	61	72	62	29	114	3	112	6	99	49	85	23	103	83	81	91	108	25	91	108	89	54	18	77	55	106	66	78	68	77	106	17	76	85	53	36	82	61	108	4	93	30	109	36	56	48	12	104	10	23	83	6	118	35	32	75	5	82	45	24	81	89	50	87	28	0	99	50	96	69	44	94	43	85	75	16	67	24	71	43	70	27	73	118	84	119	85	87	37	118	38	110	56	47	93	11	106	80	37	38	105	116	70	71	13	111	8	90	78	6	96	68	90	59	34	50	106	6	62	16	58	65	11	32	65	22	56	112	60	67	33	9	103	101	97	74	73	95	30	58	25	96	57	33	61	64	55	77	104	83	60	85	107	30	2	86	52	42	72	60	18	0	64	55	70	55	99	9	26	89	112	52	85	27	45	97	5	107	1	119	103	50	40	56	1	7	99	28	115	86	34	101	118	118	98	103	10	19	63	108	100	34	89	35	112	32	11	17	55	7	98	30	37	54	23	69	112	50	39	44	79	96	11	70	46	23	60	59	44	4	117	72	62	91	76	107	80	98	30	39	87	85	32	83	49	20	114	70	4	64	85	116	118	60	104	45	27	77	29	36	113	13	61	20	75	8	65	107	42	4	6	116	22	78	79	12	3	100	113	84	42	69	85	100	111	78	13	91	59	64	61	66	6	113	97	102	63	50	6	67	96	22	36	0	40	112	95	9	11	76	37	17	71	101	117	56	1	36	57	104	16	117	96	76	85	52	6	73	89	77	65	76	72	58	33	3	63	24	49	35	8	103	13	15	101	105	88	72	59	116	117	84	114	18	113	54	53	50	62	119	36	75	49	16	0	87	76	84	6	84	56	15	30	47	49	14	40	110	55	4	119	0	72	60	17	69	29	22	77	37	46	22	60	22	101	46	19	37	17	79	76	15	19	84	50	1	92	95	65	18	119	27	18	29	103	22	102	16	23	9	21	87	39	76	54	108	82	66	68	29	88	89	37	93	90	37	6	60	115	102	2	83	43	106	25	73	86	116	77	115	17	24	86	61	11	112	91	25	85	39	18	103	70	60	75	28	118	117	68	67	47	72	101	55	88	17	39	26	92	38	79	67	70	19	48	85	101	109	47	32	53	91	114	54	82	59	69	45	76	61	68	60	68	74	24	70	90	80	96	50	37	70	41	8	18	37	102	50	101	48	91	69	115	75	77	105	5	23	65	13	63	2	29	60	40	111	102	27	83	74	107	21	110	84	47	18	64	20	22	32	64	115	15	12	63	28	32	0	0	2	52	109	111	44	64	19	104	98	93	83	51	64	84	28	72	97	72	0	22	35	33	110	28	16	26	52	110	0	11	9	6	98	117	82	55	105	96	113	109	82	5	92	25	85	67	43	80	107	109	37	98	51	105	98	85	117	10	86	42	43	86	39	73	99	18	111	97	13	38	50	106	90	52	2	19	53	27	103	96	55	79	116	69	76	22	46	71	42	68	44	12	19	18	114	46	39	81	84	118	15	85	105	98	12	33	98	58	33	94	107	84	104	92	36	49	108	105	105	54	92	34	27	88	80	83	27	117	46	97	85	33	12	65	70	70	102	47	26	20	65	57	51	43	60	16	22	108	110	77	18	85	40	88	67	80	70	71	61	65	26	118	64	62	45	8	9	0	81	89	9	78	106	30	103	109	60	3	89	1	64	73	6	7	31	20	111	103	30	33	92	119	59	16	110	107	42	76	54	39	18	58	7	91	19	70	19	18	22	85	45	119	17	109	3	98	34	17	16	109	90	110	41	116	15	3	24	26	31	15	63	42	85	114	101	105	79	38	76	19	107	16	106	100	82	76	32	77	72	29	30	28	115	90	75	35	78	55	63	28	60	106	118	44	74	29	107	29	91	25	35	100	56	60	14	109	34	1	26	1	39	11	91	82	75	95	42	28	39	110	84	81	118	36	99	58	95	0	105	32	19	45	47	49	86	44	70	88	42	59	13	84	73	5	70	31	43	34	71	19	27	76	100	4	58	74	58	119	50	22	36	84	99	92	111	89	79	50	94	115	74	61	67	46	10	116	30	7	110	58	46	33	56	56	118	23	64	26	58	90	14	103	13	2	84	28	61	62	110	89	49	28	97	115	84	20	2	18	40	4	65	70	57	4	71	97	94	77	12	24	11	37	65	32	4	10	70	81	36	105	1	23	65	48	22	65	106	57	100	44	102	84	109	27	19	11	95	41	38	103	17	116	6	114	49	114	11	81	44	17	23	5	83	18	58	81	11	84	54	48	14	85	47	66	29	97	112	53	91	46	51	36	79	41	62	110	65	79	117	62	117	65	65	30	18	80	66	28	73	11	54	21	71	10	3	104	57	39	91	52	109	98	24	36	7	40	26	16	18	77	11	88	76	41	23	13	1	118	88	82	43	6	85	14	103	72	19	22	118	58	42	96	118	106	116	20	46	107	4	31	6	8	23	91	68	87	92	71	22	17	79	119	57	80	98	72	42	24	46	0	103	44	36	76	28	18	119	92	70	118	102	25	31	29	46	42	38	69	16	22	13	13	65	115	66	92	77	99	13	85	50	13	4	24	90	82	81	84	75	73	108	17	15	69	8	83	27	68	83	85	24	25	94	21	45	107	7	56	109	75	10	45	47	75	105	91	9	9	33	10	20	48	15	5	87	34	81	69	65	78	103	83	88	52	19	56	33	14	61	63	90	96	64	12	11	55	68	71	57	89	30	95	13	53	44	11	26	57	85	112	69	81	75	82	116	12	62	40	44	64	48	27	2	29	61	16	89	82	8	49	101	74	3	35	104	52	22	12	38	86	17	72	38	75	88	108	15	53	37	90	88	92	19	111	53	113	92	71	73	54	6	5	79	86	101	1	54	17	19	98	21	52	68	46	119	101	44	106	73	63	95	78	16	23	17	15	82	92	40	17	103	41	108	25	107	26	83	65	58	22	22	39	93	1	23	72	91	90	93	111	100	114	80	51	66	50	25	51	89	0	112	89	2	36	83	14	18	18	90	59	1	4	100	72	73	98	43	15	76	61	52	14	58	71	56	6	119	113	117	76	68	119	34	67	89	36	55	91	86	46	95	3	78	92	45	115	90	8	71	113	52	117	87	26	50	96	33	48	52	115	51	80	25	22	31	64	57	86	1	57	35	9	70	118	69	84	42	25	119	6	85	40	94	2	53	17	76	78	29	12	19	30	28	10	71	72	33	5	83	32	15	110	53	115	31	33	75	76	79	43	12	26	64	104	88	98	94	101	60	43	19	38	31	57	71	2	56	105	28	44	36	42	74	54	93	1	4	118	1	38	119	67	24	67	85	52	69	108	36	117	100	52	75	6	60	85	64	98	35	25	75	17	27	103	63	34	33	21	118	65	2	90	58	88	76	45	30	81	107	19	102	14	28	61	15	44	6	12	82	43	95	11	93	43	1	29	98	84	3	23	105	100	28	70	64	98	37	8	23	96	72	57	92	52	85	85	105	45	86	81	103	112	3	16	35	65	27	0	12	71	75	69	19	70	116	103	82	12	65	85	67	35	55	43	64	115	119	100	34	111	91	37	10	64	38	51	78	2	89	72	89	16	102	24	112	74	98	92	44	111	19	57	13	0	59	85	70	56	64	50	115	101	23	59	69	64	50	67	42	49	3	2	93	90	104	57	118	100	5	98	95	47	2	4	74	51	35	5	10	24	10	38	57	70	50	108	14	44	5	0	41	107	50	42	45	92	52	33	42	35	16	97	40	3	30	35	96	86	77	11	107	83	9	116	44	99	7	61	85	112	20	9	32	14	96	42	33	4	57	93	11	110	74	0	48	68	118	10	15	36	63	90	31	64	14	104	23	56	0	48	103	45	104	92	10	20	55	34	62	15	115	0	74	29	16	43	18	2	76	40	116	12	79	82	14	102	50	50	97	33	107	52	77	82	109	59	55	46	1	100	89	95	37	106	58	116	79	102	108	72	30	86	9	65	64	100	40	25	55	8	14	57	66	15	85	49	98	88	47	86	118	93	76	8	56	109	57	71	86	104	81	58	84	14	59	32	81	16	79	61	68	0	63	37	53	19	43	46	28	59	62	58	117	103	102	93	116	27	41	11	107	35	88	57	35	31	30	97	28	97	90	21	110	96	96	4	25	57	2	87	118	119	39	100	31	60	100	29	80	12	105	95	88	43	10	79	106	38	21	9	93	51	71	0	77	114	45	54	101	11	4	108	72	46	42	98	17	108	11	83	87	63	100	52	74	51	32	116	83	41	5	52	107	93	38	17	76	43	76	
101	70	82	5	115	41	115	0	59	27	29	72	17	32	67	66	115	47	116	44	78	52	109	11	39	20	49	91	11	91	103	34	78	56	59	116	14	15	34	103	48	109	34	103	0	118	63	9	45	113	38	44	114	74	91	41	75	97	89	89	31	22	42	30	44	109	81	105	42	77	6	90	116	9	10	26	33	8	110	91	3	116	44	45	90	47	11	73	64	96	54	82	70	25	109	62	37	67	10	8	5	88	100	33	64	87	46	17	23	98	56	25	74	66	67	19	51	8	80	55	107	116	113	15	35	81	45	99	3	55	15	53	61	63	80	85	89	33	95	60	114	16	102	12	119	20	87	14	65	85	26	98	107	86	112	105	52	118	59	13	78	8	74	118	1	67	40	6	71	9	5	21	89	60	74	45	48	19	72	14	20	80	41	49	79	52	5	112	18	64	101	20	30	93	10	52	75	12	45	28	35	70	80	11	86	36	51	114	103	111	103	11	69	48	85	38	41	64	102	20	78	79	12	51	63	65	44	78	75	38	34	69	54	25	65	30	15	89	104	102	10	58	100	41	83	73	112	101	96	59	108	102	63	21	50	10	67	45	105	94	26	70	93	7	89	31	60	33	13	4	106	34	50	49	109	46	103	78	33	51	119	5	3	30	89	84	9	19	72	41	119	112	66	71	82	10	84	85	88	77	83	55	37	103	60	50	79	76	4	91	74	26	71	104	59	6	108	100	72	5	22	46	101	35	7	72	42	33	31	59	90	63	8	25	69	81	107	19	114	80	50	92	114	14	101	18	64	74	93	105	107	39	25	13	39	52	57	49	19	51	104	118	29	25	51	24	73	83	87	101	4	85	57	88	108	45	22	64	70	104	108	17	30	3	40	2	108	117	21	111	65	103	52	19	94	92	40	80	67	22	41	117	17	38	71	53	34	21	77	41	70	91	106	104	15	9	49	60	30	50	65	87	10	37	60	81	6	100	108	99	99	56	48	47	65	57	66	36	90	9	27	37	94	33	12	26	94	25	94	12	84	20	82	5	72	88	57	92	84	17	116	28	64	110	44	45	118	65	50	64	62	11	39	15	42	84	11	73	26	78	81	57	15	34	105	71	107	33	67	4	71	107	114	58	59	98	77	48	48	53	83	15	51	83	46	83	38	114	25	34	99	16	98	58	24	80	116	104	73	103	14	111	92	92	12	87	46	99	74	34	11	9	112	55	89	58	56	34	37	100	72	1	35	109	118	32	65	104	53	4	84	91	52	11	112	51	95	74	75	117	19	116	98	53	109	40	105	42	59	115	38	39	24	40	21	115	99	47	92	1	16	42	32	55	67	32	45	106	3	78	1	23	29	7	73	3	52	106	25	99	23	92	87	115	105	41	96	82	9	110	24	83	91	113	77	68	44	25	45	41	114	99	96	104	59	103	65	35	81	32	24	1	13	93	71	13	105	40	69	16	110	10	36	65	100	60	21	75	29	62	91	10	6	89	39	99	90	117	45	2	45	111	96	12	116	65	70	23	68	50	28	22	42	87	79	39	118	55	51	111	37	48	47	28	21	106	16	101	53	77	70	84	64	32	99	24	70	57	59	16	34	74	45	105	59	87	50	49	72	70	28	96	94	106	69	24	43	1	3	37	16	67	52	72	24	76	79	77	107	62	49	84	72	87	27	94	93	110	52	112	24	27	64	110	43	1	70	42	119	44	19	28	97	75	60	71	77	42	31	40	100	106	85	31	23	26	38	88	92	29	75	15	53	44	4	111	112	30	36	75	65	12	26	35	113	110	108	87	42	63	34	22	12	85	45	115	68	115	73	21	92	119	38	118	99	37	100	100	111	79	10	66	70	85	18	8	49	74	50	90	35	27	35	53	109	84	77	42	45	36	93	14	22	98	43	8	104	22	23	32	29	45	11	14	85	95	74	98	85	89	40	94	112	119	97	25	46	73	48	91	101	102	20	76	81	89	25	94	62	83	109	29	105	4	80	32	26	5	112	11	114	18	119	71	13	27	85	79	24	21	111	55	110	24	46	27	114	32	16	27	92	107	48	83	49	98	48	18	42	60	49	11	33	61	116	34	20	28	83	3	63	58	10	37	115	12	116	11	98	20	88	78	112	25	32	46	101	99	119	88	94	103	69	62	68	85	110	12	91	43	39	96	63	47	44	24	66	4	70	101	107	44	99	35	99	107	54	97	115	109	60	93	32	104	2	12	88	48	116	42	31	93	15	72	7	67	43	34	17	24	39	91	79	109	7	56	72	115	10	74	85	96	31	95	96	77	109	97	16	66	114	38	90	98	36	72	23	62	116	115	115	94	71	94	80	113	86	55	15	78	12	8	8	81	113	56	90	34	55	55	13	17	57	3	6	18	59	96	75	74	109	63	49	7	90	86	23	16	67	57	58	70	3	9	84	35	97	64	4	115	86	2	113	63	27	107	55	75	98	5	40	79	40	33	34	72	19	3	97	19	23	39	21	105	90	98	117	18	66	65	43	81	44	57	38	105	64	21	43	106	73	59	50	18	112	99	101	42	83	80	75	50	75	29	31	64	67	3	65	27	79	57	80	8	75	115	39	113	103	108	34	98	9	47	79	70	5	94	90	106	88	92	30	71	92	71	8	38	59	4	4	119	87	39	23	114	4	111	104	12	61	12	19	76	8	49	88	25	82	8	73	49	2	94	50	58	81	41	57	12	16	29	39	16	114	64	72	14	57	43	85	91	61	112	92	86	49	97	49	62	108	11	93	65	58	28	94	76	70	57	9	39	84	6	73	55	34	113	25	110	75	59	81	59	107	45	50	108	52	58	54	72	14	84	41	23	115	65	28	49	37	51	1	35	51	47	3	105	86	90	3	33	41	19	39	84	37	2	20	108	62	20	109	87	101	82	80	24	30	68	32	66	79	117	65	77	54	101	84	27	115	11	72	92	67	26	73	79	95	61	44	76	74	89	0	67	102	55	108	53	35	33	71	96	28	99	14	82	105	92	76	97	83	104	85	16	34	115	32	24	77	118	57	6	0	15	61	78	83	117	82	97	93	104	25	111	108	111	50	104	86	5	92	100	16	27	61	6	104	49	63	47	39	11	87	58	23	12	65	90	104	86	79	31	105	119	34	8	103	74	23	59	25	37	94	62	36	6	40	57	86	20	15	36	30	101	66	101	100	65	31	28	4	66	43	115	65	56	17	13	20	14	26	63	77	1	68	18	96	87	96	39	109	33	15	116	33	110	72	22	35	3	42	22	51	43	51	48	97	64	52	101	29	58	86	69	49	45	17	48	44	105	31	118	75	35	75	116	63	79	98	74	103	59	39	100	30	1	64	55	50	109	71	85	55	38	6	4	0	99	18	66	100	74	99	91	47	16	94	110	39	41	111	87	96	91	37	36	53	12	63	12	69	46	9	99	92	12	30	116	87	89	20	43	70	89	80	39	55	1	31	108	5	1	43	50	58	38	104	57	23	45	54	9	72	33	52	22	43	90	112	28	113	48	70	42	113	83	81	58	63	75	55	13	59	34	89	21	82	14	24	11	13	76	93	34	28	32	60	115	17	11	43	37	99	56	59	24	40	24	104	68	108	26	87	42	71	45	33	98	78	109	116	92	67	13	108	57	88	99	15	95	42	56	70	42	10	79	53	72	72	92	99	62	74	74	62	61	73	27	104	92	5	36	26	55	65	85	17	1	90	58	73	2	91	0	43	4	82	105	6	37	94	28	83	42	70	105	72	117	26	115	11	67	0	89	79	77	39	3	103	39	39	63	92	112	40	67	49	118	110	83	106	101	35	90	19	58	97	14	114	115	116	3	20	68	41	96	62	43	106	0	67	102	72	83	89	77	77	56	53	85	102	10	41	75	0	63	43	70	118	63	100	90	3	37	89	104	39	14	59	80	75	113	20	48	39	1	105	46	38	15	50	117	20	100	15	26	80	27	8	26	30	9	9	10	99	24	1	26	44	44	82	117	119	117	101	22	7	15	57	77	63	48	62	36	97	119	67	23	109	110	101	17	113	84	70	24	57	69	26	91	8	0	23	110	74	89	25	80	100	22	69	56	111	7	104	16	107	85	91	32	96	68	36	52	65	17	24	56	53	79	19	85	59	19	0	73	81	1	95	22	110	29	86	17	3	24	22	116	99	116	72	7	117	7	13	30	31	35	48	99	94	36	11	24	43	66	9	17	110	98	110	66	106	33	7	41	33	69	50	30	11	95	119	66	60	75	114	102	18	43	18	81	94	64	41	87	105	74	80	78	63	7	96	79	41	20	40	54	37	100	118	21	26	76	21	100	80	105	55	118	53	110	49	80	68	101	8	107	58	92	103	30	72	95	35	31	3	13	62	32	37	113	86	101	79	25	71	115	16	70	58	29	17	35	93	31	13	26	18	8	103	88	103	24	63	3	33	114	11	101	81	13	34	40	34	1	76	111	113	2	117	2	3	21	51	30	53	22	83	77	73	71	21	16	32	23	51	66	69	38	20	42	27	16	84	3	70	7	89	62	26	46	24	66	72	111	56	105	31	15	75	116	79	117	19	22	110	2	108	51	20	79	28	30	118	59	88	70	108	108	89	70	0	44	1	44	89	61	83	88	24	64	94	92	98	55	11	34	10	13	24	85	18	71	52	109	80	21	29	42	46	3	82	109	21	19	68	28	82	11	59	32	62	43	53	85	58	1	75	81	80	35	44	56	7	107	38	2	20	110	70	97	18	94	97	67	72	83	60	2	81	25	24	4	36	65	30	67	19	34	67	56	43	53	86	116	23	92	0	16	87	104	41	87	2	58	74	26	89	81	88	114	102	45	46	70	22	29	47	86	46	100	0	91	3	64	98	111	107	19	39	22	105	54	40	91	84	10	102	106	17	6	63	107	42	27	61	112	88	64	108	49	72	0	90	88	77	103	33	21	41	44	100	36	36	81	79	116	79	13	2	81	10	104	67	1	48	72	31	76	80	44	8	10	85	82	39	101	100	67	29	1	59	68	53	36	53	116	53	62	48	64	59	89	94	49	60	77	60	94	81	33	56	1	111	106	82	61	21	37	14	38	75	34	101	64	62	61	9	115	103	50	54	28	47	53	96	59	3	88	52	51	76	47	7	34	62	46	102	52	59	3	85	2	11	11	76	9	98	25	98	59	97	112	37	46	57	25	112	72	22	104	15	46	105	65	64	49	23	108	41	22	102	100	77	40	44	40	36	101	9	92	66	14	51	73	61	58	107	61	14	94	101	37	98	71	91	60	18	103	15	108	8	77	91	24	27	1	7	97	109	63	91	29	29	83	16	67	69	8	49	45	102	76	43	85	30	117	2	110	59	68	2	112	14	94	64	48	92	3	90	57	84	36	115	8	71	13	67	8	12	2	1	6	78	4	3	61	82	103	2	102	48	78	109	64	115	35	69	69	32	83	29	102	27	41	82	92	55	104	10	2	63	104	101	67	112	62	115	87	107	8	103	63	1	84	27	53	62	98	38	69	108	58	56	117	55	45	76	46	82	79	47	57	61	56	35	91	25	25	35	92	7	7	52	65	37	4	40	92	15	31	75	79	114	67	30	69	67	5	114	76	23	18	4	49	69	32	106	113	32	67	48	61	114	85	115	11	68	88	43	47	116	48	12	70	84	57	28	4	109	92	75	109	105	49	78	46	83	53	90	93	29	72	72	82	111	81	104	113	106	4	26	72	15	3	111	10	10	99	118	0	38	72	100	68	50	54	8	51	58	80	116	46	72	114	12	114	107	53	63	58	87	28	11	28	105	25	3	32	69	105	75	112	84	51	14	6	38	104	82	58	94	81	19	100	98	51	101	95	102	26	19	110	85	103	17	100	108	50	38	33	16	56	5	106	80	93	11	63	77	1	39	5	69	7	14	116	83	18	43	60	13	48	33	67	38	51	118	48	47	10	40	89	81	18	15	101	25	65	66	116	109	6	41	64	92	97	4	105	43	40	71	84	12	63	13	14	53	112	99	100	11	25	72	35	44	115	22	9	44	58	93	44	27	58	75	84	110	97	11	9	100	16	25	119	31	114	42	65	4	15	97	81	73	19	89	56	64	109	64	81	59	73	106	105	54	103	39	75	83	20	91	59	109	43	85	92	2	83	84	116	67	37	31	114	92	79	26	119	102	70	53	66	28	87	104	52	106	72	92	9	99	66	46	82	115	83	97	69	115	70	66	85	9	47	99	74	73	10	46	19	23	75	43	119	81	92	57	104	119	112	33	81	13	72	98	114	90	54	109	21	44	8	73	56	10	93	55	59	76	64	75	22	93	33	47	22	32	54	92	36	14	11	79	110	107	115	38	70	42	47	76	109	18	95	76	93	7	119	110	66	1	36	71	54	113	67	54	86	14	86	64	69	110	119	82	117	36	111	102	65	76	111	53	109	91	115	76	106	114	7	89	98	2	78	21	25	46	17	3	61	31	65	75	9	53	43	36	80	114	118	63	64	104	111	86	103	28	65	23	110	33	20	101	109	14	10	61	99	59	35	32	39	57	28	63	47	91	6	102	89	56	86	82	104	18	6	0	30	43	16	61	31	115	108	112	34	109	117	18	46	52	90	88	7	39	96	48	118	72	58	90	60	38	10	89	36	9	79	76	45	80	40	6	65	110	25	13	72	43	8	92	8	52	13	92	101	102	23	62	117	88	89	93	24	56	95	83	40	70	28	107	95	60	80	49	58	30	20	100	90	96	105	19	52	89	74	82	70	100	78	39	29	15	73	54	102	24	81	37	117	106	89	96	111	115	15	59	96	73	102	44	93	18	50	48	111	19	64	2	111	7	83	78	2	88	54	26	38	28	61	1	18	54	83	42	87	42	31	43	78	47	59	37	40	91	1	56	73	81	70	31	33	53	113	58	86	38	16	37	112	14	50	37	1	70	38	54	92	64	60	66	43	73	37	87	100	92	21	26	40	82	54	109	2	62	12	7	71	19	17	64	113	5	47	44	85	115	85	86	61	56	43	14	85	20	10	87	77	115	109	114	110	48	23	48	19	72	68	56	27	47	90	118	98	114	69	52	112	27	75	106	29	85	26	94	62	46	12	105	34	75	114	56	110	6	78	74	52	69	84	87	88	24	25	39	61	4	67	33	24	67	80	74	59	2	24	39	90	100	55	94	40	28	76	14	117	6	112	88	48	0	10	73	53	107	100	68	92	81	22	92	112	81	34	115	81	40	27	3	95	107	92	34	71	79	105	85	14	18	88	86	18	16	5	44	41	57	81	52	25	28	28	117	111	70	114	48	38	31	51	68	16	49	50	51	6	18	28	30	11	113	79	45	8	94	14	45	81	89	52	57	45	112	9	10	40	23	8	96	83	95	119	93	0	58	1	76	97	12	106	79	5	87	79	46	66	81	6	34	84	106	58	7	50	118	17	17	61	60	34	107	37	13	91	103	88	89	60	28	16	3	98	95	30	67	10	79	103	118	74	22	45	87	38	15	103	70	76	69	24	50	48	18	102	106	84	70	70	55	83	89	104	82	24	26	87	56	115	91	82	6	7	71	14	38	33	73	95	17	91	32	25	2	89	116	11	37	61	26	9	65	77	21	63	69	14	113	110	72	9	31	89	83	20	3	100	40	39	63	4	57	37	95	49	7	106	27	1	87	6	118	67	93	81	109	16	80	20	58	39	5	10	7	117	87	76	115	77	13	59	25	67	66	18	40	82	107	60	15	12	64	67	27	64	55	76	37	56	104	100	67	108	102	95	16	64	40	46	56	54	31	4	15	111	41	9	34	66	56	0	65	99	117	2	68	85	12	12	88	18	68	8	60	76	93	64	27	69	52	18	20	45	91	41	117	94	52	98	114	8	83	1	106	107	45	6	84	116	111	59	60	99	25	64	80	56	103	99	74	47	111	28	66	0	49	96	35	2	34	104	103	0	53	29	81	60	15	7	37	83	107	3	67	35	102	42	84	46	87	94	82	117	52	84	37	115	34	15	92	18	100	50	70	110	33	91	51	19	38	108	95	4	9	85	43	45	70	100	111	28	8	80	75	75	36	39	38	67	15	86	38	114	105	57	39	108	27	11	31	74	27	52	38	19	116	52	38	18	49	39	75	51	29	59	82	51	17	98	34	3	74	29	113	49	88	20	90	100	82	108	15	5	71	41	76	78	40	16	88	49	103	61	109	27	83	112	95	48	3	49	92	34	102	85	109	95	70	91	70	22	63	15	113	22	108	80	20	59	30	41	37	29	84	115	81	30	48	43	5	2	86	2	81	90	0	20	67	64	1	79	19	90	82	86	71	35	114	0	75	61	28	52	87	96	43	15	59	62	35	53	63	72	100	118	93	100	55	3	117	20	12	56	105	47	102	98	20	114	32	79	85	11	32	41	93	96	113	37	32	48	31	31	71	112	91	7	37	29	49	86	107	36	59	81	61	79	12	12	65	10	2	27	38	71	36	103	101	5	45	9	54	71	5	79	115	6	38	10	9	87	95	51	105	53	88	31	25	115	56	108	52	105	94	109	116	93	102	79	90	64	98	61	55	92	29	103	102	23	33	69	87	36	41	60	88	25	106	87	115	19	75	13	35	71	25	57	112	95	3	34	113	106	12	59	112	111	96	20	104	74	3	50	73	65	92	71	54	74	101	59	31	102	117	7	67	97	57	80	108	3	117	63	4	21	16	67	97	68	37	0	27	103	49	110	104	32	73	84	101	72	23	52	50	54	99	73	6	104	113	96	105	85	104	97	95	78	60	105	78	80	101	30	60	46	72	82	116	48	80	92	95	20	87	33	32	6	1	67	67	12	106	96	17	22	2	109	64	74	3	81	66	72	83	5	108	59	43	11	6	73	109	95	41	55	97	68	58	24	83	16	1	20	71	34	43	54	112	77	31	5	69	60	85	105	95	109	109	82	101	75	10	60	98	45	106	106	118	36	79	108	79	13	14	114	75	20	62	88	35	119	111	82	109	28	113	30	98	85	11	30	41	103	87	94	101	46	46	109	112	95	72	84	34	50	97	12	78	29	84	75	16	59	115	117	104	34	24	69	116	94	64	11	78	22	29	7	101	66	116	15	102	20	75	35	63	11	26	101	75	4	39	75	37	66	18	19	33	93	108	49	109	118	54	69	83	8	46	107	21	28	42	25	29	53	66	40	52	37	29	49	55	80	86	64	92	92	52	57	115	96	12	1	34	42	22	61	73	25	38	75	71	52	102	15	72	92	87	21	53	3	60	55	3	23	42	113	61	57	79	50	12	73	104	116	20	94	66	54	40	81	23	108	27	36	30	94	25	30	31	73	2	51	15	51	85	10	26	71	104	79	75	36	81	44	22	113	18	47	112	59	69	45	49	33	118	51	99	113	32	90	113	75	81	24	42	75	19	104	47	107	92	108	38	40	27	48	102	57	107	33	61	93	7	106	59	32	85	80	94	15	21	39	3	9	99	59	77	24	105	7	47	71	103	48	68	31	52	83	81	13	41	11	61	28	53	58	8	24	41	113	26	1	43	106	79	93	96	110	62	69	22	1	8	94	17	106	3	32	96	30	32	5	18	39	1	105	23	87	11	84	40	3	97	93	18	105	98	85	35	9	62	61	53	49	15	7	76	6	87	107	22	55	62	111	31	62	30	59	68	97	77	86	35	29	105	20	8	87	61	114	48	83	39	107	50	52	96	86	63	111	49	43	40	2	75	89	11	54	66	30	103	42	42	41	72	16	94	116	117	57	39	64	61	27	118	60	11	52	34	61	35	116	71	43	26	99	56	54	95	90	104	73	48	60	117	37	25	102	33	67	97	8	77	91	33	91	39	107	85	3	80	27	90	60	48	87	0	10	79	49	104	37	11	36	68	53	101	107	32	65	117	0	88	79	30	58	119	51	68	87	51	12	80	13	8	78	28	75	112	118	96	40	57	48	36	90	112	90	92	19	73	102	58	15	27	116	31	66	112	67	25	34	86	72	46	103	62	95	7	96	109	19	6	59	80	23	3	89	92	75	62	87	71	10	46	88	118	34	32	42	15	101	36	69	51	1	13	91	43	67	30	39	118	60	19	76	117	44	92	85	32	29	98	68	97	118	28	2	5	6	48	96	91	46	27	89	72	32	56	54	100	7	21	91	106	82	89	16	98	27	91	90	91	100	9	57	72	109	60	82	0	116	12	18	63	2	73	112	90	114	28	80	95	88	2	31	103	110	48	11	107	59	42	104	49	57	33	1	47	103	11	114	104	1	99	92	58	57	67	74	12	32	78	82	65	40	4	110	98	99	49	27	51	106	66	80	104	109	50	80	81	68	98	73	30	17	27	32	37	119	31	74	106	83	117	77	3	12	35	60	98	98	70	62	85	26	74	19	94	102	17	79	112	11	64	13	93	10	87	92	118	86	92	78	3	108	61	3	95	82	63	59	79	67	108	61	51	61	47	91	19	8	25	52	67	0	109	5	105	115	34	21	91	42	103	110	108	31	10	77	115	80	26	46	46	102	106	69	78	14	96	50	116	55	88	22	67	108	93	100	23	87	94	53	27	118	58	83	18	44	51	83	57	66	90	39	43	35	53	111	87	84	119	1	108	112	92	111	92	84	2	79	111	35	61	57	29	13	107	93	13	72	29	34	35	60	6	115	13	114	38	63	85	9	72	87	33	119	39	113	54	57	68	26	23	78	6	109	53	101	112	105	81	64	97	27	28	49	76	110	93	63	15	103	55	79	45	24	11	2	56	88	108	7	80	81	20	42	35	93	27	92	14	2	110	17	58	1	111	86	74	27	51	77	14	19	53	34	94	106	35	30	107	79	63	18	94	93	17	14	119	84	2	51	64	53	116	4	74	15	46	64	78	48	102	86	29	42	16	35	29	52	51	31	71	92	15	111	47	84	52	105	98	19	113	3	64	62	93	94	37	91	41	96	88	47	67	61	67	38	77	54	32	86	119	91	89	55	20	52	6	32	67	44	95	117	111	19	69	59	9	14	89	49	19	34	47	2	20	44	4	40	101	103	63	100	45	79	62	82	101	98	48	98	95	89	22	112	46	40	58	71	30	67	7	111	49	60	71	110	112	20	29	61	56	104	18	24	63	35	105	94	119	53	71	24	87	103	20	56	103	14	105	89	74	57	83	118	82	26	88	75	7	36	40	41	62	4	59	1	49	32	54	74	83	25	36	83	23	35	31	32	76	48	47	1	4	6	74	73	94	62	74	82	17	59	46	54	35	37	35	24	59	17	97	40	1	21	50	93	45	30	117	79	76	11	62	79	78	29	29	26	118	84	68	46	49	115	78	102	4	76	73	13	118	101	78	100	84	71	118	53	0	13	110	67	93	29	65	42	103	57	99	71	58	95	68	62	98	0	15	39	65	118	15	24	34	99	73	13	100	93	110	94	23	71	104	11	67	91	59	115	36	17	43	103	57	69	13	35	79	6	111	108	78	87	98	70	119	39	65	70	2	22	25	107	107	106	59	102	54	32	22	76	5	7	19	84	110	104	61	104	101	79	85	0	94	65	18	41	57	75	110	115	77	44	78	35	57	57	33	25	62	109	14	43	19	94	66	45	39	94	56	109	116	62	96	34	85	66	48	99	87	31	87	102	78	12	91	6	86	113	4	59	82	37	68	40	12	20	119	24	85	93	44	33	49	80	103	100	64	25	86	98	117	1	89	40	100	110	111	58	22	46	117	22	90	35	59	37	20	72	27	118	80	113	108	60	70	86	44	95	34	111	34	8	87	86	25	22	52	69	8	116	114	57	49	57	66	42	0	68	101	99	66	80	33	47	92	62	83	111	59	32	85	4	35	42	3	111	63	7	76	91	27	22	20	25	24	0	6	43	95	88	92	29	46	49	107	63	58	115	67	75	100	56	11	105	74	28	18	5	56	64	75	50	118	108	105	9	39	1	86	100	81	102	26	40	107	111	19	59	72	43	66	102	13	95	19	115	119	38	74	86	80	77	27	86	26	52	22	18	39	1	84	7	71	83	101	8	53	92	31	102	62	105	110	103	9	27	103	118	105	48	109	105	45	32	90	10	5	83	85	58	99	56	103	113	81	63	30	83	74	33	21	88	42	59	39	84	4	84	7	57	108	98	45	0	79	97	17	90	76	106	52	75	100	77	87	12	53	24	61	116	89	31	73	93	77	96	104	50	40	89	14	46	56	114	84	33	13	6	35	117	20	117	10	64	22	18	1	5	1	9	49	67	33	87	53	107	78	114	93	118	49	109	107	39	20	47	1	55	33	84	37	35	41	73	35	102	22	39	57	43	41	60	67	110	43	8	116	114	61	30	24	68	95	76	84	37	17	0	101	76	85	9	96	3	52	116	55	84	31	51	27	75	101	98	97	42	67	26	18	64	50	1	24	109	71	89	31	31	74	118	104	110	80	67	59	74	28	54	118	43	68	43	46	95	110	116	22	63	21	69	81	11	114	32	69	39	14	93	84	56	95	59	84	61	104	37	37	85	46	27	17	107	102	106	99	119	48	36	52	96	64	31	25	27	67	65	69	113	38	106	0	19	113	31	49	112	64	66	28	37	54	52	40	49	115	84	112	47	19	56	74	72	53	48	20	86	40	69	69	33	41	36	8	82	110	30	48	35	1	72	78	35	104	79	106	94	23	37	64	55	9	85	10	65	90	109	89	66	7	25	110	30	118	31	61	6	20	1	62	57	95	118	48	39	117	88	98	68	99	113	32	46	109	111	36	53	109	59	87	89	73	4	65	65	65	70	24	74	81	21	41	85	67	25	7	114	100	95	47	25	65	82	10	75	62	109	63	57	12	117	21	71	108	56	102	65	22	114	54	17	63	100	106	71	63	0	32	41	10	79	75	26	112	76	17	78	99	107	99	10	89	1	111	51	101	115	53	47	63	112	5	34	64	112	82	62	2	37	80	115	54	2	14	95	25	23	79	77	14	3	10	91	79	32	56	109	15	40	19	100	11	35	48	119	52	24	73	69	66	114	84	49	5	111	74	53	73	56	114	71	63	66	64	11	56	66	23	15	82	9	114	53	26	53	81	95	49	0	58	35	32	41	39	59	21	95	52	90	113	75	22	45	23	61	117	38	43	118	107	20	7	81	44	66	50	27	31	58	91	8	25	90	70	27	8	29	110	117	100	83	119	60	8	72	89	14	8	11	20	28	21	57	2	14	26	34	68	105	74	32	38	7	30	83	93	34	60	95	69	5	107	84	46	116	77	63	1	102	49	28	113	21	82	118	27	19	0	35	23	83	102	84	20	35	66	84	97	90	50	117	107	106	88	31	106	71	78	89	3	110	72	110	52	115	68	45	25	3	6	51	6	112	66	102	87	86	19	70	108	104	53	81	119	83	43	36	61	55	60	7	117	24	76	55	14	72	79	4	10	30	43	34	106	9	12	35	74	82	12	29	99	70	80	59	14	19	93	5	98	100	8	22	41	92	104	72	41	28	21	84	36	26	24	107	66	12	71	85	114	115	2	92	7	15	91	18	66	70	105	36	53	39	57	56	22	111	98	42	30	110	111	16	30	78	54	65	96	54	107	78	48	59	104	9	94	95	21	68	49	74	37	105	20	21	69	13	30	71	16	79	9	60	35	28	38	45	112	82	81	33	86	86	100	84	12	104	22	57	70	6	5	34	64	45	57	73	1	53	10	110	49	98	11	36	104	25	61	42	84	32	92	97	43	14	79	90	36	56	9	21	48	97	24	103	73	6	64	47	14	30	114	74	19	71	50	65	119	61	68	90	105	89	46	109	108	19	51	92	57	31	87	114	54	8	36	46	111	117	15	104	11	89	82	82	10	18	92	91	92	69	44	96	101	79	17	56	46	15	90	24	30	35	53	37	94	58	28	107	34	67	61	8	42	36	79	11	0	62	35	38	100	114	32	106	69	2	69	38	5	90	35	26	54	40	97	107	93	10	12	116	22	75	63	93	47	74	41	9	45	43	54	53	115	28	49	12	88	72	41	92	9	105	95	87	111	37	27	25	41	97	108	57	107	103	35	113	7	79	47	60	43	65	107	56	117	67	81	12	15	62	9	78	80	109	56	117	25	59	94	29	5	82	77	85	76	97	36	65	119	12	11	112	43	100	78	19	29	90	25	44	30	76	69	60	43	114	38	93	2	73	68	42	47	109	88	32	51	2	109	9	8	65	74	100	22	44	1	27	118	28	99	35	24	0	31	54	102	53	49	54	114	78	64	87	22	45	92	36	82	110	84	90	3	38	58	0	110	50	85	53	27	111	64	89	8	20	89	115	59	20	59	52	74	59	23	44	7	31	7	69	21	17	83	112	17	54	102	27	66	53	3	50	58	66	116	33	102	51	109	38	110	35	105	76	68	33	13	66	85	67	26	35	15	80	9	96	33	117	101	94	92	86	22	44	3	99	24	66	33	46	96	16	113	11	18	111	49	36	65	37	31	82	14	93	68	43	16	41	34	86	88	52	74	99	63	94	69	52	45	24	13	9	36	13	20	34	110	52	81	34	46	66	68	40	24	22	85	97	33	17	57	1	96	42	91	2	51	47	44	65	106	63	34	19	116	113	10	87	
3	6	12	11	6	5	13	1	15	19	9	2	4	9	17	7	6	8	18	5	1	8	13	17	6	11	19	5	7	5	17	13	13	9	20	14	19	14	1	13	17	14	13	16	17	17	17	18	6	5	17	2	1	19	4	17	13	17	6	13	12	17	13	13	9	10	2	1	18	15	13	15	8	7	3	15	19	12	13	2	13	19	12	2	7	9	17	15	5	6	6	19	1	1	2	6	4	17	8	1	18	13	4	18	1	20	15	17	5	20	2	11	20	2	6	6	11	19	13	10	10	16	6	17	8	10	4	3	3	13	15	6	3	16	8	9	18	2	12	20	16	18	5	9	12	19	6	15	12	7	10	19	1	3	4	4	3	20	3	14	12	19	7	3	8	8	1	10	1	14	7	12	8	16	20	4	1	12	3	5	10	4	3	8	16	7	15	1	15	3	7	5	17	9	8	10	7	9	20	16	9	2	18	12	13	8	9	4	7	15	12	5	18	1	10	6	16	20	11	2	5	19	16	14	8	20	4	16	4	8	18	8	13	4	7	9	5	13	15	15	9	12	20	16	15	19	10	13	2	2	3	15	13	7	20	18	20	10	5	5	8	20	8	3	1	15	1	2	14	18	14	7	11	1	3	18	1	2	10	18	18	4	4	18	13	19	13	1	8	13	19	10	4	13	18	18	15	7	8	20	4	17	5	4	2	2	11	2	13	2	19	4	10	6	17	3	5	8	7	16	5	8	9	20	10	18	9	15	5	17	20	5	9	16	12	1	4	16	6	8	5	2	12	4	7	11	13	13	15	4	16	1	14	17	5	17	19	7	4	10	3	3	7	7	6	7	2	8	3	16	14	11	17	19	16	1	14	20	14	5	14	10	8	14	3	4	15	12	6	10	4	13	1	19	3	16	9	5	1	13	20	3	12	6	13	8	13	7	2	7	16	6	11	3	14	4	3	4	16	6	6	3	12	20	20	14	15	15	12	20	8	6	5	20	19	4	9	1	10	7	13	6	12	19	18	7	17	14	5	17	19	4	19	2	6	12	17	5	16	20	19	9	12	8	12	1	14	11	19	8	8	11	6	14	5	8	2	20	2	12	16	7	11	8	5	13	5	20	10	17	2	10	16	14	10	7	3	20	6	7	6	5	14	15	14	2	1	11	4	12	6	14	20	6	1	11	11	18	16	10	19	16	20	8	19	18	14	2	7	4	15	1	9	16	7	10	12	3	5	2	8	17	20	3	15	8	10	20	20	16	8	12	14	11	7	10	10	17	11	1	16	20	10	4	17	13	6	18	18	4	6	7	17	7	3	4	18	6	20	6	11	19	4	14	11	19	14	9	2	2	13	13	10	14	11	1	18	19	9	7	14	19	19	13	3	18	20	10	15	2	7	9	2	20	2	18	17	4	19	9	17	9	4	20	19	14	8	11	10	7	5	16	16	20	16	16	14	18	9	8	5	10	9	1	10	2	14	11	14	18	5	8	17	6	14	19	7	5	2	20	18	14	4	19	17	18	9	10	11	2	15	6	11	8	14	12	5	15	18	19	13	2	7	12	4	9	2	14	13	16	1	11	3	8	5	10	12	3	11	10	1	3	10	8	16	1	9	1	9	14	3	4	3	16	12	2	8	16	14	15	11	10	15	14	6	14	13	16	14	10	8	15	11	8	5	16	3	6	3	14	5	7	11	12	14	3	7	12	5	4	2	13	9	8	11	10	14	8	16	16	16	5	11	5	14	6	15	7	1	3	7	11	9	11	9	5	15	7	14	11	11	2	7	10	4	2	4	14	5	5	12	14	4	6	8	3	4	11	11	3	7	6	11	5	6	2	16	5	11	12	9	6	7	16	11	10	1	3	3	12	5	15	8	9	14	5	4	7	10	15	12	15	6	13	3	11	7	11	2	3	6	3	6	1	14	10	4	11	12	10	3	15	7	9	13	1	8	12	8	16	2	16	6	8	6	8	13	5	12	1	8	1	15	4	10	12	7	15	6	16	3	7	7	11	13	7	6	1	15	9	10	7	9	10	14	9	1	7	9	4	15	5	8	7	9	2	5	11	7	6	5	5	6	15	13	15	9	2	2	9	2	5	10	2	14	3	2	4	13	12	5	8	11	9	2	15	10	4	9	14	16	10	1	6	8	10	7	8	10	1	12	14	11	15	2	3	9	4	12	12	14	10	1	10	6	1	3	15	7	4	15	4	10	8	10	6	12	1	4	12	16	14	15	13	7	5	1	8	9	10	16	9	9	8	10	3	15	3	16	5	1	1	10	4	4	1	13	7	6	13	3	4	5	8	4	11	2	5	12	11	5	6	7	16	1	13	14	13	11	9	11	1	8	6	3	9	2	9	7	10	13	14	2	2	4	9	4	6	16	9	16	15	10	2	1	12	5	10	7	5	2	16	7	10	12	2	11	16	9	15	6	4	6	10	4	8	10	16	9	5	1	16	5	12	10	15	12	7	12	8	8	4	16	9	15	5	14	15	9	16	12	15	11	9	14	14	2	16	2	13	13	4	13	6	15	4	8	1	8	3	14	12	12	5	16	4	12	8	16	14	6	2	9	5	5	9	5	13	5	11	11	2	8	9	9	11	15	3	1	8	13	14	1	8	2	13	16	10	16	2	7	16	13	7	11	6	14	8	6	14	3	3	1	13	5	8	3	15	14	8	12	15	7	9	3	9	14	1	15	14	16	3	9	6	16	16	1	3	13	5	5	16	15	6	8	14	10	7	9	14	8	10	3	8	8	2	2	10	4	16	12	4	16	4	13	1	5	11	11	10	5	9	15	9	6	6	16	5	15	9	7	1	6	7	11	14	1	1	1	5	8	10	12	5	4	12	7	1	13	14	2	15	14	4	3	7	2	8	8	15	15	11	8	11	15	2	2	10	16	3	16	7	5	12	11	1	15	3	16	16	13	6	14	13	11	14	6	4	1	11	13	11	13	11	11	11	13	10	2	12	1	1	5	16	10	3	4	14	1	7	14	13	8	4	3	5	14	13	14	5	9	7	9	1	2	1	13	6	2	13	14	13	8	5	6	16	16	1	8	16	5	7	10	15	13	4	14	5	14	16	16	7	5	4	8	16	15	11	15	2	10	6	3	5	8	3	11	14	10	7	12	1	14	10	4	5	13	16	14	13	10	12	2	9	10	9	5	10	4	5	11	10	7	9	16	14	2	12	4	14	16	5	16	14	15	7	3	5	9	12	13	6	4	5	9	6	1	2	15	8	7	1	11	6	5	16	13	13	12	4	7	10	3	3	16	14	8	1	7	12	3	15	12	1	16	15	14	6	10	14	3	14	8	15	11	14	11	5	4	6	10	12	6	15	11	14	6	11	14	10	9	10	13	2	2	7	6	8	16	2	1	8	4	9	5	5	9	7	6	5	14	13	9	2	16	14	4	16	1	4	12	7	1	14	6	16	15	11	3	1	12	3	12	2	14	11	4	2	5	12	1	15	10	10	10	6	6	2	2	3	8	8	8	10	16	3	16	3	10	1	8	15	13	16	4	6	7	13	15	3	2	10	12	7	8	11	11	16	3	7	4	4	10	2	3	3	7	12	13	1	8	1	13	12	12	9	14	7	1	11	8	16	4	15	16	1	4	4	5	7	12	1	1	12	12	1	10	1	15	1	3	10	2	16	11	15	11	9	12	5	15	11	13	7	8	5	4	4	7	4	8	7	15	8	6	9	10	8	4	14	15	12	14	2	13	5	3	12	7	6	15	3	8	7	12	11	1	4	5	5	6	6	6	1	13	6	4	7	11	4	5	12	5	4	10	11	16	5	4	2	11	1	14	3	16	16	3	3	7	15	10	6	3	5	4	15	2	13	5	6	4	14	11	7	16	14	10	16	14	8	3	11	9	9	8	3	1	14	12	4	8	5	13	13	11	4	9	11	11	7	11	16	8	15	15	16	6	6	3	15	14	4	7	11	8	12	2	10	2	8	4	1	3	8	5	13	16	3	11	12	8	8	13	8	16	14	12	16	13	16	14	13	1	10	10	5	10	15	10	7	12	12	1	8	14	8	10	4	13	10	3	13	4	6	9	16	8	2	14	3	7	5	14	7	12	2	10	7	4	3	11	1	3	9	2	11	12	7	13	1	12	12	13	8	2	12	13	9	15	6	7	11	13	11	5	2	12	7	9	12	7	13	1	7	4	5	11	8	3	2	2	3	16	13	7	9	6	14	1	1	5	16	10	14	4	9	2	12	14	5	11	13	3	7	1	15	8	14	4	4	15	1	11	14	1	5	7	5	9	13	4	10	3	11	5	13	1	16	14	11	16	8	7	10	11	4	16	15	9	12	1	15	13	8	7	8	13	2	11	14	7	1	1	7	4	3	12	2	6	1	2	12	8	16	2	8	1	2	10	1	1	11	4	1	10	2	10	7	15	14	9	1	14	5	15	10	4	4	3	6	11	5	10	15	4	9	13	9	12	4	5	12	8	13	3	1	16	6	6	6	10	12	9	6	13	4	7	4	6	6	7	3	12	13	14	12	4	4	6	15	15	8	1	8	10	7	6	14	2	1	5	1	9	12	2	4	8	5	3	3	13	1	15	11	1	10	12	15	8	9	13	5	4	13	3	7	11	9	2	6	6	1	12	1	14	13	2	6	16	1	14	1	16	11	10	3	16	5	7	2	6	15	8	3	14	16	2	5	9	4	7	5	10	13	3	4	10	10	1	16	13	12	4	10	10	1	3	1	6	12	7	4	16	13	12	10	8	14	9	2	6	3	14	13	3	10	4	8	11	14	7	8	7	3	11	3	2	13	6	3	15	16	7	5	5	9	6	12	9	8	5	15	10	8	3	5	8	10	5	9	3	15	11	5	15	11	7	8	10	11	15	8	1	6	10	9	2	7	11	7	6	12	11	10	13	6	11	12	8	2	5	9	12	3	1	12	11	8	16	3	8	15	10	4	11	12	12	14	14	5	10	9	2	2	11	7	9	11	1	3	3	8	11	12	12	15	15	13	10	15	1	8	13	14	7	14	15	9	14	12	8	15	2	16	13	2	13	4	14	9	10	3	3	5	7	7	2	3	15	2	3	10	10	15	11	11	13	11	13	8	3	5	11	11	10	2	2	10	6	2	8	10	6	12	2	11	8	13	16	14	3	14	13	7	3	9	8	16	5	16	12	4	14	8	15	8	12	9	3	11	2	16	1	8	6	14	7	4	4	4	8	11	2	11	11	4	8	3	13	16	12	3	1	16	11	10	6	10	9	10	16	12	16	16	10	3	3	12	5	8	3	11	4	8	11	7	5	10	5	9	6	11	3	16	14	11	5	2	9	14	8	8	16	15	3	13	15	5	1	9	2	1	7	3	1	6	2	4	4	11	6	16	14	16	14	6	4	9	15	10	12	14	16	16	16	7	6	6	4	5	5	2	14	9	4	1	11	2	13	14	11	15	1	7	11	15	1	12	4	2	7	14	8	16	9	15	11	7	4	15	3	8	7	8	15	11	13	5	9	7	7	9	12	16	12	13	6	15	12	16	6	13	9	10	2	10	6	15	14	6	3	11	10	1	3	2	14	15	10	9	14	12	10	9	11	5	13	9	16	8	4	14	6	16	5	13	8	15	4	14	11	14	10	9	8	1	13	16	14	2	9	8	4	1	10	5	5	7	12	13	1	1	3	15	6	11	8	15	15	14	14	13	5	10	9	9	8	7	7	12	16	8	8	1	6	16	2	13	1	15	9	5	2	14	1	12	13	15	16	9	4	3	3	11	4	13	14	15	15	4	13	13	6	3	16	5	12	10	10	14	6	2	4	3	4	4	6	16	14	13	9	13	14	1	16	7	15	4	5	1	13	7	14	14	9	1	10	8	13	2	14	16	12	14	1	3	9	15	2	13	12	4	5	12	4	5	9	13	6	4	11	5	10	5	2	4	6	6	13	4	16	10	4	1	6	14	14	16	13	6	5	12	3	11	12	15	12	16	7	3	6	7	15	9	12	12	7	1	4	9	2	7	13	4	9	16	6	15	7	7	5	2	16	15	2	14	11	15	6	3	12	7	9	1	15	15	11	8	11	6	8	7	15	9	6	16	8	9	16	14	15	2	5	5	3	6	13	4	15	10	11	15	5	7	2	15	15	14	9	8	4	13	2	13	14	8	6	16	12	4	12	2	10	14	7	10	8	6	1	5	13	3	9	14	13	8	15	5	13	12	9	6	14	3	1	4	9	6	1	9	13	8	5	1	3	3	10	13	6	7	11	1	5	3	7	12	13	14	12	15	14	4	12	15	16	1	15	14	12	15	14	15	6	4	12	8	7	4	13	9	16	5	1	12	2	6	16	5	2	3	2	8	3	1	7	8	2	7	5	7	2	5	14	3	14	8	8	14	9	10	1	3	12	7	13	2	13	16	4	13	2	9	12	2	8	7	10	6	2	2	12	12	10	7	14	2	14	1	16	12	1	13	1	9	7	2	5	6	7	11	11	7	9	4	15	13	5	12	15	11	2	1	13	2	5	11	1	5	7	13	11	1	9	12	12	15	6	15	13	11	2	5	6	4	15	13	3	11	8	1	13	7	10	14	5	1	4	11	9	12	5	5	2	9	6	7	15	4	8	1	8	9	3	7	16	14	9	14	14	11	1	1	4	9	8	10	3	12	10	8	1	8	13	16	1	9	15	14	14	14	2	11	11	13	13	7	13	15	8	7	14	9	2	15	13	4	11	6	5	2	13	11	1	11	9	8	16	16	15	10	10	7	13	2	8	8	3	4	11	4	7	8	9	13	6	12	3	6	2	1	4	4	8	4	12	16	12	15	6	4	12	14	4	10	3	1	12	13	7	15	2	6	4	7	12	2	8	1	14	1	11	9	11	5	16	13	12	16	5	6	4	6	8	4	4	15	16	10	7	9	11	15	3	15	8	3	1	16	16	8	14	3	10	3	10	8	13	6	5	11	16	1	13	9	2	7	9	2	3	15	11	7	3	3	14	6	11	13	14	5	4	8	4	14	13	1	12	5	2	11	9	3	16	1	10	16	8	10	10	3	6	3	4	16	11	11	5	9	13	15	3	3	5	5	11	11	6	3	15	15	1	10	10	11	4	5	15	1	11	16	10	7	13	13	13	2	12	8	10	4	10	14	12	8	8	15	4	6	13	9	3	13	14	15	9	15	1	5	14	16	6	10	10	6	4	2	7	11	12	5	2	9	8	3	7	3	14	14	11	10	3	5	2	8	6	7	16	11	14	12	11	4	11	16	4	12	3	10	1	8	1	10	2	15	11	6	10	5	10	7	8	5	5	16	14	8	4	10	7	1	13	14	4	16	1	14	9	1	9	7	6	9	14	15	7	9	11	11	13	10	3	10	16	16	1	5	11	8	5	16	2	4	3	4	15	16	16	5	9	5	3	7	6	15	13	8	10	3	5	6	3	7	5	3	1	14	9	8	11	4	3	10	15	9	1	13	8	14	14	16	8	16	5	15	1	13	10	6	3	13	1	2	7	10	1	9	4	3	2	1	3	16	10	15	6	15	5	14	9	13	8	8	12	15	5	6	1	14	16	12	1	13	12	13	11	10	15	12	3	10	7	9	2	10	16	3	1	6	4	12	2	4	4	15	5	1	12	2	4	14	7	13	9	15	15	3	14	6	14	11	12	13	6	4	14	16	13	11	15	8	3	9	6	2	8	3	4	10	6	5	12	3	2	11	16	9	12	10	12	2	12	6	1	12	14	10	8	16	12	8	12	9	8	10	2	1	7	13	10	2	12	3	4	9	6	16	12	10	10	12	1	15	9	15	2	6	6	7	11	6	11	2	1	8	13	12	13	15	5	13	5	8	1	5	14	10	1	15	4	4	5	2	6	5	8	10	12	8	10	12	4	3	5	15	16	5	15	1	13	12	1	16	8	12	3	13	13	11	7	12	5	4	9	16	15	14	10	9	9	11	2	15	16	1	8	9	4	1	9	11	12	6	12	4	6	6	15	3	9	11	3	10	8	2	2	16	9	15	14	1	14	5	10	5	6	9	7	15	11	7	12	1	2	14	8	15	12	16	16	10	6	15	7	8	9	2	13	2	7	5	6	13	16	2	7	1	8	4	6	14	6	16	1	2	10	8	16	2	11	13	12	13	8	12	15	3	8	7	13	2	1	13	5	10	7	13	16	6	1	11	13	5	10	12	14	16	9	4	2	15	10	15	5	16	7	10	5	13	13	16	11	12	5	15	10	1	5	4	7	16	12	10	12	13	15	15	15	3	15	16	9	15	3	6	7	8	5	6	13	16	11	14	6	15	16	7	5	3	6	4	4	13	4	2	14	10	15	5	1	15	7	15	1	2	16	16	6	7	3	5	11	9	5	10	12	4	13	3	4	16	6	9	6	3	11	13	14	8	4	6	14	16	12	14	7	9	15	16	2	3	9	8	15	7	14	5	15	5	6	9	2	2	15	15	14	14	11	13	2	10	11	7	16	16	3	4	5	2	5	7	11	13	11	2	2	4	12	3	15	12	1	7	1	9	3	12	13	3	4	5	14	13	14	15	15	11	7	11	2	16	7	10	5	2	15	9	15	6	9	4	6	7	2	9	1	10	6	2	10	5	2	5	9	1	10	2	1	16	4	3	10	6	5	8	1	10	14	6	12	8	1	16	16	8	11	5	12	10	15	4	8	2	11	9	12	7	16	10	6	7	15	10	6	9	1	7	3	12	13	4	15	15	14	8	11	13	3	16	1	2	7	6	6	6	12	4	8	16	11	1	3	14	14	3	16	3	11	4	13	10	6	2	16	3	14	11	2	2	10	14	7	8	9	14	12	6	2	5	8	3	5	2	4	3	7	15	15	7	15	9	15	13	14	9	13	16	11	6	12	1	15	5	7	2	12	8	6	9	4	12	4	14	9	6	12	6	3	8	6	13	14	9	14	14	16	1	6	10	16	11	7	1	12	7	6	16	12	11	15	13	14	1	14	13	14	11	14	11	3	2	10	7	8	11	3	5	7	2	14	7	11	12	5	8	15	16	11	9	8	13	6	5	3	10	6	1	12	12	1	6	5	11	7	16	1	5	8	12	2	8	10	7	11	7	14	9	8	8	1	7	12	1	14	11	9	8	1	12	6	9	6	3	9	6	15	2	13	7	3	3	13	5	4	3	10	14	5	14	5	15	15	9	2	11	15	5	13	13	2	13	1	10	10	10	6	12	13	5	15	10	12	12	13	16	7	13	6	9	4	7	10	14	5	1	10	15	7	12	5	7	16	2	12	5	13	5	10	10	3	15	7	14	12	4	2	16	3	12	5	14	8	9	4	12	4	4	8	9	14	11	6	1	2	1	6	10	1	2	14	5	5	14	8	3	6	12	13	11	2	13	4	6	3	13	5	8	7	6	3	3	1	12	15	13	14	11	3	7	3	7	13	11	16	6	7	7	5	7	14	14	11	5	6	4	7	14	4	8	13	16	3	8	9	2	15	16	8	4	3	14	13	1	16	15	10	12	7	6	9	15	2	6	2	2	8	12	1	6	10	8	13	10	5	15	7	15	11	1	6	4	13	9	8	5	12	3	10	3	5	1	1	14	5	1	7	14	10	3	3	13	6	6	8	12	7	5	5	11	4	9	14	9	13	1	15	3	16	12	7	4	9	12	6	11	10	6	15	4	9	15	13	13	14	16	1	4	2	8	8	11	9	14	1	7	5	12	4	14	1	9	4	16	12	11	9	13	15	13	1	5	9	8	1	1	14	10	6	10	12	4	2	14	2	4	6	6	8	4	10	8	14	5	9	8	9	5	1	2	4	16	13	12	10	1	12	4	8	11	3	14	11	14	11	1	15	11	14	4	11	3	3	5	3	8	11	2	8	7	1	13	3	2	12	3	5	16	14	4	10	1	12	12	13	15	3	11	8	1	7	4	11	12	1	9	12	6	13	7	12	11	15	13	12	12	14	16	16	12	10	14	12	3	6	7	9	11	16	6	10	13	1	13	6	3	15	10	11	1	10	2	8	15	15	16	8	15	14	5	8	1	15	14	7	5	14	4	7	14	13	16	5	14	11	12	6	15	15	7	14	8	6	15	2	1	5	13	14	5	12	7	4	7	10	7	15	7	7	11	11	16	9	6	6	5	2	14	9	11	13	16	7	12	7	6	2	15	10	12	16	12	16	9	6	12	4	5	6	14	7	4	15	16	6	14	16	10	9	12	13	4	5	5	8	5	6	2	11	15	4	14	3	9	7	1	10	6	6	5	2	9	6	8	3	1	7	2	13	1	6	2	4	10	13	11	16	8	8	3	7	8	16	13	3	6	12	16	9	10	16	6	2	5	12	12	15	6	7	15	14	13	4	15	10	9	16	13	10	16	6	2	6	14	14	12	1	2	14	15	8	13	9	5	14	13	6	4	14	6	8	7	7	6	16	2	13	15	15	11	14	1	10	13	6	5	8	10	2	11	11	15	4	9	15	11	5	10	5	4	10	1	16	1	3	9	1	2	10	14	5	16	4	2	6	6	6	8	13	7	9	4	15	11	15	9	2	2	8	5	3	13	10	11	4	3	11	12	1	2	16	10	12	13	5	12	5	12	14	11	13	8	5	16	12	1	6	12	13	6	16	15	7	2	2	9	14	4	14	15	11	6	1	2	7	11	8	3	5	10	8	12	13	13	8	3	2	13	2	15	11	5	5	4	10	6	4	9	16	16	7	1	1	2	14	1	13	4	6	4	12	5	7	7	3	1	2	5	11	4	11	9	5	1	15	10	13	2	13	9	12	16	6	6	15	10	9	2	1	6	2	1	1	9	3	2	7	15	9	9	16	1	5	14	5	9	8	4	3	15	9	15	8	16	8	10	2	15	8	12	12	16	15	12	4	15	6	9	1	15	15	13	14	14	8	10	16	4	15	1	11	11	9	13	13	2	11	5	13	5	11	8	9	10	16	15	11	16	7	7	13	9	14	5	15	2	4	6	1	15	2	6	2	9	14	12	13	3	6	15	12	1	13	11	5	15	1	16	13	16	11	16	14	6	6	9	13	4	1	15	11	6	7	2	6	10	2	2	16	7	12	14	7	16	6	8	1	16	5	16	2	14	4	8	12	5	14	2	5	1	13	11	8	9	3	15	7	12	6	6	1	11	5	7	3	4	10	13	8	2	12	13	6	3	16	6	3	1	9	6	16	4	13	9	12	1	14	1	3	9	15	13	13	14	13	6	14	13	16	3	15	16	9	1	11	5	13	10	5	6	4	11	1	12	12	14	1	10	9	10	6	14	12	6	13	4	6	5	2	16	12	16	3	8	1	14	4	8	5	5	13	15	14	11	15	6	1	6	12	5	9	10	12	13	2	11	11	7	4	14	15	13	16	14	14	13	13	11	8	8	6	1	10	3	10	2	13	11	5	8	5	14	5	14	11	14	8	5	5	9	14	3	7	1	3	14	6	14	12	14	12	1	6	2	6	10	8	2	8	4	15	13	1	14	2	13	3	11	14	7	5	15	5	2	15	14	16	15	10	15	5	10	13	3	1	4	12	4	6	16	13	12	1	2	16	16	1	10	11	7	3	10	8	15	6	5	2	12	6	12	3	11	5	14	4	9	5	3	5	10	5	9	15	14	3	9	13	9	8	9	8	14	9	3	7	1	12	4	14	15	10	15	14	4	8	11	10	14	14	6	14	14	14	14	12	2	10	8	8	3	14	11	16	2	5	11	12	3	2	3	9	2	8	5	6	5	14	1	2	8	2	7	4	5	16	4	1	13	16	13	5	6	2	15	2	14	1	14	2	8	14	10	1	15	10	6	8	2	12	14	1	6	5	3	9	14	10	9	11	3	4	16	4	12	12	3	12	3	2	9	10	6	4	12	12	4	8	16	6	8	4	2	5	5	3	4	3	4	13	4	7	16	3	7	10	7	11	7	11	6	10	10	11	14	11	3	1	12	12	1	3	5	9	8	2	10	1	14	14	4	7	8	16	13	2	8	12	16	2	12	2	1	12	9	4	15	13	14	8	1	4	9	12	13	4	11	11	14	5	12	3	8	4	10	16	15	13	1	14	5	10	2	1	13	15	14	15	6	3	16	16	3	6	8	6	4	6	15	7	9	9	12	2	2	14	2	11	16	7	10	15	3	10	2	7	6	14	15	5	9	6	12	3	8	14	6	7	6	4	11	3	15	3	6	13	7	3	16	6	7	7	9	11	16	3	10	6	16	10	3	15	16	9	15	14	9	16	14	2	1	16	9	12	5	12	11	11	13	14	14	15	13	14	2	5	6	13	2	15	15	1	9	16	13	14	3	13	7	10	7	1	15	2	8	9	16	14	5	13	4	2	3	8	15	11	13	11	7	5	8	1	5	16	14	5	4	6	10	16	13	16	15	10	3	11	5	13	8	5	1	4	3	15	9	14	16	9	3	11	9	12	1	1	9	6	6	3	4	1	10	10	3	13	15	15	11	16	2	14	12	7	14	5	5	7	13	1	9	2	3	16	10	10	13	4	8	10	5	2	10	11	8	12	7	5	7	14	12	14	12	5	12	6	12	6	4	16	9	11	5	1	16	4	11	6	14	16	6	8	10	4	10	8	16	6	9	10	14	11	14	11	1	7	13	5	14	13	12	15	3	6	16	6	2	4	5	4	5	16	11	11	3	7	13	8	10	1	13	8	3	5	6	4	6	16	10	4	11	5	11	2	8	16	2	2	7	5	9	14	4	4	2	1	14	11	2	15	16	11	16	10	16	7	15	2	9	4	5	2	3	16	15	1	12	11	7	3	15	13	3	11	10	15	10	1	14	7	6	8	1	14	12	6	2	3	15	9	10	7	10	4	3	1	13	3	15	4	15	16	16	10	2	12	4	13	4	11	8	9	6	2	2	16	6	9	9	6	1	8	14	5	15	6	4	1	5	16	7	1	3	14	11	12	12	4	14	1	10	11	4	6	9	15	5	7	11	12	1	15	4	2	12	15	16	4	8	1	8	4	9	4	10	11	9	9	2	5	1	8	1	13	12	5	4	3	7	8	5	16	1	16	8	12	4	10	8	11	10	12	14	12	3	13	10	9	3	2	15	16	13	4	14	5	9	13	16	7	16	11	2	9	12	16	12	11	4	16	1	9	10	15	6	11	8	10	11	7	4	15	2	6	8	1	9	6	12	11	10	7	11	10	5	6	6	2	11	7	4	14	6	11	3	12	4	11	14	5	11	16	7	7	11	6	2	11	12	9	1	11	10	7	14	15	8	2	7	14	14	12	9	5	9	14	15	14	11	14	14	10	6	13	2	5	11	12	4	4	8	4	5	12	7	3	2	16	11	11	16	13	5	7	9	14	2	14	13	16	11	9	6	3	13	10	1	6	13	12	16	2	6	4	15	13	1	10	14	5	11	11	7	1	6	13	8	6	8	5	5	7	3	7	3	6	13	4	14	10	5	13	5	14	13	10	15	14	16	3	3	4	13	6	16	15	15	12	2	6	14	6	6	1	16	1	3	6	9	9	11	15	13	13	1	10	16	10	3	6	14	4	6	3	11	9	2	12	14	1	5	3	1	10	11	9	16	5	3	12	2	13	16	13	5	6	13	2	15	3	2	14	7	13	12	1	2	8	7	10	16	7	15	5	8	16	4	3	15	16	1	9	15	3	13	13	4	14	6	7	16	15	6	9	8	8	10	9	5	7	15	15	2	10	8	12	16	7	15	3	5	16	13	12	10	9	15	10	15	13	13	13	5	14	2	3	2	2	3	11	9	10	16	6	13	3	10	14	2	6	15	6	5	13	3	6	6	7	12	1	11	9	2	11	11	13	1	13	7	11	1	1	2	13	7	5	3	8	3	14	9	5	2	3	10	2	13	14	16	16	7	8	4	9	2	15	8	6	16	2	15	14	14	13	8	15	1	7	4	16	6	8	2	3	16	9	13	11	14	2	8	9	2	14	10	3	11	10	8	14	3	7	15	4	1	9	2	16	5	5	16	16	15	13	9	1	4	4	10	10	5	9	13	2	1	1	11	2	3	15	1	10	16	16	10	15	3	6	5	12	7	5	16	11	11	16	15	7	15	6	3	1	15	8	2	8	2	7	13	8	13	12	12	8	10	8	7	14	16	3	5	4	1	9	10	3	4	5	6	15	5	1	7	9	1	12	13	14	1	1	10	10	6	9	9	3	8	4	13	9	10	6	7	9	13	3	7	16	1	4	8	11	11	4	4	14	10	9	16	11	14	11	1	5	7	3	4	9	8	2	10	1	8	6	2	16	5	14	2	16	2	10	12	6	13	5	7	10	9	13	5	15	8	8	7	16	4	14	9	6	5	11	9	3	15	13	12	2	4	15	1	6	12	9	4	1	13	5	9	15	10	16	10	1	1	3	16	2	4	8	1	7	2	8	9	2	11	16	2	15	3	1	8	3	8	3	8	15	10	7	1	13	8	3	10	13	15	4	10	4	6	7	11	3	3	14	11	3	8	6	4	10	13	6	4	8	13	12	7	2	6	4	3	6	9	8	10	3	11	13	10	16	9	4	11	14	14	1	1	15	3	
160	370	900	930	780	950	330	940	880	860	130	290	720	620	580	600	220	460	260	100	360	440	480	840	890	300	380	420	160	350	350	470	560	760	540	650	230	500	200	280	580	800	210	320	690	140	730	390	840	270	810	200	940	880	410	480	680	780	720	170	790	930	160	520	890	760	200	480	350	940	760	370	740	490	890	590	860	960	920	440	740	140	110	180	240	350	870	620	680	980	860	990	290	430	120	840	590	750	250	320	190	930	340	510	770	160	690	440	370	950	580	100	880	270	500	100	540	580	130	360	740	510	140	150	650	350	380	290	280	390	980	710	930	860	230	190	770	760	220	280	690	200	510	480	910	840	680	450	700	490	490	230	500	750	790	180	780	330	700	160	520	330	350	440	310	210	920	680	370	210	140	780	560	340	210	290	470	500	150	870	260	730	630	760	670	630	770	530	310	870	760	210	100	140	760	950	860	630	360	760	940	820	960	580	510	860	450	970	940	900	420	960	770	790	150	750	730	540	570	150	610	880	990	990	220	370	820	500	420	840	400	970	600	240	510	920	730	590	260	670	560	670	680	300	140	310	790	630	490	630	190	620	730	400	720	800	280	340	220	670	160	790	650	430	910	320	100	200	930	750	640	720	840	300	470	990	210	440	880	600	670	180	330	810	930	630	120	840	110	320	720	850	820	990	850	630	320	140	160	970	500	890	260	510	610	350	110	450	800	510	540	920	500	920	580	240	170	520	340	980	950	280	640	200	670	170	390	360	550	690	670	710	180	160	520	180	680	200	520	890	810	850	530	810	120	150	790	180	610	660	740	570	450	290	130	900	830	780	280	970	630	190	650	140	370	550	280	850	150	200	780	570	730	380	390	670	940	290	390	220	970	850	340	640	830	730	930	800	620	340	630	500	430	750	450	680	390	410	360	630	230	930	320	570	780	970	240	940	800	600	540	410	630	730	130	660	670	470	190	370	350	220	390	790	790	330	710	920	980	400	580	240	200	250	720	710	860	680	500	450	140	700	270	770	340	470	980	690	260	280	320	210	170	520	670	340	420	820	290	360	300	860	690	780	680	460	900	970	790	690	140	850	530	630	120	110	440	550	810	700	320	810	860	710	660	1000	170	590	960	990	770	440	600	380	550	140	660	250	380	850	230	780	420	430	310	100	920	210	600	670	990	610	120	370	140	250	880	250	560	350	600	160	400	310	230	420	490	760	730	910	590	370	820	440	380	700	380	790	220	550	520	800	320	790	780	780	720	400	160	460	360	290	480	300	870	550	580	300	930	330	220	970	800	890	410	530	740	590	800	660	780	810	240	740	730	960	630	660	350	620	670	710	190	470	260	170	380	130	250	510	240	420	200	910	730	240	910	290	760	430	590	820	870	1000	530	620	620	300	600	970	350	170	880	230	950	980	800	820	580	930	670	690	840	860	740	100	900	280	390	920	660	820	570	760	430	810	460	150	230	440	150	660	510	430	450	720	140	470	720	600	570	590	480	550	330	890	590	850	830	320	270	660	170	900	200	880	730	710	200	790	900	310	880	550	980	970	390	360	810	170	490	830	810	590	650	160	460	550	420	860	770	830	730	310	810	490	210	100	550	770	890	670	950	330	580	490	280	500	420	230	720	650	250	980	790	250	570	360	490	690	290	320	690	200	960	610	190	890	280	170	210	500	210	920	690	800	790	460	730	760	260	130	780	750	490	960	580	180	890	990	920	500	480	260	580	580	770	430	930	600	580	820	890	220	960	530	650	840	730	440	220	800	530	190	560	210	600	930	230	490	580	930	280	130	660	330	940	610	240	470	640	580	290	250	330	780	170	750	550	770	260	190	630	370	150	300	990	610	480	460	320	390	820	690	800	150	450	540	140	250	330	160	980	380	900	600	200	310	830	440	690	670	920	630	990	420	870	680	280	220	550	510	480	730	470	530	250	760	650	800	820	860	270	150	970	570	510	960	410	600	270	170	700	350	370	130	610	870	940	140	800	400	930	940	590	400	640	850	400	730	190	620	380	210	400	520	630	420	160	800	680	690	170	940	550	360	570	720	760	760	190	950	540	100	260	990	990	530	690	770	420	760	640	480	990	110	750	690	590	110	260	270	510	910	610	970	700	750	630	570	200	440	990	470	280	440	830	310	370	310	870	170	140	270	250	680	810	650	450	600	650	780	590	660	540	980	970	700	180	700	380	430	860	980	530	780	700	220	280	570	240	860	110	770	330	690	270	980	460	400	450	900	160	540	190	110	900	300	810	250	270	610	950	130	960	150	120	400	170	410	580	780	170	650	220	820	580	750	440	630	120	650	660	260	190	850	550	560	130	790	220	530	180	970	800	860	280	160	410	860	680	190	770	660	300	520	400	620	250	270	120	560	610	680	450	510	900	270	690	560	790	650	640	770	890	780	980	930	600	280	150	940	160	500	820	160	320	450	310	130	830	290	830	650	390	720	850	870	930	140	790	300	360	560	930	250	300	180	530	260	310	880	290	100	590	110	650	730	400	440	990	950	270	1000	240	920	260	690	760	440	800	300	500	720	300	310	940	480	600	960	200	970	690	100	290	740	950	530	630	570	310	770	230	220	750	140	200	460	760	760	540	340	100	270	210	220	780	610	720	450	830	200	310	750	920	960	920	970	920	290	840	190	940	550	540	810	970	520	100	230	670	920	510	550	920	680	700	400	350	550	820	310	180	810	460	660	470	880	890	880	310	540	910	530	1000	490	520	260	790	930	840	1000	550	800	760	800	820	460	280	860	210	710	700	760	140	270	510	460	170	800	890	510	790	530	100	980	790	300	450	910	170	640	280	160	840	210	640	670	710	480	270	840	690	120	570	290	320	230	550	830	720	530	190	160	130	980	250	580	110	820	520	380	360	690	960	620	390	890	640	760	470	650	870	480	470	360	1000	660	120	250	940	800	350	210	990	400	110	810	490	310	560	460	900	720	140	520	930	610	750	350	590	960	280	590	480	830	130	210	740	420	240	770	490	110	920	490	460	740	270	760	690	160	830	710	680	930	100	340	590	110	960	330	760	810	340	230	400	110	650	520	210	670	350	340	900	360	770	830	220	380	210	500	100	320	360	410	370	300	370	910	190	820	270	600	750	760	960	120	830	470	510	490	250	350	190	820	410	730	410	770	270	200	190	810	940	890	840	390	630	280	180	880	120	850	550	740	560	1000	680	570	880	110	220	110	190	540	240	430	530	820	800	240	360	780	490	230	840	430	830	370	430	350	130	100	670	710	860	630	590	220	170	950	690	460	450	710	920	160	280	210	590	790	330	400	730	750	640	840	170	400	410	960	850	580	550	690	440	810	650	250	150	390	200	750	400	350	750	260	620	560	470	450	530	370	810	980	120	230	180	190	450	860	990	250	280	110	900	210	100	750	650	720	610	550	830	500	440	390	210	720	740	900	620	410	320	190	330	620	880	340	110	750	190	120	540	330	790	840	530	130	580	840	940	870	710	350	280	350	800	300	690	650	740	520	480	930	480	910	850	830	570	450	200	290	810	720	790	380	480	760	760	710	390	730	530	760	530	770	350	870	970	400	420	920	330	100	220	560	930	860	530	280	980	460	460	540	220	660	170	900	300	990	600	390	480	550	670	510	690	410	930	790	190	450	190	880	440	580	620	180	690	980	260	570	410	710	840	930	950	660	350	560	450	380	530	950	480	220	760	190	800	830	740	420	260	860	540	890	410	580	620	840	860	630	290	520	840	110	920	610	1000	300	990	220	570	570	110	630	940	390	710	950	740	550	100	620	970	700	180	940	310	240	450	700	790	380	490	130	350	250	510	260	530	570	480	810	920	930	770	730	720	970	580	560	920	940	120	540	500	730	770	210	100	200	210	990	190	390	560	880	520	440	340	250	770	970	740	410	870	720	100	490	460	730	490	280	150	740	940	500	410	450	140	170	480	410	320	980	480	980	610	960	1000	100	320	150	870	940	190	830	720	400	440	650	740	180	800	960	220	290	490	930	440	990	140	500	100	310	390	620	850	250	490	860	860	910	560	390	750	140	650	330	670	330	520	110	390	200	990	580	990	220	160	900	1000	250	850	920	380	930	470	470	910	120	180	610	550	640	350	550	920	880	840	750	740	650	940	200	920	160	530	680	320	580	230	620	110	160	520	110	930	980	440	830	960	900	660	750	620	580	410	160	170	250	630	690	340	460	560	380	340	700	690	180	600	100	920	370	220	940	250	620	370	590	180	610	170	630	640	920	140	430	220	540	830	390	660	940	850	510	810	270	830	180	320	760	330	870	720	280	710	990	610	780	690	760	800	540	840	170	350	840	240	920	240	800	590	510	290	640	600	250	200	370	130	140	800	930	150	370	580	240	610	570	570	310	510	860	310	360	150	160	850	170	790	320	910	560	770	340	330	380	530	520	100	990	340	240	120	690	780	190	550	160	150	250	310	730	890	860	690	120	130	340	130	290	220	430	440	580	800	160	980	880	430	910	960	890	720	530	690	170	890	360	170	800	450	670	680	250	980	400	680	1000	990	460	750	920	850	800	830	630	440	760	810	760	390	630	670	880	450	260	800	980	110	910	230	990	790	490	880	250	370	390	860	570	130	180	810	780	510	690	200	240	640	320	210	700	910	420	690	400	740	860	990	410	540	410	440	890	650	320	330	690	260	650	860	960	230	930	620	780	960	950	300	760	880	530	870	790	410	890	660	430	950	200	980	150	380	520	260	360	470	150	210	860	820	430	120	220	150	710	820	630	660	800	790	260	630	830	770	520	740	440	270	720	320	970	800	870	730	370	100	590	450	610	490	710	500	330	660	750	830	590	910	970	430	130	940	950	410	300	460	990	930	640	260	770	820	710	550	750	930	900	530	580	580	990	420	170	330	500	470	720	1000	140	250	710	760	960	190	150	560	800	730	520	350	290	740	630	680	570	980	420	800	600	300	420	110	520	190	880	840	310	130	870	610	940	990	660	990	450	330	170	610	280	170	450	980	870	470	910	440	180	130	730	510	440	540	690	980	520	550	670	740	740	800	730	300	120	420	950	110	860	320	270	610	960	570	280	300	720	100	1000	520	350	970	270	290	320	100	280	270	250	800	670	330	380	220	630	430	400	810	110	730	350	260	590	760	120	850	530	910	120	610	740	140	980	190	280	210	260	170	920	280	910	290	280	760	560	740	340	140	560	630	830	500	850	660	510	280	120	230	240	760	710	870	150	120	490	160	820	450	830	560	870	590	880	1000	120	510	550	370	550	240	880	130	360	380	700	140	230	110	620	440	320	840	130	350	500	440	280	780	480	600	590	330	870	500	680	410	750	610	650	740	530	420	240	760	510	430	630	990	320	790	560	710	310	820	460	800	520	950	700	540	580	650	610	900	770	620	670	520	260	310	620	990	790	130	570	630	720	150	200	940	730	190	650	980	610	250	410	180	200	830	360	780	770	220	210	840	900	180	240	330	330	140	300	740	610	880	640	730	490	100	300	490	310	900	710	420	400	660	100	110	130	930	540	150	570	270	580	360	530	780	560	710	120	140	470	390	390	860	490	500	500	850	440	910	180	650	300	250	100	390	750	960	660	220	170	720	660	780	280	570	830	640	170	560	580	160	710	560	550	810	660	270	610	160	680	970	810	130	130	1000	560	760	410	200	580	880	560	900	250	610	840	530	780	850	760	940	280	640	540	640	290	110	600	650	990	290	580	100	490	530	290	570	300	360	650	730	270	980	360	750	350	310	170	440	570	100	690	310	200	740	840	730	830	660	980	590	150	230	670	920	910	560	280	290	770	450	580	350	640	360	460	280	650	490	340	720	220	420	750	850	340	490	790	1000	1000	960	830	110	550	720	750	260	100	280	180	200	100	500	300	420	500	210	330	560	850	970	790	400	810	190	530	680	840	990	310	490	730	250	260	930	350	490	500	870	900	150	410	940	300	280	550	930	820	420	950	590	430	480	300	770	250	100	560	340	180	360	800	290	390	110	310	300	750	720	760	390	270	870	270	720	880	440	480	350	690	670	250	330	580	540	300	440	880	350	970	580	160	170	170	220	930	430	810	930	100	640	670	800	730	530	310	300	470	770	630	740	170	840	900	620	770	530	760	120	160	690	530	320	740	810	290	990	290	140	280	180	220	500	320	970	870	280	360	880	760	550	960	300	540	120	980	320	440	340	500	580	170	550	970	140	130	620	850	390	750	720	270	740	660	350	860	660	280	370	250	870	750	560	970	330	700	290	120	450	540	670	840	620	790	790	240	150	850	250	890	560	730	540	730	580	340	470	700	100	650	590	120	870	940	180	510	280	780	790	140	840	180	510	560	780	530	170	130	970	940	760	600	750	370	480	190	850	220	720	260	910	360	940	840	830	480	270	880	530	300	200	340	860	490	560	730	870	980	920	110	790	750	830	580	780	200	350	130	450	480	950	310	980	570	920	900	560	430	680	720	310	390	170	940	330	340	970	120	840	680	270	130	940	410	460	970	770	710	650	190	310	520	270	340	270	880	240	480	600	560	940	960	220	810	920	980	900	440	670	170	320	570	390	660	750	870	560	190	820	670	720	100	880	940	200	640	180	350	820	250	580	600	320	450	480	920	260	420	720	330	110	460	590	640	140	380	660	520	300	490	400	660	720	760	200	380	850	890	460	650	300	260	700	180	510	320	870	860	580	930	600	660	700	630	210	350	960	410	440	170	680	420	170	850	670	650	240	940	670	230	670	310	640	260	160	230	520	980	290	220	900	340	960	250	260	880	400	650	490	430	820	130	850	160	440	400	590	350	870	640	110	760	500	610	700	680	910	930	860	720	150	260	510	750	320	350	580	110	530	750	300	680	690	880	350	340	280	510	590	960	590	260	600	900	600	230	460	800	530	310	940	220	730	770	150	950	260	680	200	210	570	110	920	150	330	360	560	330	890	140	630	850	100	870	760	700	370	510	130	820	850	870	620	350	120	950	860	420	730	130	940	530	750	960	200	820	840	490	260	340	620	730	770	210	590	810	470	610	180	910	350	110	920	260	140	740	940	740	130	470	840	850	560	760	800	350	930	880	580	980	970	750	590	680	120	800	440	1000	760	630	510	740	550	570	690	680	720	820	890	950	470	480	550	540	210	120	470	210	500	370	550	700	120	330	520	190	430	650	160	690	310	950	750	960	260	250	370	380	530	600	280	760	850	750	420	180	360	490	670	820	980	940	300	410	570	720	600	460	530	320	140	900	130	880	640	950	920	170	590	920	1000	780	430	820	330	120	170	430	480	880	800	500	140	820	910	790	260	690	600	930	450	130	810	120	660	970	970	840	220	150	910	860	260	300	890	370	920	710	890	640	430	300	640	460	490	140	160	300	700	130	860	310	220	590	860	550	480	720	870	910	260	980	650	190	970	600	830	940	1000	330	190	790	330	340	380	200	910	770	250	760	980	510	380	600	720	390	570	910	820	690	690	370	280	360	960	340	310	450	110	100	260	800	740	300	850	990	570	440	640	890	690	870	420	740	500	880	180	180	760	740	630	630	200	100	780	190	610	710	170	860	920	870	530	570	210	140	150	950	500	840	830	930	200	210	530	190	820	240	810	220	480	840	120	410	330	590	510	850	350	810	510	200	420	230	400	840	900	980	250	520	240	840	640	580	580	700	250	610	360	470	390	250	670	830	270	730	680	370	530	630	120	590	940	380	820	610	280	490	970	270	240	430	690	110	500	890	650	150	640	530	1000	240	520	830	150	810	570	600	570	500	540	680	410	170	800	990	240	420	420	440	810	400	350	200	720	540	100	460	960	220	680	480	410	140	750	620	600	300	490	670	310	660	280	530	740	800	400	620	970	450	540	400	600	750	850	400	160	990	780	890	690	720	380	380	750	880	400	750	610	420	1000	310	340	240	140	900	760	380	870	190	580	170	820	580	220	820	150	140	120	320	920	490	130	900	410	570	850	640	520	500	580	220	410	870	940	420	690	600	970	890	400	1000	820	420	410	950	700	990	670	550	410	320	420	390	150	910	220	380	140	830	700	180	810	230	310	730	910	530	150	300	200	590	660	350	580	550	230	910	280	360	350	910	970	900	540	740	880	280	320	850	930	980	520	720	280	760	280	560	150	580	420	970	120	540	130	830	560	540	360	470	440	900	910	580	600	760	790	170	660	110	420	200	160	580	580	580	250	200	820	610	840	600	310	240	200	670	820	360	550	330	610	160	630	850	710	940	560	380	650	270	600	760	440	870	490	870	680	930	600	210	200	990	410	410	870	820	790	680	900	410	220	530	530	600	280	500	450	300	410	160	820	920	760	950	160	580	750	350	870	340	620	810	410	150	300	730	970	140	880	290	640	670	380	310	420	840	310	810	230	300	510	600	370	680	250	260	300	400	760	680	500	210	140	330	490	840	480	480	440	820	260	250	930	820	890	310	830	440	590	370	160	460	340	470	570	660	480	290	790	230	140	640	1000	650	780	930	370	220	880	870	160	720	370	620	760	390	980	480	350	360	620	610	300	320	200	450	940	810	630	330	820	670	430	270	120	500	690	450	210	250	950	460	900	700	110	110	100	990	430	900	960	310	700	710	250	600	540	420	950	920	610	830	840	860	560	430	970	630	710	830	640	290	390	160	610	550	920	280	300	920	740	220	480	560	860	250	210	300	160	830	540	120	790	330	140	790	310	370	960	450	940	570	640	710	120	480	360	570	490	200	950	440	680	900	390	830	670	670	710	470	970	270	510	520	630	310	260	450	1000	660	930	110	350	980	570	400	750	480	200	260	970	210	520	910	990	960	490	320	530	790	290	610	400	620	720	250	960	790	730	620	740	530	510	700	670	560	400	280	900	850	800	900	530	380	980	790	260	190	300	160	340	990	310	730	350	910	430	590	700	260	740	970	740	330	650	290	130	570	860	640	360	230	370	700	800	840	440	930	440	370	350	990	780	740	820	240	110	390	650	200	640	700	630	980	900	490	760	260	380	550	530	480	160	950	740	890	840	640	480	950	970	560	720	840	740	510	930	780	850	180	220	330	810	590	770	440	930	760	430	680	980	440	590	540	920	380	470	470	610	240	400	710	350	300	520	260	230	840	650	460	1000	270	140	720	140	130	620	160	230	980	260	150	570	200	730	340	390	840	390	440	600	150	850	430	820	570	400	430	450	330	350	570	330	910	280	830	620	960	360	790	510	910	370	300	420	290	620	440	710	890	690	510	970	510	790	770	330	910	740	140	850	940	650	620	740	360	290	230	220	870	540	410	130	140	170	610	740	880	910	680	780	610	660	110	410	200	630	610	420	940	440	300	820	750	440	880	940	410	480	1000	400	160	870	680	900	850	980	250	390	970	620	170	880	930	920	690	890	980	330	240	590	520	930	440	850	250	570	830	620	510	610	260	250	160	190	1000	290	960	910	520	950	820	880	870	480	510	460	510	560	210	130	870	880	380	430	540	850	640	210	950	570	260	230	570	110	980	520	140	750	830	720	200	650	410	430	920	220	140	430	550	730	180	150	380	500	140	780	790	950	690	540	170	950	430	710	810	510	200	160	240	900	240	770	670	500	830	170	840	210	450	410	920	980	510	570	430	730	370	200	370	920	620	420	990	200	310	960	460	980	970	150	220	300	290	200	790	880	600	920	610	270	380	480	290	960	860	350	570	540	940	790	520	770	680	800	650	930	660	950	950	650	930	820	920	370	820	830	970	390	830	730	320	270	940	960	660	690	210	110	100	990	880	200	980	140	380	240	350	760	440	270	420	940	920	350	570	470	140	690	730	860	220	730	120	770	980	840	280	820	260	500	600	720	350	400	410	470	150	1000	510	670	740	340	440	510	170	670	770	210	130	870	210	580	520	790	930	990	940	600	700	990	770	260	850	510	640	190	490	830	300	870	120	150	370	260	200	530	610	250	250	360	360	620	870	460	960	760	430	700	630	280	110	500	850	300	230	530	470	160	650	520	980	670	390	740	800	440	380	720	410	420	160	620	970	850	780	620	930	620	190	780	330	710	750	880	990	200	370	580	1000	550	680	970	750	430	770	510	840	540	870	980	170	820	840	200	610	360	960	790	740	820	490	730	790	930	930	660	510	350	190	800	970	480	470	340	300	330	100	180	630	240	640	680	410	470	160	360	760	280	900	200	610	140	840	210	600	680	570	700	510	340	840	120	210	620	890	950	580	950	470	370	880	330	610	870	510	620	500	580	510	920	190	230	290	810	340	380	140	230	490	120	420	960	830	530	490	380	230	130	320	430	520	530	980	380	400	220	560	450	270	100	170	110	360	720	470	460	700	290	800	820	560	740	240	150	1000	510	1000	240	340	140	650	900	880	900	210	710	700	920	300	490	870	450	670	200	960	470	870	590	460	880	740	620	230	550	540	800	320	110	230	120	670	520	780	860	410	780	670	710	860	910	660	390	560	970	730	370	850	430	510	550	990	280	360	560	940	480	770	860	900	100	700	580	980	440	850	570	500	630	620	490	470	220	790	520	980	750	200	690	320	460	600	920	220	120	740	540	840	410	970	500	580	260	830	160	550	350	890	260	500	290	570	670	290	360	310	550	630	130	920	490	840	740	570	800	920	550	770	690	690	960	500	870	380	910	910	810	200	170	340	560	230	380	630	420	480	460	150	670	810	160	810	470	630	420	580	410	620	930	560	710	440	540	710	780	930	720	950	810	260	830	970	290	720	100	820	480	960	800	430	430	760	790	290	730	800	600	570	680	990	180	480	540	780	130	440	250	930	400	800	250	600	950	550	740	350	830	360	260	250	360	270	170	900	510	770	470	450	190	280	840	730	850	220	460	670	390	990	450	820	200	170	880	160	940	450	240	440	460	150	950	550	220	590	200	1000	950	530	740	430	720	540	230	280	980	430	910	160	350	690	180	630	560	970	850	830	990	370	740	290	950	120	190	130	800	470	400	210	700	900	100	500	610	830	800	470	860	780	600	400	500	220	530	870	240	830	550	280	530	150	610	900	610	500	660	640	220	670	340	240	600	880	650	140	760	240	680	580	190	560	630	330	450	380	800	840	700	490	200	340	410	480	720	370	410	730	780	750	610	700	690	830	120	500	810	760	560	500	390	340	800	170	840	190	380	720	800	410	430	600	800	230	960	130	240	800	520	610	340	570	630	820	490	790	680	250	740	740	910	800	830	360	590	410	800	180	520	590	210	630	510	190	150	710	960	980	390	830	350	140	320	330	420	670	400	130	530	380	270	560	790	350	510	410	320	880	250	480	270	630	260	370	250	870	880	940	910	200	700	890	100	490	150	770	170	320	400	580	830	890	810	690	780	910	890	510	810	740	590	660	920	140	740	640	890	910	840	470	780	580	370	880	500	850	490	360	350	750	600	150	990	250	300	480	550	990	910	410	340	540	570	670	340	360	430	310	1000	880	630	470	990	350	870	810	320	160	790	230	160	660	440	600	910	420	490	160	510	540	370	290	190	200	620	340	990	470	700	330	600	780	500	920	700	560	720	440	480	650	140	210	230	960	160	370	620	960	740	910	180	600	840	200	610	530	230	690	450	950	510	140	280	810	600	150	540	560	710	700	680	280	300	980	340	830	790	220	940	670	860	360	350	810	350	130	330	560	150	130	120	340	270	600	970	560	540	810	930	190	410	770	360	680	410	530	380	440	980	560	510	870	230	590	960	480	240	360	830	190	930	610	170	790	470	270	110	440	960	880	580	470	380	430	390	170	890	290	480	740	530	820	350	680	680	110	950	520	820	360	970	480	330	190	530	150	870	990	740	690	330	170	820	570	260	830	800	140	520	590	370	790	590	250	540	190	620	750	170	140	990	640	380	760	950	690	510	990	340	370	400	340	620	910	150	790	320	980	600	140	510	720	560	120	930	360	610	740	410	780	410	660	580	120	270	530	300	970	820	530	720	880	560	420	270	370	940	440	990	630	870	560	460	310	300	410	510	130	790	740	140	570	620	230	730	610	330	260	450	570	720	330	850	910	950	830	900	560	760	770	740	180	900	840	130	620	380	350	400	1000	450	160	270	380	730	860	830	560	500	250	700	940	1000	430	250	300	390	300	810	220	890	660	800	180	220	720	160	600	580	190	400	860	870	200	510	130	140	960	220	570	820	120	490	460	360	710	530	380	390	660	350	870	320	240	100	640	720	670	470	350	490	160	290	760	110	190	510	710	180	490	480	980	730	110	150	810	860	310	750	690	120	840	520	920	610	960	240	270	170	610	240	990	560	190	210	430	190	240	390	770	270	760	300	330	580	880	310	660	120	320	690	990	590	230	430	630	700	710	930	780	310	770	680	590	800	180	910	880	110	100	130	490	1000	610	620	930	970	350	960	550	610	1000	730	530	780	610	340	200	770	150	530	860	620	800	840	250	740	390	100	370	890	350	370	860	780	150	150	560	840	310	420	300	970	440	500	740	510	730	640	380	360	980	440	500	460	180	520	330	810	950	250	580	830	310	240	550	990	150	140	390	280	650	910	510	750	130	460	580	700	580	230	560	100	330	880	900	650	310	440	510	110	760	780	690	780	860	840	1000	340	910	810	670	650	230	690	260	910	500	520	770	120	170	140	980	470	500	370	800	350	890	550	530	490	580	250	860	970	620	550	290	760	500	910	250	990	830	170	560	820	850	850	220	990	780	990	220	620	550	120	110	710	920	910	420	370	490	350	240	560	790	990	730	300	540	210	840	740	900	760	130	780	840	220	840	670	980	440	560	120	110	570	430	480	240	420	330	450	510	770	740	190	200	870	920	690	260	490	110	250	120	440	590	580	850	960	170	640	100	480	900	140	610	200	830	180	170	720	220	120	1000	530	210	670	750	910	740	350	440	930	220	490	710	270	220	430	210	730	960	230	670	170	260	660	980	470	940	390	200	870	730	990	580	310	390	950	910	220	190	890	130	140	660	280	210	910	480	100	740	430	390	120	120	150	410	690	290	630	1000	980	280	520	320	230	220	160	940	900	830	200	680	240	310	180	410	420	870	420	700	920	500	720	490	140	600	100	180	500	110	920	280	370	260	510	350	350	780	930	820	480	400	490	970	610	590	550	420	480	980	670	960	110	740	530	930	390	620	650	850	280	270	430	470	730	840	470	710	730	450	180	850	700	830	810	540	170	230	670	650	910	360	800	350	580	940	800	650	760	720	330	880	820	100	440	590	870	610	250	750	230	250	150	280	610	500	360	830	850	100	260	580	990	630	600	200	580	480	610	550	450	1000	670	320	740	790	830	730	890	190	170	920	240	480	530	800	860	290	620	690	270	920	630	270	620	920	640	490	440	650	410	230	280	690	200	130	150	130	580	150	230	320	650	850	590	340	230	590	960	180	110	110	740	800	420	680	800	960	500	910	790	850	820	910	100	530	200	940	650	980	950	750	740	620	440	310	150	260	410	240	270	320	700	220	100	980	150	110	250	720	350	460	930	220	220	600	770	490	660	270	630	530	820	750	340	460	170	920	880	460	920	210	540	260	890	960	570	140	250	510	880	360	130	260	250	600	340	430	370	450	810	320	730	960	100	870	280	870	840	880	710	340	950	960	380	230	260	880	210	1000	930	670	490	380	610	560	530	950	490	290	550	450	270	650	640	180	460	430	270	850	670	130	950	350	160	710	480	940	570	630	580	460	580	330	350	390	800	890	980	850	740	360	800	1000	260	730	400	100	250	110	470	670	730	160	280	260	980	980	750	850	890	630	360	700	820	290	840	280	830	850	830	470	330	610	320	250	980	820	940	290	630	310	850	680	250	740	710	610	380	480	620	150	710	650	490	950	140	690	780	130	170	730	790	930	430	910	210	180	450	520	540	180	200	680	480	640	190	900	690	730	980	760	490	150	290	650	950	130	320	150	950	290	590	450	240	390	620	660	680	760	640	950	570	820	680	430	1000	1000	620	110	840	650	960	610	660	390	170	540	640	120	880	440	310	240	480	190	440	190	390	220	440	930	880	590	210	140	180	990	340	300	190	380	290	510	850	110	120	620	850	530	780	850	100	930	510	550	650	270	110	400	500	870	430	180	730	560	160	970	310	680	770	580	480	920	870	780	230	690	170	320	450	920	230	120	180	220	270	140	340	270	920	300	100	170	760	330	420	470	620	330	720	370	470	790	700	620	710	920	800	420	640	790	110	900	620	170	250	660	580	590	250	100	170	590	570	170	610	130	210	1000	670	160	460	530	560	940	120	510	400	890	780	110	690	400	1000	640	530	800	740	530	790	230	420	620	630	560	150	780	470	720	640	750	780	550	250	180	910	470	940	600	570	570	830	930	830	230	960	1000	950	200	620	130	370	140	270	370	160	760	760	520	340	810	140	340	220	960	330	740	670	590	820	240	860	980	300	100	110	940	840	860	960	330	940	490	980	170	440	950	840	270	880	220	260	370	710	830	190	510	150	950	930	290	760	400	610	700	370	610	610	740	210	890	850	890	990	520	110	320	530	180	780	930	410	360	110	370	700	770	230	820	800	290	950	320	730	180	410	170	720	520	180	400	940	640	980	830	450	450	730	490	390	920	510	410	610	610	290	430	520	180	640	340	160	490	950	990	280	900	130	980	600	840	600	630	240	220	540	190	900	400	800	430	190	460	710	620	230	820	830	390	690	810	390	430	920	400	300	540	700	900	
1
