6426
120
2
90
0	48	48	48	48	48	0	0	48	0	0	0	0	48	0	0	0	0	0	48	0	0	0	0	48	0	48	0	0	0	48	0	0	0	0	0	0	0	0	0	0	0	0	0	0	0	48	0	0	0	0	0	0	0	0	0	0	0	0	0	0	0	0	0	0	0	0	0	0	0	0	0	0	48	0	0	0	0	0	0	0	0	0	0	0	0	0	0	0	0	0	0	0	0	0	0	0	0	48	0	0	0	0	0	0	0	0	0	0	0	0	0	0	0	0	0	0	0	0	0	
48	0	0	0	0	0	0	0	0	0	0	0	0	0	0	0	0	0	0	0	0	0	0	0	0	0	0	0	0	0	0	0	0	0	0	0	0	0	48	0	0	0	0	0	0	0	0	0	0	0	0	0	0	0	0	0	0	0	0	0	0	0	0	0	0	0	0	0	0	0	0	0	0	0	0	0	0	0	0	0	48	0	0	0	0	0	0	0	0	0	0	0	0	0	0	0	0	0	0	0	0	0	0	0	0	0	0	0	0	0	0	0	0	0	0	0	0	0	0	0	
48	0	0	0	0	0	0	0	0	0	0	0	0	0	0	0	0	0	0	0	0	0	0	0	0	0	0	0	0	0	0	0	0	0	0	0	0	0	0	0	0	0	0	0	0	0	0	0	0	0	0	0	0	0	0	0	0	0	0	0	0	0	0	0	0	0	0	0	0	0	0	0	0	0	0	0	0	0	0	0	0	0	0	0	0	0	0	0	0	0	0	0	0	0	48	0	0	0	0	0	0	0	0	0	0	0	0	48	0	0	0	0	0	0	0	0	0	0	0	0	
48	0	0	0	0	0	0	0	0	0	0	0	0	0	0	0	0	0	0	0	0	0	0	0	0	0	0	0	0	0	0	0	0	0	0	0	0	0	0	0	0	0	0	0	0	0	0	0	0	0	0	0	0	0	0	0	0	0	0	0	0	0	0	0	0	0	0	0	0	0	0	0	0	0	0	0	0	0	0	48	0	0	0	0	0	0	0	0	0	0	0	0	0	0	0	0	0	0	0	0	0	0	0	0	0	0	48	0	0	0	0	0	0	0	0	0	0	0	0	0	
48	0	0	0	0	0	0	0	0	0	0	0	0	0	0	0	0	48	0	0	0	0	0	0	0	0	0	0	0	0	0	0	0	0	0	0	0	0	0	0	0	0	0	0	0	0	0	0	0	0	0	0	0	0	0	0	0	0	0	0	0	0	0	0	0	0	0	0	0	0	0	0	0	0	0	0	0	0	0	0	0	0	0	0	0	48	0	0	0	0	0	0	0	0	0	0	0	0	0	0	0	0	0	0	0	0	0	0	0	0	0	0	0	0	0	0	0	0	0	0	
48	0	0	0	0	0	0	0	0	0	0	0	0	0	0	0	0	0	0	0	0	0	0	0	0	0	0	0	48	0	0	0	0	0	0	0	0	0	0	0	0	0	0	0	0	0	0	0	0	0	0	0	0	0	0	0	0	0	0	0	0	0	0	0	0	0	0	0	0	0	0	0	0	0	0	0	0	0	0	0	0	0	0	0	0	0	0	0	0	0	0	0	0	0	0	0	0	0	0	0	0	0	0	0	0	0	0	0	0	0	0	0	0	0	0	0	0	0	0	0	
0	0	0	0	0	0	0	0	0	0	0	0	0	0	0	0	0	0	0	0	0	0	0	48	0	0	0	0	0	0	0	0	0	0	0	0	0	0	0	0	0	0	0	0	0	0	0	0	0	0	0	0	0	0	0	0	0	0	0	0	0	0	0	0	0	0	0	0	0	0	0	0	0	0	0	48	0	0	0	0	0	0	0	0	0	0	0	0	0	0	0	0	0	0	0	0	0	0	0	0	0	0	0	0	0	0	0	0	0	0	0	0	0	0	0	0	0	0	0	0	
0	0	0	0	0	0	0	0	0	0	0	0	0	0	0	0	0	0	0	0	0	0	0	0	0	0	0	0	48	0	0	0	0	0	0	0	0	0	0	0	0	0	0	0	0	0	0	0	0	0	0	0	0	0	0	0	0	0	0	0	0	0	0	0	0	0	0	0	0	0	0	0	0	0	0	0	0	0	0	0	0	0	0	0	0	0	0	0	0	0	0	0	0	0	0	0	0	0	48	0	0	0	0	0	0	0	0	0	0	0	0	0	0	0	0	0	0	0	0	0	
48	0	0	0	0	0	0	0	0	0	0	0	0	0	0	0	0	0	0	0	0	0	0	0	0	0	0	0	0	0	0	0	0	0	0	0	0	0	0	0	0	0	0	0	0	0	0	0	0	0	0	0	0	0	0	0	0	48	0	0	0	0	0	0	0	0	0	0	48	0	0	0	0	0	0	0	0	0	0	0	0	0	0	0	0	0	0	0	0	0	0	0	0	0	0	0	0	0	0	0	0	0	0	0	0	0	0	0	0	0	0	0	0	0	0	0	0	0	0	0	
0	0	0	0	0	0	0	0	0	0	0	0	0	0	0	0	0	0	0	0	0	0	0	0	0	0	0	0	0	0	0	0	0	0	0	0	0	0	0	0	0	0	0	48	0	0	0	0	0	0	0	0	0	0	0	0	0	0	0	0	0	0	0	0	0	0	0	0	0	0	0	0	0	0	0	0	0	0	0	0	0	0	0	0	0	0	0	0	0	0	48	0	0	0	0	0	0	0	0	0	0	0	0	0	0	0	0	0	0	0	0	0	0	0	0	0	0	0	0	0	
0	0	0	0	0	0	0	0	0	0	0	0	0	0	0	0	0	0	0	0	0	0	0	0	0	0	0	0	0	0	0	0	0	0	0	0	0	0	0	0	0	0	0	0	0	0	0	0	0	0	0	48	0	0	0	0	0	0	0	0	0	0	48	0	0	0	0	0	0	0	0	0	0	0	0	0	0	0	0	0	0	0	0	0	0	0	0	0	0	0	0	0	0	0	0	0	0	0	0	0	0	0	0	0	0	0	0	0	0	0	0	0	0	0	0	0	0	0	0	0	
0	0	0	0	0	0	0	0	0	0	0	0	0	0	0	0	48	0	0	0	0	0	0	0	0	0	0	0	0	0	0	0	0	0	0	0	0	0	0	0	0	0	0	0	0	0	0	0	0	0	0	0	0	0	0	0	0	0	0	0	0	48	0	0	0	0	0	0	0	0	0	0	0	0	0	0	0	0	0	0	0	0	0	0	0	0	0	0	0	0	0	0	0	0	0	0	0	0	0	0	0	0	0	0	0	0	0	0	0	0	0	0	0	0	0	0	0	0	0	0	
0	0	0	0	0	0	0	0	0	0	0	0	0	0	48	0	0	0	0	0	0	0	0	0	0	0	0	0	0	0	0	0	0	0	0	0	0	0	0	0	0	0	0	0	0	0	0	0	0	0	0	0	0	0	0	0	0	0	0	0	0	0	0	0	0	0	0	0	0	0	0	48	0	0	0	0	0	0	0	0	0	0	0	0	0	0	0	0	0	0	0	0	0	0	0	0	0	0	0	0	0	0	0	0	0	0	0	0	0	0	0	0	0	0	0	0	0	0	0	0	
48	0	0	0	0	0	0	0	0	0	0	0	0	0	0	0	0	0	0	0	0	0	0	0	0	0	0	0	0	0	0	0	0	0	0	0	0	0	0	0	0	0	0	0	0	0	0	0	0	0	0	0	0	48	0	0	0	0	0	0	0	0	0	0	0	0	0	0	0	48	0	0	0	0	0	0	0	0	0	0	0	0	0	0	0	0	0	0	0	0	0	0	0	0	0	0	0	0	0	0	0	0	0	0	0	0	0	0	0	0	0	0	0	0	0	0	0	0	0	0	
0	0	0	0	0	0	0	0	0	0	0	0	48	0	0	0	0	0	48	0	0	0	0	0	0	0	0	0	0	0	0	0	0	0	0	0	0	0	0	0	0	0	0	0	0	0	0	0	0	0	0	0	0	0	0	0	0	0	0	0	0	0	0	0	0	0	0	0	0	0	0	0	0	0	0	0	0	0	0	0	0	0	0	0	0	0	0	0	0	0	0	0	0	0	0	0	0	0	0	0	0	0	0	0	0	0	0	0	0	0	0	0	0	0	0	0	0	0	0	0	
0	0	0	0	0	0	0	0	0	0	0	0	0	0	0	0	0	0	0	0	0	0	0	0	0	0	0	0	0	0	0	0	0	0	0	0	0	0	0	0	0	0	0	0	0	0	0	0	0	0	0	0	0	48	0	0	0	0	0	0	0	0	0	0	0	0	0	0	0	48	0	0	0	0	0	0	0	0	0	0	0	0	0	0	0	0	0	0	0	0	0	0	0	0	0	0	0	0	0	0	0	0	0	0	0	0	0	0	0	0	0	0	0	0	0	0	0	0	0	0	
0	0	0	0	0	0	0	0	0	0	0	48	0	0	0	0	0	0	0	0	0	0	0	0	0	0	0	0	0	0	0	0	0	0	0	0	0	0	0	0	0	0	0	0	0	0	0	0	0	48	0	0	0	0	0	0	0	0	0	0	0	0	0	0	0	0	0	0	0	0	0	0	0	0	0	0	0	0	0	0	0	0	0	0	0	0	0	0	0	0	0	0	0	0	0	0	0	0	0	0	0	0	0	0	0	0	0	0	0	0	0	0	0	0	0	0	0	0	0	0	
0	0	0	0	48	0	0	0	0	0	0	0	0	0	0	0	0	0	0	0	0	0	0	0	0	0	0	0	0	0	0	0	0	0	0	0	0	0	0	0	0	0	0	0	0	0	0	0	0	0	0	0	0	0	0	0	0	0	0	0	0	0	0	0	0	0	0	0	0	0	0	0	0	0	0	0	0	0	0	0	0	0	0	0	0	48	0	0	0	0	0	0	0	0	0	0	0	0	0	0	0	0	0	0	0	0	0	0	0	0	0	0	0	0	0	0	0	0	0	0	
0	0	0	0	0	0	0	0	0	0	0	0	0	0	48	0	0	0	0	0	0	0	0	0	0	0	0	0	0	0	0	0	0	0	0	0	0	0	0	0	0	0	0	0	0	0	0	48	0	0	0	0	0	0	0	0	0	0	0	0	0	0	0	0	0	0	0	0	0	0	0	0	0	0	0	0	0	0	0	0	0	0	0	0	0	0	0	0	0	0	0	0	0	0	0	0	0	0	0	0	0	0	0	0	0	0	0	0	0	0	0	0	0	0	0	0	0	0	0	0	
48	0	0	0	0	0	0	0	0	0	0	0	0	0	0	0	0	0	0	0	0	0	0	0	0	0	0	0	0	0	0	0	0	0	0	0	0	0	0	0	0	0	0	0	0	0	0	0	0	0	0	0	0	0	0	0	0	0	0	0	0	0	0	0	0	0	48	0	0	0	0	0	0	0	0	0	0	0	0	0	0	0	0	0	0	0	48	0	0	0	0	0	0	0	0	0	0	0	0	0	0	0	0	0	0	0	0	0	0	0	0	0	0	0	0	0	0	0	0	0	
0	0	0	0	0	0	0	0	0	0	0	0	0	0	0	0	0	0	0	0	0	0	0	0	0	0	0	0	0	0	0	0	0	0	0	0	0	0	0	0	0	0	0	0	0	48	0	0	0	0	0	0	0	0	0	0	0	0	0	0	0	0	0	0	0	0	0	0	0	0	0	0	0	0	0	0	0	0	0	0	0	0	0	0	0	0	0	0	0	0	0	0	0	0	0	0	0	0	0	0	0	0	0	0	0	0	0	0	0	0	0	0	0	0	0	0	48	0	0	0	
0	0	0	0	0	0	0	0	0	0	0	0	0	0	0	0	0	0	0	0	0	0	0	0	0	0	0	0	0	0	0	0	0	0	0	0	0	0	0	0	0	0	0	0	0	0	0	0	0	0	0	0	0	0	0	0	0	0	0	0	0	0	0	0	0	0	0	0	0	0	0	0	0	0	48	0	0	0	0	0	0	0	0	0	0	0	0	0	0	0	0	0	0	0	0	0	0	0	0	0	0	0	0	0	0	0	0	0	0	0	0	0	0	48	0	0	0	0	0	0	
0	0	0	0	0	0	0	0	0	0	0	0	0	0	0	0	0	0	0	0	0	0	0	0	0	0	0	0	0	0	0	0	0	0	0	0	0	0	0	0	0	0	0	0	0	0	0	0	0	0	0	0	0	0	0	0	0	0	0	0	0	0	0	0	0	0	0	0	48	0	0	0	0	0	0	0	0	0	0	0	0	0	0	0	0	0	0	0	0	0	0	0	0	0	0	0	0	0	0	0	0	0	0	0	48	0	0	0	0	0	0	0	0	0	0	0	0	0	0	0	
0	0	0	0	0	0	48	0	0	0	0	0	0	0	0	0	0	0	0	0	0	0	0	0	0	0	0	0	0	0	0	0	0	0	0	0	0	0	0	0	0	0	0	0	0	0	0	0	0	0	0	0	0	0	0	0	0	0	0	0	0	0	0	0	0	0	0	0	0	0	0	0	0	0	0	0	0	0	0	0	0	0	0	0	0	0	0	0	0	0	0	0	0	0	0	0	0	0	0	0	0	0	0	0	0	0	0	0	0	0	0	0	0	0	0	0	0	0	48	0	
48	0	0	0	0	0	0	0	0	0	0	0	0	0	0	0	0	0	0	0	0	0	0	0	0	0	0	0	0	0	0	0	0	0	0	0	0	0	0	0	0	0	0	0	0	0	0	0	0	0	0	0	0	0	0	0	0	0	0	48	0	0	0	0	48	0	0	0	0	0	0	0	0	0	0	0	0	0	0	0	0	0	0	0	0	0	0	0	0	0	0	0	0	0	0	0	0	0	0	0	0	0	0	0	0	0	0	0	0	0	0	0	0	0	0	0	0	0	0	0	
0	0	0	0	0	0	0	0	0	0	0	0	0	0	0	0	0	0	0	0	0	0	0	0	0	0	0	0	0	0	0	0	0	0	0	0	0	0	0	0	0	0	0	0	0	0	0	0	0	0	0	0	0	0	0	0	0	0	0	0	0	0	0	0	0	0	0	0	0	0	0	48	0	0	0	0	0	0	0	0	0	0	0	0	0	0	0	0	0	0	0	0	0	0	0	0	0	0	0	0	0	0	0	0	0	0	0	0	0	0	0	0	0	0	0	48	0	0	0	0	
48	0	0	0	0	0	0	0	0	0	0	0	0	0	0	0	0	0	0	0	0	0	0	0	0	0	0	0	0	0	0	0	0	0	0	0	0	0	0	0	0	0	0	0	0	0	0	0	48	0	0	0	0	0	0	0	0	0	0	0	0	0	0	0	0	0	0	0	0	0	0	0	0	0	0	0	0	0	0	0	0	0	0	0	0	0	0	0	0	0	0	0	0	0	0	0	0	0	0	48	0	0	0	0	0	0	0	0	0	0	0	0	0	0	0	0	0	0	0	0	
0	0	0	0	0	0	0	0	0	0	0	0	0	0	0	0	0	0	0	0	0	0	0	0	0	0	0	0	0	0	0	0	0	0	48	0	0	0	0	0	0	0	0	0	48	0	0	0	0	0	0	0	0	0	0	0	0	0	0	0	0	0	0	0	0	0	0	0	0	0	0	0	0	0	0	0	0	0	0	0	0	0	0	0	0	0	0	0	0	0	0	0	0	0	0	0	0	0	0	0	0	0	0	0	0	0	0	0	0	0	0	0	0	0	0	0	0	0	0	0	
0	0	0	0	0	48	0	48	0	0	0	0	0	0	0	0	0	0	0	0	0	0	0	0	0	0	0	0	0	0	0	0	0	0	0	0	0	0	0	0	0	0	0	0	0	0	0	0	0	0	0	0	0	0	0	0	0	0	0	0	0	0	0	0	0	0	0	0	0	0	0	0	0	0	0	0	0	0	0	0	0	0	0	0	0	0	0	0	0	0	0	0	0	0	0	0	0	0	0	0	0	0	0	0	0	0	0	0	0	0	0	0	0	0	0	0	0	0	0	0	
0	0	0	0	0	0	0	0	0	0	0	0	0	0	0	0	0	0	0	0	0	0	0	0	0	0	0	0	0	0	0	0	0	0	0	0	0	0	0	0	0	0	48	0	0	0	0	0	0	0	0	0	0	0	0	0	0	0	0	0	0	0	0	0	0	0	0	0	0	0	0	0	0	0	0	0	0	0	0	0	0	0	0	0	0	0	0	0	0	0	0	0	0	0	0	0	0	0	0	0	0	0	0	0	0	48	0	0	0	0	0	0	0	0	0	0	0	0	0	0	
48	0	0	0	0	0	0	0	0	0	0	0	0	0	0	0	0	0	0	0	0	0	0	0	0	0	0	0	0	0	0	0	48	0	0	0	0	0	0	0	0	0	0	0	0	0	0	0	0	0	0	0	0	0	0	48	0	0	0	0	0	0	0	0	0	0	0	0	0	0	0	0	0	0	0	0	0	0	0	0	0	0	0	0	0	0	0	0	0	0	0	0	0	0	0	0	0	0	0	0	0	0	0	0	0	0	0	0	0	0	0	0	0	0	0	0	0	0	0	0	
0	0	0	0	0	0	0	0	0	0	0	0	0	0	0	0	0	0	0	0	0	0	0	0	0	0	0	0	0	0	0	0	0	0	0	0	0	0	0	0	0	0	0	0	0	0	0	0	48	0	0	0	0	0	0	0	0	0	0	0	0	0	0	0	0	0	0	0	0	0	0	0	0	0	0	0	0	48	0	0	0	0	0	0	0	0	0	0	0	0	0	0	0	0	0	0	0	0	0	0	0	0	0	0	0	0	0	0	0	0	0	0	0	0	0	0	0	0	0	0	
0	0	0	0	0	0	0	0	0	0	0	0	0	0	0	0	0	0	0	0	0	0	0	0	0	0	0	0	0	0	48	0	0	0	0	0	0	0	0	0	0	0	0	0	0	0	0	0	0	0	0	0	0	0	0	48	0	0	0	0	0	0	0	0	0	0	0	0	0	0	0	0	0	0	0	0	0	0	0	0	0	0	0	0	0	0	0	0	0	0	0	0	0	0	0	0	0	0	0	0	0	0	0	0	0	0	0	0	0	0	0	0	0	0	0	0	0	0	0	0	
0	0	0	0	0	0	0	0	0	0	0	0	0	0	0	0	0	0	0	0	0	0	0	0	0	0	0	0	0	0	0	0	0	0	0	0	0	0	0	0	0	0	0	0	0	0	0	0	0	0	0	0	48	0	0	0	0	0	0	0	0	0	0	0	0	0	0	0	0	0	0	0	0	0	0	0	0	0	0	0	0	0	0	0	0	0	0	0	0	0	0	0	0	0	0	0	0	0	0	0	0	0	0	0	0	0	0	0	0	0	0	0	48	0	0	0	0	0	0	0	
0	0	0	0	0	0	0	0	0	0	0	0	0	0	0	0	0	0	0	0	0	0	0	0	0	0	0	48	0	0	0	0	0	0	0	0	0	0	0	0	0	0	0	0	0	0	0	0	0	0	0	0	0	0	0	0	0	0	0	0	0	0	0	0	0	0	0	0	0	0	0	0	0	0	0	0	0	0	0	0	0	0	0	0	0	0	0	0	0	0	0	48	0	0	0	0	0	0	0	0	0	0	0	0	0	0	0	0	0	0	0	0	0	0	0	0	0	0	0	0	
0	0	0	0	0	0	0	0	0	0	0	0	0	0	0	0	0	0	0	0	0	0	0	0	0	0	0	0	0	0	0	0	0	0	0	0	0	0	0	0	0	0	0	0	0	0	0	0	0	48	0	0	0	0	48	0	0	0	0	0	0	0	0	0	0	0	0	0	0	0	0	0	0	0	0	0	0	0	0	0	0	0	0	0	0	0	0	0	0	0	0	0	0	0	0	0	0	0	0	0	0	0	0	0	0	0	0	0	0	0	0	0	0	0	0	0	0	0	0	0	
0	0	0	0	0	0	0	0	0	0	0	0	0	0	0	0	0	0	0	0	0	0	0	0	0	0	0	0	0	0	0	0	0	0	0	0	0	0	0	0	0	0	0	0	0	0	0	0	0	0	0	0	0	0	0	0	0	0	0	0	0	0	0	0	0	0	0	0	0	0	0	0	0	0	0	0	0	0	0	0	0	0	0	0	0	0	0	0	0	48	0	0	0	0	0	0	0	0	0	0	0	0	0	0	0	0	0	0	0	0	0	0	0	48	0	0	0	0	0	0	
0	0	0	0	0	0	0	0	0	0	0	0	0	0	0	0	0	0	0	0	0	0	0	0	0	0	0	0	0	0	0	0	0	0	0	0	0	0	0	0	0	0	0	0	0	0	0	0	0	0	0	0	0	0	0	0	0	0	0	0	0	0	0	0	0	0	0	0	0	0	0	0	0	0	0	0	0	0	0	0	0	0	0	0	0	0	0	0	0	0	0	0	0	0	0	0	0	0	0	0	0	0	0	0	0	0	0	0	0	48	0	0	48	0	0	0	0	0	0	0	
0	48	0	0	0	0	0	0	0	0	0	0	0	0	0	0	0	0	0	0	0	0	0	0	0	0	0	0	0	0	0	0	0	0	0	0	0	0	0	0	0	0	0	0	0	0	0	0	0	0	0	0	0	0	0	0	0	0	0	0	0	0	0	0	0	0	0	0	0	0	0	0	0	0	0	0	0	0	0	0	48	0	0	0	0	0	0	0	0	0	0	0	0	0	0	0	0	0	0	0	0	0	0	0	0	0	0	0	0	0	0	0	0	0	0	0	0	0	0	0	
0	0	0	0	0	0	0	0	0	0	0	0	0	0	0	0	0	0	0	0	0	0	0	0	0	0	0	0	0	0	0	0	0	0	0	0	0	0	0	0	0	0	0	0	0	0	0	0	0	0	0	0	0	0	48	0	0	0	0	0	0	0	0	0	0	0	0	0	0	0	0	0	0	0	0	0	0	0	0	48	0	0	0	0	0	0	0	0	0	0	0	0	0	0	0	0	0	0	0	0	0	0	0	0	0	0	0	0	0	0	0	0	0	0	0	0	0	0	0	0	
0	0	0	0	0	0	0	0	0	0	0	0	0	0	0	0	0	0	0	0	0	0	0	0	0	0	0	0	0	0	0	0	0	0	0	0	0	0	0	0	0	0	0	0	0	0	0	0	0	0	0	0	0	0	0	0	0	0	0	0	0	0	48	0	0	0	0	0	0	0	0	0	0	0	0	0	0	0	0	0	0	0	0	0	0	0	0	0	0	0	0	0	0	0	0	0	0	0	0	0	0	0	0	0	0	0	0	0	0	0	0	48	0	0	0	0	0	0	0	0	
0	0	0	0	0	0	0	0	0	0	0	0	0	0	0	0	0	0	0	0	0	0	0	0	0	0	0	0	0	0	0	0	0	0	0	0	0	0	0	0	0	0	0	0	0	0	0	0	0	0	0	0	0	0	0	0	0	0	0	0	0	0	0	0	0	0	0	0	0	0	0	0	0	0	0	0	48	0	0	0	0	0	0	0	0	0	0	0	0	0	0	0	0	0	0	0	0	0	0	48	0	0	0	0	0	0	0	0	0	0	0	0	0	0	0	0	0	0	0	0	
0	0	0	0	0	0	0	0	0	0	0	0	0	0	0	0	0	0	0	0	0	0	0	0	0	0	0	0	0	48	0	0	0	0	0	0	0	0	0	0	0	0	0	0	0	0	0	0	0	0	0	0	0	0	0	0	0	0	0	0	0	0	0	0	0	48	0	0	0	0	0	0	0	0	0	0	0	0	0	0	0	0	0	0	0	0	0	0	0	0	0	0	0	0	0	0	0	0	0	0	0	0	0	0	0	0	0	0	0	0	0	0	0	0	0	0	0	0	0	0	
0	0	0	0	0	0	0	0	0	48	0	0	0	0	0	0	0	0	0	0	0	0	0	0	0	0	0	0	0	0	0	0	0	0	0	0	0	0	0	0	0	0	0	0	0	0	0	0	0	0	0	0	0	0	0	0	0	0	0	0	0	0	0	0	0	0	0	0	0	0	0	0	0	0	0	0	0	0	0	0	0	0	0	0	0	0	0	0	0	0	0	0	48	0	0	0	0	0	0	0	0	0	0	0	0	0	0	0	0	0	0	0	0	0	0	0	0	0	0	0	
0	0	0	0	0	0	0	0	0	0	0	0	0	0	0	0	0	0	0	0	0	0	0	0	0	0	0	48	0	0	0	0	0	0	0	0	0	0	0	0	0	0	0	0	0	0	0	0	0	0	0	0	0	0	0	0	0	0	0	0	0	0	0	0	0	0	0	0	0	0	0	0	0	0	0	0	0	0	0	0	0	0	0	0	0	0	0	0	0	0	0	0	0	0	0	0	0	0	0	0	0	0	0	48	0	0	0	0	0	0	0	0	0	0	0	0	0	0	0	0	
0	0	0	0	0	0	0	0	0	0	0	0	0	0	0	0	0	0	0	0	48	0	0	0	0	0	0	0	0	0	0	0	0	0	0	0	0	0	0	0	0	0	0	0	0	0	0	0	0	0	0	0	0	0	0	0	0	0	48	0	0	0	0	0	0	0	0	0	0	0	0	0	0	0	0	0	0	0	0	0	0	0	0	0	0	0	0	0	0	0	0	0	0	0	0	0	0	0	0	0	0	0	0	0	0	0	0	0	0	0	0	0	0	0	0	0	0	0	0	0	
48	0	0	0	0	0	0	0	0	0	0	0	0	0	0	0	0	0	0	0	0	0	0	0	0	0	0	0	0	0	0	0	0	0	0	0	0	0	0	0	0	0	0	0	0	0	0	0	0	0	0	0	0	0	0	0	0	0	0	0	0	0	0	0	0	0	0	0	0	0	0	0	0	0	0	0	0	0	0	0	0	0	0	48	0	0	0	0	0	0	0	0	0	0	0	0	0	48	0	0	0	0	0	0	0	0	0	0	0	0	0	0	0	0	0	0	0	0	0	0	
0	0	0	0	0	0	0	0	0	0	0	0	0	0	0	0	0	0	48	0	0	0	0	0	0	0	0	0	0	0	0	0	0	0	0	0	0	0	0	0	0	0	0	0	0	0	0	0	0	0	0	0	0	0	0	0	0	0	0	0	0	0	0	0	0	0	0	0	0	0	0	0	0	0	0	0	0	0	0	0	0	0	0	0	0	0	0	0	0	0	0	0	0	0	0	48	0	0	0	0	0	0	0	0	0	0	0	0	0	0	0	0	0	0	0	0	0	0	0	0	
0	0	0	0	0	0	0	0	0	0	0	0	0	0	0	0	0	0	0	0	0	0	0	0	0	0	48	0	0	0	0	48	0	0	0	0	0	0	0	0	0	0	0	0	0	0	0	0	0	0	0	0	0	0	0	0	0	0	0	0	0	0	0	0	0	0	0	0	0	0	0	0	0	0	0	0	0	0	0	0	0	0	0	0	0	0	0	0	0	0	0	0	0	0	0	0	0	0	0	0	0	0	0	0	0	0	0	0	0	0	0	0	0	0	0	0	0	0	0	0	
0	0	0	0	0	0	0	0	0	0	0	0	0	0	0	0	48	0	0	0	0	0	0	0	0	0	0	0	0	0	0	0	0	0	0	48	0	0	0	0	0	0	0	0	0	0	0	0	0	0	0	0	0	0	0	0	0	0	0	0	0	0	0	0	0	0	0	0	0	0	0	0	0	0	0	0	0	0	0	0	0	0	0	0	0	0	0	0	0	0	0	0	0	0	0	0	0	0	0	0	0	0	0	0	0	0	0	0	0	0	0	0	0	0	0	0	0	0	0	0	
0	0	0	0	0	0	0	0	0	0	0	0	0	0	0	0	0	0	0	0	0	0	0	0	0	0	0	0	0	0	0	0	0	0	0	0	0	0	0	0	0	0	0	0	0	0	0	0	0	0	0	0	0	0	0	0	0	0	0	0	0	0	0	0	0	0	0	0	0	0	0	0	0	0	0	0	0	0	0	0	0	0	0	0	0	0	0	0	0	0	0	0	0	0	0	0	48	0	0	0	0	0	0	0	0	0	0	0	0	0	48	0	0	0	0	0	0	0	0	0	
0	0	0	0	0	0	0	0	0	0	48	0	0	0	0	0	0	0	0	0	0	0	0	0	0	0	0	0	0	0	0	0	0	0	0	0	0	0	0	0	0	0	0	0	0	0	0	0	0	0	0	0	0	0	0	0	0	0	0	0	0	0	0	0	0	0	0	0	0	0	0	0	0	0	0	0	0	0	0	0	0	0	0	0	0	0	0	0	0	0	0	0	0	0	0	0	0	0	0	0	0	0	0	0	0	0	0	0	48	0	0	0	0	0	0	0	0	0	0	0	
0	0	0	0	0	0	0	0	0	0	0	0	0	0	0	0	0	0	0	0	0	0	0	0	0	0	0	0	0	0	0	0	0	48	0	0	0	0	0	0	0	0	0	0	0	0	0	0	0	0	0	0	0	0	0	0	0	0	0	0	0	0	0	0	0	0	0	0	0	0	0	0	0	0	0	0	0	0	48	0	0	0	0	0	0	0	0	0	0	0	0	0	0	0	0	0	0	0	0	0	0	0	0	0	0	0	0	0	0	0	0	0	0	0	0	0	0	0	0	0	
0	0	0	0	0	0	0	0	0	0	0	0	0	48	0	48	0	0	0	0	0	0	0	0	0	0	0	0	0	0	0	0	0	0	0	0	0	0	0	0	0	0	0	0	0	0	0	0	0	0	0	0	0	0	0	0	0	0	0	0	0	0	0	0	0	0	0	0	0	0	0	0	0	0	0	0	0	0	0	0	0	0	0	0	0	0	0	0	0	0	0	0	0	0	0	0	0	0	0	0	0	0	0	0	0	0	0	0	0	0	0	0	0	0	0	0	0	0	0	0	
0	0	0	0	0	0	0	0	0	0	0	0	0	0	0	0	0	0	0	0	0	0	0	0	0	0	0	0	0	0	0	0	0	0	0	48	0	0	0	48	0	0	0	0	0	0	0	0	0	0	0	0	0	0	0	0	0	0	0	0	0	0	0	0	0	0	0	0	0	0	0	0	0	0	0	0	0	0	0	0	0	0	0	0	0	0	0	0	0	0	0	0	0	0	0	0	0	0	0	0	0	0	0	0	0	0	0	0	0	0	0	0	0	0	0	0	0	0	0	0	
0	0	0	0	0	0	0	0	0	0	0	0	0	0	0	0	0	0	0	0	0	0	0	0	0	0	0	0	0	0	48	0	48	0	0	0	0	0	0	0	0	0	0	0	0	0	0	0	0	0	0	0	0	0	0	0	0	0	0	0	0	0	0	0	0	0	0	0	0	0	0	0	0	0	0	0	0	0	0	0	0	0	0	0	0	0	0	0	0	0	0	0	0	0	0	0	0	0	0	0	0	0	0	0	0	0	0	0	0	0	0	0	0	0	0	0	0	0	0	0	
0	0	0	0	0	0	0	0	0	0	0	0	0	0	0	0	0	0	0	0	0	0	0	0	0	0	0	0	0	0	0	0	0	0	0	0	0	0	0	0	0	0	0	0	0	0	0	0	0	0	0	0	0	0	0	0	0	0	0	0	0	0	0	0	0	0	48	0	0	0	0	0	0	0	0	0	0	0	0	0	0	0	0	0	0	0	48	0	0	0	0	0	0	0	0	0	0	0	0	0	0	0	0	0	0	0	0	0	0	0	0	0	0	0	0	0	0	0	0	0	
0	0	0	0	0	0	0	0	48	0	0	0	0	0	0	0	0	0	0	0	0	0	0	0	0	0	0	0	0	0	0	0	0	0	0	0	0	0	0	0	0	0	0	0	0	0	0	0	0	0	0	0	0	0	0	0	0	0	0	0	0	0	0	0	0	0	0	0	0	0	0	0	0	0	0	0	0	0	0	0	0	0	0	0	0	0	0	0	0	0	0	0	0	0	0	0	0	0	0	0	0	0	0	0	48	0	0	0	0	0	0	0	0	0	0	0	0	0	0	0	
0	0	0	0	0	0	0	0	0	0	0	0	0	0	0	0	0	0	0	0	0	0	0	0	0	0	0	0	0	0	0	0	0	0	0	0	0	0	0	0	0	0	0	0	0	48	0	0	0	0	0	0	0	0	0	0	0	0	0	0	0	0	0	0	0	0	0	0	0	0	0	0	0	0	0	0	0	0	0	0	0	0	0	0	48	0	0	0	0	0	0	0	0	0	0	0	0	0	0	0	0	0	0	0	0	0	0	0	0	0	0	0	0	0	0	0	0	0	0	0	
0	0	0	0	0	0	0	0	0	0	0	0	0	0	0	0	0	0	0	0	0	0	0	0	48	0	0	0	0	0	0	0	0	0	0	0	0	0	0	0	0	0	0	0	0	0	0	0	0	0	0	0	0	0	0	0	0	0	0	0	0	0	0	0	0	0	0	0	0	0	48	0	0	0	0	0	0	0	0	0	0	0	0	0	0	0	0	0	0	0	0	0	0	0	0	0	0	0	0	0	0	0	0	0	0	0	0	0	0	0	0	0	0	0	0	0	0	0	0	0	
0	0	0	0	0	0	0	0	0	0	0	0	0	0	0	0	0	0	0	0	0	0	0	0	0	0	0	0	0	0	0	0	0	0	0	0	0	0	0	0	0	0	0	0	0	0	0	0	0	0	0	0	0	0	0	0	0	0	0	0	0	48	0	0	0	0	0	0	0	0	0	0	0	0	0	0	0	0	0	0	0	0	0	0	0	0	0	0	0	0	0	0	0	0	0	48	0	0	0	0	0	0	0	0	0	0	0	0	0	0	0	0	0	0	0	0	0	0	0	0	
0	0	0	0	0	0	0	0	0	0	0	48	0	0	0	0	0	0	0	0	0	0	0	0	0	0	0	0	0	0	0	0	0	0	0	0	0	0	0	0	0	0	0	0	0	0	0	0	0	0	0	0	0	0	0	0	0	0	0	0	48	0	0	0	0	0	0	0	0	0	0	0	0	0	0	0	0	0	0	0	0	0	0	0	0	0	0	0	0	0	0	0	0	0	0	0	0	0	0	0	0	0	0	0	0	0	0	0	0	0	0	0	0	0	0	0	0	0	0	0	
0	0	0	0	0	0	0	0	0	0	48	0	0	0	0	0	0	0	0	0	0	0	0	0	0	0	0	0	0	0	0	0	0	0	0	0	0	0	0	0	48	0	0	0	0	0	0	0	0	0	0	0	0	0	0	0	0	0	0	0	0	0	0	0	0	0	0	0	0	0	0	0	0	0	0	0	0	0	0	0	0	0	0	0	0	0	0	0	0	0	0	0	0	0	0	0	0	0	0	0	0	0	0	0	0	0	0	0	0	0	0	0	0	0	0	0	0	0	0	0	
0	0	0	0	0	0	0	0	0	0	0	0	0	0	0	0	0	0	0	0	0	0	0	0	0	0	0	0	0	0	0	0	0	0	0	0	0	0	0	0	0	0	0	0	0	0	0	0	0	0	0	0	0	0	0	0	0	0	0	0	0	0	0	0	0	0	0	0	0	0	0	0	0	0	0	0	0	0	0	0	0	0	0	0	0	0	0	0	0	0	0	0	0	0	0	0	0	0	0	0	0	0	48	0	0	0	48	0	0	0	0	0	0	0	0	0	0	0	0	0	
0	0	0	0	0	0	0	0	0	0	0	0	0	0	0	0	0	0	0	0	0	0	0	0	48	0	0	0	0	0	0	0	0	0	0	0	0	0	0	0	0	0	0	0	0	0	0	0	0	0	0	0	0	0	0	0	0	0	0	0	0	0	0	0	0	0	0	0	0	0	48	0	0	0	0	0	0	0	0	0	0	0	0	0	0	0	0	0	0	0	0	0	0	0	0	0	0	0	0	0	0	0	0	0	0	0	0	0	0	0	0	0	0	0	0	0	0	0	0	0	
0	0	0	0	0	0	0	0	0	0	0	0	0	0	0	0	0	0	0	0	0	0	0	0	0	0	0	0	0	0	0	0	0	0	0	0	0	0	0	0	0	0	48	0	0	0	0	0	0	0	0	0	0	0	0	0	0	0	0	0	0	0	0	0	0	0	0	0	0	0	0	0	0	0	48	0	0	0	0	0	0	0	0	0	0	0	0	0	0	0	0	0	0	0	0	0	0	0	0	0	0	0	0	0	0	0	0	0	0	0	0	0	0	0	0	0	0	0	0	0	
0	0	0	0	0	0	0	0	0	0	0	0	0	0	0	0	0	0	0	48	0	0	0	0	0	0	0	0	0	0	0	0	0	0	0	0	0	0	0	0	0	0	0	0	0	0	0	0	0	0	0	0	0	0	0	0	48	0	0	0	0	0	0	0	0	0	0	0	0	0	0	0	0	0	0	0	0	0	0	0	0	0	0	0	0	0	0	0	0	0	0	0	0	0	0	0	0	0	0	0	0	0	0	0	0	0	0	0	0	0	0	0	0	0	0	0	0	0	0	0	
0	0	0	0	0	0	0	0	0	0	0	0	0	0	0	0	0	0	0	0	0	0	0	0	0	0	0	0	0	0	0	0	0	0	0	0	0	0	0	0	0	0	0	0	0	0	0	0	0	0	0	0	0	0	0	0	0	0	0	0	0	0	0	0	0	0	0	0	0	0	0	0	0	0	0	0	0	0	0	0	0	0	0	0	0	0	0	0	0	0	0	0	0	0	0	0	0	0	0	0	48	0	0	0	0	0	0	0	0	0	0	0	0	0	0	48	0	0	0	0	
0	0	0	0	0	0	0	0	48	0	0	0	0	0	0	0	0	0	0	0	0	0	48	0	0	0	0	0	0	0	0	0	0	0	0	0	0	0	0	0	0	0	0	0	0	0	0	0	0	0	0	0	0	0	0	0	0	0	0	0	0	0	0	0	0	0	0	0	0	0	0	0	0	0	0	0	0	0	0	0	0	0	0	0	0	0	0	0	0	0	0	0	0	0	0	0	0	0	0	0	0	0	0	0	0	0	0	0	0	0	0	0	0	0	0	0	0	0	0	0	
0	0	0	0	0	0	0	0	0	0	0	0	0	48	0	48	0	0	0	0	0	0	0	0	0	0	0	0	0	0	0	0	0	0	0	0	0	0	0	0	0	0	0	0	0	0	0	0	0	0	0	0	0	0	0	0	0	0	0	0	0	0	0	0	0	0	0	0	0	0	0	0	0	0	0	0	0	0	0	0	0	0	0	0	0	0	0	0	0	0	0	0	0	0	0	0	0	0	0	0	0	0	0	0	0	0	0	0	0	0	0	0	0	0	0	0	0	0	0	0	
0	0	0	0	0	0	0	0	0	0	0	0	0	0	0	0	0	0	0	0	0	0	0	0	0	0	0	0	0	0	0	0	0	0	0	0	0	0	0	0	0	0	0	0	0	0	0	0	0	0	0	0	0	0	0	0	0	0	0	48	0	0	0	0	48	0	0	0	0	0	0	0	0	0	0	0	0	0	0	0	0	0	0	0	0	0	0	0	0	0	0	0	0	0	0	0	0	0	0	0	0	0	0	0	0	0	0	0	0	0	0	0	0	0	0	0	0	0	0	0	
0	0	0	0	0	0	0	0	0	0	0	0	48	0	0	0	0	0	0	0	0	0	0	0	0	48	0	0	0	0	0	0	0	0	0	0	0	0	0	0	0	0	0	0	0	0	0	0	0	0	0	0	0	0	0	0	0	0	0	0	0	0	0	0	0	0	0	0	0	0	0	0	0	0	0	0	0	0	0	0	0	0	0	0	0	0	0	0	0	0	0	0	0	0	0	0	0	0	0	0	0	0	0	0	0	0	0	0	0	0	0	0	0	0	0	0	0	0	0	0	
0	0	0	0	0	0	0	0	0	0	0	0	0	0	0	0	0	0	0	0	0	0	0	0	0	0	0	0	0	0	0	0	0	0	0	0	0	0	0	0	0	0	0	0	0	0	0	0	0	0	0	0	0	0	0	0	0	0	0	0	0	0	0	0	0	0	0	0	0	0	0	0	0	0	0	0	0	0	0	0	0	0	0	0	0	0	0	0	0	0	0	0	48	0	0	0	0	0	0	0	0	0	0	0	0	0	0	0	0	0	0	0	0	0	0	0	0	0	48	0	
48	0	0	0	0	0	0	0	0	0	0	0	0	0	0	0	0	0	0	0	0	0	0	0	0	0	0	0	0	0	0	0	0	0	0	0	0	0	0	0	0	0	0	0	0	0	0	0	0	0	0	0	0	0	0	0	0	0	0	0	0	0	0	0	0	0	0	0	0	0	0	0	0	0	0	0	0	0	0	0	0	48	0	0	0	0	0	0	0	0	0	0	0	0	0	0	0	0	0	0	0	0	0	0	0	0	0	0	0	0	0	0	0	0	0	0	0	48	0	0	
0	0	0	0	0	0	0	0	0	0	0	0	0	0	0	0	0	0	0	0	0	48	0	0	0	0	0	0	0	0	0	0	0	0	0	0	0	0	0	0	0	0	0	0	0	0	0	0	0	0	0	0	0	0	0	0	0	0	0	0	0	0	0	0	0	48	0	0	0	0	0	0	0	0	0	0	0	0	0	0	0	0	0	0	0	0	0	0	0	0	0	0	0	0	0	0	0	0	0	0	0	0	0	0	0	0	0	0	0	0	0	0	0	0	0	0	0	0	0	0	
0	0	0	0	0	0	48	0	0	0	0	0	0	0	0	0	0	0	0	0	0	0	0	0	0	0	0	0	0	0	0	0	0	0	0	0	0	0	0	0	0	0	0	0	0	0	0	0	0	0	0	0	0	0	0	0	0	0	0	0	0	0	0	0	0	0	0	0	0	0	0	0	0	0	0	0	0	0	0	0	0	0	0	0	0	0	0	0	0	0	0	0	0	0	0	0	48	0	0	0	0	0	0	0	0	0	0	0	0	0	0	0	0	0	0	0	0	0	0	0	
0	0	0	0	0	0	0	0	0	0	0	0	0	0	0	0	0	0	0	0	0	0	0	0	0	0	0	0	0	0	0	0	0	0	0	0	0	0	0	0	0	48	0	0	0	0	0	0	0	0	0	0	0	0	0	0	0	0	0	0	0	0	0	0	0	0	0	0	0	0	0	0	0	0	0	0	0	48	0	0	0	0	0	0	0	0	0	0	0	0	0	0	0	0	0	0	0	0	0	0	0	0	0	0	0	0	0	0	0	0	0	0	0	0	0	0	0	0	0	0	
0	0	0	0	0	0	0	0	0	0	0	0	0	0	0	0	0	0	0	0	0	0	0	0	0	0	0	0	0	0	0	48	0	0	0	0	0	0	0	0	0	0	0	0	0	0	0	0	0	0	0	0	0	0	0	0	0	0	0	0	0	0	0	0	0	0	0	0	0	0	0	0	0	0	0	0	48	0	0	0	0	0	0	0	0	0	0	0	0	0	0	0	0	0	0	0	0	0	0	0	0	0	0	0	0	0	0	0	0	0	0	0	0	0	0	0	0	0	0	0	
0	0	0	0	0	0	0	0	0	0	0	0	0	0	0	0	0	0	0	0	0	0	0	0	0	0	0	0	0	0	0	0	0	0	0	0	0	0	0	0	0	0	0	0	0	0	0	0	0	0	0	0	48	0	0	0	0	0	0	0	0	0	0	0	0	0	0	0	0	0	0	0	0	0	0	0	0	0	0	0	0	0	0	0	0	0	0	0	0	0	0	0	0	0	0	0	0	0	0	0	0	0	0	0	0	48	0	0	0	0	0	0	0	0	0	0	0	0	0	0	
0	0	0	48	0	0	0	0	0	0	0	0	0	0	0	0	0	0	0	0	0	0	0	0	0	0	0	0	0	0	0	0	0	0	0	0	0	0	0	48	0	0	0	0	0	0	0	0	0	0	0	0	0	0	0	0	0	0	0	0	0	0	0	0	0	0	0	0	0	0	0	0	0	0	0	0	0	0	0	0	0	0	0	0	0	0	0	0	0	0	0	0	0	0	0	0	0	0	0	0	0	0	0	0	0	0	0	0	0	0	0	0	0	0	0	0	0	0	0	0	
0	48	0	0	0	0	0	0	0	0	0	0	0	0	0	0	0	0	0	0	0	0	0	0	0	0	0	0	0	0	0	0	0	0	0	0	0	0	48	0	0	0	0	0	0	0	0	0	0	0	0	0	0	0	0	0	0	0	0	0	0	0	0	0	0	0	0	0	0	0	0	0	0	0	0	0	0	0	0	0	0	0	0	0	0	0	0	0	0	0	0	0	0	0	0	0	0	0	0	0	0	0	0	0	0	0	0	0	0	0	0	0	0	0	0	0	0	0	0	0	
0	0	0	0	0	0	0	0	0	0	0	0	0	0	0	0	0	0	0	0	0	0	0	0	0	0	0	0	0	0	0	0	0	0	0	0	0	0	0	0	0	0	0	0	0	0	0	0	0	0	0	0	0	0	0	0	0	0	0	0	0	0	0	0	0	0	0	0	0	0	0	0	0	48	0	0	0	0	0	0	0	0	0	0	0	0	0	0	0	0	0	0	0	0	0	0	0	0	0	0	0	0	0	0	0	0	0	0	0	0	0	0	0	0	0	0	0	48	0	0	
0	0	0	0	0	0	0	0	0	0	0	0	0	0	0	0	0	0	0	0	0	0	0	0	0	0	0	0	0	0	0	0	0	0	0	0	0	0	0	0	0	0	0	0	0	0	0	0	0	0	0	0	0	0	0	0	0	0	0	0	0	0	0	0	0	0	0	0	0	0	0	0	0	0	0	0	0	0	0	0	0	0	0	0	0	0	0	0	0	0	0	0	0	0	0	0	0	0	0	0	48	0	0	0	0	0	0	0	0	0	0	48	0	0	0	0	0	0	0	0	
0	0	0	0	0	0	0	0	0	0	0	0	0	0	0	0	0	0	0	0	0	0	0	0	0	0	0	0	0	0	0	0	0	0	0	0	0	0	0	0	0	0	0	0	0	0	48	0	0	0	0	0	0	0	0	0	0	0	0	0	0	0	0	0	0	0	0	0	0	0	0	0	0	0	0	0	0	0	0	0	0	0	0	0	0	0	0	0	0	0	0	0	0	0	0	0	0	48	0	0	0	0	0	0	0	0	0	0	0	0	0	0	0	0	0	0	0	0	0	0	
0	0	0	0	0	0	0	0	0	0	0	0	0	0	0	0	0	0	0	0	0	0	0	0	0	0	0	0	0	0	0	0	0	0	0	0	0	0	0	0	0	0	0	0	0	0	0	0	0	0	0	0	0	0	0	0	0	0	48	0	0	0	0	0	0	0	0	0	0	0	0	0	0	0	0	0	0	0	0	0	0	0	0	0	0	0	0	48	0	0	0	0	0	0	0	0	0	0	0	0	0	0	0	0	0	0	0	0	0	0	0	0	0	0	0	0	0	0	0	0	
0	0	0	0	48	0	0	0	0	0	0	0	0	0	0	0	0	48	0	0	0	0	0	0	0	0	0	0	0	0	0	0	0	0	0	0	0	0	0	0	0	0	0	0	0	0	0	0	0	0	0	0	0	0	0	0	0	0	0	0	0	0	0	0	0	0	0	0	0	0	0	0	0	0	0	0	0	0	0	0	0	0	0	0	0	0	0	0	0	0	0	0	0	0	0	0	0	0	0	0	0	0	0	0	0	0	0	0	0	0	0	0	0	0	0	0	0	0	0	0	
0	0	0	0	0	0	0	0	0	0	0	0	0	0	0	0	0	0	0	48	0	0	0	0	0	0	0	0	0	0	0	0	0	0	0	0	0	0	0	0	0	0	0	0	0	0	0	0	0	0	0	0	0	0	0	0	48	0	0	0	0	0	0	0	0	0	0	0	0	0	0	0	0	0	0	0	0	0	0	0	0	0	0	0	0	0	0	0	0	0	0	0	0	0	0	0	0	0	0	0	0	0	0	0	0	0	0	0	0	0	0	0	0	0	0	0	0	0	0	0	
0	0	0	0	0	0	0	0	0	0	0	0	0	0	0	0	0	0	0	0	0	0	0	0	0	0	0	0	0	0	0	0	0	0	0	0	0	0	0	0	0	0	0	0	0	0	0	0	0	0	0	0	0	0	0	0	0	0	0	0	0	0	0	0	0	0	0	0	0	0	0	0	0	0	0	0	0	0	0	0	0	0	0	0	48	0	0	0	0	0	0	0	0	48	0	0	0	0	0	0	0	0	0	0	0	0	0	0	0	0	0	0	0	0	0	0	0	0	0	0	
0	0	0	0	0	0	0	0	0	0	0	0	0	0	0	0	0	0	0	0	0	0	0	0	0	0	0	0	0	0	0	0	0	0	0	0	0	0	0	0	0	0	0	0	0	0	0	0	0	0	0	0	0	0	0	0	0	0	0	0	0	0	0	0	0	0	0	0	0	0	0	0	0	0	0	0	0	0	0	0	0	0	0	0	0	0	0	0	0	48	0	48	0	0	0	0	0	0	0	0	0	0	0	0	0	0	0	0	0	0	0	0	0	0	0	0	0	0	0	0	
0	0	0	0	0	0	0	0	0	0	0	0	0	0	0	0	0	0	0	0	0	0	0	0	0	0	0	0	0	0	0	0	0	0	0	0	48	0	0	0	0	0	0	0	0	0	0	0	0	0	0	0	0	0	0	0	0	0	0	0	0	0	0	0	0	0	0	0	0	0	0	0	0	0	0	0	0	0	0	0	0	0	0	0	0	0	0	0	48	0	0	0	0	0	0	0	0	0	0	0	0	0	0	0	0	0	0	0	0	0	0	0	0	0	0	0	0	0	0	0	
0	0	0	0	0	0	0	0	0	48	0	0	0	0	0	0	0	0	0	0	0	0	0	0	0	0	0	0	0	0	0	0	0	0	0	0	0	0	0	0	0	0	0	0	0	0	0	0	0	0	0	0	0	0	0	0	0	0	0	0	0	0	0	0	0	0	0	0	0	0	0	0	0	0	0	0	0	0	0	0	0	0	0	0	0	0	0	0	0	0	0	0	0	0	0	0	0	0	0	0	0	0	0	0	0	0	0	0	0	0	0	0	0	0	48	0	0	0	0	0	
0	0	0	0	0	0	0	0	0	0	0	0	0	0	0	0	0	0	0	0	0	0	0	0	0	0	0	0	0	0	0	0	0	0	48	0	0	0	0	0	0	0	0	0	0	0	0	0	0	0	0	0	0	0	0	0	0	0	0	0	0	0	0	0	0	0	0	0	0	0	0	0	0	0	0	0	0	0	0	0	0	0	0	0	0	0	0	0	48	0	0	0	0	0	0	0	0	0	0	0	0	0	0	0	0	0	0	0	0	0	0	0	0	0	0	0	0	0	0	0	
0	0	0	0	0	0	0	0	0	0	0	0	0	0	0	0	0	0	0	0	0	0	0	0	0	0	0	0	0	0	0	0	0	0	0	0	0	0	0	0	0	0	0	48	0	0	0	0	0	0	0	0	0	0	0	0	0	0	0	0	0	0	0	0	0	0	0	0	0	0	0	0	48	0	0	0	0	0	0	0	0	0	0	0	0	0	0	0	0	0	0	0	0	0	0	0	0	0	0	0	0	0	0	0	0	0	0	0	0	0	0	0	0	0	0	0	0	0	0	0	
0	0	0	0	0	0	0	0	0	0	0	0	0	0	0	0	0	0	0	0	0	0	0	0	0	0	0	0	0	0	0	0	0	0	0	0	0	0	0	0	0	0	0	0	0	0	0	0	0	0	0	0	0	0	0	0	0	0	0	0	0	0	0	0	0	0	0	0	0	0	0	0	0	0	0	0	0	0	0	0	0	0	0	0	0	0	0	48	0	0	0	0	0	0	0	0	0	0	0	0	0	0	0	0	0	0	0	0	0	0	48	0	0	0	0	0	0	0	0	0	
0	0	48	0	0	0	0	0	0	0	0	0	0	0	0	0	0	0	0	0	0	0	0	0	0	0	0	0	0	0	0	0	0	0	0	0	0	0	0	0	0	0	0	0	0	0	0	0	0	0	0	0	0	0	0	0	0	0	0	0	0	0	0	0	0	0	0	0	0	0	0	0	0	0	0	0	0	0	0	0	0	0	0	0	0	0	0	0	0	0	0	0	0	0	0	0	0	0	0	0	0	0	0	0	0	0	0	48	0	0	0	0	0	0	0	0	0	0	0	0	
0	0	0	0	0	0	0	0	0	0	0	0	0	0	0	0	0	0	0	0	0	0	0	0	0	0	0	0	0	0	0	0	0	0	0	0	0	0	0	0	0	0	0	0	0	0	0	48	0	0	0	0	0	0	0	0	0	0	0	0	48	0	0	0	0	0	0	0	0	0	0	0	0	0	0	0	0	0	0	0	0	0	0	0	0	0	0	0	0	0	0	0	0	0	0	0	0	0	0	0	0	0	0	0	0	0	0	0	0	0	0	0	0	0	0	0	0	0	0	0	
0	0	0	0	0	0	0	0	0	0	0	0	0	0	0	0	0	0	0	0	0	0	0	0	0	0	0	0	0	0	0	0	0	0	0	0	0	0	0	0	0	0	0	0	0	0	0	0	0	0	48	0	0	0	0	0	0	0	0	0	0	0	0	0	0	0	0	0	0	0	0	0	0	0	0	48	0	0	0	0	0	0	0	0	0	0	0	0	0	0	0	0	0	0	0	0	0	0	0	0	0	0	0	0	0	0	0	0	0	0	0	0	0	0	0	0	0	0	0	0	
0	0	0	0	0	0	0	0	0	0	0	0	0	0	0	0	0	0	0	0	0	0	0	0	0	0	0	0	0	0	0	0	0	0	0	0	0	0	0	0	0	0	0	0	0	0	48	0	0	0	0	0	0	0	0	0	0	0	0	0	0	0	0	0	0	0	0	0	0	0	0	0	0	0	0	0	0	0	0	0	0	0	0	48	0	0	0	0	0	0	0	0	0	0	0	0	0	0	0	0	0	0	0	0	0	0	0	0	0	0	0	0	0	0	0	0	0	0	0	0	
48	0	0	0	0	0	0	48	0	0	0	0	0	0	0	0	0	0	0	0	0	0	0	0	0	0	0	0	0	0	0	0	0	0	0	0	0	0	0	0	0	0	0	0	0	0	0	0	0	0	0	0	0	0	0	0	0	0	0	0	0	0	0	0	0	0	0	0	0	0	0	0	0	0	0	0	0	0	0	0	0	0	0	0	0	0	0	0	0	0	0	0	0	0	0	0	0	0	0	0	0	0	0	0	0	0	0	0	0	0	0	0	0	0	0	0	0	0	0	0	
0	0	0	0	0	0	0	0	0	0	0	0	0	0	0	0	0	0	0	0	0	0	0	0	0	0	48	0	0	0	0	0	0	0	0	0	0	0	0	0	0	48	0	0	0	0	0	0	0	0	0	0	0	0	0	0	0	0	0	0	0	0	0	0	0	0	0	0	0	0	0	0	0	0	0	0	0	0	0	0	0	0	0	0	0	0	0	0	0	0	0	0	0	0	0	0	0	0	0	0	0	0	0	0	0	0	0	0	0	0	0	0	0	0	0	0	0	0	0	0	
0	0	0	0	0	0	0	0	0	0	0	0	0	0	0	0	0	0	0	0	0	0	0	0	0	0	0	0	0	0	0	0	0	0	0	0	0	0	0	0	0	0	0	0	0	0	0	0	0	0	0	0	0	0	0	0	0	0	0	0	0	0	0	0	0	0	0	48	0	0	0	0	0	0	0	0	0	0	0	0	0	0	48	0	0	0	0	0	0	0	0	0	0	0	0	0	0	0	0	0	0	0	0	0	0	0	0	0	0	0	0	0	0	0	0	0	0	0	0	0	
0	0	0	0	0	0	0	0	0	0	0	0	0	0	0	0	0	0	0	0	0	0	0	0	0	0	0	0	0	0	0	0	0	0	0	0	0	0	0	0	0	0	0	0	0	0	0	0	0	0	0	0	0	0	0	0	0	0	0	0	0	0	0	0	0	0	0	0	0	0	0	0	0	0	0	0	0	0	0	0	0	0	0	0	0	0	0	0	0	0	0	0	0	0	0	0	0	0	0	0	0	0	0	0	0	0	0	0	48	48	0	0	0	0	0	0	0	0	0	0	
0	0	0	0	0	0	0	0	0	0	0	0	0	0	0	0	0	0	0	0	0	0	0	0	0	0	0	0	0	0	0	0	0	0	0	0	0	0	0	0	0	0	0	0	0	0	0	0	0	0	0	0	0	0	0	0	0	0	0	0	0	0	0	48	0	0	0	0	0	0	0	0	0	0	0	0	0	0	0	0	0	0	0	0	0	0	0	0	0	0	0	0	0	0	0	0	0	0	0	0	0	0	0	0	0	0	0	0	0	0	0	0	0	0	48	0	0	0	0	0	
0	0	0	0	0	0	0	0	0	0	0	0	0	0	0	0	0	0	0	0	0	0	0	0	0	0	0	0	0	0	0	0	0	0	0	0	0	0	0	0	0	0	0	0	48	0	0	0	0	0	0	0	0	0	0	0	0	0	0	0	0	0	0	0	0	0	0	0	0	0	0	0	0	0	0	0	0	0	0	0	0	0	0	0	0	0	0	0	0	0	0	0	0	0	0	0	0	0	0	0	0	0	0	0	0	0	0	0	0	0	0	0	0	0	0	0	0	0	0	48	
0	0	0	0	0	0	0	0	0	0	0	0	0	0	0	0	0	0	0	0	0	0	48	0	0	0	0	0	0	0	0	0	0	0	0	0	0	0	0	0	0	0	0	0	0	0	0	0	0	0	0	0	0	0	0	0	0	48	0	0	0	0	0	0	0	0	0	0	0	0	0	0	0	0	0	0	0	0	0	0	0	0	0	0	0	0	0	0	0	0	0	0	0	0	0	0	0	0	0	0	0	0	0	0	0	0	0	0	0	0	0	0	0	0	0	0	0	0	0	0	
0	0	0	0	0	0	0	0	0	0	0	0	0	0	0	0	0	0	0	0	0	0	0	0	0	0	0	0	0	48	0	0	0	0	0	0	0	0	0	0	0	0	0	0	0	0	0	0	0	0	0	0	0	0	0	0	0	0	0	0	0	0	0	0	0	0	0	0	0	0	0	0	0	0	0	0	0	0	48	0	0	0	0	0	0	0	0	0	0	0	0	0	0	0	0	0	0	0	0	0	0	0	0	0	0	0	0	0	0	0	0	0	0	0	0	0	0	0	0	0	
0	0	0	48	0	0	0	0	0	0	0	0	0	0	0	0	0	0	0	0	0	0	0	0	0	0	0	0	0	0	0	0	0	0	0	0	0	0	0	0	0	0	0	0	0	0	0	0	0	0	0	0	0	0	0	0	0	0	0	0	0	0	0	48	0	0	0	0	0	0	0	0	0	0	0	0	0	0	0	0	0	0	0	0	0	0	0	0	0	0	0	0	0	0	0	0	0	0	0	0	0	0	0	0	0	0	0	0	0	0	0	0	0	0	0	0	0	0	0	0	
0	0	48	0	0	0	0	0	0	0	0	0	0	0	0	0	0	0	0	0	0	0	0	0	0	0	0	0	0	0	0	0	0	0	0	0	0	0	0	0	0	0	0	0	0	0	0	0	0	0	0	0	0	0	0	0	0	0	0	0	0	0	0	0	0	0	0	0	0	0	0	0	0	0	0	0	0	0	0	0	0	0	0	0	0	0	0	0	0	0	0	0	0	0	48	0	0	0	0	0	0	0	0	0	0	0	0	0	0	0	0	0	0	0	0	0	0	0	0	0	
0	0	0	0	0	0	0	0	0	0	0	0	0	0	0	0	0	0	0	0	0	0	0	0	0	0	0	0	0	0	0	0	0	0	0	0	0	0	0	0	0	0	0	0	0	0	0	0	0	0	0	48	0	0	0	0	0	0	0	0	0	0	0	0	0	0	0	0	0	0	0	0	0	0	0	0	0	0	0	0	0	0	0	0	0	0	0	0	0	0	0	0	0	0	0	0	0	0	0	0	0	48	0	0	0	0	0	0	0	0	0	0	0	0	0	0	0	0	0	0	
0	0	0	0	0	0	0	0	0	0	0	0	0	0	0	0	0	0	0	0	0	0	0	0	0	0	0	0	0	0	0	0	0	0	0	0	0	48	0	0	0	0	0	0	0	0	0	0	0	0	0	0	0	0	0	0	0	0	0	0	0	0	0	0	0	0	0	0	0	0	0	0	0	0	0	0	0	0	0	0	0	0	0	0	0	0	0	0	0	0	0	0	0	0	0	0	0	0	0	0	0	48	0	0	0	0	0	0	0	0	0	0	0	0	0	0	0	0	0	0	
0	0	0	0	0	0	0	0	0	0	0	0	0	0	0	0	0	0	0	0	0	0	0	0	0	0	0	0	0	0	0	0	0	0	0	0	0	0	0	0	0	0	0	0	0	0	0	0	0	0	48	0	0	0	0	0	0	0	0	0	0	0	0	0	0	0	0	0	0	0	0	0	0	0	0	0	0	0	0	0	0	0	0	0	0	0	0	0	0	0	0	0	0	48	0	0	0	0	0	0	0	0	0	0	0	0	0	0	0	0	0	0	0	0	0	0	0	0	0	0	
0	0	0	0	0	0	0	0	0	0	0	0	0	0	0	0	0	0	0	0	0	0	0	0	0	0	0	0	0	0	0	0	0	0	0	0	0	0	0	0	48	0	0	0	0	0	0	0	0	0	0	0	0	0	0	0	0	0	0	0	0	0	0	0	0	0	0	0	0	0	0	0	0	0	0	0	0	0	0	0	0	0	48	0	0	0	0	0	0	0	0	0	0	0	0	0	0	0	0	0	0	0	0	0	0	0	0	0	0	0	0	0	0	0	0	0	0	0	0	0	
0	0	0	0	0	0	0	0	0	0	0	0	0	0	0	0	0	0	0	0	0	0	0	0	0	0	0	0	0	0	0	0	0	48	0	0	0	48	0	0	0	0	0	0	0	0	0	0	0	0	0	0	0	0	0	0	0	0	0	0	0	0	0	0	0	0	0	0	0	0	0	0	0	0	0	0	0	0	0	0	0	0	0	0	0	0	0	0	0	0	0	0	0	0	0	0	0	0	0	0	0	0	0	0	0	0	0	0	0	0	0	0	0	0	0	0	0	0	0	0	
0	0	0	0	0	0	0	0	0	0	0	0	0	0	0	0	0	0	0	0	0	48	0	0	0	0	0	0	0	0	0	0	0	0	0	0	48	0	0	0	0	0	0	0	0	0	0	0	0	0	0	0	0	0	0	0	0	0	0	0	0	0	0	0	0	0	0	0	0	0	0	0	0	0	0	0	0	0	0	0	0	0	0	0	0	0	0	0	0	0	0	0	0	0	0	0	0	0	0	0	0	0	0	0	0	0	0	0	0	0	0	0	0	0	0	0	0	0	0	0	
0	0	0	0	0	0	0	0	0	0	0	0	0	0	0	0	0	0	0	0	0	0	0	0	0	0	0	0	0	0	0	0	0	0	0	0	0	0	0	0	0	0	0	0	0	0	0	0	0	0	0	0	0	0	0	0	0	0	0	0	0	0	0	0	0	0	0	0	0	0	0	0	0	0	0	0	0	0	0	0	0	0	0	0	0	0	0	0	0	0	48	0	0	0	0	0	0	0	0	0	0	0	48	0	0	0	0	0	0	0	0	0	0	0	0	0	0	0	0	0	
0	0	0	0	0	0	0	0	0	0	0	0	0	0	0	0	0	0	0	0	0	0	0	0	0	48	0	0	0	0	0	0	0	0	0	0	0	0	0	0	0	0	0	0	0	0	0	0	0	0	0	0	0	0	0	0	0	0	0	0	0	0	0	0	0	0	0	48	0	0	0	0	0	0	0	0	0	0	0	0	0	0	0	0	0	0	0	0	0	0	0	0	0	0	0	0	0	0	0	0	0	0	0	0	0	0	0	0	0	0	0	0	0	0	0	0	0	0	0	0	
0	0	0	0	0	0	0	0	0	0	0	0	0	0	0	0	0	0	0	0	48	0	0	0	0	0	0	0	0	0	0	0	0	0	0	0	0	0	0	0	0	0	0	0	0	0	0	0	0	0	0	0	0	0	0	0	0	0	0	0	0	0	0	0	0	0	0	0	0	0	0	0	0	0	0	0	0	0	0	0	0	0	0	0	0	0	0	0	0	0	0	0	0	0	0	0	0	0	0	0	0	0	0	0	0	0	0	0	0	0	0	0	0	0	0	0	0	0	0	48	
0	0	0	0	0	0	0	0	0	0	0	0	0	0	0	0	0	0	0	0	0	0	0	0	0	0	0	0	0	0	0	0	0	0	0	0	0	0	0	0	0	0	0	0	0	0	0	0	0	0	0	0	0	0	0	0	0	0	0	0	0	0	0	0	0	0	0	0	0	0	0	0	0	48	0	0	0	0	0	0	0	48	0	0	0	0	0	0	0	0	0	0	0	0	0	0	0	0	0	0	0	0	0	0	0	0	0	0	0	0	0	0	0	0	0	0	0	0	0	0	
0	0	0	0	0	0	0	0	0	0	0	0	0	0	0	0	0	0	0	0	0	0	0	48	0	0	0	0	0	0	0	0	0	0	0	0	0	0	0	0	0	0	0	0	0	0	0	0	0	0	0	0	0	0	0	0	0	0	0	0	0	0	0	0	0	0	0	0	0	0	0	0	48	0	0	0	0	0	0	0	0	0	0	0	0	0	0	0	0	0	0	0	0	0	0	0	0	0	0	0	0	0	0	0	0	0	0	0	0	0	0	0	0	0	0	0	0	0	0	0	
0	0	0	0	0	0	0	0	0	0	0	0	0	0	0	0	0	0	0	0	0	0	0	0	0	0	0	0	0	0	0	0	0	0	0	0	0	0	0	0	0	0	0	0	0	0	0	0	0	0	0	0	0	0	0	0	0	0	0	0	0	0	0	0	0	0	0	0	0	0	0	0	0	0	0	0	0	0	0	0	0	0	0	0	0	0	0	0	0	0	0	0	0	0	0	0	0	0	0	0	0	0	0	48	0	0	0	0	0	0	0	0	0	0	0	0	48	0	0	0	
8	32	27	4	29	38	33	14	115	94	38	78	60	105	41	46	40	104	5	22	73	60	74	72	40	110	9	68	6	111	44	84	51	119	34	56	17	57	118	18	17	101	80	9	76	43	1	105	34	102	27	49	37	29	21	98	77	11	42	118	5	63	42	37	28	35	62	17	3	17	64	58	45	96	32	82	65	114	118	9	33	72	45	32	109	19	118	41	64	52	96	4	104	100	118	59	89	76	64	111	2	85	87	23	85	16	108	47	35	118	112	85	61	72	21	76	91	78	75	13	23	43	115	72	73	82	27	39	114	20	93	35	81	51	7	22	20	99	95	86	102	35	57	119	101	15	26	39	46	77	0	115	102	72	87	23	1	6	69	57	94	85	78	117	1	113	87	2	86	119	102	90	19	108	79	109	21	5	63	46	106	63	108	83	36	40	91	104	11	51	71	99	99	79	95	25	9	24	48	102	97	59	78	56	114	69	70	28	7	83	85	78	6	19	97	84	84	96	15	106	54	94	98	49	5	87	44	88	90	56	85	104	6	11	117	41	75	80	94	7	105	33	49	64	65	31	87	6	69	10	73	98	37	99	79	110	90	5	92	73	38	111	119	61	41	82	82	52	4	24	78	94	89	66	43	67	80	112	108	54	82	107	32	7	80	54	57	15	36	8	56	23	103	114	54	48	40	14	11	116	74	69	42	90	77	31	114	28	59	38	13	68	76	42	12	97	89	21	8	6	11	40	17	59	92	107	106	56	36	111	114	104	61	39	93	111	98	108	23	80	15	108	48	66	35	68	46	50	59	30	1	64	40	5	113	14	14	97	79	118	46	91	91	9	105	29	15	95	72	30	99	27	91	49	56	11	29	14	1	107	46	63	36	10	38	115	92	34	8	101	113	36	59	85	37	8	82	84	48	32	116	43	44	109	108	99	41	95	81	6	49	65	117	108	4	82	25	14	76	115	95	93	57	22	102	3	92	52	104	72	15	38	54	61	35	12	65	59	47	73	66	19	31	67	74	111	25	62	49	14	49	33	74	43	5	94	101	46	24	22	99	57	19	17	52	27	70	9	3	15	58	87	39	13	49	3	83	38	68	79	38	67	2	44	11	14	71	27	113	39	41	52	114	119	44	105	40	39	22	98	90	32	58	34	34	60	97	24	81	75	11	30	32	22	43	65	14	29	44	112	60	42	97	32	50	34	8	93	35	25	70	3	70	52	79	56	39	113	113	10	83	28	16	4	79	58	42	20	80	81	36	111	28	5	26	81	70	52	10	49	21	50	113	51	61	68	59	115	67	16	118	95	68	82	62	93	61	112	106	80	107	6	20	62	28	49	20	60	75	31	53	54	95	52	53	43	4	77	56	31	55	64	28	78	37	105	46	31	68	86	26	61	87	43	38	30	29	70	7	47	58	107	49	61	115	31	58	61	5	87	110	3	109	33	11	46	88	106	6	10	68	102	92	35	100	90	17	79	31	40	97	118	117	51	42	18	94	24	79	40	27	24	10	74	55	108	58	64	88	77	10	4	2	107	113	109	4	40	58	62	23	110	53	24	110	27	18	51	63	35	87	38	1	75	85	4	15	93	65	105	70	116	97	62	87	93	59	54	61	47	51	94	101	103	99	116	59	78	115	84	9	88	13	47	56	52	43	31	12	31	103	69	42	49	46	11	114	12	15	47	110	30	62	117	44	35	73	25	112	109	81	104	109	52	54	117	114	49	25	102	25	12	115	116	80	57	16	29	45	104	51	52	15	1	101	44	60	107	45	25	43	10	15	65	111	31	28	94	67	50	110	64	50	70	6	7	21	82	14	59	40	25	37	64	1	54	15	97	76	95	0	109	92	44	46	52	81	3	77	88	79	30	39	7	114	61	91	97	62	53	30	12	111	5	28	92	115	48	76	38	30	28	50	50	118	22	113	7	100	5	56	71	30	94	112	13	30	108	114	41	51	37	44	62	36	66	73	0	2	53	70	24	39	101	92	77	74	55	32	110	70	33	98	18	49	56	56	9	13	17	8	116	1	76	63	63	68	0	48	24	99	110	50	42	34	88	31	43	96	6	83	24	15	109	45	73	0	114	110	64	31	119	79	70	50	73	99	28	77	39	18	88	105	47	7	0	77	114	62	43	40	26	47	55	43	3	98	77	28	48	59	55	47	51	86	35	80	89	60	43	95	32	3	90	6	20	3	2	4	72	27	42	10	51	117	27	10	114	39	7	54	48	81	107	78	46	53	16	100	95	77	109	97	75	30	51	48	30	116	2	80	96	47	20	60	7	20	41	83	97	115	24	98	105	8	40	51	102	67	118	109	13	87	11	64	4	83	52	102	107	68	102	59	11	13	33	104	94	6	54	117	83	32	39	74	28	46	47	110	110	38	84	43	45	43	95	19	74	36	0	103	106	54	15	51	105	90	94	66	1	112	22	36	97	98	104	112	23	24	91	42	75	117	17	60	107	85	117	93	35	115	77	68	85	104	17	1	66	2	43	19	96	15	56	90	61	88	28	65	31	104	45	54	101	13	71	61	83	27	75	37	83	28	8	38	5	58	3	49	27	72	37	20	6	71	29	84	54	12	69	23	81	3	102	98	101	87	61	90	66	31	57	18	117	54	91	73	58	86	29	60	37	63	24	1	24	40	78	97	99	55	91	74	36	90	20	8	108	118	106	12	29	90	60	8	65	35	102	39	82	38	115	50	110	74	43	96	7	65	41	17	45	20	21	86	35	12	111	74	2	90	20	91	94	61	7	5	52	27	90	40	107	87	98	81	100	10	86	69	92	40	65	4	118	45	33	76	69	99	56	44	28	42	7	79	92	53	30	46	72	83	43	37	68	29	101	53	44	6	106	88	66	3	108	92	5	109	6	70	97	103	101	59	116	88	81	74	47	8	96	94	41	89	68	15	116	115	16	99	2	12	112	42	97	100	39	119	99	86	86	33	31	48	72	72	19	61	83	93	82	39	115	70	72	33	45	67	47	38	40	15	49	38	31	92	74	96	7	100	39	101	42	119	63	4	22	43	39	28	56	17	110	94	50	27	32	43	82	63	10	69	56	70	95	56	112	70	48	14	105	100	86	103	15	51	50	79	95	6	117	87	107	47	31	109	97	65	42	62	38	117	116	38	73	86	112	18	22	41	13	65	118	29	19	26	106	111	11	31	71	43	5	16	61	117	28	54	26	89	8	116	62	36	86	10	3	85	113	116	112	6	108	19	62	57	105	55	58	117	68	57	35	74	116	106	88	83	39	45	26	38	65	70	77	110	111	32	79	21	55	56	1	9	44	5	118	16	62	74	72	36	0	17	108	18	9	69	116	51	6	55	95	91	56	90	2	70	69	11	58	18	48	36	119	55	96	81	88	66	33	0	69	22	0	58	113	117	54	79	33	89	3	117	31	36	61	72	48	93	37	2	72	100	100	30	83	95	36	55	64	118	96	6	51	39	74	87	86	49	114	7	2	77	107	46	0	82	39	45	63	89	68	67	85	30	31	11	43	114	20	48	119	111	26	55	56	68	48	43	78	119	52	16	46	44	35	115	76	4	53	77	98	54	0	85	41	104	61	75	105	69	25	90	99	103	31	91	12	41	16	108	56	91	104	1	8	16	42	24	23	29	36	0	51	85	66	44	113	37	12	29	75	91	31	35	118	28	89	40	117	40	35	5	57	64	70	84	89	30	82	100	119	3	89	103	117	31	76	62	3	89	46	93	84	67	100	106	47	20	37	10	8	82	110	30	115	79	13	18	100	91	69	67	3	57	3	48	38	115	46	94	32	28	110	4	79	89	53	36	12	102	15	95	57	34	3	56	78	22	81	69	72	16	37	50	91	45	24	110	90	46	79	69	85	81	84	118	119	97	22	98	74	48	40	109	20	23	56	42	43	54	87	76	50	54	102	31	87	45	8	3	67	63	22	76	77	97	3	88	25	71	113	66	41	44	79	106	49	88	118	81	19	4	111	49	32	92	13	62	76	94	115	104	33	35	84	28	23	6	37	74	54	8	99	55	95	78	80	8	111	26	44	114	68	52	102	107	60	24	65	60	118	55	11	87	25	39	4	28	4	77	27	25	56	119	67	98	35	53	52	34	113	19	92	40	10	107	50	52	77	108	0	74	28	93	13	36	84	78	85	25	103	46	59	35	41	93	59	117	62	14	79	36	28	34	90	1	71	66	1	60	114	89	47	92	53	34	12	68	108	74	15	119	98	22	84	53	43	14	83	114	47	31	12	77	69	99	100	45	85	39	24	9	61	31	26	86	27	116	99	112	64	80	33	0	33	117	93	25	90	107	85	101	56	51	93	48	89	93	15	107	59	97	44	38	13	24	61	24	54	91	1	107	107	19	33	47	22	111	70	22	54	116	31	58	1	106	51	107	26	51	57	86	60	58	77	17	17	108	34	87	47	3	86	94	35	67	34	91	42	25	67	98	62	112	71	107	103	28	107	55	27	18	94	15	90	28	79	27	7	83	5	64	70	48	60	57	39	98	33	42	48	79	119	111	12	21	19	117	59	17	88	1	78	91	99	92	36	59	60	97	37	100	33	13	26	84	54	4	101	90	114	29	107	38	93	4	93	8	89	78	87	73	95	13	34	74	13	23	49	37	89	108	76	0	46	115	89	62	51	9	91	24	101	57	67	103	39	27	61	60	111	63	0	43	74	100	111	78	47	34	89	65	28	69	61	20	11	75	35	91	71	12	83	68	76	98	70	99	119	57	38	0	107	91	108	89	96	56	35	84	104	18	0	78	113	70	37	78	42	41	46	53	58	79	71	78	86	66	47	12	20	33	35	22	1	76	106	36	24	56	66	80	17	0	75	63	64	95	101	12	100	52	43	15	34	59	8	26	6	42	5	68	47	31	39	5	105	65	24	101	45	84	8	111	39	41	5	50	20	45	2	83	19	32	115	97	80	24	57	71	86	22	43	94	46	107	46	74	65	67	52	116	113	48	80	73	119	65	58	16	107	64	55	9	94	15	30	12	46	90	7	107	66	42	5	112	5	37	73	113	46	85	81	95	15	63	112	25	88	40	0	8	10	14	29	46	5	31	49	95	81	5	33	102	78	71	84	59	98	93	12	110	16	6	27	81	64	106	1	15	26	13	112	38	85	75	15	23	47	46	35	112	70	114	118	58	77	15	20	111	69	103	90	44	85	18	92	11	77	18	37	8	77	9	86	9	24	80	61	49	105	42	118	66	66	12	98	28	5	14	53	54	36	69	16	12	13	23	55	102	14	4	31	107	80	84	102	58	2	40	73	103	80	47	57	12	2	104	80	18	8	34	17	5	14	64	104	35	68	84	97	42	34	116	118	104	48	97	107	92	111	60	80	15	47	103	24	2	36	99	3	84	11	99	86	36	107	0	45	79	48	63	76	29	30	56	40	1	38	103	26	59	48	107	1	17	85	37	110	67	67	23	50	18	55	94	29	27	19	79	65	92	89	75	115	116	94	103	110	58	11	47	48	52	85	107	6	76	29	39	99	16	81	107	42	83	85	113	67	88	106	2	65	24	61	102	104	101	115	74	87	119	96	30	29	66	75	44	91	78	83	16	68	118	45	112	55	65	79	89	72	83	38	8	99	26	118	49	19	51	69	59	31	53	29	36	64	63	91	72	105	112	116	88	109	8	0	119	15	43	117	81	36	60	93	110	28	64	101	12	115	99	105	104	77	51	98	104	64	23	48	78	104	100	43	42	99	43	37	87	51	42	84	42	39	4	79	2	90	91	52	49	49	28	34	24	86	84	81	57	50	87	12	43	71	61	75	63	99	61	103	13	116	109	115	43	78	38	4	13	84	31	62	57	89	74	47	111	23	7	23	46	5	74	73	111	61	43	89	97	6	57	111	94	0	118	116	14	70	74	97	53	38	68	105	6	45	83	74	104	36	118	109	55	6	39	82	34	48	25	13	84	89	52	67	99	89	57	25	53	34	78	20	100	16	36	23	102	119	34	28	50	98	62	75	108	96	7	89	13	112	104	21	30	13	53	16	14	83	27	18	62	31	104	90	107	111	37	94	97	111	38	81	83	96	48	1	54	102	11	7	1	77	106	28	81	54	51	19	25	32	80	86	100	8	15	114	14	75	0	113	17	80	25	101	22	16	46	3	49	118	41	83	14	74	81	85	53	50	95	67	8	91	35	52	68	79	90	29	65	85	60	33	30	81	32	54	73	80	4	89	34	26	4	16	64	10	118	90	84	32	59	112	47	56	82	50	37	82	43	29	70	79	51	108	57	51	40	43	113	43	23	47	64	21	25	21	78	51	69	92	71	97	33	69	109	60	56	25	69	4	38	52	69	106	12	4	90	91	95	75	76	65	77	76	63	12	90	117	24	46	93	38	82	59	51	17	114	92	29	12	9	88	66	13	45	42	69	119	86	85	79	71	32	63	102	67	0	99	73	13	103	1	105	26	76	115	52	22	53	22	12	46	81	5	77	114	88	23	86	106	106	37	29	10	50	2	63	37	17	113	76	16	75	95	26	4	36	53	9	94	5	46	89	71	101	50	105	105	34	82	50	19	25	119	61	109	81	5	4	16	18	91	48	73	80	72	88	57	46	8	3	83	75	79	6	53	8	113	62	27	24	28	104	23	35	51	13	87	64	70	119	61	41	32	108	2	69	51	54	70	108	74	100	74	48	113	69	43	12	57	88	60	110	40	111	52	23	97	107	12	28	96	31	97	45	67	99	30	116	93	100	97	73	85	90	37	103	21	56	65	114	111	64	95	113	79	76	31	67	14	34	99	83	24	35	74	6	89	94	31	44	62	76	117	105	44	24	11	82	118	13	39	56	15	63	16	17	31	74	2	11	39	76	94	10	50	66	27	66	83	92	0	59	17	84	46	102	35	80	68	119	59	6	115	66	2	81	50	56	101	79	93	53	56	40	104	96	28	27	13	86	16	108	114	118	119	107	26	101	40	99	33	4	39	80	52	38	19	114	80	55	76	31	4	80	40	76	25	79	8	0	92	99	119	99	99	44	110	117	102	26	63	53	49	10	75	69	37	5	118	84	87	46	54	108	117	29	52	65	110	89	21	22	51	91	20	3	118	109	40	74	52	45	1	55	39	83	70	91	95	105	73	102	22	117	68	11	27	94	102	91	71	69	92	83	82	10	111	13	111	118	88	44	69	77	75	93	90	35	68	18	78	22	35	68	12	53	57	31	109	44	32	31	98	70	30	34	7	64	98	117	20	3	36	79	104	45	113	23	32	6	78	88	89	112	103	14	75	107	39	27	40	70	113	24	88	28	99	5	61	45	63	72	58	90	16	98	103	88	25	103	83	103	65	86	97	44	53	53	47	9	104	84	7	22	68	33	36	5	6	42	110	119	29	55	23	7	50	47	40	66	98	96	68	114	115	109	12	11	88	90	104	52	85	14	40	109	35	67	101	49	25	117	15	72	50	36	37	91	66	66	116	94	63	42	76	86	11	103	95	113	83	75	44	32	119	95	69	19	74	106	56	94	49	71	32	110	21	100	20	102	115	23	46	49	41	11	47	64	106	103	1	22	82	43	105	78	28	20	91	26	75	90	59	104	86	35	34	77	105	59	112	41	13	53	84	62	60	36	101	67	31	32	51	58	45	100	114	47	100	74	70	66	5	4	38	58	103	102	93	98	33	114	52	61	37	38	17	46	92	116	2	107	45	75	0	31	40	101	61	49	110	90	10	12	114	7	13	114	82	116	56	103	56	40	60	90	35	15	71	43	33	10	69	2	10	80	36	69	7	72	12	109	81	58	87	99	54	25	64	84	88	21	79	106	83	75	106	113	79	69	104	46	88	12	105	110	116	24	112	27	31	37	35	64	50	95	86	113	73	25	29	74	88	14	109	7	25	47	111	73	13	85	117	9	115	9	102	81	77	70	51	3	112	17	80	17	41	9	102	76	30	7	91	108	98	20	3	107	114	15	51	67	109	17	33	61	57	22	86	58	112	86	94	53	42	73	90	26	3	35	103	55	6	46	27	38	69	41	24	48	29	45	103	2	78	78	92	18	115	56	15	106	0	28	0	117	59	85	89	73	36	48	45	64	74	115	95	35	114	72	88	69	43	48	80	73	108	99	12	117	19	104	35	39	119	118	1	87	41	31	44	62	14	91	115	101	9	54	4	82	81	87	48	8	32	7	52	74	109	68	81	94	95	55	76	15	69	24	1	107	3	54	110	59	28	105	112	42	116	8	48	34	71	113	74	80	78	11	85	79	11	30	84	74	14	108	19	94	56	2	59	4	86	25	48	61	54	103	58	11	63	38	26	86	55	111	92	67	44	17	105	72	106	82	71	6	84	116	70	89	26	110	74	115	65	87	61	8	97	91	84	41	113	0	55	10	66	44	98	38	20	100	93	7	35	66	31	95	46	63	100	45	71	32	59	14	28	95	109	42	71	47	88	119	83	88	19	40	9	103	12	64	119	39	90	22	65	27	50	52	49	64	34	36	17	75	62	65	9	28	81	103	66	60	9	15	16	36	30	73	77	19	34	113	62	25	63	20	49	6	71	64	53	105	1	118	79	53	54	6	117	8	13	69	93	81	69	77	67	17	47	0	89	38	30	6	48	6	15	81	63	67	100	11	91	112	17	24	74	114	27	46	88	16	40	33	108	86	23	5	66	22	84	78	107	56	77	112	85	78	110	117	2	47	72	116	32	112	39	40	14	117	106	48	111	90	106	88	59	110	41	38	70	7	73	60	82	69	95	51	38	119	48	21	64	36	63	101	15	111	11	21	116	22	116	63	116	22	73	86	57	82	78	46	66	76	34	65	108	37	79	15	76	64	50	59	103	23	75	106	14	26	20	97	15	87	109	41	86	51	115	98	93	81	78	110	91	71	22	76	42	71	95	77	67	17	18	29	44	3	14	99	81	47	0	99	45	69	89	104	104	108	3	27	14	37	35	29	24	3	71	116	50	119	118	117	105	92	104	18	5	15	37	57	110	70	84	62	24	78	29	8	104	71	45	109	37	3	91	90	70	86	59	112	28	31	91	13	52	18	97	38	37	7	2	31	29	74	97	85	61	70	29	97	16	111	78	20	26	54	81	26	10	48	18	39	22	43	76	37	66	56	97	91	23	11	64	106	100	111	93	38	75	36	100	5	109	1	51	42	111	80	7	74	102	14	51	38	82	18	20	24	119	100	57	14	36	34	105	90	102	30	34	101	71	105	35	67	39	87	47	68	10	53	81	86	38	38	100	78	91	113	8	87	1	80	71	104	3	86	85	62	70	47	78	76	0	107	69	14	24	59	83	74	56	106	51	89	89	40	111	22	12	57	101	112	45	81	15	117	13	103	50	14	22	54	119	0	16	34	61	23	34	22	23	35	84	42	3	37	48	74	6	101	7	51	29	64	29	66	38	68	78	35	84	1	39	33	35	5	29	63	18	66	43	91	46	47	20	18	24	20	86	20	117	73	117	4	25	57	29	15	113	66	93	78	76	95	37	28	66	70	44	18	78	90	5	67	15	104	105	38	76	80	107	60	30	59	23	116	63	11	56	53	92	18	25	29	58	68	62	23	66	118	13	43	77	83	13	100	64	66	2	50	86	80	96	57	33	92	39	83	5	56	5	14	67	87	30	53	113	116	105	69	21	75	86	72	49	106	67	10	37	3	46	62	36	49	83	0	82	55	25	51	89	60	13	81	107	118	2	29	65	45	95	44	35	3	57	15	65	33	94	41	80	58	76	62	110	13	80	87	13	64	41	93	95	4	59	50	83	107	68	117	74	9	60	102	66	70	81	108	15	46	13	96	79	61	93	87	14	0	100	67	41	19	10	33	107	3	60	35	15	119	32	87	100	117	34	89	115	110	104	29	23	105	55	109	53	115	61	6	12	78	104	23	117	97	52	97	22	98	17	38	72	0	90	10	41	24	84	19	22	7	116	37	27	47	28	109	62	60	89	17	23	6	20	96	82	44	38	76	116	74	84	16	64	63	74	55	38	87	68	48	105	10	76	62	40	91	49	13	2	74	25	56	36	1	117	98	29	111	60	73	113	27	72	114	25	94	72	66	29	19	43	58	4	84	32	87	25	102	48	83	77	33	117	72	45	103	110	79	85	30	23	50	51	25	21	53	4	7	94	19	67	48	30	80	72	47	94	24	103	79	90	61	91	57	42	4	22	69	5	55	42	36	44	54	112	33	117	111	25	48	42	54	35	36	2	51	98	39	25	32	80	3	22	19	72	67	16	2	77	81	2	48	33	20	113	16	23	35	35	36	111	62	24	76	41	61	68	68	22	72	28	96	90	92	109	116	66	18	41	22	112	108	58	90	49	80	14	101	104	60	88	22	44	63	46	68	0	34	113	27	12	42	29	79	41	46	6	38	38	41	7	20	112	25	99	99	37	23	40	67	15	88	54	44	56	23	117	34	105	101	50	23	34	100	79	76	29	114	3	101	80	110	14	57	61	56	91	80	70	43	8	47	19	88	113	65	24	96	49	68	78	34	92	17	92	85	87	88	55	80	18	108	7	51	57	86	21	109	89	22	26	108	100	63	21	41	39	9	14	40	12	98	14	78	4	110	4	2	112	22	35	48	32	99	87	90	117	110	8	15	115	101	112	46	14	97	10	59	41	40	117	109	114	105	104	23	10	45	98	75	43	44	30	26	68	40	82	99	9	83	68	63	109	102	78	3	110	80	77	9	87	23	46	69	116	8	53	80	110	68	89	41	66	6	45	103	66	112	117	72	53	12	100	4	61	31	99	75	92	23	84	80	118	84	95	9	10	60	4	110	47	71	46	72	58	8	5	22	112	48	98	63	35	73	26	113	7	90	57	31	32	55	119	73	30	28	107	15	46	117	77	43	75	11	25	87	109	21	29	112	54	46	113	88	40	5	54	87	44	39	100	46	116	7	16	41	103	58	25	93	27	106	97	2	119	52	57	27	106	32	53	73	49	46	90	84	24	109	96	93	91	104	33	51	101	94	8	109	107	43	29	16	5	55	106	55	83	78	92	95	64	23	84	74	51	65	66	16	32	19	20	70	78	0	50	16	29	55	18	104	95	79	12	26	18	62	57	53	31	16	17	30	9	31	59	98	63	104	89	55	50	105	9	100	16	20	91	47	18	2	93	13	108	56	85	20	27	12	75	41	6	90	32	113	77	105	8	86	37	23	60	17	102	67	34	12	114	6	69	70	0	82	95	104	85	89	40	107	112	42	72	27	41	89	119	117	76	25	98	110	41	67	15	2	94	33	64	107	71	25	32	63	96	91	87	16	18	31	87	64	89	58	3	109	102	93	63	46	95	47	82	60	103	84	22	2	25	100	54	11	85	1	70	10	42	20	52	92	41	62	33	82	105	111	0	74	102	112	46	31	85	114	48	31	33	108	42	69	39	41	19	44	40	71	101	26	21	111	33	10	29	80	55	94	27	115	3	98	38	92	17	8	113	80	93	25	91	47	4	105	29	92	74	107	81	40	52	72	53	35	28	91	29	45	69	93	111	76	27	10	72	66	55	67	5	96	67	30	34	92	66	90	87	36	70	13	116	105	95	60	34	70	113	22	93	20	50	20	39	72	88	53	101	90	97	82	70	118	105	59	9	26	7	46	38	11	91	87	94	118	84	39	61	22	13	58	41	76	80	43	58	37	96	41	117	48	76	89	63	88	105	2	12	74	83	16	28	11	90	1	93	73	95	34	59	113	8	95	100	94	72	35	82	18	0	100	36	8	98	7	111	37	21	39	79	67	109	13	13	5	11	93	26	4	93	76	44	24	47	37	11	71	46	114	12	91	11	94	14	88	6	100	7	36	67	23	54	44	19	6	58	90	60	55	104	101	17	89	78	68	50	84	116	58	38	64	55	61	10	72	2	19	43	99	78	71	42	73	56	84	111	77	69	109	108	41	75	57	107	64	113	6	40	110	76	64	79	105	112	118	71	20	90	107	3	26	79	42	107	39	113	56	17	51	19	1	49	111	88	50	95	22	17	46	100	45	108	1	70	37	76	47	89	61	36	35	99	16	108	10	111	2	30	98	107	24	15	76	14	32	90	15	87	43	75	88	81	52	112	88	99	114	60	62	83	13	12	117	74	68	94	68	115	91	115	60	73	4	60	14	90	56	11	116	105	0	39	14	45	40	68	66	119	0	14	2	99	96	34	65	89	46	108	27	100	55	87	51	32	92	7	43	74	108	28	114	99	90	53	12	46	37	43	32	101	106	54	63	30	102	46	37	70	4	104	112	31	68	14	44	12	18	5	84	5	56	12	59	23	50	59	34	15	59	5	68	8	86	42	100	0	49	53	11	27	34	55	15	86	91	68	100	50	53	101	20	85	65	38	47	16	26	3	118	13	25	41	42	10	13	106	71	4	98	49	49	19	101	106	114	86	47	95	86	83	48	3	19	9	8	99	29	8	41	43	29	27	41	67	4	66	6	96	103	79	105	77	29	15	60	42	23	38	58	36	49	80	104	92	34	107	23	75	78	57	111	119	88	100	8	7	98	109	39	26	107	97	102	106	60	99	24	113	70	28	114	29	97	9	16	33	117	115	116	47	66	91	110	40	99	74	17	95	108	90	31	82	75	94	44	81	22	52	18	46	17	31	95	10	53	0	84	50	71	76	80	50	63	4	66	110	78	62	27	53	116	61	6	66	106	47	66	44	79	103	36	90	97	110	99	51	17	56	82	58	0	42	11	30	40	114	63	87	21	77	65	118	59	98	73	74	17	35	101	18	77	60	32	27	88	100	12	112	9	52	21	39	46	19	95	106	78	106	29	50	38	84	77	77	10	21	116	21	110	53	7	95	9	96	28	35	33	9	79	3	79	15	115	43	114	109	100	40	3	80	99	86	116	52	88	12	13	19	97	8	27	92	72	0	99	4	88	19	67	85	71	81	39	13	117	50	55	30	5	70	28	69	44	113	79	98	28	54	13	97	28	68	53	51	52	39	83	35	34	107	69	69	116	106	42	48	105	8	68	110	48	3	32	116	11	37	15	84	20	111	75	24	8	76	11	78	82	110	63	118	85	12	51	37	42	89	26	37	115	12	94	73	59	53	16	74	0	19	13	46	46	110	51	88	86	109	66	19	65	13	34	44	93	27	107	11	85	46	107	106	89	94	56	82	83	59	58	86	26	49	102	6	6	110	29	5	71	22	67	72	53	48	90	31	3	2	85	15	44	50	50	5	9	70	117	31	13	41	40	14	101	64	64	74	36	65	109	109	99	50	8	0	47	100	83	14	33	107	22	36	87	18	30	78	61	15	53	71	42	64	15	102	8	50	104	35	22	41	5	8	84	108	106	38	10	106	40	56	46	82	24	76	88	96	100	65	98	75	114	28	36	76	70	65	88	104	97	86	96	40	44	50	5	14	20	61	114	112	25	72	24	66	16	36	53	63	102	35	18	32	59	51	63	76	50	116	8	62	109	53	43	22	82	24	95	95	17	99	110	50	65	2	95	52	76	22	71	72	29	74	117	99	55	96	27	33	35	90	11	52	88	89	103	59	25	22	86	73	40	96	106	47	27	79	88	39	2	12	65	108	54	10	35	13	21	81	32	73	85	67	3	42	104	81	23	99	50	69	73	102	48	90	118	48	68	37	8	47	98	115	105	27	2	36	80	86	42	63	64	117	3	119	116	43	106	48	0	116	12	104	98	86	34	5	40	36	71	38	110	52	35	74	6	41	41	53	62	65	54	38	117	82	54	74	17	18	80	54	117	20	63	116	9	31	85	119	36	117	1	51	69	40	83	57	87	80	110	83	87	103	15	54	91	95	8	86	114	15	101	75	10	63	21	115	65	44	102	59	32	104	93	54	67	15	103	59	61	10	34	19	59	5	103	9	33	34	28	34	11	7	113	30	85	23	81	31	68	15	0	19	100	104	1	12	103	7	79	50	102	49	91	5	92	3	96	91	114	61	26	82	115	29	93	44	44	87	101	113	65	107	79	92	21	62	53	51	47	5	104	69	59	72	13	41	56	103	54	5	112	19	19	51	104	83	9	68	89	29	5	97	66	69	26	53	40	106	14	92	2	87	104	0	14	97	79	63	67	27	85	17	5	100	28	82	3	11	83	87	87	75	22	7	72	68	64	39	46	19	20	14	66	3	88	30	69	111	71	108	39	11	26	44	33	105	118	74	34	89	21	49	52	25	52	71	13	101	56	70	78	30	84	60	45	7	36	2	24	54	61	80	83	99	14	108	62	118	0	15	82	104	73	85	8	45	92	17	21	78	82	22	51	87	43	21	67	40	110	117	5	19	6	11	62	18	17	43	25	118	23	58	113	23	10	85	70	110	97	116	52	117	119	62	39	55	16	60	45	36	8	113	69	59	111	110	5	77	19	33	15	100	37	104	90	69	116	15	26	111	94	57	60	3	20	41	26	56	101	53	87	58	38	48	49	65	23	76	24	31	99	118	112	76	26	92	86	1	81	14	72	47	33	5	26	73	76	116	38	12	1	106	45	96	45	11	47	62	90	35	12	84	66	110	21	17	58	44	88	80	53	99	0	97	54	79	
36	10	61	83	71	92	59	97	93	88	6	36	27	4	83	25	109	107	32	109	26	52	106	36	45	51	44	100	116	109	85	97	4	55	2	49	26	46	7	89	67	112	89	13	28	0	77	3	2	109	25	40	113	99	66	64	0	63	99	65	82	118	44	39	85	101	71	41	46	57	35	50	82	16	100	23	62	78	8	102	39	47	67	76	2	74	107	85	35	3	44	39	49	72	67	7	95	20	14	105	83	109	33	11	91	17	57	114	66	100	4	2	46	27	70	25	115	75	5	3	80	89	109	55	97	20	66	1	108	3	12	82	53	82	21	12	5	35	53	40	6	14	86	7	112	45	98	34	29	57	111	10	100	10	33	25	112	58	0	54	50	26	36	84	66	98	72	19	81	51	75	35	104	23	71	23	33	31	44	47	12	3	61	52	106	21	41	47	93	102	27	73	5	78	58	51	107	110	96	55	33	104	21	76	119	61	4	60	94	5	44	17	88	90	104	42	5	37	23	69	82	82	32	39	64	86	62	112	59	25	54	95	80	31	79	15	69	45	30	86	77	96	63	41	102	30	96	101	46	59	93	14	16	4	28	42	51	70	89	22	90	15	26	87	19	99	75	82	12	39	58	75	96	1	60	0	22	84	36	14	25	47	2	81	96	79	105	47	22	55	94	77	82	86	15	8	23	112	16	29	4	98	87	8	60	106	17	95	22	20	34	39	22	77	79	13	8	10	110	53	3	89	52	29	43	62	101	114	100	14	102	73	77	59	42	100	112	63	111	5	80	84	93	44	102	83	21	43	67	106	22	59	80	30	26	96	34	106	5	104	103	27	4	64	59	103	109	21	75	59	85	76	68	18	9	58	27	67	5	99	93	83	79	118	16	77	83	22	80	113	119	97	81	49	56	53	58	92	42	29	39	15	19	95	85	93	16	47	66	62	93	4	113	100	72	90	97	102	118	53	70	64	35	44	77	0	101	106	27	2	56	101	77	20	26	74	48	106	80	38	42	49	7	70	86	30	51	47	51	0	57	29	109	89	24	23	65	112	51	56	68	81	71	71	43	74	3	87	44	79	9	86	66	21	41	9	12	10	46	45	110	10	62	6	61	75	13	107	30	41	81	88	38	81	119	9	35	73	4	76	56	21	76	31	108	2	100	5	91	38	99	52	2	107	112	88	80	107	105	32	80	11	21	0	75	116	115	97	26	63	86	85	37	60	110	5	6	69	84	56	5	35	49	17	52	31	38	0	3	42	4	87	60	93	60	94	48	24	32	86	47	102	31	41	27	94	43	63	116	82	38	97	36	50	88	0	28	89	57	86	68	94	68	35	110	115	49	1	90	18	105	8	82	89	69	113	54	116	86	37	24	91	53	30	41	22	115	52	113	23	58	9	90	15	57	37	36	71	98	113	9	80	111	14	73	114	88	102	78	104	109	65	17	73	25	9	74	39	12	85	3	35	31	49	4	5	91	107	19	97	11	54	89	97	85	60	100	12	60	27	113	119	51	32	86	38	104	24	62	110	24	0	112	61	64	69	65	7	12	76	68	74	18	10	56	75	47	116	41	14	44	89	39	62	8	67	60	48	109	12	111	26	101	4	19	2	82	10	113	109	31	90	53	119	43	105	48	24	62	79	63	13	116	2	27	105	17	115	54	36	26	54	66	26	93	70	10	117	33	103	115	28	67	110	11	10	91	71	93	67	95	54	71	68	15	57	26	88	51	24	100	78	70	100	53	107	62	22	110	106	45	68	28	14	82	33	42	10	26	72	66	91	18	80	75	113	8	36	118	14	81	14	64	37	116	77	64	28	103	6	31	93	52	30	21	58	14	39	4	68	25	96	69	14	7	43	73	112	88	54	80	39	36	47	64	55	26	37	79	74	115	35	37	49	72	113	4	5	26	80	92	46	66	86	51	49	104	81	85	2	104	62	3	98	20	100	0	20	105	101	91	32	49	42	109	72	99	54	53	14	93	84	29	50	118	68	7	78	13	40	46	68	0	17	67	74	47	51	94	28	88	3	88	51	30	76	34	86	72	11	69	97	97	111	8	49	71	67	106	4	39	12	64	13	90	0	10	74	29	32	46	112	74	20	118	39	32	60	87	70	66	102	2	64	99	92	74	22	12	58	96	15	57	18	45	57	6	19	18	30	84	23	74	12	114	67	64	81	1	20	73	35	65	83	80	12	73	83	101	82	31	71	46	42	47	58	55	40	23	22	88	91	97	116	59	119	1	11	22	114	2	19	31	21	113	67	82	18	117	107	74	20	32	85	116	0	115	101	2	108	84	43	49	23	44	112	94	58	76	107	56	77	56	62	35	65	74	82	20	2	113	100	79	103	25	105	36	7	1	110	54	109	108	89	11	52	117	118	35	60	89	12	119	49	10	17	86	87	116	33	18	2	60	45	74	38	95	82	83	18	2	92	44	114	27	65	116	78	53	77	59	20	5	14	86	7	100	92	79	33	33	32	37	25	9	2	20	100	48	19	80	80	98	110	42	115	116	83	34	67	32	42	96	91	119	61	38	58	22	13	52	54	36	60	19	43	104	79	14	86	3	20	71	115	8	68	48	82	84	54	95	32	49	60	50	98	45	107	0	8	40	42	60	39	41	112	111	116	38	5	4	94	102	104	70	84	19	73	51	46	86	87	92	61	35	73	90	29	62	104	51	36	69	45	117	50	44	118	72	54	46	71	112	31	19	76	73	114	0	66	49	69	97	29	107	4	111	61	85	81	77	11	101	11	111	33	108	19	0	101	53	2	7	50	51	88	81	5	39	98	22	103	7	16	4	17	119	11	57	29	67	33	49	75	2	61	105	22	52	99	37	6	39	39	32	98	23	14	41	89	65	25	52	5	35	117	85	44	111	93	96	64	29	100	97	117	19	77	100	40	61	6	14	21	114	63	50	55	43	79	77	34	61	114	18	112	65	53	94	106	59	7	34	93	6	97	6	73	49	27	40	76	65	68	36	21	80	4	117	43	32	6	30	69	72	35	5	109	45	102	89	100	65	6	75	92	109	18	51	58	77	19	61	34	80	58	103	22	69	75	11	66	42	40	66	53	32	46	45	57	107	117	85	96	113	98	42	55	22	1	8	19	118	10	47	34	67	41	73	67	50	85	48	105	77	66	12	91	98	20	31	96	59	118	101	30	108	87	12	17	60	44	50	92	49	5	63	4	95	52	71	46	46	24	47	97	25	11	99	16	25	86	38	19	111	84	4	60	44	115	22	110	85	46	117	36	10	17	76	96	42	79	27	2	82	70	17	28	43	71	95	65	99	75	46	50	54	74	4	115	33	109	15	112	97	44	59	92	108	73	76	119	51	86	83	33	49	10	39	116	109	105	114	105	26	110	91	107	111	83	19	2	95	38	49	46	43	26	69	87	116	29	5	60	25	79	82	13	52	103	54	113	84	61	28	107	82	27	70	114	112	51	107	1	97	2	90	73	80	97	116	30	92	109	80	99	107	31	114	114	45	60	58	6	32	62	83	36	5	15	84	65	3	62	116	16	92	110	113	33	14	66	119	79	54	73	99	0	16	0	76	25	98	62	22	85	59	64	92	32	65	84	12	98	29	98	29	73	44	87	27	81	50	67	109	67	104	103	86	96	16	75	49	105	88	62	23	44	114	106	42	39	3	88	100	101	118	18	48	80	6	108	69	103	0	61	54	102	2	96	2	51	113	99	5	2	42	4	77	89	15	87	58	7	50	86	6	115	4	104	113	91	78	85	118	52	75	15	108	38	27	59	111	106	82	94	90	7	100	50	65	34	80	105	5	30	100	100	113	22	99	6	51	39	111	89	55	21	79	31	29	92	35	108	79	84	59	81	117	110	74	34	28	25	113	19	58	12	116	19	30	30	7	115	20	102	111	21	17	51	80	64	113	94	116	6	95	17	83	95	48	76	88	101	34	84	24	70	74	14	94	82	54	29	41	118	40	113	64	111	107	49	55	89	30	18	3	104	116	71	15	6	33	62	62	77	55	116	5	64	0	59	35	79	99	74	86	92	68	100	22	0	61	78	111	4	78	93	47	50	31	33	46	76	76	91	14	28	6	28	74	11	117	94	12	31	106	103	116	75	51	110	38	25	83	3	11	42	75	2	48	33	104	24	49	26	20	70	88	40	53	67	104	87	22	50	58	61	40	69	39	36	33	76	85	18	81	36	51	75	100	91	101	41	106	102	11	60	40	99	5	90	65	54	43	58	43	48	52	14	88	5	116	5	11	119	87	32	108	71	96	10	118	78	110	61	68	48	90	32	8	0	18	112	56	9	75	47	112	53	41	12	42	100	67	45	99	25	54	74	104	70	42	32	17	118	117	91	19	118	48	102	55	16	82	43	40	62	114	26	115	83	22	103	5	8	26	75	18	32	84	38	71	3	69	13	112	112	12	111	78	19	42	111	90	73	102	104	8	104	75	117	13	91	83	106	32	1	4	78	60	6	2	38	112	48	56	90	5	8	28	62	60	74	45	18	24	49	29	88	61	91	23	73	75	8	51	23	82	0	7	49	8	26	67	95	68	73	106	115	1	28	17	51	41	86	48	107	104	69	96	3	85	1	72	40	36	80	77	46	68	58	83	110	71	103	36	106	83	33	29	66	71	16	105	91	13	47	92	46	30	35	34	55	1	37	58	43	57	15	90	6	114	101	3	88	52	23	15	108	83	96	97	80	103	41	37	111	81	28	55	39	61	95	44	10	27	104	91	107	108	21	90	78	115	58	80	37	53	102	77	13	116	96	70	100	29	59	57	49	11	108	97	84	27	52	112	9	1	110	29	60	12	47	100	37	27	42	27	57	59	82	51	103	25	0	46	109	7	95	117	3	39	50	60	4	51	0	44	84	0	55	84	88	26	111	57	46	13	117	88	43	115	54	56	88	53	54	53	6	34	20	114	43	34	46	119	36	68	66	99	57	38	111	57	18	48	91	69	50	46	32	16	74	99	6	45	32	117	64	77	68	44	28	46	28	31	84	20	59	100	5	93	75	105	62	78	79	87	29	103	15	30	43	38	14	19	107	34	70	26	24	85	64	107	69	48	4	27	71	81	37	88	75	4	29	85	31	9	93	27	88	76	71	36	113	70	115	32	118	89	51	63	12	50	4	36	60	45	19	89	9	119	15	68	114	14	85	82	7	1	51	118	48	112	63	33	4	51	28	31	43	45	25	49	53	116	26	115	93	104	32	0	63	13	106	100	111	49	46	62	70	34	23	80	47	18	71	11	115	36	33	45	15	21	46	48	88	25	0	57	51	45	42	99	55	34	103	25	59	20	44	40	10	107	55	41	2	41	65	20	16	58	73	36	6	32	95	50	103	99	80	26	101	37	22	117	94	119	25	61	31	30	47	27	49	53	81	59	55	53	109	104	111	13	57	96	58	60	70	50	36	45	36	113	65	6	39	86	20	48	65	1	66	96	23	31	99	30	7	32	86	93	110	73	109	103	92	40	24	85	106	1	32	1	26	60	84	37	30	89	63	59	56	53	88	97	87	9	82	78	94	82	12	15	71	99	90	15	23	71	107	77	109	73	57	65	103	117	41	20	96	86	38	111	90	34	79	116	37	101	31	11	51	46	45	117	100	111	12	81	6	51	15	64	59	67	107	80	33	75	32	41	76	23	69	18	96	26	30	116	61	10	10	82	19	0	66	37	92	28	32	88	23	69	59	37	64	21	94	107	92	88	72	58	118	40	57	106	48	94	87	116	69	19	37	73	15	115	31	103	33	60	91	16	119	102	78	49	54	23	97	39	3	101	102	46	77	108	104	79	31	87	98	64	15	67	3	96	48	69	110	60	7	25	57	91	45	5	33	15	30	8	11	65	103	41	7	107	63	21	44	37	19	25	94	119	85	76	117	0	93	106	62	91	42	74	71	96	10	100	87	40	47	24	71	64	93	87	78	27	18	1	61	94	89	12	26	101	99	81	84	107	72	27	88	50	86	118	5	114	98	113	24	79	1	18	45	4	10	86	13	101	15	22	43	31	104	3	34	78	42	69	91	90	102	7	41	99	26	70	13	62	106	106	17	45	7	64	86	116	52	51	29	97	98	9	100	116	58	95	9	50	89	32	90	72	30	97	112	34	42	14	26	15	110	92	0	77	56	6	68	37	62	117	44	64	105	49	57	21	66	32	58	43	100	8	75	0	93	102	76	72	51	95	27	99	63	114	57	88	95	88	94	103	76	118	11	89	35	82	117	52	117	49	18	38	2	25	95	107	53	107	18	11	107	28	84	32	68	99	82	0	29	91	74	62	61	76	73	30	4	41	61	92	72	20	44	112	109	99	38	114	5	47	93	71	118	7	103	20	27	114	91	50	110	94	104	67	100	79	106	2	48	18	29	108	22	82	72	80	2	37	107	99	78	37	19	1	17	18	18	43	74	63	84	26	16	30	1	95	91	75	112	34	18	88	111	2	51	64	111	54	51	53	85	22	11	19	39	72	84	37	14	63	4	12	6	66	19	36	41	60	88	60	39	80	100	31	66	8	16	0	109	48	96	62	85	97	25	72	112	88	112	63	88	64	66	19	15	58	91	50	67	92	89	19	91	56	90	18	111	1	13	72	12	27	97	110	52	63	69	49	66	60	34	91	16	75	91	28	115	38	90	87	114	1	33	60	55	27	9	30	96	55	119	39	98	0	104	10	68	91	20	79	15	7	87	104	7	27	58	104	85	22	90	48	73	43	25	85	87	115	83	9	96	76	107	56	23	116	109	5	95	49	45	104	50	12	26	100	91	32	30	36	76	1	79	68	72	17	14	6	6	103	6	61	17	100	36	84	6	89	107	22	36	99	99	115	24	87	77	67	23	35	6	39	98	16	101	10	21	83	53	44	96	47	20	111	94	67	23	85	75	101	98	75	79	26	108	116	18	95	100	55	119	58	70	106	14	1	99	36	26	103	70	58	93	116	8	68	7	4	64	89	36	39	47	58	22	41	39	7	28	66	108	32	17	86	109	30	31	65	59	56	17	116	105	115	116	42	20	51	90	39	11	87	49	84	33	19	1	71	109	84	63	64	63	102	43	20	114	86	2	73	104	27	2	49	34	67	102	35	89	66	80	10	68	38	27	116	46	42	100	34	102	92	93	39	15	20	23	41	33	102	38	16	100	113	12	98	7	86	92	29	89	104	41	64	68	48	3	26	36	74	23	92	15	113	43	80	116	14	39	116	56	98	106	11	67	34	119	104	94	112	109	6	55	113	41	4	39	112	54	22	82	82	24	99	13	64	33	113	48	29	11	4	95	33	58	78	66	30	114	76	57	65	70	35	0	84	88	13	81	38	59	95	83	47	0	97	17	7	35	55	31	76	101	41	112	26	31	17	23	108	15	92	75	86	75	98	93	60	71	27	2	25	114	52	69	90	33	16	29	39	116	25	106	117	110	114	98	82	50	37	105	110	21	94	80	94	27	48	14	63	97	45	62	62	17	14	71	86	2	55	104	11	13	85	5	46	107	81	101	46	13	51	2	7	65	45	45	93	81	116	35	92	77	103	26	70	105	57	32	85	59	53	34	116	3	29	3	35	21	54	68	109	7	75	28	69	119	57	109	108	45	98	50	95	80	77	0	26	49	35	63	81	33	91	22	59	102	119	67	0	47	112	27	54	36	63	24	59	30	81	84	1	26	115	5	44	76	54	11	80	99	84	7	50	58	43	16	47	104	0	89	22	98	33	97	0	91	72	52	53	89	42	95	77	112	8	47	27	50	26	36	90	57	14	28	113	73	89	16	59	1	32	21	59	10	104	90	30	7	76	88	116	90	89	107	51	87	101	84	4	89	89	33	71	16	36	48	43	104	9	83	10	16	44	68	30	47	116	90	104	3	34	44	79	10	29	55	80	33	24	16	1	80	16	69	56	101	8	75	84	116	100	107	82	88	7	24	67	47	84	21	57	36	44	46	36	34	54	65	42	69	18	21	90	36	119	94	97	108	102	20	107	71	21	69	27	89	74	32	31	117	28	4	27	54	60	50	88	68	7	48	26	110	90	67	31	99	48	11	29	5	66	40	39	25	73	98	9	89	114	50	72	103	69	6	45	40	106	77	72	84	51	99	119	73	116	63	23	98	21	94	99	31	82	18	77	77	58	59	61	66	104	32	48	94	39	72	88	37	60	53	25	41	41	17	106	56	95	50	72	34	53	38	38	106	80	70	16	85	116	0	25	101	78	115	15	12	19	117	114	77	78	16	73	96	29	95	20	64	18	107	1	102	81	3	99	93	34	4	55	17	18	103	100	31	13	41	4	83	84	71	63	60	87	104	26	64	3	104	30	76	73	3	27	34	99	104	90	35	96	66	66	110	90	118	89	108	0	68	32	74	65	97	71	5	79	7	45	50	2	56	116	28	105	4	49	27	73	23	89	90	29	30	93	93	32	74	83	43	100	104	24	98	39	61	13	97	9	104	23	0	29	99	51	36	77	62	22	30	105	39	58	25	54	109	88	53	3	104	58	29	13	86	9	64	29	105	64	24	52	53	49	25	1	80	30	38	77	7	20	39	34	62	57	13	101	36	105	22	58	59	113	103	20	61	80	38	112	29	42	52	90	100	61	32	88	10	58	104	115	78	43	38	84	51	42	45	98	112	113	100	0	94	87	110	110	26	35	37	16	98	51	9	53	30	99	32	114	39	75	79	84	97	72	79	38	53	96	109	27	88	23	1	60	66	71	111	89	18	109	52	13	79	75	59	59	94	79	50	69	47	23	17	27	19	71	75	17	32	81	118	92	26	104	45	106	91	49	45	48	42	80	101	66	94	76	31	27	46	78	53	105	69	66	46	108	119	116	40	18	56	56	23	96	103	109	32	88	98	30	67	41	103	3	32	56	18	103	54	104	19	42	61	106	28	115	54	70	39	14	34	65	47	47	4	119	18	46	38	29	52	113	78	42	103	60	19	5	85	11	7	65	116	81	29	24	28	78	83	3	42	48	31	47	80	30	25	116	65	44	16	104	12	78	30	34	1	43	35	0	32	14	82	0	22	17	7	83	68	63	100	21	48	84	72	118	32	21	6	106	71	38	6	97	54	24	110	102	65	51	13	42	104	3	33	15	74	62	100	55	61	9	90	25	85	43	117	6	79	105	104	37	0	3	71	86	83	67	44	57	101	104	111	52	8	27	97	80	104	4	30	2	65	6	66	18	113	80	41	79	60	6	46	73	68	3	81	74	13	89	110	11	68	6	78	95	80	52	26	59	14	33	35	61	78	46	109	58	55	83	72	118	24	114	66	8	23	101	32	52	105	119	108	74	58	56	67	96	8	43	87	65	65	27	114	16	77	92	35	37	36	98	28	14	77	65	58	47	93	108	12	30	12	44	67	72	32	92	76	99	37	31	118	19	102	0	53	113	66	111	29	46	102	111	97	74	18	92	90	81	43	62	55	21	36	74	16	9	28	28	47	60	105	58	98	91	39	93	8	79	52	6	100	58	5	65	5	74	104	14	72	100	109	3	107	43	17	20	59	69	33	94	5	14	89	55	111	55	16	44	26	2	75	73	45	90	8	101	58	37	83	57	106	27	4	71	114	106	21	54	108	98	33	115	106	56	96	13	102	87	75	22	43	80	59	34	103	55	117	45	100	102	29	32	87	104	83	102	63	88	104	80	90	61	82	34	118	103	27	114	1	106	99	118	98	113	69	68	98	96	83	88	86	1	66	0	100	84	61	94	11	55	78	46	68	40	37	10	111	55	23	6	45	41	110	72	102	101	103	89	36	9	38	28	100	36	117	104	70	21	52	66	106	61	45	91	67	93	66	119	14	95	27	28	14	45	65	24	74	11	95	59	36	91	96	52	45	17	78	86	7	98	90	107	77	91	116	58	83	113	17	40	119	62	115	27	70	85	69	87	43	70	113	29	115	33	2	100	9	6	72	111	75	31	51	90	97	3	104	54	49	94	103	47	44	9	42	24	26	74	93	28	23	90	37	58	101	73	2	52	60	21	31	27	65	5	113	90	101	14	64	55	3	90	37	116	29	42	12	47	30	72	90	101	33	99	6	110	64	68	53	110	108	26	75	59	14	73	30	46	91	97	109	75	47	35	82	112	41	67	61	34	90	96	13	17	69	11	31	63	28	89	27	103	98	2	51	9	2	51	109	109	52	36	37	62	0	31	68	5	9	17	60	49	0	64	51	99	22	16	90	39	26	108	46	26	83	58	10	23	106	96	52	33	109	1	23	104	79	99	90	99	109	89	61	34	45	27	33	67	109	40	90	54	87	117	62	7	59	10	110	82	52	41	0	40	44	117	73	92	106	102	38	6	107	53	80	28	84	48	112	41	68	21	46	37	77	36	8	59	57	8	23	73	106	24	94	3	36	11	92	70	50	13	76	41	108	20	58	75	14	110	42	26	91	12	32	36	19	56	22	57	47	1	46	114	50	1	39	1	106	81	90	92	13	26	30	110	79	18	101	77	85	114	75	35	111	24	11	2	89	29	33	16	64	55	20	48	18	92	65	37	31	93	30	20	106	59	107	24	44	62	34	7	35	114	18	94	2	31	38	93	58	72	104	89	35	32	116	94	72	116	39	11	7	33	44	5	9	66	36	115	74	26	70	24	46	37	4	100	92	108	45	114	53	1	22	110	115	74	5	43	88	27	34	68	53	53	85	90	113	116	16	98	101	41	38	118	118	56	55	64	1	64	107	31	2	50	27	90	60	18	17	32	39	79	92	98	23	10	83	51	111	113	9	95	50	4	58	0	75	77	92	85	78	20	94	33	54	49	82	57	38	79	94	79	84	102	87	46	57	34	115	24	68	66	78	49	85	9	52	10	43	29	104	100	100	5	1	75	32	20	36	33	91	84	20	103	107	118	0	116	29	71	19	31	21	83	27	115	88	20	44	57	104	115	81	46	39	21	32	59	83	95	22	97	0	111	43	19	68	73	43	50	2	25	65	1	34	57	10	96	22	119	1	56	84	93	62	15	102	102	47	7	45	41	42	76	27	60	21	91	27	81	4	8	54	32	98	78	39	31	100	117	96	85	108	68	53	109	101	92	66	50	47	20	83	50	45	37	82	38	42	36	91	26	73	112	37	0	117	34	113	31	31	114	75	34	104	68	81	31	99	100	69	12	68	29	59	69	22	22	86	43	74	87	109	55	66	113	20	42	32	77	77	90	63	92	94	82	57	119	46	86	62	56	43	76	75	17	110	95	32	71	13	24	56	30	23	119	7	38	63	51	17	80	90	2	15	95	119	84	93	31	115	10	63	14	84	14	14	100	60	113	61	21	84	56	2	7	53	0	27	96	80	69	7	78	12	118	76	76	70	93	88	110	87	107	95	104	113	40	54	10	24	21	14	91	107	65	52	62	50	45	16	111	47	11	115	24	86	56	55	60	31	59	85	33	80	87	30	39	8	21	22	96	64	106	57	16	72	67	6	52	81	89	22	56	64	76	49	10	19	64	107	82	3	28	31	32	19	54	101	46	78	44	63	11	87	111	91	67	56	87	46	20	42	87	102	105	96	59	44	56	71	18	12	44	75	116	59	52	23	75	78	1	119	56	45	75	76	77	73	40	11	97	47	74	66	65	12	109	116	64	50	63	3	49	16	48	30	20	92	38	117	13	61	78	22	53	8	95	93	60	47	50	11	88	43	4	29	84	76	45	85	111	51	118	63	26	76	57	91	90	14	80	96	67	45	56	93	44	76	92	37	40	22	112	97	59	27	87	93	38	87	101	72	115	2	119	20	2	7	88	71	108	19	101	71	42	75	91	2	31	4	32	29	69	3	49	73	56	65	33	24	47	109	27	75	66	43	86	114	38	85	34	69	31	66	117	47	33	113	52	95	54	88	82	57	114	85	96	0	12	59	119	104	1	65	59	73	91	14	31	66	87	94	23	72	32	60	103	63	118	55	66	105	52	65	56	102	1	44	114	56	38	39	38	1	100	119	37	32	60	20	74	62	86	40	46	41	15	21	13	15	27	7	66	84	56	110	70	61	43	14	83	34	71	26	71	63	107	22	16	102	111	25	16	113	91	11	5	59	6	52	6	85	36	83	90	3	100	59	71	54	0	73	7	36	39	59	86	36	77	52	66	19	79	3	49	61	26	45	15	97	83	53	2	2	7	82	5	29	111	110	115	3	56	113	87	100	31	44	81	20	103	8	110	4	88	97	108	54	44	59	95	1	56	117	12	79	93	94	28	77	45	15	48	55	33	7	92	98	29	106	17	103	37	30	39	28	88	104	85	61	106	46	82	25	67	59	85	105	118	39	89	41	93	55	66	97	76	93	68	101	48	34	24	74	65	11	116	114	14	69	105	23	24	106	40	68	58	29	46	115	38	15	89	80	15	99	96	44	74	76	100	55	106	81	6	36	44	112	103	64	59	3	115	118	38	95	69	10	22	19	31	103	105	64	8	55	75	83	4	58	110	73	73	57	12	115	33	43	35	39	83	105	55	64	32	59	114	60	114	72	60	111	49	62	35	15	40	2	31	91	70	56	31	62	34	5	107	74	36	55	67	73	106	100	55	74	36	112	87	100	85	14	58	68	18	4	68	118	45	113	71	102	27	101	11	57	87	94	52	115	15	32	119	36	98	46	42	2	62	90	1	58	12	25	0	115	19	81	93	81	79	111	104	13	31	56	29	102	4	32	87	7	57	92	4	107	29	14	47	32	34	61	58	16	95	28	112	84	82	77	4	40	92	101	81	85	2	76	59	11	98	106	80	69	74	93	90	119	6	101	27	25	5	50	62	118	15	85	36	33	113	96	72	44	38	55	60	101	64	42	102	54	38	30	58	13	93	17	64	109	112	36	96	57	96	37	108	23	59	96	114	60	116	39	91	18	74	96	46	41	9	57	1	95	79	88	106	93	103	100	99	118	98	105	22	35	119	27	79	74	73	110	66	84	70	56	7	18	0	78	104	89	76	51	52	75	108	68	8	72	65	63	34	46	43	23	56	119	87	46	87	75	104	117	80	76	54	113	25	108	105	43	86	109	103	100	99	97	111	64	102	5	41	89	28	92	88	28	44	5	2	85	65	82	50	102	83	39	64	68	92	28	80	105	52	107	6	97	46	38	76	67	42	46	12	117	87	9	57	49	32	31	55	116	51	80	65	22	29	113	74	77	5	21	62	36	8	7	2	14	42	118	118	31	82	50	13	29	15	30	3	48	102	78	0	108	6	79	14	82	62	50	38	119	77	59	77	60	2	98	78	70	114	113	82	14	65	43	98	91	60	19	117	64	1	94	7	42	72	69	49	50	82	66	91	58	4	51	39	32	2	98	49	87	62	49	87	83	77	118	12	28	44	34	115	19	93	28	27	98	78	23	118	103	51	106	58	110	35	79	34	66	105	119	39	58	80	87	118	39	69	24	3	81	2	33	29	106	48	90	5	46	45	37	42	26	75	103	37	80	78	31	10	1	31	16	47	5	14	106	119	105	82	75	25	103	58	52	67	90	23	94	20	95	116	16	67	42	92	0	101	89	70	50	110	97	22	51	51	103	38	41	7	45	56	74	104	58	50	9	94	32	69	74	89	117	1	54	30	14	12	3	80	116	67	74	98	109	76	4	21	66	1	19	38	17	47	31	107	41	63	50	71	113	97	75	105	3	12	40	68	94	117	41	53	116	98	29	68	86	54	70	22	119	22	38	66	47	99	10	26	0	94	67	79	77	22	68	23	74	90	31	60	50	19	8	25	80	85	48	82	25	39	47	43	64	94	45	37	110	13	5	13	83	73	54	86	62	108	25	53	99	44	23	59	50	19	32	51	2	80	62	33	71	89	65	97	83	109	2	5	114	96	12	27	54	34	31	106	79	61	104	27	12	28	119	42	101	62	76	8	62	50	63	14	101	30	81	52	42	91	28	26	79	71	17	113	112	27	112	101	11	37	26	31	63	44	75	103	79	110	78	91	63	44	16	15	92	35	95	101	19	109	52	24	83	59	20	77	78	69	42	4	83	103	28	82	102	2	28	29	49	35	117	118	71	117	19	110	31	103	10	102	44	43	19	101	26	68	47	4	35	99	73	110	76	41	53	89	0	34	63	65	29	76	18	93	106	74	3	9	33	45	104	114	107	48	37	109	89	106	30	38	53	27	51	52	44	84	32	106	1	74	21	48	28	111	50	83	87	20	75	42	32	17	31	100	54	98	20	117	27	82	73	56	89	115	49	67	37	85	33	73	72	57	88	22	89	92	42	97	52	10	38	108	0	53	98	7	41	96	87	9	32	73	31	59	113	55	88	3	56	51	110	92	59	9	27	119	42	81	60	107	15	92	26	66	69	27	30	69	18	12	80	100	33	113	50	44	40	58	16	107	61	75	113	42	48	108	28	74	5	44	36	24	100	63	38	1	43	5	38	57	8	48	58	89	66	80	14	84	46	81	115	36	2	76	66	20	65	10	74	115	0	47	15	28	17	6	90	66	26	27	62	58	25	85	102	22	16	85	37	24	113	72	84	94	95	44	81	19	42	84	23	80	12	2	72	115	43	118	51	90	18	70	117	
1	14	10	5	11	9	14	7	11	15	5	17	12	17	10	20	17	9	10	1	14	7	8	8	8	12	6	12	4	9	8	4	15	16	5	2	14	14	2	10	18	18	9	3	12	7	19	16	13	17	20	4	19	18	18	14	13	10	17	12	2	18	19	10	5	3	13	7	9	19	19	6	6	3	2	6	9	14	17	6	2	15	18	16	4	14	9	4	16	5	13	5	17	15	11	14	5	8	18	9	1	18	12	12	19	16	1	9	10	14	15	4	5	18	14	1	11	3	17	8	15	8	10	19	9	9	3	17	10	11	5	1	1	10	2	2	18	19	5	3	4	19	9	13	20	11	10	2	5	16	1	14	2	3	12	11	13	13	14	5	19	7	10	6	4	14	1	15	11	7	10	7	19	7	12	6	18	15	11	3	4	8	5	19	8	15	13	12	17	5	14	19	17	7	8	20	16	10	1	20	17	20	20	9	11	4	16	12	16	12	6	17	17	9	13	14	10	4	16	7	2	9	15	19	5	19	19	13	1	3	5	4	19	12	13	14	19	4	8	7	19	1	11	1	8	6	7	20	6	13	14	13	19	15	15	18	20	5	13	12	13	8	9	19	8	5	10	8	14	13	11	17	12	5	19	10	2	6	5	17	2	17	10	2	1	3	9	6	15	8	17	12	14	3	17	2	15	12	20	15	15	15	3	7	2	11	9	20	14	15	17	15	15	2	2	19	7	11	3	8	20	12	17	8	20	7	19	14	15	15	16	19	4	6	12	19	16	20	9	9	15	4	9	20	10	18	11	11	15	7	13	11	20	6	1	12	16	9	16	2	11	19	15	15	18	19	18	10	18	6	16	10	17	18	16	19	11	16	4	9	2	12	1	7	2	20	4	9	8	16	6	16	5	18	11	9	3	3	6	14	2	15	10	6	19	3	9	3	8	2	8	11	17	14	7	9	12	15	13	12	4	4	5	19	1	18	1	5	9	15	10	14	11	12	9	19	15	9	2	9	2	12	4	13	14	18	14	12	11	7	6	19	6	16	1	7	1	20	12	14	20	9	11	11	12	3	9	4	19	13	5	19	17	4	17	16	7	6	10	15	19	12	9	19	17	6	18	4	18	10	19	11	16	12	14	17	11	14	18	3	12	9	17	18	5	1	7	20	18	4	3	12	20	2	4	20	9	4	14	5	12	17	4	1	17	15	8	19	7	17	6	5	9	10	16	20	6	10	3	8	13	10	3	11	5	12	13	19	17	4	3	14	12	3	17	16	1	18	13	16	15	7	16	8	9	13	18	9	14	8	8	12	6	10	20	5	13	18	7	15	14	12	9	12	13	9	7	8	10	2	15	11	4	5	2	1	7	18	16	4	15	6	3	1	19	15	7	16	3	9	5	20	12	5	20	12	2	12	10	5	16	4	18	18	18	8	9	14	1	20	11	4	18	10	18	18	18	1	10	12	2	13	17	18	6	7	7	20	13	1	7	15	14	5	7	16	13	9	12	2	6	3	14	9	12	18	11	11	1	13	3	13	14	16	7	12	13	1	5	20	13	11	2	19	4	13	2	2	11	3	12	1	15	3	12	9	12	8	13	6	11	8	15	8	5	10	4	5	9	11	12	14	5	7	4	2	6	14	3	16	3	13	6	7	4	7	3	10	2	3	3	3	4	4	2	6	5	11	3	6	8	13	8	14	11	13	6	1	4	11	12	4	7	1	3	14	4	16	11	6	3	1	6	3	7	15	6	13	14	7	11	2	15	9	9	1	6	8	13	11	6	2	15	9	15	10	14	13	5	5	1	12	3	15	13	6	11	14	9	6	8	14	5	14	12	7	6	6	15	14	9	7	16	5	1	4	11	1	4	2	1	15	9	5	4	11	4	11	4	3	3	11	3	1	11	4	13	2	9	10	3	7	9	15	5	7	11	9	9	2	10	10	8	1	12	8	13	13	7	7	9	5	8	15	9	6	2	11	11	13	8	5	8	9	15	2	12	2	11	3	16	15	11	11	6	3	14	2	15	10	7	9	3	2	7	12	3	1	2	14	13	13	8	6	15	12	14	4	8	6	2	6	4	10	7	3	4	1	5	7	12	1	10	8	14	6	9	16	3	9	8	7	10	10	10	2	2	5	14	15	7	5	5	13	2	1	16	6	9	9	14	2	6	11	15	8	14	3	6	16	13	3	3	4	8	2	11	7	8	1	2	12	7	5	10	2	15	10	6	6	8	9	2	16	15	9	12	15	7	13	12	2	15	6	15	3	14	10	12	8	14	10	16	15	15	12	11	10	13	1	8	4	7	14	16	6	16	6	14	15	13	6	8	12	10	11	3	12	12	11	14	14	4	9	5	14	14	5	8	4	7	12	10	11	3	1	10	3	3	3	1	7	8	4	12	4	12	12	16	9	4	16	6	10	1	1	5	10	5	9	15	12	8	13	13	15	3	6	11	2	10	6	1	2	9	12	2	15	14	8	3	2	11	14	15	5	3	13	14	6	13	5	4	4	16	11	8	15	14	8	10	11	1	4	11	9	10	6	8	6	5	9	3	15	11	14	4	16	16	16	1	10	10	1	16	1	9	8	14	5	6	9	4	16	9	8	13	11	2	11	12	3	13	5	4	6	9	1	7	16	13	12	5	14	1	1	8	13	15	8	16	4	16	14	12	8	3	11	16	5	12	12	16	12	5	16	5	3	12	13	15	4	2	5	12	6	13	3	15	14	14	2	12	16	13	13	1	3	16	11	4	11	15	13	8	16	1	8	4	10	4	7	16	2	14	10	9	3	3	10	15	8	16	3	9	10	10	4	8	14	13	3	1	15	10	13	1	4	5	13	15	12	9	6	10	3	9	13	7	12	8	15	2	3	8	8	12	4	11	4	8	16	13	12	2	15	7	14	16	1	2	5	9	16	12	11	6	5	10	12	5	3	11	13	6	3	6	1	8	13	1	1	10	7	5	9	3	6	1	5	3	16	9	7	14	7	14	2	3	12	16	16	8	7	9	5	11	15	11	10	15	12	3	4	9	14	12	1	3	14	15	12	12	8	4	5	12	8	6	8	1	4	15	6	8	6	1	16	6	16	15	5	16	15	9	11	13	4	2	15	15	4	9	8	11	13	11	16	16	7	10	16	12	16	2	6	14	2	12	15	9	16	8	6	15	9	7	8	13	10	10	14	6	10	13	4	3	2	13	7	1	6	11	15	8	13	7	4	9	16	2	9	15	6	4	12	7	10	16	15	14	15	4	14	1	9	12	12	16	5	4	4	11	4	9	1	11	8	13	10	6	3	2	1	16	16	8	9	2	14	15	15	14	15	6	3	11	3	11	13	2	15	14	9	3	14	5	3	12	7	3	16	4	13	8	4	12	6	12	7	6	7	5	10	2	4	10	12	4	6	7	4	9	7	12	15	8	13	13	7	3	10	8	11	4	15	10	13	1	14	8	3	6	5	8	7	7	6	12	15	8	16	9	5	9	11	13	7	9	1	4	4	3	2	16	16	5	2	12	6	4	15	5	15	15	15	4	1	1	15	14	10	3	13	4	13	5	11	7	12	4	2	2	5	8	4	11	11	13	11	7	4	10	9	10	10	11	9	9	16	2	4	7	2	2	2	13	12	10	15	10	9	15	2	5	9	10	3	7	15	9	9	3	13	11	16	7	10	5	14	3	13	8	3	6	1	6	9	11	1	11	5	12	4	8	7	14	10	3	5	2	9	2	8	16	5	13	7	9	15	10	8	5	6	14	10	9	4	16	12	16	12	4	12	3	8	6	14	2	16	2	10	4	6	7	1	3	11	12	3	11	14	14	4	9	13	14	2	14	9	1	15	5	5	14	15	1	12	8	9	6	8	6	12	1	5	7	9	13	16	3	8	14	16	1	12	11	13	8	16	12	10	7	2	7	6	1	3	10	11	13	9	16	11	7	2	10	1	7	13	15	16	4	4	16	7	9	9	7	7	8	16	8	14	13	9	13	1	8	5	3	13	11	2	5	3	15	11	11	2	11	9	13	12	10	2	1	9	3	9	14	15	15	10	6	11	11	14	1	3	3	11	1	10	9	12	2	2	15	5	4	11	16	6	2	1	14	5	14	2	8	4	1	13	16	11	1	9	10	3	10	7	8	15	9	16	13	13	1	12	15	9	15	9	5	5	6	11	7	5	12	5	5	6	13	4	12	4	12	1	3	7	2	15	9	2	10	4	8	12	4	2	1	6	8	10	12	3	7	5	14	15	1	13	2	12	11	12	4	8	4	9	5	5	2	8	7	9	3	10	10	9	6	15	16	4	15	7	16	13	14	1	9	2	7	13	4	10	15	3	13	10	1	9	4	15	5	4	9	12	5	7	6	16	9	9	12	2	7	1	11	6	1	13	5	16	6	6	1	15	4	2	1	1	4	7	7	1	7	13	6	9	12	15	5	6	8	1	16	6	8	11	11	6	16	12	4	9	3	5	13	6	6	7	6	9	7	2	5	7	9	4	7	3	3	4	13	12	8	16	8	3	13	14	11	3	7	12	1	13	11	9	12	2	10	9	10	10	12	12	14	10	11	8	11	3	9	9	13	16	2	4	9	1	9	13	8	8	13	14	2	4	16	2	15	12	6	9	8	2	1	13	7	16	11	2	1	15	9	13	7	6	9	4	3	11	3	12	16	7	2	2	5	2	2	11	14	2	4	10	12	14	4	10	4	13	8	5	5	7	1	9	10	12	13	6	6	9	11	1	12	2	14	3	15	12	14	12	6	3	1	6	10	5	7	12	11	12	5	11	5	9	5	14	5	15	5	6	8	10	2	3	9	4	9	2	16	6	6	15	4	2	7	4	11	16	13	3	15	8	10	2	8	8	11	4	10	12	3	15	1	3	9	6	9	7	5	11	7	15	12	1	12	15	10	12	4	16	9	1	5	16	11	8	13	12	13	4	4	9	4	8	6	12	11	16	15	3	8	8	16	11	10	4	1	4	15	6	8	6	8	8	2	10	16	5	11	12	4	9	14	12	1	3	4	6	3	11	14	11	1	15	13	15	16	1	16	1	16	16	6	6	8	1	16	16	1	15	4	16	12	11	11	3	14	8	16	9	10	6	14	1	6	15	3	5	14	1	13	4	7	4	11	2	10	13	9	5	14	11	13	16	14	1	11	4	12	1	15	2	14	4	10	8	11	5	6	15	8	3	8	2	9	4	15	1	9	13	16	5	8	4	5	4	15	8	16	2	12	5	16	9	15	9	4	1	13	5	14	15	15	6	12	14	7	6	11	13	4	10	16	5	16	9	12	4	1	4	10	10	14	11	12	1	3	15	9	9	6	5	13	1	3	3	8	12	5	7	5	10	9	6	4	7	6	14	1	14	6	3	8	3	8	12	2	6	5	14	2	3	10	9	4	6	10	12	1	5	6	6	12	4	4	11	5	1	1	7	11	5	1	7	11	2	1	1	2	15	3	3	9	5	1	1	7	15	9	3	10	10	12	4	11	11	8	9	16	6	15	15	8	11	10	1	13	11	1	12	3	16	4	5	4	1	2	7	8	16	16	12	15	10	1	16	16	13	12	8	11	8	7	6	11	4	1	16	1	13	1	15	4	10	3	11	10	6	4	1	11	4	2	13	2	10	14	10	15	8	4	11	9	16	14	15	4	14	4	16	2	5	9	16	10	11	1	1	6	16	6	1	4	13	15	3	16	10	15	14	1	10	14	9	14	4	11	9	2	15	13	6	3	14	6	12	4	13	9	2	14	13	3	13	1	6	2	8	12	4	15	15	9	7	12	2	8	16	2	1	6	16	7	1	2	8	8	14	14	11	11	2	5	3	13	10	9	13	6	13	12	15	4	15	9	15	10	15	10	6	4	9	3	14	16	16	15	12	5	7	16	16	16	13	12	5	16	16	3	4	7	3	9	12	12	16	10	5	7	3	15	10	4	6	4	16	14	11	13	11	10	15	8	16	7	3	7	15	9	15	2	14	3	11	16	9	12	6	9	14	7	16	4	2	1	16	9	10	7	11	4	14	3	2	8	6	7	13	12	7	5	12	4	5	7	6	8	16	5	1	10	7	11	14	10	3	13	4	4	9	5	6	7	13	16	3	13	6	10	15	13	1	6	9	7	10	15	9	1	1	13	5	16	1	9	9	3	11	3	15	6	2	2	5	16	1	13	11	6	12	5	6	6	12	11	1	10	9	16	9	10	9	15	1	11	7	14	3	13	12	15	12	12	5	16	3	15	10	6	6	1	6	11	6	9	5	1	2	16	7	14	4	2	16	6	9	2	2	7	16	1	5	15	10	3	11	1	5	6	3	4	10	13	11	8	2	8	5	2	13	5	16	2	7	4	1	3	5	3	3	2	11	3	8	10	16	11	7	7	11	2	1	11	8	2	8	1	3	13	9	13	11	2	13	3	11	7	1	11	2	15	1	13	14	8	11	1	1	6	7	5	4	1	11	6	9	1	10	2	3	14	3	2	1	2	16	13	14	9	10	1	6	3	16	7	15	3	16	5	12	15	12	7	10	2	9	10	5	7	7	13	9	3	2	7	4	14	14	6	14	8	8	11	1	10	4	1	6	12	13	6	10	3	16	4	7	4	13	4	10	7	14	10	8	7	15	1	9	10	9	10	16	6	2	11	9	1	2	7	15	5	10	5	11	12	9	8	6	4	6	13	11	8	14	2	15	13	1	8	14	1	15	4	5	12	8	7	14	11	3	2	12	1	8	3	6	5	15	1	2	11	6	13	15	12	6	11	1	12	15	12	7	15	2	15	14	13	15	7	7	12	7	9	14	6	14	12	6	5	1	8	3	8	13	2	15	8	7	12	7	1	13	10	9	15	12	1	5	7	5	1	5	11	8	11	5	8	13	6	12	16	4	5	8	11	12	15	2	10	13	5	1	11	2	8	6	15	5	4	7	16	3	16	3	8	6	7	12	11	11	15	13	9	10	8	12	11	3	7	5	2	10	9	10	15	15	2	13	7	16	9	12	11	4	13	14	6	13	7	2	7	3	13	4	10	16	10	9	15	13	16	15	9	10	1	9	5	1	11	10	8	13	7	13	8	7	1	5	13	3	12	7	14	1	7	11	5	9	4	6	11	16	13	8	5	16	16	16	8	4	16	10	14	2	3	2	13	11	10	12	13	3	16	9	13	15	5	2	3	11	11	9	2	13	3	12	16	2	12	12	1	6	13	15	2	3	13	12	8	14	15	6	4	8	8	16	9	16	13	10	12	4	16	5	4	15	13	14	16	15	3	14	11	15	12	7	4	5	14	12	12	5	10	10	1	13	13	1	2	7	6	4	16	5	2	16	1	2	12	10	2	4	3	7	4	8	6	9	7	11	3	9	4	13	14	10	10	12	15	14	15	3	3	13	15	13	8	11	1	11	11	7	7	1	4	10	12	9	7	1	12	9	9	11	12	6	16	1	11	3	10	4	3	3	12	3	14	2	16	1	7	1	7	2	7	12	13	8	1	10	3	1	6	16	8	4	9	5	15	16	15	5	16	8	6	2	16	6	4	5	16	14	15	2	15	2	15	11	16	8	3	6	1	6	15	11	16	14	2	15	2	12	14	13	14	10	2	12	14	12	1	5	8	14	2	8	9	12	9	11	1	4	12	15	1	5	9	10	3	14	4	12	14	1	9	16	5	5	2	3	6	4	2	14	3	8	12	6	3	12	2	3	7	15	4	15	8	12	9	13	13	5	8	9	11	7	4	8	10	1	9	15	16	12	15	11	1	13	14	12	4	16	15	10	1	16	16	4	5	10	5	4	1	6	14	3	5	4	2	14	8	2	7	11	3	5	11	1	14	16	7	14	8	8	9	14	12	16	10	7	8	3	3	8	13	4	14	8	9	13	5	12	6	3	2	10	8	6	8	15	14	13	9	1	10	1	2	9	7	3	5	3	13	10	4	2	8	9	5	13	4	5	7	9	6	4	13	14	4	6	2	9	1	2	2	2	7	16	10	4	13	3	5	16	12	15	8	1	16	16	9	5	5	11	10	10	9	11	2	1	15	16	12	2	2	14	1	14	1	7	11	8	10	14	12	15	15	4	10	3	14	2	5	16	2	6	1	6	8	16	2	9	9	11	2	11	6	7	15	13	1	2	14	6	12	16	12	10	2	16	12	9	13	3	9	5	10	13	16	3	4	11	2	6	7	11	14	10	12	12	10	14	7	5	10	12	15	10	11	1	16	5	2	6	6	12	3	8	9	5	16	6	13	15	12	14	9	2	6	1	5	3	7	12	10	11	9	1	4	13	6	14	6	14	10	13	14	11	14	12	12	4	9	2	13	8	14	14	9	12	12	5	5	5	10	15	13	3	4	3	8	14	7	3	15	12	14	12	4	16	3	12	1	11	14	16	4	16	5	13	15	15	10	15	1	3	1	13	6	15	2	8	6	8	13	13	2	4	14	5	11	1	12	9	9	11	9	2	1	10	7	12	14	10	13	7	14	13	6	3	8	7	6	2	8	9	7	4	3	13	9	11	3	1	7	9	11	8	8	1	1	5	14	10	2	8	5	13	2	7	2	11	10	8	1	11	4	3	7	4	15	12	10	16	15	4	11	4	15	10	3	12	6	13	3	8	15	6	11	1	6	12	13	6	9	6	5	6	12	14	3	10	14	7	15	3	13	13	10	12	15	8	3	14	2	1	6	2	16	10	2	13	11	15	8	12	6	8	10	11	14	5	6	9	5	11	16	16	10	2	9	6	2	13	4	13	2	2	5	16	15	2	9	9	15	5	3	5	8	13	9	7	15	2	8	2	7	16	4	15	16	11	3	2	3	8	16	6	15	11	6	13	16	16	3	9	7	7	9	2	4	7	10	7	6	9	6	10	12	8	12	15	16	16	4	14	5	2	7	4	15	15	3	12	4	7	8	12	15	2	6	16	1	15	5	7	11	14	16	6	7	8	16	4	2	12	3	1	14	9	1	12	3	7	6	15	15	5	13	9	12	8	3	6	16	15	5	7	13	12	11	12	4	5	12	2	13	2	9	14	16	10	10	14	13	10	5	13	5	14	11	7	12	2	6	2	14	12	4	9	11	7	6	1	10	10	3	10	6	12	16	11	10	2	8	13	14	7	16	3	1	3	13	8	8	8	14	13	10	10	2	16	3	1	12	13	12	13	4	5	14	13	12	11	2	15	9	8	13	16	6	12	11	11	8	13	14	10	15	9	7	7	10	2	3	3	16	15	1	10	3	11	5	9	2	6	7	13	1	2	7	15	14	2	13	6	12	12	8	13	12	9	7	5	1	8	11	15	7	4	11	16	6	4	2	15	16	16	9	15	4	15	13	6	14	8	8	16	5	3	10	3	6	14	16	4	2	9	5	13	16	13	9	2	11	12	2	10	9	4	16	8	2	16	16	14	7	4	6	16	6	1	10	9	11	13	6	15	9	1	10	8	9	14	8	15	5	4	3	12	5	10	9	3	14	16	16	14	13	7	5	11	10	1	10	15	12	7	8	5	10	13	9	8	15	15	2	16	2	14	4	13	6	2	1	11	12	11	11	3	16	2	14	13	5	12	11	1	4	3	2	16	6	13	11	5	12	14	4	12	10	3	6	3	5	4	15	13	4	6	2	11	13	3	10	4	14	6	13	16	4	1	2	3	1	4	13	15	13	7	15	5	2	9	15	15	15	4	14	6	9	15	10	15	9	16	15	2	4	14	2	4	5	7	5	6	11	10	8	15	8	1	5	3	3	8	15	8	12	3	11	14	5	8	16	5	8	2	10	6	8	15	5	10	1	10	7	3	10	4	15	1	5	4	4	5	11	2	3	4	8	15	5	11	2	2	16	6	4	3	5	7	7	12	1	15	8	7	5	5	4	7	4	4	15	16	8	11	13	8	5	5	1	8	1	7	3	10	9	16	15	7	2	2	16	14	5	1	9	3	11	6	2	14	8	7	14	10	4	3	6	8	5	11	15	8	7	8	5	15	16	1	5	16	2	10	11	10	9	8	3	3	4	12	16	16	10	1	2	11	1	7	8	14	15	11	16	12	9	10	9	5	11	2	2	2	3	10	3	11	14	13	2	15	7	16	6	5	16	2	12	15	6	12	8	3	2	1	7	14	6	15	15	6	13	11	8	9	14	8	10	7	8	11	9	2	1	10	14	3	7	14	12	15	9	11	11	8	12	6	3	5	13	8	13	5	3	16	5	16	11	3	14	4	10	10	10	12	9	13	3	1	2	6	13	13	7	1	9	16	4	7	5	6	16	15	4	1	3	15	14	4	11	11	13	2	1	15	10	1	9	6	13	8	11	5	4	5	7	2	9	9	14	1	12	6	14	12	15	14	10	4	11	8	8	16	11	11	3	15	1	1	7	5	12	16	4	16	10	2	14	4	5	2	15	6	9	1	7	7	1	13	13	15	10	9	7	15	14	15	11	5	7	3	1	6	13	6	1	10	5	12	4	13	13	15	10	2	1	3	8	12	8	13	12	15	6	11	2	11	14	10	15	11	11	13	5	7	14	3	11	16	8	12	3	6	13	15	5	4	7	11	5	5	14	3	10	12	16	1	5	9	6	16	3	8	1	11	7	7	2	14	13	12	1	4	11	11	5	12	1	16	6	14	11	3	3	4	15	14	4	4	6	2	12	10	4	9	10	6	2	1	5	5	7	2	7	5	7	9	14	10	15	5	7	12	13	15	9	6	3	8	5	6	1	6	3	13	7	4	8	10	3	2	2	2	11	11	7	3	11	12	5	5	7	3	9	7	4	16	10	12	15	8	6	8	6	3	6	14	4	15	12	1	14	8	14	1	14	15	15	3	7	10	7	14	12	14	1	1	14	4	6	3	11	8	14	15	8	1	2	4	12	13	9	4	9	8	4	9	13	4	4	2	6	1	1	1	14	1	8	15	6	11	1	5	3	1	9	12	15	4	15	13	10	5	10	2	6	9	8	5	6	12	3	2	15	14	16	11	15	3	7	13	5	11	15	11	13	14	6	15	16	9	5	4	7	9	1	5	6	1	11	4	13	12	15	11	14	9	9	2	6	14	6	8	9	14	8	16	9	5	8	8	13	11	6	3	1	5	15	15	8	1	12	4	13	7	3	13	3	7	11	3	1	11	7	13	1	3	15	8	1	2	5	10	8	9	13	12	13	7	13	8	12	4	2	1	1	15	6	6	5	1	15	3	6	12	16	3	4	4	9	1	4	3	12	10	9	15	11	1	8	10	16	11	3	16	13	12	9	1	14	13	16	6	14	3	5	15	15	13	4	12	14	9	2	3	5	3	9	7	12	6	15	4	3	4	7	3	2	13	1	16	12	8	13	4	15	8	2	10	2	6	6	10	6	3	7	4	10	12	6	13	10	15	10	1	16	7	3	14	14	2	6	6	10	6	9	3	16	9	10	7	9	2	11	10	10	5	9	15	6	4	7	8	1	16	4	10	13	3	8	10	1	9	16	7	2	4	7	4	6	12	10	3	8	6	10	3	3	11	7	7	6	5	1	9	14	3	16	4	11	1	7	16	10	4	11	1	12	11	7	16	2	6	2	13	13	15	10	8	14	5	16	4	7	6	3	5	13	13	5	12	5	7	1	9	11	10	14	10	13	12	14	15	1	8	2	5	5	3	11	6	4	9	1	15	13	5	7	6	13	2	1	12	8	8	16	5	11	11	6	2	7	14	9	2	6	13	6	12	15	10	5	3	11	9	12	1	14	7	9	7	1	7	16	2	8	9	7	16	12	15	9	6	7	15	1	1	8	8	5	3	5	1	1	13	15	11	7	2	14	12	11	11	12	3	2	4	14	8	9	4	14	6	3	2	16	8	11	7	7	13	9	4	13	15	16	12	5	1	1	8	10	1	7	1	2	15	7	8	7	4	11	10	2	4	8	12	6	1	8	8	5	3	11	14	1	5	9	2	15	1	16	14	4	3	16	16	5	13	4	3	16	3	5	12	6	10	11	15	12	11	7	6	6	7	4	10	5	13	14	10	15	14	2	13	4	10	4	7	15	16	12	8	9	13	4	11	6	10	16	3	12	11	11	5	8	13	3	16	1	2	11	8	2	8	10	8	15	6	2	10	13	4	1	3	6	9	10	2	2	9	3	6	3	14	13	6	16	8	5	4	4	13	15	3	7	12	13	10	10	9	9	8	15	13	9	16	10	12	14	10	8	3	16	14	7	9	10	14	13	16	15	16	13	8	2	14	14	12	2	6	1	3	1	9	15	2	1	11	13	16	5	11	15	1	11	2	5	12	15	3	1	13	11	5	8	14	3	4	11	15	7	13	8	8	8	5	10	15	1	8	8	15	13	15	12	5	1	2	12	14	3	9	16	5	11	10	15	8	16	1	6	15	15	1	4	8	15	10	12	11	3	10	6	9	1	12	9	15	3	12	4	1	12	7	5	1	3	3	15	2	8	3	1	11	11	15	14	7	10	11	5	16	5	4	8	5	15	10	9	1	8	7	13	5	6	11	8	8	15	6	10	4	4	16	5	12	13	6	13	11	11	1	4	8	15	10	5	15	1	12	5	15	16	1	15	14	6	11	9	14	14	6	1	1	16	8	16	15	9	15	11	10	14	1	3	11	11	3	8	13	9	5	5	12	3	6	15	12	16	6	9	15	7	13	8	16	15	1	16	8	5	3	5	13	10	2	7	16	1	3	3	11	7	7	2	4	4	15	13	4	15	11	5	6	11	3	5	12	3	7	5	2	3	2	13	9	14	8	9	7	5	13	8	2	5	14	16	1	14	3	11	8	5	7	11	15	9	15	2	14	14	16	15	8	10	1	11	10	10	3	2	9	15	7	7	4	6	12	9	8	9	1	14	6	1	11	3	1	10	1	7	12	8	6	7	13	4	5	2	2	7	10	9	12	5	9	3	16	8	4	4	5	16	7	6	6	13	5	13	6	4	3	5	12	6	5	11	5	2	15	7	13	16	8	13	1	6	15	7	7	1	5	6	1	7	10	12	3	13	11	12	11	2	12	6	13	14	2	11	9	2	13	8	11	16	6	11	8	15	14	6	9	7	1	12	16	10	13	5	9	8	10	8	13	12	9	4	3	9	11	9	2	3	4	15	10	15	4	8	9	8	13	4	5	1	7	15	11	14	5	2	5	13	9	4	11	15	1	3	14	2	14	2	7	9	8	16	3	1	3	7	2	2	11	15	2	3	14	13	11	7	16	11	16	8	1	8	9	6	5	9	11	11	16	5	4	10	13	1	7	13	15	15	10	4	7	5	15	12	1	3	5	3	5	3	1	5	15	14	11	11	5	4	16	13	2	10	5	9	2	7	13	9	11	16	13	15	5	6	4	13	9	15	11	2	16	5	12	8	7	12	1	7	11	14	5	16	1	11	3	1	12	8	3	9	8	4	10	10	2	12	4	5	3	9	5	2	4	1	3	12	6	8	4	5	6	11	2	10	2	2	12	13	1	9	13	4	10	15	6	6	7	14	3	1	11	4	6	1	8	15	7	9	4	5	16	12	7	11	5	8	12	3	15	10	6	13	16	3	5	9	7	11	9	9	9	13	2	6	7	3	9	5	3	16	9	9	13	6	16	7	4	16	8	3	14	1	2	8	2	1	8	12	10	14	10	4	5	14	11	1	2	8	11	5	5	9	3	7	12	15	13	4	4	10	14	2	14	5	12	5	10	8	14	13	2	15	11	16	15	9	13	3	11	13	6	16	2	6	11	8	15	10	15	14	3	3	8	3	7	2	5	3	4	10	14	3	2	11	14	10	7	7	11	5	9	16	7	2	6	6	3	2	3	14	1	8	9	1	15	11	1	15	14	14	9	3	3	12	7	16	5	9	5	9	6	2	14	2	12	16	12	14	6	4	11	7	2	11	15	6	9	14	5	16	3	6	12	6	2	3	6	3	7	8	11	11	11	11	11	7	6	4	11	11	6	12	1	3	9	13	6	12	2	1	15	5	6	3	8	15	12	2	9	9	15	13	2	3	9	12	3	6	3	2	7	2	12	15	1	2	5	12	4	6	10	16	5	8	5	8	1	10	1	15	8	12	12	12	15	11	15	8	4	1	13	8	14	11	5	13	8	15	1	9	9	8	13	6	16	3	15	7	16	15	13	16	11	14	12	12	8	10	15	16	6	11	3	6	4	6	10	6	5	9	7	1	5	11	16	14	7	3	13	2	7	1	6	5	4	5	13	9	4	5	13	6	16	10	2	15	8	8	4	8	5	14	10	10	4	7	13	5	16	12	6	16	5	12	16	1	14	12	5	8	7	14	15	11	9	3	6	6	2	2	2	10	16	16	3	5	11	11	6	5	7	8	15	16	14	1	2	6	8	4	14	2	3	1	7	12	6	9	10	1	15	2	3	4	2	13	16	9	14	11	15	8	14	3	10	16	10	2	16	15	7	11	1	16	13	10	3	8	15	4	10	5	3	4	15	3	15	2	11	1	7	13	14	5	6	14	1	4	9	6	6	2	16	3	4	3	16	14	4	10	9	16	15	2	16	10	11	5	16	4	9	12	8	14	12	7	8	4	11	
230	180	810	980	860	250	900	510	840	950	730	150	230	730	870	530	160	210	420	480	930	240	980	450	950	260	120	730	640	650	360	500	590	520	290	740	290	170	790	360	440	980	680	850	790	250	940	790	180	890	450	390	500	660	410	790	770	500	760	950	170	460	950	630	570	320	260	570	320	770	920	990	800	330	470	410	300	320	590	640	330	550	600	810	390	470	570	580	110	500	850	490	100	450	700	110	260	590	790	450	290	490	360	730	190	850	210	720	990	970	710	320	760	370	900	820	590	700	500	890	790	350	510	470	750	240	460	860	830	620	310	830	390	870	170	350	770	990	820	980	580	750	540	330	830	930	630	690	440	520	660	630	970	290	690	780	1000	220	890	480	720	140	680	470	990	990	710	170	670	910	150	320	200	690	970	260	680	420	980	850	400	930	810	680	840	400	570	360	860	740	480	480	730	150	200	860	360	530	510	1000	750	980	630	880	480	660	790	920	820	680	830	250	230	110	450	180	310	120	960	730	900	150	860	980	930	270	980	760	820	160	120	650	800	520	700	630	150	990	550	170	260	210	630	130	690	380	200	790	560	260	320	210	810	130	770	490	840	300	370	330	950	240	880	990	170	130	640	990	850	250	870	630	640	670	370	210	500	620	630	680	200	290	790	690	110	520	130	960	410	350	860	1000	110	790	660	440	510	680	270	640	190	900	730	240	860	290	270	460	330	500	170	780	920	380	180	440	840	490	870	750	770	500	630	900	180	900	460	210	310	410	680	520	940	300	530	940	420	790	530	690	860	420	130	370	470	350	690	100	260	970	490	980	100	390	840	260	480	250	600	900	390	560	450	270	870	710	250	120	470	720	360	630	990	250	370	220	750	220	340	110	970	540	350	660	700	480	260	420	980	890	720	850	330	290	400	680	500	660	420	570	660	710	980	270	260	500	250	670	150	900	860	630	250	330	660	360	240	520	920	750	710	150	210	140	800	280	380	590	150	490	610	640	210	110	540	530	220	910	900	800	580	390	190	210	920	470	570	1000	560	560	230	270	690	970	900	600	1000	510	700	930	760	230	890	320	220	180	190	610	990	640	590	930	270	710	320	680	380	100	220	930	930	810	900	220	120	750	280	660	130	200	360	960	620	100	580	710	720	830	910	580	760	630	280	260	380	110	310	460	470	330	610	240	490	330	670	370	420	1000	870	880	480	660	210	830	700	280	240	920	350	520	200	510	830	670	870	710	570	150	580	480	900	580	960	440	350	100	540	180	240	630	850	810	990	950	580	420	260	610	280	730	350	740	440	300	780	620	830	410	200	710	120	940	870	870	830	970	630	280	680	100	910	100	590	440	340	1000	850	280	360	920	580	360	640	970	260	490	920	560	830	970	700	390	780	220	800	360	320	810	670	640	880	690	190	780	480	350	860	510	820	820	590	740	840	440	990	810	370	710	840	260	420	300	930	860	550	450	130	660	140	340	970	950	600	610	500	530	320	100	400	730	970	670	860	620	290	100	990	600	350	230	310	770	660	290	1000	770	280	230	120	250	380	760	680	990	950	230	430	320	360	710	640	340	180	950	730	590	690	470	950	770	440	930	310	390	550	610	540	290	100	580	270	690	390	780	740	590	920	490	240	180	210	810	210	170	500	530	650	390	200	180	530	970	370	870	740	780	960	600	570	130	750	170	900	310	600	610	520	860	480	810	460	340	450	590	670	900	430	140	130	700	270	610	940	460	930	440	430	490	880	130	560	230	490	480	450	890	510	190	680	110	740	1000	710	990	430	340	900	240	770	650	150	120	110	590	250	980	280	480	530	280	700	760	880	130	710	950	110	640	100	510	870	260	250	370	510	100	650	400	670	690	120	350	640	750	400	390	440	390	260	700	950	930	510	1000	1000	520	830	410	730	190	690	730	480	130	470	950	950	310	440	190	490	300	840	420	490	390	790	520	930	1000	100	230	450	600	710	760	900	240	110	450	950	380	890	670	170	560	130	890	980	840	420	790	570	180	110	370	280	180	150	190	810	320	410	910	250	850	130	120	630	640	670	720	120	350	300	270	780	990	480	550	100	930	840	920	740	990	360	820	920	780	780	450	590	660	980	250	660	220	750	580	580	600	950	770	550	170	840	150	250	830	610	500	620	840	470	130	830	180	590	680	170	680	280	130	650	470	810	560	650	460	310	110	890	680	950	350	790	810	870	700	670	610	530	960	100	250	900	730	500	280	920	370	600	810	580	720	690	170	800	210	160	860	220	630	320	140	260	650	780	190	230	370	110	850	530	140	590	680	600	490	640	770	120	140	180	730	220	980	330	820	850	580	280	250	110	790	960	660	990	450	510	770	750	860	660	170	510	580	800	550	120	800	780	110	830	620	460	800	930	820	720	490	500	240	800	790	260	370	240	450	360	170	150	110	790	260	940	710	970	700	920	490	680	140	580	240	410	750	810	840	630	370	960	930	760	640	410	720	140	760	470	120	790	760	790	420	460	560	560	550	450	770	780	500	230	320	710	600	860	800	490	790	180	320	880	580	380	360	110	460	700	580	310	770	750	180	350	620	930	640	100	870	830	750	270	130	110	200	920	600	700	400	730	780	770	350	970	210	290	700	610	1000	620	610	280	590	520	300	240	200	690	130	130	120	590	930	920	780	340	660	700	900	960	890	730	460	470	850	560	700	860	1000	790	520	820	870	150	810	530	380	540	560	240	980	470	270	400	320	370	690	830	460	420	190	730	540	130	410	480	290	970	310	880	850	250	600	190	240	530	720	330	600	560	170	850	860	110	640	270	290	330	370	150	260	130	130	960	580	260	180	750	1000	790	260	840	660	230	530	820	370	380	720	750	330	980	760	950	840	930	980	140	600	960	850	310	740	150	720	870	590	530	360	660	600	810	260	880	270	990	1000	740	540	210	1000	1000	770	940	320	650	360	710	380	940	980	810	400	480	380	570	950	230	360	490	750	1000	240	470	830	330	940	320	410	940	410	920	290	890	430	520	570	500	200	550	950	960	610	350	760	210	550	480	170	550	350	430	400	810	490	400	100	980	960	850	810	300	790	240	850	590	420	600	500	630	610	980	170	700	970	940	910	270	900	940	410	350	280	460	980	270	170	580	400	840	330	410	280	230	400	580	670	550	1000	630	340	820	970	180	100	430	610	640	760	830	850	470	850	720	880	140	780	100	160	660	850	610	610	510	210	270	200	630	970	750	670	840	580	580	740	710	110	130	430	150	520	640	780	760	810	100	300	950	480	310	670	760	730	640	560	620	370	480	900	200	190	550	630	750	950	870	490	980	920	290	240	700	280	950	510	290	780	980	220	830	490	750	100	390	800	470	870	360	230	1000	990	970	130	380	400	330	140	740	820	760	410	590	710	450	110	270	380	240	730	690	450	580	670	680	290	300	470	120	880	350	360	340	110	840	610	1000	330	680	660	450	280	950	690	720	240	850	640	890	260	450	130	210	260	990	790	190	970	140	290	360	370	680	630	780	560	600	550	800	370	970	320	160	660	240	670	210	890	710	300	930	400	100	860	700	420	250	670	100	900	890	570	980	710	710	320	760	520	830	190	210	350	920	110	340	840	990	670	850	880	110	100	910	620	910	840	750	530	350	800	630	820	270	220	460	710	260	480	190	890	600	810	860	490	1000	280	740	790	910	870	750	220	300	590	270	990	320	160	290	980	990	920	920	380	200	630	470	280	400	110	170	810	100	500	900	460	580	150	700	260	150	960	170	910	560	680	810	640	650	780	910	450	800	590	120	790	920	880	570	280	960	840	270	280	560	800	800	150	520	560	850	940	370	490	710	910	170	100	190	530	380	800	360	620	750	1000	780	250	430	250	360	570	680	160	840	810	180	1000	990	530	860	660	310	450	920	800	640	990	780	620	860	840	560	270	180	400	660	690	680	180	930	880	200	760	770	580	720	430	820	610	770	380	660	690	340	840	310	630	600	310	410	950	140	120	750	530	640	260	450	700	310	750	970	640	790	880	270	120	790	610	880	450	530	750	480	260	930	430	1000	800	180	980	590	290	190	290	680	890	790	660	1000	500	250	720	740	160	880	590	720	370	910	660	430	690	550	200	220	400	320	340	420	540	960	820	540	210	230	820	680	360	370	400	160	520	350	110	330	440	440	790	810	970	760	210	1000	730	560	100	840	950	700	500	160	430	450	880	720	490	530	550	510	990	850	700	920	900	480	380	670	160	480	580	630	930	810	790	170	430	750	150	750	610	940	950	270	290	880	190	580	650	270	1000	600	620	800	780	470	500	430	360	120	940	900	590	420	510	190	430	160	440	750	590	470	650	630	240	840	730	290	210	830	840	140	250	520	470	890	980	510	1000	130	450	120	250	730	890	360	760	500	750	950	880	510	670	710	600	770	570	740	890	670	250	490	510	820	500	960	420	640	770	260	120	750	460	460	330	170	510	880	700	960	1000	580	520	600	850	440	820	470	270	200	260	820	320	320	140	670	280	720	600	650	820	360	340	330	320	940	190	770	290	940	860	960	310	680	150	820	400	780	110	890	520	130	910	270	580	510	960	950	880	780	200	880	220	390	430	730	450	350	630	560	260	260	920	520	880	580	330	990	670	320	170	780	720	930	340	750	470	950	800	330	940	410	910	390	690	590	190	800	250	520	290	180	450	550	580	340	820	560	930	360	150	830	700	850	470	980	350	940	760	530	720	890	720	820	610	210	990	740	440	170	710	110	480	530	550	290	780	550	1000	760	180	760	520	540	560	450	560	840	350	930	770	220	960	140	270	260	590	860	550	490	740	730	530	370	230	340	710	180	960	110	980	850	440	370	440	730	580	860	170	550	430	780	380	410	660	740	630	780	450	760	430	910	970	120	780	420	970	740	410	990	250	320	630	260	730	360	420	390	600	310	410	360	470	230	580	740	660	570	630	570	990	890	910	850	950	300	670	840	360	770	610	880	240	240	580	910	790	110	280	310	560	770	680	470	490	180	210	210	830	780	910	820	720	940	710	700	220	880	350	230	720	460	940	100	580	570	490	490	480	550	610	700	750	570	880	840	190	800	300	920	760	290	340	950	160	150	600	290	950	380	210	580	680	970	520	1000	1000	690	780	280	320	590	370	260	470	480	700	310	460	270	160	610	320	700	950	460	100	540	560	280	300	630	810	250	450	340	820	120	360	140	710	180	460	800	830	410	300	360	480	600	850	330	300	740	300	900	930	250	910	620	670	160	500	350	210	540	230	500	270	390	230	430	130	290	340	120	690	550	840	150	500	1000	830	470	230	370	710	860	910	700	260	980	260	620	150	490	270	530	980	270	120	330	360	430	940	180	400	350	850	850	310	600	860	710	900	510	950	710	800	620	180	900	800	750	430	570	620	170	1000	400	870	600	550	530	670	720	330	390	430	180	900	110	220	710	740	940	370	850	800	730	270	190	290	760	480	300	800	560	850	760	610	160	880	770	410	880	610	690	170	580	810	380	990	470	550	830	650	540	440	470	330	500	480	510	580	130	670	500	550	560	710	620	460	220	760	470	390	710	870	750	770	560	780	140	410	350	110	900	830	990	610	180	150	470	660	590	110	140	890	410	340	160	710	660	800	850	370	300	470	990	180	530	780	980	500	890	880	820	200	710	280	570	750	600	800	220	400	950	890	570	390	950	410	280	520	340	390	750	600	590	790	900	680	680	910	100	320	210	190	150	840	910	340	810	200	410	370	870	450	410	370	190	980	910	890	950	650	880	590	290	770	480	300	990	330	660	310	210	390	960	500	540	170	540	460	440	710	540	730	230	710	210	650	390	250	860	680	910	490	700	380	950	920	570	360	130	830	250	800	530	500	710	460	740	200	970	990	100	830	980	540	190	420	300	520	700	540	170	980	110	340	480	430	130	940	810	200	810	850	390	830	560	440	330	160	350	100	680	180	490	140	870	720	910	830	210	810	970	720	670	720	440	630	440	670	520	680	140	710	850	370	490	950	900	110	380	530	600	710	150	420	350	340	140	120	280	970	490	420	590	770	150	640	500	880	480	850	130	960	640	410	220	910	650	840	450	300	710	260	330	820	930	270	380	150	530	950	840	320	640	570	130	330	880	940	510	880	900	900	810	340	480	530	870	820	760	310	560	440	130	460	440	520	260	570	920	720	180	170	530	910	610	660	720	620	520	870	210	690	220	830	520	830	310	810	200	370	580	220	200	710	720	290	360	450	570	330	870	260	500	990	410	640	440	280	240	130	750	820	800	770	220	910	750	440	530	930	280	330	890	580	950	670	300	470	720	490	530	400	310	450	980	380	970	840	490	300	210	680	490	100	310	890	700	480	600	670	640	570	310	320	390	570	540	220	680	450	250	770	900	300	890	610	130	120	800	110	890	910	190	870	940	820	250	860	810	220	150	160	240	710	260	250	950	100	300	1000	340	670	320	670	210	210	200	700	540	400	980	990	320	790	980	170	430	930	690	660	290	260	350	880	230	420	560	890	900	130	540	470	740	280	190	480	750	660	990	850	290	600	730	250	400	130	860	940	880	280	970	670	240	790	590	190	660	760	360	370	980	190	660	220	450	270	390	990	380	860	140	510	490	690	400	950	730	590	510	340	170	920	620	100	600	240	180	750	710	980	330	140	510	380	880	840	710	1000	970	430	700	860	970	970	900	980	490	140	330	480	130	740	300	660	410	970	710	650	890	870	280	260	850	540	270	330	690	450	490	810	360	250	600	860	890	960	500	790	930	630	450	750	660	720	890	600	710	390	910	900	440	340	920	350	310	450	650	910	880	510	110	410	860	800	320	610	960	490	890	340	950	460	610	450	760	950	700	340	160	110	500	250	570	290	320	210	520	160	720	860	860	230	980	310	350	790	950	320	360	240	170	500	990	990	140	340	750	550	320	190	590	390	490	970	340	190	520	280	630	460	510	440	230	690	570	150	620	120	970	240	260	850	210	560	870	720	220	450	800	520	380	370	860	150	590	630	600	350	660	680	200	290	600	690	150	600	300	950	720	360	540	570	650	500	910	690	810	300	540	180	770	390	580	890	560	680	290	760	210	460	480	240	450	810	730	740	350	730	950	120	260	800	870	320	170	820	860	710	990	360	790	840	130	660	750	840	120	570	320	880	350	710	190	250	160	910	280	690	770	790	900	210	700	700	500	670	230	1000	780	530	190	990	900	890	690	590	370	530	860	290	380	180	480	980	310	810	380	390	990	300	120	520	350	920	410	490	910	350	220	190	810	790	920	360	510	500	970	620	620	170	460	850	370	250	200	520	680	620	770	390	950	620	330	750	420	290	530	520	580	590	610	220	980	920	970	830	950	150	770	740	170	230	320	620	250	830	160	150	580	540	1000	370	300	930	830	920	940	470	150	340	990	700	920	660	590	350	730	210	560	900	850	570	880	930	580	260	270	220	680	970	680	440	140	670	940	520	840	710	220	720	280	270	400	780	590	450	340	370	590	330	140	200	620	780	510	280	400	940	430	350	770	930	770	240	270	990	890	700	300	870	430	870	270	550	130	710	410	450	720	960	770	890	770	390	690	440	610	320	550	110	950	920	220	140	770	230	820	840	160	580	950	340	1000	600	740	460	240	620	470	190	250	830	170	570	800	290	760	550	910	740	680	730	220	860	610	840	970	920	230	730	310	720	580	670	250	440	390	250	120	190	900	480	950	880	880	910	870	130	920	300	310	580	180	500	670	350	550	390	240	370	340	950	500	690	240	590	630	260	340	440	580	960	660	340	100	250	320	220	980	870	250	900	730	400	110	830	190	920	890	620	670	690	420	250	650	850	450	810	440	770	850	790	570	380	930	540	730	330	110	520	190	860	510	320	910	730	350	270	190	250	460	380	580	220	310	110	150	980	120	500	820	250	260	630	440	940	920	790	130	170	840	870	870	570	270	470	640	360	280	580	710	830	510	570	840	500	720	770	560	360	910	930	500	730	550	240	730	330	200	330	990	430	750	920	380	210	210	670	270	370	280	790	400	680	220	400	300	240	890	120	420	560	110	220	120	670	950	1000	540	490	200	280	600	320	440	410	610	250	230	880	340	490	280	170	600	600	320	640	910	270	660	470	940	380	470	190	610	270	340	480	450	600	720	880	670	350	860	850	680	980	840	680	970	570	250	240	800	910	750	900	780	350	440	740	130	740	780	270	830	750	320	630	160	890	990	370	430	950	750	560	170	220	640	820	260	940	810	680	800	780	520	1000	890	430	200	280	990	430	760	630	590	560	170	930	600	710	660	290	700	180	350	630	120	940	220	620	470	390	350	790	450	170	840	520	280	430	1000	330	920	450	810	180	940	110	220	120	810	870	830	600	190	320	950	280	920	620	180	750	150	140	240	870	220	690	520	400	820	810	390	610	590	160	430	310	710	740	570	330	480	940	480	850	290	180	110	190	130	310	310	850	620	780	750	260	370	710	830	580	440	520	840	410	380	300	460	950	350	670	300	200	260	130	760	180	840	700	210	290	260	400	740	840	740	530	410	170	820	920	220	260	340	180	300	180	260	810	500	830	620	230	790	580	260	660	360	640	750	760	730	840	520	500	290	900	230	760	860	230	220	490	220	690	290	850	740	910	590	280	820	630	960	890	990	570	460	860	390	840	330	140	710	990	310	320	210	370	370	890	640	730	290	620	630	610	130	250	420	700	100	930	690	100	220	440	610	780	390	410	740	320	420	940	490	770	420	970	910	610	650	600	820	650	920	610	950	280	580	570	630	450	700	570	670	430	900	270	210	760	890	430	420	960	660	590	450	550	230	970	260	610	800	460	420	380	440	510	260	390	440	650	490	900	510	910	320	580	140	370	300	200	760	350	150	990	840	290	250	830	920	500	590	790	110	360	780	330	920	100	960	770	690	450	780	290	350	840	280	1000	990	580	920	500	100	440	280	720	920	960	950	490	500	940	280	950	230	510	310	360	450	150	500	930	800	900	130	960	280	420	840	700	380	970	590	620	660	410	530	210	880	170	570	540	270	440	710	610	240	470	310	600	150	960	260	320	390	600	580	770	900	490	110	990	720	890	970	220	920	110	780	170	130	860	730	490	140	410	230	280	290	500	120	210	190	710	580	300	300	850	290	820	420	120	410	290	220	330	530	340	260	220	240	620	740	860	980	510	180	250	160	720	290	170	950	570	590	970	700	710	670	630	330	590	450	960	990	330	990	240	720	880	170	830	640	380	360	520	810	670	280	690	380	640	760	300	430	210	880	600	270	420	380	920	740	970	480	870	900	690	650	200	850	480	350	690	550	740	160	780	740	670	610	770	680	950	270	650	110	230	230	170	520	190	900	290	220	730	770	140	420	410	470	530	910	670	900	800	290	940	1000	770	600	120	530	940	520	760	830	990	190	330	180	510	870	460	640	130	180	700	360	470	220	900	360	110	380	810	920	680	590	670	280	620	180	690	190	100	680	850	150	480	1000	520	970	270	140	590	710	970	570	660	420	220	190	550	680	130	870	260	860	900	380	470	180	290	540	550	850	500	650	540	450	760	910	920	420	440	470	550	610	610	190	850	210	790	670	630	120	490	310	690	880	100	470	600	440	1000	860	580	840	500	720	200	130	280	480	800	280	640	960	650	130	660	490	930	270	340	220	450	250	660	970	680	220	560	420	440	680	1000	320	430	830	400	960	640	320	970	880	450	400	440	740	230	650	790	620	230	490	500	480	950	220	620	780	910	860	870	110	570	980	200	110	520	980	200	350	690	110	220	920	990	910	250	960	850	180	230	400	390	620	920	110	130	360	180	590	730	120	490	940	970	160	120	620	720	370	230	510	160	920	310	210	580	550	350	910	300	610	540	230	570	120	870	300	970	270	450	570	930	300	270	240	220	930	1000	970	160	410	580	420	790	990	940	240	910	480	480	690	490	930	1000	730	450	100	140	790	470	710	930	910	780	930	450	470	820	450	490	300	420	740	780	290	290	480	440	900	730	320	990	690	960	300	400	810	550	880	900	770	170	660	500	710	370	560	640	330	340	880	420	380	310	490	350	960	760	690	110	830	890	840	990	600	340	460	930	530	730	490	100	200	220	810	860	620	350	560	380	410	410	340	260	290	750	190	300	380	200	760	350	640	280	650	890	550	270	340	720	940	950	570	160	200	960	970	990	700	310	220	770	550	960	310	450	630	710	290	150	980	930	320	310	130	170	200	480	610	520	570	830	930	770	820	330	340	920	460	180	280	530	860	520	100	690	820	910	740	850	580	380	900	590	550	680	870	860	130	110	750	370	740	240	410	990	220	390	660	700	270	780	980	800	470	780	530	500	420	670	920	120	280	330	360	410	850	660	300	660	810	700	170	830	490	370	710	560	390	450	600	710	580	980	780	520	640	890	330	700	680	770	360	710	770	920	550	460	690	780	780	480	640	700	210	690	290	920	300	410	820	270	440	730	1000	670	300	670	770	680	690	150	540	560	580	600	1000	310	710	530	930	800	600	120	290	870	920	100	370	440	580	950	690	200	910	870	480	710	660	600	180	210	400	540	620	460	330	750	410	990	690	140	970	390	700	670	220	650	300	460	290	280	170	720	170	560	730	950	120	790	200	200	250	500	690	780	690	260	120	190	170	860	720	200	860	280	260	340	860	440	360	110	390	340	850	940	840	910	110	910	100	170	520	440	330	100	960	580	570	910	490	590	640	300	780	390	280	950	260	790	460	500	940	560	750	610	850	280	850	100	550	430	340	670	630	730	410	240	300	970	270	270	780	630	350	640	500	160	900	380	150	180	530	450	820	100	530	340	790	670	560	760	860	790	500	860	820	510	620	110	810	510	150	730	640	560	860	300	660	480	340	340	990	570	360	350	670	410	520	680	940	820	1000	470	160	600	870	840	890	480	630	840	880	780	610	100	670	130	430	890	790	680	870	140	330	520	660	390	810	650	920	670	140	910	820	750	100	370	260	980	920	150	420	360	880	800	860	100	760	150	870	910	560	820	100	660	480	660	410	590	310	590	480	970	810	660	610	960	310	540	800	420	440	830	450	910	430	1000	920	250	800	310	250	170	960	190	730	520	220	600	100	650	650	410	870	550	740	710	150	230	260	180	340	790	690	230	310	360	530	980	570	720	500	740	110	520	890	860	930	520	810	690	640	210	630	330	510	490	450	940	750	900	720	400	200	360	860	540	820	920	180	790	100	580	220	760	190	170	490	610	380	910	510	890	610	770	850	100	540	830	890	670	760	720	770	860	640	250	790	140	340	480	870	140	560	320	840	980	210	400	760	200	980	650	600	850	910	470	580	970	780	390	260	700	480	130	600	620	350	260	190	750	120	760	160	630	950	630	540	420	790	200	250	960	360	260	620	310	600	410	280	410	210	150	700	440	500	410	780	430	530	320	360	300	330	770	970	280	160	250	140	130	850	900	920	130	770	640	120	280	610	550	840	790	220	110	860	350	330	150	800	840	990	740	920	450	330	480	770	310	120	390	270	130	430	280	960	640	980	530	740	890	450	620	370	690	670	610	780	670	650	940	350	400	330	140	510	190	160	840	280	670	630	980	830	300	180	700	760	460	800	600	210	890	900	560	410	710	620	950	440	340	690	380	710	700	430	850	350	510	760	350	140	950	760	360	860	380	630	470	170	600	140	780	750	520	450	470	130	780	990	930	390	210	650	260	830	370	710	500	750	610	170	870	300	460	160	100	730	310	900	380	450	690	720	800	880	390	320	170	780	320	680	750	660	700	880	690	940	230	630	950	280	420	470	760	150	930	990	980	770	960	570	100	150	430	930	810	940	670	850	920	520	170	430	280	300	870	830	710	140	770	860	340	500	350	100	390	240	400	270	720	760	730	510	770	700	350	860	590	520	940	230	540	910	610	950	400	150	880	170	770	260	810	810	970	370	330	880	780	840	430	120	740	860	370	220	180	230	700	200	360	900	610	860	860	300	730	210	540	680	990	390	480	280	940	900	610	780	250	820	970	820	600	650	970	870	320	980	940	540	680	400	200	900	860	990	360	930	810	880	1000	940	700	160	500	870	510	930	610	620	940	830	680	490	160	950	340	470	860	220	860	570	600	970	460	480	200	910	550	150	430	570	820	610	100	670	530	690	490	600	560	420	980	550	120	600	530	590	360	790	980	630	770	100	790	510	980	130	560	950	670	670	540	690	410	560	560	100	470	560	730	100	690	840	460	920	610	600	720	840	160	910	970	960	560	820	140	480	230	670	520	600	380	720	850	760	160	130	400	790	290	460	580	780	740	400	580	560	630	390	770	440	760	220	180	120	510	830	330	270	1000	310	860	130	430	350	990	670	910	580	450	440	820	860	920	760	270	430	930	240	530	110	480	440	390	520	330	870	620	920	320	850	820	940	870	230	720	470	230	790	780	300	580	270	190	130	890	990	460	370	760	720	770	410	600	780	530	790	290	810	930	230	930	770	120	470	180	130	380	680	640	550	1000	500	940	190	510	290	700	420	370	320	390	280	260	290	310	760	450	520	720	270	180	610	830	1000	820	480	620	990	350	980	290	600	590	430	580	250	410	490	270	350	820	870	330	960	130	680	560	310	470	860	330	130	950	970	290	510	520	530	920	460	430	670	670	550	920	990	280	690	960	710	540	210	630	970	330	920	1000	290	420	210	870	610	880	310	900	950	770	300	500	590	360	220	740	210	550	820	660	940	550	630	540	760	300	280	420	330	620	970	410	350	710	850	840	790	320	580	620	900	150	620	390	540	630	940	720	390	530	210	500	660	960	400	460	630	640	880	880	320	100	920	240	440	490	740	140	140	810	960	880	980	920	410	980	810	270	180	560	740	400	930	610	230	760	620	580	270	710	950	240	640	930	730	120	200	810	1000	810	280	290	580	800	270	690	1000	670	320	400	670	270	760	640	1000	130	410	550	530	350	300	490	420	260	180	770	690	410	790	430	1000	450	970	740	760	930	650	950	830	750	450	900	280	230	480	750	990	710	670	900	610	110	160	670	900	100	760	370	660	950	280	670	130	160	510	560	600	420	470	940	770	460	340	690	830	100	130	530	200	810	580	700	760	180	150	620	600	290	350	940	430	960	440	820	350	760	670	810	700	300	440	120	110	130	880	390	130	790	990	200	470	280	520	260	360	820	390	750	980	640	340	250	380	790	280	870	310	200	170	160	990	670	600	370	120	490	560	600	630	490	890	320	930	480	910	800	380	160	680	670	130	660	850	890	230	170	490	440	100	840	830	410	740	970	940	860	340	270	410	170	490	350	190	170	780	650	440	660	580	860	600	590	750	210	580	1000	900	880	1000	850	1000	350	690	270	200	900	730	460	800	630	890	320	790	170	240	860	1000	890	670	220	280	290	340	960	600	840	120	150	960	800	500	610	560	820	970	690	800	400	490	190	700	880	230	940	700	470	910	380	620	440	1000	230	150	220	290	530	490	570	110	610	290	950	750	880	700	660	870	410	360	530	130	540	880	920	620	250	430	200	860	410	310	860	800	680	300	710	850	230	690	220	810	510	680	460	220	830	150	170	800	440	980	800	720	740	530	370	740	970	630	820	400	520	960	510	150	400	680	540	250	250	630	910	770	820	920	880	100	890	820	590	990	180	780	880	540	370	590	570	450	240	550	1000	880	660	970	450	440	390	240	510	550	950	820	110	920	760	680	180	200	760	980	190	120	300	540	630	640	980	110	420	240	130	840	930	510	980	750	720	980	390	700	440	690	420	330	870	980	550	180	630	430	550	950	740	670	180	880	380	130	400	970	780	690	860	550	340	390	110	720	830	700	670	160	780	680	810	570	370	130	160	720	640	530	270	920	400	600	300	560	1000	170	900	640	920	350	380	250	500	580	840	620	460	620	540	230	600	300	920	330	930	530	160	570	300	470	520	600	540	360	420	640	380	780	1000	910	500	530	910	880	970	760	160	350	570	140	910	680	840	200	990	290	340	260	400	760	420	550	790	120	510	780	380	880	890	230	890	540	350	150	870	700	470	790	290	960	790	750	820	350	560	680	500	900	690	190	150	120	110	220	640	690	200	970	660	550	640	480	580	700	480	930	230	910	340	700	840	960	440	110	260	630	290	250	100	110	250	890	340	700	610	350	200	990	670	700	470	580	690	590	360	140	570	740	450	580	760	810	950	800	670	320	260	850	250	560	550	580	800	140	420	800	640	260	360	270	220	620	500	580	330	270	750	910	1000	230	580	930	640	170	680	420	880	550	190	440	350	120	340	360	530	750	410	180	600	230	280	780	100	500	190	710	380	730	480	150	290	650	100	360	940	540	610	780	750	410	240	490	880	400	220	170	680	660	560	130	930	570	810	680	530	270	200	410	500	820	690	730	750	310	540	720	170	240	150	280	970	250	370	380	240	150	310	400	800	440	840	900	560	190	780	160	240	950	570	850	610	880	430	720	380	760	610	750	660	850	230	630	650	980	140	880	840	100	720	180	100	460	290	990	230	930	210	140	910	520	370	260	590	650	800	380	690	970	840	640	590	550	390	110	400	700	900	940	100	320	850	780	640	530	440	820	530	970	550	500	370	780	590	650	420	680	240	490	130	150	610	410	330	900	400	890	470	580	570	240	100	240	760	570	460	260	530	360	670	230	170	730	270	800	360	650	970	770	830	680	260	190	660	1000	480	970	140	340	660	670	570	960	750	310	310	
100
