6426
120
3
90
0	0	0	0	0	48	0	0	0	0	0	0	0	0	0	0	0	0	0	48	0	0	0	0	0	0	0	0	0	0	48	0	0	0	0	0	0	0	0	0	0	0	0	0	0	0	0	0	0	0	0	0	0	0	0	0	0	0	0	0	0	0	0	0	0	0	0	0	0	0	0	0	0	0	0	0	0	0	0	0	0	0	0	0	0	0	0	0	0	0	0	0	0	0	0	0	0	0	48	0	0	0	0	0	0	0	0	0	0	0	48	0	0	0	0	0	0	0	0	0	
0	0	0	0	0	0	0	0	0	0	0	0	0	0	0	0	0	0	0	0	0	0	0	0	0	0	0	0	0	0	0	0	0	0	0	0	0	0	48	0	0	0	0	0	0	0	0	0	0	0	0	0	0	0	0	0	0	0	0	0	0	48	0	0	0	0	0	0	0	0	0	0	0	0	0	0	0	0	0	0	48	0	0	0	0	0	0	0	0	0	0	0	0	0	0	0	0	0	0	0	0	0	0	0	0	0	0	0	0	0	0	0	0	0	0	0	0	0	0	0	
0	0	0	0	0	0	0	0	0	0	0	0	0	0	0	0	0	0	0	0	0	0	0	0	0	0	0	0	0	0	0	0	0	0	0	0	0	0	0	0	0	0	0	0	0	48	0	0	0	0	0	0	0	0	0	0	0	0	0	0	0	0	0	0	0	0	0	0	0	0	0	0	0	0	0	0	0	0	0	0	0	0	0	0	0	0	0	0	0	0	0	0	0	0	48	0	0	0	0	0	0	0	0	0	0	0	0	48	0	0	0	0	0	0	0	0	0	0	0	0	
0	0	0	0	0	0	0	0	0	0	0	0	0	0	0	0	0	0	0	0	0	0	0	0	0	0	0	0	0	0	0	0	0	0	0	0	0	0	0	0	0	0	0	0	0	0	0	0	0	0	0	0	0	0	0	0	0	0	0	0	0	0	0	0	0	0	0	0	0	0	48	0	0	0	0	0	0	0	0	48	0	0	0	0	0	0	0	0	0	0	0	0	0	0	0	0	0	0	0	0	0	0	0	0	0	0	48	0	0	0	0	0	0	0	0	0	0	0	0	0	
0	0	0	0	0	0	0	0	0	0	0	0	0	0	0	0	0	48	0	0	0	0	48	0	0	0	0	0	0	0	0	0	0	0	0	0	0	0	0	0	0	0	0	0	0	0	0	0	0	0	0	0	0	0	0	0	0	0	0	0	0	0	0	0	0	0	0	0	0	0	0	0	0	0	0	0	0	0	0	0	0	0	0	0	0	48	0	0	0	0	0	0	0	0	0	0	0	0	0	0	0	0	0	0	0	0	0	0	0	0	0	0	0	0	0	0	0	0	0	0	
48	0	0	0	0	0	0	0	0	0	0	0	0	0	0	0	0	0	0	0	0	0	0	0	0	0	0	0	48	0	0	0	0	0	0	0	0	0	0	0	0	0	0	0	0	0	0	0	0	0	0	0	0	0	0	0	0	0	0	0	0	0	0	0	0	0	0	0	0	0	0	0	0	0	0	0	0	0	0	0	0	0	0	0	0	0	0	0	0	0	0	0	0	0	0	0	0	0	48	0	0	0	0	0	0	0	0	0	0	0	0	0	0	0	0	0	0	0	0	0	
0	0	0	0	0	0	0	0	0	0	0	0	0	0	0	0	0	0	0	0	0	0	0	48	0	0	0	0	0	0	0	0	0	0	0	0	0	0	0	0	0	0	0	0	0	0	0	0	0	0	0	0	0	0	0	0	0	0	0	0	0	0	0	0	0	0	0	0	0	0	0	0	0	0	0	48	0	0	0	0	0	0	0	0	0	0	0	0	0	0	0	0	0	0	0	0	48	0	0	0	0	0	0	0	0	0	0	0	0	0	0	0	0	0	0	0	0	0	0	0	
0	0	0	0	0	0	0	0	0	0	0	0	0	0	0	0	0	0	0	0	0	0	0	0	0	0	0	0	48	0	0	0	0	0	0	0	0	0	0	0	0	0	0	0	0	0	0	0	0	0	0	0	48	0	0	0	0	0	0	0	0	0	0	0	0	0	0	0	0	0	0	0	0	0	0	0	0	0	0	0	0	0	0	0	0	0	0	0	0	0	0	0	0	0	0	0	0	0	48	0	0	0	0	0	0	0	0	0	0	0	0	0	0	0	0	0	0	0	0	0	
0	0	0	0	0	0	0	0	0	0	0	0	0	0	0	0	0	0	0	0	0	0	0	0	0	48	0	0	0	0	0	0	0	0	0	0	0	0	0	0	0	0	0	0	0	0	0	0	0	0	0	0	0	0	0	0	0	48	0	0	0	0	0	0	0	0	0	0	48	0	0	0	0	0	0	0	0	0	0	0	0	0	0	0	0	0	0	0	0	0	0	0	0	0	0	0	0	0	0	0	0	0	0	0	0	0	0	0	0	0	0	0	0	0	0	0	0	0	0	0	
0	0	0	0	0	0	0	0	0	0	0	0	0	0	0	0	0	0	0	0	0	0	0	0	0	0	0	0	0	0	0	0	0	0	0	0	0	0	0	0	0	0	0	48	0	0	0	0	0	0	0	0	0	0	0	0	0	0	0	0	0	0	0	0	0	0	0	0	0	0	0	0	0	0	0	0	0	0	0	0	0	0	0	0	0	0	0	0	0	0	48	0	48	0	0	0	0	0	0	0	0	0	0	0	0	0	0	0	0	0	0	0	0	0	0	0	0	0	0	0	
0	0	0	0	0	0	0	0	0	0	0	0	0	0	0	0	0	0	0	0	0	0	0	0	0	0	0	0	0	0	0	0	0	0	0	0	0	0	0	0	48	0	0	0	0	0	0	0	0	0	0	48	0	0	0	0	0	0	0	0	0	0	48	0	0	0	0	0	0	0	0	0	0	0	0	0	0	0	0	0	0	0	0	0	0	0	0	0	0	0	0	0	0	0	0	0	0	0	0	0	0	0	0	0	0	0	0	0	0	0	0	0	0	0	0	0	0	0	0	0	
0	0	0	0	0	0	0	0	0	0	0	0	0	0	0	0	48	0	0	0	0	0	0	0	0	0	0	0	0	0	0	0	0	0	0	0	0	0	0	0	0	0	0	0	0	0	0	0	0	0	0	0	0	0	0	0	0	0	0	0	0	48	0	48	0	0	0	0	0	0	0	0	0	0	0	0	0	0	0	0	0	0	0	0	0	0	0	0	0	0	0	0	0	0	0	0	0	0	0	0	0	0	0	0	0	0	0	0	0	0	0	0	0	0	0	0	0	0	0	0	
0	0	0	0	0	0	0	0	0	0	0	0	0	0	48	0	0	0	0	0	0	0	0	0	0	0	0	0	0	0	0	0	0	0	0	0	0	0	0	0	0	0	0	0	0	0	0	0	0	0	0	0	0	0	0	0	0	0	0	0	0	0	0	0	48	0	0	0	0	0	0	48	0	0	0	0	0	0	0	0	0	0	0	0	0	0	0	0	0	0	0	0	0	0	0	0	0	0	0	0	0	0	0	0	0	0	0	0	0	0	0	0	0	0	0	0	0	0	0	0	
0	0	0	0	0	0	0	0	0	0	0	0	0	0	0	48	0	0	0	0	0	0	0	0	0	0	0	0	0	0	0	0	0	0	0	0	0	0	0	0	0	0	0	0	0	0	0	0	0	0	0	0	0	48	0	0	0	0	0	0	0	0	0	0	0	0	0	0	0	48	0	0	0	0	0	0	0	0	0	0	0	0	0	0	0	0	0	0	0	0	0	0	0	0	0	0	0	0	0	0	0	0	0	0	0	0	0	0	0	0	0	0	0	0	0	0	0	0	0	0	
0	0	0	0	0	0	0	0	0	0	0	0	48	0	0	0	0	0	48	0	0	0	0	0	0	0	0	0	0	0	0	0	0	0	0	0	0	0	0	0	0	0	0	0	0	0	0	48	0	0	0	0	0	0	0	0	0	0	0	0	0	0	0	0	0	0	0	0	0	0	0	0	0	0	0	0	0	0	0	0	0	0	0	0	0	0	0	0	0	0	0	0	0	0	0	0	0	0	0	0	0	0	0	0	0	0	0	0	0	0	0	0	0	0	0	0	0	0	0	0	
0	0	0	0	0	0	0	0	0	0	0	0	0	48	0	0	0	0	0	0	0	0	0	0	0	0	0	0	0	0	0	0	0	0	0	0	0	0	0	0	0	0	0	0	0	0	0	0	0	0	0	0	0	48	0	0	0	0	0	0	0	0	0	0	0	0	0	0	0	48	0	0	0	0	0	0	0	0	0	0	0	0	0	0	0	0	0	0	0	0	0	0	0	0	0	0	0	0	0	0	0	0	0	0	0	0	0	0	0	0	0	0	0	0	0	0	0	0	0	0	
0	0	0	0	0	0	0	0	0	0	0	48	0	0	0	0	0	0	0	0	0	0	0	0	0	0	0	0	0	0	0	0	0	0	0	0	0	0	0	0	0	0	0	0	0	0	0	0	0	48	0	0	0	0	48	0	0	0	0	0	0	0	0	0	0	0	0	0	0	0	0	0	0	0	0	0	0	0	0	0	0	0	0	0	0	0	0	0	0	0	0	0	0	0	0	0	0	0	0	0	0	0	0	0	0	0	0	0	0	0	0	0	0	0	0	0	0	0	0	0	
0	0	0	0	48	0	0	0	0	0	0	0	0	0	0	0	0	0	0	0	0	0	0	0	0	0	0	0	0	0	0	0	0	0	0	0	0	0	0	0	48	0	0	0	0	0	0	0	0	0	0	0	0	0	0	0	0	0	0	0	0	0	0	0	0	0	0	0	0	0	0	0	0	0	0	0	0	0	0	0	0	0	0	0	0	48	0	0	0	0	0	0	0	0	0	0	0	0	0	0	0	0	0	0	0	0	0	0	0	0	0	0	0	0	0	0	0	0	0	0	
0	0	0	0	0	0	0	0	0	0	0	0	0	0	48	0	0	0	0	0	0	0	0	0	0	0	0	0	0	0	0	0	0	0	0	0	0	0	0	0	0	0	0	0	0	0	0	48	0	0	0	0	0	0	0	0	0	0	0	0	0	0	0	0	0	0	0	48	0	0	0	0	0	0	0	0	0	0	0	0	0	0	0	0	0	0	0	0	0	0	0	0	0	0	0	0	0	0	0	0	0	0	0	0	0	0	0	0	0	0	0	0	0	0	0	0	0	0	0	0	
48	0	0	0	0	0	0	0	0	0	0	0	0	0	0	0	0	0	0	0	0	0	0	0	0	0	0	0	0	0	0	0	0	0	0	0	0	0	0	0	0	0	0	0	0	0	0	0	0	0	0	0	0	0	0	0	48	0	0	0	0	0	0	0	0	0	48	0	0	0	0	0	0	0	0	0	0	0	0	0	0	0	0	0	0	0	48	0	0	0	0	0	0	0	0	0	0	0	0	0	0	0	0	0	0	0	0	0	0	0	0	0	0	0	0	0	0	0	0	0	
0	0	0	0	0	0	0	0	0	0	0	0	0	0	0	0	0	0	0	0	0	0	0	0	0	0	0	0	0	0	0	0	0	0	0	0	0	0	0	0	0	0	0	0	0	48	0	0	0	0	0	0	0	0	0	0	0	0	48	0	0	0	0	0	0	0	0	0	0	0	0	0	0	0	0	0	0	0	0	0	0	0	0	0	0	0	0	0	0	0	0	0	0	0	0	0	0	0	0	0	0	0	0	0	0	0	0	0	0	0	0	0	0	0	0	0	48	0	0	0	
0	0	0	0	0	0	0	0	0	0	0	0	0	0	0	0	0	0	0	0	0	0	0	0	0	0	0	0	0	0	0	0	0	0	0	0	48	0	0	0	0	0	0	0	0	0	0	0	0	0	0	0	0	0	0	0	0	0	0	0	0	0	0	0	0	0	0	0	0	0	0	0	0	0	48	0	0	0	0	0	0	0	0	0	0	0	0	0	0	0	0	0	0	0	0	0	0	0	0	0	0	0	0	0	0	0	0	0	0	0	0	0	0	48	0	0	0	0	0	0	
0	0	0	0	48	0	0	0	0	0	0	0	0	0	0	0	0	0	0	0	0	0	0	0	0	0	0	0	0	0	0	0	0	0	0	0	0	0	0	0	0	0	0	0	0	0	0	0	0	0	0	0	0	0	0	0	0	0	0	0	0	0	0	0	0	0	0	0	48	0	0	0	0	0	0	0	0	0	0	0	0	0	0	0	0	48	0	0	0	0	0	0	0	0	0	0	0	0	0	0	0	0	0	0	0	0	0	0	0	0	0	0	0	0	0	0	0	0	0	0	
0	0	0	0	0	0	48	0	0	0	0	0	0	0	0	0	0	0	0	0	0	0	0	0	0	0	0	0	0	0	0	0	0	48	0	0	0	0	0	0	0	0	0	0	0	0	0	0	0	0	0	0	0	0	0	0	0	0	0	0	0	0	0	0	0	0	0	0	0	0	0	0	0	0	0	0	0	0	0	0	0	0	0	0	0	0	0	0	0	0	0	0	0	0	0	0	0	0	0	0	0	0	0	0	0	0	0	0	0	0	0	0	0	0	0	0	0	0	48	0	
0	0	0	0	0	0	0	0	0	0	0	0	0	0	0	0	0	0	0	0	0	0	0	0	0	0	0	0	0	0	0	0	0	0	0	0	0	0	0	0	0	0	0	0	0	0	0	0	0	0	0	0	0	0	0	0	0	0	0	48	0	0	0	0	48	0	0	0	0	0	0	0	0	0	0	0	0	0	0	0	0	0	48	0	0	0	0	0	0	0	0	0	0	0	0	0	0	0	0	0	0	0	0	0	0	0	0	0	0	0	0	0	0	0	0	0	0	0	0	0	
0	0	0	0	0	0	0	0	48	0	0	0	0	0	0	0	0	0	0	0	0	0	0	0	0	0	0	0	0	0	0	0	0	0	0	0	0	0	0	0	0	0	0	0	0	0	0	0	0	0	0	0	0	0	0	0	0	0	0	0	0	0	0	0	0	0	0	0	48	0	0	48	0	0	0	0	0	0	0	0	0	0	0	0	0	0	0	0	0	0	0	0	0	0	0	0	0	0	0	0	0	0	0	0	0	0	0	0	0	0	0	0	0	0	0	0	0	0	0	0	
0	0	0	0	0	0	0	0	0	0	0	0	0	0	0	0	0	0	0	0	0	0	0	0	0	0	0	0	0	0	0	0	0	0	0	0	0	0	0	0	0	0	0	0	0	0	0	0	48	0	0	0	0	0	0	0	0	0	0	0	0	0	0	0	0	0	0	0	0	0	0	0	0	0	0	0	0	48	0	0	0	0	0	0	0	0	0	0	0	0	0	0	0	0	0	0	0	0	0	48	0	0	0	0	0	0	0	0	0	0	0	0	0	0	0	0	0	0	0	0	
0	0	0	0	0	0	0	0	0	0	0	0	0	0	0	0	0	0	0	0	0	0	0	0	0	0	0	0	0	0	0	0	0	0	48	0	0	0	0	0	0	0	0	0	48	0	0	0	0	0	0	0	0	0	0	0	0	0	0	0	0	0	0	0	0	0	0	0	0	0	0	0	0	0	0	0	0	0	0	0	0	0	0	0	0	0	0	0	48	0	0	0	0	0	0	0	0	0	0	0	0	0	0	0	0	0	0	0	0	0	0	0	0	0	0	0	0	0	0	0	
0	0	0	0	0	48	0	48	0	0	0	0	0	0	0	0	0	0	0	0	0	0	0	0	0	0	0	0	0	0	0	0	0	0	0	0	0	0	0	0	0	0	0	0	0	0	0	0	0	0	48	0	0	0	0	0	0	0	0	0	0	0	0	0	0	0	0	0	0	0	0	0	0	0	0	0	0	0	0	0	0	0	0	0	0	0	0	0	0	0	0	0	0	0	0	0	0	0	0	0	0	0	0	0	0	0	0	0	0	0	0	0	0	0	0	0	0	0	0	0	
0	0	0	0	0	0	0	0	0	0	0	0	0	0	0	0	0	0	0	0	0	0	0	0	0	0	0	0	0	0	0	0	0	0	0	0	0	0	0	0	0	0	48	0	0	0	0	0	0	0	0	0	0	0	0	0	0	0	0	0	0	0	0	0	0	0	0	0	0	0	0	0	0	0	0	0	0	0	0	0	0	0	0	0	0	0	0	0	0	0	0	0	0	0	0	0	0	0	0	0	0	0	0	0	0	48	0	0	0	0	0	48	0	0	0	0	0	0	0	0	
48	0	0	0	0	0	0	0	0	0	0	0	0	0	0	0	0	0	0	0	0	0	0	0	0	0	0	0	0	0	0	0	48	0	0	0	0	0	0	0	0	0	0	0	0	0	0	0	0	0	0	0	0	0	0	48	0	0	0	0	0	0	0	0	0	0	0	0	0	0	0	0	0	0	0	0	0	0	0	0	0	0	0	0	0	0	0	0	0	0	0	0	0	0	0	0	0	0	0	0	0	0	48	0	0	0	0	0	0	0	0	0	0	0	0	0	0	0	0	0	
0	0	0	0	0	0	0	0	0	0	0	0	0	0	0	0	0	0	0	0	0	0	0	0	0	0	0	0	0	0	0	0	0	0	0	0	0	0	0	0	0	0	0	0	0	0	0	0	48	0	0	0	0	0	0	0	0	0	0	0	0	0	0	0	0	0	0	0	0	0	0	0	0	0	0	0	0	48	0	0	0	0	0	0	0	0	0	0	0	0	0	0	0	0	0	0	0	0	0	48	0	0	0	0	0	0	0	0	0	0	0	0	0	0	0	0	0	0	0	0	
0	0	0	0	0	0	0	0	0	0	0	0	0	0	0	0	0	0	0	0	0	0	0	0	0	0	0	0	0	0	48	0	0	0	0	0	0	0	0	0	0	0	0	0	0	0	0	0	0	0	0	0	0	0	0	48	0	0	0	0	0	0	0	0	0	0	0	0	0	0	0	0	0	0	0	0	0	0	0	0	0	0	0	0	0	0	0	0	0	0	0	0	0	0	0	0	0	0	0	0	0	0	48	0	0	0	0	0	0	0	0	0	0	0	0	0	0	0	0	0	
0	0	0	0	0	0	0	0	0	0	0	0	0	0	0	0	0	0	0	0	0	0	0	48	0	0	0	0	0	0	0	0	0	0	0	0	0	0	0	0	0	0	0	0	0	0	0	0	0	0	0	0	48	0	0	0	0	0	0	0	0	0	0	0	0	0	0	0	0	0	0	0	0	0	0	0	0	0	0	0	0	0	0	0	0	0	0	0	0	0	0	0	0	0	0	0	0	0	0	0	0	0	0	0	0	0	0	0	0	0	0	0	48	0	0	0	0	0	0	0	
0	0	0	0	0	0	0	0	0	0	0	0	0	0	0	0	0	0	0	0	0	0	0	0	0	0	0	48	0	0	0	0	0	0	0	0	0	0	0	0	0	0	0	0	0	0	0	0	0	0	0	0	0	0	0	0	0	0	0	0	0	0	0	0	0	0	0	0	0	0	0	0	0	0	0	0	0	0	0	0	0	0	0	0	0	0	0	0	48	0	0	48	0	0	0	0	0	0	0	0	0	0	0	0	0	0	0	0	0	0	0	0	0	0	0	0	0	0	0	0	
0	0	0	0	0	0	0	0	0	0	0	0	0	0	0	0	0	0	0	0	0	0	0	0	0	0	0	0	0	0	0	0	0	0	0	0	0	0	0	48	0	0	0	0	0	0	0	0	0	48	0	0	0	0	48	0	0	0	0	0	0	0	0	0	0	0	0	0	0	0	0	0	0	0	0	0	0	0	0	0	0	0	0	0	0	0	0	0	0	0	0	0	0	0	0	0	0	0	0	0	0	0	0	0	0	0	0	0	0	0	0	0	0	0	0	0	0	0	0	0	
0	0	0	0	0	0	0	0	0	0	0	0	0	0	0	0	0	0	0	0	0	48	0	0	0	0	0	0	0	0	0	0	0	0	0	0	0	0	0	0	0	0	0	0	0	0	0	0	0	0	0	0	0	0	0	0	0	0	0	0	0	0	0	0	0	0	0	0	0	0	0	0	0	0	0	0	0	0	0	0	0	0	0	0	0	0	0	0	0	48	0	0	0	0	0	0	0	0	0	0	0	0	0	0	0	0	0	0	0	0	0	0	0	48	0	0	0	0	0	0	
0	0	0	0	0	0	0	0	0	0	0	0	0	0	0	0	0	0	0	0	0	0	0	0	0	0	0	0	0	0	0	0	0	0	0	0	0	0	0	0	0	0	0	0	0	0	0	0	0	0	0	0	48	0	0	0	0	0	0	0	0	0	0	0	0	0	0	0	0	0	0	0	0	0	0	0	0	0	0	0	0	0	0	0	0	0	0	0	0	0	0	0	0	0	0	0	0	0	0	0	0	0	0	0	0	0	0	0	0	48	0	0	48	0	0	0	0	0	0	0	
0	48	0	0	0	0	0	0	0	0	0	0	0	0	0	0	0	0	0	0	0	0	0	0	0	0	0	0	0	0	0	0	0	0	0	0	0	0	0	0	0	0	0	0	0	0	0	0	0	0	0	0	0	0	0	0	0	0	0	0	48	0	0	0	0	0	0	0	0	0	0	0	0	0	0	0	0	0	0	0	48	0	0	0	0	0	0	0	0	0	0	0	0	0	0	0	0	0	0	0	0	0	0	0	0	0	0	0	0	0	0	0	0	0	0	0	0	0	0	0	
0	0	0	0	0	0	0	0	0	0	0	0	0	0	0	0	0	0	0	0	0	0	0	0	0	0	0	0	0	0	0	0	0	0	0	48	0	0	0	0	0	0	0	0	0	0	0	0	0	48	0	0	0	0	48	0	0	0	0	0	0	0	0	0	0	0	0	0	0	0	0	0	0	0	0	0	0	0	0	0	0	0	0	0	0	0	0	0	0	0	0	0	0	0	0	0	0	0	0	0	0	0	0	0	0	0	0	0	0	0	0	0	0	0	0	0	0	0	0	0	
0	0	0	0	0	0	0	0	0	0	48	0	0	0	0	0	0	48	0	0	0	0	0	0	0	0	0	0	0	0	0	0	0	0	0	0	0	0	0	0	0	0	0	0	0	0	0	0	0	0	0	0	0	0	0	0	0	0	0	0	0	0	48	0	0	0	0	0	0	0	0	0	0	0	0	0	0	0	0	0	0	0	0	0	0	0	0	0	0	0	0	0	0	0	0	0	0	0	0	0	0	0	0	0	0	0	0	0	0	0	0	0	0	0	0	0	0	0	0	0	
0	0	0	0	0	0	0	0	0	0	0	0	0	0	0	0	0	0	0	0	0	0	0	0	0	0	0	0	0	0	0	0	0	0	0	0	0	0	0	0	0	0	0	0	0	0	0	0	48	0	0	0	0	0	0	0	0	0	0	0	0	0	0	0	0	0	0	0	0	0	0	0	0	0	0	0	48	0	0	0	0	0	0	0	0	0	0	0	0	0	0	0	0	0	0	0	0	0	0	48	0	0	0	0	0	0	0	0	0	0	0	0	0	0	0	0	0	0	0	0	
0	0	0	0	0	0	0	0	0	0	0	0	0	0	0	0	0	0	0	0	0	0	0	0	0	0	0	0	0	48	0	0	0	0	0	0	0	0	0	0	0	0	0	0	0	0	0	0	0	0	0	0	0	0	0	0	0	0	0	0	0	0	0	0	0	48	0	0	0	0	0	0	0	0	0	0	0	0	0	0	0	0	0	48	0	0	0	0	0	0	0	0	0	0	0	0	0	0	0	0	0	0	0	0	0	0	0	0	0	0	0	0	0	0	0	0	0	0	0	0	
0	0	0	0	0	0	0	0	0	48	0	0	0	0	0	0	0	0	0	0	0	0	0	0	0	0	0	0	0	0	0	0	0	0	0	0	0	0	0	0	0	0	0	0	0	0	0	0	0	0	0	0	0	0	0	0	0	0	0	0	0	0	0	0	0	0	0	0	0	0	0	0	48	0	0	0	0	0	0	0	0	0	0	0	0	0	0	0	0	0	0	0	48	0	0	0	0	0	0	0	0	0	0	0	0	0	0	0	0	0	0	0	0	0	0	0	0	0	0	0	
0	0	0	0	0	0	0	0	0	0	0	0	0	0	0	0	0	0	0	0	0	0	0	0	0	0	0	48	0	0	0	0	0	0	0	0	0	0	0	0	0	0	0	0	0	0	0	0	0	0	0	0	0	0	0	0	0	0	0	0	0	0	0	0	0	0	0	0	0	0	0	0	0	0	0	0	0	0	0	0	0	0	0	0	0	0	0	0	0	0	0	0	0	0	0	0	0	0	0	0	0	0	0	48	0	0	0	48	0	0	0	0	0	0	0	0	0	0	0	0	
0	0	48	0	0	0	0	0	0	0	0	0	0	0	0	0	0	0	0	0	48	0	0	0	0	0	0	0	0	0	0	0	0	0	0	0	0	0	0	0	0	0	0	0	0	0	0	0	0	0	0	0	0	0	0	0	0	0	48	0	0	0	0	0	0	0	0	0	0	0	0	0	0	0	0	0	0	0	0	0	0	0	0	0	0	0	0	0	0	0	0	0	0	0	0	0	0	0	0	0	0	0	0	0	0	0	0	0	0	0	0	0	0	0	0	0	0	0	0	0	
0	0	0	0	0	0	0	0	0	0	0	0	0	0	0	0	0	0	0	0	0	0	0	0	0	0	0	0	0	0	0	0	0	0	0	0	0	0	0	0	0	0	0	0	0	0	0	0	0	0	0	0	0	0	0	0	0	0	0	0	0	0	48	0	0	0	0	0	0	0	0	0	0	0	0	0	0	0	0	0	0	0	0	48	0	0	0	0	0	0	0	0	0	0	0	0	0	48	0	0	0	0	0	0	0	0	0	0	0	0	0	0	0	0	0	0	0	0	0	0	
0	0	0	0	0	0	0	0	0	0	0	0	0	0	48	0	0	0	48	0	0	0	0	0	0	0	0	0	0	0	0	0	0	0	0	0	0	0	0	0	0	0	0	0	0	0	0	0	0	0	0	0	0	0	0	0	0	0	0	0	0	0	0	0	0	0	0	0	0	0	0	0	0	0	0	0	0	0	0	0	0	0	0	0	0	0	0	0	0	0	0	0	0	0	0	48	0	0	0	0	0	0	0	0	0	0	0	0	0	0	0	0	0	0	0	0	0	0	0	0	
0	0	0	0	0	0	0	0	0	0	0	0	0	0	0	0	0	0	0	0	0	0	0	0	0	0	48	0	0	0	0	48	0	0	0	0	0	0	0	0	0	48	0	0	0	0	0	0	0	0	0	0	0	0	0	0	0	0	0	0	0	0	0	0	0	0	0	0	0	0	0	0	0	0	0	0	0	0	0	0	0	0	0	0	0	0	0	0	0	0	0	0	0	0	0	0	0	0	0	0	0	0	0	0	0	0	0	0	0	0	0	0	0	0	0	0	0	0	0	0	
0	0	0	0	0	0	0	0	0	0	0	0	0	0	0	0	48	0	0	0	0	0	0	0	0	0	0	0	0	0	0	0	0	0	0	48	0	0	0	48	0	0	0	0	0	0	0	0	0	0	0	0	0	0	0	0	0	0	0	0	0	0	0	0	0	0	0	0	0	0	0	0	0	0	0	0	0	0	0	0	0	0	0	0	0	0	0	0	0	0	0	0	0	0	0	0	0	0	0	0	0	0	0	0	0	0	0	0	0	0	0	0	0	0	0	0	0	0	0	0	
0	0	0	0	0	0	0	0	0	0	0	0	0	0	0	0	0	0	0	0	0	0	0	0	0	0	0	0	48	0	0	0	0	0	0	0	0	0	0	0	0	0	0	0	0	0	0	0	0	0	0	0	0	0	0	0	0	0	0	0	0	0	0	0	0	0	0	0	0	0	0	0	0	0	0	0	0	0	0	0	0	0	0	0	0	0	0	0	0	0	0	0	0	0	0	0	48	0	0	0	0	0	0	0	0	0	0	0	0	0	48	0	0	0	0	0	0	0	0	0	
0	0	0	0	0	0	0	0	0	0	48	0	0	0	0	0	0	0	0	0	0	0	0	0	0	0	0	0	0	0	0	0	0	0	0	0	0	0	0	0	0	0	0	0	0	0	0	0	0	0	0	0	0	0	0	0	0	0	0	0	0	0	0	0	0	0	0	0	0	0	0	0	0	0	0	0	0	48	0	0	0	0	0	0	0	0	0	0	0	0	0	0	0	0	0	0	0	0	0	0	0	0	0	0	0	0	0	0	48	0	0	0	0	0	0	0	0	0	0	0	
0	0	0	0	0	0	0	48	0	0	0	0	0	0	0	0	0	0	0	0	0	0	0	0	0	0	0	0	0	0	0	0	0	48	0	0	0	48	0	0	0	0	0	0	0	0	0	0	0	0	0	0	0	0	0	0	0	0	0	0	0	0	0	0	0	0	0	0	0	0	0	0	0	0	0	0	0	0	0	0	0	0	0	0	0	0	0	0	0	0	0	0	0	0	0	0	0	0	0	0	0	0	0	0	0	0	0	0	0	0	0	0	0	0	0	0	0	0	0	0	
0	0	0	0	0	0	0	0	0	0	0	0	0	48	0	48	0	0	0	0	0	0	0	0	0	0	0	0	0	0	0	0	0	0	0	0	0	0	0	0	0	0	0	0	0	0	0	0	0	0	0	0	0	0	0	0	0	0	0	0	0	0	0	0	0	0	0	0	0	0	0	0	0	0	0	0	0	0	0	0	0	0	0	0	0	0	0	0	0	0	0	0	0	0	0	0	0	0	0	0	0	0	0	0	0	0	0	0	0	0	0	0	0	0	48	0	0	0	0	0	
0	0	0	0	0	0	0	0	0	0	0	0	0	0	0	0	48	0	0	0	0	0	0	0	0	0	0	0	0	0	0	0	0	0	0	48	0	0	0	48	0	0	0	0	0	0	0	0	0	0	0	0	0	0	0	0	0	0	0	0	0	0	0	0	0	0	0	0	0	0	0	0	0	0	0	0	0	0	0	0	0	0	0	0	0	0	0	0	0	0	0	0	0	0	0	0	0	0	0	0	0	0	0	0	0	0	0	0	0	0	0	0	0	0	0	0	0	0	0	0	
0	0	0	0	0	0	0	0	0	0	0	0	0	0	0	0	0	0	0	0	0	0	0	0	0	0	0	0	0	0	48	0	48	0	0	0	0	0	0	0	0	0	0	0	0	0	0	0	0	0	0	0	0	0	0	0	0	0	0	0	0	0	0	0	0	0	0	0	0	0	0	0	0	0	0	0	0	0	0	0	0	0	0	0	0	0	0	0	0	0	0	0	0	0	0	0	0	0	0	0	0	0	48	0	0	0	0	0	0	0	0	0	0	0	0	0	0	0	0	0	
0	0	0	0	0	0	0	0	0	0	0	0	0	0	0	0	0	0	0	48	0	0	0	0	0	0	0	0	0	0	0	0	0	0	0	0	0	0	0	0	0	0	0	0	0	0	0	0	0	0	0	0	0	0	0	0	0	0	0	0	0	0	0	0	0	0	48	0	0	0	0	0	0	0	0	0	0	0	0	0	0	0	0	0	0	0	48	0	0	0	0	0	0	0	0	0	0	0	0	0	0	0	0	0	0	0	0	0	0	0	0	0	0	0	0	0	0	0	0	0	
0	0	0	0	0	0	0	0	48	0	0	0	0	0	0	0	0	0	0	0	0	0	0	0	0	0	0	0	0	0	0	0	0	0	0	0	0	0	0	0	0	0	0	0	0	0	0	0	0	0	0	0	0	0	0	0	0	0	0	0	0	0	0	0	0	0	0	0	0	0	0	48	0	0	0	0	0	0	0	0	0	0	0	0	0	0	0	0	0	0	0	0	0	0	0	0	0	0	0	0	0	0	0	0	48	0	0	0	0	0	0	0	0	0	0	0	0	0	0	0	
0	0	0	0	0	0	0	0	0	0	0	0	0	0	0	0	0	0	0	0	48	0	0	0	0	0	0	0	0	0	0	0	0	0	0	0	0	0	0	0	0	0	0	0	0	48	0	0	0	0	0	0	0	0	0	0	0	0	0	0	0	0	0	0	0	0	0	0	0	0	0	0	0	0	0	0	0	0	0	0	0	0	0	0	48	0	0	0	0	0	0	0	0	0	0	0	0	0	0	0	0	0	0	0	0	0	0	0	0	0	0	0	0	0	0	0	0	0	0	0	
0	0	0	0	0	0	0	0	0	0	0	0	0	0	0	0	0	0	0	0	0	0	0	0	48	0	0	0	0	0	0	0	0	0	0	0	0	0	0	0	0	0	0	0	0	0	0	0	0	0	0	0	0	0	0	0	0	0	0	0	0	0	0	0	48	0	0	0	0	0	48	0	0	0	0	0	0	0	0	0	0	0	0	0	0	0	0	0	0	0	0	0	0	0	0	0	0	0	0	0	0	0	0	0	0	0	0	0	0	0	0	0	0	0	0	0	0	0	0	0	
0	0	0	0	0	0	0	0	0	0	0	0	0	0	0	0	0	0	0	0	0	0	0	0	0	0	0	0	0	0	0	0	0	0	0	0	0	0	48	0	0	0	0	0	0	0	0	0	0	0	0	0	0	0	0	0	0	0	0	0	0	0	0	0	0	0	0	0	0	0	0	0	0	0	0	0	0	0	0	0	48	0	0	0	0	0	0	0	0	0	0	0	0	0	0	48	0	0	0	0	0	0	0	0	0	0	0	0	0	0	0	0	0	0	0	0	0	0	0	0	
0	48	0	0	0	0	0	0	0	0	0	48	0	0	0	0	0	0	0	0	0	0	0	0	0	0	0	0	0	0	0	0	0	0	0	0	0	0	0	0	0	0	0	0	0	0	0	0	0	0	0	0	0	0	0	0	0	0	0	0	0	0	0	48	0	0	0	0	0	0	0	0	0	0	0	0	0	0	0	0	0	0	0	0	0	0	0	0	0	0	0	0	0	0	0	0	0	0	0	0	0	0	0	0	0	0	0	0	0	0	0	0	0	0	0	0	0	0	0	0	
0	0	0	0	0	0	0	0	0	0	48	0	0	0	0	0	0	0	0	0	0	0	0	0	0	0	0	0	0	0	0	0	0	0	0	0	0	0	0	0	48	0	0	0	0	0	48	0	0	0	0	0	0	0	0	0	0	0	0	0	0	0	0	0	0	0	0	0	0	0	0	0	0	0	0	0	0	0	0	0	0	0	0	0	0	0	0	0	0	0	0	0	0	0	0	0	0	0	0	0	0	0	0	0	0	0	0	0	0	0	0	0	0	0	0	0	0	0	0	0	
0	0	0	0	0	0	0	0	0	0	0	48	0	0	0	0	0	0	0	0	0	0	0	0	0	0	0	0	0	0	0	0	0	0	0	0	0	0	0	0	0	0	0	0	0	0	0	0	0	0	0	0	0	0	0	0	0	0	0	0	0	48	0	0	0	0	0	0	0	0	0	0	0	0	0	0	0	0	0	48	0	0	0	0	0	0	0	0	0	0	0	0	0	0	0	0	0	0	0	0	0	0	0	0	0	0	0	0	0	0	0	0	0	0	0	0	0	0	0	0	
0	0	0	0	0	0	0	0	0	0	0	0	48	0	0	0	0	0	0	0	0	0	0	0	48	0	0	0	0	0	0	0	0	0	0	0	0	0	0	0	0	0	0	0	0	0	0	0	0	0	0	0	0	0	0	0	0	0	0	48	0	0	0	0	0	0	0	0	0	0	0	0	0	0	0	0	0	0	0	0	0	0	0	0	0	0	0	0	0	0	0	0	0	0	0	0	0	0	0	0	0	0	0	0	0	0	0	0	0	0	0	0	0	0	0	0	0	0	0	0	
0	0	0	0	0	0	0	0	0	0	0	0	0	0	0	0	0	0	0	0	0	0	0	0	0	0	0	0	0	0	0	0	0	0	0	0	0	0	0	0	0	0	48	0	0	0	0	0	0	0	0	0	0	0	0	0	0	0	0	0	0	0	0	0	0	0	0	0	0	0	0	0	0	0	48	0	0	0	0	0	0	0	0	0	0	0	0	0	0	0	0	0	0	0	0	0	0	0	0	0	0	0	0	0	0	0	0	0	0	0	0	0	0	0	0	0	0	48	0	0	
0	0	0	0	0	0	0	0	0	0	0	0	0	0	0	0	0	0	0	48	0	0	0	0	0	0	0	0	0	0	0	0	0	0	0	0	0	0	0	0	0	0	0	0	0	0	0	0	0	0	0	0	0	0	0	0	48	0	0	0	0	0	0	0	0	0	0	0	0	0	0	0	0	0	0	0	0	0	0	0	0	0	0	0	0	0	48	0	0	0	0	0	0	0	0	0	0	0	0	0	0	0	0	0	0	0	0	0	0	0	0	0	0	0	0	0	0	0	0	0	
0	0	0	0	0	0	0	0	0	0	0	0	0	0	0	0	0	0	48	0	0	0	0	0	0	0	0	0	0	0	0	0	0	0	0	0	0	0	0	0	0	0	0	0	0	0	0	0	0	0	0	0	0	0	0	0	0	0	0	0	0	0	0	0	0	0	0	0	0	0	0	0	0	0	0	0	0	0	0	0	0	0	0	0	0	0	0	0	0	0	0	0	0	0	0	48	0	0	0	0	0	0	0	0	0	0	0	0	0	0	0	0	0	0	0	48	0	0	0	0	
0	0	0	0	0	0	0	0	48	0	0	0	0	0	0	0	0	0	0	0	0	0	48	0	0	48	0	0	0	0	0	0	0	0	0	0	0	0	0	0	0	0	0	0	0	0	0	0	0	0	0	0	0	0	0	0	0	0	0	0	0	0	0	0	0	0	0	0	0	0	0	0	0	0	0	0	0	0	0	0	0	0	0	0	0	0	0	0	0	0	0	0	0	0	0	0	0	0	0	0	0	0	0	0	0	0	0	0	0	0	0	0	0	0	0	0	0	0	0	0	
0	0	0	0	0	0	0	0	0	0	0	0	0	48	0	48	0	0	0	0	0	0	0	0	0	0	0	0	0	0	0	0	0	0	0	0	0	0	0	0	0	0	0	0	0	0	0	0	0	0	0	0	0	0	0	0	0	0	0	0	0	0	0	0	0	0	0	0	0	0	0	0	0	0	0	0	0	0	0	0	0	0	0	0	0	0	0	0	0	0	0	0	0	0	0	0	0	0	0	0	0	0	0	0	0	0	0	0	0	0	0	0	0	0	48	0	0	0	0	0	
0	0	0	48	0	0	0	0	0	0	0	0	0	0	0	0	0	0	0	0	0	0	0	0	0	0	0	0	0	0	0	0	0	0	0	0	0	0	0	0	0	0	0	0	0	0	0	0	0	0	0	0	0	0	0	0	0	0	0	48	0	0	0	0	0	0	0	0	0	0	0	0	0	0	0	0	0	0	0	0	0	0	0	0	0	0	0	0	0	0	0	0	0	0	0	0	0	0	0	0	0	0	0	0	0	0	48	0	0	0	0	0	0	0	0	0	0	0	0	0	
0	0	0	0	0	0	0	0	0	0	0	0	48	0	0	0	0	0	0	0	0	0	0	0	0	48	0	0	0	0	0	0	0	0	0	0	0	0	0	0	0	0	0	0	0	0	0	0	0	0	0	0	0	0	0	0	0	48	0	0	0	0	0	0	0	0	0	0	0	0	0	0	0	0	0	0	0	0	0	0	0	0	0	0	0	0	0	0	0	0	0	0	0	0	0	0	0	0	0	0	0	0	0	0	0	0	0	0	0	0	0	0	0	0	0	0	0	0	0	0	
0	0	0	0	0	0	0	0	0	0	0	0	0	0	0	0	0	0	0	0	0	0	0	0	0	0	0	0	0	0	0	0	0	0	0	0	0	0	0	0	0	0	0	48	0	0	0	0	0	0	0	0	0	0	0	0	0	0	0	0	0	0	0	0	0	0	0	0	0	0	0	0	0	0	0	0	0	0	0	0	0	0	0	0	0	0	0	0	0	0	0	0	48	0	0	0	0	0	0	0	0	0	0	0	0	0	0	0	0	0	0	0	0	0	0	0	0	0	48	0	
0	0	0	0	0	0	0	0	0	0	0	0	0	0	0	0	0	0	0	0	0	0	0	0	0	0	0	0	0	0	0	0	0	0	0	0	0	0	0	0	0	0	0	0	0	0	0	0	0	0	0	0	0	0	0	0	0	0	0	0	0	0	0	0	0	0	0	0	0	0	0	0	0	0	0	0	0	0	0	0	0	48	0	0	0	0	0	0	0	0	0	0	0	0	0	0	0	0	0	0	0	0	0	0	0	0	0	0	0	0	48	0	0	0	0	0	0	48	0	0	
0	0	0	0	0	0	0	0	0	0	0	0	0	0	0	0	0	0	0	0	0	48	0	0	0	0	0	0	0	0	0	0	0	0	0	0	0	0	0	0	0	0	0	0	0	0	0	0	0	0	0	0	0	0	0	0	0	0	0	0	0	0	0	0	0	48	0	0	0	0	0	0	0	0	0	0	0	0	0	0	0	0	0	48	0	0	0	0	0	0	0	0	0	0	0	0	0	0	0	0	0	0	0	0	0	0	0	0	0	0	0	0	0	0	0	0	0	0	0	0	
0	0	0	0	0	0	48	0	0	0	0	0	0	0	0	0	0	0	0	0	0	0	0	0	0	0	0	0	0	0	0	0	0	0	0	0	0	0	0	0	0	0	0	0	0	0	0	0	0	0	0	0	0	0	0	0	0	0	0	0	0	0	0	0	0	0	0	0	0	0	0	0	0	0	0	0	0	0	0	0	0	0	0	0	48	0	0	0	0	0	0	0	0	0	0	0	48	0	0	0	0	0	0	0	0	0	0	0	0	0	0	0	0	0	0	0	0	0	0	0	
0	0	0	0	0	0	0	0	0	0	0	0	0	0	0	0	0	0	0	0	0	0	0	0	0	0	0	0	0	0	0	0	0	0	0	0	0	0	0	0	0	48	0	0	0	0	0	0	0	0	0	0	0	0	0	0	0	0	0	0	0	0	0	0	0	0	0	0	0	0	0	0	0	0	0	0	0	0	0	0	0	0	0	0	0	0	0	0	0	0	0	0	0	0	0	0	0	0	0	0	0	48	0	0	48	0	0	0	0	0	0	0	0	0	0	0	0	0	0	0	
0	0	0	0	0	0	0	0	0	0	0	0	0	0	0	0	0	0	0	0	0	0	0	0	0	0	48	0	0	0	0	48	0	0	0	0	0	0	0	0	0	0	0	0	0	0	0	0	0	0	0	48	0	0	0	0	0	0	0	0	0	0	0	0	0	0	0	0	0	0	0	0	0	0	0	0	0	0	0	0	0	0	0	0	0	0	0	0	0	0	0	0	0	0	0	0	0	0	0	0	0	0	0	0	0	0	0	0	0	0	0	0	0	0	0	0	0	0	0	0	
0	0	0	0	0	0	0	0	0	0	0	0	0	0	0	0	0	0	0	0	0	0	0	0	0	0	0	0	0	0	0	0	0	0	0	0	0	0	0	0	0	0	0	0	0	0	0	0	0	0	0	0	0	0	0	0	0	0	0	0	0	0	0	0	0	0	0	0	0	0	0	0	0	0	0	0	0	0	0	0	0	48	48	0	0	0	0	0	0	0	0	0	0	0	0	0	0	0	0	0	0	0	0	0	0	48	0	0	0	0	0	0	0	0	0	0	0	0	0	0	
0	0	0	48	0	0	0	0	0	0	0	0	0	0	0	0	0	0	0	0	0	0	0	0	0	0	0	0	0	0	0	0	0	0	0	0	0	0	0	0	0	0	0	0	0	0	0	0	0	0	0	0	0	0	0	0	0	0	0	0	0	0	0	48	0	0	0	0	0	0	0	0	0	0	0	0	0	0	0	0	0	0	0	0	0	0	0	0	0	0	0	0	0	0	0	0	0	0	0	0	0	0	0	0	0	0	48	0	0	0	0	0	0	0	0	0	0	0	0	0	
0	48	0	0	0	0	0	0	0	0	0	0	0	0	0	0	0	0	0	0	0	0	0	0	0	0	0	0	0	0	0	0	0	0	0	0	0	0	48	0	0	0	0	0	0	0	0	0	0	0	0	0	0	0	0	0	0	0	0	0	48	0	0	0	0	0	0	0	0	0	0	0	0	0	0	0	0	0	0	0	0	0	0	0	0	0	0	0	0	0	0	0	0	0	0	0	0	0	0	0	0	0	0	0	0	0	0	0	0	0	0	0	0	0	0	0	0	0	0	0	
0	0	0	0	0	0	0	0	0	0	0	0	0	0	0	0	0	0	0	0	0	0	0	0	0	0	0	0	0	0	0	0	0	0	0	0	0	0	0	0	0	0	0	0	0	0	0	0	0	0	0	0	0	0	0	0	0	0	0	0	0	0	0	0	0	0	0	0	0	0	0	0	0	48	0	0	0	0	48	0	0	0	0	0	0	0	0	0	0	0	0	0	0	0	0	0	0	0	0	0	0	0	0	0	0	0	0	0	0	0	0	0	0	0	0	0	0	48	0	0	
0	0	0	0	0	0	0	0	0	0	0	0	0	0	0	0	0	0	0	0	0	0	0	0	48	0	0	0	0	0	0	0	0	0	0	0	0	0	0	0	0	0	0	0	0	0	0	0	0	0	0	0	0	0	0	0	0	0	0	0	0	0	0	0	0	0	0	0	0	0	0	0	0	0	0	0	0	0	48	0	0	0	0	0	0	0	0	0	0	0	0	0	0	0	0	0	0	0	0	0	48	0	0	0	0	0	0	0	0	0	0	0	0	0	0	0	0	0	0	0	
0	0	0	0	0	0	0	0	0	0	0	0	0	0	0	0	0	0	0	0	0	0	0	0	0	0	0	0	0	0	0	0	0	0	0	0	0	0	0	0	0	0	48	0	0	0	48	0	0	0	0	0	0	0	0	0	0	0	0	0	0	0	0	0	0	0	0	0	0	0	0	0	0	0	48	0	0	0	0	0	0	0	0	0	0	0	0	0	0	0	0	0	0	0	0	0	0	0	0	0	0	0	0	0	0	0	0	0	0	0	0	0	0	0	0	0	0	0	0	0	
0	0	0	0	0	0	0	0	0	0	0	0	0	0	0	0	0	0	0	0	0	0	0	0	0	0	0	0	0	0	0	0	0	0	0	0	0	0	0	0	0	0	0	0	0	0	0	0	0	0	0	0	0	0	0	0	0	0	48	0	0	0	0	0	0	0	0	0	0	0	0	0	0	0	0	48	0	0	0	0	0	0	0	0	0	0	0	48	0	0	0	0	0	0	0	0	0	0	0	0	0	0	0	0	0	0	0	0	0	0	0	0	0	0	0	0	0	0	0	0	
0	0	0	0	48	0	0	0	0	0	0	0	0	0	0	0	0	48	0	0	0	0	48	0	0	0	0	0	0	0	0	0	0	0	0	0	0	0	0	0	0	0	0	0	0	0	0	0	0	0	0	0	0	0	0	0	0	0	0	0	0	0	0	0	0	0	0	0	0	0	0	0	0	0	0	0	0	0	0	0	0	0	0	0	0	0	0	0	0	0	0	0	0	0	0	0	0	0	0	0	0	0	0	0	0	0	0	0	0	0	0	0	0	0	0	0	0	0	0	0	
0	0	0	0	0	0	0	0	0	0	0	0	0	0	0	0	0	0	0	48	0	0	0	0	0	0	0	0	0	0	0	0	0	0	0	0	0	0	0	0	0	0	0	0	0	0	0	0	0	0	0	0	0	0	0	0	48	0	0	0	0	0	0	0	0	0	48	0	0	0	0	0	0	0	0	0	0	0	0	0	0	0	0	0	0	0	0	0	0	0	0	0	0	0	0	0	0	0	0	0	0	0	0	0	0	0	0	0	0	0	0	0	0	0	0	0	0	0	0	0	
0	0	0	0	0	0	0	0	0	0	0	0	0	0	0	0	0	0	0	0	0	0	0	0	0	0	0	0	0	0	0	0	0	0	0	0	0	0	0	0	0	0	0	0	0	0	0	0	0	0	0	0	0	0	0	0	0	0	0	0	0	0	0	0	0	0	0	0	0	0	0	0	0	0	0	0	0	0	0	0	0	0	0	0	48	0	0	0	0	0	0	0	0	48	48	0	0	0	0	0	0	0	0	0	0	0	0	0	0	0	0	0	0	0	0	0	0	0	0	0	
0	0	0	0	0	0	0	0	0	0	0	0	0	0	0	0	0	0	0	0	0	0	0	0	0	0	0	48	0	0	0	0	0	0	48	0	0	0	0	0	0	0	0	0	0	0	0	0	0	0	0	0	0	0	0	0	0	0	0	0	0	0	0	0	0	0	0	0	0	0	0	0	0	0	0	0	0	0	0	0	0	0	0	0	0	0	0	0	0	0	0	48	0	0	0	0	0	0	0	0	0	0	0	0	0	0	0	0	0	0	0	0	0	0	0	0	0	0	0	0	
0	0	0	0	0	0	0	0	0	0	0	0	0	0	0	0	0	0	0	0	0	0	0	0	0	0	0	0	0	0	0	0	0	0	0	0	48	0	0	0	0	0	0	0	0	0	0	0	0	0	0	0	0	0	0	0	0	0	0	0	0	0	0	0	0	0	0	0	0	0	0	0	0	0	0	0	0	0	0	0	0	0	0	0	0	0	0	0	0	0	0	48	0	0	0	0	0	0	0	0	0	0	0	0	0	0	0	0	0	0	0	0	0	48	0	0	0	0	0	0	
0	0	0	0	0	0	0	0	0	48	0	0	0	0	0	0	0	0	0	0	0	0	0	0	0	0	0	0	0	0	0	0	0	0	0	0	0	0	0	0	0	0	0	0	0	0	0	0	0	0	0	0	0	0	0	0	0	0	0	0	0	0	0	0	0	0	0	0	0	0	0	0	0	0	0	0	0	0	0	0	0	0	0	0	0	0	0	0	0	0	0	0	0	0	0	0	0	0	0	0	0	0	0	0	0	0	0	0	0	0	0	0	0	0	48	0	0	0	48	0	
0	0	0	0	0	0	0	0	0	0	0	0	0	0	0	0	0	0	0	0	0	0	0	0	0	0	0	0	0	0	0	0	0	0	48	0	0	0	0	0	0	0	0	0	0	0	0	0	0	0	0	0	0	0	0	0	0	0	0	0	0	0	0	0	0	0	0	0	0	0	0	0	0	0	0	0	0	0	0	0	0	0	0	0	0	0	0	0	48	48	0	0	0	0	0	0	0	0	0	0	0	0	0	0	0	0	0	0	0	0	0	0	0	0	0	0	0	0	0	0	
0	0	0	0	0	0	0	0	0	48	0	0	0	0	0	0	0	0	0	0	0	0	0	0	0	0	0	0	0	0	0	0	0	0	0	0	0	0	0	0	0	0	0	48	0	0	0	0	0	0	0	0	0	0	0	0	0	0	0	0	0	0	0	0	0	0	0	0	0	0	0	0	48	0	0	0	0	0	0	0	0	0	0	0	0	0	0	0	0	0	0	0	0	0	0	0	0	0	0	0	0	0	0	0	0	0	0	0	0	0	0	0	0	0	0	0	0	0	0	0	
0	0	0	0	0	0	0	0	0	0	0	0	0	0	0	0	0	0	0	0	0	0	0	0	0	0	0	0	0	0	0	0	0	0	0	0	0	0	0	0	0	0	0	0	0	0	0	0	0	0	0	0	0	0	0	0	0	0	0	0	0	0	0	0	0	0	0	0	0	0	0	0	0	0	0	0	0	0	0	0	0	0	0	0	0	0	0	48	0	0	0	0	0	0	48	0	0	0	0	0	0	0	0	0	0	48	0	0	0	0	0	0	0	0	0	0	0	0	0	0	
0	0	48	0	0	0	0	0	0	0	0	0	0	0	0	0	0	0	0	0	0	0	0	0	0	0	0	0	0	0	0	0	0	0	0	0	0	0	0	0	0	0	0	0	0	0	0	0	0	0	0	0	0	0	0	0	0	0	0	0	0	0	0	0	0	0	0	0	0	0	0	0	0	0	0	0	0	0	0	0	0	0	0	0	0	0	0	48	0	0	0	0	0	48	0	0	0	0	0	0	0	0	0	0	0	0	0	0	0	0	0	0	0	0	0	0	0	0	0	0	
0	0	0	0	0	0	0	0	0	0	0	0	0	0	0	0	0	0	0	0	0	0	0	0	0	0	0	0	0	0	0	0	0	0	0	0	0	0	0	0	0	0	0	0	0	0	0	48	0	0	0	0	0	0	0	0	0	0	0	0	48	0	0	0	0	0	0	48	0	0	0	0	0	0	0	0	0	0	0	0	0	0	0	0	0	0	0	0	0	0	0	0	0	0	0	0	0	0	0	0	0	0	0	0	0	0	0	0	0	0	0	0	0	0	0	0	0	0	0	0	
0	0	0	0	0	0	48	0	0	0	0	0	0	0	0	0	0	0	0	0	0	0	0	0	0	0	0	0	0	0	0	0	0	0	0	0	0	0	0	0	0	0	0	0	0	0	0	0	0	0	48	0	0	0	0	0	0	0	0	0	0	0	0	0	0	0	0	0	0	0	0	0	0	0	0	48	0	0	0	0	0	0	0	0	0	0	0	0	0	0	0	0	0	0	0	0	0	0	0	0	0	0	0	0	0	0	0	0	0	0	0	0	0	0	0	0	0	0	0	0	
0	0	0	0	0	0	0	0	0	0	0	0	0	0	0	0	0	0	0	0	0	0	0	0	0	0	0	0	0	0	0	0	0	0	0	0	0	0	0	0	0	0	0	0	0	0	48	0	0	0	0	0	0	0	0	0	0	0	0	0	0	0	0	0	0	0	0	0	0	0	0	0	0	0	0	0	0	0	0	0	0	0	0	0	0	0	0	0	0	0	0	0	0	0	0	0	0	0	0	0	0	0	0	0	0	0	0	0	48	0	0	48	0	0	0	0	0	0	0	0	
48	0	0	0	0	48	0	48	0	0	0	0	0	0	0	0	0	0	0	0	0	0	0	0	0	0	0	0	0	0	0	0	0	0	0	0	0	0	0	0	0	0	0	0	0	0	0	0	0	0	0	0	0	0	0	0	0	0	0	0	0	0	0	0	0	0	0	0	0	0	0	0	0	0	0	0	0	0	0	0	0	0	0	0	0	0	0	0	0	0	0	0	0	0	0	0	0	0	0	0	0	0	0	0	0	0	0	0	0	0	0	0	0	0	0	0	0	0	0	0	
0	0	0	0	0	0	0	0	0	0	0	0	0	0	0	0	0	0	0	0	0	0	0	0	0	0	48	0	0	0	0	48	0	0	0	0	0	0	0	0	0	48	0	0	0	0	0	0	0	0	0	0	0	0	0	0	0	0	0	0	0	0	0	0	0	0	0	0	0	0	0	0	0	0	0	0	0	0	0	0	0	0	0	0	0	0	0	0	0	0	0	0	0	0	0	0	0	0	0	0	0	0	0	0	0	0	0	0	0	0	0	0	0	0	0	0	0	0	0	0	
0	0	0	0	0	0	0	0	0	0	0	0	0	0	0	0	0	0	0	0	0	0	0	0	0	0	0	0	0	0	0	0	0	0	0	0	0	0	0	0	0	0	0	0	0	0	0	0	0	0	0	0	0	0	0	0	0	0	0	0	0	0	0	0	0	0	0	0	0	0	0	0	0	0	0	0	0	0	0	0	0	0	48	0	0	0	0	0	0	0	0	0	0	0	0	0	0	0	0	0	0	0	0	0	0	0	0	0	0	0	0	48	0	0	0	48	0	0	0	0	
0	0	0	0	0	0	0	0	0	0	0	0	0	0	0	0	0	0	0	0	0	0	0	0	0	0	0	0	0	0	0	0	0	0	0	0	0	0	0	0	0	0	0	0	0	0	0	0	0	0	0	0	0	0	0	0	0	0	0	0	0	0	0	0	0	0	0	0	0	0	0	0	0	0	0	0	48	0	0	0	0	0	0	0	0	0	0	0	0	0	0	0	0	0	0	0	0	0	0	0	0	0	0	0	48	0	0	0	48	0	0	0	0	0	0	0	0	0	0	0	
0	0	0	0	0	0	0	0	0	0	0	0	0	0	0	0	0	0	0	0	0	0	0	0	0	0	0	0	0	0	48	0	48	0	0	0	0	0	0	0	0	0	0	0	0	0	0	0	0	0	0	0	0	0	0	48	0	0	0	0	0	0	0	0	0	0	0	0	0	0	0	0	0	0	0	0	0	0	0	0	0	0	0	0	0	0	0	0	0	0	0	0	0	0	0	0	0	0	0	0	0	0	0	0	0	0	0	0	0	0	0	0	0	0	0	0	0	0	0	0	
0	0	0	0	0	0	0	0	0	0	0	0	0	0	0	0	0	0	0	0	0	0	0	0	0	0	0	0	0	0	0	0	0	0	0	0	0	0	0	0	0	0	0	0	48	0	0	0	0	0	0	0	0	0	0	0	0	0	0	0	0	0	0	0	0	0	0	0	0	0	0	0	0	0	0	0	0	0	0	0	0	0	0	0	0	0	0	0	0	0	0	0	0	0	0	0	0	0	0	0	0	0	0	0	0	0	0	48	0	0	0	0	0	0	0	0	0	0	0	48	
0	0	0	0	0	0	0	0	0	0	0	0	0	0	0	0	0	0	0	0	0	0	0	0	0	0	0	0	0	0	0	0	0	0	0	0	0	0	0	0	0	0	0	0	0	0	0	0	0	0	0	0	0	0	0	0	0	48	0	0	0	0	0	0	0	0	0	0	0	0	0	0	0	0	0	0	48	0	0	0	0	0	0	0	0	0	0	0	0	0	0	0	0	0	0	0	0	0	0	0	0	48	0	0	0	0	0	0	0	0	0	0	0	0	0	0	0	0	0	0	
0	0	0	0	0	0	0	0	0	0	0	0	0	0	0	0	0	0	0	0	0	0	0	0	0	0	0	0	0	48	0	0	0	0	0	0	0	0	0	0	0	0	0	0	0	0	0	0	0	0	0	0	0	0	0	0	0	0	0	0	0	0	0	0	0	0	0	0	0	0	0	0	0	0	0	0	0	0	48	0	0	0	0	0	0	0	0	0	0	0	0	0	0	48	0	0	0	0	0	0	0	0	0	0	0	0	0	0	0	0	0	0	0	0	0	0	0	0	0	0	
0	0	0	48	0	0	0	0	0	0	0	0	0	0	0	0	0	0	0	0	0	0	0	0	0	0	0	0	0	0	0	0	0	0	0	0	0	0	0	0	0	0	0	0	0	0	0	0	0	0	0	0	0	0	0	0	0	0	0	0	0	0	0	0	0	0	0	0	0	0	48	0	0	0	0	0	0	0	0	48	0	0	0	0	0	0	0	0	0	0	0	0	0	0	0	0	0	0	0	0	0	0	0	0	0	0	0	0	0	0	0	0	0	0	0	0	0	0	0	0	
0	0	48	0	0	0	0	0	0	0	0	0	0	0	0	0	0	0	0	0	0	0	0	0	0	0	0	0	0	0	0	0	0	0	0	0	0	0	0	0	0	0	0	0	48	0	0	0	0	0	0	0	0	0	0	0	0	0	0	0	0	0	0	0	0	0	0	0	0	0	0	0	0	0	0	0	0	0	0	0	0	0	0	0	0	0	0	0	0	0	0	0	0	0	0	0	0	0	0	0	0	0	0	48	0	0	0	0	0	0	0	0	0	0	0	0	0	0	0	0	
0	0	0	0	0	0	0	0	0	0	0	0	0	0	0	0	0	0	0	0	0	0	0	0	0	0	0	0	0	0	0	0	0	0	0	0	0	0	0	0	0	0	0	0	0	0	0	0	0	0	0	48	0	0	0	0	0	0	0	0	0	0	0	0	0	0	0	0	0	0	0	0	0	0	0	0	0	0	0	0	0	0	0	0	0	0	0	0	0	0	0	0	0	0	0	0	0	48	0	0	0	48	0	0	0	0	0	0	0	0	0	0	0	0	0	0	0	0	0	0	
0	0	0	0	0	0	0	0	0	0	0	0	0	0	0	0	0	0	0	0	0	0	0	0	0	0	0	0	0	0	0	0	0	0	0	0	0	48	0	0	0	0	0	0	0	0	0	0	0	0	0	0	0	0	0	0	0	0	0	0	0	0	0	0	0	0	0	0	0	0	0	0	0	0	0	0	0	0	0	0	0	0	0	0	0	0	0	0	0	0	0	0	0	0	0	0	0	0	0	0	0	0	0	0	0	0	0	0	0	0	0	0	48	0	0	48	0	0	0	0	
48	0	0	0	0	0	0	0	0	0	0	0	0	0	0	0	0	0	0	0	0	0	0	0	0	0	0	0	0	0	0	0	0	0	0	0	0	0	0	0	0	0	0	0	0	0	0	0	0	0	48	0	0	0	0	0	0	0	0	0	0	0	0	0	0	0	0	0	0	0	0	0	0	48	0	0	0	0	0	0	0	0	0	0	0	0	0	0	0	0	0	0	0	0	0	0	0	0	0	0	0	0	0	0	0	0	0	0	0	0	0	0	0	0	0	0	0	0	0	0	
0	0	0	0	0	0	0	0	0	0	0	0	0	0	0	0	0	0	0	0	0	0	0	0	0	0	0	0	0	48	0	0	0	0	0	0	0	0	0	0	0	0	0	0	0	0	0	0	0	0	0	0	0	0	0	0	0	0	0	0	0	0	0	0	0	0	0	0	0	0	0	0	0	0	0	0	0	0	0	0	0	0	0	0	0	0	0	0	0	0	0	0	0	0	0	0	0	48	0	0	48	0	0	0	0	0	0	0	0	0	0	0	0	0	0	0	0	0	0	0	
0	0	0	0	0	0	0	0	0	0	0	0	0	0	0	0	0	0	0	0	0	0	0	0	0	0	0	0	0	0	0	0	0	48	0	0	0	48	0	0	0	0	0	0	0	0	0	0	0	0	0	0	0	0	0	0	0	0	0	0	0	0	0	0	0	0	0	0	0	0	0	0	0	0	0	0	0	0	0	0	0	0	0	0	0	0	0	0	0	0	0	0	0	0	0	0	0	0	0	0	0	0	0	0	0	0	0	0	0	48	0	0	0	0	0	0	0	0	0	0	
0	0	0	0	0	0	0	0	0	0	0	0	0	0	0	0	0	0	0	0	0	48	0	0	0	0	0	0	0	0	0	0	0	0	0	0	48	0	0	0	0	0	0	0	0	0	0	0	0	0	0	0	0	0	0	0	0	0	0	0	0	0	0	0	0	0	0	0	0	0	0	0	0	0	0	0	0	0	0	0	0	0	0	0	0	0	0	0	0	48	0	0	0	0	0	0	0	0	0	0	0	0	0	0	0	0	0	0	0	0	0	0	0	0	0	0	0	0	0	0	
0	0	0	0	0	0	0	0	0	0	0	0	0	0	0	0	0	0	0	0	0	0	0	0	0	0	0	0	0	0	0	0	0	0	0	0	0	0	0	0	0	0	0	0	0	0	0	0	0	0	0	0	0	48	0	0	0	0	0	0	0	0	0	0	0	0	0	0	0	48	0	0	0	0	0	0	0	0	0	0	0	0	0	0	0	0	0	0	0	0	48	0	0	0	0	0	0	0	0	0	0	0	0	0	0	0	0	0	0	0	0	0	0	0	0	0	0	0	0	0	
0	0	0	0	0	0	0	0	0	0	0	0	0	0	0	0	0	0	0	0	0	0	0	0	0	0	0	0	0	0	0	0	0	0	0	0	0	0	0	0	0	0	0	0	0	0	0	0	0	0	0	0	0	0	0	0	0	0	0	0	0	0	0	0	0	0	0	48	0	0	0	0	0	0	0	0	0	0	0	0	0	0	0	0	0	0	0	0	0	0	0	0	0	0	0	0	0	0	0	0	48	0	0	0	0	0	0	0	0	48	0	0	0	0	0	0	0	0	0	0	
0	0	0	0	0	0	0	0	0	0	0	0	0	0	0	0	0	0	0	0	48	0	0	0	0	0	0	0	0	0	0	0	0	0	0	0	0	0	0	0	0	0	0	0	0	0	0	0	0	0	0	0	0	0	0	0	0	0	0	0	0	0	0	0	0	0	0	0	0	0	0	0	0	0	0	0	0	0	0	0	0	0	0	0	0	0	0	0	0	0	0	0	0	0	0	0	0	0	0	0	0	0	0	0	0	0	0	0	0	0	0	0	0	0	0	0	0	0	0	48	
0	0	0	0	0	0	0	0	0	0	0	0	0	0	0	0	0	0	0	0	0	0	0	0	0	0	0	0	0	0	0	0	0	0	0	0	0	0	0	0	0	0	0	0	0	0	0	0	0	0	0	0	0	0	0	0	0	0	0	0	0	0	0	0	0	48	0	0	0	0	0	0	0	48	0	0	0	0	0	0	0	48	0	0	0	0	0	0	0	0	0	0	0	0	0	0	0	0	0	0	0	0	0	0	0	0	0	0	0	0	0	0	0	0	0	0	0	0	0	0	
0	0	0	0	0	0	0	0	0	0	0	0	0	0	0	0	0	0	0	0	0	0	0	48	0	0	0	0	0	0	0	0	0	0	0	0	0	0	0	0	0	0	0	0	0	0	0	0	0	0	0	0	0	0	0	0	0	0	0	0	0	0	0	0	0	0	0	0	0	0	0	0	48	0	0	0	0	0	0	0	0	0	0	0	0	0	0	0	0	0	48	0	0	0	0	0	0	0	0	0	0	0	0	0	0	0	0	0	0	0	0	0	0	0	0	0	0	0	0	0	
0	0	0	0	0	0	0	0	0	0	0	0	0	0	0	0	0	0	0	0	0	0	0	0	0	0	0	0	0	0	0	0	0	0	0	0	0	0	0	0	0	0	0	0	0	0	0	0	0	0	0	0	0	0	0	0	0	0	0	0	0	0	0	0	0	0	0	0	0	0	0	0	0	0	0	0	0	0	0	0	0	0	0	0	0	0	0	0	0	0	0	0	0	0	0	0	0	0	0	0	0	0	0	48	0	0	0	0	0	0	0	0	0	0	0	0	48	0	0	0	
113	70	88	29	63	25	2	47	68	50	56	43	112	20	90	68	69	55	89	43	84	12	54	24	94	3	34	69	91	55	31	42	13	112	116	88	13	54	84	81	76	84	88	61	98	113	31	70	72	48	91	5	25	40	94	9	36	115	40	21	107	99	2	106	55	95	118	56	40	25	11	49	72	10	28	5	48	115	25	61	88	61	107	91	3	25	76	103	95	80	115	11	32	83	115	111	117	67	52	21	48	105	103	53	74	110	70	105	99	90	16	46	86	81	33	34	75	87	95	114	56	91	0	44	58	68	72	109	21	102	44	65	32	99	92	85	92	92	15	89	78	102	88	76	86	0	95	97	69	28	6	96	85	18	70	106	77	76	8	88	1	90	5	107	103	94	77	92	58	57	11	92	82	11	94	53	17	78	16	46	118	2	10	98	60	89	109	48	116	99	65	27	78	2	64	50	27	95	60	88	92	82	84	117	107	117	89	26	88	88	38	72	45	61	50	80	73	21	88	67	64	40	31	107	8	0	97	7	76	37	15	57	116	105	89	43	49	4	50	12	93	80	9	55	104	46	0	44	27	110	104	44	64	97	10	71	71	10	70	104	42	104	31	7	40	84	108	110	60	96	63	20	71	5	25	3	96	11	51	108	82	52	13	97	46	88	90	49	51	105	65	111	76	119	84	66	10	68	12	69	68	97	114	32	37	46	62	28	62	5	67	42	14	30	16	3	24	75	119	40	109	109	73	10	92	28	22	115	72	2	1	58	90	55	41	65	41	29	88	18	16	108	15	76	103	110	95	106	40	116	81	52	35	78	53	59	1	6	61	24	116	68	43	76	44	42	53	0	106	1	79	93	8	9	105	100	29	3	99	62	117	33	64	85	94	76	95	16	67	117	50	42	76	92	113	114	83	2	15	67	24	33	115	21	52	18	80	1	56	109	117	104	54	12	27	19	86	39	61	3	98	64	83	57	90	8	69	70	111	111	13	43	66	71	60	34	69	72	11	10	96	28	3	118	5	116	76	93	44	40	41	18	118	33	9	61	68	9	118	47	48	73	17	41	26	50	114	20	92	115	12	17	61	56	86	97	105	45	62	59	3	101	118	79	36	36	74	29	108	102	89	57	20	108	29	79	109	111	102	118	105	73	61	32	119	10	4	54	33	115	99	40	32	69	68	33	109	105	48	47	88	97	30	110	116	28	98	117	97	29	82	14	48	12	65	114	98	67	24	81	71	97	87	13	66	81	71	79	106	91	114	71	58	64	57	15	113	65	83	80	98	40	4	67	52	93	114	80	41	33	8	33	43	61	39	22	65	106	15	114	69	74	34	108	72	93	48	46	67	52	90	88	23	88	82	60	45	26	48	75	110	84	54	46	107	70	68	93	85	97	108	42	45	14	22	61	52	14	100	81	10	75	110	37	58	29	69	11	84	13	3	107	104	76	49	23	65	91	47	0	46	4	110	111	90	95	80	60	52	29	77	33	118	79	7	79	114	46	78	54	79	4	60	80	87	73	81	102	91	78	70	113	4	28	5	105	3	45	54	16	113	96	99	31	79	32	5	102	6	101	91	95	95	80	105	11	91	35	21	50	3	110	10	102	119	9	17	40	66	55	66	49	44	41	22	89	61	14	95	2	24	33	94	13	52	74	107	34	44	42	103	11	63	18	92	97	72	28	10	44	102	87	99	62	11	62	79	112	104	81	15	35	78	34	77	87	111	72	74	46	2	54	70	1	97	4	66	0	45	27	96	29	23	92	16	73	55	9	12	109	16	98	4	105	2	100	66	23	20	94	91	38	86	92	112	16	1	43	110	14	114	35	33	105	1	72	39	33	49	112	12	95	74	43	3	18	4	39	102	108	13	82	19	19	38	57	36	25	18	46	110	109	73	71	94	113	99	23	62	5	44	64	26	114	102	81	114	70	31	93	60	93	18	60	31	65	15	80	118	34	79	90	105	28	99	6	33	0	98	92	45	54	3	64	85	0	4	32	81	51	56	74	2	9	100	45	63	79	47	79	41	96	86	107	37	67	88	58	110	7	1	44	76	76	53	59	40	23	78	92	50	62	62	110	102	64	96	77	55	89	24	13	58	72	8	33	109	71	37	104	118	1	69	105	43	92	117	105	29	22	58	63	20	40	114	8	76	48	108	77	92	99	18	90	78	27	101	76	72	62	55	41	67	21	45	2	65	39	48	39	78	70	109	3	67	18	94	76	99	15	50	68	39	12	7	18	15	43	77	23	77	48	108	95	100	27	43	49	3	18	35	78	108	66	67	2	89	0	33	78	105	113	107	108	111	47	109	99	58	105	55	92	3	34	61	24	75	107	21	104	13	115	17	15	38	24	46	9	75	3	104	9	44	61	17	36	66	27	15	18	96	111	92	7	105	100	87	73	46	12	24	3	1	48	67	79	86	5	14	27	110	47	46	36	57	118	73	9	41	103	84	28	89	116	68	35	4	94	115	45	99	17	68	39	105	66	47	79	60	37	115	116	36	62	64	82	11	21	94	79	115	82	104	81	110	116	56	104	88	101	48	102	21	97	88	90	93	40	31	54	113	84	78	68	35	5	8	99	91	78	93	65	76	22	22	114	91	32	23	94	106	99	97	45	51	87	89	86	30	84	35	119	40	58	104	103	110	79	57	119	18	108	47	86	17	72	47	86	57	110	40	82	0	116	46	0	41	50	86	57	19	60	73	10	61	93	102	56	32	20	109	18	98	66	88	95	49	102	69	92	8	97	76	4	91	77	99	49	85	48	24	2	17	6	100	105	35	7	91	82	43	30	36	36	36	23	90	106	99	41	55	67	59	23	34	57	30	20	118	110	24	56	113	115	18	53	71	105	20	5	35	70	56	39	52	99	5	36	5	0	21	92	13	112	13	116	15	21	53	77	115	8	27	49	46	104	76	86	11	81	74	20	7	14	48	93	101	31	112	75	28	21	40	54	18	57	98	69	112	93	9	118	97	70	34	50	50	97	99	70	41	90	15	96	43	7	12	30	40	13	46	75	119	22	112	109	118	28	85	51	44	37	45	18	95	21	73	110	23	67	25	32	24	93	47	41	29	96	57	6	116	88	37	76	2	96	27	108	34	53	4	89	9	98	0	28	18	38	54	42	37	78	103	54	19	87	65	41	64	83	113	77	39	75	0	59	60	65	1	100	18	15	105	1	63	114	118	36	100	114	18	108	99	67	82	33	105	10	28	38	43	44	3	59	54	63	91	2	102	43	105	16	13	32	99	101	111	49	44	94	80	64	117	41	119	73	12	97	52	76	16	69	115	66	97	50	6	106	56	28	33	73	93	119	75	19	114	81	73	64	22	73	43	32	47	77	80	94	21	13	77	58	108	97	44	28	45	46	104	89	72	15	114	87	67	64	101	82	57	25	3	62	42	109	82	114	72	80	16	75	49	21	60	101	57	61	55	28	4	30	104	108	0	34	2	85	9	79	20	112	109	107	5	54	27	17	107	60	66	77	34	115	17	61	2	8	45	60	27	39	107	49	80	55	89	1	46	84	71	6	84	53	19	102	15	94	88	39	3	0	110	100	52	47	82	113	35	46	5	23	50	85	6	32	5	11	65	72	60	73	16	10	68	9	70	76	118	22	110	104	44	107	20	87	52	12	89	47	89	110	79	3	41	78	16	68	97	101	54	67	36	58	35	20	119	86	30	47	35	45	68	112	101	14	108	18	5	67	102	98	20	53	109	108	36	43	34	25	44	117	99	57	25	29	110	24	76	84	16	0	58	45	76	35	101	11	58	99	89	80	86	38	50	89	82	112	86	101	83	38	106	55	83	38	27	21	103	52	119	111	69	69	67	104	76	79	28	64	62	67	3	35	33	97	25	95	36	28	28	63	14	106	9	22	91	54	86	95	108	61	87	113	48	21	14	59	33	20	48	34	78	41	36	62	26	27	34	117	81	86	25	4	27	70	79	115	106	118	59	22	24	37	79	97	40	33	97	26	63	42	75	62	54	9	94	53	94	100	3	88	56	20	67	31	101	88	10	78	29	71	116	103	8	13	78	110	7	103	32	25	101	26	8	85	49	6	107	83	4	28	78	5	27	25	40	38	46	51	5	10	46	46	58	33	89	53	31	106	75	93	97	82	23	62	101	48	52	45	84	90	12	30	23	60	15	106	5	87	86	73	75	58	57	107	74	47	38	13	114	39	80	108	112	22	4	107	43	18	39	83	37	37	3	89	38	65	41	52	58	71	25	103	66	91	86	14	55	0	23	101	116	46	0	104	2	108	17	69	104	76	27	68	6	23	89	104	98	42	67	63	117	89	101	88	109	2	53	8	60	69	26	6	3	14	41	95	29	49	77	115	23	86	45	15	14	81	46	96	64	118	75	71	60	65	56	95	1	117	71	94	86	21	31	104	99	63	110	42	73	45	73	101	51	98	35	18	97	111	105	71	55	107	24	60	33	70	53	17	62	2	82	104	92	54	6	99	112	31	44	64	45	64	101	37	57	77	33	16	26	87	30	104	44	62	9	42	98	33	59	20	86	29	89	51	112	86	108	76	32	82	70	22	99	59	89	55	109	77	71	97	57	46	19	102	24	45	87	78	34	56	62	84	29	64	0	118	67	96	14	8	21	101	17	62	25	50	52	41	2	118	64	12	107	81	67	49	96	95	28	113	57	107	21	1	97	83	73	110	63	22	110	38	11	4	59	26	77	1	84	89	13	70	25	115	32	49	91	107	101	25	42	106	78	79	104	2	3	26	103	44	45	115	54	2	53	24	5	43	91	45	80	48	27	20	46	59	98	108	72	37	71	115	88	94	35	109	83	13	15	114	58	14	60	28	69	102	91	16	34	21	110	0	62	13	52	107	14	90	8	103	25	92	68	27	86	50	83	45	96	72	28	36	22	22	18	75	35	22	55	87	107	45	86	43	113	118	95	9	103	107	17	13	74	109	39	3	8	113	38	15	26	34	43	12	11	87	106	69	1	91	56	18	81	53	97	21	22	43	106	100	97	40	44	24	36	114	2	31	87	85	38	53	44	19	53	105	61	20	102	39	77	95	27	20	59	38	101	29	34	107	99	19	69	33	104	31	59	14	86	7	60	106	14	48	111	32	21	40	0	99	78	66	89	43	10	12	97	42	39	63	25	51	5	82	114	37	72	13	22	114	58	77	105	58	10	34	47	34	28	25	37	60	102	91	108	67	115	119	9	88	106	31	23	26	32	86	27	87	65	18	31	57	56	96	14	99	91	110	40	48	48	114	86	34	68	119	103	80	6	42	9	99	50	36	26	54	35	65	63	38	75	50	21	94	41	94	62	3	63	39	69	64	91	34	74	86	107	13	50	1	2	91	6	85	107	9	84	116	5	57	8	103	65	44	7	16	81	1	54	37	64	79	90	46	46	28	29	90	82	37	77	65	108	69	48	109	79	24	115	118	9	53	30	114	114	60	89	35	81	70	87	12	24	100	41	109	104	52	11	109	109	84	59	111	81	23	4	10	68	44	80	30	51	33	77	108	22	38	111	107	59	5	36	119	74	65	83	114	107	75	77	97	84	25	21	89	101	25	84	87	78	50	90	64	65	92	15	58	57	107	5	65	61	109	48	58	3	12	15	70	97	19	56	65	96	7	1	91	78	46	46	119	119	72	27	54	14	87	32	103	41	77	74	23	4	64	116	1	80	45	110	72	114	96	50	108	111	42	109	11	19	107	47	54	54	107	99	34	105	42	110	43	54	94	109	107	35	58	69	49	60	69	62	89	71	65	2	1	42	90	46	65	78	18	73	113	102	26	7	37	81	11	81	59	47	22	6	57	38	111	115	84	3	89	2	23	53	119	54	3	15	18	15	85	31	27	5	89	101	6	102	117	109	99	16	56	9	58	109	82	6	32	90	35	14	76	78	67	12	114	119	1	99	20	60	111	88	116	52	18	70	107	61	27	67	101	67	41	74	101	104	41	88	88	50	93	12	103	16	67	69	75	69	11	54	90	74	29	96	116	113	87	30	54	37	29	36	115	106	111	118	75	68	49	7	112	70	32	19	10	40	61	45	58	36	58	85	53	112	1	23	29	3	23	57	103	2	92	32	111	39	49	74	74	116	1	20	91	70	36	35	55	53	19	110	75	50	0	109	57	73	51	0	72	34	113	27	43	114	17	32	58	63	67	61	12	57	18	91	59	100	73	55	83	113	48	18	58	77	99	77	98	29	33	22	91	3	53	3	113	46	30	118	114	82	69	20	91	65	84	78	79	50	28	107	83	119	110	118	75	5	29	75	83	118	37	52	65	89	3	4	76	110	69	19	115	74	101	93	20	13	62	53	9	63	91	89	98	30	40	110	58	95	54	17	23	68	66	8	9	47	62	109	106	56	102	45	98	41	63	14	81	27	107	27	57	29	12	61	58	81	91	60	71	43	19	70	29	107	91	63	78	53	65	76	7	79	97	9	2	87	100	47	17	72	38	46	78	114	18	12	27	116	69	100	66	89	90	17	86	70	89	21	91	104	87	68	6	109	10	66	18	21	76	68	66	83	12	92	82	67	16	103	44	50	106	13	90	91	57	60	96	27	108	73	6	90	28	117	86	75	88	117	31	93	103	6	0	3	68	32	90	6	46	68	103	57	93	68	90	66	21	50	40	34	26	57	93	106	65	17	105	66	2	71	119	73	100	39	105	18	41	19	97	82	15	53	30	55	111	113	41	102	5	60	115	107	74	34	65	13	83	12	54	20	98	10	49	90	71	39	47	73	73	5	14	105	51	77	110	103	23	71	11	76	11	105	42	14	9	8	25	15	70	86	38	83	66	106	14	1	42	68	96	71	5	111	116	116	98	10	44	56	59	59	16	52	60	0	117	39	80	35	64	67	86	40	56	87	118	94	91	40	101	102	36	7	19	8	50	82	7	69	46	116	40	97	98	1	116	115	96	92	9	93	62	27	98	76	32	16	62	36	92	69	83	29	22	86	81	25	96	59	105	72	65	112	20	47	31	59	72	7	111	53	111	111	95	53	110	26	82	5	52	50	96	0	14	53	70	63	28	6	66	36	4	86	71	31	69	7	112	24	41	37	67	107	55	31	10	35	13	118	115	59	64	2	41	97	7	18	56	27	85	31	65	55	80	55	116	25	49	17	3	37	44	58	35	98	76	66	37	45	3	103	68	11	102	86	46	58	90	43	112	109	1	22	83	102	69	20	47	99	110	103	59	37	112	86	104	9	26	94	7	95	71	40	46	12	58	39	46	28	98	61	77	80	26	66	50	7	3	23	116	59	107	116	26	52	103	52	99	51	99	85	41	113	65	3	102	85	4	52	82	80	77	98	106	54	44	54	110	53	104	75	48	108	88	55	47	119	95	1	70	89	15	78	21	98	73	84	32	13	45	54	85	84	8	40	119	67	11	94	19	96	5	79	43	97	92	21	71	19	17	91	59	48	33	107	111	60	109	49	43	111	85	62	76	71	69	41	0	56	114	41	43	48	57	85	109	54	24	47	19	23	9	12	35	27	65	80	97	5	41	73	51	81	64	116	70	66	113	103	30	75	36	22	19	52	67	112	10	39	115	29	105	89	19	84	12	97	6	26	53	26	60	80	77	91	87	57	34	2	110	4	26	91	3	11	117	70	46	95	41	3	10	104	66	33	116	76	37	100	77	70	52	22	82	50	75	74	14	68	48	36	65	94	51	110	100	45	27	34	99	51	73	106	51	60	75	16	64	29	89	108	30	116	74	62	49	65	38	89	87	14	46	103	96	35	80	42	34	11	37	70	29	17	2	6	79	12	117	54	65	28	53	39	58	67	68	14	85	32	94	48	1	51	29	89	99	118	89	34	33	19	96	54	22	27	119	38	115	114	46	93	16	28	102	64	24	59	36	15	59	55	12	28	9	40	8	4	64	85	0	78	62	68	92	10	28	28	85	42	2	7	91	73	48	107	98	40	55	97	117	43	52	113	83	67	108	67	53	104	31	87	91	115	70	108	57	15	80	69	115	59	13	62	63	112	21	104	16	80	74	110	69	115	53	119	57	22	67	27	103	58	39	18	68	3	76	54	78	97	21	32	93	97	52	70	11	74	84	85	51	98	26	85	11	0	26	116	10	96	67	109	7	14	9	11	77	98	10	8	42	107	8	114	112	40	87	104	36	82	40	104	79	88	118	68	89	50	71	81	65	45	71	102	41	1	30	45	57	36	67	21	63	2	19	82	101	72	7	108	86	119	48	52	107	112	52	62	99	81	0	80	20	105	75	110	91	37	34	57	34	22	59	82	32	11	44	37	26	2	60	116	94	5	4	28	118	111	68	5	35	1	99	93	62	66	24	17	68	86	40	65	21	78	91	118	26	28	65	41	2	47	56	13	91	74	47	85	68	27	48	88	7	84	53	12	111	119	6	97	13	66	21	55	85	84	77	60	79	23	79	40	117	9	99	11	23	32	55	4	104	8	72	52	17	79	65	86	15	35	78	16	16	118	54	107	47	104	55	101	54	71	51	55	20	77	61	23	99	45	42	118	39	99	73	85	17	46	59	22	55	67	65	51	79	30	116	34	9	16	47	36	78	1	38	40	22	117	70	63	67	33	48	5	101	67	25	100	45	15	8	68	83	87	114	47	29	80	55	85	20	91	91	102	105	75	6	43	70	65	22	76	24	32	98	21	54	107	92	79	110	76	78	99	81	39	15	80	99	60	20	27	14	78	103	38	93	82	111	12	34	0	10	20	64	49	43	66	77	73	61	25	72	105	63	73	50	44	76	30	65	100	72	92	10	111	115	53	113	87	12	33	38	24	96	87	119	95	82	41	48	97	119	23	103	84	79	39	85	11	0	79	47	119	111	32	50	8	103	39	25	10	22	1	34	81	62	59	60	114	2	39	56	1	3	30	118	94	26	57	72	109	51	78	34	26	77	109	104	50	43	100	10	8	14	62	73	117	90	77	12	44	7	82	54	44	31	81	56	29	67	105	23	95	105	75	103	91	17	70	84	66	99	28	100	51	91	40	41	45	11	4	118	36	72	42	46	17	20	108	40	27	61	78	28	93	13	114	8	51	76	43	11	115	27	1	10	118	107	45	114	12	35	88	22	3	72	109	42	61	93	14	19	119	38	33	71	79	97	32	18	93	110	86	39	40	14	20	115	29	15	30	83	33	30	33	51	89	105	24	21	16	46	42	72	75	63	81	78	51	33	75	110	100	14	35	57	34	109	116	45	35	72	110	100	10	46	69	68	38	45	57	69	85	98	68	68	110	69	117	49	105	84	103	2	35	65	60	115	103	44	27	88	111	22	43	72	119	100	8	19	26	1	65	60	14	39	113	84	79	56	3	39	34	108	2	84	41	25	4	49	1	91	19	90	81	58	116	100	24	17	63	100	95	7	118	108	14	101	64	81	116	92	101	112	70	23	94	57	26	41	17	3	47	14	112	93	98	49	11	89	35	118	56	67	22	47	46	106	45	53	21	116	95	29	11	55	1	105	14	11	54	88	88	16	91	9	88	111	107	94	21	39	113	80	95	82	28	64	70	4	103	7	32	35	1	112	106	34	9	54	74	54	54	77	0	48	24	38	111	30	15	53	21	25	17	21	97	64	21	53	88	43	90	59	59	115	112	68	68	29	50	37	29	105	102	10	61	29	50	71	11	119	32	31	119	6	16	81	106	107	23	106	9	76	88	95	95	51	72	47	26	108	92	57	70	21	72	69	99	42	78	75	17	49	13	8	98	1	63	68	117	11	103	49	74	72	2	83	85	81	12	99	96	61	82	87	67	30	7	26	23	33	55	0	46	22	104	10	114	35	111	110	94	116	58	105	68	8	65	88	118	77	105	56	39	79	1	8	11	50	8	91	9	27	60	2	33	19	33	47	27	33	28	90	10	92	33	20	53	20	115	47	64	56	16	32	75	52	44	67	36	14	39	52	31	57	80	114	26	66	95	14	20	93	2	18	9	87	10	6	19	112	95	56	59	1	103	56	67	33	26	32	84	23	24	88	106	92	19	43	2	26	36	98	116	76	65	100	87	4	10	6	91	103	19	41	72	97	70	73	74	114	96	3	35	33	7	37	6	69	119	27	83	0	47	65	7	27	92	26	116	12	98	66	72	55	60	98	73	31	113	11	23	11	54	57	104	14	84	97	106	104	118	47	95	91	19	16	106	3	15	35	3	8	6	66	2	71	1	51	118	93	15	115	52	21	22	71	54	84	13	89	104	46	37	26	77	85	10	33	92	64	33	47	23	68	71	15	8	32	71	100	20	8	84	59	92	24	51	25	67	106	51	20	110	115	34	8	74	88	92	103	27	52	83	116	75	93	27	18	78	116	65	94	60	45	67	58	72	47	95	70	25	47	17	64	105	22	109	86	104	77	15	35	98	99	62	75	4	43	72	106	24	7	74	16	82	24	40	118	12	8	47	98	8	67	67	80	2	82	23	3	18	72	101	37	24	9	118	50	9	49	8	70	90	20	0	109	27	91	115	27	49	87	85	45	44	22	93	59	2	51	25	8	40	63	78	89	53	101	16	96	41	8	11	76	54	60	77	20	45	84	40	73	0	101	4	38	105	91	57	35	84	11	88	22	84	91	92	46	96	32	89	77	57	2	64	73	35	33	110	11	0	108	44	46	7	50	54	77	13	113	98	108	98	55	113	31	106	72	15	73	49	38	37	51	110	75	21	46	95	1	105	109	70	100	79	8	42	83	16	48	31	118	10	32	66	66	9	95	38	42	67	101	55	41	27	9	31	89	61	31	20	109	112	70	24	24	115	31	33	106	32	90	30	3	118	27	11	43	21	59	74	91	0	109	22	39	24	43	101	8	3	36	105	44	5	12	31	0	11	70	26	98	90	65	12	10	103	63	93	11	71	14	93	56	39	53	43	58	65	91	84	118	2	103	68	7	78	83	63	88	38	61	104	36	60	67	47	57	2	113	25	57	32	33	21	62	94	88	52	9	22	113	52	85	78	60	27	69	102	6	49	7	32	110	98	15	108	50	1	66	92	53	116	60	76	9	33	71	99	12	82	34	116	26	15	41	66	74	36	48	35	89	4	40	114	52	45	101	49	64	15	37	3	110	17	100	44	3	68	14	59	1	52	110	90	29	22	119	84	84	55	18	16	49	27	65	36	55	55	18	37	87	85	56	109	46	68	9	45	35	28	1	69	51	118	26	94	46	96	13	16	92	97	98	114	11	115	85	103	28	72	12	114	36	15	119	97	0	110	33	63	18	42	98	114	30	8	59	32	97	26	61	21	69	73	21	23	0	118	80	26	59	93	87	17	17	92	75	42	57	56	96	67	102	13	55	23	56	19	104	68	83	87	65	48	2	72	39	22	94	35	69	113	46	114	30	32	87	84	111	79	22	12	52	92	112	41	79	117	13	66	111	67	94	90	28	75	97	72	118	12	3	24	66	73	106	8	30	105	32	1	46	24	47	94	21	55	109	29	27	24	76	20	100	118	36	98	104	118	49	37	19	30	32	58	4	17	87	82	32	89	34	92	35	32	68	117	118	18	41	70	16	32	114	14	63	110	9	109	13	10	109	108	17	25	51	43	62	40	50	45	25	118	37	88	14	105	65	43	77	81	41	12	80	113	49	90	110	17	3	53	17	48	43	4	80	41	98	37	48	14	60	23	13	87	39	113	91	13	13	107	32	45	111	9	74	84	73	40	71	68	44	64	48	55	75	72	12	53	28	66	71	36	114	34	110	55	81	100	117	36	15	103	1	103	48	30	78	6	71	78	107	102	20	96	3	71	24	68	27	104	6	92	26	36	109	77	104	86	112	34	104	102	35	86	36	16	104	54	38	67	25	63	75	77	27	28	33	97	5	31	60	117	116	64	0	99	79	105	47	69	112	101	56	45	111	29	111	19	28	90	98	90	64	113	70	103	107	62	103	57	54	38	107	38	73	52	101	61	61	38	60	40	93	115	77	6	62	76	37	114	100	90	85	32	9	104	70	6	22	110	51	71	15	91	106	102	64	27	112	109	116	58	90	76	108	11	119	21	36	31	91	0	16	0	57	57	99	41	92	25	25	85	39	97	118	112	98	108	75	20	112	82	35	3	92	98	65	0	77	49	11	47	24	51	87	29	56	41	45	95	113	1	14	62	66	80	94	2	52	10	4	94	38	31	60	86	24	3	75	105	76	115	86	25	117	73	98	84	10	82	108	101	47	27	66	106	113	3	100	38	87	43	58	34	63	99	29	86	116	73	49	91	72	44	78	49	51	2	66	0	73	71	113	94	69	100	56	35	80	5	33	0	41	44	40	78	44	13	55	76	67	55	25	36	20	80	92	21	68	34	96	58	77	27	92	32	20	67	77	21	23	74	7	73	11	102	34	77	77	4	75	26	46	58	49	2	118	110	97	91	18	118	59	103	76	22	119	42	14	91	96	32	42	108	53	20	13	39	105	92	114	69	22	94	65	105	58	40	67	58	118	112	29	53	110	54	85	72	35	81	110	93	33	43	12	35	37	26	114	39	60	62	115	89	79	50	105	73	40	108	38	1	92	72	49	91	10	45	72	26	26	88	83	51	63	110	15	40	20	119	59	36	51	33	36	72	0	42	60	96	18	72	86	57	106	86	62	55	62	65	76	40	105	68	56	45	40	102	12	10	116	21	116	61	103	5	62	58	116	90	48	21	10	27	100	49	57	104	21	103	65	22	80	59	55	103	56	91	88	57	31	66	92	11	93	4	70	83	47	76	46	56	85	77	85	1	116	103	0	53	66	15	112	73	110	3	42	40	41	70	31	93	103	5	12	111	97	20	51	87	26	37	95	34	96	20	65	74	100	55	48	117	40	28	39	34	69	64	48	67	10	38	3	115	36	100	27	35	92	43	21	44	28	18	25	83	83	19	7	13	21	37	95	31	38	98	39	78	6	19	20	73	5	53	51	83	28	93	4	94	102	119	37	33	40	106	103	83	29	103	43	78	68	106	22	51	74	84	49	51	22	3	103	0	72	41	10	49	97	61	78	15	51	22	54	32	68	78	25	71	40	2	52	7	42	61	17	14	67	85	65	32	11	43	45	72	45	104	26	17	43	8	117	38	95	28	76	81	5	5	76	75	114	74	15	53	106	61	101	84	80	10	86	59	100	38	98	5	102	94	9	76	56	54	66	36	85	55	15	89	66	68	30	66	60	103	97	18	39	92	69	61	61	85	113	29	11	68	17	118	86	41	67	7	76	86	57	105	63	104	53	14	35	43	24	86	107	107	96	43	100	83	81	62	59	107	80	41	90	71	102	12	6	75	88	36	85	8	63	70	49	74	16	60	50	63	100	62	61	75	88	100	76	41	16	96	95	44	55	44	50	119	22	99	62	71	17	49	41	16	5	52	7	81	15	61	96	98	78	77	84	31	115	119	61	62	115	82	77	33	34	70	91	45	64	43	118	3	40	34	29	75	74	46	41	105	113	53	109	20	5	7	83	41	69	14	116	35	8	43	8	58	112	28	31	54	17	48	6	71	1	51	112	102	14	32	0	117	22	69	114	14	14	4	107	110	19	64	50	59	57	15	31	7	48	67	91	99	65	9	84	18	86	109	21	5	61	111	87	19	70	75	117	79	97	60	24	28	102	108	18	12	71	59	107	104	19	58	85	81	105	55	58	118	72	55	86	54	29	66	25	103	96	67	89	35	10	60	45	1	55	94	101	78	65	70	89	48	97	47	15	110	117	0	51	69	114	92	16	4	99	97	117	106	4	117	2	116	70	78	112	56	65	104	6	82	109	108	72	20	78	1	92	88	58	60	21	45	27	115	74	47	90	18	85	77	13	84	57	13	105	74	106	81	45	59	107	75	83	16	101	71	0	70	114	48	18	65	85	70	113	100	41	106	13	100	97	41	25	5	15	68	29	29	14	2	50	119	117	1	38	114	81	91	5	42	88	13	31	21	101	58	33	75	91	90	112	11	115	119	101	104	99	27	72	115	49	67	90	108	34	107	75	10	44	2	102	55	43	11	92	12	116	115	90	20	101	92	68	7	66	27	93	48	1	70	21	111	0	47	31	113	51	37	119	76	90	65	63	19	16	33	112	10	118	41	87	102	93	20	118	12	44	21	103	79	18	71	118	68	92	23	68	23	32	48	57	111	47	24	102	23	0	3	101	51	88	47	90	95	45	5	96	88	99	99	66	30	72	40	50	61	15	46	109	79	13	40	98	47	24	9	70	85	92	46	34	45	73	93	119	30	87	23	101	104	2	31	51	35	10	60	67	24	44	27	12	91	13	17	45	25	114	28	92	8	83	37	2	105	18	51	83	39	82	7	84	114	88	7	54	96	15	5	54	11	49	50	98	29	58	1	15	78	83	95	7	53	81	84	119	61	26	96	7	42	58	6	26	77	39	115	25	23	105	111	78	65	2	35	26	109	34	10	22	29	3	1	106	28	59	76	98	10	23	67	97	10	20	110	51	44	25	82	75	90	57	71	47	0	87	48	85	69	59	60	91	57	42	118	95	7	1	68	110	79	62	94	23	81	54	58	69	88	80	40	8	51	51	
21	81	49	71	19	61	91	63	77	3	2	45	104	42	5	118	72	14	9	78	12	20	106	59	103	89	93	10	79	83	95	15	114	69	102	16	91	78	95	1	104	33	78	64	21	93	48	26	25	86	98	108	16	105	82	2	118	76	93	97	66	82	22	64	103	98	37	10	91	23	12	117	99	24	114	53	84	17	11	72	91	71	61	74	93	56	36	90	79	119	54	58	117	11	54	82	46	39	100	93	85	2	98	89	16	64	7	50	12	22	102	1	24	31	67	105	89	82	79	75	98	96	5	1	28	49	28	26	0	79	54	25	16	84	39	49	70	13	113	77	107	22	90	16	70	46	94	72	115	97	10	74	70	61	44	18	94	86	65	54	95	89	45	59	69	43	22	70	39	81	32	20	41	49	88	25	8	15	13	115	81	1	97	79	80	42	115	114	36	41	96	88	57	82	60	71	44	2	85	60	98	103	31	52	16	101	72	19	75	97	76	63	39	1	17	45	75	112	68	2	83	109	88	114	52	85	5	44	83	27	78	3	37	6	80	53	55	114	1	6	54	108	109	36	15	42	74	84	79	104	117	27	43	107	2	118	89	56	94	105	92	53	79	18	2	86	26	14	80	16	83	90	91	104	87	27	24	44	4	77	4	48	95	70	45	81	52	98	78	29	48	112	85	16	58	99	15	39	60	49	98	111	37	31	97	13	98	26	106	63	15	6	114	25	90	1	111	97	79	56	44	66	68	72	96	83	85	5	94	40	40	29	20	79	65	61	88	12	102	34	29	44	59	0	58	68	70	53	42	73	51	102	11	97	8	96	35	72	17	80	37	19	44	74	104	112	22	52	95	35	51	43	73	33	112	44	114	119	3	115	86	75	41	102	116	65	61	58	31	46	55	84	94	39	34	48	21	10	107	4	16	19	49	45	6	79	6	8	67	115	81	41	35	29	31	63	37	17	84	69	5	44	45	16	64	28	105	79	42	77	42	29	2	12	47	40	108	6	77	21	53	113	32	81	33	1	86	88	31	11	27	8	91	4	69	110	82	42	88	31	57	113	34	119	77	78	23	12	35	110	53	67	104	39	72	64	111	33	101	97	43	0	65	24	9	68	99	104	100	118	73	90	8	4	75	17	73	11	84	108	52	78	98	94	22	28	26	29	100	82	48	6	19	4	65	110	89	7	44	114	25	89	36	63	106	22	79	98	104	115	105	31	112	118	48	68	95	107	112	111	58	112	64	91	95	33	115	70	33	3	38	45	63	44	79	21	13	88	91	115	96	5	71	115	85	31	7	68	50	59	56	89	106	15	41	97	12	87	117	111	59	57	1	97	94	0	116	44	49	108	17	37	41	39	5	65	67	81	14	44	85	20	17	53	98	55	27	95	97	54	0	48	30	63	94	102	86	86	73	76	86	80	23	40	35	115	85	79	43	27	111	62	81	110	35	49	20	112	46	31	104	62	44	83	34	38	115	4	15	60	104	69	100	22	31	76	54	0	94	86	107	119	97	72	119	97	30	47	86	82	18	95	7	7	41	39	62	102	113	106	105	60	15	87	67	52	79	97	75	69	87	54	4	4	20	19	77	117	42	109	42	93	119	1	32	10	32	100	100	24	113	10	100	100	79	82	91	68	89	55	80	76	90	55	78	58	24	104	36	58	111	61	102	25	13	60	26	93	63	105	107	66	41	19	87	61	97	6	28	76	91	14	54	44	30	18	50	48	36	21	117	40	37	93	4	22	108	87	92	9	39	112	75	101	58	77	60	80	115	43	102	94	15	46	93	98	29	78	104	98	106	26	74	20	71	56	87	71	103	19	52	30	43	24	106	43	57	102	105	80	93	41	6	112	33	11	113	1	27	24	86	84	81	98	99	78	73	3	102	79	101	58	46	111	85	61	100	15	105	1	1	38	25	95	46	31	67	12	10	81	40	12	109	8	111	23	112	114	102	50	114	11	39	31	113	69	41	21	103	97	12	84	100	117	107	66	38	106	100	8	73	23	25	44	44	114	18	34	83	44	98	97	110	34	35	63	112	0	6	96	51	108	62	79	45	81	28	0	99	105	43	64	92	2	104	98	66	46	58	104	61	14	44	68	99	46	98	87	108	81	78	45	93	90	58	49	53	0	86	79	71	69	99	87	113	118	57	87	109	53	38	6	111	101	80	82	88	41	99	74	94	21	117	19	101	68	44	42	118	35	85	16	65	115	63	89	31	17	112	29	62	16	41	104	69	76	83	19	110	50	25	67	54	108	117	90	71	12	49	13	97	32	66	17	83	90	85	83	91	71	39	83	30	26	78	31	67	90	78	68	58	52	42	21	106	5	98	62	103	76	60	60	92	22	30	65	77	64	59	58	117	114	22	36	13	115	115	106	113	100	8	11	72	39	10	63	15	12	42	63	78	67	63	13	118	46	68	111	43	49	4	74	87	2	112	52	47	45	51	74	75	82	32	27	32	53	71	55	101	59	27	1	75	91	11	4	12	24	58	65	0	57	13	76	16	12	65	68	103	102	28	44	37	60	80	95	104	18	57	79	39	46	2	24	33	37	91	38	44	68	118	80	5	48	82	105	25	7	115	91	92	111	21	81	108	86	18	88	115	8	48	95	115	111	40	15	98	99	38	7	112	17	81	82	98	32	91	87	42	30	73	107	48	32	75	101	0	90	26	92	58	103	80	49	27	108	103	13	76	71	86	114	24	82	30	117	67	18	94	61	117	66	24	78	68	30	45	77	104	111	6	90	69	99	111	80	67	86	96	116	28	104	40	102	57	61	54	85	25	67	74	2	98	4	18	1	94	111	15	47	35	111	74	18	32	16	61	43	33	45	22	14	35	18	75	104	111	42	48	87	15	41	64	115	115	23	39	34	19	63	110	105	81	113	87	46	117	65	3	114	56	93	78	111	38	22	22	60	12	101	93	99	9	107	110	40	69	2	52	89	67	69	55	115	115	98	95	59	98	3	18	15	17	6	55	24	94	68	63	41	3	94	35	105	64	68	28	15	89	24	94	57	81	23	116	79	82	48	10	87	1	16	41	62	23	75	113	69	16	33	15	10	49	11	70	68	96	24	79	68	20	25	22	86	114	103	86	106	101	93	106	103	77	102	11	96	86	36	14	89	91	58	0	91	55	96	111	11	53	17	89	54	92	27	115	80	65	23	81	57	60	105	4	28	8	33	36	108	104	4	34	96	107	20	6	76	32	98	116	14	89	66	47	77	65	118	63	54	56	68	71	78	96	71	108	9	99	72	36	89	46	115	52	96	68	114	41	101	92	27	36	108	20	78	36	55	92	37	7	10	67	60	103	89	2	1	23	44	36	83	81	101	3	90	84	41	2	95	96	24	8	110	26	55	96	108	100	16	87	94	114	18	40	14	19	37	33	47	63	73	52	107	62	112	61	81	44	98	17	88	8	93	109	54	111	1	117	52	32	75	59	83	109	26	47	116	83	10	25	13	23	116	19	19	87	81	42	96	62	53	42	18	60	14	67	35	59	46	4	27	27	22	40	91	38	119	41	85	51	13	34	48	71	9	48	49	105	98	55	80	49	33	47	34	63	97	51	50	73	4	82	74	89	25	75	51	83	41	10	57	42	60	94	24	47	2	100	42	51	80	118	37	3	92	29	113	84	50	79	73	7	89	118	7	107	34	55	65	51	68	80	100	65	55	105	8	59	46	8	41	36	33	46	15	87	107	106	62	89	109	47	42	115	18	34	80	76	4	22	43	64	55	54	55	115	18	93	12	61	15	105	21	41	54	62	106	108	103	56	110	102	98	35	108	73	80	46	85	117	113	59	90	58	72	38	106	94	19	53	79	79	13	52	28	89	26	27	67	99	2	87	85	36	69	38	23	91	116	26	94	63	91	23	40	112	49	58	24	68	82	34	96	16	71	110	72	14	49	24	100	32	83	80	18	6	36	91	59	103	119	35	88	115	13	110	20	92	54	49	23	114	23	106	90	96	95	67	104	54	17	6	114	60	25	119	20	79	62	82	72	18	22	77	86	105	55	70	16	112	45	8	12	108	116	27	36	91	24	0	43	102	87	78	88	116	59	75	50	53	55	1	60	105	43	115	86	52	67	15	57	85	9	51	50	88	109	22	100	41	114	46	84	69	7	24	90	42	92	69	15	19	64	116	43	85	19	65	6	48	53	71	96	23	81	3	23	86	75	93	32	77	44	45	64	116	75	84	39	88	5	27	55	81	61	21	106	56	55	8	68	4	8	37	78	40	23	88	87	80	104	36	90	24	43	1	94	43	44	101	19	40	119	46	73	105	76	16	13	92	50	69	0	11	113	0	99	55	72	100	16	115	111	28	49	50	17	59	83	19	12	80	48	17	25	67	90	78	107	97	94	62	28	45	75	107	69	93	8	67	105	27	102	4	10	90	27	97	115	18	81	76	108	43	26	107	100	49	25	116	73	12	63	11	78	104	67	47	111	115	54	9	87	26	105	58	79	85	48	11	113	62	26	83	65	30	34	103	65	102	79	38	70	98	25	11	86	5	95	66	104	75	110	86	4	15	69	13	70	90	94	65	106	57	37	51	41	87	95	118	43	7	94	109	100	7	15	94	27	29	64	102	112	14	25	118	73	17	65	0	70	16	86	90	15	9	30	71	113	110	110	24	24	67	30	49	0	110	75	98	71	7	63	40	45	27	38	82	27	52	25	87	84	45	55	24	113	1	67	43	19	51	112	87	104	51	43	103	14	51	106	63	2	65	26	76	112	65	42	86	66	105	116	1	34	80	7	91	100	3	60	52	5	21	96	95	27	85	39	17	92	87	46	29	6	53	15	74	83	87	108	42	50	7	16	94	23	35	25	96	39	37	65	78	35	48	87	113	74	115	55	9	11	92	54	40	116	73	89	57	30	56	45	85	74	60	89	116	36	114	103	65	115	111	3	100	73	59	79	91	82	80	16	72	83	92	87	19	3	49	42	105	102	54	92	24	16	100	62	73	26	5	57	6	15	54	114	11	24	57	79	0	56	82	62	91	43	94	115	111	9	114	70	21	23	89	10	69	32	114	112	7	18	113	95	2	68	40	108	86	116	39	115	0	84	38	81	77	54	77	63	84	110	116	67	23	95	77	82	50	15	96	114	55	39	61	98	39	30	110	117	3	4	18	27	81	51	38	49	27	75	97	13	26	119	9	84	12	117	7	44	92	28	50	68	113	95	87	15	38	91	21	18	38	5	47	107	53	36	63	88	114	73	6	10	59	116	117	56	101	95	19	34	19	7	113	84	78	100	39	75	108	42	55	109	85	32	83	78	72	56	64	82	96	23	71	44	97	118	110	72	9	58	108	85	16	59	39	102	6	32	66	20	74	67	54	111	87	41	107	41	68	114	4	105	27	77	87	6	116	97	49	6	88	97	117	10	37	88	66	22	44	30	86	3	36	64	29	88	44	6	63	71	104	36	32	57	43	16	38	4	69	14	117	91	68	3	91	12	24	50	117	44	11	118	85	5	61	17	106	20	38	98	47	72	73	24	62	14	69	16	114	53	100	52	89	16	97	87	10	78	84	83	6	82	78	4	45	45	58	15	80	16	22	98	9	117	112	80	33	117	13	71	21	3	49	109	80	1	17	49	116	54	98	88	31	36	12	73	53	92	18	25	110	26	5	108	13	65	102	6	66	84	59	16	55	92	70	78	18	69	32	82	92	52	64	24	73	102	2	91	4	12	12	97	39	7	64	89	24	46	45	62	81	5	95	53	62	107	28	82	89	52	18	44	54	59	63	39	63	105	11	51	59	28	49	104	47	55	99	77	20	59	48	2	7	4	22	105	103	83	15	75	14	8	77	43	84	59	112	79	91	49	51	76	4	5	64	75	48	44	73	89	45	26	72	84	21	62	10	2	52	83	81	56	66	93	57	98	60	64	75	106	45	94	67	11	101	44	27	32	105	97	27	60	42	41	70	93	27	60	28	83	80	107	85	118	11	31	46	2	18	95	65	74	48	9	67	74	117	58	9	54	16	29	4	67	66	110	21	93	6	103	91	36	78	13	97	49	118	66	14	19	101	118	78	78	65	110	21	69	106	21	65	7	72	92	109	99	107	16	13	34	37	10	38	34	96	60	63	1	82	94	107	108	77	55	54	58	45	106	20	110	115	119	5	31	79	38	28	18	17	101	29	54	44	119	36	102	100	57	12	13	72	38	95	3	33	77	99	62	38	2	81	7	108	56	72	46	113	111	28	5	10	23	101	79	72	79	14	2	96	102	16	5	25	27	82	75	55	24	27	45	8	82	95	0	27	107	10	63	2	94	45	57	27	59	107	41	41	52	12	98	95	70	36	86	64	53	25	75	41	15	46	68	20	45	5	102	32	24	85	22	105	2	20	83	5	80	106	56	84	58	89	98	113	43	7	23	9	104	41	3	78	103	67	91	17	54	23	73	67	11	11	37	77	30	56	12	46	67	88	51	1	13	52	7	23	37	97	32	45	80	92	37	47	46	50	33	64	53	76	1	54	101	96	38	9	61	95	68	3	1	19	100	90	82	35	95	84	61	80	68	113	39	93	105	47	43	45	116	34	48	85	45	115	5	70	36	28	112	96	5	83	107	4	106	34	100	58	112	69	81	103	117	97	111	56	59	54	39	74	31	75	89	66	99	78	84	31	29	39	57	32	83	32	100	59	18	88	4	43	115	81	63	119	42	28	76	80	14	105	117	26	34	102	97	113	98	81	75	54	93	26	116	8	114	70	110	38	43	98	110	18	97	89	99	35	83	85	100	18	63	76	87	37	103	35	72	92	96	19	24	30	82	36	62	3	5	114	63	85	67	78	22	7	68	11	58	28	76	57	96	72	4	44	62	68	77	115	68	64	27	106	52	78	71	102	19	95	30	1	75	1	111	77	60	42	112	115	42	20	91	86	116	40	36	37	96	8	11	47	92	25	46	92	74	25	55	98	108	17	100	96	22	0	63	34	2	19	70	37	53	22	37	110	94	51	116	63	116	31	70	10	93	102	58	86	35	18	91	59	49	85	42	46	56	9	91	6	106	57	79	37	23	103	18	107	0	51	39	45	40	114	8	88	73	72	54	70	29	61	65	113	96	39	71	21	75	107	96	59	65	91	111	86	85	70	34	12	54	72	55	104	47	87	119	54	74	9	30	46	107	33	15	80	50	119	107	93	26	93	3	23	65	117	10	95	34	47	79	10	70	110	28	54	15	76	75	19	45	110	95	78	115	39	23	5	114	92	6	70	65	59	9	21	63	45	33	25	110	1	15	63	1	74	117	68	23	20	114	22	100	8	30	15	78	5	99	5	114	91	111	73	22	4	57	73	108	53	19	9	3	82	38	54	86	7	93	1	13	99	40	27	34	99	89	100	28	88	56	51	86	7	40	0	31	26	28	25	39	18	105	93	59	68	6	110	26	89	13	50	104	28	83	79	67	25	47	119	46	75	57	45	33	85	112	42	20	26	119	34	48	97	8	5	13	101	58	98	45	101	3	51	64	44	60	67	113	98	71	67	59	106	96	21	119	2	36	92	33	16	49	86	45	77	90	30	90	33	30	86	26	89	75	19	4	43	16	90	79	50	38	107	90	108	22	19	117	110	103	67	68	77	63	23	92	100	39	49	53	61	37	4	37	108	54	63	63	77	56	60	95	16	4	23	71	35	8	90	81	100	64	43	86	44	89	56	89	26	39	48	25	75	105	49	83	57	22	21	71	67	87	37	45	58	5	42	116	20	37	107	42	57	104	13	30	93	65	16	73	44	40	50	95	3	75	96	69	116	3	111	93	107	83	93	98	81	69	2	15	68	119	42	41	4	22	29	106	59	116	114	29	103	42	33	118	14	65	22	86	36	81	0	91	76	82	101	34	87	3	77	108	55	38	72	6	8	95	2	53	43	81	71	82	6	104	81	24	48	21	15	41	111	8	70	51	28	27	86	108	54	16	119	55	18	20	44	93	117	94	74	80	75	74	47	101	17	46	45	65	79	103	71	92	37	54	71	37	111	67	66	1	34	58	44	14	18	89	51	38	64	60	1	18	13	77	46	71	100	82	6	21	4	65	0	8	112	105	58	38	104	114	64	78	96	34	114	44	65	1	97	13	47	73	74	42	17	60	116	50	52	44	0	17	59	81	60	10	50	76	67	2	78	106	88	30	66	45	66	67	58	12	107	52	17	47	58	55	106	66	26	25	42	77	27	34	6	98	4	82	101	101	101	21	89	110	29	116	96	55	0	17	37	72	14	92	95	101	45	35	95	13	37	100	110	37	111	117	46	21	45	49	51	82	78	74	65	86	9	49	102	80	108	41	90	33	77	70	40	58	9	77	19	77	8	92	89	72	7	18	22	87	13	31	90	60	89	103	79	5	108	81	101	8	104	31	118	25	118	43	101	35	89	20	11	64	76	10	27	65	107	45	99	83	66	64	93	87	64	29	105	15	119	48	36	112	27	90	31	113	61	84	110	55	35	70	5	51	24	13	54	46	2	72	28	32	111	86	23	109	6	31	82	37	100	59	74	106	10	71	9	57	84	73	34	116	53	22	82	110	40	85	85	82	82	56	114	35	44	24	93	14	55	30	11	102	24	7	7	99	24	91	43	48	30	41	11	52	97	51	51	114	114	78	104	69	55	48	1	113	16	113	77	31	60	73	97	117	65	37	25	45	85	9	77	102	38	100	22	38	104	115	93	44	54	78	38	26	23	5	91	1	107	77	2	82	88	69	45	107	114	3	116	64	2	15	62	37	42	64	108	97	88	86	47	113	116	4	18	3	36	99	113	65	75	28	106	99	99	82	64	117	42	46	61	24	76	71	80	119	93	84	115	29	56	117	78	14	90	73	16	48	92	94	66	109	31	95	5	19	91	112	91	48	109	21	41	86	56	84	31	3	10	69	24	116	19	78	87	23	55	54	2	42	75	59	115	44	21	115	51	12	81	69	31	80	59	69	117	45	107	7	54	78	7	17	18	92	104	118	31	78	67	56	59	92	62	58	109	38	29	24	73	13	112	62	63	90	93	92	16	90	104	119	80	10	95	16	102	76	30	36	32	32	110	83	97	113	83	95	13	76	61	103	21	81	33	26	99	19	44	21	112	110	0	15	81	77	29	78	95	82	25	66	8	87	62	118	70	18	77	101	30	18	47	81	58	95	37	84	2	91	37	62	53	107	79	91	50	67	22	117	62	79	42	72	54	61	12	56	18	54	25	27	27	25	58	71	11	94	18	8	19	66	93	30	8	103	27	1	34	81	29	66	75	15	106	47	36	25	25	85	31	17	2	114	109	48	103	10	15	11	3	16	114	76	111	95	11	54	90	86	86	119	97	31	26	115	72	1	75	108	104	76	113	65	30	45	63	68	87	44	10	56	38	86	21	93	115	75	66	63	68	33	21	4	5	110	50	49	112	24	47	18	34	75	100	119	14	82	105	94	82	60	84	98	93	100	96	28	86	74	39	98	10	70	73	59	52	6	71	84	39	110	21	55	51	4	53	16	111	4	55	113	86	2	41	58	99	59	20	62	51	95	87	90	98	118	9	29	40	98	98	0	26	94	26	26	75	88	60	15	42	110	37	111	116	2	29	61	68	87	30	25	114	63	49	12	83	30	95	57	16	32	114	0	72	47	25	94	103	80	30	90	110	24	117	0	27	20	52	5	84	18	54	86	27	21	19	26	72	29	97	90	48	74	90	113	77	119	23	66	21	76	107	15	43	14	67	69	49	51	53	39	114	89	29	34	43	44	27	54	46	85	69	97	39	9	42	57	41	41	106	2	35	66	95	117	41	82	81	109	26	27	94	64	48	16	17	30	66	23	71	109	114	98	118	0	84	20	20	74	92	76	15	92	90	6	95	65	69	17	26	24	28	19	36	5	1	10	73	110	107	73	30	37	7	58	1	104	51	8	37	69	47	119	74	100	60	82	31	110	42	41	39	43	116	75	16	115	79	35	11	15	50	46	119	53	85	57	106	57	6	79	20	81	111	33	0	49	118	100	20	113	7	95	90	102	3	34	43	104	56	108	80	36	23	115	31	11	82	115	77	49	90	63	36	108	19	3	50	102	38	90	40	33	88	45	53	12	65	47	70	40	111	94	42	14	115	92	11	2	23	0	82	97	115	61	59	73	42	25	3	10	76	87	37	44	15	14	53	36	80	54	62	19	80	21	113	84	68	37	50	9	116	12	100	56	93	27	1	46	76	36	39	12	72	40	88	43	112	88	91	20	71	4	31	2	74	79	40	110	101	27	17	65	23	17	70	11	97	16	76	39	111	1	110	77	82	110	102	16	19	78	37	0	102	112	16	107	29	106	68	98	83	110	96	82	54	77	34	59	90	2	47	91	103	63	24	67	97	116	118	89	53	37	59	57	30	84	91	112	51	47	108	66	84	104	78	111	67	89	31	9	64	73	54	109	15	107	55	17	98	119	24	44	95	116	87	16	13	117	92	118	113	11	72	5	3	82	60	0	2	86	55	21	115	116	60	119	116	54	35	99	51	10	4	15	36	41	77	43	11	38	108	15	98	33	55	69	42	50	62	35	97	7	102	75	42	32	99	64	37	113	63	94	36	111	81	67	50	118	90	8	58	51	83	50	50	1	106	53	14	105	82	24	36	119	0	41	25	15	46	33	54	94	22	46	88	3	100	43	115	51	97	7	84	54	62	101	111	112	65	17	9	106	117	20	13	65	100	63	19	7	107	109	108	76	110	23	1	31	28	25	27	16	84	111	9	11	112	31	40	79	32	74	77	77	110	54	37	116	101	58	42	48	111	95	57	38	52	12	16	112	110	99	92	94	79	59	14	32	64	92	2	34	47	51	94	66	17	104	101	40	86	52	2	29	1	39	117	16	11	46	105	44	44	63	91	49	112	111	87	55	8	20	17	116	95	37	45	53	27	50	70	76	57	44	113	24	94	46	89	84	82	106	105	16	28	8	104	14	52	90	75	92	116	34	51	91	62	55	25	0	91	76	81	107	23	12	95	65	97	90	109	106	42	93	18	27	5	33	23	95	2	11	67	24	45	84	48	78	40	60	20	92	117	41	42	99	113	60	33	23	69	70	35	51	46	78	80	97	102	44	40	79	6	38	6	25	114	61	32	34	90	27	26	114	30	94	46	42	84	66	14	78	83	55	21	105	12	50	27	71	70	74	94	73	53	52	65	113	33	57	118	85	87	48	63	23	6	70	41	77	37	86	62	114	40	89	44	59	76	39	68	57	40	27	53	18	3	24	90	102	50	59	94	53	109	38	26	74	82	16	6	7	28	48	63	38	45	77	0	70	49	80	102	83	50	52	15	113	68	27	39	94	81	77	8	118	50	90	33	115	94	24	43	25	83	113	67	71	52	31	68	95	35	3	39	105	41	86	70	49	54	83	27	113	109	3	33	60	82	54	31	73	88	114	77	98	96	99	54	84	68	8	18	49	9	81	20	49	47	84	14	14	84	45	93	67	93	78	93	72	16	94	47	92	101	56	84	58	118	91	22	6	82	108	7	80	86	100	108	22	105	105	106	44	16	81	7	52	56	27	2	15	35	65	69	5	39	91	106	39	72	44	16	15	76	115	108	112	31	62	95	87	58	109	113	53	56	71	55	1	36	104	101	69	81	93	46	12	49	99	91	52	78	29	77	60	10	34	59	94	87	113	0	94	96	43	94	30	37	11	13	94	95	10	71	94	117	34	60	76	83	40	20	42	75	16	25	87	93	60	111	52	92	20	109	34	56	90	85	81	114	95	3	84	47	91	62	54	50	44	39	92	17	93	107	102	72	46	64	66	44	117	118	80	24	2	53	69	6	90	77	93	43	92	87	95	10	31	60	79	35	102	82	112	96	28	38	24	46	54	12	51	119	116	119	20	41	70	57	26	55	116	43	47	58	77	3	113	72	61	108	37	104	61	10	66	11	5	14	25	17	9	50	48	46	73	88	61	80	66	25	35	64	70	40	71	107	89	49	2	41	72	112	1	5	52	32	42	62	10	13	42	44	117	102	109	42	20	24	54	30	30	95	87	54	114	41	23	107	70	69	43	84	119	109	34	94	109	84	37	66	3	52	52	6	113	77	52	112	60	54	75	98	82	72	46	0	48	6	10	67	101	67	7	2	29	38	36	11	30	27	2	33	26	111	104	20	61	105	5	79	60	7	29	88	95	65	24	50	83	99	18	2	44	117	2	73	73	26	14	20	35	96	90	13	22	62	86	15	87	107	109	90	80	70	33	6	34	74	24	30	26	34	8	104	15	39	17	14	46	73	56	80	82	70	78	13	113	8	96	66	28	79	103	79	12	10	16	39	32	113	111	32	68	84	82	105	71	31	41	11	5	110	18	12	110	111	53	77	98	49	90	79	83	20	21	23	1	54	70	31	11	112	69	76	105	20	19	60	9	108	50	81	91	117	24	17	42	18	1	11	103	64	113	11	32	89	87	20	26	101	111	19	52	86	5	56	119	101	12	35	41	113	74	25	98	80	28	12	73	42	71	16	30	18	62	9	119	87	70	69	63	6	96	15	63	78	85	115	52	105	92	97	90	97	3	17	57	50	6	46	105	2	84	19	21	1	79	37	86	29	82	36	91	11	112	28	98	36	35	87	20	30	29	94	88	57	23	48	54	45	43	83	81	91	78	75	28	111	96	78	11	111	49	51	50	101	42	60	95	93	1	1	35	24	43	38	92	12	71	31	8	100	101	92	102	102	96	20	62	15	110	100	30	33	54	31	22	74	81	76	34	31	30	29	48	70	114	4	62	71	42	61	85	22	12	85	94	65	85	60	8	53	88	77	113	97	67	74	68	21	4	43	45	8	93	81	65	74	76	55	113	28	25	2	50	42	30	15	34	57	0	40	76	45	59	32	83	108	14	117	0	38	91	6	100	86	58	74	5	76	31	26	107	69	81	9	90	76	51	44	108	65	107	41	23	103	10	37	38	43	117	77	53	112	64	62	63	34	113	41	71	50	78	10	67	19	77	15	73	28	66	103	110	31	40	43	99	44	23	73	118	104	117	38	8	96	91	53	23	119	44	100	111	17	91	16	16	65	89	93	87	79	113	80	23	53	71	82	6	91	45	66	46	56	65	80	0	80	81	69	11	98	76	75	97	26	85	79	85	70	55	66	63	59	57	23	101	64	109	32	81	80	13	102	29	9	75	76	118	104	16	66	113	12	105	55	88	101	20	92	0	6	1	88	71	5	78	20	73	55	118	115	37	118	67	96	30	87	49	119	16	96	48	11	52	94	38	28	114	34	107	60	63	55	113	7	18	77	77	92	115	38	82	76	57	7	95	46	42	114	91	16	82	33	57	96	73	113	21	52	109	35	1	82	28	110	112	73	39	66	34	75	14	114	114	40	2	41	38	42	109	99	22	14	98	19	7	21	71	79	106	105	116	56	31	48	49	11	5	75	84	36	100	27	73	102	51	63	46	21	77	44	66	55	119	11	44	82	102	102	63	5	49	91	41	46	97	95	107	50	39	117	37	88	11	115	96	55	30	31	101	104	88	5	91	60	112	105	71	58	81	105	72	24	94	43	88	5	31	32	116	94	43	68	114	17	94	70	96	35	27	106	16	53	118	103	58	96	0	14	110	81	15	110	9	101	64	2	97	72	79	90	32	74	74	26	23	40	66	86	86	12	119	20	74	49	55	56	90	46	16	107	108	45	50	8	58	21	47	106	43	40	66	102	98	7	113	47	111	97	73	72	100	104	86	56	76	36	118	98	84	98	91	27	39	85	13	102	65	109	3	26	28	39	61	111	93	119	74	67	74	82	48	37	56	102	80	65	108	15	78	117	18	45	108	11	67	102	116	67	116	11	40	68	30	31	115	13	14	63	27	20	18	118	49	99	96	2	62	9	91	4	77	26	78	23	28	61	41	102	93	9	115	39	106	3	2	65	1	39	66	75	95	62	66	80	24	109	108	27	1	95	97	37	48	13	44	59	48	39	66	91	67	36	100	25	8	57	13	9	115	29	84	88	19	87	28	17	7	114	19	13	106	103	84	5	116	33	40	59	83	48	3	97	87	88	84	63	91	72	54	39	23	48	8	40	77	115	46	105	115	104	100	5	97	97	52	67	24	32	115	95	74	118	53	5	5	27	119	24	39	97	22	91	104	80	74	58	54	25	117	51	47	32	117	39	88	105	25	49	9	5	99	1	57	14	60	51	68	103	39	91	90	110	109	33	40	31	107	48	78	40	55	32	76	44	41	15	85	47	17	76	93	52	105	87	93	54	37	45	22	98	109	34	45	36	99	56	30	46	74	99	29	89	56	63	99	23	115	85	35	39	4	19	17	28	87	69	43	25	114	109	80	31	74	56	65	69	46	81	72	85	40	40	59	56	79	63	28	36	105	36	40	12	53	60	35	102	88	19	108	30	46	111	71	98	29	85	76	74	13	14	73	2	71	7	8	46	19	106	14	108	115	74	66	16	2	9	34	5	8	86	27	54	18	103	60	108	48	51	109	72	40	76	48	2	102	34	2	47	28	84	34	71	37	2	23	92	53	7	88	
14	2	18	3	14	8	10	14	20	13	6	7	1	20	5	13	14	18	9	18	12	7	18	18	13	4	17	8	16	10	5	19	16	3	17	6	20	7	18	4	15	11	6	7	1	1	2	7	10	9	6	7	9	8	8	14	14	4	20	6	6	1	8	20	14	4	17	17	12	2	15	14	3	5	16	15	13	6	8	11	4	8	9	17	3	2	11	15	9	5	20	6	6	12	9	2	18	10	18	14	8	3	5	17	4	13	14	9	11	8	7	1	9	6	3	17	11	19	16	13	18	2	9	15	17	18	20	16	3	6	13	8	14	15	13	16	18	7	1	19	17	7	17	11	16	13	7	16	2	16	2	19	2	2	9	11	10	16	4	6	10	15	1	15	4	20	19	18	17	12	5	5	6	16	3	17	19	5	14	9	10	16	7	1	8	14	19	19	2	12	4	6	4	6	18	11	12	19	14	18	10	15	1	8	12	14	17	11	15	3	13	20	12	17	8	3	15	11	2	5	14	8	17	16	18	19	8	16	4	3	6	7	12	2	11	13	4	9	20	3	12	1	2	19	3	16	3	10	20	1	18	4	12	10	2	6	2	4	7	2	5	8	19	16	7	2	5	2	12	1	4	20	6	1	16	12	14	7	2	6	5	16	19	19	15	8	5	9	18	18	12	1	3	1	13	11	2	4	13	20	17	6	17	10	9	18	7	9	15	15	6	3	19	7	5	4	15	8	5	2	4	17	5	9	14	12	8	14	3	14	17	7	4	4	3	13	1	11	19	16	12	12	8	17	6	20	8	10	8	12	9	15	6	5	19	6	2	20	15	11	17	2	19	7	15	3	10	4	6	2	7	15	19	11	18	8	14	10	9	12	10	2	11	13	18	14	11	8	15	13	4	20	7	6	17	17	11	11	11	5	20	14	17	19	3	10	6	20	8	13	6	4	8	4	14	17	6	8	3	6	5	6	6	19	11	15	13	7	5	16	16	3	7	6	8	5	7	2	2	9	10	1	12	17	8	8	13	13	7	11	16	6	12	13	5	10	4	6	17	10	11	6	14	6	15	20	20	19	1	11	8	15	1	10	7	6	10	7	6	14	20	10	14	4	12	20	5	11	13	5	9	9	19	5	2	8	4	2	10	8	12	13	3	13	4	18	3	18	6	19	10	3	18	12	12	13	18	7	17	9	13	16	4	20	2	5	4	15	14	7	18	20	20	18	17	14	15	8	1	11	12	17	18	17	14	3	6	11	16	18	14	4	15	5	3	8	10	14	2	20	16	12	16	13	2	16	13	12	7	19	15	6	18	9	11	20	8	11	2	7	4	11	1	4	17	10	4	13	7	12	13	13	12	7	18	7	4	20	10	14	12	19	14	13	18	9	5	20	14	20	6	7	1	17	16	9	5	4	2	14	14	7	14	15	17	7	1	1	3	16	11	14	2	19	15	9	3	11	16	16	1	14	16	5	11	12	4	11	17	4	17	9	1	3	11	15	11	11	13	17	20	9	18	6	9	5	12	6	16	1	4	2	5	18	19	7	2	12	5	6	19	20	13	1	13	12	2	19	13	9	2	14	5	3	14	4	5	4	18	4	11	13	1	13	15	6	2	15	10	8	15	7	1	10	17	17	2	10	13	12	1	4	16	8	3	3	6	14	2	8	6	12	6	13	19	1	17	3	11	15	15	6	2	20	5	8	19	7	8	13	2	11	14	19	19	3	3	11	4	10	12	1	2	8	7	3	14	6	4	13	4	1	20	13	11	6	1	7	2	2	15	13	15	14	4	7	10	10	4	15	2	2	6	9	5	4	7	13	9	3	4	8	6	5	15	4	15	8	1	11	10	12	2	4	8	13	6	2	8	11	14	1	3	15	13	2	5	13	7	1	14	16	13	13	10	13	4	13	6	5	8	2	8	10	9	16	10	10	6	6	1	5	1	16	12	16	6	3	4	9	12	12	2	1	9	3	4	9	3	5	5	14	8	9	15	1	2	1	14	6	11	5	11	15	11	11	11	4	15	3	13	5	4	13	7	11	15	10	2	16	5	16	6	10	1	11	15	5	4	14	12	12	3	5	3	12	15	11	6	8	16	9	16	14	15	7	10	2	13	15	2	8	4	4	9	6	7	11	11	13	9	15	6	15	10	4	16	3	11	6	1	6	9	15	16	14	16	6	12	1	14	15	13	12	12	6	9	4	11	2	15	12	13	15	4	11	2	6	1	12	11	1	13	9	9	1	9	14	7	7	1	6	8	16	1	5	4	1	14	9	7	14	5	2	3	4	11	7	10	5	10	4	11	8	9	6	1	1	1	15	7	2	10	4	11	11	14	12	3	15	1	14	1	14	11	15	2	11	13	9	10	3	4	7	16	4	1	10	8	1	13	4	12	10	5	8	11	8	9	2	14	1	14	8	7	1	1	12	8	5	1	4	10	5	10	10	14	12	12	15	12	5	15	4	12	9	14	10	8	6	4	9	1	3	3	8	15	11	16	12	5	13	1	13	16	7	13	12	1	12	16	9	3	4	15	3	2	1	5	1	4	5	8	15	1	5	2	1	8	10	4	2	16	14	10	5	9	6	1	3	11	12	9	12	16	9	9	1	7	6	1	3	11	12	16	10	10	12	9	8	16	15	2	9	5	7	3	13	5	10	6	8	12	10	6	9	16	14	10	8	11	6	14	6	1	5	12	10	8	1	14	4	2	5	6	5	16	5	15	1	4	2	10	14	3	4	1	9	8	7	11	14	15	5	11	6	12	5	6	9	2	4	6	6	12	3	9	7	7	10	14	11	5	5	6	11	8	6	3	12	16	2	5	3	12	3	2	16	2	11	11	11	9	13	3	3	12	2	7	11	3	3	4	14	7	1	10	13	6	9	5	3	5	14	2	6	9	14	14	16	14	12	15	2	3	8	5	10	3	11	6	6	7	12	11	8	11	4	10	13	6	9	6	10	2	1	8	10	13	15	12	1	12	11	15	14	12	11	9	3	11	5	5	11	12	13	8	8	4	13	12	5	3	12	12	3	8	6	15	14	14	4	7	16	4	14	15	9	15	13	9	6	16	15	10	5	4	16	9	7	13	2	15	11	9	5	7	13	11	10	8	12	4	3	10	9	1	11	14	12	8	4	12	2	7	12	15	10	7	1	2	11	6	10	15	4	4	15	3	8	11	10	14	15	6	15	8	13	14	16	12	14	5	14	9	8	15	9	15	5	7	1	15	7	10	4	16	10	8	5	15	5	9	2	16	2	2	5	14	11	7	16	5	4	13	12	11	13	15	14	4	12	12	2	13	14	15	7	15	16	14	12	12	4	8	10	5	13	14	11	12	7	13	7	4	13	6	15	10	8	8	11	2	6	5	2	9	3	4	14	10	1	16	12	7	14	7	5	4	10	7	15	12	12	6	16	15	6	11	6	5	5	6	5	2	11	4	7	6	7	15	9	16	2	5	7	9	15	1	8	15	12	4	6	1	8	1	12	5	6	1	14	4	6	15	11	16	15	5	16	7	16	7	8	12	6	1	14	11	7	6	16	5	11	11	13	8	9	6	13	8	3	5	3	13	1	5	7	3	5	3	12	9	11	12	1	4	7	10	6	7	11	12	2	9	3	7	8	6	7	16	10	16	11	5	10	3	15	12	4	14	8	13	12	8	3	3	9	6	10	5	4	14	9	3	11	6	9	10	8	14	14	14	15	16	2	4	3	11	2	5	11	8	15	16	1	12	14	12	8	1	6	8	11	14	7	9	9	13	9	6	3	16	13	4	12	13	9	14	10	7	12	3	5	3	14	5	13	13	4	12	8	9	5	14	5	9	11	8	7	8	3	14	12	6	14	14	11	6	12	5	6	2	15	9	14	15	2	16	5	2	15	13	3	1	7	7	1	5	13	6	14	2	15	8	6	10	14	6	2	15	15	16	14	7	5	13	9	12	5	4	13	5	10	15	10	10	1	13	2	3	10	5	11	9	8	10	10	11	3	14	10	14	9	3	5	4	16	12	5	2	15	3	3	4	6	1	6	12	7	16	8	12	11	8	5	7	2	14	6	2	13	1	4	10	10	9	14	10	14	1	15	14	12	16	10	13	13	4	16	14	6	13	6	10	9	8	1	8	12	2	6	9	16	1	6	11	5	8	16	10	13	7	13	6	15	3	9	7	9	13	9	8	16	12	4	15	6	9	2	9	7	6	14	16	10	7	8	13	12	1	14	10	12	1	4	6	6	8	4	14	11	3	14	14	8	5	6	12	2	6	4	1	6	13	16	7	6	12	11	9	12	8	7	9	8	13	9	6	6	2	5	2	6	1	8	9	15	11	6	10	16	12	2	12	14	9	15	8	3	7	14	1	11	13	5	11	3	2	13	13	7	4	15	14	15	12	4	6	11	4	6	16	13	11	11	1	11	6	7	11	4	14	1	1	15	16	7	7	12	2	3	15	16	12	1	5	13	13	13	1	14	6	3	3	9	2	14	5	9	9	16	13	7	3	3	7	10	14	16	2	13	5	2	13	9	5	15	16	1	15	4	16	13	9	12	15	9	6	1	1	2	9	13	14	1	3	10	8	8	9	4	14	2	16	9	9	15	4	3	5	8	12	10	10	4	11	5	1	7	1	16	4	14	2	8	10	5	4	4	8	9	9	12	1	14	14	1	12	5	14	12	1	2	2	14	6	4	3	1	11	11	6	3	16	15	15	13	8	11	9	16	9	6	14	3	4	9	14	1	16	9	5	7	12	9	4	3	11	15	13	9	7	8	11	11	9	5	13	9	6	12	4	15	13	7	12	14	6	14	3	6	5	7	5	4	14	1	13	13	6	6	3	9	12	2	16	12	3	7	1	3	7	10	15	8	3	3	12	4	3	10	4	14	7	4	5	4	3	13	14	11	4	12	12	10	6	1	13	16	6	2	3	5	16	16	1	14	10	7	8	3	3	8	9	15	13	12	8	6	10	12	7	14	15	4	16	10	4	2	12	14	2	3	8	7	1	16	2	2	10	7	8	4	12	5	11	12	3	1	7	10	1	5	15	14	1	16	3	13	12	5	12	13	13	6	11	10	8	4	11	9	16	14	6	13	6	16	5	3	13	12	9	5	5	7	5	5	15	14	13	13	6	7	14	15	3	16	9	12	3	9	8	6	2	16	14	4	8	12	13	5	4	10	9	3	1	11	4	8	5	14	3	8	8	14	13	14	10	2	9	12	11	11	11	13	10	5	12	15	3	8	16	16	3	10	4	16	2	8	16	3	10	7	8	9	11	10	13	1	14	7	3	3	2	2	4	12	2	10	10	3	6	9	11	6	3	16	9	15	11	15	14	1	2	6	16	14	9	8	7	14	13	8	2	8	2	5	4	2	9	14	16	7	6	2	4	13	5	15	1	8	11	8	15	14	4	5	6	2	14	14	14	15	3	9	13	10	1	10	5	1	15	7	6	1	7	10	14	15	15	3	11	7	13	16	9	8	7	2	5	4	14	16	1	10	2	12	7	10	7	3	8	9	11	3	5	1	5	4	7	13	12	1	6	7	10	9	12	2	9	16	15	14	3	11	12	13	7	5	5	3	6	11	10	13	13	3	15	7	14	13	12	4	8	9	14	13	4	5	4	11	10	15	7	7	8	7	9	1	10	3	14	6	7	16	11	11	11	1	15	10	3	5	6	16	14	4	9	7	15	9	2	4	11	8	7	9	16	7	16	3	8	7	6	15	6	4	16	14	13	4	8	10	12	11	15	11	15	14	6	9	4	10	1	8	5	4	5	10	2	1	15	5	4	6	14	14	15	7	15	5	11	5	11	6	4	2	2	14	15	5	14	2	5	12	14	4	10	12	7	8	13	12	4	4	9	5	13	5	5	9	8	5	12	9	16	12	6	5	14	6	5	8	4	8	2	5	13	2	16	7	13	11	8	9	4	9	5	10	14	6	9	16	13	3	7	7	15	10	2	6	4	8	15	13	9	4	10	4	13	10	2	12	11	15	5	15	13	11	12	1	1	3	3	2	11	6	10	6	2	16	2	5	15	10	6	1	2	12	15	7	3	3	15	10	4	6	11	6	3	15	9	7	5	10	16	10	2	15	6	10	5	1	11	12	14	2	5	13	4	12	16	6	9	13	13	12	12	14	10	4	13	15	3	15	6	1	5	12	10	7	8	9	16	15	11	11	3	10	11	6	4	10	15	11	5	4	14	11	8	16	16	1	6	12	12	1	4	9	15	13	2	5	2	16	4	6	14	3	3	15	1	4	16	3	8	13	8	10	11	15	6	2	14	10	13	14	8	16	7	15	9	12	12	2	12	6	2	8	8	9	14	15	5	4	6	6	8	9	16	1	5	6	11	16	7	2	4	12	8	8	9	16	11	8	10	11	10	10	16	8	4	15	11	6	7	9	12	16	14	8	4	5	8	4	14	13	9	7	7	5	9	13	13	9	1	4	3	8	12	15	8	3	11	3	6	1	4	3	8	7	12	2	3	12	16	7	11	1	4	9	3	1	10	11	16	4	9	6	16	8	15	5	11	10	15	11	11	5	7	6	6	5	15	10	10	8	2	9	11	8	4	8	16	12	8	1	3	7	16	10	11	13	16	13	6	12	7	9	6	2	12	9	16	4	11	12	8	14	8	13	3	10	1	11	9	14	11	9	2	4	8	16	4	4	3	10	2	2	1	7	8	5	13	3	11	8	5	16	1	12	3	2	3	14	7	14	7	12	8	16	3	6	16	16	6	2	2	5	8	14	12	2	6	13	12	2	10	12	6	3	12	10	8	10	1	10	15	3	3	15	6	8	9	6	10	3	2	4	2	4	6	1	14	5	3	3	12	16	3	12	2	9	10	11	2	1	3	12	10	2	7	14	16	1	11	15	9	9	4	9	9	9	11	5	15	10	7	9	13	6	10	4	1	4	3	12	4	16	6	9	7	8	14	9	12	14	11	6	7	11	15	2	1	3	2	14	14	5	3	12	16	15	15	7	13	14	1	13	3	13	8	3	15	3	7	11	9	11	12	6	3	16	11	7	12	9	10	14	15	1	13	7	13	1	10	1	4	8	2	12	15	16	2	15	13	14	11	12	12	13	1	9	14	4	15	4	8	9	13	7	6	11	7	1	2	15	10	16	14	4	11	3	9	11	7	14	8	10	3	4	14	12	16	14	8	9	8	14	15	2	7	1	3	5	8	5	1	12	4	7	14	1	6	8	8	2	5	14	3	2	16	11	7	3	8	5	9	10	11	11	1	9	6	11	12	15	9	1	15	9	9	11	4	7	6	13	15	9	7	14	4	8	8	3	11	4	8	3	5	1	6	8	15	6	16	11	9	15	16	3	2	2	10	2	11	15	15	5	1	7	12	7	9	15	1	15	3	5	6	14	5	7	11	11	6	13	10	9	1	9	9	12	15	9	4	14	10	15	7	1	12	9	9	7	11	3	15	1	5	7	15	12	10	2	1	14	8	3	2	13	15	15	10	12	1	2	8	11	9	2	15	13	5	8	16	4	15	12	11	8	15	6	3	3	1	13	10	14	10	2	4	13	4	16	13	10	3	6	4	15	9	14	8	3	1	15	8	10	5	9	13	6	1	8	12	14	12	8	1	8	3	15	9	9	8	8	10	5	14	8	6	8	3	14	7	13	11	8	11	3	5	4	13	2	2	11	2	15	12	13	2	4	11	4	1	7	9	8	15	5	13	16	2	8	15	5	4	6	4	9	2	5	10	2	8	6	6	5	12	12	6	3	10	10	4	4	16	8	2	2	8	10	1	5	11	11	2	2	6	10	11	1	6	16	7	12	1	8	8	10	13	5	6	6	3	15	13	4	12	3	14	3	3	11	11	5	11	15	8	2	1	10	11	1	1	16	4	6	6	3	6	10	3	12	1	9	11	11	16	9	16	6	6	1	4	6	16	11	9	1	16	12	12	13	15	16	7	13	12	13	16	7	4	12	15	14	8	8	2	5	12	16	6	2	7	13	16	1	13	16	9	12	1	8	11	4	8	12	6	6	4	5	10	4	2	11	4	9	8	4	11	14	7	11	11	11	5	5	12	9	8	8	7	10	10	7	15	1	3	9	14	14	2	5	16	14	3	3	16	12	6	12	9	6	4	3	13	1	4	7	7	12	15	10	16	16	2	9	15	1	3	4	2	3	9	9	15	11	2	2	7	15	11	8	1	1	7	12	13	9	3	16	1	11	3	14	11	8	9	10	13	12	13	11	13	15	3	13	14	14	16	1	6	15	3	11	8	14	16	14	1	1	8	10	14	2	15	12	8	16	13	9	15	6	12	13	12	6	8	2	14	14	13	10	8	15	6	4	15	3	16	11	14	11	3	15	7	13	12	13	10	2	9	4	7	5	6	2	6	13	4	3	10	7	4	7	11	4	5	5	6	12	4	3	2	5	5	4	1	9	6	2	1	8	2	16	5	11	1	3	14	14	13	2	6	1	2	12	13	5	3	4	14	1	1	12	4	15	16	7	4	6	9	12	10	8	10	6	13	8	9	16	6	4	8	15	4	5	14	14	10	13	11	7	5	11	2	15	12	1	11	4	10	16	15	5	4	5	12	5	1	10	7	10	12	7	5	1	13	8	7	9	4	10	10	13	3	13	11	10	3	12	3	11	15	5	8	10	10	12	1	4	6	5	5	12	6	3	10	5	3	5	16	9	4	14	9	5	14	16	16	13	2	6	15	2	16	10	5	6	13	16	9	3	14	12	16	9	2	12	3	10	11	4	6	1	8	9	8	9	9	12	11	12	16	14	9	13	6	5	15	15	1	1	9	15	10	15	15	10	4	4	7	1	6	16	7	5	4	1	6	9	10	9	7	4	13	5	3	12	16	14	12	15	7	11	1	12	8	1	6	11	8	1	14	7	11	10	7	4	15	5	5	14	2	6	5	9	12	12	14	3	11	1	3	8	12	15	9	15	1	8	2	10	8	11	14	11	16	4	1	3	10	12	14	10	11	1	10	8	9	7	4	10	2	10	8	9	11	15	7	12	2	4	14	10	10	1	15	5	16	2	2	5	15	4	1	7	13	11	7	5	4	10	4	7	2	10	12	14	15	16	7	13	14	1	3	10	8	9	1	11	3	5	1	12	12	1	3	12	3	7	7	14	3	10	16	10	12	11	5	15	11	15	10	10	9	12	1	16	3	5	12	14	11	4	1	10	7	15	10	11	3	14	14	8	2	1	4	6	12	8	6	13	15	5	3	8	8	4	5	10	2	5	15	7	10	8	6	2	6	3	8	8	1	15	11	8	4	3	12	7	7	2	8	2	2	9	6	12	8	9	12	13	6	15	13	14	16	9	16	9	7	16	1	6	2	7	13	8	3	14	16	12	11	11	15	16	11	6	4	5	4	9	5	12	15	16	1	6	7	4	11	2	6	16	8	6	11	15	4	12	14	8	1	1	11	15	6	11	16	14	2	8	2	10	4	3	3	9	9	1	9	11	1	9	4	13	11	12	2	6	7	10	12	13	13	7	13	14	6	9	14	6	11	8	11	12	4	9	16	14	1	4	15	9	7	11	15	3	10	4	9	9	2	10	2	11	3	3	16	3	9	14	12	10	4	7	3	15	15	15	5	13	14	5	5	7	1	15	13	2	14	12	5	1	14	7	12	16	16	13	1	2	11	15	11	3	4	13	3	7	9	12	6	9	7	5	1	15	5	11	12	15	8	7	8	9	7	8	6	5	1	14	2	5	14	9	8	12	13	1	9	13	3	15	13	5	5	13	15	4	11	9	15	2	2	7	6	4	15	10	2	4	2	9	15	9	10	3	4	11	16	13	2	12	5	3	4	4	7	16	7	9	10	8	3	15	13	3	12	9	3	12	14	7	10	10	13	9	15	9	10	2	9	11	1	7	3	5	12	13	7	15	6	1	7	8	2	7	9	11	15	13	5	8	9	1	7	14	11	15	10	6	10	13	11	6	11	16	3	13	15	9	6	8	16	7	12	16	3	13	3	3	6	16	5	6	10	12	10	8	16	2	7	15	4	11	6	14	7	12	6	6	1	16	2	11	8	3	3	12	8	7	8	6	16	10	6	12	12	11	15	6	16	4	10	11	3	15	9	5	10	3	8	6	3	2	15	11	7	12	16	13	14	11	9	16	4	6	13	10	15	1	16	4	11	13	4	7	14	13	6	8	6	15	15	1	11	9	16	4	4	10	11	12	14	4	3	13	11	5	15	3	4	9	16	4	5	12	16	8	12	16	9	6	7	12	16	2	12	10	9	11	8	11	2	11	5	8	8	12	15	8	3	12	10	14	9	2	5	5	13	2	1	6	14	3	11	7	9	13	15	13	6	9	9	13	13	13	11	15	7	16	14	15	12	8	5	10	15	4	14	10	10	7	1	5	12	2	8	2	14	15	5	1	6	13	1	7	9	4	15	7	11	15	10	14	13	13	3	7	7	12	8	11	11	15	2	8	6	12	8	2	11	9	10	16	11	5	9	16	7	9	6	12	16	12	12	6	8	1	1	9	1	16	10	5	4	13	13	7	11	2	14	1	10	12	1	4	3	10	10	3	9	12	16	10	8	16	5	15	13	1	13	12	6	13	11	7	14	11	16	14	4	4	3	6	12	2	11	11	5	13	12	12	2	15	11	5	4	9	14	5	9	12	11	12	12	1	15	15	5	1	4	11	7	12	4	16	10	8	5	8	6	9	7	1	2	6	14	3	13	3	7	15	5	13	7	5	13	15	10	2	9	3	14	10	15	7	2	15	11	5	6	16	7	6	16	16	2	7	11	12	8	13	8	2	16	3	3	7	1	10	14	3	15	10	10	15	12	14	8	1	16	6	12	13	3	4	12	5	15	5	8	14	6	2	8	8	7	2	2	4	3	8	11	1	2	1	12	14	15	16	5	5	16	13	1	8	1	7	12	5	5	1	5	12	4	1	2	2	9	16	13	9	11	16	1	8	6	12	1	14	4	14	6	2	14	4	2	10	3	9	7	15	11	8	15	10	13	10	12	4	16	12	13	4	14	15	1	10	14	4	14	13	13	3	14	16	11	2	3	4	4	4	2	9	8	13	3	4	15	7	14	4	9	12	16	10	14	8	12	4	4	1	13	12	15	8	5	9	16	9	6	5	12	16	7	13	8	13	8	14	6	16	15	14	7	2	2	1	16	5	9	10	9	7	10	1	15	3	5	3	14	9	7	11	3	5	13	8	16	1	15	10	12	5	1	1	10	2	11	9	11	2	10	7	16	14	4	2	15	15	1	15	9	10	13	6	11	10	14	12	3	13	5	2	16	12	4	16	13	2	2	3	3	1	5	11	14	15	11	11	10	13	14	7	14	10	12	9	2	15	15	14	16	1	8	15	13	9	14	16	2	12	15	14	3	11	14	13	1	8	13	8	9	3	5	9	9	16	13	10	3	16	5	8	12	12	14	4	9	2	1	3	11	16	6	6	1	3	2	4	1	15	3	14	12	10	8	12	10	4	9	13	6	6	7	4	14	9	2	8	9	9	12	11	8	11	12	11	6	6	16	12	15	6	16	11	16	15	8	9	12	13	15	13	12	16	15	4	12	6	12	14	1	14	16	6	9	15	8	3	1	12	4	11	11	3	3	5	14	7	4	2	2	14	12	6	13	8	13	15	8	16	5	2	14	14	3	7	11	4	8	16	12	7	2	12	5	7	16	10	1	3	10	16	12	11	4	2	14	11	10	12	5	1	13	3	14	14	10	10	3	13	1	11	6	5	12	12	14	3	9	9	5	8	14	6	10	3	10	16	9	9	10	15	14	2	2	5	12	13	4	6	16	10	9	11	14	9	5	4	5	15	2	12	7	14	15	10	1	14	16	9	11	1	12	15	4	1	6	8	2	16	15	3	2	10	11	8	7	8	1	10	5	8	8	3	3	1	1	3	16	5	1	12	10	9	13	7	9	8	16	3	12	2	12	7	2	13	9	15	7	16	7	6	10	6	14	4	10	2	12	10	6	15	16	11	6	12	15	3	8	7	6	6	13	11	9	10	11	14	4	5	2	14	11	10	13	15	10	7	10	15	12	2	6	10	15	9	1	14	6	13	6	13	4	16	8	15	16	2	1	2	16	12	4	1	13	15	16	11	4	4	5	14	15	1	1	3	14	4	10	5	15	15	7	9	10	1	5	7	16	9	10	10	14	6	10	16	12	8	2	6	12	2	1	1	1	15	10	9	10	10	9	11	13	16	3	12	1	11	15	8	14	4	8	6	9	3	1	13	7	3	6	8	12	13	8	8	11	12	2	14	13	1	9	2	4	16	2	3	1	15	6	15	11	3	7	1	3	4	14	13	13	10	7	3	5	9	14	15	7	16	10	2	4	4	6	1	5	2	4	16	5	3	7	1	13	8	3	10	4	13	11	8	2	3	8	5	14	15	11	16	9	16	9	2	2	1	9	14	1	6	15	11	5	1	7	15	5	6	4	3	9	13	13	4	9	11	10	3	13	6	5	8	9	13	9	1	16	2	2	8	6	13	6	9	6	7	13	6	7	1	10	10	16	8	5	6	3	10	14	9	1	16	13	12	4	3	12	4	3	8	10	11	10	7	14	7	2	6	11	6	16	14	4	1	13	5	4	11	10	8	16	11	5	16	8	15	6	12	15	1	8	3	2	10	5	4	12	13	4	5	12	3	9	7	8	3	8	6	5	5	14	7	8	5	2	8	1	5	9	11	14	13	1	12	11	5	4	3	13	10	12	7	11	15	15	5	4	2	2	5	4	5	7	13	4	14	11	6	14	8	4	11	7	12	3	3	4	10	9	6	4	14	2	12	1	16	9	16	12	4	15	3	16	16	2	1	13	13	6	11	8	7	15	16	7	6	5	14	6	10	1	12	16	3	8	16	6	8	6	3	14	10	9	14	16	5	5	5	5	6	12	7	8	16	10	13	9	10	15	2	16	12	16	11	13	8	8	5	11	3	2	16	15	9	15	2	13	1	16	7	15	14	2	2	3	15	2	9	6	11	8	10	5	9	2	13	11	13	5	6	9	7	7	13	12	16	1	6	13	12	4	11	15	9	7	12	6	10	12	13	13	15	11	14	1	1	12	10	3	10	12	1	14	8	2	3	14	1	8	6	3	5	4	4	14	2	4	8	7	5	12	9	2	11	13	11	9	2	13	1	16	3	6	4	2	3	7	6	4	4	10	3	15	13	5	13	7	16	13	13	5	8	3	8	8	12	8	5	13	11	2	6	9	2	11	3	9	11	11	14	3	4	11	15	9	1	4	4	3	13	16	12	5	4	12	3	13	16	5	7	3	5	11	4	13	4	13	9	5	8	11	8	9	13	14	13	10	5	3	14	14	9	1	8	12	9	12	1	7	14	5	13	14	9	4	10	4	11	16	13	4	3	8	14	11	5	9	10	12	4	2	16	16	3	8	13	5	3	12	9	3	15	16	10	11	3	8	16	1	1	7	12	1	6	1	12	3	15	2	6	3	11	14	6	16	11	6	10	5	5	11	2	5	16	16	9	11	12	14	10	10	15	10	3	7	4	7	3	11	1	12	4	2	12	5	1	11	2	16	14	6	1	2	7	3	8	4	2	14	15	5	4	12	4	15	13	4	16	9	9	2	1	15	10	15	11	4	5	4	1	1	5	2	4	14	2	5	7	8	16	2	10	2	12	5	5	8	5	1	4	7	14	11	7	12	15	8	8	9	8	12	13	15	8	7	14	15	14	13	4	9	12	10	8	16	6	13	6	4	13	6	2	14	5	4	10	10	5	12	7	15	11	5	5	12	6	11	12	15	7	1	5	6	3	2	11	16	5	14	4	6	11	16	3	15	5	6	4	1	1	2	16	4	8	5	1	3	8	11	11	5	8	3	16	3	3	8	15	9	13	6	4	6	4	5	3	12	11	15	4	3	11	15	1	4	6	3	2	16	15	2	12	3	6	14	5	16	7	16	2	3	3	14	5	7	15	6	11	16	5	13	16	3	5	3	6	14	2	3	6	5	10	15	2	6	7	16	10	6	8	1	13	1	9	9	14	10	16	12	7	14	12	3	2	15	8	11	8	1	8	10	12	7	16	10	1	12	9	5	12	15	1	15	1	16	5	2	10	16	9	10	4	12	9	4	10	10	3	7	14	3	9	2	11	1	4	9	6	13	4	3	12	15	12	8	5	6	11	12	10	13	11	3	6	1	3	10	3	4	7	1	15	3	12	3	10	6	6	12	7	1	3	6	13	7	9	1	8	4	14	8	13	9	14	9	10	15	2	8	3	5	1	5	7	9	15	12	12	16	2	5	8	6	10	5	2	11	10	7	9	15	14	7	7	8	12	15	14	14	14	1	13	13	10	11	13	9	10	6	12	7	12	10	15	6	16	5	16	12	3	15	16	9	2	5	7	10	13	4	8	9	6	16	12	8	3	16	16	8	4	4	9	11	7	5	10	14	16	13	2	3	15	6	9	3	11	9	9	4	7	4	2	16	8	5	4	11	3	14	14	13	16	13	3	7	8	5	16	3	11	10	16	16	6	2	3	4	6	
310	450	480	760	730	640	440	390	450	490	220	760	810	250	230	160	760	140	650	260	890	860	290	940	280	710	390	910	710	870	700	490	320	160	760	860	270	430	710	270	530	220	990	410	560	230	840	170	660	340	1000	970	290	100	840	440	840	850	340	530	920	990	800	480	340	710	510	980	680	580	900	940	780	680	490	740	620	330	740	820	110	110	300	380	220	970	1000	360	210	450	490	560	120	910	800	720	440	400	670	370	380	310	300	750	460	980	670	230	170	730	140	170	100	1000	710	690	440	770	780	520	390	930	740	470	520	160	680	870	410	570	860	690	810	260	350	980	270	280	350	850	850	130	870	840	150	260	290	540	250	380	780	590	210	840	150	440	430	200	990	860	400	610	600	110	960	620	1000	790	930	430	790	120	750	300	550	640	450	400	950	470	820	830	340	100	470	910	690	380	630	500	580	860	180	650	700	320	640	350	830	110	480	470	980	780	720	800	610	910	110	410	920	950	960	790	800	160	670	870	150	890	840	340	770	390	210	640	200	1000	840	460	690	860	800	400	170	200	740	880	340	770	180	370	450	190	810	320	590	810	720	890	450	110	310	640	590	640	650	650	110	540	780	270	770	440	200	530	290	250	200	540	810	490	640	520	330	950	430	420	640	260	850	120	860	140	150	630	380	660	790	860	540	880	590	690	320	800	660	800	540	150	820	930	320	880	880	860	970	720	960	260	140	630	270	560	490	940	360	490	910	650	630	510	820	160	430	960	280	220	410	450	1000	990	170	310	700	460	880	640	400	600	620	1000	170	960	870	450	430	890	150	280	700	730	370	500	900	490	350	270	840	650	500	630	880	100	960	500	300	120	780	930	640	460	390	800	850	540	980	870	780	940	660	100	680	940	1000	100	960	980	490	590	260	320	160	350	340	310	680	910	230	870	720	820	120	680	410	740	370	400	640	920	730	460	970	1000	950	490	750	360	190	850	980	170	470	320	360	760	320	850	300	550	410	200	840	560	590	300	900	900	810	650	910	820	380	240	290	350	700	500	740	470	590	300	910	100	660	780	330	200	180	910	790	490	290	860	290	130	430	350	940	530	360	360	200	660	810	560	770	850	950	790	670	710	450	750	480	920	250	210	960	410	620	630	690	170	860	290	460	740	500	290	280	240	600	940	580	290	210	540	200	250	850	400	240	710	480	230	900	330	350	370	270	860	760	490	110	170	870	500	840	1000	550	930	450	390	670	930	720	420	800	350	210	110	290	160	480	760	330	440	690	550	200	540	150	930	620	600	470	250	400	940	800	180	160	210	500	940	200	650	150	630	670	890	750	730	750	760	760	220	320	790	720	790	960	910	690	660	340	960	960	640	660	950	280	230	310	960	450	130	170	110	800	150	970	450	110	200	570	410	210	200	420	370	410	190	860	650	280	180	970	830	850	470	810	620	380	290	240	540	430	900	650	400	960	860	780	920	220	610	810	250	740	660	870	200	560	690	900	840	830	450	700	380	110	780	910	870	300	490	920	860	620	650	960	680	660	140	250	660	370	210	560	390	730	840	680	440	510	700	300	570	490	760	650	530	820	790	140	130	140	960	620	350	220	270	260	140	170	860	440	600	570	850	940	820	300	930	140	260	390	260	140	940	420	350	910	540	270	630	540	310	940	920	550	840	170	860	440	770	350	350	590	890	940	940	210	900	290	1000	240	760	210	320	470	290	750	1000	710	500	490	350	360	510	980	500	620	610	580	660	740	850	560	620	690	810	680	590	340	700	150	330	150	120	170	200	550	450	580	270	940	500	590	990	570	980	370	480	100	540	790	400	580	650	800	790	330	220	370	180	610	970	710	960	630	670	120	860	410	110	460	490	810	460	630	950	360	730	470	320	740	280	340	510	600	690	630	540	470	490	960	730	120	730	410	490	130	760	790	450	730	910	200	440	520	510	100	990	240	260	1000	550	140	870	910	440	520	610	350	780	400	250	100	750	320	640	470	300	730	470	390	100	690	800	980	230	550	300	660	870	550	370	650	950	950	580	940	350	100	480	200	950	790	290	190	600	250	590	1000	470	760	580	1000	110	270	480	140	130	730	370	980	880	670	770	120	960	520	870	150	850	620	230	660	270	890	460	220	720	460	200	340	650	750	760	470	290	300	920	170	520	520	220	240	130	950	640	490	380	200	730	190	680	390	990	550	440	450	100	640	530	420	940	110	520	750	360	180	180	300	210	690	930	570	940	960	660	260	410	730	350	190	300	490	960	780	900	400	900	280	660	270	190	530	380	550	220	790	540	930	860	900	650	620	910	1000	570	520	390	120	980	500	710	480	460	990	760	850	410	100	550	240	690	860	730	330	210	450	630	410	350	940	660	920	240	620	930	650	510	670	230	940	330	730	750	680	470	580	300	760	280	820	130	330	690	480	350	800	650	510	620	960	640	430	580	720	440	780	820	620	710	440	540	390	390	810	790	990	610	640	1000	700	790	980	520	230	400	530	790	790	620	300	580	480	280	740	710	700	310	400	660	260	650	990	990	1000	1000	460	750	840	150	730	120	490	120	110	670	330	980	700	980	640	590	820	440	420	780	970	1000	940	640	290	460	490	670	930	580	630	260	310	710	480	450	910	890	120	690	960	380	380	410	540	230	410	900	500	700	810	880	560	420	230	350	610	710	490	890	300	580	450	840	500	330	110	960	300	310	190	600	360	530	800	470	470	660	620	710	190	510	990	130	390	160	590	400	480	690	570	440	850	990	700	220	940	300	650	980	490	670	860	590	740	850	630	750	330	830	800	330	320	860	340	540	330	350	370	760	360	540	430	540	580	120	570	770	760	990	470	270	910	960	960	600	220	650	760	930	540	560	700	550	860	520	780	770	570	970	140	780	270	750	870	900	880	570	970	660	890	1000	520	150	260	790	450	660	780	700	260	860	140	950	210	140	100	880	480	870	960	680	420	800	930	810	900	650	790	230	250	630	890	560	440	330	230	910	520	860	980	250	190	400	520	210	160	430	940	660	720	720	630	190	170	830	590	660	570	450	360	930	140	620	200	970	490	660	930	490	610	920	810	850	410	710	750	850	910	650	600	640	980	860	880	820	130	960	150	700	600	220	390	820	290	220	990	150	460	770	950	580	350	190	390	450	450	640	290	860	780	170	830	930	560	970	140	900	300	120	640	790	940	720	810	820	600	690	250	450	900	670	820	730	210	690	660	750	360	550	800	120	750	790	730	230	770	540	420	490	770	320	350	260	470	340	810	900	780	790	120	940	230	650	150	900	590	840	860	460	750	340	810	950	320	230	290	690	530	990	960	310	700	200	430	200	110	250	860	440	630	1000	960	140	410	960	240	880	870	570	710	510	660	410	410	490	720	910	310	330	360	940	500	280	270	330	240	210	290	380	750	390	920	270	670	610	970	430	320	320	850	740	320	340	900	590	260	800	250	740	400	600	660	860	390	910	940	370	460	270	790	810	820	670	1000	930	780	970	870	610	660	710	860	140	120	950	370	110	280	290	550	400	130	130	460	130	180	120	530	670	330	480	950	1000	290	490	290	670	250	880	650	170	630	720	930	760	820	240	410	890	950	130	140	540	400	710	500	770	410	590	600	300	380	230	960	750	950	400	740	820	620	890	350	610	880	930	200	600	520	740	190	220	280	770	560	370	610	440	570	160	900	550	160	790	440	690	130	650	550	110	460	610	520	320	880	330	390	150	990	1000	600	1000	1000	800	300	650	210	690	450	680	790	630	200	700	900	870	830	540	770	590	440	460	760	890	530	120	110	250	290	420	720	250	500	360	590	400	120	820	670	920	630	750	300	610	110	230	200	700	510	490	550	150	140	900	480	590	230	290	750	510	850	770	110	360	750	640	540	280	360	580	980	600	980	270	840	940	1000	530	200	240	550	730	990	490	220	490	240	350	700	920	850	350	540	280	740	620	510	770	140	790	530	620	300	990	420	140	130	130	810	420	690	620	590	120	230	430	540	430	500	220	350	500	790	530	580	940	610	740	850	990	940	700	270	290	760	360	500	800	590	110	900	810	810	540	260	370	960	150	390	560	870	910	560	200	590	940	720	370	310	750	240	330	590	950	860	600	310	780	740	180	300	590	670	820	350	270	270	390	150	510	140	860	660	990	210	150	860	890	650	790	940	710	210	370	280	460	780	770	1000	820	470	510	130	480	540	430	440	610	700	920	490	750	170	590	840	180	540	830	640	800	360	380	430	610	900	800	800	670	210	650	610	800	580	470	810	590	390	220	850	840	450	260	200	240	390	800	900	470	110	620	890	310	160	290	920	960	920	320	440	580	110	340	110	930	950	640	640	820	460	310	580	670	890	810	530	910	110	280	820	960	880	960	290	570	140	390	140	600	990	280	530	290	990	330	530	930	820	790	680	360	240	940	370	910	460	620	480	140	740	680	790	560	830	680	170	320	810	610	110	840	400	830	240	360	390	230	730	710	900	840	240	1000	420	600	190	680	320	130	850	470	130	450	150	690	200	220	350	210	430	910	440	390	520	640	670	1000	200	990	500	440	950	370	820	160	180	870	340	950	240	240	590	620	930	720	900	320	570	790	960	940	110	770	120	820	700	160	1000	990	990	220	100	740	590	570	930	280	460	290	350	720	820	750	220	330	180	940	410	660	800	150	820	310	660	820	690	740	890	410	990	910	260	800	110	440	640	620	630	830	250	360	600	680	130	130	320	160	350	760	890	670	160	380	610	680	730	900	410	1000	760	430	870	430	390	310	1000	740	900	340	870	930	530	260	510	300	150	970	560	640	450	320	920	640	370	230	220	180	810	480	650	680	700	140	150	840	460	970	780	800	860	650	340	360	150	840	150	500	890	380	180	790	470	640	590	330	170	970	890	470	680	150	820	560	640	530	580	810	930	450	510	760	960	710	170	920	480	640	470	750	630	190	900	260	290	450	230	660	720	260	750	730	600	210	480	140	640	390	300	670	810	260	540	560	720	970	760	390	600	210	680	490	550	150	100	860	160	690	350	520	970	290	620	340	310	860	930	680	190	860	830	120	650	330	460	430	430	340	160	220	940	130	240	680	450	850	470	620	670	380	720	800	830	930	1000	640	520	260	150	900	960	160	110	840	730	430	490	900	700	980	450	510	900	840	610	190	930	790	520	610	910	960	640	670	280	260	500	360	320	160	450	290	790	880	130	210	630	410	710	380	530	480	270	270	270	130	500	250	750	370	620	300	860	760	500	210	450	990	580	500	840	760	820	100	480	430	410	830	840	110	550	100	400	200	980	370	1000	230	640	740	160	780	300	490	560	670	330	290	630	840	890	800	800	940	760	700	900	630	940	980	310	870	670	650	530	320	480	740	230	910	480	440	550	570	750	380	750	280	230	980	470	880	350	300	620	430	710	960	820	980	200	320	560	680	820	330	380	370	660	160	750	130	800	960	360	800	880	600	820	1000	770	300	600	670	210	690	220	710	660	270	900	340	400	540	840	870	640	960	730	840	130	360	750	290	720	790	300	390	160	910	420	540	850	990	810	610	700	260	840	640	620	290	350	960	850	290	580	480	790	930	560	310	680	100	680	290	710	550	430	1000	260	830	400	250	410	250	830	380	640	260	800	130	770	640	880	710	930	640	510	810	690	700	980	460	500	930	820	320	360	830	950	200	400	650	850	940	250	530	180	480	310	180	270	420	590	930	390	240	940	990	900	610	760	260	640	410	590	610	590	560	940	620	250	730	260	920	480	810	140	580	700	180	270	970	100	570	120	690	260	250	110	800	510	660	570	710	710	980	750	880	230	440	280	740	220	850	920	700	930	690	740	890	380	410	570	410	890	620	280	190	490	520	730	370	460	430	560	550	680	160	920	160	650	110	230	270	670	680	490	510	130	890	710	580	620	920	930	200	890	740	110	950	890	490	170	200	200	140	200	950	720	960	670	600	480	520	490	310	170	600	260	970	370	530	450	680	190	360	780	510	920	600	170	540	500	860	590	480	300	340	760	760	640	910	800	950	310	640	770	830	280	660	950	650	460	740	810	410	570	160	670	640	480	990	380	840	730	660	710	480	830	140	660	1000	530	350	810	660	470	540	490	960	490	280	970	630	830	950	920	770	340	730	630	820	980	720	700	220	550	310	140	1000	400	500	990	990	940	120	460	360	600	710	690	750	360	230	360	810	230	340	540	110	400	390	140	890	440	460	960	410	620	390	290	160	430	970	710	840	960	740	580	350	630	370	950	200	510	900	650	640	170	220	520	490	690	870	950	180	790	100	340	650	850	700	680	530	170	820	770	270	790	870	200	840	600	770	640	600	750	600	930	1000	470	930	710	180	190	470	140	530	910	110	260	770	1000	890	610	100	650	510	920	150	850	560	820	260	500	410	980	400	810	660	340	770	940	700	350	720	890	420	270	890	220	400	960	520	550	310	370	830	120	940	150	530	900	560	970	230	1000	900	990	430	880	870	800	190	950	260	800	690	580	400	390	550	230	430	370	460	960	870	510	250	150	500	990	680	490	490	600	500	890	830	150	850	220	990	860	670	210	250	550	660	460	820	190	940	630	170	540	640	950	200	950	710	510	540	450	940	960	960	130	850	190	740	570	820	560	930	180	910	260	480	700	610	580	610	360	990	580	330	780	400	960	740	350	340	980	330	620	180	190	150	570	990	390	300	290	630	900	850	900	110	920	170	750	820	810	700	560	940	360	280	530	550	840	450	860	910	480	790	190	730	250	560	120	270	890	910	310	970	110	790	180	250	650	200	900	220	210	380	730	780	770	430	160	770	370	920	470	870	890	250	550	850	260	980	680	1000	580	970	440	100	590	670	970	360	230	510	500	250	910	680	740	320	940	960	740	850	480	460	350	1000	290	780	690	290	460	830	510	520	840	100	500	790	870	200	220	880	850	130	430	700	320	550	590	460	580	410	550	950	130	230	630	720	300	280	290	720	430	720	770	750	920	880	430	430	330	930	170	960	770	750	350	260	160	410	780	870	390	590	890	810	590	840	920	340	330	920	720	550	920	260	720	320	230	420	800	190	130	930	1000	860	520	680	600	160	510	780	330	1000	550	100	800	880	520	820	700	460	700	390	720	130	430	410	950	520	140	330	570	200	770	240	170	260	680	560	360	410	210	560	140	720	600	100	200	330	840	290	630	720	950	320	110	360	540	330	910	170	400	130	550	930	310	390	930	520	370	610	330	490	210	810	430	560	340	190	170	700	1000	280	770	820	370	750	770	840	700	230	890	770	910	330	420	790	760	740	290	590	230	470	530	530	490	220	340	710	740	480	230	720	450	110	790	430	370	270	370	200	660	620	180	330	390	300	760	640	890	1000	290	510	870	190	380	900	790	820	120	620	370	880	860	500	510	800	340	110	930	420	280	850	260	510	540	250	900	710	240	660	840	880	730	350	880	660	630	830	820	970	160	870	740	140	490	320	760	960	480	710	680	980	980	120	790	470	690	960	730	530	270	810	470	310	420	220	970	120	660	480	490	760	960	820	190	600	160	560	150	530	410	620	960	890	710	650	450	960	500	260	140	610	770	320	760	190	360	680	490	930	190	600	1000	100	910	400	880	990	600	390	950	830	330	290	950	960	540	280	280	610	130	640	570	440	910	890	650	510	260	250	210	830	390	460	440	510	930	110	980	910	290	410	750	540	750	120	110	640	580	190	620	770	220	500	530	210	600	350	700	500	140	290	340	410	640	680	110	440	850	260	350	1000	100	750	310	150	990	120	750	470	100	860	620	310	250	610	350	180	310	540	920	570	810	240	890	720	230	280	430	560	640	640	190	790	220	470	800	760	560	120	900	410	830	710	790	470	550	240	390	270	320	620	400	430	910	140	280	520	970	970	870	800	800	660	910	510	560	120	720	890	470	450	710	730	990	820	340	180	560	650	990	100	460	330	180	980	660	690	360	600	210	530	720	240	130	300	340	440	890	220	200	910	1000	810	160	420	990	560	730	210	680	740	470	570	410	130	1000	510	420	390	220	840	350	110	980	770	680	790	560	430	220	480	130	490	920	890	520	430	750	790	470	350	530	870	980	140	920	820	900	280	810	230	850	990	510	830	840	380	390	320	180	970	370	470	320	880	990	500	240	360	800	1000	920	550	260	810	740	220	600	800	260	590	160	720	680	630	500	670	230	710	590	950	860	140	330	290	210	140	870	150	650	590	700	370	720	930	160	240	580	140	110	970	820	740	600	240	870	990	590	510	940	330	730	530	240	790	370	260	290	850	670	540	170	250	140	530	460	610	600	930	810	280	300	520	410	350	680	490	460	700	420	880	660	420	130	700	970	890	210	270	900	530	740	110	250	170	450	780	690	390	750	800	720	650	990	590	590	640	600	830	870	450	770	280	500	970	930	900	800	240	820	760	360	490	150	980	890	620	700	650	560	380	170	150	420	730	280	130	350	710	1000	610	930	590	470	940	840	250	290	170	530	230	130	500	660	920	900	710	810	290	370	840	610	820	920	980	150	380	780	390	320	450	420	470	910	890	360	320	410	830	370	630	910	640	410	670	640	440	510	330	940	980	900	570	900	820	270	460	410	700	210	240	860	470	560	800	830	370	1000	620	490	600	120	180	800	430	180	540	680	470	940	560	360	650	620	340	320	550	600	160	250	340	380	410	830	120	260	330	490	770	630	680	740	970	920	940	640	480	950	330	900	470	320	230	290	830	560	760	540	440	730	920	880	350	770	470	840	480	280	550	890	720	710	830	490	800	130	990	480	280	210	390	400	940	260	850	650	910	990	420	330	830	870	950	500	760	640	130	930	180	920	810	900	770	290	610	710	270	490	470	180	910	200	800	440	420	960	130	260	500	260	590	950	460	570	570	330	590	920	530	300	130	130	450	440	530	740	560	510	750	220	920	530	880	250	960	590	610	730	350	760	470	200	480	960	630	150	770	660	830	920	230	260	310	140	890	480	770	930	180	330	490	170	630	870	330	790	610	990	990	600	150	610	670	670	600	570	160	220	170	870	360	230	330	390	650	450	650	560	250	520	450	420	490	770	720	770	460	190	470	920	990	900	940	420	850	960	200	960	730	290	360	900	950	900	300	450	300	810	300	490	100	750	270	250	230	210	920	1000	220	510	280	140	510	890	920	200	220	210	680	740	990	670	130	790	210	970	270	270	520	370	820	860	220	750	650	140	600	100	710	660	880	120	640	770	560	900	740	320	170	370	460	780	470	850	840	200	720	240	940	830	170	880	520	480	910	510	150	900	880	470	840	200	260	440	840	160	250	210	300	170	550	250	780	730	960	700	970	210	780	780	800	900	480	430	530	710	260	710	690	210	370	850	340	740	980	870	140	610	450	150	980	750	410	960	160	660	510	370	340	840	240	700	440	570	370	840	850	850	490	510	300	230	610	400	650	220	160	100	610	720	930	110	530	970	600	280	280	540	340	360	690	880	760	460	680	510	190	760	1000	200	420	320	230	530	390	440	560	670	510	700	980	720	270	430	990	170	360	580	170	450	910	850	870	930	280	360	270	680	580	830	650	400	120	310	920	460	510	170	160	690	510	750	290	840	570	760	130	620	470	120	350	920	810	790	370	370	680	750	220	190	1000	950	860	800	110	310	900	290	150	230	770	300	660	740	860	830	660	420	190	140	240	160	510	740	960	420	600	440	850	200	460	740	770	700	420	560	130	920	110	220	300	480	930	130	900	910	460	1000	240	190	960	670	300	700	240	660	830	650	560	940	750	640	140	430	810	930	430	580	740	450	250	440	190	470	910	100	410	570	640	700	220	490	530	940	110	270	850	360	470	780	620	480	200	920	300	350	610	860	490	630	610	750	780	990	780	420	510	160	900	410	930	160	320	240	520	630	360	950	240	130	130	630	800	150	920	120	570	840	120	680	1000	190	490	290	440	170	100	270	500	310	120	340	170	260	890	940	200	450	790	850	540	460	320	490	480	890	320	340	150	870	950	160	480	220	560	160	970	150	710	960	840	230	480	610	790	980	420	170	790	290	810	950	100	680	200	180	310	850	230	420	960	750	220	220	890	510	970	140	490	870	920	310	890	800	890	880	190	590	290	820	200	1000	480	100	900	580	860	710	710	210	110	660	560	150	260	270	930	890	530	290	470	980	880	870	240	420	810	650	780	930	720	360	240	320	180	720	780	540	560	620	410	190	470	320	380	280	840	420	300	800	460	440	400	590	440	760	110	820	930	500	210	310	280	890	590	250	200	190	870	440	970	340	450	910	660	660	130	310	500	870	640	140	310	260	830	1000	370	140	550	830	140	970	520	760	330	790	600	110	690	540	280	910	910	920	610	360	850	570	720	330	680	650	490	610	570	520	880	410	990	540	850	880	880	880	200	300	190	700	490	570	820	290	880	190	790	300	330	460	690	790	670	310	230	840	990	970	330	990	450	510	270	150	880	390	970	950	350	600	610	370	230	610	940	510	100	960	440	830	240	190	200	150	880	800	380	600	310	650	590	230	790	390	460	370	900	620	670	700	670	860	990	410	980	130	210	130	750	900	580	550	780	350	610	240	930	360	140	690	160	380	200	720	410	490	800	740	940	690	970	470	910	190	850	710	860	880	960	570	690	650	760	390	860	630	430	740	840	250	970	300	220	320	190	870	250	880	660	820	350	380	720	550	540	900	680	770	810	960	650	360	560	280	290	320	260	550	460	160	650	220	650	700	290	990	350	110	630	420	530	600	790	580	870	850	710	360	650	680	260	520	230	370	190	230	650	830	330	780	460	260	500	960	710	490	660	630	440	700	1000	540	740	1000	740	150	430	560	600	380	810	920	950	230	300	550	440	500	650	830	210	640	440	850	630	860	690	370	130	660	460	110	340	500	840	240	140	640	340	370	130	390	530	200	260	210	730	600	910	720	850	140	410	590	530	740	580	300	700	490	870	680	520	240	670	230	950	550	690	390	800	870	570	1000	1000	890	350	650	110	760	920	840	170	270	120	390	510	200	430	470	510	340	600	840	650	120	140	280	120	260	220	300	460	710	390	190	540	470	790	540	490	860	670	810	640	960	880	780	230	280	920	910	580	460	840	180	990	300	900	280	250	560	440	990	830	770	150	120	320	490	840	270	780	200	260	360	230	250	490	570	630	870	520	480	940	240	270	860	270	700	800	270	140	890	850	710	910	650	280	910	120	720	390	100	280	970	750	170	730	280	600	850	920	880	430	180	430	680	410	560	400	210	740	360	660	240	260	200	680	930	490	160	970	680	630	180	200	290	650	540	580	930	230	740	280	940	780	450	650	460	850	990	360	640	800	180	580	250	560	270	130	810	150	200	370	660	300	210	750	180	250	110	480	540	180	150	800	930	950	520	410	800	640	210	190	590	280	560	780	600	790	800	940	740	130	530	860	800	720	490	470	590	380	710	380	750	410	270	830	400	390	770	870	280	190	140	510	620	420	190	550	960	330	820	710	240	150	410	400	780	680	170	290	470	270	770	960	170	290	170	440	340	360	870	660	740	300	620	220	350	170	130	100	860	400	520	830	130	140	370	110	250	420	160	340	290	420	910	320	660	460	610	840	200	970	740	920	620	560	280	520	810	400	860	380	490	670	740	420	930	830	410	950	380	690	940	230	760	450	370	620	810	590	880	990	890	910	650	580	770	630	500	140	220	230	300	1000	360	460	690	930	890	800	120	510	410	1000	300	700	480	920	910	910	670	660	150	470	950	420	360	300	840	550	190	650	610	640	250	210	390	830	650	780	330	850	930	850	660	750	570	640	860	490	740	620	420	860	860	530	900	740	560	680	920	880	580	630	710	390	800	490	700	500	700	870	580	740	180	450	400	390	930	330	260	300	830	700	520	760	450	520	1000	730	650	510	470	370	330	370	960	640	100	770	350	540	620	530	460	830	670	340	490	140	250	180	860	980	300	100	810	730	110	280	190	530	700	700	670	790	240	540	810	610	880	220	980	800	750	1000	300	530	650	840	150	570	410	430	280	600	770	890	380	440	950	690	890	480	600	630	550	680	830	270	830	710	810	990	690	620	540	550	760	650	820	750	870	390	880	880	450	490	270	490	680	980	280	630	460	290	100	900	720	510	680	180	320	770	660	770	820	190	590	280	880	970	980	470	480	800	830	490	160	690	480	150	1000	660	680	530	110	940	560	340	310	670	370	910	150	900	280	210	950	680	590	150	770	310	550	190	460	660	500	430	790	710	980	740	810	250	210	760	590	740	630	480	800	950	990	170	520	520	620	880	550	410	700	140	840	220	310	680	390	420	320	960	380	750	590	270	710	210	610	130	850	600	700	240	620	390	670	910	680	260	180	870	880	370	850	680	770	580	810	760	130	280	180	480	420	880	200	240	680	440	610	770	860	650	450	150	660	740	820	890	500	960	370	920	710	990	100	330	830	800	960	260	940	510	670	220	280	760	920	360	690	490	260	520	330	700	150	800	300	340	530	830	760	490	270	260	350	180	180	110	940	960	660	760	420	420	620	620	940	710	630	860	950	600	320	900	450	100	490	520	410	380	580	250	700	800	730	220	480	450	850	770	310	330	280	390	640	910	870	520	110	900	100	730	570	640	620	300	500	210	790	590	950	200	480	520	850	260	620	860	410	350	730	260	790	440	670	910	390	550	300	850	580	720	300	670	650	850	400	890	410	110	410	890	250	250	620	920	960	990	190	580	200	720	850	320	470	560	820	590	160	850	960	540	360	120	820	120	890	230	250	950	680	630	160	100	220	460	740	920	640	920	300	210	900	500	550	210	150	450	650	450	860	830	290	330	400	590	490	670	510	890	540	570	600	370	510	250	750	960	400	580	920	540	340	370	920	960	960	670	860	840	100	460	900	410	150	790	1000	460	640	990	920	710	130	280	840	210	740	240	930	650	740	460	670	490	480	820	120	520	750	320	500	710	160	720	110	560	930	120	720	890	550	540	460	960	800	700	150	960	780	140	250	510	460	370	590	520	340	540	570	890	270	460	990	460	630	300	330	830	240	600	730	840	570	460	710	850	880	680	530	700	180	240	620	580	420	260	930	410	270	730	230	250	300	470	250	500	980	890	420	100	390	740	470	140	700	680	580	110	680	190	530	430	950	730	510	310	800	370	550	350	750	930	480	940	830	690	380	140	400	180	950	260	220	330	530	400	560	960	810	440	500	430	400	170	760	610	960	500	480	360	680	910	130	170	170	550	820	240	140	890	140	540	690	340	350	460	920	300	240	150	640	140	680	110	390	320	910	520	350	470	210	340	950	290	320	910	690	690	580	270	250	840	280	990	320	910	660	100	300	990	410	990	860	590	450	470	920	390	560	840	540	990	660	360	250	970	500	550	250	910	1000	670	150	500	160	920	960	530	320	730	260	660	200	730	170	110	920	910	210	790	140	810	390	990	230	140	740	140	320	320	200	580	960	940	800	610	180	710	270	480	740	150	470	380	390	160	530	440	520	950	860	550	190	790	820	530	650	430	110	100	420	280	570	960	910	540	650	1000	640	370	990	850	890	480	680	110	580	420	150	400	560	740	490	380	970	300	150	590	530	730	300	370	530	610	100	960	850	730	640	1000	300	730	240	330	480	840	540	400	770	960	420	520	340	520	130	760	840	670	1000	650	290	770	110	170	660	810	710	110	610	970	790	590	840	360	220	290	260	600	510	910	110	720	510	970	110	960	1000	900	870	630	440	830	720	340	900	580	910	150	610	260	720	720	760	890	870	570	260	480	410	470	290	850	940	550	270	700	700	120	800	110	100	250	630	910	620	300	350	390	610	570	810	790	780	640	790	270	300	820	510	370	820	690	950	610	300	990	110	170	480	680	320	290	630	450	520	910	850	560	870	350	250	920	400	150	940	460	570	940	940	820	430	210	460	420	510	970	120	370	170	950	430	830	720	410	480	850	910	100	640	540	120	500	830	950	980	840	240	520	700	510	160	180	840	880	980	710	300	910	740	910	620	530	970	980	180	610	180	560	420	610	310	240	310	650	840	880	530	910	170	990	770	320	950	460	480	170	990	370	690	340	250	950	1000	740	580	440	530	170	370	280	780	800	380	580	690	590	910	710	110	670	210	850	950	370	300	680	450	460	190	450	210	910	680	970	640	300	530	550	700	940	850	620	500	130	460	770	480	130	460	440	350	100	730	570	320	260	580	820	710	160	380	430	940	690	880	230	140	900	610	380	900	230	310	940	320	440	660	990	100	750	880	790	450	470	840	390	360	760	410	530	100	780	110	370	910	420	600	670	970	850	230	600	250	350	310	330	450	570	420	980	820	450	950	670	360	520	580	940	590	180	660	560	770	490	520	920	640	970	890	280	390	180	590	300	300	860	690	210	410	380	100	830	120	910	640	250	380	140	360	160	280	200	520	940	390	980	790	420	890	180	860	680	180	1000	260	890	490	200	670	640	980	640	760	470	140	160	230	400	800	770	410	870	280	850	860	600	970	200	350	890	820	110	300	540	600	800	960	810	940	260	960	620	1000	200	870	910	580	450	200	310	1000	310	260	800	750	310	430	120	830	190	220	190	680	750	660	860	290	120	180	470	890	830	960	380	510	260	170	480	830	980	270	830	120	210	820	630	240	170	710	790	850	680	180	820	950	510	610	600	880	280	740	140	160	420	370	320	630	210	370	180	960	100	760	970	650	790	180	140	720	330	730	480	
100
