6426
120
4
90
0	0	0	0	0	192	0	0	0	0	0	0	0	0	0	0	0	0	0	0	0	0	0	0	0	0	0	0	0	0	0	0	0	0	0	0	0	0	0	0	0	0	0	0	0	0	0	0	0	0	192	0	0	0	0	0	0	0	0	0	0	0	0	0	0	0	0	0	0	0	0	0	0	0	0	0	0	0	0	0	0	0	0	0	0	0	0	0	0	0	0	0	0	0	0	0	0	0	192	0	0	0	0	0	0	0	0	0	0	0	192	0	0	0	0	0	0	0	0	0	
0	0	0	0	0	0	0	0	0	0	0	0	0	0	0	0	0	0	0	0	0	0	0	0	0	0	0	0	0	0	0	0	0	0	0	0	0	0	192	0	0	0	0	0	0	0	0	0	0	0	0	0	0	0	0	0	0	0	0	0	192	192	0	0	0	0	0	0	0	0	0	0	0	0	0	0	0	0	0	0	192	0	0	0	0	0	0	0	0	0	0	0	0	0	0	0	0	0	0	0	0	0	0	0	0	0	0	0	0	0	0	0	0	0	0	0	0	0	0	0	
0	0	0	0	0	0	0	0	0	0	0	0	0	0	0	0	0	0	0	0	0	0	0	0	0	0	0	0	0	0	0	0	0	0	0	0	0	0	0	0	0	0	0	0	0	192	0	0	0	0	0	0	0	0	0	0	0	0	192	0	0	0	0	0	0	0	0	0	0	0	0	0	0	0	0	0	0	0	0	0	0	0	0	0	0	0	0	0	0	0	0	0	0	0	192	0	0	0	0	0	0	0	0	0	0	0	0	192	0	0	0	0	0	0	0	0	0	0	0	0	
0	0	0	0	0	0	0	0	0	0	0	0	0	0	0	0	0	0	0	0	0	0	0	0	0	0	0	0	0	0	0	0	0	0	0	0	0	0	0	0	0	0	0	0	0	0	0	0	0	0	0	0	0	0	0	192	0	0	0	0	0	0	0	0	0	0	0	0	0	0	192	0	0	0	0	0	0	0	0	192	0	0	0	0	0	0	0	0	0	0	0	0	0	0	0	0	0	0	0	0	0	0	0	0	0	0	192	0	0	0	0	0	0	0	0	0	0	0	0	0	
0	0	0	0	0	0	0	0	0	0	0	0	0	0	0	0	0	192	0	0	0	0	192	0	0	0	0	0	0	0	0	0	0	0	0	0	0	0	0	0	0	0	0	0	0	0	0	0	0	0	0	0	0	0	0	0	0	0	0	0	0	0	0	0	0	0	0	0	0	0	0	0	0	0	0	0	0	0	0	0	0	0	0	0	0	192	0	0	0	0	0	0	0	0	0	0	0	0	0	0	0	0	0	0	0	0	0	0	0	0	0	192	0	0	0	0	0	0	0	0	
192	0	0	0	0	0	0	192	0	0	0	0	0	0	0	0	0	0	0	0	0	0	0	0	0	0	0	0	192	0	0	0	0	0	0	0	0	0	0	0	0	0	0	0	0	0	0	0	0	0	0	0	0	0	0	0	0	0	0	0	0	0	0	0	0	0	0	0	0	0	0	0	0	0	0	0	0	0	0	0	0	0	0	0	0	0	0	0	0	0	0	0	0	0	0	0	0	0	192	0	0	0	0	0	0	0	0	0	0	0	0	0	0	0	0	0	0	0	0	0	
0	0	0	0	0	0	0	0	0	0	0	0	0	0	0	0	0	0	0	0	0	0	0	192	0	0	0	0	0	0	0	0	0	192	0	0	0	0	0	0	0	0	0	0	0	0	0	0	0	0	0	0	0	0	0	0	0	0	0	0	0	0	0	0	0	0	0	0	0	0	0	0	0	0	0	192	0	0	0	0	0	0	0	0	0	0	0	0	0	0	0	0	0	0	0	0	192	0	0	0	0	0	0	0	0	0	0	0	0	0	0	0	0	0	0	0	0	0	0	0	
0	0	0	0	0	192	0	0	0	0	0	0	0	0	0	0	0	0	0	0	0	0	0	0	0	0	0	0	192	0	0	0	0	0	0	0	0	0	0	0	0	0	0	0	0	0	0	0	0	0	0	0	192	0	0	0	0	0	0	0	0	0	0	0	0	0	0	0	0	0	0	0	0	0	0	0	0	0	0	0	0	0	0	0	0	0	0	0	0	0	0	0	0	0	0	0	0	0	192	0	0	0	0	0	0	0	0	0	0	0	0	0	0	0	0	0	0	0	0	0	
0	0	0	0	0	0	0	0	0	0	0	0	0	0	0	0	0	0	192	0	0	0	0	0	0	192	0	0	0	0	0	0	0	0	0	0	0	0	0	0	0	0	0	0	0	0	0	0	0	0	0	0	0	0	0	0	0	192	0	0	0	0	0	0	0	0	0	0	192	0	0	0	0	0	0	0	0	0	0	0	0	0	0	0	0	0	0	0	0	0	0	0	0	0	0	0	0	0	0	0	0	0	0	0	0	0	0	0	0	0	0	0	0	0	0	0	0	0	0	0	
0	0	0	0	0	0	0	0	0	0	0	0	0	0	0	0	0	0	0	0	0	0	0	0	0	0	0	0	0	0	0	0	0	0	0	0	0	0	0	0	0	0	0	192	0	0	0	0	0	0	0	0	0	0	0	0	0	0	0	0	0	0	0	0	0	0	0	0	0	0	0	0	0	0	0	0	0	0	0	0	0	0	0	0	0	0	0	0	0	0	192	0	192	0	0	0	0	0	0	0	0	0	0	0	0	0	0	0	0	0	0	0	0	0	192	0	0	0	0	0	
0	0	0	0	0	0	0	0	0	0	0	0	0	0	0	0	0	0	0	0	0	0	0	0	0	0	0	0	0	0	0	0	0	0	0	0	0	0	0	0	192	0	0	0	0	0	0	0	0	0	0	192	0	0	0	0	0	0	0	0	0	0	192	0	0	0	0	0	0	0	0	0	0	0	0	0	0	0	0	0	0	0	0	0	0	192	0	0	0	0	0	0	0	0	0	0	0	0	0	0	0	0	0	0	0	0	0	0	0	0	0	0	0	0	0	0	0	0	0	0	
0	0	0	0	0	0	0	0	0	0	0	0	0	0	0	0	192	0	0	0	0	0	0	0	0	0	0	0	0	0	0	0	0	0	0	0	0	0	0	0	0	0	0	0	0	0	0	0	0	192	0	0	0	0	0	0	0	0	0	0	0	192	0	192	0	0	0	0	0	0	0	0	0	0	0	0	0	0	0	0	0	0	0	0	0	0	0	0	0	0	0	0	0	0	0	0	0	0	0	0	0	0	0	0	0	0	0	0	0	0	0	0	0	0	0	0	0	0	0	0	
0	0	0	0	0	0	0	0	0	0	0	0	0	0	192	0	0	0	0	0	0	0	0	0	0	0	0	0	0	0	0	0	0	0	0	0	0	0	192	0	0	0	0	0	0	0	0	0	0	0	0	0	0	0	0	0	0	0	0	0	0	0	0	0	192	0	0	0	0	0	0	192	0	0	0	0	0	0	0	0	0	0	0	0	0	0	0	0	0	0	0	0	0	0	0	0	0	0	0	0	0	0	0	0	0	0	0	0	0	0	0	0	0	0	0	0	0	0	0	0	
0	0	0	0	0	0	0	0	0	0	0	0	0	0	0	192	0	0	0	0	0	0	0	0	0	0	0	0	0	0	0	0	0	0	0	0	0	0	0	0	0	0	0	0	0	0	0	0	0	0	0	0	0	192	0	0	0	0	0	0	0	0	0	0	0	0	0	0	0	192	0	0	0	0	0	0	0	0	0	0	0	0	0	0	0	0	0	0	0	0	0	0	0	0	0	0	0	0	0	0	0	0	0	0	0	0	0	0	0	0	0	0	0	0	192	0	0	0	0	0	
0	0	0	0	0	0	0	0	0	0	0	0	192	0	0	0	0	0	192	0	0	0	0	0	0	0	0	0	0	0	0	0	0	0	0	0	0	0	192	0	0	0	0	0	0	0	0	192	0	0	0	0	0	0	0	0	0	0	0	0	0	0	0	0	0	0	0	0	0	0	0	0	0	0	0	0	0	0	0	0	0	0	0	0	0	0	0	0	0	0	0	0	0	0	0	0	0	0	0	0	0	0	0	0	0	0	0	0	0	0	0	0	0	0	0	0	0	0	0	0	
0	0	0	0	0	0	0	0	0	0	0	0	0	192	0	0	0	0	0	0	0	0	0	0	0	0	0	0	0	0	0	0	0	0	0	0	0	0	0	0	0	0	0	0	0	0	0	0	0	0	0	0	0	192	0	0	0	0	0	0	0	0	0	0	0	0	0	0	0	192	0	0	0	0	0	0	0	0	0	192	0	0	0	0	0	0	0	0	0	0	0	0	0	0	0	0	0	0	0	0	0	0	0	0	0	0	0	0	0	0	0	0	0	0	0	0	0	0	0	0	
0	0	0	0	0	0	0	0	0	0	0	192	0	0	0	0	0	0	0	0	0	0	0	0	0	0	0	0	0	0	0	0	0	0	0	192	0	0	0	0	0	0	0	0	0	0	0	0	0	192	0	0	0	0	192	0	0	0	0	0	0	0	0	0	0	0	0	0	0	0	0	0	0	0	0	0	0	0	0	0	0	0	0	0	0	0	0	0	0	0	0	0	0	0	0	0	0	0	0	0	0	0	0	0	0	0	0	0	0	0	0	0	0	0	0	0	0	0	0	0	
0	0	0	0	192	0	0	0	0	0	0	0	0	0	0	0	0	0	0	0	0	0	192	0	0	0	0	0	0	0	0	0	0	0	0	0	0	0	0	0	192	0	0	0	0	0	0	0	0	0	0	0	0	0	0	0	0	0	0	0	0	0	0	0	0	0	0	0	0	0	0	0	0	0	0	0	0	0	0	0	0	0	0	0	0	192	0	0	0	0	0	0	0	0	0	0	0	0	0	0	0	0	0	0	0	0	0	0	0	0	0	0	0	0	0	0	0	0	0	0	
0	0	0	0	0	0	0	0	192	0	0	0	0	0	192	0	0	0	0	0	0	0	0	0	0	0	0	0	0	0	0	0	0	0	0	0	0	0	0	0	0	0	0	0	0	0	0	192	0	0	0	0	0	0	0	0	0	0	0	0	0	0	0	0	0	0	0	192	0	0	0	0	0	0	0	0	0	0	0	0	0	0	0	0	0	0	0	0	0	0	0	0	0	0	0	0	0	0	0	0	0	0	0	0	0	0	0	0	0	0	0	0	0	0	0	0	0	0	0	0	
0	0	0	0	0	0	0	0	0	0	0	0	0	0	0	0	0	0	0	0	0	0	0	0	0	0	0	0	0	0	0	0	0	0	0	0	0	0	0	0	0	0	0	0	0	0	0	0	0	0	0	0	0	192	0	0	192	0	0	0	0	0	0	0	0	0	192	0	0	0	0	0	0	0	0	0	0	0	0	0	0	0	0	0	0	0	192	0	0	0	0	0	0	0	0	0	0	0	0	0	0	0	0	0	0	0	0	0	0	0	0	0	0	0	0	0	0	0	0	0	
0	0	0	0	0	0	0	0	0	0	0	0	0	0	0	0	0	0	0	0	0	0	0	0	0	0	0	0	0	0	0	0	0	0	0	0	0	0	0	0	0	0	0	0	0	192	0	0	0	0	0	0	0	0	0	0	0	0	192	0	0	0	0	0	0	0	0	0	0	0	0	0	0	0	0	0	0	0	0	0	0	0	0	0	0	0	0	0	0	0	0	0	0	0	0	0	0	0	0	0	0	0	0	0	0	0	0	0	0	0	0	0	0	0	0	0	192	0	192	0	
0	0	0	0	0	0	0	0	0	0	0	0	0	0	0	0	0	0	0	0	0	0	0	0	0	0	0	0	0	0	0	0	0	0	0	0	192	0	0	0	0	0	0	0	0	0	0	0	0	0	0	0	0	0	0	0	0	0	0	0	0	0	0	0	0	0	0	0	0	0	0	0	0	0	192	0	0	0	0	0	0	0	0	0	0	0	0	0	0	192	0	0	0	0	0	0	0	0	0	0	0	0	0	0	0	0	0	0	0	0	0	0	0	192	0	0	0	0	0	0	
0	0	0	0	192	0	0	0	0	0	0	0	0	0	0	0	0	192	0	0	0	0	0	0	0	0	0	0	0	0	0	0	0	0	0	0	0	0	0	0	0	0	0	0	0	0	0	0	0	0	0	0	0	0	0	0	0	0	0	0	0	0	0	0	0	0	0	0	192	0	0	0	0	0	0	0	0	0	0	0	0	0	0	0	0	192	0	0	0	0	0	0	0	0	0	0	0	0	0	0	0	0	0	0	0	0	0	0	0	0	0	0	0	0	0	0	0	0	0	0	
0	0	0	0	0	0	192	0	0	0	0	0	0	0	0	0	0	0	0	0	0	0	0	0	0	0	0	0	0	0	0	0	0	192	0	0	0	0	0	0	0	0	0	0	0	0	0	0	0	0	0	0	0	0	0	0	0	0	0	0	0	0	0	0	0	0	0	0	0	0	0	0	0	0	0	192	0	0	0	0	0	0	0	0	0	0	0	0	0	0	0	0	0	0	0	0	0	0	0	0	0	0	0	0	0	0	0	0	0	0	0	0	0	0	0	0	0	0	192	0	
0	0	0	0	0	0	0	0	0	0	0	0	0	0	0	0	0	0	0	0	0	0	0	0	0	0	0	0	0	0	0	0	0	0	0	0	0	0	0	0	0	0	0	0	0	0	0	0	0	0	0	0	0	0	0	0	0	0	0	192	0	0	0	0	192	0	0	0	0	0	192	0	0	0	0	0	0	0	0	0	0	0	192	0	0	0	0	0	0	0	0	0	0	0	0	0	0	0	0	0	0	0	0	0	0	0	0	0	0	0	0	0	0	0	0	0	0	0	0	0	
0	0	0	0	0	0	0	0	192	0	0	0	0	0	0	0	0	0	0	0	0	0	0	0	0	0	0	0	0	0	0	0	0	0	0	0	0	0	0	0	0	0	0	0	0	0	0	0	0	0	0	0	0	0	0	0	0	0	0	0	0	0	0	0	0	0	0	0	192	0	0	192	0	0	0	0	0	0	0	0	0	0	0	0	0	0	0	0	0	0	0	0	0	0	0	0	0	0	0	0	0	0	0	0	0	0	0	0	0	0	0	0	0	0	0	192	0	0	0	0	
0	0	0	0	0	0	0	0	0	0	0	0	0	0	0	0	0	0	0	0	0	0	0	0	0	0	0	0	0	0	0	0	0	0	0	0	0	0	0	0	0	0	0	0	0	0	0	0	192	0	0	0	0	0	0	0	0	0	0	0	0	0	0	0	0	0	0	0	0	0	0	0	0	0	0	0	0	192	0	0	0	0	0	0	0	0	0	0	0	0	0	0	0	0	0	0	0	0	0	192	0	0	0	0	0	0	0	0	192	0	0	0	0	0	0	0	0	0	0	0	
0	0	0	0	0	0	0	0	0	0	0	0	0	0	0	0	0	0	0	0	0	0	0	0	0	0	0	0	0	0	0	0	0	0	192	0	0	0	0	0	0	0	0	0	192	0	0	0	0	0	0	0	0	0	0	0	0	0	0	0	0	0	0	0	0	0	0	0	0	0	0	0	0	0	0	0	0	0	0	0	0	0	0	0	0	0	0	0	192	0	0	0	0	0	0	0	0	0	0	0	0	0	0	0	0	0	0	0	0	0	0	0	0	0	0	0	0	0	0	192	
0	0	0	0	0	192	0	192	0	0	0	0	0	0	0	0	0	0	0	0	0	0	0	0	0	0	0	0	0	0	0	0	0	0	0	0	0	0	0	0	0	0	0	0	0	0	0	0	0	0	192	0	0	0	0	0	0	0	0	0	0	0	0	0	0	0	0	0	0	0	0	0	0	0	0	0	0	0	0	0	0	0	0	0	0	0	0	0	0	0	0	0	0	0	0	0	0	0	192	0	0	0	0	0	0	0	0	0	0	0	0	0	0	0	0	0	0	0	0	0	
0	0	0	0	0	0	0	0	0	0	0	0	0	0	0	0	0	0	0	0	0	0	0	0	0	0	0	0	0	0	0	0	0	0	0	0	0	0	0	0	192	0	192	0	0	0	0	0	0	0	0	0	0	0	0	0	0	0	0	0	0	0	0	0	0	0	0	0	0	0	0	0	0	0	0	0	0	0	0	0	0	0	0	0	0	0	0	0	0	0	0	0	0	0	0	0	0	0	0	0	0	0	0	0	0	192	0	0	0	0	0	192	0	0	0	0	0	0	0	0	
0	0	0	0	0	0	0	0	0	0	0	0	0	0	0	0	0	0	0	0	0	0	0	0	0	0	0	0	0	0	0	0	192	0	0	0	0	0	0	0	0	0	0	0	0	0	0	0	0	0	0	0	0	0	0	192	0	0	0	0	0	0	0	0	0	0	0	0	0	0	0	0	0	0	0	0	0	0	0	0	0	0	0	0	0	0	0	0	0	0	0	0	0	0	0	0	0	0	0	0	0	0	192	0	0	0	192	0	0	0	0	0	0	0	0	0	0	0	0	0	
0	0	0	0	0	0	0	0	0	0	0	0	0	0	0	0	0	0	0	0	0	0	0	0	0	0	0	0	0	0	0	0	0	0	0	0	0	0	0	0	0	0	0	0	0	0	0	0	192	0	0	0	0	0	0	0	0	0	0	0	0	0	0	0	0	0	0	0	0	0	0	0	0	0	0	0	0	192	0	0	0	0	0	0	0	0	0	0	0	0	0	0	0	0	0	0	0	192	0	192	0	0	0	0	0	0	0	0	0	0	0	0	0	0	0	0	0	0	0	0	
0	0	0	0	0	0	0	0	0	0	0	0	0	0	0	0	0	0	0	0	0	0	0	0	0	0	0	0	0	0	192	0	0	0	0	0	0	0	0	0	0	0	0	0	0	0	0	0	0	0	0	0	0	0	0	192	0	0	0	0	0	0	0	0	0	0	0	0	0	0	0	0	0	0	0	0	0	0	0	0	0	0	0	0	0	0	0	0	0	0	0	0	0	0	0	0	0	0	0	0	0	0	192	0	0	0	192	0	0	0	0	0	0	0	0	0	0	0	0	0	
0	0	0	0	0	0	192	0	0	0	0	0	0	0	0	0	0	0	0	0	0	0	0	192	0	0	0	0	0	0	0	0	0	0	0	0	0	0	0	0	0	0	0	0	0	0	0	0	0	0	0	0	192	0	0	0	0	0	0	0	0	0	0	0	0	0	0	0	0	0	0	0	0	0	0	0	0	0	0	0	0	0	0	0	0	0	0	0	0	0	0	0	0	0	0	0	0	0	0	0	0	0	0	0	0	0	0	0	0	0	0	0	192	0	0	0	0	0	0	0	
0	0	0	0	0	0	0	0	0	0	0	0	0	0	0	0	0	0	0	0	0	0	0	0	0	0	0	192	0	0	0	0	0	0	0	0	0	0	0	0	0	0	0	0	0	0	0	0	0	0	0	0	0	0	0	0	0	0	0	0	0	0	0	0	0	0	0	0	0	0	0	0	0	0	0	0	0	0	0	0	0	0	0	0	0	0	0	192	192	0	0	192	0	0	0	0	0	0	0	0	0	0	0	0	0	0	0	0	0	0	0	0	0	0	0	0	0	0	0	0	
0	0	0	0	0	0	0	0	0	0	0	0	0	0	0	0	192	0	0	0	0	0	0	0	0	0	0	0	0	0	0	0	0	0	0	0	0	0	0	192	0	0	0	0	0	0	0	0	0	192	0	0	0	0	192	0	0	0	0	0	0	0	0	0	0	0	0	0	0	0	0	0	0	0	0	0	0	0	0	0	0	0	0	0	0	0	0	0	0	0	0	0	0	0	0	0	0	0	0	0	0	0	0	0	0	0	0	0	0	0	0	0	0	0	0	0	0	0	0	0	
0	0	0	0	0	0	0	0	0	0	0	0	0	0	0	0	0	0	0	0	0	192	0	0	0	0	0	0	0	0	0	0	0	0	0	0	0	0	0	0	0	0	0	0	0	0	0	0	0	0	0	0	0	0	0	0	0	0	0	0	0	0	0	0	0	0	0	0	0	0	0	0	0	0	0	0	0	0	0	0	0	0	0	0	0	0	0	0	192	192	0	0	0	0	0	0	0	0	0	0	0	0	0	0	0	0	0	0	0	0	0	0	0	192	0	0	0	0	0	0	
0	0	0	0	0	0	0	0	0	0	0	0	0	0	0	0	0	0	0	0	0	0	0	0	0	0	0	0	0	0	0	0	0	0	0	0	0	0	0	0	0	0	0	0	0	0	0	0	0	0	0	0	192	0	0	0	0	0	0	192	0	0	0	0	0	0	0	0	0	0	0	0	0	0	0	0	0	0	0	0	0	0	0	0	0	0	0	0	0	0	0	0	0	0	0	0	0	0	0	0	0	0	0	0	0	0	0	0	0	192	0	0	192	0	0	0	0	0	0	0	
0	192	0	0	0	0	0	0	0	0	0	0	192	0	192	0	0	0	0	0	0	0	0	0	0	0	0	0	0	0	0	0	0	0	0	0	0	0	0	0	0	0	0	0	0	0	0	0	0	0	0	0	0	0	0	0	0	0	0	0	0	0	0	0	0	0	0	0	0	0	0	0	0	0	0	0	0	0	0	0	192	0	0	0	0	0	0	0	0	0	0	0	0	0	0	0	0	0	0	0	0	0	0	0	0	0	0	0	0	0	0	0	0	0	0	0	0	0	0	0	
0	0	0	0	0	0	0	0	0	0	0	0	0	0	0	0	0	0	0	0	0	0	0	0	0	0	0	0	0	0	0	0	0	0	0	192	0	0	0	0	0	0	0	0	0	0	0	0	0	192	0	0	0	0	192	0	0	0	0	0	0	0	0	0	0	0	0	0	0	0	0	0	0	0	0	0	0	0	0	192	0	0	0	0	0	0	0	0	0	0	0	0	0	0	0	0	0	0	0	0	0	0	0	0	0	0	0	0	0	0	0	0	0	0	0	0	0	0	0	0	
0	0	0	0	0	0	0	0	0	0	192	0	0	0	0	0	0	192	0	0	0	0	0	0	0	0	0	0	0	192	0	0	0	0	0	0	0	0	0	0	0	0	0	0	0	0	0	0	0	0	0	0	0	0	0	0	0	0	0	0	0	0	192	0	0	0	0	0	0	0	0	0	0	0	0	0	0	0	0	0	0	0	0	0	0	0	0	0	0	0	0	0	0	0	0	0	0	0	0	0	0	0	0	0	0	0	0	0	0	0	0	0	0	0	0	0	0	0	0	0	
0	0	0	0	0	0	0	0	0	0	0	0	0	0	0	0	0	0	0	0	0	0	0	0	0	0	0	0	0	0	0	0	0	0	0	0	0	0	0	0	0	0	0	0	0	0	0	0	192	0	0	0	0	0	0	0	0	0	0	0	0	0	0	0	0	0	0	0	0	0	0	0	0	0	0	0	192	192	0	0	0	0	0	0	0	0	0	0	0	0	0	0	0	0	0	0	0	0	0	192	0	0	0	0	0	0	0	0	0	0	0	0	0	0	0	0	0	0	0	0	
0	0	0	0	0	0	0	0	0	0	0	0	0	0	0	0	0	0	0	0	0	0	0	0	0	0	0	0	0	192	0	0	0	0	0	0	0	0	0	0	0	0	0	0	0	0	0	0	0	0	0	0	0	0	0	0	0	0	0	0	0	0	0	0	0	192	0	0	0	0	0	0	0	0	0	0	0	0	0	0	0	0	0	192	0	0	0	0	0	0	0	0	0	0	0	0	0	0	0	0	0	0	0	0	0	192	0	0	0	0	0	0	0	0	0	0	0	0	0	0	
0	0	0	0	0	0	0	0	0	192	0	0	0	0	0	0	0	0	0	0	0	0	0	0	0	0	0	0	0	0	0	0	0	0	0	0	0	0	0	0	0	0	0	0	0	0	0	0	0	0	0	0	0	0	0	0	0	0	0	0	0	0	0	0	0	0	0	0	0	0	0	0	192	0	0	0	0	0	0	0	0	0	0	0	0	0	0	0	0	0	0	0	192	0	0	0	0	0	0	0	0	0	0	0	0	0	0	0	0	0	0	0	0	0	0	0	0	0	192	0	
0	0	0	0	0	0	0	0	0	0	0	0	0	0	0	0	0	0	0	0	0	0	0	0	0	0	0	192	0	0	0	0	0	0	0	0	0	0	0	0	0	0	0	0	0	0	0	0	0	0	0	0	0	0	0	0	0	0	0	0	0	0	0	0	0	0	0	0	0	0	0	0	0	0	0	0	0	0	0	0	0	0	0	0	0	0	0	0	0	0	0	0	0	0	0	0	0	0	0	0	0	0	0	192	0	0	0	192	0	0	0	0	0	0	0	0	0	0	0	192	
0	0	192	0	0	0	0	0	0	0	0	0	0	0	0	0	0	0	0	0	192	0	0	0	0	0	0	0	0	0	0	0	0	0	0	0	0	0	0	0	0	0	0	0	0	0	0	0	0	0	0	0	0	0	0	0	0	0	192	0	0	0	0	0	0	0	0	0	0	0	0	0	0	0	0	0	0	0	0	0	0	0	0	0	0	0	0	0	0	0	0	0	0	0	192	0	0	0	0	0	0	0	0	0	0	0	0	0	0	0	0	0	0	0	0	0	0	0	0	0	
0	0	0	0	0	0	0	0	0	0	0	0	0	0	0	0	0	0	0	0	0	0	0	0	0	0	0	0	0	0	0	0	0	0	0	0	0	0	0	0	0	0	0	0	0	0	0	0	0	0	0	0	0	0	0	0	0	0	0	0	0	0	192	0	0	0	0	0	0	0	0	0	0	0	192	0	0	0	0	0	0	0	0	192	0	0	0	0	0	0	0	0	0	0	0	0	0	192	0	0	0	0	0	0	0	0	0	0	0	0	0	0	0	0	0	0	0	0	0	0	
0	0	0	0	0	0	0	0	0	0	0	0	0	0	192	0	0	0	192	0	0	0	0	0	0	0	0	0	0	0	0	0	0	0	0	0	0	0	0	0	0	0	0	0	0	0	0	0	0	0	0	0	0	0	0	0	0	0	0	0	192	0	0	0	0	0	0	0	0	0	0	0	0	0	0	0	0	0	0	0	0	0	0	0	0	0	0	0	0	0	0	0	0	0	0	192	0	0	0	0	0	0	0	0	0	0	0	0	0	0	0	0	0	0	0	0	0	0	0	0	
0	0	0	0	0	0	0	0	0	0	0	0	0	0	0	0	0	0	0	0	0	0	0	0	0	0	192	0	0	0	0	192	0	0	0	0	0	0	0	0	0	192	0	0	0	0	0	0	0	0	0	0	0	0	0	0	0	0	0	0	0	0	0	0	0	0	0	0	0	0	0	0	0	0	0	0	0	0	0	0	0	0	0	0	0	0	0	0	0	0	0	0	0	0	0	0	0	0	0	192	0	0	0	0	0	0	0	0	0	0	0	0	0	0	0	0	0	0	0	0	
0	0	0	0	0	0	0	0	0	0	0	192	0	0	0	0	192	0	0	0	0	0	0	0	0	0	0	0	0	0	0	0	0	0	0	192	0	0	0	192	0	0	0	0	0	0	0	0	0	0	0	0	0	0	0	0	0	0	0	0	0	0	0	0	0	0	0	0	0	0	0	0	0	0	0	0	0	0	0	0	0	0	0	0	0	0	0	0	0	0	0	0	0	0	0	0	0	0	0	0	0	0	0	0	0	0	0	0	0	0	0	0	0	0	0	0	0	0	0	0	
192	0	0	0	0	0	0	0	0	0	0	0	0	0	0	0	0	0	0	0	0	0	0	0	0	0	0	0	192	0	0	0	0	0	0	0	0	0	0	0	0	0	0	0	0	0	0	0	0	0	0	0	0	0	0	0	0	0	0	0	0	0	0	0	0	0	0	0	0	0	0	0	0	0	0	0	0	0	0	0	0	0	0	0	0	0	0	0	0	0	0	0	0	0	0	0	192	0	0	0	0	0	0	0	0	0	0	0	0	0	192	0	0	0	0	0	0	0	0	0	
0	0	0	0	0	0	0	0	0	0	192	0	0	0	0	0	0	0	0	0	0	0	0	0	0	0	0	0	0	0	0	0	0	0	0	0	0	0	0	0	0	0	0	0	0	0	0	0	0	0	0	0	0	0	0	0	0	0	0	0	0	0	192	0	0	0	0	0	0	0	0	0	0	0	0	0	0	192	0	0	0	0	0	0	0	0	0	0	0	0	0	0	0	0	0	0	0	0	0	0	0	0	0	0	0	0	0	0	192	0	0	0	0	0	0	0	0	0	0	0	
0	0	0	0	0	0	0	192	0	0	0	0	0	0	0	0	0	0	0	0	0	0	0	0	0	0	0	0	0	0	0	0	0	192	0	0	0	192	0	0	0	0	0	0	0	0	0	0	0	0	0	0	0	0	0	0	0	0	0	0	0	0	0	0	0	0	0	0	0	0	0	0	0	0	0	0	0	0	0	0	0	0	0	0	0	0	0	0	0	0	0	0	0	0	0	0	0	0	0	0	0	0	0	0	0	0	0	0	0	0	0	0	192	0	0	0	0	0	0	0	
0	0	0	0	0	0	0	0	0	0	0	0	0	192	0	192	0	0	0	192	0	0	0	0	0	0	0	0	0	0	0	0	0	0	0	0	0	0	0	0	0	0	0	0	0	0	0	0	0	0	0	0	0	0	0	0	0	0	0	0	0	0	0	0	0	0	0	0	0	0	0	0	0	0	0	0	0	0	0	0	0	0	0	0	0	0	0	0	0	0	0	0	0	0	0	0	0	0	0	0	0	0	0	0	0	0	0	0	0	0	0	0	0	0	192	0	0	0	0	0	
0	0	0	0	0	0	0	0	0	0	0	0	0	0	0	0	192	0	0	0	0	0	0	0	0	0	0	0	0	0	0	0	0	0	0	192	0	0	0	192	0	0	0	0	0	0	0	0	0	0	0	0	0	0	0	0	0	0	0	0	0	0	0	192	0	0	0	0	0	0	0	0	0	0	0	0	0	0	0	0	0	0	0	0	0	0	0	0	0	0	0	0	0	0	0	0	0	0	0	0	0	0	0	0	0	0	0	0	0	0	0	0	0	0	0	0	0	0	0	0	
0	0	0	192	0	0	0	0	0	0	0	0	0	0	0	0	0	0	0	0	0	0	0	0	0	0	0	0	0	0	192	0	192	0	0	0	0	0	0	0	0	0	0	0	0	0	0	0	0	0	0	0	0	0	0	0	0	0	0	0	0	0	0	0	0	0	0	0	0	0	0	0	0	0	0	0	0	0	0	0	0	0	0	0	0	0	0	0	0	0	0	0	0	0	0	0	0	0	0	0	0	0	192	0	0	0	0	0	0	0	0	0	0	0	0	0	0	0	0	0	
0	0	0	0	0	0	0	0	0	0	0	0	0	0	0	0	0	0	0	192	0	0	0	0	0	0	0	0	0	0	0	0	0	0	0	0	0	0	0	0	0	0	0	0	0	0	0	0	0	0	0	0	0	0	0	0	0	0	0	0	0	0	0	0	0	0	192	0	0	0	0	0	0	0	0	0	0	0	0	0	0	0	0	0	0	0	192	0	0	0	192	0	0	0	0	0	0	0	0	0	0	0	0	0	0	0	0	0	0	0	0	0	0	0	0	0	0	0	0	0	
0	0	0	0	0	0	0	0	192	0	0	0	0	0	0	0	0	0	0	0	0	0	0	0	0	0	0	0	0	0	0	0	0	0	0	0	0	0	0	0	0	0	0	0	0	0	0	0	0	0	0	0	0	0	0	0	0	0	0	0	0	0	0	0	0	0	0	0	192	0	0	192	0	0	0	0	0	0	0	0	0	0	0	0	0	0	0	0	0	0	0	0	0	0	0	0	0	0	0	0	0	0	0	0	192	0	0	0	0	0	0	0	0	0	0	0	0	0	0	0	
0	0	192	0	0	0	0	0	0	0	0	0	0	0	0	0	0	0	0	0	192	0	0	0	0	0	0	0	0	0	0	0	0	0	0	0	0	0	0	0	0	0	0	0	0	192	0	0	0	0	0	0	0	0	0	0	0	0	0	0	0	0	0	0	0	0	0	0	0	0	0	0	0	0	0	0	0	0	0	0	0	0	0	0	192	0	0	0	0	0	0	0	0	0	0	0	0	0	0	0	0	0	0	0	0	0	0	0	0	0	0	0	0	0	0	0	0	0	0	0	
0	0	0	0	0	0	0	0	0	0	0	0	0	0	0	0	0	0	0	0	0	0	0	0	192	0	0	0	0	0	0	0	0	0	0	0	0	192	0	0	0	0	0	0	0	0	0	0	0	0	0	0	0	0	0	0	0	0	0	0	0	0	0	0	192	0	0	0	0	0	192	0	0	0	0	0	0	0	0	0	0	0	0	0	0	0	0	0	0	0	0	0	0	0	0	0	0	0	0	0	0	0	0	0	0	0	0	0	0	0	0	0	0	0	0	0	0	0	0	0	
0	192	0	0	0	0	0	0	0	0	0	0	0	0	0	0	0	0	0	0	0	0	0	0	0	0	0	0	0	0	0	0	0	0	0	0	0	0	0	0	0	0	0	0	0	0	0	192	0	0	0	0	0	0	0	0	0	0	0	0	0	0	0	0	0	0	0	0	0	0	0	0	0	0	0	0	0	0	0	0	192	0	0	0	0	0	0	0	0	0	0	0	0	0	0	192	0	0	0	0	0	0	0	0	0	0	0	0	0	0	0	0	0	0	0	0	0	0	0	0	
0	192	0	0	0	0	0	0	0	0	0	192	0	0	0	0	0	0	0	0	0	0	0	0	0	0	0	0	0	0	0	0	0	0	0	0	0	0	0	0	0	0	0	0	0	0	0	0	0	0	0	0	0	0	0	0	0	0	0	0	0	0	0	192	0	0	0	0	0	0	0	0	0	0	0	0	0	0	0	0	192	0	0	0	0	0	0	0	0	0	0	0	0	0	0	0	0	0	0	0	0	0	0	0	0	0	0	0	0	0	0	0	0	0	0	0	0	0	0	0	
0	0	0	0	0	0	0	0	0	0	192	0	0	0	0	0	0	0	0	0	0	0	0	0	0	0	0	0	0	0	0	0	0	0	0	0	0	0	0	0	192	0	0	0	0	0	192	0	0	0	0	192	0	0	0	0	0	0	0	0	0	0	0	0	0	0	0	0	0	0	0	0	0	0	0	0	0	0	0	0	0	0	0	0	0	0	0	0	0	0	0	0	0	0	0	0	0	0	0	0	0	0	0	0	0	0	0	0	0	0	0	0	0	0	0	0	0	0	0	0	
0	0	0	0	0	0	0	0	0	0	0	192	0	0	0	0	0	0	0	0	0	0	0	0	0	0	0	0	0	0	0	0	0	0	0	0	0	0	0	0	0	0	0	0	0	0	0	0	0	0	0	0	0	0	192	0	0	0	0	0	0	192	0	0	0	0	0	0	0	0	0	0	0	0	0	0	0	0	0	0	0	0	0	0	0	0	0	0	0	0	0	0	0	0	0	0	0	0	0	0	0	0	192	0	0	0	0	0	0	0	0	0	0	0	0	0	0	0	0	0	
0	0	0	0	0	0	0	0	0	0	0	0	192	0	0	0	0	0	0	0	0	0	0	0	192	0	0	0	0	0	0	0	0	0	0	0	0	0	0	0	0	0	0	0	0	0	0	0	0	0	0	0	0	0	0	0	0	0	0	192	0	0	0	0	0	0	0	0	0	0	192	0	0	0	0	0	0	0	0	0	0	0	0	0	0	0	0	0	0	0	0	0	0	0	0	0	0	0	0	0	0	0	0	0	0	0	0	0	0	0	0	0	0	0	0	0	0	0	0	0	
0	0	0	0	0	0	0	0	0	0	0	0	0	0	0	0	0	0	0	0	0	0	0	0	0	0	0	0	0	0	0	0	0	0	0	0	0	0	0	0	0	0	192	0	0	0	0	0	0	0	0	0	0	0	0	0	0	0	0	0	0	0	0	0	0	0	0	0	0	0	0	0	0	0	192	0	0	0	0	0	0	192	0	0	0	0	0	0	0	0	0	0	0	0	0	0	0	0	0	0	0	0	0	0	0	0	0	0	0	0	0	0	0	0	0	0	0	192	0	0	
0	0	0	0	0	0	0	0	0	0	0	0	0	0	0	0	0	0	0	192	0	0	0	0	0	0	0	0	0	0	0	0	0	0	0	0	0	0	0	0	0	0	0	0	0	0	0	0	0	0	0	0	0	0	0	0	192	0	0	0	0	0	0	0	0	0	0	0	0	0	0	0	0	0	0	0	0	0	0	0	0	0	0	0	0	0	192	0	0	0	192	0	0	0	0	0	0	0	0	0	0	0	0	0	0	0	0	0	0	0	0	0	0	0	0	0	0	0	0	0	
0	0	0	0	0	0	0	0	0	0	0	0	0	0	0	0	0	0	192	0	0	0	0	0	0	0	0	0	0	0	0	0	0	0	0	0	0	0	0	0	0	0	0	0	0	0	0	0	0	0	0	0	0	0	0	0	0	0	0	0	0	0	0	0	0	0	0	0	0	0	0	192	0	0	0	0	0	0	0	0	0	0	0	0	0	0	0	0	0	0	0	0	0	0	0	192	0	0	0	0	0	0	0	0	0	0	0	0	0	0	0	0	0	0	0	192	0	0	0	0	
0	0	0	0	0	0	0	0	192	0	0	0	0	0	0	0	0	0	0	0	0	0	192	0	0	192	0	0	0	0	0	0	0	0	0	0	0	0	0	0	0	0	0	0	0	0	0	0	0	0	0	0	0	0	0	0	0	192	0	0	0	0	0	0	0	0	0	0	0	0	0	0	0	0	0	0	0	0	0	0	0	0	0	0	0	0	0	0	0	0	0	0	0	0	0	0	0	0	0	0	0	0	0	0	0	0	0	0	0	0	0	0	0	0	0	0	0	0	0	0	
0	0	0	0	0	0	0	0	0	0	0	0	0	192	0	192	0	0	0	0	0	0	0	0	0	0	0	0	0	0	0	0	0	0	0	0	0	0	0	0	0	0	0	0	0	0	0	0	0	0	0	0	0	0	0	0	0	0	0	0	0	0	0	0	0	0	0	0	0	0	0	0	0	0	0	0	0	0	0	0	0	0	0	0	0	0	0	0	0	0	192	0	0	0	0	0	0	0	0	0	0	0	0	0	0	0	0	0	0	0	0	0	0	0	192	0	0	0	0	0	
0	0	0	192	0	0	0	0	0	0	0	0	0	0	0	0	0	0	0	0	0	0	0	0	192	0	0	0	0	0	0	0	0	0	0	0	0	0	0	0	0	0	0	0	0	0	0	0	0	0	0	0	0	0	0	0	0	0	0	192	0	0	0	0	192	0	0	0	0	0	0	0	0	0	0	0	0	0	0	0	0	0	0	0	0	0	0	0	0	0	0	0	0	0	0	0	0	0	0	0	0	0	0	0	0	0	0	0	0	0	0	0	0	0	0	0	0	0	0	0	
0	0	0	0	0	0	0	0	0	0	0	0	192	0	0	0	0	0	0	0	0	0	0	0	0	192	0	0	0	0	0	0	0	0	0	0	0	0	0	0	0	0	0	0	0	0	0	0	0	0	0	0	0	0	0	0	0	192	0	0	0	0	0	0	0	0	0	192	0	0	0	0	0	0	0	0	0	0	0	0	0	0	0	0	0	0	0	0	0	0	0	0	0	0	0	0	0	0	0	0	0	0	0	0	0	0	0	0	0	0	0	0	0	0	0	0	0	0	0	0	
0	0	0	0	0	0	0	0	0	0	0	0	0	0	0	0	0	0	0	0	0	0	0	0	0	0	0	0	0	0	0	0	0	0	0	0	0	0	0	0	0	0	0	192	0	0	0	0	0	0	0	0	0	0	0	0	0	0	0	0	0	0	0	0	0	0	0	0	0	0	0	0	0	0	0	0	0	0	0	0	0	0	0	0	0	0	0	0	0	0	0	0	192	0	0	0	0	0	0	0	0	0	0	0	0	0	0	0	0	0	0	0	0	0	0	0	192	0	192	0	
0	0	0	0	0	0	0	0	0	0	0	0	0	0	0	0	0	0	0	0	0	0	0	0	0	0	0	0	0	0	0	0	0	0	0	0	0	0	0	0	0	0	0	0	0	0	0	0	0	0	0	0	0	0	0	0	0	0	0	0	0	0	0	0	0	0	0	0	0	0	0	0	0	0	0	0	0	0	0	0	0	192	0	0	0	0	0	0	0	0	0	0	0	192	0	0	0	0	0	0	0	0	0	0	0	0	0	0	0	0	192	0	0	0	0	0	0	192	0	0	
0	0	0	0	0	0	0	0	0	0	0	0	0	0	0	0	0	0	0	0	0	192	0	0	0	0	0	0	0	0	0	0	0	0	0	0	0	0	0	0	0	0	0	0	0	0	192	0	0	0	0	0	0	0	0	0	0	0	0	0	0	0	0	0	0	192	0	0	0	0	0	0	0	0	0	0	0	0	0	0	0	0	0	192	0	0	0	0	0	0	0	0	0	0	0	0	0	0	0	0	0	0	0	0	0	0	0	0	0	0	0	0	0	0	0	0	0	0	0	0	
0	0	0	0	0	0	192	0	0	0	0	0	0	0	0	0	0	0	0	0	0	0	0	192	0	0	0	0	0	0	0	0	0	0	0	0	0	0	0	0	0	0	0	0	0	0	0	0	0	0	0	0	0	0	0	0	0	0	0	0	0	0	0	0	0	0	0	0	0	0	0	0	0	0	0	0	0	0	0	0	0	0	0	0	192	0	0	0	0	0	0	0	0	0	0	0	192	0	0	0	0	0	0	0	0	0	0	0	0	0	0	0	0	0	0	0	0	0	0	0	
0	0	0	0	0	0	0	0	0	0	0	0	0	0	0	0	0	0	0	0	0	0	0	0	0	0	0	0	0	0	0	0	0	0	0	0	0	0	0	0	0	192	0	0	0	0	0	0	0	0	0	0	0	0	0	0	0	0	0	0	0	0	0	0	0	0	0	0	0	0	0	0	0	0	0	0	0	0	0	0	0	0	0	0	0	0	0	0	0	0	0	0	0	0	0	0	0	0	0	0	0	192	0	0	192	0	0	0	192	0	0	0	0	0	0	0	0	0	0	0	
0	0	0	0	0	0	0	0	0	0	0	0	0	0	0	0	0	0	0	0	0	0	0	0	0	0	192	0	0	0	0	192	0	0	0	0	0	0	0	0	0	192	0	0	0	0	0	0	0	0	0	192	0	0	0	0	0	0	0	0	0	0	0	0	0	0	0	0	0	0	0	0	0	0	0	0	0	0	0	0	0	0	0	0	0	0	0	0	0	0	0	0	0	0	0	0	0	0	0	0	0	0	0	0	0	0	0	0	0	0	0	0	0	0	0	0	0	0	0	0	
0	0	0	0	0	0	0	0	0	0	0	0	0	0	0	0	0	0	0	0	0	0	0	0	0	0	0	0	0	0	0	0	0	0	0	0	0	0	0	0	0	0	0	0	0	0	0	0	0	0	0	0	0	0	0	0	0	0	0	0	0	0	0	0	0	0	0	0	0	0	0	0	0	0	0	0	0	0	0	0	0	192	192	0	0	0	0	0	0	0	0	0	0	0	0	0	0	0	0	0	0	0	0	0	0	192	0	0	0	0	0	0	192	0	0	0	0	0	0	0	
0	0	0	192	0	0	0	0	0	0	0	0	0	0	0	192	0	0	0	0	0	0	0	0	0	0	0	0	0	0	0	0	0	0	0	0	0	0	0	192	0	0	0	0	0	0	0	0	0	0	0	0	0	0	0	0	0	0	0	0	0	0	0	0	0	0	0	0	0	0	0	0	0	0	0	0	0	0	0	0	0	0	0	0	0	0	0	0	0	0	0	0	0	0	0	0	0	0	0	0	0	0	0	0	0	0	192	0	0	0	0	0	0	0	0	0	0	0	0	0	
0	192	0	0	0	0	0	0	0	0	0	0	0	0	0	0	0	0	0	0	0	0	0	0	0	0	0	0	0	0	0	0	0	0	0	0	0	0	192	0	0	0	0	0	0	0	0	0	0	0	0	0	0	0	0	0	0	0	0	0	192	192	0	0	0	0	0	0	0	0	0	0	0	0	0	0	0	0	0	0	0	0	0	0	0	0	0	0	0	0	0	0	0	0	0	0	0	0	0	0	0	0	0	0	0	0	0	0	0	0	0	0	0	0	0	0	0	0	0	0	
0	0	0	0	0	0	0	0	0	0	0	0	0	0	0	0	0	0	0	0	0	0	0	0	0	0	0	0	0	0	0	0	0	0	0	0	0	0	0	0	0	0	0	0	0	0	0	0	0	0	0	0	0	0	0	0	0	0	0	0	0	0	0	0	0	192	0	0	0	0	0	0	0	192	0	0	0	0	192	0	0	0	0	0	0	0	0	0	0	0	0	0	0	0	0	0	0	0	0	0	0	0	0	0	0	0	0	0	0	0	0	0	0	0	0	0	0	192	0	0	
0	0	0	0	0	0	0	0	0	0	0	0	0	0	0	0	0	0	0	0	0	0	0	0	192	0	0	0	0	0	0	0	0	0	0	0	0	0	0	0	0	0	0	0	0	0	0	0	0	0	0	0	0	0	0	0	0	0	0	0	0	0	0	0	0	0	0	0	0	0	0	0	0	0	0	0	0	0	192	0	0	0	0	0	0	0	0	0	0	0	0	0	0	0	0	0	0	0	0	0	192	0	0	0	0	0	0	0	0	0	0	0	0	0	0	192	0	0	0	0	
0	0	0	0	0	0	0	0	0	0	0	0	0	0	0	0	0	0	0	0	0	0	0	0	0	0	0	0	0	0	0	0	0	0	0	0	0	0	0	0	0	0	192	0	0	0	192	0	0	0	0	0	0	0	0	0	0	0	0	0	0	0	0	0	0	0	0	0	0	0	0	0	0	0	192	0	0	0	0	0	0	0	0	0	0	0	0	0	0	0	0	0	0	0	0	0	0	192	0	0	0	0	0	0	0	0	0	0	0	0	0	0	0	0	0	0	0	0	0	0	
0	0	0	0	0	0	0	0	0	0	0	0	0	0	0	0	0	0	0	0	0	0	0	0	0	0	0	0	0	0	0	0	0	0	0	0	0	0	0	0	0	0	0	0	0	0	0	0	0	0	0	0	0	0	0	0	0	0	192	0	0	0	0	0	0	0	0	0	0	0	0	0	0	0	0	192	0	0	0	0	0	0	0	0	0	0	0	192	0	0	0	0	0	192	0	0	0	0	0	0	0	0	0	0	0	0	0	0	0	0	0	0	0	0	0	0	0	0	0	0	
0	0	0	0	192	0	0	0	0	0	192	0	0	0	0	0	0	192	0	0	0	0	192	0	0	0	0	0	0	0	0	0	0	0	0	0	0	0	0	0	0	0	0	0	0	0	0	0	0	0	0	0	0	0	0	0	0	0	0	0	0	0	0	0	0	0	0	0	0	0	0	0	0	0	0	0	0	0	0	0	0	0	0	0	0	0	0	0	0	0	0	0	0	0	0	0	0	0	0	0	0	0	0	0	0	0	0	0	0	0	0	0	0	0	0	0	0	0	0	0	
0	0	0	0	0	0	0	0	0	0	0	0	0	0	0	0	0	0	0	192	0	0	0	0	0	0	0	0	0	0	0	0	0	0	0	0	0	0	0	0	0	0	0	0	0	0	0	0	0	0	0	0	0	0	0	0	192	0	0	0	0	0	0	0	0	0	192	0	0	0	0	0	0	0	0	0	0	0	0	0	0	0	0	0	0	0	0	0	0	0	0	0	192	0	0	0	0	0	0	0	0	0	0	0	0	0	0	0	0	0	0	0	0	0	0	0	0	0	0	0	
0	0	0	0	0	0	0	0	0	0	0	0	0	0	0	0	0	0	0	0	0	0	0	0	0	0	0	0	0	0	0	0	0	0	192	0	0	0	0	0	0	0	0	0	0	0	0	0	0	0	0	0	0	0	0	0	0	0	0	0	0	0	0	0	0	0	0	0	0	0	0	0	0	0	0	0	0	0	0	0	0	0	0	0	192	0	0	0	0	0	0	0	0	192	0	0	192	0	0	0	0	0	0	0	0	0	0	0	0	0	0	0	0	0	0	0	0	0	0	0	
0	0	0	0	0	0	0	0	0	0	0	0	0	0	0	0	0	0	0	0	0	0	0	0	0	0	0	192	0	0	0	0	0	0	192	0	192	0	0	0	0	0	0	0	0	0	0	0	0	0	0	0	0	0	0	0	0	0	0	0	0	0	0	0	0	0	0	0	0	0	0	0	0	0	0	0	0	0	0	0	0	0	0	0	0	0	0	0	0	0	0	192	0	0	0	0	0	0	0	0	0	0	0	0	0	0	0	0	0	0	0	0	0	0	0	0	0	0	0	0	
0	0	0	0	0	0	0	0	0	0	0	0	0	0	0	0	0	0	0	0	0	192	0	0	0	0	0	0	0	0	0	0	0	0	0	0	192	0	0	0	0	0	0	0	0	0	0	0	0	0	0	0	0	0	0	0	0	0	0	0	0	0	0	0	0	0	0	0	0	0	0	0	0	0	0	0	0	0	0	0	0	0	0	0	0	0	0	0	0	0	0	192	0	0	0	0	0	0	0	0	0	0	0	0	0	0	0	0	0	0	0	0	0	192	0	0	0	0	0	0	
0	0	0	0	0	0	0	0	0	192	0	0	0	0	0	0	0	0	0	0	0	0	0	0	0	0	0	0	0	0	0	0	0	0	0	0	0	0	0	0	0	0	0	0	0	0	0	0	0	0	0	0	0	0	0	0	192	0	0	0	0	0	0	0	0	0	192	0	0	192	0	0	0	0	0	0	0	0	0	0	0	0	0	0	0	0	0	0	0	0	0	0	0	0	0	0	0	0	0	0	0	0	0	0	0	0	0	0	0	0	0	0	0	0	0	0	0	0	0	0	
0	0	0	0	0	0	0	0	0	0	0	0	0	0	0	0	0	0	0	0	0	0	0	0	0	0	0	0	0	0	0	0	0	0	192	0	0	0	0	0	0	0	0	0	0	0	0	0	0	0	0	0	0	0	0	0	0	0	0	0	0	0	0	0	0	0	0	0	0	0	0	0	0	0	0	0	0	0	0	0	0	0	0	0	0	0	0	0	192	192	0	0	0	0	0	0	0	0	0	0	0	0	0	0	0	0	0	0	0	0	0	0	0	0	0	0	0	192	0	0	
0	0	0	0	0	0	0	0	0	192	0	0	0	0	0	0	0	0	0	0	0	0	0	0	0	0	0	0	0	0	0	0	0	0	0	0	0	0	0	0	0	0	0	192	0	0	0	0	0	0	0	0	0	0	0	0	0	0	0	0	0	0	0	0	0	0	0	0	0	0	0	0	192	0	0	0	0	0	0	0	0	0	0	0	0	0	192	0	0	0	0	0	0	0	0	0	0	0	0	0	0	0	0	0	0	0	0	0	0	0	0	0	0	0	0	0	0	0	0	0	
0	0	0	0	0	0	0	0	0	0	0	0	0	0	0	0	0	0	0	0	0	0	0	0	0	0	0	0	0	0	0	0	0	0	0	0	0	0	0	0	0	0	0	0	0	0	0	0	0	0	0	0	0	0	0	0	0	0	0	0	0	0	0	0	0	0	0	0	0	0	0	0	0	192	0	0	0	0	0	0	0	0	0	0	192	0	0	192	0	0	0	0	0	0	0	0	0	0	0	0	0	0	0	0	0	0	0	0	0	0	192	0	0	0	0	0	0	0	0	0	
0	0	192	0	0	0	0	0	0	0	0	0	0	0	0	0	0	0	0	0	0	0	0	0	0	0	0	0	0	0	0	0	0	0	0	0	0	0	0	0	0	0	0	0	0	192	0	0	0	0	0	0	0	0	0	0	0	0	0	0	0	0	0	0	0	0	0	0	0	0	0	0	0	0	0	0	0	0	0	0	0	0	0	0	0	0	0	0	0	0	0	0	0	0	0	0	0	0	0	0	0	0	0	192	0	0	0	192	0	0	0	0	0	0	0	0	0	0	0	0	
0	0	0	0	0	0	0	0	0	0	0	0	0	0	0	0	0	0	0	0	0	0	0	0	0	0	0	0	0	0	0	0	0	0	0	0	0	0	0	0	0	0	0	0	0	0	0	192	0	0	0	0	0	0	0	0	0	0	0	0	192	0	0	0	0	0	0	192	0	0	0	0	0	0	0	0	0	0	0	0	0	0	0	0	0	0	0	0	0	0	0	0	0	0	0	0	0	0	0	0	0	0	0	0	0	0	0	0	0	0	0	0	0	0	0	192	0	0	0	0	
0	0	0	0	0	0	192	0	0	0	0	0	0	0	0	0	0	0	0	0	0	0	0	0	0	0	0	0	0	0	0	0	0	0	0	0	0	0	0	0	0	0	0	0	0	0	0	0	0	0	192	0	0	0	0	0	0	0	0	0	0	0	0	0	0	0	0	0	0	0	0	0	0	0	0	192	0	0	0	0	0	0	0	0	0	0	0	192	0	0	0	0	0	0	0	0	0	0	0	0	0	0	0	0	0	0	0	0	0	0	0	0	0	0	0	0	0	0	0	0	
0	0	0	0	0	0	0	0	0	0	0	0	0	0	0	0	0	0	0	0	0	0	0	0	0	0	0	0	0	0	0	192	0	0	0	0	0	0	0	0	0	0	0	0	0	0	192	0	0	0	0	0	0	0	0	0	0	0	0	0	0	0	0	0	0	0	0	0	0	0	0	0	0	0	0	0	0	0	0	0	0	0	0	192	0	0	0	0	0	0	0	0	0	0	0	0	0	0	0	0	0	0	0	0	0	0	0	0	0	0	0	0	0	192	0	0	0	0	0	0	
192	0	0	0	0	192	0	192	0	0	0	0	0	0	0	0	0	0	0	0	0	0	0	0	0	0	0	0	192	0	0	0	0	0	0	0	0	0	0	0	0	0	0	0	0	0	0	0	0	0	0	0	0	0	0	0	0	0	0	0	0	0	0	0	0	0	0	0	0	0	0	0	0	0	0	0	0	0	0	0	0	0	0	0	0	0	0	0	0	0	0	0	0	0	0	0	0	0	0	0	0	0	0	0	0	0	0	0	0	0	0	0	0	0	0	0	0	0	0	0	
0	0	0	0	0	0	0	0	0	0	0	0	0	0	0	0	0	0	0	0	0	0	0	0	0	0	192	0	0	0	0	192	0	0	0	0	0	0	0	0	0	192	0	0	0	0	0	0	192	0	0	0	0	0	0	0	0	0	0	0	0	0	0	0	0	0	0	0	0	0	0	0	0	0	0	0	0	0	0	0	0	0	0	0	0	0	0	0	0	0	0	0	0	0	0	0	0	0	0	0	0	0	0	0	0	0	0	0	0	0	0	0	0	0	0	0	0	0	0	0	
0	0	0	0	0	0	0	0	0	0	0	0	0	0	0	0	0	0	0	0	0	0	0	0	0	0	0	0	0	0	0	0	0	0	0	0	0	0	0	0	0	0	0	0	0	0	0	0	0	0	0	0	0	0	0	0	0	0	0	0	0	0	0	0	0	0	0	0	0	0	0	0	0	0	0	0	0	0	0	0	0	0	192	0	0	0	0	0	0	0	0	0	0	0	0	0	0	0	0	0	0	0	0	0	0	192	0	0	0	192	0	192	0	0	0	0	0	0	0	0	
0	0	0	0	0	0	0	0	0	0	0	0	0	0	0	0	0	0	0	0	0	0	0	0	0	0	0	0	0	0	0	0	0	0	0	0	0	0	0	0	0	0	0	0	0	0	0	0	0	0	0	0	0	0	0	0	0	0	0	0	0	0	0	0	0	0	0	0	0	0	0	0	0	0	0	0	192	0	0	0	0	0	0	0	0	0	0	0	0	0	0	0	0	0	0	0	0	0	0	0	0	0	0	0	192	0	0	0	192	0	0	192	0	0	0	0	0	0	0	0	
0	0	0	0	0	0	0	0	0	0	0	0	0	0	0	0	0	0	0	0	0	0	0	0	0	0	0	0	0	0	192	0	192	0	0	0	0	0	0	0	0	0	0	0	0	0	0	0	0	0	0	0	0	0	0	192	0	0	0	0	0	0	0	192	0	0	0	0	0	0	0	0	0	0	0	0	0	0	0	0	0	0	0	0	0	0	0	0	0	0	0	0	0	0	0	0	0	0	0	0	0	0	0	0	0	0	0	0	0	0	0	0	0	0	0	0	0	0	0	0	
0	0	0	0	0	0	0	0	0	0	0	0	0	0	0	0	0	0	0	0	0	0	0	0	0	0	0	0	0	0	0	0	0	0	0	0	0	0	0	0	0	0	0	0	192	0	0	0	0	0	0	0	0	0	0	0	0	0	0	0	0	0	0	0	0	0	0	0	0	0	0	0	0	0	0	0	0	0	0	0	0	0	0	0	0	0	0	0	0	0	0	0	0	0	192	0	0	0	0	0	0	0	0	0	0	0	0	192	0	0	0	0	0	0	0	0	0	0	0	192	
0	0	0	0	0	0	0	0	0	0	0	0	0	0	0	0	0	0	0	0	0	0	0	0	0	0	0	0	0	0	0	0	0	0	0	0	0	0	0	0	0	0	0	0	0	0	0	0	0	0	0	0	0	0	0	0	0	192	0	0	0	0	0	0	0	0	0	0	0	0	0	0	0	0	0	0	192	0	0	0	0	0	0	0	0	0	0	0	0	0	0	0	0	0	0	0	0	0	0	0	0	192	0	0	0	0	0	0	0	192	0	0	0	0	0	0	0	0	0	0	
0	0	0	0	0	0	0	0	0	0	0	0	0	0	0	0	0	0	0	0	0	0	0	0	0	0	0	0	0	192	0	0	0	0	0	0	0	0	0	0	0	0	192	0	0	0	0	0	0	0	0	0	0	0	0	0	0	0	0	0	0	0	0	0	0	0	0	0	0	0	0	0	0	0	0	0	0	0	192	0	0	0	0	0	0	0	0	0	0	0	0	0	0	0	0	0	0	0	0	0	192	0	0	0	0	0	0	0	0	0	0	0	0	0	0	0	0	0	0	0	
0	0	0	192	0	0	0	0	0	0	0	0	0	0	0	0	0	0	0	0	0	0	0	0	0	0	0	0	0	0	192	0	192	0	0	0	0	0	0	0	0	0	0	0	0	0	0	0	0	0	0	0	0	0	0	0	0	0	0	0	0	0	0	0	0	0	0	0	0	0	0	0	0	0	0	0	0	0	0	192	0	0	0	0	0	0	0	0	0	0	0	0	0	0	0	0	0	0	0	0	0	0	0	0	0	0	0	0	0	0	0	0	0	0	0	0	0	0	0	0	
0	0	192	0	0	0	0	0	0	0	0	0	0	0	0	0	0	0	0	0	0	0	0	0	0	0	0	0	0	0	0	0	0	0	0	0	0	0	0	0	0	0	0	0	192	0	0	0	0	0	0	0	0	0	0	0	0	0	0	0	0	0	0	0	0	0	0	0	0	0	0	0	0	0	0	0	0	0	0	0	0	0	0	0	0	0	0	0	0	0	0	0	0	0	192	0	0	0	0	0	0	0	0	192	0	0	0	0	0	0	0	0	0	0	0	0	0	0	0	0	
0	0	0	0	0	0	0	0	0	0	0	0	0	0	0	0	0	0	0	0	0	0	0	0	0	0	192	0	0	0	0	0	0	0	0	0	0	0	0	0	0	0	0	0	0	0	0	0	0	0	0	192	0	0	0	0	0	0	0	0	0	0	0	0	0	0	0	0	0	0	0	0	0	0	0	0	192	0	0	0	0	0	0	0	0	0	0	0	0	0	0	0	0	0	0	0	0	0	0	0	0	192	0	0	0	0	0	0	0	0	0	0	0	0	0	0	0	0	0	0	
0	0	0	0	0	0	0	0	0	0	0	0	0	0	0	0	0	0	0	0	0	0	0	0	0	0	0	0	0	0	0	0	0	0	0	0	0	192	0	0	0	0	0	0	0	0	0	0	0	0	0	0	0	0	0	0	0	0	0	0	0	0	0	0	0	0	0	0	0	0	0	0	0	0	0	0	0	0	0	0	0	0	0	0	0	0	0	0	0	0	0	0	0	0	0	0	0	0	0	0	192	0	0	0	192	0	0	0	0	0	0	0	0	0	0	0	192	0	0	0	
192	0	0	0	0	0	0	0	0	0	0	0	0	0	0	0	0	0	0	0	0	0	0	0	0	0	0	0	0	0	0	0	0	0	0	0	0	0	0	0	0	0	0	0	0	0	0	0	0	0	192	0	0	0	0	0	0	0	0	0	0	0	0	0	0	0	0	0	0	0	0	0	0	192	0	0	0	0	0	0	0	0	0	0	0	0	0	0	0	0	0	0	0	192	0	0	0	0	0	0	0	0	0	0	0	0	0	0	0	0	0	0	0	0	0	0	0	0	0	0	
0	0	0	0	192	0	0	0	0	0	0	0	0	0	0	0	0	0	0	0	0	0	0	0	0	0	0	0	0	192	0	0	0	0	0	0	0	0	0	0	0	0	0	0	0	0	0	0	0	0	0	0	0	0	0	0	0	0	0	0	0	0	0	0	0	0	0	0	0	0	0	0	0	0	0	0	0	0	0	0	0	0	0	0	0	0	0	0	0	0	0	0	0	0	0	0	0	0	0	0	192	192	0	0	0	0	0	0	0	0	0	0	0	0	0	0	0	0	0	0	
0	0	0	0	0	0	0	0	0	0	0	0	0	0	0	0	0	0	0	0	0	0	0	0	0	0	0	0	0	0	0	0	0	192	0	0	0	192	0	0	0	0	0	0	0	0	0	0	0	0	0	0	192	0	0	0	0	0	0	0	0	0	0	0	0	0	0	0	0	0	0	0	0	0	0	0	0	0	192	0	0	0	0	0	0	0	0	0	0	0	0	0	0	0	0	0	0	0	0	0	0	0	0	0	0	0	0	0	0	0	0	0	0	0	0	0	0	0	0	0	
0	0	0	0	0	0	0	0	0	0	0	0	0	0	0	0	0	0	0	0	0	192	0	0	0	0	0	0	0	0	0	0	0	0	0	0	192	0	0	0	0	0	0	0	0	0	0	0	0	0	0	0	0	0	0	0	0	0	0	0	0	0	0	0	0	0	0	0	0	0	0	0	0	0	0	0	0	0	0	0	0	0	0	0	0	0	0	0	0	192	0	0	0	0	0	0	0	192	0	0	0	0	0	0	0	0	0	0	0	0	0	0	0	0	0	0	0	0	0	0	
0	0	0	0	0	0	0	0	0	192	0	0	0	192	0	0	0	0	0	0	0	0	0	0	0	0	0	0	0	0	0	0	0	0	0	0	0	0	0	0	0	0	0	0	0	0	0	0	0	0	0	0	0	192	0	0	0	0	0	0	0	0	0	0	0	0	0	0	0	192	0	0	0	0	0	0	0	0	0	0	0	0	0	0	0	0	0	0	0	0	0	0	0	0	0	0	0	0	0	0	0	0	0	0	0	0	0	0	0	0	0	0	0	0	0	0	0	0	0	0	
0	0	0	0	0	0	0	0	0	0	0	0	0	0	0	0	0	0	0	0	0	0	0	0	0	192	0	0	0	0	0	0	0	0	0	0	0	0	0	0	0	0	0	0	0	0	0	0	0	0	0	0	0	0	0	0	0	0	0	0	0	0	0	0	0	0	0	192	0	0	0	0	0	0	0	0	0	0	0	0	0	0	192	0	0	0	0	0	0	0	0	0	0	0	0	192	0	0	0	0	0	0	0	0	0	0	0	0	0	0	0	0	0	0	0	0	0	0	0	0	
0	0	0	0	0	0	0	0	0	0	0	0	0	0	0	0	0	0	0	0	192	0	0	0	0	0	0	0	0	0	0	0	0	0	0	0	0	0	0	0	0	0	0	0	0	0	0	0	0	0	0	0	0	0	0	0	0	0	0	0	0	0	0	0	0	0	0	0	0	0	0	0	192	0	0	0	0	0	0	0	0	0	0	0	0	0	0	0	0	0	0	0	0	0	0	0	0	0	0	0	0	0	0	0	0	0	0	0	0	192	0	0	0	0	0	0	0	0	0	192	
0	0	0	0	0	0	0	0	0	0	0	0	0	0	0	0	0	0	0	0	0	0	0	0	0	0	0	0	0	0	0	0	0	0	0	0	0	0	0	0	0	0	0	0	0	0	0	0	0	0	0	0	0	0	0	0	0	0	0	0	0	0	0	0	0	192	0	0	0	0	0	0	0	192	0	0	0	0	0	0	0	192	0	0	0	0	0	0	0	0	0	192	0	0	0	0	0	0	0	0	0	0	0	0	0	0	0	0	0	0	0	0	0	0	0	0	0	0	0	0	
0	0	0	0	0	0	0	0	0	0	0	0	0	0	0	0	0	0	0	0	192	0	0	192	0	0	0	0	0	0	0	0	0	0	0	0	0	0	0	0	0	0	0	192	0	0	0	0	0	0	0	0	0	0	0	0	0	0	0	0	0	0	0	0	0	0	0	0	0	0	0	0	192	0	0	0	0	0	0	0	0	0	0	0	0	0	0	0	0	0	0	0	0	0	0	0	0	0	0	0	0	0	0	0	0	0	0	0	0	0	0	0	0	0	0	0	0	0	0	0	
0	0	0	0	0	0	0	0	0	0	0	0	0	0	0	0	0	0	0	0	0	0	0	0	0	0	0	192	0	0	0	0	0	0	0	0	0	0	0	0	0	0	0	0	192	0	0	0	0	0	0	0	0	0	0	0	0	0	0	0	0	0	0	0	0	0	0	0	0	0	0	0	0	0	0	0	0	0	0	0	0	0	0	0	0	0	0	0	0	0	0	0	0	0	0	0	0	0	0	0	0	0	0	192	0	0	0	0	0	0	0	0	0	0	0	0	192	0	0	0	
70	3	58	106	2	17	108	32	17	82	22	62	35	103	87	60	43	113	50	36	0	1	16	78	75	71	48	116	71	102	117	38	51	110	70	109	81	111	30	91	41	12	54	33	109	93	13	119	30	98	94	110	21	53	97	64	10	56	55	13	63	66	97	79	109	5	48	6	12	59	86	35	6	43	99	48	44	39	32	110	111	72	22	69	79	87	46	102	14	109	98	75	92	3	26	108	36	98	55	35	61	19	106	72	57	95	109	93	88	103	95	18	68	83	19	33	86	38	57	50	103	24	27	46	71	73	88	103	80	76	59	46	114	32	44	75	72	104	44	39	33	83	36	68	23	59	46	98	42	74	89	18	52	103	40	23	14	92	11	55	17	98	20	37	69	42	98	34	76	110	96	109	119	29	54	10	6	49	69	16	91	2	102	112	119	19	91	116	50	100	115	68	111	94	1	114	69	74	101	54	85	40	105	49	18	107	100	69	35	91	33	11	17	104	40	83	79	69	18	78	76	33	105	14	10	111	84	27	9	78	22	119	3	72	31	82	97	15	24	109	108	2	18	75	60	67	111	34	67	59	23	5	2	43	67	5	98	76	116	113	19	79	51	101	71	117	66	88	14	31	17	3	26	70	113	64	12	59	27	71	109	30	48	17	69	66	74	8	23	39	41	5	9	21	30	104	87	111	42	42	32	77	30	93	30	95	12	97	10	15	108	64	100	31	63	98	62	30	86	33	49	38	66	53	101	57	29	112	52	102	47	58	39	87	25	12	22	117	52	32	60	89	74	119	48	108	18	105	3	103	55	47	80	19	17	115	78	9	2	117	110	10	33	119	59	111	81	97	28	80	58	100	67	104	109	98	88	71	115	36	14	85	61	58	115	5	101	69	83	30	35	103	30	11	80	88	108	67	32	82	59	111	116	5	97	41	82	8	36	79	47	9	88	68	15	116	97	23	71	7	62	84	61	47	114	0	77	65	91	40	13	25	6	98	16	109	72	9	94	49	118	12	33	67	77	62	112	112	17	62	80	20	17	40	69	109	64	105	68	32	85	31	19	41	67	85	86	38	80	106	74	51	33	97	37	7	91	9	59	20	34	110	26	2	37	69	110	92	64	108	92	3	64	31	106	7	91	71	27	88	74	21	111	71	85	34	17	22	53	110	8	20	76	91	14	52	114	18	116	21	16	59	107	18	72	23	84	99	34	104	103	25	15	47	94	44	72	28	91	31	79	17	13	115	116	87	61	103	105	54	118	69	78	72	95	46	76	61	11	20	37	87	57	46	49	22	75	55	9	20	105	118	118	57	6	60	25	80	54	64	17	87	39	21	17	110	101	106	29	91	46	42	105	42	22	11	100	80	18	114	74	75	0	91	0	23	53	5	10	57	45	67	55	22	94	11	3	20	36	89	83	15	77	108	92	12	69	79	3	48	18	56	76	113	80	99	62	3	13	119	69	91	101	39	22	118	38	25	30	90	36	42	66	99	21	102	47	62	109	43	18	25	2	14	24	104	25	20	22	0	102	42	97	110	86	100	70	72	63	48	18	9	69	75	18	57	70	18	107	10	103	33	66	51	52	102	52	95	42	78	7	70	39	14	72	78	17	62	22	49	70	119	27	24	78	110	47	73	86	109	22	98	27	60	100	68	70	30	109	0	97	90	95	19	73	9	101	108	79	51	23	11	47	6	78	94	49	36	84	47	102	25	106	57	97	42	96	8	53	46	41	94	0	2	96	74	54	36	44	29	111	5	17	15	24	90	86	53	15	70	39	49	27	40	109	113	55	69	109	14	1	109	4	67	106	76	47	88	107	62	92	5	117	94	2	102	66	11	44	2	113	18	92	20	70	91	15	86	96	105	111	100	118	93	76	81	106	88	45	1	52	83	49	40	96	47	32	8	50	36	81	106	18	110	89	87	105	52	69	53	21	96	48	59	60	34	73	23	98	21	59	118	116	13	17	79	35	8	86	45	31	98	61	75	70	107	85	63	26	112	40	64	52	1	20	26	47	106	105	115	65	59	40	39	70	2	80	84	72	96	3	20	26	68	25	24	15	44	0	68	67	49	33	89	89	21	59	102	102	72	74	11	80	12	68	42	27	58	105	41	64	74	60	88	49	96	81	27	27	104	104	20	114	7	101	15	27	24	20	116	97	56	106	93	68	33	19	79	46	27	41	28	50	16	60	111	94	84	37	6	100	27	112	112	57	60	94	26	110	90	51	17	69	117	51	71	108	68	90	32	78	81	103	39	103	9	8	46	9	7	113	113	66	40	22	7	112	114	23	50	0	44	51	70	70	10	90	112	112	115	7	35	1	34	35	56	96	25	86	16	43	28	5	0	88	21	9	62	48	1	1	53	19	84	32	110	89	21	77	55	115	97	48	82	101	75	1	115	11	79	51	114	116	75	48	0	53	33	0	71	16	92	43	10	55	22	71	34	13	52	111	35	75	97	95	43	59	37	98	3	119	52	65	6	79	5	30	24	63	84	54	25	96	5	59	89	72	67	46	37	73	55	31	10	44	99	89	29	1	77	63	12	13	93	59	57	6	84	24	56	101	71	101	91	76	96	101	55	107	32	56	110	55	2	52	102	37	99	28	3	42	97	100	50	101	43	108	48	67	28	51	49	38	59	94	47	119	42	56	58	25	102	35	37	108	62	93	96	28	38	70	10	76	12	103	56	76	59	31	2	98	32	38	59	99	13	111	55	113	54	0	81	112	105	92	46	43	33	60	49	86	116	75	103	52	71	27	36	71	115	108	33	5	33	31	43	5	11	16	3	99	86	0	29	3	86	62	59	84	44	104	83	51	6	116	98	2	59	95	87	73	30	88	41	2	31	70	117	22	48	63	85	73	109	78	106	4	27	13	70	85	89	95	53	3	107	64	10	92	27	20	88	25	4	73	62	99	59	42	44	40	45	105	85	4	115	75	26	79	62	79	53	9	100	37	78	56	116	68	38	62	52	7	33	91	19	1	57	111	46	106	105	39	97	37	30	79	92	18	31	98	116	60	81	76	55	84	1	74	88	48	31	69	59	115	119	55	50	11	86	30	65	31	100	15	91	36	41	49	19	80	52	37	35	97	58	64	49	3	34	23	91	3	101	18	10	75	102	103	55	43	84	68	22	65	29	101	53	116	93	92	42	37	21	117	59	111	57	47	19	12	9	54	96	99	46	58	100	42	117	42	110	17	116	67	12	38	38	87	10	102	4	40	46	59	50	58	110	117	91	48	63	18	100	23	114	76	60	79	1	5	36	74	21	48	31	84	97	79	119	46	115	54	9	14	87	27	112	81	15	20	38	41	96	69	86	23	9	75	63	79	28	40	22	80	63	21	33	11	62	59	97	3	80	50	102	46	58	82	85	88	18	20	58	82	69	101	78	55	11	43	15	14	52	9	109	8	87	7	69	88	51	107	89	90	99	13	42	41	69	9	7	50	118	100	60	70	67	9	51	63	72	33	14	106	6	114	45	26	43	69	41	119	65	15	90	42	19	117	116	80	61	93	12	109	20	115	73	33	15	118	116	106	5	65	108	48	87	109	79	18	62	56	19	48	61	57	50	100	21	38	87	15	36	44	52	18	12	65	113	14	12	101	89	84	47	36	68	115	71	108	44	101	27	0	41	107	69	48	13	101	103	37	46	61	114	82	104	65	112	83	38	102	95	90	20	64	76	45	14	75	83	94	106	44	118	28	43	6	26	14	98	4	76	23	86	7	100	51	111	108	40	40	48	59	2	2	91	86	0	55	38	114	64	65	24	100	73	4	14	48	96	89	16	37	54	63	42	80	74	49	15	86	34	93	30	10	31	64	77	3	72	80	96	1	71	3	109	94	101	8	94	11	57	96	12	12	40	114	112	31	58	3	40	43	90	115	118	29	71	39	34	44	84	71	100	13	92	65	26	54	52	76	106	72	35	55	39	31	74	1	35	73	81	28	92	77	22	100	29	99	5	75	14	84	60	6	10	11	54	44	105	102	80	103	77	96	41	114	25	115	12	34	71	95	9	60	93	67	114	21	0	101	29	42	18	10	56	4	119	75	64	115	46	67	64	2	110	37	28	0	15	2	1	48	64	89	51	55	87	20	61	5	26	6	30	4	43	61	64	68	78	47	119	29	30	103	9	111	100	27	21	28	12	86	103	31	25	106	115	24	72	78	60	16	82	64	90	116	53	55	115	101	52	26	29	101	113	84	75	94	16	74	101	79	11	89	32	45	85	91	112	6	5	117	35	93	8	19	6	12	113	115	75	5	56	81	58	27	112	89	20	54	111	30	85	19	67	46	23	83	46	116	93	3	85	76	87	95	76	57	68	97	63	104	64	43	84	59	28	88	28	57	4	5	78	59	78	113	29	3	76	7	117	100	15	80	110	76	19	60	54	16	17	93	55	2	104	101	97	72	24	99	61	79	17	13	73	107	2	82	26	74	5	40	82	84	43	36	46	96	28	90	107	14	110	10	72	63	45	112	28	34	59	76	42	56	2	83	107	10	42	118	79	79	66	28	62	90	10	82	11	40	0	20	51	45	93	2	47	25	45	0	56	105	5	95	65	42	102	69	72	83	48	87	32	77	104	1	119	99	3	92	40	32	67	81	44	75	44	6	18	83	6	60	0	8	32	117	108	84	30	32	32	31	67	29	98	1	48	70	7	46	88	94	75	111	34	2	52	16	6	94	98	62	10	41	3	2	106	99	76	60	117	43	31	82	24	51	91	44	72	65	65	100	97	113	8	90	8	27	88	21	91	28	56	22	117	44	54	85	61	119	11	58	94	83	38	86	107	27	66	35	9	19	69	96	11	96	27	51	95	54	90	110	16	91	88	38	103	69	69	50	45	28	97	115	36	24	93	110	31	50	113	0	34	118	72	1	81	28	67	45	62	110	2	89	77	83	50	117	79	83	18	57	57	88	46	30	25	117	39	29	7	96	100	92	55	67	47	49	6	87	86	27	6	68	40	90	60	2	12	14	104	9	82	39	76	56	113	32	76	28	103	116	54	110	45	32	90	92	22	62	16	80	8	21	98	110	106	66	9	110	58	92	17	24	17	51	33	39	44	58	14	49	62	117	119	91	68	65	70	7	44	9	72	108	28	37	65	27	113	84	58	117	89	94	62	93	73	13	9	10	30	67	56	20	53	86	78	81	17	10	46	54	103	117	16	20	77	95	62	50	117	119	89	89	70	117	115	4	19	66	84	58	107	111	70	4	55	118	13	25	76	107	88	34	110	67	24	107	110	47	7	113	86	73	76	48	27	96	23	104	39	62	95	10	16	6	19	70	34	27	7	90	53	45	111	96	59	115	17	7	62	32	70	8	38	65	38	57	69	62	73	108	81	55	53	18	106	12	106	5	39	92	61	72	41	1	12	32	63	103	80	68	111	12	19	81	68	74	43	99	21	106	32	22	37	105	47	74	119	107	108	38	58	52	30	105	11	84	65	97	89	91	23	34	47	28	78	7	7	60	29	96	87	21	31	88	80	29	77	6	8	76	111	114	61	112	4	8	72	70	23	29	64	67	90	24	80	89	53	106	40	12	116	37	84	66	110	4	77	49	31	27	53	99	57	75	17	92	45	72	20	52	46	62	12	45	88	48	79	28	31	21	3	26	54	94	111	2	21	25	96	76	66	43	36	109	85	62	44	43	50	59	86	66	21	55	36	36	7	20	51	114	29	88	78	106	66	47	24	102	61	85	93	103	88	94	100	57	116	112	9	107	15	29	77	109	106	3	49	29	92	14	36	93	98	22	34	34	108	81	104	28	73	16	9	80	21	98	5	65	10	73	61	4	18	96	56	40	43	4	35	99	75	11	43	94	27	116	76	49	7	68	80	101	92	8	17	76	79	20	3	30	76	35	75	46	12	119	111	29	16	38	57	12	81	112	80	67	117	114	60	46	3	63	33	79	100	79	75	50	66	26	54	58	65	101	55	109	23	50	36	51	61	68	9	96	89	75	71	119	29	38	23	62	55	62	43	53	118	9	89	101	63	5	112	104	49	98	19	87	11	44	55	36	29	18	5	72	54	107	39	23	78	62	91	33	98	38	43	1	4	33	81	84	110	113	10	81	7	77	26	41	96	50	112	35	109	49	70	27	2	110	105	63	38	91	9	66	47	108	70	18	26	118	63	22	108	23	19	85	105	37	28	79	29	89	43	81	118	20	55	50	110	95	63	117	77	10	50	88	56	20	57	3	77	2	98	82	16	79	77	78	62	96	70	72	54	49	0	38	10	47	22	18	20	28	108	47	89	99	39	56	90	26	92	41	29	47	33	78	60	30	73	75	55	115	49	24	27	66	55	23	2	100	18	57	51	14	117	27	8	96	87	45	49	71	4	91	29	36	42	41	1	105	38	33	38	80	64	81	58	43	106	36	11	38	19	23	49	97	70	93	93	63	98	116	23	9	118	43	101	90	53	16	44	78	13	37	65	67	0	52	111	87	31	88	99	25	70	11	88	110	20	41	102	91	18	41	32	63	112	99	100	57	0	9	47	117	14	115	39	56	119	67	87	61	20	115	61	77	59	112	78	20	57	118	73	47	50	75	50	44	19	19	100	22	79	11	46	53	47	14	117	56	6	57	7	46	99	28	59	94	85	36	29	11	6	73	64	6	90	82	74	76	72	71	56	64	83	77	93	67	117	75	34	95	45	67	22	74	64	71	23	56	116	36	72	83	42	2	99	60	13	104	85	34	5	11	23	78	90	47	34	46	1	104	64	108	24	96	66	31	36	11	42	33	58	28	97	96	44	116	118	89	64	97	103	117	22	55	117	84	26	22	119	40	101	28	68	0	23	63	55	119	22	68	42	62	107	32	87	10	119	102	43	40	56	73	17	53	70	117	77	118	61	85	85	35	94	98	37	117	42	43	16	43	28	27	5	102	20	116	17	101	13	64	80	14	47	12	94	34	101	24	58	38	31	38	89	86	33	114	50	64	111	113	109	53	73	87	10	60	17	46	30	106	44	101	1	7	76	18	37	117	1	100	82	4	19	14	87	52	28	56	113	2	79	17	88	37	76	68	41	108	83	2	83	79	88	119	60	49	117	48	84	43	69	97	80	118	51	98	67	109	80	109	51	59	109	5	18	27	75	115	66	118	93	45	51	72	5	96	7	84	5	12	49	74	6	68	14	22	8	105	14	103	101	50	0	53	78	66	68	59	115	22	9	35	2	97	66	70	71	6	28	22	41	106	109	117	72	105	44	54	78	73	89	37	97	105	109	29	8	76	80	104	17	114	47	60	19	47	57	96	2	60	19	47	29	88	111	41	12	5	23	84	64	108	33	85	19	28	89	72	83	113	37	76	33	118	17	116	80	65	17	79	17	40	93	38	69	37	56	88	96	68	0	61	84	92	106	94	101	104	104	2	88	70	15	113	1	68	119	35	12	106	88	72	23	54	31	37	63	6	61	64	64	119	38	95	25	85	83	57	7	94	8	92	15	106	4	76	8	40	32	48	13	21	115	45	2	119	68	63	53	82	22	111	5	74	105	109	9	77	106	59	10	8	67	74	84	56	50	62	32	56	106	36	117	20	92	80	42	69	26	52	12	24	21	109	57	20	74	104	43	53	29	10	7	90	99	99	58	71	62	20	106	15	91	57	116	98	31	28	92	108	53	18	46	85	50	35	93	106	66	68	108	13	69	5	116	98	55	14	77	115	20	41	25	21	34	39	38	96	37	27	106	41	51	47	86	81	21	6	34	72	105	13	25	64	39	85	75	8	49	71	57	100	15	12	12	60	11	72	37	118	26	54	21	32	29	6	4	79	40	23	72	96	41	89	96	34	63	86	50	118	25	82	61	100	78	116	9	48	96	50	56	78	102	51	8	89	19	39	62	30	75	82	92	26	31	36	59	21	46	92	75	77	23	40	66	63	26	77	17	12	84	16	64	50	74	46	93	16	8	70	99	13	9	94	96	3	53	27	99	66	111	118	90	101	77	110	41	11	57	19	119	31	69	69	119	74	89	19	71	53	39	57	51	5	54	40	27	1	66	4	1	69	60	22	82	47	95	118	3	11	113	34	33	30	93	117	82	18	43	25	74	116	46	101	113	26	89	56	10	36	31	95	109	19	104	119	103	67	67	15	60	30	16	5	75	113	44	47	23	86	109	31	10	51	18	18	99	5	2	17	62	55	4	9	42	87	62	5	27	94	91	96	7	4	9	72	42	15	32	39	31	22	33	17	112	7	100	58	119	117	113	115	16	37	102	80	92	101	61	42	15	64	77	3	79	117	24	11	58	33	26	115	109	74	5	20	4	101	94	26	58	77	117	28	7	58	44	28	50	73	4	26	112	117	7	97	78	21	116	73	15	62	34	42	83	42	43	57	94	24	102	15	39	45	48	83	113	45	44	59	5	62	38	74	49	94	70	69	68	14	26	19	71	13	91	63	109	97	1	77	65	58	50	64	68	49	56	90	103	47	26	59	30	5	97	15	106	71	108	63	55	11	67	88	44	30	113	64	63	34	17	65	57	61	14	32	84	55	91	44	30	117	52	82	106	83	47	54	1	48	80	86	13	109	44	110	114	70	19	33	6	85	65	117	8	36	10	19	60	116	74	65	48	72	91	97	45	9	1	101	115	33	79	117	33	72	87	108	41	96	106	94	2	102	35	10	19	109	94	57	60	39	42	18	2	43	114	26	118	40	55	44	61	47	89	52	0	66	21	74	70	60	76	12	51	86	113	14	39	14	67	14	5	24	81	47	47	69	92	91	115	48	102	89	95	95	70	97	25	24	64	86	80	106	63	59	6	40	13	62	84	69	86	45	88	26	71	85	2	54	50	25	62	30	90	50	85	3	63	43	105	12	60	23	33	87	32	20	51	15	101	45	34	70	52	41	117	76	0	13	57	105	31	9	117	18	5	6	113	70	55	37	25	5	39	43	81	4	24	36	84	42	42	97	31	19	78	27	14	112	45	53	77	95	27	60	98	22	35	78	24	92	116	7	119	32	66	115	12	118	94	105	91	62	50	72	22	37	53	71	24	24	94	54	25	14	65	115	65	113	50	67	39	22	113	9	40	41	15	102	18	95	9	74	26	61	2	116	76	88	110	112	80	58	48	17	39	104	92	3	115	93	62	46	40	57	61	118	54	103	104	104	83	63	97	56	49	35	82	94	15	76	14	80	114	31	99	33	11	115	34	80	59	77	46	15	68	39	2	51	69	118	49	98	79	109	105	77	13	15	37	17	10	23	94	1	59	98	7	7	65	21	61	24	41	104	43	38	97	56	23	77	102	4	34	28	89	109	19	20	85	107	45	58	31	112	106	94	47	50	73	40	21	97	71	34	52	92	31	42	31	15	39	29	93	111	19	88	97	10	113	32	57	21	115	72	11	97	18	12	10	103	39	39	16	70	20	101	19	50	35	94	59	106	22	108	70	28	80	38	77	38	45	31	75	3	45	44	13	87	50	19	95	39	69	90	50	58	72	26	56	80	64	47	62	105	42	48	59	10	13	53	85	92	47	22	39	94	67	25	94	87	63	102	74	80	35	85	9	15	76	27	53	9	115	0	103	101	31	96	64	30	39	35	32	100	54	79	64	13	19	6	94	59	15	23	92	11	91	27	55	111	80	25	74	0	24	36	28	81	23	55	32	118	102	8	6	116	89	21	40	115	91	14	39	79	73	15	68	34	37	78	119	101	14	59	97	117	61	68	87	55	82	85	101	73	52	105	97	55	12	97	49	114	83	3	77	47	28	71	74	69	103	72	94	51	59	75	99	69	1	76	73	6	114	70	107	115	67	21	93	49	42	85	111	57	98	22	96	83	33	51	79	44	32	118	58	58	106	12	111	5	102	102	42	85	30	96	55	43	65	86	14	79	40	17	34	0	92	119	76	72	48	68	97	43	52	111	52	103	114	58	103	3	50	90	119	12	4	116	82	105	90	32	46	1	17	19	0	59	82	58	36	60	111	59	68	16	37	88	3	80	48	8	38	60	56	92	98	4	27	62	101	80	62	75	63	106	17	35	58	39	72	11	104	51	50	59	17	110	38	94	79	103	117	65	14	26	4	69	23	34	82	3	16	114	54	88	46	103	19	61	35	73	12	49	47	11	83	92	47	34	68	43	83	86	63	81	23	15	63	35	70	93	69	28	119	5	87	27	34	41	36	59	14	50	119	102	28	40	6	58	117	71	43	98	61	27	67	89	47	4	103	53	91	55	111	116	25	56	0	34	113	62	73	76	3	23	41	94	68	98	12	69	78	85	91	94	75	115	102	94	83	98	34	117	111	37	57	27	89	76	69	97	39	4	30	38	63	8	43	16	83	64	95	63	87	57	38	102	99	59	90	25	80	93	58	56	69	70	102	46	104	18	74	9	92	2	18	114	27	84	83	91	79	100	15	26	28	45	84	38	8	62	68	47	9	1	98	65	8	43	88	118	95	45	47	47	68	41	25	94	2	113	110	47	117	20	98	46	6	6	29	18	111	37	71	107	17	118	0	102	51	6	68	77	79	104	33	105	105	36	119	92	8	61	16	69	78	91	26	26	21	115	45	77	59	54	55	69	93	111	57	79	30	79	73	1	78	98	46	13	13	113	34	118	41	116	84	117	85	13	119	113	79	52	100	69	36	59	51	5	47	63	14	15	72	41	24	105	72	96	59	111	73	16	106	91	24	42	96	20	0	38	55	14	30	28	105	49	111	22	86	69	118	114	84	96	29	2	104	16	116	9	71	103	55	104	51	78	26	40	15	44	20	65	29	96	45	51	71	81	104	103	1	72	33	49	53	103	17	37	68	69	8	76	62	59	71	103	98	105	25	82	5	86	32	69	113	94	83	22	23	16	10	25	42	84	45	30	98	91	86	35	87	76	85	50	102	54	54	40	102	18	6	82	95	38	2	97	90	65	64	65	77	38	57	105	22	83	4	60	61	37	36	48	22	95	61	53	36	75	69	99	50	73	67	93	83	78	10	23	0	39	107	63	105	8	106	12	27	35	38	0	72	81	49	0	86	28	47	94	59	17	38	72	109	35	60	67	76	75	26	105	83	111	46	93	110	46	119	4	80	59	29	95	114	113	51	86	83	62	48	15	61	16	2	18	35	67	86	108	41	69	32	2	7	30	94	116	82	94	40	23	98	88	39	112	54	82	48	41	35	64	113	79	43	59	116	71	26	58	58	23	52	105	29	34	46	90	11	7	116	81	76	50	48	111	118	72	66	42	63	24	100	50	39	76	96	62	1	81	119	102	18	70	16	85	34	22	49	25	60	119	28	44	33	88	8	101	43	44	69	106	25	80	63	47	19	57	102	45	14	1	89	74	1	83	6	49	28	3	88	44	111	87	74	49	80	16	106	3	102	30	59	1	101	54	85	18	33	79	70	6	95	66	5	54	34	86	59	35	59	14	117	80	55	102	24	96	41	113	8	117	33	20	60	59	58	37	82	15	75	61	47	115	11	11	81	24	65	112	29	99	63	57	62	4	57	16	82	11	75	100	48	28	95	6	43	45	58	107	119	98	39	44	2	77	23	33	12	59	89	114	91	27	73	7	61	74	47	73	38	28	62	47	83	100	16	57	29	1	8	86	20	55	111	27	94	6	63	71	41	11	86	96	119	20	47	76	32	9	102	77	91	54	16	103	24	8	43	31	35	41	66	27	70	27	97	116	3	38	86	34	114	3	21	36	53	61	35	45	1	59	112	5	61	81	69	57	85	56	27	9	90	96	50	111	53	98	106	116	95	1	16	23	101	69	33	63	17	111	51	83	100	44	1	95	83	28	91	31	26	28	21	20	93	3	69	85	76	96	8	12	90	51	76	56	104	86	0	74	64	55	93	13	87	40	98	11	119	35	75	27	46	76	89	31	70	72	79	91	24	32	104	81	89	51	43	28	30	12	68	16	79	60	67	55	40	87	19	93	29	10	39	49	65	106	98	9	6	19	62	28	113	47	90	30	5	56	21	27	73	66	90	76	102	79	41	45	105	14	33	24	96	3	6	50	96	25	43	49	15	80	84	98	69	52	42	75	45	31	22	103	109	5	41	110	74	9	84	45	49	55	97	44	70	42	61	46	108	67	119	89	16	67	19	52	66	20	105	48	76	96	34	119	5	95	93	43	2	119	25	110	40	55	4	26	31	32	22	83	37	51	52	32	33	57	82	27	86	68	110	73	106	74	35	116	74	16	73	2	62	63	5	10	17	88	46	119	18	21	95	70	44	73	101	66	118	105	19	115	119	58	40	17	37	39	117	22	1	80	89	95	28	78	17	94	83	27	51	71	45	31	99	66	28	51	103	61	109	11	9	37	67	31	38	27	19	7	38	55	35	69	30	93	107	97	113	36	53	1	76	79	28	2	115	59	34	106	14	34	34	99	85	81	61	82	94	31	59	115	93	71	55	45	34	37	85	110	103	24	75	75	83	11	10	80	66	75	97	67	50	21	105	88	114	10	19	90	13	46	49	70	68	77	75	37	89	94	91	50	99	46	24	81	37	67	74	18	16	40	80	14	110	118	16	55	96	58	51	53	14	71	42	103	48	95	58	108	65	45	8	37	1	26	60	83	54	37	28	82	32	27	117	6	39	48	44	118	70	61	58	6	66	106	110	15	68	92	97	85	24	82	1	71	24	15	22	78	10	14	119	10	39	50	15	92	62	6	36	61	76	73	70	115	19	63	57	44	50	22	83	68	110	35	16	66	108	44	102	33	81	116	50	30	90	74	64	99	28	53	17	45	6	116	94	10	45	18	59	92	15	10	94	73	103	61	105	105	1	84	99	32	58	80	80	110	71	51	29	54	68	86	31	97	61	40	71	46	117	37	66	41	96	85	101	63	73	26	30	75	116	38	118	111	19	58	36	70	22	59	11	54	88	37	7	94	106	96	48	86	80	72	115	33	60	25	56	69	72	69	69	19	31	93	6	32	86	14	64	117	48	57	64	103	59	36	59	12	60	76	7	44	25	89	40	12	15	80	44	90	81	22	10	84	91	119	96	119	116	71	19	111	95	35	118	98	11	73	114	29	78	117	82	11	88	109	7	31	84	37	104	29	79	9	62	107	94	23	74	85	81	51	96	71	36	88	103	19	55	5	76	69	21	31	62	59	8	79	23	77	102	66	74	62	47	11	108	99	53	99	95	104	81	36	99	87	13	78	37	86	62	86	40	47	67	65	31	82	72	60	74	64	2	29	14	76	2	61	40	91	22	37	68	98	34	87	116	82	78	78	8	110	37	48	88	32	84	9	101	63	64	17	21	60	12	47	84	89	72	51	72	101	74	19	51	35	82	81	111	51	40	110	62	86	119	32	44	55	93	87	46	47	32	42	31	86	28	63	42	105	27	66	36	84	87	53	53	42	72	69	117	22	30	90	102	4	70	59	63	26	81	108	36	117	0	98	85	57	22	58	87	42	4	39	51	103	108	46	68	75	14	100	30	23	56	5	96	84	19	1	47	15	35	45	94	14	51	111	62	15	104	83	28	1	105	32	26	85	85	116	100	9	35	25	41	38	78	16	60	41	71	116	55	75	17	11	71	103	119	54	8	115	96	101	105	71	15	113	44	62	60	60	9	63	16	34	24	47	99	118	63	69	26	54	43	111	63	113	30	72	56	36	65	22	72	90	94	81	7	47	81	43	15	90	94	20	47	95	73	47	92	20	106	66	3	56	56	20	94	19	90	48	118	83	61	99	14	68	67	83	64	10	111	59	75	116	93	117	19	37	5	33	10	104	19	11	47	91	39	105	10	46	28	62	22	85	27	106	86	7	33	11	56	35	14	69	78	43	83	25	81	34	50	2	93	94	94	103	75	12	115	37	34	48	64	95	103	39	49	17	64	26	59	71	10	28	93	96	70	102	3	79	28	42	59	111	0	6	44	102	100	73	23	83	82	29	69	87	114	111	26	24	33	96	72	75	87	86	24	34	52	6	96	84	58	98	95	10	116	112	29	16	48	71	27	37	118	109	101	94	89	90	108	38	21	82	109	2	99	78	113	59	4	39	85	6	105	32	93	119	23	48	79	24	63	24	110	8	9	118	15	17	53	85	19	22	95	98	79	44	17	17	58	26	42	27	24	40	40	41	53	46	95	77	32	105	49	101	12	75	1	79	106	100	5	32	95	104	10	12	32	53	46	56	117	0	46	93	28	47	75	106	72	69	68	91	10	89	37	107	116	81	22	40	69	106	50	14	8	45	2	101	116	19	76	28	116	97	65	16	2	38	94	96	103	93	65	43	0	92	40	54	114	4	84	37	69	43	34	13	67	7	34	22	95	52	103	4	45	62	113	41	48	21	6	5	51	52	82	91	94	96	72	36	107	61	117	96	110	37	18	100	39	114	94	43	5	8	15	27	82	13	79	99	74	14	38	29	111	58	30	53	95	60	31	102	0	57	5	98	37	79	86	55	56	34	87	64	98	119	52	75	24	93	72	31	67	85	68	22	25	38	28	79	98	74	37	36	117	44	34	70	44	43	76	22	97	35	40	2	118	69	49	103	62	4	90	45	89	41	36	56	29	47	22	
115	118	106	102	7	8	11	87	75	97	110	98	43	23	1	11	38	13	17	32	55	10	105	70	36	90	0	18	58	90	59	80	46	112	77	21	109	31	14	80	108	62	64	52	112	80	90	6	85	76	97	101	2	6	72	43	18	59	23	40	51	56	80	7	18	11	90	118	100	23	49	73	22	75	35	103	45	43	84	82	22	44	114	2	109	19	17	106	81	61	70	63	77	103	79	96	87	31	48	72	45	89	110	4	106	1	39	50	51	14	119	39	39	4	76	16	90	41	58	57	65	80	30	0	80	87	62	17	93	44	70	42	14	83	108	16	94	57	76	55	67	91	83	37	82	62	103	71	8	31	92	57	33	108	32	17	4	96	47	60	109	18	54	70	80	110	35	37	35	105	50	29	43	8	104	108	101	65	99	79	54	111	8	19	59	105	98	28	49	10	24	15	69	57	119	67	67	18	27	107	10	114	81	20	53	111	78	53	50	12	64	80	54	8	52	109	86	71	102	71	39	29	11	52	54	17	40	80	47	40	91	25	81	77	57	68	47	14	5	38	0	105	7	115	87	58	113	8	66	85	50	68	46	25	30	89	8	3	67	23	85	30	5	65	73	88	114	85	83	63	13	96	6	94	62	102	97	4	87	117	71	21	87	57	14	94	67	32	3	109	95	63	19	85	8	26	75	5	11	111	119	112	118	35	38	69	110	74	35	72	95	98	53	94	102	79	23	92	32	56	103	72	115	111	34	69	116	76	21	42	14	74	109	27	97	119	30	21	55	87	87	117	31	16	67	40	85	47	9	115	47	72	28	4	33	97	82	71	96	15	104	72	114	6	115	14	60	44	56	45	9	53	84	115	24	7	83	83	70	15	44	35	118	2	82	113	96	52	107	89	70	107	29	64	95	75	83	43	98	81	87	42	11	69	89	14	64	94	112	33	65	55	37	107	97	103	96	94	7	65	114	59	53	53	20	58	68	107	8	45	77	118	30	100	73	46	79	1	8	92	77	36	100	97	0	103	86	15	33	35	79	93	90	16	0	13	75	112	65	113	13	11	93	88	66	51	83	93	66	105	37	7	14	101	52	89	112	40	25	107	16	13	84	6	87	66	72	115	63	11	78	10	88	103	70	84	41	76	110	38	71	31	34	95	40	16	40	10	106	1	68	101	48	65	92	108	112	100	76	6	88	55	82	62	115	71	66	90	40	10	74	103	106	68	110	65	16	74	68	39	45	18	41	44	88	96	65	38	4	9	25	57	48	58	23	91	8	57	63	34	56	98	15	104	63	66	36	77	96	38	66	101	42	4	116	4	32	45	5	94	31	60	108	18	25	107	115	98	23	26	107	14	66	107	76	8	11	13	111	57	35	107	6	26	35	36	1	11	12	60	106	14	87	1	81	84	29	69	72	86	7	74	15	60	93	8	16	15	74	80	11	66	38	3	17	76	49	107	20	39	14	103	117	92	108	10	52	35	22	108	74	118	67	31	97	22	5	90	89	12	14	72	75	88	117	17	66	4	36	62	20	0	100	0	12	103	31	41	11	8	36	48	113	84	117	96	103	38	67	65	39	13	111	77	65	10	57	99	23	56	44	102	113	38	83	41	22	119	50	17	80	95	82	95	69	83	103	10	2	102	43	99	82	116	92	118	115	109	37	34	11	68	57	10	107	114	20	56	38	78	74	96	17	103	21	34	39	31	18	86	15	46	91	23	1	47	114	109	29	50	73	28	109	103	57	80	56	90	19	114	59	36	15	19	104	98	32	64	57	108	64	76	9	85	73	66	74	68	89	20	7	113	34	54	73	84	22	34	17	20	75	61	96	29	13	9	32	23	28	43	31	17	27	84	8	67	17	57	40	106	30	114	5	33	104	98	45	101	71	69	47	87	42	92	3	59	69	84	19	114	114	60	10	11	20	49	23	79	9	85	70	10	95	21	96	94	106	40	105	83	37	7	11	39	112	95	52	72	26	82	74	28	9	36	52	16	38	47	99	103	66	68	5	50	73	48	89	25	1	90	58	3	96	11	76	65	63	63	77	5	79	85	50	77	77	98	79	107	95	70	99	3	36	95	109	96	119	101	47	77	0	114	29	60	106	48	104	112	28	109	50	38	11	106	119	56	11	89	85	117	75	31	12	3	51	46	41	30	78	98	91	75	37	31	24	48	86	98	44	3	86	32	85	88	21	13	90	99	98	83	32	100	84	61	34	106	87	22	95	9	92	44	54	75	76	42	10	113	85	85	65	80	36	80	16	53	21	82	56	13	104	36	97	13	29	27	45	113	48	18	98	37	37	104	101	43	25	30	8	40	78	93	88	105	28	92	92	113	78	76	48	116	113	15	41	76	41	118	77	43	98	54	23	34	88	46	69	8	1	106	38	51	109	11	74	108	9	48	2	95	2	87	84	88	63	90	49	65	52	40	56	93	14	111	46	35	48	98	82	114	102	97	85	63	42	91	61	118	105	110	56	43	118	27	75	47	76	52	80	25	7	105	111	97	76	69	86	18	49	17	58	72	55	32	108	52	61	80	29	18	9	61	41	36	75	100	70	15	95	69	87	5	80	4	112	46	9	60	35	16	7	11	69	63	83	8	43	15	71	30	37	55	11	2	80	81	70	23	43	46	46	3	83	58	86	60	59	62	79	20	108	87	10	24	48	90	43	108	71	25	77	81	112	86	12	6	109	40	49	36	24	69	109	70	97	107	28	22	13	68	78	22	8	16	94	23	92	51	51	116	71	47	32	78	111	100	22	74	113	21	12	76	26	15	40	89	61	1	71	32	41	55	91	71	22	76	24	63	36	99	14	57	15	46	5	73	80	80	10	72	96	81	92	99	65	87	17	87	2	62	43	26	107	116	86	19	50	102	19	27	24	75	53	17	105	42	5	65	111	99	83	17	94	9	30	116	1	57	96	27	63	90	114	66	33	24	32	12	107	41	65	105	0	8	31	96	21	90	80	115	11	27	85	20	106	115	15	95	82	1	105	41	95	111	45	116	34	118	31	101	86	20	15	62	42	106	49	109	89	94	109	41	111	50	29	46	35	4	97	51	90	3	21	28	98	6	69	90	91	36	88	76	14	6	101	83	69	111	109	65	32	117	51	104	64	86	44	12	83	76	93	85	27	43	61	76	58	103	58	80	21	99	17	57	42	117	67	97	69	7	5	63	109	119	16	41	41	49	8	73	27	57	67	52	2	63	102	49	115	30	41	76	112	36	1	2	80	37	96	72	20	89	78	77	83	30	5	66	30	8	92	13	22	110	114	96	97	109	46	46	42	91	76	76	79	21	54	21	50	4	71	82	100	9	63	67	69	57	79	54	1	10	58	48	49	81	69	90	65	15	6	10	108	5	51	89	116	12	115	110	11	42	58	13	108	11	55	53	5	22	16	113	49	36	26	8	93	85	70	57	74	32	77	28	10	107	45	2	48	62	72	106	64	62	83	17	41	15	79	0	10	76	98	97	64	78	95	93	101	30	68	34	83	19	26	25	80	103	28	44	117	11	26	52	2	48	93	96	31	12	75	35	56	78	23	62	0	85	76	68	13	9	38	115	66	40	25	82	82	25	55	65	37	38	95	85	16	11	107	109	37	25	7	44	104	70	63	41	76	94	8	81	17	0	87	23	42	111	33	58	60	9	99	115	78	7	96	113	18	26	55	14	85	19	36	41	103	23	47	6	106	61	52	114	61	104	57	51	109	4	29	59	92	35	83	5	12	23	15	33	62	49	57	26	92	28	89	90	76	14	93	103	109	29	83	72	83	16	30	19	107	56	21	30	59	105	10	62	118	70	75	51	10	62	24	3	86	118	111	72	44	95	118	11	49	37	62	55	50	7	117	8	12	35	21	109	29	25	100	110	68	64	111	4	22	24	18	41	104	66	119	117	109	65	23	46	82	112	31	115	30	2	17	63	53	29	30	66	54	65	101	57	75	46	7	106	41	16	53	106	72	51	108	63	73	94	112	25	8	116	70	94	94	50	107	5	35	34	77	65	59	49	97	91	90	82	89	67	82	94	32	89	32	76	79	20	20	65	114	83	83	105	79	78	56	43	28	119	86	41	93	4	85	61	109	10	4	86	63	25	31	48	89	67	17	12	109	22	107	29	117	46	78	38	24	56	42	50	16	29	114	109	21	33	114	45	55	4	101	60	53	80	103	40	108	64	44	77	66	39	78	101	85	26	56	72	2	70	74	34	16	22	113	40	86	20	80	53	90	14	104	56	92	7	11	77	53	0	22	45	74	102	36	80	30	116	63	13	15	12	77	53	83	33	99	53	47	2	93	69	9	115	24	115	89	113	37	19	107	51	31	59	2	25	47	84	77	69	84	5	63	97	11	18	80	51	1	107	63	48	83	10	9	60	10	101	40	85	81	85	43	105	93	47	101	112	57	96	100	5	37	77	67	94	70	27	102	98	23	48	56	79	41	49	117	42	89	114	40	67	2	92	112	42	104	71	100	10	16	2	86	7	35	8	53	107	52	27	35	92	16	88	17	49	69	33	27	114	20	90	10	103	19	53	28	107	69	10	107	10	90	75	43	51	5	115	34	42	37	70	107	52	108	88	108	81	26	50	33	19	50	72	96	55	85	111	17	54	47	58	3	45	12	53	22	53	119	110	56	37	78	41	66	27	22	44	104	94	107	82	102	108	76	40	38	107	9	108	80	7	77	106	62	24	34	67	39	66	103	81	61	114	56	104	23	34	102	78	22	6	36	81	39	48	57	107	118	70	77	17	55	56	99	60	3	100	27	59	62	7	63	49	76	110	16	77	22	113	113	42	88	78	87	50	90	96	2	38	45	15	15	114	42	46	72	47	13	83	84	48	50	19	72	58	5	75	118	95	47	70	48	102	31	43	71	19	21	44	71	84	45	48	61	110	74	17	54	98	19	57	9	0	19	77	89	96	116	85	11	74	45	102	34	91	73	65	32	94	111	19	44	44	34	30	30	31	101	59	95	74	77	41	110	61	32	24	0	44	65	100	0	52	109	108	37	115	77	80	16	68	79	8	22	25	48	48	119	88	46	32	114	115	5	107	112	119	45	67	88	69	45	40	51	2	0	86	66	42	34	102	34	3	9	28	27	86	36	47	50	6	59	80	117	107	89	47	116	9	52	33	92	98	91	115	17	87	99	111	59	24	29	8	113	43	105	50	47	91	105	51	40	37	16	33	89	87	97	16	24	70	34	95	9	110	40	66	49	117	48	51	78	63	47	51	21	82	106	24	93	76	41	64	71	87	66	56	37	119	18	32	81	54	69	47	14	117	76	54	37	105	46	46	69	108	51	67	55	26	62	114	91	103	118	66	42	17	97	83	18	34	112	105	15	27	16	56	88	56	79	82	109	9	92	79	49	94	58	104	22	7	23	57	109	67	53	23	63	75	29	56	50	15	59	104	43	88	116	39	33	116	48	75	50	41	79	119	95	18	37	27	85	50	53	27	56	35	71	75	115	112	40	62	59	8	53	50	2	86	78	41	75	111	72	30	53	78	27	0	4	98	116	39	48	100	31	112	23	11	96	110	53	32	108	83	20	102	92	43	47	94	100	64	77	100	29	29	104	61	28	67	79	57	36	23	7	9	16	89	83	1	82	58	94	38	52	95	4	108	19	71	35	28	48	55	80	43	119	30	105	4	118	6	44	119	99	29	53	39	7	53	89	6	33	12	14	14	14	3	36	0	42	60	69	6	98	27	34	11	73	56	88	97	90	52	28	34	41	119	115	68	82	45	50	65	104	19	102	17	99	56	16	15	105	111	69	89	33	99	115	60	82	42	8	50	2	42	111	82	118	16	86	81	5	58	63	102	79	76	8	70	15	21	83	46	98	82	20	28	59	110	88	46	7	57	114	30	14	6	43	17	86	104	102	116	7	119	67	74	61	33	100	78	16	75	89	9	59	38	68	57	50	42	31	92	117	58	33	71	28	86	55	26	63	82	78	56	97	54	47	37	9	73	28	118	107	8	6	39	20	31	78	104	70	102	112	11	42	53	88	52	63	104	10	52	98	56	69	22	7	106	4	50	113	82	1	48	89	85	44	33	82	27	39	37	66	19	79	109	68	36	49	35	101	9	36	92	29	85	101	1	42	68	50	20	94	113	81	23	115	110	17	116	88	58	112	10	109	86	107	77	78	91	61	38	47	65	45	5	26	0	71	84	39	30	113	39	90	110	67	42	118	23	35	110	98	118	47	6	56	79	111	85	76	53	38	2	59	64	10	27	63	26	43	61	99	18	100	18	76	99	24	69	31	101	64	61	108	39	72	28	67	85	116	71	97	24	20	3	27	53	29	65	56	92	64	61	109	90	35	77	81	36	28	49	14	31	65	44	63	100	67	46	78	83	4	28	116	26	75	53	104	24	8	4	49	55	62	110	100	58	103	27	61	99	67	61	72	26	38	57	70	62	68	40	2	98	93	35	8	81	115	61	97	53	62	106	104	46	92	51	81	68	18	28	8	28	60	24	17	49	97	113	19	72	103	16	42	90	117	63	101	64	60	97	114	40	23	47	66	60	87	82	83	114	24	49	46	45	84	68	43	5	60	29	36	54	92	59	83	8	54	91	88	50	82	112	34	64	14	90	6	32	65	93	60	32	109	12	38	32	7	62	56	24	54	119	4	106	33	48	83	48	72	88	22	3	50	3	5	58	23	49	113	33	18	39	100	30	63	107	53	100	119	74	31	53	29	97	74	19	25	19	1	38	74	117	102	87	54	78	47	17	95	15	16	33	39	62	11	111	86	12	86	1	43	61	41	77	119	65	119	64	75	36	50	2	30	44	62	17	116	105	18	51	59	26	12	72	33	116	51	26	87	17	55	103	36	113	19	105	26	104	12	51	15	79	31	32	57	58	51	104	104	32	11	75	61	56	10	11	38	106	112	108	3	14	19	81	82	47	61	16	108	56	106	111	92	118	26	104	31	111	61	10	69	43	92	71	98	24	95	74	53	3	78	35	30	32	116	100	11	109	21	106	22	62	23	17	24	15	46	76	0	94	76	6	34	77	30	75	14	80	33	71	58	23	107	1	25	119	32	46	81	89	77	85	76	1	47	103	47	28	15	80	25	96	74	108	114	86	91	74	18	95	9	62	42	29	71	62	44	81	67	38	87	77	97	83	28	40	91	76	33	10	68	95	98	86	40	74	12	71	35	82	84	67	10	101	55	22	101	23	78	51	114	65	89	6	105	109	61	15	0	7	23	54	67	87	111	99	51	108	113	86	116	75	119	60	62	85	93	111	55	92	75	20	112	118	3	100	100	23	14	105	24	25	16	119	32	106	91	21	108	118	64	69	57	62	9	44	116	4	103	67	4	64	60	14	114	99	85	75	13	72	117	101	25	7	91	57	75	10	44	62	22	32	41	58	10	19	68	2	83	55	37	58	40	57	39	26	70	110	118	108	98	45	2	90	51	9	68	68	58	27	56	13	101	75	107	79	23	107	7	112	15	3	73	101	74	89	25	14	93	86	27	24	32	92	23	108	46	30	61	86	11	98	97	115	31	66	81	1	10	26	86	85	21	107	79	64	58	33	115	58	49	93	75	24	119	116	102	10	88	10	14	108	41	90	71	107	98	49	40	64	32	62	58	25	4	42	32	14	36	44	93	85	101	26	98	95	59	42	7	45	20	7	2	34	36	28	114	108	1	105	72	87	44	66	75	80	93	15	71	105	19	62	112	106	70	57	114	47	60	77	5	39	16	21	65	42	29	86	109	85	63	23	77	54	116	115	93	9	24	104	51	12	118	102	106	58	72	16	2	3	102	102	84	20	28	37	111	31	51	20	19	79	73	40	12	97	64	7	28	90	107	111	82	14	76	53	17	42	50	36	114	31	95	48	90	82	89	93	81	70	23	114	54	19	95	11	5	115	5	38	59	12	111	69	77	114	44	33	65	118	56	101	88	33	15	48	17	101	64	52	14	95	65	73	31	25	73	22	10	78	114	79	96	14	20	35	71	105	55	59	44	1	31	43	3	93	86	68	22	93	25	54	57	7	9	81	52	3	115	87	84	64	10	95	115	53	38	18	80	63	20	32	62	60	99	75	55	56	15	18	17	105	46	15	39	71	13	56	100	67	79	72	66	75	4	24	98	51	116	65	108	116	111	106	14	67	43	112	31	108	88	73	7	15	118	119	73	74	13	47	88	33	86	72	35	19	30	56	21	56	0	6	56	5	59	3	19	114	41	3	108	99	70	68	74	95	83	64	35	92	43	78	105	77	12	20	2	25	99	62	3	11	84	57	1	25	35	84	12	58	94	57	83	13	8	45	94	53	51	75	105	21	109	76	65	33	52	26	66	31	11	108	79	46	39	78	4	55	79	21	48	29	106	117	72	3	1	42	19	99	88	111	29	32	14	96	112	3	84	61	29	90	97	116	11	102	42	98	48	36	12	64	0	34	60	3	31	71	101	3	118	20	98	105	82	30	38	88	55	13	2	51	96	28	0	101	73	99	22	81	40	103	114	95	80	105	13	7	86	80	16	114	98	87	69	67	74	40	76	26	97	44	83	83	56	66	5	116	23	3	111	23	65	6	25	112	30	82	56	17	42	75	64	34	5	66	43	116	46	110	98	22	55	97	43	71	107	39	104	13	21	12	24	87	102	33	82	78	106	77	28	106	66	34	107	27	116	63	72	1	53	32	98	113	46	6	61	18	97	5	93	68	63	74	4	64	0	35	9	29	98	6	23	33	79	73	5	0	38	65	38	108	36	9	77	65	95	74	59	113	34	95	72	37	21	43	93	10	27	85	37	109	79	9	106	77	66	80	29	117	66	62	43	65	13	87	117	39	19	0	5	17	9	66	76	63	93	31	76	79	98	25	87	78	19	57	43	97	59	47	84	63	88	72	116	53	81	6	5	92	36	97	58	78	6	90	115	0	7	79	67	39	9	17	65	51	14	32	78	92	11	100	40	96	63	29	59	48	28	37	101	105	87	85	23	19	32	27	1	46	81	0	35	74	64	29	107	45	54	116	110	40	12	16	37	71	16	27	36	10	22	40	81	9	33	3	97	4	92	15	116	56	36	3	54	94	42	41	2	70	53	87	89	61	75	85	98	47	33	23	107	46	95	71	92	33	22	73	110	42	45	78	107	1	57	92	76	39	67	55	100	36	28	27	75	118	17	85	51	64	82	82	74	65	36	112	109	109	5	16	14	119	5	46	108	56	18	111	87	8	117	99	119	3	72	67	77	51	97	62	109	79	24	76	68	89	7	43	56	57	88	100	113	19	92	59	114	94	50	80	83	47	14	6	43	55	50	74	41	52	49	105	23	38	19	76	23	79	45	15	64	8	61	41	79	57	75	69	5	67	49	35	11	1	89	76	27	21	101	75	93	72	86	3	50	93	19	93	83	1	26	108	4	65	116	91	44	104	13	26	109	45	59	79	55	98	66	97	2	4	107	63	1	91	23	107	99	119	105	0	84	98	21	82	89	85	97	61	111	72	22	75	64	109	109	84	74	26	114	35	65	104	52	37	40	118	80	15	107	24	1	50	101	18	33	36	66	71	112	53	107	15	58	116	50	46	98	66	70	91	90	51	21	65	40	10	1	37	81	94	97	69	48	61	95	85	69	59	51	28	10	118	103	73	74	16	91	20	69	51	74	24	85	1	87	26	69	84	69	52	119	60	55	61	58	88	30	116	91	62	44	17	51	3	43	10	21	54	17	64	57	74	74	11	45	21	54	64	72	4	2	117	93	34	73	112	39	69	102	16	116	2	16	38	64	39	79	15	13	51	2	63	14	58	78	53	37	79	55	79	33	116	67	69	91	9	36	17	55	66	53	33	59	90	114	34	55	97	94	51	17	79	10	76	59	17	106	46	107	94	38	104	116	23	48	74	96	65	47	40	68	111	22	88	98	3	87	8	18	2	37	21	43	14	74	104	69	51	91	100	29	80	34	110	64	0	99	27	103	37	34	8	85	1	107	32	46	80	76	6	66	2	89	116	26	77	1	12	28	13	18	91	22	6	66	100	18	40	76	118	84	48	54	22	83	63	102	91	89	66	55	74	58	11	29	85	49	86	13	115	97	75	91	5	28	100	115	63	109	3	108	52	69	97	64	77	92	55	42	66	41	105	101	42	116	83	2	81	63	63	44	18	49	10	8	52	21	118	80	7	85	80	74	106	20	78	54	109	62	80	94	43	29	73	70	45	54	37	101	110	38	11	13	73	53	82	19	83	70	106	84	26	53	3	44	47	55	41	2	11	90	103	10	62	52	32	68	97	58	42	68	28	97	2	103	18	45	86	83	87	19	8	119	17	48	78	96	22	74	48	44	34	51	13	110	82	119	54	31	67	87	14	65	44	53	16	114	64	61	63	54	26	37	13	58	18	49	109	73	74	75	70	70	77	91	87	14	42	92	37	1	75	4	44	43	112	68	76	11	119	95	90	71	104	90	60	106	53	73	107	23	45	7	87	39	80	78	20	4	114	50	45	49	44	37	55	18	109	92	118	23	39	86	22	100	1	86	40	4	20	32	79	118	63	71	29	20	53	49	36	65	28	78	60	80	58	46	106	5	92	24	47	115	24	57	22	7	36	111	42	86	35	31	41	85	15	103	16	54	21	34	20	15	85	72	10	107	23	57	56	71	10	22	55	108	43	27	55	109	81	2	49	80	101	51	46	27	94	43	56	96	65	49	25	105	80	12	22	110	104	12	50	40	37	52	111	110	0	108	69	11	21	47	17	81	104	41	107	55	43	17	57	38	15	99	69	110	95	32	18	101	43	113	90	39	7	7	91	109	45	11	17	4	36	2	52	118	32	21	40	28	64	113	83	118	101	73	38	83	80	83	108	26	12	101	90	94	8	40	63	29	72	31	20	65	71	41	84	3	92	112	109	52	63	16	52	112	98	52	31	14	119	99	111	33	98	61	52	116	82	95	100	20	36	22	4	71	48	18	6	20	108	59	15	59	116	22	67	28	87	2	112	51	52	31	90	47	7	98	85	91	23	97	104	119	11	1	17	86	82	113	93	24	90	13	24	68	47	31	95	33	69	31	96	113	53	119	17	7	37	10	111	119	6	113	9	90	91	0	72	60	114	17	93	85	51	20	25	108	61	86	10	76	97	1	0	119	30	93	110	78	113	23	6	70	13	61	63	81	27	116	85	119	38	1	108	78	23	68	22	52	36	99	28	72	14	60	20	43	28	33	22	93	13	118	19	52	15	96	53	105	71	49	5	100	83	52	54	70	117	42	90	105	100	99	8	98	99	52	64	55	108	24	90	82	56	37	107	81	69	25	111	58	15	51	89	97	80	21	95	101	77	1	96	104	89	65	101	41	88	48	78	117	74	109	29	26	56	1	82	93	24	38	31	103	91	42	26	93	14	90	17	60	106	14	94	64	69	77	78	12	32	23	68	38	91	105	52	23	110	86	84	119	106	50	35	71	73	109	105	94	33	104	54	103	13	63	3	59	67	100	103	45	115	104	105	29	117	48	9	113	80	9	3	59	25	80	10	27	52	66	57	18	44	86	42	2	118	108	40	112	78	113	59	17	27	86	1	98	74	102	53	73	56	8	48	63	52	5	93	111	91	82	8	94	37	107	74	96	53	70	114	83	112	53	12	83	8	64	55	84	47	13	31	91	42	20	118	12	65	79	64	45	103	79	38	90	15	70	47	38	0	39	32	51	53	48	115	97	16	64	3	101	118	13	79	49	26	52	61	25	90	18	88	20	81	75	59	60	34	26	98	42	99	47	104	81	108	92	66	38	80	66	57	71	78	65	61	0	22	67	106	89	70	108	71	29	69	74	106	41	5	65	60	44	97	105	100	14	78	44	16	32	61	1	13	102	92	117	12	40	21	52	117	24	102	28	97	28	52	11	115	10	74	38	101	67	11	89	48	114	77	110	5	102	38	0	47	71	19	100	5	28	91	11	62	118	64	33	100	72	39	42	6	101	39	111	32	6	3	62	4	50	106	95	87	8	109	41	11	92	63	89	105	91	106	10	10	5	59	11	32	88	109	46	2	66	106	119	74	108	74	0	26	74	78	11	33	22	56	62	33	24	4	63	53	99	116	46	10	110	89	36	94	40	42	86	90	4	17	11	54	117	7	68	17	39	73	67	1	85	5	86	35	60	113	9	1	66	1	24	63	40	62	111	28	101	118	36	35	58	98	42	46	49	112	30	66	101	102	99	15	48	111	11	115	79	107	86	100	95	97	62	109	44	26	10	110	60	82	34	66	80	68	35	26	21	47	111	45	106	72	40	94	1	61	98	25	37	65	76	78	73	107	81	33	61	3	29	66	0	86	46	68	112	87	106	26	10	61	104	46	70	55	80	55	104	68	29	108	93	78	72	13	67	44	87	28	110	63	75	2	17	45	13	16	77	21	13	66	110	53	118	104	32	4	117	43	24	65	113	95	55	38	1	108	54	91	49	55	75	83	14	69	4	53	59	117	29	87	59	106	20	94	30	45	31	29	95	74	2	10	81	55	48	15	51	18	88	90	68	21	101	34	100	105	42	24	66	89	76	72	119	76	67	45	46	103	57	43	117	14	31	39	80	2	87	107	19	23	118	98	76	81	92	62	22	84	62	15	14	71	97	71	84	108	10	91	58	61	17	21	77	35	0	29	28	33	84	91	78	103	109	65	56	66	44	116	100	22	7	97	33	85	34	54	65	17	6	35	63	59	84	99	51	82	84	69	94	114	24	35	73	108	27	21	114	52	82	31	98	78	13	98	33	52	41	39	74	112	2	83	63	21	85	29	58	8	110	61	27	3	95	117	9	30	63	24	95	42	74	97	57	13	68	58	65	113	83	27	30	44	101	53	52	2	82	44	97	70	7	82	60	8	23	31	43	47	10	115	91	84	72	15	78	42	51	108	50	63	74	39	64	46	1	61	41	46	4	48	95	83	104	97	61	46	13	90	63	13	18	81	9	115	46	45	44	82	84	58	118	37	3	67	20	82	30	87	70	49	101	9	25	72	58	65	78	11	54	72	78	16	25	71	99	26	47	23	90	16	94	6	40	99	12	69	14	80	111	93	102	14	88	113	94	0	77	40	4	24	53	89	73	51	103	11	71	30	39	114	95	18	91	11	24	47	23	39	47	62	42	101	55	25	73	104	93	35	16	38	72	80	47	116	48	9	102	50	117	91	101	71	107	73	47	93	70	85	56	21	103	0	67	41	83	115	32	102	1	48	105	91	81	74	37	64	88	65	111	31	97	50	111	5	15	13	99	112	35	64	91	27	52	22	76	95	115	13	23	44	103	69	1	3	97	81	93	88	56	52	32	39	117	28	24	51	3	13	74	1	22	66	26	56	92	36	16	108	53	5	74	71	9	23	23	66	36	66	32	49	71	63	62	6	19	85	60	75	7	39	33	46	23	9	101	64	20	8	31	119	40	85	11	8	38	88	28	18	51	55	4	4	18	76	77	34	25	93	24	32	78	59	91	84	48	27	38	110	74	37	23	69	11	119	16	95	4	82	51	78	116	1	87	47	7	69	30	119	89	9	107	12	39	64	12	100	36	55	29	64	59	52	44	100	18	52	84	61	29	59	3	114	104	113	112	81	0	92	103	44	89	63	70	0	117	16	89	45	11	87	12	94	115	15	97	58	107	4	73	56	37	37	62	114	69	114	108	64	96	56	93	61	62	82	113	41	117	54	114	36	27	80	31	7	15	21	87	118	102	10	55	107	37	15	111	77	78	25	88	25	5	112	101	42	76	34	58	8	10	51	37	51	40	117	95	12	32	91	29	77	87	12	118	4	106	110	67	102	49	39	12	11	71	32	22	39	88	55	113	47	6	71	76	20	65	40	91	106	116	73	13	86	67	37	23	60	59	61	111	64	2	69	8	109	99	99	70	86	101	45	38	31	118	1	44	95	116	105	29	64	43	64	110	69	39	45	80	6	43	64	67	74	39	75	76	9	0	44	20	98	114	101	104	84	14	13	13	12	101	33	74	90	4	112	21	98	61	96	41	42	96	41	87	104	10	85	38	118	35	96	46	85	13	62	14	57	63	81	86	114	99	101	19	85	44	24	8	102	20	117	109	116	73	62	87	91	103	103	112	67	8	72	101	59	49	2	111	55	66	2	65	6	82	80	12	59	85	18	98	47	117	99	8	104	90	42	19	95	69	27	40	67	66	24	7	3	25	69	112	74	55	91	11	96	89	114	0	56	83	52	34	98	63	98	39	93	0	13	57	119	113	52	115	4	41	10	74	102	68	112	109	26	98	65	68	8	69	4	17	42	59	9	63	50	86	55	74	12	69	42	19	66	49	30	116	26	46	6	91	62	73	98	41	25	116	53	100	82	79	14	40	72	102	13	30	14	102	81	12	105	4	81	113	71	71	117	93	105	60	40	86	72	34	20	59	80	3	35	42	8	24	88	116	101	94	24	93	28	77	113	92	52	38	37	58	63	104	19	55	27	93	20	80	48	12	29	10	44	59	74	17	26	49	93	36	58	17	103	76	34	24	25	92	60	50	91	81	6	3	63	49	98	
8	17	6	18	9	1	6	10	13	13	13	11	12	7	4	18	14	15	15	3	14	6	12	5	12	6	11	11	9	2	6	19	18	10	6	2	8	12	19	16	9	19	14	20	20	11	10	1	15	14	5	17	20	20	7	1	6	18	15	6	20	6	18	12	6	19	2	14	8	9	16	15	9	2	20	5	17	5	12	9	5	2	16	15	10	19	6	2	13	20	15	13	8	2	15	19	2	2	12	3	17	6	14	14	3	2	7	7	15	8	8	18	12	11	1	3	6	3	3	20	5	2	8	2	8	15	1	6	3	18	7	5	15	4	9	11	1	15	19	10	3	11	8	8	4	18	14	16	14	15	13	3	10	6	19	4	14	5	20	10	2	7	14	8	2	8	2	13	13	1	20	15	19	20	10	3	1	9	20	5	8	5	20	12	9	2	2	11	5	4	8	20	5	4	7	8	18	16	11	3	17	20	6	16	4	5	8	10	14	17	15	4	14	8	8	9	20	7	3	19	16	16	9	10	13	11	20	13	3	1	17	15	15	8	1	10	6	8	16	7	13	6	11	11	13	4	12	3	12	10	4	11	13	13	7	2	7	19	7	19	5	16	9	12	14	5	9	6	17	12	8	13	5	9	16	12	6	17	6	10	17	1	10	9	11	15	18	6	13	20	15	14	16	11	17	2	5	3	5	18	6	16	10	4	2	4	2	17	19	15	17	10	3	6	18	20	10	6	14	16	4	5	15	14	12	12	18	20	6	6	3	15	19	6	4	4	4	16	14	20	6	14	17	7	10	15	18	8	1	7	11	14	9	20	13	7	13	9	4	16	19	2	18	6	1	1	8	5	7	17	6	19	1	5	1	10	18	10	20	1	14	20	5	9	6	12	16	9	11	11	16	5	2	7	6	5	16	4	1	12	15	2	11	8	11	16	4	15	9	13	2	17	14	14	17	1	15	12	14	12	16	20	11	4	19	15	16	1	13	14	10	17	19	18	18	9	1	20	18	1	9	17	10	6	20	14	3	6	19	8	7	6	14	5	13	18	19	12	20	4	11	3	8	4	19	19	19	11	16	9	1	7	18	15	7	9	11	20	14	9	4	10	16	5	5	19	12	9	9	18	6	16	13	12	18	9	5	12	18	19	10	10	19	12	14	7	12	16	2	8	13	4	14	10	15	14	9	18	20	10	1	17	15	2	18	20	15	18	3	4	12	20	2	10	19	20	8	11	18	20	9	3	16	16	11	1	20	13	3	12	6	9	14	15	3	9	12	2	9	1	11	1	15	6	7	10	20	2	7	7	20	9	10	7	20	13	17	10	2	14	9	8	15	19	13	10	19	18	9	4	6	8	16	11	5	18	2	12	14	16	3	16	9	7	2	4	8	18	10	18	19	4	13	1	20	18	20	16	3	2	16	15	17	13	10	11	19	8	14	5	11	3	3	15	10	20	16	20	8	7	12	11	14	14	14	8	5	18	16	12	11	7	3	4	17	11	20	1	19	3	4	16	14	15	20	7	3	9	12	1	12	10	7	9	1	14	4	19	20	19	18	16	9	13	4	5	18	14	20	7	11	3	7	12	9	9	18	8	18	4	13	11	10	17	12	9	1	1	10	1	16	18	15	6	13	16	16	16	2	1	9	16	1	6	7	9	14	6	2	8	4	14	12	4	12	8	12	13	4	2	8	4	10	11	15	9	1	16	6	3	7	6	3	10	12	16	16	12	14	8	7	15	13	16	6	9	3	7	8	15	13	9	3	8	3	2	9	15	5	1	15	2	10	5	4	1	2	7	1	2	3	5	7	15	5	13	10	4	10	7	2	15	14	2	5	12	16	3	13	13	9	12	10	14	4	8	1	10	9	1	2	11	15	1	10	16	16	2	14	7	6	7	16	16	11	12	6	8	6	6	13	9	6	7	1	3	13	3	13	10	7	16	9	15	3	2	9	7	4	10	13	5	7	8	9	15	15	12	13	5	4	5	14	6	6	15	10	9	12	13	8	11	12	12	14	12	8	7	11	6	7	10	4	10	12	15	1	5	1	16	7	8	8	9	8	14	8	5	4	16	9	2	3	7	10	13	2	1	12	11	10	3	12	11	14	6	8	6	6	6	14	16	2	6	15	1	7	2	15	9	9	9	1	13	2	7	15	4	3	4	13	9	11	3	9	6	4	3	15	3	12	10	3	2	8	6	9	13	1	2	1	2	7	6	16	14	14	3	12	7	3	12	11	16	4	7	12	7	8	5	1	11	7	16	12	13	2	8	16	12	4	3	4	8	13	14	16	13	11	11	15	13	4	9	14	10	8	7	3	9	6	15	11	11	7	13	15	3	8	12	1	16	2	15	11	4	2	7	7	15	2	13	9	10	6	3	10	16	14	6	12	8	15	3	7	6	12	16	12	8	10	6	8	7	12	4	6	7	7	8	12	6	4	13	9	6	14	4	14	12	16	12	12	16	11	13	10	9	4	8	11	5	2	1	1	7	15	13	15	9	4	10	2	7	13	15	5	9	13	3	14	2	16	1	13	12	1	2	6	9	4	15	12	4	3	9	16	10	3	13	9	2	9	7	8	2	14	3	15	2	12	10	11	3	4	1	16	15	14	7	13	8	8	13	11	14	12	11	6	5	14	6	12	9	7	6	14	5	9	10	2	15	14	1	14	7	15	5	6	1	16	2	9	12	10	12	15	12	6	15	10	5	10	8	10	15	11	3	12	14	8	12	16	10	11	9	14	9	15	11	13	9	5	16	10	1	3	12	6	4	2	3	3	10	10	5	12	1	8	6	6	8	7	5	1	15	1	8	9	6	7	8	3	12	11	8	16	9	11	9	13	13	11	3	2	5	10	7	5	7	3	1	8	2	7	10	14	13	6	9	13	6	14	12	15	12	13	9	1	10	11	4	16	12	8	6	3	13	9	1	7	12	8	8	13	15	12	9	5	5	10	6	12	9	3	15	10	16	6	8	5	12	8	15	12	13	7	16	5	7	16	14	3	6	14	6	13	8	15	12	15	12	4	13	12	7	7	1	3	9	4	4	12	6	3	14	13	8	2	13	13	5	12	2	4	16	3	8	16	7	11	16	3	7	13	15	8	13	11	11	10	6	6	3	12	5	13	7	12	12	10	16	1	5	4	5	16	7	11	16	14	15	2	15	13	4	9	5	12	16	5	15	13	16	1	9	6	15	6	1	5	9	13	3	4	16	6	2	12	4	4	3	14	3	9	4	11	4	14	9	6	11	9	2	14	11	10	1	14	3	5	4	16	6	14	8	16	10	14	9	4	13	11	15	2	16	1	11	10	4	3	3	12	11	8	14	2	16	16	13	11	15	15	8	16	13	16	12	1	12	2	6	2	6	11	3	4	13	10	9	8	12	5	9	5	2	7	1	15	3	7	3	5	3	8	7	15	1	9	7	1	12	7	14	5	3	7	11	10	7	2	10	1	6	15	11	1	4	6	8	10	15	2	14	1	3	4	11	6	3	6	14	3	1	16	7	5	14	16	10	1	12	12	5	11	1	2	8	7	7	15	7	12	2	7	15	6	4	12	10	12	15	8	10	13	1	1	5	11	4	1	5	14	5	15	3	9	4	12	1	4	3	7	15	14	9	14	8	9	16	2	7	8	8	4	15	6	15	16	14	7	5	16	5	1	12	10	1	2	16	15	11	1	8	1	6	4	8	14	2	10	2	8	11	10	13	16	15	8	11	10	9	16	7	10	15	14	8	15	12	2	7	9	13	3	13	2	15	14	10	5	3	11	14	9	5	6	1	11	16	16	1	12	1	14	5	2	11	9	11	15	10	11	7	12	13	16	9	16	4	5	2	14	10	3	9	5	15	12	9	3	6	11	1	16	10	6	1	5	15	15	2	8	9	2	16	4	6	3	12	2	5	2	8	8	13	2	16	13	9	11	1	7	9	8	4	7	7	4	13	6	14	5	10	16	12	4	14	1	2	1	14	6	15	4	15	8	6	1	10	13	10	1	16	12	5	10	13	13	15	1	8	16	9	11	13	4	16	11	16	10	8	7	1	8	14	1	9	14	16	7	10	3	7	6	4	5	11	14	2	5	4	9	8	16	5	13	9	8	9	3	13	13	3	5	14	6	9	1	2	3	16	14	11	8	5	11	4	6	10	6	14	9	16	2	6	12	10	2	8	12	8	1	14	7	14	6	6	1	1	14	12	10	8	4	16	1	3	1	8	10	15	14	14	3	11	12	4	9	16	7	16	14	3	5	3	15	13	1	11	6	14	3	11	1	5	2	3	12	8	1	16	1	13	2	3	6	7	8	2	12	15	1	11	16	14	11	16	12	4	3	1	8	9	2	16	5	11	12	9	10	3	16	2	4	11	14	3	16	14	15	5	11	5	5	11	8	9	13	16	7	14	15	12	14	14	8	3	12	10	4	3	5	6	2	6	9	13	15	14	7	3	11	10	2	6	4	13	13	3	10	6	4	13	14	16	15	15	1	3	4	11	15	3	7	2	13	16	7	7	16	9	8	1	9	8	4	15	3	1	5	8	1	2	6	5	13	8	6	8	3	2	5	10	3	15	6	12	5	3	13	3	2	4	4	5	16	10	1	2	2	13	15	2	8	10	14	7	14	11	5	5	15	8	7	10	8	10	1	2	7	7	16	13	10	12	16	4	8	11	15	2	6	10	4	2	12	11	3	13	10	1	9	16	10	8	15	2	4	16	11	7	16	1	10	3	10	14	3	3	3	3	14	9	6	11	3	3	3	10	7	14	10	1	1	12	9	1	14	12	10	9	4	3	7	12	15	12	3	6	7	11	11	7	7	3	13	5	5	10	6	12	16	4	16	1	11	4	2	6	9	7	7	2	8	15	10	3	5	14	4	8	11	1	14	3	16	16	11	7	15	3	10	12	11	14	4	13	5	10	1	8	1	14	13	14	10	4	2	10	9	12	12	5	15	9	6	15	13	8	10	1	15	5	16	16	10	13	13	6	2	12	8	13	5	14	16	16	10	4	10	11	15	6	11	5	15	11	3	7	8	16	4	4	10	10	4	5	12	2	8	9	15	5	14	6	4	9	9	3	7	15	15	13	12	6	8	1	5	7	7	10	10	13	10	13	6	15	3	14	6	13	15	15	8	12	10	5	3	15	15	15	9	9	15	14	7	8	5	13	14	7	7	5	11	5	5	16	11	7	6	1	7	15	1	16	16	10	5	4	7	14	7	12	5	3	1	14	12	4	3	11	6	5	4	9	11	10	9	1	13	5	11	6	7	14	1	2	4	8	1	9	16	13	10	11	10	9	2	16	15	14	13	2	13	14	12	15	12	13	10	9	1	9	9	3	15	14	1	16	5	16	12	11	7	9	2	9	9	3	11	14	11	9	3	7	12	3	7	9	9	11	4	4	15	8	5	6	8	3	16	2	7	8	11	16	16	3	12	6	1	3	15	5	16	16	12	2	8	5	14	1	10	15	6	14	2	12	5	9	2	8	5	16	5	7	12	6	4	10	12	3	8	8	4	4	13	8	12	1	1	10	9	15	12	9	15	14	14	11	4	4	11	15	2	9	15	12	2	7	7	11	12	12	5	8	15	14	5	7	9	15	14	10	4	4	7	10	8	5	5	2	5	9	4	3	14	13	16	10	14	16	8	14	3	15	16	14	13	3	1	9	7	11	13	8	5	9	14	15	8	1	5	8	6	10	1	6	11	13	10	8	1	12	14	9	10	4	12	14	11	7	2	8	3	13	2	3	3	15	16	5	10	2	5	5	11	2	4	10	14	8	8	13	8	6	2	1	5	2	10	2	14	2	5	6	8	15	9	1	14	8	15	8	7	5	8	6	4	15	6	15	3	15	13	2	6	15	11	15	16	11	11	8	12	12	4	1	3	7	5	6	12	10	12	6	5	9	15	10	6	14	4	4	6	14	12	12	10	16	7	13	12	10	3	7	12	10	15	5	1	1	4	9	14	3	1	4	4	10	2	16	11	11	16	13	16	9	10	11	7	11	7	5	7	13	4	10	11	8	2	1	16	4	2	10	3	14	5	6	12	9	14	7	12	15	10	2	16	12	16	4	14	10	6	2	5	10	8	12	2	12	15	5	5	9	10	3	5	5	11	11	8	9	7	12	10	13	2	8	10	14	3	9	7	10	4	15	2	10	15	16	13	8	6	11	5	10	7	14	1	4	16	1	1	6	2	6	1	10	14	2	10	13	6	5	9	9	11	13	12	9	11	1	1	3	9	15	16	13	8	10	10	15	12	6	4	1	9	2	4	6	6	9	6	7	8	12	13	16	3	5	11	9	2	9	16	13	6	12	13	4	3	2	4	3	8	1	16	12	2	10	10	8	11	2	4	4	1	7	15	9	6	3	2	16	12	15	2	3	12	10	9	11	2	1	10	9	8	12	11	5	15	1	8	6	15	3	12	3	5	6	14	13	1	1	8	2	2	2	14	3	16	9	7	5	3	2	10	10	15	3	9	12	10	12	6	10	10	1	16	11	12	10	12	9	3	2	3	8	10	14	16	8	11	1	12	3	12	15	4	12	6	11	6	14	12	13	16	8	9	11	15	5	1	5	14	15	11	6	7	5	10	16	4	13	16	15	16	13	14	5	10	16	12	2	7	10	3	1	15	2	12	7	16	6	11	16	10	8	12	1	6	3	3	16	1	10	4	1	13	13	5	8	6	15	8	13	1	9	11	3	2	9	5	8	14	2	2	7	12	14	10	9	7	7	2	12	11	4	7	9	13	3	3	6	9	13	7	10	15	9	13	5	13	2	15	16	13	3	11	13	9	2	10	15	13	12	6	2	1	15	10	12	11	3	12	7	2	11	5	1	15	2	8	8	2	10	8	4	12	9	8	9	13	7	8	10	11	13	2	9	12	11	15	15	7	13	11	3	16	1	16	12	13	2	16	9	4	3	5	7	10	2	15	11	12	10	15	13	5	13	6	12	4	12	13	9	6	8	12	5	9	14	11	6	2	6	13	9	16	16	16	7	13	7	4	7	15	10	3	6	4	12	13	2	11	6	5	4	2	5	11	11	6	5	2	12	9	14	10	14	13	8	5	6	2	12	13	2	14	3	4	15	13	6	16	7	9	12	2	13	11	9	4	16	2	14	1	10	14	10	10	11	1	10	14	14	3	1	8	10	13	10	2	15	12	8	12	16	5	4	1	4	15	14	3	5	14	16	1	8	10	8	13	11	3	8	1	5	5	12	1	1	8	13	4	5	13	2	10	16	10	8	14	14	16	3	1	14	11	7	11	5	4	6	2	4	12	15	4	1	1	14	2	16	7	8	5	8	15	10	14	5	14	10	2	6	7	1	16	13	8	1	3	3	2	16	4	3	9	12	3	3	5	14	8	8	9	10	2	2	11	6	15	9	2	3	4	7	13	14	5	6	11	13	11	3	15	6	2	1	15	4	2	9	7	2	12	9	3	2	13	15	12	11	13	13	2	9	11	7	11	10	11	14	6	7	7	15	1	1	2	3	9	6	1	8	7	16	2	7	9	15	3	16	9	3	13	2	7	7	14	9	13	14	11	8	16	3	5	8	2	10	12	9	14	3	13	7	3	11	3	8	10	12	12	16	4	5	4	6	10	5	11	9	4	12	3	1	8	5	14	14	4	7	9	1	13	2	7	1	3	10	1	1	11	12	14	7	16	15	15	6	3	9	6	10	6	16	6	15	2	4	6	11	15	5	10	3	7	11	16	15	3	1	13	16	8	16	9	8	16	14	15	11	12	16	14	6	16	3	11	7	2	11	9	16	12	11	1	16	4	5	9	13	10	5	10	16	6	4	5	11	9	7	16	3	8	10	1	12	3	6	3	12	15	2	4	13	9	16	2	9	8	2	14	5	3	6	1	3	11	4	9	9	8	3	4	8	11	9	16	5	11	3	3	8	11	5	10	7	16	4	12	6	8	3	1	14	7	4	10	3	12	6	16	1	12	12	2	2	15	16	9	12	9	7	3	6	6	13	16	3	7	16	13	5	15	2	10	7	14	6	7	6	15	13	9	11	6	15	5	16	1	2	11	4	3	9	15	10	2	10	2	11	7	5	4	3	15	10	12	3	13	14	1	11	13	12	12	14	5	11	14	14	3	11	14	14	8	9	16	16	14	11	15	8	9	6	7	14	11	5	13	12	7	1	4	10	5	9	8	16	11	1	14	15	3	13	13	6	8	5	6	3	8	16	10	13	5	16	6	8	3	15	15	10	4	4	6	13	16	15	12	15	1	16	7	11	15	4	16	12	7	13	1	13	11	7	7	6	16	16	13	3	7	6	12	15	5	11	11	7	11	12	10	8	7	10	3	16	9	6	5	7	2	15	4	5	2	10	6	11	8	11	2	5	3	11	2	2	4	2	9	4	2	5	14	4	3	10	12	6	8	3	9	2	2	11	5	10	6	7	6	3	11	10	6	10	9	2	9	6	16	10	14	12	16	1	13	5	11	9	11	5	2	3	2	16	9	5	8	9	16	13	12	9	2	8	9	6	15	16	6	3	4	11	16	9	6	14	2	5	1	8	14	16	7	2	10	11	16	4	12	11	11	9	12	1	14	11	3	6	6	10	7	9	15	8	1	6	9	4	7	10	10	6	13	12	15	9	9	15	4	13	4	11	16	8	13	2	9	8	9	6	6	1	3	15	3	3	16	3	3	3	4	6	10	9	14	4	5	13	7	11	15	10	1	10	4	1	5	15	5	12	13	12	12	8	16	3	11	12	16	11	14	11	3	16	11	16	16	7	7	3	11	2	6	7	9	12	7	10	16	9	8	7	10	4	11	13	16	15	5	8	8	12	10	1	8	1	11	6	15	10	12	13	1	13	16	10	7	4	6	4	7	6	9	15	8	12	5	5	13	9	16	6	6	13	12	13	15	1	5	12	8	14	1	2	9	13	4	16	15	5	7	16	5	8	8	2	15	5	12	16	14	1	16	16	7	3	4	14	8	11	14	7	7	13	2	13	6	12	10	11	4	6	14	10	16	10	16	11	3	3	7	2	15	14	15	15	15	2	14	5	4	12	15	13	8	9	2	16	5	3	5	16	5	2	7	3	6	5	3	13	11	12	14	3	6	10	8	4	9	1	14	6	7	10	14	5	5	3	6	3	1	3	9	15	15	9	3	12	1	2	7	13	4	2	10	10	11	5	5	5	12	10	3	5	10	16	15	6	7	16	11	14	8	11	11	15	13	14	9	10	11	11	13	11	12	6	7	11	16	5	10	16	4	13	11	9	6	15	7	15	14	4	4	10	6	11	9	8	10	7	9	4	4	7	16	14	16	2	13	16	10	6	2	14	13	10	2	11	12	7	7	3	10	13	9	2	13	16	8	1	14	3	6	14	1	4	1	3	7	13	10	16	7	5	5	14	8	7	2	15	12	8	4	10	15	1	7	2	3	8	11	13	7	10	8	8	1	1	14	8	5	8	12	5	9	8	2	16	12	4	12	4	16	8	9	12	1	2	11	4	13	16	5	2	9	15	16	10	15	7	6	4	1	2	9	11	10	7	14	2	13	15	9	14	7	6	5	1	4	9	12	8	9	11	10	6	4	10	3	11	8	4	13	6	15	10	14	12	10	11	13	11	13	14	1	14	10	12	10	10	11	9	13	13	13	9	8	6	9	8	16	16	9	3	15	5	4	1	6	9	15	7	2	1	7	13	10	2	13	2	2	2	14	15	8	8	6	13	16	14	3	14	4	13	8	11	8	1	16	9	4	2	3	3	15	3	14	15	11	2	2	12	5	15	2	3	7	11	2	13	8	14	8	14	10	13	8	6	14	16	4	7	14	6	6	11	8	1	6	13	1	7	7	5	3	11	14	8	2	16	10	4	14	13	1	16	9	9	5	14	13	1	14	7	14	5	11	4	14	2	7	6	16	13	13	15	2	9	12	1	16	1	4	6	12	12	5	15	15	12	14	3	13	1	2	7	4	1	11	9	15	3	1	7	14	11	11	9	9	14	15	11	2	13	13	11	11	14	14	5	1	15	13	7	5	5	9	15	1	9	8	7	10	12	7	4	13	13	4	14	8	3	13	13	6	10	15	5	9	3	1	14	16	1	13	16	6	3	2	5	3	1	9	15	4	13	14	3	16	16	13	13	13	6	4	11	16	4	13	15	1	1	6	7	15	3	10	11	16	14	10	11	8	6	5	3	12	10	11	10	14	8	4	5	4	11	3	11	10	11	9	7	16	7	1	16	2	8	3	16	4	13	10	6	13	6	11	2	8	7	16	12	12	9	3	13	14	15	6	9	8	1	12	10	7	2	15	10	16	4	2	7	10	4	4	9	3	14	8	8	4	6	6	2	10	11	5	5	11	10	14	1	12	3	13	14	12	3	6	14	11	8	11	16	7	3	1	13	15	7	11	2	16	2	3	15	3	10	11	5	15	7	7	7	15	9	14	12	13	2	8	15	5	4	2	9	10	7	9	1	12	16	8	13	10	8	11	1	12	8	6	6	6	5	15	15	5	15	15	14	12	16	4	16	5	12	3	6	16	8	11	9	2	5	13	4	4	10	11	7	2	4	1	1	10	5	10	8	13	4	15	8	6	10	10	13	12	13	15	13	10	12	16	13	12	5	15	8	15	3	11	2	13	13	5	14	12	8	6	2	2	15	5	9	11	7	2	5	7	8	14	8	10	1	11	3	16	6	9	1	6	11	5	10	7	3	3	16	1	12	15	4	13	4	10	15	15	13	4	12	5	2	6	11	4	14	12	5	2	1	10	2	7	13	15	3	6	8	3	14	5	7	15	7	13	9	4	8	12	9	8	2	2	10	11	15	16	5	14	7	10	16	9	7	4	1	4	4	2	8	3	6	13	11	12	14	6	8	7	6	15	2	4	13	11	3	12	11	12	14	5	14	15	4	11	2	7	5	16	9	16	8	16	5	1	16	7	14	12	11	10	2	13	7	11	13	13	11	3	16	15	3	7	2	4	15	9	6	7	15	1	2	16	3	7	3	1	9	2	6	9	6	12	4	5	8	15	4	8	13	16	13	14	16	8	2	13	15	6	8	9	2	8	15	3	3	8	13	7	1	1	14	11	7	15	11	1	16	11	16	9	11	1	14	5	1	6	15	7	13	11	7	9	12	9	10	15	12	5	11	7	5	10	4	10	16	14	15	4	6	13	13	10	7	5	13	8	6	5	3	15	1	8	7	11	14	5	15	7	11	8	6	9	6	2	10	12	3	2	6	3	3	6	5	3	2	16	4	10	13	16	3	6	6	6	14	10	15	14	13	9	14	5	12	2	5	5	5	16	14	14	10	4	14	1	1	14	8	14	5	4	5	3	2	2	3	7	5	16	2	8	13	12	2	4	11	5	9	5	15	13	2	10	3	7	5	2	13	7	5	2	6	3	8	15	3	4	6	3	12	9	2	12	8	8	3	8	7	12	6	9	9	12	2	9	9	4	6	13	9	6	1	13	16	9	16	10	16	8	12	11	8	4	16	2	16	13	1	2	7	11	16	3	9	1	7	16	15	8	5	9	12	13	8	3	8	14	13	5	16	12	1	15	4	5	12	4	3	8	11	11	3	10	7	16	15	16	3	1	6	15	7	11	1	1	8	1	13	15	8	5	11	14	15	8	12	12	1	2	4	8	4	13	2	15	1	13	4	14	9	11	9	15	14	7	5	14	4	12	3	9	5	11	8	7	16	15	10	6	15	6	1	1	11	9	6	8	1	4	9	8	14	2	13	3	8	5	3	2	5	3	3	16	7	4	12	13	7	7	15	5	5	2	16	4	12	9	11	16	2	13	8	6	5	13	13	6	7	11	4	10	9	10	11	4	4	2	11	14	11	8	9	13	11	11	11	6	11	14	16	8	16	9	8	16	6	8	8	6	13	15	12	9	1	8	15	13	6	11	6	16	12	6	7	16	9	7	5	10	10	2	12	7	11	15	6	9	9	14	2	2	15	12	2	12	13	11	8	5	4	4	13	15	5	7	1	16	14	14	16	3	14	5	3	1	7	1	16	6	2	13	15	2	16	8	3	9	7	16	5	12	12	4	3	1	1	13	7	14	2	1	15	13	4	6	2	9	15	5	4	13	14	14	7	12	7	1	6	3	15	11	6	11	4	10	3	4	11	1	10	9	6	15	9	13	9	11	1	12	9	12	11	14	6	11	7	7	6	7	6	4	10	4	12	14	15	7	6	14	14	11	12	2	14	13	15	1	12	8	15	4	2	6	8	8	11	14	6	3	6	10	1	2	6	16	4	14	1	8	3	16	11	11	2	9	8	15	14	3	2	8	12	6	7	14	14	11	7	14	8	13	4	10	10	6	4	1	1	16	13	8	11	12	9	8	13	4	7	6	11	4	7	5	8	14	5	2	10	15	13	11	10	16	13	1	16	8	7	9	10	8	9	12	11	11	13	15	9	4	3	4	13	5	12	13	6	5	9	6	4	8	2	3	14	8	9	11	11	8	1	12	11	11	10	7	3	13	5	3	5	12	15	12	7	15	6	14	4	9	8	2	8	8	14	9	16	14	11	8	9	16	14	14	9	4	12	6	15	7	4	3	16	11	5	4	2	13	10	3	5	14	6	11	15	6	4	9	8	6	16	9	2	15	13	1	16	3	4	16	1	11	2	10	2	9	3	11	13	8	2	13	12	4	5	10	2	14	2	10	12	13	5	4	6	15	4	5	11	11	3	5	14	9	8	9	9	6	11	4	1	11	10	12	11	12	13	13	1	3	9	10	2	10	4	16	15	6	9	15	10	6	7	9	4	6	5	10	14	12	9	8	1	15	11	13	1	5	1	7	4	15	1	8	8	6	7	8	14	7	15	8	10	4	2	6	7	11	16	15	4	5	10	11	10	9	10	9	15	6	2	1	4	4	2	3	11	6	15	9	11	3	12	6	15	5	11	9	10	10	13	1	7	13	3	7	13	8	5	7	11	4	1	13	15	4	1	3	9	11	9	15	8	5	8	2	5	3	11	11	3	1	10	8	13	10	7	14	14	6	2	9	4	2	16	2	7	13	15	16	14	16	16	6	2	13	7	1	16	9	12	16	15	7	9	5	16	7	16	11	16	16	1	4	2	15	8	3	12	6	12	1	1	6	8	10	6	11	15	14	6	14	16	14	7	7	15	2	7	5	16	3	11	7	5	12	13	3	12	9	3	10	3	1	3	12	14	3	16	9	15	1	8	4	5	8	4	5	10	16	8	4	6	15	13	11	16	7	14	6	15	8	7	8	4	1	9	7	7	7	5	11	1	12	8	10	5	10	16	4	1	8	14	13	10	9	1	2	16	6	3	1	4	8	12	11	16	15	8	2	10	9	6	13	2	5	2	4	11	6	9	2	7	15	9	14	12	3	3	10	1	3	14	7	14	10	8	12	12	16	4	2	9	12	8	14	13	12	1	9	16	14	6	15	9	9	10	1	9	10	2	16	15	3	11	1	5	13	9	4	12	11	11	8	12	10	1	4	11	12	3	7	2	6	14	11	2	2	7	3	9	1	7	15	16	8	6	5	13	2	9	7	12	15	6	3	10	13	10	16	8	5	6	11	3	13	12	7	5	4	2	11	7	15	8	14	8	8	15	3	13	5	7	6	11	12	10	4	1	16	6	3	9	8	9	11	9	9	12	7	10	8	7	12	2	1	4	13	12	11	7	1	8	15	8	3	7	12	3	11	8	9	11	11	9	10	9	2	10	8	4	10	9	2	13	16	6	13	7	13	6	1	7	1	7	7	11	5	5	11	1	13	3	14	6	13	11	6	13	4	5	2	16	6	5	6	9	10	5	15	13	8	16	10	3	9	9	6	12	5	8	15	11	13	3	4	3	16	13	15	2	5	5	14	2	2	1	7	2	13	6	9	8	9	12	11	14	6	4	2	9	16	12	14	12	12	15	6	9	4	12	12	12	9	13	13	1	8	10	10	6	16	3	15	9	11	1	8	16	13	2	2	14	12	5	13	5	1	1	1	11	9	3	16	9	9	11	12	4	15	3	13	7	3	16	7	9	8	14	2	15	6	16	4	12	15	2	10	3	5	9	16	6	11	10	16	6	15	16	10	15	3	15	16	1	12	7	6	15	11	11	15	12	3	3	6	8	9	8	5	4	6	4	12	8	15	5	6	14	10	13	7	11	4	16	7	13	6	4	7	9	4	13	10	15	4	14	15	1	2	1	2	10	2	13	12	2	16	15	6	14	10	9	10	1	1	13	8	15	11	12	2	6	16	1	7	2	8	3	5	4	12	2	6	3	5	11	9	3	11	8	10	10	11	15	5	11	6	2	14	2	10	11	6	10	9	13	11	8	10	2	4	16	16	1	14	3	15	3	1	3	6	12	3	11	10	13	9	16	10	14	9	9	10	13	11	15	8	6	10	7	7	15	1	16	13	12	12	12	16	10	2	15	11	8	10	6	7	8	1	2	4	3	12	4	8	1	10	2	4	2	16	5	10	9	11	14	2	14	1	6	16	6	10	12	9	1	9	4	10	12	12	14	8	13	8	11	6	1	16	6	
570	530	580	430	930	630	360	560	400	820	190	690	910	750	850	420	920	390	310	290	810	910	660	490	950	180	840	400	880	850	410	750	200	470	160	590	500	480	770	470	700	720	470	790	520	710	800	910	840	800	330	940	660	960	840	820	210	520	810	370	430	900	290	230	570	230	950	680	980	460	980	130	1000	320	240	550	240	620	910	970	980	600	150	180	100	740	350	530	920	940	670	660	590	510	780	640	780	830	110	690	460	760	140	600	570	480	550	120	220	590	260	680	580	790	800	820	870	370	410	660	440	740	710	250	610	690	190	410	920	480	500	840	940	490	360	130	310	560	520	490	560	730	860	190	660	660	420	210	400	930	980	390	750	840	980	300	660	710	390	430	330	350	590	230	770	770	700	690	400	510	450	880	530	330	950	570	460	330	230	380	780	730	440	680	970	460	770	870	750	620	680	930	840	490	350	980	950	710	390	610	100	600	240	540	120	390	670	960	1000	720	180	500	110	690	680	870	350	760	900	200	140	520	110	150	720	920	820	270	580	580	530	870	340	870	160	370	430	950	130	610	540	210	500	650	370	110	990	100	800	800	820	360	660	590	730	910	140	1000	310	150	900	250	270	630	360	500	270	600	620	300	390	500	980	650	310	880	840	900	430	280	580	670	420	490	820	880	840	620	100	830	770	610	850	980	570	120	260	520	630	390	870	450	570	790	690	420	750	610	680	450	110	550	870	660	900	600	540	660	490	340	690	380	430	140	770	980	810	240	210	130	520	720	290	520	900	620	650	520	870	640	910	620	100	320	760	710	480	990	840	860	800	130	260	820	410	540	650	280	890	230	230	430	910	910	930	710	420	150	970	160	870	220	700	750	600	420	340	1000	140	730	140	860	830	160	720	360	680	160	670	890	170	320	550	540	200	950	1000	200	830	180	390	930	230	870	720	930	360	370	850	150	350	940	920	360	750	470	910	620	310	130	540	860	880	770	360	160	850	790	430	360	680	160	890	430	210	150	680	470	320	570	190	460	460	890	710	530	290	210	440	610	470	710	170	830	170	500	490	370	720	120	880	240	920	290	420	580	650	770	980	540	870	480	460	220	320	100	120	850	480	410	120	600	390	170	470	690	370	400	100	280	730	870	950	680	350	470	350	810	430	190	300	460	750	810	630	840	990	700	820	580	960	610	330	800	480	640	820	850	800	450	270	970	390	1000	680	430	620	1000	280	150	370	480	720	340	630	570	640	990	560	470	130	300	540	380	900	860	240	130	690	800	380	840	710	950	840	390	950	180	160	900	170	990	360	930	530	390	270	620	220	830	610	440	100	980	440	550	910	970	390	730	330	420	140	100	350	280	510	680	530	530	480	550	240	390	220	270	720	890	240	990	150	670	420	540	400	970	170	350	470	720	140	560	180	540	580	830	130	450	950	740	950	520	160	310	270	960	420	920	220	250	490	270	120	620	470	970	170	950	780	840	340	130	270	1000	610	760	230	400	750	210	210	560	540	470	240	500	480	110	800	210	140	340	780	860	710	980	220	860	740	780	710	680	330	680	400	770	310	740	520	260	800	980	810	460	610	990	490	920	540	170	1000	530	970	910	570	740	610	290	200	780	790	970	670	640	220	210	280	480	290	300	560	450	300	560	950	640	750	450	220	150	610	890	770	950	380	560	560	100	160	300	310	620	170	220	950	900	160	660	620	880	880	850	850	290	910	430	650	910	530	210	520	230	190	170	660	270	820	540	170	690	940	260	580	440	600	150	210	630	820	690	390	150	170	470	120	700	880	260	930	330	1000	710	980	960	140	280	950	350	100	130	650	740	380	120	320	140	740	470	990	150	260	110	800	500	180	620	470	990	460	320	690	100	630	930	510	670	360	300	410	850	200	610	810	200	370	220	150	960	950	870	710	690	780	1000	580	1000	620	390	310	790	730	300	670	900	140	340	770	340	800	400	300	270	830	340	730	200	160	330	680	580	970	690	120	960	450	350	250	770	290	530	660	740	720	740	590	200	870	810	210	1000	970	810	520	210	930	820	470	840	510	620	320	990	170	410	870	720	790	690	1000	580	940	370	800	650	930	230	770	250	940	200	590	610	530	470	260	830	360	110	870	920	950	500	980	790	850	610	510	640	240	740	800	770	260	1000	450	560	220	380	510	120	540	780	160	110	170	600	990	290	1000	270	620	420	620	800	680	470	420	290	880	380	280	930	730	200	510	220	560	220	380	110	540	280	850	690	710	770	290	250	790	640	880	290	210	330	410	560	400	510	300	630	620	350	550	290	530	970	970	570	740	820	330	500	140	150	550	270	250	920	100	370	660	260	190	950	490	730	180	820	800	430	290	780	1000	810	580	640	150	670	990	430	270	890	110	670	850	210	700	940	960	500	440	170	310	670	360	890	460	740	990	390	770	520	310	490	810	600	390	630	400	650	340	470	380	210	700	630	700	220	180	350	860	360	880	840	330	610	820	280	500	440	320	480	880	620	940	960	520	950	110	720	810	250	780	670	560	480	880	640	340	130	920	780	130	820	570	560	820	790	110	620	540	670	160	520	930	750	460	510	340	940	940	660	540	650	510	500	150	980	960	680	250	590	630	960	250	840	550	400	260	280	590	160	300	840	890	660	840	960	730	340	100	920	710	740	860	570	770	100	170	900	280	700	990	410	520	610	160	940	290	100	320	960	530	750	850	200	260	750	700	850	700	550	770	780	450	580	620	760	640	800	950	760	660	680	100	620	880	860	840	650	460	870	270	410	590	240	460	150	270	910	590	650	730	320	250	160	540	880	270	130	310	660	220	320	920	230	240	710	350	940	540	660	550	590	260	160	450	490	750	360	900	270	510	350	720	790	690	680	840	710	150	120	720	570	210	620	110	220	850	490	130	650	230	410	330	130	540	530	710	300	1000	310	440	690	1000	300	820	1000	590	830	210	110	280	340	540	550	960	910	940	180	820	760	600	110	240	470	700	200	350	400	340	880	520	830	590	140	400	690	250	740	590	630	620	760	900	310	340	670	470	170	870	100	970	1000	150	900	770	550	770	800	400	150	510	390	140	500	600	440	500	730	290	820	340	690	970	400	1000	240	460	860	920	460	800	800	170	210	130	890	190	760	800	960	120	1000	740	480	700	890	640	980	330	290	790	930	830	180	400	100	800	510	500	440	640	750	910	890	420	680	680	340	1000	590	450	460	240	840	430	820	700	870	940	360	810	230	230	320	590	160	140	810	590	340	470	940	530	510	370	990	640	330	750	910	670	500	660	320	320	660	200	140	420	320	610	630	140	770	620	830	420	490	960	360	990	660	440	170	350	580	400	990	630	110	890	520	780	840	950	410	640	750	910	720	550	310	950	480	610	460	540	360	440	890	230	100	310	920	440	780	1000	750	110	140	790	100	680	410	790	910	420	970	590	100	240	210	160	380	570	330	110	680	890	870	830	130	300	600	850	670	590	810	230	100	690	350	210	420	220	980	860	540	330	620	940	240	610	800	950	360	710	240	100	420	940	900	610	670	340	950	270	780	400	500	670	940	120	200	850	950	670	840	680	580	740	850	640	850	970	100	690	390	380	500	750	480	660	120	300	380	910	850	150	530	810	110	830	390	260	170	430	730	820	800	960	770	370	810	870	570	570	590	120	940	500	940	620	140	100	640	610	880	600	300	280	870	580	510	220	980	920	720	850	610	210	570	790	530	490	960	520	600	540	440	560	140	470	430	770	900	530	930	640	630	810	690	910	110	740	720	190	860	960	290	300	790	340	680	900	940	410	160	470	660	800	990	100	440	380	590	470	910	580	960	980	540	950	800	820	670	830	830	140	320	570	300	580	380	380	360	850	1000	490	800	100	610	500	830	160	510	610	900	530	650	530	780	570	930	310	430	950	330	370	320	750	280	130	380	740	400	430	370	450	640	340	930	720	540	920	160	300	340	780	180	970	600	830	300	910	490	690	640	990	520	170	700	460	540	350	100	760	340	630	860	220	530	890	990	400	980	440	440	640	990	670	990	460	380	960	210	990	960	230	120	210	490	100	280	220	400	300	810	260	470	730	300	930	820	870	300	230	550	970	880	790	340	180	880	580	570	740	620	580	320	660	560	500	910	110	250	880	360	430	390	930	910	270	990	530	870	280	170	890	520	640	880	910	610	210	670	470	700	370	980	320	610	260	970	290	400	750	180	830	760	810	450	900	320	260	960	640	390	580	870	310	410	710	970	160	970	570	710	130	760	560	690	120	610	380	890	530	720	290	250	840	190	980	370	390	220	250	490	370	920	560	560	990	980	480	270	200	320	670	320	220	670	200	170	830	300	580	120	200	660	810	650	740	900	530	920	720	100	860	980	670	440	720	240	550	400	480	610	640	130	660	210	170	790	670	710	280	660	130	440	250	670	570	820	980	820	380	990	560	890	710	560	850	280	740	810	460	320	110	290	270	340	130	170	500	620	570	220	110	640	790	780	180	480	850	450	910	380	1000	550	720	710	220	130	220	710	780	270	550	970	770	1000	720	530	590	800	350	980	780	730	720	210	910	150	250	490	790	230	610	190	290	780	610	560	720	350	380	830	260	520	360	740	750	370	540	770	530	840	790	100	100	1000	900	940	640	680	310	840	270	1000	380	270	700	790	850	700	400	160	130	500	440	600	890	710	330	220	500	780	880	160	960	390	1000	590	330	860	960	120	820	720	310	910	740	910	820	470	170	910	580	230	850	980	840	210	850	700	770	960	520	300	240	580	320	640	720	590	350	770	560	650	210	850	910	500	590	900	400	950	840	180	760	350	910	580	800	320	940	950	760	580	770	850	470	240	810	360	600	270	600	660	580	280	690	350	810	850	570	900	980	120	620	480	410	600	240	390	180	190	270	750	890	110	540	520	730	690	640	570	500	770	490	790	330	420	690	330	940	970	250	770	760	640	960	980	550	710	740	600	130	870	370	960	600	550	900	470	710	660	960	890	640	410	690	460	380	440	530	790	760	260	300	950	120	100	650	700	610	730	800	310	240	140	770	740	150	270	870	390	130	620	960	170	460	510	910	650	230	250	900	280	230	490	710	970	400	550	820	920	270	300	750	810	290	370	860	320	660	230	610	550	710	850	730	730	520	900	680	710	710	550	510	740	500	640	300	400	170	230	460	860	720	870	640	200	220	930	520	560	920	620	700	590	700	270	390	760	860	990	360	480	530	180	920	960	100	880	150	230	580	150	620	980	290	750	600	480	310	280	1000	990	190	540	690	320	460	130	970	950	730	610	110	300	840	460	410	400	570	390	520	640	160	350	560	330	690	730	890	660	940	500	970	930	190	620	600	560	250	110	720	820	850	150	560	600	840	160	100	820	760	900	670	830	170	750	810	650	900	860	550	510	580	110	770	640	400	410	260	550	150	770	870	490	570	470	650	180	710	850	990	780	190	930	620	490	500	590	290	200	520	840	530	700	110	580	410	250	350	880	150	890	900	650	930	520	620	120	690	690	870	330	250	620	740	500	170	200	860	940	630	960	950	830	750	770	950	640	210	770	820	560	720	610	920	430	590	210	380	940	370	120	240	570	1000	380	710	750	500	660	960	350	790	120	180	380	790	550	480	400	840	600	170	910	860	800	660	860	630	600	990	140	810	390	470	650	520	840	330	410	800	140	930	690	880	630	770	410	460	640	450	690	650	250	190	270	380	270	820	170	860	970	380	140	160	210	830	890	250	590	540	180	300	360	180	230	740	980	910	710	260	780	370	220	780	630	490	630	660	270	630	270	480	510	830	150	800	690	620	400	540	510	280	540	390	1000	910	830	100	440	160	470	450	940	840	440	520	560	920	790	890	320	590	700	800	910	260	900	160	890	210	960	830	580	410	380	770	270	570	770	510	640	760	770	820	700	200	950	710	450	770	680	190	940	810	690	650	880	470	780	710	270	680	970	310	350	430	750	470	600	620	820	620	530	780	780	860	450	690	800	130	400	780	870	340	590	380	830	100	270	530	240	700	620	510	880	340	930	650	670	980	220	930	420	700	860	810	110	660	740	460	670	660	580	460	680	190	300	770	900	610	560	520	690	410	590	620	440	380	340	500	440	160	280	300	430	900	210	840	520	940	120	160	190	280	390	850	850	660	510	180	750	990	200	710	500	750	300	720	400	270	870	460	470	770	600	390	140	510	900	710	500	370	920	140	860	720	190	460	860	980	760	280	850	440	750	180	410	440	360	950	190	450	570	720	290	970	670	130	960	740	470	520	930	320	930	290	320	170	100	600	860	1000	870	900	870	150	180	660	730	910	750	540	140	790	780	130	960	240	400	690	140	620	970	430	870	510	280	740	210	870	930	350	200	610	700	960	310	960	690	910	490	270	270	370	830	880	960	140	860	260	360	910	110	230	400	170	540	830	160	310	880	190	300	370	580	740	360	510	950	950	250	150	670	740	100	470	280	790	170	860	800	950	140	210	480	470	340	100	970	840	610	530	480	340	140	670	360	650	150	610	430	900	370	830	120	430	200	270	240	180	800	560	240	560	940	850	980	350	280	200	780	460	690	910	570	700	880	660	210	370	870	920	890	620	510	660	970	210	440	730	270	820	140	420	400	630	670	630	910	670	610	630	200	680	130	410	400	260	310	1000	310	440	730	910	720	170	700	860	180	290	630	870	930	850	410	420	160	680	350	450	490	830	710	260	840	650	890	180	860	120	750	930	720	870	630	520	240	730	690	240	880	730	330	270	380	540	990	500	930	530	980	120	860	130	490	570	930	660	650	980	460	660	910	620	460	170	360	620	910	870	930	590	590	890	780	590	220	910	920	280	210	790	910	320	140	710	810	500	760	360	670	470	400	800	340	210	360	790	790	250	850	480	460	360	360	620	390	970	640	260	290	290	320	420	480	940	190	620	290	800	700	270	960	730	840	240	120	300	390	270	230	620	430	630	990	610	120	920	520	140	740	630	710	520	100	450	540	830	120	610	540	180	110	870	890	190	690	170	800	150	450	750	390	880	990	550	200	720	160	840	340	130	260	1000	560	490	170	650	190	620	640	540	280	410	300	700	140	230	700	400	570	150	630	420	980	320	190	200	250	200	260	480	530	380	950	320	860	480	480	130	430	950	400	650	500	320	790	140	920	800	100	330	620	400	750	330	470	240	800	840	120	740	480	640	700	440	590	660	940	680	1000	570	980	1000	220	500	430	410	190	110	670	270	180	460	910	400	270	810	840	420	190	820	460	900	590	460	430	390	950	220	990	400	960	350	290	420	580	360	390	810	440	530	740	340	260	1000	190	550	150	530	520	800	180	870	600	370	280	380	770	210	380	810	310	500	220	610	570	350	430	520	890	660	420	570	300	610	640	890	850	890	410	560	260	230	740	980	110	150	960	300	730	720	550	910	760	270	330	990	560	620	790	540	770	330	330	300	690	900	910	490	440	910	660	640	920	650	650	620	200	360	450	300	890	400	590	840	940	470	250	440	600	290	620	640	180	430	620	520	180	850	570	600	810	270	250	310	630	500	430	370	140	630	330	460	530	240	610	700	310	540	150	420	790	250	450	110	400	170	730	850	540	550	810	160	370	570	780	260	250	600	240	980	110	370	460	720	490	870	660	110	260	640	230	940	580	930	710	880	240	640	190	660	890	660	150	760	370	920	980	290	150	860	250	440	160	790	830	500	350	900	120	780	200	210	810	350	750	950	310	280	780	930	920	880	700	520	550	850	830	360	430	190	900	820	480	710	720	350	360	710	790	170	750	720	440	300	920	850	530	920	790	150	170	750	680	660	250	340	370	790	210	490	660	640	700	390	580	410	250	580	190	150	240	720	660	240	170	550	790	260	450	220	820	390	140	810	200	180	930	890	370	280	170	690	510	530	940	820	410	180	390	910	600	410	170	220	580	150	580	380	500	420	150	880	340	190	110	970	530	830	150	700	310	170	140	670	200	130	210	700	180	890	780	780	760	950	490	920	200	130	340	580	960	500	220	540	400	910	510	240	990	960	870	680	340	700	210	780	470	420	540	770	270	450	520	320	130	240	970	830	360	430	470	830	200	180	750	600	110	440	970	370	640	880	380	110	820	690	950	990	670	360	220	620	450	140	880	900	400	570	780	910	490	650	700	230	630	630	350	270	940	460	210	140	240	490	990	1000	900	690	220	550	570	390	620	510	830	400	560	190	180	270	570	850	120	520	150	310	260	160	390	790	770	160	100	210	960	660	750	560	390	140	160	880	990	260	760	460	520	260	990	650	950	470	170	340	750	550	780	410	380	590	930	100	920	530	520	840	760	200	860	640	200	660	450	960	250	660	310	210	420	720	430	890	740	380	750	970	590	840	480	530	270	590	160	890	160	470	630	450	620	210	740	370	310	520	530	840	730	220	220	110	370	520	160	590	920	720	140	720	700	220	600	210	640	460	180	280	740	890	650	790	810	380	910	190	260	180	480	730	340	900	770	610	910	580	780	260	610	750	760	430	690	990	550	970	320	290	820	180	960	660	580	360	870	390	780	220	900	560	250	130	140	410	290	510	100	320	900	880	690	140	460	530	170	410	930	190	750	990	720	100	470	960	160	270	390	910	690	120	520	290	690	660	540	120	350	310	330	570	960	920	120	160	840	710	710	340	380	920	290	160	980	330	530	550	780	930	550	220	150	380	170	460	780	590	450	510	610	350	280	540	170	710	310	350	320	730	930	870	320	450	450	800	220	450	210	670	640	420	840	240	420	870	210	750	310	610	210	110	320	970	970	670	180	160	450	780	410	210	580	370	570	480	360	270	240	810	290	840	760	310	230	270	680	190	920	380	130	610	130	190	530	600	530	660	160	150	940	330	470	340	700	360	580	360	750	540	990	160	950	150	290	860	920	650	820	470	740	160	120	520	530	820	420	990	770	610	620	610	350	190	680	860	710	870	550	940	720	520	560	760	560	630	390	710	800	630	450	330	530	900	870	410	870	540	590	680	700	600	380	450	140	490	560	480	600	800	720	300	350	240	360	680	290	180	930	520	630	870	110	510	290	270	840	520	830	590	260	320	760	820	660	510	790	900	1000	280	220	380	580	820	710	240	470	100	500	430	480	940	150	160	300	560	900	640	910	220	340	340	810	850	330	730	720	140	220	230	660	250	910	270	100	410	870	1000	470	350	230	680	510	520	670	220	980	240	860	970	620	470	160	190	480	330	140	230	940	150	820	320	380	570	770	300	820	850	940	320	190	530	550	220	430	360	1000	460	850	580	450	720	630	250	210	790	350	810	910	180	610	250	720	600	700	290	630	550	630	200	730	500	730	1000	410	800	690	1000	110	340	430	660	530	620	160	890	260	690	690	230	990	240	610	440	990	530	410	960	630	530	170	700	710	340	430	360	640	880	720	850	730	990	620	260	330	840	990	870	280	960	310	460	640	720	850	890	640	510	730	710	810	680	680	220	700	810	210	610	930	860	380	650	760	150	630	400	170	490	440	770	140	570	670	530	780	930	770	890	450	520	790	380	650	280	660	350	210	700	730	770	690	390	160	120	850	150	560	520	650	560	880	990	790	960	950	210	740	260	760	910	510	650	210	250	140	820	340	400	920	700	170	440	420	1000	550	210	970	200	170	350	310	570	1000	370	990	600	930	820	730	800	820	910	750	390	280	110	390	200	300	680	870	560	140	570	690	820	470	950	150	940	550	690	280	850	490	550	810	760	320	290	760	200	860	370	810	930	540	820	580	320	810	840	290	270	940	830	340	950	820	310	600	320	600	220	540	960	610	570	410	760	980	690	280	140	790	420	890	330	450	520	170	340	930	500	630	550	590	200	830	960	630	230	520	580	270	500	790	980	420	270	430	340	490	670	870	530	140	840	270	360	260	660	760	640	460	380	360	730	190	930	140	730	640	940	620	970	930	570	200	600	860	400	360	910	370	630	610	190	250	680	100	450	740	720	240	190	640	200	620	940	970	550	560	970	880	790	380	420	930	820	370	970	620	100	120	690	890	940	290	180	950	350	520	950	430	710	880	480	510	160	430	410	970	610	610	350	750	720	270	150	410	180	1000	590	610	300	390	810	120	700	690	150	660	560	130	230	390	360	520	750	900	870	640	690	480	350	790	930	990	360	660	760	520	600	900	440	880	120	740	970	990	510	420	890	920	160	440	290	250	630	660	290	100	150	580	410	290	910	660	500	490	370	790	800	240	750	600	810	480	300	950	620	350	300	680	840	410	700	550	1000	540	630	370	520	830	960	690	810	480	750	140	840	880	160	380	490	880	720	910	230	780	520	610	260	170	730	680	620	440	250	270	500	980	970	900	450	780	940	220	930	270	590	780	760	180	500	550	700	480	940	110	330	590	160	640	250	980	790	180	130	230	740	890	300	460	200	460	310	380	500	950	280	320	250	580	640	990	130	320	300	120	470	260	660	330	510	680	440	780	440	310	870	160	720	930	190	210	340	890	950	950	820	540	830	310	700	260	550	410	1000	590	880	330	130	720	600	730	560	470	270	660	770	1000	680	120	240	840	460	910	620	150	890	910	590	320	660	860	750	310	740	550	760	430	760	590	770	650	890	650	460	250	690	960	540	670	480	760	360	330	120	530	170	410	230	700	460	580	350	600	210	930	570	140	380	850	760	230	960	870	200	450	390	480	300	610	280	710	830	640	720	650	500	540	790	220	990	400	620	620	660	180	680	790	950	720	990	220	680	480	270	200	290	700	360	890	190	440	300	160	600	160	130	1000	890	150	720	200	470	960	760	360	530	160	220	490	730	500	940	870	980	550	800	300	320	990	840	700	740	880	270	560	530	880	550	450	670	860	180	190	800	490	650	100	920	780	850	620	810	290	590	880	750	450	310	340	130	310	440	570	960	260	170	270	530	580	450	980	240	730	600	480	280	650	560	570	310	860	130	590	190	930	320	200	900	940	580	1000	440	850	840	610	570	940	130	830	270	610	290	630	260	900	230	210	810	540	610	640	820	640	510	410	840	990	940	600	760	200	630	640	320	350	520	610	460	830	770	280	300	180	540	830	470	200	390	410	180	130	410	200	770	900	230	730	560	500	700	420	240	260	190	750	840	950	130	860	120	700	770	600	710	710	970	340	430	520	350	710	700	860	860	130	400	610	960	790	810	880	560	690	210	340	860	720	740	320	910	880	420	110	490	720	430	510	260	890	450	890	270	630	510	470	990	380	860	250	750	540	900	690	540	110	580	1000	120	550	740	820	430	540	760	440	950	410	910	920	200	890	890	800	100	790	570	740	600	470	730	1000	140	350	520	410	440	950	410	910	480	680	840	360	890	210	230	670	270	780	760	290	670	580	630	350	760	270	450	880	300	610	570	590	550	580	190	870	500	190	220	890	230	810	650	970	780	960	840	480	970	270	630	530	350	420	170	200	550	650	240	220	150	480	180	390	710	410	350	480	900	690	410	520	540	780	960	530	430	250	530	300	100	990	200	110	460	200	450	890	560	100	650	660	800	560	410	200	160	290	460	440	450	380	200	880	860	960	210	960	910	190	700	150	720	350	600	970	180	700	400	710	840	840	710	140	690	340	410	650	200	340	840	950	580	390	860	410	970	550	920	510	380	700	440	510	550	770	760	640	960	890	610	470	480	530	260	190	900	660	120	800	110	590	650	820	390	840	450	830	190	200	790	360	350	900	900	740	650	550	580	450	910	690	520	780	550	660	300	960	340	810	550	280	190	540	380	230	430	680	820	600	730	120	550	100	670	660	420	420	970	550	650	890	700	230	890	980	500	840	680	590	320	450	220	170	410	480	610	650	440	760	630	790	200	390	340	590	910	120	370	520	210	720	310	210	210	960	580	740	770	590	670	560	120	830	390	650	570	620	500	820	240	760	420	270	580	830	960	560	760	590	950	950	250	680	110	130	330	580	620	530	240	140	690	610	840	330	690	130	960	590	470	810	900	420	110	340	590	580	520	810	870	470	830	740	580	510	760	610	140	800	280	160	830	160	510	210	200	970	720	440	680	620	990	940	590	590	510	430	890	490	390	410	590	920	340	1000	240	740	250	810	200	310	570	190	750	730	250	550	870	690	300	220	480	780	930	870	870	560	830	380	1000	320	180	360	380	580	310	390	480	810	130	620	720	370	240	920	950	250	420	310	680	380	320	670	840	470	730	580	340	740	500	360	910	620	390	790	680	610	970	980	230	850	860	650	730	440	550	580	100	910	900	890	340	300	960	360	490	220	980	110	110	320	420	230	770	510	310	660	550	320	320	400	780	230	260	200	270	390	460	640	760	780	940	530	760	240	580	820	680	920	490	540	860	960	630	890	350	850	770	200	530	470	980	800	850	920	830	440	1000	380	320	930	550	990	360	900	470	710	400	730	250	340	400	780	150	150	720	850	220	880	260	460	650	960	970	450	540	400	700	600	190	810	590	850	600	910	110	190	170	490	250	250	410	560	500	330	130	270	140	490	260	870	130	410	280	730	150	330	210	300	670	750	900	330	310	100	580	770	610	720	300	780	100	300	210	440	300	970	500	870	640	110	590	880	220	750	420	640	980	560	150	330	820	430	230	780	110	930	990	480	900	860	960	470	870	900	720	740	550	560	590	550	320	960	970	760	880	310	160	310	960	880	120	250	660	180	1000	690	1000	320	820	220	930	100	390	780	530	790	110	970	990	730	400	590	110	330	470	850	850	750	240	420	900	740	890	380	710	190	260	180	290	240	670	230	710	940	410	680	470	560	420	260	380	330	100	770	770	220	700	290	560	240	870	840	650	160	930	610	440	910	270	790	780	630	150	600	750	890	180	760	610	280	200	660	440	300	780	540	880	730	370	310	980	780	530	720	850	360	960	420	590	730	960	890	390	250	440	690	800	610	910	780	350	940	340	620	670	400	950	960	680	580	290	440	830	420	200	160	440	690	990	440	520	430	980	180	140	410	550	1000	470	590	890	290	160	800	100	540	150	120	280	460	860	950	160	320	350	710	530	140	270	360	310	330	520	100	320	810	600	280	720	350	570	950	480	620	780	700	870	390	600	840	790	330	770	900	400	450	370	900	960	850	310	410	410	370	880	760	650	840	590	800	930	700	640	500	190	970	510	780	190	350	130	350	460	170	700	330	460	170	220	600	310	510	410	640	950	120	410	120	190	550	630	800	420	810	540	640	860	520	580	440	790	730	960	210	310	180	170	500	220	550	580	590	480	750	140	120	400	170	320	700	500	930	890	310	430	550	990	770	330	810	680	600	110	660	720	400	540	840	850	520	890	920	810	210	350	510	520	500	630	420	830	830	160	620	460	880	510	100	900	360	390	310	490	710	610	890	180	250	490	290	840	140	170	930	470	850	300	810	750	280	600	790	100	210	940	540	300	450	550	500	180	1000	940	400	640	780	490	340	890	780	880	470	790	570	220	740	900	880	180	380	660	590	340	310	620	660	150	500	380	680	330	520	550	140	910	470	340	640	940	360	970	810	650	270	870	210	450	490	110	860	560	420	740	110	740	780	560	690	500	520	880	170	960	230	930	120	220	730	350	330	230	690	210	190	790	160	990	390	850	170	290	810	930	340	230	840	450	470	320	480	220	120	290	140	100	410	250	390	440	660	260	360	400	870	950	870	250	570	140	100	580	230	910	860	490	710	110	170	970	540	980	110	590	540	110	870	370	470	210	600	670	230	680	180	830	640	600	160	980	950	590	130	910	610	390	930	470	810	850	430	630	380	290	920	990	360	370	170	480	200	390	440	450	510	460	850	960	620	500	380	920	920	380	110	690	330	530	360	140	180	500	430	520	440	520	450	110	520	890	990	370	150	150	690	990	320	280	330	880	830	360	170	760	260	390	900	940	530	400	970	420	160	310	580	160	500	810	160	280	300	390	350	470	770	130	290	770	920	870	570	820	890	240	720	410	310	880	880	840	640	950	630	780	950	230	100	460	160	690	360	200	340	900	320	450	490	920	660	380	650	670	630	560	920	200	530	860	590	410	540	570	890	460	310	470	690	130	830	310	610	360	870	100	750	620	980	420	370	340	470	880	750	520	800	530	660	780	250	400	520	870	690	590	490	140	110	840	610	630	110	500	260	700	600	240	250	740	900	960	520	970	780	770	1000	320	120	100	760	850	700	310	760	600	210	820	140	910	660	460	240	550	260	940	680	590	780	330	240	210	410	620	210	540	970	600	460	990	590	580	780	730	280	130	830	830	450	140	690	310	780	150	410	120	500	970	530	270	990	440	640	820	190	330	960	800	760	520	150	640	450	710	690	880	680	750	270	460	990	370	400	580	840	620	910	250	120	130	260	950	490	630	970	770	650	560	700	970	560	750	540	880	300	510	810	230	280	430	400	560	210	790	250	930	610	730	1000	150	710	270	340	540	670	370	950	630	450	830	750	930	940	360	440	450	110	890	970	260	190	570	700	770	360	730	440	590	560	120	750	430	350	760	760	660	630	760	840	190	870	900	700	430	450	760	760	800	760	510	410	930	130	610	430	810	450	420	970	180	940	200	570	450	930	410	460	820	810	190	960	200	530	910	560	540	370	880	470	390	200	500	350	160	280	130	500	380	820	790	560	410	390	1000	130	630	270	370	930	430	610	840	770	170	970	280	910	710	370	630	680	430	690	460	490	750	620	880	250	640	570	120	390	150	920	420	770	850	920	650	220	
1
