6426
120
3
90
0	0	0	0	0	0	0	0	0	0	0	0	500	0	0	0	0	0	0	0	0	0	0	0	0	0	0	0	0	0	0	0	0	0	0	0	0	0	0	0	0	0	0	0	0	0	0	0	0	0	0	0	0	0	0	0	0	0	0	0	0	0	0	0	500	0	0	0	0	0	0	0	0	0	0	0	0	0	0	0	0	0	0	0	0	0	0	0	0	0	0	0	0	0	0	0	0	0	500	0	0	0	0	0	0	0	0	0	0	0	0	0	0	0	0	0	0	0	0	0	
0	0	0	0	0	0	0	0	0	0	0	0	0	0	0	0	0	0	0	0	0	0	0	0	0	0	0	0	0	0	0	0	0	0	0	0	0	0	0	0	0	0	0	0	0	0	0	0	0	500	0	0	0	0	0	0	0	0	0	0	0	0	0	0	0	500	0	0	0	0	0	500	0	0	0	0	0	0	0	0	0	0	0	0	0	0	0	0	0	0	0	0	0	0	0	0	0	0	0	0	0	0	0	0	0	0	0	0	0	0	0	0	0	0	0	0	0	0	0	0	
0	0	0	0	500	0	0	0	0	0	0	0	0	0	0	0	0	0	0	0	0	0	0	0	0	0	0	0	0	0	0	0	0	0	0	0	0	0	0	0	0	500	0	0	0	0	0	0	0	0	0	0	0	0	0	0	0	0	0	0	0	0	0	0	0	0	0	0	0	0	0	0	0	0	0	0	0	0	0	0	0	0	0	0	0	0	0	0	0	0	0	0	0	0	0	0	0	0	0	0	0	0	0	0	0	0	0	0	0	0	0	500	0	0	0	0	0	0	0	0	
0	0	0	0	0	500	0	0	0	0	0	0	0	0	0	0	0	0	0	0	0	0	0	0	0	0	0	0	0	0	0	0	0	0	0	0	0	0	0	0	0	0	0	0	0	0	0	0	0	0	0	0	0	0	0	0	0	0	0	0	500	0	0	0	0	0	0	0	0	0	0	0	0	0	0	0	0	0	0	0	0	0	0	0	0	0	0	0	0	0	0	0	0	0	0	0	0	0	0	0	0	0	500	0	0	0	0	0	0	0	0	0	0	0	0	0	0	0	0	0	
0	0	500	0	0	0	0	0	0	0	0	0	0	0	0	0	0	0	0	0	0	0	0	0	0	0	0	0	0	0	0	0	0	0	0	0	0	0	0	0	0	0	0	0	0	0	0	0	0	0	0	0	0	0	0	0	0	0	0	0	0	0	0	0	0	0	0	0	0	0	500	0	0	0	0	0	0	0	0	0	0	0	0	0	0	500	0	0	0	0	0	0	0	0	0	0	0	0	0	0	0	0	0	0	0	0	0	0	0	0	0	0	0	0	0	0	0	0	0	0	
0	0	0	500	0	0	0	0	0	0	0	0	0	0	0	0	0	0	0	0	0	0	0	0	0	0	0	0	0	0	0	0	0	0	0	0	0	0	0	0	0	0	0	0	0	500	0	0	0	0	0	0	0	0	0	0	0	0	0	0	500	0	0	0	0	0	0	0	0	0	0	0	0	0	0	0	0	0	0	0	0	0	0	0	0	0	0	0	0	0	0	0	0	0	0	0	0	0	0	0	0	0	0	0	0	0	0	0	0	0	0	0	0	0	0	0	0	0	0	0	
0	0	0	0	0	0	0	0	0	0	0	0	0	0	0	0	0	0	500	0	0	0	0	0	0	500	0	0	0	0	0	0	0	0	0	0	0	0	0	0	0	0	0	0	0	0	0	0	0	0	0	0	0	0	0	0	0	0	0	0	0	0	0	0	0	0	0	0	0	0	0	0	0	0	0	0	0	0	0	0	0	0	0	0	0	0	0	0	0	0	0	0	0	500	0	0	0	0	0	0	0	0	0	0	0	0	0	0	0	0	0	0	0	0	0	0	0	0	0	0	
0	0	0	0	0	0	0	0	0	0	0	0	0	0	0	0	0	0	0	0	0	0	0	0	0	0	0	0	0	0	0	0	0	0	0	0	0	0	0	0	0	0	0	500	0	0	0	0	0	0	0	500	0	0	0	0	0	0	0	0	0	0	0	0	0	0	0	0	0	0	0	0	0	0	0	0	0	0	0	0	0	0	0	0	0	0	0	0	0	0	0	0	0	0	0	0	0	0	0	0	0	0	0	0	0	0	0	0	0	0	0	0	0	0	500	0	0	0	0	0	
0	0	0	0	0	0	0	0	0	0	0	0	0	0	0	0	0	0	0	0	0	0	0	0	0	0	0	0	0	0	0	0	0	0	0	0	0	0	0	0	0	0	0	0	0	0	0	0	0	0	0	0	0	0	0	0	0	0	0	0	0	0	0	0	0	0	0	0	0	0	0	0	0	0	0	0	0	0	0	0	0	0	0	0	0	0	0	0	0	0	0	0	500	0	500	0	500	0	0	0	0	0	0	0	0	0	0	0	0	0	0	0	0	0	0	0	0	0	0	0	
0	0	0	0	0	0	0	0	0	0	0	0	0	0	0	0	0	0	0	0	0	0	0	500	0	0	0	0	0	0	0	0	0	0	0	0	0	0	0	0	0	0	0	0	0	0	0	0	0	0	0	0	500	0	0	0	0	0	0	0	0	0	0	0	0	0	0	0	0	0	0	0	0	0	0	0	0	0	500	0	0	0	0	0	0	0	0	0	0	0	0	0	0	0	0	0	0	0	0	0	0	0	0	0	0	0	0	0	0	0	0	0	0	0	0	0	0	0	0	0	
0	0	0	0	0	0	0	0	0	0	0	0	500	0	0	0	0	0	0	500	0	0	500	0	0	0	0	0	0	0	0	0	0	0	0	0	0	0	0	0	0	0	0	0	0	0	0	0	0	0	0	0	0	0	0	0	0	0	0	0	0	0	0	0	0	0	0	0	0	0	0	0	0	0	0	0	0	0	0	0	0	0	0	0	0	0	0	0	0	0	0	0	0	0	0	0	0	0	0	0	0	0	0	0	0	0	0	0	0	0	0	0	0	0	0	0	0	0	0	0	
0	0	0	0	0	0	0	0	0	0	0	0	0	0	0	0	0	0	0	0	0	0	0	0	0	0	0	0	0	0	0	0	0	0	0	0	500	0	0	0	0	0	0	0	0	0	0	0	0	0	0	0	0	0	500	0	0	0	0	0	0	0	0	0	0	0	0	0	0	0	0	0	0	0	0	0	0	0	0	0	0	0	0	0	0	0	0	0	0	0	0	0	0	0	0	0	0	0	0	0	0	0	0	0	0	0	0	0	0	0	0	0	0	0	0	500	0	0	0	0	
500	0	0	0	0	0	0	0	0	0	500	0	0	0	0	0	0	0	0	0	0	0	0	0	0	0	0	0	0	0	0	0	0	0	0	0	0	0	0	0	0	0	0	0	0	0	0	0	0	0	0	0	0	0	0	0	0	0	0	0	0	0	0	0	500	0	0	0	0	0	0	0	0	0	0	0	0	0	0	0	0	0	0	0	0	0	0	0	0	0	0	0	0	0	0	0	0	0	0	0	0	0	0	0	0	0	0	0	0	0	0	0	0	0	0	0	0	0	0	0	
0	0	0	0	0	0	0	0	0	0	0	0	0	0	0	0	0	0	0	0	0	0	0	0	0	0	0	0	0	0	0	0	0	0	0	0	0	0	0	0	0	0	0	0	0	0	0	0	0	0	500	0	0	0	0	0	0	500	0	0	0	0	0	0	0	0	0	0	0	0	0	0	0	0	0	0	0	0	0	0	0	0	0	0	500	0	0	0	0	0	0	0	0	0	0	0	0	0	0	0	0	0	0	0	0	0	0	0	0	0	0	0	0	0	0	0	0	0	0	0	
0	0	0	0	0	0	0	0	0	0	0	0	0	0	0	0	0	0	0	0	0	0	0	0	0	0	0	0	0	0	500	0	0	0	0	0	0	0	0	500	0	0	0	0	0	0	0	0	0	0	0	0	0	0	0	0	0	0	0	0	0	0	0	0	0	0	0	0	0	0	0	0	0	0	0	0	0	0	0	0	0	0	0	0	0	0	0	0	0	0	0	0	0	0	0	0	0	0	0	0	0	0	0	0	0	0	0	0	0	0	0	0	0	0	500	0	0	0	0	0	
0	0	0	0	0	0	0	0	0	0	0	0	0	0	0	0	0	0	0	0	0	0	0	0	0	0	0	0	0	0	0	0	0	500	0	0	0	0	0	0	0	0	0	0	0	0	0	0	0	0	0	0	0	0	0	0	0	0	0	0	0	0	0	0	0	0	500	0	0	0	0	0	0	0	0	0	0	0	0	0	0	0	0	0	0	0	0	0	0	0	0	0	0	0	0	0	0	0	0	0	0	0	0	0	0	0	0	500	0	0	0	0	0	0	0	0	0	0	0	0	
0	0	0	0	0	0	0	0	0	0	0	0	0	0	0	0	0	0	0	0	0	0	0	0	0	0	0	0	0	0	0	0	0	0	0	0	0	0	0	0	0	0	0	0	0	0	0	0	0	0	0	0	500	0	0	0	0	0	0	0	0	0	0	0	0	0	0	0	0	0	0	0	0	0	0	0	0	0	0	500	0	0	0	0	0	0	0	0	0	0	0	0	0	0	0	0	0	0	0	0	0	0	0	0	0	0	500	0	0	0	0	0	0	0	0	0	0	0	0	0	
0	0	0	0	0	0	0	0	0	0	0	0	0	0	0	0	0	0	0	0	0	0	0	0	0	0	0	0	0	500	0	0	0	0	0	0	0	0	0	0	0	0	0	0	0	0	0	0	0	0	0	0	0	0	0	0	0	0	0	0	0	0	0	0	0	0	0	0	0	0	0	0	0	500	0	0	0	0	0	0	0	0	0	0	0	0	0	0	0	0	0	500	0	0	0	0	0	0	0	0	0	0	0	0	0	0	0	0	0	0	0	0	0	0	0	0	0	0	0	0	
0	0	0	0	0	0	500	0	0	0	0	0	0	0	0	0	0	0	0	0	0	0	0	0	0	500	0	0	0	0	0	0	0	0	0	0	0	0	0	0	0	0	0	0	0	0	0	0	0	0	0	0	0	0	0	0	0	0	0	0	0	0	0	0	0	0	0	0	0	0	0	0	0	0	0	0	0	0	0	0	0	0	0	0	0	0	0	0	0	0	0	0	0	500	0	0	0	0	0	0	0	0	0	0	0	0	0	0	0	0	0	0	0	0	0	0	0	0	0	0	
0	0	0	0	0	0	0	0	0	0	500	0	0	0	0	0	0	0	0	0	0	0	500	0	0	0	0	0	0	0	0	0	0	0	0	0	0	0	0	0	0	0	0	0	0	0	0	0	0	0	0	0	0	0	0	0	0	0	0	500	0	0	0	0	0	0	0	0	0	0	0	0	0	0	0	0	0	0	0	0	0	0	0	0	0	0	0	0	0	0	0	0	0	0	0	0	0	0	0	0	0	0	0	0	0	0	0	0	0	0	0	0	0	0	0	0	0	0	0	0	
0	0	0	0	0	0	0	0	0	0	0	0	0	0	0	0	0	0	0	0	0	0	0	0	0	0	0	0	0	0	0	0	0	0	0	0	0	0	0	0	0	0	0	0	0	0	0	0	0	0	0	0	0	0	0	0	0	0	0	500	0	0	500	0	0	0	0	0	0	0	0	0	0	0	0	0	0	0	0	0	0	0	0	0	0	0	0	0	0	0	0	0	0	0	0	0	0	0	0	0	0	0	0	0	0	0	0	0	0	0	0	0	0	0	0	0	0	0	0	500	
0	0	0	0	0	0	0	0	0	0	0	0	0	0	0	0	0	0	0	0	0	0	0	0	0	0	0	0	0	500	0	0	0	0	0	0	0	0	0	0	0	0	0	0	0	0	500	0	0	0	0	0	0	0	0	0	0	0	0	0	0	0	0	0	0	0	0	0	0	0	0	0	0	500	0	0	0	0	0	0	0	0	0	0	0	0	0	0	0	0	0	0	0	0	0	0	0	0	0	0	0	0	0	0	0	0	0	0	0	0	0	0	0	0	0	0	0	0	0	0	
0	0	0	0	0	0	0	0	0	0	500	0	0	0	0	0	0	0	0	500	0	0	0	0	0	0	0	0	0	0	0	0	0	0	0	0	0	0	0	0	0	0	0	0	0	0	0	0	0	0	0	0	0	0	0	0	0	0	0	500	0	0	0	0	0	0	0	0	0	0	0	0	0	0	0	0	0	0	0	0	0	0	0	0	0	0	0	0	0	0	0	0	0	0	0	0	0	0	0	0	0	0	0	0	0	0	0	0	0	0	0	0	0	0	0	0	0	0	0	0	
0	0	0	0	0	0	0	0	0	500	0	0	0	0	0	0	0	0	0	0	0	0	0	0	0	0	0	0	0	0	0	0	0	0	0	0	0	0	0	0	0	500	0	0	0	0	0	0	0	0	0	0	500	0	0	0	0	0	0	0	0	0	0	0	0	0	0	0	0	0	0	0	0	0	0	0	0	0	0	0	0	0	0	0	0	0	0	0	0	0	0	0	0	0	0	0	0	0	0	0	0	0	0	0	0	0	0	0	0	0	0	0	0	0	0	0	0	0	0	0	
0	0	0	0	0	0	0	0	0	0	0	0	0	0	0	0	0	0	0	0	0	0	0	0	0	0	0	0	0	500	0	0	0	0	0	0	0	0	0	0	0	0	0	0	0	0	0	0	0	0	0	0	0	0	0	0	0	0	0	0	0	0	0	0	0	0	0	0	0	0	0	0	0	0	0	0	500	0	0	0	0	0	0	0	0	0	0	0	0	0	0	0	0	0	0	0	0	0	0	0	0	0	0	0	0	0	0	0	0	500	0	0	0	0	0	0	0	0	0	0	
0	0	0	0	0	0	500	0	0	0	0	0	0	0	0	0	0	0	500	0	0	0	0	0	0	0	0	0	0	0	0	0	0	0	0	0	0	0	0	0	0	0	0	0	0	0	0	0	0	0	0	0	0	0	0	0	0	0	0	0	0	0	0	0	0	0	0	0	0	0	0	0	0	0	0	0	0	0	0	0	0	0	0	0	0	0	0	0	0	0	0	0	0	0	0	0	0	0	0	0	0	0	0	0	0	0	0	0	500	0	0	0	0	0	0	0	0	0	0	0	
0	0	0	0	0	0	0	0	0	0	0	0	0	0	0	0	0	0	0	0	0	0	0	0	0	0	0	0	0	0	0	500	0	0	0	0	0	0	0	0	0	0	0	0	0	0	0	0	0	0	0	0	0	0	0	0	0	0	0	0	0	0	0	0	0	0	0	0	500	0	0	0	500	0	0	0	0	0	0	0	0	0	0	0	0	0	0	0	0	0	0	0	0	0	0	0	0	0	0	0	0	0	0	0	0	0	0	0	0	0	0	0	0	0	0	0	0	0	0	0	
0	0	0	0	0	0	0	0	0	0	0	0	0	0	0	0	0	0	0	0	0	0	0	0	0	0	0	0	0	0	0	0	0	0	0	500	0	0	0	0	0	0	0	0	0	0	0	0	0	0	0	0	0	0	0	0	0	0	0	0	0	0	0	0	0	0	0	0	0	0	0	0	0	0	0	0	0	0	0	0	500	0	0	0	0	0	0	0	0	0	0	0	0	0	0	0	0	0	0	0	0	500	0	0	0	0	0	0	0	0	0	0	0	0	0	0	0	0	0	0	
0	0	0	0	0	0	0	0	0	0	0	0	0	0	0	0	0	0	0	0	0	0	0	0	0	0	0	0	0	0	0	0	0	0	0	0	0	0	0	0	0	0	0	0	0	0	0	0	0	0	0	0	0	0	0	0	500	0	0	0	0	0	0	0	0	0	0	0	0	0	0	0	0	0	0	0	0	0	0	500	0	0	0	0	0	0	0	0	0	0	0	0	0	0	0	0	0	0	0	0	0	0	0	0	0	0	500	0	0	0	0	0	0	0	0	0	0	0	0	0	
0	0	0	0	0	0	0	0	0	0	0	0	0	0	0	0	0	500	0	0	0	500	0	0	500	0	0	0	0	0	0	0	0	0	0	0	0	0	0	0	0	0	0	0	0	0	0	0	0	0	0	0	0	0	0	0	0	0	0	0	0	0	0	0	0	0	0	0	0	0	0	0	0	0	0	0	0	0	0	0	0	0	0	0	0	0	0	0	0	0	0	0	0	0	0	0	0	0	0	0	0	0	0	0	0	0	0	0	0	0	0	0	0	0	0	0	0	0	0	0	
0	0	0	0	0	0	0	0	0	0	0	0	0	0	500	0	0	0	0	0	0	0	0	0	0	0	0	0	0	0	0	0	0	0	0	0	0	0	0	500	0	0	0	0	0	0	0	0	0	0	0	0	0	0	0	0	0	0	0	0	0	0	0	0	0	0	0	0	0	0	0	0	0	0	0	0	0	0	0	0	0	0	0	0	0	0	0	0	0	0	0	0	0	0	0	0	0	0	0	0	0	0	0	0	0	0	0	0	0	0	0	0	0	0	500	0	0	0	0	0	
0	0	0	0	0	0	0	0	0	0	0	0	0	0	0	0	0	0	0	0	0	0	0	0	0	0	500	0	0	0	0	0	0	0	0	0	0	0	0	0	0	0	0	0	0	0	0	0	0	0	0	0	0	0	0	0	0	0	0	0	0	0	0	0	0	0	0	0	0	0	0	500	0	0	0	0	0	0	0	0	0	0	0	0	0	0	0	0	0	0	0	0	0	0	0	0	0	0	0	0	0	0	0	0	0	0	0	500	0	0	0	0	0	0	0	0	0	0	0	0	
0	0	0	0	0	0	0	0	0	0	0	0	0	0	0	0	0	0	0	0	0	0	0	0	0	0	0	0	0	0	0	0	0	0	0	0	0	0	0	0	0	0	0	0	0	0	0	0	0	0	0	0	0	0	0	0	0	0	0	0	0	0	0	0	500	0	0	0	0	0	0	0	0	0	0	0	0	0	0	0	0	0	0	0	0	0	500	0	0	0	0	0	0	0	0	0	0	0	0	0	0	0	0	0	0	0	0	0	0	0	0	0	0	0	0	0	0	0	0	500	
0	0	0	0	0	0	0	0	0	0	0	0	0	0	0	500	0	0	0	0	0	0	0	0	0	0	0	0	0	0	0	0	0	0	0	0	0	0	0	0	0	0	0	0	0	0	0	0	0	0	0	0	0	0	0	0	0	0	0	0	0	0	0	0	0	0	0	0	0	0	0	500	0	0	0	0	0	500	0	0	0	0	0	0	0	0	0	0	0	0	0	0	0	0	0	0	0	0	0	0	0	0	0	0	0	0	0	0	0	0	0	0	0	0	0	0	0	0	0	0	
0	0	0	0	0	0	0	0	0	0	0	0	0	0	0	0	0	0	0	0	0	0	0	0	0	0	0	0	0	0	0	0	0	0	0	0	0	0	0	0	0	0	0	0	0	0	0	0	0	0	0	0	0	0	0	0	0	0	0	0	0	0	0	0	0	0	0	0	0	0	0	0	0	500	0	0	0	0	0	0	0	0	0	0	0	0	0	0	0	0	0	500	0	0	0	0	0	0	0	0	0	0	0	0	0	0	0	0	0	0	0	0	0	500	0	0	0	0	0	0	
0	0	0	0	0	0	0	0	0	0	0	0	0	0	0	0	0	0	0	0	0	0	0	0	0	0	0	500	0	0	0	0	0	0	0	0	0	0	0	0	0	0	0	0	0	0	0	0	0	0	0	0	0	0	0	0	0	0	0	0	0	0	0	0	0	0	0	0	0	0	0	0	0	0	0	0	0	0	0	0	500	0	0	0	0	0	0	0	0	0	0	0	0	0	0	0	0	0	0	0	0	500	0	0	0	0	0	0	0	0	0	0	0	0	0	0	0	0	0	0	
0	0	0	0	0	0	0	0	0	0	0	500	0	0	0	0	0	0	0	0	0	0	0	0	0	0	0	0	0	0	0	0	0	0	0	0	0	0	0	0	0	0	0	0	0	0	0	0	0	0	0	0	0	0	0	0	0	0	0	0	0	0	0	0	0	0	0	0	0	0	0	0	0	0	0	500	0	0	0	0	0	0	0	0	0	0	0	0	0	0	0	0	0	0	0	0	0	0	0	0	0	0	0	0	0	0	0	0	0	0	0	0	0	0	0	500	0	0	0	0	
0	0	0	0	0	0	0	0	0	0	0	0	0	0	0	0	0	0	0	0	0	0	0	0	0	0	0	0	0	0	0	0	0	0	0	0	0	0	0	0	0	0	0	0	0	0	0	0	0	0	0	0	0	0	0	0	500	0	0	0	0	0	0	0	0	0	0	0	0	0	0	0	0	0	0	0	0	0	0	0	0	0	0	0	0	0	0	0	0	0	0	0	0	0	0	0	0	0	0	0	0	0	0	0	500	0	500	0	0	0	0	0	0	0	0	0	0	0	0	0	
0	0	0	0	0	0	0	0	0	0	0	0	0	0	0	0	0	0	0	0	0	0	0	0	0	0	0	0	0	0	0	0	0	0	0	0	0	0	0	500	0	0	0	0	0	0	0	0	0	500	0	0	0	0	0	0	0	0	0	0	0	0	0	0	0	500	0	0	0	0	0	0	0	0	0	0	0	0	0	0	0	0	0	0	0	0	0	0	0	0	0	0	0	0	0	0	0	0	0	0	0	0	0	0	0	0	0	0	0	0	0	0	0	0	0	0	0	0	0	0	
0	0	0	0	0	0	0	0	0	0	0	0	0	0	500	0	0	0	0	0	0	0	0	0	0	0	0	0	0	0	500	0	0	0	0	0	0	0	500	0	0	0	0	0	0	0	0	0	0	0	0	0	0	0	0	0	0	0	0	0	0	0	0	0	0	0	0	0	0	0	0	0	0	0	0	0	0	0	0	0	0	0	0	0	0	0	0	0	0	0	0	0	0	0	0	0	0	0	0	0	0	0	0	0	0	0	0	0	0	0	0	0	0	0	0	0	0	0	0	0	
0	0	0	0	0	0	0	0	0	0	0	0	0	0	0	0	0	0	0	0	0	0	0	0	0	0	0	0	0	0	0	0	0	0	0	0	0	0	0	0	0	0	0	0	0	0	0	0	0	0	0	0	0	0	0	0	0	0	0	0	0	0	0	500	0	0	0	0	0	0	500	0	0	0	0	0	0	0	0	0	0	0	0	0	0	0	0	0	0	0	0	0	0	0	0	0	0	0	0	0	0	0	0	0	0	0	0	0	0	0	0	0	0	0	0	0	0	0	500	0	
0	0	500	0	0	0	0	0	0	0	0	0	0	0	0	0	0	0	0	0	0	0	0	500	0	0	0	0	0	0	0	0	0	0	0	0	0	0	0	0	0	0	0	0	0	0	0	0	0	0	0	0	0	0	0	0	0	0	0	0	0	0	0	0	0	0	0	0	0	0	0	0	0	0	0	0	0	0	0	0	0	0	0	0	0	0	0	500	0	0	0	0	0	0	0	0	0	0	0	0	0	0	0	0	0	0	0	0	0	0	0	0	0	0	0	0	0	0	0	0	
0	0	0	0	0	0	0	0	0	0	0	0	0	0	0	0	0	0	0	0	0	0	0	0	0	0	0	0	0	0	0	0	0	0	0	0	0	0	0	0	0	0	0	0	0	0	0	0	0	0	0	0	0	0	0	0	0	0	0	0	0	0	0	0	0	0	0	500	0	0	0	0	0	0	0	0	0	0	0	0	0	0	0	0	0	0	0	0	0	0	0	0	500	0	0	0	0	0	0	0	0	0	0	0	0	0	0	0	0	0	500	0	0	0	0	0	0	0	0	0	
0	0	0	0	0	0	0	500	0	0	0	0	0	0	0	0	0	0	0	0	0	0	0	0	0	0	0	0	0	0	0	0	0	0	0	0	0	0	0	0	0	0	0	0	0	0	0	0	0	0	0	500	0	0	0	0	0	0	0	0	0	0	0	0	0	0	0	0	0	0	0	0	0	0	0	0	0	0	0	0	0	0	0	0	0	0	0	0	0	0	500	0	0	0	0	0	0	0	0	0	0	0	0	0	0	0	0	0	0	0	0	0	0	0	0	0	0	0	0	0	
0	0	0	0	0	0	0	0	0	0	0	0	0	0	0	0	0	0	0	0	0	0	0	0	0	0	0	0	0	0	0	0	0	0	0	0	0	0	0	0	0	0	0	0	0	0	500	0	0	0	0	0	0	0	0	0	0	0	0	0	0	0	0	0	0	0	0	0	0	0	0	0	0	0	0	0	0	0	0	0	0	0	0	500	0	0	0	0	0	500	0	0	0	0	0	0	0	0	0	0	0	0	0	0	0	0	0	0	0	0	0	0	0	0	0	0	0	0	0	0	
0	0	0	0	0	500	0	0	0	0	0	0	0	0	0	0	0	0	0	0	0	0	0	0	0	0	0	0	0	0	0	0	0	0	0	0	0	0	0	0	0	0	0	0	0	0	0	0	0	0	0	0	0	0	0	0	0	0	0	0	500	0	0	0	0	0	0	0	0	0	0	0	0	0	0	0	0	0	0	0	0	0	0	0	0	0	0	0	0	0	0	0	0	500	0	0	0	0	0	0	0	0	0	0	0	0	0	0	0	0	0	0	0	0	0	0	0	0	0	0	
0	0	0	0	0	0	0	0	0	0	0	0	0	0	0	0	0	0	0	0	0	500	0	0	0	0	0	0	0	0	0	0	0	0	0	0	0	0	0	0	0	0	0	0	500	0	0	0	0	0	0	0	0	0	0	0	0	0	0	0	0	0	0	0	0	0	0	0	0	0	0	0	0	0	0	0	0	0	0	0	0	500	0	0	0	0	0	0	0	0	0	0	0	0	0	0	0	0	0	0	0	0	0	0	0	0	0	0	0	0	0	0	0	0	0	0	0	0	0	0	
0	0	0	0	0	0	0	0	0	0	0	0	0	0	0	0	0	0	0	0	0	0	0	0	0	0	0	0	0	0	0	0	0	0	0	0	0	0	0	0	0	0	0	0	0	0	0	0	0	0	0	0	0	0	0	0	0	0	0	0	0	500	0	0	0	0	0	0	0	500	0	0	0	0	0	0	0	0	0	0	0	0	0	0	0	0	0	0	0	0	0	0	0	0	500	0	0	0	0	0	0	0	0	0	0	0	0	0	0	0	0	0	0	0	0	0	0	0	0	0	
0	0	0	0	0	0	0	0	0	0	0	0	0	0	0	0	0	0	0	0	0	0	0	0	0	0	0	0	0	0	0	0	0	0	0	0	0	0	0	0	0	0	0	0	0	0	0	0	0	0	0	0	0	0	0	0	0	0	0	0	0	0	0	500	0	0	0	0	0	0	0	0	0	0	0	0	0	0	0	0	0	0	0	0	0	0	0	0	0	0	0	0	0	0	0	0	0	0	0	500	0	0	0	0	0	0	0	0	0	0	0	0	0	0	0	0	0	500	0	0	
0	500	0	0	0	0	0	0	0	0	0	0	0	0	0	0	0	0	0	0	0	0	0	0	0	0	0	0	0	0	0	0	0	0	0	0	0	0	500	0	0	0	0	0	0	0	0	0	0	0	0	0	0	0	0	0	0	0	0	0	0	0	0	0	0	500	0	0	0	0	0	0	0	0	0	0	0	0	0	0	0	0	0	0	0	0	0	0	0	0	0	0	0	0	0	0	0	0	0	0	0	0	0	0	0	0	0	0	0	0	0	0	0	0	0	0	0	0	0	0	
0	0	0	0	0	0	0	0	0	0	0	0	0	500	0	0	0	0	0	0	0	0	0	0	0	0	0	0	0	0	0	0	0	0	0	0	0	0	0	0	0	0	0	0	0	0	0	0	0	0	0	0	0	0	0	0	0	0	0	0	0	500	0	0	0	0	0	0	0	0	0	0	0	0	0	0	0	0	0	0	0	0	0	0	500	0	0	0	0	0	0	0	0	0	0	0	0	0	0	0	0	0	0	0	0	0	0	0	0	0	0	0	0	0	0	0	0	0	0	0	
0	0	0	0	0	0	0	500	0	0	0	0	0	0	0	0	0	0	0	0	0	0	0	0	0	0	0	0	0	0	0	0	0	0	0	0	0	0	0	0	0	0	0	500	0	0	0	0	0	0	0	0	0	0	0	0	0	0	0	0	0	0	0	0	0	0	0	0	0	0	0	0	0	0	0	0	0	0	0	0	0	0	0	0	0	0	0	0	0	0	500	0	0	0	0	0	0	0	0	0	0	0	0	0	0	0	0	0	0	0	0	0	0	0	0	0	0	0	0	0	
0	0	0	0	0	0	0	0	0	500	0	0	0	0	0	0	500	0	0	0	0	0	0	500	0	0	0	0	0	0	0	0	0	0	0	0	0	0	0	0	0	0	0	0	0	0	0	0	0	0	0	0	0	0	0	0	0	0	0	0	0	0	0	0	0	0	0	0	0	0	0	0	0	0	0	0	0	0	0	0	0	0	0	0	0	0	0	0	0	0	0	0	0	0	0	0	0	0	0	0	0	0	0	0	0	0	0	0	0	0	0	0	0	0	0	0	0	0	0	0	
0	0	0	0	0	0	0	0	0	0	0	0	0	0	0	0	0	0	0	0	0	0	0	0	0	0	0	0	0	0	0	0	0	0	0	0	0	0	0	0	0	0	0	0	0	0	0	0	0	0	0	0	0	0	0	500	0	0	0	0	0	0	0	0	0	0	0	500	0	0	0	0	0	0	0	0	0	0	0	0	0	0	0	0	0	0	0	0	0	0	0	0	500	0	0	0	0	0	0	0	0	0	0	0	0	0	0	0	0	0	0	0	0	0	0	0	0	0	0	0	
0	0	0	0	0	0	0	0	0	0	0	500	0	0	0	0	0	0	0	0	0	0	0	0	0	0	0	0	0	0	0	0	0	0	0	0	0	0	0	0	0	0	0	0	0	0	0	0	0	0	0	0	0	0	0	0	0	0	0	0	0	0	0	0	0	0	0	0	0	0	0	0	0	0	0	0	0	0	0	0	0	0	0	0	0	0	0	0	500	0	0	0	0	0	0	0	0	0	0	0	0	0	0	0	0	0	0	0	0	0	0	0	0	0	0	500	0	0	0	0	
0	0	0	0	0	0	0	0	0	0	0	0	0	0	0	0	0	0	0	0	0	0	0	0	0	0	0	0	0	0	0	0	0	0	0	0	0	0	0	0	0	0	0	0	0	0	0	0	0	0	0	0	0	500	0	0	0	0	0	0	0	0	0	0	0	0	0	500	0	0	0	0	0	0	500	0	0	0	0	0	0	0	0	0	0	0	0	0	0	0	0	0	0	0	0	0	0	0	0	0	0	0	0	0	0	0	0	0	0	0	0	0	0	0	0	0	0	0	0	0	
0	0	0	0	0	0	0	0	0	0	0	0	0	0	0	0	0	0	0	0	0	0	0	0	0	0	0	0	500	0	0	0	0	0	0	0	0	500	0	0	0	0	0	0	0	0	0	0	0	0	0	0	0	0	0	0	0	0	0	0	0	0	0	0	0	0	0	0	0	0	0	0	0	0	0	0	0	0	0	500	0	0	0	0	0	0	0	0	0	0	0	0	0	0	0	0	0	0	0	0	0	0	0	0	0	0	0	0	0	0	0	0	0	0	0	0	0	0	0	0	
0	0	0	0	0	0	0	0	0	0	0	0	0	500	0	0	0	0	0	0	0	0	0	0	0	0	0	0	0	0	0	0	0	0	0	0	0	0	0	0	0	0	0	0	0	0	0	0	0	0	0	0	0	0	0	0	0	0	0	0	0	0	0	0	0	0	0	0	0	0	0	0	0	0	0	0	0	0	0	0	0	0	0	0	500	500	0	0	0	0	0	0	0	0	0	0	0	0	0	0	0	0	0	0	0	0	0	0	0	0	0	0	0	0	0	0	0	0	0	0	
0	0	0	0	0	0	0	0	0	0	0	0	0	0	0	0	0	0	0	0	0	0	0	0	0	0	0	0	0	0	0	0	0	0	0	0	0	0	0	0	0	0	0	0	0	0	0	0	0	0	0	0	0	0	0	0	0	0	0	0	0	0	0	0	0	0	0	0	0	0	0	0	500	0	0	0	0	0	0	0	0	0	0	0	0	0	0	0	0	0	0	0	0	0	0	0	0	500	0	0	0	0	0	0	0	500	0	0	0	0	0	0	0	0	0	0	0	0	0	0	
0	0	0	0	0	0	0	0	0	0	0	0	0	0	0	0	0	0	0	500	500	0	500	0	0	0	0	0	0	0	0	0	0	0	0	0	0	0	0	0	0	0	0	0	0	0	0	0	0	0	0	0	0	0	0	0	0	0	0	0	0	0	0	0	0	0	0	0	0	0	0	0	0	0	0	0	0	0	0	0	0	0	0	0	0	0	0	0	0	0	0	0	0	0	0	0	0	0	0	0	0	0	0	0	0	0	0	0	0	0	0	0	0	0	0	0	0	0	0	0	
0	0	0	500	0	500	0	0	0	0	0	0	0	0	0	0	0	0	0	0	0	0	0	0	0	0	0	0	0	0	0	0	0	0	0	0	0	0	0	0	0	0	0	0	0	500	0	0	0	0	0	0	0	0	0	0	0	0	0	0	0	0	0	0	0	0	0	0	0	0	0	0	0	0	0	0	0	0	0	0	0	0	0	0	0	0	0	0	0	0	0	0	0	0	0	0	0	0	0	0	0	0	0	0	0	0	0	0	0	0	0	0	0	0	0	0	0	0	0	0	
0	0	0	0	0	0	0	0	0	0	0	0	0	0	0	0	0	0	0	0	0	0	0	0	0	0	0	0	0	0	0	0	0	0	0	0	0	0	0	0	0	0	0	0	0	0	0	500	0	0	500	0	0	0	0	0	0	0	0	0	0	0	0	0	0	0	0	0	0	0	0	0	0	0	0	0	0	0	0	0	0	0	0	0	0	0	0	0	0	0	0	0	0	0	500	0	0	0	0	0	0	0	0	0	0	0	0	0	0	0	0	0	0	0	0	0	0	0	0	0	
0	0	0	0	0	0	0	0	0	0	0	0	0	0	0	0	0	0	0	0	500	0	0	0	0	0	0	0	0	0	0	0	0	0	0	0	0	0	0	0	0	0	0	0	0	0	0	0	0	0	0	0	0	0	0	0	0	0	0	0	0	0	0	0	0	0	0	0	0	0	0	0	0	0	0	0	0	0	0	0	0	0	0	0	0	0	0	0	0	0	0	0	0	0	0	0	0	0	500	0	0	0	0	0	0	0	0	0	0	0	0	0	0	0	0	0	0	0	0	500	
0	0	0	0	0	0	0	0	0	0	0	0	0	0	0	0	0	0	0	0	0	0	0	0	0	0	0	0	0	0	0	0	0	0	0	0	0	0	0	0	500	0	0	0	0	0	0	0	500	0	0	0	0	0	0	0	0	0	0	0	0	0	0	0	0	0	0	0	0	0	0	0	0	0	0	0	0	0	0	0	0	0	0	0	0	0	0	0	0	0	0	0	0	0	0	0	0	0	0	0	0	0	0	0	0	0	0	0	0	0	0	0	0	0	0	0	0	0	500	0	
500	0	0	0	0	0	0	0	0	0	0	0	500	0	0	0	0	0	0	0	0	0	0	0	0	0	0	0	0	0	0	0	500	0	0	0	0	0	0	0	0	0	0	0	0	0	0	0	0	0	0	0	0	0	0	0	0	0	0	0	0	0	0	0	0	0	0	0	0	0	0	0	0	0	0	0	0	0	0	0	0	0	0	0	0	0	0	0	0	0	0	0	0	0	0	0	0	0	0	0	0	0	0	0	0	0	0	0	0	0	0	0	0	0	0	0	0	0	0	0	
0	500	0	0	0	0	0	0	0	0	0	0	0	0	0	0	0	0	0	0	0	0	0	0	0	0	0	0	0	0	0	0	0	0	0	0	0	0	500	0	0	0	0	0	0	0	0	0	0	500	0	0	0	0	0	0	0	0	0	0	0	0	0	0	0	0	0	0	0	0	0	0	0	0	0	0	0	0	0	0	0	0	0	0	0	0	0	0	0	0	0	0	0	0	0	0	0	0	0	0	0	0	0	0	0	0	0	0	0	0	0	0	0	0	0	0	0	0	0	0	
0	0	0	0	0	0	0	0	0	0	0	0	0	0	0	500	0	0	0	0	0	0	0	0	0	0	0	0	0	0	0	0	0	0	0	0	0	0	0	0	0	0	0	0	0	0	0	0	0	0	0	0	0	0	0	0	0	0	0	0	0	0	0	0	0	0	0	0	500	0	0	0	0	0	0	0	0	0	0	0	0	0	0	0	0	0	0	0	0	0	0	0	0	0	0	0	0	0	0	0	0	0	0	0	0	0	0	500	0	0	0	0	0	0	0	0	0	0	0	0	
0	0	0	0	0	0	0	0	0	0	0	0	0	0	0	0	0	0	0	0	0	0	0	0	0	0	0	0	0	0	0	0	0	0	0	0	0	0	0	0	0	0	500	0	0	0	0	0	0	0	0	0	0	500	0	500	0	0	0	0	0	0	0	0	0	0	0	0	0	0	0	0	0	0	0	0	0	0	0	0	0	0	0	0	0	0	0	0	0	0	0	0	0	0	0	0	0	0	0	0	0	0	0	0	0	0	0	0	0	0	0	0	0	0	0	0	0	0	0	0	
0	0	0	0	0	0	0	0	0	0	0	0	0	0	0	0	0	0	0	0	0	0	0	0	0	0	500	0	0	0	0	0	0	0	0	0	0	0	0	0	0	0	0	0	0	0	0	0	0	0	0	0	0	0	0	0	0	0	0	0	0	0	0	0	0	0	500	0	0	0	0	0	500	0	0	0	0	0	0	0	0	0	0	0	0	0	0	0	0	0	0	0	0	0	0	0	0	0	0	0	0	0	0	0	0	0	0	0	0	0	0	0	0	0	0	0	0	0	0	0	
0	0	0	0	0	0	0	0	0	0	0	0	0	0	0	0	0	0	0	0	0	0	0	0	0	0	0	0	0	0	0	0	0	0	0	0	0	0	0	0	0	0	0	0	0	0	0	500	0	0	0	0	0	0	0	0	0	0	0	0	0	0	0	0	0	0	0	0	0	0	0	0	0	0	0	0	0	0	0	0	0	500	0	0	0	0	0	0	0	0	0	0	0	0	0	0	0	0	0	0	0	0	0	0	0	0	0	0	0	0	500	0	0	0	0	0	0	0	0	0	
0	0	0	0	500	0	0	0	0	0	0	0	0	0	0	0	0	0	0	0	0	0	0	0	0	0	0	0	0	0	0	0	0	0	0	0	0	0	0	0	500	0	0	0	0	0	0	0	0	0	0	0	0	0	0	0	0	0	0	0	0	0	0	0	0	0	0	0	0	0	0	0	0	0	0	0	0	0	0	0	0	0	0	0	0	0	0	0	500	0	0	0	0	0	0	0	0	0	0	0	0	0	0	0	0	0	0	0	0	0	0	0	0	0	0	0	0	0	0	0	
0	500	0	0	0	0	0	0	0	0	0	0	0	0	0	0	0	0	0	0	0	0	0	0	0	0	0	0	0	0	0	500	0	500	0	0	0	0	0	0	0	0	0	0	0	0	0	0	0	0	0	0	0	0	0	0	0	0	0	0	0	0	0	0	0	0	0	0	0	0	0	0	0	0	0	0	0	0	0	0	0	0	0	0	0	0	0	0	0	0	0	0	0	0	0	0	0	0	0	0	0	0	0	0	0	0	0	0	0	0	0	0	0	0	0	0	0	0	0	0	
0	0	0	0	0	0	0	0	0	0	0	0	0	0	0	0	0	0	0	0	0	0	0	0	0	0	500	0	0	0	0	0	0	0	0	0	0	0	0	0	0	0	0	0	0	0	0	0	0	0	0	0	0	0	0	0	0	0	500	0	0	0	0	0	0	0	0	0	500	0	0	0	0	0	0	0	0	0	0	0	0	0	0	0	0	0	0	0	0	0	0	0	0	0	0	0	0	0	0	0	0	0	0	0	0	0	0	0	0	0	0	0	0	0	0	0	0	0	0	0	
0	0	0	0	0	0	0	0	0	0	0	0	0	0	0	0	0	500	0	0	0	500	0	0	0	0	0	0	0	0	0	0	0	0	500	0	0	0	0	0	0	0	0	0	0	0	0	0	0	0	0	0	0	0	0	0	0	0	0	0	0	0	0	0	0	0	0	0	0	0	0	0	0	0	0	0	0	0	0	0	0	0	0	0	0	0	0	0	0	0	0	0	0	0	0	0	0	0	0	0	0	0	0	0	0	0	0	0	0	0	0	0	0	0	0	0	0	0	0	0	
0	0	0	0	0	0	0	0	0	0	0	0	0	0	0	0	0	0	0	0	0	0	0	0	0	0	0	0	0	0	0	0	0	0	0	0	0	0	0	0	0	0	0	0	0	0	0	0	0	0	0	0	0	0	0	500	0	0	0	0	0	0	0	0	0	0	0	0	0	0	0	0	0	0	0	0	0	0	0	0	0	0	0	0	0	0	0	0	0	0	500	0	0	0	0	0	500	0	0	0	0	0	0	0	0	0	0	0	0	0	0	0	0	0	0	0	0	0	0	0	
0	0	0	0	0	0	0	0	0	0	0	0	0	0	0	0	0	0	0	0	0	0	0	0	0	0	0	0	0	0	0	0	0	0	0	0	500	0	0	0	0	0	0	0	0	0	0	0	0	0	0	0	0	0	0	0	0	0	0	0	0	0	0	0	0	0	0	0	0	0	0	0	0	0	0	0	0	0	0	0	0	0	0	0	0	0	0	0	500	0	0	0	0	0	0	0	0	0	0	0	0	0	0	0	0	0	0	0	0	0	0	0	0	0	0	0	500	0	0	0	
0	0	0	0	0	0	0	0	0	0	0	0	0	0	0	0	0	0	0	0	0	0	0	0	500	0	0	0	0	0	0	0	0	0	0	0	0	0	0	0	0	0	0	0	0	0	0	0	0	0	0	0	0	0	0	0	0	0	0	0	0	0	0	0	0	0	0	0	0	0	0	0	0	0	0	0	0	0	0	0	0	0	0	0	0	0	0	0	0	500	0	0	0	0	0	500	0	0	0	0	0	0	0	0	0	0	0	0	0	0	0	0	0	0	0	0	0	0	0	0	
0	0	0	0	0	0	0	0	0	0	0	0	0	0	0	0	0	0	0	0	0	0	0	0	0	0	0	0	0	0	0	0	0	500	0	0	0	0	0	0	0	0	0	0	0	0	0	0	0	0	0	0	0	0	0	0	0	0	0	0	0	0	0	0	0	0	0	0	0	0	0	0	0	0	0	0	0	0	0	0	500	0	0	0	0	0	0	0	0	0	0	0	0	0	0	0	0	0	0	0	0	500	0	0	0	0	0	0	0	0	0	0	0	0	0	0	0	0	0	0	
0	0	0	0	0	0	0	0	0	500	0	0	0	0	0	0	0	0	0	0	0	0	0	0	0	0	0	0	0	0	0	0	0	0	0	0	0	0	0	0	0	0	0	0	0	0	0	0	0	0	0	0	0	0	0	0	0	0	0	0	0	0	0	0	0	0	0	0	0	0	0	0	0	0	0	0	0	0	0	0	0	0	0	0	0	0	0	500	0	0	0	0	0	0	0	0	0	0	0	0	0	0	0	0	0	0	0	0	500	0	0	0	0	0	0	0	0	0	0	0	
0	0	0	0	0	0	0	0	0	0	0	0	0	0	0	0	500	0	0	0	0	0	0	0	0	0	0	0	500	0	0	0	0	0	0	0	0	0	0	0	0	0	0	0	0	0	0	0	0	0	0	0	0	0	0	0	500	0	0	0	0	0	0	0	0	0	0	0	0	0	0	0	0	0	0	0	0	0	0	0	0	0	0	0	0	0	0	0	0	0	0	0	0	0	0	0	0	0	0	0	0	0	0	0	0	0	0	0	0	0	0	0	0	0	0	0	0	0	0	0	
0	0	0	0	0	0	0	0	0	0	0	0	0	0	0	0	0	0	0	0	0	0	0	0	0	0	0	500	0	0	0	0	0	0	0	500	0	0	0	0	0	0	0	0	0	0	0	0	0	0	0	0	0	0	0	0	0	0	0	0	0	0	0	0	0	0	0	0	0	0	0	0	0	0	0	0	0	500	0	0	0	0	0	0	0	0	0	0	0	0	0	0	0	0	0	0	0	0	0	0	0	0	0	0	0	0	0	0	0	0	0	0	0	0	0	0	0	0	0	0	
0	0	0	0	0	0	0	0	0	0	0	0	0	0	0	0	0	0	0	0	0	0	0	0	0	0	0	0	0	0	0	0	0	0	0	0	0	0	0	0	0	0	0	0	0	0	500	0	0	0	0	0	0	0	0	0	0	0	0	0	0	0	0	0	0	0	0	0	0	500	0	0	0	0	0	0	0	0	0	0	0	0	0	500	0	0	0	0	0	0	0	0	0	0	0	0	0	0	0	0	0	0	0	0	0	0	0	0	0	0	0	0	0	0	0	0	0	0	0	0	
0	0	0	0	0	0	0	0	0	0	0	0	0	0	0	0	0	0	0	0	0	0	0	0	0	0	0	0	0	0	0	0	0	0	0	0	0	0	0	0	0	0	0	0	0	0	0	0	0	0	0	0	0	0	0	0	0	0	0	0	0	0	0	0	0	0	0	0	0	0	0	0	0	0	0	0	0	0	0	0	0	0	0	0	0	500	500	0	0	0	0	0	0	0	0	0	0	0	0	0	0	0	0	0	0	0	0	0	0	0	0	500	0	0	0	0	0	0	0	0	
0	0	0	0	0	0	0	0	0	0	0	0	0	0	0	0	0	0	0	0	0	0	0	0	0	0	0	0	0	0	0	0	0	0	0	0	0	0	0	0	0	0	0	0	500	0	0	0	0	0	0	0	0	0	0	0	0	0	0	0	0	0	0	0	0	0	0	0	0	0	0	0	0	0	0	0	0	0	0	0	0	500	0	0	0	0	0	0	0	500	0	0	0	0	0	0	0	0	0	0	0	0	0	0	0	0	0	0	0	0	0	0	0	0	0	0	0	0	0	0	
0	0	0	0	0	0	0	0	0	0	0	0	0	500	0	0	0	0	0	0	0	0	0	0	0	0	0	0	0	0	0	0	0	0	0	0	0	0	0	0	0	0	0	0	0	0	0	0	0	0	500	0	0	0	0	0	0	500	0	0	0	0	0	0	0	0	0	0	0	0	0	0	0	0	0	0	0	0	0	0	0	0	0	0	0	0	0	0	0	0	0	0	0	0	0	0	0	0	0	0	0	0	0	0	0	0	0	0	0	0	0	0	0	0	0	0	0	0	0	0	
0	0	0	0	500	0	0	0	0	0	0	0	0	0	0	0	0	0	0	0	0	0	0	0	0	0	0	0	0	0	0	0	0	0	0	0	0	0	0	0	0	0	0	0	0	0	0	0	0	0	0	0	0	0	0	0	0	500	0	0	0	0	0	0	0	0	0	0	0	0	0	0	0	0	0	0	0	0	0	0	0	0	500	0	0	0	0	0	0	0	0	0	0	0	0	0	0	0	0	0	0	0	0	0	0	0	0	0	0	0	0	0	0	0	0	0	0	0	0	0	
0	0	0	0	0	0	0	0	0	0	0	0	0	0	0	0	0	0	0	0	0	0	0	0	0	0	0	0	0	0	0	0	500	0	0	0	0	0	0	0	0	0	0	0	0	0	0	0	0	0	0	0	0	0	0	0	0	0	0	0	0	0	0	0	0	0	0	0	0	0	0	0	0	0	0	0	0	0	0	0	0	0	500	0	0	0	0	0	0	0	0	0	0	0	0	0	0	0	500	0	0	0	0	0	0	0	0	0	0	0	0	0	0	0	0	0	0	0	0	0	
0	0	0	0	0	0	0	0	0	0	0	0	0	0	0	0	0	0	0	0	0	0	0	0	0	0	0	0	0	0	0	0	0	0	0	0	0	0	0	0	0	500	0	0	0	0	0	0	0	0	0	0	0	0	0	0	0	0	0	0	0	0	0	0	0	0	0	0	0	0	0	0	0	0	0	0	0	0	500	0	0	0	0	0	0	0	0	0	0	0	0	0	0	0	0	0	0	0	0	0	0	0	0	0	0	0	0	0	0	0	0	500	0	0	0	0	0	0	0	0	
0	0	0	0	0	0	0	0	0	0	0	0	0	0	0	0	0	0	0	0	0	0	0	0	0	0	0	0	0	0	0	0	0	0	0	0	0	0	0	0	0	0	0	0	0	0	0	0	0	0	0	0	0	0	500	0	0	0	0	0	0	0	0	0	0	0	0	0	0	0	500	0	0	0	0	500	0	0	0	0	0	0	0	0	0	0	0	0	0	0	0	0	0	0	0	0	0	0	0	0	0	0	0	0	0	0	0	0	0	0	0	0	0	0	0	0	0	0	0	0	
0	0	0	0	0	0	0	0	0	0	0	0	0	0	0	0	0	0	0	0	0	0	0	0	0	0	0	0	0	0	0	0	0	0	0	0	0	0	0	0	0	0	0	0	500	0	0	0	0	0	0	0	0	0	0	0	0	0	0	0	0	0	0	0	0	0	0	0	0	0	0	0	0	0	0	0	500	0	0	0	0	0	0	500	0	0	0	0	0	0	0	0	0	0	0	0	0	0	0	0	0	0	0	0	0	0	0	0	0	0	0	0	0	0	0	0	0	0	0	0	
0	0	0	0	0	0	0	0	0	0	0	0	0	0	0	0	0	0	0	0	0	0	0	0	0	0	0	0	0	0	0	0	0	0	0	0	0	0	0	0	0	0	0	500	0	0	0	0	0	0	0	500	0	0	0	0	0	0	0	0	0	0	0	0	0	0	0	0	0	0	0	0	0	0	500	0	0	0	0	0	0	0	0	0	0	0	0	0	0	0	0	0	0	0	0	0	0	0	0	0	0	0	0	0	0	0	0	0	0	0	0	0	0	0	0	0	0	0	0	0	
0	0	0	0	0	0	0	0	0	0	0	0	0	0	0	0	0	500	0	0	0	0	0	0	0	0	0	0	0	0	0	0	0	0	500	0	0	0	0	0	0	0	0	0	0	0	0	0	0	0	0	0	0	0	0	0	0	0	0	0	0	0	0	0	0	0	0	0	0	0	0	0	0	0	0	0	0	0	0	0	0	0	0	0	0	0	0	0	0	0	0	0	0	0	0	0	0	0	0	0	0	0	0	0	0	0	0	0	0	0	0	0	0	500	0	0	0	0	0	0	
0	0	0	0	0	0	0	0	500	0	0	0	0	0	0	0	0	0	0	0	0	0	0	0	0	0	0	0	0	0	0	0	0	0	0	0	0	0	0	0	0	0	500	0	0	0	0	0	0	0	0	0	0	500	0	0	0	0	0	0	0	0	0	0	0	0	0	0	0	0	0	0	0	0	0	0	0	0	0	0	0	0	0	0	0	0	0	0	0	0	0	0	0	0	0	0	0	0	0	0	0	0	0	0	0	0	0	0	0	0	0	0	0	0	0	0	0	0	0	0	
0	0	0	0	0	0	500	0	0	0	0	0	0	0	0	0	0	0	500	0	0	0	0	0	0	0	0	0	0	0	0	0	0	0	0	0	0	0	0	0	0	0	0	0	0	500	0	0	0	0	0	0	0	0	0	0	0	0	0	0	0	0	0	0	0	0	0	0	0	0	0	0	0	0	0	0	0	0	0	0	0	0	0	0	0	0	0	0	0	0	0	0	0	0	0	0	0	0	0	0	0	0	0	0	0	0	0	0	0	0	0	0	0	0	0	0	0	0	0	0	
0	0	0	0	0	0	0	0	500	0	0	0	0	0	0	0	0	0	0	0	0	0	0	0	0	0	0	0	0	0	0	0	0	0	0	0	0	0	0	0	0	0	0	0	0	0	0	500	0	0	0	0	0	0	0	0	0	0	0	0	0	500	0	0	0	0	0	0	0	0	0	0	0	0	0	0	0	0	0	0	0	0	0	0	0	0	0	0	0	0	0	0	0	0	0	0	0	0	0	0	0	0	0	0	0	0	0	0	0	0	0	0	0	0	0	0	0	0	0	0	
0	0	0	0	0	0	0	0	0	0	0	0	0	0	0	0	0	0	0	0	0	0	0	0	0	0	0	0	0	0	0	0	0	0	0	0	0	0	0	0	0	0	0	0	0	0	0	0	0	0	0	0	0	0	0	0	0	0	0	0	0	0	0	0	0	0	0	0	0	0	0	0	0	0	0	0	500	0	0	0	0	0	0	0	0	0	0	0	0	0	0	0	0	0	0	0	0	0	0	0	0	0	0	0	0	0	0	0	0	0	500	0	500	0	0	0	0	0	0	0	
0	0	0	0	0	0	0	0	500	0	0	0	0	0	0	0	0	0	0	0	0	0	0	0	0	0	0	0	0	0	0	0	0	0	0	0	0	0	0	0	0	0	0	0	0	0	0	0	0	0	0	0	0	0	0	0	0	0	0	0	0	0	0	0	0	0	0	0	0	0	0	0	0	0	500	0	0	0	0	0	0	0	0	0	0	0	0	0	0	0	0	0	0	0	0	0	0	0	0	0	0	0	0	0	0	500	0	0	0	0	0	0	0	0	0	0	0	0	0	0	
0	0	0	0	0	0	0	0	0	0	0	0	0	0	0	0	0	0	0	0	0	0	0	0	0	0	0	0	0	0	0	0	0	0	0	0	0	0	0	0	0	0	0	0	0	0	0	0	0	0	0	0	0	0	0	0	0	0	500	0	0	0	0	0	0	0	0	0	0	0	0	0	0	0	0	0	0	0	0	0	0	0	0	0	0	0	0	0	0	0	0	0	0	0	0	0	0	0	0	0	500	0	0	0	0	500	0	0	0	0	0	0	0	0	0	0	0	0	0	0	
500	0	0	0	0	0	0	0	0	0	0	0	0	0	0	0	0	0	0	0	0	0	0	0	0	0	0	0	0	0	0	0	0	0	0	0	0	0	0	0	0	0	0	0	0	0	0	0	0	0	0	0	0	0	0	0	0	0	0	0	0	0	500	0	0	0	0	0	0	0	0	0	0	0	0	0	0	0	0	0	0	0	0	0	0	0	500	0	0	0	0	0	0	0	0	0	0	0	0	0	0	0	0	0	0	0	0	0	0	0	0	0	0	0	0	0	0	0	0	0	
0	0	0	0	0	0	0	0	0	0	0	0	0	0	0	0	0	0	0	0	0	0	0	0	0	0	0	0	0	0	0	0	0	0	0	0	0	0	0	0	0	0	0	0	0	0	0	0	500	0	0	0	0	0	0	0	0	0	0	0	0	0	0	0	0	0	0	0	0	0	0	0	0	0	0	0	0	0	0	0	0	0	0	0	0	0	0	0	0	0	0	0	0	0	0	0	0	0	0	0	0	0	0	0	0	0	0	0	0	0	0	0	500	0	0	0	0	500	0	0	
0	0	0	0	0	0	0	0	0	0	0	0	0	0	0	0	0	0	0	0	0	0	0	0	0	0	0	0	0	0	0	0	0	0	0	0	0	0	0	0	0	0	0	0	0	0	0	0	0	0	0	0	0	0	0	0	0	0	0	0	0	0	0	0	0	0	0	0	0	0	0	0	0	0	0	0	0	0	0	0	0	0	0	0	0	0	0	0	0	0	0	0	0	0	0	0	0	500	0	0	0	0	0	500	0	0	0	0	0	0	0	0	0	0	0	0	0	500	0	0	
0	0	0	0	0	0	0	0	0	0	0	0	0	0	0	0	0	0	0	0	0	0	0	0	0	0	0	500	0	0	0	0	0	0	0	500	0	0	0	0	0	0	0	0	0	0	0	0	0	0	0	0	0	0	0	0	0	0	0	0	0	0	0	0	0	0	0	0	0	0	0	0	0	0	0	0	0	500	0	0	0	0	0	0	0	0	0	0	0	0	0	0	0	0	0	0	0	0	0	0	0	0	0	0	0	0	0	0	0	0	0	0	0	0	0	0	0	0	0	0	
0	0	0	500	0	0	0	0	0	0	0	0	0	0	0	0	0	0	0	0	0	0	0	0	0	0	0	0	0	0	0	0	0	0	0	0	0	0	0	0	0	0	0	0	0	0	0	0	0	0	0	0	0	0	0	0	0	0	0	0	0	0	0	0	0	0	0	0	0	0	0	0	0	0	0	0	0	0	0	0	0	0	0	0	0	0	0	0	0	0	0	0	0	0	0	0	0	0	0	0	0	0	0	0	0	0	0	0	0	0	0	0	0	500	0	0	500	0	0	0	
0	0	0	0	0	0	0	0	0	0	0	0	0	0	0	0	0	0	0	0	0	0	0	0	0	0	0	0	0	0	0	0	0	0	0	0	0	0	0	0	0	0	0	0	0	0	0	0	0	0	0	0	0	0	0	0	0	0	0	0	0	0	0	0	0	0	0	0	0	0	0	0	0	0	0	0	0	0	0	0	0	0	0	0	0	0	0	0	0	0	0	0	0	0	0	0	0	0	0	0	500	0	0	0	500	0	0	0	500	0	0	0	0	0	0	0	0	0	0	0	
0	0	0	0	0	0	0	0	0	0	0	0	0	0	0	0	0	0	0	0	0	0	0	0	0	0	0	0	0	0	0	0	0	0	0	0	0	500	0	0	0	0	0	0	0	0	0	0	0	0	0	0	0	0	0	0	0	0	0	0	0	0	0	0	0	0	0	0	0	0	0	0	0	0	0	0	0	0	0	0	0	0	0	0	0	0	0	0	0	0	0	0	0	0	0	0	0	0	0	0	0	0	0	500	0	0	0	0	0	0	0	0	0	0	0	0	0	0	500	0	
0	0	0	0	0	0	0	0	0	0	0	0	0	0	0	0	0	0	0	0	0	0	0	0	0	0	0	0	0	0	0	0	0	0	0	0	0	0	0	0	0	0	0	0	0	0	0	0	0	0	0	0	0	0	0	0	0	0	500	0	0	0	0	0	0	0	0	0	0	0	0	0	0	0	0	0	0	0	0	0	0	0	0	0	0	0	0	0	0	0	0	0	0	0	0	0	500	500	0	0	0	0	0	0	0	0	0	0	0	0	0	0	0	0	0	0	0	0	0	0	
0	0	0	0	0	0	0	0	0	0	0	0	0	0	0	0	500	0	0	0	0	0	0	0	0	0	0	0	500	0	0	0	0	0	0	0	0	500	0	0	0	0	0	0	0	0	0	0	0	0	0	0	0	0	0	0	0	0	0	0	0	0	0	0	0	0	0	0	0	0	0	0	0	0	0	0	0	0	0	0	0	0	0	0	0	0	0	0	0	0	0	0	0	0	0	0	0	0	0	0	0	0	0	0	0	0	0	0	0	0	0	0	0	0	0	0	0	0	0	0	
0	0	0	0	0	0	0	0	0	0	0	0	0	0	0	500	0	0	0	0	0	0	0	0	0	0	0	0	0	0	0	500	0	0	0	0	0	0	0	0	0	0	0	0	0	0	0	0	0	0	0	0	0	0	0	0	0	0	0	0	0	0	0	0	0	0	500	0	0	0	0	0	0	0	0	0	0	0	0	0	0	0	0	0	0	0	0	0	0	0	0	0	0	0	0	0	0	0	0	0	0	0	0	0	0	0	0	0	0	0	0	0	0	0	0	0	0	0	0	0	
0	0	0	0	0	0	0	0	0	0	0	0	0	0	0	0	0	0	0	0	0	0	0	0	0	500	0	0	0	0	0	0	0	0	0	0	0	0	0	0	0	0	0	0	0	0	0	0	0	0	0	0	0	0	0	0	0	0	0	0	0	0	0	0	0	0	0	0	0	0	0	0	0	0	0	0	0	0	500	0	0	0	0	0	0	0	0	0	0	0	0	0	0	0	0	0	0	0	0	0	0	0	0	500	0	0	0	0	0	0	0	0	0	0	0	0	0	0	0	0	
0	0	0	0	0	0	0	0	0	0	0	0	0	0	0	0	0	0	0	0	0	0	0	0	500	0	0	0	0	0	0	0	0	0	0	0	0	0	0	0	0	0	0	0	0	0	0	0	0	0	0	0	0	0	0	0	0	0	0	0	0	0	0	0	0	0	0	0	0	0	0	0	0	0	0	0	0	0	0	0	0	0	0	0	0	0	0	0	0	0	0	0	0	0	0	0	0	0	0	0	0	0	0	0	0	0	0	0	0	0	0	0	500	0	0	0	500	0	0	0	
0	0	0	0	0	0	0	0	0	0	0	0	0	0	0	0	0	0	0	0	0	0	0	0	0	0	0	0	0	0	0	0	0	0	0	0	0	0	0	0	0	0	500	0	0	0	0	0	0	0	0	0	0	0	0	0	0	0	0	0	0	0	0	0	0	0	0	0	0	500	0	0	0	0	0	0	0	0	0	0	0	0	0	0	0	0	0	0	0	0	0	0	0	0	0	500	0	0	0	0	0	0	0	0	0	0	0	0	0	0	0	0	0	0	0	0	0	0	0	0	
0	0	500	0	0	0	0	0	0	0	0	0	0	0	0	0	0	0	0	0	0	0	0	0	0	0	0	0	0	0	0	0	0	0	0	0	0	0	0	0	0	0	0	0	0	0	0	0	0	0	0	0	0	0	0	0	0	0	0	0	0	0	0	0	0	0	0	0	0	0	0	0	0	0	0	0	0	0	0	0	0	0	500	0	0	0	0	500	0	0	0	0	0	0	0	0	0	0	0	0	0	0	0	0	0	0	0	0	0	0	0	0	0	0	0	0	0	0	0	0	
0	0	0	0	0	0	0	0	0	0	0	0	0	0	0	0	0	0	0	0	0	0	0	0	0	0	0	0	0	0	0	0	0	0	0	0	0	0	0	0	0	0	0	0	0	0	0	0	0	0	0	0	0	0	0	0	0	0	0	0	0	0	0	0	0	0	0	0	0	0	0	0	0	0	0	0	0	0	0	0	0	0	0	0	0	0	0	0	0	0	0	0	0	0	0	500	0	0	0	500	0	0	0	0	0	0	0	0	0	500	0	0	0	0	0	0	0	0	0	0	
0	0	0	0	0	0	0	0	0	0	0	0	0	0	0	0	0	0	0	0	0	0	0	0	0	0	0	0	0	0	0	0	0	0	500	0	0	0	0	0	0	0	0	0	0	0	0	0	0	0	0	0	0	0	0	0	0	0	0	0	0	0	0	0	0	0	0	0	0	0	0	0	0	0	0	0	0	0	0	0	0	0	0	0	0	0	0	0	0	0	0	500	0	0	0	0	0	0	0	0	0	0	500	0	0	0	0	0	0	0	0	0	0	0	0	0	0	0	0	0	
0	0	0	0	0	0	0	500	0	0	0	0	0	0	500	0	0	0	0	0	0	0	0	0	0	0	0	0	0	0	500	0	0	0	0	0	0	0	0	0	0	0	0	0	0	0	0	0	0	0	0	0	0	0	0	0	0	0	0	0	0	0	0	0	0	0	0	0	0	0	0	0	0	0	0	0	0	0	0	0	0	0	0	0	0	0	0	0	0	0	0	0	0	0	0	0	0	0	0	0	0	0	0	0	0	0	0	0	0	0	0	0	0	0	0	0	0	0	0	0	
0	0	0	0	0	0	0	0	0	0	0	500	0	0	0	0	0	0	0	0	0	0	0	0	0	0	0	0	0	0	0	0	0	0	0	0	500	0	0	0	0	0	0	0	0	0	0	0	0	0	0	0	0	0	500	0	0	0	0	0	0	0	0	0	0	0	0	0	0	0	0	0	0	0	0	0	0	0	0	0	0	0	0	0	0	0	0	0	0	0	0	0	0	0	0	0	0	0	0	0	0	0	0	0	0	0	0	0	0	0	0	0	0	0	0	0	0	0	0	0	
0	0	0	0	0	0	0	0	0	0	0	0	0	0	0	0	0	0	0	0	0	0	0	0	0	0	0	0	0	0	0	0	0	0	0	0	0	0	0	0	0	0	0	0	0	0	0	0	0	0	0	0	0	0	0	0	0	0	0	0	0	0	0	0	0	0	0	0	0	0	0	0	0	0	0	500	0	0	0	0	0	0	0	0	0	0	0	0	0	0	0	0	0	0	0	0	0	0	0	0	0	0	500	0	0	0	0	0	0	500	0	0	0	0	0	0	0	0	0	0	
0	0	0	0	0	0	0	0	0	0	0	0	0	0	0	0	0	0	0	0	0	0	0	0	0	0	0	0	0	0	0	0	0	0	0	0	0	0	0	0	0	0	0	0	0	0	0	0	500	0	0	0	0	0	0	0	0	0	0	0	0	0	0	0	0	0	0	0	0	0	0	0	0	0	0	0	0	0	0	0	0	0	0	0	0	0	0	0	0	0	0	0	0	0	0	0	0	0	0	500	500	0	0	0	0	0	0	0	0	0	0	0	0	0	0	0	0	0	0	0	
0	0	0	0	0	0	0	0	0	0	0	0	0	0	0	0	0	0	0	0	0	0	0	0	0	0	0	0	0	0	0	0	0	0	0	0	0	0	0	0	500	0	0	0	0	0	0	0	0	0	0	0	0	0	0	0	0	0	0	0	0	0	0	500	0	0	0	0	0	0	0	0	0	0	0	0	0	0	0	0	0	0	0	0	0	0	0	0	0	0	0	0	0	0	0	0	0	0	0	0	0	0	0	0	500	0	0	0	0	0	0	0	0	0	0	0	0	0	0	0	
0	0	0	0	0	0	0	0	0	0	0	0	0	0	0	0	0	0	0	0	500	0	0	0	0	0	0	0	0	0	0	0	500	0	0	0	0	0	0	0	0	0	0	0	0	0	0	0	0	0	0	0	0	0	0	0	0	0	0	0	0	0	500	0	0	0	0	0	0	0	0	0	0	0	0	0	0	0	0	0	0	0	0	0	0	0	0	0	0	0	0	0	0	0	0	0	0	0	0	0	0	0	0	0	0	0	0	0	0	0	0	0	0	0	0	0	0	0	0	0	
5	77	36	43	115	31	6	69	45	112	98	38	6	31	4	18	4	71	65	102	27	79	38	88	114	115	49	28	108	79	14	90	76	96	55	50	63	1	19	85	82	97	35	60	30	66	105	50	92	30	36	21	4	36	47	72	39	14	34	108	48	69	6	73	94	10	21	112	91	54	38	67	88	50	116	18	5	63	111	15	20	30	1	10	118	16	73	85	107	13	66	112	93	32	36	29	13	41	24	60	60	72	31	46	18	112	74	37	65	33	75	66	42	51	90	60	53	49	112	79	44	26	62	105	112	56	78	46	105	13	16	116	90	88	76	6	113	83	102	101	114	23	84	65	60	37	32	7	19	23	21	22	105	4	89	67	65	114	90	20	96	47	109	69	75	86	5	28	31	46	9	30	89	11	78	111	61	90	40	61	114	88	92	85	19	10	7	51	70	46	31	29	56	15	33	15	86	92	33	8	37	81	60	90	114	67	79	109	105	47	96	52	33	82	84	92	21	76	11	33	73	6	13	67	1	101	115	35	29	59	101	11	86	8	14	90	46	38	37	35	21	101	36	5	84	15	52	107	93	77	77	45	24	23	66	91	30	95	74	8	49	117	31	60	96	75	10	24	23	65	92	86	4	25	54	93	90	4	64	95	105	74	36	85	115	69	59	17	96	109	102	98	89	4	118	19	64	107	76	100	84	26	80	102	41	51	60	49	85	110	97	48	99	13	104	19	11	88	98	99	119	73	55	50	71	33	82	119	36	56	50	76	31	112	97	91	58	1	40	3	85	13	112	95	106	76	17	94	112	16	21	91	11	58	22	6	17	10	19	16	21	98	37	81	23	18	111	52	72	68	81	74	18	33	83	114	29	81	95	78	83	37	54	111	43	8	97	71	88	17	24	61	75	49	118	108	76	50	90	99	12	60	30	13	28	98	115	106	30	90	90	91	82	96	36	49	9	90	9	13	69	100	67	32	94	101	35	43	117	31	2	15	12	42	105	78	27	39	41	71	19	49	74	13	14	51	113	23	110	15	91	51	49	119	63	90	77	32	9	1	109	32	63	5	103	99	5	23	28	95	80	61	106	91	1	52	107	43	29	27	35	100	17	61	94	100	19	16	105	112	80	96	57	35	13	76	67	28	110	80	101	8	105	80	34	51	19	83	97	26	83	49	17	56	77	56	28	18	30	53	23	50	31	73	34	80	89	27	88	79	29	30	71	46	85	90	114	96	80	9	18	28	57	67	88	116	31	17	99	48	29	28	119	91	90	118	67	84	41	16	65	6	106	65	1	32	94	100	5	28	14	9	101	74	67	42	11	117	110	46	80	92	80	85	62	118	55	46	86	100	51	1	73	11	1	27	93	23	29	73	86	86	6	47	41	108	55	109	118	21	71	54	23	81	8	112	45	74	65	67	8	73	3	39	9	37	73	55	65	58	114	42	9	14	31	82	10	93	59	105	70	61	53	70	61	113	87	59	104	66	10	1	88	96	70	57	47	4	53	60	85	0	40	91	107	53	79	47	90	99	44	105	3	107	32	50	24	23	19	115	96	119	112	29	70	76	61	113	42	33	38	70	63	5	17	38	89	16	52	12	88	96	70	96	107	101	26	95	33	77	1	84	107	19	117	114	64	53	91	93	65	94	14	93	53	43	78	116	70	115	33	42	72	116	54	23	8	107	91	19	34	6	28	54	80	104	104	76	79	82	55	113	4	90	88	104	104	35	64	34	22	5	17	80	2	59	97	14	80	38	16	94	2	37	14	5	64	7	102	33	36	88	55	64	109	8	10	45	84	89	63	4	20	3	85	111	119	81	19	29	93	8	36	37	21	15	68	99	9	59	29	104	71	98	24	35	79	110	117	72	0	41	90	15	30	16	42	54	77	12	12	29	94	45	28	70	2	83	96	108	5	118	16	108	37	52	107	29	110	87	99	117	79	28	53	0	2	42	67	116	54	65	81	62	16	7	71	17	60	23	42	58	39	14	23	21	4	109	106	91	23	105	73	25	22	100	16	56	5	112	31	85	12	61	40	92	9	107	22	107	42	47	24	99	48	114	81	81	57	56	4	11	25	69	67	114	46	37	58	35	55	51	23	71	9	25	80	110	49	91	31	78	27	68	99	19	54	54	27	13	75	57	15	19	53	111	69	111	116	106	118	30	33	50	98	17	68	81	38	26	92	115	34	7	92	32	31	64	63	80	92	119	51	5	99	4	34	14	95	84	100	91	100	27	88	10	7	106	87	116	96	81	22	0	109	94	48	32	47	99	10	2	119	109	65	40	26	108	15	84	92	72	61	24	8	100	62	108	6	64	54	47	18	0	57	6	115	82	106	21	59	64	65	48	62	115	46	79	67	116	81	110	12	62	106	79	54	60	54	94	102	90	108	88	112	21	59	102	5	16	85	76	93	20	106	11	62	18	25	16	70	2	16	26	43	64	102	19	109	96	46	53	75	100	53	37	14	105	25	102	62	57	58	14	51	56	89	97	38	92	77	103	62	50	47	103	105	64	70	101	61	43	11	71	89	51	53	103	79	93	93	21	118	18	66	99	1	91	60	59	68	7	29	64	50	49	105	43	53	1	98	13	13	48	78	23	36	10	64	63	108	76	1	83	10	50	32	3	116	4	11	29	25	38	46	70	79	57	35	57	115	22	50	68	108	60	65	67	24	104	117	4	40	96	13	71	101	4	19	36	68	119	78	18	30	112	80	12	27	1	114	56	53	110	114	119	12	4	24	41	91	26	111	80	65	45	11	107	103	114	33	39	54	62	115	26	107	70	47	84	33	73	80	15	80	34	105	52	20	110	22	69	79	16	38	107	46	21	94	2	90	92	44	79	108	70	47	31	38	54	92	80	58	104	6	29	55	106	27	45	57	32	32	11	94	32	114	110	106	39	5	10	67	65	82	42	21	60	78	77	43	69	55	49	23	99	25	59	57	78	17	6	38	101	1	45	99	9	72	68	95	93	55	89	110	88	54	28	117	42	34	113	34	3	116	94	54	76	14	34	10	86	1	75	117	14	58	105	119	25	46	53	81	47	98	81	86	75	99	14	114	99	15	64	69	104	28	115	34	110	3	67	56	84	94	61	105	49	107	96	20	50	57	10	82	87	53	68	13	63	80	113	17	18	10	8	40	116	28	118	26	82	31	107	75	68	46	95	113	15	23	78	67	0	62	64	99	4	90	86	49	14	2	15	56	9	1	16	84	38	93	70	98	98	81	97	19	81	115	106	63	39	112	90	17	56	118	91	13	59	102	18	13	119	4	71	61	48	37	95	36	72	116	1	10	7	39	46	97	9	3	66	36	43	17	14	114	59	106	30	101	49	96	111	34	24	119	90	24	43	50	16	33	25	84	91	44	95	77	11	55	18	86	33	58	104	16	106	51	56	88	30	13	24	46	47	24	27	4	94	110	9	33	81	118	79	35	30	3	72	103	49	38	91	17	94	60	118	111	12	69	7	53	17	16	87	87	110	16	114	97	44	23	90	50	22	65	95	4	52	90	5	70	100	44	74	73	39	77	13	52	115	96	34	54	19	117	35	13	80	114	111	103	94	18	42	106	118	72	39	6	19	11	92	26	4	22	112	84	12	61	19	110	107	53	105	8	78	62	11	77	55	27	37	70	16	35	67	108	88	113	89	79	65	64	13	95	46	56	73	21	46	10	9	95	76	80	39	63	52	99	105	40	42	35	50	92	6	83	68	27	39	74	86	8	119	96	91	11	51	38	41	15	14	92	67	78	87	22	31	9	73	25	92	68	110	4	60	102	44	117	59	94	23	42	54	62	101	86	50	102	19	79	61	113	54	83	35	108	106	37	73	77	118	6	43	72	98	57	119	8	80	82	93	4	39	92	6	110	94	115	10	42	7	60	13	31	31	48	105	54	5	84	58	19	80	22	53	100	35	2	82	13	102	86	85	68	34	21	91	98	109	104	118	56	2	37	62	88	14	77	70	17	18	80	6	85	19	71	111	44	73	88	70	16	29	78	4	56	105	81	113	22	44	91	86	11	96	50	109	110	111	32	38	7	55	30	75	29	64	52	39	25	60	111	6	73	56	53	89	105	58	115	50	41	10	71	2	89	69	69	36	93	46	110	65	0	10	7	119	91	22	19	101	13	85	73	31	41	94	48	32	74	25	7	88	16	114	91	6	88	51	49	18	95	83	54	83	99	84	92	47	42	104	36	83	115	61	41	11	0	48	25	2	27	113	77	61	69	45	87	1	45	76	11	100	116	56	42	75	108	52	99	52	101	68	85	70	39	49	17	27	31	90	15	7	83	80	27	115	100	44	6	94	81	28	11	5	75	19	75	58	0	1	77	89	44	2	64	71	56	47	78	80	101	40	92	70	118	79	102	74	74	96	57	109	97	100	22	6	37	40	110	49	64	49	32	35	28	5	115	113	8	96	65	85	54	50	103	81	21	5	28	101	71	36	26	73	54	79	24	94	26	8	33	70	6	33	45	113	25	57	53	81	116	114	27	6	1	102	118	46	24	108	30	64	41	38	16	102	115	43	117	106	42	85	94	13	36	36	0	82	21	84	105	87	52	58	93	50	37	99	18	109	21	4	12	0	49	84	100	92	32	94	73	27	25	74	40	82	73	11	28	68	114	17	75	63	82	62	46	60	104	107	6	107	58	34	25	104	76	113	79	79	103	9	10	72	72	43	100	108	1	76	19	87	22	67	92	35	56	87	79	77	100	38	94	84	47	30	41	103	65	78	32	82	85	88	22	110	34	47	116	29	91	82	38	66	23	59	42	17	47	71	43	57	77	80	73	98	58	76	97	69	80	56	5	88	89	20	23	35	119	49	78	45	39	25	13	32	27	25	104	70	41	79	36	70	20	14	37	115	26	99	0	20	33	81	103	69	23	104	8	68	86	35	23	118	78	14	44	30	108	108	99	87	114	6	27	53	81	34	114	2	48	76	21	70	110	3	33	37	83	48	42	102	73	75	42	60	75	71	69	78	38	58	27	119	25	64	96	53	9	96	105	100	76	107	5	69	41	76	86	2	43	47	75	30	16	110	11	96	2	105	37	71	84	6	22	110	90	21	100	91	113	61	73	14	38	1	114	115	24	17	111	67	20	25	54	94	98	14	82	93	27	67	9	78	57	104	71	4	89	108	4	10	24	108	99	109	5	114	108	49	49	47	66	50	52	46	84	12	79	109	102	114	108	76	38	31	109	94	11	16	72	96	29	35	100	50	35	17	107	107	68	67	59	40	27	1	102	24	92	52	2	108	77	22	69	77	118	110	117	18	79	114	115	3	13	48	86	63	105	20	48	114	61	83	108	6	38	70	87	49	49	61	28	108	117	116	52	102	6	84	103	90	66	101	93	44	26	6	12	44	61	58	33	39	5	83	39	67	31	77	53	99	45	31	18	96	25	46	102	57	25	26	91	86	67	55	75	93	35	54	62	89	72	76	67	10	77	75	82	10	32	38	28	94	30	112	71	85	93	64	8	82	33	91	15	80	34	2	9	92	11	101	64	59	5	89	52	32	87	37	118	12	6	17	40	38	44	36	61	73	63	98	1	103	80	82	14	71	117	7	45	61	72	92	99	60	40	0	109	37	112	17	102	24	61	85	104	112	67	19	12	34	9	15	0	30	84	76	95	62	6	58	82	87	71	11	37	12	101	76	84	99	41	91	91	103	16	90	84	85	58	64	58	83	10	105	4	55	34	22	62	14	62	77	80	27	20	54	49	102	117	2	86	12	102	18	102	32	117	73	105	83	33	38	40	46	12	85	40	118	75	99	55	24	92	86	2	63	36	76	17	103	42	34	15	25	4	52	13	75	11	10	12	79	9	24	63	0	26	8	44	91	37	42	100	70	22	114	62	68	65	2	82	51	32	99	45	34	119	89	55	19	29	105	10	95	36	116	78	14	21	31	77	94	18	96	107	1	85	60	53	83	47	32	109	100	17	39	68	18	104	66	116	84	19	76	27	110	62	119	79	51	90	118	64	118	102	106	26	10	3	46	47	9	41	23	38	101	16	74	105	111	44	67	113	11	72	48	85	84	5	37	21	28	48	97	54	2	53	56	41	97	98	8	84	78	94	95	117	100	10	14	88	22	26	24	46	97	6	54	12	90	65	8	90	42	26	104	114	107	70	75	42	4	6	114	115	63	31	44	60	77	50	91	66	107	35	106	6	32	32	3	103	57	35	74	70	43	10	86	86	99	19	68	92	41	117	108	43	102	28	1	70	32	115	58	38	22	30	67	101	94	81	2	92	32	45	39	37	87	40	76	72	103	95	25	98	68	14	82	87	56	105	104	83	94	48	4	70	47	33	101	115	55	107	72	63	24	65	20	86	7	38	53	30	48	34	102	108	97	71	71	29	106	31	51	84	2	92	7	81	42	82	11	85	29	14	36	52	95	25	98	44	12	9	29	77	24	89	87	15	98	114	51	66	1	3	107	5	63	51	4	92	46	118	76	81	40	13	109	63	86	116	2	53	11	115	87	119	41	35	58	24	118	58	99	5	11	61	93	90	37	31	49	78	53	112	91	93	110	50	73	103	82	59	113	18	53	80	20	87	38	117	43	68	10	85	67	73	66	16	101	62	19	15	100	105	97	55	92	115	81	93	78	89	119	28	32	78	69	94	110	64	44	117	9	103	26	60	94	48	34	42	81	40	58	106	101	92	108	65	86	2	113	0	74	2	105	53	35	14	22	27	49	41	42	87	10	9	97	25	87	12	115	35	64	58	5	50	103	31	93	20	32	112	65	93	3	89	109	61	94	96	73	4	25	56	27	13	39	41	11	75	9	35	107	82	112	65	30	10	23	105	59	74	27	117	39	39	64	59	24	48	84	37	22	95	9	96	90	6	91	69	116	4	118	92	57	98	9	98	109	30	45	66	110	66	74	8	110	65	62	30	36	82	25	11	24	88	56	74	88	98	94	16	16	45	40	87	5	61	49	23	16	110	71	87	67	38	81	61	56	65	91	76	109	3	96	54	8	33	96	37	15	31	75	117	109	57	26	81	56	103	52	66	35	109	111	83	36	15	83	15	20	23	110	83	58	113	3	92	5	112	92	1	47	75	38	98	111	76	119	86	80	99	80	44	24	11	0	50	23	38	66	117	74	43	79	42	29	44	43	21	85	88	68	110	23	83	6	4	87	78	60	99	99	110	103	79	22	85	5	47	29	106	27	88	38	18	68	94	37	30	94	61	51	1	99	76	90	116	26	60	38	18	62	79	14	50	79	109	68	30	85	48	30	110	18	12	82	30	55	110	45	34	2	78	89	9	29	85	54	48	6	9	67	43	91	118	65	90	38	119	104	99	98	71	2	19	102	6	52	116	108	0	62	100	102	108	83	30	99	64	43	17	101	48	68	4	23	39	11	48	13	54	4	107	108	17	0	23	15	38	67	106	93	97	18	53	18	119	107	59	60	70	12	119	0	85	102	1	111	37	115	103	17	18	97	50	23	107	3	80	53	9	14	27	56	50	96	116	108	49	70	21	56	39	47	29	85	38	10	3	92	12	90	6	113	3	47	12	96	40	63	52	48	79	1	79	44	74	111	119	76	98	81	105	35	51	81	80	43	116	47	47	73	46	74	83	55	84	72	103	62	94	55	92	41	48	68	117	110	29	77	9	100	36	76	14	30	54	48	94	5	71	16	12	71	13	107	101	74	29	109	119	101	14	118	116	95	117	3	30	26	113	55	61	25	30	83	61	101	37	17	76	64	82	5	14	48	41	44	17	42	99	24	27	39	102	91	44	62	20	63	48	73	11	9	24	68	96	27	67	56	36	50	53	105	112	42	106	25	107	18	48	101	96	77	59	33	28	47	115	66	26	24	4	0	35	83	23	61	116	71	42	113	23	10	105	8	34	86	89	36	69	45	107	70	111	70	18	34	105	24	24	57	21	91	79	61	53	57	73	71	95	81	66	71	11	91	49	46	79	19	118	111	107	58	42	37	21	43	20	117	21	13	117	102	63	113	86	43	27	107	15	91	59	102	73	33	15	15	107	78	76	71	18	21	106	96	86	98	11	107	33	118	55	50	12	82	23	102	96	95	68	78	117	38	86	39	39	33	62	45	66	89	108	39	103	38	75	111	9	37	4	78	16	97	63	69	25	33	1	9	93	31	33	46	81	8	98	86	14	116	68	82	61	53	31	15	24	98	46	90	2	63	112	0	117	68	113	31	66	6	90	62	115	26	89	78	67	7	70	28	92	6	8	21	105	37	88	77	43	94	30	94	80	47	5	78	84	60	66	73	77	12	82	108	64	51	91	62	105	102	96	73	55	10	34	62	30	29	52	110	26	37	80	118	38	74	103	64	24	23	77	21	60	26	119	74	78	55	76	44	46	59	15	8	22	76	117	59	28	22	13	63	60	86	31	87	75	89	87	110	23	56	23	39	73	6	43	62	109	113	82	84	65	29	97	63	70	79	59	114	70	119	19	38	31	87	67	77	0	84	38	55	63	9	75	57	22	117	41	102	50	81	57	71	3	41	78	77	53	25	8	118	51	24	55	98	9	96	21	89	27	34	2	44	53	115	60	96	75	46	38	95	82	74	38	20	41	59	62	41	97	62	100	88	115	46	60	1	108	73	81	9	27	29	41	28	50	109	81	93	30	99	100	12	49	19	54	7	80	115	110	14	91	115	7	20	13	63	45	35	33	21	59	47	85	91	72	42	10	85	76	103	50	48	1	83	53	21	24	109	40	52	11	84	13	65	107	114	60	104	16	21	96	12	3	30	94	14	20	37	21	16	110	106	66	64	15	46	19	67	52	42	64	7	68	27	81	117	29	62	88	13	101	104	102	54	40	29	54	116	111	71	50	91	76	5	117	24	81	40	100	93	35	91	67	48	80	61	43	60	39	95	116	85	8	67	65	31	105	75	39	56	66	82	84	85	87	70	91	26	37	86	63	112	2	35	73	107	79	62	103	28	2	58	58	65	82	47	45	56	11	66	18	91	111	81	114	35	90	34	44	66	41	62	56	89	107	36	69	48	108	25	43	117	116	110	84	12	87	116	7	69	112	118	59	71	15	52	69	75	112	4	9	73	64	22	101	9	17	35	80	118	7	47	23	30	20	24	9	90	93	50	32	53	77	26	100	60	44	88	53	41	52	6	95	64	30	114	85	68	25	106	23	54	81	50	118	35	56	102	63	15	38	23	71	39	77	99	38	74	66	66	80	40	55	27	112	35	2	16	92	85	83	116	20	89	110	13	83	6	82	53	80	23	67	93	117	90	67	71	95	115	119	12	36	110	32	31	37	66	62	29	29	84	73	74	56	12	4	115	12	95	55	51	113	3	94	14	85	93	13	3	61	16	59	22	5	27	81	70	68	113	112	74	95	94	59	33	49	17	56	17	119	65	98	83	100	12	92	108	117	97	20	24	100	85	51	4	109	109	114	98	60	51	114	7	23	21	104	111	45	112	1	107	58	33	40	32	15	72	26	54	29	98	27	69	49	76	3	89	95	69	114	83	0	45	0	55	63	107	14	50	66	89	93	54	65	95	48	42	114	84	39	104	24	38	3	108	9	8	17	34	117	52	72	13	78	5	26	54	99	62	108	28	47	34	101	92	86	98	108	110	70	91	69	57	84	68	63	45	63	97	69	4	62	42	7	82	99	4	78	71	57	6	75	51	30	79	88	119	0	77	11	118	12	83	88	52	113	2	116	46	64	85	63	81	104	57	13	77	68	12	56	90	47	23	33	62	56	3	56	65	85	85	119	73	10	81	53	117	65	26	94	102	6	71	110	39	111	11	117	74	85	66	113	90	47	79	3	58	4	61	62	53	1	65	6	48	57	37	91	24	57	83	44	19	22	70	106	35	54	40	2	52	6	61	59	107	99	66	108	116	78	9	55	83	11	93	32	44	77	60	6	97	111	25	107	112	41	88	49	82	117	43	108	105	118	37	49	4	36	61	50	84	13	80	4	99	5	37	49	5	53	68	70	21	106	89	50	25	44	61	18	44	66	78	29	28	25	64	119	100	45	49	77	9	5	75	48	102	115	112	10	71	43	76	59	55	50	106	5	85	30	61	10	85	2	77	103	1	69	19	69	73	27	19	99	23	29	87	15	98	88	20	63	17	18	78	40	112	119	112	92	12	90	46	111	52	72	17	103	69	107	29	111	16	104	3	114	60	29	38	63	83	27	17	40	38	74	59	18	32	74	52	83	107	46	88	18	64	39	96	65	34	54	87	57	10	12	113	13	19	12	95	77	26	74	16	53	103	27	115	107	39	76	31	67	52	102	72	85	99	37	63	81	90	51	13	0	6	87	70	49	47	1	91	102	103	55	119	85	57	69	69	99	102	44	70	67	3	41	94	1	97	112	30	42	27	23	85	81	77	76	36	107	61	84	54	92	52	9	47	105	47	51	77	91	52	114	119	86	6	58	21	37	12	63	48	95	33	119	35	54	68	3	95	117	14	0	86	16	92	75	75	25	29	26	92	81	99	29	84	26	78	29	24	108	68	39	70	45	57	108	23	88	99	107	59	78	110	33	69	80	35	55	81	106	34	40	34	34	36	116	91	74	13	41	74	96	114	93	115	7	3	10	94	10	49	5	24	116	55	118	16	83	92	113	66	31	71	63	111	114	19	49	84	54	46	11	25	101	14	41	82	51	71	0	72	54	107	18	103	117	12	47	57	33	38	105	89	84	48	15	65	14	4	77	69	59	22	42	18	72	59	89	117	66	104	64	112	90	102	105	46	59	77	46	46	7	102	47	117	2	44	10	7	89	49	86	101	5	44	101	18	82	103	61	79	18	87	99	102	119	18	47	55	16	12	65	31	39	105	0	118	94	70	93	65	94	46	91	51	35	48	114	56	64	107	115	4	63	57	87	64	7	86	58	115	95	70	95	36	23	14	90	20	102	47	108	110	47	0	16	109	115	102	98	117	97	52	6	115	11	62	27	26	17	65	51	49	46	95	11	29	55	64	105	37	80	66	83	33	119	17	117	100	91	89	27	102	52	20	4	117	78	83	48	66	69	86	63	113	21	1	53	95	36	19	119	52	67	60	51	31	15	86	65	55	57	57	49	72	73	111	95	36	97	114	67	90	58	34	106	22	6	12	56	9	12	97	49	117	77	75	79	55	12	75	45	85	54	80	83	58	82	84	67	10	63	94	48	91	112	107	88	55	31	34	12	36	22	80	68	110	17	111	60	117	78	110	91	55	117	36	114	63	57	10	33	13	69	108	67	8	23	48	115	49	93	24	33	100	55	78	5	58	116	17	82	54	5	111	65	109	59	19	73	10	23	110	86	106	76	103	61	70	36	10	95	62	65	40	116	22	54	60	38	91	74	96	45	99	3	12	67	18	69	35	71	95	104	85	75	119	81	85	23	79	37	119	97	20	56	96	2	4	84	39	51	1	104	85	62	101	114	110	90	108	25	75	113	112	66	64	77	3	38	108	74	69	114	36	28	68	92	117	98	43	92	110	118	76	41	34	40	23	104	116	39	43	17	53	52	30	35	78	37	31	26	16	55	84	19	3	8	112	91	76	5	106	58	43	107	14	112	79	101	20	118	103	56	91	23	60	20	59	60	26	119	109	98	50	94	14	101	44	100	34	72	72	6	0	94	84	8	23	69	75	99	29	28	23	84	39	95	80	73	62	69	119	37	67	9	38	102	16	74	1	60	23	57	69	56	53	85	3	31	1	10	40	56	104	112	45	26	113	17	41	43	87	12	56	63	65	113	92	112	46	100	40	0	6	40	40	66	96	117	43	116	41	76	94	105	57	10	97	67	26	13	46	93	6	117	48	103	84	1	23	44	83	99	26	109	31	71	72	1	83	42	93	23	5	19	67	119	89	49	87	41	10	27	48	7	22	79	53	76	5	114	2	47	5	61	23	13	118	43	112	12	3	10	7	79	100	58	20	82	33	76	9	23	79	8	88	15	53	42	3	7	51	5	89	88	43	100	10	48	44	52	53	114	12	24	31	32	69	23	43	74	93	24	87	119	38	93	28	77	34	79	22	22	5	111	49	103	22	11	13	15	114	82	27	71	84	23	59	41	96	100	27	109	40	68	30	37	86	17	30	80	104	21	90	96	62	60	100	110	14	118	75	21	22	86	14	45	2	64	109	87	40	27	98	19	35	49	90	14	36	116	23	63	109	69	102	51	20	46	16	87	100	69	66	32	60	35	21	53	104	115	5	63	50	10	26	59	34	119	118	98	77	70	42	105	5	42	98	64	83	1	115	83	94	10	78	119	53	84	84	88	59	81	11	50	22	46	83	91	71	88	87	86	76	90	17	67	112	114	23	2	19	104	92	112	79	102	99	43	2	37	119	104	7	112	40	34	93	15	106	18	89	20	105	52	65	93	5	104	94	75	34	83	96	12	89	53	107	50	108	20	103	109	18	66	74	111	62	67	100	37	81	7	41	59	103	67	102	64	98	22	1	46	24	42	108	83	105	33	30	28	37	30	23	13	97	3	82	0	21	91	36	54	71	67	0	6	109	94	1	25	74	59	2	0	31	73	94	39	12	50	104	69	112	18	51	42	27	117	54	88	47	57	87	108	3	109	24	44	82	64	71	90	70	113	60	42	62	49	63	66	109	21	88	100	39	52	2	30	109	32	23	35	13	69	119	95	15	41	46	17	28	27	100	60	54	92	118	96	82	108	37	94	66	104	44	1	97	114	112	107	107	97	96	36	26	56	54	110	34	6	105	20	1	40	20	33	109	13	38	105	4	81	38	4	87	55	111	18	23	57	65	16	37	91	4	28	85	58	107	75	86	5	96	88	27	18	53	12	62	65	42	107	76	108	109	115	43	7	1	61	34	69	23	69	41	31	59	73	12	75	82	93	82	91	8	66	58	73	111	61	98	9	116	50	65	54	77	7	32	106	9	18	68	113	39	34	45	93	43	34	49	37	32	55	70	99	56	32	98	75	28	80	42	16	101	73	103	0	47	28	29	98	87	16	16	18	99	88	92	117	96	81	52	37	98	44	5	2	52	83	86	99	67	9	26	19	102	65	109	117	59	27	5	78	57	89	59	82	115	34	52	87	31	26	14	81	1	102	101	60	88	17	74	79	117	35	18	40	102	86	50	53	109	57	46	91	60	101	78	108	75	54	85	23	25	110	27	45	113	38	34	33	116	26	84	110	70	89	94	21	79	67	27	104	72	110	72	82	93	31	100	61	15	99	114	12	52	46	56	65	110	37	17	28	68	13	66	24	87	62	34	92	32	114	13	4	109	2	5	114	44	53	50	68	37	116	1	79	38	48	40	72	71	27	81	7	58	45	7	29	104	87	43	105	56	113	92	91	5	115	33	48	110	49	43	111	60	33	26	50	86	8	11	61	96	44	53	117	118	34	111	29	57	95	54	31	24	21	69	50	99	117	45	36	49	5	38	11	55	117	51	99	1	66	40	66	95	28	69	33	20	24	89	47	77	11	33	34	108	35	115	41	3	96	6	110	2	109	26	56	85	1	96	106	94	16	15	10	69	54	29	83	58	101	9	109	56	91	116	63	103	34	38	117	22	70	112	67	116	1	85	44	94	61	7	93	85	2	8	54	67	43	93	47	19	55	84	110	11	14	91	76	51	32	54	105	99	56	70	53	109	79	57	93	4	95	13	99	106	93	119	33	22	65	53	52	44	58	67	53	12	19	69	65	12	28	54	59	12	84	32	41	78	67	98	117	66	49	108	0	97	85	109	63	76	86	12	65	42	71	67	119	4	104	67	115	106	60	44	27	111	72	76	58	33	78	12	89	97	54	12	36	76	108	111	23	10	105	94	98	47	41	47	58	38	41	77	57	14	117	111	45	33	5	27	36	28	7	2	25	53	53	115	68	23	66	28	117	36	35	94	33	31	27	5	58	47	2	33	88	114	119	0	111	86	80	63	22	24	97	68	5	1	93	95	55	102	31	30	13	39	113	2	79	75	111	12	27	54	100	103	81	31	25	115	13	35	47	109	112	115	91	59	40	55	50	115	68	112	60	56	38	68	14	100	61	88	16	91	87	112	93	5	20	40	25	35	40	36	99	1	21	28	95	73	110	100	41	69	49	64	117	117	70	73	64	21	30	106	91	10	89	2	8	30	119	107	113	94	84	24	85	49	47	103	115	110	40	108	91	38	3	81	6	41	47	106	11	23	116	114	60	56	103	105	8	107	79	11	91	30	117	38	87	103	66	3	23	95	34	74	95	27	42	91	17	97	5	89	108	10	48	91	100	6	117	0	95	90	91	54	8	110	88	6	17	9	80	3	15	52	118	43	38	71	93	49	3	76	4	100	78	100	79	57	108	68	115	92	90	9	93	25	32	1	113	69	0	95	111	98	28	45	74	52	66	14	36	80	29	44	65	15	23	78	34	23	29	22	7	98	108	117	9	86	79	72	90	94	22	1	4	88	94	19	69	69	13	28	63	3	0	36	108	77	102	35	54	15	95	43	47	1	56	74	48	36	28	13	7	57	14	92	10	118	85	100	56	87	111	110	7	101	103	37	7	60	19	39	
71	28	38	0	73	96	20	108	90	85	103	60	12	107	103	57	8	18	13	93	62	45	74	57	49	99	23	108	80	111	16	89	36	46	109	38	42	41	2	0	57	116	33	102	78	4	25	26	22	23	54	28	70	0	62	63	91	22	37	113	10	61	1	118	103	26	54	68	89	91	73	80	91	51	88	94	67	0	63	92	30	32	107	31	10	71	74	51	89	106	112	70	51	102	27	108	4	88	63	76	25	5	33	40	70	11	95	8	81	78	21	15	32	58	57	91	46	6	103	64	73	30	84	44	86	87	94	100	66	103	41	108	41	9	3	58	66	100	72	18	65	92	21	90	98	86	21	21	112	38	29	60	69	66	63	56	100	50	107	97	86	24	36	48	69	45	73	110	65	17	76	36	27	45	70	68	109	84	112	29	7	92	66	34	107	17	119	34	112	82	62	72	113	56	9	51	15	13	105	110	9	90	102	57	18	15	59	69	67	102	47	19	27	63	92	47	49	111	57	86	14	96	86	85	49	9	71	115	72	86	58	115	78	13	43	115	57	65	96	56	71	89	13	102	115	105	40	3	44	95	85	116	21	111	50	70	117	62	3	118	119	105	22	56	2	54	56	98	105	64	76	25	3	22	58	73	35	77	53	73	48	104	18	108	61	46	15	112	9	99	41	57	40	45	108	54	110	72	77	34	66	16	98	107	80	21	80	94	92	105	99	23	69	67	56	60	23	103	62	82	111	42	23	38	105	66	18	101	84	18	68	51	100	114	9	54	70	12	23	35	62	14	26	86	19	46	56	78	57	72	29	102	85	74	47	60	108	119	90	76	51	70	4	13	87	36	9	114	5	60	111	9	97	101	26	119	42	91	88	40	76	19	13	43	84	3	71	107	63	6	51	85	42	27	68	32	74	79	58	23	36	93	64	16	93	44	75	16	43	8	1	60	89	111	95	16	5	4	57	66	108	22	92	15	83	81	6	108	71	59	12	29	61	47	74	49	83	36	13	3	44	111	3	8	5	104	58	93	93	50	37	6	45	95	107	118	60	56	86	111	60	119	38	49	111	44	118	8	97	91	17	22	20	31	83	39	91	110	27	100	95	72	16	21	50	32	68	51	28	93	1	24	87	33	6	108	115	37	86	112	26	98	57	78	61	49	63	70	36	73	103	20	39	43	48	24	116	23	67	27	97	81	22	36	45	87	70	110	108	38	103	0	67	2	96	53	80	64	12	68	79	62	41	112	45	9	59	112	15	53	73	32	83	79	22	92	85	117	24	115	50	84	60	81	48	96	30	66	98	54	116	101	63	84	107	14	36	119	72	58	76	115	5	114	87	39	21	65	4	38	78	2	87	27	73	46	42	0	89	69	116	101	5	18	40	68	23	52	19	40	94	75	32	15	53	3	16	65	3	71	16	10	59	54	77	31	19	28	109	119	88	14	93	37	55	113	9	14	21	51	38	73	71	31	65	105	41	116	72	107	114	70	119	85	29	25	52	28	33	68	51	109	65	92	10	52	115	84	61	7	36	18	65	66	105	84	44	75	22	118	10	71	58	13	72	10	49	6	92	66	79	115	2	98	42	113	96	51	66	118	62	18	47	109	21	32	44	79	70	68	26	13	46	78	17	108	76	64	58	58	20	99	60	85	58	53	109	0	77	65	39	112	90	100	45	60	90	4	24	11	93	112	46	90	46	81	47	28	35	93	88	110	59	101	70	42	117	42	105	12	36	33	108	70	76	117	99	93	74	82	50	5	92	85	98	11	98	91	64	87	65	70	65	99	45	70	108	101	7	117	3	103	40	92	97	93	14	79	35	10	28	14	93	16	42	116	71	100	96	63	20	56	32	88	57	87	87	114	103	73	49	99	107	86	72	34	83	12	119	78	98	108	101	94	107	31	78	95	84	71	33	29	113	117	96	23	118	28	10	37	20	42	56	9	116	72	3	34	18	72	105	38	59	49	108	83	45	115	4	96	64	111	96	93	24	80	52	71	10	41	99	99	40	79	52	30	81	53	54	93	116	27	111	4	72	30	22	92	55	88	11	82	70	53	110	97	60	52	92	30	63	26	37	36	74	77	119	66	82	92	48	88	1	17	31	77	27	3	62	61	46	118	88	37	36	68	88	26	11	105	10	32	107	29	71	17	112	45	72	109	114	61	38	30	97	74	55	35	41	61	0	93	64	77	71	114	78	12	75	116	71	17	23	48	94	24	48	114	115	99	113	54	59	90	111	29	50	54	16	74	62	37	37	116	6	83	95	97	104	110	102	67	84	39	95	35	8	72	28	71	15	11	68	51	55	16	88	34	101	103	42	26	59	102	6	98	24	103	38	49	95	43	16	35	37	74	86	110	99	93	32	27	42	23	56	48	47	46	46	73	116	24	77	89	47	115	63	10	15	110	86	65	116	35	95	89	80	29	91	94	74	104	47	10	75	15	22	107	49	6	4	67	70	41	41	118	57	64	77	35	92	102	17	105	60	26	105	57	97	87	21	74	12	85	37	46	73	4	22	76	25	100	1	76	107	79	82	8	89	53	113	41	8	107	38	109	59	39	27	68	36	112	43	35	35	25	56	105	69	46	63	8	103	119	55	4	105	20	29	16	71	73	4	56	86	81	60	89	81	47	38	68	116	43	105	66	24	4	106	112	48	62	84	62	103	76	97	41	91	116	118	32	114	116	42	79	38	94	22	10	45	0	41	31	13	77	111	2	66	11	101	99	67	19	92	19	101	2	7	14	76	113	49	61	86	32	0	77	4	42	56	41	108	37	25	66	47	23	87	19	50	21	16	10	26	10	60	0	42	107	119	74	67	109	36	28	48	107	109	106	13	88	107	14	116	101	25	105	112	74	3	83	41	38	28	79	66	44	84	99	42	52	109	114	3	111	71	21	46	78	59	53	116	42	20	56	79	78	59	12	54	25	89	119	96	79	4	68	90	99	50	14	67	64	97	109	81	61	69	89	40	19	56	90	82	112	118	29	28	32	86	72	61	83	117	0	110	103	46	113	14	11	2	40	71	33	111	109	106	103	89	13	87	1	63	72	63	58	56	79	111	77	104	81	38	3	54	60	58	55	69	28	33	103	86	79	100	104	79	32	22	102	93	21	33	72	76	77	89	13	73	6	18	14	9	54	77	51	20	54	96	6	73	11	76	42	23	57	45	91	9	15	77	68	3	115	37	74	59	3	105	65	92	53	112	46	108	13	76	61	33	44	22	80	20	78	60	61	92	22	111	15	55	9	0	1	78	109	25	36	89	55	62	31	103	62	110	96	17	79	29	77	97	45	116	111	23	34	99	52	70	104	37	12	112	58	11	92	81	51	103	88	55	1	102	85	47	3	74	78	104	89	84	3	102	67	101	51	24	103	45	79	46	104	52	73	10	24	21	13	1	44	58	50	88	107	35	105	115	86	26	49	100	47	117	97	89	89	2	44	98	101	84	90	48	27	119	70	4	43	4	45	95	79	69	20	65	114	116	53	40	74	11	14	36	101	98	33	7	10	7	89	97	37	17	45	0	22	55	32	69	95	26	27	48	80	119	38	47	54	119	24	51	2	72	117	110	102	15	74	5	5	4	74	58	38	85	25	19	63	21	57	45	6	101	64	104	97	21	17	3	60	80	46	91	42	27	94	38	3	19	20	59	90	98	36	11	24	87	88	6	58	88	52	35	10	66	119	77	41	106	59	110	5	49	81	78	23	60	5	55	98	15	3	44	99	114	16	13	117	54	46	45	107	108	59	96	56	35	29	91	5	94	66	10	108	45	112	44	0	82	81	55	99	14	109	22	110	82	109	113	74	39	114	18	87	102	77	26	23	48	112	89	66	98	64	9	78	22	84	59	117	7	2	38	32	96	86	114	90	76	21	47	42	55	102	45	20	112	29	63	66	88	99	44	20	104	26	118	90	10	47	95	3	33	107	21	53	4	93	99	16	59	97	63	90	67	2	104	101	18	25	29	113	29	88	59	45	69	2	23	17	82	44	78	67	59	1	15	103	20	56	71	115	18	5	50	108	16	35	106	86	85	15	96	119	1	102	46	60	87	48	92	9	83	94	104	30	23	103	63	107	36	47	21	37	19	6	55	84	16	108	21	119	85	104	31	118	106	43	6	12	112	57	40	108	78	102	81	38	53	73	15	10	103	20	110	76	14	74	63	63	97	99	108	10	44	75	38	13	118	40	89	116	60	12	8	50	102	71	114	2	115	70	52	101	62	45	108	105	33	113	91	6	34	45	18	109	116	49	54	0	21	37	63	87	4	67	118	68	93	77	118	116	41	67	100	27	6	75	71	56	105	99	74	93	99	44	50	6	58	52	5	69	76	86	113	109	117	68	37	38	18	12	53	47	34	108	53	40	64	73	43	108	106	37	94	4	86	15	65	97	34	30	66	108	81	46	80	96	37	21	98	108	78	21	69	6	44	94	73	115	61	88	11	83	109	32	71	109	25	61	73	109	15	98	24	24	51	76	47	116	115	113	28	116	71	71	71	60	83	8	83	95	53	1	18	104	33	77	109	96	101	68	10	95	52	73	70	49	31	94	10	30	110	43	7	105	99	114	6	51	78	52	80	3	113	9	78	82	49	9	117	29	40	114	72	113	15	102	61	115	27	39	103	81	24	92	108	69	104	3	70	29	111	4	87	110	102	72	105	95	48	102	78	40	88	71	74	112	51	24	89	64	7	6	77	90	85	105	43	1	110	18	95	63	26	86	118	0	79	94	90	28	113	56	92	11	25	27	63	105	109	54	53	35	89	23	13	32	74	97	95	50	87	33	118	65	114	17	114	70	9	114	45	32	29	118	31	34	105	0	63	7	66	88	111	2	80	49	116	21	39	38	33	29	115	114	102	55	8	31	20	53	113	92	66	49	27	44	6	6	96	113	60	51	18	22	88	68	64	62	85	53	102	118	72	107	6	35	84	30	69	16	36	34	118	26	4	101	79	48	70	54	18	56	72	46	3	3	49	101	95	102	111	118	15	0	55	34	2	97	10	78	61	75	51	72	35	101	85	100	18	7	36	87	52	5	58	102	71	117	81	67	108	62	82	11	23	76	86	25	69	31	87	11	12	62	76	72	88	69	99	59	39	18	23	13	44	35	112	17	105	48	98	102	117	72	98	115	15	70	105	111	70	51	2	106	103	81	101	9	4	70	92	61	94	66	76	60	69	89	0	105	52	88	106	52	67	39	82	49	75	11	53	89	3	46	49	49	56	19	93	23	43	71	96	105	65	23	65	23	57	63	107	87	51	43	40	38	14	109	26	100	38	25	40	103	11	27	10	65	68	108	75	10	101	114	45	80	73	68	99	19	2	76	45	9	15	14	12	9	21	67	65	82	101	33	61	116	64	59	18	14	51	53	86	92	35	38	7	40	91	73	89	101	14	39	37	101	48	88	42	77	1	107	36	88	85	42	29	83	34	60	116	117	61	69	104	16	10	10	48	118	95	115	54	117	36	5	18	99	104	38	106	65	98	83	69	8	112	16	88	13	47	116	62	5	21	60	41	115	6	88	34	75	70	115	107	34	69	86	72	38	46	119	10	76	115	12	39	83	78	47	5	86	119	69	92	86	14	5	101	100	1	39	48	72	67	28	16	49	118	50	44	76	1	71	5	100	74	5	6	25	114	78	61	103	1	8	69	69	22	87	88	90	0	94	105	23	20	55	83	26	53	57	103	55	107	101	93	36	109	5	18	78	17	90	21	97	89	105	88	9	115	118	47	65	75	2	55	85	76	66	76	106	92	99	91	55	102	45	37	54	116	97	91	95	6	39	22	77	39	93	44	3	55	74	107	6	77	0	105	52	1	68	93	28	7	52	82	107	50	64	25	39	16	30	49	48	101	58	97	114	41	6	33	32	65	6	58	105	88	34	117	93	63	1	112	17	100	94	70	114	83	3	65	57	42	107	10	54	113	19	5	58	67	10	20	33	43	43	80	50	102	64	28	75	79	8	82	1	11	79	37	20	76	70	1	50	106	22	12	5	15	72	100	41	22	19	2	30	41	43	116	22	104	102	95	31	13	103	108	61	44	85	14	91	117	94	91	44	73	64	36	110	52	28	91	16	35	89	6	79	86	49	108	111	75	29	97	109	48	70	58	78	94	20	94	16	20	87	5	40	61	112	83	77	97	108	119	98	43	117	55	39	22	54	113	28	116	46	9	39	39	83	0	108	32	23	15	12	28	56	50	106	45	14	9	69	50	70	101	101	98	87	48	81	40	99	10	78	82	81	48	116	65	98	61	30	10	5	119	35	8	116	55	112	9	43	42	53	52	77	111	60	117	19	96	60	22	91	104	76	45	115	8	3	20	113	108	113	71	115	104	88	109	40	5	78	73	104	48	39	55	32	18	84	48	72	113	10	62	49	21	25	101	9	80	20	22	5	57	34	18	116	77	61	108	59	53	94	98	3	88	63	103	2	15	110	45	114	38	90	95	25	34	53	58	115	107	35	112	30	98	61	0	42	31	87	68	34	32	91	7	93	100	31	78	85	105	74	46	66	56	68	85	38	28	3	66	22	85	62	52	59	69	107	43	68	118	29	52	77	13	18	118	20	15	11	26	17	22	5	98	62	64	117	10	94	75	43	27	31	52	116	107	62	56	56	104	16	29	48	62	33	109	81	10	67	84	82	0	58	97	14	111	97	113	101	11	16	61	52	112	85	70	112	60	88	95	62	20	86	58	112	63	15	39	96	98	118	115	85	75	93	82	80	114	2	82	82	52	38	96	74	73	41	9	108	33	29	39	53	50	54	64	5	19	85	29	78	102	20	119	100	112	99	30	11	55	5	8	9	1	94	118	80	26	79	51	11	56	117	110	61	106	108	46	68	16	84	58	28	58	84	10	21	57	75	99	63	24	117	48	75	58	112	91	95	98	119	2	23	87	82	83	119	0	105	98	40	1	24	70	72	33	45	14	20	4	0	55	70	22	94	108	89	113	114	43	6	60	105	84	119	52	12	36	86	7	47	66	60	41	28	7	32	93	8	7	69	101	107	5	42	8	86	2	31	41	115	79	7	81	56	115	72	87	43	19	32	49	22	52	23	66	97	54	27	1	24	97	4	57	116	37	52	88	57	2	2	96	101	67	63	71	106	64	12	62	35	22	114	35	107	72	44	37	96	0	77	51	96	100	62	22	113	75	90	118	40	60	28	79	119	98	57	47	81	83	74	35	4	88	0	27	59	118	15	69	12	26	29	36	27	51	33	46	47	21	47	63	83	13	13	13	109	96	74	1	78	46	110	57	70	8	36	72	83	39	94	8	101	40	50	14	1	56	18	31	71	84	5	77	12	51	37	33	54	99	111	89	52	57	43	14	4	63	23	82	17	71	94	33	12	35	77	37	70	41	29	13	95	73	99	47	98	67	38	103	50	22	3	21	82	95	55	20	101	34	21	101	3	62	58	43	27	23	106	113	92	109	74	37	31	68	23	68	67	71	24	83	52	61	116	14	114	41	65	29	14	61	79	1	22	0	24	19	53	65	83	77	100	56	90	102	17	85	54	90	14	109	78	118	119	55	30	119	17	25	33	109	103	118	43	68	80	28	15	41	59	88	25	97	69	81	15	65	70	85	70	15	43	28	79	20	0	92	73	59	38	51	107	59	48	12	64	112	30	16	27	47	2	73	89	85	88	67	97	112	67	22	34	18	12	4	30	99	55	71	22	112	79	20	59	66	43	111	18	119	4	8	106	80	38	18	94	78	106	5	31	8	7	114	6	26	55	57	98	115	98	107	76	88	94	75	13	27	115	33	34	18	114	22	87	17	62	92	48	104	76	30	59	68	4	37	110	87	114	7	64	22	84	57	21	78	31	27	112	114	54	51	46	42	97	46	27	45	12	16	61	63	74	94	35	104	11	35	36	68	85	101	109	42	19	15	54	35	5	3	45	108	52	66	16	79	36	13	69	22	79	103	97	105	117	1	73	23	89	64	19	96	67	95	44	10	4	17	50	90	38	37	95	72	10	68	16	99	85	90	0	57	67	65	13	65	25	1	98	61	96	110	43	97	60	13	117	96	84	98	116	0	52	26	22	78	25	19	88	62	89	22	51	91	109	18	9	55	45	66	79	89	77	74	19	33	55	9	50	56	17	106	107	98	8	12	56	17	5	47	30	16	97	32	68	34	27	20	93	70	54	71	44	63	88	97	2	5	102	72	89	103	91	75	59	41	50	31	88	25	83	114	67	95	87	87	48	96	79	103	5	14	0	118	104	14	119	34	14	109	62	83	112	6	38	9	0	72	40	102	38	92	69	89	4	29	22	109	42	42	91	97	102	83	112	49	81	6	12	110	105	76	61	62	113	2	93	111	33	42	28	11	17	77	100	41	90	11	15	99	77	109	28	42	68	78	20	64	92	50	113	10	107	101	97	22	18	112	78	28	42	106	109	98	48	47	75	101	74	35	116	1	91	96	66	60	21	114	111	81	84	34	19	96	104	66	0	29	83	35	89	58	86	88	60	14	24	75	5	80	75	111	3	72	1	103	116	63	47	37	87	28	114	20	79	104	101	75	30	105	26	14	102	68	41	104	32	112	50	57	36	69	92	10	61	29	54	59	96	2	23	106	63	7	60	33	5	6	50	70	84	8	34	63	32	84	64	36	56	6	57	15	105	109	20	33	4	54	69	83	28	112	3	99	73	44	94	94	33	119	54	97	45	52	108	117	108	111	114	48	15	69	57	40	95	71	10	4	41	113	11	119	85	5	101	71	74	42	19	1	104	41	53	118	41	16	4	80	92	74	20	9	83	44	18	108	31	94	50	41	31	58	81	32	8	104	58	6	109	42	5	65	76	37	61	59	5	70	98	15	67	63	85	47	64	38	108	119	82	66	96	2	94	88	64	52	58	36	87	75	91	90	22	99	67	76	34	18	98	101	70	32	25	103	85	51	115	98	92	11	100	99	62	89	57	107	63	32	62	86	76	4	64	0	113	52	111	6	30	113	33	5	20	50	101	20	45	28	40	100	14	67	46	22	95	29	54	69	44	112	43	33	101	100	47	45	51	75	23	57	67	28	112	97	118	108	30	64	65	55	9	30	94	77	73	64	105	87	68	42	82	17	21	63	87	25	30	91	61	12	60	11	54	72	84	47	83	110	86	74	61	107	116	21	40	21	107	95	76	69	18	96	22	20	81	48	11	44	66	11	1	87	8	110	100	84	5	57	69	65	56	74	48	97	66	7	48	107	27	24	53	22	24	30	105	15	119	92	80	19	76	23	24	95	111	110	60	14	88	71	109	99	44	59	24	88	43	89	23	110	14	28	56	43	79	100	60	9	113	21	27	79	26	110	43	70	51	50	47	103	99	61	12	52	100	70	1	80	23	23	48	71	91	20	77	25	28	68	32	23	87	22	8	48	1	102	2	50	48	84	32	115	17	60	115	75	88	12	38	72	65	23	8	75	42	87	19	39	63	40	85	0	18	56	74	97	9	100	4	112	19	74	67	92	108	29	96	61	80	98	90	115	112	45	78	44	81	95	9	88	95	18	69	92	105	105	23	27	25	95	98	85	6	35	36	66	92	10	40	110	0	106	104	18	53	36	31	73	106	20	0	100	106	7	38	27	24	118	31	54	45	47	118	55	67	47	68	113	28	54	53	58	41	28	78	109	2	16	15	45	97	18	24	17	51	101	112	10	48	53	11	85	48	51	116	39	14	97	33	78	24	17	113	89	16	47	73	95	4	77	118	81	96	117	112	52	63	114	86	51	7	84	34	28	70	114	83	103	74	85	74	107	67	25	66	18	101	81	67	69	33	21	2	94	88	47	118	48	40	114	95	50	88	95	25	18	4	22	21	24	1	0	59	75	111	54	56	93	119	11	92	24	95	113	48	22	79	10	76	7	110	119	59	63	69	106	65	40	34	29	84	52	119	84	41	68	50	51	32	62	47	75	42	21	29	96	56	99	93	86	92	91	65	91	95	117	81	45	73	58	30	9	110	113	66	27	43	20	86	17	109	56	74	82	107	109	17	61	97	97	12	52	95	75	78	107	8	22	95	34	36	25	52	109	52	20	49	107	1	12	86	107	33	108	114	81	56	85	111	67	59	4	18	18	38	13	17	13	71	34	63	101	14	100	68	17	36	11	46	93	78	71	3	8	33	78	73	79	7	105	112	55	66	7	48	43	48	105	84	87	54	29	0	98	102	117	76	36	83	4	66	56	14	4	0	42	56	63	27	7	114	4	2	59	1	85	66	10	56	35	45	111	53	31	50	118	0	116	110	66	88	94	53	49	59	7	19	40	96	3	6	101	21	103	119	69	115	81	110	45	29	94	3	100	75	93	94	28	9	53	59	106	16	106	78	77	26	16	92	44	117	92	25	104	100	45	23	56	49	20	14	88	98	117	106	2	110	27	72	20	104	44	5	1	14	75	79	89	15	35	67	96	89	105	94	44	49	66	22	57	51	52	118	45	65	44	6	82	100	59	106	53	88	81	6	39	117	19	81	59	80	33	83	114	78	26	50	63	33	19	75	59	20	101	41	92	1	69	115	88	10	53	22	91	42	119	100	5	43	81	34	52	25	33	78	24	73	12	52	62	55	117	43	95	67	1	89	22	29	80	99	102	70	101	25	23	104	115	8	69	40	116	47	50	17	84	110	10	85	15	19	43	9	62	58	109	111	114	31	102	41	14	32	63	52	67	9	119	93	44	64	6	9	35	51	2	67	98	11	111	34	72	42	43	117	32	22	43	78	106	22	118	67	18	25	111	36	54	18	32	94	22	4	96	61	21	50	70	42	59	2	54	23	63	92	24	41	30	55	91	92	107	105	96	75	79	14	99	55	51	50	103	81	100	67	85	112	45	76	58	24	23	14	7	72	75	111	102	56	44	36	55	63	86	11	118	115	57	41	75	113	65	82	86	106	25	46	69	88	51	33	49	47	23	64	40	106	18	96	12	105	116	111	33	50	101	116	25	27	68	78	15	42	32	79	66	65	10	64	35	32	27	106	60	22	72	117	36	58	118	53	104	99	31	75	13	99	68	60	14	101	119	38	32	102	84	16	48	50	18	56	0	16	56	84	111	104	76	11	9	4	49	75	109	4	16	53	26	9	114	38	97	78	97	25	21	47	107	44	80	39	102	30	52	47	25	28	42	53	113	105	97	1	31	42	106	110	54	117	34	30	21	16	20	119	113	21	31	64	8	83	56	66	77	56	105	100	69	25	54	44	93	103	47	31	74	53	22	11	28	49	99	36	14	26	90	37	90	54	53	50	119	82	49	89	52	96	42	90	70	36	12	95	32	33	9	52	42	50	19	14	91	117	62	79	85	58	62	110	69	86	77	78	100	112	36	116	56	111	61	112	32	84	19	74	98	64	106	71	71	115	46	36	41	46	87	105	10	9	3	100	92	101	108	13	106	73	18	53	99	94	90	43	43	115	40	76	84	77	99	106	23	90	33	68	76	7	21	116	107	11	39	7	11	13	13	30	4	25	82	119	5	28	76	57	67	9	114	72	87	117	57	110	46	51	39	74	97	91	59	86	88	106	30	110	58	57	17	101	44	6	93	47	76	92	46	10	91	8	47	114	73	41	113	42	4	49	11	48	1	104	110	27	115	62	40	32	54	35	114	11	21	85	34	50	58	95	85	65	70	15	27	35	39	32	38	85	110	90	17	104	81	63	17	88	105	85	58	85	79	4	88	115	39	63	59	83	96	95	65	88	116	43	103	42	74	34	17	11	56	21	90	71	46	53	50	74	6	19	82	69	74	12	38	23	1	57	82	8	103	66	22	100	91	50	16	2	85	61	72	0	110	11	80	29	116	26	67	57	104	0	70	91	96	73	58	30	34	13	112	48	10	54	23	2	29	82	91	90	36	71	76	0	93	82	61	40	39	25	17	102	44	13	114	56	86	118	83	4	48	3	33	118	21	62	74	24	69	55	99	0	44	40	71	62	20	48	30	15	46	13	43	26	8	7	65	58	47	69	57	109	10	77	33	99	81	47	10	41	25	31	43	67	110	87	24	78	25	51	39	111	75	45	8	111	88	22	116	12	39	77	31	93	114	88	17	119	25	98	34	98	66	9	23	85	73	62	60	92	110	10	66	56	38	99	41	108	40	113	80	58	55	80	96	3	14	116	17	24	89	117	68	117	22	43	6	99	50	84	29	91	15	61	45	3	43	50	97	3	33	48	119	3	107	86	99	85	59	17	92	65	28	37	29	3	86	96	73	95	23	49	60	53	79	28	88	15	28	97	64	50	113	74	1	26	84	51	106	57	87	73	11	118	67	39	22	35	89	100	67	80	103	111	108	71	35	107	35	13	93	110	94	63	59	43	50	116	74	119	9	70	9	40	26	92	47	45	117	42	114	84	64	68	112	88	30	107	80	2	21	60	83	46	27	13	35	109	60	11	57	52	68	25	103	22	29	31	63	6	30	9	52	54	22	78	91	72	99	49	31	85	8	0	16	4	63	8	83	13	98	100	36	28	8	48	108	55	70	118	19	31	51	100	77	111	14	103	62	103	63	115	33	13	115	104	83	94	103	95	4	30	3	58	65	44	100	55	23	7	60	112	37	68	23	0	63	38	67	29	44	27	24	38	48	110	49	100	50	26	96	40	118	79	83	75	112	9	40	117	79	39	44	101	101	51	91	12	102	8	99	86	110	95	45	75	59	58	49	2	49	61	32	54	71	37	64	115	119	110	99	112	104	44	47	66	49	87	95	26	38	118	42	93	40	12	98	64	105	118	8	95	78	25	58	40	21	23	13	91	90	76	80	77	22	93	112	112	81	51	60	109	31	79	45	18	39	80	93	19	114	80	24	1	85	57	4	33	46	14	116	90	48	72	114	68	36	1	14	57	78	110	77	81	24	75	89	119	28	56	32	80	31	62	65	6	103	48	40	114	88	59	85	22	114	40	117	69	58	3	105	78	109	66	66	26	108	78	22	65	93	86	106	73	73	25	21	73	82	97	41	67	23	30	102	94	59	18	70	55	59	2	39	0	30	48	88	20	75	51	23	62	43	30	94	61	55	90	34	75	31	119	7	94	11	55	70	15	71	16	56	95	49	30	70	104	41	108	77	88	67	29	110	67	92	115	51	37	59	73	49	17	43	25	10	18	97	17	9	0	52	76	9	26	34	61	94	15	86	11	86	43	105	109	42	55	2	118	20	65	70	78	68	106	66	37	83	114	22	101	66	57	74	83	104	102	98	28	4	9	37	105	93	63	1	56	88	35	52	6	98	59	32	42	86	49	100	48	2	103	25	40	40	52	94	103	85	36	51	99	85	106	28	42	49	3	59	91	29	44	59	27	51	17	61	87	66	70	67	51	16	61	8	87	81	47	42	1	71	32	67	44	105	97	72	114	99	79	117	11	102	66	34	111	9	40	43	79	20	84	86	67	49	51	95	106	35	67	2	92	8	62	88	33	116	54	62	51	60	44	59	86	6	43	71	27	8	69	38	54	92	55	47	35	32	69	50	17	81	21	35	80	11	112	56	22	77	1	44	42	94	78	47	116	82	110	52	30	6	117	116	85	42	11	97	61	17	58	35	33	46	76	52	115	54	73	83	40	109	44	48	32	53	69	58	60	113	21	10	17	2	105	73	61	109	116	7	58	24	90	45	14	94	76	7	75	60	24	111	18	36	21	53	89	48	101	5	52	111	14	91	25	84	87	56	55	9	115	117	77	20	6	31	111	77	62	102	55	107	95	24	114	87	29	19	4	53	28	18	91	10	18	7	91	117	80	39	78	18	108	84	37	23	19	78	73	14	71	4	103	97	37	50	109	88	107	25	60	12	30	118	45	78	78	104	85	32	97	88	21	69	56	88	60	9	86	119	47	101	113	104	20	71	73	56	100	113	27	16	104	51	21	102	96	56	0	103	25	109	51	90	63	111	6	9	49	41	26	80	8	89	29	77	108	17	57	108	1	80	31	78	27	109	101	73	100	69	29	47	47	115	19	34	109	32	101	14	109	90	53	68	89	92	58	74	75	26	77	96	38	81	105	66	107	104	76	6	110	47	90	75	9	44	38	64	93	3	109	75	64	40	37	1	102	4	80	26	0	58	110	53	85	108	2	110	2	70	81	20	53	34	85	4	10	95	25	82	58	80	74	70	112	60	12	85	101	18	73	54	114	76	103	64	65	20	41	34	88	87	110	14	26	34	36	100	108	62	5	53	108	53	58	74	92	107	114	47	101	34	72	80	32	29	41	102	98	51	92	46	23	55	50	76	53	74	86	117	49	41	6	80	89	7	77	41	116	1	96	25	97	9	40	104	55	70	10	89	63	90	11	62	51	38	35	79	75	18	37	21	61	41	13	9	93	72	24	100	81	112	44	22	58	12	10	69	22	39	36	15	59	31	16	100	29	44	92	111	75	86	42	34	28	111	7	55	54	52	48	92	13	27	51	7	10	60	53	111	36	66	73	39	43	33	106	50	109	46	104	73	44	117	15	20	82	58	96	47	65	113	28	114	20	113	52	58	9	14	86	89	118	116	68	24	49	21	48	
10	18	7	3	6	5	9	4	3	17	11	5	7	3	18	1	15	4	16	12	3	17	4	4	1	7	17	12	18	6	3	12	2	14	8	18	11	6	2	13	2	20	4	13	6	20	10	1	15	11	10	20	10	6	8	4	8	15	14	6	18	18	8	15	1	17	20	3	2	12	11	16	6	20	13	4	14	14	15	6	12	20	20	4	7	10	11	10	2	10	9	11	13	20	16	6	12	1	17	5	2	14	20	5	3	1	19	15	16	10	6	20	14	18	11	12	14	11	7	6	13	13	10	1	4	14	13	11	5	2	15	20	15	6	14	19	1	19	6	20	10	7	6	3	13	18	11	17	15	14	11	3	6	10	2	8	5	19	15	17	12	14	12	14	5	13	9	20	1	15	3	1	1	14	7	14	9	3	3	7	16	3	3	9	12	3	16	15	17	9	4	15	7	4	18	4	2	10	13	11	12	4	18	20	14	20	12	9	8	13	6	10	1	9	4	15	2	18	3	12	6	12	20	19	9	11	14	1	6	1	4	18	10	11	6	11	12	10	5	6	3	15	7	8	5	7	15	16	11	19	12	18	1	12	14	8	17	19	10	14	15	16	2	6	18	14	17	7	9	1	6	6	10	13	5	19	9	5	11	15	8	12	18	20	4	13	17	10	18	19	19	3	14	17	16	19	18	6	1	12	15	4	8	2	13	1	12	19	10	16	16	3	11	19	4	7	17	19	2	1	20	5	1	10	6	2	8	6	8	15	11	2	6	1	19	16	18	13	17	16	1	20	18	11	7	18	8	16	10	14	15	1	7	20	16	9	15	20	20	5	10	1	13	9	18	15	2	2	3	2	2	10	20	17	9	5	8	15	13	9	13	18	13	14	3	4	8	2	20	20	2	1	1	20	12	16	15	17	7	5	10	4	9	17	20	2	9	20	2	12	6	19	8	19	12	16	8	16	17	15	15	8	12	18	10	20	16	17	13	17	17	6	18	8	4	17	9	17	2	16	5	15	13	11	5	8	14	19	7	18	16	11	14	4	13	12	10	14	13	16	11	9	18	3	20	14	16	20	20	15	1	19	11	19	4	15	9	10	17	15	6	12	16	6	9	10	11	11	16	17	6	8	5	15	19	2	15	4	2	17	17	13	14	7	6	8	12	13	17	20	16	18	1	1	2	13	11	18	4	5	18	14	10	1	6	8	5	14	3	12	11	15	16	12	9	3	12	11	10	20	10	4	10	7	5	10	20	8	20	8	17	13	10	11	11	7	1	18	6	18	7	12	15	16	7	5	16	18	3	2	18	5	12	8	17	1	19	20	2	4	9	4	15	4	4	1	4	14	3	14	20	7	17	13	13	8	2	17	7	2	19	14	12	6	17	10	4	10	5	16	15	18	2	6	10	3	19	14	17	18	16	13	17	20	19	15	15	7	9	18	12	11	18	15	14	18	12	11	8	15	19	3	12	9	13	4	12	5	2	6	15	15	20	8	8	4	4	13	3	5	14	3	1	8	7	14	6	9	2	17	1	1	2	11	14	6	16	15	7	16	2	16	19	16	9	20	8	20	1	11	15	12	3	13	15	7	1	1	4	13	11	13	5	16	14	9	8	4	6	6	15	5	12	2	8	9	2	15	4	1	6	1	12	11	1	14	11	4	2	14	13	6	5	14	7	13	16	10	8	7	9	7	11	14	10	12	8	1	6	14	11	16	4	9	3	16	2	3	16	6	11	9	3	5	11	6	4	11	8	9	4	16	9	7	15	16	12	8	8	8	9	2	4	5	6	7	15	16	4	13	13	15	3	8	15	1	2	7	12	4	10	3	6	9	15	7	7	5	3	12	12	13	6	15	8	15	12	13	5	3	9	12	15	3	11	1	16	11	4	9	5	2	6	3	1	10	2	16	14	6	3	11	12	14	15	16	4	14	16	10	9	5	6	13	3	9	11	14	13	14	10	7	13	4	12	14	9	13	7	8	4	1	6	1	14	2	6	6	8	5	4	4	16	3	14	8	12	2	11	3	1	3	9	9	14	11	9	12	8	1	7	2	13	1	15	11	8	3	6	5	7	5	7	2	3	15	14	3	14	10	2	7	15	4	10	15	8	2	14	3	8	13	8	13	11	2	10	1	7	1	9	11	11	9	7	6	16	11	5	6	7	14	3	2	6	16	7	7	15	2	14	11	13	9	3	13	2	11	16	15	15	5	5	13	2	16	1	16	10	9	13	9	9	11	14	4	15	8	5	5	2	15	8	7	1	9	14	14	14	2	6	1	7	8	15	14	4	9	9	1	12	9	8	13	16	9	9	2	10	12	2	10	9	8	14	9	7	13	2	4	4	11	10	4	6	2	11	10	7	5	11	2	11	3	9	4	8	9	15	10	10	4	7	2	1	13	12	13	3	10	1	9	6	14	3	12	16	8	6	6	7	13	15	6	14	6	9	5	14	5	13	7	12	1	12	9	14	15	2	4	6	16	14	6	14	16	7	8	4	8	9	12	5	13	8	3	11	13	10	13	11	15	10	13	5	2	2	16	3	13	16	11	8	7	5	4	10	8	6	7	7	6	11	3	3	2	3	1	16	9	9	11	10	5	4	12	14	8	9	14	16	5	5	5	13	5	6	10	5	2	2	13	4	12	15	4	9	2	2	9	10	10	7	13	3	8	9	4	2	6	4	1	15	7	2	14	14	16	14	3	16	11	14	10	14	15	10	8	12	14	7	12	1	7	2	6	6	10	10	6	1	9	13	16	5	15	16	12	8	8	12	7	7	8	13	16	1	11	10	12	5	16	5	12	15	15	13	10	13	14	6	15	6	3	15	2	16	15	1	12	10	8	13	7	11	13	7	6	12	12	3	1	7	6	7	4	8	3	16	14	4	4	3	3	16	3	4	3	10	13	10	1	6	14	11	1	14	16	1	14	5	8	15	16	5	16	10	8	14	5	9	14	10	4	16	11	9	13	2	4	3	2	12	7	14	7	3	9	3	13	5	6	13	2	11	5	11	16	11	9	1	9	4	4	14	6	13	3	6	11	14	1	1	8	15	14	13	13	1	2	11	1	7	6	5	9	1	10	10	13	15	1	11	11	2	2	14	13	16	11	10	14	4	9	16	10	16	8	4	6	13	16	5	5	9	6	13	13	6	12	3	16	13	6	9	8	2	12	11	10	1	8	14	10	1	1	14	16	4	10	2	2	16	10	2	14	9	6	6	6	12	2	5	3	8	5	13	12	1	11	11	3	8	9	8	1	11	16	15	15	6	6	7	14	13	15	16	10	8	3	9	6	5	12	5	9	16	10	10	15	7	2	12	11	12	11	16	1	9	15	10	4	14	4	4	4	6	5	15	6	11	2	1	6	13	4	3	8	5	14	10	2	2	11	6	15	12	13	11	4	6	15	14	3	9	7	1	9	6	6	2	3	10	11	1	14	3	10	15	15	5	5	16	15	16	15	1	9	1	13	15	1	2	1	11	15	2	2	5	1	10	11	14	10	9	9	6	11	8	6	16	4	4	11	7	7	3	6	1	3	5	10	1	6	14	11	6	9	7	3	11	6	7	13	7	10	7	2	9	8	9	12	13	9	2	8	12	9	11	3	4	7	4	10	13	11	7	3	10	6	13	7	8	13	12	9	10	5	7	15	5	7	16	9	10	9	9	13	12	9	8	11	16	8	4	6	3	4	13	6	4	6	6	15	3	7	11	8	4	7	11	12	3	12	13	13	4	4	4	16	6	6	4	14	15	9	8	9	14	9	12	6	9	6	9	8	9	9	10	9	4	10	8	6	11	6	1	2	11	2	10	4	1	15	14	13	6	14	4	7	10	16	9	7	7	11	11	2	8	11	1	10	12	4	11	7	6	9	15	10	3	2	6	8	1	2	13	12	9	15	16	4	13	3	1	16	16	6	9	11	13	11	8	14	11	8	11	1	12	5	10	10	13	9	5	1	4	10	1	15	2	6	2	8	16	7	12	14	3	13	3	14	13	5	1	13	12	16	1	7	4	7	14	9	8	7	12	5	3	11	12	13	1	4	13	1	16	2	16	11	4	13	2	4	16	8	8	1	11	6	14	10	5	16	12	8	9	3	6	15	14	10	6	10	5	14	13	12	15	12	10	11	7	11	12	4	15	2	1	11	2	15	9	13	2	6	2	11	6	2	3	6	4	10	12	9	5	14	9	12	15	11	10	4	16	16	8	6	6	7	11	10	3	12	8	15	11	3	7	10	16	12	7	5	7	4	10	3	15	2	5	16	15	10	11	5	3	5	4	9	13	8	5	1	6	2	15	1	4	6	2	1	10	11	6	14	5	3	16	10	9	3	4	12	6	13	1	6	13	12	5	3	6	14	10	16	3	8	4	15	2	3	1	7	16	15	8	15	5	2	12	11	3	5	14	1	8	12	10	7	11	13	7	3	2	12	16	9	13	16	10	2	3	14	8	5	4	13	13	5	6	7	15	1	1	13	16	1	7	16	8	15	13	12	3	7	1	7	7	15	7	6	15	5	10	9	15	15	9	9	16	10	11	11	14	11	4	9	3	7	8	8	6	4	6	11	14	5	13	9	9	5	6	15	16	15	1	4	4	2	10	6	15	13	13	9	16	2	4	15	9	11	13	3	9	16	1	10	2	2	3	16	7	13	5	1	10	4	11	2	15	9	15	6	3	8	4	6	5	10	9	8	2	11	11	4	4	3	1	12	5	11	8	12	3	2	12	4	3	1	6	7	10	10	15	12	1	11	4	9	16	4	11	2	15	5	6	1	2	12	11	15	5	3	1	13	16	12	16	3	8	5	13	3	12	9	16	15	11	10	13	15	15	15	4	15	5	3	5	7	8	12	8	8	8	4	4	8	15	6	13	3	9	3	4	13	7	12	8	6	2	11	2	13	6	1	12	16	10	15	14	11	3	1	13	14	2	6	13	6	15	15	12	6	16	10	3	3	15	16	8	7	5	7	13	9	11	13	13	14	16	16	8	5	12	11	13	15	13	11	8	13	10	7	15	12	12	11	14	14	5	5	1	11	11	16	7	3	5	9	14	7	7	11	16	16	6	12	11	8	2	14	10	6	11	13	14	4	6	4	13	3	4	3	11	12	13	15	16	3	15	13	14	9	8	8	2	10	4	7	2	1	12	15	11	10	13	9	16	14	14	14	11	6	5	4	1	7	3	16	2	13	16	10	7	4	15	8	11	3	3	16	6	10	8	13	1	4	7	13	14	6	11	4	14	4	9	9	8	4	4	10	8	3	3	5	16	14	10	4	12	2	11	12	16	10	14	4	4	13	12	10	6	5	12	15	8	3	10	10	13	9	16	6	13	6	7	12	2	14	10	6	9	7	9	5	14	6	7	8	16	6	1	12	7	11	3	7	16	1	9	1	16	3	14	1	12	16	14	3	10	10	7	9	9	10	2	16	8	13	6	2	14	11	2	6	3	13	12	1	12	8	10	4	6	16	2	10	2	3	4	13	5	3	7	10	14	5	1	12	10	1	9	5	5	3	6	12	1	1	11	2	8	5	6	9	15	9	9	15	9	2	15	1	16	7	14	7	10	11	15	15	1	7	4	10	14	8	14	6	5	3	1	4	13	2	7	4	3	6	12	12	15	16	12	9	13	5	10	1	6	10	10	15	3	1	11	15	7	3	1	4	1	2	4	16	8	10	1	9	12	1	5	16	14	14	6	12	14	9	1	1	11	7	3	8	8	6	14	3	11	16	11	12	1	13	16	11	16	11	5	14	16	5	8	6	3	16	7	16	9	16	12	13	16	9	7	13	11	9	1	16	3	3	3	16	14	12	4	3	13	5	3	15	11	10	15	3	2	5	2	7	1	16	5	3	7	9	15	5	12	4	15	10	14	7	8	13	13	6	6	3	8	3	13	14	14	11	7	8	7	14	5	3	16	2	16	9	15	15	15	2	9	11	1	9	6	13	2	5	4	7	11	7	9	8	11	12	16	6	4	2	7	13	3	2	2	1	12	5	16	11	13	3	1	7	5	10	1	5	12	15	5	5	13	13	2	12	11	11	6	10	7	12	6	15	14	9	8	10	14	4	4	15	8	12	13	14	10	10	13	13	10	6	5	13	5	16	4	5	6	14	14	13	16	8	14	3	10	15	2	9	3	6	16	2	6	8	2	11	7	1	4	12	10	14	16	13	14	5	11	4	16	11	12	2	4	9	6	4	15	3	14	10	16	7	11	11	16	8	15	7	14	10	7	5	2	7	14	12	7	11	13	12	3	14	16	12	1	15	4	9	15	6	2	9	4	16	3	4	5	7	15	15	14	14	13	4	10	8	15	12	13	13	2	5	13	10	3	9	8	16	1	9	5	5	4	1	14	14	15	12	9	1	16	9	9	7	11	3	16	7	2	4	2	8	15	11	12	12	6	13	12	9	3	7	13	3	5	15	16	16	8	9	16	15	15	6	14	4	10	12	9	8	10	10	13	2	7	5	14	3	11	2	6	12	8	8	2	1	2	4	15	4	8	15	7	14	7	10	12	7	15	3	3	6	6	14	12	12	12	16	3	1	1	3	8	3	5	3	9	9	9	9	2	6	16	7	8	3	11	9	7	15	2	6	13	3	5	2	10	1	16	16	13	13	7	1	11	1	5	15	3	14	11	10	11	15	2	12	8	3	2	8	2	2	8	16	15	16	11	1	15	12	12	11	12	16	8	7	15	8	4	2	3	14	11	4	5	8	12	11	6	4	7	10	10	9	3	8	16	5	7	10	11	13	4	8	6	4	15	2	16	2	6	11	16	2	16	11	7	4	16	4	14	7	10	12	12	10	12	2	6	12	12	5	3	10	11	10	5	5	1	15	2	3	13	2	2	7	12	13	1	15	6	2	7	2	1	10	10	8	6	15	10	3	9	12	7	14	10	15	9	2	5	15	9	3	16	15	12	16	3	5	9	14	11	8	9	2	7	6	4	6	2	7	9	7	3	14	14	1	8	7	11	2	1	7	15	15	8	6	1	9	15	7	6	12	7	9	8	9	4	16	16	2	3	10	7	14	5	3	11	5	16	2	14	2	11	4	5	13	8	10	8	9	2	12	12	7	14	16	11	8	10	10	6	11	8	3	2	3	14	10	2	10	11	4	11	9	11	14	7	6	12	8	11	7	2	9	4	10	1	13	14	13	10	11	15	14	15	9	14	10	5	3	13	5	15	16	11	11	6	15	3	13	2	2	15	5	16	14	6	12	10	2	12	7	3	14	15	2	2	15	16	16	15	3	8	1	4	16	4	10	3	3	12	12	4	4	10	14	9	5	13	3	4	7	2	10	4	8	8	4	11	8	6	6	1	7	7	3	7	11	13	2	14	13	16	5	6	4	8	10	10	7	8	13	9	4	12	6	1	9	6	6	3	14	4	2	4	10	8	9	13	4	4	8	4	5	7	15	12	8	12	7	7	12	5	10	14	8	16	15	11	1	6	13	3	4	7	9	5	1	11	6	8	9	10	6	3	1	12	11	6	15	16	7	16	9	13	8	10	9	15	15	15	13	9	10	5	15	15	11	12	14	2	3	16	2	11	16	10	10	5	3	2	2	14	14	8	7	6	13	11	9	10	3	13	16	9	6	6	3	15	1	6	2	8	1	14	5	9	13	1	13	13	16	6	6	9	1	15	3	2	14	4	13	9	13	11	7	8	11	15	10	15	9	15	13	7	12	4	5	15	13	16	12	16	3	14	16	12	9	3	9	8	15	4	14	10	15	9	5	3	16	3	2	10	15	12	13	10	8	6	6	11	15	7	16	3	10	5	13	11	7	14	12	16	9	11	13	14	5	5	5	8	14	16	4	6	12	7	13	11	15	12	4	4	2	9	4	11	11	11	13	2	16	2	9	3	15	16	3	15	11	14	9	13	2	16	16	16	9	16	7	8	2	12	3	6	15	12	12	6	11	14	4	16	3	11	12	15	11	9	5	16	15	1	11	6	3	13	14	13	4	1	9	3	5	16	3	9	8	6	1	1	5	6	2	7	12	7	16	16	15	12	3	7	12	11	5	3	4	15	11	8	15	9	5	4	4	7	12	11	10	16	9	3	7	7	14	3	4	5	3	4	15	3	6	16	14	14	14	3	14	10	8	13	14	4	10	13	14	2	3	14	3	12	2	15	2	10	3	7	8	7	5	11	11	13	7	11	4	14	16	3	16	4	1	13	7	13	11	3	12	3	8	1	5	5	15	1	14	3	11	1	10	7	13	9	8	9	2	5	12	2	14	16	6	13	12	11	16	14	7	16	2	3	13	10	5	9	7	16	3	16	14	2	8	6	3	1	10	6	5	9	16	5	1	7	5	14	13	10	15	12	5	6	6	8	7	13	7	11	14	3	15	6	6	11	6	6	12	2	3	12	2	6	13	10	8	13	14	2	7	10	4	12	10	11	8	12	8	13	13	1	5	8	9	8	15	9	9	13	11	7	5	11	15	9	6	3	12	14	6	12	12	9	7	14	9	5	16	15	12	2	7	7	11	11	14	9	2	12	11	14	3	9	8	5	10	13	1	6	3	7	13	3	1	16	10	4	10	11	13	11	11	2	8	11	11	12	11	13	16	6	12	13	9	15	6	15	5	3	3	7	13	12	14	16	9	1	6	9	6	5	10	13	12	1	7	8	15	13	2	12	3	6	12	2	16	14	6	9	1	14	5	2	11	15	15	4	4	14	8	16	5	1	14	2	9	8	7	3	5	2	13	1	1	15	10	6	3	16	14	3	5	15	2	16	5	2	4	1	4	8	10	10	8	2	3	11	9	8	2	5	11	8	14	2	4	14	5	9	3	14	15	8	9	13	8	8	15	1	13	14	8	3	8	6	1	16	14	3	11	4	13	4	10	14	14	10	7	16	15	10	2	14	4	2	7	1	16	2	12	5	9	15	10	9	16	2	10	3	15	1	4	6	12	9	8	10	10	7	10	5	3	3	13	10	10	16	6	9	14	14	4	13	2	7	2	5	5	14	8	4	3	12	7	16	11	7	4	12	4	5	6	6	6	11	8	8	1	5	11	1	16	8	4	10	10	12	12	16	5	16	13	4	11	16	6	2	5	6	2	14	12	14	3	8	9	5	4	12	8	15	1	1	10	8	10	7	15	2	4	12	14	2	8	7	16	15	8	7	14	14	1	6	5	10	9	8	12	12	11	4	1	8	5	6	10	14	14	16	7	11	10	10	3	5	13	9	5	13	15	7	2	13	9	16	9	2	16	15	12	15	9	2	10	16	16	13	14	11	2	14	15	5	13	13	6	7	6	4	3	3	1	1	3	1	3	1	7	14	12	1	12	12	11	16	8	13	2	7	3	5	3	10	12	4	10	13	1	12	5	1	8	5	13	13	6	8	15	11	3	8	15	16	5	6	16	5	6	9	5	9	6	15	6	9	3	4	7	16	5	9	9	5	11	5	12	15	7	3	8	14	8	5	9	9	16	16	15	9	13	3	8	16	12	2	10	10	5	5	14	9	14	3	6	3	5	9	2	7	13	4	7	16	9	14	1	12	8	2	9	13	6	14	8	4	13	8	11	3	12	15	14	8	8	9	6	7	11	13	5	11	4	5	9	4	15	14	3	15	14	1	15	6	13	15	16	13	5	8	5	3	9	1	9	2	7	1	7	2	14	8	16	13	16	14	3	16	14	4	5	15	14	7	11	13	9	14	2	11	13	3	16	1	13	13	16	10	6	15	2	2	2	10	9	12	14	8	7	8	11	4	3	15	7	14	1	14	3	1	8	4	10	12	16	11	10	10	2	10	1	1	13	9	6	6	4	8	11	4	9	13	4	16	2	8	5	13	5	3	8	12	1	3	3	4	9	10	15	9	14	8	8	8	1	8	12	14	1	15	4	5	7	9	7	1	2	15	10	14	6	7	5	1	4	6	15	9	10	8	8	3	9	1	12	7	16	15	11	1	2	4	3	10	8	9	4	10	5	8	3	12	4	2	12	7	14	13	3	7	9	5	6	5	11	6	2	4	2	14	10	8	16	5	13	16	9	1	16	5	9	3	4	15	8	7	16	2	5	6	3	7	5	11	7	10	10	15	2	14	11	7	6	1	16	4	7	16	7	3	15	10	10	6	12	15	9	7	12	16	6	3	8	6	6	12	7	2	11	11	6	12	13	2	11	15	3	3	10	14	10	6	1	7	2	5	2	7	9	13	12	15	1	13	12	4	14	15	10	5	2	16	5	16	16	9	8	15	7	8	2	14	14	7	9	11	11	11	2	13	4	14	12	16	5	8	12	2	5	12	13	5	12	2	4	6	11	9	16	6	5	16	16	9	2	15	3	8	1	15	11	5	9	15	1	7	4	2	10	9	2	5	10	10	10	16	16	9	11	9	9	13	10	8	16	9	2	11	1	8	2	7	3	1	13	4	5	4	2	7	7	5	15	11	9	6	16	16	16	5	16	3	14	6	11	9	7	9	11	12	13	12	9	11	15	1	9	9	15	4	16	10	7	11	12	5	4	11	10	14	9	12	9	13	6	14	10	10	16	15	6	11	11	16	1	12	1	15	6	4	9	12	9	9	12	2	9	15	2	1	16	13	12	11	15	7	2	16	4	10	6	10	3	12	10	5	14	9	2	10	8	8	16	1	1	11	6	5	14	12	12	1	10	11	13	5	5	8	11	10	6	5	12	3	15	15	15	7	12	11	15	1	8	11	8	16	11	1	8	8	11	3	12	6	2	16	2	7	9	7	16	5	6	5	1	13	3	16	8	5	3	11	4	9	1	3	9	15	1	4	15	9	10	15	3	14	14	9	12	13	5	6	4	4	7	5	14	9	14	15	11	2	14	14	7	6	6	5	6	2	16	5	1	11	5	1	5	12	10	8	7	9	16	11	7	7	8	11	1	6	10	2	7	1	11	10	6	7	7	6	4	1	11	5	8	2	10	1	6	3	7	12	4	1	6	3	16	8	15	1	14	8	4	7	1	5	12	4	3	13	3	8	9	3	11	7	12	16	4	2	12	4	4	1	2	10	2	4	15	13	2	5	12	7	5	7	1	9	3	15	4	11	1	5	12	16	14	4	10	8	1	15	11	3	14	15	14	16	8	2	11	2	3	2	8	11	9	4	16	14	8	9	13	11	13	14	10	6	5	7	14	16	15	7	13	7	11	8	1	11	13	10	8	13	16	1	16	12	6	5	5	13	5	4	4	6	3	5	3	4	11	4	14	4	10	4	16	13	13	16	15	15	13	13	6	16	15	8	3	9	5	13	2	7	13	16	4	1	10	6	4	8	2	10	1	15	14	9	14	3	4	15	8	12	11	12	6	4	10	7	6	16	14	5	10	7	4	13	6	10	7	2	10	16	1	7	13	3	1	15	9	14	1	16	2	12	15	9	9	4	2	8	15	16	6	9	6	15	9	14	8	4	10	7	11	15	1	14	11	5	1	5	4	13	14	9	8	3	11	16	9	3	13	5	16	1	10	3	7	2	6	12	16	2	14	8	13	1	6	12	2	10	3	16	7	7	10	15	3	9	7	12	6	4	4	16	11	16	9	3	1	4	2	8	8	4	14	7	14	9	4	4	12	7	3	14	8	10	6	2	4	11	16	11	7	3	1	4	4	1	13	3	2	12	7	8	3	4	1	10	6	13	9	10	9	1	4	1	12	6	1	4	13	13	7	1	6	16	2	10	13	11	10	13	11	7	5	15	6	7	10	13	16	3	6	13	13	5	11	16	14	14	16	6	8	3	5	16	6	8	6	8	1	14	7	15	8	16	3	16	3	6	13	6	14	5	14	16	13	12	15	11	7	13	4	15	10	11	2	13	7	8	16	9	14	2	7	14	8	12	11	16	14	16	8	3	14	9	7	2	13	7	2	5	7	6	8	14	13	12	4	14	4	7	6	2	15	13	1	8	16	6	11	6	12	5	14	2	11	8	9	3	9	14	7	3	2	3	14	3	12	8	3	8	11	2	2	3	11	5	16	9	14	9	7	11	13	14	14	9	10	15	5	11	10	15	8	7	1	10	14	1	16	16	8	12	4	4	7	9	9	13	11	9	7	10	11	8	10	2	11	4	13	16	2	11	11	2	4	8	5	12	3	14	16	1	14	11	6	3	8	4	13	4	16	11	11	1	13	6	9	13	13	15	6	10	15	13	12	7	5	12	5	3	2	6	4	16	16	5	13	1	2	3	5	9	3	15	5	4	6	7	13	6	4	7	11	9	6	5	15	8	9	14	13	5	12	16	5	4	13	3	5	14	8	1	1	14	15	14	3	14	2	9	6	1	14	16	7	16	14	6	5	6	15	6	12	1	3	6	3	15	15	2	3	11	12	3	12	1	14	9	7	9	2	3	15	15	1	12	1	15	15	6	12	15	15	13	5	11	6	8	1	11	8	7	16	13	12	5	6	4	13	10	4	5	2	16	14	8	4	3	2	5	15	6	5	3	3	6	13	6	2	7	10	1	2	9	8	4	14	16	7	7	2	16	9	11	9	7	12	1	10	5	15	10	13	10	6	1	5	11	8	9	7	5	9	11	9	16	1	7	16	10	15	1	14	16	3	3	10	16	3	4	5	5	13	1	5	8	11	16	2	5	4	4	8	9	10	6	13	8	13	14	8	4	9	11	6	10	5	8	1	15	6	6	15	5	10	11	7	4	5	3	9	7	1	7	16	13	3	6	2	10	14	5	6	1	9	9	1	7	10	15	10	15	6	8	15	9	10	5	11	3	4	8	12	16	12	4	13	13	9	6	4	6	7	7	4	9	12	1	1	1	1	13	3	14	13	7	11	10	2	1	1	16	9	1	15	8	15	8	6	1	12	2	7	2	12	13	16	8	8	2	5	9	3	9	3	15	2	15	3	6	1	15	8	8	11	7	6	4	7	2	8	8	6	9	14	8	1	9	13	14	14	1	12	9	10	2	12	7	1	13	5	5	16	7	8	9	3	4	2	5	5	5	7	14	16	13	3	8	3	4	11	9	4	8	3	6	16	15	16	12	16	15	3	3	1	2	8	3	2	10	14	10	11	16	16	3	6	15	12	1	7	10	2	1	12	1	16	4	8	1	11	15	3	8	7	11	2	4	4	9	12	11	5	10	7	5	7	14	10	4	9	5	13	4	3	1	13	5	12	5	16	2	14	15	16	15	10	10	4	7	1	12	16	10	12	2	13	5	12	4	9	4	1	14	2	9	8	16	2	11	11	15	15	5	7	7	1	11	3	5	5	6	7	16	9	2	3	4	9	14	7	14	2	15	4	3	8	4	14	1	2	5	13	14	3	9	2	15	6	13	14	3	3	8	10	7	15	5	6	14	16	11	13	1	15	10	2	11	14	12	10	5	9	14	13	3	3	6	11	11	4	15	8	15	11	4	6	5	5	4	6	4	16	14	11	13	12	3	7	2	13	3	1	8	9	2	3	7	1	2	9	4	4	12	12	11	15	15	8	12	13	14	10	10	7	13	15	16	10	8	11	3	16	9	10	10	13	7	8	12	6	15	1	9	11	8	1	6	16	4	9	5	14	12	10	1	3	2	4	14	16	5	1	6	1	7	3	4	8	1	6	6	2	9	9	7	7	9	1	10	4	9	11	11	4	5	10	11	8	13	10	11	4	5	16	15	3	3	14	5	2	8	11	13	2	11	12	5	7	5	4	2	16	12	11	16	5	14	8	9	1	10	15	6	5	10	6	13	13	11	7	4	4	13	12	5	4	4	6	10	1	12	2	1	5	14	14	10	6	2	16	7	16	7	14	1	4	3	6	3	4	9	9	13	6	5	6	3	8	10	1	12	10	14	11	3	15	5	16	3	1	7	5	3	10	10	12	9	1	2	3	15	2	3	4	14	4	12	10	13	6	5	8	8	2	5	13	1	9	15	13	11	9	13	16	15	16	7	6	1	10	10	2	15	9	1	13	12	2	3	12	8	1	12	10	6	8	9	13	6	12	13	3	1	7	8	4	13	12	9	3	14	11	1	9	10	10	7	5	7	1	9	6	4	9	6	9	9	14	5	6	13	8	14	2	1	1	2	6	9	14	9	10	8	15	2	10	2	9	16	15	2	4	11	7	3	1	8	7	8	6	7	8	5	9	5	10	4	13	12	16	7	9	3	6	11	11	14	7	11	16	12	9	12	11	8	4	9	5	1	11	13	8	8	13	6	2	10	10	12	3	2	11	16	10	7	8	7	4	2	8	10	7	8	15	4	8	8	12	5	13	13	7	11	9	3	1	2	9	12	11	4	15	10	4	4	7	1	15	8	9	9	3	14	9	2	16	6	3	12	12	12	1	8	7	10	14	6	7	6	11	8	5	3	16	14	4	15	8	4	5	3	13	12	9	7	6	7	2	6	2	4	1	3	11	14	12	12	4	7	10	2	6	5	14	10	4	2	6	4	7	7	8	12	5	2	6	12	12	5	5	13	15	8	16	2	5	7	7	6	7	15	9	10	11	3	9	2	16	4	6	3	1	8	1	8	10	15	7	9	5	3	10	14	2	12	3	12	16	4	1	3	9	6	9	6	10	
360	310	730	900	420	350	220	600	440	350	420	800	710	110	710	150	230	940	760	290	200	700	200	680	870	340	850	870	250	280	740	450	890	810	190	100	540	830	820	470	550	880	660	120	110	860	290	560	490	880	770	180	170	670	130	750	400	910	500	460	870	900	950	970	340	380	210	800	210	860	950	570	350	730	200	250	640	510	1000	920	970	960	420	730	430	340	610	210	920	200	710	780	790	230	410	130	200	690	580	180	490	150	250	960	890	210	460	540	170	190	270	500	610	460	950	400	920	900	820	440	880	630	330	880	240	120	640	740	780	1000	700	860	550	650	670	870	540	440	580	310	770	910	880	280	490	480	760	790	920	100	310	160	110	280	570	640	780	840	240	600	850	750	140	110	760	140	690	310	860	820	520	310	400	910	370	470	940	710	410	750	430	990	990	700	850	120	840	300	780	150	760	900	790	990	890	680	770	180	820	260	160	540	270	410	980	480	890	900	490	190	270	780	210	710	790	930	160	960	910	480	420	210	110	410	820	570	620	720	360	700	200	660	300	870	520	790	980	510	490	430	480	670	390	200	200	760	490	120	640	970	380	690	820	410	840	920	550	140	970	410	160	130	760	820	860	370	800	660	630	920	550	560	890	650	790	940	930	430	530	480	840	100	120	200	210	210	640	770	410	630	120	320	520	1000	920	360	350	920	400	710	320	100	590	970	720	860	940	960	380	710	260	970	920	230	150	870	690	670	600	840	640	400	960	580	420	650	680	130	570	780	350	250	190	940	810	780	860	290	180	480	440	860	600	150	920	710	580	170	360	900	660	400	380	510	870	300	180	250	240	430	830	110	810	210	220	710	390	180	620	100	370	440	350	780	740	620	1000	690	580	870	420	210	170	490	670	130	940	520	680	700	590	370	360	730	990	730	710	490	330	140	150	450	770	130	150	890	860	920	370	190	420	360	920	520	140	320	680	240	290	540	320	340	930	920	960	980	890	1000	730	420	830	770	320	440	490	500	980	100	150	930	930	340	950	580	120	840	660	180	400	290	860	100	900	840	660	520	560	610	820	490	550	630	690	530	320	330	830	790	870	360	580	270	230	230	460	430	610	550	900	720	130	670	200	140	720	190	700	970	920	800	740	780	130	850	130	600	440	500	770	300	270	450	690	530	990	480	910	560	990	930	290	600	410	800	110	370	900	500	470	970	870	630	760	370	150	760	750	990	510	680	590	330	850	410	150	150	190	130	460	180	900	260	120	770	160	360	250	220	240	220	300	960	840	940	370	740	770	660	700	700	300	900	410	670	910	190	600	370	300	350	170	840	480	470	290	440	980	680	690	660	230	510	510	620	710	230	130	980	700	800	540	140	320	740	660	330	400	640	760	510	150	390	880	910	770	170	690	100	820	830	500	330	820	250	340	140	730	120	990	540	540	140	390	100	560	800	820	460	840	580	180	1000	220	510	220	980	630	540	690	390	930	620	710	190	580	470	220	700	450	340	270	980	930	680	120	970	320	640	840	200	230	200	100	250	710	140	850	330	770	910	1000	730	770	230	890	460	700	230	230	300	180	970	730	760	160	600	200	670	490	670	480	240	370	890	290	440	970	550	690	920	120	360	750	630	410	790	880	400	660	450	510	840	650	220	320	980	190	370	560	890	660	900	680	670	540	450	400	230	510	970	180	470	980	1000	440	500	440	120	870	970	670	400	870	630	200	160	590	140	300	340	900	320	510	960	200	370	340	330	950	280	340	680	790	970	130	730	160	200	830	580	210	180	690	760	830	990	960	790	170	990	790	120	510	170	260	280	540	420	960	750	500	150	920	940	480	410	840	730	970	310	920	600	960	750	600	200	260	620	620	110	750	130	530	630	290	630	620	980	360	190	790	780	710	220	470	530	460	950	190	920	310	260	630	180	580	510	210	660	330	640	430	440	900	530	360	370	980	250	600	190	300	950	440	390	820	670	800	310	430	960	250	910	810	920	410	770	580	850	600	880	970	790	530	270	910	340	690	710	140	450	260	500	590	820	980	860	420	810	920	980	850	580	460	550	320	490	120	470	390	430	260	270	740	630	730	950	860	420	470	300	650	260	590	390	150	630	110	700	110	230	810	650	190	680	990	580	520	800	490	770	960	110	800	510	350	300	580	790	300	820	160	560	920	210	240	970	1000	520	330	570	630	1000	440	100	970	220	100	350	940	220	630	210	380	770	200	430	350	320	930	470	230	300	250	930	620	830	500	730	230	230	940	890	280	530	720	970	850	820	670	840	110	280	110	390	520	740	970	740	450	110	610	160	840	820	590	880	560	850	840	920	820	210	960	260	900	130	630	420	510	790	580	740	780	100	800	840	530	210	940	210	710	160	270	120	660	350	780	150	510	570	920	540	200	250	660	920	430	960	760	170	240	790	830	830	930	960	620	300	350	950	300	400	740	980	960	620	630	460	660	220	180	860	860	110	550	920	610	450	420	360	820	980	320	410	360	440	970	580	190	550	170	340	220	760	910	270	210	330	880	850	890	470	850	130	320	440	850	480	740	330	720	900	990	270	620	790	780	920	480	330	630	990	370	940	440	710	890	450	710	270	170	400	410	990	840	610	200	490	710	440	450	700	930	280	210	620	430	650	220	280	170	910	750	340	210	350	770	440	500	300	730	960	940	210	940	940	650	260	580	890	870	150	520	630	270	250	170	300	450	630	730	280	810	880	640	750	480	390	320	810	510	790	420	230	610	890	790	150	300	640	990	330	430	260	830	670	160	390	810	600	670	210	960	290	330	390	120	450	210	860	820	990	820	110	960	710	600	390	850	960	480	220	370	490	780	660	150	160	320	370	440	970	150	760	980	360	100	180	690	540	180	310	700	910	920	770	260	200	980	890	820	720	400	910	190	370	540	870	510	410	850	340	850	540	370	960	320	470	180	510	420	720	710	870	410	900	340	110	700	610	560	530	360	1000	290	210	940	930	180	870	690	870	850	250	800	200	700	320	760	870	480	440	870	450	590	250	900	220	610	800	570	200	100	120	440	610	520	140	540	950	370	650	130	870	590	750	980	320	650	970	460	920	650	330	970	640	510	540	990	640	250	670	520	840	260	750	380	590	560	670	240	540	360	910	250	950	320	970	220	350	870	770	750	520	600	900	320	440	250	170	580	560	820	470	910	780	650	340	250	340	880	760	620	370	660	310	800	220	960	730	120	520	880	760	270	530	280	390	550	430	720	980	620	650	410	170	350	500	140	850	200	580	420	190	530	100	710	470	730	810	490	920	200	590	480	580	330	310	440	310	130	280	690	190	570	820	500	530	400	390	540	430	940	370	670	380	900	100	650	200	300	750	300	140	150	840	910	190	620	930	400	900	270	790	570	900	860	560	570	580	610	770	900	260	290	620	820	190	260	220	550	160	460	420	130	680	270	140	600	560	890	890	590	360	180	100	770	520	290	480	780	270	810	320	900	610	890	830	320	940	110	630	950	360	500	190	400	730	230	960	830	420	890	990	420	970	230	910	290	910	990	100	570	580	660	790	260	270	300	280	180	560	320	210	270	950	440	880	420	520	920	190	820	790	710	810	750	390	230	370	520	540	730	450	930	640	270	280	100	600	360	820	590	250	230	790	720	590	350	350	860	980	890	940	150	850	800	170	230	860	240	320	810	380	520	640	310	490	830	990	950	530	980	670	690	330	860	120	930	200	540	130	670	430	150	830	830	950	910	440	270	500	420	980	110	580	180	390	330	180	880	260	330	900	660	960	540	120	990	210	190	710	890	200	690	140	910	290	850	230	140	550	360	570	210	790	340	130	680	380	580	570	860	970	110	1000	410	180	270	730	110	830	640	880	360	840	770	890	830	650	960	420	880	240	770	410	460	490	430	390	390	1000	460	850	610	640	230	600	220	430	280	870	990	510	320	410	970	530	710	180	850	150	200	620	650	680	560	280	980	420	760	780	510	460	930	290	450	360	300	230	190	430	610	220	840	120	950	650	640	680	750	720	240	720	430	270	360	730	230	570	410	770	670	240	970	700	750	570	470	620	710	820	470	250	650	210	880	350	540	340	870	160	610	220	220	100	810	660	540	290	680	440	900	750	340	630	800	530	800	460	100	770	510	230	960	330	210	790	800	320	980	640	500	260	230	930	820	760	900	450	140	110	770	700	380	830	360	490	890	910	520	430	300	710	800	970	650	760	200	570	980	760	120	120	560	500	730	320	600	370	400	200	310	600	910	210	160	340	1000	810	300	230	940	610	680	920	370	670	190	770	950	180	610	530	870	820	720	100	730	280	510	800	700	720	340	760	610	550	980	110	460	490	130	680	690	280	230	380	500	860	400	420	650	930	730	130	160	750	750	830	170	950	470	560	680	450	290	420	800	900	460	530	380	800	170	710	720	390	920	410	370	140	430	140	500	890	680	360	470	640	540	420	450	310	970	500	980	970	740	490	160	320	510	710	930	860	500	340	310	590	920	710	360	890	720	110	860	350	840	730	230	820	180	740	270	400	770	390	550	850	880	1000	990	730	640	730	580	180	370	770	340	190	230	180	950	320	270	220	170	880	690	750	460	300	330	790	180	550	890	310	220	880	650	490	910	700	380	310	300	160	870	430	180	810	930	750	200	280	1000	950	740	160	230	880	800	350	140	590	790	600	910	650	750	480	610	640	570	110	900	610	640	970	260	630	380	840	880	1000	600	790	240	470	960	770	430	730	600	390	520	520	120	970	130	320	210	100	970	580	120	770	230	710	310	650	320	530	120	280	200	210	140	250	210	460	930	240	560	930	790	610	800	950	750	950	290	970	180	110	800	420	490	170	660	530	820	860	260	800	200	390	320	240	220	680	310	390	310	740	650	100	490	950	630	990	370	910	190	980	850	640	150	960	460	930	130	910	500	690	530	470	300	780	490	680	710	390	550	870	320	730	410	150	930	530	970	650	570	620	820	310	160	640	690	310	630	790	920	870	520	990	120	510	680	230	540	650	720	890	450	970	240	700	800	320	470	680	870	520	240	370	670	770	740	440	550	900	740	680	430	700	170	740	360	510	810	910	570	490	120	340	240	870	770	780	200	560	570	630	210	660	390	920	630	430	650	500	600	450	540	200	740	650	190	350	770	510	160	130	790	260	350	940	560	140	260	800	400	150	740	700	510	370	510	240	800	230	470	930	310	900	750	490	280	130	180	100	1000	240	270	490	620	880	680	110	980	150	970	190	860	370	730	310	600	420	980	670	710	660	930	170	370	540	790	550	960	910	180	550	970	830	140	860	190	970	680	420	300	880	130	640	370	720	540	900	270	300	460	720	460	100	910	780	290	800	470	150	190	770	770	180	990	400	780	260	470	360	800	890	980	140	270	300	530	770	250	880	600	900	480	760	270	300	570	290	330	340	540	970	590	160	340	160	150	630	260	760	900	110	220	760	200	130	380	370	550	160	350	950	590	120	360	550	890	370	830	240	510	750	440	590	340	440	850	180	260	550	760	520	210	220	310	250	340	200	840	200	690	160	340	630	770	910	360	750	440	480	550	910	720	130	220	500	930	660	510	210	660	200	460	540	590	790	300	700	950	690	760	390	650	430	640	940	980	560	540	600	670	370	970	570	990	740	260	360	800	340	330	180	900	740	740	720	320	1000	190	260	190	330	740	410	790	920	310	510	980	420	210	130	340	590	770	450	650	110	660	460	140	570	310	240	560	920	780	180	720	400	580	520	590	650	180	940	320	730	440	950	700	760	880	660	790	180	310	460	810	540	400	450	940	260	650	470	830	630	780	290	270	700	890	830	810	610	620	880	270	120	560	980	130	650	240	820	460	470	380	970	310	630	220	230	870	650	600	390	900	510	880	180	400	280	660	160	930	630	340	540	560	420	550	620	510	830	780	320	640	200	690	810	320	680	700	460	840	650	950	110	720	950	880	150	620	750	480	1000	200	850	900	890	220	930	110	170	390	440	710	390	810	310	300	150	470	370	660	470	700	810	970	200	590	120	230	400	440	570	830	250	960	560	880	450	750	350	570	140	670	380	520	150	430	440	120	350	840	250	790	750	590	920	860	580	700	130	140	280	640	230	160	790	570	480	300	620	510	950	720	200	720	100	100	700	980	500	930	710	500	140	370	690	960	800	150	510	650	420	700	320	990	240	920	880	400	730	420	590	700	950	820	720	550	510	290	780	270	390	470	450	250	380	420	220	690	580	340	110	770	630	810	260	480	820	740	440	220	810	470	260	100	560	490	550	140	720	650	390	920	500	940	960	930	140	370	110	310	420	830	330	720	160	450	220	910	530	450	230	800	560	980	280	990	110	590	140	690	350	220	790	930	210	550	520	540	790	930	970	620	200	780	460	120	270	820	150	860	600	110	270	800	970	170	190	470	180	490	160	250	800	710	300	630	350	580	510	620	270	280	210	980	870	420	300	700	860	570	250	170	630	280	970	920	980	440	420	460	830	310	770	840	320	230	900	730	360	630	770	430	670	780	790	170	510	940	280	620	770	180	390	320	610	230	900	510	500	180	410	160	290	390	650	130	910	320	330	310	820	820	200	930	920	800	760	640	440	380	390	380	390	600	580	130	570	740	100	640	320	580	970	380	490	680	180	220	740	520	340	260	830	660	850	620	810	960	870	890	280	520	860	720	640	470	470	490	580	140	300	710	310	810	510	350	560	790	360	630	430	470	840	970	910	570	490	670	210	180	1000	110	490	720	870	480	750	420	730	840	450	560	130	250	790	520	600	490	150	110	930	980	450	860	950	540	510	680	890	470	560	720	490	930	390	220	820	680	930	420	170	130	150	470	660	680	320	290	730	480	210	210	750	920	250	890	420	590	620	110	520	860	910	190	330	960	620	790	830	300	790	130	200	120	690	320	640	460	730	300	620	270	950	120	300	280	350	760	540	630	660	230	300	510	920	460	660	680	350	110	360	540	350	250	160	540	740	300	420	220	960	170	890	200	930	540	360	120	460	810	100	220	930	250	970	800	310	490	630	360	360	540	620	490	950	820	110	310	540	720	570	250	470	950	750	410	970	620	160	510	520	460	790	320	340	370	400	310	300	170	710	830	190	850	310	310	360	920	170	610	770	500	890	150	570	780	790	270	120	150	700	870	710	150	620	940	500	660	1000	690	110	440	630	350	120	350	170	240	960	270	800	130	770	760	500	640	990	440	910	700	740	740	510	310	690	520	740	660	270	510	880	600	280	160	400	970	140	270	150	470	740	250	690	430	170	470	180	600	640	810	150	940	270	800	660	770	250	230	520	500	590	850	600	350	530	300	260	310	930	100	380	910	910	130	240	720	360	540	560	390	1000	980	160	550	150	580	210	940	260	780	390	650	410	680	760	480	730	440	720	860	470	490	260	410	130	580	990	520	740	950	640	420	1000	760	930	810	190	730	600	370	710	620	110	230	920	150	560	290	770	640	380	650	710	740	920	410	400	500	820	830	460	960	370	200	790	820	110	640	360	590	870	810	140	760	180	960	460	230	560	940	760	320	810	580	690	440	880	540	210	530	860	430	710	720	250	230	100	490	660	600	620	290	990	150	430	280	380	170	750	930	390	370	360	490	660	180	320	790	410	380	690	930	770	660	840	650	220	950	800	800	110	600	790	370	610	650	850	590	220	710	250	290	550	960	100	500	500	420	730	200	430	170	810	220	510	790	560	540	230	260	420	690	540	800	230	490	720	280	600	170	510	520	590	640	660	180	540	110	570	180	890	960	330	170	540	340	570	350	690	600	780	240	250	220	270	740	750	780	120	480	560	100	890	320	830	330	850	380	510	320	240	420	110	100	480	820	910	440	530	250	700	950	690	360	820	290	710	690	480	640	900	430	500	610	850	1000	830	190	830	570	620	530	790	880	340	280	890	920	410	830	430	420	860	360	850	720	210	690	550	850	790	470	300	250	380	350	740	410	540	630	800	610	580	710	610	230	310	920	670	840	110	260	440	210	440	550	350	700	970	170	880	570	180	770	970	120	330	590	340	160	600	610	470	720	740	830	940	510	470	450	400	150	980	830	630	550	920	960	480	640	130	680	860	380	110	610	410	230	900	830	100	310	280	980	200	580	780	700	410	790	650	630	930	650	450	780	880	480	710	850	440	910	870	990	230	470	120	260	280	230	540	380	480	220	560	470	370	410	580	550	360	870	400	790	660	700	810	120	980	660	860	600	710	690	920	730	430	410	600	320	320	290	570	460	310	670	1000	770	920	200	470	760	910	270	130	180	280	910	900	900	260	660	870	470	300	330	400	210	650	980	680	430	100	280	570	500	870	990	820	190	870	340	240	350	550	760	360	680	260	790	670	700	810	110	880	530	180	240	160	760	810	440	870	920	560	520	170	980	780	650	960	190	630	980	620	260	210	850	930	250	790	320	450	590	500	140	450	200	240	140	390	660	940	400	410	920	240	710	330	940	540	380	890	600	950	270	780	570	580	960	230	120	780	510	120	830	620	530	240	110	470	980	110	700	820	540	670	990	830	110	120	660	200	460	440	130	530	160	960	820	230	250	720	350	580	860	470	570	240	360	330	600	270	150	340	580	460	290	160	340	340	290	460	570	810	820	1000	810	390	540	610	890	980	650	860	810	570	790	760	190	450	630	720	970	450	780	940	910	670	320	150	420	430	420	880	130	280	480	490	790	140	780	480	170	750	740	120	970	690	580	990	180	610	420	260	750	900	860	610	560	160	490	870	780	850	590	770	850	310	470	380	370	970	620	420	410	760	940	790	260	610	640	410	630	430	350	450	210	400	690	370	230	430	440	950	200	900	610	300	250	470	670	480	150	930	400	920	110	370	410	890	870	220	930	740	490	250	160	170	840	900	560	270	190	770	940	370	120	110	290	170	460	310	220	550	410	750	590	130	550	300	620	240	650	350	720	210	720	130	360	280	500	280	180	850	670	660	250	600	820	470	200	670	170	530	210	340	650	980	560	460	390	450	970	1000	700	210	890	310	600	240	680	880	860	960	710	650	990	650	380	190	490	290	630	450	420	810	140	820	990	420	140	460	680	810	680	880	660	320	210	660	530	430	120	310	440	660	670	800	300	960	140	400	710	320	380	1000	880	590	670	150	300	660	640	510	160	430	730	600	830	680	280	690	940	380	630	610	790	160	210	570	230	730	630	690	120	670	270	120	580	870	160	380	190	600	770	880	140	650	410	830	320	680	500	390	630	530	820	290	680	630	840	940	400	230	670	990	440	460	630	720	300	310	360	590	310	930	530	560	240	370	380	190	920	270	140	540	970	940	220	310	780	460	560	490	310	730	910	750	180	100	1000	180	390	310	630	500	210	100	730	150	140	720	500	160	760	870	250	140	580	660	410	190	850	710	530	870	320	590	580	270	780	890	160	430	710	360	130	650	450	910	970	480	570	910	610	880	740	490	330	720	720	930	260	560	510	190	580	110	360	670	430	940	980	670	540	960	870	390	130	590	570	300	640	470	430	720	130	340	580	640	860	620	990	610	970	740	540	750	550	280	990	810	360	980	770	710	220	900	560	740	870	770	210	610	370	550	370	980	690	350	510	350	150	380	450	940	190	860	930	220	950	620	930	280	500	440	930	570	880	610	330	460	100	660	450	480	520	730	600	110	120	530	280	580	310	170	760	610	520	210	380	480	450	830	300	200	640	940	600	710	120	260	770	850	740	300	190	170	740	740	410	360	210	100	120	780	940	740	300	330	790	910	270	770	170	300	120	230	700	630	730	540	500	280	770	730	200	810	260	600	570	930	120	890	370	620	230	320	110	840	750	980	370	890	590	950	230	820	610	460	330	110	400	340	470	460	710	810	880	690	760	850	640	650	720	760	750	220	960	430	230	320	940	650	770	460	230	490	930	740	930	790	230	130	430	980	250	970	440	690	440	330	860	630	340	130	100	990	740	160	1000	130	680	900	350	770	750	310	470	890	790	810	880	730	570	450	630	440	200	110	250	190	280	490	890	510	890	450	110	210	400	390	220	630	780	700	570	590	190	370	690	640	110	500	600	920	850	230	870	690	900	370	280	440	810	400	210	150	530	490	360	640	600	940	470	270	210	170	660	800	140	790	500	470	700	490	780	730	830	500	250	760	560	250	750	620	810	180	920	550	160	560	240	130	890	350	970	390	530	680	310	680	250	270	920	360	870	660	300	290	310	360	150	350	250	790	680	380	470	340	350	110	480	190	750	970	610	630	810	930	450	830	670	980	990	320	250	650	970	570	470	340	960	700	140	980	160	270	940	1000	560	790	810	620	330	970	370	730	660	630	610	870	700	530	230	950	430	280	710	270	690	480	580	480	950	420	270	250	620	970	220	850	820	520	230	430	970	950	100	940	870	210	800	440	690	550	180	170	270	580	260	880	290	750	890	450	1000	180	610	520	610	450	470	180	740	980	270	740	920	870	610	670	800	890	950	220	930	990	380	650	430	380	220	800	720	440	220	690	750	580	260	480	510	940	920	410	460	320	190	280	290	100	240	700	410	500	910	690	500	520	110	340	420	380	730	460	290	950	960	880	500	560	340	440	290	660	620	330	610	880	180	930	110	470	700	430	780	920	350	960	860	820	620	150	190	160	510	660	850	130	940	400	100	120	610	740	910	560	180	170	280	730	340	430	950	830	780	510	220	300	990	880	840	680	910	320	680	750	790	760	140	570	100	130	140	590	710	240	410	270	280	430	190	600	690	980	770	960	330	950	290	300	530	500	350	600	530	500	140	400	830	270	570	290	140	1000	520	660	600	160	410	970	700	810	660	480	800	380	810	250	490	270	230	690	450	160	130	750	780	260	680	610	310	320	860	830	520	180	1000	440	710	170	570	830	510	170	680	660	350	230	560	780	760	420	130	760	350	290	1000	480	310	870	840	170	760	370	290	320	930	1000	590	390	800	520	840	530	850	670	990	910	760	410	890	200	330	510	740	590	110	520	110	910	780	230	250	820	210	630	150	400	800	880	590	190	280	930	320	870	340	120	190	580	850	820	320	600	800	780	410	130	390	650	570	160	280	110	670	280	830	530	890	250	440	540	660	560	810	860	330	270	320	950	460	150	160	410	910	870	900	310	760	810	870	190	980	170	300	260	810	800	990	880	740	320	300	690	590	960	170	470	880	510	290	190	380	290	680	360	790	580	290	990	860	330	590	870	520	800	390	110	200	660	700	490	250	670	700	360	720	150	190	490	660	1000	790	190	480	510	740	640	260	1000	160	590	880	420	450	360	860	860	350	910	860	320	910	510	660	400	290	870	360	910	430	550	980	220	750	630	620	210	480	800	700	990	540	780	520	660	360	680	190	730	620	710	820	930	150	870	180	930	420	360	680	280	190	350	560	590	910	740	980	370	640	830	700	200	190	900	450	110	740	120	270	690	530	150	160	530	700	570	430	450	670	150	1000	540	500	730	190	570	1000	100	550	450	530	560	180	810	700	550	420	440	520	510	650	200	160	610	340	720	940	300	680	460	800	210	940	840	830	560	420	1000	450	220	820	410	690	440	760	650	350	290	870	830	200	810	510	500	860	130	990	520	900	850	140	290	740	500	210	240	900	990	620	850	1000	570	910	200	740	750	470	710	640	780	400	330	770	390	410	880	160	490	830	280	210	730	130	830	420	270	240	290	620	220	380	300	350	250	580	950	240	560	770	530	330	410	270	370	130	330	570	140	840	520	780	640	720	530	870	110	670	790	410	410	510	330	210	360	750	400	710	590	860	500	840	380	300	640	420	380	140	930	470	940	660	880	860	150	380	670	390	250	990	140	120	970	300	830	160	530	820	930	330	300	180	240	620	370	120	510	530	890	880	910	740	720	280	240	610	830	160	510	510	850	590	790	690	820	930	940	900	660	400	760	570	800	980	910	680	670	370	200	550	360	920	860	610	360	130	760	740	220	600	920	810	870	430	200	440	760	790	670	100	830	990	350	220	540	860	460	370	290	460	260	490	710	690	380	920	980	930	490	780	230	400	380	290	260	540	510	480	260	370	210	450	250	540	500	230	650	560	270	1000	790	140	360	320	390	500	550	270	580	710	590	250	270	100	530	280	330	650	420	650	640	440	770	620	260	490	210	960	980	390	860	830	600	890	290	520	250	370	120	930	360	680	510	750	180	330	320	370	490	870	370	930	1000	690	560	110	540	970	460	310	130	490	200	380	910	700	390	190	260	620	490	520	330	740	510	720	790	630	360	520	860	200	990	990	650	910	750	220	280	460	680	890	470	530	330	810	640	320	360	930	790	350	230	910	200	1000	260	460	880	330	140	760	870	450	550	530	600	780	160	490	150	420	1000	300	900	630	960	950	160	690	290	660	570	130	380	510	770	840	740	290	730	890	730	600	860	650	420	670	300	490	680	920	980	150	450	410	340	780	450	170	280	280	680	620	780	890	980	700	400	630	850	390	600	820	370	600	600	250	980	290	870	480	970	250	730	190	490	260	900	690	940	600	350	380	140	370	120	160	820	170	300	450	240	620	480	810	540	190	180	110	890	460	840	840	160	820	950	300	990	680	420	540	200	580	630	580	560	350	100	590	850	670	880	320	220	720	240	770	260	290	240	930	240	620	600	190	520	180	280	750	680	130	670	270	850	610	310	530	140	540	230	750	530	410	770	410	140	630	580	700	180	710	910	970	730	590	990	450	460	390	460	430	810	360	590	570	140	990	160	660	150	120	860	770	980	950	830	270	960	790	700	890	280	710	850	240	350	780	370	270	660	860	640	140	210	400	360	690	880	240	820	650	840	450	370	100	770	800	700	940	820	380	880	980	880	670	290	270	250	720	230	110	980	350	160	850	900	480	190	860	880	340	520	640	450	760	330	690	410	430	980	280	360	910	590	670	670	590	500	340	430	170	240	990	290	200	900	800	440	580	780	490	520	500	360	320	390	580	770	730	110	950	530	970	470	270	560	740	450	650	600	520	790	700	970	460	790	840	440	980	920	720	340	510	390	980	1000	430	820	490	920	910	820	740	780	340	190	750	250	250	940	280	570	340	510	620	920	770	530	120	980	970	720	670	500	870	480	770	690	180	240	320	310	970	620	500	410	280	110	320	570	360	770	110	760	770	280	650	450	430	570	800	200	520	870	740	710	900	660	510	600	710	100	360	360	840	570	910	930	540	210	250	110	530	420	790	940	280	550	400	440	830	330	740	490	770	920	390	130	600	690	200	130	950	820	240	140	950	960	230	230	240	740	600	950	550	250	710	590	240	110	590	900	430	270	940	170	910	870	830	450	1000	330	690	590	600	790	550	360	430	770	300	720	840	950	150	640	980	980	460	890	590	230	860	590	720	720	540	560	660	320	540	700	910	590	990	270	680	140	890	710	760	360	660	700	630	130	140	1000	630	830	240	860	760	670	430	1000	600	190	360	120	230	870	260	710	780	1000	590	720	380	740	820	170	950	360	640	260	110	860	590	240	510	110	980	900	940	890	620	520	180	530	740	330	940	170	490	740	770	750	620	980	360	440	680	330	610	870	510	180	730	690	120	120	620	640	610	480	520	370	450	520	640	580	380	390	190	360	530	700	600	690	480	280	350	360	330	880	200	450	660	730	400	370	580	540	520	770	420	840	920	460	720	270	490	420	340	200	830	460	840	100	100	970	910	100	910	510	740	190	390	760	210	840	130	680	110	550	400	960	500	670	110	380	990	430	890	510	700	330	600	770	940	110	750	260	840	800	680	170	210	670	690	520	640	270	200	840	490	290	320	870	220	250	900	1000	670	920	760	490	820	960	460	120	880	430	840	590	870	150	700	450	880	110	640	510	500	590	180	350	950	820	400	610	490	990	380	490	960	720	990	560	390	480	920	510	760	750	500	130	890	590	200	160	970	770	980	220	970	540	680	850	400	680	200	840	370	790	820	780	550	640	740	450	730	710	990	370	530	820	210	680	690	150	460	270	890	350	240	900	930	550	140	960	940	270	380	740	770	430	420	130	480	230	460	880	230	860	780	210	730	990	270	360	240	490	150	920	610	110	850	610	860	280	540	130	420	830	550	510	140	200	360	470	340	800	360	750	270	650	680	180	670	680	900	770	340	810	810	300	460	230	750	590	910	950	350	180	360	640	950	660	670	620	510	970	860	210	330	550	310	530	900	260	570	100	650	150	760	440	390	750	100	300	730	430	130	230	430	430	570	920	350	340	340	260	620	660	190	290	900	990	240	140	620	690	240	310	900	370	860	840	210	790	430	220	860	880	930	820	510	970	120	910	150	590	650	160	480	410	250	860	650	340	900	960	740	880	900	300	580	610	660	490	540	1000	480	290	920	340	220	450	1000	750	440	290	170	720	960	720	280	920	630	610	170	730	960	270	310	380	600	270	500	900	860	340	650	610	410	440	800	430	390	410	110	790	240	230	120	260	240	490	140	330	720	540	530	990	1000	380	1000	470	430	170	430	860	950	340	470	140	550	150	760	690	330	320	900	250	130	820	100	470	260	890	730	110	460	320	140	330	170	730	660	470	650	660	140	170	880	960	550	670	280	800	300	230	620	610	180	390	600	340	870	830	660	470	490	610	800	870	340	730	940	360	540	410	610	150	370	960	960	620	610	530	960	960	310	720	260	570	810	150	550	250	120	620	870	950	530	960	860	710	890	540	300	130	800	120	920	360	
100
