6426
120
2
90
0	48	48	48	0	48	0	48	0	48	0	0	0	0	48	0	0	0	0	0	0	0	48	0	48	48	0	0	0	0	0	0	0	48	0	0	0	0	0	0	0	0	0	0	0	0	0	0	0	0	0	0	0	0	0	0	0	0	0	0	0	0	0	0	0	0	0	0	0	0	0	0	0	0	0	0	0	0	0	0	0	0	0	0	0	0	0	0	0	0	0	0	0	0	0	48	0	0	0	0	0	0	0	0	0	0	0	0	0	0	0	48	0	0	0	0	0	0	0	0	
48	0	0	0	0	0	0	0	0	0	0	0	48	0	0	0	0	0	0	0	0	0	0	0	0	0	0	0	0	0	0	0	0	0	0	0	0	0	0	0	0	0	0	0	0	0	0	0	0	0	0	0	0	0	0	0	0	0	0	0	0	0	0	0	0	0	0	0	0	0	0	0	0	0	0	0	0	0	0	0	0	0	0	0	0	0	0	0	0	0	0	0	0	0	0	0	0	0	48	0	0	0	0	0	0	0	0	0	0	0	0	0	0	0	0	0	0	0	0	0	
48	0	0	0	0	0	0	0	0	0	0	0	0	48	0	0	0	0	0	0	0	0	0	0	0	0	0	0	0	0	0	0	0	0	0	0	0	0	0	0	0	0	0	0	0	0	0	0	0	0	0	0	0	0	48	0	0	0	0	0	0	0	0	0	0	0	0	0	0	0	0	0	0	0	0	0	0	0	0	0	0	0	0	0	0	0	0	0	0	0	0	0	0	0	0	0	0	0	0	0	0	0	0	0	0	0	0	0	0	0	0	0	0	0	0	0	0	0	0	0	
48	0	0	0	0	0	0	0	0	0	0	0	0	0	0	0	48	0	0	0	0	0	0	0	0	0	0	0	0	0	0	0	0	0	0	0	0	0	0	0	0	0	0	0	0	0	0	0	0	0	0	0	0	0	0	0	0	0	0	0	0	0	0	0	0	0	0	0	0	0	0	0	0	0	0	0	0	0	0	0	0	0	0	0	0	0	0	48	0	0	0	0	0	0	0	0	0	0	0	0	0	0	0	0	0	0	0	0	0	0	0	0	0	0	0	0	0	0	0	0	
0	0	0	0	0	0	0	0	0	0	0	0	0	0	0	0	0	0	0	0	0	0	0	0	0	0	0	0	0	0	48	0	0	0	0	0	0	0	0	0	0	0	0	0	0	0	0	0	0	0	0	0	0	0	0	0	0	0	0	0	0	0	0	0	0	0	0	0	0	0	0	0	0	0	0	0	0	0	0	0	0	0	0	0	0	0	0	0	0	0	0	0	0	0	0	0	0	0	0	0	0	0	0	0	0	0	0	0	0	0	0	0	0	0	0	0	0	0	48	0	
48	0	0	0	0	0	0	0	0	0	0	0	0	0	0	0	0	0	0	0	0	0	0	0	0	0	0	0	0	0	0	0	0	0	0	0	48	0	0	0	0	0	0	0	0	0	0	0	0	0	0	0	0	0	0	0	0	0	0	0	0	0	0	0	0	0	0	0	0	0	0	0	0	48	0	0	0	0	0	0	0	0	0	0	0	0	0	0	0	0	0	0	0	0	0	0	0	0	0	0	0	0	0	0	0	0	0	0	0	0	0	0	0	0	0	0	0	0	0	0	
0	0	0	0	0	0	0	0	0	0	0	0	0	0	0	0	0	0	0	0	0	0	0	0	0	0	0	0	0	0	0	0	0	0	0	0	0	0	0	0	0	0	0	0	0	0	0	0	0	0	0	0	0	0	0	0	0	0	0	0	0	0	0	0	0	0	0	0	0	0	0	0	0	0	0	0	0	0	0	48	0	0	0	0	0	0	0	0	0	0	0	48	0	0	0	0	0	0	0	0	0	0	0	0	0	0	0	0	0	0	0	0	0	0	0	0	0	0	0	0	
48	0	0	0	0	0	0	0	0	0	0	0	0	0	0	0	0	0	0	0	0	0	0	0	0	0	0	0	0	0	0	0	0	0	0	0	0	0	0	0	0	0	0	0	0	0	0	48	0	0	0	0	0	0	0	0	0	0	0	0	0	0	0	0	0	0	0	0	0	0	0	0	0	0	0	0	0	0	0	0	0	0	0	0	0	0	0	0	0	0	0	0	0	0	0	0	0	0	0	0	0	0	0	0	48	0	0	0	0	0	0	0	0	0	0	0	0	0	0	0	
0	0	0	0	0	0	0	0	0	0	0	0	0	0	0	0	0	48	0	0	0	0	0	0	0	0	0	0	0	0	0	0	0	0	0	0	0	0	0	0	0	0	0	0	0	0	0	0	0	0	0	0	48	0	0	0	0	0	0	0	0	0	0	0	0	0	0	0	0	0	0	0	0	0	0	0	0	0	0	0	0	0	0	0	0	0	0	0	0	0	0	0	0	0	0	0	0	0	0	0	0	0	0	0	0	0	0	0	0	0	0	0	0	0	0	0	0	0	0	0	
48	0	0	0	0	0	0	0	0	0	0	0	0	0	0	0	0	0	0	0	0	0	0	0	0	0	48	0	0	48	0	0	0	0	0	0	0	0	0	0	0	0	0	0	0	0	0	0	0	0	0	0	0	0	0	0	0	0	0	0	0	0	0	0	0	0	0	0	0	0	0	0	0	0	0	0	0	0	0	0	0	0	0	0	0	0	0	0	0	0	0	0	0	0	0	0	0	0	0	0	0	0	0	0	0	0	0	0	0	0	0	0	0	0	0	0	0	0	0	0	
0	0	0	0	0	0	0	0	0	0	0	0	0	0	0	0	0	48	0	0	0	0	0	0	0	0	0	0	0	0	0	0	0	0	0	0	0	0	0	0	0	0	0	0	0	0	0	0	0	0	0	0	0	0	0	0	0	0	0	0	0	0	0	0	0	0	0	0	0	0	0	0	0	0	0	0	0	0	0	0	0	0	0	0	0	0	0	0	0	48	0	0	0	0	0	0	0	0	0	0	0	0	0	0	0	0	0	0	0	0	0	0	0	0	0	0	0	0	0	0	
0	0	0	0	0	0	0	0	0	0	0	0	0	0	0	0	0	0	0	0	0	0	0	0	0	0	0	0	0	0	0	0	0	0	0	0	0	0	0	0	0	0	0	0	0	0	0	0	0	0	0	0	0	0	0	0	0	0	0	0	0	0	0	0	0	0	0	0	0	0	0	0	48	0	0	0	0	0	0	0	0	0	0	0	48	0	0	0	0	0	0	0	0	0	0	0	0	0	0	0	0	0	0	0	0	0	0	0	0	0	0	0	0	0	0	0	0	0	0	0	
0	48	0	0	0	0	0	0	0	0	0	0	0	0	0	0	0	0	0	0	0	0	0	0	0	0	0	0	0	0	0	0	0	0	0	0	0	0	0	0	0	0	0	0	0	0	0	0	0	0	0	0	0	0	0	0	0	0	0	0	0	0	0	0	0	0	0	0	0	0	0	0	0	0	0	0	0	0	0	0	0	0	0	0	0	0	0	0	0	0	0	0	0	0	0	0	0	0	48	0	0	0	0	0	0	0	0	0	0	0	0	0	0	0	0	0	0	0	0	0	
0	0	48	0	0	0	0	0	0	0	0	0	0	0	0	0	0	0	0	0	0	0	0	0	0	0	0	0	0	0	0	0	0	0	0	0	0	0	0	0	0	0	0	0	0	0	0	0	0	0	0	0	0	0	48	0	0	0	0	0	0	0	0	0	0	0	0	0	0	0	0	0	0	0	0	0	0	0	0	0	0	0	0	0	0	0	0	0	0	0	0	0	0	0	0	0	0	0	0	0	0	0	0	0	0	0	0	0	0	0	0	0	0	0	0	0	0	0	0	0	
48	0	0	0	0	0	0	0	0	0	0	0	0	0	0	0	0	0	0	0	0	0	0	0	0	0	0	0	0	0	0	0	0	0	0	0	0	48	0	0	0	0	0	0	0	0	0	0	0	0	0	0	0	0	0	0	0	0	0	0	48	0	0	0	0	0	0	0	0	0	0	0	0	0	0	0	0	0	0	0	0	0	0	0	0	0	0	0	0	0	0	0	0	0	0	0	0	0	0	0	0	0	0	0	0	0	0	0	0	0	0	0	0	0	0	0	0	0	0	0	
0	0	0	0	0	0	0	0	0	0	0	0	0	0	0	0	0	0	0	0	0	0	0	48	0	0	0	0	0	0	0	0	0	0	0	0	0	0	0	0	0	0	0	0	0	0	0	0	0	0	0	0	0	0	0	0	0	0	0	0	0	0	0	0	0	0	0	0	0	0	0	0	0	0	0	0	0	0	0	0	0	0	0	0	0	0	0	0	0	0	0	0	0	0	0	0	0	0	0	48	0	0	0	0	0	0	0	0	0	0	0	0	0	0	0	0	0	0	0	0	
0	0	0	48	0	0	0	0	0	0	0	0	0	0	0	0	0	0	0	0	0	0	0	0	0	0	0	0	0	0	0	0	0	0	0	0	0	0	0	0	0	0	0	0	0	0	0	0	0	0	0	0	0	0	0	0	0	0	0	0	0	0	0	0	0	0	0	0	0	48	0	0	0	0	0	0	0	0	0	0	0	0	0	0	0	0	0	0	0	0	0	0	0	0	0	0	0	0	0	0	0	0	0	0	0	0	0	0	0	0	0	0	0	0	0	0	0	0	0	0	
0	0	0	0	0	0	0	0	48	0	48	0	0	0	0	0	0	0	0	0	0	0	0	0	0	0	0	0	0	0	0	0	0	0	0	0	0	0	0	0	0	0	0	0	0	0	0	0	0	0	0	0	0	0	0	0	0	0	0	0	0	0	0	0	0	0	0	0	0	0	0	0	0	0	0	0	0	0	0	0	0	0	0	0	0	0	0	0	0	0	0	0	0	0	0	0	0	0	0	0	0	0	0	0	0	0	0	0	0	0	0	0	0	0	0	0	0	0	0	0	
0	0	0	0	0	0	0	0	0	0	0	0	0	0	0	0	0	0	0	0	0	0	0	0	0	0	0	48	0	0	0	0	0	0	0	0	0	0	0	0	0	0	0	0	0	0	0	0	0	0	0	0	0	0	0	0	0	0	0	0	0	0	0	0	0	0	0	0	0	0	0	0	0	0	0	0	0	0	0	0	0	0	0	0	0	0	0	0	0	0	0	0	48	0	0	0	0	0	0	0	0	0	0	0	0	0	0	0	0	0	0	0	0	0	0	0	0	0	0	0	
0	0	0	0	0	0	0	0	0	0	0	0	0	0	0	0	0	0	0	0	0	0	0	0	0	0	0	0	0	0	48	0	0	0	0	0	0	0	0	0	0	0	0	0	0	0	0	0	0	0	0	0	0	0	0	0	0	0	0	0	0	0	0	0	0	0	0	0	0	0	0	0	0	0	0	0	0	0	0	0	0	0	0	0	0	0	0	0	0	0	0	0	48	0	0	0	0	0	0	0	0	0	0	0	0	0	0	0	0	0	0	0	0	0	0	0	0	0	0	0	
0	0	0	0	0	0	0	0	0	0	0	0	0	0	0	0	0	0	0	0	0	0	0	0	0	0	0	0	48	0	0	0	0	0	0	0	0	0	0	0	0	0	0	0	0	0	0	0	0	0	0	0	0	0	0	0	48	0	0	0	0	0	0	0	0	0	0	0	0	0	0	0	0	0	0	0	0	0	0	0	0	0	0	0	0	0	0	0	0	0	0	0	0	0	0	0	0	0	0	0	0	0	0	0	0	0	0	0	0	0	0	0	0	0	0	0	0	0	0	0	
0	0	0	0	0	0	0	0	0	0	0	0	0	0	0	0	0	0	0	0	0	0	0	0	0	0	0	0	0	0	0	0	0	0	0	0	0	0	0	0	0	0	0	48	0	0	0	0	0	0	0	0	0	0	0	0	0	0	0	0	48	0	0	0	0	0	0	0	0	0	0	0	0	0	0	0	0	0	0	0	0	0	0	0	0	0	0	0	0	0	0	0	0	0	0	0	0	0	0	0	0	0	0	0	0	0	0	0	0	0	0	0	0	0	0	0	0	0	0	0	
48	0	0	0	0	0	0	0	0	0	0	0	0	0	0	0	0	0	0	0	0	0	0	0	0	0	0	0	0	0	0	0	0	0	0	0	0	0	0	0	0	0	0	0	0	0	0	0	0	0	0	0	0	0	0	0	0	0	0	0	0	0	0	0	48	0	0	0	0	0	0	0	0	0	0	0	0	0	0	0	0	0	0	0	0	0	0	0	0	0	0	0	0	0	0	0	0	0	0	0	0	0	0	0	0	48	0	0	0	0	0	0	0	0	0	0	0	0	0	0	
0	0	0	0	0	0	0	0	0	0	0	0	0	0	0	48	0	0	0	0	0	0	0	0	0	0	0	0	0	0	0	0	0	0	48	0	0	0	0	0	0	0	0	0	0	0	0	0	0	0	0	0	0	0	0	0	0	0	0	0	0	0	0	0	0	0	0	0	0	0	0	0	0	0	0	0	0	0	0	0	0	0	0	0	0	0	0	0	0	0	0	0	0	0	0	0	0	0	0	0	0	0	0	0	0	0	0	0	0	0	0	0	0	0	0	0	0	0	0	0	
48	0	0	0	0	0	0	0	0	0	0	0	0	0	0	0	0	0	0	0	0	0	0	0	0	0	0	0	0	0	0	0	0	0	0	0	0	0	0	0	0	0	0	0	0	0	0	0	0	0	0	0	0	0	0	0	0	0	0	0	0	0	0	0	0	0	0	0	0	0	0	0	0	0	0	0	0	0	0	0	0	0	0	0	0	0	0	0	0	0	0	0	0	48	0	0	0	0	0	0	0	0	0	0	0	0	0	0	0	48	0	0	0	0	0	0	0	0	0	0	
48	0	0	0	0	0	0	0	0	0	0	0	0	0	0	0	0	0	0	0	0	0	0	0	0	0	0	0	0	0	0	0	0	0	0	0	0	0	0	0	0	0	0	0	0	0	0	0	0	0	0	0	0	0	0	0	0	0	0	48	0	48	0	0	0	0	0	0	0	0	0	0	0	0	0	0	0	0	0	0	0	0	0	0	0	0	0	0	0	0	0	0	0	0	0	0	0	0	0	0	0	0	0	0	0	0	0	0	0	0	0	0	0	0	0	0	0	0	0	0	
0	0	0	0	0	0	0	0	0	48	0	0	0	0	0	0	0	0	0	0	0	0	0	0	0	0	0	0	0	0	0	0	0	0	0	0	0	0	0	0	0	0	0	0	0	0	0	0	0	0	0	0	0	0	0	0	0	0	0	0	0	0	0	0	0	0	0	0	0	0	0	0	0	0	0	0	0	0	0	0	0	0	0	0	0	0	0	0	0	0	0	0	0	0	0	0	0	48	0	0	0	0	0	0	0	0	0	0	0	0	0	0	0	0	0	0	0	0	0	0	
0	0	0	0	0	0	0	0	0	0	0	0	0	0	0	0	0	0	48	0	0	0	0	0	0	0	0	0	0	0	0	0	0	0	0	0	0	0	0	0	0	0	0	0	0	48	0	0	0	0	0	0	0	0	0	0	0	0	0	0	0	0	0	0	0	0	0	0	0	0	0	0	0	0	0	0	0	0	0	0	0	0	0	0	0	0	0	0	0	0	0	0	0	0	0	0	0	0	0	0	0	0	0	0	0	0	0	0	0	0	0	0	0	0	0	0	0	0	0	0	
0	0	0	0	0	0	0	0	0	0	0	0	0	0	0	0	0	0	0	0	48	0	0	0	0	0	0	0	0	0	0	0	0	0	0	0	0	0	0	0	0	0	0	0	0	0	0	0	0	0	0	0	0	0	0	0	0	0	0	0	0	0	0	0	0	0	0	0	0	0	0	0	0	0	0	0	0	0	0	0	0	0	0	0	0	0	0	0	0	0	0	0	0	0	0	0	0	0	0	0	0	0	0	0	0	0	0	0	0	0	0	0	0	48	0	0	0	0	0	0	
0	0	0	0	0	0	0	0	0	48	0	0	0	0	0	0	0	0	0	0	0	0	0	0	0	0	0	0	0	0	0	0	0	0	0	0	0	0	0	0	0	0	0	0	0	0	0	0	0	0	0	0	0	0	0	0	0	0	0	0	0	0	0	0	0	0	0	0	0	0	0	0	0	0	0	0	0	0	0	0	0	0	0	0	0	0	0	0	0	0	0	0	0	0	0	0	0	48	0	0	0	0	0	0	0	0	0	0	0	0	0	0	0	0	0	0	0	0	0	0	
0	0	0	0	48	0	0	0	0	0	0	0	0	0	0	0	0	0	0	48	0	0	0	0	0	0	0	0	0	0	0	0	0	0	0	0	0	0	0	0	0	0	0	0	0	0	0	0	0	0	0	0	0	0	0	0	0	0	0	0	0	0	0	0	0	0	0	0	0	0	0	0	0	0	0	0	0	0	0	0	0	0	0	0	0	0	0	0	0	0	0	0	0	0	0	0	0	0	0	0	0	0	0	0	0	0	0	0	0	0	0	0	0	0	0	0	0	0	0	0	
0	0	0	0	0	0	0	0	0	0	0	0	0	0	0	0	0	0	0	0	0	0	0	0	0	0	0	0	0	0	0	0	0	0	0	0	0	0	0	0	0	0	0	0	0	0	0	0	0	0	0	0	0	0	0	0	0	0	0	0	0	0	0	0	0	0	0	0	0	0	0	0	0	0	0	0	0	0	0	0	0	0	0	0	0	0	0	48	48	0	0	0	0	0	0	0	0	0	0	0	0	0	0	0	0	0	0	0	0	0	0	0	0	0	0	0	0	0	0	0	
0	0	0	0	0	0	0	0	0	0	0	0	0	0	0	0	0	0	0	0	0	0	0	0	0	0	0	0	0	0	0	0	0	0	0	0	0	0	0	0	0	0	0	0	0	0	0	0	0	0	0	0	0	0	0	0	0	0	0	0	0	0	0	0	0	0	0	0	0	0	0	0	0	0	0	0	0	0	0	0	0	0	0	0	0	0	0	0	0	0	0	0	0	48	0	0	0	0	0	0	0	0	0	0	0	0	0	0	0	48	0	0	0	0	0	0	0	0	0	0	
48	0	0	0	0	0	0	0	0	0	0	0	0	0	0	0	0	0	0	0	0	0	0	0	0	0	0	0	0	0	0	0	0	0	0	0	0	0	0	0	0	0	0	0	0	0	0	0	48	0	0	0	0	0	0	0	0	0	0	0	0	0	0	0	0	0	0	0	0	0	0	0	0	0	0	0	0	0	0	0	0	0	0	0	0	0	0	0	0	0	0	0	0	0	0	0	48	0	0	0	0	0	0	0	0	0	0	0	0	0	0	0	0	0	0	0	0	0	0	0	
0	0	0	0	0	0	0	0	0	0	0	0	0	0	0	0	0	0	0	0	0	0	0	48	0	0	0	0	0	0	0	0	0	0	0	0	0	0	0	0	0	0	0	0	0	0	0	0	0	0	0	0	0	0	0	0	0	0	0	0	0	0	0	0	0	0	0	0	0	0	0	0	0	0	0	0	0	0	0	0	0	0	0	0	0	0	0	0	0	0	0	0	0	0	0	0	0	0	0	0	0	0	0	0	0	0	48	0	0	0	0	0	0	0	0	0	0	0	0	0	
0	0	0	0	0	0	0	0	0	0	0	0	0	0	0	0	0	0	0	0	0	0	0	0	0	0	0	0	0	0	0	0	0	0	0	0	0	0	0	0	0	0	0	0	0	48	0	0	0	0	0	0	0	0	0	0	0	0	0	0	0	0	0	0	0	0	0	0	0	0	0	0	0	0	0	0	0	0	0	0	0	0	0	0	0	0	0	0	0	0	0	0	0	0	0	0	0	0	0	0	0	0	0	0	0	0	0	0	48	0	0	0	0	0	0	0	0	0	0	0	
0	0	0	0	0	48	0	0	0	0	0	0	0	0	0	0	0	0	0	0	0	0	0	0	0	0	0	0	0	0	0	0	0	0	0	0	0	0	0	0	0	0	0	0	0	0	0	0	0	0	0	0	0	0	0	0	0	0	0	0	0	0	0	0	0	0	0	0	0	0	0	0	0	48	0	0	0	0	0	0	0	0	0	0	0	0	0	0	0	0	0	0	0	0	0	0	0	0	0	0	0	0	0	0	0	0	0	0	0	0	0	0	0	0	0	0	0	0	0	0	
0	0	0	0	0	0	0	0	0	0	0	0	0	0	48	0	0	0	0	0	0	0	0	0	0	0	0	0	0	0	0	0	0	0	0	0	0	0	0	0	0	0	0	0	0	0	48	0	0	0	0	0	0	0	0	0	0	0	0	0	0	0	0	0	0	0	0	0	0	0	0	0	0	0	0	0	0	0	0	0	0	0	0	0	0	0	0	0	0	0	0	0	0	0	0	0	0	0	0	0	0	0	0	0	0	0	0	0	0	0	0	0	0	0	0	0	0	0	0	0	
0	0	0	0	0	0	0	0	0	0	0	0	0	0	0	0	0	0	0	0	0	0	0	0	0	0	0	0	0	0	0	0	0	0	0	0	0	0	0	0	0	0	0	0	0	0	0	0	0	0	0	0	0	0	0	0	0	0	0	0	0	0	0	0	0	0	0	0	0	0	0	0	0	0	0	0	0	0	0	0	0	0	0	0	0	0	0	0	0	0	0	0	0	0	0	0	0	0	0	0	0	0	0	0	0	0	0	0	0	0	48	0	0	0	48	0	0	0	0	0	
0	0	0	0	0	0	0	0	0	0	0	0	0	0	0	0	0	0	0	0	0	0	0	0	0	0	0	0	0	0	0	0	0	0	0	0	0	0	0	0	0	0	0	0	0	0	0	0	0	0	0	0	0	0	0	0	0	0	0	0	0	0	0	0	0	0	0	0	0	0	0	0	0	0	0	0	0	0	0	0	0	0	0	0	0	0	0	0	0	0	0	0	0	0	0	0	0	0	0	48	48	0	0	0	0	0	0	0	0	0	0	0	0	0	0	0	0	0	0	0	
0	0	0	0	0	0	0	0	0	0	0	0	0	0	0	0	0	0	0	0	0	0	0	0	0	0	0	0	0	0	0	0	0	0	0	0	0	0	0	0	0	0	0	0	0	0	0	0	0	0	0	0	0	0	0	0	0	0	48	48	0	0	0	0	0	0	0	0	0	0	0	0	0	0	0	0	0	0	0	0	0	0	0	0	0	0	0	0	0	0	0	0	0	0	0	0	0	0	0	0	0	0	0	0	0	0	0	0	0	0	0	0	0	0	0	0	0	0	0	0	
0	0	0	0	0	0	0	0	0	0	0	0	0	0	0	0	0	0	0	0	0	0	0	0	0	0	0	0	0	0	0	0	0	0	0	0	0	0	0	0	0	0	0	0	0	0	0	0	0	0	0	0	0	0	0	0	0	0	0	0	0	0	0	0	0	0	0	0	0	0	48	0	0	0	0	0	0	0	0	0	0	0	0	0	0	0	48	0	0	0	0	0	0	0	0	0	0	0	0	0	0	0	0	0	0	0	0	0	0	0	0	0	0	0	0	0	0	0	0	0	
0	0	0	0	0	0	0	0	0	0	0	0	0	0	0	0	0	0	0	0	0	0	0	0	0	0	0	0	0	0	0	0	0	0	0	0	0	0	0	0	0	0	0	0	0	0	0	0	0	0	0	0	0	0	0	0	0	0	0	0	0	0	0	0	0	0	0	0	0	0	0	0	0	0	0	0	0	0	48	0	0	0	0	0	0	0	0	0	0	0	0	0	0	0	0	0	48	0	0	0	0	0	0	0	0	0	0	0	0	0	0	0	0	0	0	0	0	0	0	0	
0	0	0	0	0	0	0	0	0	0	0	0	0	0	0	0	0	0	0	0	0	48	0	0	0	0	0	0	0	0	0	0	0	0	0	0	0	0	0	0	0	0	0	0	0	0	48	0	0	0	0	0	0	0	0	0	0	0	0	0	0	0	0	0	0	0	0	0	0	0	0	0	0	0	0	0	0	0	0	0	0	0	0	0	0	0	0	0	0	0	0	0	0	0	0	0	0	0	0	0	0	0	0	0	0	0	0	0	0	0	0	0	0	0	0	0	0	0	0	0	
0	0	0	0	0	0	0	0	0	0	0	0	0	0	0	0	0	0	0	0	0	0	0	0	0	0	0	0	0	0	0	0	0	0	0	0	0	0	0	0	0	0	0	0	0	0	0	0	0	48	0	0	0	0	0	0	0	0	0	0	0	0	0	0	0	0	0	0	0	0	0	0	0	0	0	0	0	0	0	0	0	0	0	0	0	0	0	0	0	0	0	0	0	0	0	0	0	0	0	0	0	0	0	0	0	0	48	0	0	0	0	0	0	0	0	0	0	0	0	0	
0	0	0	0	0	0	0	0	0	0	0	0	0	0	0	0	0	0	0	0	0	0	0	0	0	0	0	48	0	0	0	0	0	0	0	48	0	0	0	0	0	0	0	0	0	0	0	0	0	0	0	0	0	0	0	0	0	0	0	0	0	0	0	0	0	0	0	0	0	0	0	0	0	0	0	0	0	0	0	0	0	0	0	0	0	0	0	0	0	0	0	0	0	0	0	0	0	0	0	0	0	0	0	0	0	0	0	0	0	0	0	0	0	0	0	0	0	0	0	0	
0	0	0	0	0	0	0	0	0	0	0	0	0	0	0	0	0	0	0	0	0	0	0	0	0	0	0	0	0	0	0	0	0	0	0	0	0	48	0	0	0	0	0	48	0	0	0	0	0	0	0	0	0	0	0	0	0	0	0	0	0	0	0	0	0	0	0	0	0	0	0	0	0	0	0	0	0	0	0	0	0	0	0	0	0	0	0	0	0	0	0	0	0	0	0	0	0	0	0	0	0	0	0	0	0	0	0	0	0	0	0	0	0	0	0	0	0	0	0	0	
0	0	0	0	0	0	0	48	0	0	0	0	0	0	0	0	0	0	0	0	0	0	0	0	0	0	0	0	0	0	0	0	0	0	0	0	0	0	0	0	0	0	0	0	0	0	0	0	0	0	0	0	0	0	0	0	0	0	0	0	0	0	0	0	0	0	0	0	0	0	0	0	0	0	0	0	0	0	0	0	0	0	0	0	0	0	0	0	0	0	0	0	0	0	0	0	0	0	0	0	0	0	0	0	48	0	0	0	0	0	0	0	0	0	0	0	0	0	0	0	
0	0	0	0	0	0	0	0	0	0	0	0	0	0	0	0	0	0	0	0	0	0	0	0	0	0	0	0	0	0	0	0	0	48	0	0	0	0	0	0	0	0	0	0	0	0	0	0	0	0	0	0	0	0	0	0	0	0	0	0	0	0	0	0	0	0	0	0	0	0	0	0	0	0	0	0	0	0	48	0	0	0	0	0	0	0	0	0	0	0	0	0	0	0	0	0	0	0	0	0	0	0	0	0	0	0	0	0	0	0	0	0	0	0	0	0	0	0	0	0	
0	0	0	0	0	0	0	0	0	0	0	0	0	0	0	0	0	0	0	0	0	0	0	0	0	0	0	0	0	0	0	0	0	0	0	0	0	0	0	0	0	0	0	0	48	0	0	0	0	0	0	0	0	0	0	0	0	0	0	0	0	0	0	0	0	0	0	0	0	0	0	0	0	0	0	0	0	0	0	0	0	0	0	0	0	0	0	0	0	0	0	0	0	0	0	0	0	0	0	0	0	0	0	48	0	0	0	0	0	0	0	0	0	0	0	0	0	0	0	0	
0	0	0	0	0	0	0	0	0	0	0	0	0	0	0	0	0	0	0	0	0	0	0	0	0	0	0	0	0	0	0	0	0	0	0	0	0	0	0	0	0	0	0	0	0	0	0	0	0	0	0	0	0	0	0	0	0	0	0	0	0	0	0	0	0	0	0	0	0	0	0	0	0	0	0	0	0	0	0	0	48	0	0	0	0	0	0	0	0	0	0	0	0	0	0	0	0	0	0	0	0	0	0	0	0	0	0	0	0	0	0	0	0	48	0	0	0	0	0	0	
0	0	0	0	0	0	0	0	0	0	0	0	0	0	0	0	0	0	0	0	0	0	0	0	0	0	0	0	0	0	0	0	0	0	0	0	0	0	0	0	0	0	0	0	0	0	0	0	0	0	0	0	0	0	0	0	0	0	0	0	0	0	0	0	0	0	0	0	0	0	0	0	0	0	0	0	48	0	0	0	0	0	0	0	0	48	0	0	0	0	0	0	0	0	0	0	0	0	0	0	0	0	0	0	0	0	0	0	0	0	0	0	0	0	0	0	0	0	0	0	
0	0	0	0	0	0	0	0	48	0	0	0	0	0	0	0	0	0	0	0	0	0	0	0	0	0	0	0	0	0	0	0	0	0	0	0	0	0	0	0	0	0	0	0	0	0	0	0	0	0	0	0	0	0	0	0	0	0	0	0	0	0	0	0	0	0	0	0	0	0	0	0	48	0	0	0	0	0	0	0	0	0	0	0	0	0	0	0	0	0	0	0	0	0	0	0	0	0	0	0	0	0	0	0	0	0	0	0	0	0	0	0	0	0	0	0	0	0	0	0	
0	0	0	0	0	0	0	0	0	0	0	0	0	0	0	0	0	0	0	0	0	0	0	0	0	0	0	0	0	0	0	0	0	0	0	0	0	0	0	0	0	0	0	0	0	0	0	0	0	0	0	0	0	0	0	0	0	0	0	0	0	0	0	0	0	0	0	0	0	0	0	0	0	0	0	0	0	48	0	0	0	0	0	0	0	0	0	0	0	0	0	0	0	0	0	0	0	0	0	0	0	0	0	0	0	0	0	0	0	0	0	0	0	0	0	0	0	48	0	0	
0	0	48	0	0	0	0	0	0	0	0	0	0	48	0	0	0	0	0	0	0	0	0	0	0	0	0	0	0	0	0	0	0	0	0	0	0	0	0	0	0	0	0	0	0	0	0	0	0	0	0	0	0	0	0	0	0	0	0	0	0	0	0	0	0	0	0	0	0	0	0	0	0	0	0	0	0	0	0	0	0	0	0	0	0	0	0	0	0	0	0	0	0	0	0	0	0	0	0	0	0	0	0	0	0	0	0	0	0	0	0	0	0	0	0	0	0	0	0	0	
0	0	0	0	0	0	0	0	0	0	0	0	0	0	0	0	0	0	0	0	0	0	0	0	0	0	0	0	0	0	0	0	0	0	0	0	0	0	0	0	0	0	0	0	0	0	0	0	0	0	0	0	0	0	0	0	0	0	0	0	0	0	0	0	0	0	0	0	0	0	0	0	0	0	0	0	0	0	0	0	0	0	0	0	0	0	0	0	0	0	0	0	0	0	48	0	0	0	0	0	0	48	0	0	0	0	0	0	0	0	0	0	0	0	0	0	0	0	0	0	
0	0	0	0	0	0	0	0	0	0	0	0	0	0	0	0	0	0	0	0	48	0	0	0	0	0	0	0	0	0	0	0	0	0	0	0	0	0	0	0	0	0	0	0	0	0	0	0	0	0	0	0	0	0	0	0	0	0	0	0	0	0	0	0	0	0	0	0	0	0	0	0	0	0	0	0	0	0	0	0	0	0	0	0	0	48	0	0	0	0	0	0	0	0	0	0	0	0	0	0	0	0	0	0	0	0	0	0	0	0	0	0	0	0	0	0	0	0	0	0	
0	0	0	0	0	0	0	0	0	0	0	0	0	0	0	0	0	0	0	0	0	0	0	0	0	0	0	0	0	0	0	0	0	0	0	0	0	0	0	0	0	0	0	0	0	0	0	0	0	0	0	0	0	0	0	0	0	0	0	0	0	0	0	0	0	0	0	0	48	0	0	0	0	0	0	0	0	0	0	48	0	0	0	0	0	0	0	0	0	0	0	0	0	0	0	0	0	0	0	0	0	0	0	0	0	0	0	0	0	0	0	0	0	0	0	0	0	0	0	0	
0	0	0	0	0	0	0	0	0	0	0	0	0	0	0	0	0	0	0	0	0	0	0	0	0	0	0	0	0	0	0	0	0	0	0	0	0	0	0	0	48	0	0	0	0	0	0	0	0	0	0	0	0	0	0	0	0	0	0	0	0	48	0	0	0	0	0	0	0	0	0	0	0	0	0	0	0	0	0	0	0	0	0	0	0	0	0	0	0	0	0	0	0	0	0	0	0	0	0	0	0	0	0	0	0	0	0	0	0	0	0	0	0	0	0	0	0	0	0	0	
0	0	0	0	0	0	0	0	0	0	0	0	0	0	0	0	0	0	0	0	0	0	0	0	0	48	0	0	0	0	0	0	0	0	0	0	0	0	0	0	48	0	0	0	0	0	0	0	0	0	0	0	0	0	0	0	0	0	0	0	0	0	0	0	0	0	0	0	0	0	0	0	0	0	0	0	0	0	0	0	0	0	0	0	0	0	0	0	0	0	0	0	0	0	0	0	0	0	0	0	0	0	0	0	0	0	0	0	0	0	0	0	0	0	0	0	0	0	0	0	
0	0	0	0	0	0	0	0	0	0	0	0	0	0	48	0	0	0	0	0	0	48	0	0	0	0	0	0	0	0	0	0	0	0	0	0	0	0	0	0	0	0	0	0	0	0	0	0	0	0	0	0	0	0	0	0	0	0	0	0	0	0	0	0	0	0	0	0	0	0	0	0	0	0	0	0	0	0	0	0	0	0	0	0	0	0	0	0	0	0	0	0	0	0	0	0	0	0	0	0	0	0	0	0	0	0	0	0	0	0	0	0	0	0	0	0	0	0	0	0	
0	0	0	0	0	0	0	0	0	0	0	0	0	0	0	0	0	0	0	0	0	0	0	0	0	48	0	0	0	0	0	0	0	0	0	0	0	0	0	0	0	0	0	0	0	0	0	0	0	0	0	0	0	0	0	0	0	0	48	0	0	0	0	0	0	0	0	0	0	0	0	0	0	0	0	0	0	0	0	0	0	0	0	0	0	0	0	0	0	0	0	0	0	0	0	0	0	0	0	0	0	0	0	0	0	0	0	0	0	0	0	0	0	0	0	0	0	0	0	0	
0	0	0	0	0	0	0	0	0	0	0	0	0	0	0	0	0	0	0	0	0	0	0	0	0	0	0	0	0	0	0	0	0	0	0	0	0	0	0	0	0	0	0	0	0	0	0	0	0	0	0	0	0	0	0	0	0	0	0	0	0	0	0	0	0	0	0	0	0	0	0	0	0	0	0	0	48	0	0	0	0	0	0	0	0	0	0	0	0	0	0	0	0	0	0	0	0	0	0	0	0	48	0	0	0	0	0	0	0	0	0	0	0	0	0	0	0	0	0	0	
0	0	0	0	0	0	0	0	0	0	0	0	0	0	0	0	0	0	0	0	0	0	0	0	0	0	0	0	0	0	0	0	0	0	0	0	0	0	0	0	0	0	0	0	0	0	0	0	0	0	0	0	0	0	0	0	0	0	0	0	0	0	0	0	0	0	0	0	0	0	0	0	0	0	0	0	0	48	0	0	0	0	0	0	0	0	0	0	0	0	0	0	0	0	0	0	0	0	0	0	0	0	0	48	0	0	0	0	0	0	0	0	0	0	0	0	0	0	0	0	
0	0	0	0	0	0	0	0	0	0	0	0	0	0	0	0	0	0	0	0	0	0	48	0	0	0	0	0	0	0	0	0	0	0	0	0	0	0	0	0	0	0	0	0	0	0	0	0	0	0	0	0	0	0	0	0	0	0	0	0	0	0	0	0	0	0	0	0	0	0	0	0	0	0	0	0	0	0	0	0	0	0	0	0	0	0	0	0	0	0	0	0	0	0	0	0	0	0	0	0	0	0	0	0	0	48	0	0	0	0	0	0	0	0	0	0	0	0	0	0	
0	0	0	0	0	0	0	0	0	0	0	0	0	0	0	0	0	0	0	0	0	0	0	0	0	0	0	0	0	0	0	0	0	0	0	0	0	0	0	0	0	0	0	0	0	0	0	0	0	0	0	0	0	0	0	0	0	0	0	0	0	0	0	0	0	0	0	0	0	0	0	0	0	0	0	0	0	0	0	0	0	0	0	0	0	0	48	0	0	0	0	48	0	0	0	0	0	0	0	0	0	0	0	0	0	0	0	0	0	0	0	0	0	0	0	0	0	0	0	0	
0	0	0	0	0	0	0	0	0	0	0	0	0	0	0	0	0	0	0	0	0	0	0	0	0	0	0	0	0	0	0	0	0	0	0	0	0	0	0	0	0	0	0	0	0	0	0	0	0	0	0	0	0	0	0	0	0	0	0	0	0	0	0	0	0	0	0	0	0	0	48	0	0	0	0	0	0	0	0	0	0	0	48	0	0	0	0	0	0	0	0	0	0	0	0	0	0	0	0	0	0	0	0	0	0	0	0	0	0	0	0	0	0	0	0	0	0	0	0	0	
0	0	0	0	0	0	0	0	0	0	0	0	0	0	0	0	0	0	0	0	0	0	0	0	0	0	0	0	0	0	0	0	0	0	0	0	0	0	0	0	0	0	0	0	0	0	0	0	0	0	0	0	0	0	0	0	0	0	0	0	0	0	0	0	0	0	0	0	0	0	0	0	0	0	0	0	0	0	0	0	0	0	48	0	0	0	0	0	0	0	0	0	0	0	0	0	0	0	0	0	0	0	0	0	0	0	0	0	0	0	0	0	48	0	0	0	0	0	0	0	
0	0	0	0	0	0	0	0	0	0	0	0	0	0	0	0	0	0	0	0	0	0	0	0	0	0	0	0	0	0	0	0	0	0	0	0	0	0	0	0	0	0	0	0	0	0	0	0	0	0	0	0	0	0	0	0	0	48	0	0	0	0	0	0	0	0	0	0	0	0	0	0	0	0	0	0	0	0	0	0	0	0	0	0	0	0	0	0	0	0	0	0	0	0	0	0	0	0	0	0	0	0	48	0	0	0	0	0	0	0	0	0	0	0	0	0	0	0	0	0	
0	0	0	0	0	0	0	0	0	0	0	0	0	0	0	0	48	0	0	0	0	0	0	0	0	0	0	0	0	0	0	0	0	0	0	0	0	0	0	0	0	0	0	0	0	0	0	0	0	0	0	0	0	0	0	0	0	0	0	0	0	0	0	0	0	0	0	0	0	0	0	48	0	0	0	0	0	0	0	0	0	0	0	0	0	0	0	0	0	0	0	0	0	0	0	0	0	0	0	0	0	0	0	0	0	0	0	0	0	0	0	0	0	0	0	0	0	0	0	0	
0	0	0	0	0	0	0	0	0	0	0	0	0	0	0	0	0	0	0	0	0	0	0	0	0	0	0	0	0	0	0	0	0	0	0	0	0	0	0	0	0	48	0	0	0	0	0	0	0	0	0	0	0	0	0	0	0	0	0	0	0	0	0	0	0	0	48	0	0	0	0	0	0	0	0	0	0	0	0	0	0	0	0	0	0	0	0	0	0	0	0	0	0	0	0	0	0	0	0	0	0	0	0	0	0	0	0	0	0	0	0	0	0	0	0	0	0	0	0	0	
0	0	0	0	0	0	0	0	0	0	0	0	0	0	0	0	0	0	0	0	0	0	0	0	0	0	0	0	0	0	0	0	0	0	0	0	0	0	0	0	0	0	0	0	0	0	0	0	0	0	0	0	0	0	0	0	0	0	0	0	0	0	0	0	0	0	0	0	0	48	0	0	0	0	0	0	0	0	0	0	0	0	0	0	0	0	0	0	0	0	0	0	0	0	0	0	0	0	0	0	0	0	0	0	0	0	0	0	0	0	0	0	0	0	0	0	48	0	0	0	
0	0	0	0	0	0	0	0	0	0	0	48	0	0	0	0	0	0	0	0	0	0	0	0	0	0	0	0	0	0	0	0	0	0	0	0	0	0	0	0	0	0	0	0	0	0	0	0	0	0	0	0	48	0	0	0	0	0	0	0	0	0	0	0	0	0	0	0	0	0	0	0	0	0	0	0	0	0	0	0	0	0	0	0	0	0	0	0	0	0	0	0	0	0	0	0	0	0	0	0	0	0	0	0	0	0	0	0	0	0	0	0	0	0	0	0	0	0	0	0	
0	0	0	0	0	48	0	0	0	0	0	0	0	0	0	0	0	0	0	0	0	0	0	0	0	0	0	0	0	0	0	0	0	0	0	0	48	0	0	0	0	0	0	0	0	0	0	0	0	0	0	0	0	0	0	0	0	0	0	0	0	0	0	0	0	0	0	0	0	0	0	0	0	0	0	0	0	0	0	0	0	0	0	0	0	0	0	0	0	0	0	0	0	0	0	0	0	0	0	0	0	0	0	0	0	0	0	0	0	0	0	0	0	0	0	0	0	0	0	0	
0	0	0	0	0	0	0	0	0	0	0	0	0	0	0	0	0	0	0	0	0	0	0	0	0	0	0	0	0	0	0	0	0	0	0	0	0	0	0	0	0	0	0	0	0	0	0	0	0	0	0	0	0	0	0	0	0	0	0	0	0	0	0	0	0	0	0	0	0	0	0	0	0	0	0	0	0	0	0	0	0	48	0	0	0	0	0	0	0	0	0	0	0	0	0	0	0	0	0	0	0	0	0	0	0	0	0	0	0	0	0	0	0	0	0	0	48	0	0	0	
0	0	0	0	0	0	0	0	0	0	0	0	0	0	0	0	0	0	0	0	0	0	0	0	0	0	0	0	0	0	0	0	0	0	0	0	0	0	0	0	0	0	0	0	0	0	0	0	0	0	0	0	0	0	0	0	0	0	0	0	0	0	0	0	0	0	0	0	0	0	0	0	0	0	0	0	0	0	0	0	0	0	0	48	0	0	0	0	0	0	48	0	0	0	0	0	0	0	0	0	0	0	0	0	0	0	0	0	0	0	0	0	0	0	0	0	0	0	0	0	
0	0	0	0	0	0	0	0	0	0	0	0	0	0	0	0	0	0	0	0	0	0	0	0	0	0	0	0	0	0	0	0	0	0	0	0	0	0	0	0	0	0	0	0	0	0	0	0	0	0	0	48	0	0	0	0	0	0	0	0	0	0	48	0	0	0	0	0	0	0	0	0	0	0	0	0	0	0	0	0	0	0	0	0	0	0	0	0	0	0	0	0	0	0	0	0	0	0	0	0	0	0	0	0	0	0	0	0	0	0	0	0	0	0	0	0	0	0	0	0	
0	0	0	0	0	0	0	0	0	0	0	0	0	0	0	0	0	0	0	0	0	0	0	0	0	0	0	0	0	0	0	0	0	0	0	0	0	0	0	0	0	0	0	0	0	0	0	0	0	0	0	0	0	48	0	0	0	0	0	0	0	0	0	48	0	0	0	0	0	0	0	0	0	0	0	0	0	0	0	0	0	0	0	0	0	0	0	0	0	0	0	0	0	0	0	0	0	0	0	0	0	0	0	0	0	0	0	0	0	0	0	0	0	0	0	0	0	0	0	0	
0	0	0	0	0	0	0	0	0	0	0	0	0	0	0	0	0	0	0	0	0	0	0	0	0	0	0	0	0	0	0	0	0	0	0	0	0	0	0	0	0	0	48	0	0	0	0	0	48	0	0	0	0	0	0	0	0	0	0	0	0	0	0	0	0	0	0	0	0	0	0	0	0	0	0	0	0	0	0	0	0	0	0	0	0	0	0	0	0	0	0	0	0	0	0	0	0	0	0	0	0	0	0	0	0	0	0	0	0	0	0	0	0	0	0	0	0	0	0	0	
0	0	0	0	0	0	48	0	0	0	0	0	0	0	0	0	0	0	0	0	0	0	0	0	0	0	0	0	0	0	0	0	0	0	0	0	0	0	0	0	0	0	0	0	0	0	0	0	0	0	0	0	0	0	0	0	0	48	0	0	0	0	0	0	0	0	0	0	0	0	0	0	0	0	0	0	0	0	0	0	0	0	0	0	0	0	0	0	0	0	0	0	0	0	0	0	0	0	0	0	0	0	0	0	0	0	0	0	0	0	0	0	0	0	0	0	0	0	0	0	
0	0	0	0	0	0	0	0	0	0	0	0	0	0	0	0	0	0	0	0	0	0	0	0	0	0	0	0	0	0	0	0	0	0	0	0	0	0	0	0	0	0	0	0	0	0	0	0	0	0	48	0	0	0	0	0	0	0	0	0	0	0	0	0	0	0	0	0	0	0	0	0	0	0	0	0	0	0	0	0	0	0	0	0	0	0	0	0	0	0	0	0	0	0	0	0	0	0	0	0	0	0	0	0	0	0	0	48	0	0	0	0	0	0	0	0	0	0	0	0	
0	0	0	0	0	0	0	0	0	0	0	0	0	0	0	0	0	0	0	0	0	0	0	0	0	0	0	0	0	0	0	0	0	0	0	0	0	0	0	0	0	0	0	0	0	0	0	0	0	0	0	0	0	0	0	0	0	0	0	0	0	0	0	0	0	0	0	0	0	0	0	0	0	0	48	0	0	0	0	0	0	0	0	48	0	0	0	0	0	0	0	0	0	0	0	0	0	0	0	0	0	0	0	0	0	0	0	0	0	0	0	0	0	0	0	0	0	0	0	0	
0	0	0	0	0	0	0	0	0	0	0	0	0	0	0	0	0	0	0	0	0	0	0	0	0	0	0	0	0	0	0	0	0	0	0	0	0	0	0	0	0	0	0	0	0	0	0	0	0	0	0	0	0	0	0	0	0	0	0	0	0	0	0	0	0	0	48	48	0	0	0	0	0	0	0	0	0	0	0	0	0	0	0	0	0	0	0	0	0	0	0	0	0	0	0	0	0	0	0	0	0	0	0	0	0	0	0	0	0	0	0	0	0	0	0	0	0	0	0	0	
0	0	0	0	0	0	0	0	0	0	0	0	0	0	0	0	0	0	0	0	0	0	0	0	0	0	0	0	0	0	0	0	0	0	0	0	0	0	0	0	0	0	0	0	0	0	0	0	0	0	0	0	0	0	0	0	0	0	0	0	0	0	0	0	0	0	0	0	0	0	0	0	0	0	0	48	0	0	0	0	0	48	0	0	0	0	0	0	0	0	0	0	0	0	0	0	0	0	0	0	0	0	0	0	0	0	0	0	0	0	0	0	0	0	0	0	0	0	0	0	
0	0	0	0	0	0	0	0	0	0	0	48	0	0	0	0	0	0	0	0	0	0	0	0	0	0	0	0	0	0	0	0	0	0	0	0	0	0	0	0	0	0	0	0	0	0	0	0	0	0	0	0	0	0	0	0	0	0	0	0	0	0	0	0	0	0	0	0	0	0	0	0	0	0	0	0	0	0	0	0	0	0	0	0	0	0	0	0	0	0	48	0	0	0	0	0	0	0	0	0	0	0	0	0	0	0	0	0	0	0	0	0	0	0	0	0	0	0	0	0	
0	0	0	0	0	0	0	0	0	0	0	0	0	0	0	0	0	0	0	0	0	0	0	0	0	0	0	0	0	0	0	0	0	0	0	0	0	0	0	0	0	0	0	0	0	0	0	0	0	0	0	48	0	0	0	0	48	0	0	0	0	0	0	0	0	0	0	0	0	0	0	0	0	0	0	0	0	0	0	0	0	0	0	0	0	0	0	0	0	0	0	0	0	0	0	0	0	0	0	0	0	0	0	0	0	0	0	0	0	0	0	0	0	0	0	0	0	0	0	0	
0	0	0	0	0	0	0	0	0	0	0	0	0	0	0	0	0	0	0	0	0	0	0	0	0	0	0	0	0	0	0	0	0	0	0	0	0	0	0	0	0	48	0	0	0	0	0	0	0	0	0	0	0	0	0	0	0	0	0	0	0	0	0	0	0	48	0	0	0	0	0	0	0	0	0	0	0	0	0	0	0	0	0	0	0	0	0	0	0	0	0	0	0	0	0	0	0	0	0	0	0	0	0	0	0	0	0	0	0	0	0	0	0	0	0	0	0	0	0	0	
0	0	0	48	0	0	0	0	0	0	0	0	0	0	0	0	0	0	0	0	0	0	0	0	0	0	0	0	0	0	0	48	0	0	0	0	0	0	0	0	0	0	0	0	0	0	0	0	0	0	0	0	0	0	0	0	0	0	0	0	0	0	0	0	0	0	0	0	0	0	0	0	0	0	0	0	0	0	0	0	0	0	0	0	0	0	0	0	0	0	0	0	0	0	0	0	0	0	0	0	0	0	0	0	0	0	0	0	0	0	0	0	0	0	0	0	0	0	0	0	
0	0	0	0	0	0	0	0	0	0	0	0	0	0	0	0	0	0	0	0	0	0	0	0	0	0	0	0	0	0	0	48	0	0	0	0	0	0	0	0	0	0	0	0	0	0	0	0	0	0	0	0	0	0	0	0	0	0	0	0	0	0	0	0	0	0	0	0	0	0	0	0	0	0	0	0	0	0	0	0	0	0	0	0	0	0	0	0	0	0	0	0	0	0	0	0	0	0	0	0	0	0	0	0	0	0	0	48	0	0	0	0	0	0	0	0	0	0	0	0	
0	0	0	0	0	0	0	0	0	0	48	0	0	0	0	0	0	0	0	0	0	0	0	0	0	0	0	0	0	0	0	0	0	0	0	0	0	0	0	0	0	0	0	0	0	0	0	0	0	0	0	0	0	0	0	0	0	0	0	0	0	0	0	0	0	0	0	0	0	0	0	0	0	0	0	0	0	0	0	0	0	0	0	0	0	0	0	0	0	0	0	0	0	0	0	0	0	0	0	0	0	0	0	0	0	0	0	0	0	0	0	0	0	0	0	0	0	48	0	0	
0	0	0	0	0	0	0	0	0	0	0	0	0	0	0	0	0	0	0	0	0	0	0	0	0	0	0	0	0	0	0	0	0	0	0	0	0	0	0	0	0	0	0	0	0	0	0	0	0	0	0	0	0	0	0	0	0	0	0	0	0	0	0	0	0	0	0	0	0	0	0	0	0	0	0	48	0	0	0	0	0	0	0	0	48	0	0	0	0	0	0	0	0	0	0	0	0	0	0	0	0	0	0	0	0	0	0	0	0	0	0	0	0	0	0	0	0	0	0	0	
0	0	0	0	0	0	48	0	0	0	0	0	0	0	0	0	0	0	0	0	0	0	0	0	0	0	0	0	0	0	0	0	0	0	0	0	0	0	0	0	0	0	0	0	0	0	0	0	0	0	0	0	0	0	0	0	0	0	0	0	0	0	0	0	0	48	0	0	0	0	0	0	0	0	0	0	0	0	0	0	0	0	0	0	0	0	0	0	0	0	0	0	0	0	0	0	0	0	0	0	0	0	0	0	0	0	0	0	0	0	0	0	0	0	0	0	0	0	0	0	
0	0	0	0	0	0	0	0	0	0	0	0	0	0	0	0	0	0	48	48	0	0	0	0	0	0	0	0	0	0	0	0	0	0	0	0	0	0	0	0	0	0	0	0	0	0	0	0	0	0	0	0	0	0	0	0	0	0	0	0	0	0	0	0	0	0	0	0	0	0	0	0	0	0	0	0	0	0	0	0	0	0	0	0	0	0	0	0	0	0	0	0	0	0	0	0	0	0	0	0	0	0	0	0	0	0	0	0	0	0	0	0	0	0	0	0	0	0	0	0	
0	0	0	0	0	0	0	0	0	0	0	0	0	0	0	0	0	0	0	0	0	0	0	0	48	0	0	0	0	0	0	0	48	0	0	0	0	0	0	0	0	0	0	0	0	0	0	0	0	0	0	0	0	0	0	0	0	0	0	0	0	0	0	0	0	0	0	0	0	0	0	0	0	0	0	0	0	0	0	0	0	0	0	0	0	0	0	0	0	0	0	0	0	0	0	0	0	0	0	0	0	0	0	0	0	0	0	0	0	0	0	0	0	0	0	0	0	0	0	0	
0	0	0	0	0	0	0	0	0	0	0	0	0	0	0	0	0	0	0	0	0	0	0	0	0	0	0	0	0	0	0	0	0	0	0	0	0	0	0	0	0	0	0	0	0	0	0	0	0	0	0	0	0	0	0	48	0	0	0	0	0	0	0	0	0	0	0	0	0	0	0	0	0	0	0	0	0	0	0	0	0	0	0	0	0	0	0	0	0	0	0	0	0	0	0	0	0	0	0	0	0	0	0	0	0	0	0	0	0	0	0	0	48	0	0	0	0	0	0	0	
48	0	0	0	0	0	0	0	0	0	0	0	0	0	0	0	0	0	0	0	0	0	0	0	0	0	0	0	0	0	0	0	0	0	0	0	0	0	0	0	0	0	0	0	0	0	0	0	0	0	0	0	0	0	0	0	0	0	0	0	0	0	0	0	0	0	0	0	0	0	0	0	0	0	0	0	0	0	0	0	0	0	0	0	0	0	0	0	0	0	0	0	0	0	0	0	0	0	0	0	0	0	0	0	0	0	0	0	0	0	0	48	0	0	0	0	0	0	0	0	
0	0	0	0	0	0	0	0	0	0	0	0	0	0	0	0	0	0	0	0	0	0	0	0	0	0	0	0	0	0	0	0	0	48	0	0	0	0	0	0	0	0	48	0	0	0	0	0	0	0	0	0	0	0	0	0	0	0	0	0	0	0	0	0	0	0	0	0	0	0	0	0	0	0	0	0	0	0	0	0	0	0	0	0	0	0	0	0	0	0	0	0	0	0	0	0	0	0	0	0	0	0	0	0	0	0	0	0	0	0	0	0	0	0	0	0	0	0	0	0	
0	0	0	0	0	0	0	0	0	0	0	0	0	0	0	0	0	0	0	0	0	0	0	0	0	0	48	0	0	48	0	0	0	0	0	0	0	0	0	0	0	0	0	0	0	0	0	0	0	0	0	0	0	0	0	0	0	0	0	0	0	0	0	0	0	0	0	0	0	0	0	0	0	0	0	0	0	0	0	0	0	0	0	0	0	0	0	0	0	0	0	0	0	0	0	0	0	0	0	0	0	0	0	0	0	0	0	0	0	0	0	0	0	0	0	0	0	0	0	0	
0	48	0	0	0	0	0	0	0	0	0	0	48	0	0	0	0	0	0	0	0	0	0	0	0	0	0	0	0	0	0	0	0	0	0	0	0	0	0	0	0	0	0	0	0	0	0	0	0	0	0	0	0	0	0	0	0	0	0	0	0	0	0	0	0	0	0	0	0	0	0	0	0	0	0	0	0	0	0	0	0	0	0	0	0	0	0	0	0	0	0	0	0	0	0	0	0	0	0	0	0	0	0	0	0	0	0	0	0	0	0	0	0	0	0	0	0	0	0	0	
0	0	0	0	0	0	0	0	0	0	0	0	0	0	0	48	0	0	0	0	0	0	0	0	0	0	0	0	0	0	0	0	0	0	0	0	0	0	0	48	0	0	0	0	0	0	0	0	0	0	0	0	0	0	0	0	0	0	0	0	0	0	0	0	0	0	0	0	0	0	0	0	0	0	0	0	0	0	0	0	0	0	0	0	0	0	0	0	0	0	0	0	0	0	0	0	0	0	0	0	0	0	0	0	0	0	0	0	0	0	0	0	0	0	0	0	0	0	0	0	
0	0	0	0	0	0	0	0	0	0	0	0	0	0	0	0	0	0	0	0	0	0	0	0	0	0	0	0	0	0	0	0	0	0	0	0	0	0	0	48	0	0	0	0	0	0	0	0	0	0	0	0	0	0	0	0	0	0	0	0	0	0	0	0	0	0	0	0	0	0	0	0	0	0	0	0	0	0	0	0	0	0	0	0	0	0	0	0	0	0	0	0	0	0	0	0	0	0	0	0	0	0	0	0	0	0	0	0	0	0	0	0	0	0	0	48	0	0	0	0	
0	0	0	0	0	0	0	0	0	0	0	0	0	0	0	0	0	0	0	0	0	0	0	0	0	0	0	0	0	0	0	0	0	0	0	0	0	0	0	0	0	0	0	0	0	0	0	0	0	0	0	0	0	0	0	48	0	0	0	0	0	0	48	0	0	0	0	0	0	0	0	0	0	0	0	0	0	0	0	0	0	0	0	0	0	0	0	0	0	0	0	0	0	0	0	0	0	0	0	0	0	0	0	0	0	0	0	0	0	0	0	0	0	0	0	0	0	0	0	0	
0	0	0	0	0	0	0	0	0	0	0	0	0	0	0	0	0	0	0	0	0	0	0	0	0	0	0	0	0	0	0	0	0	0	0	0	0	0	0	0	0	0	0	0	0	0	0	0	0	0	0	0	0	0	0	0	0	0	0	0	0	0	0	0	0	0	0	0	48	0	0	0	0	0	0	0	0	0	0	0	0	0	0	0	0	0	0	0	0	0	0	0	0	0	0	0	0	0	0	0	0	0	0	0	0	0	0	0	0	0	0	0	0	0	48	0	0	0	0	0	
0	0	0	0	0	0	0	0	0	0	0	0	0	0	0	0	0	0	0	0	0	0	0	0	0	0	0	0	0	0	0	0	0	0	0	0	0	0	0	0	0	0	0	0	0	0	0	0	0	48	0	0	0	0	0	0	0	0	0	0	0	0	0	48	0	0	0	0	0	0	0	0	0	0	0	0	0	0	0	0	0	0	0	0	0	0	0	0	0	0	0	0	0	0	0	0	0	0	0	0	0	0	0	0	0	0	0	0	0	0	0	0	0	0	0	0	0	0	0	0	
0	0	0	0	0	0	0	48	0	0	0	0	0	0	0	0	0	0	0	0	0	0	0	0	0	0	0	0	0	0	0	0	0	0	0	0	0	0	0	0	0	0	0	0	0	0	0	48	0	0	0	0	0	0	0	0	0	0	0	0	0	0	0	0	0	0	0	0	0	0	0	0	0	0	0	0	0	0	0	0	0	0	0	0	0	0	0	0	0	0	0	0	0	0	0	0	0	0	0	0	0	0	0	0	0	0	0	0	0	0	0	0	0	0	0	0	0	0	0	0	
0	0	0	0	0	0	0	0	0	0	0	0	0	0	0	0	0	0	0	0	0	0	48	0	0	0	0	0	0	0	0	0	0	0	0	0	0	0	0	0	0	0	0	0	0	0	0	0	0	0	0	0	0	0	0	0	0	0	0	0	0	0	0	0	48	0	0	0	0	0	0	0	0	0	0	0	0	0	0	0	0	0	0	0	0	0	0	0	0	0	0	0	0	0	0	0	0	0	0	0	0	0	0	0	0	0	0	0	0	0	0	0	0	0	0	0	0	0	0	0	
0	0	0	0	0	0	0	0	0	0	0	0	0	0	0	0	0	0	0	0	0	0	0	0	0	0	0	0	0	0	0	0	0	0	48	0	0	0	0	0	0	0	0	0	48	0	0	0	0	0	0	0	0	0	0	0	0	0	0	0	0	0	0	0	0	0	0	0	0	0	0	0	0	0	0	0	0	0	0	0	0	0	0	0	0	0	0	0	0	0	0	0	0	0	0	0	0	0	0	0	0	0	0	0	0	0	0	0	0	0	0	0	0	0	0	0	0	0	0	0	
0	0	0	0	0	0	0	0	0	0	0	0	0	0	0	0	0	0	0	0	0	0	0	0	0	0	0	0	0	0	0	0	0	0	0	0	0	0	0	0	0	0	0	0	0	0	0	0	0	0	0	0	0	0	0	0	0	0	0	0	0	0	0	0	0	0	0	0	0	0	0	0	0	0	0	0	0	0	0	0	48	0	0	0	0	0	0	0	48	0	0	0	0	0	0	0	0	0	0	0	0	0	0	0	0	0	0	0	0	0	0	0	0	0	0	0	0	0	0	0	
0	0	0	0	0	0	0	0	0	0	0	0	0	0	0	0	0	0	0	0	0	0	0	0	0	0	0	0	0	0	0	0	0	0	0	48	0	0	0	0	0	0	0	0	0	0	0	0	0	0	0	0	0	0	0	0	0	0	0	0	0	0	0	0	0	0	0	0	0	0	0	0	0	0	0	0	0	0	0	0	0	0	0	0	0	0	0	0	0	0	0	0	0	0	0	0	0	0	0	0	0	0	0	0	0	0	0	0	0	0	48	0	0	0	0	0	0	0	0	0	
0	0	0	0	0	0	0	0	0	0	0	0	0	0	0	0	0	0	0	0	0	0	0	0	48	0	0	0	0	0	0	0	48	0	0	0	0	0	0	0	0	0	0	0	0	0	0	0	0	0	0	0	0	0	0	0	0	0	0	0	0	0	0	0	0	0	0	0	0	0	0	0	0	0	0	0	0	0	0	0	0	0	0	0	0	0	0	0	0	0	0	0	0	0	0	0	0	0	0	0	0	0	0	0	0	0	0	0	0	0	0	0	0	0	0	0	0	0	0	0	
0	0	0	0	0	0	0	0	0	0	0	0	0	0	0	0	0	0	0	0	0	0	0	0	0	0	0	0	0	0	0	0	0	0	0	0	0	0	48	0	0	0	0	0	0	0	0	0	0	0	0	0	0	0	0	0	0	0	0	0	0	0	0	0	0	0	0	0	0	0	0	0	0	0	0	0	0	0	0	0	0	0	0	0	0	0	0	0	0	0	0	0	0	0	0	0	0	0	0	0	0	0	0	0	0	0	0	0	48	0	0	0	0	0	0	0	0	0	0	0	
48	0	0	0	0	0	0	0	0	0	0	0	0	0	0	0	0	0	0	0	0	0	0	0	0	0	0	0	0	0	0	0	0	0	0	0	0	0	0	0	0	0	0	0	0	0	0	0	0	0	0	0	0	0	0	0	0	0	0	0	0	0	0	0	0	0	0	0	0	0	0	0	0	0	0	0	0	0	0	0	0	0	0	0	0	0	0	0	0	0	0	0	0	0	0	48	0	0	0	0	0	0	0	0	0	0	0	0	0	0	0	0	0	0	0	0	0	0	0	0	
0	0	0	0	0	0	0	0	0	0	0	0	0	0	0	0	0	0	0	0	0	0	0	0	0	0	0	0	0	0	0	0	0	0	0	0	0	0	0	0	0	0	0	0	0	0	0	0	0	0	0	0	0	0	0	0	0	0	0	0	0	0	0	0	0	0	0	48	0	0	0	0	0	0	0	0	0	0	0	0	0	0	0	0	0	0	0	0	0	0	0	0	0	0	48	0	0	0	0	0	0	0	0	0	0	0	0	0	0	0	0	0	0	0	0	0	0	0	0	0	
0	0	0	0	0	0	0	0	0	0	0	0	0	0	0	0	0	0	0	0	0	0	0	0	0	0	0	0	48	0	0	0	0	0	0	0	0	0	0	0	0	0	0	0	0	0	0	0	0	0	48	0	0	0	0	0	0	0	0	0	0	0	0	0	0	0	0	0	0	0	0	0	0	0	0	0	0	0	0	0	0	0	0	0	0	0	0	0	0	0	0	0	0	0	0	0	0	0	0	0	0	0	0	0	0	0	0	0	0	0	0	0	0	0	0	0	0	0	0	0	
0	0	0	0	0	0	0	0	0	0	0	0	0	0	0	0	0	0	0	0	0	0	0	0	0	0	0	0	0	0	0	0	0	0	0	0	0	0	48	0	0	0	0	0	0	0	0	0	0	0	0	0	0	0	0	0	0	0	0	0	0	0	0	0	0	0	0	0	0	0	0	0	0	0	0	0	0	0	0	0	0	0	0	0	0	0	0	0	0	0	0	0	0	0	0	0	0	0	0	0	0	0	48	0	0	0	0	0	0	0	0	0	0	0	0	0	0	0	0	0	
0	0	0	0	0	0	0	0	0	0	0	0	0	0	0	0	0	0	0	0	0	0	0	0	0	0	0	0	0	0	0	0	0	0	0	0	0	0	0	0	0	0	0	0	0	0	0	0	0	0	0	0	0	0	0	0	0	0	0	0	0	0	0	0	0	0	0	0	0	0	0	0	0	0	0	0	0	0	0	0	0	0	0	0	0	0	0	0	0	0	0	0	0	0	0	0	0	0	0	0	48	0	0	0	0	0	0	0	0	0	0	0	0	0	0	0	0	0	0	48	
0	0	0	0	0	0	0	0	0	0	0	0	0	0	0	0	0	0	0	0	0	0	0	0	0	0	0	0	0	0	0	0	0	0	0	0	0	0	0	0	0	0	0	0	0	0	0	0	0	0	0	0	0	0	0	0	0	0	0	0	0	0	0	0	0	0	0	0	0	0	0	48	0	0	48	0	0	0	0	0	0	0	0	0	0	0	0	0	0	0	0	0	0	0	0	0	0	0	0	0	0	0	0	0	0	0	0	0	0	0	0	0	0	0	0	0	0	0	0	0	
0	0	0	0	0	0	0	0	0	0	0	0	0	0	0	0	0	0	0	0	0	0	0	0	0	0	0	0	0	0	0	0	0	0	0	0	0	0	0	0	0	0	0	0	0	0	0	0	0	0	0	0	0	48	0	0	0	0	0	0	0	0	0	0	0	0	0	0	0	0	0	0	0	0	0	0	0	0	0	0	0	0	0	0	0	0	0	0	0	48	0	0	0	0	0	0	0	0	0	0	0	0	0	0	0	0	0	0	0	0	0	0	0	0	0	0	0	0	0	0	
0	0	0	0	48	0	0	0	0	0	0	0	0	0	0	0	0	0	0	0	0	0	0	0	0	0	0	0	0	0	0	0	0	0	0	0	0	0	0	0	0	0	0	0	0	0	0	0	0	0	0	0	0	0	0	0	0	0	0	0	0	0	0	0	0	0	0	0	0	0	0	0	0	0	0	0	0	0	0	0	0	0	0	0	0	0	0	0	0	0	0	0	0	0	0	0	0	0	0	0	0	0	0	0	0	0	0	0	0	0	0	0	0	0	0	0	0	0	0	48	
0	0	0	0	0	0	0	0	0	0	0	0	0	0	0	0	0	0	0	0	0	0	0	0	0	0	0	0	0	0	0	0	0	0	0	0	0	0	0	0	0	0	0	0	0	0	0	0	0	0	0	0	0	0	0	0	0	0	0	0	0	0	0	0	0	0	0	0	0	0	0	0	0	0	0	0	0	0	0	0	0	0	0	0	0	0	0	0	0	0	0	0	0	0	0	0	0	0	0	0	0	0	0	0	0	0	0	0	0	0	0	0	0	0	0	48	0	0	48	0	
116	46	118	17	31	39	102	44	103	60	43	11	86	38	16	16	21	118	77	11	28	29	83	53	93	115	59	40	72	58	94	4	63	99	85	10	67	79	49	20	12	20	34	26	59	97	108	98	91	60	46	103	58	107	37	7	76	74	54	69	78	119	109	56	69	62	0	43	15	69	84	5	104	0	61	9	30	93	105	62	108	73	109	39	65	55	6	43	57	71	65	69	9	52	18	108	71	3	87	100	103	18	13	17	78	118	41	26	57	107	63	2	22	118	53	48	73	77	0	8	7	53	29	110	30	50	65	89	65	90	48	5	87	81	32	31	109	92	102	99	86	97	110	64	9	45	86	26	114	20	11	46	110	12	58	96	83	65	8	31	93	33	105	7	33	96	11	69	20	12	115	14	52	41	102	47	5	53	104	5	20	76	40	61	55	12	41	59	89	73	80	78	97	49	20	18	92	32	56	36	101	84	66	33	3	18	47	78	66	117	91	0	79	93	69	76	16	21	80	24	1	42	50	15	15	90	23	63	95	98	46	77	47	30	66	62	3	115	57	63	0	79	47	37	99	47	107	117	50	7	56	117	97	44	12	96	21	12	108	44	92	12	92	94	33	48	11	115	91	46	4	41	111	18	84	27	24	2	18	87	85	58	81	27	82	47	87	114	37	24	25	106	17	95	76	113	109	116	116	114	101	25	8	19	87	22	66	106	30	61	42	10	65	6	20	2	5	28	36	101	13	68	24	34	48	84	109	36	90	64	15	74	80	22	52	31	104	50	1	66	37	58	51	30	39	67	7	66	48	49	89	57	119	9	79	90	119	57	62	8	40	110	75	18	68	108	18	108	98	72	1	50	118	80	45	59	53	81	19	11	12	95	8	30	41	47	80	59	40	95	57	62	118	84	48	92	25	10	25	86	107	60	66	87	106	77	21	18	32	28	51	8	100	67	28	105	105	10	98	16	63	91	54	21	47	110	113	72	10	92	19	4	41	23	6	89	102	119	99	7	81	6	98	48	27	45	117	62	53	43	93	40	97	76	50	41	87	62	103	80	39	116	2	15	101	87	119	47	79	47	109	9	39	85	38	118	111	59	27	15	103	114	20	93	32	65	43	97	11	60	113	76	10	57	111	47	5	12	45	3	109	99	69	81	107	17	15	25	56	95	14	14	94	93	17	7	60	44	66	7	21	70	57	118	9	4	8	28	74	13	48	19	39	5	113	13	107	26	46	57	62	24	86	113	105	85	98	47	22	116	117	50	68	102	62	4	110	83	62	6	20	76	32	17	55	3	35	110	17	97	25	22	97	61	34	98	98	75	49	35	116	33	109	26	112	2	23	23	32	23	58	21	51	88	13	36	4	71	66	52	11	108	89	80	105	80	108	39	24	61	116	4	55	19	50	118	113	20	78	96	86	56	10	9	103	9	119	57	1	18	81	25	84	17	22	46	72	32	10	85	111	92	110	76	50	77	72	115	10	45	114	54	47	10	103	102	75	10	30	100	18	51	46	75	28	85	94	102	80	64	77	88	32	88	3	85	60	47	69	82	93	37	13	5	100	75	99	90	50	82	113	46	63	94	61	31	62	100	22	95	23	93	32	37	116	96	20	32	95	25	39	115	4	12	5	101	82	85	8	29	87	113	105	30	23	102	38	48	92	54	79	46	70	43	98	4	35	77	87	74	119	107	104	106	60	76	13	7	42	78	37	116	100	56	97	70	55	98	83	93	66	78	89	73	95	107	53	58	61	62	81	63	69	96	24	18	30	18	7	39	45	52	98	37	94	45	108	36	58	84	60	40	81	12	88	35	118	54	59	18	76	31	60	74	116	8	67	12	28	8	109	95	73	109	39	94	111	33	18	105	25	79	4	115	115	9	54	33	71	13	106	88	9	109	10	91	63	100	99	117	7	74	61	74	87	87	103	92	64	57	34	84	78	69	69	117	59	27	34	21	106	17	28	87	7	23	54	94	50	40	63	76	76	40	114	56	55	14	94	81	42	34	11	23	41	95	37	40	39	35	73	78	12	111	67	8	13	117	13	22	10	17	107	41	11	42	96	65	85	103	39	36	75	95	67	8	92	14	64	31	80	72	34	113	20	112	21	64	78	22	64	56	10	104	101	82	95	33	75	80	111	64	23	48	29	51	48	71	109	5	44	5	6	94	18	116	24	43	54	0	21	94	4	60	46	54	85	96	29	11	97	27	15	27	5	65	35	100	57	15	10	21	81	50	115	63	113	114	63	4	76	113	80	91	1	68	111	16	58	46	99	101	10	45	28	88	74	25	54	73	65	94	116	49	47	95	27	11	25	114	7	6	7	49	72	95	45	68	27	51	117	68	57	15	65	115	119	89	20	66	29	42	95	59	88	84	3	36	39	8	69	64	93	2	72	24	66	103	48	45	43	8	48	39	29	62	93	52	112	87	42	114	15	118	117	62	10	115	2	15	90	108	99	63	118	33	46	76	101	10	14	103	59	0	68	61	105	101	84	99	114	55	5	84	29	104	96	105	93	8	29	90	59	90	109	72	69	59	108	22	77	66	28	22	95	60	63	106	1	12	103	110	105	94	65	93	79	93	62	102	34	103	17	29	69	75	45	88	61	112	42	24	95	118	11	40	111	86	103	52	114	61	67	25	65	48	80	79	21	68	116	12	62	60	52	74	80	0	84	21	72	21	95	76	36	94	64	11	0	53	64	60	96	88	49	99	56	43	39	97	74	26	73	119	77	82	61	69	79	1	82	1	39	97	89	34	38	102	68	99	89	71	113	10	93	5	111	14	47	59	81	1	38	75	26	89	39	115	67	50	9	68	57	88	38	17	34	106	103	80	100	98	14	7	108	109	106	22	94	92	47	5	60	22	99	99	12	72	67	4	114	29	37	112	61	83	33	13	83	66	99	119	100	23	55	112	98	78	78	32	10	15	19	48	26	93	24	76	31	96	6	58	96	93	88	70	33	7	16	103	107	66	100	46	71	19	32	36	11	66	94	0	92	97	18	7	49	118	5	101	74	18	64	45	14	66	9	23	101	93	103	106	20	116	111	77	105	87	118	0	8	11	102	1	43	118	115	105	75	88	71	33	57	26	33	99	7	31	107	86	85	78	85	61	61	16	82	10	55	76	82	84	12	43	62	7	57	29	5	61	63	89	85	53	49	19	92	62	107	45	98	34	81	52	17	47	118	36	98	70	66	13	1	109	35	68	59	0	54	30	61	84	103	72	36	110	99	14	93	4	64	22	13	90	98	109	57	53	103	40	62	18	68	35	25	87	45	20	16	8	87	24	46	2	8	36	9	82	109	92	6	78	2	71	42	82	37	97	14	19	23	74	114	107	17	44	11	117	91	11	113	106	83	5	104	30	94	95	32	59	104	48	5	117	109	95	14	57	73	50	117	45	50	9	79	98	65	49	94	9	46	23	21	72	1	22	110	30	16	93	107	80	119	89	59	21	104	11	86	50	33	78	52	5	69	37	13	6	72	99	107	101	24	13	111	50	118	88	116	2	14	15	7	69	7	115	74	59	37	70	86	118	5	116	53	68	73	116	61	2	103	117	46	104	88	17	93	42	81	3	69	89	39	30	92	38	90	16	27	69	19	46	99	46	46	105	114	30	33	45	68	94	99	105	56	99	17	105	4	99	102	8	100	114	69	108	89	106	25	118	67	96	91	3	104	61	56	28	44	81	30	1	61	54	20	7	89	17	65	22	103	61	20	4	100	63	81	55	32	55	91	31	115	114	16	68	59	103	107	38	11	70	43	48	25	28	68	77	12	29	106	66	3	22	4	16	45	68	39	48	97	104	55	68	66	65	119	63	89	19	6	57	81	107	54	101	87	69	95	52	78	12	86	24	89	100	6	81	41	46	1	18	3	115	118	32	108	10	3	68	37	90	83	1	55	106	3	30	44	114	10	90	19	74	32	85	8	90	37	53	16	89	98	24	7	28	37	9	101	72	10	94	97	110	19	29	112	36	12	17	30	93	107	95	8	88	91	116	32	66	23	1	13	114	118	58	9	99	27	45	17	11	55	72	42	67	71	47	104	106	63	6	53	35	101	55	93	50	88	113	31	95	115	87	20	69	88	62	19	28	79	112	84	47	22	88	24	117	76	116	90	22	14	34	88	49	35	72	47	10	8	67	36	38	32	60	105	98	42	57	101	24	58	82	30	107	63	109	41	108	93	1	64	105	9	84	25	11	43	80	23	46	69	29	105	44	114	9	108	13	87	40	83	70	110	43	42	79	22	94	62	61	114	35	45	25	39	29	50	1	57	42	105	5	51	15	20	94	14	117	60	76	34	37	19	0	41	88	113	60	116	116	17	67	91	54	7	0	62	23	12	6	36	103	74	98	23	110	3	52	54	110	5	67	23	11	70	30	109	28	7	86	50	108	112	31	65	24	47	91	5	1	4	97	93	87	33	110	28	73	63	89	117	34	108	78	8	89	70	27	17	49	64	4	70	56	41	62	20	107	101	47	71	79	81	44	29	65	108	58	62	31	93	59	11	0	25	93	21	114	10	2	95	81	67	113	106	68	93	96	4	71	32	24	109	38	114	110	30	15	0	39	15	68	46	25	22	55	39	7	31	11	11	41	54	20	83	47	49	50	32	80	45	46	61	35	107	100	74	4	15	38	17	36	29	110	34	14	2	32	84	91	80	113	118	103	26	99	83	38	89	62	28	39	86	54	54	104	58	12	35	109	90	30	48	97	106	55	57	117	55	105	69	34	78	43	77	98	11	7	75	78	88	73	55	94	4	5	64	52	30	6	81	95	32	14	102	57	51	102	50	104	5	32	107	11	105	49	115	42	35	1	40	19	32	115	77	111	92	43	104	75	85	62	62	39	80	47	35	112	92	24	11	35	56	114	25	86	12	15	100	25	46	4	53	112	77	84	75	30	65	26	73	17	78	1	5	29	54	22	77	75	99	97	76	15	90	72	28	84	115	75	63	66	66	15	13	94	54	66	37	84	3	88	70	39	93	42	9	106	54	43	42	98	109	29	42	97	30	50	105	109	40	61	13	110	52	60	76	33	26	68	40	82	115	40	100	84	18	15	30	79	0	108	101	85	89	16	96	56	33	109	29	53	27	81	88	92	93	95	2	20	43	115	91	23	11	68	99	84	32	48	106	33	24	103	97	80	62	83	101	76	41	14	90	85	35	53	24	7	9	14	17	70	119	113	4	79	110	115	108	68	107	18	2	13	96	6	24	100	42	112	96	22	105	106	0	24	95	11	13	84	17	23	26	14	116	61	53	95	115	58	94	9	36	8	105	108	60	94	72	106	96	99	49	57	102	32	57	37	97	35	94	39	63	11	16	19	85	0	35	67	93	60	2	81	75	10	66	46	72	5	25	83	43	73	95	76	44	111	60	24	38	57	80	108	63	111	49	38	24	15	30	30	78	74	18	88	91	27	79	95	91	57	45	46	38	96	5	52	6	44	33	76	82	3	10	25	109	90	10	78	12	88	30	20	36	42	54	107	8	39	28	42	25	0	18	13	83	39	114	25	52	2	99	78	56	27	58	54	26	93	45	57	43	118	44	46	98	110	11	69	92	44	104	8	112	119	60	69	108	108	97	80	14	68	102	32	36	30	29	80	21	21	20	43	108	38	91	8	4	10	115	46	117	102	106	57	15	70	76	23	102	81	60	58	78	76	6	21	35	43	118	9	81	13	101	33	3	38	7	97	21	44	52	63	2	75	27	29	68	57	84	61	45	115	72	92	47	42	61	17	9	98	11	5	68	47	0	63	94	95	86	29	23	59	10	41	21	49	76	29	118	63	116	113	111	52	26	113	24	9	42	84	46	71	41	76	98	80	90	53	8	91	91	37	97	108	85	77	51	61	66	105	29	59	46	116	67	118	15	114	70	1	76	53	57	68	112	31	46	58	23	111	16	88	26	33	112	28	75	92	72	1	113	94	51	73	48	49	75	101	50	102	98	93	74	57	73	43	110	7	36	66	91	85	7	14	89	48	55	77	45	28	69	7	112	110	34	93	57	75	59	55	77	88	73	104	114	17	7	12	99	32	90	40	37	15	16	115	60	5	55	34	39	113	90	53	119	19	16	19	49	12	66	61	100	49	44	79	116	113	75	67	54	63	48	60	65	80	12	14	47	31	54	98	99	34	18	65	13	108	99	86	92	27	36	105	52	107	26	111	111	10	51	80	33	93	109	113	58	111	92	8	52	6	119	32	102	28	118	110	100	95	68	23	77	58	45	17	67	73	109	109	117	94	88	38	73	16	118	69	66	16	50	91	48	97	35	67	91	116	40	77	112	59	69	22	105	95	10	1	54	114	61	63	67	111	113	23	70	13	67	33	25	96	79	60	39	4	52	97	91	73	60	14	91	35	18	54	110	105	77	52	62	57	73	98	21	46	2	32	111	43	118	119	40	18	74	60	53	5	24	75	48	100	74	18	36	100	60	109	5	98	53	96	57	75	68	20	58	31	73	5	41	52	41	86	99	36	92	45	83	107	76	119	84	30	50	18	72	57	59	38	35	67	76	20	35	47	21	57	78	38	62	96	112	39	74	15	13	22	63	34	95	48	80	114	104	72	24	28	62	117	51	39	25	28	85	86	57	85	6	62	13	88	117	117	51	62	53	11	60	1	16	80	20	111	102	84	19	110	2	108	36	10	30	102	59	108	30	44	113	19	19	116	49	39	32	10	21	35	106	14	10	46	0	3	43	79	51	34	36	91	48	36	98	105	100	22	4	16	18	42	20	41	38	50	109	12	109	50	4	54	29	23	60	53	37	40	91	103	64	25	35	29	45	48	71	27	50	106	54	79	36	44	18	4	11	0	39	48	79	19	113	83	27	14	69	7	94	16	69	70	7	62	65	113	3	6	93	44	82	112	49	34	98	93	44	92	103	85	70	94	18	74	40	105	39	116	90	84	44	54	110	73	45	34	81	113	70	51	107	21	6	107	79	58	39	103	50	47	25	82	90	59	15	35	21	53	74	26	93	30	39	55	55	30	46	6	86	93	67	75	115	119	66	71	80	100	54	116	70	23	104	72	57	89	44	100	76	11	100	16	11	81	105	74	39	74	52	11	21	29	99	74	1	45	15	119	89	95	39	111	38	52	69	9	16	10	53	78	33	80	1	106	46	40	89	28	56	94	118	89	28	58	108	6	119	50	106	57	53	55	70	66	44	69	118	56	45	58	68	28	89	5	4	14	84	12	64	110	26	1	105	31	89	119	55	17	20	99	73	2	112	112	20	74	69	25	77	61	77	41	53	64	54	119	3	32	87	92	119	3	73	82	90	80	108	90	105	62	94	119	36	49	54	18	79	39	46	66	41	74	64	38	7	6	79	114	88	20	79	27	107	5	14	53	61	104	116	116	99	93	6	66	94	102	68	52	49	5	27	46	9	114	107	30	90	57	63	62	77	90	18	35	36	59	51	26	111	107	44	95	69	61	81	82	70	64	98	57	54	73	93	79	45	29	19	15	26	18	19	28	45	33	35	18	70	96	13	52	40	47	23	44	43	104	54	30	57	2	16	37	21	27	57	111	22	109	19	3	47	13	57	84	118	78	62	80	45	86	89	73	96	101	92	83	99	70	68	75	48	86	59	7	72	115	87	19	81	95	66	5	60	50	20	104	21	108	89	77	61	19	56	84	14	80	95	54	98	44	101	10	54	68	118	52	28	74	10	76	7	114	7	8	38	16	1	29	61	33	26	10	25	113	54	15	85	102	66	37	18	30	88	7	59	89	32	28	0	28	59	54	30	69	30	74	25	119	87	76	39	81	73	30	64	102	43	48	19	32	89	14	114	79	12	2	52	19	90	78	95	19	26	58	53	65	3	112	93	83	36	32	31	71	56	110	63	38	63	3	119	91	69	42	42	86	50	5	84	46	26	17	40	2	80	84	3	48	118	24	24	22	110	11	13	81	38	104	37	29	59	30	38	88	114	113	90	65	5	44	117	106	62	24	32	81	119	86	61	37	73	39	44	60	35	118	2	39	103	2	19	41	33	60	32	23	66	47	68	80	8	110	16	55	87	68	26	18	4	62	16	50	45	119	23	25	76	18	19	45	88	76	6	9	119	56	10	58	2	11	109	45	89	96	112	49	87	107	17	60	86	68	112	81	113	94	35	15	38	71	22	67	35	117	63	9	34	32	15	82	99	76	63	5	85	63	73	43	102	98	77	34	35	108	64	55	103	56	12	95	51	119	57	42	30	24	106	53	92	112	15	28	110	23	62	116	52	106	80	106	25	8	76	24	112	10	93	77	0	36	6	36	4	0	56	0	74	1	117	57	17	89	93	35	0	71	40	7	42	37	20	18	112	96	3	81	71	70	9	46	49	74	106	6	60	2	3	31	20	72	95	0	36	100	97	81	32	62	15	118	62	63	30	86	39	111	44	84	48	38	49	118	72	99	114	46	62	6	75	67	89	36	21	24	7	109	111	7	38	53	88	100	97	59	91	91	17	41	24	74	62	11	72	117	41	76	31	88	58	68	69	111	90	91	10	49	31	38	99	60	17	53	53	87	109	26	76	90	80	25	100	18	79	39	75	84	88	98	54	37	2	22	65	43	33	32	87	99	14	75	98	49	68	61	57	26	2	9	9	56	67	92	30	68	21	19	20	50	21	76	11	78	5	102	77	102	46	92	18	51	13	88	21	89	97	86	67	66	53	100	26	115	112	111	45	69	3	90	6	101	94	104	110	102	30	62	102	56	31	114	29	118	76	53	119	23	16	105	114	2	115	83	8	96	107	40	67	38	4	115	72	11	27	117	101	103	98	17	68	58	107	44	114	67	115	89	91	97	48	32	105	116	108	77	114	79	83	44	109	93	38	102	19	55	95	30	15	26	102	17	4	115	44	93	45	96	82	94	101	100	86	62	48	83	57	23	25	111	111	31	85	10	26	8	19	51	16	88	73	117	68	74	54	114	44	107	71	36	48	116	107	42	111	70	82	58	77	46	19	34	59	24	70	85	105	1	81	54	42	49	22	107	19	39	94	112	69	24	117	46	81	98	62	38	65	57	91	79	24	75	54	91	43	73	50	94	38	0	40	31	92	64	106	56	87	113	12	104	7	7	2	24	27	60	77	94	12	68	2	57	50	55	108	24	107	112	85	46	46	72	62	31	62	2	32	42	102	102	104	115	19	50	65	27	53	94	56	95	24	35	25	85	13	63	37	3	55	83	115	71	38	77	41	25	22	18	30	43	117	110	97	6	71	119	95	91	106	104	112	73	20	95	40	118	43	7	6	70	5	99	49	81	63	17	86	116	88	33	74	50	113	116	23	41	81	66	72	55	65	55	87	36	89	104	64	7	41	111	118	8	62	15	56	66	28	33	68	65	118	74	68	55	97	68	33	27	5	91	96	48	1	10	77	37	83	16	57	106	89	98	13	73	112	97	5	82	115	47	113	89	73	6	74	103	6	30	0	97	50	7	35	90	8	88	8	42	101	111	63	32	69	77	66	116	59	5	5	77	77	41	22	103	43	27	94	16	75	11	32	102	63	108	34	22	65	109	67	26	84	55	42	102	23	9	24	78	43	83	63	18	47	110	44	85	42	30	99	53	55	22	75	71	67	108	18	88	3	68	71	116	92	57	98	80	76	24	102	10	30	112	38	49	88	37	33	60	81	113	63	34	20	73	116	15	42	46	86	100	2	5	38	55	32	46	77	14	33	79	20	12	84	70	30	22	10	106	2	58	23	3	18	90	34	80	26	78	109	84	31	62	19	0	3	24	95	112	65	7	67	70	32	49	16	15	118	48	38	117	61	30	109	31	115	19	58	55	1	91	88	34	19	92	7	116	114	117	4	15	89	7	52	81	75	29	13	19	71	58	49	53	48	75	17	88	20	11	100	75	67	54	111	99	110	104	104	82	31	98	86	23	47	10	26	7	76	64	87	88	97	95	98	72	97	87	20	49	26	88	41	1	112	18	69	73	66	11	14	2	97	54	32	36	44	23	55	114	51	17	48	6	9	0	11	13	90	83	33	91	3	95	101	26	1	4	18	88	115	48	2	26	87	23	31	118	68	90	6	106	60	25	68	22	76	34	45	55	103	47	106	13	6	114	107	114	113	37	106	23	54	13	66	3	82	2	19	33	15	19	108	58	101	99	1	65	11	37	12	100	1	13	114	54	119	42	91	6	30	53	36	35	46	107	111	30	49	78	105	113	119	88	99	12	69	69	15	96	19	57	29	111	55	45	50	76	32	75	112	8	29	6	93	30	80	77	7	98	60	52	63	34	63	28	76	20	114	78	44	116	71	81	11	17	4	18	58	7	80	18	86	106	10	9	10	26	115	84	27	0	108	75	61	57	35	82	23	112	48	54	51	13	29	4	55	16	19	29	45	106	30	15	91	103	112	43	99	28	0	69	39	74	47	15	92	28	40	44	49	29	92	94	2	5	33	71	40	72	52	30	78	115	34	54	72	64	2	71	113	34	66	92	19	0	87	110	7	67	74	113	59	27	24	37	32	95	50	0	36	94	51	36	22	26	70	91	102	105	62	22	2	119	119	6	74	42	104	16	41	47	41	23	55	47	78	94	98	28	43	101	36	40	116	41	88	56	68	82	47	84	73	96	45	35	87	26	101	40	43	81	70	6	60	24	84	79	111	93	70	5	18	27	105	58	102	83	82	76	71	109	112	78	111	95	62	45	0	11	50	117	115	30	41	63	25	88	48	46	108	63	75	42	4	40	58	36	32	116	3	119	34	35	39	62	31	119	41	104	40	73	76	49	92	85	8	74	74	9	67	68	84	31	26	117	40	13	89	101	37	77	14	17	108	18	103	6	111	0	85	26	19	118	68	40	22	59	76	26	91	49	59	66	9	84	118	9	60	114	81	32	53	93	85	27	10	16	68	80	81	2	12	85	7	30	29	14	39	113	110	29	9	14	118	36	58	88	104	113	66	82	75	32	3	76	45	110	73	106	20	61	107	80	40	17	43	98	69	45	31	9	71	5	25	26	46	20	41	62	8	100	73	101	89	4	89	71	10	10	2	84	2	103	4	114	18	85	84	20	4	58	18	90	85	13	41	10	76	117	91	22	93	37	114	9	0	40	77	50	48	66	117	94	18	13	30	9	115	117	30	48	119	101	89	32	85	42	111	27	60	10	80	41	87	109	72	80	45	36	46	54	59	47	77	51	74	59	68	83	70	46	100	43	17	38	9	7	60	58	112	28	108	18	24	41	102	35	62	116	62	66	23	107	20	102	108	59	75	85	102	18	95	110	10	12	119	69	78	5	71	5	106	41	1	69	68	66	7	27	7	76	41	88	91	12	17	32	58	53	6	83	1	62	64	2	50	57	67	98	5	8	45	70	42	39	101	39	26	2	13	110	118	26	103	116	66	114	42	104	115	86	30	42	105	5	72	78	73	5	57	50	15	48	72	117	77	34	27	90	77	95	17	19	113	41	94	99	96	103	93	105	15	33	3	104	20	49	64	11	46	46	19	89	59	60	27	107	30	32	54	11	25	102	55	102	46	107	45	7	60	104	63	109	42	21	76	17	8	88	1	95	21	15	40	102	0	67	9	74	29	12	80	5	79	109	69	9	73	1	115	45	70	117	2	44	86	76	116	41	102	29	88	64	16	33	73	44	117	70	30	11	25	63	5	119	68	12	17	95	88	36	31	29	86	62	114	71	119	80	54	83	60	46	62	72	17	67	96	114	13	28	73	57	55	104	55	10	85	85	58	91	52	2	42	80	24	46	65	69	23	9	63	2	109	37	65	16	62	87	102	38	16	7	10	106	116	89	116	106	33	40	52	47	29	81	104	75	59	24	11	37	68	42	55	106	39	12	11	102	9	54	93	101	101	42	53	41	85	27	37	66	67	104	102	43	59	83	100	92	45	118	65	110	12	47	115	64	7	11	32	84	23	21	24	111	6	99	93	70	28	50	98	107	61	92	47	27	99	86	3	116	11	64	30	101	89	13	75	42	22	112	30	100	79	88	56	67	92	34	26	93	28	8	92	16	96	77	50	1	23	51	8	68	87	48	25	90	57	102	90	55	72	90	20	83	25	47	80	71	76	60	116	98	4	106	40	92	32	43	16	67	72	25	95	76	50	85	24	73	34	107	16	56	51	36	103	70	75	54	45	100	22	83	10	119	5	13	109	64	68	91	40	3	34	100	36	4	13	86	70	116	53	35	66	48	116	119	77	104	31	47	41	80	50	116	104	118	32	64	32	73	20	44	51	20	73	92	12	116	118	39	23	23	73	59	118	16	109	13	12	69	82	63	54	39	108	25	116	11	51	15	18	46	102	96	59	102	97	80	56	5	43	47	85	75	30	14	51	93	70	79	68	35	24	45	48	101	30	112	72	38	57	67	101	62	24	35	38	14	107	24	106	54	16	58	58	95	77	109	0	7	84	30	109	88	49	30	49	72	72	115	113	107	71	101	50	119	31	82	29	100	21	54	50	24	97	45	43	69	96	13	3	62	64	66	36	81	75	45	5	81	10	56	68	2	66	67	105	99	7	47	89	95	29	113	89	99	93	65	90	62	13	20	71	78	74	74	59	26	59	59	15	56	64	19	46	50	110	69	44	83	19	63	30	96	96	77	34	29	13	72	43	19	100	24	81	112	7	56	103	98	42	118	47	90	52	14	16	58	49	119	79	34	67	38	72	18	82	43	39	35	25	86	119	73	29	55	15	82	53	6	15	20	18	3	103	109	58	49	85	56	64	98	32	19	49	16	63	75	105	85	1	109	46	98	54	22	45	93	82	116	80	49	46	40	14	34	62	103	0	48	67	48	80	79	17	95	10	103	30	7	38	29	8	103	19	86	46	105	65	26	33	104	31	73	37	95	52	24	80	107	47	34	3	58	38	14	41	9	109	79	118	108	0	13	54	58	44	36	43	63	98	96	62	98	11	45	2	21	75	10	108	3	78	11	21	56	13	57	55	56	68	66	105	4	78	39	54	20	70	72	8	5	80	9	13	13	20	11	7	67	74	98	83	101	97	13	102	0	47	59	108	112	39	82	92	39	18	62	100	82	49	35	117	15	107	36	90	68	47	95	37	97	62	102	46	56	28	63	85	90	30	90	43	11	56	58	74	28	50	63	93	9	105	78	108	49	48	90	62	100	88	96	89	8	101	20	111	6	17	71	63	64	84	74	16	99	57	74	64	2	57	41	29	87	75	81	110	43	82	2	47	111	67	32	65	91	69	67	87	90	72	95	75	105	50	84	18	24	66	1	24	54	23	38	93	13	33	103	112	26	1	78	17	29	99	26	88	116	17	89	5	81	118	16	97	102	53	81	7	100	62	17	66	87	81	86	19	79	45	52	112	16	110	72	101	93	114	76	54	88	104	17	13	41	34	46	55	5	95	6	58	20	87	80	30	96	91	67	83	12	14	73	84	13	67	92	11	73	99	81	45	94	46	51	78	53	20	79	2	106	18	54	56	11	29	10	14	91	109	32	12	0	36	66	37	95	31	78	7	86	55	13	26	76	114	60	25	76	58	119	66	102	115	67	64	58	34	15	96	99	54	108	114	90	80	91	62	98	97	107	54	49	4	11	7	35	43	31	46	52	31	57	58	43	13	84	47	107	2	67	69	108	18	35	90	25	119	3	112	31	6	80	54	36	46	60	76	15	103	72	3	61	85	83	34	27	26	22	31	75	34	35	30	99	34	37	106	74	6	29	25	13	83	34	84	28	37	51	10	57	10	12	18	117	74	103	15	114	95	30	45	53	47	85	66	119	0	50	19	38	12	99	22	21	86	76	111	23	51	87	87	31	75	12	65	41	65	15	89	60	17	72	55	106	77	32	114	49	113	99	16	39	83	12	3	115	81	43	114	92	12	32	107	12	64	4	5	35	59	89	14	57	14	22	70	54	50	82	56	69	105	5	109	91	0	55	59	3	64	115	58	55	46	41	111	6	14	8	47	46	102	82	58	119	47	85	25	44	63	4	28	2	81	18	32	16	2	61	118	9	92	10	104	1	115	81	104	70	99	69	86	41	30	25	34	112	71	36	22	56	12	114	49	93	2	8	118	64	49	78	85	61	88	2	1	3	93	1	79	119	37	29	5	114	42	14	40	44	81	7	98	32	94	115	82	5	100	52	1	53	48	26	26	64	69	54	20	79	118	6	25	116	46	105	111	19	59	36	1	63	75	77	25	1	30	27	101	24	62	117	42	40	57	19	39	29	12	62	98	1	90	105	30	79	46	24	109	64	45	101	3	29	114	64	28	91	105	64	64	5	117	19	19	23	65	18	8	85	13	109	51	2	29	101	117	94	75	23	94	118	41	109	118	92	2	103	99	118	37	23	15	42	76	102	58	34	22	45	102	111	86	117	67	9	20	64	88	98	6	54	36	35	24	8	23	24	58	29	38	95	82	111	28	5	100	114	111	63	108	58	15	118	31	9	41	22	103	103	87	45	92	69	87	33	98	18	40	111	12	59	42	88	5	107	61	59	29	36	21	33	62	58	100	114	25	84	21	93	96	30	65	80	117	30	48	103	
54	23	28	62	27	61	115	119	0	96	89	43	113	45	89	103	51	8	88	81	100	23	101	108	16	118	11	86	68	51	0	29	5	58	17	36	9	33	115	89	22	45	114	62	94	0	65	94	73	39	72	119	59	28	34	66	74	88	21	0	49	98	21	2	103	110	105	81	63	90	59	61	106	89	4	89	15	108	76	21	65	115	29	74	63	80	16	88	92	99	118	50	49	29	95	71	101	24	21	98	43	36	48	98	107	91	83	18	38	37	13	9	61	84	87	73	41	48	116	91	20	115	51	89	62	21	46	106	80	7	45	112	35	11	98	20	112	34	118	31	9	27	2	98	14	50	14	38	72	29	92	4	40	8	77	53	64	57	1	33	119	44	75	67	0	119	105	107	83	21	23	49	2	55	76	104	4	5	82	15	108	16	98	105	114	2	92	101	7	3	106	14	52	117	5	3	11	104	86	54	75	46	29	113	87	103	12	75	111	44	59	62	109	111	20	91	80	81	112	43	75	98	16	95	78	99	93	80	26	78	47	31	64	91	55	37	106	44	56	43	47	49	89	98	34	76	116	2	20	5	26	54	4	69	107	86	36	86	113	114	118	25	13	77	2	30	111	110	17	110	105	72	5	115	52	50	77	5	57	15	4	102	104	46	98	38	35	33	112	79	91	26	15	49	8	0	89	85	100	5	14	45	64	74	71	114	108	88	77	4	74	40	113	12	115	75	77	108	56	106	33	52	41	110	22	22	40	87	29	114	22	32	55	66	67	113	78	38	9	11	114	63	89	22	68	79	83	69	21	31	74	111	118	6	92	39	97	48	5	28	38	4	28	97	94	51	11	101	106	102	35	114	19	56	108	1	51	47	17	68	2	14	96	98	73	38	29	117	89	111	47	110	52	82	16	14	97	105	24	95	11	8	21	1	110	10	92	52	102	105	83	15	9	33	23	38	43	112	100	30	74	67	25	92	34	6	42	86	49	30	43	7	90	98	35	110	109	69	61	78	52	21	47	30	118	102	6	2	72	110	111	24	29	50	15	67	108	102	67	25	74	72	15	104	83	100	82	100	84	97	23	42	91	98	4	63	68	60	111	80	61	93	3	114	97	18	38	43	88	71	60	86	68	18	20	2	100	48	106	51	61	13	66	46	99	15	19	96	107	67	32	6	19	101	87	54	47	3	53	99	100	82	87	20	32	30	114	45	47	101	67	83	47	91	15	67	99	38	42	106	3	35	82	14	98	54	85	58	5	61	6	101	49	53	91	43	100	26	17	89	42	58	29	52	41	10	52	81	85	102	26	70	4	4	94	62	42	112	59	96	100	96	88	40	56	9	40	11	42	40	33	118	95	81	56	46	69	57	10	73	80	7	36	98	6	14	10	32	115	83	75	47	108	37	2	116	7	7	102	28	104	118	114	108	101	88	108	1	90	51	33	118	43	51	90	9	113	107	104	15	109	64	112	6	76	0	23	77	5	62	55	62	92	43	14	96	109	29	102	8	119	97	73	110	2	76	34	96	68	49	92	42	6	118	100	104	3	7	86	57	107	12	41	68	88	65	81	69	10	106	51	103	19	63	96	62	81	64	53	100	71	37	86	58	83	10	63	53	20	51	115	11	44	73	28	93	25	108	32	109	52	32	6	4	80	81	62	94	31	107	112	71	80	83	111	46	103	63	54	107	34	102	17	108	31	19	46	60	53	82	57	103	38	54	80	102	8	62	113	27	32	31	77	34	88	18	71	39	69	15	49	76	1	17	41	63	68	62	0	9	46	35	7	1	80	65	107	75	94	91	90	67	64	119	103	73	33	1	42	82	38	14	49	107	38	1	19	113	55	55	24	1	117	95	86	30	16	112	118	114	13	25	50	78	64	107	76	100	67	30	39	6	18	38	23	40	109	37	18	34	83	75	41	9	106	112	78	109	66	38	14	27	51	106	105	59	49	109	56	6	73	100	18	84	96	92	119	23	14	83	16	114	33	0	19	92	119	26	31	88	74	93	115	107	15	23	110	81	103	56	28	45	53	9	103	111	14	14	72	96	110	30	84	106	117	77	21	0	39	99	30	66	39	17	100	76	51	60	75	110	30	0	110	112	115	30	52	56	67	46	0	61	74	89	28	87	93	117	45	5	79	21	100	82	47	92	23	113	27	118	7	62	31	14	2	69	26	61	79	46	68	87	58	49	22	57	3	107	85	72	7	88	106	43	19	117	4	53	33	90	46	34	79	28	88	30	81	82	5	20	94	76	71	21	49	88	68	54	56	33	12	47	83	78	31	33	50	6	26	91	57	2	75	95	0	89	50	114	110	9	8	82	27	4	39	7	74	59	65	10	103	22	60	46	7	41	55	99	84	61	95	117	98	56	80	5	106	65	101	68	88	48	53	16	80	38	6	31	83	91	21	16	34	112	22	63	34	49	99	11	11	48	74	37	17	16	100	69	18	64	67	116	21	113	106	43	26	32	75	43	74	30	69	89	39	89	35	9	83	41	109	13	17	101	50	69	119	77	94	96	25	16	86	66	92	68	84	86	4	69	19	110	8	93	75	36	61	55	58	79	53	113	83	83	10	25	60	70	56	109	103	1	42	115	38	114	39	76	55	30	92	50	116	51	108	89	54	109	102	29	25	87	28	11	107	56	50	44	56	40	92	15	12	30	1	71	63	89	43	66	64	14	74	13	83	34	36	12	93	104	10	110	4	80	39	28	86	118	64	39	2	48	97	101	2	31	98	51	93	39	50	73	8	22	6	104	63	115	31	19	49	95	103	109	24	16	110	53	87	83	30	8	25	92	74	50	15	11	101	22	28	85	74	99	22	20	10	99	101	0	67	65	74	104	50	98	96	8	84	42	88	69	49	111	90	103	26	67	1	103	95	76	9	85	44	35	81	113	118	40	80	117	2	83	2	83	62	110	94	94	63	116	37	22	9	112	29	26	17	4	107	56	38	44	108	14	115	29	106	18	41	70	93	101	8	7	105	53	74	116	109	40	66	45	2	62	4	77	64	48	17	63	101	8	22	38	83	104	83	20	47	84	59	82	6	104	36	106	35	85	67	93	83	16	77	115	53	62	119	115	62	99	5	57	50	37	118	66	79	25	22	68	33	19	10	83	62	1	4	48	97	66	28	24	80	60	91	82	6	92	14	116	37	34	39	13	85	34	119	47	9	58	51	24	54	106	85	116	4	66	106	85	65	116	64	94	60	112	18	77	39	18	9	110	19	56	45	24	17	116	23	61	66	24	1	54	95	12	44	115	97	41	48	95	113	33	78	72	112	19	48	98	79	50	86	12	55	38	73	24	105	80	11	31	53	57	89	111	78	43	78	44	78	18	52	109	20	61	15	13	0	26	41	30	50	61	63	96	27	61	117	92	96	93	46	32	1	41	46	95	90	2	108	114	57	79	80	88	41	83	4	64	104	94	48	27	105	24	81	24	61	108	103	56	47	66	62	5	111	80	2	111	10	19	89	13	80	87	30	108	43	84	56	45	4	40	6	71	70	58	60	33	56	51	13	118	104	49	41	91	64	16	57	16	74	23	4	47	8	96	24	102	52	26	53	87	0	85	97	42	63	90	37	89	110	58	86	103	43	78	35	66	29	107	69	3	99	76	107	12	89	116	18	24	34	35	42	114	110	90	47	26	75	41	49	94	20	46	71	55	16	98	84	61	100	102	67	3	92	18	86	51	116	25	56	93	62	110	37	15	30	65	37	44	51	16	21	18	91	63	105	79	27	81	37	42	108	84	7	28	74	108	9	39	84	116	91	34	20	62	87	30	39	38	51	51	36	78	85	1	56	26	16	35	71	77	2	48	43	119	24	1	39	47	104	116	96	3	12	39	14	88	11	83	51	113	70	30	69	83	90	117	27	15	106	1	32	119	10	44	115	12	69	64	45	7	101	10	31	43	41	48	86	41	64	53	86	100	60	80	101	1	6	100	64	95	64	65	115	94	99	9	119	44	109	63	94	37	71	37	96	106	24	35	0	52	54	71	61	117	4	57	76	24	91	111	39	117	51	32	87	12	26	111	114	78	93	78	103	17	104	72	66	78	99	30	112	11	21	46	71	67	75	12	27	24	115	87	30	2	57	41	73	78	7	34	115	78	36	87	105	98	73	5	36	27	15	116	20	58	87	109	115	88	79	20	110	43	107	25	46	69	59	54	56	4	72	115	28	30	85	6	37	115	50	9	2	119	33	56	95	50	0	46	23	116	30	106	85	61	92	72	103	86	55	85	99	117	107	44	66	89	113	43	55	114	113	31	114	13	83	3	85	77	29	24	108	39	22	98	99	33	33	101	40	56	77	16	111	49	85	7	72	55	88	73	51	72	25	78	61	8	8	118	23	61	4	4	53	91	1	24	46	19	79	54	38	62	12	32	115	60	46	107	83	8	72	1	82	115	50	72	45	8	47	63	93	88	16	84	102	6	64	119	82	5	51	51	8	62	2	41	20	34	54	75	29	98	57	33	5	78	18	116	116	33	43	110	110	65	78	98	56	33	94	112	43	29	67	102	3	83	48	78	95	47	112	31	17	14	12	106	68	93	63	67	98	106	52	86	20	117	77	102	118	2	43	39	52	74	64	118	21	96	30	10	53	61	14	110	59	99	81	45	110	113	41	43	36	118	47	89	80	114	8	113	33	83	117	68	119	95	81	9	67	54	118	91	40	63	67	8	78	92	23	11	76	100	70	18	18	104	64	41	53	6	65	15	56	103	26	30	76	82	12	3	21	68	80	119	9	98	99	112	104	37	79	26	84	39	119	86	77	70	92	42	117	93	52	4	67	27	63	18	2	110	94	68	4	17	108	44	53	83	92	67	83	11	58	45	39	31	98	28	44	0	66	52	104	113	78	92	31	91	76	98	81	15	114	73	66	44	110	48	40	68	112	34	48	42	105	103	58	83	45	2	10	67	100	47	24	35	37	93	47	93	30	83	114	15	40	31	72	68	6	63	4	115	75	118	54	81	81	100	65	18	61	87	6	70	53	112	11	42	90	85	72	22	19	61	84	82	52	19	64	75	40	1	11	119	56	102	10	115	32	23	14	96	95	56	55	118	60	96	105	62	10	92	50	44	26	9	60	25	62	83	65	53	111	91	0	79	24	19	64	29	48	43	102	57	34	116	1	0	66	114	60	43	6	60	94	105	39	19	19	83	106	85	59	89	29	42	62	78	8	78	61	38	2	16	75	35	0	14	93	33	106	52	113	84	65	111	50	105	51	88	85	61	18	47	83	56	81	53	18	88	54	39	84	21	1	114	39	105	74	66	89	39	48	65	113	45	45	93	50	67	74	37	78	88	98	76	18	9	106	85	103	79	82	62	17	106	77	96	58	96	25	119	47	99	85	47	62	76	101	9	17	34	49	72	5	39	64	63	8	34	70	18	2	81	59	42	69	22	113	41	77	100	63	3	95	97	112	30	116	43	96	101	72	102	69	104	73	93	33	81	110	88	0	15	109	110	17	41	112	53	73	56	41	24	80	103	58	79	68	52	89	112	60	4	89	51	17	64	23	72	105	52	109	67	33	100	104	103	29	89	71	97	63	112	111	112	96	27	93	49	75	89	73	26	27	75	11	31	39	38	70	74	28	111	99	39	110	81	92	62	78	14	85	88	8	15	14	9	35	44	25	89	67	86	64	67	37	71	0	78	51	24	36	56	64	68	88	92	62	12	10	35	30	88	88	7	102	88	1	54	103	39	70	108	96	91	106	90	70	74	56	57	56	114	89	39	113	27	76	76	67	59	112	72	92	32	9	31	15	110	110	56	60	110	57	16	37	39	58	32	118	82	0	66	3	40	2	68	41	78	80	2	42	43	104	68	106	64	54	65	105	95	12	101	22	51	93	57	75	37	59	4	96	67	92	35	11	18	117	103	26	63	114	24	94	59	97	88	84	99	82	59	4	63	114	76	74	16	27	13	60	32	25	101	1	25	112	12	44	89	104	44	57	111	68	92	31	101	22	69	45	22	32	13	54	102	69	108	4	105	110	119	71	117	98	6	27	68	0	25	109	75	17	73	82	42	110	8	68	6	25	112	75	15	94	100	116	2	57	101	79	42	62	59	3	50	98	68	39	98	15	39	116	12	107	112	11	29	25	106	1	67	18	31	58	119	35	64	29	26	9	13	52	67	54	81	11	47	118	87	14	100	117	73	92	104	95	67	96	82	25	64	27	21	104	102	97	62	38	100	73	84	53	113	106	68	34	44	103	77	102	62	47	102	76	29	114	113	2	54	52	84	111	54	106	20	7	35	42	64	71	40	81	24	73	89	33	37	116	6	76	45	60	110	106	72	25	40	50	77	46	110	16	48	17	12	18	27	52	17	43	94	13	110	86	67	103	51	50	19	36	95	46	36	97	6	42	83	108	115	36	76	13	7	11	110	112	98	116	72	109	49	78	82	48	117	73	82	63	60	108	31	54	96	47	103	117	27	93	20	40	87	4	11	81	18	110	16	3	0	92	107	114	15	1	35	12	105	57	90	98	73	26	83	82	30	87	74	114	10	50	16	88	27	63	15	82	77	3	98	8	103	44	11	7	107	61	45	29	46	46	48	41	28	68	55	17	103	45	62	17	96	41	0	101	6	36	41	35	44	2	118	16	45	56	6	86	98	66	119	84	15	19	113	39	22	112	53	92	31	2	16	94	62	59	80	114	41	24	54	95	30	3	14	7	92	44	40	34	112	98	91	61	86	76	58	14	64	77	70	73	28	34	60	29	4	81	14	10	99	0	53	65	55	39	115	40	9	24	116	58	92	25	114	16	52	29	61	85	114	80	71	82	15	60	95	26	36	35	18	91	53	23	79	10	44	88	91	63	12	50	2	109	4	105	5	75	79	24	35	103	92	71	66	99	9	1	16	57	59	17	36	43	115	35	114	63	23	30	1	33	109	75	101	18	9	101	27	93	24	19	13	49	13	105	85	91	13	103	40	102	0	119	42	24	24	83	102	60	43	45	114	20	115	81	85	94	113	11	87	29	86	81	74	45	105	95	59	90	116	13	102	105	117	30	65	104	37	114	20	17	14	97	97	53	101	23	93	31	35	94	75	19	91	78	106	15	5	66	87	33	81	20	98	56	6	74	102	0	89	105	49	24	100	65	81	115	92	26	117	45	15	97	99	38	42	26	94	19	25	61	33	45	0	42	118	42	113	88	57	104	108	16	59	84	57	58	26	114	25	118	103	5	41	106	118	43	45	85	78	27	44	119	24	44	72	37	3	32	26	82	68	36	103	72	75	64	63	77	96	56	39	26	90	45	14	16	21	0	37	42	75	56	115	0	49	53	38	57	42	105	16	72	84	22	41	0	21	51	5	108	96	63	94	43	26	64	58	68	89	101	77	54	40	105	49	76	105	110	69	93	40	112	78	93	55	56	96	2	92	103	38	32	116	22	42	98	60	119	37	37	73	84	83	83	117	118	4	52	119	24	40	61	60	35	90	4	83	20	102	115	37	72	23	3	22	96	91	66	2	66	21	85	18	115	68	89	105	26	42	55	99	39	7	45	61	21	11	60	57	60	4	94	62	13	22	91	61	90	85	69	37	78	2	117	71	103	54	70	26	46	46	27	68	64	5	113	34	71	34	60	44	21	38	51	87	36	114	66	116	0	55	116	112	101	45	13	39	116	80	81	16	107	99	17	34	36	64	50	101	62	11	36	9	13	1	28	89	18	92	82	38	94	68	88	90	46	64	39	67	103	111	108	62	108	12	71	55	31	21	33	67	106	99	14	0	98	59	52	41	26	51	35	95	118	77	37	0	68	86	32	107	18	75	106	6	60	108	11	107	86	13	25	69	45	107	82	27	112	53	113	1	98	94	6	2	73	118	85	118	66	19	33	106	73	19	118	53	57	32	23	116	85	88	91	76	41	84	0	4	61	71	115	90	117	59	90	79	47	101	71	57	85	112	58	0	97	90	6	96	112	4	105	73	23	77	32	0	76	70	8	86	54	44	111	77	36	52	89	39	111	22	104	52	13	6	77	16	31	30	81	79	69	81	44	109	91	39	27	109	1	95	27	89	110	47	43	117	72	60	67	7	71	54	29	72	104	63	54	89	94	41	28	85	96	31	39	38	8	33	61	43	96	24	94	110	97	1	13	62	115	3	42	85	17	96	94	11	50	26	34	74	103	23	64	12	28	39	114	17	14	97	58	27	49	28	84	36	90	15	101	25	57	71	27	33	62	49	87	57	74	16	56	65	81	41	100	51	72	62	116	94	107	103	114	41	20	35	82	14	26	76	98	81	22	28	79	113	76	55	7	1	77	44	75	80	52	102	94	59	21	75	98	96	90	63	55	118	9	26	73	61	35	38	24	64	117	70	39	119	31	26	75	25	115	97	72	106	114	33	25	96	68	6	60	22	113	84	36	14	13	47	116	66	45	28	98	40	49	10	13	28	10	1	107	93	40	105	72	100	78	92	114	61	51	84	57	20	73	118	49	28	92	84	26	100	118	15	47	50	38	1	37	61	37	19	40	56	67	7	104	3	87	52	68	81	80	86	48	46	56	95	55	3	90	73	57	66	56	101	103	115	90	75	74	63	94	75	2	38	14	71	21	63	30	119	84	96	6	34	21	41	31	2	32	46	14	39	47	96	46	6	108	118	28	115	115	52	113	73	101	26	30	119	92	103	113	118	6	105	57	24	12	40	91	22	37	68	85	32	106	54	76	23	13	65	44	39	76	16	85	0	37	17	29	53	48	62	18	86	48	106	55	104	13	95	99	49	41	60	117	31	8	44	59	30	87	58	96	101	82	87	30	50	21	77	50	19	50	42	77	61	27	24	1	26	45	108	73	42	55	54	89	60	16	74	56	68	24	18	98	35	73	72	54	18	16	116	64	47	18	6	115	34	50	56	82	20	20	38	106	99	23	53	20	22	90	82	58	115	37	28	29	22	71	23	1	53	114	61	27	29	79	56	5	67	67	43	16	56	4	102	15	92	90	7	34	58	2	40	64	118	96	101	98	68	55	102	90	34	26	119	1	107	55	88	50	31	32	39	99	86	62	16	7	99	44	74	62	8	26	105	73	82	17	93	79	118	27	34	67	49	105	118	110	67	71	92	51	13	51	48	58	91	105	29	29	15	27	16	119	116	44	111	40	91	119	44	46	72	115	69	93	65	118	61	102	52	73	70	118	80	9	83	41	109	81	105	108	60	99	14	18	78	63	30	43	74	69	98	72	3	61	45	110	21	78	40	117	90	110	30	9	52	46	91	72	89	43	7	104	11	14	41	117	114	92	85	118	2	90	105	13	77	34	8	71	62	58	66	76	16	22	111	114	40	50	27	32	47	8	117	30	26	23	96	102	49	71	73	62	31	86	73	83	28	111	61	99	16	5	30	15	12	92	64	31	50	16	36	12	100	68	81	12	93	110	9	77	38	47	3	6	88	82	100	54	115	37	6	47	80	40	13	103	82	112	51	62	29	1	95	10	74	87	109	45	6	67	22	101	37	117	12	69	87	106	37	66	116	6	116	26	36	48	76	76	117	1	71	85	28	33	98	44	30	37	68	34	65	19	29	7	7	51	37	26	43	57	4	5	69	58	98	44	65	88	6	63	99	36	64	69	105	82	65	118	48	38	67	21	27	78	33	5	78	61	6	53	3	1	77	46	29	30	95	78	111	30	10	67	14	43	54	75	91	96	71	19	4	85	21	62	94	12	5	68	114	36	109	9	116	68	57	47	117	77	106	56	2	117	117	91	118	19	75	102	69	32	97	16	56	58	75	28	96	70	22	33	60	38	39	33	57	65	39	97	84	108	64	22	43	77	71	55	48	37	53	77	10	103	48	57	102	60	33	79	105	59	98	34	7	21	76	110	75	117	96	62	103	54	97	30	55	76	118	99	100	66	88	2	41	6	89	20	97	43	28	29	65	103	104	9	85	112	72	9	88	18	104	95	15	110	83	51	93	79	92	75	65	13	96	118	8	77	71	82	32	97	5	42	8	91	33	45	3	101	13	34	6	81	78	37	9	54	102	96	25	25	20	70	90	103	29	70	46	90	93	94	47	66	69	69	16	16	24	78	34	66	45	76	70	99	83	32	57	97	56	111	33	16	118	46	58	50	71	112	16	0	52	34	117	69	63	17	49	110	32	72	11	34	103	27	84	6	40	64	31	33	99	5	72	0	58	39	9	79	11	118	4	46	98	95	83	99	30	26	73	99	14	79	112	114	29	93	55	13	6	116	79	80	42	100	83	47	3	52	39	90	63	47	89	41	62	101	21	49	106	36	96	32	91	118	67	3	32	36	80	95	11	39	31	69	56	10	118	70	46	59	9	56	75	42	43	85	45	117	29	80	78	61	86	100	96	15	46	5	37	1	85	32	72	58	33	114	115	46	70	64	110	64	111	68	33	0	28	92	100	82	60	50	41	64	28	84	117	65	36	51	5	56	22	9	29	61	81	62	49	10	112	102	111	35	11	58	56	26	100	7	83	83	0	41	114	2	97	90	25	41	65	53	34	30	49	12	6	23	6	61	107	108	35	23	81	29	95	56	1	87	2	84	1	74	50	74	43	106	53	0	20	23	118	33	67	2	56	83	100	17	33	30	61	87	46	92	81	33	58	106	51	56	109	1	63	35	119	12	78	42	107	34	54	88	45	39	119	116	106	7	38	45	86	26	33	87	72	101	66	66	3	34	0	93	88	117	14	65	2	119	111	69	66	17	44	99	13	14	43	79	46	24	19	117	21	27	85	44	23	62	1	107	68	86	32	9	14	9	50	11	61	82	87	39	71	107	55	68	75	15	2	103	6	106	95	114	56	58	111	106	76	83	103	68	24	86	40	79	70	9	80	70	37	17	66	13	82	43	75	53	90	33	30	117	88	72	73	18	82	111	3	101	14	44	46	76	77	49	7	74	12	81	116	32	51	68	71	7	18	46	111	48	64	62	32	11	81	111	46	3	99	12	116	78	112	17	23	109	91	22	38	86	58	5	53	22	117	91	83	21	114	89	42	0	15	49	90	36	82	28	2	83	62	18	65	106	23	105	22	103	21	38	64	13	72	104	80	71	26	109	18	1	110	6	7	94	26	23	20	45	83	27	0	82	108	65	73	50	67	48	29	29	111	110	96	10	98	21	82	6	95	43	15	113	97	88	6	48	34	9	30	42	43	8	91	31	25	85	82	86	76	114	24	63	81	47	114	73	77	30	88	13	44	104	44	21	112	112	94	82	56	95	98	15	27	1	57	107	65	44	95	119	16	43	78	85	77	114	98	21	73	109	107	107	71	60	61	99	72	83	35	103	105	51	110	118	22	106	60	50	40	111	37	40	59	74	47	108	5	45	89	116	86	79	15	106	8	9	48	78	17	41	68	23	10	8	108	30	90	64	69	72	3	39	93	26	74	40	84	94	59	84	32	12	56	28	114	69	115	87	65	104	119	81	54	45	117	104	47	97	29	70	18	50	45	11	118	4	23	24	80	48	97	39	60	39	98	82	28	113	8	44	83	109	32	97	62	64	48	52	116	85	5	105	103	117	56	34	119	119	32	113	60	50	70	38	59	73	0	42	7	100	12	3	36	19	34	16	78	84	108	116	34	36	89	97	108	0	41	35	9	50	24	19	107	54	87	67	73	19	84	114	108	48	105	111	84	15	58	42	76	84	32	110	83	87	12	22	83	109	55	112	32	55	22	86	65	74	12	61	3	42	47	62	65	82	59	100	29	45	66	81	32	42	50	92	9	49	39	25	70	43	65	20	23	80	30	21	40	79	95	110	81	112	41	8	30	85	82	12	109	39	29	85	118	71	87	44	52	10	3	97	55	7	89	85	55	64	51	60	44	67	79	68	53	107	89	53	28	71	16	30	23	93	45	86	31	75	94	45	90	80	83	117	34	7	81	16	105	65	6	80	104	91	103	33	106	110	26	19	100	106	60	113	48	109	14	73	57	91	64	108	2	49	45	75	68	93	5	107	49	116	31	57	94	46	54	60	60	115	47	29	50	62	46	73	70	71	25	50	60	106	53	91	65	65	51	27	69	115	72	109	62	95	19	46	100	88	1	82	73	43	94	22	84	34	9	73	16	118	85	31	72	79	2	11	91	79	109	79	34	34	119	27	117	1	45	76	23	33	61	50	8	67	11	36	75	39	40	1	85	56	104	9	101	77	16	17	104	40	91	45	73	9	3	43	106	19	72	11	114	67	116	84	64	12	62	92	75	30	3	67	25	44	27	21	40	16	107	11	62	94	112	60	74	62	11	1	22	23	1	84	93	64	74	74	65	6	70	111	12	33	114	96	21	91	53	108	108	87	111	81	112	4	65	77	79	67	0	65	42	119	8	61	12	85	86	87	16	34	100	111	92	84	48	91	116	0	71	30	104	54	46	86	74	23	100	98	43	42	9	73	114	91	82	58	20	68	7	18	0	58	33	65	68	88	26	59	49	109	30	92	5	35	116	90	27	20	42	98	104	39	52	56	35	92	82	29	109	58	68	117	69	89	107	105	64	1	51	53	29	26	57	43	11	116	10	50	47	19	5	86	109	25	81	77	11	21	118	81	6	81	53	22	70	113	110	38	22	25	45	85	21	22	114	44	11	106	20	33	2	89	101	5	106	74	42	52	18	52	45	117	76	23	63	27	82	92	73	43	63	32	44	83	5	84	118	52	2	104	75	66	37	17	93	38	96	95	15	91	88	39	111	76	68	119	78	91	66	38	102	41	81	60	36	31	113	14	58	14	41	102	92	83	113	43	14	69	92	115	38	69	6	61	40	6	82	13	81	36	38	5	84	34	99	76	6	25	105	96	100	42	107	39	60	86	96	63	49	104	0	77	15	21	96	2	78	81	48	114	69	62	100	62	72	43	110	1	4	36	6	110	10	66	19	61	58	91	2	64	80	85	96	71	116	40	82	35	95	92	75	86	30	43	58	106	109	21	69	103	47	41	73	41	112	93	86	92	20	91	32	48	15	16	38	63	79	66	102	87	80	119	39	31	3	18	60	73	110	55	6	91	31	56	51	17	70	35	119	119	16	99	63	41	15	92	65	108	36	89	79	9	93	25	45	113	59	109	14	39	57	57	4	89	13	53	53	52	17	82	44	46	19	43	89	45	1	87	97	84	37	1	49	113	73	51	27	96	50	60	67	96	11	48	31	46	113	37	106	59	64	37	64	13	21	85	3	103	49	103	56	103	67	13	51	43	55	32	3	76	56	85	110	2	85	103	88	2	41	29	8	58	84	4	23	55	53	65	86	24	83	86	7	13	70	106	97	68	114	36	3	26	79	81	86	115	86	67	6	49	46	11	76	79	84	102	77	115	4	94	115	72	81	83	102	71	13	58	73	24	95	80	114	85	82	38	50	59	60	71	67	57	59	92	27	108	39	42	50	109	110	99	12	63	87	81	61	30	95	92	66	119	88	17	80	67	63	63	83	108	2	51	52	14	23	76	42	53	26	4	109	58	85	101	99	25	46	72	75	119	30	18	91	85	97	59	29	38	95	56	59	16	101	96	104	72	77	62	69	35	7	37	58	71	44	14	84	102	79	77	110	29	105	70	72	57	94	3	19	57	43	62	117	55	42	83	22	5	15	62	30	17	73	76	87	107	55	78	24	53	33	29	58	74	55	116	20	15	60	107	18	99	116	15	35	43	116	27	36	64	67	91	34	103	26	47	53	64	3	69	70	88	10	74	11	18	41	26	83	4	95	41	17	7	2	110	41	13	0	62	20	16	93	48	115	77	62	65	96	29	92	47	15	30	4	14	35	56	6	34	118	25	100	76	109	77	89	56	56	101	59	17	50	119	12	28	111	35	65	44	110	52	51	11	90	60	114	24	80	43	107	17	40	21	27	24	74	102	98	25	39	37	72	13	44	116	47	49	38	53	30	90	117	82	96	69	27	15	49	11	11	74	74	65	41	109	102	48	17	61	37	69	109	99	81	91	40	59	1	44	119	20	75	107	86	8	8	66	108	56	98	42	4	99	94	103	77	71	3	45	114	32	65	67	67	107	18	51	89	65	8	103	12	115	44	39	69	97	40	76	87	19	10	99	22	55	99	20	84	118	30	50	64	24	99	84	94	50	48	62	86	56	19	95	12	41	74	62	91	78	82	10	81	41	100	49	74	57	106	90	103	38	68	104	104	118	21	80	87	38	86	20	30	27	59	87	2	40	91	41	109	78	85	20	26	78	25	100	26	55	37	20	73	49	17	87	26	62	5	55	23	36	34	112	4	64	57	95	10	85	84	111	82	105	109	6	98	37	65	39	53	61	87	70	70	92	115	68	97	5	113	14	65	118	60	88	55	85	40	26	43	105	19	91	75	58	31	36	6	92	95	17	89	29	33	95	111	10	89	7	17	16	87	102	10	68	19	38	61	93	61	110	96	66	99	30	54	14	84	15	7	28	1	73	82	43	2	19	40	97	8	110	62	73	73	66	40	107	3	116	85	31	96	119	16	69	42	54	115	9	25	96	90	117	40	50	6	88	13	10	107	27	62	20	112	31	40	60	38	5	80	
19	20	13	10	18	1	6	17	20	4	6	18	4	2	10	4	1	8	5	13	2	4	11	17	6	6	18	11	20	7	18	1	2	8	5	4	2	18	2	8	3	18	9	11	10	19	16	19	6	15	10	9	3	4	16	17	15	14	18	10	1	2	18	12	4	18	12	3	11	14	19	1	17	16	13	4	6	8	10	11	3	8	1	16	13	7	4	12	2	9	3	19	5	20	16	12	1	11	3	19	18	19	7	20	17	15	19	13	7	15	4	16	17	13	16	16	1	4	20	7	18	20	17	2	11	15	3	5	11	9	16	3	13	20	8	12	14	16	5	4	13	18	4	18	16	16	13	13	17	18	14	15	19	5	3	13	1	15	7	8	15	20	13	1	14	10	2	8	3	13	20	8	4	14	16	5	12	7	2	19	10	16	9	20	10	11	19	13	20	8	20	19	3	12	11	15	12	13	1	2	10	3	17	9	7	12	1	5	13	20	17	18	16	8	20	14	17	6	4	7	17	10	2	12	5	1	14	15	14	17	13	17	10	19	2	7	20	18	12	17	3	17	13	10	7	1	1	10	13	18	2	5	2	1	12	9	11	15	10	8	6	14	11	5	6	3	20	18	6	2	15	15	6	12	13	19	19	14	11	18	6	2	1	20	13	17	12	16	11	14	19	13	11	17	1	5	8	4	19	1	9	10	4	14	10	15	7	9	20	1	9	15	8	8	20	17	4	6	1	11	7	2	1	4	16	4	16	7	7	2	20	14	5	11	17	2	7	12	13	20	10	5	17	1	8	3	9	6	12	15	19	20	5	11	8	15	7	16	4	10	19	14	1	4	10	10	4	15	5	13	5	16	9	17	6	8	16	7	3	20	2	14	18	13	11	5	8	16	6	17	9	13	19	14	3	7	20	17	15	8	4	2	16	7	15	20	13	1	7	6	9	19	6	9	19	10	17	5	14	20	12	5	14	5	12	8	15	3	3	20	20	17	14	2	17	10	10	6	7	11	18	19	19	4	2	20	15	18	17	11	2	10	1	17	14	14	6	3	9	14	14	6	2	7	9	10	8	3	9	13	14	6	11	16	15	14	19	20	3	14	11	6	19	9	7	7	4	16	17	3	19	3	9	16	9	11	17	15	15	5	18	1	2	19	20	7	8	1	5	2	12	8	5	18	12	10	14	9	6	19	13	16	14	20	14	20	12	19	18	14	11	8	19	6	19	12	2	11	5	9	20	20	2	3	9	11	15	11	14	13	5	11	9	18	2	18	3	13	1	12	20	5	5	15	6	4	17	18	10	11	8	18	12	11	1	18	1	13	3	9	15	13	10	19	7	6	7	10	9	3	15	6	7	14	3	8	6	3	16	18	18	17	3	12	12	11	2	11	15	12	8	12	9	19	19	17	2	18	5	6	17	18	2	9	11	19	18	2	11	16	16	11	15	2	2	10	1	8	13	6	2	1	14	1	3	3	9	11	4	8	13	1	13	5	14	10	15	16	9	10	15	14	8	7	1	16	11	3	7	10	3	10	2	3	12	8	3	15	8	12	15	11	15	1	4	11	7	15	5	8	4	3	4	2	13	3	5	11	16	3	2	14	8	16	4	10	4	5	2	13	16	10	6	3	6	1	4	4	8	8	11	5	6	12	6	15	4	9	1	1	11	3	2	16	14	12	3	9	3	5	11	6	5	4	13	11	8	2	2	16	16	5	8	8	6	9	1	9	6	8	9	10	6	7	10	2	8	1	4	3	12	15	11	14	13	3	9	11	8	7	12	8	1	7	3	7	3	6	6	1	7	1	1	9	15	8	10	12	11	12	2	15	2	16	1	6	3	5	13	16	9	8	10	11	14	15	4	10	10	10	2	3	6	1	3	15	2	6	1	16	3	1	8	6	14	15	3	3	11	11	9	4	8	6	15	4	7	3	8	2	8	13	8	16	10	13	12	7	3	2	2	6	12	2	15	8	8	9	5	5	8	6	3	3	13	1	7	2	14	13	11	12	8	1	1	7	9	4	13	5	7	8	5	4	7	11	3	5	4	5	11	8	1	11	6	1	1	3	5	2	8	8	8	2	12	12	12	11	5	15	2	4	16	4	4	5	5	14	14	15	1	1	6	14	10	8	7	15	1	5	7	16	9	5	13	12	6	8	11	12	9	8	7	7	8	1	9	10	12	12	2	5	1	4	10	6	10	2	11	6	10	15	2	9	12	16	10	12	6	4	1	16	12	10	13	8	2	8	10	7	13	7	13	2	10	8	8	12	5	4	1	1	6	14	13	16	8	10	5	5	7	4	13	6	8	14	5	9	16	12	2	3	6	15	4	15	7	8	11	14	2	8	6	14	10	4	12	15	7	5	12	12	2	2	11	16	7	9	9	11	15	14	10	7	11	12	4	5	9	7	2	14	13	14	8	16	4	4	6	8	7	16	14	13	13	11	11	16	5	13	15	12	9	11	3	5	15	5	13	2	6	3	14	9	9	5	7	7	6	3	11	16	2	9	10	16	7	8	10	3	10	6	1	9	13	10	14	5	16	3	11	11	2	6	12	12	15	4	10	1	16	8	10	7	5	5	16	8	6	3	10	14	3	10	13	10	12	16	15	6	16	2	12	5	14	4	6	2	1	10	3	5	12	1	7	7	1	14	11	2	8	2	15	2	15	9	12	15	10	6	15	5	7	5	9	2	1	11	7	13	10	4	14	10	1	1	3	4	13	2	11	5	13	8	9	4	15	15	5	2	6	7	6	8	1	4	1	15	15	12	14	3	9	4	12	9	5	2	12	9	1	10	3	8	6	5	13	9	11	8	14	5	11	10	14	6	13	8	14	11	4	14	1	1	2	16	1	8	4	12	3	5	13	16	1	3	16	12	14	16	9	4	12	3	4	1	1	7	7	10	13	7	2	13	2	7	6	2	11	7	16	4	5	4	1	16	12	16	7	3	7	9	15	8	9	3	9	7	14	7	9	8	12	9	15	3	14	4	14	1	4	10	6	11	14	10	13	10	16	1	12	11	9	5	12	7	3	13	2	5	1	15	16	12	7	9	1	6	15	14	7	3	10	1	4	15	3	16	9	15	1	15	10	8	4	4	5	11	14	7	15	5	2	14	12	6	15	3	16	3	4	10	5	8	13	6	14	10	1	15	16	11	8	14	4	7	14	14	7	13	14	14	4	13	2	3	1	1	15	12	3	1	11	4	10	9	6	10	4	3	15	9	1	3	14	13	14	7	3	3	1	4	4	12	2	3	6	1	10	8	6	11	3	5	13	12	10	2	12	11	10	5	12	7	10	7	10	4	3	12	10	11	13	2	3	9	15	15	12	4	7	1	9	16	15	11	4	2	4	13	7	10	9	4	6	8	16	12	8	2	6	7	16	4	8	4	13	5	6	8	8	6	8	16	7	2	6	4	7	9	15	15	3	3	10	8	14	10	6	15	15	11	12	3	7	14	10	1	6	15	8	2	6	3	8	16	13	11	11	9	11	9	10	8	14	13	6	10	11	5	5	8	10	15	13	2	12	6	10	5	6	7	15	6	10	1	3	7	5	10	3	15	13	15	4	9	10	1	3	5	12	12	6	1	16	16	12	15	4	1	5	14	14	14	1	4	9	9	3	13	12	1	2	16	3	10	13	4	10	3	15	6	14	7	5	8	1	3	15	11	6	7	6	3	16	1	2	3	2	10	16	7	16	9	10	5	16	14	6	10	7	12	14	4	15	1	4	10	8	6	12	3	5	9	1	6	8	2	11	14	2	15	1	13	8	11	11	13	3	16	14	5	2	13	7	12	8	2	5	6	11	12	8	10	14	16	4	5	1	13	9	14	8	13	7	9	13	4	14	8	8	14	15	14	11	16	3	12	13	7	3	1	16	13	16	3	15	3	8	10	1	12	2	12	8	6	16	5	8	13	14	3	12	14	13	16	8	14	4	16	9	14	5	2	11	7	12	15	6	9	2	12	6	5	8	1	3	1	14	5	10	5	3	4	4	8	9	14	8	1	4	16	5	9	2	12	5	2	2	5	4	16	6	7	16	8	7	8	11	14	11	11	9	1	10	11	13	6	12	9	5	12	10	16	9	6	5	12	8	7	1	2	14	3	16	4	10	9	11	10	15	15	11	15	11	8	12	16	2	12	15	7	10	11	8	3	16	4	13	8	2	6	6	3	2	16	6	1	12	11	13	12	5	14	7	4	2	13	4	5	8	6	12	11	4	16	13	6	7	6	8	5	3	4	6	4	12	13	6	12	3	6	7	6	8	15	8	11	3	3	16	13	1	16	12	1	10	14	7	11	4	8	8	12	16	9	7	5	14	11	1	9	6	10	1	14	13	1	1	3	6	10	4	6	15	1	9	12	5	2	3	5	7	4	16	7	1	13	2	10	8	1	1	9	1	11	9	8	6	4	10	6	8	15	14	11	7	1	14	7	8	13	10	5	14	9	14	6	8	7	9	15	4	6	12	5	9	9	15	8	1	4	16	6	10	13	15	12	8	6	1	9	7	1	9	1	13	16	14	4	10	13	11	4	9	9	5	12	2	8	11	10	10	16	4	4	9	1	1	3	7	15	5	6	11	4	10	2	8	12	13	8	5	12	2	10	8	10	5	10	8	4	5	8	1	5	1	10	8	14	12	11	2	3	2	10	5	3	13	4	13	16	6	1	4	11	13	8	16	9	1	16	1	13	3	15	11	5	6	4	9	10	12	5	11	16	6	8	15	11	7	4	1	9	10	11	13	13	13	4	11	5	7	6	1	6	1	13	4	8	7	15	4	5	10	8	10	7	8	10	1	12	9	8	13	5	13	4	2	5	6	14	1	2	7	6	16	8	16	15	12	5	1	9	2	9	12	10	1	3	3	9	2	12	3	16	7	2	9	13	3	12	7	6	4	11	6	1	7	11	1	2	12	3	15	14	3	16	4	12	8	13	6	10	8	8	2	14	7	3	9	6	6	10	13	15	9	4	13	8	10	14	7	1	6	10	3	11	6	3	2	15	8	2	3	15	9	2	13	2	9	5	7	1	9	12	10	4	14	8	11	9	13	15	8	4	5	4	12	9	7	12	3	8	5	13	8	9	3	8	8	13	16	12	15	4	9	12	12	1	15	1	1	11	14	6	9	14	13	1	1	11	9	14	11	2	13	3	15	16	7	2	3	1	6	6	5	9	2	2	2	13	3	12	15	16	2	4	4	6	3	11	7	3	15	12	6	16	11	6	12	8	4	11	14	4	13	14	16	15	5	1	14	8	3	10	1	13	15	4	5	13	14	8	1	11	5	4	2	6	2	14	5	9	6	3	15	12	11	7	3	12	9	6	10	11	13	2	7	5	8	11	11	5	10	13	1	14	9	10	1	16	6	16	3	13	2	4	7	7	6	8	12	12	15	3	8	15	7	14	6	16	14	7	12	13	8	3	16	12	3	4	7	6	5	6	9	13	5	9	13	14	2	8	5	4	14	5	8	4	15	14	3	15	2	6	3	5	4	9	15	16	13	10	6	11	9	3	1	11	13	15	16	15	11	15	4	3	10	6	6	10	12	11	11	7	8	15	11	14	14	16	2	14	8	16	3	10	16	5	14	5	2	4	2	10	4	1	15	12	16	4	5	8	5	8	3	11	11	5	13	14	13	12	9	12	9	7	4	7	10	7	13	6	8	13	4	1	15	16	8	3	15	16	16	14	15	12	16	11	12	2	12	12	3	3	8	13	10	11	3	16	2	3	16	14	5	9	6	7	16	13	15	2	14	10	12	4	9	12	4	12	3	7	15	14	14	10	14	6	14	8	16	12	6	14	11	15	8	9	10	11	10	1	9	5	11	6	11	8	4	5	15	11	6	4	6	3	15	7	6	3	6	9	5	4	11	13	15	14	9	6	7	3	5	11	1	13	5	2	2	13	7	13	4	3	6	6	16	13	13	15	6	9	2	12	10	16	16	12	6	1	12	13	4	5	7	16	5	9	15	1	11	4	12	9	3	4	10	4	12	15	16	13	12	14	12	8	2	10	11	3	5	6	10	11	7	15	14	6	2	5	7	1	5	15	12	13	3	7	5	4	11	3	8	11	4	13	2	6	5	3	8	14	1	16	12	6	1	13	2	11	5	8	7	2	6	10	9	7	1	14	2	1	9	14	7	8	1	4	10	8	10	5	11	10	15	5	14	15	7	3	1	4	1	4	6	4	16	11	11	14	4	2	16	1	15	14	10	7	3	11	8	5	13	1	7	3	2	6	13	15	15	12	12	8	1	7	12	3	5	4	7	1	13	1	5	11	5	14	13	3	12	2	11	9	10	6	8	3	1	14	14	6	12	13	7	2	2	10	3	3	6	5	15	13	6	5	1	9	12	2	4	7	7	7	10	7	9	15	6	16	11	13	10	13	7	4	5	11	15	15	2	5	2	8	2	2	14	1	16	11	16	14	5	1	6	8	5	16	15	1	10	5	4	3	9	1	11	12	1	15	7	8	13	12	7	3	10	14	12	8	10	4	16	7	6	15	11	16	1	14	4	14	10	4	11	9	4	7	4	7	2	3	11	6	7	13	12	13	1	8	10	12	2	6	13	4	5	1	5	10	11	15	12	16	3	11	7	14	7	7	15	12	2	6	15	16	16	1	11	14	10	6	8	3	5	15	7	2	2	8	3	14	6	15	3	7	5	2	16	11	14	13	8	15	7	7	10	9	12	13	4	2	6	7	11	9	15	10	15	2	1	15	6	14	4	1	4	6	8	4	3	6	9	12	14	6	6	6	16	16	16	8	13	14	15	1	11	16	16	2	4	8	5	9	12	4	15	10	7	13	7	14	7	10	8	9	16	6	11	3	5	4	9	10	1	8	7	1	15	12	14	2	1	12	16	3	1	15	6	13	13	2	2	14	9	6	9	7	7	4	4	1	1	10	9	1	1	3	7	6	3	1	7	4	13	1	7	4	7	1	4	16	2	8	5	13	6	9	2	14	11	1	10	9	9	8	16	10	3	12	9	1	2	15	1	16	6	6	6	6	2	16	14	11	11	11	8	14	2	7	3	2	1	16	16	7	14	16	13	11	4	1	10	14	3	9	10	16	12	1	4	4	1	10	11	6	5	9	3	12	10	13	3	4	16	2	1	2	1	2	6	3	15	10	6	11	10	8	3	5	13	13	2	15	1	7	6	11	9	2	8	16	2	9	11	6	9	1	3	4	13	9	16	9	3	13	2	7	6	10	11	1	10	15	8	7	2	10	8	9	11	11	3	5	4	16	13	3	16	16	11	9	8	3	11	11	9	7	5	5	13	9	1	13	2	15	9	3	5	16	14	9	11	4	1	6	11	14	12	7	15	7	6	9	5	5	5	15	8	1	12	1	1	14	8	2	7	5	7	10	4	14	12	3	10	8	8	16	12	10	10	2	16	7	12	9	5	4	3	16	7	4	5	10	4	2	3	9	11	3	5	1	8	15	5	8	1	15	15	6	14	1	1	4	16	13	11	1	6	12	1	11	11	7	6	12	10	9	7	5	16	5	4	2	11	8	6	6	9	14	8	15	7	2	6	12	15	5	9	7	1	13	8	4	4	15	4	13	1	5	12	2	6	13	15	13	16	3	14	12	15	2	9	4	2	16	15	14	16	1	3	9	7	6	8	9	6	2	13	11	16	12	7	1	1	3	8	11	16	9	3	5	15	13	9	2	5	12	9	8	12	3	11	3	15	3	2	5	5	11	3	3	11	12	2	1	15	15	5	11	16	5	10	8	12	12	3	15	16	4	10	1	15	8	15	9	12	13	16	14	5	8	12	4	9	2	7	9	4	10	3	9	15	2	6	6	4	1	10	13	15	2	16	6	7	4	9	6	14	10	15	14	1	1	6	3	16	1	13	15	12	12	3	16	7	11	5	9	13	13	3	8	11	14	1	3	6	13	12	3	7	14	14	16	5	14	2	7	6	9	16	9	11	11	4	15	12	6	12	12	12	15	8	7	4	2	15	4	2	5	16	1	9	9	10	8	5	6	3	4	12	8	12	16	4	14	6	4	6	12	15	3	1	14	11	12	5	2	15	5	2	1	10	10	8	12	5	2	14	10	13	12	7	12	11	10	6	1	13	12	10	9	2	11	4	14	4	15	1	11	11	5	16	3	15	6	2	13	15	6	14	9	5	12	2	13	9	7	1	10	1	16	9	16	14	1	8	4	2	3	10	10	14	11	2	6	2	13	12	16	1	6	14	12	5	4	6	2	15	9	4	8	13	4	6	11	14	12	14	14	1	10	11	10	14	9	1	7	10	16	8	2	8	11	10	9	4	2	5	8	12	14	9	5	7	2	15	15	3	5	5	3	9	6	9	1	7	12	11	6	16	12	1	15	12	14	4	14	6	16	6	10	1	15	9	16	11	10	3	1	4	13	9	2	8	12	13	15	2	12	2	13	6	10	15	16	9	3	3	7	14	2	3	4	4	12	2	9	8	8	13	3	16	15	11	11	8	12	8	11	11	3	11	9	2	6	3	11	8	8	10	5	5	6	11	13	12	5	2	14	4	1	16	2	11	12	15	4	9	16	16	9	4	1	11	1	3	5	13	3	10	14	7	7	5	6	12	13	14	4	4	7	10	11	8	15	9	16	10	13	14	11	7	14	5	6	8	12	12	10	7	4	11	9	15	3	11	6	9	2	3	3	3	11	12	10	11	16	5	9	3	15	6	16	10	14	11	16	11	3	10	11	7	2	16	8	6	6	13	10	4	3	1	14	13	5	16	4	14	7	9	15	10	2	7	2	15	3	3	9	2	4	1	10	13	11	16	3	9	12	5	4	10	15	5	11	7	11	8	11	13	6	4	2	2	16	9	15	4	16	13	13	5	4	9	4	10	3	8	3	13	3	15	3	6	11	7	4	2	7	6	7	12	1	11	16	11	16	13	11	1	3	11	8	3	10	7	15	2	1	9	9	8	4	3	7	12	1	7	6	14	15	7	6	6	8	6	15	12	1	9	10	7	1	16	8	6	7	8	5	14	13	12	7	15	15	10	7	3	16	13	5	9	16	6	16	5	5	7	9	12	12	16	15	10	7	12	1	10	14	11	8	4	5	9	1	10	2	4	5	4	9	10	4	1	4	4	1	12	16	1	3	7	5	2	12	4	13	11	4	1	9	13	15	3	2	12	11	6	16	6	3	4	1	7	7	13	7	3	4	9	16	10	11	15	4	16	13	9	2	10	16	11	6	12	3	9	6	9	15	15	15	13	12	5	2	8	16	4	3	2	8	6	4	16	10	16	14	5	1	2	16	3	15	11	1	7	3	2	12	12	8	4	3	5	2	13	8	8	12	9	6	7	10	5	13	8	3	6	13	4	4	2	8	6	9	6	1	15	5	6	2	1	15	3	4	9	2	16	13	15	9	11	15	5	1	14	15	14	11	13	3	7	10	16	1	1	7	1	11	6	4	10	13	11	2	14	13	13	15	3	14	5	4	8	9	11	15	1	4	12	8	1	7	3	16	2	8	8	3	5	4	5	11	4	3	10	7	3	2	10	10	9	6	14	16	14	3	12	10	13	14	9	11	3	3	4	13	9	4	2	12	14	6	8	4	13	7	6	11	13	12	13	15	15	1	4	11	10	7	9	15	10	5	1	10	5	11	15	16	4	6	13	10	11	12	16	5	2	5	2	11	11	4	6	14	15	1	6	5	6	2	15	8	7	14	4	8	12	3	13	9	8	15	4	11	7	13	5	13	7	15	15	3	1	11	4	4	12	15	10	10	15	14	3	7	15	8	11	10	7	10	9	2	16	10	1	4	16	8	12	13	11	12	7	2	5	7	2	16	4	3	9	12	12	13	8	15	14	4	5	6	1	5	4	15	6	12	5	6	10	14	16	5	9	9	7	16	13	14	16	11	11	6	4	8	6	14	4	9	13	8	1	10	5	9	13	11	7	13	3	13	4	15	2	12	15	15	1	4	15	2	4	7	14	15	12	5	15	7	1	1	10	15	4	10	6	1	12	10	6	1	11	14	12	5	9	7	12	12	14	15	11	12	13	12	11	9	4	15	16	11	1	16	1	12	6	13	5	15	5	3	12	3	2	14	8	16	4	12	15	12	6	16	1	3	10	16	15	5	3	8	3	1	12	15	13	7	13	2	15	9	10	16	10	9	5	5	4	8	4	15	1	9	6	16	1	16	1	13	15	3	8	11	15	14	5	6	6	8	12	12	5	6	13	4	4	4	1	8	9	6	15	14	6	1	7	8	16	7	5	1	16	8	16	5	13	16	7	2	7	1	14	8	6	15	16	10	2	15	12	16	2	10	7	3	13	12	6	13	9	5	1	14	8	2	3	16	10	7	16	5	4	1	9	2	10	10	1	6	9	3	5	6	7	12	8	1	14	2	7	14	5	6	14	15	5	14	14	12	11	2	10	3	16	12	10	9	16	9	3	7	15	1	11	2	16	1	5	4	6	11	7	15	13	12	9	15	12	6	5	6	2	11	3	5	7	8	10	10	11	11	9	11	15	16	10	2	15	7	13	6	3	12	5	11	8	5	14	15	10	1	10	13	2	5	15	13	11	5	8	3	13	1	1	9	7	16	8	12	9	3	4	13	7	1	5	6	11	4	11	5	2	12	5	3	15	5	8	8	10	1	4	9	3	9	2	14	7	4	12	10	12	7	10	15	11	16	2	5	7	14	13	10	10	6	7	14	1	5	12	4	9	1	15	10	6	2	16	16	10	15	16	8	14	11	9	15	5	11	10	3	10	1	1	11	13	13	2	5	7	3	5	6	16	1	7	1	9	16	16	9	2	12	16	15	16	14	15	4	15	1	14	15	7	10	13	9	4	8	15	14	12	7	9	8	5	15	14	16	7	4	12	10	11	14	16	2	11	11	16	14	4	12	11	14	9	10	16	10	14	2	10	14	14	6	8	14	11	14	1	9	15	1	3	9	9	9	7	5	5	16	11	11	9	14	12	10	6	3	12	4	8	8	7	4	5	4	14	4	2	7	4	12	11	5	13	11	16	9	14	13	8	10	14	16	14	5	1	15	3	10	11	9	12	6	15	12	8	13	14	2	9	2	6	16	14	11	1	8	10	13	13	9	2	7	16	6	5	1	8	3	9	2	11	10	14	8	9	9	7	9	14	2	14	3	10	14	4	10	15	7	5	13	12	5	11	9	14	10	3	2	8	4	2	11	5	6	2	15	5	8	8	6	11	16	2	6	4	7	15	9	9	15	7	10	5	8	6	12	9	13	12	3	10	7	8	7	15	6	13	15	7	11	14	1	13	2	12	15	14	11	1	12	9	1	14	1	7	14	8	16	15	16	8	9	14	6	10	16	5	13	4	11	9	4	6	6	9	7	16	14	13	12	10	6	1	12	9	15	15	11	4	4	10	5	14	14	16	13	1	5	2	9	6	9	6	5	8	13	11	8	14	9	14	1	4	15	7	12	16	4	8	9	5	1	14	3	15	14	16	14	2	16	6	4	7	14	1	4	16	15	9	14	4	5	1	10	8	12	10	14	12	3	13	2	9	13	14	11	1	6	9	14	7	1	1	7	11	10	2	3	5	8	13	7	14	4	6	8	1	4	1	3	6	16	15	7	6	7	3	13	11	2	14	4	6	15	11	8	16	2	7	3	12	16	13	4	3	14	8	7	15	12	11	2	14	2	9	16	5	12	7	13	10	15	11	15	2	9	4	14	2	3	2	14	8	4	3	13	12	13	11	2	2	4	12	11	14	12	16	16	5	2	11	10	9	8	15	9	9	7	14	4	14	16	12	11	16	15	5	1	15	8	11	16	9	3	2	16	11	6	2	4	9	4	4	1	2	14	12	12	5	16	1	5	15	1	10	1	6	7	11	6	10	1	11	16	7	15	4	1	1	13	14	16	7	1	13	10	4	16	13	12	11	9	4	6	6	4	11	14	10	4	1	14	7	14	12	16	13	8	7	9	15	15	8	5	15	11	7	15	16	16	4	2	12	5	2	10	6	10	1	15	9	5	8	3	5	9	8	13	6	12	3	16	3	6	11	8	10	8	16	6	2	6	8	15	5	8	10	10	5	5	11	3	8	1	3	6	16	9	11	14	5	15	14	12	2	2	6	8	12	15	7	11	4	10	1	16	3	14	12	4	11	6	1	1	10	16	7	15	3	12	15	8	5	15	9	5	12	6	11	5	1	5	10	7	12	3	10	13	8	1	2	9	4	15	5	13	2	1	13	12	13	8	7	16	16	10	1	14	4	5	6	5	5	8	13	11	7	13	12	11	14	14	13	4	14	10	11	5	5	10	3	13	4	3	8	5	14	2	12	8	6	2	4	3	9	3	8	6	12	6	15	4	13	11	13	7	9	2	9	11	15	2	15	2	7	6	16	5	7	6	15	7	11	2	9	3	14	1	3	16	11	9	12	5	8	6	11	7	2	9	10	7	13	11	6	3	5	10	11	4	14	12	7	4	14	16	13	14	6	15	2	5	9	11	10	4	1	9	9	16	10	2	3	6	8	9	8	14	8	9	2	13	13	3	3	11	11	6	4	1	7	1	7	7	7	16	6	16	15	10	8	16	9	5	9	8	6	15	16	10	4	6	6	4	13	5	12	12	3	9	7	4	3	1	16	9	10	6	2	2	1	2	11	13	14	16	4	12	13	12	4	6	1	15	4	9	7	3	15	9	13	10	5	7	1	4	6	5	4	14	12	5	10	10	8	8	3	7	2	10	9	10	12	15	2	4	6	3	13	14	4	9	14	13	3	10	5	9	11	11	10	7	12	8	16	3	14	2	4	10	2	14	13	12	1	10	14	6	2	1	6	1	7	4	3	7	3	10	3	7	9	3	7	10	6	16	10	10	3	16	14	7	14	6	4	14	10	12	12	4	12	6	4	4	15	13	8	16	4	2	15	8	14	5	11	3	6	11	15	15	5	7	2	4	13	2	7	1	16	11	5	6	11	9	12	8	1	4	3	5	9	16	16	2	14	9	3	5	1	3	4	3	5	11	3	3	8	14	3	5	3	10	13	8	6	16	7	10	8	12	14	3	4	8	9	1	8	8	6	16	13	9	1	2	8	16	3	10	2	4	12	8	15	4	12	16	14	2	2	8	11	12	2	11	9	7	8	15	2	5	15	4	4	10	12	6	6	6	6	8	5	2	2	14	14	14	1	1	8	2	13	3	15	16	9	9	1	5	6	14	5	3	3	9	2	13	6	14	6	11	2	10	11	5	3	9	11	12	9	12	9	9	3	5	16	7	2	13	6	2	10	15	15	14	8	13	14	13	5	16	12	15	14	14	5	4	13	8	13	8	15	1	7	3	16	3	7	4	7	11	8	11	14	7	4	10	6	8	2	13	3	13	12	13	15	8	12	3	8	10	15	2	10	15	9	6	5	2	7	10	12	16	9	13	11	1	15	10	1	3	2	9	11	12	5	5	4	4	10	15	1	6	8	11	12	14	8	11	8	7	8	13	8	15	16	10	11	13	16	7	3	10	1	15	15	5	12	6	10	11	2	4	16	11	13	6	3	4	14	15	15	4	3	8	9	6	2	2	10	8	9	1	10	7	7	12	11	3	8	16	1	13	14	3	12	16	11	5	2	16	14	13	6	10	7	10	6	4	2	1	13	16	2	1	4	15	14	5	12	10	16	11	1	4	11	7	14	1	5	3	13	6	14	2	7	1	5	14	14	3	11	10	9	12	3	12	15	11	16	14	4	8	14	6	8	8	5	9	9	2	11	8	16	7	13	10	8	8	15	14	14	7	4	6	1	13	2	1	1	8	9	14	6	5	12	2	4	15	1	9	1	2	5	12	8	7	6	15	8	16	1	10	13	3	11	16	11	2	16	9	16	12	16	10	5	9	6	1	9	10	3	6	16	1	6	5	15	14	4	11	13	8	8	11	8	1	15	5	9	2	2	9	14	16	2	14	15	15	11	15	12	13	11	16	5	1	6	12	15	3	7	6	13	1	8	10	2	8	9	13	4	9	7	16	7	11	2	10	14	12	12	13	5	12	3	10	8	13	9	11	12	5	2	8	9	7	15	15	5	14	7	10	9	14	13	14	6	2	2	13	11	10	9	14	7	1	16	4	12	11	3	4	16	11	14	11	9	4	2	1	14	1	12	9	11	16	1	10	14	1	13	9	4	2	9	6	5	3	13	2	5	4	6	12	11	1	9	2	7	7	4	6	5	12	13	11	1	13	8	2	6	2	10	15	11	5	14	3	9	9	1	9	1	13	3	3	8	11	14	11	6	4	1	5	9	1	8	5	8	4	12	14	4	3	16	6	13	8	10	8	2	16	10	10	13	2	2	15	10	10	4	2	3	8	13	7	1	1	4	16	12	13	16	4	13	13	15	9	8	7	8	4	16	13	11	6	9	6	10	6	11	15	10	12	10	13	15	9	1	5	15	10	14	8	14	14	12	9	2	10	2	5	14	8	13	2	7	8	16	4	8	7	2	4	10	16	14	3	5	9	11	3	9	3	14	6	5	2	14	4	10	5	4	12	13	9	2	13	5	16	
190	640	260	880	940	920	170	100	100	900	450	700	100	480	690	620	780	820	210	510	950	240	320	690	220	240	180	150	120	600	140	510	230	310	130	390	120	470	490	740	980	280	240	1000	510	780	930	550	610	230	790	960	710	650	680	640	280	980	730	840	760	460	160	940	160	380	460	880	940	720	970	720	440	860	780	320	540	520	320	400	590	650	700	660	110	800	990	670	510	940	640	830	550	280	800	510	170	340	220	950	110	240	250	280	600	470	880	380	960	850	160	170	540	530	180	520	790	180	880	970	620	700	100	350	560	570	770	900	790	530	200	950	390	710	640	860	440	710	350	660	440	560	270	510	890	500	620	190	600	230	820	460	140	860	400	130	550	960	790	610	850	570	140	630	470	740	930	370	570	290	650	170	650	250	120	1000	570	990	920	160	870	650	450	440	650	200	450	580	950	330	480	390	880	160	660	480	870	960	770	290	500	740	350	130	290	550	410	400	920	890	620	240	470	980	480	580	930	180	780	530	530	930	320	710	540	740	410	170	500	970	800	200	900	670	240	380	760	990	720	250	710	790	360	860	890	170	390	630	560	490	970	470	870	730	110	420	440	190	850	250	710	490	560	750	530	700	710	560	840	360	760	140	530	240	620	840	810	410	880	230	970	740	800	220	580	180	330	910	160	940	870	470	270	110	700	610	910	610	650	190	140	260	160	640	970	690	190	750	840	650	620	790	180	570	760	190	320	730	680	920	310	700	930	410	680	300	920	430	640	850	530	890	220	140	400	580	720	160	620	240	650	350	230	240	370	660	480	120	700	400	730	210	480	100	690	720	630	820	800	770	390	210	980	440	780	710	280	450	450	860	570	730	740	200	260	870	450	540	660	580	400	480	280	170	500	650	770	910	790	400	870	320	660	140	730	300	490	750	270	890	490	370	430	130	720	240	470	430	870	540	830	180	480	930	910	650	300	140	720	890	1000	290	500	980	890	610	600	440	550	340	330	970	310	990	290	870	930	620	830	550	990	570	700	840	670	250	700	740	460	630	490	920	410	850	870	990	500	800	930	270	1000	140	630	840	930	210	190	870	700	330	480	320	420	740	930	480	760	370	890	300	950	100	750	670	860	320	130	240	840	670	350	450	930	490	160	680	680	690	220	160	160	350	420	600	130	210	630	200	730	690	800	190	180	520	940	260	560	680	250	520	160	460	690	440	380	540	750	460	510	830	710	820	350	820	900	830	230	870	960	110	850	370	540	600	990	140	970	800	570	160	350	340	400	140	290	1000	470	510	670	440	710	690	600	1000	490	920	110	880	780	220	200	320	190	390	100	810	720	110	200	480	170	750	670	570	690	790	250	600	260	410	170	640	260	440	220	960	710	790	870	100	170	150	160	940	780	820	650	860	390	320	360	410	340	600	380	420	350	640	570	240	950	370	240	360	360	140	410	270	220	350	410	590	810	630	850	860	990	730	340	120	840	640	910	1000	730	440	890	850	510	880	680	480	830	530	250	760	220	570	380	560	870	240	780	210	150	960	210	810	800	590	250	970	360	840	560	990	910	700	740	240	530	850	670	380	480	430	340	450	160	180	840	520	970	630	360	130	390	890	540	930	720	550	120	160	870	980	310	510	260	710	900	560	530	370	560	310	290	260	250	600	480	880	400	1000	490	610	260	990	920	680	240	230	1000	760	480	700	840	410	900	340	570	990	280	840	770	700	140	220	530	550	680	470	290	650	330	110	440	830	290	660	360	280	500	500	440	400	610	340	410	650	650	990	220	230	280	420	680	590	580	650	350	800	650	160	130	200	880	810	420	610	890	310	540	630	220	730	990	350	100	910	390	680	150	140	860	280	390	140	450	330	640	290	760	900	560	570	990	370	640	210	310	370	400	970	820	960	990	520	870	670	880	790	930	700	490	610	280	1000	610	170	330	840	650	770	210	450	330	400	730	420	340	840	720	910	250	490	260	840	240	600	330	780	190	490	580	330	560	840	740	280	900	110	440	510	530	570	470	530	820	420	760	580	970	440	610	910	370	700	480	900	800	350	430	760	160	880	360	840	620	270	300	990	970	390	660	580	960	740	540	720	450	1000	450	520	770	790	940	480	770	450	510	810	840	830	770	290	190	590	860	920	590	660	850	480	790	200	770	380	220	470	550	620	830	430	500	1000	660	680	670	720	630	150	310	670	310	620	410	510	460	780	580	170	370	830	690	420	520	270	440	730	280	320	630	660	380	990	700	580	220	370	170	470	900	150	140	520	940	480	870	630	150	640	270	710	770	320	780	1000	260	390	880	450	640	910	240	930	850	300	290	150	260	750	920	630	550	1000	750	300	690	980	460	180	910	610	960	120	750	560	240	190	910	830	770	600	280	940	350	690	420	220	600	570	660	250	770	140	140	160	780	990	490	530	570	920	650	760	190	490	510	980	330	480	570	700	110	390	170	540	140	870	830	930	110	390	930	770	450	850	140	770	150	300	510	740	380	750	980	670	110	690	890	430	710	130	800	320	800	830	150	130	580	460	180	750	650	730	820	660	570	520	120	460	920	670	690	390	990	500	660	180	510	460	640	550	650	160	880	740	580	840	470	830	930	150	390	280	620	590	180	470	540	430	370	540	370	710	930	610	590	480	400	500	110	620	290	780	690	650	520	430	230	340	500	590	340	250	360	160	340	800	790	640	900	460	640	260	410	390	910	510	890	300	930	630	730	500	540	700	930	890	400	750	800	250	550	300	870	620	590	780	850	200	790	780	670	550	320	370	490	510	600	1000	120	870	570	750	250	690	510	200	310	900	990	250	670	540	280	150	310	290	670	890	410	360	280	470	200	870	830	150	320	160	250	810	970	490	760	490	600	210	780	830	580	220	290	910	550	490	800	520	100	890	660	870	590	720	250	400	990	150	900	200	870	280	570	670	640	510	380	760	650	210	920	800	900	910	760	850	990	980	700	360	490	230	140	180	660	870	680	330	540	600	360	340	870	800	860	540	180	940	650	500	610	740	340	340	680	650	950	190	210	930	480	550	570	200	760	230	210	140	530	200	520	820	240	810	510	910	330	940	910	840	950	720	300	120	990	790	430	100	680	110	280	390	460	780	180	110	740	460	790	730	720	980	880	370	140	730	620	590	580	740	240	260	190	960	960	760	250	330	850	520	480	850	520	870	340	330	930	180	690	710	610	250	580	320	930	100	390	330	910	450	470	110	180	800	860	590	190	220	280	350	410	920	620	730	260	500	990	970	970	840	130	630	810	830	760	160	690	490	590	440	640	970	170	170	490	740	580	620	920	230	460	790	530	880	850	270	880	650	930	980	290	400	480	140	140	200	520	970	520	100	680	670	530	470	710	390	220	840	110	570	210	350	310	270	670	190	640	950	150	680	700	330	530	520	100	960	550	440	800	700	790	980	810	950	980	790	490	680	490	410	380	700	790	720	870	830	240	790	780	850	710	540	200	1000	140	640	360	660	850	900	300	750	260	130	510	470	280	330	490	440	550	300	1000	410	970	760	700	700	530	850	860	610	310	940	250	570	500	820	730	450	480	500	530	950	840	930	400	820	320	300	590	380	990	110	700	370	970	520	960	140	380	600	860	1000	680	630	580	790	680	700	350	460	790	240	570	710	410	400	440	650	570	580	710	930	850	190	250	480	980	210	270	470	790	120	800	390	610	760	630	630	220	970	240	730	900	660	400	310	270	770	740	310	820	510	540	700	430	790	100	730	680	110	950	510	490	980	720	140	460	530	600	510	730	520	370	580	300	290	570	450	610	780	400	780	930	130	800	130	910	720	570	430	410	230	130	550	970	660	1000	690	440	180	720	760	650	490	420	940	900	130	250	880	890	170	570	380	960	790	670	650	550	110	490	230	410	660	520	660	930	750	150	300	690	650	150	200	200	370	530	510	930	340	180	660	150	350	880	760	280	950	690	350	500	760	480	190	260	660	670	800	410	360	370	580	960	950	870	950	380	580	460	390	660	110	280	230	700	560	200	920	180	900	620	570	690	700	830	570	710	290	450	560	770	690	880	760	170	410	320	240	850	730	330	940	420	490	970	120	180	810	1000	890	550	330	820	480	450	740	850	650	560	760	880	880	510	340	920	860	240	290	250	330	380	130	850	170	920	500	250	600	100	170	950	390	350	750	450	640	540	570	730	460	400	790	980	910	550	820	490	660	210	690	350	910	390	800	910	880	680	950	270	620	960	170	490	770	720	150	280	150	900	690	540	770	400	100	240	890	730	270	460	790	830	570	890	390	940	430	850	920	260	630	370	210	570	540	200	140	490	450	830	850	620	770	290	530	840	640	150	140	350	320	370	500	950	970	260	590	380	230	820	350	500	890	470	380	190	280	440	750	920	120	170	410	610	980	800	710	710	870	930	960	580	300	840	870	520	670	830	220	470	240	510	850	100	380	140	120	110	710	340	460	210	740	500	790	890	180	520	610	620	560	970	480	540	830	730	940	460	370	840	130	780	150	570	270	970	870	1000	560	270	780	860	180	780	170	320	740	920	360	840	130	940	340	730	400	410	790	920	510	960	100	770	730	510	170	830	610	650	850	910	950	630	200	850	590	620	780	650	490	580	500	150	490	230	770	230	600	280	130	940	570	220	880	410	160	420	150	530	220	330	710	490	220	990	290	350	680	850	120	990	590	130	740	790	420	410	980	710	330	890	160	250	560	710	850	620	280	220	240	190	980	470	780	970	300	710	200	690	640	110	380	650	640	390	480	280	440	820	240	270	280	400	630	500	220	680	700	180	360	520	870	570	860	440	870	850	650	750	940	900	210	930	900	700	350	540	400	530	850	370	1000	880	240	370	500	560	570	400	660	710	350	340	390	330	710	340	460	670	800	410	950	360	460	150	260	380	430	860	720	240	730	870	180	600	350	560	460	620	850	990	310	870	600	470	200	970	590	460	630	800	280	100	660	760	510	270	390	110	240	180	640	880	160	380	540	220	140	960	720	280	540	480	1000	630	190	490	380	760	280	820	540	370	630	920	810	370	980	980	970	260	120	620	260	720	980	180	200	610	190	390	960	170	820	440	840	310	300	260	630	340	670	720	630	620	480	710	230	290	480	790	930	390	540	200	950	520	710	160	540	550	410	570	710	500	170	300	720	290	460	570	520	890	920	740	400	530	180	170	760	290	330	730	630	380	740	480	330	110	630	860	850	350	830	260	790	670	880	380	100	480	440	130	390	480	640	730	890	970	250	590	450	620	110	750	1000	430	170	360	350	570	340	440	710	200	250	460	210	720	770	710	840	400	430	640	620	970	400	720	370	430	940	260	110	700	610	470	200	790	760	870	890	580	590	120	110	430	130	530	460	180	980	720	150	480	580	550	250	110	250	640	180	260	700	130	500	640	460	300	160	460	170	820	990	900	280	850	390	720	320	230	390	270	700	820	270	120	480	360	140	1000	330	150	940	420	670	420	310	400	810	780	820	370	810	150	650	150	390	550	640	690	740	430	830	490	860	290	260	830	850	220	560	630	990	770	710	920	580	160	930	290	510	810	640	200	960	980	130	530	470	380	720	880	830	180	410	380	330	400	840	660	950	640	540	220	780	950	690	190	820	160	360	950	350	200	850	460	260	560	190	360	650	560	650	370	990	630	720	280	720	490	730	270	980	950	520	420	960	740	730	300	740	940	420	330	960	710	570	360	730	920	960	700	490	890	960	250	190	200	480	470	910	370	310	730	210	290	630	180	980	990	590	820	820	200	230	880	990	580	800	740	930	570	590	840	460	160	100	460	640	180	770	300	790	440	570	550	940	980	550	320	220	670	880	910	280	710	340	300	870	560	170	300	850	740	330	980	820	570	700	930	660	630	360	1000	890	420	360	490	690	910	130	190	860	200	340	240	460	220	550	680	230	600	300	110	860	330	430	230	420	960	880	260	810	690	950	860	290	900	370	140	570	430	580	280	870	730	430	260	400	130	920	270	370	780	970	820	410	330	910	800	960	950	620	550	730	960	110	540	880	520	310	510	330	450	460	780	580	500	940	520	880	530	400	340	980	940	120	330	860	990	500	800	300	800	640	520	100	760	850	670	440	730	640	580	430	550	290	870	510	360	270	730	640	520	380	580	550	330	440	840	330	900	950	850	920	370	820	880	960	740	270	750	520	520	870	880	870	600	330	490	300	230	210	280	270	700	380	380	910	720	520	550	850	950	230	420	730	780	650	830	910	670	390	160	840	250	440	680	840	620	400	550	720	340	450	790	280	520	600	470	530	160	390	580	290	830	500	770	200	160	410	880	950	530	220	230	360	760	920	950	850	990	750	800	110	290	860	790	610	300	710	490	630	420	460	460	440	720	530	340	810	110	740	790	230	690	150	960	570	930	190	780	180	930	270	880	360	420	820	640	640	500	910	480	590	600	230	280	620	750	540	190	870	820	220	290	480	960	150	520	420	720	690	230	740	490	190	440	860	530	750	270	620	830	620	780	500	670	770	960	420	830	290	230	600	420	410	190	520	100	240	670	110	810	760	140	210	510	560	310	100	560	190	360	440	400	890	780	240	390	360	570	320	520	380	720	360	610	520	290	370	730	680	350	360	280	100	820	300	430	750	880	970	350	950	390	250	290	270	760	970	810	920	200	730	420	500	970	910	690	540	660	890	930	520	430	720	940	550	470	570	690	980	960	100	380	980	510	690	320	750	920	840	470	630	600	620	370	260	210	500	720	500	280	660	610	630	770	630	280	760	430	510	870	360	430	450	690	220	880	910	570	110	230	200	830	900	330	780	360	860	550	920	380	400	460	850	820	750	640	800	950	150	740	280	980	350	740	230	700	860	800	680	670	440	330	850	660	340	690	530	660	850	640	200	280	580	420	400	240	140	350	390	350	620	860	750	370	190	780	340	680	880	430	400	440	950	690	670	130	690	600	730	210	700	840	200	960	560	270	390	540	930	680	590	740	770	790	770	880	700	300	660	570	680	620	290	950	310	120	990	730	630	100	520	400	170	800	960	850	290	330	110	550	580	870	530	580	710	140	350	460	470	960	500	310	470	520	970	230	660	970	640	350	490	460	170	680	580	400	570	550	680	220	420	410	860	280	380	580	190	610	430	250	770	670	810	920	550	760	540	850	190	880	920	340	430	180	550	760	630	760	790	150	950	910	300	610	150	880	200	170	190	900	470	990	570	670	600	590	970	120	690	130	470	590	750	600	140	100	510	760	640	630	620	290	530	980	200	480	540	190	300	730	700	770	350	930	270	570	510	800	800	210	110	240	900	190	120	970	930	530	200	1000	100	540	200	220	280	720	670	410	360	880	650	780	760	230	560	330	110	890	160	780	320	920	190	800	620	600	940	410	450	440	200	580	490	530	590	850	780	780	620	920	500	360	540	450	880	710	340	240	500	610	230	680	630	860	130	700	100	470	630	250	780	910	110	800	800	690	580	460	190	250	160	830	890	700	680	660	390	440	920	180	150	670	170	650	490	830	470	710	500	770	380	470	640	710	370	950	430	440	580	520	450	720	960	330	360	540	320	590	870	250	420	100	110	710	790	230	220	300	930	820	110	490	510	350	900	980	690	490	1000	190	250	180	770	670	530	170	740	300	360	620	310	900	960	470	930	490	950	970	630	140	990	890	890	350	810	760	730	630	570	630	870	160	700	800	510	750	860	460	360	300	850	290	130	780	590	440	980	710	700	600	590	710	170	710	910	440	500	280	680	100	160	810	520	480	610	350	370	810	670	430	530	670	130	490	410	510	380	700	700	730	150	980	350	710	790	660	240	920	970	890	370	120	850	670	220	230	680	420	550	660	940	770	640	720	460	110	440	200	240	830	990	550	460	590	390	560	850	570	660	730	140	210	900	720	460	840	390	890	260	910	620	330	190	240	740	400	880	270	520	560	220	790	180	740	250	300	890	120	500	940	550	870	660	560	250	830	280	180	290	140	840	970	990	150	460	430	300	910	180	510	330	480	700	590	700	770	920	500	790	390	100	210	130	900	490	430	500	460	310	130	320	900	860	760	600	890	930	700	950	450	220	430	940	400	110	410	500	880	970	790	670	250	430	400	360	670	510	670	800	780	410	210	110	620	970	890	850	880	200	850	210	500	870	820	940	920	230	710	400	650	460	930	610	390	280	470	730	880	920	740	890	240	810	660	960	490	660	140	300	910	240	440	700	240	120	660	310	370	280	690	160	730	290	760	530	870	200	710	540	300	460	210	420	500	290	590	960	470	500	980	540	550	320	260	240	190	770	560	120	100	690	890	270	220	290	480	390	890	930	190	110	990	430	830	200	540	570	690	670	440	650	900	840	320	870	360	440	570	880	990	350	790	230	580	330	560	590	380	610	450	380	390	470	700	810	200	970	330	290	770	940	290	540	440	630	680	590	160	990	380	780	970	580	350	870	550	680	740	140	950	280	630	320	820	130	500	300	450	730	330	430	280	510	520	970	360	630	380	730	690	320	200	290	120	460	890	330	520	150	130	550	690	510	220	400	300	550	320	190	160	800	580	580	880	780	540	570	790	600	220	750	940	860	820	920	140	860	250	210	910	940	820	180	150	170	820	930	890	140	570	350	970	720	640	690	930	840	840	720	490	490	340	820	660	830	270	250	420	530	590	970	750	370	750	830	830	590	900	290	660	630	280	870	950	700	860	770	210	600	680	990	980	160	550	530	760	140	590	560	400	430	990	370	580	930	540	190	220	320	560	580	180	570	660	1000	390	680	140	410	880	240	590	840	370	790	920	810	320	950	180	710	230	380	410	490	150	110	460	340	760	470	480	520	180	240	740	790	250	980	850	900	120	520	460	890	910	270	240	380	310	400	290	990	850	480	220	620	180	660	470	720	400	970	530	840	470	330	810	330	930	520	250	550	360	300	350	340	730	780	610	520	520	250	250	350	420	870	450	260	260	700	510	280	1000	950	740	210	830	200	1000	440	520	860	630	800	240	850	150	660	860	140	490	910	610	190	760	280	760	200	620	630	910	940	640	580	280	430	810	200	700	790	740	260	320	480	910	280	480	160	810	640	440	950	570	320	840	440	800	430	840	680	840	320	810	800	590	280	330	800	500	430	440	810	470	500	610	680	420	690	810	750	180	290	980	810	360	150	460	250	180	700	830	690	520	970	600	920	310	400	430	420	130	990	170	620	170	820	420	950	860	330	880	210	810	840	580	180	600	950	770	110	220	430	640	850	370	370	300	200	560	260	340	410	390	300	540	260	940	590	880	520	910	610	360	580	400	190	940	410	710	450	180	780	210	530	870	560	870	870	580	110	390	530	770	830	450	570	510	710	930	180	440	810	410	600	340	600	880	900	410	980	430	510	200	370	870	190	960	280	250	560	860	670	160	460	500	490	500	320	940	960	810	200	790	670	790	550	540	320	890	730	420	780	830	980	940	510	140	980	140	140	740	470	780	410	820	990	600	410	440	950	860	200	230	850	130	410	380	980	320	800	510	860	590	960	910	950	570	520	170	880	920	750	490	770	250	480	430	430	220	600	470	460	930	190	350	890	240	610	610	760	940	430	260	620	180	300	210	930	340	530	990	200	190	910	730	640	570	590	270	560	570	990	170	120	520	200	910	860	870	260	660	650	460	320	870	670	760	130	860	640	500	820	300	760	390	170	970	380	780	500	800	910	910	770	600	370	770	590	100	480	960	700	250	200	700	290	480	670	650	180	230	330	960	730	740	1000	710	960	190	870	960	820	830	640	270	460	680	420	630	710	500	110	830	310	290	500	680	520	730	570	130	170	180	970	740	730	200	380	340	790	100	710	850	790	500	350	700	740	610	250	950	830	400	610	770	350	540	340	390	960	590	820	880	200	810	860	270	650	710	740	970	410	790	460	750	940	870	360	200	830	350	480	790	340	860	550	570	290	930	270	700	190	790	240	700	950	210	180	1000	550	900	760	950	140	780	600	220	650	400	790	740	850	570	160	600	220	820	890	550	970	250	770	140	780	520	780	630	720	800	980	710	370	350	690	210	560	220	120	870	810	460	600	300	110	300	710	840	970	560	830	460	970	110	120	300	460	110	760	110	310	230	200	550	160	340	590	670	510	170	490	170	160	920	670	290	110	810	380	830	610	500	910	860	690	460	240	110	330	640	890	370	210	440	620	210	810	560	300	910	430	560	550	720	480	970	420	570	530	440	240	1000	140	300	510	430	440	250	560	260	980	690	190	950	650	620	980	170	560	650	340	830	400	670	910	260	440	180	230	560	150	270	330	570	910	710	820	1000	790	670	250	390	500	430	520	320	730	110	160	590	990	750	610	460	370	650	810	240	170	460	630	110	980	460	870	640	290	910	780	290	930	820	360	230	780	320	580	880	110	590	760	350	110	460	560	160	350	990	780	880	110	170	900	830	900	190	470	410	790	900	710	380	870	370	320	620	210	780	300	510	720	270	610	640	1000	970	830	350	170	100	880	1000	760	260	880	240	350	120	340	300	470	350	420	620	600	650	700	200	480	760	840	850	910	410	870	220	830	930	580	200	400	270	250	840	340	280	400	650	750	990	590	180	300	170	930	380	490	410	1000	480	220	500	640	430	750	110	570	730	360	540	180	530	160	380	170	950	430	210	370	540	300	190	780	880	100	850	580	990	420	910	150	100	670	840	360	240	990	430	670	750	450	370	640	720	220	780	920	610	120	470	520	200	340	530	770	280	170	900	240	870	100	920	470	290	670	890	540	700	280	170	800	500	920	1000	950	780	280	230	660	430	890	950	390	160	540	720	500	610	670	760	800	200	520	940	970	340	380	400	340	490	560	740	590	100	120	860	560	520	720	720	360	310	140	680	530	910	220	840	280	710	980	860	990	120	640	430	440	400	380	730	750	110	920	890	180	790	620	550	120	250	660	130	120	470	210	580	170	130	610	100	820	610	310	720	120	780	690	600	650	630	130	680	500	550	110	660	540	760	1000	320	210	510	570	490	940	590	850	230	230	190	930	800	680	290	720	820	380	210	160	170	640	940	430	700	780	520	430	160	140	950	470	350	940	350	260	380	830	480	620	600	210	780	670	800	100	850	170	250	200	420	440	930	680	880	720	280	700	980	930	780	850	420	310	460	620	540	390	780	860	310	910	100	320	210	570	180	970	680	520	920	150	370	970	580	1000	440	410	840	570	890	180	940	800	420	830	960	770	740	100	930	770	960	610	370	600	800	350	620	960	390	180	470	910	530	880	950	130	860	480	310	510	190	990	200	770	280	170	900	940	430	650	840	930	920	370	800	630	390	750	320	260	620	220	280	140	910	570	940	430	530	580	440	830	140	560	840	820	360	400	790	550	220	490	830	170	270	520	810	680	450	260	890	190	400	460	130	200	100	270	460	250	350	830	740	980	640	540	440	700	420	960	700	650	880	510	980	650	590	470	460	610	560	140	600	950	570	750	950	390	820	310	120	150	270	630	480	100	100	110	220	990	190	730	280	540	300	300	860	680	690	290	410	180	990	440	240	840	390	670	620	240	140	820	580	360	930	250	310	590	970	550	370	800	460	340	380	800	430	800	800	690	570	990	550	120	970	560	640	720	460	150	520	880	720	420	830	420	520	290	130	840	380	440	520	790	670	410	990	630	970	680	150	400	940	710	430	470	640	590	540	280	230	400	550	140	260	800	100	810	110	130	740	320	480	640	420	990	480	520	860	580	780	490	860	950	150	560	630	910	170	330	570	120	130	150	820	950	720	340	250	320	240	140	630	920	800	870	990	830	820	950	360	390	260	840	920	170	200	220	870	660	700	520	260	420	830	290	320	430	250	620	520	650	430	310	570	850	590	270	650	320	140	480	880	1000	700	580	540	950	400	900	550	830	340	850	300	430	480	230	230	690	250	410	890	610	200	870	520	290	480	900	870	120	570	450	830	880	570	950	140	160	190	730	100	480	610	260	460	690	900	690	880	360	850	100	370	760	640	520	540	400	540	500	400	630	450	880	230	210	850	500	760	1000	260	660	380	210	210	330	770	280	700	810	690	750	240	870	710	250	330	460	140	710	910	920	940	580	310	250	500	360	360	570	470	630	890	150	190	550	720	450	880	460	430	350	290	690	700	310	540	240	800	700	820	800	960	950	950	670	720	180	930	780	650	720	590	110	600	650	380	990	230	370	700	160	880	680	980	630	560	570	720	170	950	540	250	160	160	410	970	840	870	170	140	970	510	380	470	250	900	850	720	460	120	180	160	300	680	920	680	930	220	130	460	690	280	560	890	840	890	960	990	400	900	260	1000	840	1000	700	180	140	860	400	450	950	860	770	790	1000	990	420	130	870	780	450	580	140	870	320	580	350	710	850	830	720	960	310	920	530	620	990	500	980	460	820	340	970	340	310	750	480	940	190	440	730	680	960	770	130	230	610	600	780	290	670	890	930	960	280	180	310	700	850	490	820	500	1000	980	620	670	960	350	860	180	700	1000	880	600	570	630	400	920	580	200	300	900	570	690	900	780	460	580	150	440	550	680	650	410	350	290	690	130	380	300	350	780	750	550	440	220	190	680	610	530	440	210	970	340	310	850	890	600	360	750	610	910	810	550	170	240	400	250	610	700	450	820	340	370	170	820	880	860	710	430	660	860	550	940	960	810	890	670	280	450	660	290	660	920	580	380	190	240	120	830	740	880	750	810	660	360	790	570	840	600	220	210	520	570	720	800	960	580	720	650	300	750	910	400	540	400	800	290	560	890	370	930	930	120	550	340	680	830	540	670	530	310	440	880	180	140	160	610	750	270	540	860	220	420	290	330	610	690	570	650	450	140	910	520	690	830	410	540	600	790	710	800	750	550	960	770	130	920	370	430	210	120	560	730	430	180	120	120	940	880	180	330	1000	560	840	900	470	490	510	350	910	950	330	510	570	690	470	210	180	670	640	690	470	780	890	210	920	490	730	420	500	900	800	830	270	170	240	170	560	910	930	770	710	750	440	290	890	540	530	460	180	550	460	770	540	230	970	440	680	370	170	970	590	980	580	960	890	180	380	560	550	200	980	410	270	310	200	190	710	430	960	650	260	340	820	930	210	960	920	180	720	1000	580	710	270	590	260	790	620	470	220	590	650	610	310	810	580	260	770	770	790	820	510	330	530	370	960	810	950	610	130	740	540	980	810	880	350	500	480	290	150	940	300	600	470	490	800	200	120	920	400	620	550	520	530	770	680	560	420	250	520	650	210	280	680	120	710	530	880	730	450	640	360	740	300	260	980	490	570	810	510	710	200	500	230	320	470	760	130	280	110	520	200	500	690	410	280	860	920	510	260	210	980	200	380	860	540	700	530	400	160	750	360	570	400	120	390	320	510	160	260	580	790	680	640	160	970	830	910	210	610	980	740	190	350	880	490	780	440	230	430	920	400	990	870	520	100	340	970	280	920	900	950	500	360	710	240	390	450	340	840	270	360	910	740	550	580	810	470	850	900	630	940	190	320	290	420	810	650	970	160	430	600	390	700	220	740	310	180	1000	650	260	660	490	410	470	970	460	580	480	160	780	820	980	490	310	680	520	250	680	330	110	290	250	280	850	590	820	220	680	990	610	650	470	300	960	490	960	290	630	460	250	990	730	450	850	380	880	750	530	240	670	170	410	320	210	200	550	590	710	620	330	590	630	760	380	320	290	690	170	170	820	880	640	280	130	860	720	460	550	200	810	170	160	570	590	970	230	850	600	180	120	950	480	820	700	190	270	250	210	970	610	370	370	170	680	430	670	370	830	720	830	210	340	690	500	770	390	660	130	290	840	850	910	640	750	290	810	160	620	850	790	920	460	460	980	740	140	310	100	540	140	840	280	580	440	680	580	260	600	460	610	780	230	180	170	300	600	390	150	810	610	450	560	580	920	330	470	940	390	420	390	730	230	870	500	210	530	890	720	520	610	390	100	340	920	590	830	430	920	660	470	100	840	840	310	540	990	460	250	260	710	410	510	960	490	710	220	300	620	750	540	610	710	760	840	830	280	640	870	610	330	800	370	760	960	180	630	100	130	950	830	660	510	960	810	550	660	570	250	250	720	860	530	840	200	130	660	630	800	230	840	130	720	280	620	530	560	130	520	430	580	370	720	600	660	420	590	290	170	550	580	610	1000	990	640	220	510	200	260	310	500	300	360	760	250	630	260	610	480	530	460	610	680	190	870	410	910	580	990	460	190	830	410	860	190	410	670	380	360	490	940	190	290	250	480	270	700	530	940	400	740	400	600	840	770	740	340	560	810	790	240	730	850	910	240	920	790	840	340	700	190	500	340	410	680	360	570	530	360	630	690	160	770	980	430	980	290	600	1000	300	570	690	170	660	480	980	220	930	170	890	670	950	890	380	810	680	180	200	740	600	980	440	290	400	130	920	960	850	640	400	170	250	960	860	440	860	210	620	1000	520	880	800	870	430	620	360	180	290	740	720	390	560	280	340	580	250	240	870	760	190	130	410	470	210	860	560	740	970	140	550	650	550	930	500	720	850	240	420	560	940	970	150	370	920	660	170	670	880	560	390	770	110	610	300	240	490	950	170	240	660	390	900	370	770	180	730	460	550	370	440	190	830	680	790	410	300	790	440	650	860	730	480	530	380	410	690	880	330	540	700	830	550	660	190	260	930	950	400	640	230	850	850	410	540	
1
