6426
120
3
90
0	0	0	0	0	0	0	0	0	0	0	0	48	0	0	0	0	0	0	0	0	0	0	0	0	0	0	0	0	0	0	0	0	0	0	0	0	0	0	0	0	0	0	0	0	0	0	0	0	0	0	0	0	0	0	0	0	0	0	0	0	0	0	0	48	0	0	0	0	0	0	0	0	0	0	0	0	0	0	0	0	0	0	0	0	0	0	0	0	0	0	0	0	0	0	0	0	0	48	0	0	0	0	0	0	0	0	0	0	0	0	0	0	0	0	0	0	0	0	0	
0	0	0	0	0	0	0	0	0	0	0	0	0	0	0	0	0	0	0	0	0	0	0	0	0	0	0	0	0	0	0	0	0	0	0	0	0	0	0	0	0	0	0	0	0	0	0	0	0	48	0	0	0	0	0	0	0	0	0	0	0	0	0	0	0	48	0	0	0	0	0	48	0	0	0	0	0	0	0	0	0	0	0	0	0	0	0	0	0	0	0	0	0	0	0	0	0	0	0	0	0	0	0	0	0	0	0	0	0	0	0	0	0	0	0	0	0	0	0	0	
0	0	0	0	48	0	0	0	0	0	0	0	0	0	0	0	0	0	0	0	0	0	0	0	0	0	0	0	0	0	0	0	0	0	0	0	0	0	0	0	0	48	0	0	0	0	0	0	0	0	0	0	0	0	0	0	0	0	0	0	0	0	0	0	0	0	0	0	0	0	0	0	0	0	0	0	0	0	0	0	0	0	0	0	0	0	0	0	0	0	0	0	0	0	0	0	0	0	0	0	0	0	0	0	0	0	0	0	0	0	0	48	0	0	0	0	0	0	0	0	
0	0	0	0	0	48	0	0	0	0	0	0	0	0	0	0	0	0	0	0	0	0	0	0	0	0	0	0	0	0	0	0	0	0	0	0	0	0	0	0	0	0	0	0	0	0	0	0	0	0	0	0	0	0	0	0	0	0	0	0	48	0	0	0	0	0	0	0	0	0	0	0	0	0	0	0	0	0	0	0	0	0	0	0	0	0	0	0	0	0	0	0	0	0	0	0	0	0	0	0	0	0	48	0	0	0	0	0	0	0	0	0	0	0	0	0	0	0	0	0	
0	0	48	0	0	0	0	0	0	0	0	0	0	0	0	0	0	0	0	0	0	0	0	0	0	0	0	0	0	0	0	0	0	0	0	0	0	0	0	0	0	0	0	0	0	0	0	0	0	0	0	0	0	0	0	0	0	0	0	0	0	0	0	0	0	0	0	0	0	0	48	0	0	0	0	0	0	0	0	0	0	0	0	0	0	48	0	0	0	0	0	0	0	0	0	0	0	0	0	0	0	0	0	0	0	0	0	0	0	0	0	0	0	0	0	0	0	0	0	0	
0	0	0	48	0	0	0	0	0	0	0	0	0	0	0	0	0	0	0	0	0	0	0	0	0	0	0	0	0	0	0	0	0	0	0	0	0	0	0	0	0	0	0	0	0	48	0	0	0	0	0	0	0	0	0	0	0	0	0	0	48	0	0	0	0	0	0	0	0	0	0	0	0	0	0	0	0	0	0	0	0	0	0	0	0	0	0	0	0	0	0	0	0	0	0	0	0	0	0	0	0	0	0	0	0	0	0	0	0	0	0	0	0	0	0	0	0	0	0	0	
0	0	0	0	0	0	0	0	0	0	0	0	0	0	0	0	0	0	48	0	0	0	0	0	0	48	0	0	0	0	0	0	0	0	0	0	0	0	0	0	0	0	0	0	0	0	0	0	0	0	0	0	0	0	0	0	0	0	0	0	0	0	0	0	0	0	0	0	0	0	0	0	0	0	0	0	0	0	0	0	0	0	0	0	0	0	0	0	0	0	0	0	0	48	0	0	0	0	0	0	0	0	0	0	0	0	0	0	0	0	0	0	0	0	0	0	0	0	0	0	
0	0	0	0	0	0	0	0	0	0	0	0	0	0	0	0	0	0	0	0	0	0	0	0	0	0	0	0	0	0	0	0	0	0	0	0	0	0	0	0	0	0	0	48	0	0	0	0	0	0	0	48	0	0	0	0	0	0	0	0	0	0	0	0	0	0	0	0	0	0	0	0	0	0	0	0	0	0	0	0	0	0	0	0	0	0	0	0	0	0	0	0	0	0	0	0	0	0	0	0	0	0	0	0	0	0	0	0	0	0	0	0	0	0	48	0	0	0	0	0	
0	0	0	0	0	0	0	0	0	0	0	0	0	0	0	0	0	0	0	0	0	0	0	0	0	0	0	0	0	0	0	0	0	0	0	0	0	0	0	0	0	0	0	0	0	0	0	0	0	0	0	0	0	0	0	0	0	0	0	0	0	0	0	0	0	0	0	0	0	0	0	0	0	0	0	0	0	0	0	0	0	0	0	0	0	0	0	0	0	0	0	0	48	0	48	0	48	0	0	0	0	0	0	0	0	0	0	0	0	0	0	0	0	0	0	0	0	0	0	0	
0	0	0	0	0	0	0	0	0	0	0	0	0	0	0	0	0	0	0	0	0	0	0	48	0	0	0	0	0	0	0	0	0	0	0	0	0	0	0	0	0	0	0	0	0	0	0	0	0	0	0	0	48	0	0	0	0	0	0	0	0	0	0	0	0	0	0	0	0	0	0	0	0	0	0	0	0	0	48	0	0	0	0	0	0	0	0	0	0	0	0	0	0	0	0	0	0	0	0	0	0	0	0	0	0	0	0	0	0	0	0	0	0	0	0	0	0	0	0	0	
0	0	0	0	0	0	0	0	0	0	0	0	48	0	0	0	0	0	0	48	0	0	48	0	0	0	0	0	0	0	0	0	0	0	0	0	0	0	0	0	0	0	0	0	0	0	0	0	0	0	0	0	0	0	0	0	0	0	0	0	0	0	0	0	0	0	0	0	0	0	0	0	0	0	0	0	0	0	0	0	0	0	0	0	0	0	0	0	0	0	0	0	0	0	0	0	0	0	0	0	0	0	0	0	0	0	0	0	0	0	0	0	0	0	0	0	0	0	0	0	
0	0	0	0	0	0	0	0	0	0	0	0	0	0	0	0	0	0	0	0	0	0	0	0	0	0	0	0	0	0	0	0	0	0	0	0	48	0	0	0	0	0	0	0	0	0	0	0	0	0	0	0	0	0	48	0	0	0	0	0	0	0	0	0	0	0	0	0	0	0	0	0	0	0	0	0	0	0	0	0	0	0	0	0	0	0	0	0	0	0	0	0	0	0	0	0	0	0	0	0	0	0	0	0	0	0	0	0	0	0	0	0	0	0	0	48	0	0	0	0	
48	0	0	0	0	0	0	0	0	0	48	0	0	0	0	0	0	0	0	0	0	0	0	0	0	0	0	0	0	0	0	0	0	0	0	0	0	0	0	0	0	0	0	0	0	0	0	0	0	0	0	0	0	0	0	0	0	0	0	0	0	0	0	0	48	0	0	0	0	0	0	0	0	0	0	0	0	0	0	0	0	0	0	0	0	0	0	0	0	0	0	0	0	0	0	0	0	0	0	0	0	0	0	0	0	0	0	0	0	0	0	0	0	0	0	0	0	0	0	0	
0	0	0	0	0	0	0	0	0	0	0	0	0	0	0	0	0	0	0	0	0	0	0	0	0	0	0	0	0	0	0	0	0	0	0	0	0	0	0	0	0	0	0	0	0	0	0	0	0	0	48	0	0	0	0	0	0	48	0	0	0	0	0	0	0	0	0	0	0	0	0	0	0	0	0	0	0	0	0	0	0	0	0	0	48	0	0	0	0	0	0	0	0	0	0	0	0	0	0	0	0	0	0	0	0	0	0	0	0	0	0	0	0	0	0	0	0	0	0	0	
0	0	0	0	0	0	0	0	0	0	0	0	0	0	0	0	0	0	0	0	0	0	0	0	0	0	0	0	0	0	48	0	0	0	0	0	0	0	0	48	0	0	0	0	0	0	0	0	0	0	0	0	0	0	0	0	0	0	0	0	0	0	0	0	0	0	0	0	0	0	0	0	0	0	0	0	0	0	0	0	0	0	0	0	0	0	0	0	0	0	0	0	0	0	0	0	0	0	0	0	0	0	0	0	0	0	0	0	0	0	0	0	0	0	48	0	0	0	0	0	
0	0	0	0	0	0	0	0	0	0	0	0	0	0	0	0	0	0	0	0	0	0	0	0	0	0	0	0	0	0	0	0	0	48	0	0	0	0	0	0	0	0	0	0	0	0	0	0	0	0	0	0	0	0	0	0	0	0	0	0	0	0	0	0	0	0	48	0	0	0	0	0	0	0	0	0	0	0	0	0	0	0	0	0	0	0	0	0	0	0	0	0	0	0	0	0	0	0	0	0	0	0	0	0	0	0	0	48	0	0	0	0	0	0	0	0	0	0	0	0	
0	0	0	0	0	0	0	0	0	0	0	0	0	0	0	0	0	0	0	0	0	0	0	0	0	0	0	0	0	0	0	0	0	0	0	0	0	0	0	0	0	0	0	0	0	0	0	0	0	0	0	0	48	0	0	0	0	0	0	0	0	0	0	0	0	0	0	0	0	0	0	0	0	0	0	0	0	0	0	48	0	0	0	0	0	0	0	0	0	0	0	0	0	0	0	0	0	0	0	0	0	0	0	0	0	0	48	0	0	0	0	0	0	0	0	0	0	0	0	0	
0	0	0	0	0	0	0	0	0	0	0	0	0	0	0	0	0	0	0	0	0	0	0	0	0	0	0	0	0	48	0	0	0	0	0	0	0	0	0	0	0	0	0	0	0	0	0	0	0	0	0	0	0	0	0	0	0	0	0	0	0	0	0	0	0	0	0	0	0	0	0	0	0	48	0	0	0	0	0	0	0	0	0	0	0	0	0	0	0	0	0	48	0	0	0	0	0	0	0	0	0	0	0	0	0	0	0	0	0	0	0	0	0	0	0	0	0	0	0	0	
0	0	0	0	0	0	48	0	0	0	0	0	0	0	0	0	0	0	0	0	0	0	0	0	0	48	0	0	0	0	0	0	0	0	0	0	0	0	0	0	0	0	0	0	0	0	0	0	0	0	0	0	0	0	0	0	0	0	0	0	0	0	0	0	0	0	0	0	0	0	0	0	0	0	0	0	0	0	0	0	0	0	0	0	0	0	0	0	0	0	0	0	0	48	0	0	0	0	0	0	0	0	0	0	0	0	0	0	0	0	0	0	0	0	0	0	0	0	0	0	
0	0	0	0	0	0	0	0	0	0	48	0	0	0	0	0	0	0	0	0	0	0	48	0	0	0	0	0	0	0	0	0	0	0	0	0	0	0	0	0	0	0	0	0	0	0	0	0	0	0	0	0	0	0	0	0	0	0	0	48	0	0	0	0	0	0	0	0	0	0	0	0	0	0	0	0	0	0	0	0	0	0	0	0	0	0	0	0	0	0	0	0	0	0	0	0	0	0	0	0	0	0	0	0	0	0	0	0	0	0	0	0	0	0	0	0	0	0	0	0	
0	0	0	0	0	0	0	0	0	0	0	0	0	0	0	0	0	0	0	0	0	0	0	0	0	0	0	0	0	0	0	0	0	0	0	0	0	0	0	0	0	0	0	0	0	0	0	0	0	0	0	0	0	0	0	0	0	0	0	48	0	0	48	0	0	0	0	0	0	0	0	0	0	0	0	0	0	0	0	0	0	0	0	0	0	0	0	0	0	0	0	0	0	0	0	0	0	0	0	0	0	0	0	0	0	0	0	0	0	0	0	0	0	0	0	0	0	0	0	48	
0	0	0	0	0	0	0	0	0	0	0	0	0	0	0	0	0	0	0	0	0	0	0	0	0	0	0	0	0	48	0	0	0	0	0	0	0	0	0	0	0	0	0	0	0	0	48	0	0	0	0	0	0	0	0	0	0	0	0	0	0	0	0	0	0	0	0	0	0	0	0	0	0	48	0	0	0	0	0	0	0	0	0	0	0	0	0	0	0	0	0	0	0	0	0	0	0	0	0	0	0	0	0	0	0	0	0	0	0	0	0	0	0	0	0	0	0	0	0	0	
0	0	0	0	0	0	0	0	0	0	48	0	0	0	0	0	0	0	0	48	0	0	0	0	0	0	0	0	0	0	0	0	0	0	0	0	0	0	0	0	0	0	0	0	0	0	0	0	0	0	0	0	0	0	0	0	0	0	0	48	0	0	0	0	0	0	0	0	0	0	0	0	0	0	0	0	0	0	0	0	0	0	0	0	0	0	0	0	0	0	0	0	0	0	0	0	0	0	0	0	0	0	0	0	0	0	0	0	0	0	0	0	0	0	0	0	0	0	0	0	
0	0	0	0	0	0	0	0	0	48	0	0	0	0	0	0	0	0	0	0	0	0	0	0	0	0	0	0	0	0	0	0	0	0	0	0	0	0	0	0	0	48	0	0	0	0	0	0	0	0	0	0	48	0	0	0	0	0	0	0	0	0	0	0	0	0	0	0	0	0	0	0	0	0	0	0	0	0	0	0	0	0	0	0	0	0	0	0	0	0	0	0	0	0	0	0	0	0	0	0	0	0	0	0	0	0	0	0	0	0	0	0	0	0	0	0	0	0	0	0	
0	0	0	0	0	0	0	0	0	0	0	0	0	0	0	0	0	0	0	0	0	0	0	0	0	0	0	0	0	48	0	0	0	0	0	0	0	0	0	0	0	0	0	0	0	0	0	0	0	0	0	0	0	0	0	0	0	0	0	0	0	0	0	0	0	0	0	0	0	0	0	0	0	0	0	0	48	0	0	0	0	0	0	0	0	0	0	0	0	0	0	0	0	0	0	0	0	0	0	0	0	0	0	0	0	0	0	0	0	48	0	0	0	0	0	0	0	0	0	0	
0	0	0	0	0	0	48	0	0	0	0	0	0	0	0	0	0	0	48	0	0	0	0	0	0	0	0	0	0	0	0	0	0	0	0	0	0	0	0	0	0	0	0	0	0	0	0	0	0	0	0	0	0	0	0	0	0	0	0	0	0	0	0	0	0	0	0	0	0	0	0	0	0	0	0	0	0	0	0	0	0	0	0	0	0	0	0	0	0	0	0	0	0	0	0	0	0	0	0	0	0	0	0	0	0	0	0	0	48	0	0	0	0	0	0	0	0	0	0	0	
0	0	0	0	0	0	0	0	0	0	0	0	0	0	0	0	0	0	0	0	0	0	0	0	0	0	0	0	0	0	0	48	0	0	0	0	0	0	0	0	0	0	0	0	0	0	0	0	0	0	0	0	0	0	0	0	0	0	0	0	0	0	0	0	0	0	0	0	48	0	0	0	48	0	0	0	0	0	0	0	0	0	0	0	0	0	0	0	0	0	0	0	0	0	0	0	0	0	0	0	0	0	0	0	0	0	0	0	0	0	0	0	0	0	0	0	0	0	0	0	
0	0	0	0	0	0	0	0	0	0	0	0	0	0	0	0	0	0	0	0	0	0	0	0	0	0	0	0	0	0	0	0	0	0	0	48	0	0	0	0	0	0	0	0	0	0	0	0	0	0	0	0	0	0	0	0	0	0	0	0	0	0	0	0	0	0	0	0	0	0	0	0	0	0	0	0	0	0	0	0	48	0	0	0	0	0	0	0	0	0	0	0	0	0	0	0	0	0	0	0	0	48	0	0	0	0	0	0	0	0	0	0	0	0	0	0	0	0	0	0	
0	0	0	0	0	0	0	0	0	0	0	0	0	0	0	0	0	0	0	0	0	0	0	0	0	0	0	0	0	0	0	0	0	0	0	0	0	0	0	0	0	0	0	0	0	0	0	0	0	0	0	0	0	0	0	0	48	0	0	0	0	0	0	0	0	0	0	0	0	0	0	0	0	0	0	0	0	0	0	48	0	0	0	0	0	0	0	0	0	0	0	0	0	0	0	0	0	0	0	0	0	0	0	0	0	0	48	0	0	0	0	0	0	0	0	0	0	0	0	0	
0	0	0	0	0	0	0	0	0	0	0	0	0	0	0	0	0	48	0	0	0	48	0	0	48	0	0	0	0	0	0	0	0	0	0	0	0	0	0	0	0	0	0	0	0	0	0	0	0	0	0	0	0	0	0	0	0	0	0	0	0	0	0	0	0	0	0	0	0	0	0	0	0	0	0	0	0	0	0	0	0	0	0	0	0	0	0	0	0	0	0	0	0	0	0	0	0	0	0	0	0	0	0	0	0	0	0	0	0	0	0	0	0	0	0	0	0	0	0	0	
0	0	0	0	0	0	0	0	0	0	0	0	0	0	48	0	0	0	0	0	0	0	0	0	0	0	0	0	0	0	0	0	0	0	0	0	0	0	0	48	0	0	0	0	0	0	0	0	0	0	0	0	0	0	0	0	0	0	0	0	0	0	0	0	0	0	0	0	0	0	0	0	0	0	0	0	0	0	0	0	0	0	0	0	0	0	0	0	0	0	0	0	0	0	0	0	0	0	0	0	0	0	0	0	0	0	0	0	0	0	0	0	0	0	48	0	0	0	0	0	
0	0	0	0	0	0	0	0	0	0	0	0	0	0	0	0	0	0	0	0	0	0	0	0	0	0	48	0	0	0	0	0	0	0	0	0	0	0	0	0	0	0	0	0	0	0	0	0	0	0	0	0	0	0	0	0	0	0	0	0	0	0	0	0	0	0	0	0	0	0	0	48	0	0	0	0	0	0	0	0	0	0	0	0	0	0	0	0	0	0	0	0	0	0	0	0	0	0	0	0	0	0	0	0	0	0	0	48	0	0	0	0	0	0	0	0	0	0	0	0	
0	0	0	0	0	0	0	0	0	0	0	0	0	0	0	0	0	0	0	0	0	0	0	0	0	0	0	0	0	0	0	0	0	0	0	0	0	0	0	0	0	0	0	0	0	0	0	0	0	0	0	0	0	0	0	0	0	0	0	0	0	0	0	0	48	0	0	0	0	0	0	0	0	0	0	0	0	0	0	0	0	0	0	0	0	0	48	0	0	0	0	0	0	0	0	0	0	0	0	0	0	0	0	0	0	0	0	0	0	0	0	0	0	0	0	0	0	0	0	48	
0	0	0	0	0	0	0	0	0	0	0	0	0	0	0	48	0	0	0	0	0	0	0	0	0	0	0	0	0	0	0	0	0	0	0	0	0	0	0	0	0	0	0	0	0	0	0	0	0	0	0	0	0	0	0	0	0	0	0	0	0	0	0	0	0	0	0	0	0	0	0	48	0	0	0	0	0	48	0	0	0	0	0	0	0	0	0	0	0	0	0	0	0	0	0	0	0	0	0	0	0	0	0	0	0	0	0	0	0	0	0	0	0	0	0	0	0	0	0	0	
0	0	0	0	0	0	0	0	0	0	0	0	0	0	0	0	0	0	0	0	0	0	0	0	0	0	0	0	0	0	0	0	0	0	0	0	0	0	0	0	0	0	0	0	0	0	0	0	0	0	0	0	0	0	0	0	0	0	0	0	0	0	0	0	0	0	0	0	0	0	0	0	0	48	0	0	0	0	0	0	0	0	0	0	0	0	0	0	0	0	0	48	0	0	0	0	0	0	0	0	0	0	0	0	0	0	0	0	0	0	0	0	0	48	0	0	0	0	0	0	
0	0	0	0	0	0	0	0	0	0	0	0	0	0	0	0	0	0	0	0	0	0	0	0	0	0	0	48	0	0	0	0	0	0	0	0	0	0	0	0	0	0	0	0	0	0	0	0	0	0	0	0	0	0	0	0	0	0	0	0	0	0	0	0	0	0	0	0	0	0	0	0	0	0	0	0	0	0	0	0	48	0	0	0	0	0	0	0	0	0	0	0	0	0	0	0	0	0	0	0	0	48	0	0	0	0	0	0	0	0	0	0	0	0	0	0	0	0	0	0	
0	0	0	0	0	0	0	0	0	0	0	48	0	0	0	0	0	0	0	0	0	0	0	0	0	0	0	0	0	0	0	0	0	0	0	0	0	0	0	0	0	0	0	0	0	0	0	0	0	0	0	0	0	0	0	0	0	0	0	0	0	0	0	0	0	0	0	0	0	0	0	0	0	0	0	48	0	0	0	0	0	0	0	0	0	0	0	0	0	0	0	0	0	0	0	0	0	0	0	0	0	0	0	0	0	0	0	0	0	0	0	0	0	0	0	48	0	0	0	0	
0	0	0	0	0	0	0	0	0	0	0	0	0	0	0	0	0	0	0	0	0	0	0	0	0	0	0	0	0	0	0	0	0	0	0	0	0	0	0	0	0	0	0	0	0	0	0	0	0	0	0	0	0	0	0	0	48	0	0	0	0	0	0	0	0	0	0	0	0	0	0	0	0	0	0	0	0	0	0	0	0	0	0	0	0	0	0	0	0	0	0	0	0	0	0	0	0	0	0	0	0	0	0	0	48	0	48	0	0	0	0	0	0	0	0	0	0	0	0	0	
0	0	0	0	0	0	0	0	0	0	0	0	0	0	0	0	0	0	0	0	0	0	0	0	0	0	0	0	0	0	0	0	0	0	0	0	0	0	0	48	0	0	0	0	0	0	0	0	0	48	0	0	0	0	0	0	0	0	0	0	0	0	0	0	0	48	0	0	0	0	0	0	0	0	0	0	0	0	0	0	0	0	0	0	0	0	0	0	0	0	0	0	0	0	0	0	0	0	0	0	0	0	0	0	0	0	0	0	0	0	0	0	0	0	0	0	0	0	0	0	
0	0	0	0	0	0	0	0	0	0	0	0	0	0	48	0	0	0	0	0	0	0	0	0	0	0	0	0	0	0	48	0	0	0	0	0	0	0	48	0	0	0	0	0	0	0	0	0	0	0	0	0	0	0	0	0	0	0	0	0	0	0	0	0	0	0	0	0	0	0	0	0	0	0	0	0	0	0	0	0	0	0	0	0	0	0	0	0	0	0	0	0	0	0	0	0	0	0	0	0	0	0	0	0	0	0	0	0	0	0	0	0	0	0	0	0	0	0	0	0	
0	0	0	0	0	0	0	0	0	0	0	0	0	0	0	0	0	0	0	0	0	0	0	0	0	0	0	0	0	0	0	0	0	0	0	0	0	0	0	0	0	0	0	0	0	0	0	0	0	0	0	0	0	0	0	0	0	0	0	0	0	0	0	48	0	0	0	0	0	0	48	0	0	0	0	0	0	0	0	0	0	0	0	0	0	0	0	0	0	0	0	0	0	0	0	0	0	0	0	0	0	0	0	0	0	0	0	0	0	0	0	0	0	0	0	0	0	0	48	0	
0	0	48	0	0	0	0	0	0	0	0	0	0	0	0	0	0	0	0	0	0	0	0	48	0	0	0	0	0	0	0	0	0	0	0	0	0	0	0	0	0	0	0	0	0	0	0	0	0	0	0	0	0	0	0	0	0	0	0	0	0	0	0	0	0	0	0	0	0	0	0	0	0	0	0	0	0	0	0	0	0	0	0	0	0	0	0	48	0	0	0	0	0	0	0	0	0	0	0	0	0	0	0	0	0	0	0	0	0	0	0	0	0	0	0	0	0	0	0	0	
0	0	0	0	0	0	0	0	0	0	0	0	0	0	0	0	0	0	0	0	0	0	0	0	0	0	0	0	0	0	0	0	0	0	0	0	0	0	0	0	0	0	0	0	0	0	0	0	0	0	0	0	0	0	0	0	0	0	0	0	0	0	0	0	0	0	0	48	0	0	0	0	0	0	0	0	0	0	0	0	0	0	0	0	0	0	0	0	0	0	0	0	48	0	0	0	0	0	0	0	0	0	0	0	0	0	0	0	0	0	48	0	0	0	0	0	0	0	0	0	
0	0	0	0	0	0	0	48	0	0	0	0	0	0	0	0	0	0	0	0	0	0	0	0	0	0	0	0	0	0	0	0	0	0	0	0	0	0	0	0	0	0	0	0	0	0	0	0	0	0	0	48	0	0	0	0	0	0	0	0	0	0	0	0	0	0	0	0	0	0	0	0	0	0	0	0	0	0	0	0	0	0	0	0	0	0	0	0	0	0	48	0	0	0	0	0	0	0	0	0	0	0	0	0	0	0	0	0	0	0	0	0	0	0	0	0	0	0	0	0	
0	0	0	0	0	0	0	0	0	0	0	0	0	0	0	0	0	0	0	0	0	0	0	0	0	0	0	0	0	0	0	0	0	0	0	0	0	0	0	0	0	0	0	0	0	0	48	0	0	0	0	0	0	0	0	0	0	0	0	0	0	0	0	0	0	0	0	0	0	0	0	0	0	0	0	0	0	0	0	0	0	0	0	48	0	0	0	0	0	48	0	0	0	0	0	0	0	0	0	0	0	0	0	0	0	0	0	0	0	0	0	0	0	0	0	0	0	0	0	0	
0	0	0	0	0	48	0	0	0	0	0	0	0	0	0	0	0	0	0	0	0	0	0	0	0	0	0	0	0	0	0	0	0	0	0	0	0	0	0	0	0	0	0	0	0	0	0	0	0	0	0	0	0	0	0	0	0	0	0	0	48	0	0	0	0	0	0	0	0	0	0	0	0	0	0	0	0	0	0	0	0	0	0	0	0	0	0	0	0	0	0	0	0	48	0	0	0	0	0	0	0	0	0	0	0	0	0	0	0	0	0	0	0	0	0	0	0	0	0	0	
0	0	0	0	0	0	0	0	0	0	0	0	0	0	0	0	0	0	0	0	0	48	0	0	0	0	0	0	0	0	0	0	0	0	0	0	0	0	0	0	0	0	0	0	48	0	0	0	0	0	0	0	0	0	0	0	0	0	0	0	0	0	0	0	0	0	0	0	0	0	0	0	0	0	0	0	0	0	0	0	0	48	0	0	0	0	0	0	0	0	0	0	0	0	0	0	0	0	0	0	0	0	0	0	0	0	0	0	0	0	0	0	0	0	0	0	0	0	0	0	
0	0	0	0	0	0	0	0	0	0	0	0	0	0	0	0	0	0	0	0	0	0	0	0	0	0	0	0	0	0	0	0	0	0	0	0	0	0	0	0	0	0	0	0	0	0	0	0	0	0	0	0	0	0	0	0	0	0	0	0	0	48	0	0	0	0	0	0	0	48	0	0	0	0	0	0	0	0	0	0	0	0	0	0	0	0	0	0	0	0	0	0	0	0	48	0	0	0	0	0	0	0	0	0	0	0	0	0	0	0	0	0	0	0	0	0	0	0	0	0	
0	0	0	0	0	0	0	0	0	0	0	0	0	0	0	0	0	0	0	0	0	0	0	0	0	0	0	0	0	0	0	0	0	0	0	0	0	0	0	0	0	0	0	0	0	0	0	0	0	0	0	0	0	0	0	0	0	0	0	0	0	0	0	48	0	0	0	0	0	0	0	0	0	0	0	0	0	0	0	0	0	0	0	0	0	0	0	0	0	0	0	0	0	0	0	0	0	0	0	48	0	0	0	0	0	0	0	0	0	0	0	0	0	0	0	0	0	48	0	0	
0	48	0	0	0	0	0	0	0	0	0	0	0	0	0	0	0	0	0	0	0	0	0	0	0	0	0	0	0	0	0	0	0	0	0	0	0	0	48	0	0	0	0	0	0	0	0	0	0	0	0	0	0	0	0	0	0	0	0	0	0	0	0	0	0	48	0	0	0	0	0	0	0	0	0	0	0	0	0	0	0	0	0	0	0	0	0	0	0	0	0	0	0	0	0	0	0	0	0	0	0	0	0	0	0	0	0	0	0	0	0	0	0	0	0	0	0	0	0	0	
0	0	0	0	0	0	0	0	0	0	0	0	0	48	0	0	0	0	0	0	0	0	0	0	0	0	0	0	0	0	0	0	0	0	0	0	0	0	0	0	0	0	0	0	0	0	0	0	0	0	0	0	0	0	0	0	0	0	0	0	0	48	0	0	0	0	0	0	0	0	0	0	0	0	0	0	0	0	0	0	0	0	0	0	48	0	0	0	0	0	0	0	0	0	0	0	0	0	0	0	0	0	0	0	0	0	0	0	0	0	0	0	0	0	0	0	0	0	0	0	
0	0	0	0	0	0	0	48	0	0	0	0	0	0	0	0	0	0	0	0	0	0	0	0	0	0	0	0	0	0	0	0	0	0	0	0	0	0	0	0	0	0	0	48	0	0	0	0	0	0	0	0	0	0	0	0	0	0	0	0	0	0	0	0	0	0	0	0	0	0	0	0	0	0	0	0	0	0	0	0	0	0	0	0	0	0	0	0	0	0	48	0	0	0	0	0	0	0	0	0	0	0	0	0	0	0	0	0	0	0	0	0	0	0	0	0	0	0	0	0	
0	0	0	0	0	0	0	0	0	48	0	0	0	0	0	0	48	0	0	0	0	0	0	48	0	0	0	0	0	0	0	0	0	0	0	0	0	0	0	0	0	0	0	0	0	0	0	0	0	0	0	0	0	0	0	0	0	0	0	0	0	0	0	0	0	0	0	0	0	0	0	0	0	0	0	0	0	0	0	0	0	0	0	0	0	0	0	0	0	0	0	0	0	0	0	0	0	0	0	0	0	0	0	0	0	0	0	0	0	0	0	0	0	0	0	0	0	0	0	0	
0	0	0	0	0	0	0	0	0	0	0	0	0	0	0	0	0	0	0	0	0	0	0	0	0	0	0	0	0	0	0	0	0	0	0	0	0	0	0	0	0	0	0	0	0	0	0	0	0	0	0	0	0	0	0	48	0	0	0	0	0	0	0	0	0	0	0	48	0	0	0	0	0	0	0	0	0	0	0	0	0	0	0	0	0	0	0	0	0	0	0	0	48	0	0	0	0	0	0	0	0	0	0	0	0	0	0	0	0	0	0	0	0	0	0	0	0	0	0	0	
0	0	0	0	0	0	0	0	0	0	0	48	0	0	0	0	0	0	0	0	0	0	0	0	0	0	0	0	0	0	0	0	0	0	0	0	0	0	0	0	0	0	0	0	0	0	0	0	0	0	0	0	0	0	0	0	0	0	0	0	0	0	0	0	0	0	0	0	0	0	0	0	0	0	0	0	0	0	0	0	0	0	0	0	0	0	0	0	48	0	0	0	0	0	0	0	0	0	0	0	0	0	0	0	0	0	0	0	0	0	0	0	0	0	0	48	0	0	0	0	
0	0	0	0	0	0	0	0	0	0	0	0	0	0	0	0	0	0	0	0	0	0	0	0	0	0	0	0	0	0	0	0	0	0	0	0	0	0	0	0	0	0	0	0	0	0	0	0	0	0	0	0	0	48	0	0	0	0	0	0	0	0	0	0	0	0	0	48	0	0	0	0	0	0	48	0	0	0	0	0	0	0	0	0	0	0	0	0	0	0	0	0	0	0	0	0	0	0	0	0	0	0	0	0	0	0	0	0	0	0	0	0	0	0	0	0	0	0	0	0	
0	0	0	0	0	0	0	0	0	0	0	0	0	0	0	0	0	0	0	0	0	0	0	0	0	0	0	0	48	0	0	0	0	0	0	0	0	48	0	0	0	0	0	0	0	0	0	0	0	0	0	0	0	0	0	0	0	0	0	0	0	0	0	0	0	0	0	0	0	0	0	0	0	0	0	0	0	0	0	48	0	0	0	0	0	0	0	0	0	0	0	0	0	0	0	0	0	0	0	0	0	0	0	0	0	0	0	0	0	0	0	0	0	0	0	0	0	0	0	0	
0	0	0	0	0	0	0	0	0	0	0	0	0	48	0	0	0	0	0	0	0	0	0	0	0	0	0	0	0	0	0	0	0	0	0	0	0	0	0	0	0	0	0	0	0	0	0	0	0	0	0	0	0	0	0	0	0	0	0	0	0	0	0	0	0	0	0	0	0	0	0	0	0	0	0	0	0	0	0	0	0	0	0	0	48	48	0	0	0	0	0	0	0	0	0	0	0	0	0	0	0	0	0	0	0	0	0	0	0	0	0	0	0	0	0	0	0	0	0	0	
0	0	0	0	0	0	0	0	0	0	0	0	0	0	0	0	0	0	0	0	0	0	0	0	0	0	0	0	0	0	0	0	0	0	0	0	0	0	0	0	0	0	0	0	0	0	0	0	0	0	0	0	0	0	0	0	0	0	0	0	0	0	0	0	0	0	0	0	0	0	0	0	48	0	0	0	0	0	0	0	0	0	0	0	0	0	0	0	0	0	0	0	0	0	0	0	0	48	0	0	0	0	0	0	0	48	0	0	0	0	0	0	0	0	0	0	0	0	0	0	
0	0	0	0	0	0	0	0	0	0	0	0	0	0	0	0	0	0	0	48	48	0	48	0	0	0	0	0	0	0	0	0	0	0	0	0	0	0	0	0	0	0	0	0	0	0	0	0	0	0	0	0	0	0	0	0	0	0	0	0	0	0	0	0	0	0	0	0	0	0	0	0	0	0	0	0	0	0	0	0	0	0	0	0	0	0	0	0	0	0	0	0	0	0	0	0	0	0	0	0	0	0	0	0	0	0	0	0	0	0	0	0	0	0	0	0	0	0	0	0	
0	0	0	48	0	48	0	0	0	0	0	0	0	0	0	0	0	0	0	0	0	0	0	0	0	0	0	0	0	0	0	0	0	0	0	0	0	0	0	0	0	0	0	0	0	48	0	0	0	0	0	0	0	0	0	0	0	0	0	0	0	0	0	0	0	0	0	0	0	0	0	0	0	0	0	0	0	0	0	0	0	0	0	0	0	0	0	0	0	0	0	0	0	0	0	0	0	0	0	0	0	0	0	0	0	0	0	0	0	0	0	0	0	0	0	0	0	0	0	0	
0	0	0	0	0	0	0	0	0	0	0	0	0	0	0	0	0	0	0	0	0	0	0	0	0	0	0	0	0	0	0	0	0	0	0	0	0	0	0	0	0	0	0	0	0	0	0	48	0	0	48	0	0	0	0	0	0	0	0	0	0	0	0	0	0	0	0	0	0	0	0	0	0	0	0	0	0	0	0	0	0	0	0	0	0	0	0	0	0	0	0	0	0	0	48	0	0	0	0	0	0	0	0	0	0	0	0	0	0	0	0	0	0	0	0	0	0	0	0	0	
0	0	0	0	0	0	0	0	0	0	0	0	0	0	0	0	0	0	0	0	48	0	0	0	0	0	0	0	0	0	0	0	0	0	0	0	0	0	0	0	0	0	0	0	0	0	0	0	0	0	0	0	0	0	0	0	0	0	0	0	0	0	0	0	0	0	0	0	0	0	0	0	0	0	0	0	0	0	0	0	0	0	0	0	0	0	0	0	0	0	0	0	0	0	0	0	0	0	48	0	0	0	0	0	0	0	0	0	0	0	0	0	0	0	0	0	0	0	0	48	
0	0	0	0	0	0	0	0	0	0	0	0	0	0	0	0	0	0	0	0	0	0	0	0	0	0	0	0	0	0	0	0	0	0	0	0	0	0	0	0	48	0	0	0	0	0	0	0	48	0	0	0	0	0	0	0	0	0	0	0	0	0	0	0	0	0	0	0	0	0	0	0	0	0	0	0	0	0	0	0	0	0	0	0	0	0	0	0	0	0	0	0	0	0	0	0	0	0	0	0	0	0	0	0	0	0	0	0	0	0	0	0	0	0	0	0	0	0	48	0	
48	0	0	0	0	0	0	0	0	0	0	0	48	0	0	0	0	0	0	0	0	0	0	0	0	0	0	0	0	0	0	0	48	0	0	0	0	0	0	0	0	0	0	0	0	0	0	0	0	0	0	0	0	0	0	0	0	0	0	0	0	0	0	0	0	0	0	0	0	0	0	0	0	0	0	0	0	0	0	0	0	0	0	0	0	0	0	0	0	0	0	0	0	0	0	0	0	0	0	0	0	0	0	0	0	0	0	0	0	0	0	0	0	0	0	0	0	0	0	0	
0	48	0	0	0	0	0	0	0	0	0	0	0	0	0	0	0	0	0	0	0	0	0	0	0	0	0	0	0	0	0	0	0	0	0	0	0	0	48	0	0	0	0	0	0	0	0	0	0	48	0	0	0	0	0	0	0	0	0	0	0	0	0	0	0	0	0	0	0	0	0	0	0	0	0	0	0	0	0	0	0	0	0	0	0	0	0	0	0	0	0	0	0	0	0	0	0	0	0	0	0	0	0	0	0	0	0	0	0	0	0	0	0	0	0	0	0	0	0	0	
0	0	0	0	0	0	0	0	0	0	0	0	0	0	0	48	0	0	0	0	0	0	0	0	0	0	0	0	0	0	0	0	0	0	0	0	0	0	0	0	0	0	0	0	0	0	0	0	0	0	0	0	0	0	0	0	0	0	0	0	0	0	0	0	0	0	0	0	48	0	0	0	0	0	0	0	0	0	0	0	0	0	0	0	0	0	0	0	0	0	0	0	0	0	0	0	0	0	0	0	0	0	0	0	0	0	0	48	0	0	0	0	0	0	0	0	0	0	0	0	
0	0	0	0	0	0	0	0	0	0	0	0	0	0	0	0	0	0	0	0	0	0	0	0	0	0	0	0	0	0	0	0	0	0	0	0	0	0	0	0	0	0	48	0	0	0	0	0	0	0	0	0	0	48	0	48	0	0	0	0	0	0	0	0	0	0	0	0	0	0	0	0	0	0	0	0	0	0	0	0	0	0	0	0	0	0	0	0	0	0	0	0	0	0	0	0	0	0	0	0	0	0	0	0	0	0	0	0	0	0	0	0	0	0	0	0	0	0	0	0	
0	0	0	0	0	0	0	0	0	0	0	0	0	0	0	0	0	0	0	0	0	0	0	0	0	0	48	0	0	0	0	0	0	0	0	0	0	0	0	0	0	0	0	0	0	0	0	0	0	0	0	0	0	0	0	0	0	0	0	0	0	0	0	0	0	0	48	0	0	0	0	0	48	0	0	0	0	0	0	0	0	0	0	0	0	0	0	0	0	0	0	0	0	0	0	0	0	0	0	0	0	0	0	0	0	0	0	0	0	0	0	0	0	0	0	0	0	0	0	0	
0	0	0	0	0	0	0	0	0	0	0	0	0	0	0	0	0	0	0	0	0	0	0	0	0	0	0	0	0	0	0	0	0	0	0	0	0	0	0	0	0	0	0	0	0	0	0	48	0	0	0	0	0	0	0	0	0	0	0	0	0	0	0	0	0	0	0	0	0	0	0	0	0	0	0	0	0	0	0	0	0	48	0	0	0	0	0	0	0	0	0	0	0	0	0	0	0	0	0	0	0	0	0	0	0	0	0	0	0	0	48	0	0	0	0	0	0	0	0	0	
0	0	0	0	48	0	0	0	0	0	0	0	0	0	0	0	0	0	0	0	0	0	0	0	0	0	0	0	0	0	0	0	0	0	0	0	0	0	0	0	48	0	0	0	0	0	0	0	0	0	0	0	0	0	0	0	0	0	0	0	0	0	0	0	0	0	0	0	0	0	0	0	0	0	0	0	0	0	0	0	0	0	0	0	0	0	0	0	48	0	0	0	0	0	0	0	0	0	0	0	0	0	0	0	0	0	0	0	0	0	0	0	0	0	0	0	0	0	0	0	
0	48	0	0	0	0	0	0	0	0	0	0	0	0	0	0	0	0	0	0	0	0	0	0	0	0	0	0	0	0	0	48	0	48	0	0	0	0	0	0	0	0	0	0	0	0	0	0	0	0	0	0	0	0	0	0	0	0	0	0	0	0	0	0	0	0	0	0	0	0	0	0	0	0	0	0	0	0	0	0	0	0	0	0	0	0	0	0	0	0	0	0	0	0	0	0	0	0	0	0	0	0	0	0	0	0	0	0	0	0	0	0	0	0	0	0	0	0	0	0	
0	0	0	0	0	0	0	0	0	0	0	0	0	0	0	0	0	0	0	0	0	0	0	0	0	0	48	0	0	0	0	0	0	0	0	0	0	0	0	0	0	0	0	0	0	0	0	0	0	0	0	0	0	0	0	0	0	0	48	0	0	0	0	0	0	0	0	0	48	0	0	0	0	0	0	0	0	0	0	0	0	0	0	0	0	0	0	0	0	0	0	0	0	0	0	0	0	0	0	0	0	0	0	0	0	0	0	0	0	0	0	0	0	0	0	0	0	0	0	0	
0	0	0	0	0	0	0	0	0	0	0	0	0	0	0	0	0	48	0	0	0	48	0	0	0	0	0	0	0	0	0	0	0	0	48	0	0	0	0	0	0	0	0	0	0	0	0	0	0	0	0	0	0	0	0	0	0	0	0	0	0	0	0	0	0	0	0	0	0	0	0	0	0	0	0	0	0	0	0	0	0	0	0	0	0	0	0	0	0	0	0	0	0	0	0	0	0	0	0	0	0	0	0	0	0	0	0	0	0	0	0	0	0	0	0	0	0	0	0	0	
0	0	0	0	0	0	0	0	0	0	0	0	0	0	0	0	0	0	0	0	0	0	0	0	0	0	0	0	0	0	0	0	0	0	0	0	0	0	0	0	0	0	0	0	0	0	0	0	0	0	0	0	0	0	0	48	0	0	0	0	0	0	0	0	0	0	0	0	0	0	0	0	0	0	0	0	0	0	0	0	0	0	0	0	0	0	0	0	0	0	48	0	0	0	0	0	48	0	0	0	0	0	0	0	0	0	0	0	0	0	0	0	0	0	0	0	0	0	0	0	
0	0	0	0	0	0	0	0	0	0	0	0	0	0	0	0	0	0	0	0	0	0	0	0	0	0	0	0	0	0	0	0	0	0	0	0	48	0	0	0	0	0	0	0	0	0	0	0	0	0	0	0	0	0	0	0	0	0	0	0	0	0	0	0	0	0	0	0	0	0	0	0	0	0	0	0	0	0	0	0	0	0	0	0	0	0	0	0	48	0	0	0	0	0	0	0	0	0	0	0	0	0	0	0	0	0	0	0	0	0	0	0	0	0	0	0	48	0	0	0	
0	0	0	0	0	0	0	0	0	0	0	0	0	0	0	0	0	0	0	0	0	0	0	0	48	0	0	0	0	0	0	0	0	0	0	0	0	0	0	0	0	0	0	0	0	0	0	0	0	0	0	0	0	0	0	0	0	0	0	0	0	0	0	0	0	0	0	0	0	0	0	0	0	0	0	0	0	0	0	0	0	0	0	0	0	0	0	0	0	48	0	0	0	0	0	48	0	0	0	0	0	0	0	0	0	0	0	0	0	0	0	0	0	0	0	0	0	0	0	0	
0	0	0	0	0	0	0	0	0	0	0	0	0	0	0	0	0	0	0	0	0	0	0	0	0	0	0	0	0	0	0	0	0	48	0	0	0	0	0	0	0	0	0	0	0	0	0	0	0	0	0	0	0	0	0	0	0	0	0	0	0	0	0	0	0	0	0	0	0	0	0	0	0	0	0	0	0	0	0	0	48	0	0	0	0	0	0	0	0	0	0	0	0	0	0	0	0	0	0	0	0	48	0	0	0	0	0	0	0	0	0	0	0	0	0	0	0	0	0	0	
0	0	0	0	0	0	0	0	0	48	0	0	0	0	0	0	0	0	0	0	0	0	0	0	0	0	0	0	0	0	0	0	0	0	0	0	0	0	0	0	0	0	0	0	0	0	0	0	0	0	0	0	0	0	0	0	0	0	0	0	0	0	0	0	0	0	0	0	0	0	0	0	0	0	0	0	0	0	0	0	0	0	0	0	0	0	0	48	0	0	0	0	0	0	0	0	0	0	0	0	0	0	0	0	0	0	0	0	48	0	0	0	0	0	0	0	0	0	0	0	
0	0	0	0	0	0	0	0	0	0	0	0	0	0	0	0	48	0	0	0	0	0	0	0	0	0	0	0	48	0	0	0	0	0	0	0	0	0	0	0	0	0	0	0	0	0	0	0	0	0	0	0	0	0	0	0	48	0	0	0	0	0	0	0	0	0	0	0	0	0	0	0	0	0	0	0	0	0	0	0	0	0	0	0	0	0	0	0	0	0	0	0	0	0	0	0	0	0	0	0	0	0	0	0	0	0	0	0	0	0	0	0	0	0	0	0	0	0	0	0	
0	0	0	0	0	0	0	0	0	0	0	0	0	0	0	0	0	0	0	0	0	0	0	0	0	0	0	48	0	0	0	0	0	0	0	48	0	0	0	0	0	0	0	0	0	0	0	0	0	0	0	0	0	0	0	0	0	0	0	0	0	0	0	0	0	0	0	0	0	0	0	0	0	0	0	0	0	48	0	0	0	0	0	0	0	0	0	0	0	0	0	0	0	0	0	0	0	0	0	0	0	0	0	0	0	0	0	0	0	0	0	0	0	0	0	0	0	0	0	0	
0	0	0	0	0	0	0	0	0	0	0	0	0	0	0	0	0	0	0	0	0	0	0	0	0	0	0	0	0	0	0	0	0	0	0	0	0	0	0	0	0	0	0	0	0	0	48	0	0	0	0	0	0	0	0	0	0	0	0	0	0	0	0	0	0	0	0	0	0	48	0	0	0	0	0	0	0	0	0	0	0	0	0	48	0	0	0	0	0	0	0	0	0	0	0	0	0	0	0	0	0	0	0	0	0	0	0	0	0	0	0	0	0	0	0	0	0	0	0	0	
0	0	0	0	0	0	0	0	0	0	0	0	0	0	0	0	0	0	0	0	0	0	0	0	0	0	0	0	0	0	0	0	0	0	0	0	0	0	0	0	0	0	0	0	0	0	0	0	0	0	0	0	0	0	0	0	0	0	0	0	0	0	0	0	0	0	0	0	0	0	0	0	0	0	0	0	0	0	0	0	0	0	0	0	0	48	48	0	0	0	0	0	0	0	0	0	0	0	0	0	0	0	0	0	0	0	0	0	0	0	0	48	0	0	0	0	0	0	0	0	
0	0	0	0	0	0	0	0	0	0	0	0	0	0	0	0	0	0	0	0	0	0	0	0	0	0	0	0	0	0	0	0	0	0	0	0	0	0	0	0	0	0	0	0	48	0	0	0	0	0	0	0	0	0	0	0	0	0	0	0	0	0	0	0	0	0	0	0	0	0	0	0	0	0	0	0	0	0	0	0	0	48	0	0	0	0	0	0	0	48	0	0	0	0	0	0	0	0	0	0	0	0	0	0	0	0	0	0	0	0	0	0	0	0	0	0	0	0	0	0	
0	0	0	0	0	0	0	0	0	0	0	0	0	48	0	0	0	0	0	0	0	0	0	0	0	0	0	0	0	0	0	0	0	0	0	0	0	0	0	0	0	0	0	0	0	0	0	0	0	0	48	0	0	0	0	0	0	48	0	0	0	0	0	0	0	0	0	0	0	0	0	0	0	0	0	0	0	0	0	0	0	0	0	0	0	0	0	0	0	0	0	0	0	0	0	0	0	0	0	0	0	0	0	0	0	0	0	0	0	0	0	0	0	0	0	0	0	0	0	0	
0	0	0	0	48	0	0	0	0	0	0	0	0	0	0	0	0	0	0	0	0	0	0	0	0	0	0	0	0	0	0	0	0	0	0	0	0	0	0	0	0	0	0	0	0	0	0	0	0	0	0	0	0	0	0	0	0	48	0	0	0	0	0	0	0	0	0	0	0	0	0	0	0	0	0	0	0	0	0	0	0	0	48	0	0	0	0	0	0	0	0	0	0	0	0	0	0	0	0	0	0	0	0	0	0	0	0	0	0	0	0	0	0	0	0	0	0	0	0	0	
0	0	0	0	0	0	0	0	0	0	0	0	0	0	0	0	0	0	0	0	0	0	0	0	0	0	0	0	0	0	0	0	48	0	0	0	0	0	0	0	0	0	0	0	0	0	0	0	0	0	0	0	0	0	0	0	0	0	0	0	0	0	0	0	0	0	0	0	0	0	0	0	0	0	0	0	0	0	0	0	0	0	48	0	0	0	0	0	0	0	0	0	0	0	0	0	0	0	48	0	0	0	0	0	0	0	0	0	0	0	0	0	0	0	0	0	0	0	0	0	
0	0	0	0	0	0	0	0	0	0	0	0	0	0	0	0	0	0	0	0	0	0	0	0	0	0	0	0	0	0	0	0	0	0	0	0	0	0	0	0	0	48	0	0	0	0	0	0	0	0	0	0	0	0	0	0	0	0	0	0	0	0	0	0	0	0	0	0	0	0	0	0	0	0	0	0	0	0	48	0	0	0	0	0	0	0	0	0	0	0	0	0	0	0	0	0	0	0	0	0	0	0	0	0	0	0	0	0	0	0	0	48	0	0	0	0	0	0	0	0	
0	0	0	0	0	0	0	0	0	0	0	0	0	0	0	0	0	0	0	0	0	0	0	0	0	0	0	0	0	0	0	0	0	0	0	0	0	0	0	0	0	0	0	0	0	0	0	0	0	0	0	0	0	0	48	0	0	0	0	0	0	0	0	0	0	0	0	0	0	0	48	0	0	0	0	48	0	0	0	0	0	0	0	0	0	0	0	0	0	0	0	0	0	0	0	0	0	0	0	0	0	0	0	0	0	0	0	0	0	0	0	0	0	0	0	0	0	0	0	0	
0	0	0	0	0	0	0	0	0	0	0	0	0	0	0	0	0	0	0	0	0	0	0	0	0	0	0	0	0	0	0	0	0	0	0	0	0	0	0	0	0	0	0	0	48	0	0	0	0	0	0	0	0	0	0	0	0	0	0	0	0	0	0	0	0	0	0	0	0	0	0	0	0	0	0	0	48	0	0	0	0	0	0	48	0	0	0	0	0	0	0	0	0	0	0	0	0	0	0	0	0	0	0	0	0	0	0	0	0	0	0	0	0	0	0	0	0	0	0	0	
0	0	0	0	0	0	0	0	0	0	0	0	0	0	0	0	0	0	0	0	0	0	0	0	0	0	0	0	0	0	0	0	0	0	0	0	0	0	0	0	0	0	0	48	0	0	0	0	0	0	0	48	0	0	0	0	0	0	0	0	0	0	0	0	0	0	0	0	0	0	0	0	0	0	48	0	0	0	0	0	0	0	0	0	0	0	0	0	0	0	0	0	0	0	0	0	0	0	0	0	0	0	0	0	0	0	0	0	0	0	0	0	0	0	0	0	0	0	0	0	
0	0	0	0	0	0	0	0	0	0	0	0	0	0	0	0	0	48	0	0	0	0	0	0	0	0	0	0	0	0	0	0	0	0	48	0	0	0	0	0	0	0	0	0	0	0	0	0	0	0	0	0	0	0	0	0	0	0	0	0	0	0	0	0	0	0	0	0	0	0	0	0	0	0	0	0	0	0	0	0	0	0	0	0	0	0	0	0	0	0	0	0	0	0	0	0	0	0	0	0	0	0	0	0	0	0	0	0	0	0	0	0	0	48	0	0	0	0	0	0	
0	0	0	0	0	0	0	0	48	0	0	0	0	0	0	0	0	0	0	0	0	0	0	0	0	0	0	0	0	0	0	0	0	0	0	0	0	0	0	0	0	0	48	0	0	0	0	0	0	0	0	0	0	48	0	0	0	0	0	0	0	0	0	0	0	0	0	0	0	0	0	0	0	0	0	0	0	0	0	0	0	0	0	0	0	0	0	0	0	0	0	0	0	0	0	0	0	0	0	0	0	0	0	0	0	0	0	0	0	0	0	0	0	0	0	0	0	0	0	0	
0	0	0	0	0	0	48	0	0	0	0	0	0	0	0	0	0	0	48	0	0	0	0	0	0	0	0	0	0	0	0	0	0	0	0	0	0	0	0	0	0	0	0	0	0	48	0	0	0	0	0	0	0	0	0	0	0	0	0	0	0	0	0	0	0	0	0	0	0	0	0	0	0	0	0	0	0	0	0	0	0	0	0	0	0	0	0	0	0	0	0	0	0	0	0	0	0	0	0	0	0	0	0	0	0	0	0	0	0	0	0	0	0	0	0	0	0	0	0	0	
0	0	0	0	0	0	0	0	48	0	0	0	0	0	0	0	0	0	0	0	0	0	0	0	0	0	0	0	0	0	0	0	0	0	0	0	0	0	0	0	0	0	0	0	0	0	0	48	0	0	0	0	0	0	0	0	0	0	0	0	0	48	0	0	0	0	0	0	0	0	0	0	0	0	0	0	0	0	0	0	0	0	0	0	0	0	0	0	0	0	0	0	0	0	0	0	0	0	0	0	0	0	0	0	0	0	0	0	0	0	0	0	0	0	0	0	0	0	0	0	
0	0	0	0	0	0	0	0	0	0	0	0	0	0	0	0	0	0	0	0	0	0	0	0	0	0	0	0	0	0	0	0	0	0	0	0	0	0	0	0	0	0	0	0	0	0	0	0	0	0	0	0	0	0	0	0	0	0	0	0	0	0	0	0	0	0	0	0	0	0	0	0	0	0	0	0	48	0	0	0	0	0	0	0	0	0	0	0	0	0	0	0	0	0	0	0	0	0	0	0	0	0	0	0	0	0	0	0	0	0	48	0	48	0	0	0	0	0	0	0	
0	0	0	0	0	0	0	0	48	0	0	0	0	0	0	0	0	0	0	0	0	0	0	0	0	0	0	0	0	0	0	0	0	0	0	0	0	0	0	0	0	0	0	0	0	0	0	0	0	0	0	0	0	0	0	0	0	0	0	0	0	0	0	0	0	0	0	0	0	0	0	0	0	0	48	0	0	0	0	0	0	0	0	0	0	0	0	0	0	0	0	0	0	0	0	0	0	0	0	0	0	0	0	0	0	48	0	0	0	0	0	0	0	0	0	0	0	0	0	0	
0	0	0	0	0	0	0	0	0	0	0	0	0	0	0	0	0	0	0	0	0	0	0	0	0	0	0	0	0	0	0	0	0	0	0	0	0	0	0	0	0	0	0	0	0	0	0	0	0	0	0	0	0	0	0	0	0	0	48	0	0	0	0	0	0	0	0	0	0	0	0	0	0	0	0	0	0	0	0	0	0	0	0	0	0	0	0	0	0	0	0	0	0	0	0	0	0	0	0	0	48	0	0	0	0	48	0	0	0	0	0	0	0	0	0	0	0	0	0	0	
48	0	0	0	0	0	0	0	0	0	0	0	0	0	0	0	0	0	0	0	0	0	0	0	0	0	0	0	0	0	0	0	0	0	0	0	0	0	0	0	0	0	0	0	0	0	0	0	0	0	0	0	0	0	0	0	0	0	0	0	0	0	48	0	0	0	0	0	0	0	0	0	0	0	0	0	0	0	0	0	0	0	0	0	0	0	48	0	0	0	0	0	0	0	0	0	0	0	0	0	0	0	0	0	0	0	0	0	0	0	0	0	0	0	0	0	0	0	0	0	
0	0	0	0	0	0	0	0	0	0	0	0	0	0	0	0	0	0	0	0	0	0	0	0	0	0	0	0	0	0	0	0	0	0	0	0	0	0	0	0	0	0	0	0	0	0	0	0	48	0	0	0	0	0	0	0	0	0	0	0	0	0	0	0	0	0	0	0	0	0	0	0	0	0	0	0	0	0	0	0	0	0	0	0	0	0	0	0	0	0	0	0	0	0	0	0	0	0	0	0	0	0	0	0	0	0	0	0	0	0	0	0	48	0	0	0	0	48	0	0	
0	0	0	0	0	0	0	0	0	0	0	0	0	0	0	0	0	0	0	0	0	0	0	0	0	0	0	0	0	0	0	0	0	0	0	0	0	0	0	0	0	0	0	0	0	0	0	0	0	0	0	0	0	0	0	0	0	0	0	0	0	0	0	0	0	0	0	0	0	0	0	0	0	0	0	0	0	0	0	0	0	0	0	0	0	0	0	0	0	0	0	0	0	0	0	0	0	48	0	0	0	0	0	48	0	0	0	0	0	0	0	0	0	0	0	0	0	48	0	0	
0	0	0	0	0	0	0	0	0	0	0	0	0	0	0	0	0	0	0	0	0	0	0	0	0	0	0	48	0	0	0	0	0	0	0	48	0	0	0	0	0	0	0	0	0	0	0	0	0	0	0	0	0	0	0	0	0	0	0	0	0	0	0	0	0	0	0	0	0	0	0	0	0	0	0	0	0	48	0	0	0	0	0	0	0	0	0	0	0	0	0	0	0	0	0	0	0	0	0	0	0	0	0	0	0	0	0	0	0	0	0	0	0	0	0	0	0	0	0	0	
0	0	0	48	0	0	0	0	0	0	0	0	0	0	0	0	0	0	0	0	0	0	0	0	0	0	0	0	0	0	0	0	0	0	0	0	0	0	0	0	0	0	0	0	0	0	0	0	0	0	0	0	0	0	0	0	0	0	0	0	0	0	0	0	0	0	0	0	0	0	0	0	0	0	0	0	0	0	0	0	0	0	0	0	0	0	0	0	0	0	0	0	0	0	0	0	0	0	0	0	0	0	0	0	0	0	0	0	0	0	0	0	0	48	0	0	48	0	0	0	
0	0	0	0	0	0	0	0	0	0	0	0	0	0	0	0	0	0	0	0	0	0	0	0	0	0	0	0	0	0	0	0	0	0	0	0	0	0	0	0	0	0	0	0	0	0	0	0	0	0	0	0	0	0	0	0	0	0	0	0	0	0	0	0	0	0	0	0	0	0	0	0	0	0	0	0	0	0	0	0	0	0	0	0	0	0	0	0	0	0	0	0	0	0	0	0	0	0	0	0	48	0	0	0	48	0	0	0	48	0	0	0	0	0	0	0	0	0	0	0	
0	0	0	0	0	0	0	0	0	0	0	0	0	0	0	0	0	0	0	0	0	0	0	0	0	0	0	0	0	0	0	0	0	0	0	0	0	48	0	0	0	0	0	0	0	0	0	0	0	0	0	0	0	0	0	0	0	0	0	0	0	0	0	0	0	0	0	0	0	0	0	0	0	0	0	0	0	0	0	0	0	0	0	0	0	0	0	0	0	0	0	0	0	0	0	0	0	0	0	0	0	0	0	48	0	0	0	0	0	0	0	0	0	0	0	0	0	0	48	0	
0	0	0	0	0	0	0	0	0	0	0	0	0	0	0	0	0	0	0	0	0	0	0	0	0	0	0	0	0	0	0	0	0	0	0	0	0	0	0	0	0	0	0	0	0	0	0	0	0	0	0	0	0	0	0	0	0	0	48	0	0	0	0	0	0	0	0	0	0	0	0	0	0	0	0	0	0	0	0	0	0	0	0	0	0	0	0	0	0	0	0	0	0	0	0	0	48	48	0	0	0	0	0	0	0	0	0	0	0	0	0	0	0	0	0	0	0	0	0	0	
0	0	0	0	0	0	0	0	0	0	0	0	0	0	0	0	48	0	0	0	0	0	0	0	0	0	0	0	48	0	0	0	0	0	0	0	0	48	0	0	0	0	0	0	0	0	0	0	0	0	0	0	0	0	0	0	0	0	0	0	0	0	0	0	0	0	0	0	0	0	0	0	0	0	0	0	0	0	0	0	0	0	0	0	0	0	0	0	0	0	0	0	0	0	0	0	0	0	0	0	0	0	0	0	0	0	0	0	0	0	0	0	0	0	0	0	0	0	0	0	
0	0	0	0	0	0	0	0	0	0	0	0	0	0	0	48	0	0	0	0	0	0	0	0	0	0	0	0	0	0	0	48	0	0	0	0	0	0	0	0	0	0	0	0	0	0	0	0	0	0	0	0	0	0	0	0	0	0	0	0	0	0	0	0	0	0	48	0	0	0	0	0	0	0	0	0	0	0	0	0	0	0	0	0	0	0	0	0	0	0	0	0	0	0	0	0	0	0	0	0	0	0	0	0	0	0	0	0	0	0	0	0	0	0	0	0	0	0	0	0	
0	0	0	0	0	0	0	0	0	0	0	0	0	0	0	0	0	0	0	0	0	0	0	0	0	48	0	0	0	0	0	0	0	0	0	0	0	0	0	0	0	0	0	0	0	0	0	0	0	0	0	0	0	0	0	0	0	0	0	0	0	0	0	0	0	0	0	0	0	0	0	0	0	0	0	0	0	0	48	0	0	0	0	0	0	0	0	0	0	0	0	0	0	0	0	0	0	0	0	0	0	0	0	48	0	0	0	0	0	0	0	0	0	0	0	0	0	0	0	0	
0	0	0	0	0	0	0	0	0	0	0	0	0	0	0	0	0	0	0	0	0	0	0	0	48	0	0	0	0	0	0	0	0	0	0	0	0	0	0	0	0	0	0	0	0	0	0	0	0	0	0	0	0	0	0	0	0	0	0	0	0	0	0	0	0	0	0	0	0	0	0	0	0	0	0	0	0	0	0	0	0	0	0	0	0	0	0	0	0	0	0	0	0	0	0	0	0	0	0	0	0	0	0	0	0	0	0	0	0	0	0	0	48	0	0	0	48	0	0	0	
0	0	0	0	0	0	0	0	0	0	0	0	0	0	0	0	0	0	0	0	0	0	0	0	0	0	0	0	0	0	0	0	0	0	0	0	0	0	0	0	0	0	48	0	0	0	0	0	0	0	0	0	0	0	0	0	0	0	0	0	0	0	0	0	0	0	0	0	0	48	0	0	0	0	0	0	0	0	0	0	0	0	0	0	0	0	0	0	0	0	0	0	0	0	0	48	0	0	0	0	0	0	0	0	0	0	0	0	0	0	0	0	0	0	0	0	0	0	0	0	
0	0	48	0	0	0	0	0	0	0	0	0	0	0	0	0	0	0	0	0	0	0	0	0	0	0	0	0	0	0	0	0	0	0	0	0	0	0	0	0	0	0	0	0	0	0	0	0	0	0	0	0	0	0	0	0	0	0	0	0	0	0	0	0	0	0	0	0	0	0	0	0	0	0	0	0	0	0	0	0	0	0	48	0	0	0	0	48	0	0	0	0	0	0	0	0	0	0	0	0	0	0	0	0	0	0	0	0	0	0	0	0	0	0	0	0	0	0	0	0	
0	0	0	0	0	0	0	0	0	0	0	0	0	0	0	0	0	0	0	0	0	0	0	0	0	0	0	0	0	0	0	0	0	0	0	0	0	0	0	0	0	0	0	0	0	0	0	0	0	0	0	0	0	0	0	0	0	0	0	0	0	0	0	0	0	0	0	0	0	0	0	0	0	0	0	0	0	0	0	0	0	0	0	0	0	0	0	0	0	0	0	0	0	0	0	48	0	0	0	48	0	0	0	0	0	0	0	0	0	48	0	0	0	0	0	0	0	0	0	0	
0	0	0	0	0	0	0	0	0	0	0	0	0	0	0	0	0	0	0	0	0	0	0	0	0	0	0	0	0	0	0	0	0	0	48	0	0	0	0	0	0	0	0	0	0	0	0	0	0	0	0	0	0	0	0	0	0	0	0	0	0	0	0	0	0	0	0	0	0	0	0	0	0	0	0	0	0	0	0	0	0	0	0	0	0	0	0	0	0	0	0	48	0	0	0	0	0	0	0	0	0	0	48	0	0	0	0	0	0	0	0	0	0	0	0	0	0	0	0	0	
0	0	0	0	0	0	0	48	0	0	0	0	0	0	48	0	0	0	0	0	0	0	0	0	0	0	0	0	0	0	48	0	0	0	0	0	0	0	0	0	0	0	0	0	0	0	0	0	0	0	0	0	0	0	0	0	0	0	0	0	0	0	0	0	0	0	0	0	0	0	0	0	0	0	0	0	0	0	0	0	0	0	0	0	0	0	0	0	0	0	0	0	0	0	0	0	0	0	0	0	0	0	0	0	0	0	0	0	0	0	0	0	0	0	0	0	0	0	0	0	
0	0	0	0	0	0	0	0	0	0	0	48	0	0	0	0	0	0	0	0	0	0	0	0	0	0	0	0	0	0	0	0	0	0	0	0	48	0	0	0	0	0	0	0	0	0	0	0	0	0	0	0	0	0	48	0	0	0	0	0	0	0	0	0	0	0	0	0	0	0	0	0	0	0	0	0	0	0	0	0	0	0	0	0	0	0	0	0	0	0	0	0	0	0	0	0	0	0	0	0	0	0	0	0	0	0	0	0	0	0	0	0	0	0	0	0	0	0	0	0	
0	0	0	0	0	0	0	0	0	0	0	0	0	0	0	0	0	0	0	0	0	0	0	0	0	0	0	0	0	0	0	0	0	0	0	0	0	0	0	0	0	0	0	0	0	0	0	0	0	0	0	0	0	0	0	0	0	0	0	0	0	0	0	0	0	0	0	0	0	0	0	0	0	0	0	48	0	0	0	0	0	0	0	0	0	0	0	0	0	0	0	0	0	0	0	0	0	0	0	0	0	0	48	0	0	0	0	0	0	48	0	0	0	0	0	0	0	0	0	0	
0	0	0	0	0	0	0	0	0	0	0	0	0	0	0	0	0	0	0	0	0	0	0	0	0	0	0	0	0	0	0	0	0	0	0	0	0	0	0	0	0	0	0	0	0	0	0	0	48	0	0	0	0	0	0	0	0	0	0	0	0	0	0	0	0	0	0	0	0	0	0	0	0	0	0	0	0	0	0	0	0	0	0	0	0	0	0	0	0	0	0	0	0	0	0	0	0	0	0	48	48	0	0	0	0	0	0	0	0	0	0	0	0	0	0	0	0	0	0	0	
0	0	0	0	0	0	0	0	0	0	0	0	0	0	0	0	0	0	0	0	0	0	0	0	0	0	0	0	0	0	0	0	0	0	0	0	0	0	0	0	48	0	0	0	0	0	0	0	0	0	0	0	0	0	0	0	0	0	0	0	0	0	0	48	0	0	0	0	0	0	0	0	0	0	0	0	0	0	0	0	0	0	0	0	0	0	0	0	0	0	0	0	0	0	0	0	0	0	0	0	0	0	0	0	48	0	0	0	0	0	0	0	0	0	0	0	0	0	0	0	
0	0	0	0	0	0	0	0	0	0	0	0	0	0	0	0	0	0	0	0	48	0	0	0	0	0	0	0	0	0	0	0	48	0	0	0	0	0	0	0	0	0	0	0	0	0	0	0	0	0	0	0	0	0	0	0	0	0	0	0	0	0	48	0	0	0	0	0	0	0	0	0	0	0	0	0	0	0	0	0	0	0	0	0	0	0	0	0	0	0	0	0	0	0	0	0	0	0	0	0	0	0	0	0	0	0	0	0	0	0	0	0	0	0	0	0	0	0	0	0	
11	68	5	77	81	75	58	28	58	59	11	37	119	93	88	25	89	42	67	112	105	44	21	93	96	67	102	87	87	49	40	40	48	118	43	33	98	51	57	82	40	105	51	46	25	58	113	108	24	102	36	70	13	103	110	85	65	117	8	74	53	33	59	110	90	76	94	73	9	112	77	6	27	101	55	28	105	44	22	93	29	87	106	42	62	70	13	51	102	11	103	67	63	117	114	65	25	103	119	55	68	34	46	6	19	78	105	55	118	84	0	66	94	37	117	30	76	115	17	44	43	84	46	48	26	74	18	47	102	114	41	39	99	1	16	93	119	44	60	85	70	113	106	85	55	91	96	9	109	104	66	6	38	69	61	91	63	24	47	66	101	116	12	98	36	23	9	72	66	15	51	16	60	71	72	56	63	85	52	28	71	31	20	18	82	56	69	78	53	70	29	62	77	79	48	70	14	110	67	20	6	58	108	109	114	22	22	44	0	18	73	64	102	58	99	80	67	75	114	4	97	117	118	13	73	96	32	21	3	63	57	101	106	113	90	101	37	1	117	70	29	30	82	90	68	91	42	89	99	39	54	117	107	92	80	62	93	76	87	69	73	86	6	60	41	12	29	116	21	7	101	13	15	56	112	64	8	88	69	55	89	8	95	2	10	49	102	19	5	100	20	2	11	50	64	81	4	59	45	80	27	82	67	113	86	31	115	100	65	107	6	74	59	22	70	5	62	43	34	6	83	97	21	52	74	115	79	27	5	48	89	97	61	34	101	98	26	115	43	68	15	74	60	10	11	9	57	117	31	113	67	117	101	107	51	83	30	88	11	9	67	41	115	32	36	23	28	88	84	3	104	74	105	38	62	96	95	17	1	82	69	69	33	97	61	59	63	88	24	11	44	13	86	80	90	107	81	106	57	67	50	97	1	108	1	40	86	74	88	94	110	12	64	70	20	67	114	7	23	57	78	67	18	30	78	91	85	91	90	81	18	18	45	84	64	28	86	6	90	57	111	48	96	2	40	59	91	1	35	104	117	79	73	48	13	35	59	116	54	65	89	117	104	55	101	12	116	73	8	105	36	29	9	16	115	94	40	56	64	55	98	82	100	52	91	116	89	67	10	74	54	81	3	112	72	50	66	101	26	108	53	53	100	20	50	78	112	94	4	91	77	80	33	19	15	86	22	105	76	14	48	60	88	37	107	24	9	55	62	106	27	18	76	87	99	107	61	54	62	21	85	10	113	71	60	39	20	60	19	15	63	75	11	35	21	31	102	3	101	63	12	72	9	54	15	109	50	116	62	32	57	18	84	101	23	41	98	59	84	18	96	107	75	110	95	7	27	39	0	112	54	4	101	110	20	47	22	99	112	98	60	103	97	100	97	20	82	40	117	59	2	38	82	76	75	63	79	41	118	114	32	23	32	90	64	113	70	57	99	38	13	18	94	102	83	26	22	35	77	72	65	92	31	119	58	85	39	69	95	43	1	103	61	43	26	105	9	67	56	25	89	47	32	60	8	69	110	95	76	0	16	87	99	119	13	84	118	63	68	99	47	34	74	54	16	46	34	105	59	9	109	56	79	111	4	31	86	16	33	91	38	83	47	38	59	13	117	16	113	16	43	119	114	0	82	47	83	110	92	77	36	84	3	47	44	101	66	72	39	48	62	87	74	75	108	71	34	105	26	1	94	87	7	35	106	73	75	48	48	40	17	54	47	12	76	100	29	21	86	40	14	46	60	12	23	87	14	108	29	1	108	105	110	61	92	65	73	23	26	28	34	33	42	47	82	12	92	75	111	18	14	3	16	87	107	102	86	39	8	31	45	58	96	115	59	81	85	12	57	111	5	105	102	32	103	37	87	37	100	45	60	53	22	89	32	30	5	23	62	65	50	20	29	36	55	97	37	26	24	44	13	40	65	7	27	43	6	118	28	92	81	19	30	38	47	1	52	40	57	65	86	37	55	103	45	111	30	51	101	12	71	91	20	73	59	71	50	6	56	13	107	66	32	69	94	33	14	112	23	84	68	17	26	17	37	24	115	57	66	41	54	62	17	65	32	77	84	26	25	76	1	33	104	95	87	87	16	56	70	6	11	94	33	99	113	71	104	115	26	83	72	48	15	107	69	30	89	89	26	40	115	31	87	0	100	9	70	68	44	34	57	115	61	8	72	79	30	73	0	56	9	24	96	101	42	97	92	36	68	39	19	42	24	17	14	78	96	44	112	72	112	61	81	15	89	91	11	2	3	1	70	49	31	5	85	80	67	12	67	64	28	87	70	119	44	73	118	117	18	19	50	70	12	94	35	4	50	62	87	39	7	33	104	107	112	39	30	33	36	46	62	21	19	4	68	77	50	52	26	39	57	109	1	16	50	34	70	77	23	113	72	119	64	88	119	95	12	89	18	21	102	24	13	37	65	28	81	96	28	34	83	103	106	113	5	22	24	31	5	6	2	52	8	29	101	119	88	93	25	60	53	57	5	56	52	119	5	112	10	74	86	16	36	81	102	62	31	65	17	96	35	36	111	27	61	15	88	32	64	67	103	88	105	42	54	67	67	53	85	58	36	21	103	39	25	93	32	101	117	61	80	116	41	77	54	65	83	27	94	68	98	72	36	96	74	75	115	91	2	70	35	38	109	108	6	77	80	87	9	41	116	78	62	2	89	34	80	59	36	50	52	32	44	59	114	75	74	6	82	101	46	44	100	92	116	27	96	38	87	17	13	106	84	67	18	96	90	27	109	33	27	38	117	3	39	51	15	43	77	48	54	78	17	29	96	54	117	96	80	48	53	77	31	116	52	52	110	106	43	95	96	30	111	91	81	49	3	16	104	35	116	27	42	18	22	56	67	44	12	89	45	103	89	112	116	97	116	90	102	89	63	63	116	50	34	111	67	91	86	104	71	113	48	28	24	30	48	10	29	118	103	69	50	35	118	9	2	94	25	7	74	109	20	44	70	73	85	118	29	77	100	102	38	117	8	70	57	71	84	116	89	13	100	54	75	111	89	39	76	102	87	114	41	16	98	59	89	36	14	118	21	53	71	12	118	32	43	10	22	20	20	89	66	56	73	7	95	111	29	67	107	61	0	66	58	23	62	26	95	28	69	64	33	114	74	8	105	41	65	24	115	11	60	88	85	88	62	58	95	19	4	15	69	1	77	19	57	108	31	14	54	2	74	15	86	51	47	71	25	39	84	103	118	80	50	89	112	44	102	10	62	104	86	80	117	81	109	48	84	81	49	10	60	67	86	55	68	88	4	28	29	29	64	74	116	8	30	102	52	48	42	105	75	109	60	12	16	85	85	63	86	102	3	87	94	101	50	90	97	91	115	103	89	40	7	84	70	93	99	12	78	60	105	79	78	36	14	101	61	10	4	92	31	51	83	18	105	63	19	55	28	103	90	13	78	70	91	81	79	73	23	61	44	35	113	82	75	58	85	102	20	51	106	108	42	54	29	116	79	26	58	0	94	10	33	38	67	15	63	88	52	29	5	111	5	70	11	114	85	91	9	119	108	43	3	106	34	6	22	30	13	40	52	83	80	97	49	41	98	69	17	38	47	37	55	109	18	64	42	75	28	115	27	76	107	91	96	109	40	4	57	67	30	12	114	114	106	81	105	32	103	7	78	46	85	79	90	7	90	107	47	61	58	10	102	112	102	74	43	29	5	4	15	67	106	32	45	31	49	19	52	13	105	76	29	14	105	39	31	113	91	29	96	14	119	26	84	111	19	7	72	105	84	40	4	58	51	100	83	33	23	51	92	50	54	70	10	96	6	88	29	51	35	115	67	97	6	102	22	0	111	89	115	102	88	8	79	74	81	59	6	57	11	63	41	24	29	2	113	58	73	108	63	110	112	35	118	100	29	48	119	119	24	41	17	57	92	117	1	118	52	67	102	79	90	70	111	2	79	56	78	54	113	66	33	31	33	25	119	117	51	66	111	15	72	12	6	108	91	76	80	6	117	46	43	68	53	119	89	65	46	40	10	91	51	55	36	37	65	91	115	34	115	11	0	92	87	99	30	81	98	44	55	60	67	64	4	80	87	97	0	92	78	31	73	7	81	55	41	41	29	29	98	68	90	65	101	118	34	20	40	103	112	64	101	50	42	111	17	93	104	49	62	18	56	60	36	83	4	25	84	114	119	89	65	62	79	53	70	76	78	109	53	48	84	98	28	52	7	62	95	67	56	77	104	27	92	114	2	6	114	93	88	71	6	113	18	47	15	46	33	119	91	86	17	22	96	64	97	54	67	42	55	25	6	40	28	112	90	82	9	75	81	44	92	53	85	39	55	102	100	84	48	72	56	17	100	53	21	7	0	9	110	20	111	105	58	68	37	84	28	111	39	101	34	35	106	19	36	15	19	59	1	27	6	50	12	106	102	58	116	100	61	19	85	28	55	26	109	78	75	23	27	46	60	80	44	108	66	100	3	62	104	92	108	65	110	27	36	52	26	89	13	72	19	1	66	46	75	119	64	40	21	29	23	89	104	117	73	48	84	24	81	30	22	104	108	60	60	15	90	112	107	96	108	59	81	32	12	76	92	41	94	76	87	88	115	105	26	0	98	1	29	96	109	82	27	24	23	101	86	58	93	30	84	19	17	109	90	71	74	47	21	10	78	21	60	11	76	62	104	44	94	37	85	90	104	12	28	47	87	64	25	71	109	12	15	47	70	26	68	91	38	80	52	82	68	109	67	23	67	3	46	78	63	21	76	72	57	104	69	32	71	21	28	110	115	14	28	48	64	86	73	70	43	42	82	20	2	66	59	54	51	71	57	18	81	112	35	61	76	9	56	87	93	12	78	92	109	87	66	83	102	28	49	11	108	48	113	11	73	17	18	100	75	14	74	93	36	67	49	18	24	107	65	111	50	83	38	36	86	99	99	44	93	26	95	106	89	85	46	6	92	10	112	9	119	78	104	72	39	116	79	72	107	31	45	118	106	40	38	40	95	100	10	39	39	91	113	115	10	26	31	116	60	46	38	41	45	45	114	100	39	77	37	101	21	68	111	21	56	103	31	70	32	40	80	45	16	86	108	62	96	39	47	119	19	89	31	118	45	96	114	81	32	47	54	108	51	53	72	61	50	47	57	36	1	72	94	111	29	17	90	116	115	24	75	82	24	41	46	78	106	53	118	113	46	86	91	47	24	58	31	85	24	108	66	0	75	63	111	75	62	43	115	72	36	88	85	3	19	104	37	104	53	21	58	1	45	54	40	118	62	46	59	22	76	116	110	99	22	22	64	86	44	4	66	87	15	96	9	9	20	31	27	60	3	32	28	62	44	29	29	0	80	91	98	13	118	12	38	29	11	3	73	11	46	101	13	88	81	99	103	20	92	107	76	30	34	61	108	47	81	119	89	58	107	102	82	105	88	87	45	40	89	59	19	9	2	82	53	16	1	62	3	9	21	109	8	70	90	116	97	100	72	99	95	115	102	98	91	23	34	106	68	58	28	76	71	97	81	100	14	85	10	20	14	27	111	58	56	66	75	24	106	58	107	119	109	91	114	96	35	50	89	12	56	43	8	111	29	33	96	79	62	37	50	58	109	33	89	111	88	84	89	9	97	58	39	46	77	30	94	78	88	86	60	17	52	109	18	64	105	12	31	72	68	69	100	59	39	72	4	0	71	116	36	25	4	98	109	92	18	116	66	111	28	98	55	58	66	44	63	19	99	53	23	17	45	0	41	92	101	72	34	4	49	35	40	93	13	90	11	79	96	19	9	68	81	97	106	35	82	33	9	92	31	49	89	119	104	14	75	98	68	109	97	12	90	26	69	108	89	73	11	110	73	68	39	115	37	14	30	36	81	94	38	105	99	119	57	83	4	52	97	78	38	83	82	56	110	94	106	61	45	92	37	47	113	11	7	26	88	31	48	6	50	61	111	39	102	0	14	71	8	13	29	74	7	73	92	13	82	45	53	68	76	37	42	47	22	34	51	84	113	53	43	35	7	102	73	100	63	59	89	2	0	3	26	43	80	8	20	112	86	117	50	72	72	11	18	51	63	68	32	39	4	64	61	98	118	64	54	21	64	73	35	3	108	32	88	106	111	0	89	77	114	80	24	52	73	113	17	118	44	10	74	100	42	3	89	116	23	16	32	72	28	45	31	62	66	78	115	39	62	97	106	82	113	64	78	16	102	107	69	89	31	106	21	73	21	107	86	17	112	9	87	24	87	9	97	67	90	64	45	52	48	24	55	81	98	7	1	117	89	6	70	16	9	5	7	53	72	51	41	115	2	114	24	38	53	82	99	115	52	85	45	118	50	30	53	81	92	29	81	56	33	97	40	28	39	28	76	96	49	20	62	43	101	94	32	50	110	81	59	29	2	55	81	109	33	100	26	117	48	19	24	110	76	48	113	49	63	108	69	8	66	50	14	69	58	116	107	76	31	28	81	41	35	72	71	85	107	51	84	5	51	77	96	109	79	19	58	117	48	110	47	93	27	15	15	39	119	43	51	13	35	112	113	60	60	66	106	8	99	51	39	50	113	96	61	45	54	54	0	18	51	9	119	117	96	20	55	95	41	91	89	103	3	84	48	110	19	8	43	77	29	59	47	11	70	11	89	12	44	28	86	5	38	88	57	47	104	88	21	17	102	65	79	98	3	92	107	16	112	17	0	71	27	37	71	81	68	104	33	31	86	28	59	28	47	104	43	55	104	94	56	52	37	23	108	33	5	102	20	18	99	10	108	66	30	69	74	88	6	83	59	33	25	108	68	64	109	29	111	66	70	29	83	15	19	16	7	90	71	81	46	0	74	88	100	90	56	71	98	29	95	82	46	14	57	89	34	53	7	32	4	110	90	71	94	113	31	55	50	91	109	48	27	104	47	51	6	35	101	90	99	114	77	94	68	42	76	7	26	53	104	10	9	4	14	56	74	108	45	103	66	40	83	93	118	81	70	43	60	32	93	29	47	58	7	63	109	106	74	78	61	62	58	86	90	70	4	55	85	105	60	61	38	25	43	48	111	63	10	41	91	101	83	3	96	35	81	29	105	39	97	61	90	58	27	79	34	81	76	51	0	26	103	55	71	53	83	104	66	14	30	79	6	82	81	95	82	67	46	43	4	73	31	41	48	70	53	100	41	53	44	96	103	14	80	57	80	53	68	96	118	99	80	67	71	50	91	93	99	17	11	4	55	18	110	39	25	70	119	64	88	101	57	49	33	12	68	94	54	58	96	77	33	39	104	70	36	49	49	26	1	72	40	115	88	82	59	101	106	116	55	83	28	5	62	8	1	95	113	93	84	13	66	88	10	107	0	22	45	99	78	1	26	108	111	114	113	26	80	65	24	32	2	41	52	78	79	73	106	67	117	37	34	28	111	73	38	14	44	117	9	69	90	101	51	61	53	102	38	61	64	78	55	7	93	7	38	108	75	31	94	88	103	23	88	81	16	63	60	114	118	111	80	9	51	10	91	97	105	5	31	23	92	20	64	91	105	60	16	94	28	68	53	103	30	81	35	2	37	6	29	70	111	31	91	111	35	89	68	59	111	11	119	62	64	38	86	65	16	22	33	41	118	75	12	118	65	76	46	59	11	61	5	50	11	82	95	104	57	45	56	70	69	91	91	5	16	56	84	20	11	90	116	107	6	44	34	18	103	29	11	49	79	0	72	102	4	99	101	75	110	81	28	27	57	14	21	117	85	110	4	112	72	85	48	73	18	67	95	39	13	90	74	84	80	24	7	61	109	26	46	49	55	98	41	97	35	86	103	22	106	96	80	18	26	90	61	61	95	25	18	12	54	62	13	62	16	50	30	57	88	27	109	7	26	68	108	57	65	86	117	59	6	36	105	33	12	47	14	70	25	105	115	58	110	99	71	113	117	74	83	51	92	77	20	17	47	0	97	34	36	54	43	0	99	114	92	113	44	18	34	53	16	88	112	20	89	90	85	4	3	11	39	10	58	26	29	71	96	40	22	44	18	66	44	49	70	65	111	4	21	86	50	86	68	10	38	20	10	83	71	104	10	92	6	30	100	7	111	28	6	31	103	78	15	91	11	34	50	51	52	15	54	90	76	56	80	4	91	78	43	117	63	63	11	49	119	53	79	112	91	112	105	37	109	41	77	17	95	31	75	43	51	65	57	36	41	15	67	36	87	115	45	78	42	50	21	6	95	67	89	115	10	87	13	51	116	64	80	33	110	15	103	110	60	24	64	113	66	92	60	108	101	9	13	27	56	63	14	96	43	106	61	61	58	79	111	23	0	76	13	113	103	28	35	31	37	26	35	42	85	83	58	41	109	43	35	11	31	8	118	40	4	82	106	80	92	43	57	43	31	83	20	70	60	61	30	40	11	67	82	86	12	101	96	1	56	29	81	90	32	50	29	110	81	3	109	106	35	81	79	74	3	21	119	99	106	93	97	52	21	44	112	36	91	95	41	95	28	66	23	0	28	47	2	105	110	114	34	40	76	101	87	48	103	117	118	73	38	55	72	98	22	32	2	19	59	113	98	85	65	81	79	112	12	19	34	98	106	106	47	82	27	15	72	22	93	33	58	5	44	20	43	80	3	88	115	17	50	61	51	64	88	6	107	37	46	55	97	109	26	53	33	113	98	21	22	12	46	1	73	23	20	62	33	87	50	33	9	70	51	23	32	60	93	101	3	100	102	48	38	103	57	100	12	58	84	67	81	23	20	111	23	30	47	22	34	37	73	89	2	94	116	26	77	3	36	28	62	17	15	11	107	79	33	101	106	0	29	7	53	89	105	70	54	5	34	95	40	28	53	25	98	60	51	31	66	50	76	6	50	12	13	25	23	84	32	81	35	57	104	95	65	69	108	72	16	69	55	97	17	97	73	81	65	116	20	111	41	22	40	11	52	89	104	40	109	74	110	18	73	3	58	44	115	74	9	102	65	90	108	35	92	64	104	62	84	75	97	119	118	48	103	63	102	106	91	49	25	45	26	30	113	58	89	15	26	40	31	58	36	3	12	94	105	53	20	51	76	56	67	113	16	117	11	89	44	13	84	29	22	109	4	8	119	84	12	18	91	59	65	60	112	72	46	97	55	16	73	6	78	4	65	84	8	29	101	98	12	63	52	1	38	112	94	19	118	82	6	83	59	64	48	103	51	6	101	14	26	61	49	109	12	94	111	74	86	111	16	56	27	107	110	116	57	102	28	3	107	33	44	28	57	38	110	89	70	37	12	68	86	17	116	37	100	85	44	117	60	44	15	16	54	54	15	89	15	56	12	40	50	22	45	100	15	37	108	64	41	27	21	92	35	43	23	74	84	57	73	100	105	88	63	114	95	95	79	105	98	92	5	112	110	69	88	95	96	32	115	110	49	34	28	62	3	74	83	115	73	59	118	70	81	84	53	21	51	67	83	29	50	36	57	50	25	62	118	12	79	29	71	63	63	38	103	29	61	70	22	80	17	51	24	103	32	68	31	12	119	63	91	79	23	3	27	13	53	52	60	42	77	15	114	4	67	9	88	112	114	73	96	112	60	52	81	97	111	75	78	65	110	46	12	67	108	50	34	116	63	53	74	11	100	67	91	27	49	25	82	18	47	45	76	93	27	75	42	49	6	101	102	41	39	91	26	38	57	32	85	2	115	43	27	63	31	47	16	35	14	23	116	117	57	29	85	108	80	73	92	25	105	52	34	112	45	110	23	92	23	49	86	28	37	61	106	119	36	103	19	102	118	73	75	94	16	26	104	46	11	34	105	90	34	50	62	103	31	115	80	15	51	86	78	45	68	82	51	92	1	83	97	99	46	90	54	35	96	84	62	79	64	100	66	102	89	48	100	65	37	82	82	93	99	82	58	7	0	84	47	43	53	65	12	50	69	62	74	115	63	71	23	41	90	7	67	58	107	111	108	107	79	77	59	117	66	97	105	14	56	12	73	27	67	71	54	105	12	19	70	106	97	96	101	104	28	118	5	10	82	73	74	60	71	0	9	12	25	54	55	110	52	105	25	84	62	54	44	41	56	1	27	107	1	97	67	99	28	7	81	75	76	108	74	73	46	66	116	15	5	27	43	71	116	16	115	11	53	106	118	105	93	21	97	65	14	38	55	112	114	104	45	29	79	93	109	53	51	95	105	104	86	77	57	8	36	41	62	46	104	4	93	47	63	80	38	58	15	85	26	87	77	12	12	39	92	76	106	67	102	82	116	71	5	10	32	43	116	58	33	87	4	96	35	117	107	81	102	8	52	45	40	35	48	113	46	117	66	8	116	94	89	90	48	115	22	101	43	59	61	58	115	112	22	74	49	25	76	6	28	47	50	24	119	32	103	80	36	35	56	58	4	4	97	1	25	105	68	19	83	39	105	66	110	26	75	80	6	112	54	27	7	114	83	8	94	52	11	109	60	59	25	12	85	6	36	67	82	27	70	53	73	52	86	58	6	72	106	32	45	32	42	3	8	36	13	82	12	94	55	56	103	20	19	66	71	70	86	75	40	94	84	98	46	52	1	23	90	19	95	94	80	53	102	81	100	66	87	43	64	93	10	59	58	5	101	96	75	1	53	109	98	118	38	19	108	46	20	102	97	67	104	54	51	29	113	40	96	1	8	13	44	0	19	20	48	63	27	104	3	24	99	51	119	105	60	118	56	69	67	70	114	110	73	8	15	61	119	25	100	17	77	84	33	15	18	104	23	49	46	106	77	65	9	113	67	21	36	49	94	114	111	50	24	24	96	5	7	117	38	53	79	6	60	44	22	34	31	114	2	78	45	51	25	110	112	75	100	74	94	42	77	65	84	101	18	51	117	88	112	98	37	84	109	12	27	70	51	109	106	116	21	68	51	56	107	28	91	102	89	83	70	30	62	68	34	118	105	91	27	15	9	74	28	94	68	54	42	4	116	1	101	111	114	3	60	9	42	101	0	8	67	113	78	57	44	101	68	38	81	36	52	43	26	77	117	109	82	46	43	10	61	104	38	69	32	68	29	9	21	31	67	106	10	96	115	6	82	45	101	56	116	83	113	94	61	21	67	119	117	45	93	59	4	49	58	38	73	60	50	12	94	72	74	0	19	25	95	114	78	2	54	12	3	40	38	18	40	70	78	27	27	119	119	14	89	54	28	96	35	46	20	79	99	58	112	87	118	117	28	111	0	6	11	29	107	19	97	18	2	59	48	97	95	34	19	22	13	78	38	28	1	96	97	91	101	110	109	99	81	2	44	89	73	85	119	27	55	12	4	42	30	6	0	12	65	112	2	112	101	23	40	87	12	30	77	60	36	31	50	23	58	114	26	27	37	38	96	87	40	90	47	88	34	31	95	105	77	4	26	114	42	1	47	57	102	38	24	66	115	88	51	93	31	25	64	16	62	5	1	99	15	69	14	106	110	101	92	10	112	29	86	28	102	73	100	73	33	85	12	43	68	28	28	3	34	107	52	71	45	84	1	53	52	61	109	64	92	69	44	104	118	37	17	54	45	116	81	59	113	48	54	100	33	107	25	55	39	84	97	58	43	56	85	55	90	5	77	99	74	1	56	90	91	57	16	54	32	98	116	36	117	88	94	17	44	52	116	118	6	99	53	44	101	38	58	61	81	80	90	114	52	68	16	15	109	103	50	106	51	64	46	48	60	12	106	67	90	115	66	67	16	0	15	8	93	31	38	74	87	74	63	5	6	68	89	33	115	33	92	19	64	8	94	63	22	62	24	24	92	115	69	40	39	119	70	52	55	118	110	85	55	113	24	94	114	59	90	63	101	107	114	10	25	115	103	100	80	72	46	91	83	57	101	114	115	98	71	59	20	28	46	19	74	29	13	46	69	90	59	52	10	102	51	3	44	105	24	53	97	79	52	60	74	85	50	49	91	0	70	119	7	75	25	6	112	21	74	45	20	111	50	102	21	85	35	26	20	7	50	109	53	11	52	110	55	106	97	41	106	91	39	23	58	66	76	108	2	86	110	49	114	27	21	42	12	17	28	19	80	68	5	78	106	30	71	44	103	102	113	23	95	78	86	44	118	81	66	44	106	101	96	25	41	92	30	6	43	82	18	7	17	26	94	27	22	31	111	21	119	39	108	85	17	54	65	45	55	2	30	77	33	29	46	48	61	43	31	0	39	97	100	65	0	29	81	3	22	29	84	96	26	104	21	43	61	49	109	64	25	24	54	21	9	7	78	60	88	45	47	2	69	32	76	7	35	39	36	30	119	22	83	99	94	38	52	115	89	115	59	113	74	21	101	63	38	38	90	40	111	85	13	58	13	52	9	30	117	119	51	91	7	66	5	55	39	39	70	97	101	30	109	102	95	1	99	2	95	95	14	107	41	101	90	51	115	29	110	61	81	51	33	101	35	70	113	105	41	22	76	0	73	26	41	5	66	6	20	7	94	66	19	72	81	46	105	50	3	22	99	118	113	86	71	17	30	113	83	49	40	14	106	34	115	47	115	40	102	64	68	83	35	6	115	28	0	57	88	39	11	40	86	0	27	72	4	7	12	56	84	112	17	105	116	73	49	109	12	25	79	77	97	37	70	54	17	118	64	76	67	117	7	18	70	87	41	7	92	115	18	51	40	72	33	69	25	53	25	114	26	72	97	111	86	59	63	58	58	46	17	98	92	67	6	101	8	2	42	86	110	7	101	103	97	46	102	72	89	37	37	106	89	0	104	97	52	113	68	9	69	96	97	50	47	118	59	47	99	14	59	29	53	49	47	115	101	7	117	22	84	98	102	109	45	48	61	9	37	52	56	45	45	117	101	72	90	83	47	108	109	56	119	5	113	82	118	54	89	69	8	106	115	5	34	48	90	42	51	116	49	16	43	49	85	31	12	36	61	42	85	40	94	37	7	71	18	0	10	59	2	96	39	116	76	7	22	21	26	41	64	52	11	55	47	109	36	58	23	21	68	119	72	10	108	56	13	50	48	24	51	2	113	54	98	0	51	29	101	38	37	29	10	53	20	100	9	88	102	62	33	96	14	30	116	25	28	22	37	14	75	88	64	62	23	37	0	44	1	31	41	56	66	99	0	119	93	31	38	92	12	9	110	44	102	117	62	40	19	68	16	24	74	71	56	10	116	92	116	1	14	74	76	19	100	92	79	40	3	107	98	37	72	47	72	77	80	25	38	24	63	3	10	113	62	109	98	71	118	55	10	80	109	58	32	28	95	17	39	115	115	91	119	116	35	36	110	58	49	83	42	14	34	36	14	10	69	117	0	38	102	34	44	5	31	83	68	94	119	53	112	33	90	0	119	80	89	91	79	15	85	40	26	41	95	87	74	47	13	55	39	30	2	1	70	42	68	4	58	95	2	59	41	116	61	60	106	56	21	12	4	15	41	73	29	11	38	83	115	31	26	10	115	101	30	50	88	78	1	104	43	7	95	28	78	108	24	97	25	70	69	108	118	109	28	76	80	74	47	32	83	118	10	46	111	109	118	62	70	3	86	12	94	40	42	62	39	99	24	103	7	41	85	40	48	93	57	89	52	59	74	81	84	41	11	20	43	101	4	60	0	12	108	21	58	19	41	116	65	9	103	49	32	91	97	69	49	70	3	45	88	44	37	9	31	93	95	52	11	85	69	73	78	111	47	74	21	97	83	60	39	45	13	83	89	91	17	66	101	111	13	69	64	15	31	15	71	3	43	80	37	17	68	70	8	3	49	25	98	90	23	61	57	95	1	41	90	113	14	36	98	80	1	105	42	6	37	0	28	112	71	72	116	69	73	117	58	48	35	98	16	112	21	16	76	38	91	15	92	21	101	28	74	60	107	113	56	40	56	24	15	89	119	82	74	112	10	24	115	58	66	0	44	4	63	23	66	68	19	13	57	40	4	12	111	45	83	38	50	28	27	56	83	38	49	91	98	43	42	89	44	21	108	11	19	27	102	28	76	22	111	82	1	100	113	108	105	72	80	96	82	32	35	58	0	98	71	40	1	98	79	61	50	35	67	51	89	11	35	10	53	19	35	35	14	11	100	13	31	103	19	97	114	105	90	34	66	6	90	81	0	3	39	49	81	17	105	34	19	61	20	14	109	85	30	11	1	53	45	54	72	50	76	4	65	34	78	40	44	82	3	113	12	24	27	79	66	12	20	118	16	15	26	70	60	24	44	3	118	15	113	94	17	13	101	4	107	89	118	48	27	88	86	22	82	106	78	11	84	110	14	35	79	59	50	69	80	83	1	98	48	51	51	107	28	10	37	41	9	22	28	28	46	40	96	119	64	63	19	21	78	101	61	69	46	37	112	60	42	24	31	104	67	104	36	11	35	99	100	46	22	38	37	79	48	39	71	58	33	14	43	57	73	100	51	116	76	33	74	98	115	104	97	80	77	61	25	62	23	85	36	43	46	36	91	66	89	71	119	3	105	109	96	0	72	73	0	5	67	35	18	82	114	42	83	117	34	22	23	62	58	63	12	105	92	77	74	109	15	44	46	94	104	75	54	33	16	53	89	103	7	4	8	113	109	90	33	76	117	65	117	71	97	9	76	13	108	32	5	93	34	105	33	47	7	73	112	107	96	45	81	113	111	59	93	118	20	45	84	100	29	28	
43	92	14	21	56	19	20	99	99	6	0	98	114	97	54	33	42	3	75	117	72	0	5	58	65	61	96	54	57	62	89	77	14	50	53	116	5	5	82	90	27	20	115	81	4	4	40	49	38	18	99	108	54	82	43	34	105	43	116	53	75	113	91	77	114	97	53	4	19	80	104	66	99	11	88	26	94	39	26	113	99	81	60	13	101	30	65	42	98	83	81	102	70	77	14	37	111	33	70	37	90	28	23	3	44	11	93	115	42	107	70	50	104	97	76	1	24	63	70	90	16	85	76	7	89	108	110	82	92	53	16	83	18	104	24	116	43	96	65	117	33	37	34	47	93	111	22	68	39	97	5	60	41	82	73	1	44	44	89	75	25	65	72	12	112	0	86	52	3	83	4	93	59	4	36	71	32	106	117	20	100	79	34	27	88	68	67	40	84	74	33	10	58	106	13	2	19	53	33	90	56	76	29	50	57	16	42	113	54	32	109	32	37	18	102	110	109	4	18	118	115	19	63	78	60	84	89	18	93	77	86	8	50	26	66	29	74	79	74	21	32	83	108	94	107	42	100	108	22	42	88	13	63	102	60	30	99	21	53	116	111	42	49	43	48	68	116	97	10	119	84	34	84	64	109	28	58	12	28	12	112	57	38	110	28	98	34	112	115	70	74	55	98	73	69	7	14	24	119	70	52	72	78	72	33	78	6	3	73	31	28	100	91	33	118	64	74	119	96	3	69	72	56	106	15	16	42	52	22	116	75	116	31	25	41	55	70	93	48	60	106	83	102	54	31	82	103	50	33	5	32	94	31	11	119	79	36	104	96	106	22	82	8	19	18	84	5	24	29	108	107	109	108	24	16	32	108	52	8	102	97	109	81	67	66	112	38	13	114	74	119	81	88	16	30	75	87	111	90	17	93	85	96	79	15	70	19	75	50	47	67	26	99	45	18	89	118	117	63	60	82	12	118	16	42	32	37	76	60	76	56	75	94	7	13	3	35	85	16	96	33	43	54	88	93	38	93	71	27	115	81	20	10	39	103	81	70	96	45	70	3	82	48	110	103	106	107	39	104	45	117	9	50	25	54	25	100	20	12	114	14	104	33	61	24	31	16	92	115	49	24	14	73	48	99	110	49	100	34	3	23	63	70	72	33	113	7	100	58	45	16	18	82	81	72	34	43	88	73	69	29	75	12	100	17	35	66	104	8	48	43	2	68	75	105	79	103	7	73	17	11	114	74	88	105	32	44	49	14	111	59	41	111	83	5	4	96	1	86	88	48	6	100	10	35	112	99	79	46	3	89	99	78	84	10	12	88	104	44	103	73	77	83	17	22	111	29	119	92	27	47	45	8	111	76	49	47	39	100	64	78	104	66	62	74	7	67	82	112	114	93	7	45	92	85	26	86	85	110	60	116	27	35	80	45	43	18	51	61	102	93	62	13	118	52	65	102	43	17	62	41	86	20	77	30	48	95	73	72	3	58	81	71	103	46	86	115	21	5	75	31	94	79	7	50	91	30	100	55	22	90	114	37	63	86	104	19	74	78	39	49	0	117	69	14	96	79	22	44	1	27	92	71	17	5	67	41	57	29	57	25	70	41	53	106	21	55	91	20	27	115	24	106	25	23	36	88	70	1	27	71	54	77	24	38	13	40	54	101	14	35	110	84	114	30	9	52	49	51	82	67	106	93	23	23	23	48	78	54	46	59	67	49	50	99	46	84	57	6	89	50	49	44	96	7	50	111	44	31	87	23	80	82	0	52	80	47	44	37	66	62	32	58	79	54	35	53	11	58	102	117	108	63	11	6	113	108	75	40	25	108	8	29	39	26	98	16	103	85	43	3	34	17	54	118	97	115	46	56	52	92	103	60	30	72	35	0	7	3	31	28	33	49	106	32	60	73	96	89	60	36	78	90	113	114	100	76	70	55	107	79	105	5	57	11	97	50	59	12	28	50	46	41	71	41	64	88	26	89	6	70	119	59	116	24	2	8	24	101	60	102	39	45	11	43	20	116	91	32	52	53	2	99	53	72	5	13	70	30	85	41	79	107	83	76	115	17	98	97	118	5	44	117	25	51	116	30	69	11	115	110	87	80	40	73	37	114	51	60	107	11	73	117	59	7	4	28	11	8	61	14	78	16	109	56	46	15	41	68	66	87	13	105	48	3	95	68	32	111	47	106	51	93	88	53	101	101	102	79	100	104	62	49	106	58	103	26	20	18	114	69	79	32	101	36	102	5	106	43	83	26	118	42	22	23	104	105	64	61	58	7	11	9	33	12	107	105	93	37	50	71	56	26	12	113	97	15	69	101	98	62	77	108	5	66	92	112	6	14	116	47	41	90	33	26	89	37	35	53	5	117	47	86	27	71	7	112	49	48	7	56	0	23	38	68	76	59	52	116	111	85	60	80	41	108	18	86	59	83	107	111	49	14	100	86	55	5	88	53	114	27	99	88	111	69	23	33	26	88	58	49	97	68	65	35	100	60	61	49	117	87	71	66	5	64	104	9	33	7	7	27	3	35	95	63	7	75	18	77	39	90	2	111	20	16	35	8	70	88	6	89	116	98	83	19	108	114	71	17	49	6	73	17	6	35	76	7	42	62	12	113	23	34	48	77	13	27	114	55	10	74	83	84	38	66	107	102	50	8	21	66	35	84	46	36	41	92	45	80	82	99	61	5	111	6	76	71	38	50	112	101	67	62	97	14	108	53	66	71	14	58	112	13	95	43	11	115	70	17	9	66	78	90	71	84	20	42	90	34	89	110	28	45	33	46	111	32	92	40	70	100	108	45	74	81	30	9	13	98	108	100	58	70	68	51	22	51	58	24	85	58	111	4	71	61	28	72	79	48	31	62	14	78	114	54	115	64	5	4	2	21	37	23	64	103	80	26	110	22	37	67	27	8	79	63	40	22	86	27	47	109	111	99	52	51	0	41	84	57	60	79	81	16	77	94	26	87	95	99	44	46	37	111	114	67	14	44	32	32	79	40	111	107	10	13	30	24	77	22	75	32	6	107	58	108	4	13	46	111	115	101	76	40	50	47	62	66	25	81	31	4	104	85	9	66	91	73	24	52	96	117	90	31	15	85	40	115	95	91	86	31	58	22	84	92	114	9	62	39	108	55	106	104	54	87	52	11	5	24	99	54	75	54	31	80	69	118	102	116	44	113	80	65	54	90	7	61	69	119	34	90	53	74	83	90	109	29	35	68	7	36	84	103	0	78	89	60	14	105	76	76	38	36	19	13	95	35	64	35	8	93	41	33	81	111	70	40	94	57	97	41	63	49	72	44	77	12	50	46	117	24	40	55	64	20	71	49	97	70	89	51	91	8	82	92	56	33	21	65	83	16	36	89	118	80	87	107	7	108	88	25	85	100	80	15	3	53	37	81	2	92	76	78	89	50	64	97	72	57	45	105	50	12	116	4	27	50	10	86	113	67	102	50	38	63	17	10	57	47	13	60	97	40	48	61	59	114	101	114	55	7	101	34	76	35	84	75	15	102	39	45	118	84	85	40	44	25	38	27	9	49	32	82	102	99	104	35	109	73	19	6	7	89	19	107	45	109	81	117	113	81	94	100	43	30	72	82	36	79	1	61	73	65	60	21	71	97	52	72	76	96	99	40	116	65	43	15	47	44	109	87	81	36	18	104	27	35	31	64	59	75	74	88	43	55	30	36	60	92	60	41	2	114	6	102	89	92	11	24	43	116	45	35	19	30	116	21	22	74	1	113	26	6	57	117	57	17	73	66	44	1	48	46	23	94	85	77	27	8	84	17	57	90	86	9	58	66	60	96	95	112	113	24	118	110	54	46	115	5	74	36	17	75	106	50	70	77	39	77	60	34	116	81	17	6	99	58	111	84	77	72	110	114	60	101	11	109	51	19	102	50	49	34	46	14	100	11	10	23	32	113	0	63	17	72	16	95	9	15	119	6	7	91	100	105	73	10	100	72	88	6	107	43	94	63	114	25	14	20	71	114	45	9	88	19	20	81	51	77	14	14	28	28	96	61	82	36	112	27	15	39	79	38	95	113	12	29	100	91	105	48	93	14	107	87	26	16	50	48	85	18	37	70	44	73	95	89	93	84	13	52	65	60	117	19	45	11	50	103	105	8	104	36	79	104	14	88	15	51	21	95	38	102	26	17	18	104	32	78	48	71	1	101	118	23	112	43	105	38	38	59	40	103	46	54	97	51	23	64	5	98	10	36	4	107	93	19	28	8	97	72	36	55	48	88	100	34	119	56	24	106	63	17	60	8	102	79	30	34	105	29	2	96	119	89	61	91	56	36	71	72	104	36	58	59	45	110	34	79	63	53	84	100	102	82	118	90	3	107	44	38	4	16	96	33	55	12	31	14	37	27	24	65	39	17	85	2	2	50	105	86	81	119	116	66	66	14	69	93	42	115	7	95	34	93	49	59	100	35	24	9	110	87	113	107	46	48	79	108	100	85	88	22	2	115	2	6	16	80	68	30	118	81	94	82	102	37	76	74	66	86	23	88	17	106	26	47	88	74	18	5	100	114	71	116	14	38	73	104	60	40	71	71	106	103	0	52	2	35	94	84	74	48	94	92	13	42	86	111	64	98	3	38	90	46	41	78	73	70	69	81	50	73	57	68	102	107	94	35	92	39	94	82	85	46	59	92	42	32	41	64	91	50	4	118	111	106	109	45	103	22	27	57	30	117	13	118	8	29	98	105	59	60	103	85	40	50	30	47	115	73	94	17	105	91	21	105	2	2	28	92	26	103	1	115	107	53	19	94	40	93	50	79	109	5	63	61	27	118	20	72	43	27	105	75	99	8	107	51	20	92	33	72	57	107	83	60	42	105	92	50	68	54	3	99	26	59	45	72	100	65	114	49	72	31	36	56	22	99	78	97	40	90	94	8	84	105	115	51	31	93	55	105	74	81	47	21	34	99	30	5	108	118	52	80	79	92	93	12	31	73	115	75	69	17	100	1	64	38	30	115	2	22	83	5	76	50	56	98	93	115	119	41	9	58	23	76	86	5	119	15	118	23	19	112	57	117	102	32	99	36	34	9	81	87	73	63	59	21	75	11	12	38	79	90	95	30	41	108	106	63	0	3	25	21	55	108	117	99	14	28	56	17	118	70	60	82	13	10	24	116	3	34	71	3	4	67	32	106	27	84	53	79	118	106	8	8	87	88	75	45	2	47	0	119	30	88	67	40	110	100	96	50	87	114	32	47	0	97	84	21	103	63	62	0	80	3	30	34	26	118	5	3	51	20	18	68	28	104	111	42	60	106	15	35	30	47	118	8	108	33	83	102	50	92	80	107	17	96	74	5	18	57	53	109	38	8	78	114	24	85	23	5	66	98	77	81	85	54	109	73	106	110	23	116	10	61	96	34	107	71	26	84	107	31	96	21	28	78	113	43	96	35	47	67	63	116	37	80	2	52	59	40	83	70	34	35	7	97	50	76	108	86	38	11	34	3	44	92	83	4	22	44	18	89	30	15	11	96	25	110	68	47	49	108	47	84	85	37	67	79	109	23	119	101	55	13	6	90	40	96	61	19	114	28	75	14	94	69	119	114	85	12	112	84	15	1	56	30	4	80	3	119	47	67	83	64	94	108	47	17	73	61	106	43	59	114	25	107	82	40	29	32	100	49	82	39	67	2	81	18	29	88	71	69	25	116	9	62	51	97	37	79	118	94	85	87	92	27	49	11	45	71	74	49	18	98	101	25	13	73	8	3	8	35	99	117	74	56	7	111	16	0	9	66	19	55	89	7	112	84	81	15	22	108	8	71	21	14	47	29	57	65	42	14	64	79	60	1	6	112	6	74	26	8	48	45	117	58	5	35	14	69	73	113	34	28	16	109	82	17	45	108	26	92	105	107	68	75	78	41	74	14	63	111	99	51	89	72	112	12	48	41	42	93	23	31	76	96	113	45	17	106	88	58	110	18	15	73	20	113	97	17	118	83	97	7	82	54	14	72	91	62	53	15	115	29	78	30	107	25	59	8	107	91	101	112	9	20	10	21	91	1	20	1	69	116	19	53	101	82	60	58	41	60	104	72	86	44	108	22	7	114	7	0	8	59	73	75	111	81	42	52	89	12	30	67	99	97	36	61	96	43	10	38	52	6	67	85	84	58	85	110	2	20	62	90	22	115	84	93	54	21	102	57	111	26	53	75	100	106	70	83	19	74	52	40	34	95	21	79	6	4	17	48	7	94	33	59	58	20	43	44	56	103	98	13	108	53	55	18	15	64	99	20	25	81	63	76	67	97	53	68	88	17	92	20	72	10	69	7	47	21	31	78	81	88	107	11	41	10	19	62	115	62	87	70	69	39	98	86	86	23	87	16	1	7	81	85	69	47	71	23	80	83	86	100	9	15	90	59	43	110	114	48	90	86	104	84	95	49	78	76	71	13	108	62	20	33	60	60	103	85	55	63	7	13	0	13	25	71	21	95	31	65	91	51	32	41	72	110	74	6	87	56	55	78	105	8	74	88	105	66	27	12	100	5	85	41	80	1	2	55	29	79	111	72	37	9	89	23	56	32	68	95	55	88	71	37	37	7	92	43	100	74	14	34	107	36	38	12	14	84	85	88	76	67	28	83	80	22	5	51	66	0	66	50	3	48	45	99	31	13	119	28	18	71	12	52	43	82	18	79	40	91	46	68	10	51	52	13	98	117	105	29	45	87	75	74	112	89	5	25	59	115	114	0	57	15	51	14	2	56	12	21	21	27	95	45	68	5	46	26	88	24	52	105	100	59	65	114	41	116	50	118	62	44	56	110	74	52	41	102	75	21	48	101	25	107	104	18	28	117	57	87	61	72	89	40	76	20	71	91	79	77	114	104	43	46	71	38	20	113	104	59	14	104	112	76	78	22	10	57	55	103	51	49	46	14	86	51	76	33	113	34	100	82	1	77	119	114	70	116	60	6	50	108	80	98	23	27	12	39	81	12	84	119	50	51	66	45	46	84	17	35	15	11	34	70	17	84	68	73	97	29	82	65	39	18	1	63	95	53	6	66	45	98	37	99	81	80	68	46	109	105	5	46	74	24	91	3	72	81	83	109	48	62	115	23	110	55	44	92	84	2	18	51	10	59	56	119	65	50	96	50	29	19	20	61	111	105	7	87	51	67	27	44	83	97	61	12	114	92	95	115	89	12	105	82	50	42	115	27	54	60	70	66	27	56	38	56	20	89	44	99	15	71	10	109	102	115	48	15	57	10	12	28	27	34	19	4	110	63	37	28	57	64	72	18	57	26	1	84	87	103	113	36	14	28	44	88	63	35	116	71	98	13	116	63	88	92	27	22	49	24	115	90	43	42	16	68	25	108	4	29	43	69	78	18	63	49	35	111	43	97	58	13	0	77	51	36	12	49	14	82	99	17	102	58	23	23	31	28	20	67	63	117	58	65	92	32	5	78	2	67	45	85	103	92	43	85	13	10	48	53	29	81	67	65	24	75	16	109	67	94	19	74	39	32	35	83	93	110	104	91	23	32	40	60	71	85	39	76	82	66	63	24	110	82	6	106	20	47	80	85	86	42	17	110	15	37	72	95	20	75	28	17	19	4	103	61	75	83	29	108	114	45	90	75	36	88	84	85	110	4	99	68	36	31	56	17	10	82	77	32	99	97	94	108	23	114	31	98	56	44	101	97	43	34	34	50	112	61	86	67	109	3	116	102	36	73	5	2	24	30	73	114	118	7	79	64	56	78	119	60	96	29	12	45	38	94	74	27	96	24	34	17	82	13	5	19	14	102	93	54	27	0	15	86	56	79	111	74	3	103	115	11	73	111	34	25	87	53	67	88	49	70	102	51	21	5	111	29	87	31	101	101	3	46	21	80	110	60	61	11	53	1	28	8	103	88	6	16	94	75	106	48	112	14	26	0	27	69	63	72	74	118	98	32	96	103	50	36	68	88	81	92	37	116	101	41	8	47	58	19	24	99	102	75	107	69	59	37	89	73	14	49	1	68	55	110	95	64	30	116	23	13	39	87	36	47	77	70	54	18	45	91	62	23	15	86	13	7	37	98	115	109	100	85	81	15	32	91	118	114	63	27	111	96	76	88	100	61	107	49	40	79	75	72	49	100	93	56	27	74	18	13	96	92	96	111	30	29	109	89	80	18	18	39	108	71	31	80	95	80	3	100	70	119	57	34	97	108	84	96	25	36	94	64	10	92	3	25	1	33	112	82	114	111	11	55	24	82	58	57	27	88	51	42	73	25	52	86	17	46	93	116	56	72	67	67	62	34	73	3	0	92	32	27	72	30	59	15	21	96	15	44	101	40	31	113	48	67	19	107	7	115	90	15	14	29	74	27	71	27	95	98	19	106	54	17	70	8	26	15	10	33	69	96	24	83	99	92	11	26	107	43	71	112	7	118	42	112	2	21	72	59	38	48	91	35	116	13	46	42	109	28	58	2	81	115	118	108	75	68	29	81	86	69	22	8	37	91	119	107	101	94	62	81	97	38	55	83	19	10	118	44	51	118	117	32	34	70	61	72	33	113	100	88	9	15	1	41	73	4	48	4	62	79	39	103	79	0	118	89	91	13	107	37	16	20	22	81	89	64	78	92	35	93	15	25	67	49	59	95	3	55	115	91	64	56	40	74	42	37	36	109	11	119	103	78	3	39	89	68	5	69	55	107	89	86	8	42	76	16	38	34	18	75	74	94	29	15	51	1	64	35	111	80	101	66	7	18	30	58	116	13	55	13	25	35	81	12	1	48	74	23	61	81	109	90	99	83	43	28	90	4	58	20	97	86	41	82	12	108	66	0	33	64	111	33	47	64	92	14	59	96	43	31	54	45	114	110	115	99	7	59	88	26	107	79	50	87	3	105	86	56	119	37	6	11	80	10	105	103	102	37	82	19	25	71	26	24	62	88	91	97	117	9	96	12	56	39	63	15	6	26	69	36	70	25	98	104	18	85	106	96	38	12	39	78	82	93	97	26	59	20	112	27	31	80	16	21	96	79	30	65	13	64	61	100	66	37	59	20	28	13	103	42	6	77	63	36	111	1	1	24	89	40	105	93	80	78	12	62	99	103	18	42	34	103	40	71	29	1	5	12	21	110	39	23	48	50	101	56	42	65	57	21	0	40	69	53	113	13	56	103	40	110	89	115	20	24	23	37	59	70	95	115	81	14	108	77	68	59	87	59	118	49	24	103	10	61	71	93	87	22	94	37	55	15	22	42	45	109	51	111	27	81	24	23	11	4	14	42	116	61	97	72	93	67	92	29	14	70	7	99	113	84	54	30	16	0	14	66	111	90	45	7	15	113	2	38	54	49	49	112	54	112	53	10	56	28	82	39	99	7	25	105	53	54	115	21	91	81	9	93	72	27	49	42	7	20	85	61	12	22	16	110	112	112	69	60	46	78	106	117	30	82	65	119	90	15	98	87	114	46	23	65	104	110	41	85	67	105	58	55	5	89	26	6	71	87	2	36	99	93	116	1	96	99	23	79	55	63	61	59	85	2	93	107	30	49	118	101	117	8	74	106	116	62	10	60	60	14	104	107	94	15	84	57	82	115	95	86	109	101	107	61	58	74	68	25	18	103	49	34	60	104	32	94	119	58	77	50	118	59	70	71	64	9	3	80	74	92	119	68	66	85	14	89	35	93	67	73	78	54	35	60	104	37	52	39	6	54	91	39	12	46	68	2	87	112	118	113	67	92	96	6	101	35	30	88	114	14	73	22	3	89	21	15	51	101	77	91	109	95	82	8	39	64	99	70	29	97	39	22	112	20	11	44	4	104	89	48	90	103	22	118	27	5	44	60	10	62	68	118	54	113	12	107	74	14	33	26	101	34	100	58	47	63	63	13	100	62	107	7	40	1	40	30	77	116	102	84	115	69	80	6	7	1	25	108	38	0	78	21	82	113	17	9	36	46	115	25	83	42	60	53	86	52	67	114	32	23	15	79	48	42	4	61	64	8	0	14	57	9	102	51	36	115	21	72	109	92	21	10	99	80	0	69	82	29	114	13	13	62	71	57	90	33	92	63	39	21	38	115	34	30	69	15	19	46	28	51	8	91	66	49	53	22	93	46	107	56	74	57	59	103	2	66	118	117	63	119	18	78	44	9	83	96	100	11	8	46	105	87	50	91	91	117	103	60	116	12	113	0	51	4	35	11	115	38	13	50	52	92	82	15	89	104	82	41	93	46	54	49	0	60	112	75	54	98	20	55	14	96	59	112	105	0	74	36	20	83	82	30	85	23	81	8	111	15	7	100	90	21	24	102	52	116	16	69	109	98	112	66	115	100	50	0	64	39	67	105	114	99	112	113	95	104	16	42	57	60	66	88	118	2	114	67	112	10	6	89	107	55	90	114	97	106	67	85	7	21	73	100	51	78	73	73	83	57	97	45	111	114	46	83	72	65	95	7	67	117	90	21	1	77	37	71	65	115	18	8	99	44	115	92	55	36	31	60	66	50	60	4	48	4	57	9	18	114	30	24	100	110	2	43	102	62	100	37	117	42	58	53	0	85	75	57	95	104	76	1	88	19	48	67	10	37	69	77	115	39	58	17	71	90	113	32	106	87	82	107	83	89	44	54	15	117	53	7	83	6	97	95	25	53	69	32	60	34	95	27	2	56	2	9	87	54	111	85	4	97	15	19	26	3	24	98	73	14	93	13	108	48	32	23	0	108	100	108	13	84	119	64	17	14	114	119	36	28	1	110	24	115	95	27	40	87	67	24	88	86	90	7	70	2	58	75	89	46	82	15	92	33	80	82	73	22	114	83	49	15	36	98	103	96	48	48	69	47	73	37	41	28	110	40	20	83	98	103	14	15	58	110	73	52	18	77	16	103	12	96	26	66	24	94	3	25	82	62	88	3	70	47	11	74	34	104	48	108	94	13	42	77	74	16	1	47	63	10	9	68	65	21	97	80	97	30	106	30	110	66	5	102	14	93	4	105	115	87	82	8	84	88	104	0	51	40	64	86	70	82	117	33	113	86	88	111	105	91	59	61	58	107	67	73	118	5	16	38	67	108	37	43	97	33	75	20	90	9	27	102	81	105	80	31	31	84	81	118	102	91	93	94	41	53	2	95	52	77	21	93	26	18	24	34	23	28	89	32	101	21	114	37	18	74	54	116	9	56	26	30	19	36	99	105	12	39	57	87	75	36	43	11	90	108	77	23	30	8	1	13	16	75	54	119	43	47	58	95	118	66	88	15	17	55	50	57	104	91	63	25	54	43	96	119	69	35	56	52	74	22	24	87	1	105	108	7	12	77	102	30	104	110	101	112	83	3	29	5	32	115	85	66	98	17	27	80	80	32	49	26	67	87	53	102	103	70	88	35	118	98	73	118	66	11	94	103	118	102	32	96	118	7	117	12	54	34	81	81	24	97	37	48	23	39	25	73	89	53	37	101	42	45	69	77	30	80	85	59	1	6	92	19	4	22	49	36	24	21	35	60	33	106	65	59	65	18	110	79	111	89	15	8	20	114	9	38	55	93	111	52	97	115	23	100	16	60	66	0	113	103	115	23	68	3	99	18	103	10	14	96	3	17	66	67	96	50	67	96	31	64	17	76	110	111	4	83	31	27	47	60	13	95	37	20	16	58	54	112	73	62	0	116	83	24	107	30	2	47	78	58	86	64	38	14	33	119	84	12	20	81	27	72	92	22	14	85	81	39	6	71	87	112	47	17	76	17	47	9	29	18	87	80	80	76	14	81	33	8	24	40	74	105	85	80	33	109	73	119	69	101	103	38	28	115	18	74	116	113	119	105	86	100	116	62	115	67	64	7	66	108	17	9	74	84	22	40	59	117	50	70	5	0	76	41	42	11	30	94	35	56	81	15	4	10	118	52	89	20	92	115	25	80	59	87	51	76	60	82	53	29	80	4	58	8	33	53	43	95	114	60	94	81	78	23	118	67	55	12	110	39	31	73	64	27	67	104	18	71	46	103	70	41	58	9	70	60	14	27	74	31	56	67	58	53	3	1	105	100	114	49	109	31	47	26	98	72	23	109	113	100	103	56	31	66	96	58	23	83	14	106	115	107	49	109	114	5	77	27	4	116	115	114	25	23	110	38	83	75	29	0	48	4	27	100	55	34	105	72	83	112	43	82	114	90	30	71	5	111	36	37	79	71	101	69	85	48	9	87	106	50	35	28	44	3	20	44	110	115	2	55	80	92	27	24	8	45	40	79	107	75	103	70	2	72	73	2	20	74	108	38	94	59	80	38	5	49	8	103	18	35	3	116	118	36	106	41	67	48	44	107	72	7	15	107	28	26	118	33	22	96	109	57	67	59	108	106	7	26	71	89	0	83	86	43	84	59	0	75	98	77	24	56	64	30	38	64	43	28	26	100	39	87	43	86	83	114	85	115	101	72	42	80	55	114	52	55	41	86	107	98	93	31	12	42	79	118	68	41	91	0	53	87	114	56	60	48	20	63	10	34	24	89	96	33	112	68	106	93	84	15	117	101	73	57	62	114	97	23	84	112	44	13	72	104	9	37	90	38	66	94	60	32	78	73	117	1	17	43	51	75	4	25	23	36	79	73	38	78	78	80	32	113	23	7	75	48	73	97	84	61	5	72	58	83	104	36	108	118	116	84	79	51	43	30	105	69	50	60	29	43	19	78	3	8	41	38	108	85	43	37	15	59	25	115	7	49	34	44	58	116	110	74	72	98	45	16	66	0	10	88	59	20	88	8	2	115	11	69	62	106	43	51	44	53	25	20	0	40	66	29	40	71	99	84	17	27	5	61	85	71	30	56	72	39	94	95	37	49	63	8	106	19	3	95	119	89	22	113	68	119	79	0	60	10	62	4	7	87	28	97	32	73	45	85	114	36	38	119	51	31	117	116	26	109	7	80	107	93	84	72	97	42	16	47	92	66	6	41	43	8	1	44	44	50	52	13	21	34	34	92	68	75	30	30	6	53	35	18	38	37	62	78	6	40	42	5	79	11	101	35	8	115	86	19	52	99	104	56	99	16	47	46	83	82	96	55	106	76	68	92	18	44	112	92	30	0	44	32	72	44	36	41	117	3	19	113	25	69	10	60	100	104	105	114	51	33	64	79	2	59	79	56	22	101	27	78	106	55	64	32	119	27	57	20	53	35	13	43	86	65	97	105	44	81	4	20	109	79	110	2	96	70	119	27	116	72	73	106	91	86	66	96	86	75	105	31	57	54	109	2	107	119	26	94	99	21	65	53	57	65	84	114	73	16	101	114	110	116	2	6	84	36	79	56	91	8	52	58	91	84	7	13	35	82	27	26	26	111	36	12	110	11	89	69	18	8	31	69	13	35	111	48	9	68	109	0	10	111	6	99	74	31	55	108	47	110	69	7	30	98	34	80	99	72	112	0	42	2	111	44	64	107	106	1	72	30	28	26	107	105	86	53	86	44	25	84	90	54	12	49	75	106	49	45	49	68	113	9	77	26	113	57	69	29	95	13	110	9	62	80	64	95	52	89	19	60	44	88	31	47	60	9	106	112	14	37	115	67	40	105	78	62	56	85	24	108	35	85	76	90	111	77	18	50	42	55	118	44	1	98	38	27	33	89	66	72	34	51	81	55	62	100	42	43	22	61	77	104	80	28	73	1	75	53	96	99	37	6	39	59	75	6	53	11	49	118	67	114	106	104	96	1	43	93	58	108	45	8	114	107	98	109	31	101	101	79	68	69	36	82	20	77	11	60	38	62	12	23	68	36	81	81	63	16	4	68	62	119	91	59	80	91	41	11	115	25	95	67	19	2	39	7	12	60	28	27	18	11	11	67	31	119	76	15	46	53	72	20	1	114	107	14	74	57	12	44	59	95	100	95	16	16	84	5	15	47	4	3	17	47	14	22	38	78	35	101	77	111	12	95	2	29	35	101	67	15	21	57	15	40	107	83	96	56	7	5	55	16	64	15	42	29	30	49	91	60	10	44	83	7	18	50	103	21	52	60	100	20	102	18	62	28	99	101	107	42	3	25	46	58	74	61	102	87	32	25	89	71	58	95	76	26	66	103	89	72	18	57	111	11	92	82	71	92	18	86	18	70	97	115	93	99	54	69	55	111	30	48	69	96	7	1	43	76	33	29	10	13	76	108	26	89	76	36	35	62	103	3	85	111	17	45	103	84	78	28	51	113	104	52	81	82	39	0	100	57	30	93	34	25	58	102	38	112	35	60	83	13	27	109	79	40	44	30	109	108	74	84	32	117	44	52	92	34	3	91	29	66	5	119	103	4	62	49	89	98	57	42	43	57	74	11	19	114	51	95	13	101	2	33	44	51	1	101	39	94	54	41	112	62	71	38	32	20	48	57	33	66	95	111	67	70	40	14	43	79	66	115	68	45	112	53	71	39	64	90	22	10	57	35	45	32	89	45	97	66	52	83	48	1	64	100	22	84	83	82	66	46	18	74	4	101	91	82	19	66	116	83	107	62	75	11	100	50	41	78	63	40	55	34	7	44	48	74	73	22	93	35	5	28	111	98	12	49	80	94	54	89	96	58	33	105	117	20	62	60	3	23	39	68	93	
15	17	19	17	18	12	12	7	8	7	13	9	14	14	15	8	2	12	11	14	17	15	10	2	7	11	13	3	13	15	5	1	1	13	11	1	3	14	20	9	13	15	12	13	15	12	18	5	10	15	10	4	20	12	8	19	18	13	15	13	16	15	3	13	11	7	20	15	9	5	13	20	14	11	5	9	12	10	2	8	15	19	2	12	1	18	20	8	18	17	14	20	3	16	1	10	10	10	14	13	8	2	18	16	9	13	6	11	18	6	15	3	1	4	2	2	15	6	18	14	10	5	1	13	10	14	5	8	19	1	7	5	4	13	20	8	10	17	1	15	15	19	4	14	8	16	12	14	14	5	16	17	5	15	8	7	3	3	1	2	12	13	4	2	18	12	6	8	6	7	9	18	12	1	8	4	18	5	14	16	13	9	11	14	5	2	4	11	8	13	14	1	15	3	2	12	2	20	6	13	3	7	1	14	14	19	2	19	9	10	20	17	1	11	17	9	12	2	6	19	11	11	4	20	8	12	15	5	14	17	4	2	11	3	2	5	8	4	11	20	11	3	19	13	3	12	17	12	7	17	10	17	15	13	4	4	15	8	20	15	14	4	10	8	12	1	8	17	14	4	7	2	9	2	7	15	2	1	9	8	7	9	19	19	7	20	18	9	4	18	6	7	12	16	9	10	6	11	8	6	9	9	19	6	5	18	3	17	19	12	15	9	15	10	1	7	8	12	13	19	14	20	2	20	14	9	5	17	2	15	16	16	13	11	12	18	9	15	5	8	20	19	1	15	1	1	20	3	19	20	12	2	17	19	10	17	14	19	14	17	10	16	18	15	14	3	2	8	19	5	8	4	18	12	12	9	4	4	20	9	6	18	17	14	1	16	15	20	19	6	8	15	7	5	16	19	4	15	1	10	13	8	4	13	9	5	13	5	20	12	13	7	2	9	7	3	6	13	1	16	20	14	15	1	5	16	20	16	10	8	5	14	5	16	8	12	17	8	18	10	12	17	7	6	16	13	13	18	20	11	13	16	15	3	19	8	4	7	8	2	14	18	10	14	1	13	6	7	18	3	1	4	3	14	19	18	13	18	18	19	16	19	16	16	13	16	14	19	20	8	18	1	15	10	12	6	19	9	9	15	17	12	2	18	5	19	17	20	17	18	6	5	2	16	6	10	5	17	10	1	6	17	4	19	12	15	8	8	18	11	15	10	1	2	3	5	17	9	10	2	15	15	14	12	11	7	16	16	18	14	13	20	12	8	7	12	15	12	2	17	8	14	19	5	4	3	19	5	19	15	20	13	19	5	17	6	1	4	13	10	5	3	20	17	17	1	20	9	14	4	12	10	4	10	15	2	9	6	9	17	6	2	19	9	4	7	6	10	19	18	16	9	9	4	12	8	19	6	9	8	12	10	15	10	8	19	19	20	20	8	20	12	20	1	17	3	3	3	15	17	17	7	18	16	2	2	15	5	4	5	3	16	13	17	16	11	20	16	15	15	3	2	12	4	6	16	8	12	8	19	8	7	17	12	5	13	14	2	7	9	4	3	5	14	6	2	12	9	4	9	16	8	14	5	5	16	14	15	10	12	11	6	7	12	1	15	10	9	12	12	14	15	11	8	3	7	9	10	1	5	2	7	10	16	9	12	2	6	9	6	1	16	15	4	9	4	11	2	5	7	13	10	6	13	5	2	3	11	8	3	13	6	11	5	15	5	1	13	7	2	16	14	16	12	5	8	4	14	16	9	8	5	13	7	16	9	5	7	11	7	8	4	14	6	4	10	3	2	14	5	7	5	8	3	6	1	13	13	11	8	13	12	6	2	16	12	12	16	3	9	10	7	8	2	9	7	15	4	14	2	10	15	12	13	7	2	5	13	9	3	1	4	12	9	9	1	3	13	11	11	11	16	2	16	7	12	12	5	13	8	16	7	6	7	11	13	1	14	11	11	2	5	7	12	6	15	12	3	7	7	3	2	15	13	5	14	4	6	9	16	14	4	2	2	6	5	4	5	13	1	2	6	9	13	10	1	1	9	1	3	11	10	10	2	16	2	12	5	7	2	11	10	10	2	12	11	12	15	5	15	15	5	15	4	10	1	6	13	12	9	8	12	13	14	5	5	8	16	10	9	8	6	13	4	1	1	5	12	6	9	2	15	8	4	9	2	7	5	1	5	13	12	8	2	15	13	12	11	15	16	10	7	1	15	14	14	12	8	1	7	13	9	4	12	11	5	9	15	8	7	5	16	7	9	7	3	10	12	10	12	12	12	4	6	15	7	2	12	8	1	2	15	3	15	11	2	14	15	9	10	1	4	3	14	14	15	10	16	6	1	11	2	13	6	16	11	7	6	10	3	13	9	11	5	10	14	2	2	11	10	8	10	13	14	16	4	15	4	6	8	7	14	13	2	8	1	5	1	4	7	3	5	10	4	9	5	7	7	4	12	16	4	16	3	2	2	8	10	11	15	10	14	1	15	11	14	13	3	10	12	9	15	2	1	9	4	13	13	15	14	16	9	16	3	6	10	6	14	11	13	3	1	12	7	8	10	1	16	4	3	15	10	3	15	2	7	15	8	12	10	3	10	8	12	4	3	6	5	8	2	12	15	2	8	8	13	4	4	7	1	16	1	15	11	4	6	8	6	1	9	1	10	1	1	2	8	7	1	2	13	12	14	4	6	12	4	13	1	11	4	7	10	11	8	10	14	15	5	1	12	12	9	1	7	9	8	9	12	10	8	8	10	7	1	9	6	10	11	13	15	15	13	10	12	12	8	8	12	7	1	6	5	9	13	13	12	5	3	15	14	12	1	2	7	10	16	13	5	16	9	14	3	1	5	2	10	16	16	9	6	11	3	3	11	5	11	9	2	15	10	7	9	3	8	4	9	4	7	12	12	4	13	2	9	4	14	15	7	13	12	6	10	8	10	1	8	10	9	13	16	3	11	3	15	12	12	4	2	16	4	2	10	15	10	12	12	7	3	16	11	6	10	13	10	15	3	10	14	11	1	8	11	7	9	6	14	5	3	2	9	9	1	4	12	13	2	3	12	1	10	13	10	2	4	8	8	13	16	14	4	2	12	14	13	16	2	2	6	4	13	12	9	13	5	15	12	16	11	7	16	1	14	14	6	14	2	9	3	13	11	15	10	14	5	16	14	11	5	3	9	7	6	7	12	4	3	1	16	7	12	2	15	3	7	1	2	9	10	15	10	3	5	11	15	1	11	16	16	12	11	1	9	6	7	8	15	7	12	13	15	4	10	8	4	14	9	16	4	10	11	8	10	4	3	3	14	9	10	5	3	13	6	3	12	13	6	10	6	13	12	16	7	11	13	15	10	10	11	2	3	7	15	14	10	8	16	10	15	2	4	10	9	10	11	4	8	16	1	3	12	10	3	15	16	1	9	10	16	13	4	10	5	6	8	7	9	13	13	8	6	1	6	13	12	7	5	16	16	2	1	13	16	11	3	14	2	4	4	12	15	1	3	5	11	11	7	16	15	10	16	11	15	8	10	1	8	12	10	11	11	12	2	15	13	14	14	5	2	16	16	15	3	10	1	4	3	13	13	3	6	16	4	6	8	10	5	2	2	16	15	10	14	11	2	5	8	7	13	9	8	14	15	5	5	5	2	6	12	12	9	4	9	12	4	9	5	15	14	5	12	16	12	11	7	5	15	3	6	4	7	3	1	11	4	7	14	3	14	4	15	10	10	12	5	4	10	15	13	2	4	4	8	14	2	12	13	12	8	1	13	15	1	12	7	6	10	16	3	12	10	4	5	7	13	16	5	5	5	1	12	12	3	3	14	16	3	11	15	11	5	4	12	11	7	16	12	2	1	12	13	5	1	7	15	9	14	6	12	2	1	16	15	5	13	14	14	1	2	12	1	6	12	7	1	5	12	12	3	7	16	9	3	1	1	3	15	2	14	3	7	5	12	15	3	14	5	9	4	6	2	10	14	12	11	16	6	3	6	4	11	6	15	7	14	6	3	9	5	12	6	6	14	13	7	5	2	3	12	12	9	5	10	1	14	15	3	6	14	15	6	5	11	15	8	11	14	4	1	16	8	6	3	8	12	13	15	9	3	9	11	11	5	14	16	14	9	9	13	2	11	12	9	8	3	11	8	14	14	5	4	3	10	15	16	9	4	11	8	14	10	11	13	5	2	13	8	4	13	9	3	9	8	13	10	10	6	8	6	4	3	16	7	9	13	1	3	14	12	16	9	5	12	7	14	12	7	4	6	16	11	4	3	10	12	4	14	5	14	6	6	14	6	10	16	1	11	1	7	11	10	3	10	5	11	5	15	5	11	12	12	13	2	13	15	5	5	5	7	15	6	8	10	3	11	1	11	1	15	13	15	11	4	9	10	1	1	5	8	4	12	8	15	7	8	9	9	8	3	1	13	15	2	6	1	9	3	10	8	7	6	9	1	7	12	2	8	6	13	13	1	6	14	2	16	14	11	8	7	16	1	8	6	6	2	15	8	2	6	5	4	8	9	1	6	10	5	16	12	8	3	6	12	4	5	2	15	16	14	13	1	15	14	4	8	14	14	11	3	8	15	2	15	3	2	2	4	9	9	9	5	12	4	7	5	11	11	3	8	9	11	2	6	10	7	11	3	6	7	16	16	1	6	14	6	7	4	1	7	2	2	7	1	3	14	4	9	4	12	8	9	5	2	16	6	8	1	3	2	9	15	1	2	14	4	9	14	7	1	13	1	2	4	12	16	1	5	1	14	13	1	16	9	2	5	1	15	11	10	2	14	13	16	6	3	9	3	14	5	15	15	5	4	3	12	1	9	13	3	8	8	5	6	14	5	13	1	3	15	14	14	6	3	12	2	3	11	3	10	8	2	5	15	9	10	3	1	15	12	11	4	1	9	7	2	15	12	12	2	16	10	11	14	15	16	1	7	11	3	11	15	9	8	13	9	11	3	12	16	13	2	6	8	12	8	5	16	12	5	6	11	13	10	2	1	9	15	14	13	1	8	3	13	1	14	3	16	13	14	13	8	8	2	10	15	14	5	4	9	6	9	12	15	15	7	13	6	1	16	10	12	4	1	9	11	1	2	8	8	14	2	11	1	14	10	3	14	16	6	8	12	3	12	4	6	8	6	1	14	12	11	15	6	11	6	1	12	1	11	5	11	9	3	14	7	5	16	14	2	8	10	12	14	10	10	15	8	7	16	11	10	5	13	5	12	4	15	1	9	4	2	2	12	1	11	9	15	6	13	12	13	16	14	2	12	5	13	9	9	8	15	8	15	10	5	14	7	6	11	14	15	3	5	9	12	7	16	15	8	15	14	14	13	8	8	4	9	4	5	10	9	8	15	6	14	2	2	8	15	8	9	14	15	3	2	8	6	11	8	6	12	16	10	4	15	9	2	8	11	4	15	3	8	11	6	2	5	10	4	15	13	10	14	12	8	10	15	6	7	15	3	14	3	2	10	13	3	10	9	6	15	2	5	3	4	12	12	4	5	4	10	12	10	1	1	3	9	4	5	8	11	6	16	16	11	3	3	13	9	5	2	10	14	2	8	12	8	12	15	1	1	5	13	13	9	10	9	4	15	2	1	8	4	8	9	7	8	1	5	5	4	3	13	10	10	2	13	6	8	6	15	9	13	2	1	7	13	15	6	2	1	5	14	8	2	10	11	1	16	15	6	6	13	13	6	2	15	9	15	11	9	11	11	12	10	15	4	6	5	9	5	12	5	3	1	13	10	12	4	9	14	3	16	4	2	15	5	7	2	11	16	13	16	10	4	10	7	11	12	5	16	2	15	12	7	3	14	5	16	4	4	1	16	2	16	1	14	16	12	13	3	11	11	12	9	5	13	16	15	5	1	1	8	2	10	15	13	6	8	14	16	10	11	5	10	2	3	13	3	16	14	6	8	12	12	4	7	3	9	8	9	10	1	1	16	4	4	10	7	4	7	7	11	3	3	11	3	16	4	15	14	11	1	13	13	15	1	15	14	1	2	9	9	1	15	11	5	6	16	10	1	3	14	11	2	10	6	11	4	5	1	16	9	16	12	8	16	15	3	1	6	15	10	9	5	9	6	11	2	11	12	1	16	16	14	3	16	11	10	5	9	15	12	4	7	11	12	14	5	10	14	14	7	9	15	4	8	5	1	14	8	6	7	16	14	2	10	15	12	12	2	5	1	7	15	15	9	7	4	16	15	9	14	9	14	13	8	11	9	10	15	6	12	8	6	13	2	9	15	16	5	8	3	15	10	2	15	11	1	4	16	13	3	14	12	3	11	11	6	4	9	7	5	3	5	8	9	8	11	2	14	15	13	11	4	1	12	5	15	1	1	4	6	7	3	2	14	3	6	15	8	6	1	9	10	9	3	1	6	5	9	10	9	7	7	10	6	1	4	14	15	5	1	5	8	14	1	4	15	13	12	3	9	4	15	3	12	10	9	5	16	12	2	7	12	13	6	3	15	4	8	9	12	1	10	15	7	13	16	16	6	9	11	5	13	7	9	7	2	3	1	5	5	9	2	3	11	12	5	5	6	1	14	9	6	3	2	12	10	8	5	14	6	5	7	15	3	2	14	15	16	15	14	8	12	6	12	7	14	5	11	7	1	16	3	3	9	11	1	12	12	12	9	9	8	6	2	7	10	1	10	15	4	14	2	1	15	5	8	16	6	5	7	12	4	7	15	5	13	16	12	8	8	5	4	16	10	4	8	14	4	3	7	12	7	9	1	2	4	16	13	9	11	5	2	2	8	8	5	11	3	8	14	12	3	15	3	12	15	1	9	13	10	3	5	7	13	5	6	10	7	8	11	12	16	3	2	5	10	16	8	5	1	1	8	14	14	16	5	16	6	15	14	14	6	15	6	9	4	14	2	8	14	6	7	3	15	2	11	5	1	8	15	15	4	1	9	2	15	10	5	12	6	13	3	15	2	11	1	9	13	7	14	9	13	9	8	9	9	9	11	5	10	7	14	11	1	15	16	8	12	11	5	8	2	7	7	11	7	16	9	9	9	9	2	12	6	15	9	13	8	7	5	9	3	4	7	10	12	6	12	11	8	5	16	1	15	1	13	10	11	8	12	4	13	8	7	12	16	11	5	11	15	2	16	7	10	14	7	12	2	5	15	9	3	15	4	10	15	9	4	2	11	2	14	15	7	8	5	14	9	2	14	8	1	10	10	11	10	8	4	12	1	14	13	3	9	8	16	9	10	14	11	13	3	8	16	6	8	1	11	6	16	16	13	16	12	2	8	6	7	10	16	4	13	8	7	13	9	11	4	11	15	3	8	12	4	6	11	9	3	1	10	2	10	4	10	14	9	6	9	9	9	2	10	6	3	2	6	9	8	15	15	11	1	7	15	2	11	2	4	11	13	10	5	8	5	15	10	15	4	6	12	12	7	12	11	1	10	15	9	3	11	6	16	10	6	10	9	3	4	7	2	12	10	15	3	7	7	2	16	6	2	9	1	8	9	12	6	10	15	6	13	4	3	14	7	14	6	14	13	14	6	2	5	1	15	13	11	2	15	15	14	3	9	13	1	12	1	15	4	2	7	5	4	14	9	13	12	11	6	2	3	6	16	4	13	11	8	8	3	15	5	3	6	14	16	15	1	1	3	16	3	11	10	1	6	10	6	12	6	5	5	16	12	5	2	16	11	3	6	11	4	12	1	2	2	6	13	10	8	8	8	3	12	2	7	3	11	3	6	8	12	4	14	13	4	14	3	16	11	6	9	11	11	3	13	11	8	10	11	10	9	16	7	15	10	14	15	3	7	1	2	6	14	8	2	13	7	12	11	11	4	7	4	3	9	5	12	13	8	5	5	14	3	2	1	12	12	9	8	12	15	5	13	15	10	15	8	13	14	15	9	6	10	5	9	7	13	5	15	11	3	10	7	3	2	1	8	9	14	16	10	14	16	15	16	2	11	7	6	3	13	15	3	2	9	3	5	5	11	11	6	11	13	10	16	5	9	11	8	2	7	9	11	16	2	7	6	11	7	16	1	13	13	11	12	6	2	12	13	4	16	8	12	7	7	16	7	4	16	14	6	4	6	12	12	16	7	9	2	14	13	2	7	5	6	12	13	5	12	14	12	9	15	4	13	13	9	16	8	8	12	13	1	11	14	1	7	12	13	12	12	15	14	14	15	9	12	8	3	4	15	10	10	14	13	3	12	2	6	15	7	6	12	11	13	6	13	4	11	13	15	10	8	6	2	6	6	11	14	7	2	12	7	2	13	1	8	12	7	12	6	11	8	6	4	13	3	8	14	15	2	10	9	8	7	7	1	4	5	6	11	16	9	11	13	13	13	2	16	4	12	4	8	7	11	10	8	10	3	5	13	5	10	16	3	2	16	7	15	16	14	12	11	13	12	3	3	13	1	6	13	8	4	14	4	4	2	15	13	1	1	6	14	5	14	6	6	8	8	15	13	12	14	9	16	5	13	1	15	1	8	7	9	13	15	14	1	2	4	7	13	8	13	15	4	12	9	3	13	10	7	14	7	4	4	7	1	11	11	11	11	13	15	2	4	5	1	5	8	10	1	1	7	5	9	13	12	3	6	4	2	10	3	2	10	8	2	11	2	11	16	10	3	7	3	8	6	12	6	8	5	14	12	3	5	2	13	2	14	4	5	11	5	10	11	6	3	4	6	12	11	4	4	16	16	12	14	6	15	12	2	10	7	4	16	16	11	15	2	8	3	1	15	15	4	8	11	7	11	11	16	1	11	5	3	1	8	11	13	11	10	4	5	7	8	5	8	12	3	10	4	8	9	3	2	6	12	12	13	15	16	14	12	15	5	9	16	11	7	10	13	5	6	8	5	6	9	6	5	4	5	5	2	13	9	14	9	5	14	6	1	14	9	16	2	1	3	3	2	13	8	4	9	13	8	11	11	1	16	15	10	10	4	10	4	10	1	16	3	10	5	1	12	5	2	14	14	6	5	12	15	4	15	3	6	11	14	7	11	10	2	10	2	11	9	2	14	9	13	13	1	11	10	12	1	9	4	16	6	4	11	15	6	10	13	1	10	12	4	14	12	1	14	11	14	2	10	9	15	9	5	6	12	9	12	6	15	5	12	5	1	6	12	9	13	13	4	12	7	14	13	5	6	4	7	11	2	6	13	2	1	4	10	14	15	7	8	10	6	10	2	3	11	11	15	3	15	5	12	2	6	8	2	3	15	10	2	15	9	3	7	3	5	7	7	2	6	5	2	5	10	10	5	13	9	5	1	11	8	14	13	9	12	7	10	6	4	16	5	6	6	7	12	13	10	14	9	15	3	5	6	12	4	8	13	10	16	11	11	16	15	11	4	10	11	3	13	8	12	7	15	7	7	8	3	7	3	10	6	9	8	5	4	3	9	1	9	3	6	10	4	7	4	14	3	9	9	5	12	1	4	10	10	10	5	16	16	13	11	12	7	9	8	9	9	14	3	9	7	8	8	16	10	13	16	9	4	12	9	1	13	9	6	7	5	2	7	7	8	14	5	9	13	16	15	3	2	12	8	6	3	7	6	7	5	10	5	14	13	3	4	10	12	3	12	14	3	1	8	10	15	16	10	1	14	9	3	11	3	2	8	5	13	16	1	16	5	16	8	11	7	14	4	16	6	6	16	12	4	9	9	9	3	15	4	1	12	9	7	2	4	5	1	1	8	8	3	11	13	4	9	9	2	13	7	11	6	11	5	4	7	9	4	2	14	11	5	14	10	6	5	7	12	5	2	8	1	16	7	15	5	15	3	10	1	4	7	12	4	4	3	8	13	8	14	2	10	15	16	3	11	12	2	9	12	4	9	16	14	11	10	2	3	8	5	12	4	16	4	10	13	13	11	11	14	4	2	14	6	13	9	15	12	5	11	5	6	2	6	14	10	1	14	11	10	11	4	13	16	14	14	13	3	10	13	7	7	1	13	14	6	12	10	12	8	16	9	1	8	10	4	15	5	15	3	11	1	8	14	8	5	2	8	4	10	15	6	4	3	15	8	8	8	9	10	10	2	6	1	8	8	8	5	1	5	3	9	16	16	12	1	1	11	12	13	11	8	8	15	9	8	7	4	7	1	8	12	12	6	1	4	13	3	4	9	10	1	16	2	2	11	10	9	1	13	10	8	6	7	1	11	16	4	13	15	2	13	7	1	10	9	7	3	13	6	12	16	7	10	6	8	12	15	13	14	11	2	16	2	2	9	9	7	5	16	7	14	4	3	5	12	5	2	5	2	16	15	4	10	12	3	8	12	9	16	16	2	2	8	1	5	10	7	7	6	8	2	15	9	8	14	2	11	15	2	1	3	6	14	2	2	16	16	7	8	6	9	2	6	12	1	6	16	3	14	7	12	6	14	13	16	3	9	10	13	2	14	3	5	3	15	15	6	14	6	2	2	1	6	16	14	13	5	3	14	3	10	12	1	11	12	2	12	3	15	9	5	9	12	6	10	13	8	6	7	15	1	14	11	5	7	4	2	6	6	8	1	9	2	11	4	2	9	14	14	9	12	5	7	3	13	16	4	13	10	11	13	11	6	11	16	7	14	2	8	15	2	16	12	1	1	13	11	8	3	9	2	15	12	15	3	2	15	3	14	7	15	14	10	16	3	13	12	6	13	5	12	16	3	13	2	13	12	8	11	16	12	3	4	5	16	6	11	5	2	3	4	11	3	9	14	13	10	11	3	10	5	16	2	14	13	9	11	3	10	4	6	5	3	2	4	10	9	9	5	12	7	5	2	1	2	13	9	12	3	10	5	14	12	15	14	6	2	3	4	2	8	1	1	15	6	6	1	1	16	15	5	9	5	14	16	5	7	1	6	2	15	9	16	14	1	14	5	6	3	9	1	11	15	3	7	7	10	16	5	14	13	3	8	12	8	13	8	2	12	6	13	7	2	8	10	3	11	6	13	10	12	7	11	13	12	16	9	7	7	13	1	2	16	11	2	6	15	14	7	9	4	13	12	16	14	10	7	1	8	12	3	7	7	7	4	15	8	13	7	4	13	5	7	1	5	12	14	1	6	11	5	12	10	5	1	12	16	12	12	5	15	14	10	8	5	4	10	9	9	9	10	1	12	6	6	1	11	7	4	3	3	8	7	12	1	7	10	10	11	12	16	9	7	4	7	15	1	16	7	1	9	8	11	7	7	14	7	6	5	12	7	13	8	10	9	3	7	12	12	15	16	14	15	2	6	15	6	2	15	12	11	11	9	15	11	4	11	6	9	10	8	12	3	6	16	10	8	2	6	11	11	1	16	10	11	15	3	12	12	7	14	14	12	1	9	6	14	9	12	4	15	12	9	14	3	5	10	3	8	1	9	16	14	3	4	6	11	15	6	1	13	5	6	5	1	3	8	4	9	13	11	15	13	4	16	12	11	4	6	7	3	12	6	5	1	16	8	6	13	1	5	11	1	7	6	1	1	8	8	9	11	3	15	12	9	4	3	8	5	3	13	15	9	10	10	1	15	14	9	3	9	13	12	12	1	15	8	7	12	13	5	16	1	9	1	2	2	4	14	14	9	14	14	2	8	16	8	1	14	10	13	9	9	15	1	1	1	15	1	5	6	9	13	7	11	8	9	12	3	4	12	3	15	6	7	5	16	5	2	13	1	9	7	9	3	15	12	5	8	10	14	8	15	14	14	10	5	11	4	1	16	14	6	7	16	3	8	15	6	8	1	3	16	2	14	3	4	3	2	16	6	14	12	3	5	9	1	8	8	5	13	14	8	16	10	13	15	13	15	10	9	16	16	7	9	7	14	11	13	12	14	10	12	1	5	10	1	5	12	14	11	7	2	2	6	15	9	6	6	16	9	6	9	13	1	8	15	1	1	13	8	6	16	7	14	9	1	8	16	15	9	1	1	8	7	14	5	9	13	9	3	12	7	1	13	14	4	4	7	13	4	14	16	8	1	7	5	16	6	15	6	13	6	7	16	1	9	3	10	3	1	16	12	12	9	4	4	7	8	6	8	1	13	15	6	5	4	14	16	15	4	8	11	13	14	14	12	2	12	12	13	1	7	9	9	15	16	2	13	9	9	11	1	16	15	3	2	6	1	4	13	12	15	6	11	16	7	10	6	15	3	14	13	14	13	10	9	7	1	14	7	7	5	12	15	12	4	13	15	3	15	16	8	9	13	11	2	5	13	7	9	11	1	4	4	6	5	15	2	11	7	11	6	7	4	5	10	7	8	7	10	12	4	15	7	3	12	9	11	2	4	13	2	5	4	13	13	2	3	9	2	7	10	6	4	11	8	3	16	6	14	9	2	1	7	3	16	7	14	13	15	13	16	15	4	10	14	1	11	7	4	12	1	11	13	11	7	14	8	3	4	6	8	11	8	15	15	1	10	9	10	2	11	11	6	1	15	12	16	1	16	14	5	5	12	5	9	6	3	15	16	4	5	15	2	16	6	4	7	5	15	7	3	4	10	11	14	14	9	15	13	3	9	12	13	11	11	15	1	1	15	3	7	4	16	15	3	9	7	7	12	2	12	3	8	12	9	10	8	1	13	9	15	15	11	1	16	8	11	2	1	14	2	14	9	3	1	14	15	7	11	16	16	3	4	10	2	5	6	13	4	6	6	9	8	8	1	7	12	10	11	9	16	11	4	7	13	6	1	10	16	4	5	1	2	4	15	7	7	13	16	11	13	8	14	8	12	14	12	5	11	8	15	4	5	5	3	13	8	10	1	2	11	12	15	12	4	7	16	5	3	4	4	14	5	5	10	10	6	6	13	5	8	7	11	16	9	1	11	5	13	4	2	9	9	15	4	1	12	7	2	6	2	12	11	12	7	11	7	8	4	6	1	11	16	5	16	15	10	15	9	1	5	16	16	15	16	4	11	2	13	16	16	6	8	2	11	12	4	1	1	12	15	10	16	15	15	15	15	10	3	7	12	9	8	12	3	12	9	9	9	15	15	5	2	12	13	8	13	1	15	8	8	10	11	9	13	12	10	14	13	7	6	11	1	16	9	2	10	7	16	14	4	6	6	12	7	4	11	8	11	13	6	5	9	14	6	1	1	13	5	14	4	3	16	16	11	3	12	2	15	7	12	9	1	7	3	6	5	7	16	16	14	5	10	14	12	10	5	9	2	11	13	12	1	5	2	16	11	12	11	12	8	8	3	6	9	4	9	10	10	15	3	10	6	5	6	7	14	11	13	12	14	4	9	5	9	3	10	7	8	14	15	8	5	14	15	1	3	5	12	2	16	3	15	1	2	9	9	1	9	11	13	10	4	15	14	16	2	7	4	5	15	3	15	14	9	10	2	15	3	15	4	8	9	13	14	7	1	14	3	11	7	1	10	9	4	7	12	7	2	13	5	1	9	12	6	15	1	16	13	8	9	8	8	16	11	7	16	11	5	11	16	1	11	13	5	2	2	10	9	10	16	12	4	6	10	16	3	8	2	6	7	11	9	16	13	16	13	7	14	3	12	7	6	11	13	6	15	8	6	7	7	2	12	2	4	16	7	1	6	10	12	10	4	11	14	4	15	11	10	8	8	10	8	13	9	6	8	2	12	5	15	2	13	11	12	7	4	2	2	6	8	6	1	15	14	6	13	5	16	12	5	12	5	10	9	14	13	8	13	13	15	13	1	1	4	1	5	7	3	8	8	1	7	1	12	8	9	10	12	8	6	2	8	2	13	5	11	5	8	1	3	5	13	10	13	16	9	12	9	3	16	13	9	10	8	2	8	6	8	3	4	2	12	7	4	7	6	2	11	11	12	14	10	4	7	1	3	16	9	3	11	13	2	13	9	3	4	7	1	16	9	9	4	4	16	8	13	5	11	11	15	10	9	15	8	11	15	6	13	9	16	9	8	8	15	5	15	7	8	14	10	11	9	10	16	16	10	3	1	1	14	8	11	1	1	13	11	7	16	12	5	10	9	10	4	3	7	2	13	4	10	8	13	8	3	3	12	1	12	12	3	3	7	13	6	9	12	9	1	16	12	2	2	2	6	13	3	14	9	2	13	5	3	5	14	5	9	8	16	16	3	4	13	3	1	9	16	12	2	10	12	8	13	3	7	14	7	1	8	14	6	3	10	15	10	11	12	9	12	8	2	10	14	2	1	15	16	5	16	8	7	5	1	5	12	15	5	10	6	8	4	12	3	6	13	8	9	15	15	15	6	8	16	12	7	1	15	10	5	9	12	10	4	16	16	10	10	10	7	13	1	3	4	8	4	14	10	12	9	15	8	3	7	5	4	15	1	2	4	15	2	14	5	6	14	9	5	12	15	4	8	14	2	4	1	2	5	15	12	14	15	1	9	2	9	16	2	1	11	1	6	15	8	11	5	9	6	14	2	3	6	15	7	3	9	11	3	6	11	6	2	12	8	15	11	4	12	5	6	15	4	11	1	7	6	8	9	7	4	3	2	10	7	12	16	1	4	5	1	12	15	1	12	16	12	14	4	8	6	2	10	10	6	16	2	14	9	5	15	15	12	1	12	5	14	14	8	12	8	6	14	14	2	12	14	13	11	9	16	2	2	8	16	1	9	16	10	
1000	960	650	290	630	190	530	420	370	650	850	720	940	960	310	370	640	910	940	260	100	370	350	100	450	610	570	390	330	780	700	120	740	740	240	990	330	920	920	670	800	690	980	420	820	850	430	830	110	250	270	850	960	840	240	520	230	870	350	110	920	190	330	890	110	980	150	910	490	590	270	740	880	810	550	630	300	250	480	670	210	1000	790	540	440	250	1000	770	580	340	610	380	270	900	890	310	960	920	540	890	400	260	570	800	570	250	570	540	490	950	640	990	900	570	990	360	960	760	140	990	150	750	480	820	810	330	590	700	690	490	800	410	700	400	440	510	830	930	780	460	320	190	530	890	270	550	530	870	380	890	470	850	890	680	550	700	870	280	770	620	920	980	570	190	360	140	430	420	800	510	720	760	100	420	390	980	250	510	140	270	100	550	990	250	1000	310	330	730	240	240	150	300	470	620	890	540	960	100	380	580	900	600	160	990	840	370	110	730	950	1000	580	520	140	770	160	550	280	830	180	870	860	410	570	230	680	890	950	270	560	470	650	420	170	350	210	970	410	900	910	230	380	370	870	810	170	760	450	810	740	700	670	730	520	160	280	950	650	280	370	810	650	560	750	400	870	1000	870	510	830	780	650	110	240	480	600	500	670	850	720	340	990	150	880	710	120	850	280	700	640	920	670	280	930	400	570	130	880	900	850	710	670	240	240	500	610	460	730	550	920	260	290	180	130	270	860	820	500	610	700	610	740	930	970	730	500	100	920	760	350	910	210	650	170	150	740	570	690	400	550	300	1000	900	940	420	230	1000	740	450	170	610	600	690	130	600	580	410	370	600	250	440	290	400	910	570	240	790	440	450	550	510	210	550	170	170	980	210	300	730	730	420	880	820	270	250	810	940	460	300	770	360	520	240	880	210	330	440	990	430	320	300	380	800	580	720	250	970	700	760	610	550	800	950	150	430	680	190	950	160	740	470	810	220	790	310	290	620	360	500	750	850	570	200	260	570	950	780	520	620	900	180	330	480	170	390	720	620	120	660	810	190	570	240	660	380	290	720	530	830	280	820	620	510	350	200	350	740	560	980	150	200	950	420	500	410	840	850	820	490	150	310	760	800	150	820	420	960	740	390	320	530	950	210	200	760	140	320	220	370	570	1000	530	780	380	410	830	660	520	690	830	400	370	810	850	670	370	420	120	100	630	410	240	220	170	140	970	640	410	660	900	140	980	660	970	160	940	120	650	820	780	640	650	800	690	640	920	110	570	650	940	580	620	820	170	470	210	430	270	800	110	290	910	450	120	810	610	410	220	690	290	470	780	300	540	540	360	140	940	290	350	350	670	520	830	600	550	790	840	760	120	930	570	570	580	460	630	790	960	820	670	790	900	620	540	550	770	240	290	230	680	970	300	650	350	440	980	920	200	750	200	410	280	570	890	270	860	440	430	550	720	160	650	530	180	550	350	100	550	670	560	640	940	820	840	300	540	260	190	910	240	360	650	790	820	760	1000	180	200	340	380	450	760	710	100	200	250	200	120	260	950	630	450	340	210	640	100	100	190	940	1000	470	840	810	770	350	440	900	190	640	750	990	590	310	640	700	540	730	990	190	680	430	110	310	410	620	550	180	330	900	610	600	420	510	660	890	640	480	660	920	570	270	900	760	740	720	770	900	910	850	370	850	470	950	600	870	200	820	370	570	140	670	750	750	170	790	520	790	790	350	440	470	570	130	320	750	890	240	610	600	390	620	590	790	900	470	940	510	990	210	580	580	450	300	700	790	560	720	330	700	740	850	250	860	290	340	890	330	540	860	270	170	460	610	480	680	710	920	440	650	620	440	870	870	590	190	490	690	860	690	130	500	950	160	720	850	680	650	610	820	200	270	210	870	910	270	660	470	760	960	780	360	240	340	670	270	400	500	620	830	890	490	520	500	960	560	820	860	770	200	110	670	750	330	520	900	390	520	430	270	800	320	450	740	750	400	950	410	1000	1000	990	370	800	640	920	210	690	220	170	530	580	100	530	530	480	280	800	480	330	330	860	410	860	480	390	600	660	900	310	830	350	130	680	390	240	800	470	470	840	860	190	260	850	540	430	180	540	820	320	390	200	220	370	740	550	790	140	340	440	310	540	350	930	110	690	720	370	310	150	970	190	500	750	490	650	870	560	700	290	950	280	900	370	410	360	450	550	130	130	590	880	760	240	990	660	170	230	810	280	160	200	660	650	940	180	240	660	150	620	230	360	840	880	500	230	270	880	750	990	810	630	330	850	920	100	630	300	820	930	120	830	830	110	740	170	690	370	130	390	560	750	150	380	330	200	320	170	220	890	570	480	960	490	590	410	270	590	610	870	930	190	610	160	840	360	390	580	300	470	470	850	290	270	860	320	160	400	430	840	320	730	730	720	930	480	280	760	170	330	120	670	170	820	540	350	270	210	540	900	690	130	570	380	620	410	850	820	170	450	620	870	670	580	610	660	630	320	490	470	330	100	390	290	670	320	250	150	620	940	390	770	280	900	740	920	470	680	730	860	130	180	290	220	760	690	210	570	120	770	360	990	110	600	350	820	500	680	450	550	810	870	500	1000	380	200	310	730	700	590	830	370	800	610	770	500	820	670	360	650	840	860	480	960	740	470	730	380	380	760	180	280	920	800	290	830	600	190	300	480	390	310	920	540	140	910	290	730	230	960	270	860	350	790	380	960	960	910	980	270	330	660	680	360	190	210	730	950	900	530	640	650	710	900	870	590	170	530	120	350	860	520	510	770	660	710	370	710	940	550	490	730	460	820	450	780	730	360	360	570	770	600	920	410	370	570	460	190	180	320	150	250	320	800	220	980	460	900	320	620	520	970	370	760	770	120	710	370	170	350	640	690	690	300	470	470	560	290	770	270	520	370	200	780	770	860	650	770	850	760	400	140	710	800	330	400	840	810	860	410	330	540	290	700	160	180	930	400	230	200	820	280	350	120	480	390	240	830	160	820	350	310	290	360	520	790	830	540	670	670	830	790	540	780	230	190	510	840	910	180	410	930	170	740	670	940	430	870	420	420	990	350	960	230	150	620	830	690	540	950	520	410	740	300	330	880	700	570	210	770	230	240	600	630	540	950	820	840	570	1000	220	610	150	730	290	730	810	510	280	250	510	730	130	180	710	280	570	290	790	730	620	470	370	380	460	990	460	890	890	570	560	760	230	640	990	870	370	650	900	310	170	330	790	630	470	330	740	630	640	410	990	340	500	120	470	140	640	850	480	250	200	790	140	310	310	390	470	110	740	520	180	990	820	300	810	950	340	420	300	970	610	990	100	880	810	660	580	660	510	910	910	850	940	380	800	440	710	500	540	590	450	870	450	880	560	590	210	130	410	300	520	410	270	960	410	640	220	660	460	420	550	750	750	830	550	470	110	790	920	640	480	470	270	270	880	110	490	640	790	190	980	120	720	320	840	360	910	750	800	570	540	740	860	210	550	790	770	180	770	640	520	790	300	380	600	310	650	250	840	330	100	730	900	890	810	180	560	950	590	120	490	510	940	680	400	770	730	100	230	430	940	630	840	950	240	350	320	900	700	130	820	190	450	180	650	270	670	450	840	490	850	920	980	150	520	590	830	580	700	250	130	420	650	870	430	340	510	980	460	570	490	680	250	140	500	440	450	180	530	870	970	200	350	850	680	700	800	910	180	550	530	490	820	830	670	210	350	350	390	900	990	210	870	280	960	630	210	1000	600	830	280	720	880	250	810	340	400	900	570	690	420	210	130	170	280	770	630	980	300	670	460	830	150	650	520	380	420	330	870	650	520	100	780	360	680	120	860	790	910	590	970	110	940	310	360	820	390	240	180	150	270	350	260	640	930	860	960	830	660	280	210	180	430	640	880	230	180	490	510	200	240	780	250	640	460	500	290	250	130	490	890	550	280	580	630	530	420	970	610	590	880	130	840	990	740	680	370	280	310	410	410	580	880	660	170	1000	700	170	930	880	270	960	160	910	950	850	140	290	490	290	430	490	970	820	820	230	930	780	490	840	290	990	660	380	570	680	180	860	500	560	140	980	890	430	670	800	770	480	900	230	820	870	400	620	950	940	980	980	440	730	140	260	360	370	640	1000	540	120	240	170	460	450	200	970	490	110	210	380	370	970	310	580	540	100	620	600	970	390	870	310	580	650	130	100	290	470	950	600	680	220	120	580	900	700	590	660	680	700	670	650	910	130	400	560	810	830	290	620	500	460	480	340	830	230	150	770	250	650	140	870	340	240	200	820	610	120	750	830	540	990	610	400	400	910	940	1000	130	490	770	370	340	330	230	840	760	660	670	410	250	870	330	890	980	590	120	520	570	890	780	410	300	930	610	190	170	500	210	240	160	960	880	210	940	730	190	910	370	640	320	920	920	680	570	180	160	450	290	940	340	130	620	320	960	100	550	820	890	330	230	170	270	410	260	400	310	710	730	380	420	250	190	320	630	140	360	750	530	520	850	770	610	540	590	660	510	200	370	900	700	460	220	510	220	150	610	240	660	270	130	960	260	880	480	180	840	310	280	930	450	940	200	350	810	980	110	580	720	730	620	440	910	790	880	630	650	280	600	220	260	800	440	410	770	130	430	600	400	950	1000	780	210	430	140	880	360	560	850	870	480	750	1000	440	230	850	530	400	540	360	420	700	500	940	730	810	590	780	810	150	790	190	210	510	580	320	500	560	820	860	120	290	400	900	340	540	310	970	390	690	370	440	250	440	110	540	440	510	990	600	160	960	790	1000	520	800	460	100	180	800	890	100	680	880	920	510	910	120	380	910	330	940	710	140	350	740	370	900	990	380	590	670	250	110	600	840	850	510	160	710	980	480	490	580	730	660	190	410	340	630	750	990	770	980	770	840	420	330	860	540	920	720	170	890	300	110	680	730	320	960	210	970	210	770	510	660	850	770	630	740	630	370	950	710	690	160	770	500	290	360	730	650	910	470	840	440	530	720	710	210	580	420	770	470	420	240	390	910	160	890	320	750	390	790	860	1000	420	340	230	880	230	400	390	640	410	620	270	650	170	780	350	720	320	380	280	800	500	590	830	830	660	560	730	820	250	720	700	360	810	990	440	790	200	740	910	940	810	780	650	620	900	570	780	950	980	700	230	980	710	500	490	700	230	800	260	660	340	230	660	910	210	440	310	470	900	330	500	150	490	620	280	830	700	270	580	180	330	1000	180	960	630	360	570	630	140	950	760	480	170	110	110	250	360	250	520	390	150	960	400	900	560	720	460	360	500	610	670	770	650	560	520	830	560	780	470	970	810	460	230	330	700	910	130	630	730	450	240	480	260	690	270	350	840	880	840	820	290	860	330	760	530	860	510	100	710	150	770	670	600	470	620	440	800	610	310	540	750	610	350	460	230	170	830	110	320	680	160	380	240	440	130	330	790	720	900	110	500	870	780	440	330	170	140	230	440	340	230	180	1000	560	690	380	1000	490	530	670	220	600	410	170	410	1000	590	160	850	540	370	340	940	450	730	580	360	100	110	210	790	850	670	870	940	740	330	740	270	760	740	410	820	720	440	180	600	330	750	870	260	330	680	240	600	740	930	870	380	730	1000	830	910	270	660	410	890	750	160	250	750	100	470	920	660	340	720	620	230	700	500	220	1000	570	220	630	420	610	270	150	210	310	970	960	290	180	410	110	350	930	590	870	630	480	210	320	780	920	890	690	950	440	530	410	150	260	890	280	770	870	130	750	860	200	130	490	500	780	530	230	700	190	510	750	240	840	350	540	190	450	510	220	770	860	800	570	210	420	420	670	140	210	180	710	240	560	840	130	930	780	810	360	810	250	170	920	780	250	630	630	380	990	910	300	770	420	320	780	330	100	780	860	500	220	820	470	240	890	800	630	470	910	220	220	350	450	750	690	610	440	560	600	650	790	200	860	350	210	120	990	900	980	800	650	240	400	560	1000	210	680	400	520	830	430	190	140	530	280	820	530	290	180	430	140	540	800	320	120	270	790	300	820	730	330	410	230	660	220	590	560	340	400	900	180	420	700	790	710	990	150	740	390	680	580	170	300	270	450	540	810	220	940	600	160	530	910	300	130	690	500	260	260	510	760	220	750	830	330	460	370	540	620	650	390	190	990	500	740	890	820	980	980	520	260	970	440	190	700	550	670	850	790	900	690	880	670	930	910	460	280	730	320	160	390	310	430	650	900	140	580	510	930	780	410	810	540	880	830	700	490	140	260	920	870	190	670	420	870	770	830	280	570	350	470	930	340	420	710	730	690	170	900	840	660	260	650	860	100	330	370	890	190	750	360	840	570	610	690	940	250	260	410	240	130	610	840	640	870	520	950	1000	450	730	270	140	250	460	130	680	520	650	230	830	710	110	730	130	270	120	630	530	530	960	200	920	610	1000	720	700	350	220	150	840	110	980	510	300	140	210	500	660	370	670	360	550	580	800	760	230	510	150	130	810	370	790	960	990	480	180	760	270	340	790	950	380	370	470	980	890	370	160	630	460	730	680	560	1000	520	290	290	990	850	250	450	860	810	560	610	230	650	810	490	950	730	830	570	840	310	370	830	830	260	810	660	630	770	810	980	350	710	390	530	190	800	130	890	550	950	520	930	190	530	150	620	500	320	1000	430	620	770	840	590	710	270	450	900	810	180	710	770	370	750	500	950	930	880	830	140	200	330	850	870	310	950	920	360	820	900	700	430	950	280	810	110	840	380	620	380	420	930	990	590	410	500	470	1000	650	720	560	190	660	770	400	460	750	680	210	140	970	970	740	470	720	210	160	780	910	810	530	910	530	210	790	790	330	420	440	460	470	500	130	250	290	950	630	610	340	910	570	280	240	550	660	910	740	500	550	230	380	190	600	310	630	770	350	540	280	530	500	860	980	970	310	180	560	320	810	950	930	760	820	510	230	350	890	770	850	420	750	820	840	130	680	520	850	910	630	650	520	640	610	920	750	210	710	760	570	190	960	560	600	150	240	470	330	610	260	640	870	860	180	720	350	460	260	950	320	970	770	150	810	720	660	740	900	440	820	930	730	790	700	700	720	260	1000	260	600	290	460	650	190	680	530	700	930	700	280	170	180	720	210	790	990	570	640	250	350	410	380	570	560	250	550	800	220	970	280	490	930	130	530	130	500	580	560	710	240	950	300	1000	400	390	260	310	380	410	750	680	220	400	820	440	800	150	440	820	360	750	180	950	120	980	530	870	430	120	970	290	170	370	610	270	290	680	380	920	710	120	400	680	370	720	640	870	1000	480	290	920	280	220	960	790	960	430	180	680	700	1000	590	960	260	240	350	320	930	350	890	200	730	710	360	670	340	420	940	740	340	300	650	600	840	680	470	300	160	390	640	330	630	770	700	870	180	680	300	590	260	710	960	710	690	360	620	530	860	700	590	160	410	180	100	200	190	600	460	170	400	210	760	170	700	440	660	300	470	110	780	720	320	250	140	550	200	950	960	240	470	230	940	440	960	690	640	410	280	280	280	440	490	110	600	230	120	730	860	920	490	630	940	800	970	470	100	270	680	780	240	920	470	100	380	480	970	320	960	780	820	110	840	430	790	460	810	540	350	720	700	480	820	930	960	720	510	510	150	620	850	240	150	130	220	520	600	910	360	770	470	200	170	730	340	970	520	880	490	390	950	390	900	690	440	310	210	870	310	310	220	820	840	230	110	780	700	370	920	670	740	910	440	410	550	200	420	480	210	540	740	420	520	790	190	260	130	730	280	520	560	320	830	190	380	630	980	200	140	880	110	960	1000	760	320	700	650	410	860	570	500	720	160	350	400	670	490	900	300	640	480	820	550	830	860	510	870	920	190	990	530	520	670	760	290	370	140	450	760	480	310	320	880	920	280	360	400	680	880	270	760	440	180	270	900	110	640	370	780	380	750	730	320	520	730	840	160	890	230	480	290	130	270	290	790	950	460	470	430	950	750	650	560	420	830	230	380	440	420	610	490	810	250	100	260	410	810	450	500	1000	430	270	590	990	970	1000	800	490	480	420	810	810	860	670	220	240	100	960	360	350	250	420	230	280	650	690	290	990	680	260	440	280	300	630	980	820	820	470	700	980	510	860	860	730	120	820	270	680	750	700	550	800	880	370	880	700	910	860	420	610	530	850	670	600	750	850	340	250	250	440	480	610	490	530	850	520	220	410	480	210	290	540	640	1000	640	570	430	380	390	370	110	630	120	460	440	780	920	370	700	110	560	590	320	570	200	290	390	970	320	130	520	130	590	930	330	930	880	780	670	740	600	530	200	650	560	300	790	250	240	390	470	130	370	430	260	930	760	160	430	530	480	310	570	520	160	810	230	960	380	120	510	620	890	900	370	360	220	920	920	160	120	980	260	1000	520	280	170	730	960	440	360	740	780	850	790	260	140	520	330	470	660	560	160	530	290	550	410	760	600	780	560	540	300	580	420	360	320	280	290	780	690	950	770	940	650	290	340	400	420	210	660	790	170	400	870	670	750	270	470	710	410	330	710	560	880	140	720	710	620	450	390	320	430	780	440	500	320	490	950	190	230	470	380	820	940	250	280	110	580	450	110	900	560	710	900	800	230	330	100	400	900	850	240	930	940	850	660	910	150	520	240	540	660	170	570	500	190	160	220	450	580	500	690	990	940	440	870	800	600	700	510	270	240	880	810	920	370	230	150	670	510	850	650	450	510	850	220	730	680	200	140	390	940	640	910	360	880	870	490	240	610	750	730	860	320	990	930	450	690	440	170	580	560	640	550	360	190	240	620	370	330	890	950	990	760	660	290	360	500	710	310	870	840	780	240	250	840	700	820	270	330	940	640	120	530	610	640	690	980	410	180	810	150	410	670	110	300	190	320	980	840	430	420	950	260	490	130	850	350	720	570	550	370	400	350	700	470	980	570	360	780	370	440	880	690	600	900	300	650	860	980	100	880	300	700	970	650	960	450	370	320	930	770	950	430	290	830	940	640	960	170	610	840	290	360	390	830	450	150	140	830	670	400	160	490	470	440	110	170	600	460	670	500	720	730	140	760	730	180	630	710	840	170	800	210	310	650	650	300	170	570	780	830	410	630	830	550	710	290	480	230	450	210	470	580	730	360	270	920	360	550	430	550	450	420	940	290	650	190	840	530	930	630	390	740	380	320	810	820	620	390	600	310	190	300	900	120	450	630	440	600	980	980	500	860	980	620	680	520	860	980	440	470	440	450	920	840	900	200	590	190	480	660	340	820	610	150	690	690	320	920	680	840	130	760	930	830	950	590	880	660	860	400	140	700	610	400	720	970	950	750	290	410	540	590	400	780	870	980	860	460	770	270	400	240	780	660	880	250	940	880	930	530	760	490	720	530	920	270	450	560	350	190	380	130	920	800	100	820	1000	260	910	930	530	990	290	480	290	740	550	820	540	520	550	950	100	580	300	560	160	270	160	400	970	730	600	340	590	970	820	940	510	560	650	870	820	850	190	480	710	460	900	390	360	370	900	820	800	230	530	780	240	320	610	850	550	740	330	920	220	490	770	100	570	620	180	130	640	470	230	270	480	100	190	410	120	320	810	570	790	660	790	470	700	560	310	120	540	320	560	900	810	200	310	100	460	240	720	560	490	930	320	790	750	720	160	320	160	880	600	610	160	580	890	980	780	480	710	200	200	640	480	620	360	620	670	150	200	640	510	550	660	760	220	500	640	870	620	990	490	210	740	700	530	980	720	200	510	190	510	920	940	600	180	520	740	940	650	550	180	160	760	940	530	650	790	600	500	730	380	790	850	200	520	620	900	320	240	460	820	310	880	860	500	910	150	730	170	200	440	210	540	390	360	170	200	220	100	840	970	960	910	850	580	630	310	870	830	390	420	870	530	180	570	510	340	990	840	160	150	350	920	360	520	180	170	330	400	750	680	820	360	150	820	260	450	1000	330	510	400	160	310	270	320	340	110	270	740	630	110	300	720	490	800	390	670	280	190	150	250	190	800	790	340	760	370	280	890	240	890	820	590	370	910	260	550	620	990	270	930	860	660	660	510	900	550	950	370	200	150	470	410	320	890	720	660	260	660	920	710	680	300	550	860	140	530	480	670	160	690	760	390	440	270	570	970	200	700	410	160	580	560	440	840	980	500	880	950	440	760	290	850	320	900	520	360	230	870	690	580	840	930	160	920	870	980	140	890	740	700	590	880	520	290	550	350	190	380	190	700	180	210	380	890	970	380	140	880	580	810	560	990	760	730	780	870	890	920	440	740	190	720	540	540	120	840	180	590	540	540	640	460	470	500	930	740	440	360	290	840	730	800	250	160	120	710	660	590	370	390	100	400	120	140	410	360	870	580	440	430	160	630	860	200	600	670	460	850	530	170	260	430	460	180	390	640	780	110	680	640	510	530	420	120	500	980	260	750	860	570	370	640	610	790	410	490	490	560	850	200	110	540	730	400	160	630	650	720	610	130	890	650	770	550	660	980	630	270	830	490	320	410	160	390	850	500	370	260	360	640	350	940	430	660	320	300	830	730	290	110	840	1000	570	100	190	580	990	190	640	510	680	120	470	940	190	190	700	610	500	600	300	330	380	120	460	470	740	850	420	360	270	370	220	330	430	520	670	480	760	1000	830	120	820	400	140	930	940	380	590	780	450	130	970	580	770	160	550	340	630	880	400	1000	920	730	520	400	190	1000	270	880	860	820	460	440	870	440	820	520	420	210	630	130	690	320	670	720	310	130	670	780	560	930	980	480	680	920	160	230	730	860	300	190	130	150	200	120	780	740	740	970	650	720	760	430	380	210	330	660	250	260	870	130	760	1000	580	660	230	510	660	1000	500	520	820	320	1000	890	140	380	860	620	140	400	420	580	690	610	440	700	410	740	1000	900	570	500	180	930	690	900	880	870	140	160	750	400	880	1000	700	500	760	890	130	880	580	1000	620	130	960	370	260	590	520	420	480	750	180	210	590	120	950	140	440	420	150	380	860	310	540	260	760	380	540	740	230	880	550	590	700	510	600	180	180	570	780	340	930	760	1000	980	720	480	880	760	940	910	190	450	810	610	990	190	150	600	1000	400	470	950	1000	780	110	960	400	730	960	340	370	380	220	330	1000	560	900	290	230	510	920	260	390	900	770	780	510	490	1000	260	910	100	650	600	170	970	1000	960	530	450	370	610	840	400	970	680	740	810	330	800	580	300	850	680	770	700	240	480	100	590	160	590	740	290	330	810	740	260	410	740	370	890	860	340	560	820	570	430	170	640	550	290	190	940	230	390	470	650	460	510	580	710	900	520	410	780	700	510	650	660	570	970	370	820	190	340	940	330	550	390	350	570	170	380	780	270	590	140	240	400	200	690	420	300	640	730	610	880	660	660	760	510	760	430	970	890	280	630	920	330	940	390	530	940	120	570	760	670	860	670	560	530	130	650	250	290	600	220	420	330	340	140	400	710	710	400	780	610	340	550	380	730	840	660	420	880	130	440	320	320	180	210	650	440	950	130	440	160	540	130	560	150	580	570	610	790	370	320	830	520	740	960	160	140	140	230	860	830	680	280	480	770	250	920	170	230	280	540	800	670	380	200	370	470	950	870	480	130	220	670	530	1000	940	850	560	550	930	290	830	480	850	980	870	330	750	350	440	130	530	560	800	740	230	690	750	110	590	550	620	140	180	840	550	510	250	970	540	490	810	370	970	830	770	170	680	310	690	980	570	630	180	180	170	310	420	510	960	960	540	780	320	670	240	720	240	140	420	990	980	780	180	870	640	590	410	890	810	340	610	990	500	360	950	400	530	780	970	890	210	620	990	240	560	630	510	640	720	800	760	460	950	950	100	280	860	340	910	360	340	180	950	130	440	960	840	730	830	780	380	820	840	970	400	570	310	300	780	420	350	260	290	930	270	890	480	240	860	350	520	190	120	890	590	530	500	870	610	700	770	780	590	640	720	270	910	920	940	110	120	730	170	290	150	220	430	610	600	430	180	390	160	560	980	1000	630	920	630	930	180	320	660	300	580	520	530	250	670	120	390	560	320	460	620	110	610	720	810	930	680	990	940	380	340	590	510	640	670	740	410	210	510	980	970	230	960	220	680	650	520	640	230	180	230	660	540	720	290	680	260	700	400	510	1000	570	340	650	380	240	150	970	630	480	860	180	410	870	770	290	150	130	920	690	880	600	160	300	900	140	870	470	220	250	780	830	960	600	470	730	500	660	310	740	560	490	850	350	820	250	580	470	550	810	640	780	470	310	500	360	440	130	330	860	120	620	480	790	670	490	470	520	470	560	860	930	480	580	970	750	230	410	830	260	300	730	510	540	750	610	890	470	240	240	600	660	120	700	970	660	590	260	180	740	560	900	950	860	900	260	930	270	120	920	330	620	970	400	120	220	310	400	830	550	840	580	910	130	520	740	710	960	950	450	980	630	990	320	260	700	640	340	520	210	220	830	300	510	940	700	810	900	660	510	170	790	550	190	620	460	500	220	600	630	170	600	1000	310	290	700	1000	620	260	780	430	190	720	160	210	810	250	630	230	950	370	320	630	820	360	490	590	820	490	110	390	190	220	480	160	660	570	850	120	270	890	610	700	830	680	710	560	850	220	890	310	410	210	750	680	690	290	250	420	760	370	310	450	1000	580	850	370	160	590	200	960	690	170	830	560	630	760	540	470	240	140	690	320	300	300	190	890	270	190	590	960	740	560	550	420	790	840	110	430	530	430	250	720	830	600	780	920	840	440	350	710	660	810	760	710	890	340	300	940	660	730	800	650	620	270	270	660	460	850	520	400	730	180	470	810	350	630	530	710	810	420	380	720	300	210	490	500	360	640	760	270	580	690	970	120	860	930	340	650	740	140	760	360	990	200	850	490	350	330	440	510	340	100	850	540	600	170	520	440	860	660	490	660	400	890	390	360	640	870	460	920	560	160	200	590	120	330	440	260	410	440	420	290	410	450	270	950	580	1000	240	880	280	190	760	660	550	620	410	890	290	890	930	400	580	620	590	930	870	800	950	700	330	130	340	120	260	170	470	970	270	240	680	610	510	440	800	1000	860	920	120	330	850	210	550	510	950	360	740	320	290	120	340	980	400	810	250	950	190	780	580	640	840	630	500	800	430	200	200	470	810	960	290	450	160	770	340	910	300	940	580	590	820	1000	240	900	510	330	900	890	100	910	930	560	520	740	520	170	170	780	480	990	830	990	1000	420	920	170	610	340	120	310	780	340	750	750	490	480	300	270	1000	540	680	610	190	340	510	490	720	130	800	630	990	760	980	120	440	860	550	860	950	980	880	300	270	190	170	720	580	410	570	440	910	300	700	140	390	620	550	620	630	670	570	310	880	940	190	780	700	370	120	1000	830	930	610	310	670	740	290	540	190	940	300	800	390	900	870	380	270	250	490	740	520	620	920	750	200	120	460	950	400	630	760	990	980	650	370	910	280	210	100	840	490	670	800	960	450	670	110	810	810	150	520	870	930	610	640	910	710	990	260	620	130	560	660	370	710	600	770	570	910	880	180	830	440	110	370	110	820	690	730	580	300	340	610	670	740	380	350	680	870	220	460	710	990	970	160	700	930	760	540	710	500	300	300	520	470	630	870	250	440	120	740	730	460	610	680	280	880	430	910	810	450	390	440	540	680	650	340	520	350	170	280	920	180	810	360	320	1000	430	190	920	930	870	780	110	700	460	530	730	850	460	100	770	680	460	580	140	350	260	640	240	700	220	640	500	900	330	680	890	550	370	360	700	440	820	330	930	560	400	250	980	890	830	260	890	590	520	190	180	330	830	890	920	410	900	770	740	140	780	410	380	340	160	220	150	450	320	740	190	710	800	190	550	800	990	410	220	560	660	750	340	610	500	160	750	790	220	140	170	200	320	240	840	640	560	230	660	140	240	310	340	600	230	240	780	540	470	680	100	970	200	500	780	670	210	590	290	580	870	760	240	840	610	840	310	620	210	180	940	170	910	930	600	970	470	650	710	590	200	110	100	900	500	990	830	360	780	460	800	400	410	600	820	320	190	420	710	580	790	140	570	370	560	510	350	320	480	950	510	220	910	770	540	810	100	600	990	140	980	990	430	840	460	480	270	100	650	950	590	720	880	850	320	800	890	870	110	250	710	350	690	710	110	710	430	910	540	150	810	240	440	820	450	880	250	850	570	330	390	190	840	230	250	930	800	820	510	950	300	550	150	430	880	320	610	460	220	970	180	520	430	330	560	620	430	450	640	680	160	760	260	490	550	620	160	610	950	340	630	800	320	910	760	850	670	860	730	300	460	730	180	530	260	870	850	780	820	290	280	830	300	110	670	270	320	850	320	760	840	900	490	910	580	240	580	420	110	720	640	870	700	800	100	310	790	270	700	890	360	960	550	140	440	810	600	600	840	390	750	610	220	680	230	430	510	950	830	220	270	860	700	670	710	280	540	600	400	750	640	580	160	910	500	400	560	610	440	140	950	700	380	920	480	960	440	860	650	850	550	910	470	280	280	370	480	710	250	870	100	580	920	640	950	590	680	410	240	190	910	660	700	260	240	790	260	150	970	650	550	700	620	470	460	620	920	860	580	250	550	650	750	360	390	550	960	590	680	370	970	730	500	640	110	360	340	940	550	590	370	910	890	380	290	590	960	540	790	220	750	500	250	640	800	
10
