6426
120
4
90
0	0	0	0	0	0	0	0	0	0	0	0	192	0	0	0	0	0	0	0	0	0	0	0	0	0	0	0	0	0	0	0	0	0	0	0	0	0	0	0	0	0	0	0	0	0	0	0	0	0	0	0	0	0	0	0	0	0	0	0	0	0	0	0	192	0	0	0	0	0	0	0	0	0	0	0	0	0	0	0	0	0	0	0	0	0	0	0	0	0	0	0	0	0	0	0	0	0	192	0	0	0	0	0	0	0	0	0	0	0	0	0	0	0	0	0	0	0	0	192	
0	0	0	0	0	0	0	0	0	0	0	0	0	0	0	0	0	0	0	0	0	0	0	0	0	0	192	0	0	0	0	0	0	0	0	0	0	0	0	0	0	0	0	0	0	0	0	0	0	192	0	0	0	0	0	0	0	0	0	0	0	0	0	0	0	192	0	0	0	0	0	192	0	0	0	0	0	0	0	0	0	0	0	0	0	0	0	0	0	0	0	0	0	0	0	0	0	0	0	0	0	0	0	0	0	0	0	0	0	0	0	0	0	0	0	0	0	0	0	0	
0	0	0	0	192	0	0	0	0	0	0	0	0	0	0	0	0	0	0	0	0	0	0	0	0	0	0	0	0	0	0	0	0	0	0	0	0	0	0	0	0	192	0	0	0	0	0	0	0	0	0	0	0	0	0	0	0	0	0	0	0	0	0	0	0	0	0	0	0	0	0	0	0	0	0	0	0	0	0	0	0	0	192	0	0	0	0	0	0	0	0	0	0	0	0	0	0	0	0	0	0	0	0	0	0	0	0	0	0	0	0	192	0	0	0	0	0	0	0	0	
0	0	0	0	0	192	0	0	0	0	0	0	0	0	0	0	0	0	0	0	0	0	0	0	0	0	0	0	0	0	0	0	0	0	0	0	0	0	0	0	0	0	0	0	0	0	0	0	0	0	0	0	0	0	0	0	0	0	0	0	192	0	0	0	0	0	0	0	0	0	0	0	0	0	0	0	0	0	0	0	0	0	0	0	0	0	0	0	0	0	0	0	0	0	0	0	0	0	0	0	0	0	192	0	0	0	0	0	0	0	0	0	0	192	0	0	0	0	0	0	
0	0	192	0	0	0	0	0	0	0	0	0	0	0	0	0	0	0	0	0	0	0	0	0	0	0	0	0	0	0	0	0	0	0	0	0	0	0	0	0	0	0	0	0	0	0	0	0	0	0	0	0	0	0	0	0	0	0	0	0	0	0	0	0	0	0	0	0	0	0	192	0	0	0	0	0	0	0	0	0	0	0	0	0	0	192	0	0	192	0	0	0	0	0	0	0	0	0	0	0	0	0	0	0	0	0	0	0	0	0	0	0	0	0	0	0	0	0	0	0	
0	0	0	192	0	0	0	0	0	0	0	0	0	0	0	0	0	0	0	0	0	0	0	0	0	0	0	0	0	0	0	0	0	0	0	0	0	0	0	0	0	0	0	0	0	192	0	0	0	0	0	0	0	0	0	0	0	0	0	0	192	0	0	0	0	0	0	0	0	0	0	0	0	0	0	0	0	0	0	0	0	0	0	0	0	0	0	0	0	0	0	0	0	0	0	0	0	0	0	0	0	0	0	0	0	0	0	0	0	0	0	0	0	0	0	0	192	0	0	0	
0	0	0	0	0	0	0	0	0	0	0	0	0	0	0	0	0	0	192	0	0	0	0	0	0	192	0	0	0	0	0	0	0	0	0	0	0	0	0	0	0	0	0	0	0	0	0	0	0	0	0	0	0	0	0	0	0	0	0	0	0	0	0	0	0	0	0	0	0	0	0	0	0	0	0	0	0	0	192	0	0	0	0	0	0	0	0	0	0	0	0	0	0	192	0	0	0	0	0	0	0	0	0	0	0	0	0	0	0	0	0	0	0	0	0	0	0	0	0	0	
0	0	0	0	0	0	0	0	0	0	0	0	0	0	0	0	0	0	0	0	0	0	0	0	0	0	0	0	0	0	0	0	0	0	0	0	0	0	0	0	0	0	0	192	0	0	0	0	0	0	0	192	0	0	0	0	0	0	0	0	0	0	0	0	0	0	0	0	0	0	0	0	0	0	0	0	0	0	0	0	0	0	0	0	0	0	0	0	0	0	192	0	0	0	0	0	0	0	0	0	0	0	0	0	0	0	0	0	0	0	0	0	0	0	192	0	0	0	0	0	
0	0	0	0	0	0	0	0	0	0	0	0	0	0	0	0	0	0	0	0	0	0	0	0	0	0	0	0	0	0	0	0	0	0	0	0	0	0	0	0	0	0	0	0	0	0	0	0	0	0	0	0	0	0	0	0	0	0	0	0	0	0	0	0	0	0	0	192	0	0	0	0	0	0	0	0	0	0	0	0	0	0	0	0	0	0	0	0	0	0	0	0	192	0	192	0	192	0	0	0	0	0	0	0	0	0	0	0	0	0	0	0	0	0	0	0	0	0	0	0	
0	0	0	0	0	0	0	0	0	0	0	0	0	0	0	0	0	0	0	0	0	0	0	192	0	0	0	0	0	0	0	0	0	0	0	0	0	0	0	0	0	0	0	0	0	0	0	0	0	0	0	0	192	0	0	0	0	0	0	0	0	0	0	0	0	0	0	0	0	0	0	0	0	0	0	0	0	0	192	0	0	0	0	0	0	0	0	0	0	0	0	0	0	0	0	0	0	0	0	0	0	0	0	0	0	0	0	0	192	0	0	0	0	0	0	0	0	0	0	0	
0	0	0	0	0	0	0	0	0	0	0	0	192	0	0	0	0	0	0	192	0	0	192	0	0	0	0	0	0	0	0	0	0	0	0	0	0	0	0	0	0	0	0	0	0	0	0	0	0	0	0	0	0	0	0	0	0	0	0	192	0	0	0	0	0	0	0	0	0	0	0	0	0	0	0	0	0	0	0	0	0	0	0	0	0	0	0	0	0	0	0	0	0	0	0	0	0	0	0	0	0	0	0	0	0	0	0	0	0	0	0	0	0	0	0	0	0	0	0	0	
0	0	0	0	0	0	0	0	0	0	0	0	0	0	0	0	0	0	0	0	0	0	0	0	0	0	0	0	0	0	0	0	0	0	0	0	192	0	0	0	0	0	0	0	0	0	0	0	0	0	0	0	0	0	192	0	0	0	0	0	0	0	0	0	0	0	0	0	0	0	0	0	0	0	0	192	0	0	0	0	0	0	0	0	0	0	0	0	0	0	0	0	0	0	0	0	0	0	0	0	0	0	0	0	0	0	0	0	0	0	0	0	0	0	0	192	0	0	0	0	
192	0	0	0	0	0	0	0	0	0	192	0	0	0	0	0	0	0	0	0	0	0	0	0	0	0	0	0	0	0	0	0	0	0	0	0	0	0	0	0	0	0	0	0	0	0	0	0	0	0	0	0	0	0	0	0	0	0	0	0	0	0	0	0	192	0	0	0	0	0	0	0	0	0	0	0	0	0	0	0	0	0	0	0	0	0	0	0	0	0	0	0	0	0	0	0	0	0	192	0	0	0	0	0	0	0	0	0	0	0	0	0	0	0	0	0	0	0	0	0	
0	0	0	0	0	0	0	0	0	0	0	0	0	0	0	0	0	0	0	0	0	0	0	0	0	0	0	0	0	0	0	0	0	0	0	0	0	0	0	0	0	0	0	0	0	0	0	0	0	0	192	0	0	0	0	0	0	192	0	0	0	192	0	0	0	0	0	0	0	0	0	0	0	0	0	0	0	0	0	0	0	0	0	0	192	0	0	0	0	0	0	0	0	0	0	0	0	0	0	0	0	0	0	0	0	0	0	0	0	0	0	0	0	0	0	0	0	0	0	0	
0	0	0	0	0	0	0	0	0	0	0	0	0	0	0	0	0	0	0	0	0	0	0	0	0	0	0	0	0	0	192	0	0	0	0	0	0	0	0	192	0	0	0	0	0	0	0	0	0	0	0	0	0	0	0	0	0	0	0	0	0	0	0	0	0	0	0	0	0	0	0	0	0	0	0	0	0	0	0	0	0	0	0	0	0	0	0	0	0	0	192	0	0	0	0	0	0	0	0	0	0	0	0	0	0	0	0	0	0	0	0	0	0	0	192	0	0	0	0	0	
0	0	0	0	0	0	0	0	0	0	0	0	0	0	0	0	0	0	0	0	0	0	0	0	0	0	0	0	0	0	0	0	0	192	0	0	0	0	0	0	0	0	0	0	0	0	0	0	0	0	0	0	0	0	0	0	0	0	0	0	0	0	0	0	0	0	192	0	0	0	0	0	0	0	0	0	0	192	0	0	0	0	0	0	0	0	0	0	0	0	0	0	0	0	0	0	0	0	0	0	0	0	0	0	0	0	0	192	0	0	0	0	0	0	0	0	0	0	0	0	
0	0	0	0	0	0	0	0	0	0	0	0	0	0	0	0	0	0	0	0	0	0	0	0	0	0	0	0	192	0	0	0	0	0	0	0	0	0	0	0	0	0	0	0	0	0	0	0	0	0	0	0	192	0	0	0	0	0	0	0	0	0	0	0	0	0	0	0	0	0	0	0	0	0	0	0	0	0	0	192	0	0	0	0	0	0	0	0	0	0	0	0	0	0	0	0	0	0	0	0	0	0	0	0	0	0	192	0	0	0	0	0	0	0	0	0	0	0	0	0	
0	0	0	0	0	0	0	0	0	0	0	0	0	0	0	0	0	0	0	0	0	0	0	0	0	0	0	0	0	192	0	0	0	0	192	0	0	0	0	0	0	0	0	0	0	0	0	0	0	0	0	0	0	0	0	0	0	0	0	0	0	0	0	0	0	0	0	0	0	0	0	0	0	192	0	0	0	0	0	0	0	0	0	0	0	0	0	0	0	0	0	192	0	0	0	0	0	0	0	0	0	0	0	0	0	0	0	0	0	0	0	0	0	0	0	0	0	0	0	0	
0	0	0	0	0	0	192	0	0	0	0	0	0	0	0	0	0	0	0	0	0	0	0	0	0	192	0	0	0	0	0	0	0	0	0	0	0	0	0	0	0	0	0	0	0	192	0	0	0	0	0	0	0	0	0	0	0	0	0	0	0	0	0	0	0	0	0	0	0	0	0	0	0	0	0	0	0	0	0	0	0	0	0	0	0	0	0	0	0	0	0	0	0	192	0	0	0	0	0	0	0	0	0	0	0	0	0	0	0	0	0	0	0	0	0	0	0	0	0	0	
0	0	0	0	0	0	0	0	0	0	192	0	0	0	0	0	0	0	0	0	0	0	192	0	0	0	0	0	0	0	0	0	192	0	0	0	0	0	0	0	0	0	0	0	0	0	0	0	0	0	0	0	0	0	0	0	0	0	0	192	0	0	0	0	0	0	0	0	0	0	0	0	0	0	0	0	0	0	0	0	0	0	0	0	0	0	0	0	0	0	0	0	0	0	0	0	0	0	0	0	0	0	0	0	0	0	0	0	0	0	0	0	0	0	0	0	0	0	0	0	
0	0	0	0	0	0	0	0	0	0	0	0	0	0	0	0	0	0	0	0	0	0	192	0	0	0	0	0	0	0	0	0	0	0	0	0	0	0	0	0	0	0	0	0	0	0	0	0	0	0	0	0	0	0	0	0	0	0	0	192	0	0	192	0	0	0	0	0	0	0	0	0	0	0	0	0	0	0	0	0	0	0	0	0	0	0	0	0	0	0	0	0	0	0	0	0	0	0	0	0	0	0	0	0	0	0	0	0	0	0	0	0	0	0	0	0	0	0	0	192	
0	0	0	0	0	0	0	0	0	0	0	0	0	0	0	0	0	0	0	0	0	0	0	0	0	0	0	0	0	192	0	0	0	0	0	0	0	0	0	0	0	0	0	0	0	0	192	0	0	0	0	0	0	0	0	0	0	0	0	0	0	0	0	0	0	0	0	0	0	0	0	0	0	192	0	0	0	0	0	0	0	0	0	0	0	0	0	0	0	0	0	0	0	0	0	0	0	0	0	0	0	0	0	0	0	0	0	0	0	0	0	0	192	0	0	0	0	0	0	0	
0	0	0	0	0	0	0	0	0	0	192	0	0	0	0	0	0	0	0	192	192	0	0	0	0	0	0	0	0	0	0	0	0	0	0	0	0	0	0	0	0	0	0	0	0	0	0	0	0	0	0	0	0	0	0	0	0	0	0	192	0	0	0	0	0	0	0	0	0	0	0	0	0	0	0	0	0	0	0	0	0	0	0	0	0	0	0	0	0	0	0	0	0	0	0	0	0	0	0	0	0	0	0	0	0	0	0	0	0	0	0	0	0	0	0	0	0	0	0	0	
0	0	0	0	0	0	0	0	0	192	0	0	0	0	0	0	0	0	0	0	0	0	0	0	0	0	0	0	0	0	0	0	0	0	0	0	0	0	0	0	0	192	0	0	0	0	0	0	0	0	0	0	192	0	0	0	0	0	0	0	0	0	0	0	0	0	0	0	0	0	0	0	0	0	0	0	0	0	0	0	0	0	0	0	0	0	0	0	0	0	0	0	0	0	0	0	0	0	0	0	0	0	0	0	0	0	0	0	0	0	0	192	0	0	0	0	0	0	0	0	
0	0	0	0	0	0	0	0	0	0	0	0	0	0	0	0	0	0	0	0	0	0	0	0	0	0	0	0	0	192	0	0	0	0	0	0	0	0	0	0	0	0	0	0	0	0	0	0	0	0	0	0	0	0	0	0	0	0	0	0	0	0	0	0	0	0	0	0	0	0	0	0	0	0	0	0	192	0	0	0	0	0	0	0	0	0	0	0	0	0	0	192	0	0	0	0	0	0	0	0	0	0	0	0	0	0	0	0	0	192	0	0	0	0	0	0	0	0	0	0	
0	0	0	0	0	0	192	0	0	0	0	0	0	0	0	0	0	0	192	0	0	0	0	0	0	0	0	0	0	0	0	0	0	0	0	0	0	0	0	0	0	0	0	0	0	0	0	0	0	0	0	0	0	0	0	0	0	0	0	0	0	0	0	0	0	0	0	0	0	0	0	0	0	0	0	0	0	0	192	0	0	0	0	0	0	0	0	0	0	0	0	0	0	0	0	0	0	0	0	0	0	0	0	0	0	0	0	0	192	0	0	0	0	0	0	0	0	0	0	0	
0	192	0	0	0	0	0	0	0	0	0	0	0	0	0	0	0	0	0	0	0	0	0	0	0	0	0	0	0	0	0	192	0	0	0	0	0	0	0	0	0	0	0	0	0	0	0	0	0	0	0	0	0	0	0	0	0	0	0	0	0	0	0	0	0	0	0	0	192	0	0	0	192	0	0	0	0	0	0	0	0	0	0	0	0	0	0	0	0	0	0	0	0	0	0	0	0	0	0	0	0	0	0	0	0	0	0	0	0	0	0	0	0	0	0	0	0	0	0	0	
0	0	0	0	0	0	0	0	0	0	0	0	0	0	0	0	0	0	0	0	0	0	0	0	0	0	0	0	0	0	0	0	0	0	0	192	0	0	0	0	0	0	0	0	0	0	0	0	0	0	0	0	0	0	0	0	0	0	0	0	0	0	0	0	0	0	0	0	0	0	0	0	0	0	0	0	0	0	0	0	192	0	0	0	0	0	0	0	0	0	0	0	0	0	0	0	0	0	0	0	0	192	0	0	192	0	0	0	0	0	0	0	0	0	0	0	0	0	0	0	
0	0	0	0	0	0	0	0	0	0	0	0	0	0	0	0	192	0	0	0	0	0	0	0	0	0	0	0	0	0	0	0	0	0	0	0	0	0	0	0	0	0	0	0	0	0	0	0	0	0	0	0	0	0	0	0	192	0	0	0	0	0	0	0	0	0	0	0	0	0	0	0	0	0	0	0	0	0	0	192	0	0	0	0	0	0	0	0	0	0	0	0	0	0	0	0	0	0	0	0	0	0	0	0	0	0	192	0	0	0	0	0	0	0	0	0	0	0	0	0	
0	0	0	0	0	0	0	0	0	0	0	0	0	0	0	0	0	192	0	0	0	192	0	0	192	0	0	0	0	0	0	0	0	0	0	0	0	0	0	0	0	0	0	0	0	0	0	0	0	0	0	0	0	0	0	0	0	0	0	0	0	0	0	0	0	0	0	0	0	0	0	0	0	0	0	0	0	0	0	0	0	0	0	0	0	0	0	0	0	0	0	192	0	0	0	0	0	0	0	0	0	0	0	0	0	0	0	0	0	0	0	0	0	0	0	0	0	0	0	0	
0	0	0	0	0	0	0	0	0	0	0	0	0	0	192	0	0	0	0	0	0	0	0	0	0	0	0	0	0	0	0	0	0	0	0	0	0	0	192	192	0	0	0	0	0	0	0	0	0	0	0	0	0	0	0	0	0	0	0	0	0	0	0	0	0	0	0	0	0	0	0	0	0	0	0	0	0	0	0	0	0	0	0	0	0	0	0	0	0	0	0	0	0	0	0	0	0	0	0	0	0	0	0	0	0	0	0	0	0	0	0	0	0	0	192	0	0	0	0	0	
0	0	0	0	0	0	0	0	0	0	0	0	0	0	0	0	0	0	0	0	0	0	0	0	0	0	192	0	0	0	0	0	0	0	0	0	0	0	0	0	0	0	0	0	0	0	0	0	0	0	0	0	0	0	0	0	0	0	0	0	0	0	0	0	0	0	192	0	0	0	0	192	0	0	0	0	0	0	0	0	0	0	0	0	0	0	0	0	0	0	0	0	0	0	0	0	0	0	0	0	0	0	0	0	0	0	0	192	0	0	0	0	0	0	0	0	0	0	0	0	
0	0	0	0	0	0	0	0	0	0	0	0	0	0	0	0	0	0	0	192	0	0	0	0	0	0	0	0	0	0	0	0	0	0	0	0	0	0	0	0	0	0	0	0	0	0	0	0	0	0	0	0	0	0	0	0	0	0	0	0	0	0	0	0	192	0	0	0	0	0	0	0	0	0	0	0	0	0	0	0	0	0	0	0	0	0	192	0	0	0	0	0	0	0	0	0	0	0	0	0	0	0	0	0	0	0	0	0	0	0	0	0	0	0	0	0	0	0	0	192	
0	0	0	0	0	0	0	0	0	0	0	0	0	0	0	192	0	0	0	0	0	0	0	0	0	0	0	0	0	0	0	0	0	0	0	0	0	0	0	0	0	0	0	0	0	0	0	0	0	0	0	0	0	0	0	0	0	0	0	0	0	0	0	0	0	0	0	0	0	0	0	192	0	0	0	0	0	192	0	0	0	0	0	0	0	0	0	0	0	0	0	0	0	0	0	0	0	0	0	0	0	0	0	0	0	0	0	192	0	0	0	0	0	0	0	0	0	0	0	0	
0	0	0	0	0	0	0	0	0	0	0	0	0	0	0	0	0	192	0	0	0	0	0	0	0	0	0	0	0	0	0	0	0	0	0	0	0	0	0	0	0	0	0	0	0	0	0	0	0	0	0	0	0	0	0	0	0	0	0	0	0	0	0	0	0	0	0	0	0	0	0	0	0	192	0	0	0	0	0	0	0	0	0	0	0	0	0	0	0	0	0	192	0	0	0	0	0	0	0	0	0	0	0	0	0	0	0	0	0	0	0	0	0	192	0	0	0	0	0	0	
0	0	0	0	0	0	0	0	0	0	0	0	0	0	0	0	0	0	0	0	0	0	0	0	0	0	0	192	0	0	0	0	0	0	0	0	0	0	0	0	0	0	0	0	0	0	0	0	0	0	0	0	0	0	0	0	0	0	0	0	0	0	0	0	0	0	0	0	0	0	0	0	0	0	0	0	0	0	0	0	192	0	0	0	0	0	0	0	0	0	0	0	0	0	0	0	0	0	192	0	0	192	0	0	0	0	0	0	0	0	0	0	0	0	0	0	0	0	0	0	
0	0	0	0	0	0	0	0	0	0	0	192	0	0	0	0	0	0	0	0	0	0	0	0	0	0	0	0	0	0	0	0	0	0	0	0	0	0	0	0	0	0	0	0	0	0	0	0	0	0	0	0	0	0	192	0	0	0	0	0	0	0	0	0	0	0	0	0	0	0	0	0	0	0	0	192	0	0	0	0	0	0	0	0	0	0	0	0	0	0	0	0	0	0	0	0	0	0	0	0	0	0	0	0	0	0	0	0	0	0	0	0	0	0	0	192	0	0	0	0	
0	0	0	0	0	0	0	0	0	0	0	0	0	0	0	0	0	0	0	0	0	0	0	0	0	0	0	0	0	0	0	0	0	0	0	0	0	0	0	0	0	0	0	0	0	0	0	0	0	0	0	0	0	0	0	0	192	0	0	0	0	0	0	0	0	0	0	0	0	0	0	0	0	0	0	0	0	0	0	192	0	0	0	0	0	0	0	0	0	0	0	0	0	0	0	0	0	0	0	0	0	0	0	0	192	0	192	0	0	0	0	0	0	0	0	0	0	0	0	0	
0	0	0	0	0	0	0	0	0	0	0	0	0	0	0	0	0	0	0	0	0	0	0	0	0	0	0	0	0	0	192	0	0	0	0	0	0	0	0	192	0	0	0	0	0	0	0	0	0	192	0	0	0	0	0	0	0	0	0	0	0	0	0	0	0	192	0	0	0	0	0	0	0	0	0	0	0	0	0	0	0	0	0	0	0	0	0	0	0	0	0	0	0	0	0	0	0	0	0	0	0	0	0	0	0	0	0	0	0	0	0	0	0	0	0	0	0	0	0	0	
0	0	0	0	0	0	0	0	0	0	0	0	0	0	192	0	0	0	0	0	0	0	0	0	0	0	0	0	0	0	192	0	0	0	0	0	0	0	192	0	0	0	0	0	0	0	0	0	0	0	0	0	0	0	0	0	0	0	0	0	0	0	0	0	0	0	0	0	0	0	0	0	0	0	0	0	0	0	0	0	0	0	0	0	0	0	0	0	0	0	0	0	0	0	0	0	0	0	0	0	0	0	0	0	0	0	0	0	0	0	0	0	0	0	192	0	0	0	0	0	
0	0	0	0	0	0	0	0	0	0	0	0	0	0	0	0	0	0	0	0	0	0	0	0	0	0	0	0	0	0	0	0	0	0	0	0	0	0	0	0	0	0	0	0	0	0	0	0	0	0	0	0	0	0	0	0	0	0	0	0	0	0	0	192	0	0	0	0	0	0	192	0	0	0	0	0	0	0	0	0	0	0	0	0	0	0	0	0	192	0	0	0	0	0	0	0	0	0	0	0	0	0	0	0	0	0	0	0	0	0	0	0	0	0	0	0	0	0	192	0	
0	0	192	0	0	0	0	0	0	0	0	0	0	0	0	0	0	0	0	0	0	0	0	192	0	0	0	0	0	0	0	0	0	0	0	0	0	0	0	0	0	0	0	0	0	0	0	0	0	0	0	0	0	0	0	0	0	0	0	0	0	0	0	0	0	0	0	0	0	0	0	0	0	0	0	0	0	0	0	0	0	0	0	0	0	0	0	192	0	0	0	0	0	0	0	0	0	0	0	0	0	0	0	0	0	0	0	0	0	0	0	192	0	0	0	0	0	0	0	0	
0	0	0	0	0	0	0	0	0	0	0	0	0	0	0	0	0	0	0	0	0	0	0	0	0	0	0	0	0	0	0	0	0	0	0	0	0	0	0	0	0	0	0	0	0	0	0	0	0	0	0	0	0	192	0	0	0	0	0	0	0	0	0	0	0	0	0	192	0	0	0	0	0	0	0	0	0	0	0	0	0	0	0	0	0	0	0	0	0	0	0	0	192	0	0	0	0	0	0	0	0	0	0	0	0	0	0	0	0	0	192	0	0	0	0	0	0	0	0	0	
0	0	0	0	0	0	0	192	0	0	0	0	0	0	0	0	0	0	0	0	0	0	0	0	0	0	0	0	0	0	0	0	0	0	0	0	0	0	0	0	0	0	0	0	0	0	0	0	0	0	0	192	0	0	0	0	0	0	0	0	0	0	0	0	0	0	0	0	0	0	0	0	0	0	192	0	0	0	0	0	0	0	0	0	0	0	0	0	0	0	192	0	0	0	0	0	0	0	0	0	0	0	0	0	0	0	0	0	0	0	0	0	0	0	0	0	0	0	0	0	
0	0	0	0	0	0	0	0	0	0	0	0	0	0	0	0	0	0	0	0	0	0	0	0	0	0	0	0	0	0	0	0	0	0	0	0	0	0	0	0	0	0	0	0	0	0	192	0	0	0	0	0	0	0	0	0	0	0	0	0	0	0	0	0	0	0	0	0	0	0	0	0	0	0	0	0	0	0	0	0	0	192	0	192	0	0	0	0	0	192	0	0	0	0	0	0	0	0	0	0	0	0	0	0	0	0	0	0	0	0	0	0	0	0	0	0	0	0	0	0	
0	0	0	0	0	192	0	0	0	0	0	0	0	0	0	0	0	0	192	0	0	0	0	0	0	0	0	0	0	0	0	0	0	0	0	0	0	0	0	0	0	0	0	0	0	0	0	0	0	0	0	0	0	0	0	0	0	0	0	0	192	0	0	0	0	0	0	0	0	0	0	0	0	0	0	0	0	0	0	0	0	0	0	0	0	0	0	0	0	0	0	0	0	192	0	0	0	0	0	0	0	0	0	0	0	0	0	0	0	0	0	0	0	0	0	0	0	0	0	0	
0	0	0	0	0	0	0	0	0	0	0	0	0	0	0	0	0	0	0	0	0	192	0	0	0	0	0	0	0	0	0	0	0	0	0	0	0	0	0	0	0	0	0	0	192	0	0	0	0	0	0	0	0	0	0	0	0	0	0	0	0	0	0	0	0	0	0	0	0	0	0	0	0	0	0	0	0	0	0	0	0	192	0	0	0	0	0	0	0	192	0	0	0	0	0	0	0	0	0	0	0	0	0	0	0	0	0	0	0	0	0	0	0	0	0	0	0	0	0	0	
0	0	0	0	0	0	0	0	0	0	0	0	0	0	0	0	0	0	0	0	0	0	0	0	0	0	0	0	0	0	0	0	0	0	0	0	0	0	0	0	0	0	0	0	0	0	0	0	0	0	0	0	0	0	0	0	0	0	0	0	0	192	0	0	0	0	0	0	0	192	0	0	0	0	0	0	0	0	0	0	0	0	0	0	0	0	0	0	0	0	0	0	0	0	192	0	0	0	0	0	0	0	0	0	0	0	0	0	0	0	0	0	192	0	0	0	0	0	0	0	
0	0	0	0	0	0	0	0	0	0	0	0	0	0	0	0	0	0	0	0	0	0	0	0	0	0	0	0	0	0	0	0	0	0	0	0	0	0	0	0	0	0	0	0	0	0	0	0	0	0	0	0	0	0	0	0	0	0	0	0	0	0	0	192	0	0	0	0	0	0	0	0	0	0	0	0	0	0	0	0	0	0	0	0	0	0	0	0	0	0	0	0	0	0	0	0	0	0	0	192	0	0	0	0	0	0	0	0	0	0	0	0	0	0	0	0	0	192	192	0	
0	192	0	0	0	0	0	0	0	0	0	0	0	0	0	0	0	0	0	0	0	0	0	0	0	0	0	0	0	0	0	0	0	0	0	0	0	0	192	0	0	0	0	0	0	0	0	0	0	0	0	0	0	0	0	0	0	0	0	0	0	0	0	0	0	192	0	0	0	0	0	0	0	0	0	0	0	0	0	0	0	0	0	0	0	0	0	0	0	0	0	0	0	0	0	0	0	0	0	0	192	0	0	0	0	0	0	0	0	0	0	0	0	0	0	0	0	0	0	0	
0	0	0	0	0	0	0	0	0	0	0	0	0	192	0	0	0	0	0	0	0	0	0	0	0	0	0	0	0	0	0	0	0	0	0	0	0	0	0	0	0	0	0	0	0	0	0	0	0	0	0	0	0	0	0	0	0	192	0	0	0	192	0	0	0	0	0	0	0	0	0	0	0	0	0	0	0	0	0	0	0	0	0	0	192	0	0	0	0	0	0	0	0	0	0	0	0	0	0	0	0	0	0	0	0	0	0	0	0	0	0	0	0	0	0	0	0	0	0	0	
0	0	0	0	0	0	0	192	0	0	0	0	0	0	0	0	0	0	0	0	0	0	0	0	0	0	0	0	0	0	0	0	0	0	0	0	0	0	0	0	0	0	0	192	0	0	0	0	0	0	0	0	0	0	0	0	0	0	0	0	0	0	0	0	0	0	0	0	0	0	0	0	0	0	192	0	0	0	0	0	0	0	0	0	0	0	0	0	0	0	192	0	0	0	0	0	0	0	0	0	0	0	0	0	0	0	0	0	0	0	0	0	0	0	0	0	0	0	0	0	
0	0	0	0	0	0	0	0	0	192	0	0	0	0	0	0	192	0	0	0	0	0	0	192	0	0	0	0	0	0	0	0	0	0	0	0	0	0	0	0	0	0	0	0	0	0	0	0	0	0	0	0	0	0	0	0	0	0	0	0	0	0	0	0	0	0	0	0	0	0	0	0	0	0	0	0	0	0	0	0	0	0	0	0	0	0	0	0	0	0	0	0	0	0	0	0	0	0	0	0	0	0	0	0	0	0	0	0	0	0	0	192	0	0	0	0	0	0	0	0	
0	0	0	0	0	0	0	0	0	0	0	0	0	0	0	0	0	0	0	0	0	0	0	0	0	0	0	0	0	0	0	0	0	0	0	0	0	0	0	0	0	0	192	0	0	0	0	0	0	0	0	0	0	0	0	192	0	0	0	0	0	0	0	0	0	0	0	192	0	0	0	0	0	0	0	0	0	0	0	0	0	0	0	0	0	0	0	0	0	0	0	0	192	0	0	0	0	0	0	0	0	0	0	0	0	0	0	0	0	0	0	0	0	0	0	0	0	0	0	0	
0	0	0	0	0	0	0	0	0	0	0	192	0	0	0	0	0	0	0	0	0	0	0	0	0	0	0	0	0	0	0	0	0	0	0	0	192	0	0	0	0	0	0	0	0	0	0	0	0	0	0	0	0	0	0	0	0	0	0	0	0	0	0	0	0	0	0	0	0	0	0	0	0	0	0	0	0	0	0	0	0	0	0	0	0	0	0	0	192	0	0	0	0	0	0	0	0	0	0	0	0	0	0	0	0	0	0	0	0	0	0	0	0	0	0	192	0	0	0	0	
0	0	0	0	0	0	0	0	0	0	0	0	0	0	0	0	0	0	0	0	0	0	0	0	0	0	0	0	0	0	0	0	0	0	0	0	0	0	0	0	0	0	0	0	0	0	0	0	0	0	0	0	0	192	0	0	0	0	0	0	0	0	0	0	0	0	0	192	0	0	0	0	0	0	192	0	0	0	0	0	0	0	0	0	0	0	0	0	0	0	0	0	192	0	0	0	0	0	0	0	0	0	0	0	0	0	0	0	0	0	0	0	0	0	0	0	0	0	0	0	
0	0	0	0	0	0	0	0	0	0	0	0	0	0	0	0	0	0	0	0	0	0	0	0	0	0	0	0	192	0	0	0	0	0	0	0	0	192	0	0	0	0	0	0	0	0	0	0	0	0	0	0	0	0	0	0	0	0	0	0	0	0	0	0	0	0	0	0	0	0	0	0	0	0	0	0	0	0	0	192	0	0	0	0	0	0	0	0	0	0	0	0	0	0	0	0	0	0	0	0	0	0	0	0	0	0	192	0	0	0	0	0	0	0	0	0	0	0	0	0	
0	0	0	0	0	0	0	0	0	0	0	0	0	192	0	0	0	0	0	0	0	0	0	0	0	0	0	0	0	0	0	0	0	0	0	0	0	0	0	0	0	0	0	0	0	0	0	0	0	0	192	0	0	0	0	0	0	0	0	0	0	0	0	0	0	0	0	0	0	0	0	0	0	0	0	0	0	0	0	0	0	0	0	0	192	192	0	0	0	0	0	0	0	0	0	0	0	0	0	0	0	0	0	0	0	0	0	0	0	0	0	0	0	0	0	0	0	0	0	0	
0	0	0	0	0	0	0	0	0	0	0	0	0	0	0	0	0	0	0	0	0	0	0	0	0	0	0	0	0	0	0	0	0	0	0	0	0	0	0	0	0	0	0	0	0	0	0	0	0	0	0	0	0	0	0	0	0	0	0	0	0	0	0	0	0	0	0	0	192	0	0	0	192	0	0	0	0	0	0	0	0	0	0	0	0	0	0	0	0	0	0	0	0	0	0	0	0	192	0	0	0	0	0	0	0	192	0	0	0	0	0	0	0	0	0	0	0	0	0	0	
0	0	0	0	0	0	0	0	0	0	192	0	0	0	0	0	0	0	0	192	192	0	192	0	0	0	0	0	0	0	0	0	0	0	0	0	0	0	0	0	0	0	0	0	0	0	0	0	0	0	0	0	0	0	0	0	0	0	0	0	0	0	0	0	0	0	0	0	0	0	0	0	0	0	0	0	0	0	0	0	0	0	0	0	0	0	0	0	0	0	0	0	0	0	0	0	0	0	0	0	0	0	0	0	0	0	0	0	0	0	0	0	0	0	0	0	0	0	0	0	
0	0	0	192	0	192	0	0	0	0	0	0	0	0	0	0	0	0	0	0	0	0	0	0	0	0	0	0	0	0	0	0	0	0	0	0	0	0	0	0	0	0	0	0	0	192	0	0	0	0	0	0	0	0	0	0	0	0	0	0	0	0	0	0	0	0	0	0	0	0	0	0	0	0	0	0	0	0	0	0	0	0	0	0	0	0	0	0	0	0	0	0	0	192	0	0	0	0	0	0	0	0	0	0	0	0	0	0	0	0	0	0	0	0	0	0	0	0	0	0	
0	0	0	0	0	0	0	0	0	0	0	0	0	192	0	0	0	0	0	0	0	0	0	0	0	0	0	0	0	0	0	0	0	0	0	0	0	0	0	0	0	0	0	0	0	0	0	192	0	0	192	0	0	0	0	0	0	0	0	0	0	0	0	0	0	0	0	0	0	0	0	0	0	0	0	0	0	0	0	0	0	0	0	0	192	0	0	0	0	0	0	0	0	0	0	0	0	0	0	0	0	0	0	0	0	0	0	0	0	0	0	0	0	0	0	0	0	0	0	0	
0	0	0	0	0	0	0	0	0	0	0	0	0	0	0	0	0	0	0	0	192	0	0	0	0	0	0	0	0	0	0	0	0	0	0	0	0	0	0	0	0	0	0	0	0	0	0	0	0	0	0	0	0	0	0	0	0	0	0	0	0	0	0	0	192	0	0	0	0	0	0	0	0	0	0	0	0	0	0	0	0	0	0	0	0	0	0	0	0	0	0	0	0	0	0	0	0	0	192	0	0	0	0	0	0	0	0	0	0	0	0	0	0	0	0	0	0	0	0	192	
0	0	0	0	0	0	0	0	0	0	0	0	0	0	0	0	0	0	0	0	0	0	0	0	0	0	0	0	0	0	0	0	0	0	0	0	0	0	0	0	192	0	0	0	0	0	0	0	192	0	0	0	0	0	0	0	0	0	0	0	0	0	0	0	0	0	0	0	0	0	0	0	0	0	0	0	0	0	0	0	0	0	0	0	0	0	0	0	0	0	0	0	0	0	0	0	0	0	0	0	0	0	0	0	0	0	0	0	0	0	0	0	0	0	0	0	0	192	192	0	
192	0	0	0	0	0	0	0	0	0	0	0	192	0	0	0	0	0	0	0	0	0	0	0	0	0	0	0	0	0	0	0	192	0	0	0	0	0	0	0	0	0	0	0	0	0	0	0	0	0	0	0	0	0	0	0	0	0	0	0	0	0	192	0	0	0	0	0	0	0	0	0	0	0	0	0	0	0	0	0	0	0	0	0	0	0	0	0	0	0	0	0	0	0	0	0	0	0	0	0	0	0	0	0	0	0	0	0	0	0	0	0	0	0	0	0	0	0	0	0	
0	192	0	0	0	0	0	0	0	0	0	0	0	0	0	0	0	0	0	0	0	0	0	0	0	0	0	0	0	0	0	0	0	0	0	0	0	0	192	0	0	0	0	0	0	0	0	0	0	192	0	0	0	0	0	0	0	0	0	0	0	0	0	0	0	0	0	0	0	0	0	0	0	0	0	0	0	0	0	0	0	0	0	0	0	0	0	0	0	0	0	0	0	0	0	0	0	0	0	0	192	0	0	0	0	0	0	0	0	0	0	0	0	0	0	0	0	0	0	0	
0	0	0	0	0	0	0	0	0	0	0	0	0	0	0	192	0	0	0	0	0	0	0	0	0	0	0	0	0	0	0	192	0	0	0	0	0	0	0	0	0	0	0	0	0	0	0	0	0	0	0	0	0	0	0	0	0	0	0	0	0	0	0	0	0	0	0	0	192	0	0	0	0	0	0	0	0	0	0	0	0	0	0	0	0	0	0	0	0	0	0	0	0	0	0	0	0	0	0	0	0	0	0	0	0	0	0	192	0	0	0	0	0	0	0	0	0	0	0	0	
0	0	0	0	0	0	0	0	192	0	0	0	0	0	0	0	0	0	0	0	0	0	0	0	0	0	0	0	0	0	0	0	0	0	0	0	0	0	0	0	0	0	192	0	0	0	0	0	0	0	0	0	0	192	0	192	0	0	0	0	0	0	0	0	0	0	0	0	0	0	0	0	0	0	0	0	0	0	0	0	0	0	0	0	0	0	0	0	0	0	0	0	0	0	0	0	0	0	0	0	0	0	0	0	0	0	0	0	0	0	0	0	0	0	0	0	0	0	0	0	
0	0	0	0	0	0	0	0	0	0	0	0	0	0	0	0	0	0	0	0	0	0	0	0	0	0	192	0	0	0	0	0	0	0	0	0	0	0	0	0	0	0	0	0	0	0	0	0	0	0	0	0	0	0	0	0	0	0	192	0	0	0	0	0	0	0	192	0	0	0	0	0	192	0	0	0	0	0	0	0	0	0	0	0	0	0	0	0	0	0	0	0	0	0	0	0	0	0	0	0	0	0	0	0	0	0	0	0	0	0	0	0	0	0	0	0	0	0	0	0	
0	0	0	0	0	0	0	0	0	0	0	0	0	0	0	0	0	0	0	0	0	0	0	0	0	0	0	0	0	0	0	0	0	0	0	0	0	0	0	0	0	0	0	0	0	0	0	192	0	0	0	0	0	0	0	0	0	0	0	0	0	0	0	0	0	0	0	0	0	0	0	0	0	0	0	0	0	0	0	0	0	192	0	0	0	0	0	0	0	0	0	0	0	0	192	0	0	0	0	0	0	0	0	0	0	0	0	0	0	0	192	0	0	0	0	0	0	0	0	0	
0	0	0	0	192	0	0	0	0	0	0	0	0	0	0	0	0	0	0	0	0	0	0	0	0	0	0	0	0	0	0	0	0	0	0	0	0	0	0	0	192	0	0	0	0	0	0	0	0	0	0	0	0	0	0	0	0	0	0	0	0	0	0	0	0	0	0	0	0	0	0	0	0	0	0	0	0	0	0	0	0	0	0	0	0	192	0	0	192	0	0	0	0	0	0	0	0	0	0	0	0	0	0	0	0	0	0	0	0	0	0	0	0	0	0	0	0	0	0	0	
0	192	0	0	0	0	0	0	0	0	0	0	0	0	0	0	0	0	0	0	0	0	0	0	0	0	0	0	0	0	0	192	0	192	0	0	0	0	0	0	0	0	0	0	0	0	0	0	0	0	0	0	0	0	0	0	0	0	0	0	0	0	0	0	0	0	0	0	0	0	0	0	0	0	0	0	0	192	0	0	0	0	0	0	0	0	0	0	0	0	0	0	0	0	0	0	0	0	0	0	0	0	0	0	0	0	0	0	0	0	0	0	0	0	0	0	0	0	0	0	
0	0	0	0	0	0	0	0	0	0	0	0	0	0	0	0	0	0	0	0	0	0	0	0	0	0	192	0	0	0	0	0	0	0	0	0	0	0	0	0	0	0	0	0	0	0	0	0	0	0	0	0	0	0	0	0	0	0	192	0	0	0	0	0	0	0	0	0	192	0	0	0	0	0	0	0	0	0	0	0	0	0	0	0	0	0	0	0	0	0	0	0	0	0	0	0	0	192	0	0	0	0	0	0	0	0	0	0	0	0	0	0	0	0	0	0	0	0	0	0	
0	0	0	0	0	0	0	0	0	0	0	0	0	0	0	0	0	192	0	0	0	192	0	0	0	0	0	0	0	0	0	0	0	0	192	0	0	0	0	0	0	0	0	0	0	0	0	0	0	0	0	0	0	0	0	0	0	0	0	0	0	0	0	0	0	0	0	0	0	0	0	0	0	0	0	0	0	0	0	0	0	0	0	0	0	0	0	0	0	0	0	0	0	0	0	0	0	0	0	0	0	0	0	0	0	0	0	0	0	0	0	0	0	192	0	0	0	0	0	0	
0	0	0	0	0	0	0	0	0	0	0	0	0	0	0	0	0	0	0	0	0	0	0	0	0	0	0	0	0	0	0	0	0	0	0	0	0	0	0	0	0	0	0	192	0	0	0	0	0	0	0	192	0	0	0	192	0	0	0	0	0	0	0	0	0	0	0	0	0	0	0	0	0	0	0	0	0	0	0	0	0	0	0	0	0	0	0	0	0	0	0	0	0	0	0	0	192	0	0	0	0	0	0	0	0	0	0	0	0	0	0	0	0	0	0	0	0	0	0	0	
0	0	0	0	0	0	0	0	0	0	0	192	0	0	0	0	0	0	0	0	0	0	0	0	0	0	0	0	0	0	0	0	0	0	0	0	192	0	0	0	0	0	0	0	0	0	0	0	0	0	0	0	0	0	0	0	0	0	0	0	0	0	0	0	0	0	0	0	0	0	0	0	0	0	0	0	0	0	0	0	0	0	0	0	0	0	0	0	0	0	0	0	0	0	0	0	0	0	0	0	0	0	0	0	0	0	0	0	0	0	0	0	0	0	0	192	192	0	0	0	
0	0	0	0	0	0	0	0	0	0	0	0	0	0	0	0	0	0	0	0	0	0	0	0	192	0	0	0	0	0	0	0	0	0	0	0	0	0	0	0	0	0	0	0	0	0	0	0	0	0	0	0	0	0	0	0	0	0	0	0	0	0	0	0	0	0	0	0	0	0	0	0	0	0	0	0	0	0	0	0	0	0	0	192	0	0	0	0	0	192	0	0	0	0	0	192	0	0	0	0	0	0	0	0	0	0	0	0	0	0	0	0	0	0	0	0	0	0	0	0	
0	0	0	0	0	0	0	0	0	0	0	0	0	0	0	192	0	0	0	0	0	0	0	0	0	0	0	0	0	0	0	0	0	192	0	0	0	0	0	0	0	0	0	0	0	0	0	0	0	0	0	0	0	0	0	0	0	0	0	0	0	0	0	0	0	0	0	0	0	0	0	192	0	0	0	0	0	0	0	0	192	0	0	0	0	0	0	0	0	0	0	0	0	0	0	0	0	0	0	0	0	0	0	0	0	0	0	0	0	0	0	0	0	0	0	0	0	0	0	0	
0	0	0	0	0	0	192	0	0	192	0	0	0	0	0	0	0	0	0	0	0	0	0	0	0	192	0	0	0	0	0	0	0	0	0	0	0	0	0	0	0	0	0	0	0	0	0	0	0	0	0	0	0	0	0	0	0	0	0	0	0	0	0	0	0	0	0	0	0	0	0	0	0	0	0	0	0	0	0	0	0	0	0	0	0	0	0	0	0	0	0	0	0	0	0	0	0	0	0	0	0	0	0	0	0	0	0	0	192	0	0	0	0	0	0	0	0	0	0	0	
0	0	0	0	0	0	0	0	0	0	0	0	0	0	0	0	192	0	0	0	0	0	0	0	0	0	0	0	192	0	0	0	0	0	0	0	0	192	0	0	0	0	0	0	0	0	0	0	0	0	0	0	0	0	0	0	192	0	0	0	0	0	0	0	0	0	0	0	0	0	0	0	0	0	0	0	0	0	0	0	0	0	0	0	0	0	0	0	0	0	0	0	0	0	0	0	0	0	0	0	0	0	0	0	0	0	0	0	0	0	0	0	0	0	0	0	0	0	0	0	
0	0	0	0	0	0	0	0	0	0	0	0	0	0	0	0	0	0	0	0	0	0	0	0	0	0	0	192	0	0	0	0	0	0	0	192	0	0	0	0	0	0	0	0	0	0	0	0	0	0	0	0	0	0	0	0	0	0	0	0	0	0	0	0	0	0	0	0	0	0	0	0	0	0	0	0	0	192	0	0	0	0	0	0	0	0	0	0	0	0	0	0	0	0	0	0	0	0	0	0	0	192	0	0	0	0	0	0	0	0	0	0	0	0	0	0	0	0	0	0	
0	0	0	0	0	0	0	0	0	0	0	0	0	0	0	0	0	0	0	0	0	0	0	0	0	0	0	0	0	0	0	0	0	0	0	0	0	0	0	0	0	0	0	0	192	0	192	0	0	0	0	0	0	0	0	0	0	0	0	0	0	0	0	0	0	0	0	0	0	192	0	0	0	0	0	0	0	0	0	0	0	0	0	192	0	0	0	0	0	0	0	0	0	0	0	0	0	0	0	0	0	0	0	0	0	0	0	0	0	0	0	0	0	0	0	0	0	0	0	0	
0	0	192	0	0	0	0	0	0	0	0	0	0	0	0	0	0	0	0	0	0	0	0	0	0	0	0	0	0	0	0	0	0	0	0	0	0	0	0	0	0	0	0	0	0	0	0	0	0	0	0	0	0	0	0	0	0	0	0	0	0	0	0	0	0	0	0	0	0	0	0	0	0	0	0	0	0	0	0	0	0	0	0	0	0	192	192	192	0	0	0	0	0	0	0	0	0	0	0	0	0	0	0	0	0	0	0	0	0	0	0	0	0	0	0	0	0	0	0	0	
0	0	0	0	0	0	0	0	0	0	0	0	0	0	0	0	0	0	0	0	0	0	0	0	0	0	0	0	0	0	0	0	0	0	0	0	0	0	0	0	0	0	0	0	192	0	0	0	0	0	0	0	0	0	0	0	0	0	0	0	0	0	0	0	0	0	0	0	0	0	0	0	0	0	0	0	192	0	0	0	0	192	0	0	0	0	0	0	0	192	0	0	0	0	0	0	0	0	0	0	0	0	0	0	0	0	0	0	0	0	0	0	0	0	0	0	0	0	0	0	
0	0	0	0	0	0	0	0	0	0	0	0	0	192	0	0	0	0	0	0	0	0	0	0	0	0	0	0	0	0	0	0	0	0	0	0	0	0	0	0	0	0	0	0	0	0	0	0	0	0	192	0	0	0	0	0	0	192	0	0	0	192	0	0	0	0	0	0	0	0	0	0	0	0	0	0	0	0	0	0	0	0	0	0	0	0	0	0	0	0	0	0	0	0	0	0	0	0	0	0	0	0	0	0	0	0	0	0	0	0	0	0	0	0	0	0	0	0	0	0	
0	0	0	0	192	0	0	0	0	0	0	0	0	0	0	0	0	0	0	0	0	0	0	0	0	0	0	0	0	0	0	0	0	0	0	0	0	0	0	0	0	0	0	0	0	0	0	0	0	0	0	0	0	0	0	0	0	192	0	0	0	0	0	0	0	0	0	0	0	0	192	0	0	0	0	0	0	0	0	0	0	0	192	0	0	0	0	0	0	0	0	0	0	0	0	0	0	0	0	0	0	0	0	0	0	0	0	0	0	0	0	0	0	0	0	0	0	0	0	0	
0	0	0	0	0	0	0	0	0	0	0	0	0	0	0	0	0	0	0	0	0	0	0	0	0	0	0	0	0	0	0	0	192	0	0	0	0	0	0	0	0	0	0	0	0	0	0	0	0	0	0	0	0	0	0	0	0	0	0	0	0	0	0	0	0	0	0	0	0	0	0	0	0	0	0	0	0	0	0	0	0	0	192	0	0	0	0	0	0	0	0	0	0	0	0	0	0	192	0	0	0	0	0	192	0	0	0	0	0	0	0	0	0	0	0	0	0	0	0	0	
0	0	0	0	0	0	0	0	0	0	0	0	0	0	0	0	0	0	0	0	0	0	0	0	0	0	0	0	0	0	0	0	0	0	0	0	0	0	0	0	0	192	0	0	0	0	0	0	0	0	0	0	0	0	0	0	0	0	0	0	0	0	0	0	0	0	0	0	0	0	0	0	0	0	0	0	0	0	0	0	0	0	192	0	0	0	0	0	0	0	0	0	0	0	0	0	0	0	0	0	0	0	0	0	0	0	0	0	192	0	0	0	0	0	0	0	192	0	0	0	
0	0	0	0	192	0	0	0	0	0	0	0	0	0	0	0	0	0	0	0	0	0	0	0	0	0	0	0	0	0	0	0	0	0	0	0	0	0	0	0	192	0	0	0	0	0	0	0	0	0	0	0	0	0	192	0	0	0	0	0	0	0	0	0	0	0	0	0	0	0	192	0	0	0	0	0	0	0	0	0	0	0	0	0	0	0	0	0	0	0	0	0	0	0	0	0	0	0	0	0	0	0	0	0	0	0	0	0	0	0	0	0	0	0	0	0	0	0	0	0	
0	0	0	0	0	0	0	0	0	0	0	0	0	0	0	0	0	0	0	0	0	0	0	0	0	0	0	0	0	0	0	0	0	0	0	0	0	0	0	0	0	0	0	0	192	0	192	0	0	0	0	0	0	0	0	0	0	0	0	0	0	0	0	0	0	0	0	0	0	0	0	0	0	0	0	0	192	0	0	0	0	0	0	192	0	0	0	0	0	0	0	0	0	0	0	0	0	0	0	0	0	0	0	0	0	0	0	0	0	0	0	0	0	0	0	0	0	0	0	0	
0	0	0	0	0	0	0	192	0	0	0	0	0	0	192	0	0	0	0	0	0	0	0	0	0	0	0	0	0	0	0	0	0	0	0	0	0	0	0	0	0	0	0	192	0	0	0	0	0	0	0	192	0	0	0	0	0	0	0	0	0	0	0	0	0	0	0	0	0	0	0	0	0	0	0	0	0	0	0	0	0	0	0	0	0	0	0	0	0	0	0	0	0	0	0	0	0	0	0	0	0	0	0	0	0	0	0	0	0	0	0	0	0	0	0	0	0	0	0	0	
0	0	0	0	0	0	0	0	0	0	0	0	0	0	0	0	0	192	0	0	0	0	0	0	192	0	0	0	0	192	0	0	0	0	192	0	0	0	0	0	0	0	0	0	0	0	0	0	0	0	0	0	0	0	0	0	0	0	0	0	0	0	0	0	0	0	0	0	0	0	0	0	0	0	0	0	0	0	0	0	0	0	0	0	0	0	0	0	0	0	0	0	0	0	0	0	0	0	0	0	0	0	0	0	0	0	0	0	0	0	0	0	0	0	0	0	0	0	0	0	
0	0	0	0	0	0	0	0	192	0	0	0	0	0	0	0	0	0	0	0	0	0	0	0	0	0	0	0	0	0	0	0	0	0	0	0	0	0	0	0	0	0	192	0	0	0	0	0	0	0	0	0	0	192	0	192	0	0	0	0	0	0	0	0	0	0	0	0	0	0	0	0	0	0	0	0	0	0	0	0	0	0	0	0	0	0	0	0	0	0	0	0	0	0	0	0	0	0	0	0	0	0	0	0	0	0	0	0	0	0	0	0	0	0	0	0	0	0	0	0	
0	0	0	0	0	0	192	0	0	0	0	0	0	0	0	0	0	0	192	0	0	0	0	0	0	0	0	0	0	0	0	0	0	0	0	0	0	0	0	0	0	0	0	0	0	192	0	0	0	0	0	0	0	0	0	0	0	0	0	0	192	0	0	0	0	0	0	0	0	0	0	0	0	0	0	0	0	0	0	0	0	0	0	0	0	0	0	0	0	0	0	0	0	0	0	0	0	0	0	0	0	0	0	0	0	0	0	0	0	0	0	0	0	0	0	0	0	0	0	0	
0	0	0	0	0	0	0	0	192	0	0	0	0	0	0	0	0	0	0	0	0	0	0	0	0	0	0	0	0	0	0	0	0	0	0	0	0	0	0	0	0	0	0	0	0	0	0	192	0	0	0	0	0	0	0	0	0	0	0	0	0	0	0	0	0	0	0	0	0	192	0	0	0	0	0	0	0	0	0	0	0	0	0	0	0	0	0	0	0	0	0	0	0	0	0	0	192	0	0	0	0	0	0	0	0	0	0	0	0	0	0	0	0	0	0	0	0	0	0	0	
0	0	0	0	0	0	0	0	0	0	0	0	0	0	0	0	0	0	0	0	0	0	0	0	0	0	0	0	0	0	0	0	0	0	0	0	0	0	0	0	0	0	0	0	0	0	0	0	0	0	0	0	0	0	0	0	0	0	0	0	0	0	0	0	0	0	0	0	0	0	0	0	0	0	0	0	192	0	0	0	0	0	0	0	0	0	0	0	0	0	0	0	0	0	0	0	0	0	0	192	0	0	0	0	0	0	0	0	0	0	192	0	192	0	0	0	0	0	0	0	
0	0	0	0	0	0	0	0	192	0	0	0	0	0	0	0	0	0	0	0	0	0	0	0	0	0	0	0	0	0	0	0	0	0	0	0	0	0	0	0	0	0	0	0	0	0	0	0	0	0	0	0	0	0	0	0	0	0	0	0	0	0	0	0	0	0	0	0	0	0	0	0	0	0	192	0	0	0	0	0	0	0	0	0	0	0	0	0	0	0	0	0	0	0	192	0	0	0	0	0	0	0	0	0	0	192	0	0	0	0	0	0	0	0	0	0	0	0	0	0	
0	0	0	0	0	0	0	0	0	0	0	0	0	0	0	0	0	0	0	0	0	0	0	0	0	0	0	0	0	0	0	0	0	0	0	0	0	0	0	0	0	0	0	0	0	0	0	0	0	0	0	0	0	0	0	0	0	0	192	0	0	0	0	0	0	0	0	0	0	0	0	0	192	0	0	0	0	0	0	0	0	0	0	0	0	0	192	0	0	0	0	0	0	0	0	0	0	0	0	0	0	0	0	0	0	192	0	0	0	0	0	0	0	0	0	0	0	0	0	0	
192	0	0	0	0	0	0	0	0	0	0	0	192	0	0	0	0	0	0	0	0	0	0	0	0	0	0	0	0	0	0	0	0	0	0	192	0	0	0	0	0	0	0	0	0	0	0	0	0	0	0	0	0	0	0	0	0	0	0	0	0	0	192	0	0	0	0	0	0	0	0	0	0	0	0	0	0	0	0	0	0	0	0	0	0	0	0	0	0	0	0	0	0	0	0	0	0	0	0	0	0	0	0	0	0	0	0	0	0	0	0	0	0	0	0	0	0	0	0	0	
0	0	0	0	0	0	0	0	0	0	0	0	0	0	0	0	0	0	0	0	0	0	0	0	0	0	0	0	0	0	0	0	0	0	0	0	0	0	0	0	0	0	0	0	0	0	0	0	192	0	0	0	0	0	0	0	0	0	0	0	0	0	0	0	0	0	0	0	0	0	0	0	0	0	0	0	0	0	0	0	0	0	0	0	0	0	0	0	0	0	0	0	0	0	0	192	0	0	0	0	0	0	0	0	0	0	0	0	0	0	0	0	192	0	0	0	0	192	0	0	
0	0	0	0	0	0	0	0	0	0	0	0	0	0	0	0	0	0	0	0	0	0	0	0	0	0	0	0	0	0	0	0	0	0	0	0	0	0	0	0	0	0	0	0	0	0	0	0	0	192	0	0	0	0	0	0	0	0	0	0	0	0	0	0	0	192	0	0	0	0	0	0	0	0	0	0	0	0	0	0	0	0	0	0	0	0	0	0	0	0	0	0	0	0	0	0	0	0	0	0	0	192	0	0	0	192	0	0	0	0	0	0	0	0	0	0	0	0	0	0	
0	0	0	0	0	0	0	0	0	0	0	0	0	0	0	0	0	0	0	0	0	0	0	0	0	0	0	192	0	0	0	0	0	0	0	192	0	0	0	0	0	0	0	0	0	0	0	0	0	0	0	0	0	0	0	0	0	0	0	0	0	0	0	0	0	0	0	0	0	0	0	0	0	0	0	0	0	0	0	0	192	0	0	0	0	0	0	0	0	0	0	0	0	0	0	0	0	0	0	0	192	0	0	0	0	0	0	0	0	0	0	0	0	0	0	0	0	0	0	0	
0	0	0	192	0	0	0	0	0	0	0	0	0	0	0	0	0	0	0	0	0	0	0	0	0	0	0	0	0	0	0	0	0	0	0	0	0	0	0	0	0	0	0	0	0	0	0	0	0	0	0	0	0	0	0	0	0	0	0	0	0	0	0	0	0	0	0	0	0	0	0	0	0	0	0	0	0	0	0	0	0	0	0	0	0	0	0	0	0	0	0	0	0	0	0	0	0	0	0	0	0	0	0	0	0	0	0	0	0	192	0	0	0	192	0	0	192	0	0	0	
0	0	0	0	0	0	0	0	0	0	0	0	0	0	0	0	0	0	0	0	0	0	0	0	0	0	0	0	0	0	0	0	0	0	0	0	0	0	0	0	0	0	0	0	0	0	0	0	0	0	0	0	0	0	0	0	0	0	0	0	0	0	0	0	0	0	0	0	0	0	0	0	0	0	0	0	0	0	0	0	0	0	0	0	0	0	192	0	0	0	0	0	0	0	0	0	0	0	0	0	0	0	0	0	192	0	0	0	0	0	0	0	0	0	0	0	0	192	192	0	
0	0	0	0	0	0	0	0	0	0	0	0	0	0	0	0	0	0	0	0	0	0	0	0	0	0	0	192	0	0	0	0	0	0	0	0	0	192	0	0	0	0	0	0	0	0	0	0	0	0	0	0	0	0	0	0	0	0	0	0	0	0	0	0	0	0	0	0	0	0	0	0	0	0	0	0	0	0	0	0	0	0	0	0	0	0	0	0	0	0	0	0	0	0	0	0	0	0	0	0	0	0	0	192	0	0	0	0	0	192	0	0	0	0	0	0	0	0	0	0	
0	0	0	0	0	0	0	0	0	0	0	0	0	0	0	0	0	0	0	0	0	0	0	0	0	0	0	0	0	0	0	0	0	0	0	0	0	0	0	0	0	0	0	0	0	0	0	0	0	0	0	0	0	0	0	0	0	0	192	0	0	0	0	0	0	0	0	0	0	0	0	0	0	0	0	0	0	0	0	0	0	0	0	0	0	0	0	0	0	0	0	0	0	0	0	0	192	192	0	0	192	0	0	0	0	0	0	0	0	0	0	0	0	0	0	0	0	0	0	0	
0	0	0	0	0	0	0	0	0	0	0	0	0	0	0	0	192	0	0	0	0	0	0	0	0	0	0	0	192	0	0	0	0	0	0	0	0	192	0	0	0	0	0	0	0	0	0	0	0	0	0	0	0	0	0	0	192	0	0	0	0	0	0	0	0	0	0	0	0	0	0	0	0	0	0	0	0	0	0	0	0	0	0	0	0	0	0	0	0	0	0	0	0	0	0	0	0	0	0	0	0	0	0	0	0	0	0	0	0	0	0	0	0	0	0	0	0	0	0	0	
0	0	0	0	0	0	0	0	0	0	0	0	0	0	0	192	0	0	0	0	0	0	0	0	0	0	0	0	0	0	0	192	0	192	0	0	0	0	0	0	0	0	0	0	0	0	0	0	0	0	0	0	0	0	0	0	0	0	0	0	0	0	0	0	0	0	192	0	0	0	0	0	0	0	0	0	0	0	0	0	0	0	0	0	0	0	0	0	0	0	0	0	0	0	0	0	0	0	0	0	0	0	0	0	0	0	0	0	0	0	0	0	0	0	0	0	0	0	0	0	
0	0	0	0	0	0	0	0	0	192	0	0	0	0	0	0	0	0	0	0	0	0	0	0	0	192	0	0	0	0	0	0	0	0	0	0	0	0	0	0	0	0	0	0	0	0	0	0	0	0	0	0	0	0	0	0	0	0	0	0	0	0	0	0	0	0	0	0	0	0	0	0	0	0	0	0	0	0	192	0	0	0	0	0	0	0	0	192	0	0	0	0	0	0	0	0	0	0	0	0	0	0	0	0	0	0	0	0	0	0	0	0	0	0	0	0	0	0	0	0	
0	0	0	0	0	0	0	0	0	0	0	0	0	0	0	0	0	0	0	0	0	0	0	0	192	0	0	0	0	0	0	0	0	0	0	0	0	0	0	0	0	0	0	0	0	0	0	0	0	0	0	0	0	0	0	0	0	0	0	0	0	0	0	0	0	0	0	0	0	0	0	0	0	0	0	0	0	0	0	0	0	0	0	0	0	0	0	0	0	0	0	0	0	0	0	0	0	0	0	0	0	0	192	0	192	0	0	0	0	0	192	0	0	0	0	0	0	0	0	0	
0	0	0	0	0	0	0	0	0	0	0	0	0	0	0	0	0	0	0	0	0	0	0	0	0	0	0	0	0	0	0	0	0	0	0	0	0	0	0	0	0	0	192	0	0	0	0	0	0	0	0	0	0	0	0	0	0	0	0	0	0	0	0	0	0	0	0	0	0	192	0	0	0	0	0	0	0	0	0	0	0	0	0	0	0	0	0	0	0	0	0	0	0	0	0	192	0	0	0	0	0	0	0	0	0	0	0	0	0	192	0	0	0	0	0	0	0	0	0	0	
0	0	192	0	0	0	0	0	0	0	0	0	0	0	0	0	0	0	0	0	0	0	0	192	0	0	0	0	0	0	0	0	0	0	0	0	0	0	0	0	0	192	0	0	0	0	0	0	0	0	0	0	192	0	0	0	0	0	0	0	0	0	0	0	0	0	0	0	0	0	0	0	0	0	0	0	0	0	0	0	0	0	0	0	0	0	0	0	0	0	0	0	0	0	0	0	0	0	0	0	0	0	0	0	0	0	0	0	0	0	0	0	0	0	0	0	0	0	0	0	
0	0	0	0	0	0	0	0	0	0	0	0	0	0	0	0	0	0	0	0	0	192	0	0	0	0	0	0	0	0	0	0	0	0	0	0	0	0	0	0	0	0	0	0	0	0	0	192	0	0	0	0	0	0	0	0	0	0	0	0	0	0	0	0	0	0	0	0	0	0	0	0	0	0	0	0	0	0	0	0	0	0	0	0	0	0	0	0	0	0	0	0	0	0	0	192	0	0	0	192	0	0	0	0	0	0	0	0	0	0	0	0	0	0	0	0	0	0	0	0	
0	0	0	192	0	0	0	0	0	0	0	0	0	0	0	0	0	0	0	0	0	0	0	0	0	0	0	0	0	0	0	0	0	0	192	0	0	0	0	0	0	0	0	0	0	0	0	0	0	0	0	0	0	0	0	0	0	0	0	0	0	0	0	0	0	0	0	0	0	0	0	0	0	192	0	0	0	0	0	0	0	0	0	0	0	0	0	0	0	0	0	0	0	0	0	0	0	0	0	0	0	0	192	0	0	0	0	0	0	0	0	0	0	0	0	0	0	0	0	0	
0	0	0	0	0	0	0	192	0	0	0	0	0	0	192	0	0	0	0	0	0	0	0	0	0	0	0	0	0	0	192	0	0	0	0	0	0	0	0	192	0	0	0	0	0	0	0	0	0	0	0	0	0	0	0	0	0	0	0	0	0	0	0	0	0	0	0	0	0	0	0	0	0	0	0	0	0	0	0	0	0	0	0	0	0	0	0	0	0	0	0	0	0	0	0	0	0	0	0	0	0	0	0	0	0	0	0	0	0	0	0	0	0	0	0	0	0	0	0	0	
0	0	0	0	0	0	0	0	0	0	0	192	0	0	0	0	0	0	0	0	0	0	0	0	0	0	0	0	0	0	0	0	0	0	0	0	192	0	0	0	0	0	0	0	0	0	0	0	0	0	0	0	0	0	192	0	0	0	0	0	0	0	0	0	0	0	0	0	0	0	0	0	0	0	0	192	0	0	0	0	0	0	0	0	0	0	0	0	0	0	0	0	0	0	0	0	0	0	0	0	0	0	0	0	0	0	0	0	0	0	0	0	0	0	0	0	0	0	0	0	
0	0	0	0	0	192	0	0	0	0	0	0	0	0	0	0	0	0	0	0	0	0	0	0	0	0	0	0	0	0	0	0	0	0	0	0	0	0	0	0	0	0	0	0	0	0	0	0	0	0	0	0	0	0	0	0	0	0	0	0	0	0	0	0	0	0	0	0	0	0	0	0	0	0	0	192	0	0	0	0	0	0	0	0	0	0	0	192	0	0	0	0	0	0	0	0	0	0	0	0	0	0	192	0	0	0	0	0	0	0	0	0	0	0	0	0	0	0	0	0	
0	0	0	0	0	0	0	0	0	0	0	0	0	0	0	0	0	0	0	0	0	0	0	0	0	0	0	0	0	0	0	0	0	0	0	0	0	0	0	0	0	0	0	0	0	0	0	0	192	0	0	0	0	0	0	0	0	0	0	0	0	0	0	192	0	0	0	0	0	0	0	0	0	0	0	0	0	0	0	0	0	0	0	0	0	0	0	0	0	0	0	0	0	0	0	0	0	0	0	192	0	0	0	192	0	0	0	0	0	0	0	0	0	0	0	0	0	0	0	0	
0	0	0	0	0	0	0	0	0	0	0	0	0	0	0	0	0	0	0	0	0	0	0	0	0	0	0	0	0	0	0	0	0	0	0	0	0	0	0	0	192	0	0	0	0	0	0	0	192	0	0	0	0	0	0	0	0	0	0	0	0	0	0	192	0	0	0	0	0	0	0	0	0	0	0	0	0	0	0	0	0	0	0	0	0	0	0	0	0	0	0	0	0	0	0	0	0	0	0	0	0	0	0	192	0	0	0	0	0	0	0	0	0	0	0	0	0	0	0	0	
192	0	0	0	0	0	0	0	0	0	0	0	0	0	0	0	0	0	0	0	192	0	0	0	0	0	0	0	0	0	0	0	192	0	0	0	0	0	0	0	0	0	0	0	0	0	0	0	0	0	0	0	0	0	0	0	0	0	0	0	0	0	192	0	0	0	0	0	0	0	0	0	0	0	0	0	0	0	0	0	0	0	0	0	0	0	0	0	0	0	0	0	0	0	0	0	0	0	0	0	0	0	0	0	0	0	0	0	0	0	0	0	0	0	0	0	0	0	0	0	
40	22	77	20	102	75	107	68	86	21	103	87	73	54	50	13	63	40	79	96	91	51	12	57	108	118	114	98	71	22	36	37	65	105	8	117	17	84	20	49	98	60	53	12	91	111	16	36	40	18	89	46	111	40	61	103	51	57	114	75	2	103	85	89	74	42	67	70	47	115	7	42	14	75	77	111	79	44	101	4	100	70	2	76	69	52	12	96	20	109	4	31	57	116	83	116	78	72	3	96	84	11	35	27	51	5	5	78	61	65	51	74	90	14	12	89	12	39	75	91	92	19	23	17	58	100	35	69	55	74	31	71	70	0	92	40	77	93	107	10	40	11	29	100	38	115	115	2	56	94	102	26	8	5	103	39	87	8	80	114	69	42	24	26	68	58	74	10	45	66	37	51	72	115	52	116	110	85	63	104	25	83	119	39	66	44	4	19	82	50	113	52	72	46	119	11	24	33	93	90	9	19	37	112	109	87	0	33	20	36	112	59	96	92	116	57	97	112	95	91	105	73	0	19	112	79	58	33	105	13	37	54	34	42	97	115	78	32	105	2	62	48	13	20	91	91	94	112	45	57	6	57	101	61	116	55	21	94	106	19	30	83	49	110	53	109	83	35	69	38	107	117	50	0	56	88	49	98	101	41	15	33	88	45	74	89	117	113	46	72	107	10	0	51	29	85	53	93	65	94	115	102	100	36	70	24	50	99	115	3	33	16	80	18	94	88	113	58	38	64	59	81	118	61	107	83	2	44	47	70	88	11	42	111	93	61	115	66	6	16	103	12	15	57	113	99	14	5	64	4	8	81	49	91	74	18	55	37	88	21	105	16	24	56	27	25	63	102	106	84	18	85	75	103	46	58	44	14	95	66	89	22	19	67	80	61	95	32	4	104	23	23	28	3	2	6	116	44	19	64	97	55	104	107	81	106	109	53	64	65	89	41	19	66	63	37	87	81	53	7	10	112	19	88	21	8	2	74	72	17	107	68	56	39	19	48	68	9	1	18	114	4	83	15	30	5	46	52	93	56	15	86	85	114	59	59	26	2	103	22	58	91	56	46	17	26	74	79	100	46	100	22	113	57	113	32	28	99	103	10	59	31	68	17	114	11	27	11	30	27	9	44	85	30	5	64	19	102	43	22	78	51	16	66	97	88	0	106	76	82	89	49	17	72	1	85	104	21	83	52	83	118	109	106	33	10	44	100	78	75	109	103	16	65	60	8	75	31	64	100	44	115	68	49	89	73	119	35	54	55	68	30	81	66	1	81	38	54	99	16	82	97	95	40	43	16	58	55	61	31	9	104	86	4	112	90	50	100	22	89	102	43	38	58	32	39	102	58	100	84	20	38	39	96	67	75	47	56	73	87	64	17	19	101	64	15	45	44	27	47	6	96	118	24	8	39	16	13	11	3	35	101	12	77	105	111	55	28	105	64	63	21	49	33	32	24	6	14	8	92	23	48	16	107	78	114	96	104	8	81	74	20	103	43	55	45	83	18	84	105	97	26	86	57	2	32	111	98	75	81	26	33	33	27	108	8	33	93	119	57	13	88	113	40	17	54	73	24	29	87	7	78	13	66	22	102	60	47	105	54	110	93	17	91	42	81	109	108	102	69	117	78	0	78	53	111	99	88	2	99	102	0	39	88	4	107	28	51	103	62	37	112	26	54	12	110	112	118	47	94	114	48	37	44	87	7	118	2	0	41	104	68	16	94	57	20	50	13	5	53	113	67	7	80	67	28	72	92	80	114	107	15	53	95	100	77	82	24	95	64	74	1	6	66	11	72	90	37	28	11	43	77	12	36	117	28	70	96	64	55	102	54	85	68	42	56	76	64	35	55	51	57	28	18	30	72	35	5	64	78	81	70	4	31	74	93	3	112	14	87	12	37	2	10	57	15	46	106	46	74	111	15	35	40	83	27	30	14	37	7	40	14	39	30	10	95	113	34	13	80	73	40	70	98	19	32	50	73	11	49	104	30	107	2	95	43	22	60	12	93	73	95	118	55	51	62	101	31	79	36	8	118	78	52	112	9	43	47	101	111	69	103	101	21	117	51	118	103	76	92	104	101	83	74	53	110	81	39	6	79	1	68	64	71	16	117	8	9	27	32	106	92	96	0	18	30	24	37	110	32	28	83	85	55	31	3	60	36	118	55	64	97	107	100	36	20	63	46	115	34	31	106	3	112	101	59	3	102	94	5	36	11	89	35	20	53	8	19	117	89	113	88	84	81	116	33	48	11	116	36	39	24	20	31	51	74	60	57	71	14	55	83	34	8	63	88	83	92	55	108	50	114	95	109	101	20	24	16	51	100	101	58	113	113	51	25	92	73	110	114	118	91	12	91	95	76	65	76	90	106	22	37	47	53	54	85	81	13	89	56	38	114	113	34	69	102	49	68	33	38	119	50	42	31	46	69	90	61	64	81	20	93	22	107	39	94	11	88	29	89	3	95	76	21	53	39	25	4	113	7	81	4	75	85	38	109	114	60	98	84	78	47	42	92	87	63	52	15	72	103	65	61	48	98	75	6	113	80	41	103	85	56	74	107	41	82	47	118	41	40	14	3	31	85	101	30	59	15	84	66	24	0	100	55	89	100	113	79	21	114	67	26	2	71	68	104	101	69	51	44	18	62	32	26	7	66	70	33	90	23	70	73	59	28	113	96	8	30	40	25	74	53	86	118	54	8	68	49	100	38	9	11	52	41	43	61	31	35	98	37	89	0	30	79	58	52	109	11	86	59	114	48	54	103	94	16	83	31	22	66	8	12	27	32	98	62	74	35	24	80	97	83	27	25	4	22	18	118	41	7	50	4	101	86	23	67	80	7	16	61	31	70	98	64	29	66	3	84	72	31	115	106	102	49	2	11	73	5	27	100	100	40	87	35	91	93	112	17	72	76	112	53	50	51	115	73	37	2	4	85	97	97	21	45	10	64	18	103	98	18	93	44	73	22	54	10	54	45	68	27	29	80	12	38	47	90	74	99	104	54	83	80	62	16	9	45	108	92	51	2	29	12	68	50	25	30	110	79	80	117	0	70	27	102	13	56	115	51	4	39	29	35	45	94	7	39	101	112	62	47	54	96	44	1	91	48	81	18	12	19	19	54	80	76	118	6	112	34	10	58	118	1	84	26	60	113	97	38	100	17	111	104	2	99	54	54	99	99	82	101	108	22	48	28	14	55	95	116	36	76	71	70	68	79	87	118	26	60	49	1	38	58	50	73	66	63	57	58	100	57	62	83	55	80	50	117	87	112	55	95	26	92	14	22	101	51	77	7	66	90	82	19	33	89	20	25	68	34	85	52	56	64	8	114	16	82	113	43	80	4	14	39	104	62	63	69	16	68	42	64	74	41	51	42	1	117	15	104	41	111	77	23	81	6	101	105	88	76	81	58	71	9	76	78	18	59	70	53	111	69	115	64	97	20	90	98	63	77	98	114	41	66	49	11	45	10	1	14	32	19	103	64	13	94	37	9	62	82	72	75	30	78	0	7	28	74	117	114	47	4	50	67	78	67	10	6	101	11	31	5	20	89	31	20	5	2	66	67	33	39	79	111	101	13	48	87	96	80	2	16	87	3	12	115	94	5	61	60	96	35	21	68	95	103	48	65	63	64	16	33	30	89	72	96	43	62	31	52	16	95	60	36	91	1	115	4	58	82	65	53	30	4	72	49	117	22	93	54	61	114	108	84	40	82	20	56	99	105	10	119	69	81	58	81	5	8	45	22	105	113	37	118	102	25	111	62	71	98	34	110	0	42	54	111	34	112	105	12	80	59	48	13	52	12	58	93	51	7	51	6	95	108	24	73	3	16	118	40	28	49	81	32	24	99	46	44	6	107	103	29	16	31	106	79	12	7	109	92	50	6	103	113	32	54	79	100	53	114	16	75	2	108	14	45	48	14	27	8	107	11	115	16	17	64	86	20	72	94	76	13	77	73	102	89	30	118	105	11	46	96	22	103	85	93	25	27	109	39	97	0	24	21	101	92	74	77	23	45	23	47	78	80	17	28	11	115	99	15	72	113	50	9	30	14	41	41	109	61	1	15	90	113	102	86	3	85	52	84	42	47	106	24	71	94	101	53	8	85	84	74	46	12	2	98	112	20	26	64	7	18	89	67	104	47	118	50	78	44	1	0	16	88	84	15	26	75	49	23	26	116	83	117	85	116	77	45	119	37	47	20	17	11	22	67	3	101	58	60	73	97	116	11	105	96	8	45	36	57	27	101	81	107	106	33	98	23	98	63	115	4	16	39	21	68	54	65	19	93	86	108	78	79	19	35	34	84	93	53	67	84	37	61	32	89	111	93	38	106	21	46	58	23	72	34	54	82	14	23	6	16	87	101	31	41	26	34	49	65	6	117	35	101	68	112	77	114	64	71	82	87	17	40	108	61	56	87	45	18	72	7	54	34	64	107	44	69	86	104	9	8	62	47	104	14	68	119	7	34	11	99	81	81	110	2	80	99	27	24	76	58	92	62	114	38	113	113	80	77	85	30	86	0	47	19	62	112	87	59	83	108	92	66	54	47	91	114	57	38	82	107	64	7	95	97	100	85	40	3	29	54	27	97	19	63	54	101	35	115	82	43	75	42	114	86	26	115	105	57	53	4	54	79	83	17	39	23	16	4	44	10	22	52	5	70	64	24	0	108	98	118	26	16	81	52	65	110	99	16	103	77	37	81	117	101	43	33	63	2	38	11	20	18	3	87	80	103	47	100	86	69	3	0	85	109	115	88	17	112	41	101	5	67	94	112	39	100	18	91	86	111	16	99	22	85	31	38	7	51	115	87	8	5	2	86	59	84	2	111	79	29	30	47	114	8	73	2	84	58	46	84	44	99	42	64	68	37	80	21	42	25	91	110	100	99	16	102	88	105	30	86	119	17	81	1	31	46	114	116	19	6	109	8	38	7	43	97	89	38	92	23	99	23	51	32	53	51	41	93	82	92	118	32	83	41	88	49	48	65	34	13	84	114	111	52	80	2	14	8	101	8	107	77	105	30	116	80	0	69	104	96	107	115	14	8	40	53	13	113	109	63	21	6	39	10	97	32	29	5	107	116	108	38	70	90	105	25	52	45	94	49	94	58	76	113	34	18	43	33	71	28	55	44	40	12	116	101	1	63	5	41	4	89	114	26	49	98	90	31	31	0	115	73	56	118	21	66	2	0	73	35	59	83	116	105	47	39	42	93	36	88	89	71	30	52	115	76	92	3	103	89	2	69	31	52	105	82	50	36	97	20	28	55	53	24	94	19	81	21	20	38	96	16	76	12	111	43	12	70	63	47	22	58	61	117	46	4	6	45	45	67	63	104	22	8	49	67	108	33	112	105	70	55	15	86	58	68	26	118	68	66	15	39	62	107	42	115	39	18	91	0	110	38	75	6	43	78	81	69	118	7	113	115	115	70	101	81	112	24	116	61	50	106	81	26	69	33	83	96	118	117	105	21	26	65	17	42	100	1	65	93	113	105	69	114	43	60	118	66	62	39	86	19	67	108	20	32	24	6	26	23	71	55	24	113	11	88	95	83	25	60	25	46	63	28	25	25	99	68	97	21	56	17	101	16	13	111	8	18	89	67	80	10	33	15	10	34	27	76	69	59	12	71	24	67	39	117	65	72	26	35	4	15	99	28	87	116	53	46	62	69	14	7	66	75	75	101	54	97	31	55	16	9	81	116	112	69	78	94	96	43	6	61	107	14	21	29	22	47	31	38	94	10	63	15	14	88	91	75	101	71	17	36	62	32	34	58	110	8	117	36	29	56	31	73	51	77	63	99	44	80	98	59	45	118	31	61	41	22	40	76	42	50	102	84	22	32	19	13	15	98	5	5	63	26	25	95	19	71	19	102	114	58	4	97	35	57	94	29	91	84	68	81	40	97	46	85	114	45	49	63	27	60	66	83	55	29	29	31	15	64	119	24	35	1	87	102	3	73	118	108	117	4	16	117	32	6	50	46	65	41	11	108	107	35	74	2	41	55	103	36	75	3	84	115	75	89	38	56	98	5	110	114	37	51	116	58	114	66	99	11	27	91	44	2	40	64	106	91	3	91	87	32	20	76	75	52	11	87	31	17	10	10	107	6	109	20	86	23	85	48	98	10	17	25	59	16	58	63	119	53	27	104	76	9	29	29	35	109	28	32	44	49	85	36	11	17	4	90	78	37	81	21	107	83	36	96	59	85	37	114	111	88	3	114	40	26	49	100	106	62	75	7	24	53	112	78	90	107	92	26	10	18	112	16	58	108	49	26	39	27	67	1	119	25	114	90	9	52	96	64	48	94	88	94	54	31	77	88	64	18	117	64	21	46	36	118	52	35	28	56	44	25	53	23	93	18	52	24	59	32	36	78	37	65	79	118	56	92	5	105	87	106	60	95	43	98	41	102	49	115	94	13	109	85	28	43	64	0	89	112	84	2	42	25	33	15	19	85	14	37	75	109	81	8	16	62	77	35	103	91	8	99	94	82	74	106	47	109	67	53	115	65	72	101	88	112	55	118	22	18	20	73	104	67	18	108	93	9	24	107	62	78	12	66	78	37	106	39	43	12	15	46	73	54	84	76	5	52	73	115	38	29	43	14	30	60	5	35	0	23	106	53	51	66	42	42	119	101	118	31	82	111	16	97	63	31	34	6	85	29	95	75	65	19	32	78	37	96	89	106	83	85	76	29	89	3	30	50	25	66	40	46	62	89	8	92	12	72	116	8	104	96	105	19	43	59	8	41	67	5	104	6	96	8	14	33	116	76	23	111	62	12	5	20	73	81	91	61	95	0	57	39	69	57	58	77	99	27	77	119	41	60	0	102	99	16	35	30	37	109	46	100	113	93	15	48	31	8	102	86	31	71	113	57	18	46	12	106	39	39	85	54	42	111	118	98	30	54	112	67	35	6	2	21	117	25	117	21	103	31	96	101	119	115	46	2	89	107	1	48	118	24	83	90	24	56	71	3	17	28	3	118	13	44	84	90	48	9	103	50	87	78	32	64	79	63	38	90	19	44	42	15	39	34	18	108	43	38	70	16	35	10	64	62	78	97	88	96	72	28	56	76	74	1	34	49	44	103	56	50	11	94	2	89	55	40	112	91	97	118	30	104	52	16	50	7	75	100	118	15	61	24	47	60	65	0	63	53	36	42	7	76	118	76	14	37	13	89	81	17	90	5	79	9	58	30	32	92	19	44	53	104	112	86	87	97	116	44	49	83	78	54	111	117	109	68	15	14	73	82	26	115	36	13	70	68	33	93	93	59	117	65	116	111	87	59	80	52	85	66	51	14	117	93	57	39	67	90	51	6	80	8	28	29	97	7	40	36	5	60	64	51	100	66	71	109	37	10	62	115	69	53	42	60	115	98	86	45	9	98	76	11	66	5	59	3	35	115	46	116	8	100	66	116	46	83	11	112	117	64	106	108	84	40	114	69	107	21	42	97	31	6	79	103	79	102	18	91	88	28	71	114	75	110	6	77	58	109	59	24	73	24	43	62	112	100	47	64	63	110	65	85	87	118	69	113	114	20	111	69	63	5	82	108	48	94	73	28	101	119	97	1	64	104	98	4	114	100	79	27	42	58	45	18	14	74	1	56	21	100	88	72	11	4	89	24	75	110	4	59	103	55	48	14	39	48	31	41	65	13	88	93	111	0	28	97	26	46	46	1	71	5	10	37	14	65	34	51	69	68	15	14	31	49	82	63	11	26	61	8	5	46	23	22	93	61	24	57	42	11	60	42	66	59	21	104	34	92	40	2	49	25	18	111	96	16	16	75	19	68	96	91	115	87	44	73	44	28	14	30	85	106	9	17	2	76	41	118	21	55	16	83	97	20	32	42	43	93	16	10	109	109	88	82	39	106	94	91	28	37	109	61	31	111	94	17	50	21	118	49	49	54	12	90	93	76	10	2	40	83	58	68	24	66	104	73	19	22	109	44	98	38	76	7	21	61	118	24	31	18	86	1	40	24	21	22	116	71	101	87	46	34	119	74	77	84	102	34	42	23	9	51	33	94	45	86	103	56	67	3	97	22	71	2	65	32	98	112	60	84	117	113	20	70	88	18	108	20	55	91	60	52	6	78	118	111	80	5	65	89	44	40	81	73	54	72	20	106	37	30	113	89	72	41	3	3	43	11	119	12	5	48	34	12	106	88	10	117	85	75	102	115	111	57	23	103	64	34	59	38	55	79	117	33	70	12	17	65	37	81	43	96	105	31	10	40	38	0	71	4	103	6	92	101	65	8	37	70	18	28	10	10	31	11	80	17	27	81	44	72	81	13	39	10	47	17	54	67	76	63	66	55	36	15	92	82	52	48	43	67	102	39	59	52	17	85	99	36	36	90	106	106	32	66	4	112	112	16	48	104	109	91	43	88	60	24	114	64	118	11	98	13	1	116	51	86	47	14	102	31	69	26	4	76	103	103	114	104	90	105	119	79	13	114	20	61	67	54	85	23	22	29	15	99	83	0	93	50	109	60	99	15	86	117	76	99	69	106	115	30	95	53	38	62	119	79	20	117	18	87	117	97	33	84	66	54	8	93	56	44	37	37	96	96	13	82	86	31	67	46	87	30	23	16	98	55	56	114	80	102	38	24	2	70	3	17	52	16	4	77	86	58	82	29	53	112	33	47	51	23	22	93	64	76	0	25	73	33	93	47	95	79	7	58	88	6	105	46	56	35	80	82	118	10	5	104	108	39	59	91	119	114	36	2	24	83	5	13	58	42	84	90	49	64	15	35	80	61	73	69	76	82	49	97	24	104	48	91	80	30	115	72	69	66	15	93	112	0	6	14	113	113	37	18	71	93	104	97	28	116	40	25	81	40	21	44	4	79	58	87	52	73	12	112	55	65	12	13	86	88	86	57	10	55	36	27	19	26	104	57	109	32	6	22	97	64	77	13	2	4	35	107	95	0	7	35	20	56	33	48	45	7	89	103	10	56	26	24	28	100	16	119	46	74	26	48	86	74	17	27	49	73	40	93	94	62	76	107	27	77	34	75	22	7	80	86	78	64	52	45	97	1	116	112	81	14	43	109	50	2	66	24	114	98	0	78	109	97	108	91	43	15	30	26	60	107	23	92	103	32	70	44	86	100	57	81	110	16	26	28	85	104	92	57	30	10	64	2	113	76	112	12	23	105	82	32	109	20	101	90	112	69	58	103	77	89	29	117	56	58	48	78	20	18	113	68	63	86	106	0	18	79	73	32	6	18	103	59	42	68	12	46	93	92	10	31	90	26	61	109	75	110	1	85	65	15	98	77	110	100	34	25	55	46	68	44	91	81	28	11	106	60	56	79	85	38	27	61	20	27	30	97	32	56	102	83	108	71	46	50	0	91	99	107	57	27	66	86	66	45	12	62	33	115	106	27	26	60	117	69	36	26	70	39	3	92	63	72	94	48	72	31	89	26	114	13	5	0	27	61	65	89	83	72	6	104	53	96	44	95	71	82	54	28	52	85	84	79	97	108	27	81	41	55	113	40	47	50	76	7	114	80	39	22	99	43	19	15	81	52	1	82	13	70	49	44	10	63	52	111	35	18	62	45	103	52	75	55	44	92	57	76	61	20	18	38	14	112	22	106	11	30	25	2	50	41	61	115	65	44	112	28	64	77	39	117	99	32	29	9	64	64	38	93	81	2	27	42	29	15	15	119	45	112	10	28	76	46	94	84	11	23	70	44	22	18	45	21	104	107	56	26	35	84	11	63	31	10	6	27	90	6	64	106	79	26	39	96	89	22	27	83	109	28	50	6	112	81	0	52	107	69	62	69	110	92	83	110	32	98	57	38	44	70	9	13	7	91	45	57	75	26	2	35	80	100	106	6	37	101	2	80	46	58	10	24	36	30	40	90	61	8	25	11	118	87	25	55	50	7	29	21	30	56	74	44	72	82	37	19	84	67	25	14	20	95	66	92	98	96	5	36	87	14	89	54	89	2	114	99	57	56	85	10	16	40	103	23	52	116	99	77	85	78	110	117	47	9	102	85	2	92	65	4	24	8	8	118	17	28	44	0	62	106	4	65	2	7	118	9	26	8	117	111	67	87	107	43	118	24	31	85	103	103	52	96	30	38	87	60	100	49	13	25	116	116	69	20	48	98	89	77	56	42	71	110	2	6	44	119	103	12	29	39	84	82	80	98	55	66	98	27	16	32	16	27	45	14	7	34	16	28	59	31	95	112	5	1	24	116	45	15	25	26	44	117	68	113	40	24	55	102	114	83	53	88	106	12	90	50	63	108	89	52	93	102	23	95	90	16	14	81	68	76	26	60	0	36	38	52	14	2	93	96	5	45	12	8	21	93	14	108	1	28	87	8	82	107	49	0	5	100	111	77	42	116	61	59	11	101	88	117	44	14	14	98	78	40	95	109	54	80	82	22	48	89	1	3	97	97	76	94	108	3	72	34	99	13	86	23	97	26	70	102	79	35	31	102	65	73	70	65	43	34	24	117	56	21	2	73	12	103	11	107	115	115	40	97	108	27	24	81	69	33	28	91	87	81	89	75	88	45	71	14	110	37	88	50	86	75	51	0	32	92	16	57	82	8	92	90	40	8	9	15	56	59	98	48	54	35	114	9	66	59	67	105	99	41	110	94	63	3	7	11	58	84	58	18	5	108	10	110	55	77	6	34	62	91	64	111	32	37	47	49	21	79	39	7	77	118	112	21	113	38	78	62	5	50	18	85	68	50	69	22	36	99	21	62	5	73	20	89	31	117	89	100	88	21	56	85	39	13	55	73	119	50	101	11	64	38	19	50	44	9	61	12	96	93	73	30	108	27	41	88	86	38	9	91	84	28	26	115	48	17	20	3	58	109	92	78	106	110	42	73	98	97	26	21	44	65	37	87	66	67	113	117	0	60	78	82	48	28	78	82	101	23	3	14	78	87	74	31	58	116	84	53	2	39	97	113	61	33	91	34	97	55	80	83	49	68	75	13	9	110	111	111	68	25	56	59	41	105	12	112	66	52	103	66	28	119	78	105	91	28	59	48	100	12	6	80	0	29	67	60	41	86	49	102	89	115	52	4	58	16	94	110	112	87	76	106	67	66	101	101	0	115	42	64	65	119	5	109	118	61	74	70	3	64	76	96	56	106	23	11	91	51	58	55	87	98	93	111	113	112	81	12	68	29	100	36	8	103	19	31	105	43	47	40	12	107	98	77	52	24	44	117	105	33	18	26	30	43	52	72	47	63	93	43	74	13	19	31	72	3	30	59	56	43	91	56	64	72	7	85	95	78	59	46	21	56	56	116	37	72	106	68	62	34	25	3	66	68	90	104	114	55	91	15	83	108	94	14	61	95	92	15	70	57	118	3	62	18	75	52	7	89	29	12	95	119	18	86	5	87	78	41	109	69	52	114	55	59	31	118	110	33	68	43	28	43	26	110	111	36	46	106	35	27	97	93	102	70	41	78	14	77	111	29	104	65	12	37	60	33	87	64	67	62	4	76	55	11	54	73	44	71	36	59	73	99	36	119	7	85	55	51	93	61	45	57	7	25	65	92	116	105	95	8	22	14	115	62	45	114	62	110	12	16	1	14	42	83	108	24	96	8	59	22	98	68	118	31	95	109	70	21	10	113	76	17	62	101	98	26	12	118	13	93	0	12	12	114	41	13	70	81	64	32	23	36	13	4	4	118	76	44	17	84	10	75	64	101	17	18	83	101	87	30	34	30	89	34	69	104	39	111	97	25	61	106	39	91	28	0	18	55	91	77	70	93	87	32	22	91	23	13	36	66	79	6	88	44	2	30	105	11	23	69	38	47	39	27	71	94	38	52	73	102	107	118	96	5	50	37	74	13	29	81	31	52	14	107	74	24	110	54	79	71	16	110	39	108	88	38	40	117	10	27	33	22	42	87	118	76	109	44	99	61	68	69	107	108	96	7	18	62	77	16	79	11	86	33	50	1	94	45	4	12	22	64	56	65	92	104	93	29	36	113	86	45	107	66	41	62	21	6	3	59	96	96	19	46	52	64	73	18	117	91	23	49	3	99	86	41	88	74	29	86	107	27	1	58	18	53	15	107	108	61	10	2	33	71	80	20	23	43	92	61	73	32	52	23	101	44	1	112	78	33	87	80	40	98	57	112	108	43	59	16	118	55	87	100	37	36	57	19	3	23	28	18	8	46	28	43	21	55	36	59	65	62	105	4	2	7	98	46	58	39	119	45	81	76	55	2	1	10	113	49	84	72	105	36	11	105	9	106	5	79	90	93	81	53	14	30	11	46	45	103	106	21	61	13	41	19	41	104	18	17	41	80	1	80	105	11	47	109	116	67	79	88	106	118	88	41	13	36	33	95	24	1	85	79	23	114	79	48	28	32	22	40	45	69	24	61	92	91	86	109	3	91	77	38	29	92	98	84	1	38	108	72	12	101	85	17	117	94	16	82	66	39	15	87	53	4	90	102	21	47	29	94	107	103	115	89	63	70	4	79	19	97	33	79	56	33	102	63	46	35	8	87	73	17	50	74	36	117	52	100	108	84	32	104	84	52	33	110	12	118	47	118	5	65	25	54	25	0	84	46	47	83	44	46	61	92	38	35	56	61	11	79	1	73	60	70	78	40	98	118	40	8	90	28	47	18	75	38	95	89	88	38	23	81	1	9	108	79	80	62	85	10	65	106	77	60	36	74	59	14	41	62	42	79	42	7	43	51	35	89	19	55	5	5	59	84	73	34	45	7	97	71	64	17	30	36	33	72	99	66	103	58	62	55	80	83	0	101	62	86	42	93	85	10	60	3	22	90	2	69	79	46	30	19	111	65	89	95	17	99	51	53	90	52	22	118	57	93	55	90	15	119	56	48	106	19	80	70	74	78	61	96	102	114	109	44	9	85	49	62	62	74	77	14	6	54	90	77	84	29	38	8	112	94	27	116	71	54	46	23	3	76	41	91	76	114	119	104	90	8	71	77	9	100	67	53	93	69	66	44	10	85	46	21	45	90	94	104	114	57	44	110	72	20	76	82	97	102	70	37	38	96	83	8	89	116	36	12	66	110	40	71	34	107	76	9	27	47	1	58	91	79	99	114	55	1	86	17	62	73	49	98	83	77	94	53	78	107	35	106	40	90	0	80	90	76	99	7	90	47	63	13	105	105	92	34	86	61	46	116	62	116	5	57	60	84	68	3	37	9	75	115	46	18	56	85	98	98	76	7	100	61	0	65	75	51	92	90	110	83	17	78	29	68	96	92	74	89	56	107	88	29	19	55	80	116	109	107	7	74	98	43	88	57	34	34	31	85	5	4	48	65	11	9	87	50	17	110	28	10	17	37	66	81	51	45	116	3	27	60	18	110	73	109	31	72	99	81	70	107	91	92	73	22	100	86	43	20	8	7	68	86	72	92	53	75	70	60	115	82	29	14	52	110	63	31	74	57	58	39	33	101	84	111	52	108	27	105	85	41	74	56	102	118	80	91	25	65	33	49	104	117	105	18	48	86	17	70	25	63	63	115	65	110	29	19	13	76	12	88	72	53	89	12	100	108	95	100	59	88	45	37	46	38	58	3	66	36	62	15	94	90	2	40	11	7	52	78	9	100	102	87	3	48	1	4	0	53	110	40	114	49	70	103	4	106	85	41	66	115	6	109	35	94	4	83	96	72	24	97	64	5	30	107	97	96	114	61	66	118	65	24	2	82	62	51	18	108	63	65	4	3	108	54	93	76	91	105	19	37	90	71	7	110	31	4	23	59	85	66	52	49	116	85	84	32	17	70	46	102	26	77	60	39	9	53	12	116	83	29	90	44	79	108	48	80	42	6	59	4	76	76	0	99	82	74	64	13	82	61	84	49	71	117	50	115	47	61	71	89	76	12	52	80	109	20	4	6	84	50	7	105	46	80	25	104	18	44	24	39	22	90	116	45	17	37	13	32	102	41	10	61	47	111	51	117	28	26	39	70	86	68	23	74	11	83	86	26	52	76	101	84	34	81	107	80	89	54	52	58	119	10	2	53	94	88	5	33	45	34	94	52	15	22	53	8	14	78	60	82	73	36	55	94	101	40	86	69	50	43	2	108	114	2	30	68	9	9	39	113	85	7	41	25	30	95	7	21	13	94	48	98	102	16	23	103	7	92	14	15	96	84	99	55	62	114	94	74	112	47	40	23	84	107	65	113	22	63	55	99	83	26	53	26	54	115	31	79	61	25	62	55	52	3	66	81	9	33	52	105	27	17	39	55	77	110	46	103	60	109	83	30	116	45	93	54	72	87	95	70	8	1	115	26	114	15	14	82	88	87	97	2	17	69	65	107	50	118	44	59	66	76	40	61	12	54	62	96	35	1	35	8	50	25	40	72	110	90	84	35	45	13	7	105	26	79	75	55	46	67	97	76	119	20	13	18	55	30	118	117	43	72	63	52	60	20	101	86	50	36	119	75	117	98	96	29	92	12	41	114	18	68	5	0	96	13	90	49	88	54	20	82	43	89	96	2	14	69	19	116	109	81	44	107	40	61	102	12	15	7	61	84	8	32	98	104	82	68	73	87	35	35	88	63	112	114	117	16	
65	81	7	95	20	85	66	63	32	39	25	15	116	98	91	4	76	22	26	115	77	45	38	25	11	58	29	35	0	19	115	3	115	34	97	89	16	88	24	71	30	93	81	77	30	115	69	108	114	68	77	61	43	62	59	10	97	77	46	43	14	73	113	105	87	15	2	11	38	113	93	25	81	90	34	86	4	10	14	63	68	68	5	89	78	93	70	1	16	107	76	69	22	115	21	16	61	105	78	56	82	2	115	2	3	68	106	51	108	52	64	56	58	78	42	31	59	24	68	27	83	70	69	66	71	37	8	97	116	84	19	78	63	53	50	52	86	15	12	89	5	119	20	19	98	73	71	85	112	35	20	85	38	105	15	33	64	41	76	92	68	39	73	108	30	113	2	87	19	11	118	104	112	75	112	86	2	30	78	28	63	95	61	81	51	62	33	104	51	86	105	32	93	52	96	44	37	14	91	11	96	32	49	8	115	104	101	50	68	27	62	21	79	53	46	29	57	19	117	73	95	11	86	60	119	82	96	29	21	100	70	96	6	38	37	49	87	70	100	55	102	33	14	70	95	107	105	91	103	58	18	90	4	26	13	82	82	104	65	87	5	58	21	20	60	59	116	100	43	28	8	111	9	37	8	48	9	8	38	87	19	5	114	92	40	77	23	50	42	10	12	25	49	44	10	81	69	69	108	68	82	14	81	100	102	54	10	72	107	73	82	83	35	13	64	52	70	13	118	101	29	74	29	119	97	68	85	75	20	100	24	106	70	68	118	109	88	21	106	37	11	47	35	27	88	83	75	24	88	3	10	85	5	23	10	3	119	112	20	43	103	8	9	5	71	56	25	76	54	40	54	7	39	49	41	89	10	93	42	74	32	37	84	50	58	81	109	99	66	58	73	31	40	26	79	61	45	81	57	47	66	104	0	23	40	49	116	68	9	21	95	112	117	108	106	36	21	119	93	73	114	51	109	91	64	1	86	66	49	98	93	46	25	1	94	55	83	110	90	84	25	33	3	49	108	107	57	29	117	101	69	81	5	40	72	119	101	110	84	40	85	78	10	12	56	34	17	61	93	28	44	59	6	99	107	16	75	50	32	13	7	41	75	106	113	32	109	88	44	42	7	82	103	119	115	6	59	56	81	16	115	70	51	79	119	18	9	84	15	110	92	2	13	89	53	111	98	93	94	79	55	60	39	25	85	109	82	94	108	67	79	88	119	110	23	80	101	14	83	86	24	46	29	52	1	6	45	26	48	87	45	18	88	34	84	36	112	32	61	91	58	75	33	101	71	34	96	13	32	95	19	76	70	108	115	115	65	40	74	42	59	22	8	106	6	102	54	77	40	25	78	68	5	80	112	7	69	83	69	56	16	30	71	112	112	55	22	119	47	80	52	86	99	34	89	86	100	101	75	86	78	60	91	37	89	92	94	79	10	104	40	37	41	3	20	39	30	52	27	116	10	0	17	36	51	97	7	117	53	106	43	56	44	84	42	14	75	79	77	96	13	16	33	71	117	5	91	19	94	16	29	110	63	35	9	22	102	3	2	77	36	44	83	116	44	46	80	85	42	105	38	72	18	98	37	36	114	112	46	16	100	35	54	52	113	101	94	70	96	115	4	59	42	20	27	109	39	74	61	115	119	77	107	56	107	119	62	61	107	21	110	0	92	3	20	104	17	64	62	48	101	101	106	74	37	45	10	7	80	3	81	49	28	87	91	97	55	1	70	36	87	25	113	33	22	40	67	41	20	41	92	13	35	100	18	18	102	119	15	83	26	102	59	23	66	91	43	44	63	115	56	31	81	66	4	19	69	24	0	63	18	95	88	99	58	90	8	72	99	95	2	86	99	3	13	100	60	110	82	52	38	71	18	0	26	81	101	57	111	48	115	62	59	77	35	116	11	29	115	18	78	94	37	102	20	96	38	42	111	24	75	106	84	84	104	77	72	75	71	20	41	117	72	24	73	23	115	98	35	29	73	63	83	0	43	60	72	115	60	57	45	73	27	22	91	83	118	14	119	30	117	11	59	32	7	13	19	80	117	18	8	116	37	68	6	110	68	94	105	31	62	56	112	113	60	8	69	83	86	45	3	13	22	80	35	35	84	97	55	11	11	67	70	57	17	112	118	24	117	46	116	78	90	32	20	50	90	13	113	6	110	15	63	113	102	54	83	54	40	21	34	77	102	38	54	60	78	94	111	51	96	71	97	19	90	21	79	18	70	68	87	22	101	102	2	35	79	79	97	67	25	1	98	1	98	55	98	24	118	32	26	101	55	119	58	97	44	102	67	32	67	90	119	104	119	36	113	78	70	49	52	22	100	103	31	9	118	67	116	71	86	33	35	46	86	114	9	80	67	98	63	54	83	0	97	45	103	109	73	95	91	16	66	88	38	52	64	82	119	21	10	26	1	99	90	65	47	78	60	69	60	114	73	26	57	26	12	16	91	110	94	85	23	8	14	113	29	78	47	93	101	94	42	62	35	98	85	68	46	113	49	49	39	44	12	107	73	24	75	73	58	57	19	18	48	18	11	74	91	14	107	69	81	92	109	91	40	80	97	103	86	21	5	30	9	34	106	106	35	20	6	75	18	58	58	83	93	119	30	61	30	35	61	67	62	44	33	104	38	68	13	115	11	69	90	56	23	11	26	16	92	41	30	31	34	83	40	85	72	36	13	68	29	12	26	10	59	100	86	67	29	34	110	101	98	89	42	90	83	80	84	114	88	38	119	37	8	36	35	66	50	0	44	116	48	38	79	105	10	117	37	15	72	88	2	37	50	95	9	73	39	108	95	104	51	105	67	70	3	10	112	118	3	104	16	56	81	91	110	89	46	53	116	3	35	119	66	46	60	80	21	66	75	53	41	95	4	24	103	113	10	35	20	90	29	118	46	38	46	62	73	111	58	79	91	91	70	26	72	93	79	70	18	117	14	40	92	53	90	19	86	55	29	111	31	91	59	75	3	23	99	111	76	21	106	65	98	79	98	76	45	2	84	65	105	8	52	84	66	102	49	26	57	65	80	98	37	39	92	52	91	69	60	39	48	65	30	40	12	21	87	102	95	6	39	12	39	39	74	71	58	21	42	34	118	103	30	108	93	85	36	66	57	71	112	100	51	80	19	49	46	45	103	65	39	14	116	117	3	21	85	14	13	15	52	82	45	70	66	12	5	43	84	80	100	100	77	67	101	69	42	40	57	0	93	109	53	69	52	57	23	116	96	59	13	103	78	5	76	59	92	74	39	98	68	76	119	22	23	50	104	104	65	9	6	90	17	86	63	76	101	72	105	86	61	32	62	12	34	41	76	74	42	92	60	40	32	46	70	111	19	44	71	21	54	84	109	42	78	23	8	90	6	31	70	24	110	68	103	70	118	12	90	110	79	26	4	68	92	46	111	47	108	95	17	73	91	2	66	79	62	81	76	97	119	118	25	71	46	15	12	45	105	9	49	40	19	13	33	99	60	52	94	8	66	46	23	108	30	72	97	66	8	55	13	96	63	72	50	52	78	46	2	102	96	73	28	111	46	44	92	96	84	92	62	60	84	51	9	17	44	17	43	19	56	5	66	85	74	73	103	56	64	77	71	116	11	41	116	36	10	16	46	92	29	43	32	95	7	12	65	75	16	44	94	77	92	73	35	2	75	14	105	14	78	97	110	7	37	8	66	10	60	37	103	91	8	45	84	1	79	109	22	2	91	115	107	88	118	8	111	7	11	2	40	6	28	73	32	39	29	117	24	47	42	106	118	13	49	58	114	66	52	112	9	52	44	13	55	32	116	106	1	0	61	42	19	98	72	69	88	1	37	102	35	53	76	73	18	114	14	28	75	55	72	98	95	78	61	113	100	103	8	40	38	47	118	20	69	8	12	51	55	52	74	4	21	65	72	71	113	22	40	9	115	3	82	63	30	10	71	101	92	78	107	92	115	105	48	71	64	27	77	109	35	42	23	118	55	2	18	19	110	11	102	61	25	12	42	87	23	79	18	108	39	46	42	78	68	5	14	105	111	45	83	98	85	106	74	92	43	69	13	86	69	81	13	87	14	20	47	82	65	27	102	18	48	75	22	75	43	23	13	73	81	68	35	43	58	55	55	54	91	111	86	15	81	14	53	112	24	111	63	96	66	92	99	79	59	53	91	20	9	36	71	71	75	40	25	113	113	52	68	86	84	103	33	107	111	31	29	16	102	118	47	35	10	87	77	38	28	2	107	118	87	11	20	60	19	30	27	47	58	92	108	70	66	67	62	61	87	79	81	15	104	98	31	6	22	65	18	116	67	113	97	60	54	8	31	99	33	86	73	105	118	43	98	42	37	104	50	52	40	4	33	36	36	7	118	96	62	64	83	67	99	61	45	87	30	70	92	110	31	35	29	57	60	62	7	71	49	118	19	55	10	110	76	56	94	8	102	7	80	74	111	77	15	34	16	37	92	36	8	19	69	65	55	29	58	107	4	35	100	115	57	61	0	92	61	81	50	12	63	14	77	100	113	87	54	66	41	88	65	46	53	66	46	60	47	7	27	109	1	81	31	34	25	66	9	87	78	2	47	37	66	61	98	56	70	89	75	69	108	118	3	20	100	2	80	98	53	54	100	56	111	39	68	81	2	35	56	68	36	115	7	67	38	88	42	107	19	69	119	91	6	78	114	98	92	75	109	31	93	17	52	3	5	49	73	6	105	119	26	104	0	58	32	71	27	47	6	97	88	71	12	53	30	26	47	110	66	36	17	78	59	101	55	35	119	67	40	97	14	116	11	66	119	50	0	78	34	117	32	112	9	40	79	38	89	59	102	20	95	28	53	110	56	61	59	12	98	92	20	98	45	50	85	78	0	96	115	30	51	80	9	61	43	52	6	68	87	68	72	98	77	73	0	94	53	22	115	118	55	113	1	16	66	71	58	108	31	26	90	27	60	35	48	20	113	19	108	100	64	43	113	111	15	78	93	18	28	90	23	50	116	64	8	67	32	26	60	23	73	16	96	113	96	13	118	78	20	16	13	108	61	22	95	83	7	14	71	10	18	11	55	75	73	54	90	0	40	29	14	13	80	88	42	3	102	15	94	47	8	21	42	88	5	71	74	117	12	100	65	16	77	39	97	98	49	43	67	52	51	104	84	98	58	110	37	4	25	56	56	118	38	45	3	101	99	24	24	95	69	10	73	114	77	21	79	45	87	80	114	43	18	106	107	116	61	113	69	32	64	14	28	24	85	49	71	99	104	64	17	4	51	113	20	55	44	0	10	23	21	28	77	102	3	97	44	92	48	96	104	70	105	66	33	57	104	49	82	108	43	36	113	40	115	81	64	7	46	93	76	10	16	87	79	74	14	78	67	34	0	119	16	2	27	10	94	56	9	84	0	67	26	117	56	109	2	33	73	113	50	115	31	32	70	58	11	11	99	8	118	21	24	13	18	13	104	106	1	70	114	8	66	17	63	112	58	70	65	107	86	44	107	5	108	7	115	38	51	29	92	107	4	27	115	115	47	91	6	113	18	48	61	3	60	48	88	3	74	14	114	16	99	7	72	30	18	107	79	3	7	36	49	1	51	45	70	60	22	117	104	54	54	1	12	46	102	61	61	55	59	61	52	20	101	56	98	101	99	7	119	111	63	1	107	36	76	28	89	35	91	84	48	110	99	80	66	103	119	73	95	96	65	3	115	29	97	28	49	117	117	34	109	13	65	58	107	76	39	45	47	21	93	20	57	57	119	1	35	34	54	33	42	83	87	68	115	61	72	94	85	46	119	72	114	71	10	7	11	46	64	79	27	69	76	104	114	27	36	106	56	74	58	7	115	2	4	117	91	7	80	32	97	43	119	44	87	17	58	45	38	58	78	11	96	48	86	104	16	96	51	31	78	92	50	113	28	44	42	32	116	56	8	11	44	86	91	118	8	48	30	98	0	47	50	108	113	46	43	28	85	77	68	8	80	5	89	115	18	102	114	87	84	33	64	102	88	34	95	75	51	20	47	79	74	76	82	16	71	109	94	42	9	11	95	20	111	12	85	56	29	64	67	108	44	51	96	72	42	39	10	47	36	106	49	77	58	85	62	14	35	70	85	17	0	45	97	30	28	119	108	106	47	14	96	56	97	74	67	23	57	112	20	6	45	114	68	97	76	45	25	75	11	46	95	71	29	67	25	95	82	108	99	33	30	55	59	91	16	65	28	109	22	70	44	21	2	5	84	119	55	106	76	73	19	96	79	65	108	47	10	101	27	18	48	27	97	110	56	30	80	87	5	94	19	70	67	3	27	37	70	72	56	18	61	33	0	66	6	74	32	63	119	36	114	111	107	79	66	23	112	114	0	20	74	86	48	94	71	117	27	114	72	64	28	82	42	29	29	77	35	7	81	88	25	104	73	41	107	42	90	19	84	16	27	22	62	117	39	23	91	100	70	72	88	66	9	15	88	82	48	87	48	80	12	1	10	75	14	72	17	94	43	7	17	17	61	30	40	112	74	17	14	20	77	52	61	57	37	110	8	47	61	53	88	52	79	69	21	11	117	18	53	80	63	22	61	51	81	80	5	84	44	25	47	14	97	35	100	104	113	55	9	57	27	25	114	118	61	33	9	64	61	89	25	74	112	97	95	78	86	114	26	107	61	56	75	60	37	77	12	11	15	109	76	119	37	0	61	119	9	92	1	86	19	16	31	119	40	96	34	111	26	47	31	45	61	109	112	97	19	54	2	60	95	101	22	50	75	78	5	93	107	79	48	39	16	7	95	1	11	111	13	19	100	39	11	1	21	71	22	76	89	8	80	8	32	37	62	85	0	113	93	72	95	52	39	40	33	39	66	51	102	73	74	19	7	103	37	77	52	39	29	109	14	53	99	119	24	6	85	100	111	45	82	52	98	72	118	104	96	66	113	80	28	8	114	0	47	100	106	59	92	116	59	110	53	38	43	31	79	22	51	109	0	63	24	4	13	16	29	85	76	62	26	88	97	49	76	23	28	64	45	77	25	31	112	1	15	7	98	8	22	85	88	43	9	96	82	29	110	66	51	61	45	110	100	11	33	87	6	36	31	8	75	76	13	108	92	82	103	111	98	53	75	101	109	60	114	47	98	111	87	28	85	84	99	63	64	106	96	56	112	50	54	85	54	56	51	43	117	104	53	118	65	13	76	23	22	21	87	36	33	76	73	78	65	46	24	94	5	93	105	48	57	112	21	104	76	25	14	102	43	101	17	20	53	112	7	34	83	86	99	46	8	79	63	118	1	106	116	67	74	39	39	76	30	8	0	73	72	102	104	24	24	59	10	43	23	20	49	51	39	95	116	73	16	99	18	40	65	30	93	67	11	8	4	111	102	93	63	44	100	44	60	116	54	37	56	0	44	74	69	4	118	17	101	25	7	40	74	81	117	12	72	26	53	44	82	73	38	49	87	99	86	70	53	20	119	98	76	35	113	48	81	73	55	89	62	95	94	39	112	21	95	8	13	70	115	2	22	103	7	31	50	90	111	19	54	38	2	6	113	21	119	51	59	116	98	53	95	58	84	108	26	59	16	49	101	99	44	22	83	32	54	45	49	87	91	113	54	55	23	51	58	48	20	56	33	73	77	22	115	105	33	25	78	102	34	76	117	106	16	61	49	96	24	78	30	36	47	28	64	15	28	113	64	88	4	99	2	112	75	36	14	82	15	79	81	39	41	6	45	113	68	97	54	28	92	36	91	1	18	84	47	21	34	105	54	117	91	108	68	1	85	22	59	1	38	72	113	24	95	95	64	107	114	78	97	110	11	28	76	102	12	37	108	31	21	72	16	15	47	35	103	24	39	78	65	35	36	46	85	28	54	8	29	89	51	76	53	105	62	76	44	116	99	31	95	117	39	105	109	118	32	28	38	75	80	44	98	64	73	40	110	54	23	26	61	113	52	73	9	52	84	80	12	79	17	35	104	52	87	119	56	64	7	73	55	102	9	72	46	16	82	63	71	86	95	87	84	28	6	65	101	63	77	43	76	42	55	68	8	106	37	55	62	115	36	93	117	57	78	70	69	64	70	50	90	98	50	96	79	8	0	10	70	97	82	62	4	90	84	91	56	57	59	90	4	21	95	54	78	99	37	88	46	91	72	30	54	81	119	32	107	48	6	19	19	104	106	51	67	11	10	38	45	72	19	20	77	56	119	32	38	6	36	101	100	119	93	3	103	60	72	50	63	45	44	77	71	94	95	35	13	101	94	9	19	5	107	79	62	67	117	58	42	56	46	81	118	52	66	90	54	57	2	5	63	52	62	39	46	42	59	66	78	24	117	55	46	45	43	48	61	9	74	111	94	69	71	114	53	16	100	76	114	0	35	104	24	103	4	39	33	49	57	83	59	38	49	18	67	87	2	42	111	66	98	108	28	95	43	73	91	91	81	89	4	9	11	55	40	31	28	80	90	8	105	57	46	72	4	39	81	54	97	30	109	57	73	27	49	23	16	62	24	40	48	111	40	42	89	26	30	91	77	42	83	2	38	87	107	14	57	100	45	39	79	16	90	77	90	47	35	63	91	55	107	24	41	100	30	96	87	20	47	114	15	41	82	51	47	101	114	24	16	66	38	13	72	13	93	117	4	30	31	119	85	114	11	63	64	73	60	30	55	4	22	38	63	83	8	86	113	89	67	35	51	41	19	64	65	23	31	44	61	29	108	116	5	62	76	40	61	99	76	8	45	53	101	73	102	67	19	11	40	98	63	4	32	96	19	2	44	65	112	99	108	16	77	103	118	52	52	0	116	115	88	96	54	6	118	26	24	70	83	65	29	3	78	13	13	115	111	42	39	55	105	3	61	57	76	103	41	107	110	94	118	15	4	105	97	78	55	3	60	111	5	56	5	77	94	23	22	53	45	49	84	11	118	23	48	119	39	61	49	68	51	89	42	83	25	37	69	46	31	23	75	8	50	21	80	106	8	117	91	10	81	38	90	110	13	73	22	38	96	92	116	12	8	57	58	105	81	115	35	11	23	62	36	51	116	26	6	89	83	93	90	52	90	27	84	41	81	34	32	9	77	100	64	46	11	53	56	42	10	40	117	97	39	87	19	50	84	32	59	87	37	70	60	7	83	33	39	100	24	84	42	113	20	69	36	47	118	23	3	1	113	88	79	97	89	46	67	38	77	96	71	15	0	90	10	94	3	36	92	1	38	67	68	18	117	116	106	40	78	78	88	118	113	42	35	15	54	118	15	5	68	49	69	117	118	81	106	22	32	21	38	10	71	24	89	92	1	37	88	67	38	49	39	80	94	2	63	95	13	89	11	52	115	32	49	15	54	74	103	97	4	112	101	91	6	24	55	56	8	1	112	54	99	67	26	114	97	65	5	81	119	39	2	97	9	59	44	1	109	29	107	72	38	84	4	73	13	85	108	79	31	30	24	88	74	76	76	64	33	83	24	69	29	29	65	111	52	90	105	118	35	47	84	17	24	74	15	86	2	80	110	22	89	9	8	83	113	94	14	1	86	32	7	112	105	24	41	57	43	80	95	108	107	102	62	95	88	25	4	25	13	51	55	35	67	29	119	98	3	61	4	35	12	63	2	78	25	34	85	85	58	51	46	22	44	23	47	107	73	97	105	108	104	50	75	103	9	29	37	59	44	17	18	75	59	84	51	61	73	65	97	38	104	82	41	40	97	9	61	5	48	24	48	82	89	119	72	64	88	107	106	50	26	24	88	22	15	91	30	63	80	111	76	16	60	91	79	26	109	32	36	29	11	18	54	51	13	28	10	31	76	47	39	81	73	92	87	6	110	104	85	25	34	16	22	23	69	56	102	58	54	44	48	18	63	55	8	59	48	96	100	49	49	76	79	94	86	44	31	86	99	10	70	90	91	110	20	80	81	47	99	70	20	73	109	74	106	9	106	20	71	42	113	116	53	83	104	72	75	39	19	89	93	19	32	119	87	107	73	41	77	42	47	70	103	52	56	26	108	54	55	61	62	50	83	67	79	17	88	91	78	107	68	40	22	84	81	43	53	114	32	87	40	84	62	27	62	73	93	3	112	94	82	63	94	11	6	42	40	25	66	13	110	36	50	47	9	96	51	117	23	17	30	5	55	17	7	47	60	93	45	10	54	42	38	87	46	81	44	66	59	109	108	110	35	9	15	1	99	25	111	92	38	102	108	84	96	52	53	107	55	75	71	10	17	117	7	72	74	86	36	78	116	58	97	60	54	17	55	56	11	26	118	43	53	35	75	63	111	55	65	83	116	42	64	94	103	17	79	112	70	1	28	105	53	65	15	89	74	57	73	95	79	43	73	104	53	106	39	69	28	1	69	115	36	62	25	115	13	118	30	77	76	22	85	7	75	32	99	79	69	13	116	101	46	108	32	83	94	0	17	102	0	101	55	28	47	67	107	117	31	101	76	44	13	39	11	47	113	36	36	14	2	70	88	117	112	40	41	69	105	80	111	4	109	2	34	96	1	7	109	45	23	75	5	102	57	2	82	105	21	34	70	25	7	83	10	113	6	19	35	44	45	74	2	118	57	17	100	70	22	63	41	17	116	52	51	69	57	69	7	101	108	119	39	101	54	103	114	39	62	3	60	89	76	106	9	105	12	57	115	57	44	112	65	25	39	106	52	71	75	12	26	70	18	54	88	27	44	49	66	69	21	50	39	83	24	71	53	56	60	55	10	14	57	66	97	87	112	34	40	114	81	7	77	33	108	28	42	58	32	47	86	32	87	114	48	39	45	16	14	7	109	90	3	92	44	74	40	63	44	105	39	42	37	101	39	24	3	18	41	73	98	24	36	114	91	67	90	43	57	77	94	47	64	109	70	87	119	47	57	1	23	70	89	47	13	14	111	22	90	100	10	46	60	92	116	105	83	105	69	17	65	27	69	62	59	26	114	17	82	118	47	75	95	110	98	67	106	67	48	71	80	50	6	11	108	87	40	70	51	6	27	43	107	4	87	14	99	50	72	25	7	97	53	112	49	99	76	61	82	97	30	75	38	83	116	38	22	28	87	50	94	117	78	72	76	51	48	97	112	87	7	83	38	101	66	100	51	118	119	68	63	26	47	39	57	21	106	77	77	88	20	58	75	57	23	97	42	50	79	16	103	82	85	22	97	89	92	30	75	8	50	90	56	79	95	16	90	26	30	99	82	43	89	111	41	17	84	55	58	30	103	9	43	52	91	95	39	11	105	83	36	87	63	52	93	0	101	81	62	13	87	15	100	64	28	67	116	65	49	29	44	110	103	32	15	51	98	41	98	19	63	72	98	107	109	98	29	69	9	8	10	23	25	37	99	14	8	53	102	8	8	64	67	70	113	24	58	89	3	73	29	61	17	66	59	101	101	72	35	28	93	26	40	80	44	34	71	93	90	106	41	55	92	72	110	113	6	29	97	87	75	47	64	79	76	19	5	21	22	108	88	11	31	119	91	55	16	42	0	49	66	60	23	7	86	98	32	50	37	85	59	105	80	70	108	41	14	3	61	15	107	7	5	99	22	23	35	3	79	103	119	17	93	109	22	100	52	40	47	67	71	57	58	112	9	53	63	8	21	63	74	104	111	80	113	53	50	99	104	51	89	106	74	67	28	26	53	109	66	27	111	31	118	109	101	83	66	32	60	109	92	45	14	52	66	88	70	114	91	98	37	85	64	4	8	98	35	60	22	115	25	6	117	41	101	43	93	29	117	89	6	33	106	50	93	31	47	29	53	75	112	82	77	43	118	109	89	0	105	103	75	107	80	2	16	0	72	118	26	100	90	16	45	19	87	45	83	119	55	31	15	97	31	82	96	68	99	53	105	42	3	14	78	101	47	38	88	100	58	61	11	47	63	43	7	101	110	10	20	60	55	47	94	97	66	33	115	89	61	72	23	103	54	101	51	98	112	50	94	109	5	99	47	52	118	107	28	80	71	93	90	55	109	12	30	92	57	19	53	21	29	117	5	53	48	88	75	23	74	109	17	35	44	4	48	9	24	79	49	68	78	43	76	7	46	29	86	57	40	72	79	117	60	41	119	0	55	46	28	89	24	103	90	69	72	0	119	69	25	14	74	80	14	20	75	22	96	56	5	62	81	66	94	41	45	37	3	112	66	93	81	96	16	36	94	25	43	0	52	105	107	72	90	73	50	96	19	61	101	81	59	79	64	29	58	60	13	114	44	8	59	48	64	69	80	96	69	45	2	59	115	92	70	57	92	14	5	111	54	23	116	25	65	77	1	100	21	33	29	84	40	61	115	90	63	59	71	56	83	35	5	3	2	105	34	46	44	47	14	116	25	62	57	99	102	49	59	99	106	14	69	25	56	9	36	105	89	44	80	84	48	52	94	67	25	76	70	36	82	107	81	32	87	16	66	59	76	36	58	78	99	22	57	51	3	23	110	34	42	5	49	31	110	54	83	74	110	41	102	15	106	18	115	29	93	65	6	43	9	79	37	119	2	103	14	37	16	27	102	0	15	23	33	22	29	41	46	81	69	105	35	50	89	35	51	70	98	43	38	91	102	115	14	106	55	36	27	76	0	51	106	107	86	12	79	37	25	9	25	24	112	119	65	115	108	32	88	12	19	59	9	100	56	106	109	74	53	50	50	30	49	67	7	89	26	90	53	2	40	105	116	93	24	37	97	35	93	22	102	69	24	119	65	71	71	5	46	115	37	38	80	34	29	47	36	104	39	104	87	4	6	91	100	37	91	57	56	46	22	97	58	35	67	112	64	116	14	10	98	88	72	105	15	4	72	0	21	114	32	49	42	94	110	2	119	33	87	17	55	9	55	22	12	54	41	93	46	69	97	80	38	11	16	113	43	108	70	33	22	86	87	46	15	5	75	2	55	50	46	10	3	17	92	58	11	100	78	50	34	7	1	0	48	86	34	16	66	19	38	26	13	109	110	47	77	95	111	24	70	115	20	97	55	93	113	27	53	95	44	85	20	52	70	107	60	114	88	113	15	81	1	89	48	34	34	21	53	49	100	7	12	37	17	40	111	41	46	73	5	60	56	42	38	76	11	67	27	12	78	1	15	46	28	110	58	39	110	70	37	114	74	32	34	24	70	2	9	47	22	22	22	59	23	83	24	41	45	109	33	104	79	41	88	45	19	73	75	1	100	35	54	97	60	39	105	30	58	4	119	14	21	93	90	42	59	111	116	54	86	55	59	89	103	73	76	18	47	12	1	112	71	30	20	104	85	88	20	81	13	91	94	79	15	41	19	40	48	72	43	113	8	32	91	109	112	6	35	105	18	25	105	46	15	7	74	87	53	18	117	100	23	57	71	58	2	112	35	84	15	92	69	60	110	0	24	104	6	71	6	63	97	3	14	35	23	79	15	79	5	43	112	81	93	24	90	96	107	70	92	110	116	25	76	28	27	39	77	46	15	17	13	81	101	63	81	88	87	93	54	54	95	84	99	111	4	103	59	5	11	57	47	42	16	7	118	95	84	9	56	95	30	89	85	61	81	61	71	82	50	36	70	12	113	15	33	83	103	112	51	14	41	1	35	39	99	87	115	90	2	87	20	98	8	72	5	10	92	74	51	65	93	36	0	90	116	52	58	98	51	84	97	73	46	88	119	59	81	22	57	9	111	55	40	57	71	103	101	69	52	43	109	83	94	13	55	7	66	101	63	51	17	32	30	5	60	95	29	76	15	0	44	35	103	108	111	81	62	47	111	59	117	118	98	29	111	116	87	32	115	35	118	75	26	75	105	16	69	81	106	113	56	38	49	19	113	89	110	57	5	107	20	5	43	48	21	22	22	53	85	20	46	58	73	50	10	18	25	75	74	42	39	4	99	39	60	118	27	95	71	16	71	101	18	28	7	112	38	90	70	13	29	48	57	6	30	15	101	99	6	73	40	101	78	63	115	65	27	37	41	93	88	24	24	112	69	107	16	43	105	78	37	54	28	71	117	116	116	19	32	100	62	118	6	90	26	3	25	103	108	61	56	31	19	59	75	41	0	41	25	29	108	79	5	2	117	32	105	8	117	62	85	84	13	111	24	50	49	43	33	46	58	55	26	97	98	25	72	29	93	33	42	55	12	54	60	46	9	117	30	104	112	33	15	21	18	27	18	43	64	70	27	104	48	117	10	25	50	74	5	112	14	104	98	61	93	4	27	60	74	76	91	98	69	69	28	51	28	77	2	38	75	72	10	73	74	37	9	38	35	24	80	100	39	34	48	11	103	6	48	53	28	49	16	51	116	82	31	106	88	53	116	6	18	23	16	79	37	40	103	50	29	11	92	63	78	112	43	49	28	14	86	80	53	94	104	33	16	117	113	70	90	89	57	50	45	25	101	91	94	93	60	87	60	1	74	100	20	27	33	87	20	87	93	93	42	10	88	117	8	3	112	4	43	116	4	66	45	111	56	66	95	88	86	113	94	110	61	44	81	74	80	9	94	80	48	3	44	71	25	67	47	51	74	116	27	11	101	49	112	97	106	110	67	34	10	52	36	40	42	42	84	111	103	63	106	67	93	118	94	15	91	111	78	41	46	43	35	109	52	93	4	38	33	17	44	96	99	88	40	18	6	42	3	20	
19	10	4	1	3	6	19	11	1	3	17	7	17	11	17	15	17	11	3	7	20	11	7	11	15	3	18	10	5	8	14	15	12	19	15	8	20	8	5	5	6	17	2	4	19	5	2	17	8	3	4	3	18	12	13	9	6	7	11	13	17	15	18	16	12	17	20	18	15	12	9	13	6	2	9	3	8	10	20	1	14	7	15	19	17	9	16	7	2	2	7	2	2	13	10	9	14	5	9	16	11	10	14	5	14	5	1	4	3	7	11	20	13	6	10	20	15	10	19	5	20	12	18	2	16	9	4	14	19	6	19	15	3	9	15	17	14	17	6	2	19	1	16	19	20	10	15	1	15	11	19	16	7	3	9	10	18	1	11	20	17	8	6	3	5	16	18	15	7	7	16	6	4	20	14	16	17	14	12	20	19	1	4	16	11	18	2	20	9	19	16	16	16	15	2	4	4	5	13	13	13	5	7	2	6	8	17	2	18	16	14	19	20	13	2	2	19	7	4	19	10	17	17	4	16	16	18	6	15	15	18	1	9	13	11	3	17	18	12	13	13	7	14	7	2	5	1	8	13	1	14	3	3	5	19	1	5	1	20	5	20	19	20	2	3	10	9	11	12	11	11	9	13	3	20	5	19	4	20	16	7	14	2	18	14	14	12	14	6	18	18	3	3	10	19	3	5	16	17	11	11	20	20	1	13	19	2	3	1	11	8	17	6	16	10	19	10	11	18	18	19	18	4	18	1	6	11	18	5	2	17	17	12	1	14	1	19	16	1	3	7	3	12	4	2	15	15	13	19	10	20	7	5	16	20	2	20	18	15	17	9	10	15	11	5	16	9	18	5	14	17	8	19	8	13	16	18	7	14	12	5	1	12	17	20	14	12	15	4	12	13	13	14	15	6	6	19	12	17	17	17	17	10	9	7	14	3	8	12	1	17	8	12	18	20	20	8	6	10	13	17	19	2	18	20	4	15	11	16	9	12	12	15	20	19	12	9	19	7	9	14	19	20	10	3	3	9	14	13	11	1	20	18	2	14	19	10	5	12	10	19	2	13	16	16	18	11	16	20	1	16	5	7	16	16	6	15	1	19	11	19	5	5	20	14	8	12	20	12	15	16	15	7	8	16	5	15	8	3	5	13	11	3	19	2	3	1	16	16	8	5	12	2	15	10	14	7	10	3	2	4	10	10	17	4	11	19	12	10	7	17	7	14	18	15	13	14	10	3	10	17	15	9	11	18	11	8	17	9	2	7	13	12	10	12	12	7	15	8	7	19	15	3	3	1	3	7	1	10	14	17	6	16	20	14	15	15	20	19	9	1	7	4	13	9	15	7	16	2	17	9	7	4	1	15	7	8	20	9	5	16	8	13	6	4	1	16	3	1	1	3	18	17	17	2	10	8	3	1	6	15	7	16	6	15	11	12	5	10	12	3	10	7	9	14	13	11	15	7	4	16	3	14	6	15	6	8	12	6	3	9	1	3	7	11	5	3	15	6	7	5	14	14	16	2	7	12	11	8	4	16	6	14	8	4	8	7	1	9	6	2	12	12	7	9	9	13	6	2	4	12	5	9	4	9	4	10	15	14	10	9	16	3	15	1	14	4	9	6	10	13	15	1	14	4	15	7	10	1	7	14	5	9	8	2	2	9	8	8	15	8	9	9	11	11	9	9	16	6	16	7	6	15	14	9	5	4	5	16	8	15	10	4	14	2	1	8	9	14	3	9	10	3	10	15	5	3	6	1	8	5	12	12	16	3	10	13	6	3	15	7	6	8	16	12	5	9	14	2	2	8	8	10	8	8	9	10	14	8	11	6	15	13	3	7	5	14	5	11	9	10	16	1	12	12	5	11	13	4	5	1	16	2	12	9	16	8	3	13	4	11	16	1	2	15	7	3	16	16	13	3	3	14	7	5	10	5	5	11	10	9	12	15	4	7	6	10	15	8	2	5	10	1	15	1	1	13	10	4	10	16	12	7	5	14	14	12	14	16	2	10	15	16	14	15	11	10	3	10	12	10	8	9	9	7	1	12	4	2	12	15	6	8	10	9	5	1	8	2	4	15	16	9	12	13	4	1	5	9	9	7	12	9	10	7	11	10	14	6	13	16	11	1	1	3	10	11	11	8	3	16	8	14	1	1	2	10	6	8	13	2	8	4	15	4	5	8	15	8	15	13	13	3	4	13	1	11	9	12	10	11	8	12	12	2	2	16	14	9	13	13	13	7	8	7	11	10	14	8	3	2	3	7	1	15	6	7	4	10	5	11	2	14	13	9	13	5	10	1	15	16	12	5	11	1	6	2	3	13	6	2	15	14	1	7	4	9	8	12	9	12	12	4	16	16	13	2	12	8	10	10	3	2	8	14	8	6	1	7	11	3	4	2	6	7	5	16	13	15	3	2	13	5	5	9	7	12	16	11	16	7	8	6	2	13	15	2	4	4	3	2	7	2	14	11	7	15	7	12	6	11	9	7	7	6	4	6	14	16	9	4	9	6	13	14	7	13	5	3	9	15	14	7	8	7	11	11	14	4	2	14	12	13	16	9	3	13	16	11	8	7	2	3	13	16	10	6	10	14	14	14	14	11	12	12	7	14	8	5	3	6	11	8	7	12	13	10	7	7	2	4	2	7	11	16	3	1	9	5	12	12	16	3	8	6	4	9	5	2	6	8	10	13	8	11	7	15	3	2	9	8	11	12	10	2	2	3	10	16	15	13	1	1	14	16	11	16	11	3	13	11	2	8	1	8	12	11	6	14	6	9	3	14	15	9	6	9	16	14	3	2	4	13	7	6	16	4	2	12	10	12	2	12	16	15	4	4	1	3	3	14	8	2	1	7	5	16	3	3	12	2	14	11	13	10	9	10	14	7	12	6	7	5	5	14	1	5	4	10	12	1	16	16	2	14	6	3	16	11	4	11	7	13	8	14	7	8	11	6	15	10	11	8	2	9	10	15	8	15	7	5	15	2	13	9	5	10	1	7	6	13	8	8	4	5	5	12	15	4	12	6	15	11	15	5	10	16	12	11	7	15	16	1	15	10	10	16	13	7	15	1	4	3	7	9	15	12	5	2	9	6	2	12	8	1	9	7	2	11	6	6	8	15	2	1	13	6	12	6	10	11	16	8	8	1	13	4	11	5	15	7	15	14	12	10	13	7	9	3	5	11	4	10	14	5	13	11	13	7	12	4	15	11	16	10	14	11	1	14	1	12	7	16	6	11	4	13	8	10	16	12	14	11	1	12	14	8	16	3	8	9	1	13	5	7	5	6	14	11	12	2	1	14	2	3	13	14	7	3	10	9	5	13	3	12	14	7	4	10	15	5	2	4	3	2	14	13	2	15	2	12	8	16	8	15	6	4	6	11	8	11	11	12	6	4	11	3	1	13	8	2	15	5	12	12	7	9	5	7	16	15	7	11	11	2	14	5	3	7	7	14	13	8	14	2	6	13	2	10	10	9	7	15	10	4	7	1	9	7	11	14	9	2	1	16	7	3	1	14	5	16	6	13	16	3	13	11	1	8	5	16	8	1	4	12	14	11	10	15	10	4	16	5	14	10	13	11	7	7	15	6	7	3	1	14	11	2	7	14	16	6	12	4	7	12	13	16	14	4	9	13	10	14	16	12	7	12	15	4	11	15	2	3	7	11	2	4	2	3	4	14	11	6	12	14	3	15	7	5	16	6	2	1	15	7	4	9	8	9	3	11	15	4	16	16	4	2	4	11	15	14	3	10	3	14	2	10	7	14	7	15	3	12	11	2	16	8	3	6	4	3	1	7	4	12	10	14	11	2	4	9	5	9	14	4	8	5	13	7	6	13	13	9	14	16	10	5	11	15	14	3	8	4	11	7	16	7	6	14	12	11	4	15	9	11	4	4	2	11	6	4	7	11	8	15	11	5	11	16	13	8	10	6	4	6	9	12	9	7	12	8	5	3	16	2	9	2	12	3	9	7	1	9	8	3	11	4	4	2	16	8	8	16	13	13	13	10	8	6	10	3	3	7	1	12	1	2	5	9	1	1	9	13	1	10	14	1	14	13	16	11	12	10	15	15	11	15	3	16	4	6	7	7	5	12	8	5	13	9	13	9	12	12	13	7	6	5	11	15	7	12	10	7	14	15	9	10	1	8	11	1	6	9	4	5	14	14	13	12	12	6	2	12	11	1	2	9	10	4	3	9	4	9	4	15	14	11	12	4	10	14	10	13	1	2	11	14	11	5	14	10	6	15	10	9	16	15	11	1	1	3	13	6	15	14	8	1	8	15	6	5	7	7	7	7	15	3	8	4	3	9	8	6	13	2	12	13	11	16	9	14	14	14	8	1	2	3	11	2	9	12	15	2	13	9	10	14	3	15	10	16	6	1	5	10	14	8	4	6	16	11	7	6	12	2	8	1	1	6	11	4	14	16	12	11	16	1	3	1	15	5	4	5	6	1	11	16	5	1	5	16	16	13	16	6	10	15	2	6	4	7	4	8	11	9	7	3	5	7	6	13	8	4	12	11	2	11	5	10	3	14	1	14	7	10	6	8	4	16	7	1	2	11	3	1	9	11	14	6	11	3	13	12	12	10	14	1	12	11	14	14	16	13	6	12	4	9	15	4	15	13	8	11	7	15	14	12	3	1	8	7	1	7	16	2	1	10	6	2	8	11	3	13	10	8	9	13	1	1	6	14	1	5	3	10	6	2	8	11	2	11	16	14	9	8	15	9	8	10	1	2	5	12	11	4	1	13	6	11	14	5	11	14	9	3	10	13	12	11	12	9	16	3	14	14	6	16	14	6	5	9	4	2	16	13	1	8	4	6	3	4	4	5	3	1	15	10	8	6	9	5	4	4	14	16	4	12	13	5	15	11	13	11	6	1	11	11	7	15	6	12	16	7	16	7	12	9	7	4	5	8	3	2	9	4	13	5	8	14	6	13	16	6	13	7	5	2	7	4	10	5	4	7	4	14	10	2	11	4	1	15	10	5	13	12	15	9	16	15	9	13	13	15	5	15	10	14	13	2	16	12	1	13	13	12	16	4	5	6	11	3	2	3	6	10	11	10	4	5	8	15	15	2	1	4	16	12	9	16	10	16	14	5	16	16	14	6	4	1	3	14	7	13	2	13	5	13	7	12	14	5	2	9	3	2	11	10	9	9	12	4	14	16	16	16	11	14	4	11	10	8	7	12	15	4	7	13	15	13	10	12	5	16	8	5	16	16	5	6	13	13	12	5	3	4	7	8	8	13	15	6	15	13	8	14	11	3	1	16	11	15	6	9	13	14	9	2	7	4	10	5	13	12	1	4	15	1	14	7	11	5	5	9	1	13	8	9	1	14	9	4	10	1	16	7	12	10	2	4	7	2	4	3	4	8	2	4	13	4	2	12	13	12	1	5	2	14	16	10	6	3	3	6	10	13	12	9	15	9	12	5	6	7	9	10	12	10	11	9	3	2	13	11	10	5	16	15	11	11	11	2	1	16	16	10	1	3	13	13	9	1	5	11	10	3	14	1	2	9	5	6	2	16	8	15	5	14	10	7	1	1	11	1	12	4	14	14	12	6	7	15	10	3	16	4	5	11	2	13	11	3	11	5	15	13	8	1	6	14	8	3	8	9	16	3	16	4	8	16	3	15	1	8	3	3	9	12	3	6	1	4	13	2	7	6	1	11	12	16	1	7	4	2	11	6	4	16	7	4	8	4	3	9	11	9	11	4	5	8	4	7	8	4	8	13	15	10	9	7	6	9	4	1	9	10	13	9	1	3	1	16	13	11	1	13	1	16	15	4	15	15	13	10	4	13	9	1	4	9	15	4	13	8	3	9	4	15	5	14	2	1	4	16	2	11	1	13	14	2	7	6	9	7	11	6	6	7	8	1	15	1	2	1	7	13	15	11	7	15	15	6	12	5	2	7	10	12	12	13	14	15	13	2	14	8	10	12	5	4	7	11	11	5	3	13	2	11	7	7	15	8	6	16	1	1	12	2	11	16	1	11	7	6	2	6	6	4	13	1	8	2	5	5	4	6	3	6	13	1	7	2	7	10	2	1	10	2	5	14	9	3	14	7	4	3	6	13	12	11	6	6	9	16	7	11	9	6	14	1	15	6	5	1	1	16	8	3	8	15	5	6	11	6	2	2	12	4	9	11	8	11	16	2	13	1	1	2	2	10	16	12	3	16	11	7	9	13	12	3	9	8	5	4	15	6	7	14	14	5	15	13	11	15	12	3	16	10	1	8	4	6	9	9	10	3	13	2	12	3	5	14	6	12	12	5	10	11	14	2	4	1	8	5	9	15	9	10	2	11	14	10	9	9	1	5	1	4	15	4	5	7	14	8	1	15	9	3	7	1	10	15	12	2	14	6	5	1	13	7	3	15	14	5	3	16	1	6	4	14	14	15	14	12	3	13	7	1	9	14	6	14	9	3	1	10	16	15	9	3	10	2	13	16	2	12	12	4	1	3	4	10	3	11	2	13	13	6	12	5	12	10	13	14	12	5	13	11	8	12	7	3	5	12	3	1	11	16	8	8	2	9	9	12	15	7	6	6	8	8	1	3	4	11	16	9	9	11	5	8	9	8	11	14	8	4	5	7	11	8	14	2	13	13	10	6	15	11	6	13	5	16	15	2	14	2	2	14	2	3	14	16	12	15	7	15	13	3	10	6	15	9	1	12	12	9	10	1	13	7	3	10	9	12	11	3	10	9	16	5	4	7	11	14	4	7	1	3	3	7	4	14	6	12	15	13	3	3	4	16	5	13	5	8	4	3	15	6	8	7	3	13	6	7	11	14	3	2	4	15	14	10	8	1	4	7	3	1	16	16	4	3	10	11	16	4	8	9	13	5	10	1	3	15	3	3	15	4	1	13	2	14	9	4	3	4	1	8	4	7	15	5	8	14	12	7	3	7	3	4	9	15	14	11	7	1	8	2	7	15	8	15	9	3	3	5	2	1	11	4	5	12	7	4	1	1	2	16	6	4	4	5	12	11	4	3	9	4	3	16	1	6	5	8	14	10	16	5	6	15	11	8	12	3	4	8	16	5	1	1	5	2	6	10	12	7	15	5	7	9	8	6	7	1	11	6	8	1	14	10	7	6	9	12	6	11	8	4	16	8	12	12	10	15	15	12	9	7	2	5	4	6	6	7	15	4	8	16	14	11	12	11	5	7	13	11	13	7	11	1	6	13	10	8	2	4	14	4	4	10	1	15	11	1	1	5	4	8	10	13	3	13	9	14	1	7	7	6	15	5	12	7	4	9	1	11	8	16	10	7	7	5	5	8	11	11	10	1	15	11	3	10	5	12	11	8	14	11	5	2	9	1	16	1	10	13	3	4	7	7	16	16	16	4	6	11	8	10	5	3	16	15	1	13	10	4	15	11	13	12	11	3	13	5	2	13	14	10	12	5	2	11	1	12	14	7	6	5	1	12	1	9	10	8	5	16	3	6	12	8	14	6	1	6	8	5	14	14	2	5	14	5	13	8	15	14	6	15	16	2	9	1	15	9	13	15	9	13	15	13	2	1	6	5	2	4	9	13	6	9	7	5	8	3	16	5	14	14	8	4	1	13	6	16	15	5	12	8	5	9	4	4	2	12	5	2	15	5	16	13	15	10	14	5	3	12	5	11	2	6	9	11	10	1	16	7	16	9	8	5	11	1	6	13	11	1	7	1	7	1	14	16	9	3	16	5	11	7	10	12	14	15	9	3	12	6	11	14	6	10	11	6	6	3	3	12	4	12	9	10	10	11	2	15	7	2	3	2	10	15	13	5	2	3	12	8	14	11	15	3	16	4	13	13	3	4	6	3	14	8	8	4	6	3	1	11	10	14	1	10	13	4	5	9	5	1	10	12	3	9	3	10	3	9	8	3	9	16	7	5	10	3	16	12	10	12	2	5	8	10	1	10	4	14	1	3	16	12	13	4	15	4	13	13	10	10	7	16	6	15	7	7	16	4	9	5	10	5	5	1	16	7	10	13	12	10	11	10	4	13	5	14	15	14	6	7	15	1	7	5	13	7	7	12	7	16	11	5	4	16	12	5	2	5	4	2	8	8	6	3	8	16	9	3	3	8	3	3	5	13	7	3	5	13	12	7	5	8	6	2	16	8	5	2	1	6	8	2	8	13	7	14	5	9	16	13	8	3	8	11	11	11	13	5	16	12	16	13	14	16	6	4	7	14	4	14	13	6	3	15	16	6	2	12	10	2	10	12	2	4	2	9	2	12	11	3	13	4	15	8	12	5	7	1	7	9	6	6	3	1	1	9	15	1	16	3	13	8	2	12	12	10	9	5	2	9	1	12	13	2	9	6	6	1	10	14	12	2	16	2	4	13	10	7	8	13	10	5	1	7	11	3	10	8	3	1	5	5	5	5	13	10	6	15	16	8	11	16	7	1	9	2	8	12	3	12	3	2	2	14	1	8	12	8	16	15	14	5	2	12	6	10	3	2	14	6	7	6	13	11	15	2	14	2	4	8	14	14	13	12	12	3	11	4	11	11	12	7	7	14	2	5	2	12	11	5	6	10	12	12	2	3	3	6	7	8	3	3	6	7	6	15	3	6	9	8	14	13	9	14	14	13	8	16	6	8	12	10	7	9	8	2	7	16	5	2	4	12	8	10	12	11	11	1	1	4	1	5	2	6	1	12	3	10	7	11	10	9	11	10	1	9	9	8	2	3	6	4	1	8	3	7	11	13	2	5	12	8	6	2	15	16	8	16	14	15	5	16	10	5	5	2	3	16	10	13	3	11	10	6	14	3	16	13	10	14	16	8	5	12	11	11	4	4	13	8	7	7	16	14	3	16	7	6	2	10	2	1	12	13	14	6	6	7	1	16	12	1	1	14	15	8	8	14	10	8	5	10	11	6	11	3	4	13	12	6	11	12	15	11	1	2	1	12	4	6	7	7	11	13	13	8	1	6	2	12	8	1	10	8	10	11	3	10	8	7	6	6	16	5	6	8	6	15	11	12	12	8	16	6	13	9	13	3	14	11	2	10	6	16	4	5	16	3	14	15	4	3	1	3	4	7	16	10	8	11	15	3	16	12	3	10	12	4	14	3	15	14	10	12	13	12	8	6	8	5	9	3	2	4	1	5	15	16	5	13	8	6	4	12	8	1	13	11	9	1	3	8	15	5	14	9	8	9	1	14	15	5	14	9	7	4	4	2	12	6	10	6	4	15	15	7	6	2	13	10	7	1	11	16	11	7	9	14	8	14	2	16	1	1	2	15	4	12	10	9	1	3	15	5	6	1	13	11	8	10	16	3	1	13	14	13	9	9	3	3	6	16	4	7	12	12	4	13	10	8	9	6	16	14	16	15	11	5	12	3	8	16	5	6	14	4	4	16	6	10	6	8	9	8	3	14	6	11	16	15	13	2	5	11	12	2	11	9	15	3	8	9	14	7	5	6	5	9	6	9	4	1	11	5	2	7	7	11	13	5	7	5	2	5	13	4	10	7	9	16	2	5	2	2	16	5	16	6	4	9	5	14	6	1	1	12	9	16	7	16	5	6	16	9	4	16	2	5	12	16	6	4	9	8	11	9	13	1	10	15	8	9	9	2	8	13	1	7	11	13	8	9	1	10	5	14	3	15	15	6	4	11	16	1	5	11	7	12	2	6	12	4	4	7	4	13	2	9	1	4	9	10	4	5	6	8	1	15	16	15	7	13	14	9	6	8	4	2	2	15	4	5	10	11	11	16	13	4	3	9	9	1	2	15	11	10	4	4	15	15	6	1	4	8	9	14	14	2	16	4	3	5	6	8	7	7	8	7	16	10	2	8	6	10	13	2	13	3	14	14	11	2	12	12	4	13	6	12	12	14	13	6	8	9	3	7	4	13	13	2	3	8	7	6	10	3	7	12	5	14	16	3	1	5	1	16	11	14	14	2	3	8	2	11	14	3	8	2	6	1	8	6	14	5	16	3	13	5	3	15	10	9	13	3	5	14	6	5	3	14	8	10	1	9	16	9	9	1	15	14	6	16	7	8	8	10	7	5	5	10	5	1	8	16	1	2	15	7	8	12	3	2	15	14	12	13	8	6	6	2	6	8	11	10	4	7	2	12	16	10	10	7	2	6	11	14	4	8	4	4	11	16	3	11	2	6	6	12	10	13	15	3	2	8	2	12	3	14	4	4	4	11	11	8	2	12	13	5	8	10	8	3	14	14	7	15	6	11	14	5	7	9	15	15	11	9	7	8	5	12	9	7	5	16	8	2	12	10	4	15	2	4	9	13	13	9	5	2	12	8	16	14	9	3	15	8	16	3	2	3	13	14	13	7	16	5	5	9	1	1	3	14	15	15	5	3	14	16	12	6	15	8	13	10	6	1	3	4	10	11	12	5	9	10	12	15	2	3	1	16	3	6	3	9	16	11	10	5	2	5	13	6	14	2	6	1	8	8	13	10	5	16	12	2	15	10	6	15	16	8	2	6	3	2	3	3	13	11	8	15	16	1	12	10	9	10	13	9	10	14	8	14	7	1	5	3	16	7	14	6	6	7	14	6	15	3	14	8	6	14	5	14	1	8	9	4	10	10	13	7	2	8	7	3	1	4	9	2	6	14	12	6	2	6	4	11	5	15	14	11	3	10	3	1	13	12	11	15	14	7	1	3	5	16	14	2	7	15	6	15	4	1	8	12	6	13	3	7	4	5	13	9	14	7	5	1	10	5	13	16	13	10	7	7	10	15	14	14	6	7	13	8	15	12	7	8	14	1	6	14	4	10	15	14	3	3	7	12	12	12	10	16	16	3	11	11	11	15	14	14	3	16	1	11	8	1	2	16	9	11	2	8	3	10	2	4	15	13	7	6	15	9	11	15	15	8	3	7	6	15	4	7	9	7	13	16	6	2	8	10	6	12	14	8	15	13	9	2	6	7	10	15	15	3	14	9	11	11	14	15	10	10	8	11	7	1	9	15	2	3	12	1	2	15	12	11	16	1	14	3	13	3	14	3	7	3	8	6	11	3	2	6	8	4	7	9	10	5	10	1	15	16	5	15	15	10	1	7	1	9	3	15	15	16	2	6	4	4	4	2	13	13	3	7	1	15	4	4	12	9	15	1	7	7	9	11	15	6	2	10	5	10	16	12	3	15	7	5	14	6	8	1	15	10	8	2	8	10	10	3	1	11	13	1	9	6	16	2	13	13	13	12	14	5	14	6	14	12	7	9	16	12	16	8	1	9	7	10	9	1	15	1	6	11	5	9	8	15	5	4	8	15	12	16	11	4	6	10	10	3	10	11	9	9	5	6	14	1	15	15	13	1	14	14	4	15	11	16	3	13	4	12	6	15	14	6	3	15	10	9	1	16	8	3	14	12	9	2	10	12	9	1	15	3	14	12	12	14	4	12	12	5	12	3	16	14	2	1	16	12	8	1	12	7	4	3	10	15	12	8	16	16	15	16	15	1	14	7	5	6	8	7	16	1	11	13	16	2	12	1	8	4	4	5	2	15	11	15	6	10	1	10	9	1	9	16	4	8	2	16	9	3	7	10	4	12	3	1	12	2	5	8	5	9	12	14	15	1	2	12	12	2	13	6	8	3	13	16	13	11	3	5	8	3	13	13	16	11	3	10	4	13	16	3	13	15	7	13	15	10	8	13	9	9	14	16	8	5	12	10	15	7	2	10	3	5	1	11	9	2	2	5	15	5	12	4	12	12	16	1	5	5	3	11	9	2	1	6	6	2	12	10	9	7	5	7	9	14	3	3	10	1	5	11	9	6	14	12	10	4	8	11	4	6	5	8	10	10	7	11	9	15	5	8	5	15	3	1	10	16	2	11	16	4	2	1	1	2	10	11	16	16	1	15	12	5	9	8	11	10	10	8	8	11	3	1	7	14	13	8	11	4	13	6	8	11	7	10	13	4	16	10	15	15	16	8	4	12	9	15	4	4	15	8	16	2	15	13	16	5	6	1	1	11	9	16	5	8	12	7	14	12	3	1	11	6	15	2	5	14	5	13	13	8	4	2	12	10	4	3	4	7	12	8	11	10	7	14	10	16	8	3	3	2	1	16	3	8	4	6	15	15	2	13	5	5	2	10	9	10	3	9	4	1	3	12	9	16	12	14	16	13	7	2	14	1	8	11	9	5	10	1	7	1	11	1	2	13	5	2	2	14	6	12	13	2	4	9	9	6	8	13	1	13	1	9	9	6	13	13	2	10	7	12	13	7	12	11	3	16	5	16	4	2	14	14	2	9	13	4	16	14	14	15	2	11	11	3	1	15	15	6	1	5	3	3	11	1	14	9	6	16	11	14	5	16	9	4	6	1	12	8	4	14	6	11	14	12	8	6	13	5	15	2	15	8	1	2	2	1	7	3	2	10	8	12	12	12	2	15	4	12	15	9	2	4	2	16	8	7	13	12	16	9	7	15	3	8	9	6	11	3	2	10	8	11	9	3	6	6	5	3	9	15	6	1	5	2	13	15	15	14	1	8	6	16	10	10	14	9	8	9	8	2	5	7	6	5	16	8	4	8	4	4	15	16	4	7	12	13	8	15	5	15	14	10	7	5	15	9	13	14	13	9	9	12	11	3	3	3	6	10	16	13	5	11	5	10	1	11	12	8	12	16	16	7	15	13	3	6	7	7	4	10	1	2	5	3	9	16	12	5	11	10	4	1	14	9	12	12	7	5	1	13	12	3	4	1	2	9	9	11	13	9	3	10	7	5	8	6	12	3	12	4	12	12	5	7	1	12	5	11	14	11	3	9	5	12	10	7	8	1	14	15	10	6	11	3	2	16	10	1	6	11	5	12	9	15	16	14	10	13	16	16	7	5	8	13	8	13	6	5	7	8	2	3	12	11	3	16	14	1	8	4	12	4	11	3	8	4	14	16	16	6	14	8	12	6	3	14	13	16	6	3	14	4	11	4	9	7	5	6	4	15	8	2	4	1	10	3	10	3	7	2	3	1	8	5	14	9	16	9	16	15	6	5	6	15	9	12	6	8	12	8	1	13	11	3	4	9	13	13	7	9	10	14	13	11	11	13	2	1	2	16	8	5	10	2	14	4	11	3	2	11	2	12	1	11	13	16	1	15	13	10	16	12	4	3	4	7	1	9	3	9	1	7	8	7	2	6	11	10	8	11	13	6	4	6	8	11	10	2	1	3	2	16	14	8	6	11	12	12	7	11	7	16	10	4	7	3	5	3	16	12	1	16	10	5	8	9	4	1	8	12	7	11	5	7	12	11	9	12	14	10	2	11	8	9	13	6	5	16	3	1	3	5	8	13	1	8	13	2	9	16	11	11	16	8	1	5	2	9	16	6	4	13	5	3	11	1	5	6	10	3	5	15	13	8	7	12	14	10	7	11	10	1	1	6	5	2	7	13	16	8	9	1	10	7	3	1	11	12	8	3	16	9	7	8	2	12	10	14	5	1	10	3	9	12	8	4	15	6	14	1	3	1	2	4	16	8	5	2	12	9	12	11	11	10	5	15	7	7	1	14	12	8	5	15	15	1	1	11	11	9	1	1	6	9	14	2	16	8	13	11	8	6	11	14	9	14	8	12	13	5	2	16	14	5	7	4	10	14	11	7	11	12	9	3	11	3	7	14	4	10	1	2	16	10	6	1	16	7	7	1	2	1	7	12	2	6	12	3	5	16	10	16	14	2	14	5	11	1	2	12	15	4	16	10	11	13	2	9	9	2	10	2	1	6	12	15	2	11	13	12	5	9	7	15	15	15	1	1	14	7	7	4	15	9	1	5	6	12	5	8	1	15	6	9	7	14	8	14	13	1	7	3	2	11	15	15	11	4	10	15	3	4	13	14	13	15	6	11	14	11	7	4	13	7	8	1	1	12	6	2	13	1	4	11	9	16	7	16	16	7	16	11	2	8	7	16	12	14	14	13	2	9	14	15	13	15	13	10	13	3	5	6	6	11	1	16	12	6	13	15	5	11	3	1	15	14	15	5	10	12	12	7	13	8	1	6	13	4	3	15	14	10	3	15	3	12	2	1	2	8	11	11	2	14	5	8	10	13	8	8	13	9	4	9	4	2	10	11	15	1	12	12	7	1	4	8	14	3	5	8	5	9	11	8	13	14	1	8	4	16	8	2	4	15	16	12	5	11	2	6	16	7	15	13	15	13	1	1	10	1	12	6	10	6	6	14	2	7	7	1	15	8	9	11	10	9	6	15	6	11	7	8	15	11	5	12	11	1	1	16	7	15	16	6	16	16	14	2	4	13	2	16	13	14	16	14	1	1	12	2	2	2	12	8	13	12	14	4	5	7	15	1	11	3	8	5	12	1	13	16	12	7	6	4	6	7	6	10	16	13	2	12	14	11	16	2	15	16	3	10	7	4	4	14	10	9	8	12	11	8	2	7	13	4	13	14	16	15	11	14	8	12	6	11	10	3	4	5	15	14	2	9	4	11	4	5	1	15	8	16	11	4	9	3	10	15	5	14	12	5	2	9	12	8	4	14	2	12	10	14	2	5	10	6	1	2	14	11	15	6	9	9	16	16	8	7	8	
160	340	560	580	510	110	490	460	890	780	220	470	600	130	440	690	1000	780	760	310	920	560	460	490	100	750	190	530	610	160	800	340	890	670	710	690	560	840	130	280	430	590	690	290	390	980	710	920	230	550	870	240	850	740	540	680	220	590	400	810	160	320	670	780	560	740	250	860	980	580	220	730	110	540	690	240	590	120	180	830	790	840	900	670	180	870	340	740	650	250	880	520	550	190	550	340	940	200	830	200	940	150	680	640	630	750	490	330	850	250	960	170	600	900	500	980	740	450	840	400	120	340	130	420	490	610	900	160	620	510	430	980	270	250	220	550	900	340	140	570	420	600	780	940	210	960	990	990	580	650	280	920	380	930	200	610	730	430	240	460	130	800	900	700	870	140	560	440	250	470	820	250	380	280	590	330	590	210	590	910	950	740	770	690	590	230	470	160	440	590	650	390	620	320	610	410	920	930	230	540	510	350	610	270	870	460	670	440	180	490	410	740	850	820	450	700	830	220	880	270	770	260	290	170	270	930	530	920	740	730	100	890	830	900	770	780	170	170	900	360	780	160	490	680	510	990	510	1000	420	930	650	860	810	470	330	770	980	220	760	790	250	740	130	840	150	340	420	880	190	970	990	900	930	680	730	430	770	590	450	800	120	500	360	430	290	360	440	230	960	770	280	340	120	530	990	610	470	760	660	960	230	400	660	240	500	220	270	680	700	650	170	970	320	600	800	580	860	280	270	560	430	180	380	310	550	340	290	640	500	110	220	650	390	180	670	150	580	780	890	710	650	530	940	250	950	290	310	950	560	370	230	470	190	450	470	840	850	700	580	520	830	570	660	280	350	930	420	310	910	240	410	340	220	860	560	110	850	190	590	310	740	330	780	370	920	310	280	750	690	400	420	750	160	1000	610	660	700	460	700	360	200	950	370	900	160	340	590	310	450	670	210	120	230	690	720	920	480	350	260	550	570	250	470	190	830	910	730	200	740	230	470	860	550	470	240	120	340	340	750	830	200	230	100	720	710	740	860	140	820	370	530	430	920	780	430	160	430	470	450	710	930	120	360	590	630	190	680	320	760	500	750	380	840	440	610	310	700	1000	940	620	400	540	640	890	320	110	750	820	110	960	570	800	490	360	900	640	720	500	520	720	260	550	630	830	610	960	600	690	810	810	320	790	250	700	440	980	110	680	430	830	170	250	620	200	480	490	990	580	420	130	420	990	360	280	210	100	180	500	810	550	910	960	320	320	890	480	490	200	720	120	960	780	310	620	170	310	670	240	190	260	270	670	840	720	760	150	940	510	1000	530	800	560	430	980	680	700	190	410	520	110	100	130	160	420	200	870	780	740	590	220	900	160	110	690	620	490	140	860	500	810	930	660	220	210	900	510	120	690	490	220	180	320	580	350	290	540	970	180	320	920	890	110	800	290	820	300	880	100	140	520	610	330	410	370	460	830	650	310	390	440	940	560	960	820	800	230	480	840	800	100	240	620	260	110	830	380	660	170	510	650	640	360	180	810	280	760	500	340	750	290	780	630	440	920	650	550	760	560	560	570	700	930	930	820	190	880	900	750	1000	570	180	750	750	510	220	900	980	530	210	890	830	450	910	410	410	830	900	280	820	270	550	330	550	380	920	540	700	580	320	900	670	490	220	820	540	610	500	190	240	830	870	110	630	260	100	190	830	170	980	620	190	680	880	680	240	780	760	650	370	830	510	650	500	310	820	250	480	800	480	690	170	640	530	660	690	640	920	850	240	920	170	700	670	210	180	180	570	810	110	680	650	320	850	310	960	1000	920	900	990	350	220	180	500	690	870	810	750	550	980	990	390	140	850	100	390	830	300	950	170	570	850	720	270	210	100	300	120	340	830	310	260	150	510	210	890	750	190	450	840	720	560	880	270	430	410	530	620	170	240	830	920	670	640	370	360	770	940	940	960	610	960	750	640	970	510	920	680	980	430	850	380	710	550	310	790	870	570	790	540	700	790	680	720	910	440	930	360	960	550	620	360	300	340	890	280	660	470	550	120	940	460	320	910	830	100	710	810	180	130	140	580	340	170	800	660	750	620	270	830	630	440	640	330	370	880	920	340	770	970	260	500	980	100	680	110	110	1000	150	950	910	430	240	690	710	260	750	990	620	420	820	280	950	230	610	640	690	470	970	800	390	630	440	400	510	580	1000	150	810	470	540	710	230	180	300	690	170	480	400	370	420	1000	240	720	170	240	850	750	970	220	520	940	830	460	510	660	370	830	640	960	840	200	480	380	870	550	250	550	560	560	590	390	860	490	180	410	490	820	460	230	110	860	540	510	560	970	760	860	130	880	140	390	860	300	690	350	370	930	840	880	860	930	960	810	640	540	130	700	210	920	290	100	580	110	380	520	280	730	170	250	760	950	270	100	480	160	160	810	360	250	510	320	290	640	190	610	280	960	360	890	320	940	770	490	980	280	460	380	900	990	340	840	340	130	730	650	390	150	710	150	430	610	350	500	700	420	310	240	210	610	460	910	600	580	960	910	560	350	990	390	620	540	450	570	230	280	720	560	620	880	340	780	650	340	300	420	410	580	220	270	410	390	210	470	700	170	520	380	780	220	490	950	580	910	950	140	910	780	930	740	880	710	510	920	350	480	500	860	500	570	730	140	920	150	100	200	380	830	300	370	220	450	870	660	550	400	520	390	750	560	870	950	510	460	560	940	540	670	820	810	100	560	460	450	510	440	640	240	840	280	830	530	500	360	550	400	610	700	770	800	980	460	260	450	860	720	450	160	800	200	710	330	760	110	900	970	390	710	630	300	570	920	920	760	230	810	330	220	320	770	950	620	540	790	630	680	830	340	440	700	110	190	560	350	620	620	580	580	780	330	120	800	1000	640	160	600	380	900	360	630	350	160	440	990	760	870	950	700	580	160	510	750	200	920	190	850	750	640	660	780	250	600	620	260	940	350	390	160	310	100	270	680	510	980	770	290	690	730	540	160	980	100	200	380	950	150	300	620	160	570	110	930	630	540	680	300	830	930	630	970	410	700	600	560	260	430	390	190	960	820	470	770	950	860	970	170	600	810	850	770	290	600	710	590	650	630	470	900	120	640	420	890	250	660	920	490	900	450	510	210	810	330	380	430	990	560	170	860	940	480	640	920	930	200	290	850	500	800	840	560	810	470	590	310	490	360	490	360	260	330	100	350	840	210	510	950	340	730	740	710	180	390	560	130	360	930	950	660	190	260	230	640	830	170	750	280	770	520	310	450	470	450	300	650	520	580	530	960	900	740	830	860	100	310	870	390	640	160	980	630	150	560	660	620	810	890	700	120	660	560	350	920	710	420	690	710	340	950	590	730	720	670	640	140	530	660	620	450	430	440	690	750	620	420	100	740	1000	810	450	310	150	820	770	560	460	530	290	460	460	300	340	170	110	660	830	890	820	210	940	430	640	530	870	690	910	240	950	760	540	280	130	360	190	970	700	300	250	450	500	320	180	250	230	640	690	850	490	560	860	360	170	530	420	310	140	760	360	610	990	620	920	590	480	360	160	900	810	630	770	990	810	290	900	170	790	330	440	840	140	930	420	410	750	350	1000	920	590	150	800	220	760	460	610	120	940	480	950	970	790	140	950	680	380	330	590	670	290	470	880	270	880	840	940	820	450	340	920	740	930	640	210	150	210	480	650	990	690	870	310	630	440	630	430	960	790	110	920	430	120	200	920	360	400	930	940	880	980	100	520	450	420	830	830	910	670	530	590	350	310	930	480	900	300	520	210	300	600	370	810	140	770	100	770	730	210	780	140	760	510	410	530	280	270	780	240	480	630	440	800	740	430	330	780	900	540	150	820	390	890	570	600	930	780	740	870	870	480	190	140	880	570	520	860	450	880	340	260	200	180	120	180	840	700	900	980	860	520	460	770	230	340	450	390	550	930	820	720	830	620	560	800	330	250	690	520	580	130	500	460	480	440	970	800	440	830	720	290	310	440	770	710	190	380	720	410	1000	160	140	960	160	300	270	900	690	580	870	520	630	350	690	230	820	490	200	1000	350	590	580	120	210	440	200	840	170	280	420	810	180	180	150	780	650	150	930	470	520	920	400	550	810	730	280	340	420	900	950	500	750	530	930	480	540	770	280	400	680	150	960	140	580	590	480	850	210	330	760	320	230	550	480	100	390	550	140	780	100	580	260	600	130	550	290	520	490	970	440	170	870	680	160	950	310	960	650	450	250	840	560	680	770	820	460	450	800	820	490	110	440	570	510	200	990	480	200	950	970	300	370	750	180	760	510	200	790	130	570	350	490	270	680	230	280	250	930	210	150	280	920	680	830	460	640	330	620	760	880	640	500	190	800	860	910	160	290	450	390	320	750	220	640	950	330	420	710	980	490	860	420	370	740	180	710	520	870	740	350	230	330	810	290	390	580	290	840	340	360	810	230	690	660	890	650	220	980	630	560	370	580	760	900	620	510	960	540	260	540	550	350	720	680	220	440	420	500	690	400	200	200	770	150	850	130	910	230	230	400	590	950	640	730	680	640	970	1000	710	680	340	870	410	930	980	610	640	860	940	590	170	840	620	440	570	800	880	440	930	850	350	650	370	810	630	660	330	700	800	430	940	770	310	820	170	200	590	560	960	920	360	630	450	470	200	810	960	370	920	640	790	890	310	180	810	560	700	910	280	730	670	640	130	650	220	200	900	100	690	480	330	660	590	270	330	540	590	930	890	390	910	730	140	160	560	580	830	550	380	470	130	480	740	610	310	890	900	720	850	940	300	750	480	230	960	540	850	610	540	320	760	870	150	830	440	270	610	210	230	370	290	710	300	280	780	490	380	380	950	720	780	940	660	510	720	920	350	800	580	590	620	520	300	840	840	680	120	940	680	710	970	300	420	350	260	320	840	160	100	700	140	610	430	690	460	710	560	750	340	380	190	690	390	850	970	890	640	830	470	680	280	250	520	680	930	770	170	500	140	530	720	340	760	970	890	230	530	510	820	440	100	840	660	990	900	160	1000	200	470	890	260	780	340	170	780	460	410	640	270	840	950	360	300	710	710	250	510	880	230	700	970	660	740	340	500	290	330	970	700	230	630	870	360	340	570	250	390	990	820	240	610	710	280	630	660	580	410	210	550	610	660	260	510	550	180	430	550	100	190	590	170	140	360	610	690	590	540	370	430	350	840	120	170	220	630	890	400	470	460	890	840	240	780	830	180	480	810	190	350	310	480	590	470	680	490	1000	270	820	220	950	370	370	970	230	260	860	560	420	350	740	880	980	320	370	150	240	530	880	560	880	200	910	380	830	920	900	970	510	700	130	990	460	410	760	860	530	410	680	760	250	800	520	770	630	360	170	180	820	910	740	370	250	800	790	520	860	700	130	580	180	280	200	420	660	790	100	740	340	1000	770	170	910	300	810	810	830	920	720	330	300	900	980	430	860	240	260	670	160	620	130	190	100	520	240	430	250	270	450	610	710	760	520	950	580	430	960	790	160	490	460	550	980	460	440	870	800	100	480	140	840	970	160	730	100	480	180	700	770	980	970	200	750	460	940	160	310	380	180	810	300	890	300	530	780	500	870	490	400	410	710	700	660	680	790	980	240	940	110	390	730	1000	250	190	760	940	720	740	220	470	910	720	940	760	510	790	300	100	130	830	380	250	960	810	660	270	490	320	740	380	290	200	730	600	200	840	400	200	320	580	150	310	740	590	730	730	470	110	680	950	860	390	930	800	580	280	610	510	420	690	540	640	790	520	780	340	700	930	330	530	790	520	560	500	190	960	970	680	430	830	850	330	430	660	170	510	670	350	570	770	130	340	590	340	410	670	170	640	1000	110	800	890	670	430	460	580	130	450	770	890	970	560	320	910	550	880	220	530	390	1000	120	880	750	880	480	630	830	190	550	850	500	530	140	690	410	770	480	270	820	790	760	570	960	880	590	660	670	370	150	550	810	480	270	600	380	430	410	950	490	130	120	120	380	540	310	900	840	340	650	940	510	140	460	600	180	980	100	910	130	230	890	580	120	690	330	960	240	900	960	940	860	500	850	880	640	140	830	610	360	900	610	290	790	210	270	490	220	920	660	410	930	990	790	770	100	830	330	670	200	880	940	880	910	420	770	810	650	150	490	350	750	690	840	450	820	130	360	130	690	270	710	1000	330	880	180	490	290	910	720	240	210	700	580	370	910	100	510	600	820	280	290	240	240	390	320	290	350	330	160	580	420	550	260	720	990	980	560	150	770	100	660	830	140	980	700	440	660	420	470	440	1000	820	100	210	570	310	680	100	280	810	360	860	840	660	800	460	200	450	870	620	590	790	950	340	870	710	510	370	420	610	130	260	190	350	720	190	190	290	320	320	620	720	900	790	750	800	730	480	950	570	920	210	820	220	1000	180	460	850	610	300	840	840	530	810	230	810	150	710	1000	210	920	520	450	640	730	470	840	440	370	860	590	770	910	330	980	580	130	760	550	890	200	190	410	840	400	100	910	700	390	690	900	370	140	150	550	960	900	820	430	370	510	170	100	820	990	120	340	720	370	250	670	810	490	470	210	770	750	730	300	880	550	200	450	670	850	600	870	970	510	700	740	370	370	270	740	220	210	440	100	100	780	980	290	270	500	530	150	450	550	300	480	430	800	110	380	510	470	560	580	590	370	720	460	950	250	300	120	930	390	360	650	460	810	400	980	180	360	420	960	670	260	630	870	120	880	580	420	570	110	300	430	380	910	720	840	100	640	670	920	670	700	620	350	620	240	190	540	480	330	670	680	240	630	280	760	100	170	230	490	150	790	490	740	790	780	520	990	870	540	290	260	800	940	600	900	260	170	880	790	210	260	260	730	590	350	450	180	920	540	640	430	310	270	630	890	640	340	380	120	820	210	600	980	650	960	740	710	730	260	300	290	540	350	560	200	390	280	440	630	800	120	200	480	320	890	820	1000	670	870	210	450	690	680	930	580	240	980	430	970	950	840	550	530	770	220	600	380	640	470	210	510	200	180	640	890	950	780	190	880	290	480	850	920	720	100	160	430	100	710	290	740	730	640	760	150	430	970	970	390	700	800	690	930	920	440	200	830	190	220	290	980	360	990	1000	740	750	590	990	910	960	630	690	790	430	200	510	360	770	750	990	700	740	560	250	490	780	130	720	880	100	100	650	440	600	370	690	180	490	1000	590	750	190	730	120	210	690	280	750	920	360	340	910	730	700	960	690	980	440	990	450	800	980	260	850	360	260	840	920	600	980	860	470	330	640	590	800	400	440	600	300	480	890	100	490	180	870	290	120	710	400	190	660	340	970	420	620	740	110	190	490	520	500	380	380	280	870	860	500	490	780	180	290	130	340	350	750	640	910	700	870	360	890	990	350	220	740	500	400	250	320	650	360	670	990	120	600	250	960	510	950	130	700	950	970	470	940	390	640	330	220	1000	440	610	410	220	540	290	980	460	970	1000	270	440	590	680	350	260	980	170	570	430	530	250	320	300	750	530	240	780	650	290	270	910	740	340	810	660	480	790	560	790	520	180	950	470	880	680	500	550	990	370	560	130	660	900	420	650	320	450	230	250	570	940	720	550	300	570	420	640	710	820	840	270	730	880	110	130	400	720	730	710	590	320	420	390	230	260	420	780	910	710	920	940	170	560	900	600	820	350	980	100	610	300	340	690	530	720	560	430	630	400	530	360	500	540	800	270	720	740	490	480	850	510	190	930	380	730	580	660	800	430	930	620	580	120	270	470	380	210	330	450	290	120	490	120	400	460	230	910	770	580	140	150	650	150	180	650	250	380	630	290	320	880	270	430	990	290	130	290	670	870	970	900	910	780	410	110	510	800	370	650	910	260	570	340	920	840	630	910	260	220	470	480	150	150	760	350	270	130	560	430	540	600	570	930	630	900	450	610	500	680	710	890	650	520	420	920	850	250	940	660	980	730	420	600	850	890	560	790	610	630	450	890	170	1000	760	250	180	360	330	290	620	430	250	280	720	220	480	140	150	700	970	910	770	940	200	870	950	850	970	410	840	810	440	250	110	730	240	640	880	770	180	800	240	850	340	650	760	730	860	150	400	430	930	830	250	440	380	710	840	890	710	960	260	540	920	360	920	730	1000	510	280	500	600	310	470	260	620	670	1000	300	960	590	370	410	400	540	960	910	390	460	320	700	460	680	460	890	410	370	210	670	800	880	720	780	240	660	700	660	290	590	480	980	480	570	250	160	700	800	710	370	850	700	690	450	580	780	540	420	430	780	580	440	700	700	300	380	530	410	250	550	330	800	350	840	630	650	480	890	910	660	170	310	690	700	280	990	370	560	900	580	860	180	350	620	290	620	450	420	480	370	150	880	440	710	930	700	370	190	560	340	390	920	270	860	860	290	420	420	910	630	560	570	470	390	530	850	920	970	490	810	200	410	700	840	990	340	380	160	760	400	770	380	770	820	200	340	770	240	660	1000	160	700	780	620	780	720	170	520	550	1000	650	980	350	690	510	840	490	320	810	990	710	700	510	910	780	790	300	890	130	900	770	120	780	620	620	890	550	190	390	750	810	570	280	180	430	350	820	840	270	260	820	890	360	610	870	950	790	970	140	180	340	390	670	650	810	660	900	200	170	250	310	160	720	350	200	310	470	870	490	200	520	300	560	300	780	450	180	720	130	470	1000	280	350	900	440	840	510	490	880	270	790	540	760	560	640	620	120	490	940	770	730	380	860	710	530	630	140	800	550	140	460	500	370	610	800	350	680	610	960	440	880	920	360	230	130	470	640	680	620	530	200	540	500	340	200	190	1000	490	390	990	470	790	340	360	430	230	250	670	400	710	470	210	840	670	410	190	490	110	940	840	890	750	670	440	740	630	690	240	310	270	500	360	410	520	200	800	440	850	840	690	250	390	950	660	300	560	940	810	880	530	720	980	120	360	680	470	850	150	530	330	240	370	200	350	880	660	740	590	720	520	610	920	690	590	400	430	160	930	910	910	490	600	600	360	170	690	340	260	190	550	770	490	920	900	830	850	540	350	170	160	630	800	790	180	750	580	520	310	200	470	440	630	740	840	470	930	330	920	980	240	370	680	520	990	580	570	120	130	860	720	130	110	480	780	960	110	520	730	150	570	770	950	880	610	780	540	790	160	970	340	670	600	650	730	240	240	970	760	420	110	700	1000	750	850	680	330	130	280	140	120	440	880	470	140	610	540	740	160	700	540	870	310	100	750	850	820	390	740	140	960	530	430	1000	950	740	880	210	350	160	830	900	690	390	130	480	370	710	310	490	950	130	140	510	670	780	490	270	860	620	890	140	830	440	910	680	360	850	360	820	610	380	940	420	720	540	710	960	520	470	530	650	250	620	150	260	100	160	900	450	770	330	450	330	530	380	160	680	420	800	130	110	140	850	100	340	120	750	630	270	610	950	510	400	690	210	640	740	730	710	890	720	650	800	340	340	790	110	140	680	870	350	260	220	160	390	810	860	110	730	410	830	740	430	760	180	830	740	330	450	220	410	970	510	980	570	900	320	690	590	600	270	680	510	480	150	930	110	610	790	630	700	690	750	960	310	330	910	800	400	620	370	950	540	1000	150	900	170	830	850	230	340	220	250	840	290	990	600	640	760	940	920	790	460	760	530	230	900	710	250	760	220	750	500	240	810	230	800	860	620	720	620	390	340	560	150	290	880	590	610	470	250	320	460	110	300	490	940	350	990	300	940	280	700	1000	600	770	100	140	660	880	820	430	520	720	680	800	410	570	880	570	640	790	100	880	820	150	290	630	250	680	1000	780	930	930	430	890	810	340	880	770	740	550	880	900	270	650	510	270	280	220	280	590	250	210	710	230	210	960	830	110	960	750	850	140	220	820	750	530	330	930	850	120	240	180	220	530	200	1000	340	220	620	600	850	1000	390	690	420	250	130	1000	640	910	280	590	570	750	600	820	800	410	420	470	760	630	450	410	290	510	280	190	240	440	170	340	780	230	980	140	990	900	250	270	430	630	810	870	650	220	540	850	570	160	710	590	150	530	220	560	1000	100	950	930	140	760	360	560	830	530	840	890	980	570	250	520	670	420	680	560	430	880	690	620	800	560	750	920	380	790	820	200	400	140	100	420	400	700	490	760	730	150	530	1000	580	340	840	390	910	320	810	900	750	670	490	850	260	530	520	490	620	550	630	810	430	710	820	720	260	310	1000	240	710	330	290	280	390	480	990	190	950	940	110	500	290	810	560	250	910	510	600	870	400	560	470	770	780	960	530	570	160	810	200	150	830	870	600	110	580	380	560	230	510	990	760	520	120	270	710	940	120	240	680	590	920	540	850	940	960	340	580	400	590	120	610	350	470	540	140	800	870	260	270	510	630	920	680	860	770	520	560	590	920	250	370	440	170	540	310	650	980	740	410	360	130	340	540	760	300	530	160	590	150	700	560	400	560	960	940	540	110	610	1000	770	310	440	540	960	840	980	960	290	580	840	130	190	760	480	170	660	790	890	820	730	570	270	450	300	480	1000	740	930	150	130	170	230	390	830	630	430	910	540	720	370	340	410	190	220	400	640	700	230	900	210	290	560	780	480	920	850	400	280	750	720	560	580	190	120	130	780	800	190	310	150	960	470	920	410	570	290	650	160	130	640	750	700	320	760	740	340	660	170	430	810	280	640	980	790	240	790	810	310	500	630	110	770	410	650	210	510	870	110	290	530	920	490	530	710	790	590	440	850	580	900	270	380	350	540	980	430	720	400	920	280	860	120	590	560	930	740	790	980	610	640	670	830	810	550	950	500	360	830	820	420	730	590	550	140	900	860	560	210	380	420	990	980	590	800	400	890	110	840	470	160	260	420	930	660	850	780	860	780	360	570	810	740	390	750	690	190	940	280	410	890	120	720	170	730	350	640	690	440	910	730	100	280	660	800	610	430	470	740	370	310	640	810	980	240	170	940	160	300	550	320	360	160	180	370	290	360	740	350	340	780	490	240	200	670	360	340	200	120	1000	860	690	200	270	490	830	830	460	390	730	880	650	400	230	220	950	580	900	530	890	370	480	550	430	170	880	230	170	870	540	370	450	730	340	750	650	950	380	150	180	900	970	670	930	300	220	570	320	560	720	990	1000	980	840	900	620	360	900	370	160	770	820	320	980	630	750	190	700	810	450	630	940	560	620	580	820	280	830	700	590	860	120	440	530	440	300	660	170	260	860	980	560	400	820	660	610	580	920	460	890	680	620	870	190	190	100	140	860	260	590	710	990	1000	290	510	370	260	780	910	160	370	920	530	1000	270	830	730	480	460	930	500	350	410	210	810	690	740	240	180	110	660	650	170	820	250	740	560	650	570	260	870	710	960	810	400	150	150	890	410	960	910	870	650	330	180	570	550	320	460	160	250	150	790	330	530	450	570	120	620	570	690	770	650	560	650	340	800	250	790	400	830	710	730	730	700	890	190	880	840	440	790	860	360	320	160	250	310	780	920	930	680	520	840	850	440	440	550	580	290	570	230	560	230	860	500	880	210	320	800	450	960	750	950	320	200	130	180	120	470	680	700	790	710	110	110	140	330	620	940	190	890	370	640	680	160	380	650	900	110	980	300	730	660	350	440	550	900	630	920	340	170	570	420	390	190	210	940	890	500	630	1000	500	430	530	1000	890	900	100	680	640	750	480	780	550	500	330	500	760	900	380	450	460	600	660	780	130	450	210	620	220	730	340	450	100	780	950	340	1000	390	980	990	580	770	940	680	940	330	540	280	340	350	810	210	660	150	330	880	590	370	620	180	690	1000	790	450	260	480	860	900	220	870	180	440	140	650	800	600	990	140	910	480	210	710	640	330	580	840	380	840	190	580	640	890	800	230	320	850	480	450	180	140	770	590	160	420	400	340	440	110	580	230	450	970	170	790	940	480	490	360	590	280	240	480	470	240	900	440	810	100	390	460	430	170	110	550	510	960	230	440	440	340	990	830	850	100	520	290	280	920	860	460	800	980	980	990	960	340	660	560	640	520	620	660	280	860	930	670	990	930	750	190	520	860	420	890	630	430	710	460	370	1000	100	940	540	970	310	540	800	820	540	170	110	210	990	380	970	450	540	920	210	880	340	880	420	300	570	510	770	400	900	790	880	660	490	580	880	900	380	490	630	720	460	870	760	500	140	860	610	830	190	910	120	190	540	390	250	840	630	470	640	290	870	340	730	560	510	130	470	730	220	320	890	970	710	450	440	760	350	480	140	540	980	190	150	700	450	500	950	530	170	950	770	520	100	800	380	780	150	560	160	150	220	370	270	220	760	300	220	110	680	130	870	300	490	940	220	890	940	120	790	690	430	540	770	240	190	670	910	620	970	520	200	960	960	560	860	140	220	970	480	580	650	620	910	220	480	330	480	160	520	740	450	390	930	780	370	960	440	920	440	250	850	100	700	640	230	980	580	210	950	980	710	660	670	600	420	290	220	420	520	850	980	950	320	350	950	830	320	140	900	370	530	540	740	640	530	370	310	830	220	360	950	310	280	590	200	260	250	920	360	330	730	950	710	490	660	500	150	580	940	750	240	720	480	500	960	140	330	340	630	840	360	610	970	320	790	840	270	180	790	410	110	520	770	660	450	660	630	930	380	470	910	780	460	240	320	100	570	360	840	680	610	360	460	570	910	960	420	540	510	950	970	870	150	470	540	930	320	440	110	580	550	910	810	800	860	590	270	140	800	520	890	260	590	950	840	640	880	840	960	760	170	730	200	160	750	280	270	240	370	740	190	280	280	220	920	650	880	260	970	260	210	190	200	560	740	550	600	200	310	430	420	660	420	650	850	830	790	850	790	920	240	160	350	850	460	900	170	970	450	640	720	670	700	210	480	540	250	310	390	470	710	210	720	380	940	290	100	440	560	760	160	640	350	520	150	840	590	680	490	670	200	300	150	590	870	190	490	550	580	380	680	960	110	680	530	310	230	410	610	510	180	700	450	690	540	410	800	390	890	600	130	560	400	730	160	560	500	1000	410	920	400	220	600	830	150	610	430	220	360	570	140	310	410	560	980	800	990	390	350	180	110	800	460	150	610	680	770	530	310	860	810	1000	640	480	320	970	960	410	950	180	310	290	700	280	680	630	840	590	470	790	280	460	990	960	180	420	410	460	770	960	920	210	290	560	660	400	820	630	530	840	710	170	810	530	780	770	520	260	810	800	180	120	420	840	250	780	850	210	130	400	200	710	610	760	290	850	220	710	190	380	330	670	510	950	700	820	830	400	900	210	270	900	630	740	670	210	940	430	910	800	910	870	540	850	170	380	900	430	250	800	890	670	810	500	480	530	180	420	950	740	630	290	100	570	130	790	530	840	750	680	370	650	130	210	400	530	390	280	500	390	500	650	550	760	420	200	350	350	200	650	350	840	510	960	730	670	250	110	430	960	410	750	500	520	980	260	390	440	950	720	1000	200	450	990	100	580	890	950	460	350	270	630	630	200	300	570	800	210	710	1000	330	990	570	150	390	590	860	900	140	400	390	600	120	990	270	870	230	740	870	510	160	450	840	380	610	830	890	700	830	500	140	120	460	740	570	880	740	860	440	980	660	100	760	610	150	150	680	120	690	830	680	130	710	320	220	460	670	400	460	440	750	270	400	160	800	820	1000	380	260	830	610	130	790	600	800	420	550	870	520	360	470	130	600	270	800	890	530	890	590	540	950	450	440	450	870	480	110	280	790	200	640	560	240	720	340	510	660	840	290	530	360	270	850	710	700	240	660	440	100	820	810	710	590	120	120	880	970	890	420	140	600	610	120	950	340	570	670	100	500	810	280	190	380	270	320	850	680	480	120	710	900	800	860	580	780	1000	390	140	330	850	270	230	170	420	620	910	450	390	990	460	970	290	150	1000	320	590	380	1000	620	950	170	370	770	930	900	560	250	360	330	410	630	920	870	480	180	390	450	230	490	220	930	750	900	960	580	140	800	440	150	210	550	680	900	950	940	160	480	610	410	520	190	110	660	690	870	780	270	420	680	110	510	950	910	490	790	860	700	280	430	680	530	760	140	690	520	760	570	950	150	240	340	330	600	950	200	570	120	290	590	600	600	400	410	910	990	840	620	460	150	270	660	630	550	290	330	150	230	830	180	270	560	350	240	870	570	790	800	570	370	740	300	190	620	940	240	540	510	920	340	770	980	270	520	410	300	550	930	500	380	560	590	260	270	430	730	380	890	910	890	480	730	790	950	540	190	810	770	730	470	610	820	780	620	230	780	770	230	870	620	560	190	950	420	300	780	450	740	350	910	190	450	680	300	920	630	600	400	400	970	130	780	150	330	480	190	100	630	890	250	780	230	760	600	170	360	440	320	940	840	490	730	860	450	230	300	370	800	890	210	770	170	880	350	590	570	560	790	330	910	820	620	410	180	150	890	130	780	580	160	600	680	530	600	530	780	890	770	170	190	860	250	240	570	630	840	570	530	770	340	170	700	870	730	380	910	220	350	290	430	130	720	400	210	710	140	430	110	290	790	770	380	280	880	920	400	180	430	350	460	870	620	410	210	850	130	490	450	490	280	790	390	810	140	600	790	150	140	890	970	630	810	560	600	710	690	850	960	980	120	680	760	860	940	980	850	230	370	680	870	770	360	720	920	830	750	440	640	820	200	
10
