6426
120
4
90
0	0	0	0	0	0	0	0	0	0	0	0	48	0	0	0	0	0	0	0	0	0	0	0	0	0	0	0	0	0	0	0	0	0	0	0	0	0	0	0	0	0	0	0	0	0	0	0	0	0	0	0	0	0	0	0	0	0	0	0	0	0	0	0	48	0	0	0	0	0	0	0	0	0	0	0	0	0	0	0	0	0	0	0	0	0	0	0	0	0	0	0	0	0	0	0	0	0	48	0	0	0	0	0	0	0	0	0	0	0	0	0	0	0	0	0	0	0	0	48	
0	0	0	0	0	0	0	0	0	0	0	0	0	0	0	0	0	0	0	0	0	0	0	0	0	0	48	0	0	0	0	0	0	0	0	0	0	0	0	0	0	0	0	0	0	0	0	0	0	48	0	0	0	0	0	0	0	0	0	0	0	0	0	0	0	48	0	0	0	0	0	48	0	0	0	0	0	0	0	0	0	0	0	0	0	0	0	0	0	0	0	0	0	0	0	0	0	0	0	0	0	0	0	0	0	0	0	0	0	0	0	0	0	0	0	0	0	0	0	0	
0	0	0	0	48	0	0	0	0	0	0	0	0	0	0	0	0	0	0	0	0	0	0	0	0	0	0	0	0	0	0	0	0	0	0	0	0	0	0	0	0	48	0	0	0	0	0	0	0	0	0	0	0	0	0	0	0	0	0	0	0	0	0	0	0	0	0	0	0	0	0	0	0	0	0	0	0	0	0	0	0	0	48	0	0	0	0	0	0	0	0	0	0	0	0	0	0	0	0	0	0	0	0	0	0	0	0	0	0	0	0	48	0	0	0	0	0	0	0	0	
0	0	0	0	0	48	0	0	0	0	0	0	0	0	0	0	0	0	0	0	0	0	0	0	0	0	0	0	0	0	0	0	0	0	0	0	0	0	0	0	0	0	0	0	0	0	0	0	0	0	0	0	0	0	0	0	0	0	0	0	48	0	0	0	0	0	0	0	0	0	0	0	0	0	0	0	0	0	0	0	0	0	0	0	0	0	0	0	0	0	0	0	0	0	0	0	0	0	0	0	0	0	48	0	0	0	0	0	0	0	0	0	0	48	0	0	0	0	0	0	
0	0	48	0	0	0	0	0	0	0	0	0	0	0	0	0	0	0	0	0	0	0	0	0	0	0	0	0	0	0	0	0	0	0	0	0	0	0	0	0	0	0	0	0	0	0	0	0	0	0	0	0	0	0	0	0	0	0	0	0	0	0	0	0	0	0	0	0	0	0	48	0	0	0	0	0	0	0	0	0	0	0	0	0	0	48	0	0	48	0	0	0	0	0	0	0	0	0	0	0	0	0	0	0	0	0	0	0	0	0	0	0	0	0	0	0	0	0	0	0	
0	0	0	48	0	0	0	0	0	0	0	0	0	0	0	0	0	0	0	0	0	0	0	0	0	0	0	0	0	0	0	0	0	0	0	0	0	0	0	0	0	0	0	0	0	48	0	0	0	0	0	0	0	0	0	0	0	0	0	0	48	0	0	0	0	0	0	0	0	0	0	0	0	0	0	0	0	0	0	0	0	0	0	0	0	0	0	0	0	0	0	0	0	0	0	0	0	0	0	0	0	0	0	0	0	0	0	0	0	0	0	0	0	0	0	0	48	0	0	0	
0	0	0	0	0	0	0	0	0	0	0	0	0	0	0	0	0	0	48	0	0	0	0	0	0	48	0	0	0	0	0	0	0	0	0	0	0	0	0	0	0	0	0	0	0	0	0	0	0	0	0	0	0	0	0	0	0	0	0	0	0	0	0	0	0	0	0	0	0	0	0	0	0	0	0	0	0	0	48	0	0	0	0	0	0	0	0	0	0	0	0	0	0	48	0	0	0	0	0	0	0	0	0	0	0	0	0	0	0	0	0	0	0	0	0	0	0	0	0	0	
0	0	0	0	0	0	0	0	0	0	0	0	0	0	0	0	0	0	0	0	0	0	0	0	0	0	0	0	0	0	0	0	0	0	0	0	0	0	0	0	0	0	0	48	0	0	0	0	0	0	0	48	0	0	0	0	0	0	0	0	0	0	0	0	0	0	0	0	0	0	0	0	0	0	0	0	0	0	0	0	0	0	0	0	0	0	0	0	0	0	48	0	0	0	0	0	0	0	0	0	0	0	0	0	0	0	0	0	0	0	0	0	0	0	48	0	0	0	0	0	
0	0	0	0	0	0	0	0	0	0	0	0	0	0	0	0	0	0	0	0	0	0	0	0	0	0	0	0	0	0	0	0	0	0	0	0	0	0	0	0	0	0	0	0	0	0	0	0	0	0	0	0	0	0	0	0	0	0	0	0	0	0	0	0	0	0	0	48	0	0	0	0	0	0	0	0	0	0	0	0	0	0	0	0	0	0	0	0	0	0	0	0	48	0	48	0	48	0	0	0	0	0	0	0	0	0	0	0	0	0	0	0	0	0	0	0	0	0	0	0	
0	0	0	0	0	0	0	0	0	0	0	0	0	0	0	0	0	0	0	0	0	0	0	48	0	0	0	0	0	0	0	0	0	0	0	0	0	0	0	0	0	0	0	0	0	0	0	0	0	0	0	0	48	0	0	0	0	0	0	0	0	0	0	0	0	0	0	0	0	0	0	0	0	0	0	0	0	0	48	0	0	0	0	0	0	0	0	0	0	0	0	0	0	0	0	0	0	0	0	0	0	0	0	0	0	0	0	0	48	0	0	0	0	0	0	0	0	0	0	0	
0	0	0	0	0	0	0	0	0	0	0	0	48	0	0	0	0	0	0	48	0	0	48	0	0	0	0	0	0	0	0	0	0	0	0	0	0	0	0	0	0	0	0	0	0	0	0	0	0	0	0	0	0	0	0	0	0	0	0	48	0	0	0	0	0	0	0	0	0	0	0	0	0	0	0	0	0	0	0	0	0	0	0	0	0	0	0	0	0	0	0	0	0	0	0	0	0	0	0	0	0	0	0	0	0	0	0	0	0	0	0	0	0	0	0	0	0	0	0	0	
0	0	0	0	0	0	0	0	0	0	0	0	0	0	0	0	0	0	0	0	0	0	0	0	0	0	0	0	0	0	0	0	0	0	0	0	48	0	0	0	0	0	0	0	0	0	0	0	0	0	0	0	0	0	48	0	0	0	0	0	0	0	0	0	0	0	0	0	0	0	0	0	0	0	0	48	0	0	0	0	0	0	0	0	0	0	0	0	0	0	0	0	0	0	0	0	0	0	0	0	0	0	0	0	0	0	0	0	0	0	0	0	0	0	0	48	0	0	0	0	
48	0	0	0	0	0	0	0	0	0	48	0	0	0	0	0	0	0	0	0	0	0	0	0	0	0	0	0	0	0	0	0	0	0	0	0	0	0	0	0	0	0	0	0	0	0	0	0	0	0	0	0	0	0	0	0	0	0	0	0	0	0	0	0	48	0	0	0	0	0	0	0	0	0	0	0	0	0	0	0	0	0	0	0	0	0	0	0	0	0	0	0	0	0	0	0	0	0	48	0	0	0	0	0	0	0	0	0	0	0	0	0	0	0	0	0	0	0	0	0	
0	0	0	0	0	0	0	0	0	0	0	0	0	0	0	0	0	0	0	0	0	0	0	0	0	0	0	0	0	0	0	0	0	0	0	0	0	0	0	0	0	0	0	0	0	0	0	0	0	0	48	0	0	0	0	0	0	48	0	0	0	48	0	0	0	0	0	0	0	0	0	0	0	0	0	0	0	0	0	0	0	0	0	0	48	0	0	0	0	0	0	0	0	0	0	0	0	0	0	0	0	0	0	0	0	0	0	0	0	0	0	0	0	0	0	0	0	0	0	0	
0	0	0	0	0	0	0	0	0	0	0	0	0	0	0	0	0	0	0	0	0	0	0	0	0	0	0	0	0	0	48	0	0	0	0	0	0	0	0	48	0	0	0	0	0	0	0	0	0	0	0	0	0	0	0	0	0	0	0	0	0	0	0	0	0	0	0	0	0	0	0	0	0	0	0	0	0	0	0	0	0	0	0	0	0	0	0	0	0	0	48	0	0	0	0	0	0	0	0	0	0	0	0	0	0	0	0	0	0	0	0	0	0	0	48	0	0	0	0	0	
0	0	0	0	0	0	0	0	0	0	0	0	0	0	0	0	0	0	0	0	0	0	0	0	0	0	0	0	0	0	0	0	0	48	0	0	0	0	0	0	0	0	0	0	0	0	0	0	0	0	0	0	0	0	0	0	0	0	0	0	0	0	0	0	0	0	48	0	0	0	0	0	0	0	0	0	0	48	0	0	0	0	0	0	0	0	0	0	0	0	0	0	0	0	0	0	0	0	0	0	0	0	0	0	0	0	0	48	0	0	0	0	0	0	0	0	0	0	0	0	
0	0	0	0	0	0	0	0	0	0	0	0	0	0	0	0	0	0	0	0	0	0	0	0	0	0	0	0	48	0	0	0	0	0	0	0	0	0	0	0	0	0	0	0	0	0	0	0	0	0	0	0	48	0	0	0	0	0	0	0	0	0	0	0	0	0	0	0	0	0	0	0	0	0	0	0	0	0	0	48	0	0	0	0	0	0	0	0	0	0	0	0	0	0	0	0	0	0	0	0	0	0	0	0	0	0	48	0	0	0	0	0	0	0	0	0	0	0	0	0	
0	0	0	0	0	0	0	0	0	0	0	0	0	0	0	0	0	0	0	0	0	0	0	0	0	0	0	0	0	48	0	0	0	0	48	0	0	0	0	0	0	0	0	0	0	0	0	0	0	0	0	0	0	0	0	0	0	0	0	0	0	0	0	0	0	0	0	0	0	0	0	0	0	48	0	0	0	0	0	0	0	0	0	0	0	0	0	0	0	0	0	48	0	0	0	0	0	0	0	0	0	0	0	0	0	0	0	0	0	0	0	0	0	0	0	0	0	0	0	0	
0	0	0	0	0	0	48	0	0	0	0	0	0	0	0	0	0	0	0	0	0	0	0	0	0	48	0	0	0	0	0	0	0	0	0	0	0	0	0	0	0	0	0	0	0	48	0	0	0	0	0	0	0	0	0	0	0	0	0	0	0	0	0	0	0	0	0	0	0	0	0	0	0	0	0	0	0	0	0	0	0	0	0	0	0	0	0	0	0	0	0	0	0	48	0	0	0	0	0	0	0	0	0	0	0	0	0	0	0	0	0	0	0	0	0	0	0	0	0	0	
0	0	0	0	0	0	0	0	0	0	48	0	0	0	0	0	0	0	0	0	0	0	48	0	0	0	0	0	0	0	0	0	48	0	0	0	0	0	0	0	0	0	0	0	0	0	0	0	0	0	0	0	0	0	0	0	0	0	0	48	0	0	0	0	0	0	0	0	0	0	0	0	0	0	0	0	0	0	0	0	0	0	0	0	0	0	0	0	0	0	0	0	0	0	0	0	0	0	0	0	0	0	0	0	0	0	0	0	0	0	0	0	0	0	0	0	0	0	0	0	
0	0	0	0	0	0	0	0	0	0	0	0	0	0	0	0	0	0	0	0	0	0	48	0	0	0	0	0	0	0	0	0	0	0	0	0	0	0	0	0	0	0	0	0	0	0	0	0	0	0	0	0	0	0	0	0	0	0	0	48	0	0	48	0	0	0	0	0	0	0	0	0	0	0	0	0	0	0	0	0	0	0	0	0	0	0	0	0	0	0	0	0	0	0	0	0	0	0	0	0	0	0	0	0	0	0	0	0	0	0	0	0	0	0	0	0	0	0	0	48	
0	0	0	0	0	0	0	0	0	0	0	0	0	0	0	0	0	0	0	0	0	0	0	0	0	0	0	0	0	48	0	0	0	0	0	0	0	0	0	0	0	0	0	0	0	0	48	0	0	0	0	0	0	0	0	0	0	0	0	0	0	0	0	0	0	0	0	0	0	0	0	0	0	48	0	0	0	0	0	0	0	0	0	0	0	0	0	0	0	0	0	0	0	0	0	0	0	0	0	0	0	0	0	0	0	0	0	0	0	0	0	0	48	0	0	0	0	0	0	0	
0	0	0	0	0	0	0	0	0	0	48	0	0	0	0	0	0	0	0	48	48	0	0	0	0	0	0	0	0	0	0	0	0	0	0	0	0	0	0	0	0	0	0	0	0	0	0	0	0	0	0	0	0	0	0	0	0	0	0	48	0	0	0	0	0	0	0	0	0	0	0	0	0	0	0	0	0	0	0	0	0	0	0	0	0	0	0	0	0	0	0	0	0	0	0	0	0	0	0	0	0	0	0	0	0	0	0	0	0	0	0	0	0	0	0	0	0	0	0	0	
0	0	0	0	0	0	0	0	0	48	0	0	0	0	0	0	0	0	0	0	0	0	0	0	0	0	0	0	0	0	0	0	0	0	0	0	0	0	0	0	0	48	0	0	0	0	0	0	0	0	0	0	48	0	0	0	0	0	0	0	0	0	0	0	0	0	0	0	0	0	0	0	0	0	0	0	0	0	0	0	0	0	0	0	0	0	0	0	0	0	0	0	0	0	0	0	0	0	0	0	0	0	0	0	0	0	0	0	0	0	0	48	0	0	0	0	0	0	0	0	
0	0	0	0	0	0	0	0	0	0	0	0	0	0	0	0	0	0	0	0	0	0	0	0	0	0	0	0	0	48	0	0	0	0	0	0	0	0	0	0	0	0	0	0	0	0	0	0	0	0	0	0	0	0	0	0	0	0	0	0	0	0	0	0	0	0	0	0	0	0	0	0	0	0	0	0	48	0	0	0	0	0	0	0	0	0	0	0	0	0	0	48	0	0	0	0	0	0	0	0	0	0	0	0	0	0	0	0	0	48	0	0	0	0	0	0	0	0	0	0	
0	0	0	0	0	0	48	0	0	0	0	0	0	0	0	0	0	0	48	0	0	0	0	0	0	0	0	0	0	0	0	0	0	0	0	0	0	0	0	0	0	0	0	0	0	0	0	0	0	0	0	0	0	0	0	0	0	0	0	0	0	0	0	0	0	0	0	0	0	0	0	0	0	0	0	0	0	0	48	0	0	0	0	0	0	0	0	0	0	0	0	0	0	0	0	0	0	0	0	0	0	0	0	0	0	0	0	0	48	0	0	0	0	0	0	0	0	0	0	0	
0	48	0	0	0	0	0	0	0	0	0	0	0	0	0	0	0	0	0	0	0	0	0	0	0	0	0	0	0	0	0	48	0	0	0	0	0	0	0	0	0	0	0	0	0	0	0	0	0	0	0	0	0	0	0	0	0	0	0	0	0	0	0	0	0	0	0	0	48	0	0	0	48	0	0	0	0	0	0	0	0	0	0	0	0	0	0	0	0	0	0	0	0	0	0	0	0	0	0	0	0	0	0	0	0	0	0	0	0	0	0	0	0	0	0	0	0	0	0	0	
0	0	0	0	0	0	0	0	0	0	0	0	0	0	0	0	0	0	0	0	0	0	0	0	0	0	0	0	0	0	0	0	0	0	0	48	0	0	0	0	0	0	0	0	0	0	0	0	0	0	0	0	0	0	0	0	0	0	0	0	0	0	0	0	0	0	0	0	0	0	0	0	0	0	0	0	0	0	0	0	48	0	0	0	0	0	0	0	0	0	0	0	0	0	0	0	0	0	0	0	0	48	0	0	48	0	0	0	0	0	0	0	0	0	0	0	0	0	0	0	
0	0	0	0	0	0	0	0	0	0	0	0	0	0	0	0	48	0	0	0	0	0	0	0	0	0	0	0	0	0	0	0	0	0	0	0	0	0	0	0	0	0	0	0	0	0	0	0	0	0	0	0	0	0	0	0	48	0	0	0	0	0	0	0	0	0	0	0	0	0	0	0	0	0	0	0	0	0	0	48	0	0	0	0	0	0	0	0	0	0	0	0	0	0	0	0	0	0	0	0	0	0	0	0	0	0	48	0	0	0	0	0	0	0	0	0	0	0	0	0	
0	0	0	0	0	0	0	0	0	0	0	0	0	0	0	0	0	48	0	0	0	48	0	0	48	0	0	0	0	0	0	0	0	0	0	0	0	0	0	0	0	0	0	0	0	0	0	0	0	0	0	0	0	0	0	0	0	0	0	0	0	0	0	0	0	0	0	0	0	0	0	0	0	0	0	0	0	0	0	0	0	0	0	0	0	0	0	0	0	0	0	48	0	0	0	0	0	0	0	0	0	0	0	0	0	0	0	0	0	0	0	0	0	0	0	0	0	0	0	0	
0	0	0	0	0	0	0	0	0	0	0	0	0	0	48	0	0	0	0	0	0	0	0	0	0	0	0	0	0	0	0	0	0	0	0	0	0	0	48	48	0	0	0	0	0	0	0	0	0	0	0	0	0	0	0	0	0	0	0	0	0	0	0	0	0	0	0	0	0	0	0	0	0	0	0	0	0	0	0	0	0	0	0	0	0	0	0	0	0	0	0	0	0	0	0	0	0	0	0	0	0	0	0	0	0	0	0	0	0	0	0	0	0	0	48	0	0	0	0	0	
0	0	0	0	0	0	0	0	0	0	0	0	0	0	0	0	0	0	0	0	0	0	0	0	0	0	48	0	0	0	0	0	0	0	0	0	0	0	0	0	0	0	0	0	0	0	0	0	0	0	0	0	0	0	0	0	0	0	0	0	0	0	0	0	0	0	48	0	0	0	0	48	0	0	0	0	0	0	0	0	0	0	0	0	0	0	0	0	0	0	0	0	0	0	0	0	0	0	0	0	0	0	0	0	0	0	0	48	0	0	0	0	0	0	0	0	0	0	0	0	
0	0	0	0	0	0	0	0	0	0	0	0	0	0	0	0	0	0	0	48	0	0	0	0	0	0	0	0	0	0	0	0	0	0	0	0	0	0	0	0	0	0	0	0	0	0	0	0	0	0	0	0	0	0	0	0	0	0	0	0	0	0	0	0	48	0	0	0	0	0	0	0	0	0	0	0	0	0	0	0	0	0	0	0	0	0	48	0	0	0	0	0	0	0	0	0	0	0	0	0	0	0	0	0	0	0	0	0	0	0	0	0	0	0	0	0	0	0	0	48	
0	0	0	0	0	0	0	0	0	0	0	0	0	0	0	48	0	0	0	0	0	0	0	0	0	0	0	0	0	0	0	0	0	0	0	0	0	0	0	0	0	0	0	0	0	0	0	0	0	0	0	0	0	0	0	0	0	0	0	0	0	0	0	0	0	0	0	0	0	0	0	48	0	0	0	0	0	48	0	0	0	0	0	0	0	0	0	0	0	0	0	0	0	0	0	0	0	0	0	0	0	0	0	0	0	0	0	48	0	0	0	0	0	0	0	0	0	0	0	0	
0	0	0	0	0	0	0	0	0	0	0	0	0	0	0	0	0	48	0	0	0	0	0	0	0	0	0	0	0	0	0	0	0	0	0	0	0	0	0	0	0	0	0	0	0	0	0	0	0	0	0	0	0	0	0	0	0	0	0	0	0	0	0	0	0	0	0	0	0	0	0	0	0	48	0	0	0	0	0	0	0	0	0	0	0	0	0	0	0	0	0	48	0	0	0	0	0	0	0	0	0	0	0	0	0	0	0	0	0	0	0	0	0	48	0	0	0	0	0	0	
0	0	0	0	0	0	0	0	0	0	0	0	0	0	0	0	0	0	0	0	0	0	0	0	0	0	0	48	0	0	0	0	0	0	0	0	0	0	0	0	0	0	0	0	0	0	0	0	0	0	0	0	0	0	0	0	0	0	0	0	0	0	0	0	0	0	0	0	0	0	0	0	0	0	0	0	0	0	0	0	48	0	0	0	0	0	0	0	0	0	0	0	0	0	0	0	0	0	48	0	0	48	0	0	0	0	0	0	0	0	0	0	0	0	0	0	0	0	0	0	
0	0	0	0	0	0	0	0	0	0	0	48	0	0	0	0	0	0	0	0	0	0	0	0	0	0	0	0	0	0	0	0	0	0	0	0	0	0	0	0	0	0	0	0	0	0	0	0	0	0	0	0	0	0	48	0	0	0	0	0	0	0	0	0	0	0	0	0	0	0	0	0	0	0	0	48	0	0	0	0	0	0	0	0	0	0	0	0	0	0	0	0	0	0	0	0	0	0	0	0	0	0	0	0	0	0	0	0	0	0	0	0	0	0	0	48	0	0	0	0	
0	0	0	0	0	0	0	0	0	0	0	0	0	0	0	0	0	0	0	0	0	0	0	0	0	0	0	0	0	0	0	0	0	0	0	0	0	0	0	0	0	0	0	0	0	0	0	0	0	0	0	0	0	0	0	0	48	0	0	0	0	0	0	0	0	0	0	0	0	0	0	0	0	0	0	0	0	0	0	48	0	0	0	0	0	0	0	0	0	0	0	0	0	0	0	0	0	0	0	0	0	0	0	0	48	0	48	0	0	0	0	0	0	0	0	0	0	0	0	0	
0	0	0	0	0	0	0	0	0	0	0	0	0	0	0	0	0	0	0	0	0	0	0	0	0	0	0	0	0	0	48	0	0	0	0	0	0	0	0	48	0	0	0	0	0	0	0	0	0	48	0	0	0	0	0	0	0	0	0	0	0	0	0	0	0	48	0	0	0	0	0	0	0	0	0	0	0	0	0	0	0	0	0	0	0	0	0	0	0	0	0	0	0	0	0	0	0	0	0	0	0	0	0	0	0	0	0	0	0	0	0	0	0	0	0	0	0	0	0	0	
0	0	0	0	0	0	0	0	0	0	0	0	0	0	48	0	0	0	0	0	0	0	0	0	0	0	0	0	0	0	48	0	0	0	0	0	0	0	48	0	0	0	0	0	0	0	0	0	0	0	0	0	0	0	0	0	0	0	0	0	0	0	0	0	0	0	0	0	0	0	0	0	0	0	0	0	0	0	0	0	0	0	0	0	0	0	0	0	0	0	0	0	0	0	0	0	0	0	0	0	0	0	0	0	0	0	0	0	0	0	0	0	0	0	48	0	0	0	0	0	
0	0	0	0	0	0	0	0	0	0	0	0	0	0	0	0	0	0	0	0	0	0	0	0	0	0	0	0	0	0	0	0	0	0	0	0	0	0	0	0	0	0	0	0	0	0	0	0	0	0	0	0	0	0	0	0	0	0	0	0	0	0	0	48	0	0	0	0	0	0	48	0	0	0	0	0	0	0	0	0	0	0	0	0	0	0	0	0	48	0	0	0	0	0	0	0	0	0	0	0	0	0	0	0	0	0	0	0	0	0	0	0	0	0	0	0	0	0	48	0	
0	0	48	0	0	0	0	0	0	0	0	0	0	0	0	0	0	0	0	0	0	0	0	48	0	0	0	0	0	0	0	0	0	0	0	0	0	0	0	0	0	0	0	0	0	0	0	0	0	0	0	0	0	0	0	0	0	0	0	0	0	0	0	0	0	0	0	0	0	0	0	0	0	0	0	0	0	0	0	0	0	0	0	0	0	0	0	48	0	0	0	0	0	0	0	0	0	0	0	0	0	0	0	0	0	0	0	0	0	0	0	48	0	0	0	0	0	0	0	0	
0	0	0	0	0	0	0	0	0	0	0	0	0	0	0	0	0	0	0	0	0	0	0	0	0	0	0	0	0	0	0	0	0	0	0	0	0	0	0	0	0	0	0	0	0	0	0	0	0	0	0	0	0	48	0	0	0	0	0	0	0	0	0	0	0	0	0	48	0	0	0	0	0	0	0	0	0	0	0	0	0	0	0	0	0	0	0	0	0	0	0	0	48	0	0	0	0	0	0	0	0	0	0	0	0	0	0	0	0	0	48	0	0	0	0	0	0	0	0	0	
0	0	0	0	0	0	0	48	0	0	0	0	0	0	0	0	0	0	0	0	0	0	0	0	0	0	0	0	0	0	0	0	0	0	0	0	0	0	0	0	0	0	0	0	0	0	0	0	0	0	0	48	0	0	0	0	0	0	0	0	0	0	0	0	0	0	0	0	0	0	0	0	0	0	48	0	0	0	0	0	0	0	0	0	0	0	0	0	0	0	48	0	0	0	0	0	0	0	0	0	0	0	0	0	0	0	0	0	0	0	0	0	0	0	0	0	0	0	0	0	
0	0	0	0	0	0	0	0	0	0	0	0	0	0	0	0	0	0	0	0	0	0	0	0	0	0	0	0	0	0	0	0	0	0	0	0	0	0	0	0	0	0	0	0	0	0	48	0	0	0	0	0	0	0	0	0	0	0	0	0	0	0	0	0	0	0	0	0	0	0	0	0	0	0	0	0	0	0	0	0	0	48	0	48	0	0	0	0	0	48	0	0	0	0	0	0	0	0	0	0	0	0	0	0	0	0	0	0	0	0	0	0	0	0	0	0	0	0	0	0	
0	0	0	0	0	48	0	0	0	0	0	0	0	0	0	0	0	0	48	0	0	0	0	0	0	0	0	0	0	0	0	0	0	0	0	0	0	0	0	0	0	0	0	0	0	0	0	0	0	0	0	0	0	0	0	0	0	0	0	0	48	0	0	0	0	0	0	0	0	0	0	0	0	0	0	0	0	0	0	0	0	0	0	0	0	0	0	0	0	0	0	0	0	48	0	0	0	0	0	0	0	0	0	0	0	0	0	0	0	0	0	0	0	0	0	0	0	0	0	0	
0	0	0	0	0	0	0	0	0	0	0	0	0	0	0	0	0	0	0	0	0	48	0	0	0	0	0	0	0	0	0	0	0	0	0	0	0	0	0	0	0	0	0	0	48	0	0	0	0	0	0	0	0	0	0	0	0	0	0	0	0	0	0	0	0	0	0	0	0	0	0	0	0	0	0	0	0	0	0	0	0	48	0	0	0	0	0	0	0	48	0	0	0	0	0	0	0	0	0	0	0	0	0	0	0	0	0	0	0	0	0	0	0	0	0	0	0	0	0	0	
0	0	0	0	0	0	0	0	0	0	0	0	0	0	0	0	0	0	0	0	0	0	0	0	0	0	0	0	0	0	0	0	0	0	0	0	0	0	0	0	0	0	0	0	0	0	0	0	0	0	0	0	0	0	0	0	0	0	0	0	0	48	0	0	0	0	0	0	0	48	0	0	0	0	0	0	0	0	0	0	0	0	0	0	0	0	0	0	0	0	0	0	0	0	48	0	0	0	0	0	0	0	0	0	0	0	0	0	0	0	0	0	48	0	0	0	0	0	0	0	
0	0	0	0	0	0	0	0	0	0	0	0	0	0	0	0	0	0	0	0	0	0	0	0	0	0	0	0	0	0	0	0	0	0	0	0	0	0	0	0	0	0	0	0	0	0	0	0	0	0	0	0	0	0	0	0	0	0	0	0	0	0	0	48	0	0	0	0	0	0	0	0	0	0	0	0	0	0	0	0	0	0	0	0	0	0	0	0	0	0	0	0	0	0	0	0	0	0	0	48	0	0	0	0	0	0	0	0	0	0	0	0	0	0	0	0	0	48	48	0	
0	48	0	0	0	0	0	0	0	0	0	0	0	0	0	0	0	0	0	0	0	0	0	0	0	0	0	0	0	0	0	0	0	0	0	0	0	0	48	0	0	0	0	0	0	0	0	0	0	0	0	0	0	0	0	0	0	0	0	0	0	0	0	0	0	48	0	0	0	0	0	0	0	0	0	0	0	0	0	0	0	0	0	0	0	0	0	0	0	0	0	0	0	0	0	0	0	0	0	0	48	0	0	0	0	0	0	0	0	0	0	0	0	0	0	0	0	0	0	0	
0	0	0	0	0	0	0	0	0	0	0	0	0	48	0	0	0	0	0	0	0	0	0	0	0	0	0	0	0	0	0	0	0	0	0	0	0	0	0	0	0	0	0	0	0	0	0	0	0	0	0	0	0	0	0	0	0	48	0	0	0	48	0	0	0	0	0	0	0	0	0	0	0	0	0	0	0	0	0	0	0	0	0	0	48	0	0	0	0	0	0	0	0	0	0	0	0	0	0	0	0	0	0	0	0	0	0	0	0	0	0	0	0	0	0	0	0	0	0	0	
0	0	0	0	0	0	0	48	0	0	0	0	0	0	0	0	0	0	0	0	0	0	0	0	0	0	0	0	0	0	0	0	0	0	0	0	0	0	0	0	0	0	0	48	0	0	0	0	0	0	0	0	0	0	0	0	0	0	0	0	0	0	0	0	0	0	0	0	0	0	0	0	0	0	48	0	0	0	0	0	0	0	0	0	0	0	0	0	0	0	48	0	0	0	0	0	0	0	0	0	0	0	0	0	0	0	0	0	0	0	0	0	0	0	0	0	0	0	0	0	
0	0	0	0	0	0	0	0	0	48	0	0	0	0	0	0	48	0	0	0	0	0	0	48	0	0	0	0	0	0	0	0	0	0	0	0	0	0	0	0	0	0	0	0	0	0	0	0	0	0	0	0	0	0	0	0	0	0	0	0	0	0	0	0	0	0	0	0	0	0	0	0	0	0	0	0	0	0	0	0	0	0	0	0	0	0	0	0	0	0	0	0	0	0	0	0	0	0	0	0	0	0	0	0	0	0	0	0	0	0	0	48	0	0	0	0	0	0	0	0	
0	0	0	0	0	0	0	0	0	0	0	0	0	0	0	0	0	0	0	0	0	0	0	0	0	0	0	0	0	0	0	0	0	0	0	0	0	0	0	0	0	0	48	0	0	0	0	0	0	0	0	0	0	0	0	48	0	0	0	0	0	0	0	0	0	0	0	48	0	0	0	0	0	0	0	0	0	0	0	0	0	0	0	0	0	0	0	0	0	0	0	0	48	0	0	0	0	0	0	0	0	0	0	0	0	0	0	0	0	0	0	0	0	0	0	0	0	0	0	0	
0	0	0	0	0	0	0	0	0	0	0	48	0	0	0	0	0	0	0	0	0	0	0	0	0	0	0	0	0	0	0	0	0	0	0	0	48	0	0	0	0	0	0	0	0	0	0	0	0	0	0	0	0	0	0	0	0	0	0	0	0	0	0	0	0	0	0	0	0	0	0	0	0	0	0	0	0	0	0	0	0	0	0	0	0	0	0	0	48	0	0	0	0	0	0	0	0	0	0	0	0	0	0	0	0	0	0	0	0	0	0	0	0	0	0	48	0	0	0	0	
0	0	0	0	0	0	0	0	0	0	0	0	0	0	0	0	0	0	0	0	0	0	0	0	0	0	0	0	0	0	0	0	0	0	0	0	0	0	0	0	0	0	0	0	0	0	0	0	0	0	0	0	0	48	0	0	0	0	0	0	0	0	0	0	0	0	0	48	0	0	0	0	0	0	48	0	0	0	0	0	0	0	0	0	0	0	0	0	0	0	0	0	48	0	0	0	0	0	0	0	0	0	0	0	0	0	0	0	0	0	0	0	0	0	0	0	0	0	0	0	
0	0	0	0	0	0	0	0	0	0	0	0	0	0	0	0	0	0	0	0	0	0	0	0	0	0	0	0	48	0	0	0	0	0	0	0	0	48	0	0	0	0	0	0	0	0	0	0	0	0	0	0	0	0	0	0	0	0	0	0	0	0	0	0	0	0	0	0	0	0	0	0	0	0	0	0	0	0	0	48	0	0	0	0	0	0	0	0	0	0	0	0	0	0	0	0	0	0	0	0	0	0	0	0	0	0	48	0	0	0	0	0	0	0	0	0	0	0	0	0	
0	0	0	0	0	0	0	0	0	0	0	0	0	48	0	0	0	0	0	0	0	0	0	0	0	0	0	0	0	0	0	0	0	0	0	0	0	0	0	0	0	0	0	0	0	0	0	0	0	0	48	0	0	0	0	0	0	0	0	0	0	0	0	0	0	0	0	0	0	0	0	0	0	0	0	0	0	0	0	0	0	0	0	0	48	48	0	0	0	0	0	0	0	0	0	0	0	0	0	0	0	0	0	0	0	0	0	0	0	0	0	0	0	0	0	0	0	0	0	0	
0	0	0	0	0	0	0	0	0	0	0	0	0	0	0	0	0	0	0	0	0	0	0	0	0	0	0	0	0	0	0	0	0	0	0	0	0	0	0	0	0	0	0	0	0	0	0	0	0	0	0	0	0	0	0	0	0	0	0	0	0	0	0	0	0	0	0	0	48	0	0	0	48	0	0	0	0	0	0	0	0	0	0	0	0	0	0	0	0	0	0	0	0	0	0	0	0	48	0	0	0	0	0	0	0	48	0	0	0	0	0	0	0	0	0	0	0	0	0	0	
0	0	0	0	0	0	0	0	0	0	48	0	0	0	0	0	0	0	0	48	48	0	48	0	0	0	0	0	0	0	0	0	0	0	0	0	0	0	0	0	0	0	0	0	0	0	0	0	0	0	0	0	0	0	0	0	0	0	0	0	0	0	0	0	0	0	0	0	0	0	0	0	0	0	0	0	0	0	0	0	0	0	0	0	0	0	0	0	0	0	0	0	0	0	0	0	0	0	0	0	0	0	0	0	0	0	0	0	0	0	0	0	0	0	0	0	0	0	0	0	
0	0	0	48	0	48	0	0	0	0	0	0	0	0	0	0	0	0	0	0	0	0	0	0	0	0	0	0	0	0	0	0	0	0	0	0	0	0	0	0	0	0	0	0	0	48	0	0	0	0	0	0	0	0	0	0	0	0	0	0	0	0	0	0	0	0	0	0	0	0	0	0	0	0	0	0	0	0	0	0	0	0	0	0	0	0	0	0	0	0	0	0	0	48	0	0	0	0	0	0	0	0	0	0	0	0	0	0	0	0	0	0	0	0	0	0	0	0	0	0	
0	0	0	0	0	0	0	0	0	0	0	0	0	48	0	0	0	0	0	0	0	0	0	0	0	0	0	0	0	0	0	0	0	0	0	0	0	0	0	0	0	0	0	0	0	0	0	48	0	0	48	0	0	0	0	0	0	0	0	0	0	0	0	0	0	0	0	0	0	0	0	0	0	0	0	0	0	0	0	0	0	0	0	0	48	0	0	0	0	0	0	0	0	0	0	0	0	0	0	0	0	0	0	0	0	0	0	0	0	0	0	0	0	0	0	0	0	0	0	0	
0	0	0	0	0	0	0	0	0	0	0	0	0	0	0	0	0	0	0	0	48	0	0	0	0	0	0	0	0	0	0	0	0	0	0	0	0	0	0	0	0	0	0	0	0	0	0	0	0	0	0	0	0	0	0	0	0	0	0	0	0	0	0	0	48	0	0	0	0	0	0	0	0	0	0	0	0	0	0	0	0	0	0	0	0	0	0	0	0	0	0	0	0	0	0	0	0	0	48	0	0	0	0	0	0	0	0	0	0	0	0	0	0	0	0	0	0	0	0	48	
0	0	0	0	0	0	0	0	0	0	0	0	0	0	0	0	0	0	0	0	0	0	0	0	0	0	0	0	0	0	0	0	0	0	0	0	0	0	0	0	48	0	0	0	0	0	0	0	48	0	0	0	0	0	0	0	0	0	0	0	0	0	0	0	0	0	0	0	0	0	0	0	0	0	0	0	0	0	0	0	0	0	0	0	0	0	0	0	0	0	0	0	0	0	0	0	0	0	0	0	0	0	0	0	0	0	0	0	0	0	0	0	0	0	0	0	0	48	48	0	
48	0	0	0	0	0	0	0	0	0	0	0	48	0	0	0	0	0	0	0	0	0	0	0	0	0	0	0	0	0	0	0	48	0	0	0	0	0	0	0	0	0	0	0	0	0	0	0	0	0	0	0	0	0	0	0	0	0	0	0	0	0	48	0	0	0	0	0	0	0	0	0	0	0	0	0	0	0	0	0	0	0	0	0	0	0	0	0	0	0	0	0	0	0	0	0	0	0	0	0	0	0	0	0	0	0	0	0	0	0	0	0	0	0	0	0	0	0	0	0	
0	48	0	0	0	0	0	0	0	0	0	0	0	0	0	0	0	0	0	0	0	0	0	0	0	0	0	0	0	0	0	0	0	0	0	0	0	0	48	0	0	0	0	0	0	0	0	0	0	48	0	0	0	0	0	0	0	0	0	0	0	0	0	0	0	0	0	0	0	0	0	0	0	0	0	0	0	0	0	0	0	0	0	0	0	0	0	0	0	0	0	0	0	0	0	0	0	0	0	0	48	0	0	0	0	0	0	0	0	0	0	0	0	0	0	0	0	0	0	0	
0	0	0	0	0	0	0	0	0	0	0	0	0	0	0	48	0	0	0	0	0	0	0	0	0	0	0	0	0	0	0	48	0	0	0	0	0	0	0	0	0	0	0	0	0	0	0	0	0	0	0	0	0	0	0	0	0	0	0	0	0	0	0	0	0	0	0	0	48	0	0	0	0	0	0	0	0	0	0	0	0	0	0	0	0	0	0	0	0	0	0	0	0	0	0	0	0	0	0	0	0	0	0	0	0	0	0	48	0	0	0	0	0	0	0	0	0	0	0	0	
0	0	0	0	0	0	0	0	48	0	0	0	0	0	0	0	0	0	0	0	0	0	0	0	0	0	0	0	0	0	0	0	0	0	0	0	0	0	0	0	0	0	48	0	0	0	0	0	0	0	0	0	0	48	0	48	0	0	0	0	0	0	0	0	0	0	0	0	0	0	0	0	0	0	0	0	0	0	0	0	0	0	0	0	0	0	0	0	0	0	0	0	0	0	0	0	0	0	0	0	0	0	0	0	0	0	0	0	0	0	0	0	0	0	0	0	0	0	0	0	
0	0	0	0	0	0	0	0	0	0	0	0	0	0	0	0	0	0	0	0	0	0	0	0	0	0	48	0	0	0	0	0	0	0	0	0	0	0	0	0	0	0	0	0	0	0	0	0	0	0	0	0	0	0	0	0	0	0	48	0	0	0	0	0	0	0	48	0	0	0	0	0	48	0	0	0	0	0	0	0	0	0	0	0	0	0	0	0	0	0	0	0	0	0	0	0	0	0	0	0	0	0	0	0	0	0	0	0	0	0	0	0	0	0	0	0	0	0	0	0	
0	0	0	0	0	0	0	0	0	0	0	0	0	0	0	0	0	0	0	0	0	0	0	0	0	0	0	0	0	0	0	0	0	0	0	0	0	0	0	0	0	0	0	0	0	0	0	48	0	0	0	0	0	0	0	0	0	0	0	0	0	0	0	0	0	0	0	0	0	0	0	0	0	0	0	0	0	0	0	0	0	48	0	0	0	0	0	0	0	0	0	0	0	0	48	0	0	0	0	0	0	0	0	0	0	0	0	0	0	0	48	0	0	0	0	0	0	0	0	0	
0	0	0	0	48	0	0	0	0	0	0	0	0	0	0	0	0	0	0	0	0	0	0	0	0	0	0	0	0	0	0	0	0	0	0	0	0	0	0	0	48	0	0	0	0	0	0	0	0	0	0	0	0	0	0	0	0	0	0	0	0	0	0	0	0	0	0	0	0	0	0	0	0	0	0	0	0	0	0	0	0	0	0	0	0	48	0	0	48	0	0	0	0	0	0	0	0	0	0	0	0	0	0	0	0	0	0	0	0	0	0	0	0	0	0	0	0	0	0	0	
0	48	0	0	0	0	0	0	0	0	0	0	0	0	0	0	0	0	0	0	0	0	0	0	0	0	0	0	0	0	0	48	0	48	0	0	0	0	0	0	0	0	0	0	0	0	0	0	0	0	0	0	0	0	0	0	0	0	0	0	0	0	0	0	0	0	0	0	0	0	0	0	0	0	0	0	0	48	0	0	0	0	0	0	0	0	0	0	0	0	0	0	0	0	0	0	0	0	0	0	0	0	0	0	0	0	0	0	0	0	0	0	0	0	0	0	0	0	0	0	
0	0	0	0	0	0	0	0	0	0	0	0	0	0	0	0	0	0	0	0	0	0	0	0	0	0	48	0	0	0	0	0	0	0	0	0	0	0	0	0	0	0	0	0	0	0	0	0	0	0	0	0	0	0	0	0	0	0	48	0	0	0	0	0	0	0	0	0	48	0	0	0	0	0	0	0	0	0	0	0	0	0	0	0	0	0	0	0	0	0	0	0	0	0	0	0	0	48	0	0	0	0	0	0	0	0	0	0	0	0	0	0	0	0	0	0	0	0	0	0	
0	0	0	0	0	0	0	0	0	0	0	0	0	0	0	0	0	48	0	0	0	48	0	0	0	0	0	0	0	0	0	0	0	0	48	0	0	0	0	0	0	0	0	0	0	0	0	0	0	0	0	0	0	0	0	0	0	0	0	0	0	0	0	0	0	0	0	0	0	0	0	0	0	0	0	0	0	0	0	0	0	0	0	0	0	0	0	0	0	0	0	0	0	0	0	0	0	0	0	0	0	0	0	0	0	0	0	0	0	0	0	0	0	48	0	0	0	0	0	0	
0	0	0	0	0	0	0	0	0	0	0	0	0	0	0	0	0	0	0	0	0	0	0	0	0	0	0	0	0	0	0	0	0	0	0	0	0	0	0	0	0	0	0	48	0	0	0	0	0	0	0	48	0	0	0	48	0	0	0	0	0	0	0	0	0	0	0	0	0	0	0	0	0	0	0	0	0	0	0	0	0	0	0	0	0	0	0	0	0	0	0	0	0	0	0	0	48	0	0	0	0	0	0	0	0	0	0	0	0	0	0	0	0	0	0	0	0	0	0	0	
0	0	0	0	0	0	0	0	0	0	0	48	0	0	0	0	0	0	0	0	0	0	0	0	0	0	0	0	0	0	0	0	0	0	0	0	48	0	0	0	0	0	0	0	0	0	0	0	0	0	0	0	0	0	0	0	0	0	0	0	0	0	0	0	0	0	0	0	0	0	0	0	0	0	0	0	0	0	0	0	0	0	0	0	0	0	0	0	0	0	0	0	0	0	0	0	0	0	0	0	0	0	0	0	0	0	0	0	0	0	0	0	0	0	0	48	48	0	0	0	
0	0	0	0	0	0	0	0	0	0	0	0	0	0	0	0	0	0	0	0	0	0	0	0	48	0	0	0	0	0	0	0	0	0	0	0	0	0	0	0	0	0	0	0	0	0	0	0	0	0	0	0	0	0	0	0	0	0	0	0	0	0	0	0	0	0	0	0	0	0	0	0	0	0	0	0	0	0	0	0	0	0	0	48	0	0	0	0	0	48	0	0	0	0	0	48	0	0	0	0	0	0	0	0	0	0	0	0	0	0	0	0	0	0	0	0	0	0	0	0	
0	0	0	0	0	0	0	0	0	0	0	0	0	0	0	48	0	0	0	0	0	0	0	0	0	0	0	0	0	0	0	0	0	48	0	0	0	0	0	0	0	0	0	0	0	0	0	0	0	0	0	0	0	0	0	0	0	0	0	0	0	0	0	0	0	0	0	0	0	0	0	48	0	0	0	0	0	0	0	0	48	0	0	0	0	0	0	0	0	0	0	0	0	0	0	0	0	0	0	0	0	0	0	0	0	0	0	0	0	0	0	0	0	0	0	0	0	0	0	0	
0	0	0	0	0	0	48	0	0	48	0	0	0	0	0	0	0	0	0	0	0	0	0	0	0	48	0	0	0	0	0	0	0	0	0	0	0	0	0	0	0	0	0	0	0	0	0	0	0	0	0	0	0	0	0	0	0	0	0	0	0	0	0	0	0	0	0	0	0	0	0	0	0	0	0	0	0	0	0	0	0	0	0	0	0	0	0	0	0	0	0	0	0	0	0	0	0	0	0	0	0	0	0	0	0	0	0	0	48	0	0	0	0	0	0	0	0	0	0	0	
0	0	0	0	0	0	0	0	0	0	0	0	0	0	0	0	48	0	0	0	0	0	0	0	0	0	0	0	48	0	0	0	0	0	0	0	0	48	0	0	0	0	0	0	0	0	0	0	0	0	0	0	0	0	0	0	48	0	0	0	0	0	0	0	0	0	0	0	0	0	0	0	0	0	0	0	0	0	0	0	0	0	0	0	0	0	0	0	0	0	0	0	0	0	0	0	0	0	0	0	0	0	0	0	0	0	0	0	0	0	0	0	0	0	0	0	0	0	0	0	
0	0	0	0	0	0	0	0	0	0	0	0	0	0	0	0	0	0	0	0	0	0	0	0	0	0	0	48	0	0	0	0	0	0	0	48	0	0	0	0	0	0	0	0	0	0	0	0	0	0	0	0	0	0	0	0	0	0	0	0	0	0	0	0	0	0	0	0	0	0	0	0	0	0	0	0	0	48	0	0	0	0	0	0	0	0	0	0	0	0	0	0	0	0	0	0	0	0	0	0	0	48	0	0	0	0	0	0	0	0	0	0	0	0	0	0	0	0	0	0	
0	0	0	0	0	0	0	0	0	0	0	0	0	0	0	0	0	0	0	0	0	0	0	0	0	0	0	0	0	0	0	0	0	0	0	0	0	0	0	0	0	0	0	0	48	0	48	0	0	0	0	0	0	0	0	0	0	0	0	0	0	0	0	0	0	0	0	0	0	48	0	0	0	0	0	0	0	0	0	0	0	0	0	48	0	0	0	0	0	0	0	0	0	0	0	0	0	0	0	0	0	0	0	0	0	0	0	0	0	0	0	0	0	0	0	0	0	0	0	0	
0	0	48	0	0	0	0	0	0	0	0	0	0	0	0	0	0	0	0	0	0	0	0	0	0	0	0	0	0	0	0	0	0	0	0	0	0	0	0	0	0	0	0	0	0	0	0	0	0	0	0	0	0	0	0	0	0	0	0	0	0	0	0	0	0	0	0	0	0	0	0	0	0	0	0	0	0	0	0	0	0	0	0	0	0	48	48	48	0	0	0	0	0	0	0	0	0	0	0	0	0	0	0	0	0	0	0	0	0	0	0	0	0	0	0	0	0	0	0	0	
0	0	0	0	0	0	0	0	0	0	0	0	0	0	0	0	0	0	0	0	0	0	0	0	0	0	0	0	0	0	0	0	0	0	0	0	0	0	0	0	0	0	0	0	48	0	0	0	0	0	0	0	0	0	0	0	0	0	0	0	0	0	0	0	0	0	0	0	0	0	0	0	0	0	0	0	48	0	0	0	0	48	0	0	0	0	0	0	0	48	0	0	0	0	0	0	0	0	0	0	0	0	0	0	0	0	0	0	0	0	0	0	0	0	0	0	0	0	0	0	
0	0	0	0	0	0	0	0	0	0	0	0	0	48	0	0	0	0	0	0	0	0	0	0	0	0	0	0	0	0	0	0	0	0	0	0	0	0	0	0	0	0	0	0	0	0	0	0	0	0	48	0	0	0	0	0	0	48	0	0	0	48	0	0	0	0	0	0	0	0	0	0	0	0	0	0	0	0	0	0	0	0	0	0	0	0	0	0	0	0	0	0	0	0	0	0	0	0	0	0	0	0	0	0	0	0	0	0	0	0	0	0	0	0	0	0	0	0	0	0	
0	0	0	0	48	0	0	0	0	0	0	0	0	0	0	0	0	0	0	0	0	0	0	0	0	0	0	0	0	0	0	0	0	0	0	0	0	0	0	0	0	0	0	0	0	0	0	0	0	0	0	0	0	0	0	0	0	48	0	0	0	0	0	0	0	0	0	0	0	0	48	0	0	0	0	0	0	0	0	0	0	0	48	0	0	0	0	0	0	0	0	0	0	0	0	0	0	0	0	0	0	0	0	0	0	0	0	0	0	0	0	0	0	0	0	0	0	0	0	0	
0	0	0	0	0	0	0	0	0	0	0	0	0	0	0	0	0	0	0	0	0	0	0	0	0	0	0	0	0	0	0	0	48	0	0	0	0	0	0	0	0	0	0	0	0	0	0	0	0	0	0	0	0	0	0	0	0	0	0	0	0	0	0	0	0	0	0	0	0	0	0	0	0	0	0	0	0	0	0	0	0	0	48	0	0	0	0	0	0	0	0	0	0	0	0	0	0	48	0	0	0	0	0	48	0	0	0	0	0	0	0	0	0	0	0	0	0	0	0	0	
0	0	0	0	0	0	0	0	0	0	0	0	0	0	0	0	0	0	0	0	0	0	0	0	0	0	0	0	0	0	0	0	0	0	0	0	0	0	0	0	0	48	0	0	0	0	0	0	0	0	0	0	0	0	0	0	0	0	0	0	0	0	0	0	0	0	0	0	0	0	0	0	0	0	0	0	0	0	0	0	0	0	48	0	0	0	0	0	0	0	0	0	0	0	0	0	0	0	0	0	0	0	0	0	0	0	0	0	48	0	0	0	0	0	0	0	48	0	0	0	
0	0	0	0	48	0	0	0	0	0	0	0	0	0	0	0	0	0	0	0	0	0	0	0	0	0	0	0	0	0	0	0	0	0	0	0	0	0	0	0	48	0	0	0	0	0	0	0	0	0	0	0	0	0	48	0	0	0	0	0	0	0	0	0	0	0	0	0	0	0	48	0	0	0	0	0	0	0	0	0	0	0	0	0	0	0	0	0	0	0	0	0	0	0	0	0	0	0	0	0	0	0	0	0	0	0	0	0	0	0	0	0	0	0	0	0	0	0	0	0	
0	0	0	0	0	0	0	0	0	0	0	0	0	0	0	0	0	0	0	0	0	0	0	0	0	0	0	0	0	0	0	0	0	0	0	0	0	0	0	0	0	0	0	0	48	0	48	0	0	0	0	0	0	0	0	0	0	0	0	0	0	0	0	0	0	0	0	0	0	0	0	0	0	0	0	0	48	0	0	0	0	0	0	48	0	0	0	0	0	0	0	0	0	0	0	0	0	0	0	0	0	0	0	0	0	0	0	0	0	0	0	0	0	0	0	0	0	0	0	0	
0	0	0	0	0	0	0	48	0	0	0	0	0	0	48	0	0	0	0	0	0	0	0	0	0	0	0	0	0	0	0	0	0	0	0	0	0	0	0	0	0	0	0	48	0	0	0	0	0	0	0	48	0	0	0	0	0	0	0	0	0	0	0	0	0	0	0	0	0	0	0	0	0	0	0	0	0	0	0	0	0	0	0	0	0	0	0	0	0	0	0	0	0	0	0	0	0	0	0	0	0	0	0	0	0	0	0	0	0	0	0	0	0	0	0	0	0	0	0	0	
0	0	0	0	0	0	0	0	0	0	0	0	0	0	0	0	0	48	0	0	0	0	0	0	48	0	0	0	0	48	0	0	0	0	48	0	0	0	0	0	0	0	0	0	0	0	0	0	0	0	0	0	0	0	0	0	0	0	0	0	0	0	0	0	0	0	0	0	0	0	0	0	0	0	0	0	0	0	0	0	0	0	0	0	0	0	0	0	0	0	0	0	0	0	0	0	0	0	0	0	0	0	0	0	0	0	0	0	0	0	0	0	0	0	0	0	0	0	0	0	
0	0	0	0	0	0	0	0	48	0	0	0	0	0	0	0	0	0	0	0	0	0	0	0	0	0	0	0	0	0	0	0	0	0	0	0	0	0	0	0	0	0	48	0	0	0	0	0	0	0	0	0	0	48	0	48	0	0	0	0	0	0	0	0	0	0	0	0	0	0	0	0	0	0	0	0	0	0	0	0	0	0	0	0	0	0	0	0	0	0	0	0	0	0	0	0	0	0	0	0	0	0	0	0	0	0	0	0	0	0	0	0	0	0	0	0	0	0	0	0	
0	0	0	0	0	0	48	0	0	0	0	0	0	0	0	0	0	0	48	0	0	0	0	0	0	0	0	0	0	0	0	0	0	0	0	0	0	0	0	0	0	0	0	0	0	48	0	0	0	0	0	0	0	0	0	0	0	0	0	0	48	0	0	0	0	0	0	0	0	0	0	0	0	0	0	0	0	0	0	0	0	0	0	0	0	0	0	0	0	0	0	0	0	0	0	0	0	0	0	0	0	0	0	0	0	0	0	0	0	0	0	0	0	0	0	0	0	0	0	0	
0	0	0	0	0	0	0	0	48	0	0	0	0	0	0	0	0	0	0	0	0	0	0	0	0	0	0	0	0	0	0	0	0	0	0	0	0	0	0	0	0	0	0	0	0	0	0	48	0	0	0	0	0	0	0	0	0	0	0	0	0	0	0	0	0	0	0	0	0	48	0	0	0	0	0	0	0	0	0	0	0	0	0	0	0	0	0	0	0	0	0	0	0	0	0	0	48	0	0	0	0	0	0	0	0	0	0	0	0	0	0	0	0	0	0	0	0	0	0	0	
0	0	0	0	0	0	0	0	0	0	0	0	0	0	0	0	0	0	0	0	0	0	0	0	0	0	0	0	0	0	0	0	0	0	0	0	0	0	0	0	0	0	0	0	0	0	0	0	0	0	0	0	0	0	0	0	0	0	0	0	0	0	0	0	0	0	0	0	0	0	0	0	0	0	0	0	48	0	0	0	0	0	0	0	0	0	0	0	0	0	0	0	0	0	0	0	0	0	0	48	0	0	0	0	0	0	0	0	0	0	48	0	48	0	0	0	0	0	0	0	
0	0	0	0	0	0	0	0	48	0	0	0	0	0	0	0	0	0	0	0	0	0	0	0	0	0	0	0	0	0	0	0	0	0	0	0	0	0	0	0	0	0	0	0	0	0	0	0	0	0	0	0	0	0	0	0	0	0	0	0	0	0	0	0	0	0	0	0	0	0	0	0	0	0	48	0	0	0	0	0	0	0	0	0	0	0	0	0	0	0	0	0	0	0	48	0	0	0	0	0	0	0	0	0	0	48	0	0	0	0	0	0	0	0	0	0	0	0	0	0	
0	0	0	0	0	0	0	0	0	0	0	0	0	0	0	0	0	0	0	0	0	0	0	0	0	0	0	0	0	0	0	0	0	0	0	0	0	0	0	0	0	0	0	0	0	0	0	0	0	0	0	0	0	0	0	0	0	0	48	0	0	0	0	0	0	0	0	0	0	0	0	0	48	0	0	0	0	0	0	0	0	0	0	0	0	0	48	0	0	0	0	0	0	0	0	0	0	0	0	0	0	0	0	0	0	48	0	0	0	0	0	0	0	0	0	0	0	0	0	0	
48	0	0	0	0	0	0	0	0	0	0	0	48	0	0	0	0	0	0	0	0	0	0	0	0	0	0	0	0	0	0	0	0	0	0	48	0	0	0	0	0	0	0	0	0	0	0	0	0	0	0	0	0	0	0	0	0	0	0	0	0	0	48	0	0	0	0	0	0	0	0	0	0	0	0	0	0	0	0	0	0	0	0	0	0	0	0	0	0	0	0	0	0	0	0	0	0	0	0	0	0	0	0	0	0	0	0	0	0	0	0	0	0	0	0	0	0	0	0	0	
0	0	0	0	0	0	0	0	0	0	0	0	0	0	0	0	0	0	0	0	0	0	0	0	0	0	0	0	0	0	0	0	0	0	0	0	0	0	0	0	0	0	0	0	0	0	0	0	48	0	0	0	0	0	0	0	0	0	0	0	0	0	0	0	0	0	0	0	0	0	0	0	0	0	0	0	0	0	0	0	0	0	0	0	0	0	0	0	0	0	0	0	0	0	0	48	0	0	0	0	0	0	0	0	0	0	0	0	0	0	0	0	48	0	0	0	0	48	0	0	
0	0	0	0	0	0	0	0	0	0	0	0	0	0	0	0	0	0	0	0	0	0	0	0	0	0	0	0	0	0	0	0	0	0	0	0	0	0	0	0	0	0	0	0	0	0	0	0	0	48	0	0	0	0	0	0	0	0	0	0	0	0	0	0	0	48	0	0	0	0	0	0	0	0	0	0	0	0	0	0	0	0	0	0	0	0	0	0	0	0	0	0	0	0	0	0	0	0	0	0	0	48	0	0	0	48	0	0	0	0	0	0	0	0	0	0	0	0	0	0	
0	0	0	0	0	0	0	0	0	0	0	0	0	0	0	0	0	0	0	0	0	0	0	0	0	0	0	48	0	0	0	0	0	0	0	48	0	0	0	0	0	0	0	0	0	0	0	0	0	0	0	0	0	0	0	0	0	0	0	0	0	0	0	0	0	0	0	0	0	0	0	0	0	0	0	0	0	0	0	0	48	0	0	0	0	0	0	0	0	0	0	0	0	0	0	0	0	0	0	0	48	0	0	0	0	0	0	0	0	0	0	0	0	0	0	0	0	0	0	0	
0	0	0	48	0	0	0	0	0	0	0	0	0	0	0	0	0	0	0	0	0	0	0	0	0	0	0	0	0	0	0	0	0	0	0	0	0	0	0	0	0	0	0	0	0	0	0	0	0	0	0	0	0	0	0	0	0	0	0	0	0	0	0	0	0	0	0	0	0	0	0	0	0	0	0	0	0	0	0	0	0	0	0	0	0	0	0	0	0	0	0	0	0	0	0	0	0	0	0	0	0	0	0	0	0	0	0	0	0	48	0	0	0	48	0	0	48	0	0	0	
0	0	0	0	0	0	0	0	0	0	0	0	0	0	0	0	0	0	0	0	0	0	0	0	0	0	0	0	0	0	0	0	0	0	0	0	0	0	0	0	0	0	0	0	0	0	0	0	0	0	0	0	0	0	0	0	0	0	0	0	0	0	0	0	0	0	0	0	0	0	0	0	0	0	0	0	0	0	0	0	0	0	0	0	0	0	48	0	0	0	0	0	0	0	0	0	0	0	0	0	0	0	0	0	48	0	0	0	0	0	0	0	0	0	0	0	0	48	48	0	
0	0	0	0	0	0	0	0	0	0	0	0	0	0	0	0	0	0	0	0	0	0	0	0	0	0	0	48	0	0	0	0	0	0	0	0	0	48	0	0	0	0	0	0	0	0	0	0	0	0	0	0	0	0	0	0	0	0	0	0	0	0	0	0	0	0	0	0	0	0	0	0	0	0	0	0	0	0	0	0	0	0	0	0	0	0	0	0	0	0	0	0	0	0	0	0	0	0	0	0	0	0	0	48	0	0	0	0	0	48	0	0	0	0	0	0	0	0	0	0	
0	0	0	0	0	0	0	0	0	0	0	0	0	0	0	0	0	0	0	0	0	0	0	0	0	0	0	0	0	0	0	0	0	0	0	0	0	0	0	0	0	0	0	0	0	0	0	0	0	0	0	0	0	0	0	0	0	0	48	0	0	0	0	0	0	0	0	0	0	0	0	0	0	0	0	0	0	0	0	0	0	0	0	0	0	0	0	0	0	0	0	0	0	0	0	0	48	48	0	0	48	0	0	0	0	0	0	0	0	0	0	0	0	0	0	0	0	0	0	0	
0	0	0	0	0	0	0	0	0	0	0	0	0	0	0	0	48	0	0	0	0	0	0	0	0	0	0	0	48	0	0	0	0	0	0	0	0	48	0	0	0	0	0	0	0	0	0	0	0	0	0	0	0	0	0	0	48	0	0	0	0	0	0	0	0	0	0	0	0	0	0	0	0	0	0	0	0	0	0	0	0	0	0	0	0	0	0	0	0	0	0	0	0	0	0	0	0	0	0	0	0	0	0	0	0	0	0	0	0	0	0	0	0	0	0	0	0	0	0	0	
0	0	0	0	0	0	0	0	0	0	0	0	0	0	0	48	0	0	0	0	0	0	0	0	0	0	0	0	0	0	0	48	0	48	0	0	0	0	0	0	0	0	0	0	0	0	0	0	0	0	0	0	0	0	0	0	0	0	0	0	0	0	0	0	0	0	48	0	0	0	0	0	0	0	0	0	0	0	0	0	0	0	0	0	0	0	0	0	0	0	0	0	0	0	0	0	0	0	0	0	0	0	0	0	0	0	0	0	0	0	0	0	0	0	0	0	0	0	0	0	
0	0	0	0	0	0	0	0	0	48	0	0	0	0	0	0	0	0	0	0	0	0	0	0	0	48	0	0	0	0	0	0	0	0	0	0	0	0	0	0	0	0	0	0	0	0	0	0	0	0	0	0	0	0	0	0	0	0	0	0	0	0	0	0	0	0	0	0	0	0	0	0	0	0	0	0	0	0	48	0	0	0	0	0	0	0	0	48	0	0	0	0	0	0	0	0	0	0	0	0	0	0	0	0	0	0	0	0	0	0	0	0	0	0	0	0	0	0	0	0	
0	0	0	0	0	0	0	0	0	0	0	0	0	0	0	0	0	0	0	0	0	0	0	0	48	0	0	0	0	0	0	0	0	0	0	0	0	0	0	0	0	0	0	0	0	0	0	0	0	0	0	0	0	0	0	0	0	0	0	0	0	0	0	0	0	0	0	0	0	0	0	0	0	0	0	0	0	0	0	0	0	0	0	0	0	0	0	0	0	0	0	0	0	0	0	0	0	0	0	0	0	0	48	0	48	0	0	0	0	0	48	0	0	0	0	0	0	0	0	0	
0	0	0	0	0	0	0	0	0	0	0	0	0	0	0	0	0	0	0	0	0	0	0	0	0	0	0	0	0	0	0	0	0	0	0	0	0	0	0	0	0	0	48	0	0	0	0	0	0	0	0	0	0	0	0	0	0	0	0	0	0	0	0	0	0	0	0	0	0	48	0	0	0	0	0	0	0	0	0	0	0	0	0	0	0	0	0	0	0	0	0	0	0	0	0	48	0	0	0	0	0	0	0	0	0	0	0	0	0	48	0	0	0	0	0	0	0	0	0	0	
0	0	48	0	0	0	0	0	0	0	0	0	0	0	0	0	0	0	0	0	0	0	0	48	0	0	0	0	0	0	0	0	0	0	0	0	0	0	0	0	0	48	0	0	0	0	0	0	0	0	0	0	48	0	0	0	0	0	0	0	0	0	0	0	0	0	0	0	0	0	0	0	0	0	0	0	0	0	0	0	0	0	0	0	0	0	0	0	0	0	0	0	0	0	0	0	0	0	0	0	0	0	0	0	0	0	0	0	0	0	0	0	0	0	0	0	0	0	0	0	
0	0	0	0	0	0	0	0	0	0	0	0	0	0	0	0	0	0	0	0	0	48	0	0	0	0	0	0	0	0	0	0	0	0	0	0	0	0	0	0	0	0	0	0	0	0	0	48	0	0	0	0	0	0	0	0	0	0	0	0	0	0	0	0	0	0	0	0	0	0	0	0	0	0	0	0	0	0	0	0	0	0	0	0	0	0	0	0	0	0	0	0	0	0	0	48	0	0	0	48	0	0	0	0	0	0	0	0	0	0	0	0	0	0	0	0	0	0	0	0	
0	0	0	48	0	0	0	0	0	0	0	0	0	0	0	0	0	0	0	0	0	0	0	0	0	0	0	0	0	0	0	0	0	0	48	0	0	0	0	0	0	0	0	0	0	0	0	0	0	0	0	0	0	0	0	0	0	0	0	0	0	0	0	0	0	0	0	0	0	0	0	0	0	48	0	0	0	0	0	0	0	0	0	0	0	0	0	0	0	0	0	0	0	0	0	0	0	0	0	0	0	0	48	0	0	0	0	0	0	0	0	0	0	0	0	0	0	0	0	0	
0	0	0	0	0	0	0	48	0	0	0	0	0	0	48	0	0	0	0	0	0	0	0	0	0	0	0	0	0	0	48	0	0	0	0	0	0	0	0	48	0	0	0	0	0	0	0	0	0	0	0	0	0	0	0	0	0	0	0	0	0	0	0	0	0	0	0	0	0	0	0	0	0	0	0	0	0	0	0	0	0	0	0	0	0	0	0	0	0	0	0	0	0	0	0	0	0	0	0	0	0	0	0	0	0	0	0	0	0	0	0	0	0	0	0	0	0	0	0	0	
0	0	0	0	0	0	0	0	0	0	0	48	0	0	0	0	0	0	0	0	0	0	0	0	0	0	0	0	0	0	0	0	0	0	0	0	48	0	0	0	0	0	0	0	0	0	0	0	0	0	0	0	0	0	48	0	0	0	0	0	0	0	0	0	0	0	0	0	0	0	0	0	0	0	0	48	0	0	0	0	0	0	0	0	0	0	0	0	0	0	0	0	0	0	0	0	0	0	0	0	0	0	0	0	0	0	0	0	0	0	0	0	0	0	0	0	0	0	0	0	
0	0	0	0	0	48	0	0	0	0	0	0	0	0	0	0	0	0	0	0	0	0	0	0	0	0	0	0	0	0	0	0	0	0	0	0	0	0	0	0	0	0	0	0	0	0	0	0	0	0	0	0	0	0	0	0	0	0	0	0	0	0	0	0	0	0	0	0	0	0	0	0	0	0	0	48	0	0	0	0	0	0	0	0	0	0	0	48	0	0	0	0	0	0	0	0	0	0	0	0	0	0	48	0	0	0	0	0	0	0	0	0	0	0	0	0	0	0	0	0	
0	0	0	0	0	0	0	0	0	0	0	0	0	0	0	0	0	0	0	0	0	0	0	0	0	0	0	0	0	0	0	0	0	0	0	0	0	0	0	0	0	0	0	0	0	0	0	0	48	0	0	0	0	0	0	0	0	0	0	0	0	0	0	48	0	0	0	0	0	0	0	0	0	0	0	0	0	0	0	0	0	0	0	0	0	0	0	0	0	0	0	0	0	0	0	0	0	0	0	48	0	0	0	48	0	0	0	0	0	0	0	0	0	0	0	0	0	0	0	0	
0	0	0	0	0	0	0	0	0	0	0	0	0	0	0	0	0	0	0	0	0	0	0	0	0	0	0	0	0	0	0	0	0	0	0	0	0	0	0	0	48	0	0	0	0	0	0	0	48	0	0	0	0	0	0	0	0	0	0	0	0	0	0	48	0	0	0	0	0	0	0	0	0	0	0	0	0	0	0	0	0	0	0	0	0	0	0	0	0	0	0	0	0	0	0	0	0	0	0	0	0	0	0	48	0	0	0	0	0	0	0	0	0	0	0	0	0	0	0	0	
48	0	0	0	0	0	0	0	0	0	0	0	0	0	0	0	0	0	0	0	48	0	0	0	0	0	0	0	0	0	0	0	48	0	0	0	0	0	0	0	0	0	0	0	0	0	0	0	0	0	0	0	0	0	0	0	0	0	0	0	0	0	48	0	0	0	0	0	0	0	0	0	0	0	0	0	0	0	0	0	0	0	0	0	0	0	0	0	0	0	0	0	0	0	0	0	0	0	0	0	0	0	0	0	0	0	0	0	0	0	0	0	0	0	0	0	0	0	0	0	
55	10	81	2	79	90	16	25	64	78	107	31	86	75	6	24	78	13	30	42	111	19	112	73	4	80	57	66	115	27	63	27	104	95	69	88	65	26	82	119	35	90	26	28	50	2	34	76	84	15	47	5	38	0	22	51	36	25	5	67	12	22	47	115	42	70	3	103	60	4	101	61	39	70	42	41	64	73	71	104	67	2	9	16	117	46	62	53	45	26	25	101	94	67	97	116	37	117	106	55	113	87	65	100	100	84	19	87	46	114	93	118	58	39	12	101	30	118	86	97	86	36	119	48	49	8	67	38	9	70	1	81	14	107	61	4	35	75	45	55	45	84	92	116	107	76	40	11	48	46	79	78	65	0	21	36	37	23	63	25	118	112	26	67	44	7	67	30	106	3	111	71	94	47	44	116	4	58	62	1	98	7	17	116	29	108	60	81	97	70	51	69	36	82	43	14	11	109	74	56	2	52	67	33	111	67	37	117	39	57	68	89	102	81	117	107	18	81	109	71	23	87	17	66	43	38	30	100	82	36	31	87	93	62	23	87	46	29	62	22	103	59	61	66	73	119	22	87	61	60	58	109	109	91	50	12	88	59	21	102	97	119	31	84	72	80	79	1	81	53	111	34	56	27	35	72	49	12	46	37	116	55	40	81	27	94	66	62	79	115	29	92	88	29	43	28	40	78	92	8	80	111	17	57	104	57	59	47	10	109	11	99	15	100	59	15	0	7	99	91	53	95	100	65	88	93	119	9	10	17	85	45	75	6	40	53	61	44	64	10	25	91	118	30	47	46	107	98	34	28	112	29	73	0	55	35	85	65	64	19	112	66	20	110	59	42	28	21	79	19	114	91	101	15	77	30	109	53	115	60	104	35	34	94	7	98	14	43	28	47	35	17	30	48	102	5	112	24	5	75	8	61	52	73	91	13	8	92	15	60	87	32	118	47	69	43	56	67	0	25	73	37	4	17	102	10	22	77	107	32	92	93	38	50	28	26	2	119	24	66	47	103	30	13	37	90	61	76	102	65	95	65	42	55	92	3	74	26	7	95	6	109	0	81	109	23	76	103	70	69	9	95	30	75	35	46	10	102	48	105	87	19	29	4	10	64	30	21	105	81	8	81	7	75	113	45	106	51	54	53	7	79	35	16	83	3	77	112	115	28	11	77	29	24	103	99	52	26	96	38	6	9	107	12	8	114	92	98	64	0	57	20	9	106	6	1	81	76	17	68	46	100	62	27	75	101	3	18	110	102	100	112	109	107	23	16	35	34	32	112	6	38	61	109	100	94	26	43	48	94	53	24	81	28	58	57	114	52	55	3	90	99	0	3	60	70	91	77	111	11	21	103	86	93	17	78	64	91	47	22	0	10	42	102	109	93	87	57	58	59	116	45	22	72	6	62	21	66	17	83	11	101	10	47	87	117	7	48	45	26	37	43	89	102	64	52	42	0	101	1	52	52	11	23	36	79	84	43	118	31	23	10	9	103	97	56	25	31	6	115	67	81	76	104	91	75	79	115	24	43	61	27	118	77	74	43	42	55	84	65	33	20	71	105	16	99	1	18	35	14	42	2	5	24	10	67	2	68	35	14	74	16	109	49	88	34	104	73	40	76	4	96	94	45	73	16	4	104	98	70	115	52	101	5	103	86	29	51	108	59	79	13	7	87	24	68	110	15	27	90	94	102	101	4	65	119	62	92	44	14	88	67	0	53	91	66	63	92	88	40	25	52	56	85	51	8	78	92	22	4	107	54	28	69	105	87	15	55	48	21	57	24	49	106	109	10	55	6	59	101	115	83	83	76	91	57	30	75	57	89	10	37	118	75	101	79	67	5	21	6	64	71	45	4	22	31	77	52	82	85	103	2	48	23	4	94	52	57	45	2	13	103	46	30	5	107	41	44	73	72	49	82	36	73	72	14	71	64	79	78	59	3	57	105	81	100	59	110	21	34	110	80	101	52	106	81	106	55	83	37	43	97	26	47	26	17	86	53	77	75	55	47	115	81	88	116	73	33	75	119	31	87	57	16	5	115	48	112	115	19	113	8	14	38	80	86	72	42	92	74	102	99	107	91	4	62	49	12	38	23	70	16	79	32	84	10	56	37	62	112	92	117	15	48	59	51	19	15	37	34	53	27	34	18	90	108	47	81	39	78	110	7	14	50	80	97	53	88	119	19	52	74	34	14	17	97	102	57	67	81	48	77	44	57	20	19	44	61	99	5	65	33	63	19	92	74	13	72	17	88	12	118	58	58	31	32	39	61	63	95	93	0	5	104	40	56	37	86	64	31	84	91	65	70	97	56	64	2	13	61	9	35	107	93	42	17	62	35	46	116	50	82	113	45	31	80	2	63	54	6	32	88	78	30	9	59	27	92	66	3	55	38	3	81	37	40	19	32	71	71	55	36	70	47	3	118	91	9	27	55	38	110	13	79	10	105	12	5	21	14	30	35	95	81	39	115	91	70	43	52	28	12	92	72	0	10	31	23	61	38	111	119	60	44	25	85	35	58	57	13	34	84	62	10	40	47	74	101	30	47	107	15	35	41	61	12	36	61	30	115	63	52	8	13	45	20	10	48	53	56	71	15	1	63	113	24	10	79	51	61	63	74	0	61	108	7	91	89	18	38	10	102	65	80	43	12	74	88	10	84	33	40	60	35	74	103	63	105	42	98	111	65	37	8	26	65	89	44	74	95	88	39	93	45	18	38	58	20	109	64	40	8	95	10	44	24	75	21	69	17	99	77	73	107	21	33	0	7	62	115	105	52	57	54	43	9	113	65	118	37	1	27	14	101	2	108	38	91	76	21	16	93	10	0	106	105	7	50	18	67	43	73	39	42	78	47	52	28	107	3	72	50	92	74	84	17	39	88	18	92	22	95	115	59	68	44	2	30	91	118	3	55	21	118	101	36	53	53	85	117	70	32	12	13	83	103	72	101	100	19	69	48	45	119	20	23	49	51	55	34	51	5	114	19	88	110	53	75	59	0	113	76	44	77	95	105	97	1	84	65	64	65	8	37	101	13	118	107	101	1	15	52	22	94	22	65	119	74	56	53	102	90	46	57	74	7	71	33	87	78	47	51	113	60	68	75	75	67	91	119	32	77	105	62	44	119	54	8	20	39	10	13	59	44	95	62	96	51	14	61	45	7	48	33	7	37	106	36	113	22	65	89	94	118	93	97	116	112	94	108	15	19	103	76	25	66	2	86	108	18	15	51	87	12	87	61	83	53	78	4	6	89	78	48	79	25	64	104	104	79	86	116	6	76	14	27	111	26	31	19	111	54	109	23	23	119	35	91	15	101	16	60	88	82	89	71	21	28	105	25	62	9	67	37	58	65	55	40	87	30	81	32	46	7	92	115	8	99	59	9	87	30	54	92	46	12	24	59	2	110	13	108	101	93	77	118	100	82	30	32	103	56	2	53	7	115	6	34	114	40	75	105	30	22	90	9	70	20	48	76	20	115	43	104	78	73	19	74	76	36	1	97	111	63	39	70	33	105	84	119	58	60	21	2	74	28	78	95	81	72	9	83	87	61	89	45	29	81	57	68	114	71	77	40	27	92	82	106	5	105	108	69	41	30	95	113	37	96	95	119	75	15	29	82	85	8	9	8	107	63	64	88	25	101	68	38	41	85	38	88	8	55	95	9	101	71	98	113	60	32	10	21	89	47	35	81	55	17	99	92	101	39	96	75	101	14	95	45	75	86	86	77	102	44	96	25	45	10	0	25	64	99	20	71	43	90	5	102	98	20	71	20	80	41	10	78	42	108	77	20	45	33	103	14	12	94	69	1	58	30	74	54	114	9	37	50	4	65	84	65	38	20	61	107	111	32	2	16	112	79	116	89	8	104	26	40	62	50	105	10	60	56	52	19	59	87	95	110	58	46	41	111	42	49	75	107	54	107	3	115	24	85	112	59	23	66	72	13	34	16	55	8	112	87	2	69	72	72	88	42	105	49	24	109	72	42	118	87	82	2	65	115	117	90	102	65	73	58	76	78	106	49	38	67	26	63	62	7	57	41	114	88	29	35	26	28	16	61	87	102	21	56	82	45	64	3	113	113	19	68	106	68	93	71	89	47	33	11	49	1	47	103	58	10	89	15	75	60	115	8	53	4	94	101	51	13	112	25	34	78	104	46	46	29	70	72	100	67	45	6	25	36	103	101	94	108	105	31	18	107	30	75	67	84	34	18	65	104	61	95	65	73	46	72	114	9	102	55	49	116	47	99	42	97	110	81	99	60	25	115	93	79	97	117	77	78	100	111	44	94	70	41	73	47	55	92	46	33	72	23	55	100	13	97	112	95	76	54	35	14	33	54	88	93	45	54	116	6	2	56	50	0	59	82	66	58	49	119	79	12	14	14	7	22	83	55	24	76	59	15	32	42	26	96	89	72	103	104	63	79	18	27	117	110	96	81	93	28	110	12	46	23	91	100	86	54	73	98	19	11	52	96	85	43	3	90	11	39	74	59	112	59	59	32	87	110	44	45	78	9	4	6	27	75	61	98	54	92	71	119	62	31	99	103	37	16	49	11	65	34	60	60	85	62	83	50	105	60	69	90	9	8	103	53	107	106	10	13	11	55	89	69	73	101	17	114	83	33	75	84	47	90	38	36	92	55	36	29	60	89	101	74	33	110	33	12	48	40	63	2	5	88	18	23	92	31	81	40	117	33	63	97	16	86	96	67	60	113	99	1	54	32	72	64	111	97	89	29	92	70	80	23	21	35	54	82	46	66	41	4	62	7	13	96	63	60	59	23	44	92	119	81	55	34	7	59	97	75	68	69	93	7	0	43	98	80	18	68	29	109	24	112	11	15	65	34	85	25	28	62	106	46	34	83	110	104	116	100	67	115	27	11	2	56	16	0	100	47	116	5	105	115	97	10	75	84	30	80	33	50	24	101	23	112	90	66	92	59	1	30	20	61	52	31	100	109	26	37	16	98	108	12	30	108	52	52	107	105	74	86	45	58	93	108	77	115	14	30	80	87	99	3	17	47	107	51	96	35	108	55	107	34	70	30	45	29	1	105	63	60	66	83	92	92	73	51	111	21	13	57	3	88	67	46	8	86	48	10	74	8	17	119	65	31	35	97	37	61	47	92	31	2	2	54	102	73	9	56	64	50	49	24	61	69	10	96	110	11	84	97	12	21	14	58	71	106	19	2	71	56	71	99	62	103	29	25	89	77	11	69	107	88	97	36	85	47	38	24	69	22	82	2	9	64	26	68	111	33	117	37	49	65	102	90	96	2	68	55	34	72	59	111	6	8	73	98	28	11	80	65	45	66	66	86	29	11	1	73	105	112	107	73	68	65	66	89	32	63	14	83	14	116	89	56	67	67	73	40	8	7	71	80	33	74	70	27	38	118	75	52	45	114	2	32	86	107	111	90	98	77	118	100	88	80	11	81	40	43	74	94	94	19	92	95	57	41	63	88	72	69	10	43	44	39	46	67	60	31	6	60	55	90	85	0	22	24	63	98	88	89	3	81	32	1	40	117	22	53	15	81	110	112	38	88	105	1	53	87	104	59	92	17	35	65	59	41	81	91	20	44	16	83	23	60	32	9	31	105	98	14	14	75	42	99	68	20	68	52	98	11	26	70	64	22	69	116	72	14	37	63	90	80	116	42	5	97	118	47	107	6	1	9	112	18	50	86	19	13	79	119	9	32	94	7	33	11	16	78	109	75	6	98	39	83	60	112	63	35	46	21	28	52	32	25	115	75	77	76	77	37	114	40	38	0	62	36	67	104	12	4	46	71	26	112	55	116	35	1	12	39	102	21	80	111	3	97	54	64	69	71	49	46	78	76	18	68	76	78	14	87	102	77	13	22	43	57	3	101	83	75	27	58	18	28	84	102	42	92	111	2	21	100	76	108	96	68	81	72	23	76	54	112	27	7	101	36	59	60	32	48	7	24	108	6	73	45	4	40	72	93	45	32	103	83	59	32	65	11	11	83	100	38	94	30	107	116	70	112	118	98	43	62	4	39	14	18	86	93	89	88	79	12	36	78	56	74	43	77	4	79	69	64	43	74	15	66	83	36	42	77	102	49	91	86	106	54	44	37	68	42	111	34	112	72	81	104	110	115	73	82	84	55	34	65	14	116	106	104	2	90	25	30	92	46	93	23	115	50	91	37	71	77	117	61	45	5	95	62	10	65	13	35	50	48	45	41	49	104	22	106	65	31	11	2	102	60	15	97	105	62	51	36	4	44	55	98	26	117	57	29	119	39	102	78	110	21	78	95	33	38	62	73	1	35	58	84	57	51	94	31	50	31	111	26	4	27	27	80	6	39	44	68	35	118	55	25	110	97	13	72	94	63	92	110	24	109	45	27	51	11	4	28	39	38	111	53	62	116	57	49	60	80	65	48	7	65	65	118	109	67	101	79	68	71	100	97	12	4	45	40	98	36	40	25	63	76	95	100	106	44	18	97	56	92	119	84	55	38	17	34	69	114	106	26	89	36	117	15	17	21	100	101	27	113	42	79	35	73	115	115	91	110	89	102	34	15	60	19	81	62	99	1	73	5	81	92	119	15	53	108	10	90	43	79	66	65	99	88	79	44	70	9	41	14	34	26	50	48	67	108	112	39	32	26	5	51	119	24	24	17	49	115	28	107	47	53	31	29	8	94	34	109	37	92	37	99	6	8	81	3	117	75	95	34	36	58	105	98	62	7	116	97	90	15	84	58	21	118	94	79	25	24	93	72	14	19	12	59	46	25	3	119	45	119	82	87	111	89	60	14	109	31	15	119	45	23	41	8	0	88	86	19	62	80	24	32	62	64	74	94	12	71	76	21	67	94	62	83	34	24	63	115	108	118	45	61	34	27	45	93	60	99	105	30	43	101	56	91	101	5	66	62	40	4	77	41	9	16	110	80	89	16	69	64	17	90	25	110	47	25	114	107	82	24	61	65	19	48	21	78	86	77	32	105	40	68	5	109	33	1	14	72	104	81	6	56	60	41	88	61	77	40	17	76	105	109	99	61	64	50	59	115	45	28	46	37	50	62	20	94	45	94	56	21	88	62	58	77	5	110	76	103	11	60	67	88	7	94	100	9	100	54	110	21	55	79	80	48	48	49	103	8	63	109	85	62	64	20	57	28	40	14	41	81	71	106	41	47	39	107	43	2	102	111	71	38	113	15	60	70	111	107	66	96	99	76	33	75	46	97	58	14	52	107	88	83	74	56	34	45	54	9	15	65	62	6	95	96	21	64	41	8	44	29	45	23	113	20	116	10	81	59	27	26	47	90	98	1	114	6	11	92	32	34	50	26	27	48	91	48	95	33	91	92	100	42	30	15	33	41	36	47	62	9	52	15	39	44	110	110	11	101	36	18	18	9	106	94	115	6	91	109	79	54	95	101	105	63	64	74	14	66	108	66	18	83	5	62	87	58	73	84	118	40	91	95	98	62	56	27	24	87	5	73	95	43	60	105	105	111	24	10	104	1	4	72	17	13	39	58	14	90	18	27	116	86	52	95	18	6	103	78	47	118	78	57	62	54	76	111	73	14	113	12	119	59	103	2	115	110	83	83	37	99	98	79	90	24	85	89	40	53	50	17	1	33	2	67	106	72	22	30	99	47	35	7	46	69	74	105	41	30	29	0	82	7	35	24	90	5	17	71	51	70	77	87	57	12	89	40	50	51	104	48	16	15	79	93	79	86	73	108	73	64	73	93	89	48	101	78	9	12	117	28	51	2	68	41	106	13	42	30	79	104	71	28	55	71	24	13	16	99	105	38	96	113	71	76	62	69	36	33	26	64	23	5	87	119	66	4	51	119	8	84	3	40	72	62	17	81	23	2	53	94	119	56	51	20	58	17	111	26	25	0	0	86	115	52	26	4	43	52	108	91	75	60	110	67	19	23	67	23	58	76	93	50	57	103	58	70	54	74	90	115	88	35	60	41	71	15	80	83	89	64	74	113	79	119	91	87	38	35	107	57	1	69	40	12	79	46	68	112	51	58	45	13	24	24	2	108	96	34	43	74	25	69	114	88	109	12	112	79	115	79	34	7	53	119	35	32	116	90	103	91	50	44	101	108	36	96	109	24	41	66	19	70	84	42	32	76	119	54	108	93	43	24	106	89	109	82	2	119	94	22	2	3	98	68	110	83	60	79	60	116	26	94	86	65	71	111	63	97	114	81	87	15	41	74	41	4	4	102	71	4	21	72	57	80	88	5	115	38	66	76	1	50	65	42	107	113	73	3	10	54	63	34	93	72	63	103	38	29	73	24	77	66	104	86	73	101	45	79	107	105	48	66	85	36	109	65	52	26	32	66	103	77	23	40	20	60	3	77	15	113	19	115	5	35	44	74	102	115	0	26	82	75	119	29	87	2	91	69	110	65	14	71	20	25	62	87	61	118	112	68	7	92	7	57	30	14	68	22	116	115	38	47	7	79	75	72	24	75	88	101	101	108	27	70	67	67	92	47	93	58	4	21	23	21	32	115	65	77	42	106	41	55	81	24	54	21	43	48	3	71	12	99	90	25	108	82	109	91	48	84	8	69	45	47	96	114	53	66	35	22	15	68	36	10	71	38	76	64	111	27	41	37	88	55	119	117	59	9	103	74	119	46	3	55	45	45	38	10	11	94	87	21	87	7	56	32	72	36	56	96	115	102	22	104	34	3	31	92	111	115	101	10	65	77	12	9	13	73	63	18	11	19	72	63	81	48	21	111	62	15	86	59	100	108	115	42	96	34	19	116	70	87	18	89	81	55	49	66	95	2	118	99	34	3	108	102	19	98	22	88	51	112	119	3	102	110	58	26	112	15	60	81	104	57	25	110	67	113	104	59	47	119	3	96	106	80	34	115	48	4	67	9	65	65	41	104	14	50	93	81	103	24	11	47	6	71	52	81	95	63	114	49	1	97	81	115	100	39	60	26	38	68	102	19	107	58	38	104	25	22	15	21	101	13	18	76	13	117	76	34	82	81	111	36	87	62	111	115	50	84	45	68	101	91	42	100	50	93	93	74	25	74	40	96	38	100	4	95	119	3	100	100	35	47	12	103	12	72	20	82	17	113	35	116	48	71	11	100	13	63	85	47	75	24	13	58	117	48	104	25	64	74	116	58	63	110	17	79	59	67	107	78	72	37	107	98	66	77	8	69	2	68	89	49	70	37	24	113	14	76	115	115	109	68	114	87	97	46	9	27	36	68	111	85	94	101	60	22	0	33	52	45	47	103	67	48	56	34	21	50	34	88	80	15	69	57	19	64	73	45	113	69	49	119	58	104	100	111	104	9	115	107	28	29	41	52	52	46	119	99	83	6	92	87	76	30	37	63	18	65	92	83	53	92	112	11	58	53	66	101	65	82	68	8	98	44	59	61	33	72	22	81	29	94	27	19	64	82	51	4	106	3	91	74	40	23	68	52	29	23	16	34	84	114	92	2	74	30	14	115	84	46	79	70	56	15	17	35	114	19	118	39	70	73	112	54	100	103	63	105	88	78	46	42	70	11	96	7	65	119	78	42	31	7	100	4	24	86	20	101	67	80	7	90	79	17	42	20	31	108	59	14	119	88	65	98	74	15	70	69	31	40	33	26	98	72	22	91	117	44	93	96	113	59	90	93	72	7	98	41	106	25	23	22	11	36	23	31	8	30	4	29	66	36	94	61	87	117	61	35	64	3	110	9	71	9	60	24	37	54	52	17	50	114	72	106	91	19	18	86	47	36	15	3	68	113	61	54	72	7	41	25	26	20	44	51	83	90	76	108	74	55	63	83	15	104	81	2	77	2	65	78	79	56	55	74	25	95	93	114	81	28	105	42	66	30	98	25	63	15	90	102	1	13	101	44	96	22	19	103	79	2	95	13	61	101	82	7	102	4	36	38	56	16	86	28	17	54	106	115	5	59	8	52	118	82	84	16	105	83	119	119	42	7	98	19	25	15	62	44	55	12	58	72	20	63	99	96	67	8	82	72	46	89	44	79	110	4	64	47	2	113	32	48	73	40	12	109	30	66	16	1	98	102	118	68	59	21	101	97	50	83	3	26	32	10	103	82	40	117	98	49	68	11	109	97	61	13	61	33	40	86	89	88	88	68	72	32	39	37	77	119	103	35	48	22	42	50	10	53	29	118	25	46	65	107	83	70	87	106	59	57	62	4	54	117	29	0	54	78	68	71	109	67	4	0	47	29	35	96	25	110	69	62	81	78	77	39	90	85	79	102	8	26	80	29	44	35	11	99	73	3	32	49	14	92	29	37	4	69	103	57	75	18	104	107	1	91	71	101	13	77	90	39	60	18	14	23	37	115	108	6	29	119	109	66	0	1	8	4	115	77	117	25	81	77	56	116	2	75	8	90	58	56	21	82	84	83	28	7	79	89	3	63	15	3	98	77	58	119	82	38	79	107	96	77	80	103	115	91	107	58	98	62	119	63	10	27	51	102	94	116	12	23	52	69	77	48	84	34	52	53	1	97	37	104	112	45	27	90	34	5	45	80	99	0	31	59	13	95	73	19	0	58	57	87	45	27	17	52	11	12	88	74	27	29	117	28	46	67	86	117	32	101	18	61	113	66	3	62	68	51	27	53	21	56	74	41	108	2	41	64	87	5	82	110	10	78	106	47	66	47	58	11	12	0	48	119	90	2	96	10	30	38	12	17	100	57	58	102	42	72	54	76	57	31	59	108	103	41	86	73	64	108	21	26	28	2	93	63	51	30	118	27	35	40	29	97	33	84	13	115	35	2	39	31	16	82	103	93	78	31	99	37	61	4	80	99	49	115	31	29	6	3	79	36	50	64	69	38	95	73	109	40	88	66	27	81	54	82	67	1	25	48	35	13	9	72	92	102	94	57	55	37	29	23	40	116	47	107	59	84	54	98	3	52	9	96	92	94	67	67	81	107	117	64	16	48	33	87	45	82	62	80	68	93	38	98	110	72	10	92	118	99	5	69	16	4	75	72	64	98	27	69	51	40	25	88	26	59	25	54	42	40	7	1	38	52	8	102	92	110	46	10	78	119	116	25	16	68	55	74	70	51	17	28	90	115	19	29	80	102	98	64	68	102	92	75	112	108	6	116	8	112	53	62	86	107	105	94	15	75	96	73	99	80	117	56	65	103	23	37	60	83	110	49	82	15	112	119	29	7	83	26	53	75	52	55	111	28	54	19	56	3	56	51	46	67	67	16	81	28	81	19	42	8	32	71	16	63	95	44	22	77	72	22	2	59	97	20	61	7	119	76	74	38	10	108	30	94	23	6	25	84	23	31	50	107	16	40	104	45	119	66	73	58	37	77	108	66	35	9	45	24	36	60	16	33	95	32	60	79	39	71	27	109	96	35	19	48	94	41	13	44	118	47	18	15	106	97	103	47	85	40	46	74	47	93	106	117	13	103	30	111	70	36	8	110	115	64	10	111	97	111	69	40	19	21	80	112	109	118	7	87	36	90	44	119	46	103	77	64	82	43	71	6	12	26	98	16	44	38	117	3	67	70	12	48	29	20	43	61	48	5	76	75	28	21	64	119	87	9	8	25	27	73	82	88	2	70	52	47	108	108	79	21	9	71	19	118	58	18	64	53	109	30	54	46	92	107	43	30	112	11	42	45	3	107	92	22	80	116	95	37	13	48	96	7	29	63	58	17	16	54	20	113	52	3	90	81	41	93	93	22	39	88	109	108	80	27	62	81	67	58	42	4	33	15	69	73	9	75	91	113	65	119	2	65	116	21	73	85	54	36	60	53	29	117	66	14	95	85	35	14	51	30	62	58	72	116	109	113	30	16	39	14	4	62	46	51	7	31	11	88	69	3	17	70	24	77	119	95	108	38	97	93	61	33	40	76	46	25	59	118	84	113	97	26	119	108	5	6	18	103	32	88	80	103	72	118	3	76	31	8	39	29	75	58	93	41	102	15	116	31	30	54	49	65	91	43	63	45	38	27	92	111	43	81	47	119	73	95	60	60	15	3	79	4	11	71	80	21	89	66	83	114	30	51	73	36	33	65	44	62	4	50	81	74	56	60	28	93	2	72	108	110	98	118	115	74	102	113	95	14	51	1	114	44	88	119	6	53	42	34	107	107	37	30	115	102	48	96	68	63	93	21	57	94	83	97	2	70	79	50	51	50	54	63	91	102	50	112	64	32	6	76	111	112	38	37	61	102	2	3	88	106	99	97	32	54	26	71	54	74	24	94	59	41	20	79	57	75	95	80	117	44	36	113	5	55	73	38	76	110	5	23	64	49	111	102	16	38	54	94	39	47	42	4	2	113	15	79	39	6	13	21	76	74	91	16	77	59	17	5	76	58	73	89	41	102	114	14	105	92	78	19	81	15	68	19	103	78	45	11	117	83	75	109	45	39	63	65	46	51	53	90	69	24	28	46	77	13	77	57	24	108	55	15	55	6	54	70	118	73	69	115	8	9	49	31	17	34	27	45	110	36	66	8	37	79	97	102	36	119	26	104	7	87	19	91	65	98	32	49	38	59	71	88	62	89	33	119	76	1	100	23	67	111	106	85	24	106	68	26	80	14	18	46	16	57	11	70	29	53	116	102	88	34	102	26	78	15	84	74	119	8	72	99	13	75	91	53	51	50	101	53	90	4	70	91	21	23	103	28	100	20	113	23	104	7	54	68	43	72	12	73	50	63	17	93	72	82	54	73	81	83	46	33	80	8	31	110	69	16	108	61	87	76	24	32	72	92	99	85	73	37	39	105	22	104	17	57	58	72	115	17	45	116	50	73	63	82	94	118	15	36	39	51	41	91	105	1	95	84	42	53	14	23	77	103	116	13	5	61	77	27	62	18	45	45	16	43	29	96	66	52	83	45	62	84	84	73	45	45	26	91	13	21	20	94	66	13	20	106	5	92	3	51	51	28	66	72	103	65	106	24	8	74	61	91	29	69	1	13	49	78	45	79	42	92	95	62	74	2	77	50	97	114	40	7	100	84	24	55	44	74	101	86	114	17	72	37	82	105	3	8	112	79	60	69	50	99	20	73	53	7	25	81	49	24	93	0	61	19	11	98	69	82	35	91	91	87	118	94	84	9	19	22	103	33	6	30	20	91	61	84	105	53	6	107	99	3	119	107	104	85	90	4	12	115	35	6	41	61	37	15	19	26	41	62	21	54	9	29	37	53	53	112	9	14	68	41	55	51	83	36	105	62	100	3	84	96	56	30	117	12	92	77	15	81	25	70	102	60	113	56	54	110	1	0	105	8	63	80	50	77	40	40	16	109	81	78	25	61	7	13	12	7	75	100	96	20	118	90	35	103	74	34	63	75	26	88	16	36	80	88	14	15	87	66	6	61	39	47	78	92	101	108	11	53	17	91	109	4	98	8	80	31	102	31	29	87	114	10	19	41	45	72	116	3	104	109	109	37	112	43	39	27	7	24	119	91	57	13	74	97	81	38	109	22	43	89	56	104	45	10	6	39	13	34	41	21	107	44	6	0	108	114	5	91	20	100	89	80	55	2	54	48	10	60	5	108	66	32	3	37	98	100	117	76	32	1	80	48	9	108	50	81	27	7	28	43	101	29	31	24	80	39	25	19	36	33	116	12	50	71	12	2	18	36	65	69	94	70	110	91	45	82	10	28	36	55	26	44	57	17	48	111	100	21	35	20	97	1	5	39	101	58	35	26	19	88	87	88	27	37	28	48	99	2	88	49	21	97	96	31	111	15	79	17	33	107	86	91	14	3	60	12	103	30	22	64	93	78	84	35	4	116	28	101	35	48	46	60	22	55	26	14	113	42	63	68	94	60	3	89	24	14	28	37	23	1	88	47	9	87	65	96	74	114	73	29	57	22	47	66	102	36	35	53	104	72	82	23	34	21	117	50	112	0	41	102	48	109	112	73	95	104	9	77	58	103	14	115	95	73	89	95	25	78	31	68	31	88	14	116	83	76	21	63	3	116	25	59	67	11	37	22	51	13	14	81	45	14	7	76	69	27	5	108	64	76	79	71	39	78	48	16	104	84	80	22	53	46	2	44	100	23	35	95	0	55	98	81	89	70	63	39	63	21	8	67	21	71	51	93	116	72	115	60	42	111	59	20	33	12	15	47	118	29	119	30	40	78	32	52	92	108	20	43	5	17	111	65	31	23	23	16	16	65	53	72	110	100	58	59	55	104	81	54	31	111	101	96	40	59	117	60	3	76	100	34	28	42	7	83	72	83	108	38	52	43	118	34	30	87	87	39	12	33	92	52	102	26	78	57	115	28	10	78	49	0	22	38	6	82	31	9	50	36	33	65	100	8	119	8	90	107	45	14	47	54	38	39	79	75	118	45	106	85	104	75	97	103	73	92	37	103	13	64	99	109	70	115	100	13	85	42	70	106	75	39	93	107	79	100	46	10	16	89	47	68	55	102	109	71	95	10	75	62	97	8	34	22	78	42	4	15	84	75	84	75	68	35	113	7	48	65	53	94	56	22	115	22	27	44	33	96	18	86	19	94	41	44	99	48	42	93	84	85	28	67	73	6	67	42	60	65	46	46	89	113	53	6	19	28	68	58	62	5	89	60	
110	101	88	62	57	28	109	111	99	96	72	109	12	0	91	41	21	111	110	35	62	46	59	29	82	20	82	1	113	12	101	14	5	15	68	78	61	44	74	89	99	54	29	42	32	78	41	64	62	67	44	61	20	104	82	2	53	5	50	16	1	68	117	56	8	117	94	42	69	41	75	24	48	98	96	3	58	48	108	20	84	60	72	20	39	47	118	92	109	27	39	36	69	33	107	79	113	96	4	52	67	51	66	117	82	18	79	82	73	79	4	22	96	114	1	0	111	20	111	35	1	6	97	54	70	66	117	66	95	88	95	58	69	106	110	102	73	88	51	22	93	67	9	20	104	28	22	97	12	53	118	30	99	86	56	20	12	81	109	107	74	14	71	54	69	6	15	68	37	98	69	15	117	52	83	0	109	68	81	39	86	60	81	55	41	59	99	39	23	108	10	49	42	24	108	110	73	7	84	111	78	82	83	53	19	74	42	48	103	25	113	34	109	71	73	85	69	85	36	79	88	61	11	108	7	31	18	102	11	115	78	118	11	56	6	47	110	45	23	31	33	88	119	11	48	20	105	47	17	87	52	41	1	38	36	21	85	46	39	16	74	61	65	0	60	22	38	101	94	98	73	63	34	51	91	112	105	6	99	94	95	16	45	14	91	55	79	21	96	70	117	111	100	92	29	97	44	61	115	26	5	118	36	13	20	108	30	87	86	116	109	22	48	76	38	23	102	79	111	63	95	76	20	66	118	111	59	38	73	117	40	79	5	107	49	11	71	62	97	39	84	68	0	15	9	56	24	65	3	113	16	114	118	99	69	38	65	27	18	3	79	78	79	61	62	49	110	99	3	17	62	23	67	84	3	105	59	44	92	28	35	14	62	98	22	100	83	13	61	0	59	78	64	35	16	86	24	117	108	110	110	15	46	112	20	52	48	107	2	91	26	42	82	85	103	85	76	44	102	92	49	113	89	50	18	28	105	63	49	47	95	12	49	100	35	50	46	27	104	0	2	115	58	5	66	40	95	109	99	15	59	102	82	30	60	77	4	25	39	74	108	23	78	19	56	21	2	45	94	113	60	42	15	5	70	51	4	57	105	96	38	94	53	12	30	62	107	117	93	104	53	111	68	7	19	65	12	83	14	69	102	29	32	28	58	110	90	118	83	40	20	117	89	66	31	2	28	79	69	101	55	56	15	112	33	100	109	4	84	93	72	2	50	69	18	2	42	108	59	86	78	99	4	38	96	28	47	85	103	70	101	82	37	44	46	94	59	6	75	100	74	21	38	99	83	67	8	117	7	63	80	115	23	84	50	13	108	58	76	53	55	2	74	83	96	38	2	74	66	53	39	17	29	58	18	18	25	101	107	13	17	55	27	84	100	58	20	48	53	117	6	18	59	67	91	114	41	108	115	74	102	65	112	115	116	36	2	13	37	12	67	66	112	36	3	19	111	108	27	41	83	38	45	20	37	105	18	86	30	88	10	96	95	11	30	58	17	35	96	110	53	105	112	69	100	94	111	55	94	60	56	6	22	19	65	67	36	68	85	119	112	56	29	58	93	89	17	110	79	44	37	97	29	26	99	30	98	55	36	79	24	69	81	30	13	58	47	96	36	38	17	41	71	54	67	101	77	69	29	11	19	92	97	50	53	93	66	105	72	53	112	2	4	67	105	29	74	74	105	38	79	97	59	9	52	112	110	67	1	92	48	41	98	34	60	39	6	88	33	89	43	25	27	37	86	9	19	30	118	55	81	103	69	68	7	18	5	38	14	42	77	68	74	108	56	58	56	5	48	92	96	62	21	11	70	101	42	34	56	64	1	38	60	16	21	94	69	82	65	96	114	10	111	84	70	113	26	61	38	95	94	0	9	25	40	56	98	75	80	98	86	67	47	63	38	40	11	32	66	35	36	19	59	65	43	68	101	16	7	21	10	85	21	89	2	76	58	47	85	110	20	100	56	12	113	78	97	103	76	55	36	61	66	97	71	72	43	57	108	86	15	38	18	1	4	48	62	32	84	6	93	77	24	71	6	48	21	28	74	101	71	111	43	96	36	82	119	91	113	90	86	109	102	14	99	105	85	80	25	112	13	75	112	45	90	3	119	46	97	18	44	45	1	96	119	72	28	67	40	28	39	82	27	5	32	33	17	84	91	30	76	116	46	38	6	38	38	75	47	52	88	72	92	28	105	39	57	78	85	116	53	84	102	72	56	98	52	49	20	84	89	11	58	23	113	2	96	54	84	108	47	106	91	119	44	107	87	89	61	18	102	109	53	61	53	11	62	113	23	60	22	58	20	43	22	47	7	89	22	39	24	13	14	37	80	101	17	66	87	3	63	38	17	7	99	53	1	107	52	69	117	97	116	35	73	32	10	91	73	107	116	90	8	52	41	104	34	117	95	100	36	33	111	116	106	43	29	102	33	105	62	62	85	72	63	10	87	83	61	15	112	102	55	63	98	81	111	67	116	112	109	19	17	23	20	77	43	24	58	109	66	28	12	39	2	52	30	119	12	87	13	47	0	64	20	22	69	7	29	30	86	64	58	8	27	104	73	98	42	28	49	40	36	83	83	17	101	9	83	7	45	53	63	111	51	99	17	17	82	62	54	105	76	43	39	40	69	72	26	100	78	67	4	108	99	102	53	13	27	17	5	70	9	75	39	35	30	100	61	43	115	54	56	47	19	17	92	42	1	108	55	48	46	73	80	101	69	3	4	28	0	60	91	116	5	113	73	110	73	108	42	49	23	85	113	31	36	91	34	72	19	114	11	109	79	33	103	33	101	119	8	99	18	83	46	107	83	20	24	116	38	28	114	42	90	0	64	115	116	89	92	92	68	28	55	119	112	44	92	28	86	0	74	33	110	49	70	95	19	14	103	63	118	68	107	3	94	82	109	63	44	22	109	95	56	75	101	29	92	77	26	16	51	101	85	87	16	48	1	96	17	27	56	54	67	47	13	86	6	38	22	117	63	76	106	114	98	66	117	11	56	87	14	100	33	101	76	31	110	54	57	36	71	61	69	31	81	49	23	80	11	81	59	27	64	63	79	26	48	92	97	73	7	28	71	40	79	32	34	96	32	90	99	11	51	57	95	90	21	3	117	97	100	88	28	55	114	61	82	117	6	80	44	6	53	15	38	45	27	31	8	67	108	36	59	55	46	25	101	34	40	29	105	22	119	98	30	10	31	112	27	54	46	17	111	86	86	40	85	56	13	69	70	30	11	85	119	61	22	105	37	17	9	103	107	11	27	110	113	67	47	25	37	113	23	42	97	83	76	119	20	11	28	106	19	38	22	2	75	16	84	59	64	3	10	45	102	113	8	114	109	31	71	101	38	78	26	66	15	41	76	31	4	75	113	25	9	23	66	12	17	5	1	19	61	41	105	30	64	19	115	115	111	90	118	70	114	7	54	54	98	51	41	28	6	9	34	81	23	74	49	29	5	38	45	38	34	41	74	96	42	7	71	105	28	5	56	14	57	90	34	93	31	79	111	29	113	11	70	52	53	0	65	39	60	31	56	42	71	20	61	3	88	115	44	20	67	67	44	51	42	15	80	24	67	80	117	78	61	101	24	99	101	79	75	55	92	74	119	32	70	77	41	14	27	26	58	114	43	108	46	29	112	46	82	8	72	59	3	87	30	50	50	14	38	14	48	58	73	86	88	98	95	59	4	17	118	117	26	24	66	21	91	68	7	79	43	14	72	4	90	107	14	51	54	19	73	31	30	85	97	44	61	100	84	103	106	36	63	113	67	40	45	57	21	111	110	2	42	111	97	7	76	25	64	70	108	104	48	54	49	30	82	60	73	46	19	87	93	8	17	9	28	6	4	102	50	80	22	116	98	97	81	78	72	21	9	24	50	90	35	52	29	86	90	73	85	93	32	82	48	71	16	37	9	48	9	45	109	65	91	113	5	17	66	27	23	110	38	75	38	5	103	96	44	84	38	96	101	36	17	6	71	45	52	107	66	50	92	85	100	19	70	3	63	61	62	43	71	84	29	92	12	108	42	15	22	111	61	30	25	10	67	6	57	24	57	60	26	96	84	55	83	94	74	9	6	111	13	2	26	79	21	103	68	21	25	56	41	72	43	55	70	65	70	99	44	112	10	83	29	19	112	71	60	71	25	9	48	77	102	40	78	90	5	44	42	91	61	106	91	116	71	85	36	63	75	0	58	42	47	64	31	20	112	9	86	112	75	92	7	31	44	48	48	95	20	116	43	119	31	2	38	58	104	47	76	1	83	55	115	58	54	64	92	10	6	90	51	17	59	75	5	118	34	46	64	84	25	69	16	53	32	56	43	67	13	98	32	106	25	33	21	73	32	17	11	7	38	26	13	74	117	116	89	41	42	64	32	25	76	49	11	108	91	45	97	41	102	100	46	103	104	73	25	0	57	57	12	52	115	44	35	65	100	101	28	9	84	6	17	86	117	82	33	33	107	65	34	0	91	116	47	46	39	23	19	46	48	45	103	54	65	22	30	101	51	99	115	87	5	54	76	71	96	73	75	94	61	62	10	107	75	47	48	55	15	76	56	103	110	21	25	6	104	115	49	9	56	115	31	19	91	67	70	111	23	102	37	35	62	10	29	95	45	49	40	1	80	38	29	118	74	100	118	3	16	100	64	32	68	46	95	94	119	37	57	2	36	94	30	25	96	101	23	34	11	28	29	59	28	54	88	105	79	93	20	32	14	72	80	16	62	41	62	98	42	27	84	59	58	99	34	34	59	43	11	48	111	42	9	59	64	112	104	27	56	119	107	97	98	70	97	107	74	80	39	86	0	93	63	53	119	115	68	28	114	12	97	49	54	101	90	19	14	92	95	36	85	71	83	96	5	45	86	103	56	22	31	2	51	22	66	8	60	59	101	46	23	90	38	79	42	79	0	73	1	62	22	72	87	77	56	59	49	106	106	105	78	38	91	45	20	54	38	90	104	103	6	114	117	27	17	39	51	103	41	26	106	10	61	29	118	103	7	74	78	35	66	86	21	86	45	61	118	86	17	107	44	9	47	11	103	46	117	94	13	106	9	112	49	81	88	58	1	75	68	18	46	63	19	33	82	110	83	108	47	93	115	2	47	80	86	2	110	90	39	55	98	38	10	52	41	72	19	51	3	16	3	20	87	114	59	101	101	73	42	119	81	15	69	96	58	31	3	40	109	115	116	60	46	16	111	60	89	79	74	95	26	32	47	42	34	49	49	13	63	37	22	11	61	57	26	21	82	82	31	107	63	11	105	15	6	40	28	74	31	47	82	112	23	105	109	0	105	37	93	21	14	78	70	28	34	119	6	99	92	76	38	73	10	69	16	30	59	43	72	84	99	93	74	38	88	46	17	97	68	92	51	108	87	89	60	3	115	80	6	5	87	117	76	49	59	0	27	92	48	60	38	66	59	2	26	33	54	18	100	89	76	106	70	25	34	93	63	47	85	20	105	20	99	119	106	33	47	93	34	39	101	107	17	17	10	109	118	84	99	86	34	73	91	95	37	27	77	31	116	97	70	66	74	32	113	99	91	37	14	83	48	92	51	75	93	9	47	70	86	5	29	99	91	101	56	99	103	65	15	3	83	81	21	7	23	11	8	94	90	32	37	111	67	6	39	99	96	102	114	84	83	107	15	40	16	66	113	95	62	103	8	86	28	92	73	60	70	29	39	49	95	95	48	116	24	35	45	15	28	89	27	50	57	96	30	108	11	12	81	51	38	98	84	101	82	96	105	93	20	84	53	91	20	115	60	80	116	69	71	14	83	7	115	82	113	27	44	66	108	115	1	62	10	42	59	21	100	109	89	0	26	58	29	95	101	102	27	19	61	95	45	42	74	70	82	61	101	103	32	86	91	26	21	88	38	98	32	93	109	84	15	27	107	39	66	22	52	38	57	100	14	2	85	93	89	68	81	22	79	110	78	39	25	86	89	110	38	4	12	53	44	76	118	97	29	87	18	19	102	65	74	13	108	52	18	70	63	62	63	54	44	27	67	105	98	27	26	71	44	88	55	45	3	72	103	39	119	7	12	0	33	13	4	105	44	62	77	12	36	26	59	22	113	15	32	65	69	92	66	16	0	97	114	62	62	51	95	119	84	78	45	89	48	49	3	60	51	105	102	78	52	61	3	93	99	96	85	35	118	70	1	81	116	54	105	85	24	34	110	21	12	112	15	0	119	100	57	96	23	61	15	72	96	55	85	49	63	24	59	2	8	73	17	107	116	106	76	38	103	56	78	50	21	75	9	82	73	101	24	93	13	48	65	45	110	0	32	81	67	10	24	9	111	13	95	55	7	84	68	33	37	74	31	16	54	40	40	7	1	46	17	47	21	103	91	54	13	72	20	95	113	83	75	61	66	69	35	97	51	114	73	81	74	47	93	115	73	90	74	60	117	64	2	2	34	18	52	30	32	117	39	37	19	105	31	72	115	58	14	72	71	43	3	108	58	84	19	7	13	113	95	107	91	66	39	13	51	35	60	75	5	110	92	33	64	30	32	3	111	45	10	22	44	89	107	60	14	89	32	16	79	104	78	82	107	80	5	109	95	104	110	24	9	63	115	95	91	58	69	107	18	36	40	66	10	17	118	44	65	103	37	70	69	89	48	53	60	79	47	84	10	30	17	112	105	28	97	56	112	112	19	100	76	102	95	112	95	49	29	113	37	30	32	7	85	114	8	29	14	69	94	5	78	106	51	112	71	34	97	29	39	77	73	54	105	57	54	26	29	45	33	101	112	44	38	78	26	109	107	57	119	102	93	95	81	21	0	86	32	66	105	27	103	95	58	6	84	15	40	13	57	8	110	23	84	24	74	12	59	8	119	83	19	94	47	4	83	38	82	2	25	40	50	38	99	64	105	42	71	68	3	24	106	43	95	19	109	57	30	42	36	16	5	20	64	4	79	100	88	25	107	55	3	2	36	26	12	27	32	53	93	6	90	46	119	89	4	12	76	99	65	69	31	14	71	105	3	71	5	50	24	64	21	43	40	81	6	6	95	19	30	90	14	98	71	11	3	72	68	74	107	75	97	27	28	114	62	10	118	119	26	88	83	1	69	78	82	71	97	52	44	71	89	94	25	55	10	103	114	7	11	98	109	87	18	69	103	28	61	19	28	80	55	53	65	43	31	58	68	50	16	55	9	39	38	35	113	56	7	104	18	18	3	113	24	98	0	112	41	46	17	93	60	39	67	63	13	7	14	12	58	71	61	82	101	56	103	9	13	15	43	41	110	38	66	104	33	56	7	62	102	52	25	82	69	108	83	45	118	50	43	28	48	83	61	95	33	67	35	6	58	35	76	81	73	113	66	35	8	20	83	65	15	72	15	38	19	95	45	60	74	3	24	43	90	50	8	52	89	24	60	1	99	4	71	94	57	110	29	105	41	105	110	84	10	78	115	7	57	38	21	66	114	99	35	105	22	64	64	4	96	106	7	80	78	33	102	110	12	94	64	115	112	84	112	52	3	93	24	33	28	17	25	14	82	51	25	90	81	11	15	64	28	6	1	86	24	62	23	70	47	80	87	40	87	3	116	79	79	117	64	56	75	12	92	85	102	18	19	67	65	97	65	43	11	55	43	115	27	107	115	17	91	19	78	50	48	65	31	12	84	7	59	96	46	57	91	15	97	3	55	106	51	15	57	26	48	40	60	75	42	94	63	118	65	93	25	55	64	114	70	35	24	98	44	73	4	51	22	57	84	117	81	30	9	2	6	49	116	55	112	74	70	68	93	69	46	70	11	84	113	38	8	86	73	113	48	106	62	90	93	17	24	105	69	85	74	65	106	19	35	98	112	11	53	85	37	83	93	51	28	56	91	7	95	101	88	111	69	0	46	58	56	2	66	56	7	91	118	107	74	110	8	39	30	109	76	0	100	48	101	87	50	59	66	79	31	109	51	50	26	7	49	86	73	99	25	15	106	36	84	20	85	111	26	20	97	55	58	16	75	71	60	101	2	116	23	64	57	6	68	104	65	119	18	5	114	96	99	43	88	5	90	54	13	67	35	97	72	81	81	26	73	24	48	39	44	19	115	102	41	38	38	36	116	84	5	30	47	72	89	67	95	6	68	18	115	14	0	29	64	109	29	114	75	90	40	57	98	108	95	33	81	46	66	15	49	20	15	10	67	7	8	42	66	113	45	72	65	32	44	112	48	69	115	0	45	57	52	8	46	47	32	82	79	106	0	61	83	8	81	9	87	112	63	22	5	15	41	66	67	96	32	97	70	112	3	76	40	1	69	73	78	112	99	17	113	21	118	42	37	48	113	58	78	43	21	75	18	84	18	89	84	119	107	27	117	105	88	109	3	88	32	1	2	22	103	19	90	23	59	24	13	73	11	41	103	15	88	3	78	72	105	104	91	71	99	8	51	22	11	83	31	100	52	43	40	17	118	73	48	99	83	51	56	19	86	69	89	71	81	104	2	113	85	83	18	78	13	55	55	84	52	57	64	105	60	108	58	52	74	67	27	33	5	49	20	80	86	103	110	35	4	103	46	52	15	118	53	47	11	42	88	89	55	115	18	109	16	79	3	10	85	13	100	76	65	61	107	6	10	35	69	36	102	93	32	60	60	74	26	12	111	87	118	109	104	108	26	48	110	59	115	29	103	79	51	108	94	51	59	85	89	52	38	11	49	98	68	110	68	32	102	15	108	22	83	33	39	67	76	76	18	63	104	67	53	105	55	27	75	54	0	101	59	46	0	103	36	116	43	67	46	58	18	106	118	14	0	107	68	111	37	6	44	58	94	24	3	29	50	5	105	68	77	9	62	21	45	10	43	27	100	49	4	115	3	115	43	117	86	12	9	58	48	110	107	80	113	114	114	51	14	4	24	16	88	33	57	119	20	66	63	41	111	74	118	4	58	29	56	115	88	98	111	80	94	7	57	102	61	101	82	66	6	23	15	74	100	60	54	83	83	82	32	64	17	115	9	43	47	52	90	67	102	112	26	99	61	12	34	25	73	11	72	76	21	19	113	10	0	9	27	42	39	43	12	23	47	20	8	22	44	11	28	117	85	83	74	34	39	77	61	36	29	27	109	44	57	99	53	54	115	64	78	36	87	12	0	70	24	49	43	117	103	88	24	86	63	11	85	41	86	51	111	106	91	42	48	86	115	10	72	53	116	97	30	8	60	105	111	63	35	5	115	33	3	30	55	56	103	44	17	23	20	98	46	17	107	84	55	9	79	20	6	17	112	23	46	85	105	107	47	97	46	114	3	62	89	1	77	50	81	102	49	74	49	76	29	91	32	98	86	98	65	29	39	110	20	98	74	53	117	69	61	14	91	15	86	84	9	88	23	38	93	0	35	107	57	90	100	18	16	80	75	45	74	114	70	28	82	82	114	116	23	13	38	118	37	66	62	9	66	85	14	49	90	72	111	118	24	103	25	76	115	111	66	89	21	75	65	63	13	61	13	35	17	30	70	73	79	25	10	4	38	84	27	48	85	117	105	34	106	61	118	7	55	116	26	98	106	20	113	89	46	116	37	105	68	94	15	17	15	60	57	33	24	103	85	102	95	57	66	16	18	0	64	47	65	40	21	39	2	2	8	20	43	59	77	96	100	53	118	90	63	10	96	73	35	52	40	16	42	32	52	19	40	51	17	85	47	20	48	112	57	80	10	90	17	37	72	94	10	41	116	20	33	36	102	62	96	32	113	22	75	9	35	101	41	118	62	6	57	66	54	10	45	107	69	21	3	102	40	4	68	67	101	86	29	64	118	36	41	80	36	5	114	64	87	18	106	80	43	50	43	22	44	48	77	18	103	37	4	52	31	20	117	4	65	99	102	100	86	28	107	62	109	107	7	98	1	75	113	65	20	115	73	101	6	76	50	35	93	107	30	105	62	32	74	67	44	22	22	114	63	92	21	23	41	80	59	3	23	100	106	79	91	50	7	19	65	5	0	65	41	32	45	62	44	57	82	43	27	49	31	14	51	35	44	96	10	57	1	9	53	60	93	117	69	98	76	75	23	87	28	31	112	53	3	9	12	69	6	27	104	28	118	79	63	37	22	12	83	81	61	25	66	32	73	114	97	117	55	105	64	67	104	103	76	44	77	21	36	21	31	107	117	33	13	87	3	104	115	37	101	30	37	70	99	2	67	37	17	69	17	37	108	43	116	77	66	10	96	10	11	117	42	113	27	35	13	60	78	38	23	92	69	75	45	75	55	107	93	18	107	5	53	36	77	81	91	81	45	79	23	118	112	119	57	99	91	64	118	87	92	21	102	75	93	21	110	5	46	27	58	104	11	28	85	5	50	31	16	38	52	61	43	49	3	31	77	73	47	94	65	9	95	2	40	99	37	34	84	96	68	39	70	0	42	117	72	74	1	34	96	118	72	44	34	99	70	73	109	26	118	112	95	86	18	82	86	32	114	115	86	115	116	32	56	105	97	21	66	98	86	71	75	103	86	93	112	46	66	59	118	117	58	71	114	26	27	115	35	22	81	15	4	9	109	44	76	16	68	62	16	84	77	89	107	88	5	111	47	15	113	62	23	74	14	21	92	118	4	48	80	44	93	70	64	80	11	86	95	72	29	51	31	110	77	39	70	64	70	11	71	27	38	32	5	36	96	46	88	10	27	101	47	11	9	109	90	56	37	118	21	118	6	74	42	30	111	29	70	10	26	117	109	90	48	27	80	45	52	43	24	54	93	92	62	69	97	95	11	66	78	36	30	25	41	74	104	2	91	9	27	12	107	7	95	35	116	44	95	45	73	100	71	117	101	66	53	28	113	13	5	92	88	62	16	29	98	1	96	98	46	0	41	9	84	27	29	116	1	75	100	88	29	20	63	4	57	16	37	85	114	85	83	2	69	55	74	83	33	0	30	47	1	62	67	52	54	86	84	53	56	100	26	84	71	100	44	29	31	3	114	48	81	96	49	57	22	4	93	21	16	9	92	119	6	16	50	5	3	114	47	49	15	20	62	72	93	87	7	5	113	107	9	111	44	50	78	64	55	82	88	110	75	62	78	101	3	81	76	3	62	16	14	21	69	3	24	69	26	101	89	117	55	64	66	85	97	90	86	17	63	115	61	26	48	12	32	1	16	47	102	102	95	117	3	70	21	36	90	114	24	17	27	61	13	81	75	36	104	62	27	43	94	20	25	102	81	85	113	108	43	58	38	97	84	69	12	97	48	103	55	73	59	35	60	111	19	19	19	23	109	15	29	68	33	42	11	110	46	91	69	15	34	72	83	3	89	79	86	37	51	24	30	33	14	1	46	107	106	30	12	77	49	36	102	2	23	104	79	55	68	53	16	104	89	5	32	96	62	51	45	107	117	87	88	85	115	38	107	55	99	70	42	112	14	61	57	20	24	59	64	3	71	76	56	19	65	115	84	36	16	99	73	82	47	100	6	31	95	64	87	43	51	81	7	103	118	79	63	71	70	118	111	88	57	111	8	56	109	41	40	116	31	112	107	74	16	32	57	5	60	67	76	8	108	27	112	106	118	115	115	56	13	2	61	16	34	24	39	33	100	107	71	58	97	33	44	60	21	96	60	59	26	69	112	79	19	71	83	28	49	88	55	114	3	65	92	76	78	22	79	93	18	37	79	20	44	103	44	59	58	93	10	28	70	18	74	95	72	94	69	45	61	31	27	97	96	64	4	8	76	111	85	95	67	10	69	17	82	49	0	30	1	51	105	8	32	111	41	7	37	81	84	68	34	60	91	5	45	87	35	71	62	52	74	77	74	13	106	75	92	11	19	11	31	40	46	44	13	17	47	41	90	78	44	72	96	93	100	86	97	19	77	72	17	55	98	102	8	81	33	110	17	116	106	61	0	53	93	67	74	59	105	79	47	73	51	118	32	27	9	18	68	106	57	118	16	99	58	60	49	25	70	96	45	55	97	5	114	38	109	12	30	85	110	110	20	88	102	86	5	103	66	5	10	79	93	92	56	72	119	51	52	80	37	93	98	117	32	110	27	10	12	41	55	72	17	9	70	19	95	93	90	115	111	45	94	68	87	36	3	67	25	91	56	8	20	119	93	84	66	68	59	90	17	111	11	62	25	119	20	62	90	74	38	73	85	81	42	8	59	93	41	21	81	101	85	35	49	78	92	119	57	63	50	55	5	77	61	41	36	69	88	0	92	59	25	92	77	49	66	96	100	110	80	26	63	0	103	79	90	19	37	59	50	76	55	21	28	12	35	96	77	119	85	16	103	82	7	0	4	83	109	12	55	17	41	59	39	104	64	18	101	83	58	38	36	32	109	69	26	27	27	30	109	19	48	104	95	93	77	19	84	83	12	14	110	59	52	36	92	106	89	97	58	91	3	113	88	29	45	15	37	82	112	74	32	27	18	53	50	12	73	54	70	60	80	42	74	85	99	8	49	115	39	82	29	54	66	88	14	104	36	38	51	32	23	6	69	103	115	16	23	63	87	80	115	12	89	106	31	53	10	15	63	22	104	31	106	3	22	62	113	32	41	11	100	16	101	54	66	75	74	4	52	53	30	58	72	56	43	78	7	107	97	18	111	104	109	68	9	87	29	44	104	101	102	8	26	75	32	0	97	26	119	37	41	96	67	40	64	101	86	107	34	107	39	58	67	15	18	112	65	34	7	96	110	15	48	11	74	58	99	55	25	8	85	2	11	80	110	49	104	41	110	24	12	110	52	31	22	38	44	32	32	26	89	10	33	66	28	105	32	9	97	118	3	116	26	26	112	100	46	88	20	66	46	109	6	44	26	25	33	77	79	87	62	113	110	49	75	3	75	65	16	0	9	1	109	118	55	9	77	46	109	41	106	107	112	24	32	11	82	46	52	114	25	91	14	26	8	52	19	110	91	54	61	112	16	117	36	80	34	85	112	34	78	31	54	25	110	57	27	100	37	34	37	69	20	108	29	98	16	83	109	106	52	5	49	60	70	115	46	47	6	40	117	51	64	75	42	6	92	94	58	49	74	15	49	82	12	89	83	32	59	68	15	49	51	27	84	15	64	87	98	68	48	104	14	83	26	91	26	12	34	94	76	106	74	55	25	46	34	98	103	101	41	41	98	48	5	22	93	40	3	16	90	9	84	24	89	0	22	33	36	106	39	91	78	33	27	106	29	7	70	43	87	31	76	114	95	1	19	28	96	28	28	95	112	47	87	51	79	64	45	17	111	1	7	105	37	103	119	28	110	62	54	15	95	11	23	78	59	83	108	57	31	102	16	117	105	75	50	95	44	75	18	23	16	21	73	37	29	34	33	116	49	104	55	108	102	66	53	59	71	75	12	114	61	59	1	109	40	41	31	107	2	48	37	68	76	94	78	64	56	95	91	96	79	63	73	65	52	95	51	113	71	50	86	6	14	20	26	5	69	43	28	106	94	71	6	35	106	96	96	85	82	106	14	30	53	64	97	93	74	14	110	92	56	21	30	24	81	21	28	92	12	31	68	46	54	77	78	75	87	93	38	115	90	0	3	114	13	72	57	102	32	64	119	119	16	2	33	115	44	48	98	91	88	119	92	64	29	39	10	28	50	30	84	16	22	49	80	71	90	15	84	62	116	66	82	39	95	114	93	66	21	109	45	36	116	29	10	86	58	21	90	12	55	95	11	52	28	83	42	38	65	94	84	69	103	42	99	112	77	15	39	34	102	63	72	69	102	2	41	43	39	78	89	45	62	13	41	106	37	14	61	37	54	59	10	119	41	72	57	108	20	46	8	101	101	22	72	3	83	46	6	88	119	97	71	105	84	31	59	118	119	62	16	116	97	88	119	44	90	75	88	39	74	115	72	28	98	24	83	99	77	21	108	110	81	20	2	114	7	84	48	43	3	63	59	101	39	77	22	91	12	86	48	116	28	9	35	107	45	93	30	24	65	114	95	57	75	15	45	66	27	60	43	7	21	30	98	78	77	25	54	57	41	90	67	14	78	71	24	71	68	113	69	63	108	30	101	107	2	64	119	57	113	36	36	68	14	114	12	48	67	99	57	10	1	46	117	100	12	28	11	26	83	2	110	93	83	54	64	28	17	90	104	75	95	73	61	108	111	80	18	75	47	100	34	14	36	80	46	19	4	108	119	50	62	91	43	113	8	101	62	35	59	93	82	65	20	28	92	28	23	60	106	4	4	19	98	32	115	43	64	39	12	64	30	64	71	115	96	81	89	24	114	95	94	3	19	54	35	95	97	32	11	54	103	54	57	55	75	99	42	21	96	73	117	80	75	119	46	55	107	80	99	27	108	2	46	25	33	10	71	45	43	18	119	22	105	42	29	2	39	68	71	92	39	71	96	113	108	117	22	97	94	53	28	10	26	49	73	18	24	24	83	9	112	36	38	32	0	39	41	27	106	24	115	6	26	90	72	20	116	117	57	65	45	75	92	52	88	42	37	97	82	94	118	8	85	7	106	63	76	103	23	3	10	115	55	81	65	24	44	61	83	20	24	37	54	105	54	83	92	75	69	100	2	106	35	39	79	63	110	89	113	98	92	15	75	118	34	49	14	25	90	23	99	10	55	87	113	88	72	58	53	18	49	80	32	115	
8	10	9	7	7	6	14	8	6	3	14	5	10	3	15	16	13	3	20	20	20	3	7	12	11	14	6	4	4	11	20	1	3	8	19	9	2	9	9	4	9	17	17	11	6	15	13	19	17	1	3	10	20	3	14	20	11	16	1	18	8	15	15	14	11	2	19	12	18	6	20	9	6	7	13	18	14	12	17	20	18	8	3	13	1	13	18	13	16	3	17	18	5	16	19	19	1	14	11	7	4	7	4	18	15	3	17	18	16	14	2	10	16	12	11	5	11	3	19	11	10	19	18	2	3	19	16	6	3	6	20	16	6	14	6	9	14	8	15	3	7	20	11	9	18	9	13	2	17	14	17	19	9	13	20	3	2	14	19	5	6	12	18	13	5	18	8	5	13	2	17	8	6	4	18	1	6	7	12	12	1	18	8	11	13	7	3	14	18	11	14	10	6	18	2	16	2	18	4	17	13	16	1	15	3	17	10	14	19	18	4	20	18	7	4	4	18	2	15	13	12	4	2	11	16	10	14	5	6	20	13	15	3	9	7	17	8	1	1	2	1	18	20	17	20	9	9	11	17	7	12	3	14	16	4	15	19	2	16	1	13	2	7	1	6	4	1	12	6	18	4	9	20	14	12	17	7	6	14	12	8	1	2	12	12	10	2	18	16	18	19	3	17	8	9	12	17	7	9	17	3	3	6	16	13	2	7	7	9	4	17	1	7	14	18	7	3	2	7	12	8	20	12	11	10	13	18	15	2	15	16	15	1	14	1	1	12	15	14	18	20	3	9	14	10	8	15	12	11	6	4	11	17	7	18	13	15	7	13	7	20	7	11	18	11	5	13	10	15	13	15	6	8	20	7	17	3	19	13	8	14	10	1	5	6	10	8	1	19	9	3	9	2	15	9	19	16	17	9	12	17	11	19	20	3	8	20	17	7	12	2	3	13	8	1	20	12	13	14	16	11	4	10	1	20	9	19	3	19	15	13	20	11	3	17	16	16	5	16	6	11	15	6	17	6	16	12	3	2	10	8	20	19	15	14	2	4	14	18	20	8	10	14	8	19	2	3	8	12	4	6	5	5	1	7	20	7	14	11	9	11	16	16	14	18	5	3	7	5	8	7	2	9	4	19	12	7	17	20	13	11	16	14	3	8	14	18	7	5	8	9	5	12	16	9	7	14	9	7	17	12	2	15	6	11	19	2	16	8	1	13	3	11	1	2	6	11	16	2	19	7	12	8	2	14	16	16	1	11	15	16	17	8	1	3	18	10	19	9	2	6	18	8	18	5	11	8	18	3	8	15	16	7	16	12	8	16	2	3	16	1	6	6	1	17	1	20	11	6	8	6	5	13	4	12	9	15	14	19	19	5	20	12	18	15	2	13	15	4	9	19	20	19	5	18	14	3	14	3	6	11	6	11	20	1	3	4	6	2	15	15	4	7	9	7	16	5	8	7	11	20	20	4	18	7	10	14	5	5	15	18	1	1	13	14	5	2	19	14	20	10	8	11	19	14	12	15	20	19	4	11	20	6	5	10	4	8	4	15	4	9	14	15	18	16	17	1	18	5	16	13	16	3	14	13	9	2	2	6	9	16	2	6	5	14	1	11	13	15	9	13	10	3	14	3	9	15	2	6	4	5	14	15	13	10	2	1	11	10	9	15	14	12	10	15	5	5	6	1	2	8	12	9	1	11	3	1	5	14	10	6	2	15	3	1	13	2	10	10	2	13	16	10	5	1	13	7	12	10	1	1	5	3	5	1	4	6	14	12	9	14	1	16	7	9	10	8	2	7	9	2	11	8	1	15	14	13	8	1	2	13	10	8	6	10	13	10	11	9	10	4	15	13	14	7	9	2	16	4	12	11	10	13	6	11	12	10	3	11	2	7	6	6	1	5	13	11	15	16	14	13	10	3	16	9	12	12	9	9	14	12	1	12	3	4	9	16	6	1	7	12	9	13	5	2	11	6	1	1	4	2	15	15	2	4	3	6	16	3	4	8	12	4	4	7	7	16	1	16	10	11	8	10	13	5	7	6	3	7	16	15	13	12	10	6	6	5	15	14	12	3	4	15	9	11	14	15	5	11	2	5	16	7	15	9	2	14	4	8	15	3	10	14	13	5	7	15	15	13	11	12	14	8	4	13	16	12	8	12	8	13	10	10	5	5	10	9	16	2	15	13	3	6	2	13	2	8	4	7	2	14	14	12	6	13	11	10	6	8	11	8	7	6	9	13	9	12	2	11	8	6	3	4	12	12	5	5	5	12	15	16	6	6	4	8	8	9	10	11	4	4	6	3	4	6	5	11	11	7	4	4	3	13	11	4	10	7	13	5	12	14	4	1	11	13	7	16	10	11	2	11	13	13	5	11	2	1	4	2	11	4	12	14	13	2	15	11	4	9	15	2	12	13	7	5	1	10	9	11	12	10	9	10	14	8	15	9	16	8	8	6	12	14	13	9	6	16	1	15	3	13	13	10	5	8	9	15	16	9	2	7	14	4	7	6	15	9	10	7	15	1	7	4	14	1	4	11	12	7	15	2	8	6	10	1	11	9	15	2	9	6	16	5	13	8	9	2	2	11	1	8	16	6	15	5	10	15	5	14	12	12	15	9	15	13	16	5	10	12	6	9	3	10	9	5	14	15	6	14	3	13	7	14	14	4	12	9	7	12	6	4	3	7	16	14	5	9	3	10	2	10	2	5	6	5	7	6	13	16	1	5	7	11	11	14	8	15	3	4	15	1	7	14	14	14	8	12	5	12	3	6	6	16	9	12	7	13	8	7	14	16	4	2	9	12	13	15	8	14	2	4	15	9	1	4	13	3	7	8	6	2	5	6	6	14	2	12	7	4	10	14	16	15	9	4	14	11	7	9	7	8	4	3	16	6	9	8	16	10	7	10	11	1	2	2	3	8	16	4	11	1	10	3	5	6	5	7	14	15	7	12	4	15	5	12	5	2	2	3	8	13	8	2	10	10	8	7	10	3	13	15	2	10	7	13	8	2	13	14	10	10	7	2	7	12	6	7	16	1	12	16	1	8	16	12	10	3	1	9	12	3	14	13	11	12	16	4	13	10	15	8	10	12	12	5	1	4	3	3	16	6	11	6	10	13	2	3	13	4	2	11	3	8	5	9	14	3	1	12	8	8	11	15	7	15	4	1	11	12	10	1	16	4	3	16	14	15	5	9	4	14	3	3	7	1	12	1	12	15	1	1	11	14	1	11	10	7	14	16	12	8	8	1	7	5	9	15	11	15	12	5	16	5	15	13	14	9	6	1	7	2	12	11	7	4	9	14	13	14	6	2	8	14	10	11	1	10	7	13	10	10	2	12	15	11	1	2	1	15	14	13	12	11	15	14	7	11	7	13	4	6	13	9	2	8	6	4	14	4	11	5	7	16	9	8	9	5	8	6	14	3	9	5	9	4	3	1	10	10	6	2	4	15	2	3	11	16	2	1	15	16	7	13	16	5	12	5	12	1	1	8	10	4	5	5	2	7	2	7	16	15	12	1	15	14	6	8	10	9	4	14	14	13	14	15	3	11	14	16	7	15	15	3	5	2	4	5	5	8	2	7	8	9	9	9	11	8	8	1	3	10	12	4	10	9	4	7	13	15	9	6	14	5	13	2	9	7	16	7	4	13	10	15	15	13	11	11	1	8	4	9	6	16	16	6	8	16	6	2	3	16	14	4	6	16	3	4	13	8	2	7	9	4	15	7	16	7	12	5	2	8	11	6	3	4	4	6	12	14	15	15	9	14	13	7	13	12	13	14	5	12	3	11	6	4	6	4	9	2	1	15	10	2	2	10	14	2	4	2	8	3	9	2	16	3	1	4	7	14	5	11	7	14	15	11	10	16	16	11	15	8	14	15	14	3	14	7	10	16	15	13	10	12	6	6	9	11	9	4	1	9	10	12	3	10	9	7	12	3	9	5	7	9	13	11	2	8	11	13	7	15	7	11	2	9	13	8	13	14	4	11	2	6	6	8	9	5	4	8	15	5	3	15	15	16	4	14	5	6	11	2	4	10	6	1	8	13	7	1	14	9	15	9	8	13	11	12	13	2	4	13	6	11	16	6	4	1	13	3	1	7	11	8	7	15	5	7	11	11	4	4	14	1	4	9	13	11	2	16	6	9	2	7	1	3	3	11	11	2	9	12	11	11	5	11	4	7	9	1	5	11	14	4	14	2	16	14	7	2	3	10	1	15	5	12	16	13	10	13	4	10	15	4	16	1	12	15	14	2	11	13	5	10	4	12	13	4	9	11	10	7	15	12	8	11	11	2	1	13	7	1	16	8	13	5	10	9	11	2	9	4	6	14	8	1	6	8	16	14	10	9	10	6	8	4	5	3	9	10	15	11	16	4	7	7	11	8	4	1	10	13	16	8	4	12	10	14	5	11	3	11	16	15	9	14	10	13	1	4	1	12	13	7	2	10	7	10	14	6	12	7	5	5	11	10	11	8	3	8	8	7	11	13	2	16	16	11	11	11	5	12	10	15	1	13	14	15	5	4	16	13	10	12	12	7	2	3	5	10	3	2	5	6	16	5	1	10	12	7	7	10	8	6	14	1	9	1	7	5	11	7	3	6	8	6	7	2	4	14	8	3	2	3	14	8	10	8	5	3	15	8	7	2	16	9	1	15	3	7	7	16	2	9	1	7	6	13	12	12	15	13	14	13	16	16	7	2	2	9	1	2	12	12	6	4	1	13	9	1	14	13	3	11	9	4	3	2	11	13	3	14	9	4	1	12	16	6	14	3	3	15	15	1	6	5	6	3	1	15	7	7	12	11	3	9	1	1	8	9	13	16	5	5	13	11	12	12	1	13	15	3	6	1	8	12	9	8	2	5	7	3	15	11	15	5	11	16	16	4	13	7	3	4	4	10	15	8	8	7	12	11	6	10	5	2	2	9	3	11	8	13	13	4	12	1	14	14	12	13	3	14	10	12	13	11	10	16	1	1	15	12	15	4	10	9	10	9	4	14	6	9	1	10	11	4	12	10	15	3	8	2	11	9	5	11	4	12	8	10	7	5	14	14	16	7	4	6	11	16	15	6	6	11	2	16	14	3	9	1	7	10	13	15	16	16	14	5	4	2	2	1	9	8	2	4	8	8	6	8	16	12	6	14	6	6	3	15	16	2	3	3	3	14	7	7	12	13	12	6	6	16	8	14	11	5	13	11	9	16	16	1	16	10	2	1	3	13	11	3	8	7	10	7	1	3	16	6	4	15	1	9	9	13	15	2	2	14	7	12	1	6	10	1	7	12	5	8	4	3	8	4	10	6	4	5	4	5	13	10	13	7	3	7	8	12	8	15	12	3	15	14	5	6	4	14	4	7	14	7	15	5	14	8	12	4	13	9	3	4	6	12	7	10	12	1	6	1	10	16	16	3	12	3	11	13	12	4	9	12	9	3	12	15	4	11	2	15	7	2	12	11	4	15	11	10	1	9	1	12	2	1	6	12	9	9	2	13	1	9	7	9	8	16	12	10	2	6	6	2	11	3	1	15	7	8	7	2	8	2	13	4	12	12	11	8	16	2	12	9	6	7	15	7	14	12	16	16	4	11	6	6	3	12	14	15	15	9	2	16	16	4	10	2	1	3	13	5	1	12	12	5	12	10	14	9	9	5	12	6	16	13	5	16	15	11	5	13	6	10	9	1	10	5	14	7	2	13	9	7	11	5	14	15	10	16	7	1	11	15	15	15	12	4	12	4	3	4	7	16	8	9	15	4	15	1	16	9	15	10	1	2	7	14	9	14	4	15	2	6	3	10	13	8	15	2	9	4	5	5	3	16	11	6	5	8	12	12	10	12	9	11	6	5	5	12	7	13	13	2	12	9	3	2	2	2	14	15	5	5	8	10	5	4	15	7	15	8	2	7	5	16	10	10	14	4	10	1	9	15	4	11	11	8	9	4	4	14	6	2	4	3	10	10	9	16	8	7	7	10	6	5	11	2	12	10	2	14	11	2	14	15	3	10	10	4	13	5	8	7	15	15	10	14	9	7	10	10	8	10	7	9	13	1	15	7	1	15	11	1	16	7	5	10	8	9	7	15	2	16	8	4	2	3	7	12	12	10	2	11	7	7	10	9	2	4	2	8	6	16	14	11	14	13	6	4	14	6	16	11	9	13	3	13	9	9	2	13	7	10	1	3	2	6	14	9	7	4	4	9	6	10	4	13	4	6	7	8	9	4	14	9	12	1	13	4	5	3	15	9	11	6	15	10	10	5	4	3	4	5	4	7	13	5	7	16	4	2	10	15	5	11	14	12	14	4	11	5	4	11	6	2	6	12	14	8	7	9	14	12	12	15	3	1	9	8	7	6	13	12	15	4	4	8	15	14	3	15	11	4	7	8	16	16	11	5	4	12	10	11	5	6	9	3	12	10	4	2	3	10	12	3	3	15	4	8	7	8	9	16	12	14	15	13	2	3	8	1	8	15	8	10	16	13	3	6	3	12	6	9	2	16	1	16	6	1	9	10	15	8	15	12	8	9	10	1	15	8	5	7	13	7	13	15	6	15	10	8	16	7	1	2	11	3	2	9	7	7	11	4	4	12	9	4	6	15	13	5	6	12	4	2	14	1	1	14	16	3	10	8	15	15	7	10	9	4	16	16	4	5	14	10	3	3	9	16	14	12	12	12	2	1	3	7	8	8	4	5	11	14	12	14	1	15	11	9	9	4	1	5	2	15	1	9	5	12	13	8	16	3	14	5	9	2	7	7	7	6	8	8	16	4	11	16	7	6	12	16	1	2	12	14	8	10	12	3	14	11	4	2	4	8	8	1	5	6	2	10	13	10	2	6	4	13	2	4	9	13	10	12	12	7	3	8	10	15	8	2	12	16	8	15	6	8	15	4	15	12	10	4	3	11	8	16	2	4	14	11	12	15	14	15	9	15	15	8	9	5	14	10	15	3	13	1	12	10	1	14	1	10	10	10	11	14	11	12	7	6	2	5	1	2	11	8	8	4	13	8	7	13	7	1	12	11	7	3	4	2	14	10	8	9	9	6	16	1	14	13	9	15	8	9	6	8	12	16	8	15	11	11	13	3	1	1	10	11	4	14	13	2	7	2	11	9	9	13	12	11	13	13	2	9	12	16	3	1	16	5	15	5	11	7	12	8	11	5	5	1	12	16	8	10	6	16	5	8	6	15	5	6	10	11	5	16	11	13	6	12	4	3	2	3	14	15	4	16	2	5	6	7	15	9	11	9	14	5	2	9	12	6	14	14	6	6	4	15	12	8	8	15	1	6	14	8	6	12	15	16	5	11	6	16	1	3	14	14	3	1	12	10	9	16	4	1	13	15	4	11	16	5	1	10	8	4	9	8	15	11	12	12	16	8	16	15	6	13	10	4	11	15	5	8	12	7	11	7	16	1	15	4	8	16	1	13	9	14	3	9	9	6	13	3	5	15	13	1	5	13	4	12	8	11	6	2	16	2	7	10	11	15	4	3	16	14	8	9	13	10	16	14	16	5	3	2	9	11	1	13	10	11	14	7	8	16	1	11	7	16	1	7	10	12	14	12	9	12	15	5	5	1	11	11	6	16	6	15	11	14	14	3	6	9	11	6	12	16	14	11	12	4	1	9	9	3	4	7	5	10	7	13	2	8	6	11	10	5	10	15	13	15	11	11	1	2	12	1	8	12	1	11	5	14	13	14	13	6	1	13	10	15	11	11	9	5	11	11	1	5	16	15	7	14	13	12	6	13	6	3	15	3	15	7	15	15	2	9	9	6	7	3	5	14	7	12	14	4	2	1	4	13	14	15	16	2	7	15	1	2	7	9	16	4	4	14	10	3	1	11	11	6	9	3	11	6	10	16	15	13	10	6	8	4	9	3	2	12	16	10	11	1	15	4	16	10	14	2	5	4	7	8	11	2	2	6	4	16	12	15	14	12	9	16	3	6	15	10	6	13	12	13	4	6	4	10	3	11	12	4	16	7	15	5	11	3	6	9	5	7	7	6	15	10	8	9	14	4	5	8	1	4	4	12	9	3	4	5	1	14	15	11	16	11	1	2	16	7	11	3	9	6	13	3	11	9	7	4	12	10	11	10	16	14	9	13	5	14	10	4	1	1	11	15	4	9	12	11	7	13	6	10	12	5	11	4	3	4	10	5	15	7	12	8	13	6	16	4	7	15	10	2	14	5	10	2	9	7	3	9	4	7	4	14	11	11	5	8	8	2	13	14	5	5	5	2	4	9	13	2	3	11	5	11	10	7	14	16	14	12	10	6	16	14	10	16	16	7	3	15	6	6	12	12	13	4	4	7	4	14	9	4	9	4	3	5	11	5	8	5	5	12	3	1	1	14	8	10	5	16	3	7	4	6	14	12	13	12	11	1	6	1	9	3	11	9	14	15	13	13	8	14	16	6	4	6	15	3	6	2	15	9	12	11	1	8	6	1	6	10	8	1	2	15	2	15	5	9	16	7	15	7	12	13	9	10	4	4	9	1	8	2	11	5	9	11	14	6	3	1	16	4	13	7	2	15	13	4	13	12	2	16	7	7	12	1	7	11	9	5	7	7	15	7	5	9	11	4	9	13	11	2	14	9	1	4	13	1	12	1	1	2	10	11	14	12	13	4	10	11	9	2	2	14	7	15	8	13	8	1	5	9	9	8	2	13	15	14	16	13	7	10	15	11	14	10	8	6	9	8	11	13	6	16	16	16	7	13	12	13	6	7	2	8	6	14	3	4	1	6	3	3	11	1	11	11	16	7	15	3	7	11	11	5	15	8	10	4	4	5	12	6	16	6	5	6	8	15	12	10	6	16	6	15	1	1	4	13	2	6	10	13	3	10	11	16	8	2	11	12	15	2	2	6	11	10	5	1	3	7	13	16	6	16	4	11	16	10	9	3	12	2	2	9	13	4	3	4	2	15	13	6	5	4	1	2	7	16	5	2	3	6	3	16	5	14	7	15	13	8	2	12	14	11	16	13	5	1	7	3	2	4	10	8	2	2	1	14	8	2	1	1	11	15	4	8	10	8	5	7	1	2	10	11	4	10	3	15	7	2	8	12	14	16	16	10	12	7	2	5	11	14	11	13	7	6	15	3	6	14	9	16	9	16	4	14	7	7	3	5	13	13	12	11	16	11	8	5	16	3	5	8	3	1	5	16	14	6	1	11	15	15	13	2	2	11	12	4	3	9	1	16	6	11	5	12	11	5	16	12	2	13	14	8	16	12	2	9	8	4	5	16	4	5	12	8	16	10	4	13	10	5	6	16	2	11	7	15	1	15	11	14	5	4	1	11	3	8	9	6	6	5	6	2	13	2	14	3	13	10	5	11	9	14	7	6	2	14	15	5	15	12	9	11	4	14	16	12	9	6	2	5	11	8	6	15	15	6	4	4	11	7	15	10	4	9	10	6	13	14	9	14	5	10	4	3	4	3	16	15	4	3	12	14	12	6	11	11	8	1	12	13	14	7	9	6	8	10	14	3	5	2	5	16	16	6	10	6	4	1	5	14	4	1	3	3	16	12	8	4	6	1	15	3	12	4	2	9	7	9	2	1	10	16	5	7	9	13	4	7	2	4	12	10	2	3	7	7	5	16	11	7	7	11	7	1	5	12	11	12	9	12	14	15	6	2	5	5	11	7	8	9	13	2	14	4	1	11	1	10	7	3	4	9	9	10	9	6	1	10	7	1	11	8	6	13	14	4	15	4	5	13	1	13	5	10	6	15	4	15	8	6	15	7	16	14	10	6	13	15	1	5	8	9	3	5	7	2	15	10	3	2	5	3	10	14	4	11	15	12	1	8	5	13	15	6	5	8	4	11	2	2	14	6	8	7	16	9	14	9	9	2	15	5	8	5	12	11	12	15	6	10	1	6	7	4	13	13	12	14	6	14	14	12	13	14	10	5	11	14	9	6	12	11	2	1	14	14	9	1	1	2	16	15	10	3	2	15	4	5	11	14	10	9	14	1	8	5	16	12	1	1	15	3	12	10	4	3	14	15	13	10	10	9	13	2	6	2	7	3	7	13	5	8	13	10	2	5	3	2	13	9	3	10	12	14	14	4	13	15	11	15	10	15	13	12	7	10	10	7	15	10	7	8	1	11	5	15	10	8	12	1	9	10	10	3	2	12	9	7	14	14	13	12	3	16	15	10	6	3	5	1	13	13	5	12	16	9	16	7	5	13	6	11	16	2	1	10	4	3	9	16	10	7	16	9	15	2	8	10	4	1	8	11	3	15	6	14	13	11	16	7	12	12	10	12	6	14	12	3	6	1	1	6	5	10	12	7	6	16	9	6	16	7	15	7	15	6	15	16	8	10	12	2	2	15	15	11	3	3	2	6	2	4	1	5	11	16	11	9	13	11	5	11	7	15	5	4	10	12	8	1	5	3	9	12	15	11	16	5	12	13	9	6	11	11	16	11	11	7	7	8	1	1	13	16	14	3	8	11	11	14	5	14	4	15	5	3	2	15	15	10	16	4	13	2	9	5	7	16	12	5	14	4	2	14	15	10	7	2	9	15	14	2	3	2	4	7	11	9	14	1	5	2	2	5	8	8	2	7	15	5	9	9	15	4	2	7	14	14	13	7	2	16	14	16	14	16	13	12	15	7	11	6	10	11	4	6	4	16	15	14	7	14	2	5	10	14	7	6	14	8	5	13	9	3	1	12	4	3	8	13	6	1	15	5	10	7	8	3	10	15	9	7	4	11	12	11	2	6	5	15	3	3	5	16	5	1	5	15	16	5	15	2	16	3	15	8	14	8	2	11	16	8	12	12	2	9	4	1	14	1	7	3	1	14	9	13	1	11	14	12	8	5	12	6	4	6	14	11	6	16	9	15	10	3	13	16	13	7	12	11	11	12	6	5	4	11	14	13	15	13	9	14	1	13	1	9	1	9	1	11	9	7	7	5	9	11	12	6	3	5	13	3	2	15	15	12	12	13	1	11	12	14	4	10	4	9	2	14	13	12	4	16	6	4	16	10	2	14	7	2	2	9	10	1	3	6	7	14	14	5	15	2	12	2	2	15	15	14	6	5	7	8	3	2	3	14	8	15	2	12	6	6	3	3	16	6	7	8	10	13	9	7	12	10	12	10	6	11	2	8	9	8	3	1	13	8	2	13	12	7	13	5	4	12	12	5	11	13	9	5	9	1	1	4	4	15	7	14	13	1	4	9	16	4	5	11	12	14	10	16	6	10	13	10	8	7	6	15	7	4	8	3	15	5	15	6	8	15	3	6	6	15	13	13	5	8	6	12	6	9	3	9	12	11	14	7	15	16	2	1	1	12	15	16	16	7	5	8	1	7	9	8	14	5	10	9	12	13	13	12	14	5	11	1	8	13	4	1	3	4	14	4	10	2	14	4	12	16	16	8	9	8	3	13	6	2	8	6	8	9	13	7	3	11	16	16	3	15	2	1	6	6	7	9	7	8	1	1	8	12	5	7	10	3	7	14	12	11	7	6	10	14	13	15	10	13	1	5	3	13	14	9	7	10	10	5	9	4	13	16	13	4	4	13	4	14	10	11	5	3	11	4	8	6	9	4	13	4	5	7	15	7	12	3	12	10	10	12	8	2	6	3	10	1	3	15	1	11	12	1	9	7	9	14	11	5	12	12	8	6	11	10	6	4	14	15	11	7	15	9	15	6	6	3	4	5	9	6	7	2	16	12	8	3	15	5	5	1	11	14	3	1	14	3	10	14	7	16	15	9	5	1	15	10	6	11	8	8	4	11	4	4	14	16	3	13	13	13	13	4	8	3	1	8	5	12	11	5	12	8	2	5	12	13	16	5	13	1	14	5	13	4	2	2	12	10	14	5	14	12	1	12	2	11	5	9	7	12	2	6	16	10	8	11	5	8	6	1	10	5	14	8	4	5	7	16	2	10	3	2	11	8	13	15	1	4	6	13	13	3	8	9	6	5	15	9	14	3	16	3	8	7	1	7	15	14	11	7	8	2	8	10	16	14	14	6	14	1	14	10	16	15	4	14	11	10	13	11	13	12	14	2	3	12	1	5	3	14	9	14	12	14	6	5	1	3	13	11	10	16	7	8	15	8	4	2	11	7	9	6	7	9	12	13	12	5	6	10	9	14	6	1	1	6	3	16	13	6	12	14	11	15	7	13	12	7	13	14	13	15	14	11	8	14	2	7	16	6	4	9	5	12	13	14	8	2	2	13	10	16	3	12	9	12	11	9	3	5	2	5	5	13	4	8	6	9	2	2	5	10	16	7	16	13	12	9	8	10	1	9	6	11	8	2	2	16	13	8	1	6	7	6	16	12	11	7	4	1	9	6	15	5	14	5	16	7	4	16	13	15	15	15	2	1	15	3	9	2	14	9	13	9	12	14	14	10	10	10	10	9	11	1	3	6	5	8	10	13	11	1	11	13	10	7	12	8	14	2	4	13	16	13	10	3	11	10	15	15	16	6	13	16	14	13	12	6	10	6	8	4	6	7	14	8	2	5	2	13	8	16	9	2	14	16	3	14	16	3	16	3	4	1	12	14	12	16	8	2	10	15	7	12	5	3	7	10	6	5	16	10	4	12	5	10	6	11	16	5	6	16	9	4	4	2	14	13	4	10	5	5	9	10	4	2	9	4	15	13	14	10	6	15	14	4	12	3	15	8	7	7	12	2	4	3	12	13	4	6	12	2	4	11	16	12	9	1	9	13	4	5	3	13	16	2	14	8	14	13	11	7	12	5	2	13	1	5	16	8	7	9	7	4	1	14	15	12	3	14	4	14	15	9	5	5	15	16	4	4	15	1	6	1	4	15	3	15	12	16	14	14	15	8	9	8	16	13	2	4	6	9	2	3	16	8	14	7	5	4	1	7	15	1	4	8	10	4	5	5	14	15	1	8	14	9	6	13	8	3	9	13	1	12	6	16	1	15	6	14	10	13	3	5	4	12	12	5	2	11	11	14	7	4	5	14	9	1	10	1	1	14	7	5	8	5	5	6	1	5	16	2	16	16	16	13	2	4	7	1	8	10	4	7	9	16	8	2	14	5	10	16	5	12	5	4	12	13	2	13	2	7	7	13	15	15	1	6	3	16	3	4	1	14	16	10	7	5	2	12	12	7	6	7	7	10	9	11	13	14	1	10	4	5	9	12	12	7	7	11	1	12	14	7	1	10	6	16	11	5	4	3	2	15	16	1	4	2	5	5	4	2	16	6	15	10	13	2	15	9	12	8	10	14	4	3	3	4	2	10	5	12	9	15	14	5	13	10	5	10	16	2	5	6	3	14	4	6	16	12	1	13	13	6	16	15	6	3	5	13	1	15	1	3	10	11	16	4	10	16	15	3	6	2	13	15	8	6	1	2	2	2	14	16	11	16	5	14	6	15	16	3	1	10	13	9	10	16	12	16	16	7	2	4	3	15	6	8	5	8	9	12	3	8	2	7	5	7	7	5	6	6	15	16	7	14	14	3	5	1	14	6	4	3	8	15	5	8	14	2	15	10	6	7	9	13	9	7	14	7	4	4	10	8	14	10	8	6	14	11	16	11	9	6	4	4	15	16	4	10	14	12	11	9	1	12	11	16	16	3	12	4	9	9	7	7	6	3	10	11	3	4	6	1	8	5	14	10	12	2	15	14	14	6	16	15	5	6	9	2	15	12	5	6	14	4	13	12	12	1	16	16	10	13	16	9	2	16	2	9	14	9	15	8	9	12	15	1	2	5	1	1	5	12	9	16	6	9	14	6	1	8	12	3	16	2	13	8	15	6	7	8	10	15	16	12	3	3	11	8	1	10	7	8	2	9	2	3	1	15	10	5	8	11	4	4	7	6	16	1	7	3	9	12	12	14	7	14	15	2	6	8	15	16	8	4	14	15	9	8	14	6	8	6	12	11	11	2	6	3	10	11	4	9	16	6	11	6	3	15	13	16	13	3	14	15	2	2	15	16	6	8	5	7	2	10	11	16	12	9	2	3	16	4	2	7	7	9	16	14	14	6	3	7	4	5	8	9	5	14	15	2	4	8	3	1	11	5	1	8	6	7	6	12	1	5	7	3	13	16	13	14	15	15	8	9	2	15	6	15	7	16	3	1	2	16	16	2	7	15	10	9	2	15	15	11	3	2	7	7	3	4	3	5	2	2	5	3	12	13	12	4	15	10	2	3	10	11	7	7	1	2	13	10	6	4	1	5	10	10	3	12	9	14	16	15	4	8	16	11	6	7	16	10	1	3	13	8	11	2	2	9	16	11	9	13	13	11	9	4	4	7	16	6	15	6	16	6	5	10	1	6	12	15	3	5	7	8	11	10	4	10	9	16	15	13	15	6	8	11	14	14	12	9	9	6	11	9	6	2	11	6	15	5	1	3	14	12	6	1	5	3	8	12	9	13	9	6	8	7	12	13	5	13	10	2	4	1	1	11	6	5	16	12	6	14	12	11	9	5	4	16	9	11	15	1	9	3	2	1	15	2	13	8	8	4	8	12	7	4	3	5	10	2	1	14	6	14	1	13	12	11	9	3	4	16	8	5	3	
290	270	980	520	440	340	440	460	140	230	380	900	820	280	880	650	580	720	330	590	910	560	720	1000	170	540	500	450	530	170	700	670	460	670	680	540	390	190	680	550	530	380	900	240	560	910	800	380	570	150	540	990	400	170	560	600	220	730	120	660	610	630	520	290	980	260	320	430	970	620	650	630	890	800	230	480	670	480	160	990	390	960	120	490	880	750	420	300	640	650	540	260	430	430	140	240	550	610	410	720	980	530	1000	230	120	230	620	420	700	470	530	440	410	900	470	670	140	980	970	760	150	680	600	600	520	880	910	200	790	360	700	1000	880	320	510	780	490	130	890	480	520	670	590	160	500	610	450	330	480	490	870	770	200	560	800	540	580	800	820	760	350	1000	860	140	540	720	500	300	790	250	640	370	520	580	920	670	130	570	470	890	840	930	710	780	500	930	720	520	180	820	390	560	660	420	400	410	340	370	800	990	750	150	460	670	390	770	280	750	900	510	190	140	700	870	160	540	600	540	130	390	920	530	100	190	610	110	970	850	650	100	760	550	140	740	280	450	640	980	360	910	760	780	970	750	630	850	390	940	340	560	310	510	770	880	740	790	430	860	740	410	740	800	840	910	140	140	160	290	960	390	560	1000	990	380	560	670	400	690	920	570	370	970	740	910	710	300	380	850	1000	770	790	250	160	380	820	670	700	780	680	750	670	570	140	850	980	300	430	170	850	770	730	560	320	590	510	990	470	210	880	290	650	600	610	640	390	140	780	620	870	280	470	280	780	130	960	490	610	740	370	340	200	1000	270	210	990	690	610	640	230	110	500	960	490	670	910	370	920	500	1000	690	490	720	250	710	470	940	500	220	880	150	510	330	340	360	510	580	810	310	820	720	110	110	740	820	860	990	540	700	490	280	700	780	920	480	390	140	190	310	710	300	900	500	160	320	670	750	320	730	710	810	430	770	880	400	550	100	290	170	400	590	120	820	670	160	800	410	450	690	540	530	960	990	910	410	890	400	150	560	980	140	790	150	210	290	740	740	460	830	640	130	290	460	570	680	930	800	650	970	400	510	670	260	740	110	730	710	210	540	800	720	590	780	910	770	850	520	970	910	1000	870	590	820	670	990	430	950	740	390	900	250	550	240	640	410	710	250	630	590	500	990	290	920	380	730	460	860	170	980	290	660	170	450	520	990	940	870	830	720	730	200	110	560	910	510	620	640	280	960	860	120	150	180	150	200	990	230	620	370	100	160	430	280	520	410	480	550	290	170	590	210	490	280	700	140	770	280	350	470	980	950	910	630	600	480	180	820	320	800	140	800	270	280	990	300	940	390	140	100	340	440	280	1000	710	430	450	470	680	760	320	650	510	860	600	800	640	620	800	720	790	360	500	1000	360	230	780	460	960	100	130	980	690	340	470	860	850	130	900	330	410	940	280	700	490	340	410	490	720	240	930	500	190	190	450	410	990	480	390	300	280	110	120	220	900	560	820	400	690	930	740	240	490	290	780	300	520	830	930	120	620	880	960	650	890	110	560	690	800	760	300	470	420	130	680	230	810	600	990	120	770	710	600	850	460	430	580	950	230	240	520	380	730	300	680	120	900	980	640	620	730	410	300	550	630	490	530	890	240	550	690	770	740	300	360	770	430	220	220	630	1000	370	380	160	790	950	220	440	510	260	430	580	340	480	620	410	400	960	690	950	990	950	210	920	990	760	890	300	590	850	410	600	700	810	420	690	610	540	440	910	130	740	710	430	300	880	170	140	990	560	740	390	170	540	820	480	120	930	300	360	280	850	540	580	630	470	960	360	490	510	330	270	300	400	260	160	890	360	540	940	720	970	260	230	830	790	550	730	490	640	250	320	230	850	350	270	600	380	870	620	940	360	410	720	820	840	860	540	460	700	200	200	610	940	440	420	240	710	550	900	370	270	640	280	310	520	630	490	200	720	480	310	540	800	210	850	500	700	910	120	620	750	210	280	600	300	850	100	960	820	620	560	190	300	280	270	970	880	240	320	580	920	190	970	140	840	670	540	660	190	400	940	490	840	360	270	380	830	430	870	550	520	750	470	780	550	480	630	310	220	180	700	750	480	570	800	430	630	170	680	950	930	680	740	470	460	260	330	310	190	230	580	920	790	780	450	760	900	970	370	400	720	930	580	300	410	960	540	740	110	720	170	590	820	730	660	980	200	510	580	780	220	210	130	550	300	650	220	630	370	570	720	990	860	730	320	340	680	320	520	640	270	760	380	440	400	440	200	660	130	550	220	600	160	920	640	690	120	990	570	370	120	520	380	680	160	730	680	870	350	920	160	320	880	790	230	450	370	480	850	760	460	910	720	900	350	120	350	240	610	180	520	130	100	330	490	270	610	390	910	370	590	540	860	330	450	480	590	460	730	860	420	140	280	440	160	490	120	310	400	750	670	140	650	550	910	370	310	120	290	290	680	860	410	970	370	1000	970	510	400	160	450	280	500	600	170	920	490	500	880	810	860	300	870	990	200	640	410	340	800	580	870	850	270	450	430	520	260	490	610	640	650	800	570	620	720	340	540	250	450	770	380	810	320	540	650	230	640	980	510	1000	860	580	540	480	230	510	670	470	610	780	870	380	900	610	430	290	640	350	960	980	350	180	900	680	670	780	1000	410	620	790	810	920	160	220	690	980	980	160	230	820	460	440	690	760	570	800	720	800	850	880	130	200	500	800	390	740	1000	740	120	730	400	800	850	520	660	330	180	420	620	160	350	250	190	1000	100	360	500	950	780	420	320	460	400	310	750	960	880	130	620	510	1000	510	620	720	990	110	330	720	170	770	560	690	770	250	460	700	670	490	900	390	400	710	340	730	380	340	510	590	570	310	250	940	710	550	820	180	180	610	320	690	960	660	780	850	510	910	920	810	830	990	680	530	430	790	490	220	490	460	470	260	610	330	770	100	950	370	910	770	330	430	580	880	190	530	730	920	390	510	780	500	860	350	820	860	250	430	170	460	370	400	150	100	420	510	500	250	820	820	830	840	290	470	210	380	650	260	730	750	200	560	240	230	940	430	510	450	290	390	110	140	570	840	540	460	900	130	840	550	460	370	860	130	130	450	590	210	590	410	800	160	900	540	310	150	430	330	470	290	590	620	600	940	360	410	920	100	410	150	310	870	580	270	320	740	450	880	380	470	170	610	340	180	770	960	540	640	270	720	500	500	580	190	910	790	200	150	570	600	380	300	180	280	940	670	970	540	760	330	720	700	580	660	200	920	810	750	650	780	970	510	810	710	630	130	100	300	130	340	860	540	300	320	460	110	570	350	720	830	670	150	720	160	400	930	280	450	100	780	350	830	150	980	290	670	680	730	950	930	710	510	650	180	530	350	750	570	220	650	180	880	650	150	510	350	730	850	710	630	820	150	600	730	1000	940	970	440	340	910	160	330	430	250	510	100	250	160	530	840	520	350	170	390	380	780	1000	190	400	730	890	510	630	260	960	490	640	970	360	800	780	630	200	780	960	180	100	510	850	230	750	320	120	660	740	380	450	470	110	730	950	830	130	320	130	940	590	320	490	360	740	680	180	330	710	390	320	970	250	780	860	440	700	420	960	930	640	870	960	310	540	960	410	200	750	770	450	390	880	510	830	830	770	980	330	960	410	770	880	660	340	230	430	380	890	250	380	390	430	560	490	620	790	690	470	930	140	120	150	810	790	790	780	270	810	570	100	920	960	960	210	330	740	470	230	830	370	390	1000	740	530	780	730	510	840	720	1000	460	280	860	430	580	740	380	720	740	820	470	820	140	580	740	400	960	840	180	350	600	580	560	140	230	450	470	110	430	310	870	170	840	740	120	700	930	520	650	930	1000	310	610	570	970	1000	580	840	560	650	130	710	780	870	670	670	580	290	290	670	540	670	750	770	550	900	480	300	860	210	830	590	800	550	810	170	700	860	860	690	410	900	150	990	200	570	400	740	940	590	300	400	840	280	360	760	680	720	310	870	130	110	490	780	440	940	420	630	510	600	160	760	310	460	530	350	920	480	530	630	480	600	320	460	830	290	140	670	450	160	740	410	130	830	390	620	140	320	100	740	300	740	100	240	380	830	540	870	410	520	810	260	830	470	430	120	440	980	840	870	620	290	470	980	580	190	270	480	390	880	230	770	140	170	110	370	150	640	680	870	930	780	190	630	210	580	140	990	330	110	820	290	120	600	640	530	950	430	990	480	860	880	360	430	330	750	450	450	110	430	910	990	690	530	990	180	510	870	490	580	970	820	650	500	860	870	330	440	770	680	960	170	360	340	850	450	900	730	600	470	540	260	640	800	270	900	440	930	230	160	920	500	570	530	120	180	520	360	990	260	490	110	890	210	500	550	240	450	420	570	770	890	800	460	310	810	430	840	730	860	360	660	810	730	940	370	810	770	420	620	430	530	590	490	170	130	750	570	490	180	180	830	360	730	300	690	910	850	410	800	570	220	740	300	890	740	730	910	390	930	980	570	990	170	380	540	600	730	420	470	440	620	110	670	100	580	370	830	640	400	690	470	670	440	160	360	720	870	810	590	460	850	660	330	300	460	160	520	940	210	790	370	120	680	820	1000	750	980	710	640	590	850	700	570	830	270	750	660	390	990	370	900	230	450	120	440	230	500	740	670	540	920	220	190	470	910	330	450	870	370	460	880	280	510	210	810	210	290	880	820	430	270	930	760	870	730	860	100	590	470	870	170	930	690	600	950	590	390	890	200	550	530	790	990	580	850	550	400	560	180	880	120	920	140	340	400	870	480	410	130	640	460	640	260	560	940	700	790	420	580	940	550	850	860	850	900	590	180	500	240	290	240	660	640	270	210	350	830	440	670	520	190	300	700	710	750	510	920	700	380	160	470	370	930	510	470	570	130	110	200	260	570	840	680	390	170	890	930	590	530	990	650	890	700	470	450	210	210	150	750	490	580	410	810	560	270	950	400	860	370	520	120	370	160	550	920	220	850	970	970	400	430	600	490	470	760	250	730	260	600	200	900	260	380	210	540	300	240	590	960	560	260	720	750	310	170	190	480	750	690	390	630	490	960	840	260	410	430	110	370	820	510	910	130	180	920	560	570	100	680	480	740	400	570	720	110	160	370	760	550	770	760	870	490	220	310	550	540	650	740	210	430	310	380	680	260	590	800	150	750	230	860	470	200	760	310	550	950	220	200	360	680	300	240	380	690	880	460	520	680	880	170	720	430	880	150	690	300	350	820	260	840	430	450	290	240	280	720	410	890	110	750	310	770	270	840	310	220	510	250	690	740	550	150	980	560	420	100	690	840	760	910	390	380	690	370	740	480	960	160	430	910	550	120	410	930	130	860	900	980	570	480	340	930	960	390	140	990	560	470	410	430	170	140	510	510	700	300	480	350	850	1000	420	100	480	990	950	560	900	730	480	990	550	990	460	610	390	910	590	950	580	760	800	470	930	200	200	330	960	440	610	970	860	970	400	590	850	650	510	180	380	470	1000	770	850	370	970	290	250	370	910	360	860	290	560	1000	560	100	130	830	220	330	230	870	310	390	230	790	390	810	700	410	470	1000	190	850	390	800	800	100	410	820	190	230	700	990	910	410	410	760	490	650	220	760	380	470	190	330	910	750	960	1000	110	550	630	220	790	420	170	820	660	440	360	210	300	350	450	890	800	190	650	680	990	830	460	180	940	280	500	430	370	270	300	910	630	870	120	590	300	410	940	320	250	360	520	650	590	540	780	730	380	330	200	320	370	500	470	830	620	740	770	520	940	640	580	280	660	690	890	400	740	560	220	290	830	740	410	900	150	270	770	750	100	880	280	960	790	750	830	310	220	830	650	390	170	340	940	660	410	800	180	100	730	320	570	920	750	120	650	240	800	110	360	850	340	160	450	180	580	800	780	660	550	910	350	840	290	580	100	990	810	250	670	320	680	180	910	680	140	470	290	190	810	320	510	760	540	370	130	110	210	590	290	200	210	150	430	100	460	350	400	490	530	790	850	480	390	110	490	220	280	230	770	620	900	430	470	720	390	220	690	930	800	180	990	850	160	440	410	500	920	150	360	420	830	960	870	290	350	270	670	210	740	770	150	250	520	680	300	780	940	230	730	940	620	810	960	270	840	990	250	420	970	910	330	400	250	970	520	510	310	100	290	400	930	530	630	260	480	980	430	570	940	540	110	240	270	110	510	560	110	260	130	580	810	230	390	780	620	340	420	480	690	330	360	560	790	690	220	610	420	550	360	630	890	470	430	470	700	620	600	140	930	340	860	260	940	160	610	250	500	880	220	700	870	540	110	920	230	550	610	820	660	290	650	440	400	330	860	240	840	570	710	880	180	630	950	790	790	480	1000	450	970	880	270	700	850	730	240	850	900	200	230	430	840	430	840	570	740	870	580	610	350	850	660	780	490	910	180	130	650	650	320	240	820	340	700	100	920	100	110	830	680	440	750	370	890	510	960	350	620	750	900	870	720	830	520	560	250	500	780	640	1000	990	130	410	280	270	470	250	980	300	750	550	1000	840	540	470	780	320	400	780	450	940	510	330	320	370	820	160	760	590	1000	230	870	480	170	180	220	440	640	160	570	140	180	270	110	180	980	480	670	420	810	890	450	920	740	710	980	110	460	160	360	480	310	280	820	760	230	210	100	760	140	960	910	970	800	560	820	600	120	830	200	620	610	730	860	240	910	230	420	140	730	840	570	490	150	640	1000	490	180	840	390	210	370	1000	890	720	840	770	1000	520	100	750	180	970	980	960	760	620	890	380	140	230	380	630	460	380	140	210	160	260	780	640	910	790	760	740	770	490	850	110	470	510	410	150	170	680	140	640	230	970	840	590	410	480	260	450	920	340	780	610	460	180	550	740	310	710	230	860	370	640	650	880	450	950	890	660	420	430	370	990	420	690	480	480	870	490	940	810	880	270	190	670	810	890	170	410	870	460	660	570	270	300	670	410	310	600	650	950	960	680	160	930	160	840	910	180	700	170	790	410	980	440	790	960	840	820	500	770	650	610	700	840	350	880	140	840	300	570	370	200	910	430	740	980	890	880	350	790	220	340	660	770	860	300	390	540	530	240	570	410	160	550	770	640	260	220	870	310	440	380	420	780	490	240	760	750	700	320	310	830	980	410	540	470	700	660	170	430	670	170	870	530	730	230	960	600	120	930	380	710	640	340	480	1000	170	320	830	580	430	400	610	270	610	960	820	500	880	180	480	760	450	420	520	1000	440	110	240	960	990	790	310	110	730	810	240	750	240	570	510	110	660	910	470	770	180	790	1000	570	740	320	540	750	430	720	860	220	610	460	580	850	100	940	150	950	940	770	320	610	200	470	420	390	290	410	300	970	990	490	110	500	810	810	730	850	320	1000	160	670	420	500	910	240	110	580	520	810	180	770	640	950	760	690	670	440	960	530	680	130	170	590	290	220	220	670	350	370	250	940	660	230	960	710	160	950	950	800	140	290	530	270	310	390	570	670	480	440	560	250	240	910	300	770	400	170	1000	160	430	380	600	450	690	430	820	360	790	660	700	570	990	320	840	610	670	560	270	300	950	700	810	840	120	420	580	130	400	310	280	980	500	220	980	960	350	750	410	950	820	470	900	570	170	530	740	640	600	240	620	990	660	370	760	320	370	670	470	520	670	440	560	170	240	590	660	490	790	560	910	840	410	430	390	1000	860	630	170	330	430	180	450	150	760	400	920	180	230	870	890	540	580	730	990	800	450	660	930	210	130	420	940	930	460	510	720	840	200	610	570	290	990	710	880	770	110	610	350	140	590	270	650	110	540	440	950	400	610	620	420	780	190	110	460	450	290	300	500	630	940	540	280	870	890	510	360	910	700	580	580	900	330	190	710	380	170	420	150	380	840	330	390	220	460	130	530	210	410	740	900	430	840	350	160	240	930	750	250	750	180	190	830	540	330	600	570	530	160	800	750	700	650	490	630	260	630	290	400	330	750	120	910	730	1000	740	150	740	910	430	910	340	640	500	640	890	450	160	780	840	850	630	630	870	750	840	570	880	950	320	470	230	920	890	420	880	290	470	750	900	970	580	870	580	890	910	120	140	710	820	670	710	800	540	160	330	960	420	590	290	540	900	880	600	970	270	900	900	950	670	740	850	320	970	220	940	630	830	920	540	790	290	100	280	250	310	500	170	610	240	640	100	450	430	870	250	370	460	220	900	650	810	770	550	160	850	840	630	750	880	710	400	270	130	190	290	350	510	660	500	120	510	270	740	810	530	740	240	620	350	970	200	280	450	350	370	620	290	550	340	130	390	290	640	590	140	380	280	250	180	1000	550	810	410	580	260	950	410	540	560	230	290	760	270	230	630	790	650	900	800	280	400	130	650	960	910	840	720	460	940	520	240	920	470	980	220	120	420	380	430	610	280	730	980	890	630	110	470	940	390	380	540	810	850	590	790	740	290	310	130	110	380	790	490	170	490	630	320	500	710	660	570	830	380	170	970	330	720	1000	240	970	500	300	210	640	560	820	370	370	130	870	990	650	300	760	480	630	630	720	390	380	600	640	980	300	630	250	190	930	210	510	900	310	920	800	220	450	400	930	560	460	130	320	510	380	920	870	510	840	210	700	990	290	150	820	330	900	380	470	320	340	910	320	850	350	850	250	260	660	1000	840	540	320	400	760	460	1000	820	720	850	150	760	830	690	170	270	940	790	380	580	860	610	350	910	770	890	790	640	500	150	660	980	170	330	520	570	850	110	120	790	180	700	130	650	680	800	340	920	340	680	160	190	1000	260	470	650	650	270	490	560	820	510	370	820	250	360	770	160	510	650	500	770	180	770	680	980	570	510	390	460	540	460	790	390	440	730	560	140	870	930	300	580	810	260	850	530	710	550	980	780	190	380	500	980	610	310	810	950	190	460	300	310	510	150	910	370	820	470	690	570	270	200	840	100	290	110	210	140	980	540	580	390	170	500	630	360	930	170	460	140	520	970	930	800	720	1000	170	820	360	770	980	390	580	870	500	130	340	330	620	430	300	160	460	340	870	870	480	220	370	400	410	410	480	270	680	260	540	210	210	640	370	990	150	580	740	210	820	430	890	440	480	210	210	460	780	450	400	650	170	930	240	430	730	500	860	840	410	450	930	260	720	330	650	670	870	440	470	1000	170	770	270	380	160	380	750	830	540	990	190	720	630	220	500	350	300	590	690	780	670	500	320	280	230	450	420	690	960	610	380	320	580	760	490	470	930	990	410	640	740	700	810	660	570	610	480	740	180	930	640	110	120	970	390	160	630	430	380	550	390	910	260	750	620	580	100	220	430	480	850	360	810	240	150	400	920	110	510	310	390	310	600	620	920	810	440	380	450	950	700	930	480	680	290	720	750	360	930	250	770	600	440	580	990	180	920	470	710	520	620	590	170	640	960	850	180	230	130	380	780	100	290	390	430	410	640	700	740	520	940	280	870	580	130	830	920	140	700	530	240	140	850	380	640	300	870	720	640	650	130	710	500	350	960	330	580	180	210	720	960	630	440	500	310	930	480	120	930	490	150	650	420	920	330	500	410	510	460	260	870	220	600	540	910	910	330	300	720	300	580	510	510	590	210	170	840	540	360	410	360	780	690	520	610	220	530	320	400	730	240	430	710	810	670	660	420	170	140	960	770	640	250	540	230	820	850	660	840	760	620	720	800	620	140	840	150	410	570	720	720	880	740	980	360	110	660	730	350	120	600	290	890	450	650	730	610	730	760	260	250	940	970	440	910	710	320	780	610	330	550	170	790	500	320	140	700	130	120	170	350	820	830	460	140	340	190	890	730	110	690	230	270	420	580	420	360	920	790	1000	490	410	130	970	450	110	700	480	680	480	510	360	680	950	1000	120	280	360	770	530	290	990	700	240	240	160	620	220	910	310	200	990	480	290	400	670	720	450	960	700	900	450	840	220	200	370	260	930	840	640	450	930	140	800	710	260	930	730	470	370	520	180	640	660	590	970	940	950	900	530	830	930	560	410	120	880	860	150	270	420	520	470	370	170	640	490	130	130	730	710	200	880	760	740	250	720	510	1000	660	870	780	1000	560	410	410	330	940	740	590	690	960	440	270	810	490	960	960	400	800	570	910	890	450	830	750	340	670	730	800	320	410	160	700	480	570	400	990	190	780	730	610	170	730	530	770	350	230	200	100	510	880	800	540	530	500	560	350	780	420	980	900	700	300	750	270	920	180	310	790	130	480	320	680	260	600	700	550	700	100	190	500	360	300	450	430	120	240	700	790	570	970	870	280	980	860	810	350	900	300	430	190	410	510	500	440	360	330	600	490	690	240	660	550	940	510	800	530	560	940	440	680	660	900	160	750	220	430	460	950	240	940	250	390	470	320	770	250	210	140	430	920	610	620	400	780	170	340	170	960	870	210	310	220	630	830	500	620	580	110	490	970	600	950	360	960	120	430	460	390	720	760	870	900	590	260	710	290	150	980	370	310	740	850	840	200	100	910	530	210	810	570	510	270	290	510	670	490	460	290	750	700	950	400	170	150	100	460	360	600	100	710	730	610	170	250	500	140	840	510	660	330	620	150	930	220	860	310	560	450	100	950	620	590	440	910	580	210	980	930	250	570	420	290	890	520	610	900	580	620	810	280	330	260	510	640	530	710	100	900	520	940	750	890	640	680	960	310	290	910	980	900	210	380	580	110	500	240	580	140	480	550	510	680	530	270	520	310	260	950	320	840	700	570	650	660	210	120	390	580	830	880	550	520	910	360	1000	940	330	500	160	610	290	420	690	900	370	280	440	580	780	330	170	990	740	640	610	740	630	560	160	290	840	870	320	830	280	240	520	480	810	680	690	520	760	650	280	910	640	820	360	150	770	410	410	220	750	790	190	630	630	770	590	530	770	540	190	930	220	680	610	730	880	840	710	570	890	890	340	600	270	330	590	520	200	410	400	320	640	630	450	950	530	710	280	970	400	990	410	600	450	840	180	280	210	630	990	970	440	170	850	600	520	200	830	780	200	580	860	290	240	860	730	680	500	820	370	850	970	790	820	690	690	230	600	320	690	570	920	490	460	400	930	430	720	290	260	240	370	690	550	490	770	980	130	800	230	840	420	580	970	890	970	310	640	250	500	400	540	270	800	130	470	420	840	200	630	370	400	280	410	500	680	900	840	600	180	860	510	710	150	420	650	920	680	790	710	170	450	170	260	940	660	230	520	350	720	180	560	160	880	280	600	130	630	890	870	630	670	350	120	910	490	910	750	990	920	550	280	180	120	770	210	950	310	290	680	680	710	840	180	710	760	350	420	720	100	170	690	680	260	850	570	610	900	750	510	800	400	340	460	690	120	870	530	390	480	760	610	880	210	510	770	280	920	1000	900	510	780	750	410	690	360	100	820	920	910	800	170	420	130	750	230	400	300	790	420	510	110	630	830	800	950	820	590	710	360	270	940	350	660	790	450	850	480	620	210	920	540	700	660	890	850	440	230	100	810	400	620	580	640	260	960	360	380	360	160	380	910	170	570	790	700	830	110	630	480	910	990	160	530	470	610	290	830	660	180	100	880	480	900	630	1000	760	690	350	450	900	200	310	430	270	950	130	390	430	280	260	210	310	960	220	840	480	330	520	990	890	310	480	540	540	860	690	950	670	640	250	270	780	530	700	840	620	950	860	510	230	520	310	990	210	180	450	800	720	860	940	240	900	180	140	580	220	450	300	740	460	110	740	340	820	290	260	380	180	230	390	770	840	350	660	210	210	680	330	890	130	240	170	990	260	380	630	760	310	1000	320	480	790	220	990	540	450	580	120	330	910	470	1000	820	260	820	810	650	100	160	600	560	590	380	590	470	900	300	420	910	240	170	320	920	510	440	470	890	940	980	380	910	490	620	360	140	750	560	210	150	270	770	380	890	790	620	800	310	590	950	590	830	140	980	960	510	300	740	550	490	450	610	450	850	360	500	830	150	960	270	360	800	710	170	150	910	780	790	860	490	180	540	150	510	280	300	120	720	410	150	360	500	650	840	620	120	410	160	220	600	770	160	130	860	290	970	300	560	770	590	840	520	930	640	660	720	510	420	930	240	370	720	310	300	790	220	700	310	710	870	150	120	170	300	120	440	850	720	780	330	500	440	280	680	920	900	430	330	520	610	490	510	680	730	840	890	320	140	710	940	220	520	1000	190	880	490	400	420	990	650	240	280	890	820	800	640	440	230	790	450	170	730	700	120	300	340	530	520	750	190	200	630	990	330	990	390	700	370	170	770	640	230	400	620	120	670	890	880	150	990	320	400	400	860	170	200	700	120	290	340	350	200	500	680	300	910	1000	240	150	740	290	340	640	770	560	510	230	630	460	420	120	220	430	840	850	840	150	670	150	300	510	860	640	380	860	450	820	440	790	150	1000	550	520	540	610	470	930	260	170	670	320	550	880	900	910	430	400	740	170	220	880	290	960	270	440	230	210	780	380	600	640	960	660	980	430	610	630	590	690	700	680	530	660	280	420	630	530	690	750	610	620	330	870	320	210	640	710	920	440	920	740	140	860	520	550	460	280	610	160	120	330	500	280	550	440	310	510	570	240	310	260	740	610	200	400	430	610	380	360	960	450	610	880	470	880	170	530	490	150	150	680	650	620	160	600	650	120	910	910	980	780	620	150	570	390	250	540	770	200	520	350	120	400	960	800	480	860	750	140	180	670	190	640	780	960	680	150	480	910	290	320	120	430	310	540	140	860	240	590	120	930	900	860	970	320	670	810	850	280	910	610	830	920	690	980	940	640	140	530	890	890	170	890	820	440	390	860	150	810	180	140	140	660	610	800	100	190	810	500	910	460	330	450	160	290	1000	590	750	320	300	400	100	260	710	480	440	750	700	780	440	810	730	1000	810	940	230	390	800	750	960	410	540	380	700	720	410	690	160	620	860	230	900	730	240	820	450	230	990	410	440	170	130	600	780	950	300	820	890	640	380	310	470	180	920	620	480	280	750	300	690	560	410	360	950	480	520	560	150	850	550	730	470	130	670	800	250	460	270	180	250	950	620	700	950	920	870	160	240	480	850	660	260	760	960	820	930	570	960	650	160	100	960	310	120	950	760	470	310	990	910	130	150	760	850	960	810	570	810	570	550	830	870	990	240	570	650	860	710	160	660	1000	740	200	830	910	550	540	160	560	590	620	240	630	890	790	960	450	130	830	520	250	470	680	390	170	730	670	590	1000	580	870	850	480	750	100	540	140	440	430	300	870	610	810	550	270	500	620	960	510	710	740	150	240	270	530	480	120	920	170	640	180	310	330	850	450	430	580	870	530	320	230	800	160	180	450	500	570	680	860	120	330	560	960	830	980	650	640	100	980	820	700	130	630	570	210	180	740	740	440	830	390	990	920	160	570	680	210	920	170	890	390	260	690	220	750	470	240	390	610	150	590	840	380	620	190	970	240	700	480	590	530	560	970	650	930	680	250	500	500	450	980	360	1000	970	700	900	170	450	900	250	110	400	950	370	620	340	890	480	660	740	370	440	280	790	620	270	290	460	900	240	890	580	360	220	160	860	420	650	580	300	110	610	900	530	750	490	680	230	770	650	970	860	160	850	240	860	940	780	980	820	130	170	170	910	680	810	260	240	500	130	250	880	380	960	560	730	920	270	330	640	460	410	870	760	400	810	280	500	560	660	860	340	200	700	830	370	580	640	810	550	380	210	1000	320	340	650	520	980	840	210	980	920	680	690	230	720	710	920	670	630	850	930	130	800	190	230	290	170	760	240	820	320	750	520	360	140	310	470	520	660	940	900	780	360	450	570	720	140	520	180	820	420	660	550	780	160	270	840	860	400	250	330	940	510	840	380	290	570	820	710	260	360	920	750	670	690	250	590	640	980	690	810	580	440	510	480	960	860	770	380	840	900	340	200	860	420	760	200	210	440	530	800	920	280	170	990	150	440	240	550	320	320	260	260	800	890	350	630	220	160	820	160	300	350	600	210	540	960	250	220	770	210	890	950	600	900	470	890	950	620	930	290	860	900	200	880	530	310	270	100	940	960	730	830	780	430	130	370	310	940	750	230	890	100	720	240	560	990	950	110	380	540	140	1000	620	650	290	270	120	320	770	120	360	820	500	640	890	320	300	980	370	450	170	330	320	410	740	870	570	160	790	520	460	480	600	760	710	350	910	660	790	720	470	550	330	360	670	280	110	480	700	450	400	520	270	850	320	930	100	620	400	920	570	440	920	780	160	330	620	900	440	470	710	740	300	100	600	760	490	860	470	640	360	860	820	720	860	1000	620	910	680	560	310	170	990	930	400	470	830	340	770	490	610	300	650	190	270	610	770	990	940	390	470	540	780	860	160	430	360	940	450	870	620	920	240	760	650	130	130	820	570	340	160	270	650	990	440	940	770	970	980	410	670	180	160	950	640	630	180	210	710	240	420	750	1000	270	530	880	300	410	670	330	220	180	900	110	440	660	150	670	470	100	860	480	680	660	460	390	400	770	890	800	900	390	890	310	580	230	630	330	260	960	710	800	710	260	200	690	570	730	390	890	170	200	590	520	300	980	460	520	520	190	850	450	770	770	330	650	150	300	900	830	300	960	230	970	190	170	950	900	200	540	990	680	710	660	480	300	240	320	930	520	730	630	240	390	630	260	450	270	
10
