6426
120
2
90
0	48	0	0	48	0	0	48	0	0	0	48	48	0	0	48	0	0	0	0	0	0	0	0	0	0	0	48	0	0	0	0	0	0	48	0	0	0	0	0	0	0	0	0	0	0	0	0	0	0	0	0	0	0	48	0	0	0	48	0	0	0	0	0	48	0	0	0	0	0	0	0	0	0	0	0	0	0	0	0	0	0	0	0	0	0	0	0	0	0	0	0	0	0	0	0	0	0	0	0	0	0	0	0	0	0	0	0	0	0	0	0	0	0	0	0	0	0	0	0	
48	0	0	0	0	0	0	0	0	0	0	0	0	0	0	0	0	0	0	0	0	0	0	0	0	0	0	0	0	0	0	0	0	0	0	0	0	0	0	0	0	0	0	0	0	0	0	0	0	48	0	0	0	0	0	0	0	0	0	0	0	0	0	0	0	48	0	0	0	0	0	0	0	0	0	0	0	0	0	0	0	0	0	0	0	0	0	0	0	0	0	0	0	0	0	0	0	0	0	0	0	0	0	0	0	0	0	0	0	0	0	0	0	0	0	0	0	0	0	0	
0	0	0	0	0	0	0	0	0	0	0	0	0	0	0	0	0	0	0	0	0	0	0	0	0	0	0	0	0	0	0	0	0	0	0	0	0	0	0	0	0	48	0	0	0	0	0	0	0	0	0	0	0	0	0	0	0	0	0	0	0	0	0	0	0	0	0	0	0	0	0	0	0	0	0	0	0	0	0	0	0	0	0	0	0	0	0	0	0	0	0	0	0	0	0	0	0	0	0	0	0	0	0	0	0	0	0	0	0	0	0	48	0	0	0	0	0	0	0	0	
0	0	0	0	0	48	0	0	0	0	0	0	0	0	0	0	0	0	0	0	0	0	0	0	0	0	0	0	0	0	0	0	0	0	0	0	0	0	0	0	0	0	0	0	0	0	0	0	0	0	0	0	0	0	0	0	0	0	0	0	0	0	0	0	0	0	0	0	0	0	0	0	0	0	0	0	0	0	0	0	0	0	0	0	0	0	0	0	0	0	0	0	0	0	0	0	0	0	0	0	0	0	48	0	0	0	0	0	0	0	0	0	0	0	0	0	0	0	0	0	
48	0	0	0	0	0	0	0	0	0	0	0	0	0	0	0	0	0	0	0	0	0	0	0	0	0	0	0	0	0	0	0	0	0	0	0	0	0	0	0	0	0	0	0	0	0	0	0	0	0	0	0	0	0	0	0	0	0	0	0	0	0	0	0	0	0	0	0	0	0	48	0	0	0	0	0	0	0	0	0	0	0	0	0	0	48	0	0	0	0	0	0	0	0	0	0	0	0	0	0	0	0	0	0	0	0	0	0	0	0	0	0	0	0	0	0	0	0	0	0	
0	0	0	48	0	0	0	0	0	0	0	0	0	0	0	0	0	0	0	0	0	0	0	0	0	0	0	0	0	0	0	0	0	0	0	0	0	0	0	0	0	0	0	0	0	0	0	0	0	0	0	0	0	0	0	0	0	0	0	0	48	0	0	0	0	0	0	0	0	0	0	0	0	0	0	0	0	0	0	0	0	0	0	0	0	0	0	0	0	0	0	0	0	0	0	0	0	0	0	0	0	0	0	0	0	0	0	0	0	0	0	0	0	0	0	0	0	0	0	0	
0	0	0	0	0	0	0	0	0	0	0	0	0	0	0	0	0	0	48	0	0	0	0	0	0	48	0	0	0	0	0	0	0	0	0	0	0	0	0	0	0	0	0	0	0	0	0	0	0	0	0	0	0	0	0	0	0	0	0	0	0	0	0	0	0	0	0	0	0	0	0	0	0	0	0	0	0	0	0	0	0	0	0	0	0	0	0	0	0	0	0	0	0	0	0	0	0	0	0	0	0	0	0	0	0	0	0	0	0	0	0	0	0	0	0	0	0	0	0	0	
48	0	0	0	0	0	0	0	0	0	0	0	0	0	0	0	0	0	0	0	0	0	0	0	0	0	0	0	0	0	0	0	0	0	0	0	0	0	0	0	0	0	0	48	0	0	0	0	0	0	0	48	0	0	0	0	0	0	0	0	0	0	0	0	0	0	0	0	0	0	0	0	0	0	0	0	0	0	0	0	0	0	0	0	0	0	0	0	0	0	0	0	0	0	0	0	0	0	0	0	0	0	0	0	0	0	0	0	0	0	0	0	0	0	0	0	0	0	0	0	
0	0	0	0	0	0	0	0	0	0	0	0	0	0	0	0	0	0	0	0	0	0	0	0	0	0	0	0	0	0	0	0	0	0	0	0	0	0	0	0	0	0	0	0	0	0	0	0	0	0	0	0	0	0	0	0	0	0	0	0	0	0	0	0	0	0	0	0	0	0	0	0	0	0	0	0	0	0	0	0	0	0	0	0	0	0	0	0	0	0	0	0	0	0	48	0	48	0	0	0	0	0	0	0	0	0	0	0	0	0	0	0	0	0	0	0	0	0	0	0	
0	0	0	0	0	0	0	0	0	0	0	0	0	0	0	0	0	0	0	0	0	0	0	48	0	0	0	0	0	0	0	0	0	0	0	0	0	0	0	0	0	0	0	0	0	0	0	0	0	0	0	0	0	0	0	0	0	0	0	0	0	0	0	0	0	0	0	0	0	0	0	0	0	0	0	0	0	0	48	0	0	0	0	0	0	0	0	0	0	0	0	0	0	0	0	0	0	0	0	0	0	0	0	0	0	0	0	0	0	0	0	0	0	0	0	0	0	0	0	0	
0	0	0	0	0	0	0	0	0	0	0	0	48	0	0	0	0	0	0	48	0	0	0	0	0	0	0	0	0	0	0	0	0	0	0	0	0	0	0	0	0	0	0	0	0	0	0	0	0	0	0	0	0	0	0	0	0	0	0	0	0	0	0	0	0	0	0	0	0	0	0	0	0	0	0	0	0	0	0	0	0	0	0	0	0	0	0	0	0	0	0	0	0	0	0	0	0	0	0	0	0	0	0	0	0	0	0	0	0	0	0	0	0	0	0	0	0	0	0	0	
48	0	0	0	0	0	0	0	0	0	0	0	0	0	0	0	0	0	0	0	0	0	0	0	0	0	0	0	0	0	0	0	0	0	0	0	48	0	0	0	0	0	0	0	0	0	0	0	0	0	0	0	0	0	0	0	0	0	0	0	0	0	0	0	0	0	0	0	0	0	0	0	0	0	0	0	0	0	0	0	0	0	0	0	0	0	0	0	0	0	0	0	0	0	0	0	0	0	0	0	0	0	0	0	0	0	0	0	0	0	0	0	0	0	0	48	0	0	0	0	
48	0	0	0	0	0	0	0	0	0	48	0	0	0	0	0	0	0	0	0	0	0	0	0	0	0	0	0	0	0	0	0	0	0	0	0	0	0	0	0	0	0	0	0	0	0	0	0	0	0	0	0	0	0	0	0	0	0	0	0	0	0	0	0	0	0	0	0	0	0	0	0	0	0	0	0	0	0	0	0	0	0	0	0	0	0	0	0	0	0	0	0	0	0	0	0	0	0	0	0	0	0	0	0	0	0	0	0	0	0	0	0	0	0	0	0	0	0	0	0	
0	0	0	0	0	0	0	0	0	0	0	0	0	0	0	0	0	0	0	0	0	0	0	0	0	0	0	0	0	0	0	0	0	0	0	0	0	0	0	0	0	0	0	0	0	0	0	0	0	0	0	0	0	0	0	0	0	48	0	0	0	0	0	0	0	0	0	0	0	0	0	0	0	0	0	0	0	0	0	0	0	0	0	0	48	0	0	0	0	0	0	0	0	0	0	0	0	0	0	0	0	0	0	0	0	0	0	0	0	0	0	0	0	0	0	0	0	0	0	0	
0	0	0	0	0	0	0	0	0	0	0	0	0	0	0	0	0	0	0	0	0	0	0	0	0	0	0	0	0	0	48	0	0	0	0	0	0	0	0	0	0	0	0	0	0	0	0	0	0	0	0	0	0	0	0	0	0	0	0	0	0	0	0	0	0	0	0	0	0	0	0	0	0	0	0	0	0	0	0	0	0	0	0	0	0	0	0	0	0	0	0	0	0	0	0	0	0	0	0	0	0	0	0	0	0	0	0	0	0	0	0	0	0	0	48	0	0	0	0	0	
48	0	0	0	0	0	0	0	0	0	0	0	0	0	0	0	0	0	0	0	0	0	0	0	0	0	0	0	0	0	0	0	0	48	0	0	0	0	0	0	0	0	0	0	0	0	0	0	0	0	0	0	0	0	0	0	0	0	0	0	0	0	0	0	0	0	0	0	0	0	0	0	0	0	0	0	0	0	0	0	0	0	0	0	0	0	0	0	0	0	0	0	0	0	0	0	0	0	0	0	0	0	0	0	0	0	0	48	0	0	0	0	0	0	0	0	0	0	0	0	
0	0	0	0	0	0	0	0	0	0	0	0	0	0	0	0	0	0	0	0	0	0	0	0	0	0	0	0	0	0	0	0	0	0	0	0	0	0	0	0	0	0	0	0	0	0	0	0	0	0	0	0	48	0	0	0	0	0	0	0	0	0	0	0	0	0	0	0	0	0	0	0	0	0	0	0	0	0	0	0	0	0	0	0	0	0	0	0	0	0	0	0	0	0	0	0	0	0	0	0	0	0	0	0	0	0	48	0	0	0	0	0	0	0	0	0	0	0	0	0	
0	0	0	0	0	0	0	0	0	0	0	0	0	0	0	0	0	0	0	0	0	0	0	0	0	0	0	0	0	48	0	0	0	0	0	0	0	0	0	0	0	0	0	0	0	0	0	0	0	0	0	0	0	0	0	0	0	0	0	0	0	0	0	0	0	0	0	0	0	0	0	0	0	48	0	0	0	0	0	0	0	0	0	0	0	0	0	0	0	0	0	0	0	0	0	0	0	0	0	0	0	0	0	0	0	0	0	0	0	0	0	0	0	0	0	0	0	0	0	0	
0	0	0	0	0	0	48	0	0	0	0	0	0	0	0	0	0	0	0	0	0	0	0	0	0	0	0	0	0	0	0	0	0	0	0	0	0	0	0	0	0	0	0	0	0	0	0	0	0	0	0	0	0	0	0	0	0	0	0	0	0	0	0	0	0	0	0	0	0	0	0	0	0	0	0	0	0	0	0	0	0	0	0	0	0	0	0	0	0	0	0	0	0	48	0	0	0	0	0	0	0	0	0	0	0	0	0	0	0	0	0	0	0	0	0	0	0	0	0	0	
0	0	0	0	0	0	0	0	0	0	48	0	0	0	0	0	0	0	0	0	0	0	48	0	0	0	0	0	0	0	0	0	0	0	0	0	0	0	0	0	0	0	0	0	0	0	0	0	0	0	0	0	0	0	0	0	0	0	0	0	0	0	0	0	0	0	0	0	0	0	0	0	0	0	0	0	0	0	0	0	0	0	0	0	0	0	0	0	0	0	0	0	0	0	0	0	0	0	0	0	0	0	0	0	0	0	0	0	0	0	0	0	0	0	0	0	0	0	0	0	
0	0	0	0	0	0	0	0	0	0	0	0	0	0	0	0	0	0	0	0	0	0	0	0	0	0	0	0	0	0	0	0	0	0	0	0	0	0	0	0	0	0	0	0	0	0	0	0	0	0	0	0	0	0	0	0	0	0	0	48	0	0	0	0	0	0	0	0	0	0	0	0	0	0	0	0	0	0	0	0	0	0	0	0	0	0	0	0	0	0	0	0	0	0	0	0	0	0	0	0	0	0	0	0	0	0	0	0	0	0	0	0	0	0	0	0	0	0	0	48	
0	0	0	0	0	0	0	0	0	0	0	0	0	0	0	0	0	0	0	0	0	0	0	0	0	0	0	0	0	0	0	0	0	0	0	0	0	0	0	0	0	0	0	0	0	0	48	0	0	0	0	0	0	0	0	0	0	0	0	0	0	0	0	0	0	0	0	0	0	0	0	0	0	48	0	0	0	0	0	0	0	0	0	0	0	0	0	0	0	0	0	0	0	0	0	0	0	0	0	0	0	0	0	0	0	0	0	0	0	0	0	0	0	0	0	0	0	0	0	0	
0	0	0	0	0	0	0	0	0	0	0	0	0	0	0	0	0	0	0	48	0	0	0	0	0	0	0	0	0	0	0	0	0	0	0	0	0	0	0	0	0	0	0	0	0	0	0	0	0	0	0	0	0	0	0	0	0	0	0	48	0	0	0	0	0	0	0	0	0	0	0	0	0	0	0	0	0	0	0	0	0	0	0	0	0	0	0	0	0	0	0	0	0	0	0	0	0	0	0	0	0	0	0	0	0	0	0	0	0	0	0	0	0	0	0	0	0	0	0	0	
0	0	0	0	0	0	0	0	0	48	0	0	0	0	0	0	0	0	0	0	0	0	0	0	0	0	0	0	0	0	0	0	0	0	0	0	0	0	0	0	0	0	0	0	0	0	0	0	0	0	0	0	48	0	0	0	0	0	0	0	0	0	0	0	0	0	0	0	0	0	0	0	0	0	0	0	0	0	0	0	0	0	0	0	0	0	0	0	0	0	0	0	0	0	0	0	0	0	0	0	0	0	0	0	0	0	0	0	0	0	0	0	0	0	0	0	0	0	0	0	
0	0	0	0	0	0	0	0	0	0	0	0	0	0	0	0	0	0	0	0	0	0	0	0	0	0	0	0	0	48	0	0	0	0	0	0	0	0	0	0	0	0	0	0	0	0	0	0	0	0	0	0	0	0	0	0	0	0	0	0	0	0	0	0	0	0	0	0	0	0	0	0	0	0	0	0	0	0	0	0	0	0	0	0	0	0	0	0	0	0	0	0	0	0	0	0	0	0	0	0	0	0	0	0	0	0	0	0	0	48	0	0	0	0	0	0	0	0	0	0	
0	0	0	0	0	0	48	0	0	0	0	0	0	0	0	0	0	0	0	0	0	0	0	0	0	0	0	0	0	0	0	0	0	0	0	0	0	0	0	0	0	0	0	0	0	0	0	0	0	0	0	0	0	0	0	0	0	0	0	0	0	0	0	0	0	0	0	0	0	0	0	0	0	0	0	0	0	0	0	0	0	0	0	0	0	0	0	0	0	0	0	0	0	0	0	0	0	0	0	0	0	0	0	0	0	0	0	0	48	0	0	0	0	0	0	0	0	0	0	0	
0	0	0	0	0	0	0	0	0	0	0	0	0	0	0	0	0	0	0	0	0	0	0	0	0	0	0	0	0	0	0	48	0	0	0	0	0	0	0	0	0	0	0	0	0	0	0	0	0	0	0	0	0	0	0	0	0	0	0	0	0	0	0	0	0	0	0	0	48	0	0	0	0	0	0	0	0	0	0	0	0	0	0	0	0	0	0	0	0	0	0	0	0	0	0	0	0	0	0	0	0	0	0	0	0	0	0	0	0	0	0	0	0	0	0	0	0	0	0	0	
48	0	0	0	0	0	0	0	0	0	0	0	0	0	0	0	0	0	0	0	0	0	0	0	0	0	0	0	0	0	0	0	0	0	0	0	0	0	0	0	0	0	0	0	0	0	0	0	0	0	0	0	0	0	0	0	0	0	0	0	0	0	0	0	0	0	0	0	0	0	0	0	0	0	0	0	0	0	0	0	48	0	0	0	0	0	0	0	0	0	0	0	0	0	0	0	0	0	0	0	0	48	0	0	0	0	0	0	0	0	0	0	0	0	0	0	0	0	0	0	
0	0	0	0	0	0	0	0	0	0	0	0	0	0	0	0	0	0	0	0	0	0	0	0	0	0	0	0	0	0	0	0	0	0	0	0	0	0	0	0	0	0	0	0	0	0	0	0	0	0	0	0	0	0	0	0	0	0	0	0	0	0	0	0	0	0	0	0	0	0	0	0	0	0	0	0	0	0	0	48	0	0	0	0	0	0	0	0	0	0	0	0	0	0	0	0	0	0	0	0	0	0	0	0	0	0	48	0	0	0	0	0	0	0	0	0	0	0	0	0	
0	0	0	0	0	0	0	0	0	0	0	0	0	0	0	0	0	48	0	0	0	0	0	0	48	0	0	0	0	0	0	0	0	0	0	0	0	0	0	0	0	0	0	0	0	0	0	0	0	0	0	0	0	0	0	0	0	0	0	0	0	0	0	0	0	0	0	0	0	0	0	0	0	0	0	0	0	0	0	0	0	0	0	0	0	0	0	0	0	0	0	0	0	0	0	0	0	0	0	0	0	0	0	0	0	0	0	0	0	0	0	0	0	0	0	0	0	0	0	0	
0	0	0	0	0	0	0	0	0	0	0	0	0	0	48	0	0	0	0	0	0	0	0	0	0	0	0	0	0	0	0	0	0	0	0	0	0	0	0	48	0	0	0	0	0	0	0	0	0	0	0	0	0	0	0	0	0	0	0	0	0	0	0	0	0	0	0	0	0	0	0	0	0	0	0	0	0	0	0	0	0	0	0	0	0	0	0	0	0	0	0	0	0	0	0	0	0	0	0	0	0	0	0	0	0	0	0	0	0	0	0	0	0	0	0	0	0	0	0	0	
0	0	0	0	0	0	0	0	0	0	0	0	0	0	0	0	0	0	0	0	0	0	0	0	0	0	48	0	0	0	0	0	0	0	0	0	0	0	0	0	0	0	0	0	0	0	0	0	0	0	0	0	0	0	0	0	0	0	0	0	0	0	0	0	0	0	0	0	0	0	0	0	0	0	0	0	0	0	0	0	0	0	0	0	0	0	0	0	0	0	0	0	0	0	0	0	0	0	0	0	0	0	0	0	0	0	0	48	0	0	0	0	0	0	0	0	0	0	0	0	
0	0	0	0	0	0	0	0	0	0	0	0	0	0	0	0	0	0	0	0	0	0	0	0	0	0	0	0	0	0	0	0	0	0	0	0	0	0	0	0	0	0	0	0	0	0	0	0	0	0	0	0	0	0	0	0	0	0	0	0	0	0	0	0	0	0	0	0	0	0	0	0	0	0	0	0	0	0	0	0	0	0	0	0	0	0	48	0	0	0	0	0	0	0	0	0	0	0	0	0	0	0	0	0	0	0	0	0	0	0	0	0	0	0	0	0	0	0	0	48	
0	0	0	0	0	0	0	0	0	0	0	0	0	0	0	48	0	0	0	0	0	0	0	0	0	0	0	0	0	0	0	0	0	0	0	0	0	0	0	0	0	0	0	0	0	0	0	0	0	0	0	0	0	0	0	0	0	0	0	0	0	0	0	0	0	0	0	0	0	0	0	0	0	0	0	0	0	48	0	0	0	0	0	0	0	0	0	0	0	0	0	0	0	0	0	0	0	0	0	0	0	0	0	0	0	0	0	0	0	0	0	0	0	0	0	0	0	0	0	0	
48	0	0	0	0	0	0	0	0	0	0	0	0	0	0	0	0	0	0	0	0	0	0	0	0	0	0	0	0	0	0	0	0	0	0	0	0	0	0	0	0	0	0	0	0	0	0	0	0	0	0	0	0	0	0	0	0	0	0	0	0	0	0	0	0	0	0	0	0	0	0	0	0	0	0	0	0	0	0	0	0	0	0	0	0	0	0	0	0	0	0	48	0	0	0	0	0	0	0	0	0	0	0	0	0	0	0	0	0	0	0	0	0	48	0	0	0	0	0	0	
0	0	0	0	0	0	0	0	0	0	0	0	0	0	0	0	0	0	0	0	0	0	0	0	0	0	0	0	0	0	0	0	0	0	0	0	0	0	0	0	0	0	0	0	0	0	0	0	0	0	0	0	0	0	0	0	0	0	0	0	0	0	0	0	0	0	0	0	0	0	0	0	0	0	0	0	0	0	0	0	48	0	0	0	0	0	0	0	0	0	0	0	0	0	0	0	0	0	0	0	0	48	0	0	0	0	0	0	0	0	0	0	0	0	0	0	0	0	0	0	
0	0	0	0	0	0	0	0	0	0	0	48	0	0	0	0	0	0	0	0	0	0	0	0	0	0	0	0	0	0	0	0	0	0	0	0	0	0	0	0	0	0	0	0	0	0	0	0	0	0	0	0	0	0	0	0	0	0	0	0	0	0	0	0	0	0	0	0	0	0	0	0	0	0	0	0	0	0	0	0	0	0	0	0	0	0	0	0	0	0	0	0	0	0	0	0	0	0	0	0	0	0	0	0	0	0	0	0	0	0	0	0	0	0	0	48	0	0	0	0	
0	0	0	0	0	0	0	0	0	0	0	0	0	0	0	0	0	0	0	0	0	0	0	0	0	0	0	0	0	0	0	0	0	0	0	0	0	0	0	0	0	0	0	0	0	0	0	0	0	0	0	0	0	0	0	0	48	0	0	0	0	0	0	0	0	0	0	0	0	0	0	0	0	0	0	0	0	0	0	0	0	0	0	0	0	0	0	0	0	0	0	0	0	0	0	0	0	0	0	0	0	0	0	0	48	0	0	0	0	0	0	0	0	0	0	0	0	0	0	0	
0	0	0	0	0	0	0	0	0	0	0	0	0	0	0	0	0	0	0	0	0	0	0	0	0	0	0	0	0	0	0	0	0	0	0	0	0	0	0	48	0	0	0	0	0	0	0	0	0	48	0	0	0	0	0	0	0	0	0	0	0	0	0	0	0	0	0	0	0	0	0	0	0	0	0	0	0	0	0	0	0	0	0	0	0	0	0	0	0	0	0	0	0	0	0	0	0	0	0	0	0	0	0	0	0	0	0	0	0	0	0	0	0	0	0	0	0	0	0	0	
0	0	0	0	0	0	0	0	0	0	0	0	0	0	0	0	0	0	0	0	0	0	0	0	0	0	0	0	0	0	48	0	0	0	0	0	0	0	48	0	0	0	0	0	0	0	0	0	0	0	0	0	0	0	0	0	0	0	0	0	0	0	0	0	0	0	0	0	0	0	0	0	0	0	0	0	0	0	0	0	0	0	0	0	0	0	0	0	0	0	0	0	0	0	0	0	0	0	0	0	0	0	0	0	0	0	0	0	0	0	0	0	0	0	0	0	0	0	0	0	
0	0	0	0	0	0	0	0	0	0	0	0	0	0	0	0	0	0	0	0	0	0	0	0	0	0	0	0	0	0	0	0	0	0	0	0	0	0	0	0	0	0	0	0	0	0	0	0	0	0	0	0	0	0	0	0	0	0	0	0	0	0	0	48	0	0	0	0	0	0	48	0	0	0	0	0	0	0	0	0	0	0	0	0	0	0	0	0	0	0	0	0	0	0	0	0	0	0	0	0	0	0	0	0	0	0	0	0	0	0	0	0	0	0	0	0	0	0	0	0	
0	0	48	0	0	0	0	0	0	0	0	0	0	0	0	0	0	0	0	0	0	0	0	0	0	0	0	0	0	0	0	0	0	0	0	0	0	0	0	0	0	0	0	0	0	0	0	0	0	0	0	0	0	0	0	0	0	0	0	0	0	0	0	0	0	0	0	0	0	0	0	0	0	0	0	0	0	0	0	0	0	0	0	0	0	0	0	48	0	0	0	0	0	0	0	0	0	0	0	0	0	0	0	0	0	0	0	0	0	0	0	0	0	0	0	0	0	0	0	0	
0	0	0	0	0	0	0	0	0	0	0	0	0	0	0	0	0	0	0	0	0	0	0	0	0	0	0	0	0	0	0	0	0	0	0	0	0	0	0	0	0	0	0	0	0	0	0	0	0	0	0	0	0	0	0	0	0	0	0	0	0	0	0	0	0	0	0	0	0	0	0	0	0	0	0	0	0	0	0	0	0	0	0	0	0	0	0	0	0	0	0	0	48	0	0	0	0	0	0	0	0	0	0	0	0	0	0	0	0	0	48	0	0	0	0	0	0	0	0	0	
0	0	0	0	0	0	0	48	0	0	0	0	0	0	0	0	0	0	0	0	0	0	0	0	0	0	0	0	0	0	0	0	0	0	0	0	0	0	0	0	0	0	0	0	0	0	0	0	0	0	0	48	0	0	0	0	0	0	0	0	0	0	0	0	0	0	0	0	0	0	0	0	0	0	0	0	0	0	0	0	0	0	0	0	0	0	0	0	0	0	0	0	0	0	0	0	0	0	0	0	0	0	0	0	0	0	0	0	0	0	0	0	0	0	0	0	0	0	0	0	
0	0	0	0	0	0	0	0	0	0	0	0	0	0	0	0	0	0	0	0	0	0	0	0	0	0	0	0	0	0	0	0	0	0	0	0	0	0	0	0	0	0	0	0	0	0	48	0	0	0	0	0	0	0	0	0	0	0	0	0	0	0	0	0	0	0	0	0	0	0	0	0	0	0	0	0	0	0	0	0	0	0	0	0	0	0	0	0	0	48	0	0	0	0	0	0	0	0	0	0	0	0	0	0	0	0	0	0	0	0	0	0	0	0	0	0	0	0	0	0	
0	0	0	0	0	0	0	0	0	0	0	0	0	0	0	0	0	0	0	0	0	0	0	0	0	0	0	0	0	0	0	0	0	0	0	0	0	0	0	0	0	0	0	0	0	0	0	0	0	0	0	0	0	0	0	0	0	0	0	0	48	0	0	0	0	0	0	0	0	0	0	0	0	0	0	0	0	0	0	0	0	0	0	0	0	0	0	0	0	0	0	0	0	48	0	0	0	0	0	0	0	0	0	0	0	0	0	0	0	0	0	0	0	0	0	0	0	0	0	0	
0	0	0	0	0	0	0	0	0	0	0	0	0	0	0	0	0	0	0	0	0	48	0	0	0	0	0	0	0	0	0	0	0	0	0	0	0	0	0	0	0	0	0	0	48	0	0	0	0	0	0	0	0	0	0	0	0	0	0	0	0	0	0	0	0	0	0	0	0	0	0	0	0	0	0	0	0	0	0	0	0	0	0	0	0	0	0	0	0	0	0	0	0	0	0	0	0	0	0	0	0	0	0	0	0	0	0	0	0	0	0	0	0	0	0	0	0	0	0	0	
0	0	0	0	0	0	0	0	0	0	0	0	0	0	0	0	0	0	0	0	0	0	0	0	0	0	0	0	0	0	0	0	0	0	0	0	0	0	0	0	0	0	0	0	0	0	0	0	0	0	0	0	0	0	0	0	0	0	0	0	0	0	0	0	0	0	0	0	0	48	0	0	0	0	0	0	0	0	0	0	0	0	0	0	0	0	0	0	0	0	0	0	0	0	48	0	0	0	0	0	0	0	0	0	0	0	0	0	0	0	0	0	0	0	0	0	0	0	0	0	
0	0	0	0	0	0	0	0	0	0	0	0	0	0	0	0	0	0	0	0	0	0	0	0	0	0	0	0	0	0	0	0	0	0	0	0	0	0	0	0	0	0	0	0	0	0	0	0	0	0	0	0	0	0	0	0	0	0	0	0	0	0	0	0	0	0	0	0	0	0	0	0	0	0	0	0	0	0	0	0	0	0	0	0	0	0	0	0	0	0	0	0	0	0	0	0	0	0	0	48	0	0	0	0	0	0	0	0	0	0	0	0	0	0	0	0	0	48	0	0	
0	48	0	0	0	0	0	0	0	0	0	0	0	0	0	0	0	0	0	0	0	0	0	0	0	0	0	0	0	0	0	0	0	0	0	0	0	0	48	0	0	0	0	0	0	0	0	0	0	0	0	0	0	0	0	0	0	0	0	0	0	0	0	0	0	0	0	0	0	0	0	0	0	0	0	0	0	0	0	0	0	0	0	0	0	0	0	0	0	0	0	0	0	0	0	0	0	0	0	0	0	0	0	0	0	0	0	0	0	0	0	0	0	0	0	0	0	0	0	0	
0	0	0	0	0	0	0	0	0	0	0	0	0	0	0	0	0	0	0	0	0	0	0	0	0	0	0	0	0	0	0	0	0	0	0	0	0	0	0	0	0	0	0	0	0	0	0	0	0	0	0	0	0	0	0	0	0	0	0	0	0	48	0	0	0	0	0	0	0	0	0	0	0	0	0	0	0	0	0	0	0	0	0	0	48	0	0	0	0	0	0	0	0	0	0	0	0	0	0	0	0	0	0	0	0	0	0	0	0	0	0	0	0	0	0	0	0	0	0	0	
0	0	0	0	0	0	0	48	0	0	0	0	0	0	0	0	0	0	0	0	0	0	0	0	0	0	0	0	0	0	0	0	0	0	0	0	0	0	0	0	0	0	0	48	0	0	0	0	0	0	0	0	0	0	0	0	0	0	0	0	0	0	0	0	0	0	0	0	0	0	0	0	0	0	0	0	0	0	0	0	0	0	0	0	0	0	0	0	0	0	0	0	0	0	0	0	0	0	0	0	0	0	0	0	0	0	0	0	0	0	0	0	0	0	0	0	0	0	0	0	
0	0	0	0	0	0	0	0	0	0	0	0	0	0	0	0	48	0	0	0	0	0	0	48	0	0	0	0	0	0	0	0	0	0	0	0	0	0	0	0	0	0	0	0	0	0	0	0	0	0	0	0	0	0	0	0	0	0	0	0	0	0	0	0	0	0	0	0	0	0	0	0	0	0	0	0	0	0	0	0	0	0	0	0	0	0	0	0	0	0	0	0	0	0	0	0	0	0	0	0	0	0	0	0	0	0	0	0	0	0	0	0	0	0	0	0	0	0	0	0	
0	0	0	0	0	0	0	0	0	0	0	0	0	0	0	0	0	0	0	0	0	0	0	0	0	0	0	0	0	0	0	0	0	0	0	0	0	0	0	0	0	0	0	0	0	0	0	0	0	0	0	0	0	0	0	0	0	0	0	0	0	0	0	0	0	0	0	48	0	0	0	0	0	0	0	0	0	0	0	0	0	0	0	0	0	0	0	0	0	0	0	0	48	0	0	0	0	0	0	0	0	0	0	0	0	0	0	0	0	0	0	0	0	0	0	0	0	0	0	0	
48	0	0	0	0	0	0	0	0	0	0	0	0	0	0	0	0	0	0	0	0	0	0	0	0	0	0	0	0	0	0	0	0	0	0	0	0	0	0	0	0	0	0	0	0	0	0	0	0	0	0	0	0	0	0	0	0	0	0	0	0	0	0	0	0	0	0	0	0	0	0	0	0	0	0	48	0	0	0	0	0	0	0	0	0	0	0	0	48	0	0	0	0	0	0	0	0	0	0	0	0	0	0	0	0	0	0	0	0	0	0	0	0	0	0	0	0	0	0	0	
0	0	0	0	0	0	0	0	0	0	0	0	0	0	0	0	0	0	0	0	0	0	0	0	0	0	0	0	0	0	0	0	0	0	0	0	0	0	0	0	0	0	0	0	0	0	0	0	0	0	0	0	0	0	0	0	0	0	0	0	0	0	0	0	0	0	0	48	0	0	0	0	0	0	48	0	0	0	0	0	0	0	0	0	0	0	0	0	0	0	0	0	0	0	0	0	0	0	0	0	0	0	0	0	0	0	0	0	0	0	0	0	0	0	0	0	0	0	0	0	
0	0	0	0	0	0	0	0	0	0	0	0	0	0	0	0	0	0	0	0	0	0	0	0	0	0	0	0	0	0	0	0	0	0	0	0	0	48	0	0	0	0	0	0	0	0	0	0	0	0	0	0	0	0	0	0	0	0	0	0	0	0	0	0	0	0	0	0	0	0	0	0	0	0	0	0	0	0	0	48	0	0	0	0	0	0	0	0	0	0	0	0	0	0	0	0	0	0	0	0	0	0	0	0	0	0	0	0	0	0	0	0	0	0	0	0	0	0	0	0	
0	0	0	0	0	0	0	0	0	0	0	0	0	48	0	0	0	0	0	0	0	0	0	0	0	0	0	0	0	0	0	0	0	0	0	0	0	0	0	0	0	0	0	0	0	0	0	0	0	0	0	0	0	0	0	0	0	0	0	0	0	0	0	0	0	0	0	0	0	0	0	0	0	0	0	0	0	0	0	0	0	0	0	0	0	48	0	0	0	0	0	0	0	0	0	0	0	0	0	0	0	0	0	0	0	0	0	0	0	0	0	0	0	0	0	0	0	0	0	0	
48	0	0	0	0	0	0	0	0	0	0	0	0	0	0	0	0	0	0	0	0	0	0	0	0	0	0	0	0	0	0	0	0	0	0	0	0	0	0	0	0	0	0	0	0	0	0	0	0	0	0	0	0	0	0	0	0	0	0	0	0	0	0	0	0	0	0	0	0	0	0	0	48	0	0	0	0	0	0	0	0	0	0	0	0	0	0	0	0	0	0	0	0	0	0	0	0	48	0	0	0	0	0	0	0	0	0	0	0	0	0	0	0	0	0	0	0	0	0	0	
0	0	0	0	0	0	0	0	0	0	0	0	0	0	0	0	0	0	0	0	48	0	48	0	0	0	0	0	0	0	0	0	0	0	0	0	0	0	0	0	0	0	0	0	0	0	0	0	0	0	0	0	0	0	0	0	0	0	0	0	0	0	0	0	0	0	0	0	0	0	0	0	0	0	0	0	0	0	0	0	0	0	0	0	0	0	0	0	0	0	0	0	0	0	0	0	0	0	0	0	0	0	0	0	0	0	0	0	0	0	0	0	0	0	0	0	0	0	0	0	
0	0	0	0	0	48	0	0	0	0	0	0	0	0	0	0	0	0	0	0	0	0	0	0	0	0	0	0	0	0	0	0	0	0	0	0	0	0	0	0	0	0	0	0	0	48	0	0	0	0	0	0	0	0	0	0	0	0	0	0	0	0	0	0	0	0	0	0	0	0	0	0	0	0	0	0	0	0	0	0	0	0	0	0	0	0	0	0	0	0	0	0	0	0	0	0	0	0	0	0	0	0	0	0	0	0	0	0	0	0	0	0	0	0	0	0	0	0	0	0	
0	0	0	0	0	0	0	0	0	0	0	0	0	0	0	0	0	0	0	0	0	0	0	0	0	0	0	0	0	0	0	0	0	0	0	0	0	0	0	0	0	0	0	0	0	0	0	0	0	0	48	0	0	0	0	0	0	0	0	0	0	0	0	0	0	0	0	0	0	0	0	0	0	0	0	0	0	0	0	0	0	0	0	0	0	0	0	0	0	0	0	0	0	0	0	0	0	0	0	0	0	0	0	0	0	0	0	0	0	0	0	0	0	0	0	0	0	48	0	0	
0	0	0	0	0	0	0	0	0	0	0	0	0	0	0	0	0	0	0	0	0	0	0	0	0	0	0	0	0	0	0	0	0	0	0	0	0	0	0	0	0	0	0	0	0	0	0	0	0	0	0	0	0	0	0	0	0	0	0	0	0	0	0	0	48	0	0	0	0	0	0	0	0	0	0	0	0	0	0	0	0	0	0	0	0	0	0	0	0	0	0	0	0	0	0	0	0	0	48	0	0	0	0	0	0	0	0	0	0	0	0	0	0	0	0	0	0	0	0	0	
0	0	0	0	0	0	0	0	0	0	0	0	0	0	0	0	0	0	0	0	0	0	0	0	0	0	0	0	0	0	0	0	0	0	0	0	0	0	0	0	48	0	0	0	0	0	0	0	0	0	0	0	0	0	0	0	0	0	0	0	0	0	0	0	0	0	0	0	0	0	0	0	0	0	0	0	0	0	0	0	0	0	0	0	0	0	0	0	0	0	0	0	0	0	0	0	0	0	0	0	0	0	0	0	0	0	0	0	0	0	0	0	0	0	0	0	0	0	48	0	
48	0	0	0	0	0	0	0	0	0	0	0	0	0	0	0	0	0	0	0	0	0	0	0	0	0	0	0	0	0	0	0	0	0	0	0	0	0	0	0	0	0	0	0	0	0	0	0	0	0	0	0	0	0	0	0	0	0	0	0	0	0	48	0	0	0	0	0	0	0	0	0	0	0	0	0	0	0	0	0	0	0	0	0	0	0	0	0	0	0	0	0	0	0	0	0	0	0	0	0	0	0	0	0	0	0	0	0	0	0	0	0	0	0	0	0	0	0	0	0	
0	48	0	0	0	0	0	0	0	0	0	0	0	0	0	0	0	0	0	0	0	0	0	0	0	0	0	0	0	0	0	0	0	0	0	0	0	0	0	0	0	0	0	0	0	0	0	0	0	0	0	0	0	0	0	0	0	0	0	0	0	0	0	0	0	0	0	0	0	0	0	0	0	0	0	0	0	0	0	0	0	0	0	0	0	0	0	0	0	0	0	0	0	0	0	0	0	0	0	0	48	0	0	0	0	0	0	0	0	0	0	0	0	0	0	0	0	0	0	0	
0	0	0	0	0	0	0	0	0	0	0	0	0	0	0	0	0	0	0	0	0	0	0	0	0	0	0	0	0	0	0	0	0	0	0	0	0	0	0	0	0	0	0	0	0	0	0	0	0	0	0	0	0	0	0	0	0	0	0	0	0	0	0	0	0	0	0	0	48	0	0	48	0	0	0	0	0	0	0	0	0	0	0	0	0	0	0	0	0	0	0	0	0	0	0	0	0	0	0	0	0	0	0	0	0	0	0	0	0	0	0	0	0	0	0	0	0	0	0	0	
0	0	0	0	0	0	0	0	0	0	0	0	0	0	0	0	0	0	0	0	0	0	0	0	0	0	0	0	0	0	0	0	0	0	0	0	0	0	0	0	0	0	0	0	0	0	0	0	0	0	0	0	0	48	0	48	0	0	0	0	0	0	0	0	0	0	0	0	0	0	0	0	0	0	0	0	0	0	0	0	0	0	0	0	0	0	0	0	0	0	0	0	0	0	0	0	0	0	0	0	0	0	0	0	0	0	0	0	0	0	0	0	0	0	0	0	0	0	0	0	
0	0	0	0	0	0	0	0	0	0	0	0	0	0	0	0	0	0	0	0	0	0	0	0	0	0	48	0	0	0	0	0	0	0	0	0	0	0	0	0	0	0	0	0	0	0	0	0	0	0	0	0	0	0	0	0	0	0	0	0	0	0	0	0	0	0	48	0	0	0	0	0	0	0	0	0	0	0	0	0	0	0	0	0	0	0	0	0	0	0	0	0	0	0	0	0	0	0	0	0	0	0	0	0	0	0	0	0	0	0	0	0	0	0	0	0	0	0	0	0	
0	0	0	0	0	0	0	0	0	0	0	0	0	0	0	0	0	0	0	0	0	0	0	0	0	0	0	0	0	0	0	0	0	0	0	0	0	0	0	0	0	0	0	0	0	0	0	48	0	0	0	0	0	0	0	0	0	0	0	0	0	0	0	0	0	0	0	0	0	0	0	0	0	0	0	0	0	0	0	0	0	0	0	0	0	0	0	0	0	0	0	0	0	0	0	0	0	0	0	0	0	0	0	0	0	0	0	0	0	0	48	0	0	0	0	0	0	0	0	0	
0	0	0	0	48	0	0	0	0	0	0	0	0	0	0	0	0	0	0	0	0	0	0	0	0	0	0	0	0	0	0	0	0	0	0	0	0	0	0	0	48	0	0	0	0	0	0	0	0	0	0	0	0	0	0	0	0	0	0	0	0	0	0	0	0	0	0	0	0	0	0	0	0	0	0	0	0	0	0	0	0	0	0	0	0	0	0	0	0	0	0	0	0	0	0	0	0	0	0	0	0	0	0	0	0	0	0	0	0	0	0	0	0	0	0	0	0	0	0	0	
0	0	0	0	0	0	0	0	0	0	0	0	0	0	0	0	0	0	0	0	0	0	0	0	0	0	0	0	0	0	0	0	0	0	0	0	0	0	0	0	0	0	0	0	0	0	0	0	0	0	0	0	0	0	0	0	0	0	0	0	0	0	0	0	0	0	48	0	0	0	0	0	0	0	0	0	0	48	0	0	0	0	0	0	0	0	0	0	0	0	0	0	0	0	0	0	0	0	0	0	0	0	0	0	0	0	0	0	0	0	0	0	0	0	0	0	0	0	0	0	
0	0	0	0	0	0	0	0	0	0	0	0	0	0	0	0	0	0	0	0	0	0	0	0	0	0	0	0	0	0	0	0	0	0	0	0	0	0	0	0	0	0	0	0	0	0	0	0	0	0	0	0	0	0	0	0	0	0	48	0	0	0	0	0	0	0	0	0	0	0	0	0	0	0	0	0	0	0	0	0	0	0	0	0	0	0	0	0	0	0	0	0	0	0	0	0	0	48	0	0	0	0	0	0	0	0	0	0	0	0	0	0	0	0	0	0	0	0	0	0	
0	0	0	0	0	0	0	0	0	0	0	0	0	0	0	0	0	48	0	0	0	48	0	0	0	0	0	0	0	0	0	0	0	0	0	0	0	0	0	0	0	0	0	0	0	0	0	0	0	0	0	0	0	0	0	0	0	0	0	0	0	0	0	0	0	0	0	0	0	0	0	0	0	0	0	0	0	0	0	0	0	0	0	0	0	0	0	0	0	0	0	0	0	0	0	0	0	0	0	0	0	0	0	0	0	0	0	0	0	0	0	0	0	0	0	0	0	0	0	0	
0	0	0	0	0	0	0	0	0	0	0	0	0	0	0	0	0	0	0	0	0	0	0	0	0	0	0	0	0	0	0	0	0	0	0	0	0	0	0	0	0	0	0	0	0	0	0	0	0	0	0	0	0	0	0	48	0	0	0	0	0	0	0	0	0	0	0	0	0	0	0	0	0	0	0	0	0	0	0	0	0	0	0	0	0	0	0	0	0	0	48	0	0	0	0	0	0	0	0	0	0	0	0	0	0	0	0	0	0	0	0	0	0	0	0	0	0	0	0	0	
0	0	0	0	0	0	0	0	0	0	0	0	0	0	0	0	0	0	0	0	0	0	0	0	0	0	0	0	0	0	0	0	0	0	0	0	0	0	0	0	0	0	0	0	0	0	0	0	0	0	0	0	0	0	48	0	0	0	0	0	0	0	0	0	0	0	0	0	0	0	0	0	0	0	0	0	0	0	0	0	0	0	0	0	0	0	0	0	48	0	0	0	0	0	0	0	0	0	0	0	0	0	0	0	0	0	0	0	0	0	0	0	0	0	0	0	0	0	0	0	
0	0	0	0	0	0	0	0	0	0	0	0	0	0	0	0	0	0	0	0	0	0	0	0	0	0	0	0	0	0	0	0	0	0	0	0	0	0	0	0	0	0	0	0	0	0	0	0	0	0	0	0	0	0	0	0	0	0	0	0	0	0	0	0	0	0	0	0	0	0	0	0	0	0	0	0	0	0	0	0	0	0	0	0	0	0	0	0	0	48	0	0	0	0	0	48	0	0	0	0	0	0	0	0	0	0	0	0	0	0	0	0	0	0	0	0	0	0	0	0	
0	0	0	0	0	0	0	0	0	0	0	0	0	0	0	0	0	0	0	0	0	0	0	0	0	0	0	0	0	0	0	0	0	48	0	0	0	0	0	0	0	0	0	0	0	0	0	0	0	0	0	0	0	0	0	0	0	0	0	0	0	0	0	0	0	0	0	0	0	0	0	48	0	0	0	0	0	0	0	0	0	0	0	0	0	0	0	0	0	0	0	0	0	0	0	0	0	0	0	0	0	0	0	0	0	0	0	0	0	0	0	0	0	0	0	0	0	0	0	0	
0	0	0	0	0	0	0	0	0	48	0	0	0	0	0	0	0	0	0	0	0	0	0	0	0	0	0	0	0	0	0	0	0	0	0	0	0	0	0	0	0	0	0	0	0	0	0	0	0	0	0	0	0	0	0	0	0	0	0	0	0	0	0	0	0	0	0	0	0	0	0	0	0	0	0	0	0	0	0	0	0	0	0	0	0	0	0	0	0	0	0	0	0	0	0	0	0	0	0	0	0	0	0	0	0	0	0	0	48	0	0	0	0	0	0	0	0	0	0	0	
0	0	0	0	0	0	0	0	0	0	0	0	0	0	0	0	0	0	0	0	0	0	0	0	0	0	0	0	48	0	0	0	0	0	0	0	0	0	0	0	0	0	0	0	0	0	0	0	0	0	0	0	0	0	0	0	48	0	0	0	0	0	0	0	0	0	0	0	0	0	0	0	0	0	0	0	0	0	0	0	0	0	0	0	0	0	0	0	0	0	0	0	0	0	0	0	0	0	0	0	0	0	0	0	0	0	0	0	0	0	0	0	0	0	0	0	0	0	0	0	
0	0	0	0	0	0	0	0	0	0	0	0	0	0	0	0	0	0	0	0	0	0	0	0	0	0	0	48	0	0	0	0	0	0	0	48	0	0	0	0	0	0	0	0	0	0	0	0	0	0	0	0	0	0	0	0	0	0	0	0	0	0	0	0	0	0	0	0	0	0	0	0	0	0	0	0	0	0	0	0	0	0	0	0	0	0	0	0	0	0	0	0	0	0	0	0	0	0	0	0	0	0	0	0	0	0	0	0	0	0	0	0	0	0	0	0	0	0	0	0	
0	0	0	0	0	0	0	0	0	0	0	0	0	0	0	0	0	0	0	0	0	0	0	0	0	0	0	0	0	0	0	0	0	0	0	0	0	0	0	0	0	0	0	0	0	0	0	0	0	0	0	0	0	0	0	0	0	0	0	0	0	0	0	0	0	0	0	0	0	0	0	0	0	0	0	0	0	0	0	0	0	0	0	48	0	0	0	0	0	0	0	0	0	0	0	0	0	0	0	0	0	0	0	0	0	0	0	0	0	0	0	0	48	0	0	0	0	0	0	0	
0	0	0	0	0	0	0	0	0	0	0	0	0	0	0	0	0	0	0	0	0	0	0	0	0	0	0	0	0	0	0	0	0	0	0	0	0	0	0	0	0	0	0	0	0	0	0	0	0	0	0	0	0	0	0	0	0	0	0	0	0	0	0	0	0	0	0	0	0	0	0	0	0	0	0	0	0	0	0	0	0	0	0	0	0	0	48	0	0	0	0	0	0	0	0	0	0	0	0	0	0	0	0	0	0	0	0	0	0	0	0	48	0	0	0	0	0	0	0	0	
0	0	0	0	0	0	0	0	0	0	0	0	0	0	0	0	0	0	0	0	0	0	0	0	0	0	0	0	0	0	0	0	0	0	0	0	0	0	0	0	0	0	0	0	0	0	0	0	0	0	0	0	0	0	0	0	0	0	0	0	0	0	0	0	0	0	0	0	0	0	0	0	0	0	0	0	0	0	0	0	0	48	0	0	0	0	0	0	0	0	0	0	0	0	0	48	0	0	0	0	0	0	0	0	0	0	0	0	0	0	0	0	0	0	0	0	0	0	0	0	
0	0	0	0	0	0	0	0	0	0	0	0	0	48	0	0	0	0	0	0	0	0	0	0	0	0	0	0	0	0	0	0	0	0	0	0	0	0	0	0	0	0	0	0	0	0	0	0	0	0	48	0	0	0	0	0	0	0	0	0	0	0	0	0	0	0	0	0	0	0	0	0	0	0	0	0	0	0	0	0	0	0	0	0	0	0	0	0	0	0	0	0	0	0	0	0	0	0	0	0	0	0	0	0	0	0	0	0	0	0	0	0	0	0	0	0	0	0	0	0	
0	0	0	0	48	0	0	0	0	0	0	0	0	0	0	0	0	0	0	0	0	0	0	0	0	0	0	0	0	0	0	0	0	0	0	0	0	0	0	0	0	0	0	0	0	0	0	0	0	0	0	0	0	0	0	0	0	48	0	0	0	0	0	0	0	0	0	0	0	0	0	0	0	0	0	0	0	0	0	0	0	0	0	0	0	0	0	0	0	0	0	0	0	0	0	0	0	0	0	0	0	0	0	0	0	0	0	0	0	0	0	0	0	0	0	0	0	0	0	0	
0	0	0	0	0	0	0	0	0	0	0	0	0	0	0	0	0	0	0	0	0	0	0	0	0	0	0	0	0	0	0	0	48	0	0	0	0	0	0	0	0	0	0	0	0	0	0	0	0	0	0	0	0	0	0	0	0	0	0	0	0	0	0	0	0	0	0	0	0	0	0	0	0	0	0	0	0	0	0	0	0	0	48	0	0	0	0	0	0	0	0	0	0	0	0	0	0	0	0	0	0	0	0	0	0	0	0	0	0	0	0	0	0	0	0	0	0	0	0	0	
0	0	0	0	0	0	0	0	0	0	0	0	0	0	0	0	0	0	0	0	0	0	0	0	0	0	0	0	0	0	0	0	0	0	0	0	0	0	0	0	0	48	0	0	0	0	0	0	0	0	0	0	0	0	0	0	0	0	0	0	0	0	0	0	0	0	0	0	0	0	0	0	0	0	0	0	0	0	0	0	0	0	0	0	0	0	0	0	0	0	0	0	0	0	0	0	0	0	0	0	0	0	0	0	0	0	0	0	0	0	0	0	0	0	0	0	48	0	0	0	
0	0	0	0	0	0	0	0	0	0	0	0	0	0	0	0	0	0	0	0	0	0	0	0	0	0	0	0	0	0	0	0	0	0	0	0	0	0	0	0	0	0	0	0	0	0	0	0	0	0	0	0	0	0	48	0	0	0	0	0	0	0	0	0	0	0	0	0	0	0	0	0	0	0	0	48	0	0	0	0	0	0	0	0	0	0	0	0	0	0	0	0	0	0	0	0	0	0	0	0	0	0	0	0	0	0	0	0	0	0	0	0	0	0	0	0	0	0	0	0	
0	0	0	0	0	0	0	0	0	0	0	0	0	0	0	0	0	0	0	0	0	0	0	0	0	0	0	0	0	0	0	0	0	0	0	0	0	0	0	0	0	0	0	0	48	0	0	0	0	0	0	0	0	0	0	0	0	0	0	0	0	0	0	0	0	0	0	0	0	0	0	0	0	0	0	0	48	0	0	0	0	0	0	0	0	0	0	0	0	0	0	0	0	0	0	0	0	0	0	0	0	0	0	0	0	0	0	0	0	0	0	0	0	0	0	0	0	0	0	0	
0	0	0	0	0	0	0	0	0	0	0	0	0	0	0	0	0	0	0	0	0	0	0	0	0	0	0	0	0	0	0	0	0	0	0	0	0	0	0	0	0	0	0	0	0	0	0	0	0	0	0	0	0	0	0	0	0	0	0	0	0	0	0	0	0	0	0	0	0	0	0	0	0	0	48	0	0	0	0	0	0	0	0	0	0	0	0	0	0	0	0	0	0	0	0	0	0	0	0	0	0	0	0	0	0	0	0	0	0	0	0	0	0	0	48	0	0	0	0	0	
0	0	0	0	0	0	0	0	0	0	0	0	0	0	0	0	0	0	0	0	0	0	0	0	0	0	0	0	0	0	0	0	0	0	48	0	0	0	0	0	0	0	0	0	0	0	0	0	0	0	0	0	0	0	0	0	0	0	0	0	0	0	0	0	0	0	0	0	0	0	0	0	0	0	0	0	0	0	0	0	0	0	0	0	0	0	0	0	0	0	0	0	0	0	0	0	0	0	0	0	0	0	0	0	0	0	0	0	0	0	0	0	0	48	0	0	0	0	0	0	
0	0	0	0	0	0	0	0	0	0	0	0	0	0	0	0	0	0	0	0	0	0	0	0	0	0	0	0	0	0	0	0	0	0	0	0	0	0	0	0	0	0	48	0	0	0	0	0	0	0	0	0	0	48	0	0	0	0	0	0	0	0	0	0	0	0	0	0	0	0	0	0	0	0	0	0	0	0	0	0	0	0	0	0	0	0	0	0	0	0	0	0	0	0	0	0	0	0	0	0	0	0	0	0	0	0	0	0	0	0	0	0	0	0	0	0	0	0	0	0	
0	0	0	0	0	0	0	0	0	0	0	0	0	0	0	0	0	0	48	0	0	0	0	0	0	0	0	0	0	0	0	0	0	0	0	0	0	0	0	0	0	0	0	0	0	48	0	0	0	0	0	0	0	0	0	0	0	0	0	0	0	0	0	0	0	0	0	0	0	0	0	0	0	0	0	0	0	0	0	0	0	0	0	0	0	0	0	0	0	0	0	0	0	0	0	0	0	0	0	0	0	0	0	0	0	0	0	0	0	0	0	0	0	0	0	0	0	0	0	0	
0	0	0	0	0	0	0	0	48	0	0	0	0	0	0	0	0	0	0	0	0	0	0	0	0	0	0	0	0	0	0	0	0	0	0	0	0	0	0	0	0	0	0	0	0	0	0	48	0	0	0	0	0	0	0	0	0	0	0	0	0	0	0	0	0	0	0	0	0	0	0	0	0	0	0	0	0	0	0	0	0	0	0	0	0	0	0	0	0	0	0	0	0	0	0	0	0	0	0	0	0	0	0	0	0	0	0	0	0	0	0	0	0	0	0	0	0	0	0	0	
0	0	0	0	0	0	0	0	0	0	0	0	0	0	0	0	0	0	0	0	0	0	0	0	0	0	0	0	0	0	0	0	0	0	0	0	0	0	0	0	0	0	0	0	0	0	0	0	0	0	0	0	0	0	0	0	0	0	0	0	0	0	0	0	0	0	0	0	0	0	0	0	0	0	0	0	48	0	0	0	0	0	0	48	0	0	0	0	0	0	0	0	0	0	0	0	0	0	0	0	0	0	0	0	0	0	0	0	0	0	0	0	0	0	0	0	0	0	0	0	
0	0	0	0	0	0	0	0	48	0	0	0	0	0	0	0	0	0	0	0	0	0	0	0	0	0	0	0	0	0	0	0	0	0	0	0	0	0	0	0	0	0	0	0	0	0	0	0	0	0	0	0	0	0	0	0	0	0	0	0	0	0	0	0	0	0	0	0	0	0	0	0	0	0	0	0	0	0	0	0	0	0	0	0	0	0	0	0	0	0	0	0	0	0	0	0	0	0	0	0	0	0	0	0	0	48	0	0	0	0	0	0	0	0	0	0	0	0	0	0	
0	0	0	0	0	0	0	0	0	0	0	0	0	0	0	0	0	0	0	0	0	0	0	0	0	0	0	0	0	0	0	0	0	0	0	0	0	0	0	0	0	0	0	0	0	0	0	0	0	0	0	0	0	0	0	0	0	0	48	0	0	0	0	0	0	0	0	0	0	0	0	0	48	0	0	0	0	0	0	0	0	0	0	0	0	0	0	0	0	0	0	0	0	0	0	0	0	0	0	0	0	0	0	0	0	0	0	0	0	0	0	0	0	0	0	0	0	0	0	0	
0	0	0	0	0	0	0	0	0	0	0	0	0	0	0	0	0	0	0	0	0	0	0	0	0	0	0	0	0	0	0	0	0	0	0	0	0	0	0	0	0	0	0	0	0	0	0	0	0	0	0	0	0	0	0	0	0	0	0	0	0	0	48	0	0	0	0	0	0	0	0	0	0	0	0	0	0	0	0	0	0	0	0	0	0	0	0	0	0	0	0	0	0	0	0	0	0	0	0	0	0	0	0	48	0	0	0	0	0	0	0	0	0	0	0	0	0	0	0	0	
0	0	0	0	0	0	0	0	0	0	0	0	0	0	0	0	0	0	0	0	0	0	0	0	0	0	0	0	0	0	0	0	0	0	0	0	0	0	0	0	0	0	0	0	0	0	0	0	48	0	0	0	0	0	0	0	0	0	0	0	0	0	0	0	0	0	0	0	0	0	0	0	0	0	0	0	0	0	0	0	0	0	0	0	0	0	0	0	0	0	0	0	0	0	0	0	0	0	0	0	0	0	0	0	0	0	0	0	0	0	0	0	48	0	0	0	0	0	0	0	
0	0	0	0	0	0	0	0	0	0	0	0	0	0	0	0	0	0	0	0	0	0	0	0	0	0	0	0	0	0	0	0	0	0	0	0	0	0	0	0	0	0	0	0	0	0	0	0	0	0	0	0	0	0	0	0	0	0	0	0	0	0	0	0	0	48	0	0	0	0	0	0	0	0	0	0	0	0	0	0	0	0	0	0	0	0	0	0	0	0	0	0	0	0	0	0	0	0	0	0	0	0	0	0	0	48	0	0	0	0	0	0	0	0	0	0	0	0	0	0	
0	0	0	0	0	0	0	0	0	0	0	0	0	0	0	0	0	0	0	0	0	0	0	0	0	0	0	48	0	0	0	0	0	0	0	48	0	0	0	0	0	0	0	0	0	0	0	0	0	0	0	0	0	0	0	0	0	0	0	0	0	0	0	0	0	0	0	0	0	0	0	0	0	0	0	0	0	0	0	0	0	0	0	0	0	0	0	0	0	0	0	0	0	0	0	0	0	0	0	0	0	0	0	0	0	0	0	0	0	0	0	0	0	0	0	0	0	0	0	0	
0	0	0	48	0	0	0	0	0	0	0	0	0	0	0	0	0	0	0	0	0	0	0	0	0	0	0	0	0	0	0	0	0	0	0	0	0	0	0	0	0	0	0	0	0	0	0	0	0	0	0	0	0	0	0	0	0	0	0	0	0	0	0	0	0	0	0	0	0	0	0	0	0	0	0	0	0	0	0	0	0	0	0	0	0	0	0	0	0	0	0	0	0	0	0	0	0	0	0	0	0	0	0	0	0	0	0	0	0	0	0	0	0	0	0	0	48	0	0	0	
0	0	0	0	0	0	0	0	0	0	0	0	0	0	0	0	0	0	0	0	0	0	0	0	0	0	0	0	0	0	0	0	0	0	0	0	0	0	0	0	0	0	0	0	0	0	0	0	0	0	0	0	0	0	0	0	0	0	0	0	0	0	0	0	0	0	0	0	0	0	0	0	0	0	0	0	0	0	0	0	0	0	0	0	0	0	0	0	0	0	0	0	0	0	0	0	0	0	48	0	0	0	0	0	48	0	0	0	0	0	0	0	0	0	0	0	0	0	0	0	
0	0	0	0	0	0	0	0	0	0	0	0	0	0	0	0	0	0	0	0	0	0	0	0	0	0	0	0	0	0	0	0	0	0	0	0	0	48	0	0	0	0	0	0	0	0	0	0	0	0	0	0	0	0	0	0	0	0	0	0	0	0	0	0	0	0	0	0	0	0	0	0	0	0	0	0	0	0	0	0	0	0	0	0	0	0	0	0	0	0	0	0	0	0	0	0	0	0	0	0	0	0	0	48	0	0	0	0	0	0	0	0	0	0	0	0	0	0	0	0	
0	0	0	0	0	0	0	0	0	0	0	0	0	0	0	0	0	0	0	0	0	0	0	0	0	0	0	0	0	0	0	0	0	0	0	0	0	0	0	0	0	0	0	0	0	0	0	0	0	0	0	0	0	0	0	0	0	0	0	0	0	0	0	0	0	0	0	0	0	0	0	0	0	0	0	0	0	0	0	0	0	0	0	0	0	0	0	0	0	0	0	0	0	0	0	0	48	0	0	0	48	0	0	0	0	0	0	0	0	0	0	0	0	0	0	0	0	0	0	0	
0	0	0	0	0	0	0	0	0	0	0	0	0	0	0	0	48	0	0	0	0	0	0	0	0	0	0	0	48	0	0	0	0	0	0	0	0	0	0	0	0	0	0	0	0	0	0	0	0	0	0	0	0	0	0	0	0	0	0	0	0	0	0	0	0	0	0	0	0	0	0	0	0	0	0	0	0	0	0	0	0	0	0	0	0	0	0	0	0	0	0	0	0	0	0	0	0	0	0	0	0	0	0	0	0	0	0	0	0	0	0	0	0	0	0	0	0	0	0	0	
0	0	0	0	0	0	0	0	0	0	0	0	0	0	0	48	0	0	0	0	0	0	0	0	0	0	0	0	0	0	0	48	0	0	0	0	0	0	0	0	0	0	0	0	0	0	0	0	0	0	0	0	0	0	0	0	0	0	0	0	0	0	0	0	0	0	0	0	0	0	0	0	0	0	0	0	0	0	0	0	0	0	0	0	0	0	0	0	0	0	0	0	0	0	0	0	0	0	0	0	0	0	0	0	0	0	0	0	0	0	0	0	0	0	0	0	0	0	0	0	
0	0	0	0	0	0	0	0	0	0	0	0	0	0	0	0	0	0	0	0	0	0	0	0	0	48	0	0	0	0	0	0	0	0	0	0	0	0	0	0	0	0	0	0	0	0	0	0	0	0	0	0	0	0	0	0	0	0	0	0	0	0	0	0	0	0	0	0	0	0	0	0	0	0	0	0	0	0	48	0	0	0	0	0	0	0	0	0	0	0	0	0	0	0	0	0	0	0	0	0	0	0	0	0	0	0	0	0	0	0	0	0	0	0	0	0	0	0	0	0	
0	0	0	0	0	0	0	0	0	0	0	0	0	0	0	0	0	0	0	0	0	0	0	0	48	0	0	0	0	0	0	0	0	0	0	0	0	0	0	0	0	0	0	0	0	0	0	0	0	0	0	0	0	0	0	0	0	0	0	0	0	0	0	0	0	0	0	0	0	0	0	0	0	0	0	0	0	0	0	0	0	0	0	0	0	0	0	0	0	0	0	0	0	0	0	0	0	0	0	0	0	0	0	0	0	0	0	0	0	0	0	0	0	0	0	0	0	0	48	0	
0	0	0	0	0	0	0	0	0	0	0	0	0	0	0	0	0	0	0	0	0	0	0	0	0	0	0	0	0	0	0	0	0	0	0	0	0	0	0	0	0	0	48	0	0	0	0	0	0	0	0	0	0	0	0	0	0	0	0	0	0	0	0	0	0	0	0	0	0	48	0	0	0	0	0	0	0	0	0	0	0	0	0	0	0	0	0	0	0	0	0	0	0	0	0	0	0	0	0	0	0	0	0	0	0	0	0	0	0	0	0	0	0	0	0	0	0	0	0	0	
0	0	48	0	0	0	0	0	0	0	0	0	0	0	0	0	0	0	0	0	0	0	0	0	0	0	0	0	0	0	0	0	0	0	0	0	0	0	0	0	0	0	0	0	0	0	0	0	0	0	0	0	0	0	0	0	0	0	0	0	0	0	0	0	0	0	0	0	0	0	0	0	0	0	0	0	0	0	0	0	0	0	48	0	0	0	0	0	0	0	0	0	0	0	0	0	0	0	0	0	0	0	0	0	0	0	0	0	0	0	0	0	0	0	0	0	0	0	0	0	
0	0	0	0	0	0	0	0	0	0	0	0	0	0	0	0	0	0	0	0	0	0	0	0	0	0	0	0	0	0	0	0	0	0	0	0	0	0	0	0	0	0	0	0	0	0	0	0	0	0	0	0	0	0	0	0	0	0	0	0	0	0	0	0	0	0	0	0	0	0	0	0	0	0	0	0	0	0	0	0	0	48	0	0	0	0	0	0	0	0	0	0	0	0	0	0	0	0	0	48	0	0	0	0	0	0	0	0	0	0	0	0	0	0	0	0	0	0	0	0	
0	0	0	0	0	0	0	0	0	0	0	0	0	0	0	0	0	0	0	0	0	0	0	0	0	0	0	0	0	0	0	0	0	0	48	0	0	0	0	0	0	0	0	0	0	0	0	0	0	0	0	0	0	0	0	0	0	0	0	0	0	0	0	0	0	0	0	0	0	0	0	0	0	0	0	0	0	0	0	0	0	0	0	0	0	0	0	0	0	0	0	48	0	0	0	0	0	0	0	0	0	0	0	0	0	0	0	0	0	0	0	0	0	0	0	0	0	0	0	0	
0	0	0	0	0	0	0	0	0	0	0	0	0	0	48	0	0	0	0	0	0	0	0	0	0	0	0	0	0	0	0	0	0	0	0	0	0	0	0	0	0	0	0	0	0	0	0	0	0	0	0	0	0	0	0	0	0	0	0	0	0	0	0	0	0	0	0	0	0	0	0	0	0	0	0	0	0	0	0	0	0	0	0	0	0	0	0	0	0	0	48	0	0	0	0	0	0	0	0	0	0	0	0	0	0	0	0	0	0	0	0	0	0	0	0	0	0	0	0	0	
0	0	0	0	0	0	0	0	0	0	0	48	0	0	0	0	0	0	0	0	0	0	0	0	0	0	0	0	0	0	0	0	0	0	0	0	48	0	0	0	0	0	0	0	0	0	0	0	0	0	0	0	0	0	0	0	0	0	0	0	0	0	0	0	0	0	0	0	0	0	0	0	0	0	0	0	0	0	0	0	0	0	0	0	0	0	0	0	0	0	0	0	0	0	0	0	0	0	0	0	0	0	0	0	0	0	0	0	0	0	0	0	0	0	0	0	0	0	0	0	
0	0	0	0	0	0	0	0	0	0	0	0	0	0	0	0	0	0	0	0	0	0	0	0	0	0	0	0	0	0	0	0	0	0	0	0	0	0	0	0	0	0	0	0	0	0	0	0	0	0	0	0	0	0	0	0	0	0	0	0	0	0	0	0	0	0	0	0	0	0	0	0	0	0	0	0	0	0	0	0	0	0	0	0	0	0	0	48	0	0	0	0	0	0	0	0	0	0	0	0	0	0	48	0	0	0	0	0	0	0	0	0	0	0	0	0	0	0	0	0	
0	0	0	0	0	0	0	0	0	0	0	0	0	0	0	0	0	0	0	0	0	0	0	0	0	0	0	0	0	0	0	0	0	0	0	0	0	0	0	0	0	0	0	0	0	0	0	0	48	0	0	0	0	0	0	0	0	0	0	0	0	48	0	0	0	0	0	0	0	0	0	0	0	0	0	0	0	0	0	0	0	0	0	0	0	0	0	0	0	0	0	0	0	0	0	0	0	0	0	0	0	0	0	0	0	0	0	0	0	0	0	0	0	0	0	0	0	0	0	0	
0	0	0	0	0	0	0	0	0	0	0	0	0	0	0	0	0	0	0	0	0	0	0	0	0	0	0	0	0	0	0	0	0	0	0	0	0	0	0	0	0	0	0	0	0	0	0	0	0	0	0	0	0	0	0	0	0	0	0	0	0	0	0	48	0	0	0	0	0	0	0	0	0	0	0	0	0	0	0	0	0	0	0	0	0	0	0	0	0	0	0	0	0	0	0	0	0	0	0	0	0	0	0	0	0	0	0	0	0	48	0	0	0	0	0	0	0	0	0	0	
0	0	0	0	0	0	0	0	0	0	0	0	0	0	0	0	0	0	0	0	48	0	0	0	0	0	0	0	0	0	0	0	48	0	0	0	0	0	0	0	0	0	0	0	0	0	0	0	0	0	0	0	0	0	0	0	0	0	0	0	0	0	0	0	0	0	0	0	0	0	0	0	0	0	0	0	0	0	0	0	0	0	0	0	0	0	0	0	0	0	0	0	0	0	0	0	0	0	0	0	0	0	0	0	0	0	0	0	0	0	0	0	0	0	0	0	0	0	0	0	
36	6	23	77	31	118	30	17	70	40	57	49	58	62	34	60	20	47	98	101	77	38	57	75	22	28	64	32	32	0	10	92	101	29	117	42	12	84	37	113	15	28	33	11	72	112	34	34	7	49	50	108	12	78	2	61	50	50	42	85	1	22	44	76	10	41	0	92	62	38	24	22	78	70	21	83	84	8	31	116	87	119	56	73	81	12	16	29	92	94	57	111	39	32	51	97	21	82	88	75	61	6	57	80	26	84	78	112	116	21	89	35	20	43	58	75	35	94	43	81	10	63	60	86	26	55	79	10	116	56	85	88	10	35	70	23	99	103	28	81	33	63	15	23	46	99	1	90	10	5	27	58	53	109	101	90	82	4	81	25	73	115	55	105	27	20	9	59	49	39	63	64	84	46	11	24	45	81	70	94	117	17	32	65	102	23	11	115	103	29	111	109	2	51	54	87	9	3	56	44	20	37	103	51	35	2	4	38	33	19	79	54	118	34	106	52	43	87	85	113	73	44	114	117	33	24	26	19	60	6	29	66	115	15	116	116	0	83	66	18	114	59	86	68	12	104	81	13	109	84	37	68	0	79	34	27	53	58	35	107	76	79	36	81	43	84	90	117	103	103	110	46	72	101	71	73	100	91	97	90	55	86	74	62	96	68	53	68	98	40	17	22	19	8	43	83	80	49	22	64	101	0	73	65	65	67	80	76	87	109	48	61	116	111	50	110	98	12	81	24	10	20	32	49	54	33	55	106	14	106	112	38	109	1	42	11	82	15	0	116	119	85	58	98	84	92	33	20	75	61	31	86	21	17	75	39	115	25	16	16	29	54	22	74	13	25	102	112	44	42	26	104	74	68	25	109	105	39	6	56	2	11	17	17	53	51	35	73	117	15	94	90	112	39	73	116	50	93	55	25	34	67	112	1	42	80	78	102	67	118	40	104	5	31	113	57	11	42	104	17	83	57	0	81	33	13	114	35	116	15	101	88	78	16	4	48	48	49	71	60	2	11	95	14	102	47	37	54	29	84	30	33	30	24	93	45	89	109	41	68	106	33	14	69	40	103	81	106	102	13	64	83	11	105	87	51	10	15	76	56	97	60	51	70	5	93	89	91	83	119	36	76	80	63	64	45	57	3	35	116	74	110	33	21	50	119	111	111	92	42	99	12	55	60	49	4	102	58	62	18	95	18	32	84	111	103	27	30	59	48	77	46	79	24	50	41	90	6	24	75	31	118	114	66	85	86	24	115	39	9	36	106	83	5	45	5	30	8	56	64	101	102	112	50	85	91	5	61	75	102	81	89	4	116	3	9	20	96	119	91	2	48	93	68	41	79	68	3	102	19	54	24	111	6	62	36	53	24	59	97	18	91	79	38	54	15	59	102	90	30	112	105	40	41	63	63	88	104	72	91	91	37	22	21	75	104	40	62	119	27	32	87	35	71	39	97	69	28	21	38	0	11	95	47	55	100	118	75	109	0	48	4	16	66	15	83	67	50	0	1	103	65	23	103	2	32	86	85	115	51	56	13	77	33	15	5	14	116	72	105	64	27	36	95	109	40	119	72	97	63	113	89	106	33	77	12	54	115	115	79	52	75	44	84	28	117	105	59	41	73	117	17	23	94	63	20	22	94	78	48	7	74	83	81	91	117	44	104	85	6	58	80	96	103	8	57	118	118	33	37	40	57	114	81	70	59	67	92	65	64	53	51	68	36	92	40	40	82	88	85	55	53	75	76	119	117	10	18	22	18	81	50	97	6	38	116	18	37	93	118	0	51	51	4	34	66	97	98	51	67	108	37	24	15	22	96	5	0	79	28	49	101	3	77	61	21	24	103	8	108	89	110	53	27	104	93	107	43	119	35	102	65	88	103	56	98	115	17	21	108	93	58	119	97	25	18	53	39	60	102	6	67	29	33	5	119	33	31	4	95	13	90	18	14	117	117	48	45	37	57	9	18	99	86	40	98	97	113	43	15	3	23	74	60	109	111	53	97	89	10	48	35	116	83	99	25	17	42	22	37	106	46	108	112	79	98	96	93	101	89	19	85	25	23	98	10	63	78	82	12	29	100	73	92	79	17	68	50	22	84	43	27	37	81	114	6	22	48	74	30	105	20	87	111	9	93	49	54	78	42	63	35	95	70	101	114	97	85	69	118	59	25	70	29	61	93	71	103	45	56	0	61	47	98	113	101	29	5	108	43	105	36	45	111	19	104	26	8	106	19	107	113	7	13	3	57	49	27	116	13	23	7	86	93	58	22	47	49	26	8	40	69	29	74	86	83	26	91	20	109	53	106	81	8	28	53	0	15	108	50	106	47	37	34	11	51	63	93	23	0	36	96	104	32	92	77	5	50	86	87	59	114	106	10	119	116	0	1	52	74	109	99	111	16	28	58	49	48	62	3	46	40	11	103	108	101	47	108	81	61	107	1	65	28	94	43	92	62	19	46	82	40	75	37	57	52	118	41	9	117	61	28	0	96	53	83	18	17	49	20	5	69	26	0	86	115	83	31	118	65	21	62	15	117	6	31	1	65	66	57	108	62	55	38	115	88	64	14	38	94	55	87	27	82	69	24	0	110	43	4	111	22	21	71	4	70	23	19	23	1	104	37	14	92	9	1	91	59	71	100	86	17	16	40	117	7	103	10	24	97	108	73	14	79	56	21	63	53	20	40	93	35	97	81	73	116	73	58	15	107	116	32	94	12	43	34	61	79	88	6	84	75	100	0	18	10	11	54	96	16	94	58	38	106	48	66	17	42	110	31	117	12	27	72	12	85	4	57	11	76	109	102	96	110	1	25	90	14	51	50	32	5	59	32	89	42	97	10	89	109	102	97	57	47	101	72	85	93	20	86	24	22	96	5	23	113	109	5	67	56	115	70	4	95	85	7	49	89	0	56	35	118	69	18	103	2	119	62	119	67	117	41	91	89	52	75	22	15	76	26	36	112	88	94	7	117	46	105	117	50	116	18	58	115	73	115	42	27	87	107	86	61	68	102	15	68	30	70	117	52	70	11	76	55	76	1	114	113	16	61	38	11	88	110	26	50	37	11	77	69	74	101	65	90	58	45	94	83	95	87	70	27	116	114	113	119	13	67	70	45	65	82	66	109	76	116	70	44	40	99	25	91	92	94	63	0	5	30	40	44	95	70	88	80	35	15	95	33	61	97	50	73	109	26	64	119	20	116	63	77	41	109	87	90	49	34	7	54	59	38	68	65	108	99	99	27	101	90	57	40	68	42	22	31	23	25	87	30	119	98	41	78	9	79	71	76	54	105	7	107	54	105	96	78	1	92	50	79	7	42	50	44	107	83	66	8	21	100	114	4	78	104	39	94	7	100	105	22	14	59	68	40	105	36	57	46	25	109	4	62	65	2	51	69	92	42	0	41	45	47	52	115	21	34	118	62	55	24	110	61	22	7	44	52	97	38	12	22	79	29	67	59	62	27	32	26	28	27	79	25	45	104	75	113	45	25	49	60	103	15	5	90	12	41	36	15	10	83	47	42	47	29	3	80	2	109	57	117	99	59	102	76	84	57	77	46	97	81	115	17	16	22	35	108	66	107	31	8	49	30	114	104	88	60	95	57	85	11	50	76	47	107	38	68	18	85	79	111	97	18	118	2	98	119	113	19	102	69	116	113	77	98	63	43	5	119	38	113	109	5	115	1	13	69	87	35	0	49	77	102	106	68	32	104	27	82	103	17	99	58	29	29	21	14	5	8	105	65	73	59	106	52	11	55	119	92	112	103	97	105	8	34	15	76	51	56	62	82	45	56	83	62	68	85	61	99	103	91	86	26	43	34	64	119	13	97	112	51	8	9	57	11	103	117	94	111	63	16	55	103	97	58	118	8	92	51	31	116	81	96	110	34	25	31	51	103	106	81	3	95	65	17	104	39	10	103	78	69	113	23	117	45	103	49	9	93	48	114	11	13	15	3	110	72	5	13	30	91	64	44	80	32	56	113	95	77	26	64	11	17	47	43	26	77	95	3	9	67	98	103	47	101	104	96	105	6	94	48	37	100	74	80	61	37	2	34	65	65	88	72	108	27	54	22	80	64	0	2	28	109	116	23	19	49	52	107	109	25	113	98	33	119	59	69	47	67	70	53	62	18	11	14	88	8	54	74	10	64	65	65	21	106	76	98	88	116	53	49	31	76	97	52	70	30	44	72	84	39	36	34	26	37	105	16	105	98	76	65	42	114	44	43	1	11	95	88	12	55	72	9	96	85	45	43	88	17	118	11	12	48	57	87	97	116	87	48	97	4	3	85	0	112	81	54	33	5	62	67	109	78	98	30	32	0	7	5	119	89	71	99	1	13	111	68	4	86	38	5	94	103	118	78	104	115	111	86	116	105	36	106	87	75	119	11	37	22	2	105	85	78	39	65	7	17	93	18	115	35	66	74	43	42	60	6	20	33	72	99	89	61	61	117	32	11	12	38	105	44	77	23	54	111	100	62	54	43	8	63	10	83	24	51	21	95	47	65	97	31	51	14	65	105	27	45	62	38	117	6	104	76	54	12	37	35	81	13	39	3	109	49	113	103	18	29	69	38	52	56	3	81	93	83	65	106	115	59	48	40	79	46	102	117	16	53	20	36	87	38	61	94	76	48	74	110	56	25	28	40	90	62	91	94	37	68	47	110	1	10	51	114	26	45	7	12	78	76	68	44	94	73	55	16	24	15	70	84	31	61	103	63	27	99	20	18	97	96	90	107	97	75	30	101	57	20	11	15	100	110	20	100	72	8	37	99	60	78	74	81	15	113	44	80	70	109	86	105	42	59	0	106	35	62	51	86	105	97	23	50	109	13	112	38	55	3	2	112	113	3	14	88	50	75	19	98	33	73	28	97	27	68	50	17	118	69	32	65	34	99	12	12	4	34	114	65	84	94	25	17	9	83	79	49	12	111	75	21	15	35	5	92	79	18	41	12	19	108	67	9	16	101	119	56	34	58	56	26	51	7	52	62	88	119	73	55	67	18	5	42	97	29	21	58	63	0	93	47	50	79	92	10	32	76	115	82	67	4	118	25	94	41	101	62	18	98	26	75	63	80	65	92	41	111	90	8	85	7	90	84	100	1	73	20	68	106	19	12	111	36	83	8	105	76	49	7	62	70	33	46	7	102	75	25	58	112	30	118	36	74	117	9	25	25	39	63	14	66	8	110	37	103	98	2	79	92	109	31	117	112	62	22	104	66	114	111	8	19	24	65	42	118	9	95	35	71	11	61	25	34	115	95	1	115	21	101	107	71	42	67	119	71	68	12	84	3	76	104	99	72	75	59	105	18	28	116	64	79	66	44	72	93	75	112	39	17	86	69	18	80	57	10	35	44	88	80	78	101	71	31	16	53	75	45	108	90	60	92	114	79	52	11	62	5	75	3	108	59	82	11	113	98	105	98	68	23	39	22	18	101	19	37	44	36	47	55	75	58	68	74	20	71	1	65	46	14	43	111	76	79	26	99	102	31	108	60	106	74	80	107	31	43	56	12	118	44	51	15	29	50	43	96	71	77	107	72	23	53	61	24	89	116	51	85	10	13	59	59	61	105	57	80	27	69	12	59	41	98	109	94	6	47	9	115	61	104	8	21	64	11	32	0	42	22	83	98	66	49	86	102	57	12	71	61	38	87	29	116	4	64	9	36	97	92	114	37	71	100	72	18	72	39	80	84	84	43	51	47	89	38	46	40	45	28	118	2	17	117	76	79	56	10	52	104	57	76	15	53	62	21	77	52	20	80	57	41	44	83	51	70	9	117	89	8	79	90	104	60	5	64	68	30	25	36	44	71	114	74	91	71	25	40	47	22	94	66	41	114	7	114	30	0	83	29	102	39	65	73	89	11	115	88	107	5	104	19	31	72	55	105	75	87	82	102	30	104	114	58	81	13	87	100	77	92	0	87	98	4	43	62	36	83	82	57	63	36	40	20	64	117	73	68	109	20	20	73	23	107	52	105	115	33	45	4	59	112	111	78	91	108	63	103	98	74	65	98	5	30	64	102	13	109	64	97	57	27	102	112	74	60	51	50	32	19	12	6	72	17	4	56	106	70	54	71	109	77	97	96	20	48	2	11	6	88	111	15	28	79	54	99	87	63	85	9	34	48	85	20	74	43	74	15	64	35	3	70	29	95	72	64	4	83	23	93	43	43	74	75	54	53	50	64	104	74	117	81	90	16	79	78	106	115	6	29	101	94	88	100	80	13	39	5	21	63	61	102	81	45	47	98	50	18	94	3	30	106	51	91	112	94	80	92	112	90	44	57	80	32	10	106	80	86	36	81	43	105	118	0	66	39	17	1	39	29	18	39	31	50	1	71	113	52	66	56	93	48	28	72	41	62	67	26	70	102	116	24	61	66	71	108	107	27	32	0	47	107	95	3	60	72	69	10	78	0	118	50	30	66	99	114	17	64	96	73	55	2	46	39	33	56	92	95	75	1	87	119	19	69	110	58	96	84	93	105	32	38	49	64	98	73	25	3	103	0	109	66	85	34	27	58	89	49	11	37	61	38	105	117	90	18	17	118	81	64	114	69	63	47	86	24	80	45	55	41	28	15	113	16	12	53	57	16	36	84	114	40	91	0	67	8	0	94	86	26	95	95	89	44	43	28	82	110	103	24	105	40	1	59	78	66	6	17	5	8	70	41	102	29	27	6	92	13	45	90	44	81	29	28	73	7	99	60	92	66	14	77	14	2	21	91	37	54	43	51	27	37	41	49	29	114	30	2	16	57	90	27	116	108	80	80	83	85	41	42	24	63	0	5	98	66	36	51	104	37	46	50	89	27	52	53	69	79	0	20	101	80	96	11	115	88	12	56	32	67	46	21	84	87	114	116	42	97	19	54	113	56	40	94	45	102	77	113	38	109	70	87	82	49	61	33	101	57	53	31	108	4	81	19	94	112	10	14	56	64	62	86	39	106	106	29	68	95	117	117	68	15	60	40	108	94	79	113	89	79	41	62	107	89	21	113	66	29	62	101	103	20	80	48	16	118	21	103	92	3	10	109	32	67	93	68	4	46	67	57	47	83	6	110	52	78	37	79	42	36	4	28	119	32	30	62	79	68	77	54	117	21	29	101	105	48	38	95	44	50	70	71	19	92	68	119	16	101	100	38	61	16	22	5	37	55	102	65	113	39	50	48	19	70	43	58	114	93	55	39	118	16	93	1	67	1	43	36	61	49	6	102	36	63	96	18	53	36	54	102	3	32	94	49	18	49	63	101	84	53	65	40	81	76	119	36	56	80	100	10	112	116	58	98	0	65	36	41	17	109	102	97	102	38	89	87	5	66	101	56	23	63	16	43	111	41	97	53	53	66	81	23	51	89	112	46	91	29	7	59	6	22	7	87	62	1	2	0	110	76	112	51	41	64	77	43	108	86	58	49	80	119	100	4	45	109	95	72	69	72	18	114	103	67	40	24	101	43	112	70	105	68	17	52	65	55	58	74	51	58	86	96	88	64	64	26	49	66	56	95	23	112	4	77	98	92	101	9	76	108	80	32	92	18	32	53	98	98	25	19	29	71	66	92	116	88	60	34	98	69	28	103	59	90	97	50	42	106	90	23	5	36	8	25	12	102	44	5	13	17	111	85	50	80	9	43	27	81	118	29	30	115	116	67	65	89	26	47	90	31	18	42	90	118	85	17	32	40	78	76	15	61	9	60	63	1	27	96	13	119	4	87	63	109	16	75	31	67	51	98	58	84	38	30	109	68	0	83	95	93	10	94	50	51	4	83	11	5	106	41	2	116	92	39	33	19	56	22	115	2	105	17	13	46	25	100	5	36	58	115	72	15	118	90	0	52	118	118	63	88	61	54	80	10	72	102	94	10	100	60	90	4	105	78	101	23	9	25	20	15	38	62	56	116	8	88	61	107	116	85	100	74	84	53	119	12	109	106	63	77	111	93	57	112	13	35	26	102	74	87	69	16	95	74	11	81	43	55	7	8	13	115	47	114	12	48	107	35	106	3	11	98	96	118	114	18	84	81	86	45	92	35	49	98	70	114	58	115	40	29	6	36	100	0	106	61	30	20	76	112	33	10	119	118	36	59	75	31	9	57	0	118	78	101	44	82	99	99	45	29	21	98	117	66	54	52	47	79	60	30	39	82	1	12	110	82	72	118	36	19	89	98	61	9	114	91	69	63	54	51	108	38	36	31	86	8	12	113	28	112	18	57	9	119	36	31	69	94	105	43	52	82	106	60	55	117	0	2	56	2	86	38	29	111	49	118	60	87	95	91	94	105	80	94	80	58	69	90	18	1	22	76	47	5	103	3	21	94	50	42	114	36	4	29	69	103	7	48	67	89	25	17	22	0	115	26	103	34	89	49	46	58	37	105	103	25	88	63	23	85	98	7	90	25	78	12	58	13	50	84	59	70	64	90	67	96	97	71	92	33	45	84	38	86	100	111	97	0	63	63	65	30	36	81	43	29	54	106	67	41	84	2	97	10	109	89	42	55	15	59	91	79	79	50	32	13	54	65	88	31	23	81	1	77	9	16	13	102	67	54	91	54	112	2	7	18	43	46	101	92	15	87	114	82	82	47	3	8	11	79	73	63	0	115	118	34	22	72	52	3	50	111	96	34	117	36	117	96	112	59	79	79	15	4	23	84	110	22	27	52	52	54	110	55	86	39	87	85	2	12	115	63	38	24	13	35	80	87	3	31	67	25	40	118	53	66	7	106	111	66	53	81	117	73	2	119	65	18	71	35	24	63	40	35	107	90	106	15	100	16	57	8	63	56	29	33	30	104	82	71	3	44	78	23	45	34	65	18	52	14	92	63	18	5	97	76	58	68	104	20	23	84	81	105	55	45	27	83	29	81	37	23	89	118	96	110	61	77	51	82	49	68	119	92	64	26	78	100	47	69	84	77	63	4	78	49	76	4	30	86	1	92	48	11	22	41	96	63	53	90	63	17	89	92	32	105	109	84	92	44	8	50	45	87	110	74	13	20	50	91	71	11	106	41	103	93	119	115	115	85	32	24	64	119	53	22	23	88	4	44	106	90	20	21	88	48	17	102	14	118	107	77	2	64	62	107	21	76	87	51	37	6	116	13	40	59	61	98	30	60	42	49	63	103	91	66	28	100	43	88	18	5	0	57	110	21	34	34	12	86	58	57	67	94	38	55	82	68	92	0	49	90	19	40	93	87	3	8	62	29	95	15	97	7	1	97	80	4	79	39	0	59	34	48	78	77	54	63	92	99	61	41	24	27	0	107	95	28	61	84	64	9	54	63	117	14	118	104	28	94	2	101	24	26	34	2	86	82	64	103	88	19	34	100	45	29	8	47	94	83	36	47	61	45	40	54	24	78	2	52	47	67	100	107	13	46	2	56	28	14	101	117	11	8	112	101	70	24	69	45	27	10	39	56	93	97	79	57	30	63	1	97	119	43	48	88	104	5	88	10	79	59	18	68	105	50	25	49	29	108	78	29	77	85	40	30	68	73	34	117	24	81	96	19	81	85	61	52	103	50	91	94	67	85	9	91	76	21	111	18	15	0	51	63	40	116	112	86	89	44	94	39	68	51	86	20	23	20	57	82	105	78	87	78	43	9	68	110	27	45	12	84	27	56	18	21	91	92	82	43	87	10	101	31	32	56	44	11	47	44	6	32	108	36	68	114	6	70	111	59	26	92	92	33	26	30	91	70	2	76	101	21	46	34	110	87	9	86	116	98	27	4	59	78	1	37	66	62	16	113	28	33	10	67	79	88	77	43	80	117	45	70	93	71	42	20	48	117	56	73	99	18	53	85	17	97	57	24	57	59	96	43	2	77	52	113	49	19	32	21	110	46	100	16	7	43	30	118	111	19	3	55	21	5	114	20	33	98	61	92	31	25	38	30	21	50	10	17	60	76	32	95	55	103	28	89	64	96	80	1	91	64	16	39	34	106	68	100	14	35	78	72	114	12	93	99	71	36	64	97	27	73	74	47	101	113	97	32	78	44	99	44	5	19	101	27	76	81	98	80	103	74	119	20	76	1	104	82	85	56	64	76	33	4	0	95	90	76	49	23	11	58	76	114	4	75	77	87	59	51	44	110	67	15	105	118	49	116	107	39	106	92	85	117	43	13	49	59	58	35	44	73	0	21	87	28	7	116	56	72	76	13	58	33	1	37	11	30	106	46	30	9	112	25	18	50	77	110	2	66	105	23	13	10	78	29	30	36	60	21	24	3	86	81	86	87	41	27	20	33	17	99	85	47	8	94	55	86	88	101	26	110	110	64	67	32	82	27	3	19	61	110	41	30	105	22	58	73	26	8	20	72	76	32	52	111	97	3	87	101	15	18	42	84	89	83	71	3	102	78	65	34	28	35	8	114	64	86	112	8	46	49	25	70	102	67	76	102	89	63	19	111	32	94	86	118	51	61	13	100	50	69	29	119	32	77	17	47	8	14	104	99	92	25	71	51	111	88	74	76	57	119	53	97	16	111	66	51	6	13	4	81	34	80	42	51	66	86	77	57	31	87	88	62	48	114	9	113	69	33	4	81	4	9	50	76	57	89	81	65	23	81	64	44	99	119	33	61	31	71	29	83	117	21	91	83	102	47	71	39	69	82	93	102	53	12	2	90	14	78	65	99	1	65	13	65	46	85	72	37	84	75	88	48	6	18	65	29	21	58	102	47	43	70	55	65	36	109	65	25	20	115	105	1	93	52	115	95	34	100	62	18	60	1	114	61	95	86	92	15	118	69	75	10	70	26	18	80	114	9	93	66	59	105	118	53	15	108	107	48	53	19	34	66	64	82	34	83	91	6	110	71	51	88	77	7	36	106	32	30	49	39	79	109	105	42	70	98	78	66	106	45	83	82	57	10	99	103	117	83	79	92	81	35	49	47	84	102	114	29	29	112	15	115	13	5	109	97	1	12	71	11	28	95	53	17	118	11	105	18	103	99	79	13	17	24	8	52	7	47	56	74	119	115	9	31	10	41	15	73	72	28	56	69	85	92	104	31	67	116	15	89	4	82	119	100	16	15	13	51	104	8	54	63	80	82	36	113	83	80	45	43	81	50	81	50	43	74	58	114	41	7	78	111	8	43	23	73	26	15	74	31	119	70	36	71	94	61	94	47	70	35	4	74	77	86	57	24	34	49	29	106	21	12	72	30	0	66	52	9	75	43	24	115	56	56	82	94	75	60	76	71	2	115	60	49	8	29	105	56	72	13	38	102	54	80	94	57	104	72	48	104	108	89	8	17	9	87	107	64	20	38	95	41	52	28	93	10	52	104	106	2	100	52	49	25	109	79	89	81	11	98	89	30	103	28	101	57	44	2	30	107	113	40	55	105	46	33	95	81	45	93	63	117	78	61	113	7	90	68	116	82	40	60	103	73	87	0	53	55	93	53	11	65	54	65	111	87	112	38	82	10	33	102	46	53	3	61	1	78	95	21	65	33	77	34	62	37	76	108	49	100	77	37	37	11	68	66	56	93	60	106	64	70	117	14	79	15	60	111	66	80	104	41	66	88	18	91	57	20	65	48	106	103	84	83	33	27	88	57	2	74	104	30	107	56	40	0	42	90	47	102	112	13	41	102	42	99	40	49	45	103	51	18	104	12	66	67	35	59	23	11	11	99	109	87	18	34	8	113	2	89	63	62	3	5	95	78	12	55	43	69	25	55	25	17	57	87	17	80	22	77	71	36	84	13	7	94	80	8	34	80	108	111	25	97	86	95	112	113	81	100	16	74	30	17	117	33	40	73	114	113	73	84	93	29	28	99	59	110	66	4	96	33	16	33	91	75	16	68	32	7	47	11	12	48	83	94	107	71	23	71	17	99	86	40	68	87	110	1	36	89	3	60	69	95	74	83	69	109	16	9	69	105	107	97	79	114	116	90	17	54	48	3	70	80	98	29	86	67	67	33	56	32	63	24	108	106	38	18	36	16	32	73	72	77	78	31	1	89	42	45	72	116	92	107	5	113	21	67	3	88	87	109	63	32	47	31	4	47	13	99	92	48	118	2	21	13	13	22	61	63	83	39	107	98	73	34	51	76	71	109	86	8	93	110	31	40	111	38	86	99	99	23	67	19	87	25	92	63	10	1	62	3	17	24	60	14	62	42	2	18	48	118	106	5	57	15	7	32	49	117	33	83	52	62	71	31	22	74	62	86	70	41	22	82	66	88	38	70	85	33	48	36	9	114	105	57	84	42	85	102	49	60	89	49	84	111	81	18	65	27	6	29	93	81	57	56	22	92	22	109	70	85	98	94	37	14	67	118	38	110	88	60	107	1	3	85	5	80	103	108	32	36	116	57	22	1	65	115	85	13	16	6	67	61	59	12	103	0	74	99	90	19	24	74	4	90	89	66	32	20	12	103	29	53	58	27	1	52	38	54	73	44	39	38	113	102	88	86	94	45	89	0	28	72	102	36	96	34	71	24	109	33	42	97	50	95	7	20	59	55	10	104	119	93	64	97	24	89	82	15	90	49	26	64	86	116	16	102	35	70	50	7	78	66	111	73	101	73	66	43	19	11	23	84	113	8	54	49	43	35	88	72	66	93	52	24	46	109	39	105	108	59	28	43	7	88	81	35	68	38	104	103	83	102	63	91	76	73	12	80	52	21	91	96	8	74	23	95	9	21	88	21	99	0	57	60	4	117	97	3	73	79	98	78	109	11	114	84	106	83	17	86	81	111	85	9	77	94	13	117	62	114	110	58	33	92	46	50	8	36	9	86	50	105	60	96	100	44	112	62	106	21	91	57	47	3	102	67	77	88	43	60	108	69	56	47	3	106	10	2	113	14	79	55	25	45	52	76	70	107	49	59	114	96	82	81	82	22	51	20	85	39	6	59	91	101	49	58	63	100	54	45	67	60	112	77	9	33	0	0	75	18	113	64	47	1	95	87	117	111	5	59	66	114	5	31	118	84	99	7	101	28	3	84	60	26	20	28	70	25	19	2	12	84	75	80	13	83	1	63	42	67	64	96	22	94	99	33	0	115	26	115	83	37	31	37	24	78	86	110	30	37	96	9	5	75	70	94	35	35	38	44	47	72	44	30	33	117	72	108	87	9	49	40	82	103	102	5	37	67	65	94	99	43	83	28	5	20	85	109	46	42	6	21	89	10	25	93	22	24	20	85	2	30	87	28	38	114	69	113	96	6	107	49	113	112	93	75	75	86	56	112	41	1	65	89	76	104	11	34	58	5	24	116	114	109	35	100	94	86	26	22	92	21	98	117	49	15	118	25	9	79	55	91	60	83	81	54	54	19	81	75	3	63	74	21	66	1	3	115	52	64	102	65	34	115	51	8	38	65	42	89	1	105	88	96	4	99	39	100	79	16	17	76	83	113	46	35	90	38	76	30	97	41	96	31	19	104	76	57	84	20	85	94	91	59	72	60	48	83	119	114	113	34	43	3	52	51	49	24	46	49	27	104	33	76	87	73	54	44	44	12	10	21	29	12	15	87	78	17	0	107	65	52	83	114	4	104	102	116	0	43	117	29	99	71	52	104	23	42	117	48	73	15	50	17	108	36	47	96	31	112	115	70	55	73	69	110	113	30	61	42	116	76	40	68	60	29	71	61	72	1	38	47	49	26	39	79	43	9	47	68	111	90	114	73	47	92	100	91	59	17	49	88	11	14	23	35	81	116	44	20	88	21	57	3	37	38	50	56	95	41	82	114	40	115	82	20	2	66	50	58	112	40	20	109	107	116	94	115	95	8	105	59	117	65	2	114	25	62	69	113	36	19	8	103	104	33	114	70	105	53	45	73	17	119	4	2	54	56	88	87	52	96	44	12	104	51	46	91	15	66	100	23	63	17	10	33	0	31	114	109	108	111	87	103	90	16	1	36	14	55	83	103	115	113	3	27	15	116	72	59	75	104	69	89	29	102	69	113	58	82	110	100	96	44	68	41	18	62	45	55	116	22	44	41	116	33	24	36	119	4	117	19	9	44	10	20	113	79	47	13	20	17	27	105	117	74	26	73	7	115	96	73	18	17	100	28	99	51	87	110	100	51	11	5	78	98	63	76	73	88	21	67	116	78	112	88	1	12	54	78	46	71	0	104	77	45	104	101	109	54	58	92	101	63	72	41	91	96	27	7	18	74	23	63	64	40	31	30	106	46	104	59	76	112	94	115	47	61	6	85	102	30	94	17	62	27	99	61	29	8	42	66	72	5	44	8	71	77	44	26	25	102	57	45	25	17	101	74	59	59	2	92	49	25	112	25	51	39	55	37	94	119	38	100	10	89	67	80	29	24	89	84	95	95	112	61	20	85	101	4	119	76	101	92	41	115	31	68	37	53	81	31	109	3	92	56	46	71	105	11	19	34	47	23	4	102	117	76	96	4	105	114	73	80	114	31	119	57	36	98	38	108	26	60	87	111	113	99	21	72	54	85	0	79	113	101	9	113	110	52	80	0	115	11	80	103	10	10	114	23	9	95	110	16	74	8	84	29	78	5	37	50	105	60	15	106	38	93	92	73	5	30	113	84	85	8	104	2	118	57	53	53	16	65	112	108	52	102	25	20	
100	14	43	79	114	106	77	99	115	46	1	71	86	24	37	15	30	117	29	104	97	66	78	8	19	12	45	20	51	24	104	88	68	99	99	97	4	115	83	93	56	115	62	105	44	65	15	89	47	10	53	27	60	52	45	107	0	66	2	71	82	106	107	35	21	58	100	60	63	117	59	105	13	97	107	12	116	52	27	21	56	25	47	54	7	110	61	87	110	33	96	42	42	93	111	71	72	17	103	48	60	16	43	101	108	112	82	1	53	119	8	25	43	64	66	27	68	10	62	35	117	57	15	7	51	105	45	36	107	17	34	30	97	84	92	50	75	89	25	30	102	67	5	63	119	25	46	41	114	31	88	33	117	41	63	61	101	70	91	18	111	66	78	92	48	97	31	32	52	34	10	68	1	17	84	93	52	59	43	47	9	76	91	56	118	11	49	52	57	116	58	89	84	84	43	67	39	88	26	16	21	100	75	76	108	15	52	84	65	69	113	15	1	43	118	47	0	118	35	44	53	35	10	113	19	95	106	51	55	71	7	88	104	64	46	28	65	79	85	5	32	73	63	39	66	83	107	112	99	10	62	21	66	91	107	34	18	107	81	12	89	15	45	119	89	65	74	51	28	32	10	105	85	31	4	67	71	14	99	73	65	46	103	117	45	64	89	79	20	20	74	104	46	5	12	18	37	51	39	30	82	102	36	76	21	73	108	61	48	83	112	83	102	105	56	103	38	102	97	23	94	113	108	31	10	0	119	55	32	105	78	98	69	104	103	117	55	65	22	39	89	35	0	3	112	107	43	62	3	28	67	118	118	100	85	16	53	65	39	1	31	31	13	21	39	34	61	74	3	25	27	44	104	48	108	9	20	85	118	78	73	107	101	103	111	81	119	114	58	106	16	36	14	45	45	25	34	54	28	7	25	90	89	51	9	86	114	57	8	8	43	71	65	91	89	17	18	46	98	101	111	101	74	80	47	117	47	30	110	19	13	69	48	4	105	98	107	117	17	65	21	100	73	96	65	69	38	28	103	105	62	7	36	64	23	14	19	12	100	51	109	54	68	62	11	110	49	96	119	46	68	106	49	46	37	77	114	40	39	18	28	53	97	26	87	21	61	14	21	2	100	103	62	100	7	55	19	117	55	85	117	13	44	92	70	102	40	100	30	73	36	69	30	54	65	18	96	102	0	43	36	28	50	73	59	47	23	45	47	72	97	112	80	73	97	107	64	115	112	104	6	94	39	118	13	52	55	111	86	13	64	101	112	35	44	79	22	78	92	32	33	56	25	56	48	58	68	24	78	4	93	80	84	56	15	51	25	103	41	57	96	42	84	69	38	36	58	54	18	94	108	92	106	108	40	22	65	20	2	7	29	114	48	116	68	18	22	60	81	12	42	74	43	82	48	52	21	51	62	119	102	99	57	71	81	31	13	67	85	29	111	102	93	33	117	85	56	64	3	39	89	39	51	7	23	15	25	72	44	27	47	21	92	70	59	18	105	119	81	12	27	49	44	101	100	56	118	81	116	98	19	117	38	30	78	9	74	54	75	35	18	51	111	0	32	19	39	114	1	99	48	72	51	59	34	66	107	91	21	72	9	44	89	4	77	34	42	51	85	13	21	75	24	16	3	28	113	82	61	0	65	54	65	90	22	32	64	89	78	112	10	72	95	37	5	29	85	15	76	24	17	23	0	78	92	108	41	53	33	112	70	29	65	19	28	37	71	117	103	70	94	34	89	72	104	41	119	92	59	17	3	3	57	110	53	101	106	86	89	14	97	16	35	100	103	60	79	60	19	86	39	89	75	56	6	39	29	35	106	66	93	57	31	20	64	38	107	99	86	8	99	98	2	113	90	24	76	13	50	79	31	89	105	40	54	7	44	108	34	36	111	69	1	47	68	45	80	91	2	53	37	41	71	48	39	3	83	106	79	102	17	46	52	27	83	106	14	70	73	39	88	57	51	4	44	10	29	15	97	57	37	79	71	6	28	54	27	51	37	79	65	36	73	70	67	116	41	102	98	38	17	25	49	1	51	115	48	52	5	64	35	114	110	112	65	36	73	43	110	80	23	94	50	38	51	52	81	98	50	119	113	16	76	79	42	29	46	4	64	107	108	15	89	43	25	29	104	38	108	78	79	68	2	98	90	47	71	59	45	65	74	47	49	52	29	103	82	78	109	3	98	3	28	27	30	13	41	93	57	8	91	32	105	76	69	9	68	30	114	23	18	3	63	110	102	72	37	89	45	100	5	60	56	118	81	83	74	71	3	64	60	114	95	2	67	16	83	64	62	51	115	47	44	63	76	57	62	47	14	70	63	108	117	37	37	88	48	33	37	108	10	73	0	42	20	20	53	19	3	6	48	9	35	106	20	46	6	32	41	58	86	53	93	53	78	41	91	94	46	105	3	24	67	85	9	33	119	74	35	13	20	31	90	14	42	6	52	84	6	98	41	55	59	42	17	54	13	4	50	89	27	25	97	8	38	18	86	77	57	115	111	22	52	108	53	95	14	91	106	97	104	106	11	49	20	26	84	47	104	75	65	107	24	48	100	15	52	13	58	6	82	107	41	47	113	95	27	83	115	43	105	112	1	97	24	1	42	9	86	16	40	42	87	103	64	86	16	15	107	15	45	97	67	43	46	25	0	3	61	8	2	18	107	80	109	50	101	16	56	72	47	105	86	34	114	37	103	21	55	48	11	0	52	54	76	116	57	83	80	21	104	66	53	26	39	99	12	46	70	49	55	0	102	10	25	83	61	66	89	27	6	63	106	17	88	37	107	113	103	9	55	83	60	35	45	21	18	36	80	39	69	110	32	97	67	16	105	101	2	48	80	61	34	69	42	114	21	54	16	81	76	42	95	75	18	4	64	107	59	107	111	90	113	40	89	101	9	16	7	12	33	46	38	33	0	91	44	59	43	76	90	31	21	49	109	32	14	29	89	27	58	82	38	22	92	102	108	113	56	51	74	32	42	66	74	6	115	6	45	64	114	71	40	5	11	19	55	84	16	11	86	17	66	44	92	31	103	112	12	96	76	48	76	88	5	70	1	3	75	72	61	80	43	40	98	43	41	94	48	59	18	116	111	7	68	11	33	76	60	42	77	95	86	103	34	114	53	108	21	22	27	113	73	43	1	104	49	81	0	46	20	94	95	69	63	85	74	112	45	6	4	54	22	82	60	44	93	14	87	69	48	101	45	113	69	25	10	23	20	43	82	67	75	59	5	68	5	66	77	38	115	65	17	81	100	45	105	95	96	100	105	6	82	118	19	44	92	107	106	10	88	62	34	115	36	17	52	108	98	13	53	50	22	103	36	39	39	61	43	71	100	82	75	60	90	106	118	74	118	61	104	93	64	32	70	17	46	110	87	40	63	78	102	10	32	27	96	109	59	30	36	19	105	25	80	93	100	77	34	38	43	55	91	11	56	36	89	100	77	14	17	38	110	44	66	112	83	65	113	1	59	90	72	81	25	35	35	3	90	51	18	87	27	106	52	90	79	53	58	19	43	25	80	72	50	114	112	55	90	44	50	83	13	84	45	54	12	59	64	104	73	11	76	87	108	90	10	10	47	100	98	56	91	15	27	68	112	21	55	85	100	91	6	9	37	92	53	107	34	111	29	41	108	35	108	96	117	53	14	21	36	46	14	59	53	7	70	65	59	15	73	36	5	95	24	49	37	74	47	30	67	32	57	82	46	105	86	72	107	97	39	101	35	66	53	112	71	107	33	81	76	38	69	3	82	115	23	73	94	103	15	70	13	19	96	80	113	89	18	23	116	16	94	61	26	55	33	37	106	10	80	65	72	69	78	112	79	105	86	43	70	28	82	115	24	82	30	50	79	10	9	18	108	103	103	30	2	72	20	37	15	30	40	13	18	110	118	12	57	54	70	1	26	102	61	102	44	108	34	88	56	59	109	14	17	67	94	112	35	23	119	80	40	73	86	119	117	86	1	102	117	113	94	38	77	94	73	77	78	27	63	25	89	115	54	53	80	93	16	90	113	48	118	18	114	7	21	74	77	53	48	6	76	29	22	72	68	90	83	12	82	116	84	114	51	103	92	16	109	55	96	34	116	101	119	112	119	83	105	61	15	59	0	12	118	119	1	101	29	35	80	19	3	89	86	10	117	110	69	2	75	84	116	117	108	10	10	68	89	80	65	111	35	87	24	1	43	41	67	65	86	84	71	10	117	5	20	5	3	104	83	27	9	41	45	54	65	22	52	24	86	8	62	115	86	52	19	15	99	65	35	69	95	68	47	36	117	102	80	52	84	99	95	22	20	8	95	116	84	28	1	64	44	82	84	33	66	96	4	71	115	76	114	74	16	40	41	29	11	113	87	101	5	57	70	97	56	108	109	15	100	60	96	22	43	21	95	88	21	2	0	46	65	118	74	80	36	31	74	73	26	82	96	1	117	23	11	48	5	97	21	109	108	90	71	109	88	27	45	116	64	35	48	74	38	33	97	33	117	23	21	55	104	17	30	92	9	43	0	63	47	55	102	92	112	3	46	31	33	73	84	74	75	49	63	27	70	107	1	96	11	78	106	112	61	21	7	11	101	60	24	52	69	90	75	44	74	118	17	18	67	102	53	29	2	18	62	59	28	44	95	57	0	14	25	102	82	2	47	114	0	35	22	45	39	118	98	5	111	92	59	111	35	9	53	94	88	29	27	89	59	64	51	63	16	61	53	66	95	68	48	75	89	117	116	43	58	16	103	97	10	80	111	30	95	86	45	43	25	111	95	55	4	93	99	96	106	47	70	54	111	56	2	22	109	90	46	106	45	53	34	19	58	8	80	12	82	21	25	118	47	11	89	6	74	83	85	6	29	7	20	117	33	49	16	111	64	33	43	53	72	36	82	18	97	83	66	111	49	60	116	110	66	45	6	3	49	39	31	49	92	16	76	26	104	110	53	85	46	2	2	12	106	14	45	90	117	11	55	89	6	73	105	67	42	86	53	76	91	119	2	96	100	35	69	74	86	24	19	1	38	81	6	11	2	49	36	89	98	11	20	69	83	104	44	71	0	23	109	23	87	29	41	72	109	26	26	36	57	70	32	7	80	114	77	14	62	34	20	74	38	42	61	18	77	84	13	8	38	82	79	114	57	80	87	3	65	112	12	2	67	60	116	32	116	43	89	63	47	88	12	112	20	115	45	83	107	105	14	59	119	110	19	44	10	85	86	113	107	56	2	84	53	0	102	16	112	34	105	23	26	20	84	3	107	5	7	30	52	57	41	83	102	95	29	92	103	42	106	78	17	54	30	23	21	105	105	64	0	108	90	60	46	118	105	64	110	106	81	116	59	74	2	19	98	86	15	22	38	18	71	53	43	14	39	104	79	103	51	108	85	49	119	88	81	43	63	115	60	18	51	116	40	1	97	107	44	13	18	26	108	34	4	55	40	78	15	87	15	9	42	26	18	28	56	61	16	88	35	10	88	54	12	105	114	86	27	8	69	45	119	71	58	117	48	20	45	24	86	97	103	53	95	98	89	72	49	118	15	13	94	110	73	101	119	73	20	63	41	101	64	2	100	77	39	16	89	30	56	14	114	33	42	11	64	30	39	95	78	55	104	101	7	95	37	3	45	9	79	7	87	28	62	82	92	48	113	55	64	14	104	114	67	32	30	105	12	114	84	115	16	5	33	95	89	67	31	48	60	20	75	26	92	18	55	80	17	52	51	72	67	115	33	49	0	43	111	92	110	104	105	48	4	110	63	106	25	109	94	50	50	67	27	87	92	117	93	53	32	44	36	44	29	58	90	46	37	39	39	20	92	112	112	5	61	21	47	29	20	112	29	103	48	98	70	115	44	68	67	73	45	69	82	106	1	35	115	112	92	98	54	94	36	97	8	23	65	52	16	40	111	23	48	91	100	109	32	110	66	96	24	56	3	103	50	56	117	105	45	24	2	111	118	2	24	66	60	112	15	33	73	24	49	88	15	61	33	76	48	107	93	21	22	64	28	40	28	67	59	10	116	19	43	87	10	2	5	90	14	47	45	39	66	73	4	52	69	73	101	64	96	84	109	4	52	16	56	22	66	53	38	101	73	9	52	108	88	82	49	10	32	97	100	117	98	28	95	13	100	5	86	66	23	10	15	49	30	12	20	40	82	17	30	95	114	71	40	28	35	112	68	29	110	113	14	101	99	115	22	55	29	65	63	91	71	95	118	102	38	81	109	57	3	32	109	46	117	94	35	82	30	8	68	70	100	62	14	47	49	117	11	97	88	66	94	40	2	27	111	55	104	83	14	71	90	0	59	90	26	39	28	24	33	101	62	70	116	109	71	105	34	90	40	108	48	48	15	33	21	9	109	59	7	95	79	61	83	6	109	16	106	81	79	47	45	28	11	29	117	33	94	115	86	83	22	36	93	21	43	17	101	87	12	66	45	11	115	116	44	13	107	36	113	13	43	61	114	55	26	99	33	17	55	23	93	38	13	60	38	114	4	75	119	74	45	112	92	106	70	49	54	40	35	54	55	54	110	70	41	57	108	48	75	30	10	76	69	13	9	82	9	72	65	92	90	96	65	39	86	55	25	36	95	41	28	18	51	102	66	118	78	48	11	69	52	116	99	7	25	99	46	115	25	62	16	12	17	10	39	47	62	60	13	33	4	32	9	1	114	88	95	74	46	25	65	93	111	34	36	25	21	48	64	51	119	102	8	69	92	14	110	53	72	76	54	40	77	15	21	7	68	15	37	34	29	77	50	72	105	57	66	51	117	52	57	11	105	39	50	81	33	16	13	41	18	97	49	102	106	6	114	97	35	68	111	89	40	62	92	44	2	110	6	102	99	110	36	91	55	14	115	57	44	82	106	100	22	43	14	40	87	31	117	43	106	11	87	98	2	84	25	22	92	40	2	48	16	81	28	30	13	48	12	20	10	81	85	38	80	24	43	40	1	109	90	80	89	94	94	89	54	70	32	64	26	79	39	95	58	10	96	31	103	12	51	39	18	39	40	82	43	78	42	67	8	62	4	114	52	59	27	14	42	88	27	45	91	42	82	41	115	33	100	94	114	18	56	79	84	66	19	118	39	91	78	36	103	76	63	116	99	95	60	73	8	33	5	18	81	110	99	49	91	4	48	40	82	97	95	86	72	25	59	84	8	40	48	104	11	48	26	72	30	9	113	5	60	95	43	38	32	100	94	3	43	53	0	14	96	99	4	67	68	116	97	11	115	97	95	33	84	28	5	67	10	71	1	59	103	84	24	115	2	72	89	117	71	92	101	54	60	78	97	7	63	90	75	92	29	35	97	110	36	66	7	15	100	117	9	70	61	41	33	56	111	115	92	101	100	32	7	83	95	15	69	87	57	7	49	12	58	14	86	71	4	98	118	3	52	112	53	30	96	100	3	41	117	8	107	65	54	96	68	68	40	115	95	27	36	74	21	31	59	31	6	9	39	99	10	17	70	89	80	11	95	90	32	87	108	44	74	112	28	18	26	74	80	30	55	107	36	82	6	104	114	92	57	82	113	99	7	66	17	52	62	113	119	78	91	22	98	47	113	78	26	47	62	110	115	87	25	19	64	94	48	79	101	113	93	3	54	67	3	42	107	90	71	15	101	42	63	72	22	70	19	103	109	76	54	89	78	77	91	60	80	60	35	8	80	60	80	53	62	70	104	21	27	63	94	117	17	72	98	85	63	89	60	30	64	32	62	18	76	28	15	75	98	60	117	39	13	2	70	1	97	99	56	56	45	18	49	64	47	67	19	9	11	108	89	39	113	50	0	19	16	9	31	76	105	49	33	36	58	116	63	70	61	35	28	39	3	101	38	69	57	64	24	51	67	73	78	99	6	117	45	113	44	23	55	17	5	22	97	60	101	9	88	53	38	77	0	18	7	72	98	65	108	114	76	52	33	26	57	2	90	106	34	96	43	81	35	41	28	65	80	4	90	17	42	77	91	50	108	18	105	72	22	93	10	6	83	92	41	0	27	42	83	72	114	94	61	104	9	16	66	41	19	1	113	18	43	89	64	45	80	74	26	94	90	109	106	76	62	89	81	82	14	35	19	76	49	80	118	112	43	14	30	98	9	89	49	14	50	27	90	78	9	65	113	35	17	38	116	7	24	25	89	9	113	71	70	49	47	100	35	105	71	108	113	47	71	52	78	52	44	21	50	104	80	14	94	93	60	31	71	47	62	90	60	6	108	36	106	38	107	77	5	89	98	6	63	20	119	63	110	46	79	60	103	63	19	26	102	33	13	17	55	4	48	119	113	107	66	12	11	100	10	1	94	70	100	3	44	33	27	82	3	46	43	61	85	108	5	41	114	9	14	111	67	29	14	83	55	4	65	49	108	13	4	54	77	119	111	100	85	45	85	12	17	16	86	91	85	8	89	119	99	23	14	35	84	96	94	88	110	57	52	32	114	92	70	34	117	88	75	61	46	83	21	46	29	89	57	20	87	74	0	22	115	18	4	108	118	35	60	13	54	56	20	78	117	118	51	80	78	93	110	18	79	93	107	32	55	60	69	14	37	91	26	36	86	69	119	49	103	4	23	77	68	61	37	76	10	25	66	39	27	23	71	52	115	118	107	82	49	69	86	42	69	97	93	53	103	61	7	41	55	50	114	18	118	42	98	32	33	17	72	12	1	47	68	57	56	18	23	22	53	31	46	84	20	27	61	87	80	9	5	28	41	0	103	2	106	33	112	8	13	100	42	5	63	92	60	96	96	95	44	13	2	44	59	10	23	0	42	56	103	86	110	14	49	70	16	42	0	0	110	39	23	88	101	94	27	71	116	65	40	40	111	89	18	44	102	12	98	92	31	91	43	71	78	26	54	56	15	59	41	111	93	101	20	102	69	100	76	102	11	53	4	49	62	4	10	19	31	97	19	25	76	78	89	46	63	71	25	23	38	64	113	45	70	118	21	100	9	31	28	65	118	28	89	91	68	91	43	51	89	88	66	111	53	82	49	109	49	112	27	23	16	111	83	28	31	64	63	47	73	57	97	25	11	106	67	13	46	20	61	50	21	105	48	10	101	61	62	26	34	98	67	94	3	1	38	6	89	53	16	40	41	75	64	11	119	27	110	11	33	9	109	24	112	0	13	37	28	65	62	8	34	116	49	14	33	36	24	6	5	103	25	18	0	49	116	15	55	87	36	10	91	3	24	50	95	66	74	1	90	75	31	10	81	48	113	50	117	117	12	27	19	0	12	16	44	73	104	88	67	59	4	45	30	18	41	21	50	108	69	51	99	66	21	72	42	113	19	27	30	8	61	101	9	119	20	49	56	11	84	83	64	7	94	110	38	100	102	96	94	0	25	14	103	12	27	3	114	28	94	105	89	63	35	118	39	52	30	28	91	75	42	28	90	89	80	6	94	64	87	26	14	59	44	3	52	72	61	76	28	75	49	43	100	105	97	10	2	101	7	103	66	106	35	37	66	98	98	104	106	15	45	13	37	119	33	104	64	28	11	101	105	75	63	31	45	84	46	103	7	92	9	114	71	109	17	119	98	21	76	43	91	69	62	116	76	4	40	90	12	55	88	61	13	91	71	28	62	59	67	94	26	39	105	94	0	20	9	32	9	104	0	12	92	119	2	69	20	79	44	107	107	105	37	105	106	62	16	18	82	61	62	47	60	66	78	93	112	47	99	64	27	68	34	106	103	11	60	20	82	110	3	30	70	20	86	52	8	87	62	108	27	59	0	28	72	0	44	81	46	117	32	107	18	21	99	105	37	118	10	112	66	30	99	112	117	86	0	63	62	36	12	13	73	88	27	74	34	32	55	9	79	49	36	34	7	115	92	27	15	50	102	12	82	42	100	79	84	3	26	2	37	11	104	81	19	93	25	102	86	104	70	71	71	63	82	20	32	68	8	29	111	87	11	18	56	5	102	57	44	74	26	56	62	13	3	102	51	117	45	107	33	78	36	4	86	87	9	2	94	16	30	93	54	1	89	74	112	87	114	101	70	87	31	110	45	103	99	41	100	52	108	8	83	15	110	29	97	90	93	119	61	13	111	93	111	89	32	25	42	71	63	108	72	61	35	26	3	8	40	65	84	71	21	50	74	89	33	88	8	109	75	117	80	49	85	88	69	17	2	98	83	38	89	4	47	27	35	113	6	94	19	7	82	87	106	62	17	12	89	85	17	51	3	43	85	116	44	67	100	9	25	59	42	9	49	8	28	97	7	31	63	4	8	103	17	66	22	95	110	110	84	78	82	9	112	8	27	21	48	44	66	63	23	25	41	26	96	86	68	74	105	5	116	34	73	10	119	117	14	92	118	12	8	84	68	19	46	39	97	103	24	13	19	96	11	100	105	19	87	53	100	77	13	93	63	42	118	77	97	22	70	30	105	76	58	41	13	3	81	36	65	16	86	18	35	15	15	81	113	93	36	43	110	58	95	79	7	37	83	19	108	75	101	108	100	1	49	74	23	61	17	15	78	56	72	3	73	107	40	51	39	22	25	17	11	95	43	91	103	91	32	3	48	78	4	8	106	68	102	75	31	17	64	47	13	95	83	6	11	83	110	16	79	87	40	53	56	102	105	100	35	75	30	29	101	50	107	84	67	71	69	113	15	79	13	119	114	115	66	75	40	89	1	49	50	16	38	101	100	33	97	61	118	42	103	80	6	87	85	1	31	81	65	71	3	34	71	11	53	57	5	37	57	9	95	108	85	31	17	25	1	11	3	66	29	88	65	65	97	39	115	114	77	20	76	80	0	82	25	74	27	74	72	111	80	15	108	67	62	28	81	43	5	82	96	33	92	24	60	69	66	14	0	9	66	82	104	7	107	92	102	88	20	54	67	66	111	7	72	19	1	118	35	61	91	101	36	54	41	62	67	49	10	13	93	104	25	70	40	51	88	71	112	79	67	90	39	16	95	119	119	92	31	8	59	23	24	119	104	95	103	96	37	51	36	101	69	55	81	27	88	15	44	51	96	88	17	92	67	90	20	107	104	112	55	77	44	73	96	101	95	107	71	65	1	17	43	36	64	94	45	71	63	67	95	94	84	102	6	15	103	44	79	45	71	93	15	92	70	11	64	112	33	0	52	114	14	91	98	83	42	65	107	32	54	1	4	100	46	117	85	9	29	109	31	69	115	50	48	12	98	30	75	35	60	88	10	10	6	74	1	15	33	53	79	58	37	42	84	63	11	111	116	74	90	107	73	16	112	58	23	116	61	76	2	76	89	114	85	109	30	14	88	34	13	88	72	22	88	21	115	4	1	36	60	117	50	79	75	72	47	77	3	101	85	0	41	117	39	13	67	86	43	118	62	64	73	57	77	43	85	94	59	41	11	27	118	107	113	30	6	84	59	52	2	12	83	100	32	114	65	100	23	88	106	102	72	16	15	24	101	76	9	37	71	99	48	111	104	23	60	25	48	46	107	2	98	29	32	16	2	21	60	92	12	108	63	75	48	110	44	86	39	104	119	67	86	109	53	40	24	29	20	12	23	73	111	107	43	43	14	42	20	114	38	18	89	91	106	117	50	69	2	41	73	17	43	89	72	5	109	76	114	108	45	47	20	82	15	47	26	84	74	68	60	99	30	4	4	12	37	86	93	53	70	65	116	30	95	110	112	114	104	15	64	78	67	54	59	34	85	94	77	25	95	28	113	58	12	100	65	47	82	83	104	110	106	65	13	97	54	37	53	37	26	99	31	81	101	43	60	58	77	83	31	30	30	32	119	89	27	0	11	83	116	54	65	56	3	60	103	24	74	23	86	108	31	69	103	87	113	31	25	98	74	52	54	79	86	106	73	69	42	91	24	97	118	1	68	112	93	57	9	90	1	89	106	24	89	70	110	81	111	45	45	71	49	1	56	105	100	112	2	115	58	34	89	79	43	61	29	7	109	64	102	26	56	9	24	8	40	25	91	3	11	58	22	80	80	106	102	9	46	10	71	20	90	114	69	68	106	102	37	95	49	83	27	10	109	31	101	114	99	94	103	91	81	58	33	28	99	17	72	103	14	92	84	117	22	49	62	104	112	49	35	20	115	14	75	51	20	69	75	73	97	114	91	86	0	1	50	68	51	12	118	55	80	28	37	72	97	26	16	79	64	15	81	94	44	78	5	96	44	81	0	44	99	100	27	82	19	20	17	58	45	97	77	90	74	23	118	110	92	1	63	19	14	30	13	103	30	44	13	32	80	72	37	38	72	117	78	112	52	14	51	81	32	88	100	46	74	65	67	116	88	62	33	96	69	27	95	20	114	15	1	50	76	79	41	59	75	5	9	104	23	32	96	42	116	80	71	105	108	99	18	22	53	15	13	89	47	114	36	116	87	31	53	102	107	111	18	69	9	6	80	78	22	108	89	0	112	40	67	33	54	88	18	32	94	65	11	77	38	93	45	110	27	86	84	28	97	87	74	32	56	18	6	48	81	59	108	90	90	8	81	88	106	52	92	33	12	7	56	64	80	39	112	9	43	80	84	112	82	87	76	72	107	3	22	41	30	38	75	34	71	33	55	6	76	114	117	41	97	11	72	95	0	43	99	108	43	5	115	100	77	100	71	33	32	16	99	89	115	118	46	17	87	18	83	23	10	104	47	100	75	1	72	72	1	115	86	74	63	70	37	93	14	107	98	93	17	96	90	42	107	26	41	22	63	22	14	45	75	114	70	14	107	25	45	80	50	16	81	26	23	13	25	17	12	89	41	78	3	47	7	103	106	3	75	12	53	71	16	105	73	100	70	118	61	89	50	33	40	73	27	66	102	58	80	35	45	42	76	97	42	69	21	8	98	49	100	56	24	95	20	105	36	29	81	58	11	44	32	117	82	92	13	68	44	79	32	65	14	89	27	36	17	105	12	6	61	114	54	86	99	96	8	72	30	59	10	79	8	39	43	108	16	68	30	110	114	90	58	5	55	82	48	19	99	60	107	102	76	113	42	37	35	31	58	81	27	6	118	75	85	5	118	52	58	87	3	25	75	42	59	117	49	94	116	19	57	27	86	59	49	105	48	14	23	110	68	3	59	80	90	99	87	100	18	73	15	114	83	92	97	41	103	109	106	95	106	48	117	9	117	96	81	53	32	30	117	29	61	29	35	3	49	18	101	29	77	5	30	29	0	30	47	112	36	119	32	87	56	80	119	71	25	25	43	75	36	12	3	72	77	28	82	67	78	50	119	54	2	5	77	4	108	4	94	80	25	59	39	2	63	19	5	102	9	43	43	75	87	14	23	113	15	69	85	47	73	60	37	63	113	104	33	52	102	60	93	24	100	3	24	64	24	67	9	66	49	31	106	50	78	91	6	72	68	81	22	44	98	12	114	30	110	52	81	79	9	71	8	60	73	75	48	114	73	14	28	57	33	82	6	68	40	21	45	23	21	53	39	22	16	3	52	12	28	84	36	98	68	49	81	13	56	67	0	77	71	90	37	63	5	112	89	64	37	55	27	13	69	80	15	24	59	63	108	3	35	17	105	33	6	36	98	112	5	12	32	30	65	55	101	62	69	21	91	108	75	67	110	117	81	21	64	21	34	47	31	115	77	18	100	7	74	109	73	18	97	19	84	6	79	63	48	114	23	53	110	113	54	88	97	74	35	71	4	42	105	38	114	95	65	84	8	103	24	93	58	62	54	70	94	45	88	81	118	102	101	82	103	26	43	29	112	36	15	14	67	56	30	23	69	47	108	56	47	113	19	47	5	105	4	73	5	76	18	36	24	87	1	21	79	63	52	50	108	95	21	38	50	97	108	85	10	69	63	4	28	65	36	32	74	92	39	118	75	36	94	105	103	118	75	54	48	96	118	80	108	64	97	48	9	94	60	21	76	61	51	11	23	71	53	48	28	64	8	28	97	76	73	30	0	104	69	10	106	41	109	49	14	94	101	111	60	13	86	116	0	12	54	51	46	24	9	75	32	12	106	85	3	99	59	97	32	21	90	114	38	64	87	34	64	111	52	99	38	104	91	86	76	65	53	9	54	114	55	78	93	106	84	69	93	58	48	88	82	94	14	34	12	61	72	22	33	85	3	88	53	81	68	93	95	55	97	3	74	20	96	71	91	16	93	98	79	5	50	80	9	53	80	1	92	3	95	6	80	108	104	88	62	17	108	54	59	2	79	103	83	105	87	69	89	63	61	29	76	72	114	39	10	105	116	43	91	21	96	7	78	41	102	20	32	98	46	25	90	110	44	51	32	116	118	53	41	90	28	11	56	85	96	106	24	118	77	54	57	71	112	66	9	103	88	38	103	49	105	69	43	25	119	15	32	64	58	59	112	82	31	75	7	40	107	96	108	57	51	74	86	3	4	105	13	78	10	51	65	89	72	44	48	116	51	67	14	95	80	92	40	30	118	119	44	32	23	32	119	8	64	63	117	0	43	92	49	111	88	63	98	39	105	32	6	4	103	98	72	98	88	11	60	20	65	70	35	63	114	42	2	13	25	1	35	4	41	18	112	103	49	12	111	74	22	30	48	14	76	3	30	16	34	101	58	79	118	82	78	33	101	26	104	64	25	63	38	114	88	34	51	45	51	14	39	42	30	30	
3	10	3	10	4	5	8	1	9	6	8	5	12	12	19	3	9	13	9	17	10	17	11	15	15	14	18	18	2	1	15	3	11	15	6	19	16	8	18	8	5	18	15	13	11	18	5	17	8	20	3	4	16	7	8	16	9	5	19	4	19	2	15	11	4	1	6	5	12	4	2	15	5	12	10	15	19	9	12	16	20	5	9	1	8	9	14	2	20	17	8	12	10	11	12	9	6	16	15	12	2	17	6	12	18	6	6	17	12	13	20	12	16	7	8	18	16	12	13	13	4	6	19	5	17	6	2	19	9	13	17	20	13	3	8	2	9	14	19	12	14	14	4	13	2	10	17	5	5	13	5	1	1	8	6	11	2	2	6	18	9	10	16	9	16	18	6	12	12	2	9	12	17	8	6	3	8	9	2	17	7	6	18	18	6	7	7	9	11	10	18	3	18	20	4	19	17	17	10	16	8	8	12	18	13	11	13	10	12	2	5	9	18	4	20	13	13	11	13	5	6	4	11	20	8	3	17	14	15	18	18	13	14	14	8	8	18	20	13	6	12	12	12	15	10	20	19	16	5	16	19	6	1	2	9	3	16	11	3	2	17	16	19	11	7	19	10	8	11	6	2	14	9	5	10	19	20	9	17	11	17	10	18	3	19	15	13	17	13	15	16	13	4	4	2	5	11	16	17	17	5	18	19	6	11	20	16	6	15	11	4	5	6	5	16	2	10	2	15	10	8	18	4	4	9	20	5	11	14	1	7	12	20	16	18	18	20	4	16	13	4	13	17	9	11	13	3	4	4	12	14	19	18	7	12	7	12	20	18	1	10	15	12	13	17	17	16	1	10	12	6	2	10	8	12	1	18	2	14	11	11	11	11	17	18	5	5	3	20	1	7	19	19	2	18	3	2	3	7	1	20	20	13	9	12	7	20	15	13	12	7	11	3	12	4	11	7	12	19	12	1	2	18	19	16	2	5	9	9	18	14	19	7	18	14	13	16	3	17	5	9	18	17	20	20	5	14	19	4	9	7	13	7	2	19	6	10	12	17	4	3	20	18	9	16	10	4	13	1	9	3	10	2	17	20	12	11	7	5	1	10	20	17	17	19	1	7	3	17	19	8	4	19	7	11	2	7	6	7	13	6	1	8	15	9	9	11	20	20	11	18	18	9	8	1	2	9	5	17	12	20	15	11	13	17	15	9	15	3	19	7	15	4	2	10	5	13	6	11	18	6	20	12	20	13	1	5	4	7	2	3	10	1	9	16	8	7	9	4	18	16	20	4	13	15	15	9	8	6	16	12	1	1	14	3	15	2	11	18	15	7	13	6	14	11	8	15	14	15	4	11	1	5	19	17	7	18	14	20	5	9	18	5	9	1	20	11	7	8	13	13	13	10	18	10	19	14	20	5	7	11	16	15	13	18	18	15	7	6	1	4	17	14	13	1	20	12	10	5	14	4	11	15	7	3	7	1	5	16	7	3	1	3	2	15	5	2	14	7	6	11	10	8	1	8	8	6	3	7	14	8	15	4	14	15	5	11	13	13	7	13	4	14	6	4	9	2	5	14	4	16	11	8	4	5	10	2	8	14	9	11	16	10	8	16	11	2	6	1	2	11	11	15	5	16	5	16	16	15	5	11	4	15	4	12	5	10	12	6	6	9	4	7	7	2	10	6	14	14	12	16	7	8	6	1	5	7	10	7	4	3	11	2	3	5	8	3	13	10	15	14	3	8	7	3	4	11	16	9	1	16	8	15	6	14	12	15	1	7	11	14	12	4	6	14	2	13	10	16	10	10	11	3	16	14	6	4	11	13	3	15	8	1	6	1	2	2	16	16	15	9	6	3	5	11	9	11	13	12	5	4	10	6	6	15	15	5	6	2	10	13	13	16	9	15	1	13	12	9	13	5	5	7	2	11	6	16	15	3	16	10	12	6	9	1	5	5	15	4	12	10	4	11	9	5	12	15	10	13	4	6	13	2	12	10	15	3	5	15	1	12	12	1	4	13	13	10	15	2	5	4	9	6	8	15	11	10	15	12	8	16	15	7	8	5	9	2	14	12	6	5	12	10	2	14	8	10	11	9	4	10	11	1	14	14	8	10	16	2	5	5	8	13	11	9	7	15	6	14	7	16	2	9	13	14	6	13	9	3	14	3	1	8	13	1	13	14	15	5	9	16	13	10	1	15	14	10	8	4	9	1	7	3	8	2	3	4	2	9	5	15	3	4	3	16	14	5	16	1	11	12	9	9	11	16	8	3	8	12	13	13	15	4	9	14	12	7	7	8	3	4	16	3	12	3	12	1	8	8	11	16	5	6	2	4	14	3	2	9	4	6	4	10	16	9	16	12	2	9	9	14	14	8	10	2	10	5	13	11	4	10	7	3	15	7	6	13	1	1	11	13	15	3	1	12	10	6	16	13	16	1	12	12	3	8	11	11	11	3	8	11	14	14	1	10	6	1	9	7	9	1	6	9	11	13	4	3	5	14	12	9	10	11	11	12	6	13	4	7	13	10	14	16	7	3	1	11	6	10	4	9	16	7	5	14	11	4	7	1	13	8	3	1	15	16	14	2	8	12	5	12	13	4	14	12	9	5	2	5	9	1	1	14	5	15	2	12	12	15	11	5	7	11	10	16	12	11	6	9	7	6	2	7	9	7	8	10	9	1	16	1	13	14	1	2	16	14	5	12	1	3	2	1	7	1	9	6	15	5	16	6	2	16	5	6	1	13	11	6	10	3	1	16	2	2	1	14	13	11	11	7	14	3	8	4	10	9	1	1	9	14	15	15	16	10	6	14	8	5	10	9	5	11	7	5	16	3	14	13	2	12	14	6	12	9	8	6	4	10	3	9	10	2	4	8	14	3	2	1	10	5	11	5	5	10	9	7	16	13	11	7	15	10	9	1	10	9	14	10	16	10	15	14	16	5	4	9	12	6	12	11	13	1	9	9	8	7	11	10	2	12	14	6	12	9	16	3	4	7	3	16	4	11	9	11	11	10	13	1	11	11	14	1	5	14	6	4	3	13	4	12	15	15	10	15	1	12	6	8	7	5	9	3	4	16	3	5	9	1	11	8	10	14	8	14	12	1	2	8	13	14	12	2	5	16	6	16	12	1	11	5	15	2	3	8	4	4	11	11	2	7	5	12	14	13	16	7	6	2	9	10	9	5	2	7	11	8	11	16	12	11	15	7	8	10	7	13	2	10	12	6	6	9	1	1	1	4	10	4	10	9	11	15	15	12	13	1	7	1	12	14	14	6	14	14	4	15	15	10	8	6	9	1	15	1	6	11	11	7	1	9	12	4	16	8	15	11	4	5	10	4	15	10	2	9	10	2	10	1	14	12	2	10	7	11	11	8	10	9	5	2	6	7	12	16	5	16	5	10	13	3	5	15	4	12	3	7	12	3	12	1	11	13	13	6	14	11	16	2	2	7	9	5	4	16	12	16	3	3	15	7	8	12	1	12	12	11	14	5	12	15	14	15	9	1	5	13	7	2	9	14	8	12	3	5	3	12	5	5	1	14	7	3	12	5	9	2	11	8	16	7	14	10	13	15	12	12	4	16	16	4	5	5	4	16	12	6	6	13	9	12	2	10	15	2	14	2	14	13	15	10	2	14	12	11	13	7	14	7	12	1	10	6	13	14	1	13	5	14	6	2	9	7	4	7	7	14	5	8	4	5	10	8	15	15	5	15	3	16	8	14	16	7	4	9	5	8	12	1	8	6	7	7	15	12	2	8	1	16	4	16	8	1	2	15	14	4	5	3	16	6	10	12	6	15	1	12	7	6	11	2	14	8	1	15	5	12	2	3	8	2	2	13	4	14	1	14	10	11	6	16	1	6	5	10	7	9	5	9	13	5	3	3	9	2	15	7	5	9	8	13	13	15	5	16	7	16	3	15	16	6	4	9	9	8	5	8	2	2	1	11	16	12	11	16	6	1	9	7	3	14	11	13	3	10	16	5	16	16	3	15	16	7	11	6	1	11	15	4	14	11	11	1	7	2	1	4	14	9	4	2	9	8	1	9	9	13	11	6	9	3	16	1	10	8	9	15	5	9	13	8	9	1	5	9	10	14	15	6	7	16	6	2	6	7	8	15	4	5	2	2	6	8	1	2	12	1	7	3	8	16	8	3	1	11	1	6	11	7	2	4	4	8	11	15	12	13	12	3	1	13	9	15	14	4	13	10	16	12	1	14	4	1	4	4	12	1	5	5	14	2	13	11	2	5	13	9	11	13	4	14	3	13	12	16	5	7	10	12	13	15	5	14	8	6	14	13	14	10	6	9	7	4	15	12	2	13	7	5	12	14	11	6	2	11	9	5	15	7	9	2	7	7	9	1	2	4	15	11	1	6	13	16	9	16	14	2	8	10	14	4	14	9	4	15	13	7	4	14	8	1	9	12	16	7	10	3	6	10	8	11	5	13	3	11	5	14	13	5	13	8	2	11	14	13	4	10	13	7	11	10	3	15	9	4	11	10	7	4	6	10	1	13	14	10	5	13	2	10	12	3	3	1	11	16	6	3	2	6	3	13	8	5	5	3	3	16	12	9	7	12	12	8	4	12	6	3	13	5	5	4	12	15	10	5	3	12	12	3	16	5	7	10	2	13	7	4	7	4	2	14	8	11	2	10	16	9	3	14	4	9	15	5	7	13	10	12	8	10	2	6	14	7	16	9	5	5	1	11	7	10	16	16	10	4	6	9	9	6	16	3	7	16	5	11	5	3	4	7	16	6	5	6	7	1	5	12	6	6	8	6	4	8	4	11	1	4	7	5	11	2	1	10	14	7	9	5	5	2	11	2	5	13	1	6	7	8	5	4	15	1	7	13	15	1	10	16	11	5	12	8	14	12	11	9	11	12	15	4	2	2	13	4	6	7	16	1	9	3	13	2	10	1	9	8	15	16	14	9	5	13	5	1	11	11	2	1	6	7	14	10	3	3	4	11	2	5	5	1	14	3	11	4	16	7	11	11	15	7	13	11	12	15	8	12	5	3	8	13	9	7	9	8	14	13	9	11	14	9	6	6	15	7	12	4	9	3	10	4	12	1	11	3	2	14	11	8	8	8	11	1	12	7	10	15	1	3	13	12	5	8	6	8	15	8	14	6	3	12	2	14	14	2	9	11	1	3	10	6	9	13	14	12	4	12	8	14	10	6	14	9	6	8	13	3	12	8	9	2	9	6	1	16	7	11	12	3	5	9	10	4	14	11	7	13	11	16	15	16	6	10	1	1	4	6	9	13	3	1	15	6	12	7	11	13	14	6	3	2	1	2	11	5	7	9	12	8	12	8	11	4	12	16	9	3	14	2	8	1	1	12	9	11	16	16	15	13	14	15	11	13	1	1	3	15	3	4	12	15	9	4	3	8	16	4	2	7	4	15	2	12	11	11	3	7	4	5	14	2	16	12	2	14	11	9	9	1	1	16	4	9	8	1	12	10	12	1	10	16	3	7	10	6	10	16	11	6	1	16	9	16	14	15	5	12	7	14	2	7	14	7	12	15	16	13	8	5	2	12	4	16	15	8	16	11	16	11	10	6	7	4	10	14	12	10	6	11	1	5	16	16	11	1	4	1	8	13	6	5	3	2	3	8	16	3	6	15	9	7	14	2	12	8	14	16	1	3	4	15	3	12	11	11	2	5	13	7	13	13	10	1	9	1	13	16	15	9	3	10	11	6	2	4	9	5	7	13	5	15	4	14	8	2	13	13	3	13	5	1	10	15	10	11	7	12	3	1	6	11	5	11	1	9	2	14	12	11	6	12	1	2	7	10	12	11	12	13	5	12	5	3	15	14	14	6	15	14	16	6	8	14	1	5	16	6	7	10	12	3	6	11	11	9	14	4	8	15	1	15	9	5	8	1	5	14	15	4	10	14	10	16	9	7	14	3	3	13	2	12	9	4	8	11	1	8	10	16	16	12	14	1	5	10	3	11	7	6	13	13	11	5	5	5	15	11	4	16	7	2	9	1	8	15	8	10	15	15	14	12	13	16	3	11	16	5	7	13	13	7	5	12	16	6	14	11	16	16	6	16	7	2	9	16	4	6	6	10	2	11	4	2	11	3	13	9	4	2	1	7	6	5	2	6	14	16	14	5	4	6	6	8	1	1	5	5	12	6	9	4	6	7	11	15	1	16	14	16	12	4	2	8	13	16	14	8	10	15	2	16	11	5	10	14	3	13	10	4	6	5	11	16	5	13	12	7	5	3	7	16	15	3	1	15	4	7	16	6	3	5	1	8	7	9	5	10	14	14	4	16	7	2	7	13	5	5	16	5	9	15	6	3	5	6	4	5	5	13	8	1	1	9	9	5	3	13	8	16	11	8	7	16	1	13	16	8	16	14	5	10	6	8	7	1	13	13	1	7	3	5	8	9	12	6	13	13	9	12	3	12	3	5	3	11	14	9	13	12	3	9	9	10	12	12	11	15	5	13	10	16	11	1	11	12	6	14	13	8	10	7	7	2	3	1	3	7	3	8	9	13	8	13	5	3	4	10	9	10	11	2	2	3	4	4	8	3	5	8	1	12	2	12	3	2	2	13	15	2	7	13	1	9	16	5	4	7	6	16	11	2	1	2	7	7	12	14	4	3	1	4	14	6	7	16	11	16	8	15	7	11	8	2	11	7	2	7	8	2	5	10	12	5	16	3	1	7	13	12	12	11	15	10	2	12	6	6	10	9	2	7	4	3	16	9	12	12	14	9	3	15	6	1	15	4	11	14	8	14	2	5	5	1	9	2	2	13	13	12	14	12	7	1	6	16	3	9	5	3	15	12	3	11	6	15	9	4	2	10	1	9	15	7	16	11	6	12	10	12	2	16	4	11	11	12	14	9	16	12	10	8	12	9	2	8	10	5	9	2	2	6	2	8	4	3	3	1	2	15	16	12	13	15	14	1	14	16	9	10	14	16	16	1	14	12	16	6	15	13	9	9	10	15	8	5	13	16	6	7	5	3	4	5	9	13	12	4	12	8	13	6	15	15	2	5	14	11	15	8	1	12	2	2	10	11	8	15	8	7	7	15	13	8	2	2	6	9	6	13	3	7	1	14	1	14	5	7	2	4	2	16	9	8	6	1	11	7	12	3	15	2	8	15	5	14	14	14	6	3	12	1	15	12	14	8	10	12	7	11	1	8	12	4	4	1	4	12	2	6	4	11	10	3	9	15	1	11	5	16	11	9	10	9	15	5	1	8	7	12	11	12	2	14	4	3	10	15	15	6	1	1	12	8	10	2	5	4	1	6	11	3	3	7	2	8	4	5	6	1	6	8	11	9	12	5	4	7	4	14	3	4	12	9	14	1	5	8	11	12	10	5	4	15	14	2	8	6	3	10	8	5	15	11	3	5	2	4	3	4	6	8	4	7	15	5	15	9	16	10	9	2	5	14	6	4	9	2	8	16	12	4	3	2	6	11	3	14	4	16	12	5	13	6	3	12	3	15	14	6	16	5	1	15	10	1	7	12	11	5	16	5	1	16	1	16	4	6	3	7	2	9	3	2	12	12	7	12	9	2	9	6	7	15	2	16	7	2	8	15	3	2	2	5	12	6	1	13	6	9	6	7	2	10	2	4	4	2	12	11	9	6	15	1	1	12	4	15	13	12	16	11	9	16	12	7	13	10	14	8	16	11	16	10	16	1	5	5	4	7	9	11	12	4	3	7	3	15	7	4	3	12	9	14	12	8	5	1	13	11	8	15	9	15	13	7	14	6	10	7	11	2	2	4	13	11	9	8	13	5	4	5	13	14	9	15	2	14	13	13	1	4	3	16	10	14	13	15	8	6	9	6	5	7	7	8	9	1	11	15	6	1	4	6	13	12	10	5	9	13	1	11	10	8	12	5	1	9	13	7	5	1	15	12	7	8	2	2	3	4	16	14	12	6	9	15	3	15	8	16	4	6	7	3	11	16	6	5	9	14	10	16	7	16	1	10	6	6	1	13	2	9	13	11	1	10	9	8	9	15	15	13	5	8	11	7	1	7	7	11	3	15	15	5	12	7	8	10	8	4	11	13	3	3	15	6	12	4	3	10	8	5	6	2	10	1	4	14	12	12	1	10	9	10	11	11	8	8	12	1	12	9	10	12	4	16	2	13	3	15	9	1	14	15	6	11	2	8	5	15	3	4	4	4	5	6	11	9	6	2	4	1	4	15	9	3	14	10	2	7	2	7	14	15	4	5	15	2	4	15	12	8	8	6	8	4	16	13	8	6	9	7	2	2	9	9	8	6	7	2	13	9	3	13	13	12	1	6	5	5	10	5	8	13	4	4	2	7	5	12	3	14	3	14	13	15	7	10	14	3	8	6	5	9	10	13	1	14	16	13	16	15	16	12	16	16	1	11	8	4	13	10	15	7	14	11	8	4	1	10	14	10	14	15	7	2	16	2	4	13	3	3	15	14	13	12	14	5	10	9	8	11	5	4	12	4	14	11	8	3	2	10	8	12	6	8	10	16	8	6	2	7	7	7	5	2	3	6	3	10	15	3	7	1	10	11	16	7	2	11	3	16	10	15	15	7	12	8	2	1	9	6	4	16	15	2	3	2	3	9	9	3	4	2	9	15	6	1	2	6	16	4	4	14	6	5	7	12	7	7	9	5	12	10	5	10	15	16	2	10	16	12	6	12	11	1	7	7	10	1	10	13	16	5	5	2	8	3	6	7	16	8	4	10	9	15	12	11	11	8	3	4	9	13	6	5	5	12	10	15	10	3	6	1	14	4	8	16	2	7	14	8	16	5	14	12	10	7	11	2	1	4	6	1	15	8	2	1	8	8	6	13	6	3	11	12	16	11	7	12	15	1	12	14	12	15	9	12	15	2	14	1	14	8	15	6	9	3	11	1	14	15	6	12	4	8	9	5	4	7	8	5	5	4	13	16	1	8	8	12	11	12	4	14	6	7	16	13	10	7	10	9	3	5	1	5	5	6	15	16	8	10	15	6	6	3	2	6	16	5	13	12	12	14	4	11	2	7	15	6	3	13	14	5	14	11	8	2	1	13	8	2	14	11	14	7	11	4	8	11	13	10	1	7	16	11	15	5	11	4	7	15	1	11	12	5	15	5	14	6	8	9	3	5	12	7	10	16	9	10	14	8	2	7	6	2	3	14	9	11	7	9	2	10	6	4	14	5	7	8	1	6	12	14	6	16	6	2	4	2	2	4	4	5	6	7	10	12	5	10	3	10	8	13	1	3	11	2	16	9	14	8	16	8	9	12	10	11	9	16	7	15	7	2	15	1	9	14	2	16	1	9	7	2	4	4	10	14	5	11	13	13	7	15	13	7	11	8	13	10	10	6	8	15	10	15	6	15	10	16	7	7	14	15	11	10	12	14	4	7	6	2	9	8	8	10	9	1	10	15	11	7	15	11	14	3	5	11	5	16	11	1	15	9	2	6	15	12	13	14	10	8	15	12	15	16	1	2	1	13	5	11	12	14	11	12	5	10	9	8	16	11	7	9	12	2	9	14	5	15	9	13	13	8	10	6	7	10	16	16	1	8	9	1	9	2	5	14	1	4	13	12	13	9	6	10	11	8	1	6	3	4	3	14	1	14	9	8	11	6	13	8	11	12	10	15	9	4	6	5	16	14	4	11	7	8	4	5	6	5	16	2	12	9	5	9	15	2	2	10	12	2	1	16	16	16	2	6	9	2	1	4	3	16	14	13	6	3	7	6	11	10	3	2	8	11	3	2	8	16	4	4	1	11	3	13	2	8	10	9	3	3	13	16	5	15	6	11	1	12	11	8	14	12	15	6	5	9	5	9	3	12	5	2	13	3	9	6	10	2	7	1	5	8	8	12	15	6	4	14	4	4	15	10	15	14	13	16	14	1	1	12	13	7	15	9	8	12	10	15	6	13	1	4	5	12	4	13	16	12	16	12	11	7	10	8	5	8	3	5	11	5	7	15	9	16	3	4	8	15	9	4	10	11	15	8	14	15	1	16	7	6	15	3	8	15	1	1	8	1	8	7	4	1	11	16	4	7	13	7	14	13	15	14	6	1	9	14	16	6	2	1	9	4	13	14	14	7	5	11	12	14	3	2	15	2	14	8	11	10	2	6	11	12	15	3	15	4	8	11	15	14	14	7	3	8	14	2	13	2	9	7	9	6	7	10	3	1	3	5	2	7	6	15	11	7	15	11	12	16	16	14	2	8	1	5	8	14	15	2	3	8	10	7	1	2	15	8	10	4	13	15	8	3	3	12	6	15	9	8	12	1	5	5	2	13	6	14	7	5	4	12	16	14	11	8	12	1	7	13	1	8	12	8	5	10	4	16	14	10	7	13	7	14	11	8	5	13	3	12	16	13	5	2	11	10	16	9	1	14	7	4	6	9	9	14	7	9	11	9	13	14	12	9	11	12	14	4	12	13	2	3	10	11	15	1	13	11	12	3	8	1	9	10	2	16	8	14	9	9	1	12	10	3	7	6	4	6	12	13	13	1	5	1	8	15	14	13	1	15	10	10	9	10	14	14	1	10	4	15	14	12	8	7	10	2	14	13	3	4	4	6	2	13	12	12	12	11	15	5	2	16	15	1	3	1	9	3	13	13	13	3	9	14	8	10	4	13	11	8	6	13	8	13	11	9	1	1	2	5	7	4	8	13	8	6	10	10	7	14	10	15	7	10	2	4	15	15	1	5	7	7	11	15	8	8	6	7	16	5	2	13	9	9	13	10	7	12	15	15	2	3	16	10	1	5	4	3	3	16	9	8	2	15	8	6	5	7	1	13	5	1	14	5	2	16	8	5	4	12	9	10	3	6	14	6	2	4	10	16	13	3	11	8	14	6	3	9	1	3	3	14	7	11	9	4	2	12	11	14	9	14	4	1	10	9	15	14	8	8	16	9	13	14	6	16	7	3	8	2	2	7	10	6	5	3	15	7	13	4	7	6	9	8	9	12	7	2	6	6	14	1	7	15	5	9	1	16	3	14	6	15	7	12	15	6	12	7	4	11	2	2	10	2	7	6	12	10	13	5	7	14	12	15	3	13	15	9	4	10	6	4	5	2	3	9	3	11	10	10	11	7	10	9	2	5	3	9	5	2	14	14	1	9	14	11	3	5	15	5	16	10	13	12	16	12	1	15	3	10	11	6	6	15	3	8	16	2	2	1	15	3	5	7	15	7	13	7	12	8	11	16	8	3	2	4	7	11	13	3	6	2	5	2	6	8	2	6	15	5	10	15	7	6	12	14	1	11	11	8	12	1	15	3	5	15	15	4	15	7	14	10	12	14	7	4	10	2	5	11	13	6	9	12	4	13	10	10	1	2	1	7	1	3	15	12	1	15	12	1	8	3	7	11	14	16	10	4	15	9	6	1	3	5	8	8	14	10	7	6	5	16	1	13	6	8	8	16	13	2	5	2	1	4	11	11	6	10	4	10	3	14	14	4	9	10	13	2	1	9	3	11	16	16	13	9	7	3	4	12	6	9	12	12	16	6	10	16	13	4	15	9	15	1	1	3	7	1	10	4	13	5	10	7	6	7	8	10	9	12	10	1	15	4	10	8	14	1	1	16	4	13	1	4	4	13	14	13	13	12	2	14	9	5	15	7	3	5	9	11	6	11	3	4	6	5	16	4	5	11	2	2	5	16	12	9	3	10	15	7	4	14	9	1	12	1	10	12	16	4	16	3	9	15	13	2	13	15	16	3	16	3	16	2	9	16	8	10	14	6	15	16	11	6	2	6	16	15	16	5	7	4	10	5	3	4	16	4	12	10	11	2	13	6	8	8	8	7	10	15	5	7	16	2	13	15	14	15	1	3	16	1	9	12	5	11	13	6	2	12	7	16	8	6	14	15	2	9	4	15	9	12	2	12	3	1	6	13	14	10	11	16	15	12	13	11	12	9	8	1	14	7	12	13	13	7	12	7	10	13	15	15	9	6	6	15	4	16	13	4	13	2	1	15	3	15	11	8	9	1	15	11	14	10	8	13	9	4	10	16	4	3	8	15	11	5	2	2	9	3	9	7	4	16	9	3	12	4	13	2	5	1	14	11	2	3	9	15	12	9	9	15	2	2	9	4	14	9	8	13	13	10	6	11	3	8	3	2	7	15	11	5	7	15	14	3	14	13	7	9	7	14	13	4	14	7	15	14	5	7	10	12	7	11	15	8	5	9	4	2	13	11	4	8	11	5	15	14	8	4	10	3	7	2	2	12	7	14	10	16	12	9	2	5	12	4	14	3	12	15	16	14	14	2	4	4	10	7	16	14	16	5	14	5	14	6	2	1	6	9	2	7	11	3	5	13	7	16	11	3	11	3	16	5	5	7	16	5	5	1	8	14	15	1	9	15	16	16	12	12	6	4	1	14	1	4	10	12	1	9	9	13	16	10	2	16	3	5	13	6	10	1	16	15	9	9	8	16	15	2	16	2	5	9	10	7	16	9	8	8	1	1	16	5	5	12	7	2	7	1	10	11	3	6	7	3	15	4	4	8	9	9	14	16	6	10	4	4	7	8	10	8	16	12	13	4	7	14	7	3	2	6	15	16	15	11	5	14	4	16	7	5	15	4	5	6	10	5	5	4	9	8	9	5	13	5	2	2	14	5	16	7	15	10	14	5	7	16	16	3	3	6	3	12	11	14	16	4	4	10	9	8	3	11	16	6	10	10	14	7	16	4	3	13	11	12	14	7	7	12	3	9	6	16	13	6	1	13	6	13	9	2	10	9	14	16	14	8	11	14	14	7	12	8	14	10	10	16	4	8	14	11	5	10	5	10	12	12	7	16	5	15	9	8	5	13	6	3	10	1	7	5	9	9	2	3	11	10	5	12	6	9	7	2	11	11	6	2	7	15	14	3	13	3	2	16	9	13	14	1	12	5	8	10	13	2	9	4	5	3	11	11	13	12	8	14	8	5	15	4	7	5	1	16	3	5	2	7	1	8	12	5	6	14	5	2	1	7	3	13	15	8	14	8	3	14	10	1	8	7	13	4	3	10	8	7	11	15	7	1	10	15	7	5	2	7	14	4	6	4	4	15	15	8	12	12	13	6	5	12	15	12	11	7	3	14	2	4	15	12	15	12	9	5	13	7	14	3	9	5	8	14	2	16	1	10	15	13	5	6	3	16	11	2	2	9	9	16	15	15	4	16	9	4	11	14	2	11	5	2	1	3	5	12	13	7	2	8	4	10	9	4	9	6	10	2	13	15	6	12	1	3	15	16	1	5	1	15	13	10	7	3	15	11	1	5	6	7	9	7	11	1	3	7	9	15	6	2	13	15	14	2	3	1	15	13	13	3	14	8	14	5	4	10	15	4	11	12	10	16	4	16	1	16	6	5	14	16	10	15	12	16	9	2	13	11	5	11	10	4	6	15	6	16	14	9	14	8	5	16	2	13	9	16	13	5	11	6	15	13	14	13	3	1	5	15	9	2	15	6	16	13	8	13	12	2	7	9	15	15	10	2	2	3	8	8	1	15	1	7	12	13	16	8	12	10	14	7	9	1	2	14	9	16	10	15	15	14	13	1	10	11	14	11	15	6	5	9	7	1	11	6	8	3	12	4	13	16	2	9	4	13	1	16	6	3	9	11	8	2	9	8	1	15	10	2	10	10	4	6	1	4	13	6	12	11	14	10	16	15	12	10	4	8	10	6	4	5	14	6	1	11	13	1	13	11	1	5	8	4	14	3	7	15	11	13	14	15	14	16	10	16	2	15	16	2	11	8	16	11	12	12	1	11	5	2	3	14	6	3	8	5	1	9	12	8	9	9	16	2	11	11	12	14	4	4	11	11	6	5	5	12	10	11	5	4	16	15	16	11	6	5	10	5	2	8	16	3	7	4	11	16	6	2	7	11	12	9	6	14	2	15	3	8	13	1	11	5	3	16	13	14	3	13	7	7	9	3	6	11	2	3	6	5	7	7	12	16	8	14	14	12	4	6	3	8	4	4	16	12	10	1	7	5	2	15	4	11	8	12	8	16	8	3	3	16	12	10	5	8	16	5	8	16	16	1	5	11	8	12	1	15	16	5	10	8	2	8	1	8	14	16	8	2	16	7	5	5	1	6	7	15	15	15	10	11	8	6	3	1	1	15	4	16	13	11	15	14	5	15	8	8	1	12	6	12	13	10	7	3	9	14	16	5	7	13	1	12	14	10	11	13	5	2	1	8	12	8	8	6	3	4	9	12	8	12	10	3	2	8	8	12	2	8	1	2	7	8	3	2	11	7	16	11	6	11	14	2	5	1	15	15	4	11	6	3	6	15	12	14	14	8	15	16	4	10	1	9	3	14	16	12	10	9	4	4	2	10	11	12	10	4	10	7	12	11	2	10	11	3	4	1	9	2	10	2	16	11	5	16	8	5	14	11	1	3	2	16	14	10	2	10	3	7	12	6	16	5	1	3	1	11	4	9	4	8	9	14	2	9	6	14	14	9	15	10	4	7	13	16	14	15	7	14	14	6	12	10	5	6	16	4	12	7	15	9	7	2	6	11	2	1	6	15	5	6	16	15	8	
220	640	410	940	600	650	580	340	680	650	890	510	490	410	650	600	570	580	920	100	900	440	850	200	1000	920	570	790	890	840	950	860	850	470	280	500	690	970	130	990	630	210	550	850	630	480	360	790	600	230	390	790	420	260	350	120	960	130	850	750	100	180	640	640	450	470	380	300	590	760	470	670	580	480	520	920	650	600	870	510	710	110	180	900	830	500	610	950	890	950	510	520	200	510	170	830	950	760	800	280	660	180	710	390	570	520	870	900	830	740	430	860	790	360	440	460	450	470	800	120	100	790	630	220	390	160	700	770	730	580	880	700	780	180	990	330	720	570	760	810	230	230	960	930	220	210	280	460	290	150	250	400	350	620	460	930	810	910	410	580	740	830	600	750	320	1000	500	590	240	750	450	830	850	110	790	830	840	540	840	110	400	750	860	130	950	660	910	760	740	260	380	270	180	880	130	530	230	860	290	360	240	230	910	160	1000	360	910	750	130	680	300	480	990	350	800	420	260	970	400	900	210	1000	670	930	180	720	550	140	630	830	540	650	610	870	340	700	720	200	560	850	780	680	720	770	340	160	330	280	990	700	750	530	270	550	540	830	690	500	930	660	720	870	630	420	210	170	100	210	630	860	300	950	820	930	290	160	210	790	760	430	420	670	960	800	920	630	910	820	1000	950	930	550	420	450	670	960	460	940	560	950	280	360	300	510	410	170	840	100	350	810	330	430	840	160	750	630	880	180	380	170	640	120	600	620	490	970	900	110	1000	360	410	560	120	610	730	570	420	810	150	770	990	320	300	540	650	770	670	910	570	150	370	100	770	750	700	730	610	190	890	660	280	450	760	310	980	750	360	960	420	810	680	820	930	500	170	930	300	130	710	920	940	260	980	660	830	840	190	460	760	200	940	660	530	750	650	450	200	550	310	590	820	810	240	970	510	990	550	320	570	250	840	890	260	530	440	1000	920	500	120	800	970	180	950	270	200	460	350	870	780	100	540	460	800	940	720	400	800	230	580	760	780	320	360	730	530	160	780	280	140	160	760	350	530	260	520	550	820	610	140	530	440	920	360	930	620	960	240	870	450	600	230	180	720	520	760	770	100	570	850	590	850	690	560	650	350	600	280	920	260	360	580	570	400	620	540	400	960	430	340	510	470	710	240	910	640	420	150	850	390	380	990	250	950	640	120	300	780	210	790	870	880	100	950	480	120	230	760	900	840	640	400	670	520	450	440	610	210	640	760	230	690	410	430	350	700	660	930	580	640	640	770	870	530	470	920	800	320	270	630	340	730	200	210	900	230	320	440	670	900	840	290	290	870	230	860	600	830	360	790	440	410	590	660	630	450	780	450	330	130	160	920	940	620	330	880	810	540	680	950	670	990	570	130	600	220	290	530	320	560	1000	520	770	510	950	720	560	130	290	980	690	110	950	260	610	820	170	540	180	660	760	440	700	430	820	410	110	490	200	360	490	380	700	270	990	420	810	930	250	200	140	820	980	750	260	390	640	500	730	350	570	210	310	330	670	440	180	640	370	900	370	660	550	830	680	380	550	990	150	110	100	310	220	850	480	640	900	910	990	720	610	870	630	260	420	350	300	900	260	520	500	780	660	990	240	380	110	1000	840	1000	230	580	830	980	540	950	880	750	430	730	440	170	320	870	680	430	450	300	350	500	820	500	710	100	900	560	680	480	430	520	310	960	880	390	500	830	420	310	750	760	430	700	170	260	770	570	140	200	320	460	910	570	170	130	620	530	250	370	590	520	320	600	170	120	930	570	430	530	730	500	540	720	520	210	270	1000	820	120	920	490	770	560	140	820	530	590	360	470	320	580	220	640	720	620	300	900	740	990	940	470	680	770	510	920	520	730	810	860	690	270	700	790	650	430	220	130	480	330	430	430	600	860	270	350	780	990	920	760	550	290	170	270	120	120	710	100	120	410	290	840	740	880	790	300	470	920	320	160	940	850	220	900	810	800	200	510	490	520	150	920	890	340	680	970	980	190	470	330	370	330	970	710	390	390	920	250	170	350	270	240	720	370	580	310	360	650	480	120	180	970	790	560	210	750	600	680	110	150	180	320	430	750	150	140	460	400	900	910	110	700	340	930	190	450	800	320	720	470	400	690	120	530	420	680	480	960	660	700	180	350	700	790	710	880	670	360	210	560	360	340	640	980	110	940	970	150	560	650	140	810	370	900	830	280	880	580	570	910	980	510	110	920	940	110	520	860	390	570	470	290	840	600	380	720	760	110	300	120	760	430	780	830	360	390	320	750	940	470	550	980	670	230	830	450	510	340	380	770	790	650	940	470	680	150	800	270	160	830	370	380	320	930	910	260	620	730	400	1000	630	560	750	660	180	640	940	120	410	300	490	770	200	320	960	180	330	370	830	870	230	580	390	380	410	230	670	750	410	850	780	650	330	580	450	450	160	390	680	320	660	800	650	270	240	590	450	450	560	360	150	370	870	580	940	520	840	870	950	450	410	920	610	740	890	980	720	810	150	380	990	210	440	500	740	620	460	360	810	960	560	700	650	240	780	530	280	890	150	110	160	990	160	250	220	190	280	240	430	570	470	700	990	690	960	420	950	920	250	720	900	570	660	230	440	280	380	370	870	980	420	660	850	460	650	170	700	770	990	780	620	990	1000	380	590	210	100	810	560	850	500	850	570	950	680	570	530	720	720	720	200	960	320	610	660	420	590	800	950	930	620	410	660	650	710	850	180	730	130	420	1000	700	450	890	330	600	210	140	980	550	230	610	560	430	350	680	830	290	810	440	640	440	330	860	620	270	540	450	100	330	610	950	100	230	590	250	240	610	410	730	570	690	480	890	780	740	190	870	960	150	810	100	810	680	730	360	250	480	550	680	670	520	960	490	690	660	360	630	830	540	860	950	480	610	230	150	690	360	970	530	680	300	970	150	700	460	550	430	450	510	170	920	920	660	590	300	650	780	660	880	1000	970	650	280	790	850	790	660	790	430	620	810	580	370	1000	1000	140	1000	180	270	970	420	740	640	610	870	960	840	210	140	540	480	970	280	490	110	140	920	720	770	780	290	890	520	570	120	890	260	320	960	110	120	260	280	270	680	160	370	860	500	630	450	170	700	970	960	490	490	360	940	790	630	430	390	180	300	510	970	350	890	550	440	920	160	180	400	890	300	850	550	410	420	120	120	280	800	310	860	520	1000	710	680	470	1000	960	100	850	880	780	570	700	310	790	670	750	830	280	680	240	600	600	840	780	560	630	150	450	460	700	260	760	630	710	430	400	330	210	470	770	860	150	680	460	550	340	160	540	770	790	940	820	810	730	130	470	650	260	540	420	850	590	250	320	520	510	250	980	550	220	500	640	350	720	460	470	690	480	950	970	950	290	390	370	920	510	660	700	320	940	910	750	130	730	310	540	720	710	610	280	700	130	720	260	900	770	460	280	660	800	310	910	940	850	870	250	310	230	340	950	130	950	660	880	680	570	130	770	480	480	460	700	830	900	600	690	100	570	900	470	900	520	410	170	280	380	580	760	870	510	630	620	710	350	590	1000	800	150	810	580	660	560	230	790	290	740	390	470	240	240	210	100	650	470	210	870	200	510	480	140	200	440	520	470	380	310	110	330	740	740	400	470	740	550	860	700	450	100	920	350	710	820	270	940	230	780	280	160	840	580	190	590	590	190	870	310	910	1000	420	800	640	230	540	790	500	930	230	990	1000	500	450	750	840	770	300	500	170	970	600	480	900	970	730	220	850	500	200	360	210	290	600	740	370	840	380	670	250	110	250	930	600	160	970	750	730	370	840	280	380	310	380	1000	880	830	840	370	230	360	180	250	690	590	210	280	370	730	620	730	280	590	600	160	440	120	170	400	380	460	250	670	380	240	290	480	560	500	690	710	160	210	700	930	380	180	800	230	540	610	670	480	580	210	590	490	960	370	370	630	940	470	590	920	260	840	470	880	230	740	800	730	410	780	140	480	500	880	180	390	100	670	340	730	580	310	420	710	770	620	960	1000	140	960	870	710	740	390	180	310	470	360	330	950	190	610	170	350	330	450	480	310	320	340	500	370	940	920	440	880	940	860	370	630	640	610	440	900	920	880	350	430	810	820	820	130	460	230	680	340	210	800	330	670	400	240	840	750	470	300	420	720	380	360	490	430	620	880	430	690	670	450	640	850	520	240	420	240	270	480	920	870	430	450	770	820	710	950	270	120	360	790	620	960	790	870	610	970	540	660	1000	670	680	470	1000	590	750	570	620	500	330	550	790	860	240	370	330	840	170	940	670	700	240	650	450	350	750	840	930	510	150	440	190	350	740	150	980	370	770	210	470	220	350	100	830	410	700	850	530	610	720	180	770	440	610	910	530	260	650	760	270	180	620	840	950	580	680	1000	980	430	530	590	690	820	930	290	500	920	530	450	280	900	250	290	840	240	450	470	290	700	360	910	240	910	250	650	400	680	360	660	850	740	130	830	110	100	170	910	250	620	630	980	300	250	110	570	530	900	850	240	120	350	300	980	180	800	260	570	700	420	640	330	640	620	120	170	170	620	500	550	650	700	300	330	130	760	950	710	510	450	100	230	510	620	410	350	590	350	550	470	340	950	550	730	950	740	300	940	430	400	190	110	720	330	300	790	320	810	200	430	510	370	630	960	310	500	210	440	500	250	650	1000	170	160	190	110	430	840	620	680	340	350	440	740	970	220	450	310	820	280	210	200	120	820	860	540	420	430	430	940	700	100	910	480	710	190	390	840	740	210	800	650	730	770	570	160	270	560	240	610	330	130	330	540	180	850	770	350	800	940	900	900	630	320	620	430	550	420	190	130	540	160	980	280	160	460	270	410	620	800	480	790	780	430	200	180	610	460	910	480	990	990	570	210	680	860	950	120	690	330	940	480	860	610	700	800	890	980	280	750	210	970	300	510	350	630	500	800	870	760	260	460	1000	380	970	940	870	630	530	590	860	330	800	910	220	480	810	260	900	310	340	440	200	900	210	160	820	250	430	160	690	240	590	850	380	720	570	500	560	900	280	580	660	460	910	680	710	780	460	200	610	600	530	580	650	640	190	470	240	480	960	440	930	500	310	340	870	860	610	770	180	110	170	990	990	230	780	770	190	970	910	320	990	900	610	160	500	850	990	460	470	440	880	540	100	770	660	530	570	910	350	830	640	340	780	720	520	290	240	330	440	170	620	830	920	480	490	200	600	600	790	760	920	920	890	300	120	690	430	790	420	120	660	560	1000	730	290	1000	580	200	260	160	530	380	540	530	330	450	990	940	150	170	950	970	810	400	630	760	950	460	600	700	590	560	420	270	620	160	300	970	560	510	360	190	360	490	150	580	560	980	910	940	790	600	220	830	530	380	360	870	670	830	970	700	780	190	300	920	990	470	280	730	990	410	600	850	590	880	750	420	550	950	560	960	350	990	200	400	220	300	290	920	100	760	160	350	710	370	500	790	420	190	340	710	230	350	260	490	280	530	500	550	970	310	160	680	850	220	730	810	190	120	540	1000	960	130	370	770	710	930	400	720	1000	660	470	350	1000	870	670	410	790	750	1000	770	780	120	530	350	230	910	970	630	290	360	450	440	850	280	580	760	920	810	290	490	520	230	720	300	960	660	750	680	660	460	330	980	710	890	590	710	170	400	380	250	430	270	260	430	960	220	510	340	920	750	410	220	510	980	200	680	920	420	850	850	980	360	760	180	190	740	640	670	260	360	810	610	850	950	300	660	770	460	690	840	100	320	310	810	590	460	420	540	420	100	850	960	670	670	510	110	400	690	650	540	320	190	720	520	470	210	360	750	570	360	560	570	330	690	230	820	600	830	710	240	880	180	580	660	650	490	280	1000	100	240	210	850	760	140	220	910	100	300	730	670	870	510	830	410	980	580	520	880	330	130	260	850	710	690	950	300	480	520	390	830	150	320	360	210	360	350	140	620	860	170	770	430	510	180	610	850	340	190	470	770	360	220	240	590	720	260	630	800	120	720	500	320	870	220	210	110	650	340	400	610	860	580	940	250	930	640	490	470	110	100	410	230	340	180	140	990	590	720	360	520	500	810	570	490	170	1000	860	610	760	610	320	960	250	760	940	520	700	170	200	990	500	600	270	600	480	510	170	480	960	870	470	430	520	770	390	980	230	120	400	340	470	750	830	600	380	840	670	160	110	750	960	370	220	420	150	580	460	170	240	310	310	530	500	780	610	410	360	980	950	480	520	320	500	860	810	590	340	770	710	490	860	310	210	810	340	550	130	490	840	150	850	210	930	630	530	700	320	240	450	850	410	250	450	650	190	980	360	220	860	570	750	230	440	480	460	710	130	650	770	560	690	130	900	710	170	630	540	770	280	900	920	700	420	280	770	420	690	930	390	500	680	560	780	380	890	970	630	810	140	360	950	870	970	790	260	600	330	150	360	490	490	190	270	240	510	490	240	460	270	190	820	470	700	130	280	790	690	280	280	760	640	780	710	970	730	650	590	840	130	560	350	550	770	450	870	980	480	660	160	570	140	840	680	130	580	450	870	310	1000	100	660	350	800	630	790	260	530	540	660	180	990	690	110	570	760	990	200	680	320	930	310	730	880	980	440	920	410	570	230	810	620	880	120	210	240	530	480	250	600	520	350	780	980	160	150	820	110	460	360	530	560	850	470	480	670	790	570	280	610	420	780	460	720	470	350	860	330	690	290	380	670	830	420	130	240	960	340	280	970	860	100	450	640	710	810	820	710	450	350	210	110	850	610	100	340	570	250	920	520	140	980	820	470	790	130	640	340	670	410	730	290	330	680	600	1000	650	960	270	600	220	1000	750	780	560	630	420	770	290	890	860	280	440	790	860	840	430	280	260	810	440	870	890	660	420	900	140	670	460	250	740	180	570	180	840	660	720	820	120	870	170	200	880	700	240	480	860	430	210	500	360	210	390	920	850	310	790	520	740	900	270	760	410	750	200	680	860	760	220	810	550	820	640	490	640	550	550	210	450	910	310	150	680	100	190	410	1000	410	880	520	950	560	570	940	820	980	230	360	660	450	360	490	820	130	300	940	380	750	890	410	390	400	490	310	590	950	340	240	410	260	200	390	730	650	430	790	940	710	930	950	430	730	350	210	110	200	790	700	120	180	380	350	910	990	850	690	680	550	270	560	100	130	760	530	470	600	770	690	140	690	690	580	500	590	760	910	230	390	670	460	200	120	870	590	770	580	860	960	480	370	210	900	150	290	250	430	620	620	340	680	970	210	630	620	960	670	130	200	340	460	980	900	750	120	800	870	290	880	710	800	740	310	610	810	710	750	700	570	930	520	990	720	360	910	510	230	790	550	100	800	740	120	840	310	820	940	430	450	500	910	340	610	980	250	370	420	620	200	800	280	200	870	530	620	590	790	540	800	760	300	450	410	960	710	390	760	300	370	960	200	740	500	400	550	150	790	450	890	250	950	600	470	380	700	640	500	120	730	680	970	900	630	330	490	780	910	190	530	350	680	870	820	920	180	810	970	210	610	810	280	970	960	540	410	560	480	150	290	730	670	490	640	640	240	800	220	930	750	660	950	870	660	970	930	640	540	940	730	120	500	360	210	820	890	770	120	440	220	480	580	900	790	910	520	760	450	910	110	700	690	140	640	610	590	290	200	470	900	590	720	1000	710	270	450	920	410	570	170	610	550	860	290	570	310	620	290	900	540	140	670	690	120	750	580	930	960	630	550	270	320	190	910	450	980	100	960	490	970	600	460	760	380	690	480	610	680	880	940	310	330	510	290	380	380	570	600	570	820	210	880	250	640	520	410	230	620	880	960	370	240	970	960	560	720	850	870	860	330	280	760	870	640	860	350	170	950	600	610	330	690	770	650	920	450	240	840	870	110	460	240	340	210	370	740	620	500	690	400	600	190	510	540	610	350	420	710	500	580	120	480	590	910	380	600	350	530	630	130	750	180	210	800	110	130	110	180	490	990	780	970	360	870	840	380	400	210	110	630	420	570	970	600	950	590	950	200	880	690	330	920	860	940	740	720	190	400	410	300	610	440	330	920	510	690	680	360	160	610	270	170	360	660	760	970	740	610	580	430	840	210	570	270	260	660	500	520	520	800	700	540	950	370	990	670	560	920	530	180	750	580	690	730	420	220	190	420	660	990	340	390	680	490	400	900	210	840	710	610	270	550	160	550	770	680	930	610	650	500	680	650	360	860	390	830	520	300	750	350	280	500	470	400	470	470	730	860	880	790	890	390	970	880	540	790	240	680	650	980	280	580	340	280	330	880	590	200	110	300	780	900	150	710	720	800	760	660	800	570	1000	100	540	840	900	410	960	670	210	920	590	940	830	130	580	820	780	270	1000	140	650	980	350	410	370	860	450	650	510	750	140	490	490	680	960	880	860	490	110	620	480	820	580	720	600	960	1000	870	330	720	830	110	940	370	760	150	720	890	130	340	270	790	640	540	790	430	230	670	250	400	770	430	390	480	340	830	570	170	830	190	840	760	140	990	220	290	610	810	500	500	900	480	840	120	480	410	140	830	660	440	230	120	770	900	690	440	880	780	790	650	210	960	540	830	300	720	410	960	1000	300	740	370	160	520	800	210	430	880	210	130	180	670	600	990	820	850	140	770	390	660	860	230	590	190	230	820	660	220	950	370	140	210	880	390	760	300	210	630	230	920	940	220	470	350	220	440	890	340	600	380	520	170	110	290	170	240	400	870	240	170	510	870	100	240	970	720	680	740	130	520	440	300	270	790	870	300	660	910	690	590	260	580	230	770	340	150	750	780	320	840	990	660	610	770	440	980	190	400	150	310	250	260	240	780	220	230	910	230	370	720	750	480	260	800	740	1000	150	120	890	860	520	290	460	1000	440	810	240	640	780	950	180	340	110	810	450	410	550	350	120	880	290	740	500	650	430	820	890	950	680	410	530	440	840	600	980	190	610	180	100	390	460	940	410	260	270	240	860	490	240	700	350	520	840	450	360	280	460	360	820	750	240	230	270	650	920	360	590	550	910	630	460	230	880	510	990	310	940	990	790	100	590	440	290	770	270	210	560	650	200	970	270	950	280	250	560	470	950	400	760	170	660	330	570	180	350	150	380	590	330	620	530	780	470	160	640	920	390	530	200	190	410	860	760	120	320	300	270	800	160	310	840	400	920	500	390	150	210	540	570	630	630	560	590	120	330	770	190	960	210	820	820	350	150	950	890	800	580	150	160	790	340	930	700	860	690	900	720	220	430	280	760	620	420	840	340	810	490	730	950	660	360	710	100	250	1000	590	210	390	510	580	970	140	540	570	950	580	660	570	450	450	330	960	790	960	320	360	370	390	750	740	350	810	470	830	910	920	850	700	800	500	480	940	150	760	340	460	960	430	140	550	890	860	780	740	330	360	250	840	520	270	190	210	370	450	250	860	430	390	550	110	160	110	420	310	350	950	980	460	470	640	920	110	670	330	250	160	920	450	670	400	410	190	180	150	370	420	620	360	260	850	290	200	990	930	160	530	1000	170	650	810	880	830	370	380	900	830	950	280	370	400	350	990	540	380	230	580	430	800	740	500	520	540	800	780	880	590	750	180	320	480	610	180	550	880	460	990	410	130	100	210	660	470	310	980	960	550	230	450	500	780	670	750	680	410	180	260	900	260	240	870	610	880	770	190	490	910	200	860	250	780	510	430	1000	470	410	290	800	790	200	230	620	770	860	780	490	810	910	1000	120	780	550	210	450	140	620	700	130	350	920	800	430	570	620	440	690	210	780	830	190	580	440	730	630	190	680	340	350	340	340	770	300	930	740	940	610	320	950	290	640	840	730	230	860	610	770	110	810	670	420	380	390	890	1000	540	760	500	550	780	140	270	830	380	520	480	750	680	410	480	700	560	490	920	660	750	710	110	170	950	670	100	630	750	580	120	170	300	930	260	640	450	680	540	340	630	440	680	430	470	220	340	700	130	130	690	860	420	840	800	350	280	850	620	560	300	100	880	800	180	150	680	740	500	880	130	820	680	110	890	260	680	530	770	620	980	980	410	750	160	270	130	160	420	170	460	910	620	350	960	230	870	200	860	690	260	310	220	660	270	310	960	630	690	710	600	900	800	780	500	1000	630	320	870	870	560	790	290	150	750	360	250	620	320	660	560	600	570	630	790	970	730	760	900	450	990	310	860	210	400	330	470	290	660	480	290	490	280	690	750	400	140	650	580	980	640	250	400	140	420	650	210	480	510	940	910	200	560	740	620	120	150	450	800	620	640	620	360	870	630	970	340	430	210	520	240	560	250	300	720	310	460	350	580	940	210	850	270	380	730	630	480	690	290	700	520	860	680	120	360	980	450	880	410	110	840	220	820	320	110	300	810	520	450	100	990	710	190	230	510	280	370	600	280	110	100	660	970	740	460	850	450	350	230	100	640	750	650	350	280	330	990	870	970	410	170	400	640	180	540	560	750	950	1000	580	170	690	240	130	250	290	870	530	520	540	310	720	410	400	660	850	280	320	720	410	440	690	440	810	650	880	710	250	530	840	870	240	370	670	400	560	150	490	730	150	630	920	990	1000	370	400	450	600	510	240	780	580	600	300	1000	230	560	450	980	120	740	930	820	550	710	280	320	220	670	890	330	780	860	760	510	1000	150	500	390	400	490	220	770	800	550	920	910	590	560	430	180	810	440	410	410	170	580	580	190	760	780	120	110	740	340	920	380	720	870	780	170	570	990	400	230	250	340	310	820	520	560	160	490	460	390	280	260	130	130	530	990	830	980	270	760	780	360	960	920	210	870	600	430	430	960	280	420	430	760	520	550	650	220	430	830	130	110	340	500	260	940	410	750	450	840	410	260	190	220	970	960	700	490	280	540	380	170	300	610	180	130	780	830	120	750	590	880	570	270	970	850	490	780	990	640	930	110	600	780	950	730	450	160	840	230	100	720	740	850	110	140	530	460	370	190	250	510	490	230	240	780	800	700	890	160	720	540	740	580	530	700	100	210	370	980	720	1000	170	640	100	220	920	630	810	960	700	210	610	290	790	390	700	660	950	210	980	580	550	390	920	430	790	130	860	290	650	270	950	310	810	160	510	800	170	470	710	840	180	460	910	250	1000	690	610	770	240	270	540	860	980	880	270	510	100	560	750	430	830	770	660	480	300	780	510	860	110	330	860	460	950	190	390	820	340	620	800	200	500	990	690	170	950	250	870	940	730	520	880	680	480	330	380	500	800	740	220	900	1000	950	530	490	820	840	480	650	780	780	210	420	610	520	490	580	770	300	530	990	290	680	730	550	840	440	930	890	490	630	310	520	830	690	160	950	580	200	720	340	870	470	370	480	730	790	610	560	290	780	720	490	440	810	770	190	810	290	370	130	270	600	540	600	900	570	170	720	320	730	510	170	850	100	220	140	310	350	590	350	110	240	680	120	960	880	960	450	360	430	810	150	550	610	380	980	380	840	340	980	560	930	650	230	110	430	380	500	1000	190	290	1000	880	720	230	360	330	810	120	970	330	490	110	950	670	320	250	1000	310	640	950	370	210	130	790	380	430	430	210	820	690	100	170	620	660	630	570	930	640	910	850	390	120	600	920	300	550	360	210	820	900	430	470	960	510	190	910	790	660	730	780	650	550	110	620	700	370	930	370	590	350	680	560	120	700	320	810	960	400	130	270	250	250	660	680	420	620	150	510	490	250	470	670	390	690	510	470	410	340	460	630	670	920	130	750	490	760	190	500	940	710	960	190	850	570	200	310	370	340	940	220	740	370	580	790	190	340	750	850	230	1000	190	500	780	390	760	860	240	710	470	840	790	900	390	720	210	740	540	750	510	760	710	380	830	750	530	370	410	980	800	460	550	770	230	130	500	560	580	470	800	440	430	930	250	340	510	720	590	570	300	240	800	990	360	130	350	180	250	180	960	710	140	260	620	960	230	430	370	140	630	510	560	190	910	590	930	990	400	400	260	890	900	440	940	510	530	620	260	560	160	390	640	570	810	930	280	770	140	140	320	650	620	170	200	440	240	410	150	620	830	360	980	210	630	830	800	890	610	590	640	780	300	420	830	390	940	680	920	730	800	280	170	830	610	710	430	780	690	150	170	430	530	560	330	700	100	490	150	830	1000	170	480	380	150	800	300	140	170	950	740	680	940	960	140	870	910	170	650	120	930	340	520	130	890	110	530	410	430	350	390	400	580	560	320	370	270	700	370	680	640	520	670	890	390	780	420	650	770	270	980	180	760	890	680	680	120	840	950	200	140	710	1000	890	390	770	550	140	850	960	120	330	240	280	430	960	230	930	210	210	210	410	310	380	370	420	210	330	150	110	740	970	390	160	850	630	490	790	370	700	320	290	860	140	860	430	100	180	580	780	280	760	430	920	240	190	610	290	890	540	120	410	810	710	420	410	880	190	560	300	210	820	960	360	580	300	1000	350	680	580	730	690	150	460	460	650	990	310	140	330	590	860	690	200	720	850	160	840	790	700	750	500	420	520	660	530	460	590	970	680	100	420	330	190	1000	120	150	250	270	800	870	130	930	680	520	310	690	300	670	180	550	350	690	590	170	610	510	150	420	450	190	410	290	220	310	590	280	490	110	960	570	370	790	440	350	310	610	480	230	720	590	800	310	860	590	600	600	270	1000	360	220	670	690	700	180	380	770	710	570	1000	250	950	860	380	370	520	780	950	800	620	950	770	760	810	650	970	710	320	600	230	910	930	620	570	670	480	220	930	970	680	1000	390	250	1000	620	350	230	460	220	920	250	210	480	410	730	780	400	980	130	230	210	650	250	1000	850	970	970	540	480	900	860	420	340	160	440	120	640	620	540	930	140	340	1000	980	450	350	580	880	720	300	980	920	420	540	690	1000	930	260	780	790	600	100	600	460	310	480	650	770	610	420	160	410	180	480	280	560	200	500	190	930	210	160	990	700	470	290	150	150	480	300	890	950	540	800	580	530	800	350	570	940	810	920	350	410	130	250	770	160	990	730	150	370	720	290	350	910	390	340	600	670	380	180	930	340	700	490	180	420	650	730	750	640	200	590	300	620	400	610	130	990	190	120	710	870	900	540	860	620	940	210	720	990	450	360	930	510	630	890	180	210	490	180	700	880	770	750	600	510	540	830	980	490	370	180	150	190	260	690	890	200	920	780	110	730	350	290	890	930	150	1000	680	250	640	520	870	120	960	970	450	420	570	390	770	100	220	230	620	390	730	240	540	450	780	230	190	340	740	650	930	790	770	170	320	350	300	460	630	170	700	630	970	950	450	550	910	620	220	370	150	430	700	970	140	920	250	300	790	800	660	220	240	320	870	420	340	290	690	500	900	420	430	270	230	720	530	790	340	370	430	450	620	120	610	110	190	160	550	900	970	850	300	660	460	120	940	590	770	910	120	740	580	920	310	410	530	280	820	490	890	850	670	320	970	550	540	940	320	510	390	550	390	290	530	630	140	670	410	340	390	240	770	360	320	510	910	680	140	480	530	380	260	210	150	160	230	790	650	800	520	330	630	650	320	600	440	670	170	330	260	650	370	220	800	820	470	850	700	570	840	990	100	500	660	690	200	390	640	910	900	880	390	180	850	780	120	830	830	380	600	430	610	470	520	580	300	660	930	930	260	390	680	310	670	180	980	590	280	240	870	510	610	310	780	610	310	830	800	330	500	220	860	600	650	100	920	440	830	180	340	670	540	500	230	380	350	150	870	430	570	250	250	330	890	600	380	430	830	520	510	490	760	400	400	260	700	860	380	820	130	120	110	840	530	500	930	600	240	230	240	940	440	660	570	800	790	520	340	210	210	680	800	710	640	910	450	840	740	900	190	580	320	570	390	370	580	380	740	310	870	190	500	380	470	150	450	660	500	710	360	230	810	800	930	840	360	700	560	510	890	480	600	490	740	700	460	910	750	430	130	950	390	730	660	430	330	860	820	590	820	380	550	130	280	500	610	530	120	670	290	440	800	140	980	210	170	760	860	100	390	620	380	110	490	330	210	300	790	480	650	900	500	120	710	530	230	250	560	880	990	450	620	140	1000	130	450	770	740	570	630	350	170	240	990	140	900	500	580	600	420	350	520	470	170	630	230	850	750	650	340	220	370	240	820	440	310	420	120	840	190	830	970	900	160	940	180	650	320	500	360	590	540	340	150	190	320	580	480	520	590	700	490	950	840	610	670	430	600	780	280	320	530	470	870	970	540	810	220	860	470	580	550	460	710	270	760	320	140	910	310	280	480	580	280	760	360	570	370	710	530	410	310	260	730	550	190	290	900	310	360	500	130	970	720	1000	440	690	720	270	530	400	510	910	560	340	390	530	290	450	480	190	930	960	100	820	470	890	960	880	830	270	120	750	960	400	450	790	290	860	340	620	930	610	510	100	130	570	400	980	470	480	750	670	550	230	460	590	1000	550	740	420	260	840	670	380	510	650	820	780	130	540	700	650	200	110	320	430	260	280	760	950	820	230	570	290	200	100	690	390	500	670	490	990	630	540	900	790	700	460	640	830	460	690	520	870	590	530	950	610	360	900	980	870	870	190	490	870	750	800	160	150	940	170	420	250	450	860	930	340	900	430	860	370	290	180	900	770	890	760	690	840	120	650	610	990	270	610	810	520	170	700	570	350	150	490	150	1000	120	800	910	910	410	130	
100
