6426
120
4
90
0	0	0	0	0	500	0	0	0	0	0	0	0	0	0	0	0	0	0	0	0	0	0	0	0	0	0	0	0	0	0	0	0	0	0	0	0	0	0	0	0	0	0	0	0	0	0	0	0	0	500	0	0	0	0	0	0	0	0	0	0	0	0	0	0	0	0	0	0	0	0	0	0	0	0	0	0	0	0	0	0	0	0	0	0	0	0	0	0	0	0	0	0	0	0	0	0	0	500	0	0	0	0	0	0	0	0	0	0	0	500	0	0	0	0	0	0	0	0	0	
0	0	0	0	0	0	0	0	0	0	0	0	0	0	0	0	0	0	0	0	0	0	0	0	0	0	0	0	0	0	0	0	0	0	0	0	0	0	500	0	0	0	0	0	0	0	0	0	0	0	0	0	0	0	0	0	0	0	0	0	500	500	0	0	0	0	0	0	0	0	0	0	0	0	0	0	0	0	0	0	500	0	0	0	0	0	0	0	0	0	0	0	0	0	0	0	0	0	0	0	0	0	0	0	0	0	0	0	0	0	0	0	0	0	0	0	0	0	0	0	
0	0	0	0	0	0	0	0	0	0	0	0	0	0	0	0	0	0	0	0	0	0	0	0	0	0	0	0	0	0	0	0	0	0	0	0	0	0	0	0	0	0	0	0	0	500	0	0	0	0	0	0	0	0	0	0	0	0	500	0	0	0	0	0	0	0	0	0	0	0	0	0	0	0	0	0	0	0	0	0	0	0	0	0	0	0	0	0	0	0	0	0	0	0	500	0	0	0	0	0	0	0	0	0	0	0	0	500	0	0	0	0	0	0	0	0	0	0	0	0	
0	0	0	0	0	0	0	0	0	0	0	0	0	0	0	0	0	0	0	0	0	0	0	0	0	0	0	0	0	0	0	0	0	0	0	0	0	0	0	0	0	0	0	0	0	0	0	0	0	0	0	0	0	0	0	500	0	0	0	0	0	0	0	0	0	0	0	0	0	0	500	0	0	0	0	0	0	0	0	500	0	0	0	0	0	0	0	0	0	0	0	0	0	0	0	0	0	0	0	0	0	0	0	0	0	0	500	0	0	0	0	0	0	0	0	0	0	0	0	0	
0	0	0	0	0	0	0	0	0	0	0	0	0	0	0	0	0	500	0	0	0	0	500	0	0	0	0	0	0	0	0	0	0	0	0	0	0	0	0	0	0	0	0	0	0	0	0	0	0	0	0	0	0	0	0	0	0	0	0	0	0	0	0	0	0	0	0	0	0	0	0	0	0	0	0	0	0	0	0	0	0	0	0	0	0	500	0	0	0	0	0	0	0	0	0	0	0	0	0	0	0	0	0	0	0	0	0	0	0	0	0	500	0	0	0	0	0	0	0	0	
500	0	0	0	0	0	0	500	0	0	0	0	0	0	0	0	0	0	0	0	0	0	0	0	0	0	0	0	500	0	0	0	0	0	0	0	0	0	0	0	0	0	0	0	0	0	0	0	0	0	0	0	0	0	0	0	0	0	0	0	0	0	0	0	0	0	0	0	0	0	0	0	0	0	0	0	0	0	0	0	0	0	0	0	0	0	0	0	0	0	0	0	0	0	0	0	0	0	500	0	0	0	0	0	0	0	0	0	0	0	0	0	0	0	0	0	0	0	0	0	
0	0	0	0	0	0	0	0	0	0	0	0	0	0	0	0	0	0	0	0	0	0	0	500	0	0	0	0	0	0	0	0	0	500	0	0	0	0	0	0	0	0	0	0	0	0	0	0	0	0	0	0	0	0	0	0	0	0	0	0	0	0	0	0	0	0	0	0	0	0	0	0	0	0	0	500	0	0	0	0	0	0	0	0	0	0	0	0	0	0	0	0	0	0	0	0	500	0	0	0	0	0	0	0	0	0	0	0	0	0	0	0	0	0	0	0	0	0	0	0	
0	0	0	0	0	500	0	0	0	0	0	0	0	0	0	0	0	0	0	0	0	0	0	0	0	0	0	0	500	0	0	0	0	0	0	0	0	0	0	0	0	0	0	0	0	0	0	0	0	0	0	0	500	0	0	0	0	0	0	0	0	0	0	0	0	0	0	0	0	0	0	0	0	0	0	0	0	0	0	0	0	0	0	0	0	0	0	0	0	0	0	0	0	0	0	0	0	0	500	0	0	0	0	0	0	0	0	0	0	0	0	0	0	0	0	0	0	0	0	0	
0	0	0	0	0	0	0	0	0	0	0	0	0	0	0	0	0	0	500	0	0	0	0	0	0	500	0	0	0	0	0	0	0	0	0	0	0	0	0	0	0	0	0	0	0	0	0	0	0	0	0	0	0	0	0	0	0	500	0	0	0	0	0	0	0	0	0	0	500	0	0	0	0	0	0	0	0	0	0	0	0	0	0	0	0	0	0	0	0	0	0	0	0	0	0	0	0	0	0	0	0	0	0	0	0	0	0	0	0	0	0	0	0	0	0	0	0	0	0	0	
0	0	0	0	0	0	0	0	0	0	0	0	0	0	0	0	0	0	0	0	0	0	0	0	0	0	0	0	0	0	0	0	0	0	0	0	0	0	0	0	0	0	0	500	0	0	0	0	0	0	0	0	0	0	0	0	0	0	0	0	0	0	0	0	0	0	0	0	0	0	0	0	0	0	0	0	0	0	0	0	0	0	0	0	0	0	0	0	0	0	500	0	500	0	0	0	0	0	0	0	0	0	0	0	0	0	0	0	0	0	0	0	0	0	500	0	0	0	0	0	
0	0	0	0	0	0	0	0	0	0	0	0	0	0	0	0	0	0	0	0	0	0	0	0	0	0	0	0	0	0	0	0	0	0	0	0	0	0	0	0	500	0	0	0	0	0	0	0	0	0	0	500	0	0	0	0	0	0	0	0	0	0	500	0	0	0	0	0	0	0	0	0	0	0	0	0	0	0	0	0	0	0	0	0	0	500	0	0	0	0	0	0	0	0	0	0	0	0	0	0	0	0	0	0	0	0	0	0	0	0	0	0	0	0	0	0	0	0	0	0	
0	0	0	0	0	0	0	0	0	0	0	0	0	0	0	0	500	0	0	0	0	0	0	0	0	0	0	0	0	0	0	0	0	0	0	0	0	0	0	0	0	0	0	0	0	0	0	0	0	500	0	0	0	0	0	0	0	0	0	0	0	500	0	500	0	0	0	0	0	0	0	0	0	0	0	0	0	0	0	0	0	0	0	0	0	0	0	0	0	0	0	0	0	0	0	0	0	0	0	0	0	0	0	0	0	0	0	0	0	0	0	0	0	0	0	0	0	0	0	0	
0	0	0	0	0	0	0	0	0	0	0	0	0	0	500	0	0	0	0	0	0	0	0	0	0	0	0	0	0	0	0	0	0	0	0	0	0	0	500	0	0	0	0	0	0	0	0	0	0	0	0	0	0	0	0	0	0	0	0	0	0	0	0	0	500	0	0	0	0	0	0	500	0	0	0	0	0	0	0	0	0	0	0	0	0	0	0	0	0	0	0	0	0	0	0	0	0	0	0	0	0	0	0	0	0	0	0	0	0	0	0	0	0	0	0	0	0	0	0	0	
0	0	0	0	0	0	0	0	0	0	0	0	0	0	0	500	0	0	0	0	0	0	0	0	0	0	0	0	0	0	0	0	0	0	0	0	0	0	0	0	0	0	0	0	0	0	0	0	0	0	0	0	0	500	0	0	0	0	0	0	0	0	0	0	0	0	0	0	0	500	0	0	0	0	0	0	0	0	0	0	0	0	0	0	0	0	0	0	0	0	0	0	0	0	0	0	0	0	0	0	0	0	0	0	0	0	0	0	0	0	0	0	0	0	500	0	0	0	0	0	
0	0	0	0	0	0	0	0	0	0	0	0	500	0	0	0	0	0	500	0	0	0	0	0	0	0	0	0	0	0	0	0	0	0	0	0	0	0	500	0	0	0	0	0	0	0	0	500	0	0	0	0	0	0	0	0	0	0	0	0	0	0	0	0	0	0	0	0	0	0	0	0	0	0	0	0	0	0	0	0	0	0	0	0	0	0	0	0	0	0	0	0	0	0	0	0	0	0	0	0	0	0	0	0	0	0	0	0	0	0	0	0	0	0	0	0	0	0	0	0	
0	0	0	0	0	0	0	0	0	0	0	0	0	500	0	0	0	0	0	0	0	0	0	0	0	0	0	0	0	0	0	0	0	0	0	0	0	0	0	0	0	0	0	0	0	0	0	0	0	0	0	0	0	500	0	0	0	0	0	0	0	0	0	0	0	0	0	0	0	500	0	0	0	0	0	0	0	0	0	500	0	0	0	0	0	0	0	0	0	0	0	0	0	0	0	0	0	0	0	0	0	0	0	0	0	0	0	0	0	0	0	0	0	0	0	0	0	0	0	0	
0	0	0	0	0	0	0	0	0	0	0	500	0	0	0	0	0	0	0	0	0	0	0	0	0	0	0	0	0	0	0	0	0	0	0	500	0	0	0	0	0	0	0	0	0	0	0	0	0	500	0	0	0	0	500	0	0	0	0	0	0	0	0	0	0	0	0	0	0	0	0	0	0	0	0	0	0	0	0	0	0	0	0	0	0	0	0	0	0	0	0	0	0	0	0	0	0	0	0	0	0	0	0	0	0	0	0	0	0	0	0	0	0	0	0	0	0	0	0	0	
0	0	0	0	500	0	0	0	0	0	0	0	0	0	0	0	0	0	0	0	0	0	500	0	0	0	0	0	0	0	0	0	0	0	0	0	0	0	0	0	500	0	0	0	0	0	0	0	0	0	0	0	0	0	0	0	0	0	0	0	0	0	0	0	0	0	0	0	0	0	0	0	0	0	0	0	0	0	0	0	0	0	0	0	0	500	0	0	0	0	0	0	0	0	0	0	0	0	0	0	0	0	0	0	0	0	0	0	0	0	0	0	0	0	0	0	0	0	0	0	
0	0	0	0	0	0	0	0	500	0	0	0	0	0	500	0	0	0	0	0	0	0	0	0	0	0	0	0	0	0	0	0	0	0	0	0	0	0	0	0	0	0	0	0	0	0	0	500	0	0	0	0	0	0	0	0	0	0	0	0	0	0	0	0	0	0	0	500	0	0	0	0	0	0	0	0	0	0	0	0	0	0	0	0	0	0	0	0	0	0	0	0	0	0	0	0	0	0	0	0	0	0	0	0	0	0	0	0	0	0	0	0	0	0	0	0	0	0	0	0	
0	0	0	0	0	0	0	0	0	0	0	0	0	0	0	0	0	0	0	0	0	0	0	0	0	0	0	0	0	0	0	0	0	0	0	0	0	0	0	0	0	0	0	0	0	0	0	0	0	0	0	0	0	500	0	0	500	0	0	0	0	0	0	0	0	0	500	0	0	0	0	0	0	0	0	0	0	0	0	0	0	0	0	0	0	0	500	0	0	0	0	0	0	0	0	0	0	0	0	0	0	0	0	0	0	0	0	0	0	0	0	0	0	0	0	0	0	0	0	0	
0	0	0	0	0	0	0	0	0	0	0	0	0	0	0	0	0	0	0	0	0	0	0	0	0	0	0	0	0	0	0	0	0	0	0	0	0	0	0	0	0	0	0	0	0	500	0	0	0	0	0	0	0	0	0	0	0	0	500	0	0	0	0	0	0	0	0	0	0	0	0	0	0	0	0	0	0	0	0	0	0	0	0	0	0	0	0	0	0	0	0	0	0	0	0	0	0	0	0	0	0	0	0	0	0	0	0	0	0	0	0	0	0	0	0	0	500	0	500	0	
0	0	0	0	0	0	0	0	0	0	0	0	0	0	0	0	0	0	0	0	0	0	0	0	0	0	0	0	0	0	0	0	0	0	0	0	500	0	0	0	0	0	0	0	0	0	0	0	0	0	0	0	0	0	0	0	0	0	0	0	0	0	0	0	0	0	0	0	0	0	0	0	0	0	500	0	0	0	0	0	0	0	0	0	0	0	0	0	0	500	0	0	0	0	0	0	0	0	0	0	0	0	0	0	0	0	0	0	0	0	0	0	0	500	0	0	0	0	0	0	
0	0	0	0	500	0	0	0	0	0	0	0	0	0	0	0	0	500	0	0	0	0	0	0	0	0	0	0	0	0	0	0	0	0	0	0	0	0	0	0	0	0	0	0	0	0	0	0	0	0	0	0	0	0	0	0	0	0	0	0	0	0	0	0	0	0	0	0	500	0	0	0	0	0	0	0	0	0	0	0	0	0	0	0	0	500	0	0	0	0	0	0	0	0	0	0	0	0	0	0	0	0	0	0	0	0	0	0	0	0	0	0	0	0	0	0	0	0	0	0	
0	0	0	0	0	0	500	0	0	0	0	0	0	0	0	0	0	0	0	0	0	0	0	0	0	0	0	0	0	0	0	0	0	500	0	0	0	0	0	0	0	0	0	0	0	0	0	0	0	0	0	0	0	0	0	0	0	0	0	0	0	0	0	0	0	0	0	0	0	0	0	0	0	0	0	500	0	0	0	0	0	0	0	0	0	0	0	0	0	0	0	0	0	0	0	0	0	0	0	0	0	0	0	0	0	0	0	0	0	0	0	0	0	0	0	0	0	0	500	0	
0	0	0	0	0	0	0	0	0	0	0	0	0	0	0	0	0	0	0	0	0	0	0	0	0	0	0	0	0	0	0	0	0	0	0	0	0	0	0	0	0	0	0	0	0	0	0	0	0	0	0	0	0	0	0	0	0	0	0	500	0	0	0	0	500	0	0	0	0	0	500	0	0	0	0	0	0	0	0	0	0	0	500	0	0	0	0	0	0	0	0	0	0	0	0	0	0	0	0	0	0	0	0	0	0	0	0	0	0	0	0	0	0	0	0	0	0	0	0	0	
0	0	0	0	0	0	0	0	500	0	0	0	0	0	0	0	0	0	0	0	0	0	0	0	0	0	0	0	0	0	0	0	0	0	0	0	0	0	0	0	0	0	0	0	0	0	0	0	0	0	0	0	0	0	0	0	0	0	0	0	0	0	0	0	0	0	0	0	500	0	0	500	0	0	0	0	0	0	0	0	0	0	0	0	0	0	0	0	0	0	0	0	0	0	0	0	0	0	0	0	0	0	0	0	0	0	0	0	0	0	0	0	0	0	0	500	0	0	0	0	
0	0	0	0	0	0	0	0	0	0	0	0	0	0	0	0	0	0	0	0	0	0	0	0	0	0	0	0	0	0	0	0	0	0	0	0	0	0	0	0	0	0	0	0	0	0	0	0	500	0	0	0	0	0	0	0	0	0	0	0	0	0	0	0	0	0	0	0	0	0	0	0	0	0	0	0	0	500	0	0	0	0	0	0	0	0	0	0	0	0	0	0	0	0	0	0	0	0	0	500	0	0	0	0	0	0	0	0	500	0	0	0	0	0	0	0	0	0	0	0	
0	0	0	0	0	0	0	0	0	0	0	0	0	0	0	0	0	0	0	0	0	0	0	0	0	0	0	0	0	0	0	0	0	0	500	0	0	0	0	0	0	0	0	0	500	0	0	0	0	0	0	0	0	0	0	0	0	0	0	0	0	0	0	0	0	0	0	0	0	0	0	0	0	0	0	0	0	0	0	0	0	0	0	0	0	0	0	0	500	0	0	0	0	0	0	0	0	0	0	0	0	0	0	0	0	0	0	0	0	0	0	0	0	0	0	0	0	0	0	500	
0	0	0	0	0	500	0	500	0	0	0	0	0	0	0	0	0	0	0	0	0	0	0	0	0	0	0	0	0	0	0	0	0	0	0	0	0	0	0	0	0	0	0	0	0	0	0	0	0	0	500	0	0	0	0	0	0	0	0	0	0	0	0	0	0	0	0	0	0	0	0	0	0	0	0	0	0	0	0	0	0	0	0	0	0	0	0	0	0	0	0	0	0	0	0	0	0	0	500	0	0	0	0	0	0	0	0	0	0	0	0	0	0	0	0	0	0	0	0	0	
0	0	0	0	0	0	0	0	0	0	0	0	0	0	0	0	0	0	0	0	0	0	0	0	0	0	0	0	0	0	0	0	0	0	0	0	0	0	0	0	500	0	500	0	0	0	0	0	0	0	0	0	0	0	0	0	0	0	0	0	0	0	0	0	0	0	0	0	0	0	0	0	0	0	0	0	0	0	0	0	0	0	0	0	0	0	0	0	0	0	0	0	0	0	0	0	0	0	0	0	0	0	0	0	0	500	0	0	0	0	0	500	0	0	0	0	0	0	0	0	
0	0	0	0	0	0	0	0	0	0	0	0	0	0	0	0	0	0	0	0	0	0	0	0	0	0	0	0	0	0	0	0	500	0	0	0	0	0	0	0	0	0	0	0	0	0	0	0	0	0	0	0	0	0	0	500	0	0	0	0	0	0	0	0	0	0	0	0	0	0	0	0	0	0	0	0	0	0	0	0	0	0	0	0	0	0	0	0	0	0	0	0	0	0	0	0	0	0	0	0	0	0	500	0	0	0	500	0	0	0	0	0	0	0	0	0	0	0	0	0	
0	0	0	0	0	0	0	0	0	0	0	0	0	0	0	0	0	0	0	0	0	0	0	0	0	0	0	0	0	0	0	0	0	0	0	0	0	0	0	0	0	0	0	0	0	0	0	0	500	0	0	0	0	0	0	0	0	0	0	0	0	0	0	0	0	0	0	0	0	0	0	0	0	0	0	0	0	500	0	0	0	0	0	0	0	0	0	0	0	0	0	0	0	0	0	0	0	500	0	500	0	0	0	0	0	0	0	0	0	0	0	0	0	0	0	0	0	0	0	0	
0	0	0	0	0	0	0	0	0	0	0	0	0	0	0	0	0	0	0	0	0	0	0	0	0	0	0	0	0	0	500	0	0	0	0	0	0	0	0	0	0	0	0	0	0	0	0	0	0	0	0	0	0	0	0	500	0	0	0	0	0	0	0	0	0	0	0	0	0	0	0	0	0	0	0	0	0	0	0	0	0	0	0	0	0	0	0	0	0	0	0	0	0	0	0	0	0	0	0	0	0	0	500	0	0	0	500	0	0	0	0	0	0	0	0	0	0	0	0	0	
0	0	0	0	0	0	500	0	0	0	0	0	0	0	0	0	0	0	0	0	0	0	0	500	0	0	0	0	0	0	0	0	0	0	0	0	0	0	0	0	0	0	0	0	0	0	0	0	0	0	0	0	500	0	0	0	0	0	0	0	0	0	0	0	0	0	0	0	0	0	0	0	0	0	0	0	0	0	0	0	0	0	0	0	0	0	0	0	0	0	0	0	0	0	0	0	0	0	0	0	0	0	0	0	0	0	0	0	0	0	0	0	500	0	0	0	0	0	0	0	
0	0	0	0	0	0	0	0	0	0	0	0	0	0	0	0	0	0	0	0	0	0	0	0	0	0	0	500	0	0	0	0	0	0	0	0	0	0	0	0	0	0	0	0	0	0	0	0	0	0	0	0	0	0	0	0	0	0	0	0	0	0	0	0	0	0	0	0	0	0	0	0	0	0	0	0	0	0	0	0	0	0	0	0	0	0	0	500	500	0	0	500	0	0	0	0	0	0	0	0	0	0	0	0	0	0	0	0	0	0	0	0	0	0	0	0	0	0	0	0	
0	0	0	0	0	0	0	0	0	0	0	0	0	0	0	0	500	0	0	0	0	0	0	0	0	0	0	0	0	0	0	0	0	0	0	0	0	0	0	500	0	0	0	0	0	0	0	0	0	500	0	0	0	0	500	0	0	0	0	0	0	0	0	0	0	0	0	0	0	0	0	0	0	0	0	0	0	0	0	0	0	0	0	0	0	0	0	0	0	0	0	0	0	0	0	0	0	0	0	0	0	0	0	0	0	0	0	0	0	0	0	0	0	0	0	0	0	0	0	0	
0	0	0	0	0	0	0	0	0	0	0	0	0	0	0	0	0	0	0	0	0	500	0	0	0	0	0	0	0	0	0	0	0	0	0	0	0	0	0	0	0	0	0	0	0	0	0	0	0	0	0	0	0	0	0	0	0	0	0	0	0	0	0	0	0	0	0	0	0	0	0	0	0	0	0	0	0	0	0	0	0	0	0	0	0	0	0	0	500	500	0	0	0	0	0	0	0	0	0	0	0	0	0	0	0	0	0	0	0	0	0	0	0	500	0	0	0	0	0	0	
0	0	0	0	0	0	0	0	0	0	0	0	0	0	0	0	0	0	0	0	0	0	0	0	0	0	0	0	0	0	0	0	0	0	0	0	0	0	0	0	0	0	0	0	0	0	0	0	0	0	0	0	500	0	0	0	0	0	0	500	0	0	0	0	0	0	0	0	0	0	0	0	0	0	0	0	0	0	0	0	0	0	0	0	0	0	0	0	0	0	0	0	0	0	0	0	0	0	0	0	0	0	0	0	0	0	0	0	0	500	0	0	500	0	0	0	0	0	0	0	
0	500	0	0	0	0	0	0	0	0	0	0	500	0	500	0	0	0	0	0	0	0	0	0	0	0	0	0	0	0	0	0	0	0	0	0	0	0	0	0	0	0	0	0	0	0	0	0	0	0	0	0	0	0	0	0	0	0	0	0	0	0	0	0	0	0	0	0	0	0	0	0	0	0	0	0	0	0	0	0	500	0	0	0	0	0	0	0	0	0	0	0	0	0	0	0	0	0	0	0	0	0	0	0	0	0	0	0	0	0	0	0	0	0	0	0	0	0	0	0	
0	0	0	0	0	0	0	0	0	0	0	0	0	0	0	0	0	0	0	0	0	0	0	0	0	0	0	0	0	0	0	0	0	0	0	500	0	0	0	0	0	0	0	0	0	0	0	0	0	500	0	0	0	0	500	0	0	0	0	0	0	0	0	0	0	0	0	0	0	0	0	0	0	0	0	0	0	0	0	500	0	0	0	0	0	0	0	0	0	0	0	0	0	0	0	0	0	0	0	0	0	0	0	0	0	0	0	0	0	0	0	0	0	0	0	0	0	0	0	0	
0	0	0	0	0	0	0	0	0	0	500	0	0	0	0	0	0	500	0	0	0	0	0	0	0	0	0	0	0	500	0	0	0	0	0	0	0	0	0	0	0	0	0	0	0	0	0	0	0	0	0	0	0	0	0	0	0	0	0	0	0	0	500	0	0	0	0	0	0	0	0	0	0	0	0	0	0	0	0	0	0	0	0	0	0	0	0	0	0	0	0	0	0	0	0	0	0	0	0	0	0	0	0	0	0	0	0	0	0	0	0	0	0	0	0	0	0	0	0	0	
0	0	0	0	0	0	0	0	0	0	0	0	0	0	0	0	0	0	0	0	0	0	0	0	0	0	0	0	0	0	0	0	0	0	0	0	0	0	0	0	0	0	0	0	0	0	0	0	500	0	0	0	0	0	0	0	0	0	0	0	0	0	0	0	0	0	0	0	0	0	0	0	0	0	0	0	500	500	0	0	0	0	0	0	0	0	0	0	0	0	0	0	0	0	0	0	0	0	0	500	0	0	0	0	0	0	0	0	0	0	0	0	0	0	0	0	0	0	0	0	
0	0	0	0	0	0	0	0	0	0	0	0	0	0	0	0	0	0	0	0	0	0	0	0	0	0	0	0	0	500	0	0	0	0	0	0	0	0	0	0	0	0	0	0	0	0	0	0	0	0	0	0	0	0	0	0	0	0	0	0	0	0	0	0	0	500	0	0	0	0	0	0	0	0	0	0	0	0	0	0	0	0	0	500	0	0	0	0	0	0	0	0	0	0	0	0	0	0	0	0	0	0	0	0	0	500	0	0	0	0	0	0	0	0	0	0	0	0	0	0	
0	0	0	0	0	0	0	0	0	500	0	0	0	0	0	0	0	0	0	0	0	0	0	0	0	0	0	0	0	0	0	0	0	0	0	0	0	0	0	0	0	0	0	0	0	0	0	0	0	0	0	0	0	0	0	0	0	0	0	0	0	0	0	0	0	0	0	0	0	0	0	0	500	0	0	0	0	0	0	0	0	0	0	0	0	0	0	0	0	0	0	0	500	0	0	0	0	0	0	0	0	0	0	0	0	0	0	0	0	0	0	0	0	0	0	0	0	0	500	0	
0	0	0	0	0	0	0	0	0	0	0	0	0	0	0	0	0	0	0	0	0	0	0	0	0	0	0	500	0	0	0	0	0	0	0	0	0	0	0	0	0	0	0	0	0	0	0	0	0	0	0	0	0	0	0	0	0	0	0	0	0	0	0	0	0	0	0	0	0	0	0	0	0	0	0	0	0	0	0	0	0	0	0	0	0	0	0	0	0	0	0	0	0	0	0	0	0	0	0	0	0	0	0	500	0	0	0	500	0	0	0	0	0	0	0	0	0	0	0	500	
0	0	500	0	0	0	0	0	0	0	0	0	0	0	0	0	0	0	0	0	500	0	0	0	0	0	0	0	0	0	0	0	0	0	0	0	0	0	0	0	0	0	0	0	0	0	0	0	0	0	0	0	0	0	0	0	0	0	500	0	0	0	0	0	0	0	0	0	0	0	0	0	0	0	0	0	0	0	0	0	0	0	0	0	0	0	0	0	0	0	0	0	0	0	500	0	0	0	0	0	0	0	0	0	0	0	0	0	0	0	0	0	0	0	0	0	0	0	0	0	
0	0	0	0	0	0	0	0	0	0	0	0	0	0	0	0	0	0	0	0	0	0	0	0	0	0	0	0	0	0	0	0	0	0	0	0	0	0	0	0	0	0	0	0	0	0	0	0	0	0	0	0	0	0	0	0	0	0	0	0	0	0	500	0	0	0	0	0	0	0	0	0	0	0	500	0	0	0	0	0	0	0	0	500	0	0	0	0	0	0	0	0	0	0	0	0	0	500	0	0	0	0	0	0	0	0	0	0	0	0	0	0	0	0	0	0	0	0	0	0	
0	0	0	0	0	0	0	0	0	0	0	0	0	0	500	0	0	0	500	0	0	0	0	0	0	0	0	0	0	0	0	0	0	0	0	0	0	0	0	0	0	0	0	0	0	0	0	0	0	0	0	0	0	0	0	0	0	0	0	0	500	0	0	0	0	0	0	0	0	0	0	0	0	0	0	0	0	0	0	0	0	0	0	0	0	0	0	0	0	0	0	0	0	0	0	500	0	0	0	0	0	0	0	0	0	0	0	0	0	0	0	0	0	0	0	0	0	0	0	0	
0	0	0	0	0	0	0	0	0	0	0	0	0	0	0	0	0	0	0	0	0	0	0	0	0	0	500	0	0	0	0	500	0	0	0	0	0	0	0	0	0	500	0	0	0	0	0	0	0	0	0	0	0	0	0	0	0	0	0	0	0	0	0	0	0	0	0	0	0	0	0	0	0	0	0	0	0	0	0	0	0	0	0	0	0	0	0	0	0	0	0	0	0	0	0	0	0	0	0	500	0	0	0	0	0	0	0	0	0	0	0	0	0	0	0	0	0	0	0	0	
0	0	0	0	0	0	0	0	0	0	0	500	0	0	0	0	500	0	0	0	0	0	0	0	0	0	0	0	0	0	0	0	0	0	0	500	0	0	0	500	0	0	0	0	0	0	0	0	0	0	0	0	0	0	0	0	0	0	0	0	0	0	0	0	0	0	0	0	0	0	0	0	0	0	0	0	0	0	0	0	0	0	0	0	0	0	0	0	0	0	0	0	0	0	0	0	0	0	0	0	0	0	0	0	0	0	0	0	0	0	0	0	0	0	0	0	0	0	0	0	
500	0	0	0	0	0	0	0	0	0	0	0	0	0	0	0	0	0	0	0	0	0	0	0	0	0	0	0	500	0	0	0	0	0	0	0	0	0	0	0	0	0	0	0	0	0	0	0	0	0	0	0	0	0	0	0	0	0	0	0	0	0	0	0	0	0	0	0	0	0	0	0	0	0	0	0	0	0	0	0	0	0	0	0	0	0	0	0	0	0	0	0	0	0	0	0	500	0	0	0	0	0	0	0	0	0	0	0	0	0	500	0	0	0	0	0	0	0	0	0	
0	0	0	0	0	0	0	0	0	0	500	0	0	0	0	0	0	0	0	0	0	0	0	0	0	0	0	0	0	0	0	0	0	0	0	0	0	0	0	0	0	0	0	0	0	0	0	0	0	0	0	0	0	0	0	0	0	0	0	0	0	0	500	0	0	0	0	0	0	0	0	0	0	0	0	0	0	500	0	0	0	0	0	0	0	0	0	0	0	0	0	0	0	0	0	0	0	0	0	0	0	0	0	0	0	0	0	0	500	0	0	0	0	0	0	0	0	0	0	0	
0	0	0	0	0	0	0	500	0	0	0	0	0	0	0	0	0	0	0	0	0	0	0	0	0	0	0	0	0	0	0	0	0	500	0	0	0	500	0	0	0	0	0	0	0	0	0	0	0	0	0	0	0	0	0	0	0	0	0	0	0	0	0	0	0	0	0	0	0	0	0	0	0	0	0	0	0	0	0	0	0	0	0	0	0	0	0	0	0	0	0	0	0	0	0	0	0	0	0	0	0	0	0	0	0	0	0	0	0	0	0	0	500	0	0	0	0	0	0	0	
0	0	0	0	0	0	0	0	0	0	0	0	0	500	0	500	0	0	0	500	0	0	0	0	0	0	0	0	0	0	0	0	0	0	0	0	0	0	0	0	0	0	0	0	0	0	0	0	0	0	0	0	0	0	0	0	0	0	0	0	0	0	0	0	0	0	0	0	0	0	0	0	0	0	0	0	0	0	0	0	0	0	0	0	0	0	0	0	0	0	0	0	0	0	0	0	0	0	0	0	0	0	0	0	0	0	0	0	0	0	0	0	0	0	500	0	0	0	0	0	
0	0	0	0	0	0	0	0	0	0	0	0	0	0	0	0	500	0	0	0	0	0	0	0	0	0	0	0	0	0	0	0	0	0	0	500	0	0	0	500	0	0	0	0	0	0	0	0	0	0	0	0	0	0	0	0	0	0	0	0	0	0	0	500	0	0	0	0	0	0	0	0	0	0	0	0	0	0	0	0	0	0	0	0	0	0	0	0	0	0	0	0	0	0	0	0	0	0	0	0	0	0	0	0	0	0	0	0	0	0	0	0	0	0	0	0	0	0	0	0	
0	0	0	500	0	0	0	0	0	0	0	0	0	0	0	0	0	0	0	0	0	0	0	0	0	0	0	0	0	0	500	0	500	0	0	0	0	0	0	0	0	0	0	0	0	0	0	0	0	0	0	0	0	0	0	0	0	0	0	0	0	0	0	0	0	0	0	0	0	0	0	0	0	0	0	0	0	0	0	0	0	0	0	0	0	0	0	0	0	0	0	0	0	0	0	0	0	0	0	0	0	0	500	0	0	0	0	0	0	0	0	0	0	0	0	0	0	0	0	0	
0	0	0	0	0	0	0	0	0	0	0	0	0	0	0	0	0	0	0	500	0	0	0	0	0	0	0	0	0	0	0	0	0	0	0	0	0	0	0	0	0	0	0	0	0	0	0	0	0	0	0	0	0	0	0	0	0	0	0	0	0	0	0	0	0	0	500	0	0	0	0	0	0	0	0	0	0	0	0	0	0	0	0	0	0	0	500	0	0	0	500	0	0	0	0	0	0	0	0	0	0	0	0	0	0	0	0	0	0	0	0	0	0	0	0	0	0	0	0	0	
0	0	0	0	0	0	0	0	500	0	0	0	0	0	0	0	0	0	0	0	0	0	0	0	0	0	0	0	0	0	0	0	0	0	0	0	0	0	0	0	0	0	0	0	0	0	0	0	0	0	0	0	0	0	0	0	0	0	0	0	0	0	0	0	0	0	0	0	500	0	0	500	0	0	0	0	0	0	0	0	0	0	0	0	0	0	0	0	0	0	0	0	0	0	0	0	0	0	0	0	0	0	0	0	500	0	0	0	0	0	0	0	0	0	0	0	0	0	0	0	
0	0	500	0	0	0	0	0	0	0	0	0	0	0	0	0	0	0	0	0	500	0	0	0	0	0	0	0	0	0	0	0	0	0	0	0	0	0	0	0	0	0	0	0	0	500	0	0	0	0	0	0	0	0	0	0	0	0	0	0	0	0	0	0	0	0	0	0	0	0	0	0	0	0	0	0	0	0	0	0	0	0	0	0	500	0	0	0	0	0	0	0	0	0	0	0	0	0	0	0	0	0	0	0	0	0	0	0	0	0	0	0	0	0	0	0	0	0	0	0	
0	0	0	0	0	0	0	0	0	0	0	0	0	0	0	0	0	0	0	0	0	0	0	0	500	0	0	0	0	0	0	0	0	0	0	0	0	500	0	0	0	0	0	0	0	0	0	0	0	0	0	0	0	0	0	0	0	0	0	0	0	0	0	0	500	0	0	0	0	0	500	0	0	0	0	0	0	0	0	0	0	0	0	0	0	0	0	0	0	0	0	0	0	0	0	0	0	0	0	0	0	0	0	0	0	0	0	0	0	0	0	0	0	0	0	0	0	0	0	0	
0	500	0	0	0	0	0	0	0	0	0	0	0	0	0	0	0	0	0	0	0	0	0	0	0	0	0	0	0	0	0	0	0	0	0	0	0	0	0	0	0	0	0	0	0	0	0	500	0	0	0	0	0	0	0	0	0	0	0	0	0	0	0	0	0	0	0	0	0	0	0	0	0	0	0	0	0	0	0	0	500	0	0	0	0	0	0	0	0	0	0	0	0	0	0	500	0	0	0	0	0	0	0	0	0	0	0	0	0	0	0	0	0	0	0	0	0	0	0	0	
0	500	0	0	0	0	0	0	0	0	0	500	0	0	0	0	0	0	0	0	0	0	0	0	0	0	0	0	0	0	0	0	0	0	0	0	0	0	0	0	0	0	0	0	0	0	0	0	0	0	0	0	0	0	0	0	0	0	0	0	0	0	0	500	0	0	0	0	0	0	0	0	0	0	0	0	0	0	0	0	500	0	0	0	0	0	0	0	0	0	0	0	0	0	0	0	0	0	0	0	0	0	0	0	0	0	0	0	0	0	0	0	0	0	0	0	0	0	0	0	
0	0	0	0	0	0	0	0	0	0	500	0	0	0	0	0	0	0	0	0	0	0	0	0	0	0	0	0	0	0	0	0	0	0	0	0	0	0	0	0	500	0	0	0	0	0	500	0	0	0	0	500	0	0	0	0	0	0	0	0	0	0	0	0	0	0	0	0	0	0	0	0	0	0	0	0	0	0	0	0	0	0	0	0	0	0	0	0	0	0	0	0	0	0	0	0	0	0	0	0	0	0	0	0	0	0	0	0	0	0	0	0	0	0	0	0	0	0	0	0	
0	0	0	0	0	0	0	0	0	0	0	500	0	0	0	0	0	0	0	0	0	0	0	0	0	0	0	0	0	0	0	0	0	0	0	0	0	0	0	0	0	0	0	0	0	0	0	0	0	0	0	0	0	0	500	0	0	0	0	0	0	500	0	0	0	0	0	0	0	0	0	0	0	0	0	0	0	0	0	0	0	0	0	0	0	0	0	0	0	0	0	0	0	0	0	0	0	0	0	0	0	0	500	0	0	0	0	0	0	0	0	0	0	0	0	0	0	0	0	0	
0	0	0	0	0	0	0	0	0	0	0	0	500	0	0	0	0	0	0	0	0	0	0	0	500	0	0	0	0	0	0	0	0	0	0	0	0	0	0	0	0	0	0	0	0	0	0	0	0	0	0	0	0	0	0	0	0	0	0	500	0	0	0	0	0	0	0	0	0	0	500	0	0	0	0	0	0	0	0	0	0	0	0	0	0	0	0	0	0	0	0	0	0	0	0	0	0	0	0	0	0	0	0	0	0	0	0	0	0	0	0	0	0	0	0	0	0	0	0	0	
0	0	0	0	0	0	0	0	0	0	0	0	0	0	0	0	0	0	0	0	0	0	0	0	0	0	0	0	0	0	0	0	0	0	0	0	0	0	0	0	0	0	500	0	0	0	0	0	0	0	0	0	0	0	0	0	0	0	0	0	0	0	0	0	0	0	0	0	0	0	0	0	0	0	500	0	0	0	0	0	0	500	0	0	0	0	0	0	0	0	0	0	0	0	0	0	0	0	0	0	0	0	0	0	0	0	0	0	0	0	0	0	0	0	0	0	0	500	0	0	
0	0	0	0	0	0	0	0	0	0	0	0	0	0	0	0	0	0	0	500	0	0	0	0	0	0	0	0	0	0	0	0	0	0	0	0	0	0	0	0	0	0	0	0	0	0	0	0	0	0	0	0	0	0	0	0	500	0	0	0	0	0	0	0	0	0	0	0	0	0	0	0	0	0	0	0	0	0	0	0	0	0	0	0	0	0	500	0	0	0	500	0	0	0	0	0	0	0	0	0	0	0	0	0	0	0	0	0	0	0	0	0	0	0	0	0	0	0	0	0	
0	0	0	0	0	0	0	0	0	0	0	0	0	0	0	0	0	0	500	0	0	0	0	0	0	0	0	0	0	0	0	0	0	0	0	0	0	0	0	0	0	0	0	0	0	0	0	0	0	0	0	0	0	0	0	0	0	0	0	0	0	0	0	0	0	0	0	0	0	0	0	500	0	0	0	0	0	0	0	0	0	0	0	0	0	0	0	0	0	0	0	0	0	0	0	500	0	0	0	0	0	0	0	0	0	0	0	0	0	0	0	0	0	0	0	500	0	0	0	0	
0	0	0	0	0	0	0	0	500	0	0	0	0	0	0	0	0	0	0	0	0	0	500	0	0	500	0	0	0	0	0	0	0	0	0	0	0	0	0	0	0	0	0	0	0	0	0	0	0	0	0	0	0	0	0	0	0	500	0	0	0	0	0	0	0	0	0	0	0	0	0	0	0	0	0	0	0	0	0	0	0	0	0	0	0	0	0	0	0	0	0	0	0	0	0	0	0	0	0	0	0	0	0	0	0	0	0	0	0	0	0	0	0	0	0	0	0	0	0	0	
0	0	0	0	0	0	0	0	0	0	0	0	0	500	0	500	0	0	0	0	0	0	0	0	0	0	0	0	0	0	0	0	0	0	0	0	0	0	0	0	0	0	0	0	0	0	0	0	0	0	0	0	0	0	0	0	0	0	0	0	0	0	0	0	0	0	0	0	0	0	0	0	0	0	0	0	0	0	0	0	0	0	0	0	0	0	0	0	0	0	500	0	0	0	0	0	0	0	0	0	0	0	0	0	0	0	0	0	0	0	0	0	0	0	500	0	0	0	0	0	
0	0	0	500	0	0	0	0	0	0	0	0	0	0	0	0	0	0	0	0	0	0	0	0	500	0	0	0	0	0	0	0	0	0	0	0	0	0	0	0	0	0	0	0	0	0	0	0	0	0	0	0	0	0	0	0	0	0	0	500	0	0	0	0	500	0	0	0	0	0	0	0	0	0	0	0	0	0	0	0	0	0	0	0	0	0	0	0	0	0	0	0	0	0	0	0	0	0	0	0	0	0	0	0	0	0	0	0	0	0	0	0	0	0	0	0	0	0	0	0	
0	0	0	0	0	0	0	0	0	0	0	0	500	0	0	0	0	0	0	0	0	0	0	0	0	500	0	0	0	0	0	0	0	0	0	0	0	0	0	0	0	0	0	0	0	0	0	0	0	0	0	0	0	0	0	0	0	500	0	0	0	0	0	0	0	0	0	500	0	0	0	0	0	0	0	0	0	0	0	0	0	0	0	0	0	0	0	0	0	0	0	0	0	0	0	0	0	0	0	0	0	0	0	0	0	0	0	0	0	0	0	0	0	0	0	0	0	0	0	0	
0	0	0	0	0	0	0	0	0	0	0	0	0	0	0	0	0	0	0	0	0	0	0	0	0	0	0	0	0	0	0	0	0	0	0	0	0	0	0	0	0	0	0	500	0	0	0	0	0	0	0	0	0	0	0	0	0	0	0	0	0	0	0	0	0	0	0	0	0	0	0	0	0	0	0	0	0	0	0	0	0	0	0	0	0	0	0	0	0	0	0	0	500	0	0	0	0	0	0	0	0	0	0	0	0	0	0	0	0	0	0	0	0	0	0	0	500	0	500	0	
0	0	0	0	0	0	0	0	0	0	0	0	0	0	0	0	0	0	0	0	0	0	0	0	0	0	0	0	0	0	0	0	0	0	0	0	0	0	0	0	0	0	0	0	0	0	0	0	0	0	0	0	0	0	0	0	0	0	0	0	0	0	0	0	0	0	0	0	0	0	0	0	0	0	0	0	0	0	0	0	0	500	0	0	0	0	0	0	0	0	0	0	0	500	0	0	0	0	0	0	0	0	0	0	0	0	0	0	0	0	500	0	0	0	0	0	0	500	0	0	
0	0	0	0	0	0	0	0	0	0	0	0	0	0	0	0	0	0	0	0	0	500	0	0	0	0	0	0	0	0	0	0	0	0	0	0	0	0	0	0	0	0	0	0	0	0	500	0	0	0	0	0	0	0	0	0	0	0	0	0	0	0	0	0	0	500	0	0	0	0	0	0	0	0	0	0	0	0	0	0	0	0	0	500	0	0	0	0	0	0	0	0	0	0	0	0	0	0	0	0	0	0	0	0	0	0	0	0	0	0	0	0	0	0	0	0	0	0	0	0	
0	0	0	0	0	0	500	0	0	0	0	0	0	0	0	0	0	0	0	0	0	0	0	500	0	0	0	0	0	0	0	0	0	0	0	0	0	0	0	0	0	0	0	0	0	0	0	0	0	0	0	0	0	0	0	0	0	0	0	0	0	0	0	0	0	0	0	0	0	0	0	0	0	0	0	0	0	0	0	0	0	0	0	0	500	0	0	0	0	0	0	0	0	0	0	0	500	0	0	0	0	0	0	0	0	0	0	0	0	0	0	0	0	0	0	0	0	0	0	0	
0	0	0	0	0	0	0	0	0	0	0	0	0	0	0	0	0	0	0	0	0	0	0	0	0	0	0	0	0	0	0	0	0	0	0	0	0	0	0	0	0	500	0	0	0	0	0	0	0	0	0	0	0	0	0	0	0	0	0	0	0	0	0	0	0	0	0	0	0	0	0	0	0	0	0	0	0	0	0	0	0	0	0	0	0	0	0	0	0	0	0	0	0	0	0	0	0	0	0	0	0	500	0	0	500	0	0	0	500	0	0	0	0	0	0	0	0	0	0	0	
0	0	0	0	0	0	0	0	0	0	0	0	0	0	0	0	0	0	0	0	0	0	0	0	0	0	500	0	0	0	0	500	0	0	0	0	0	0	0	0	0	500	0	0	0	0	0	0	0	0	0	500	0	0	0	0	0	0	0	0	0	0	0	0	0	0	0	0	0	0	0	0	0	0	0	0	0	0	0	0	0	0	0	0	0	0	0	0	0	0	0	0	0	0	0	0	0	0	0	0	0	0	0	0	0	0	0	0	0	0	0	0	0	0	0	0	0	0	0	0	
0	0	0	0	0	0	0	0	0	0	0	0	0	0	0	0	0	0	0	0	0	0	0	0	0	0	0	0	0	0	0	0	0	0	0	0	0	0	0	0	0	0	0	0	0	0	0	0	0	0	0	0	0	0	0	0	0	0	0	0	0	0	0	0	0	0	0	0	0	0	0	0	0	0	0	0	0	0	0	0	0	500	500	0	0	0	0	0	0	0	0	0	0	0	0	0	0	0	0	0	0	0	0	0	0	500	0	0	0	0	0	0	500	0	0	0	0	0	0	0	
0	0	0	500	0	0	0	0	0	0	0	0	0	0	0	500	0	0	0	0	0	0	0	0	0	0	0	0	0	0	0	0	0	0	0	0	0	0	0	500	0	0	0	0	0	0	0	0	0	0	0	0	0	0	0	0	0	0	0	0	0	0	0	0	0	0	0	0	0	0	0	0	0	0	0	0	0	0	0	0	0	0	0	0	0	0	0	0	0	0	0	0	0	0	0	0	0	0	0	0	0	0	0	0	0	0	500	0	0	0	0	0	0	0	0	0	0	0	0	0	
0	500	0	0	0	0	0	0	0	0	0	0	0	0	0	0	0	0	0	0	0	0	0	0	0	0	0	0	0	0	0	0	0	0	0	0	0	0	500	0	0	0	0	0	0	0	0	0	0	0	0	0	0	0	0	0	0	0	0	0	500	500	0	0	0	0	0	0	0	0	0	0	0	0	0	0	0	0	0	0	0	0	0	0	0	0	0	0	0	0	0	0	0	0	0	0	0	0	0	0	0	0	0	0	0	0	0	0	0	0	0	0	0	0	0	0	0	0	0	0	
0	0	0	0	0	0	0	0	0	0	0	0	0	0	0	0	0	0	0	0	0	0	0	0	0	0	0	0	0	0	0	0	0	0	0	0	0	0	0	0	0	0	0	0	0	0	0	0	0	0	0	0	0	0	0	0	0	0	0	0	0	0	0	0	0	500	0	0	0	0	0	0	0	500	0	0	0	0	500	0	0	0	0	0	0	0	0	0	0	0	0	0	0	0	0	0	0	0	0	0	0	0	0	0	0	0	0	0	0	0	0	0	0	0	0	0	0	500	0	0	
0	0	0	0	0	0	0	0	0	0	0	0	0	0	0	0	0	0	0	0	0	0	0	0	500	0	0	0	0	0	0	0	0	0	0	0	0	0	0	0	0	0	0	0	0	0	0	0	0	0	0	0	0	0	0	0	0	0	0	0	0	0	0	0	0	0	0	0	0	0	0	0	0	0	0	0	0	0	500	0	0	0	0	0	0	0	0	0	0	0	0	0	0	0	0	0	0	0	0	0	500	0	0	0	0	0	0	0	0	0	0	0	0	0	0	500	0	0	0	0	
0	0	0	0	0	0	0	0	0	0	0	0	0	0	0	0	0	0	0	0	0	0	0	0	0	0	0	0	0	0	0	0	0	0	0	0	0	0	0	0	0	0	500	0	0	0	500	0	0	0	0	0	0	0	0	0	0	0	0	0	0	0	0	0	0	0	0	0	0	0	0	0	0	0	500	0	0	0	0	0	0	0	0	0	0	0	0	0	0	0	0	0	0	0	0	0	0	500	0	0	0	0	0	0	0	0	0	0	0	0	0	0	0	0	0	0	0	0	0	0	
0	0	0	0	0	0	0	0	0	0	0	0	0	0	0	0	0	0	0	0	0	0	0	0	0	0	0	0	0	0	0	0	0	0	0	0	0	0	0	0	0	0	0	0	0	0	0	0	0	0	0	0	0	0	0	0	0	0	500	0	0	0	0	0	0	0	0	0	0	0	0	0	0	0	0	500	0	0	0	0	0	0	0	0	0	0	0	500	0	0	0	0	0	500	0	0	0	0	0	0	0	0	0	0	0	0	0	0	0	0	0	0	0	0	0	0	0	0	0	0	
0	0	0	0	500	0	0	0	0	0	500	0	0	0	0	0	0	500	0	0	0	0	500	0	0	0	0	0	0	0	0	0	0	0	0	0	0	0	0	0	0	0	0	0	0	0	0	0	0	0	0	0	0	0	0	0	0	0	0	0	0	0	0	0	0	0	0	0	0	0	0	0	0	0	0	0	0	0	0	0	0	0	0	0	0	0	0	0	0	0	0	0	0	0	0	0	0	0	0	0	0	0	0	0	0	0	0	0	0	0	0	0	0	0	0	0	0	0	0	0	
0	0	0	0	0	0	0	0	0	0	0	0	0	0	0	0	0	0	0	500	0	0	0	0	0	0	0	0	0	0	0	0	0	0	0	0	0	0	0	0	0	0	0	0	0	0	0	0	0	0	0	0	0	0	0	0	500	0	0	0	0	0	0	0	0	0	500	0	0	0	0	0	0	0	0	0	0	0	0	0	0	0	0	0	0	0	0	0	0	0	0	0	500	0	0	0	0	0	0	0	0	0	0	0	0	0	0	0	0	0	0	0	0	0	0	0	0	0	0	0	
0	0	0	0	0	0	0	0	0	0	0	0	0	0	0	0	0	0	0	0	0	0	0	0	0	0	0	0	0	0	0	0	0	0	500	0	0	0	0	0	0	0	0	0	0	0	0	0	0	0	0	0	0	0	0	0	0	0	0	0	0	0	0	0	0	0	0	0	0	0	0	0	0	0	0	0	0	0	0	0	0	0	0	0	500	0	0	0	0	0	0	0	0	500	0	0	500	0	0	0	0	0	0	0	0	0	0	0	0	0	0	0	0	0	0	0	0	0	0	0	
0	0	0	0	0	0	0	0	0	0	0	0	0	0	0	0	0	0	0	0	0	0	0	0	0	0	0	500	0	0	0	0	0	0	500	0	500	0	0	0	0	0	0	0	0	0	0	0	0	0	0	0	0	0	0	0	0	0	0	0	0	0	0	0	0	0	0	0	0	0	0	0	0	0	0	0	0	0	0	0	0	0	0	0	0	0	0	0	0	0	0	500	0	0	0	0	0	0	0	0	0	0	0	0	0	0	0	0	0	0	0	0	0	0	0	0	0	0	0	0	
0	0	0	0	0	0	0	0	0	0	0	0	0	0	0	0	0	0	0	0	0	500	0	0	0	0	0	0	0	0	0	0	0	0	0	0	500	0	0	0	0	0	0	0	0	0	0	0	0	0	0	0	0	0	0	0	0	0	0	0	0	0	0	0	0	0	0	0	0	0	0	0	0	0	0	0	0	0	0	0	0	0	0	0	0	0	0	0	0	0	0	500	0	0	0	0	0	0	0	0	0	0	0	0	0	0	0	0	0	0	0	0	0	500	0	0	0	0	0	0	
0	0	0	0	0	0	0	0	0	500	0	0	0	0	0	0	0	0	0	0	0	0	0	0	0	0	0	0	0	0	0	0	0	0	0	0	0	0	0	0	0	0	0	0	0	0	0	0	0	0	0	0	0	0	0	0	500	0	0	0	0	0	0	0	0	0	500	0	0	500	0	0	0	0	0	0	0	0	0	0	0	0	0	0	0	0	0	0	0	0	0	0	0	0	0	0	0	0	0	0	0	0	0	0	0	0	0	0	0	0	0	0	0	0	0	0	0	0	0	0	
0	0	0	0	0	0	0	0	0	0	0	0	0	0	0	0	0	0	0	0	0	0	0	0	0	0	0	0	0	0	0	0	0	0	500	0	0	0	0	0	0	0	0	0	0	0	0	0	0	0	0	0	0	0	0	0	0	0	0	0	0	0	0	0	0	0	0	0	0	0	0	0	0	0	0	0	0	0	0	0	0	0	0	0	0	0	0	0	500	500	0	0	0	0	0	0	0	0	0	0	0	0	0	0	0	0	0	0	0	0	0	0	0	0	0	0	0	500	0	0	
0	0	0	0	0	0	0	0	0	500	0	0	0	0	0	0	0	0	0	0	0	0	0	0	0	0	0	0	0	0	0	0	0	0	0	0	0	0	0	0	0	0	0	500	0	0	0	0	0	0	0	0	0	0	0	0	0	0	0	0	0	0	0	0	0	0	0	0	0	0	0	0	500	0	0	0	0	0	0	0	0	0	0	0	0	0	500	0	0	0	0	0	0	0	0	0	0	0	0	0	0	0	0	0	0	0	0	0	0	0	0	0	0	0	0	0	0	0	0	0	
0	0	0	0	0	0	0	0	0	0	0	0	0	0	0	0	0	0	0	0	0	0	0	0	0	0	0	0	0	0	0	0	0	0	0	0	0	0	0	0	0	0	0	0	0	0	0	0	0	0	0	0	0	0	0	0	0	0	0	0	0	0	0	0	0	0	0	0	0	0	0	0	0	500	0	0	0	0	0	0	0	0	0	0	500	0	0	500	0	0	0	0	0	0	0	0	0	0	0	0	0	0	0	0	0	0	0	0	0	0	500	0	0	0	0	0	0	0	0	0	
0	0	500	0	0	0	0	0	0	0	0	0	0	0	0	0	0	0	0	0	0	0	0	0	0	0	0	0	0	0	0	0	0	0	0	0	0	0	0	0	0	0	0	0	0	500	0	0	0	0	0	0	0	0	0	0	0	0	0	0	0	0	0	0	0	0	0	0	0	0	0	0	0	0	0	0	0	0	0	0	0	0	0	0	0	0	0	0	0	0	0	0	0	0	0	0	0	0	0	0	0	0	0	500	0	0	0	500	0	0	0	0	0	0	0	0	0	0	0	0	
0	0	0	0	0	0	0	0	0	0	0	0	0	0	0	0	0	0	0	0	0	0	0	0	0	0	0	0	0	0	0	0	0	0	0	0	0	0	0	0	0	0	0	0	0	0	0	500	0	0	0	0	0	0	0	0	0	0	0	0	500	0	0	0	0	0	0	500	0	0	0	0	0	0	0	0	0	0	0	0	0	0	0	0	0	0	0	0	0	0	0	0	0	0	0	0	0	0	0	0	0	0	0	0	0	0	0	0	0	0	0	0	0	0	0	500	0	0	0	0	
0	0	0	0	0	0	500	0	0	0	0	0	0	0	0	0	0	0	0	0	0	0	0	0	0	0	0	0	0	0	0	0	0	0	0	0	0	0	0	0	0	0	0	0	0	0	0	0	0	0	500	0	0	0	0	0	0	0	0	0	0	0	0	0	0	0	0	0	0	0	0	0	0	0	0	500	0	0	0	0	0	0	0	0	0	0	0	500	0	0	0	0	0	0	0	0	0	0	0	0	0	0	0	0	0	0	0	0	0	0	0	0	0	0	0	0	0	0	0	0	
0	0	0	0	0	0	0	0	0	0	0	0	0	0	0	0	0	0	0	0	0	0	0	0	0	0	0	0	0	0	0	500	0	0	0	0	0	0	0	0	0	0	0	0	0	0	500	0	0	0	0	0	0	0	0	0	0	0	0	0	0	0	0	0	0	0	0	0	0	0	0	0	0	0	0	0	0	0	0	0	0	0	0	500	0	0	0	0	0	0	0	0	0	0	0	0	0	0	0	0	0	0	0	0	0	0	0	0	0	0	0	0	0	500	0	0	0	0	0	0	
500	0	0	0	0	500	0	500	0	0	0	0	0	0	0	0	0	0	0	0	0	0	0	0	0	0	0	0	500	0	0	0	0	0	0	0	0	0	0	0	0	0	0	0	0	0	0	0	0	0	0	0	0	0	0	0	0	0	0	0	0	0	0	0	0	0	0	0	0	0	0	0	0	0	0	0	0	0	0	0	0	0	0	0	0	0	0	0	0	0	0	0	0	0	0	0	0	0	0	0	0	0	0	0	0	0	0	0	0	0	0	0	0	0	0	0	0	0	0	0	
0	0	0	0	0	0	0	0	0	0	0	0	0	0	0	0	0	0	0	0	0	0	0	0	0	0	500	0	0	0	0	500	0	0	0	0	0	0	0	0	0	500	0	0	0	0	0	0	500	0	0	0	0	0	0	0	0	0	0	0	0	0	0	0	0	0	0	0	0	0	0	0	0	0	0	0	0	0	0	0	0	0	0	0	0	0	0	0	0	0	0	0	0	0	0	0	0	0	0	0	0	0	0	0	0	0	0	0	0	0	0	0	0	0	0	0	0	0	0	0	
0	0	0	0	0	0	0	0	0	0	0	0	0	0	0	0	0	0	0	0	0	0	0	0	0	0	0	0	0	0	0	0	0	0	0	0	0	0	0	0	0	0	0	0	0	0	0	0	0	0	0	0	0	0	0	0	0	0	0	0	0	0	0	0	0	0	0	0	0	0	0	0	0	0	0	0	0	0	0	0	0	0	500	0	0	0	0	0	0	0	0	0	0	0	0	0	0	0	0	0	0	0	0	0	0	500	0	0	0	500	0	500	0	0	0	0	0	0	0	0	
0	0	0	0	0	0	0	0	0	0	0	0	0	0	0	0	0	0	0	0	0	0	0	0	0	0	0	0	0	0	0	0	0	0	0	0	0	0	0	0	0	0	0	0	0	0	0	0	0	0	0	0	0	0	0	0	0	0	0	0	0	0	0	0	0	0	0	0	0	0	0	0	0	0	0	0	500	0	0	0	0	0	0	0	0	0	0	0	0	0	0	0	0	0	0	0	0	0	0	0	0	0	0	0	500	0	0	0	500	0	0	500	0	0	0	0	0	0	0	0	
0	0	0	0	0	0	0	0	0	0	0	0	0	0	0	0	0	0	0	0	0	0	0	0	0	0	0	0	0	0	500	0	500	0	0	0	0	0	0	0	0	0	0	0	0	0	0	0	0	0	0	0	0	0	0	500	0	0	0	0	0	0	0	500	0	0	0	0	0	0	0	0	0	0	0	0	0	0	0	0	0	0	0	0	0	0	0	0	0	0	0	0	0	0	0	0	0	0	0	0	0	0	0	0	0	0	0	0	0	0	0	0	0	0	0	0	0	0	0	0	
0	0	0	0	0	0	0	0	0	0	0	0	0	0	0	0	0	0	0	0	0	0	0	0	0	0	0	0	0	0	0	0	0	0	0	0	0	0	0	0	0	0	0	0	500	0	0	0	0	0	0	0	0	0	0	0	0	0	0	0	0	0	0	0	0	0	0	0	0	0	0	0	0	0	0	0	0	0	0	0	0	0	0	0	0	0	0	0	0	0	0	0	0	0	500	0	0	0	0	0	0	0	0	0	0	0	0	500	0	0	0	0	0	0	0	0	0	0	0	500	
0	0	0	0	0	0	0	0	0	0	0	0	0	0	0	0	0	0	0	0	0	0	0	0	0	0	0	0	0	0	0	0	0	0	0	0	0	0	0	0	0	0	0	0	0	0	0	0	0	0	0	0	0	0	0	0	0	500	0	0	0	0	0	0	0	0	0	0	0	0	0	0	0	0	0	0	500	0	0	0	0	0	0	0	0	0	0	0	0	0	0	0	0	0	0	0	0	0	0	0	0	500	0	0	0	0	0	0	0	500	0	0	0	0	0	0	0	0	0	0	
0	0	0	0	0	0	0	0	0	0	0	0	0	0	0	0	0	0	0	0	0	0	0	0	0	0	0	0	0	500	0	0	0	0	0	0	0	0	0	0	0	0	500	0	0	0	0	0	0	0	0	0	0	0	0	0	0	0	0	0	0	0	0	0	0	0	0	0	0	0	0	0	0	0	0	0	0	0	500	0	0	0	0	0	0	0	0	0	0	0	0	0	0	0	0	0	0	0	0	0	500	0	0	0	0	0	0	0	0	0	0	0	0	0	0	0	0	0	0	0	
0	0	0	500	0	0	0	0	0	0	0	0	0	0	0	0	0	0	0	0	0	0	0	0	0	0	0	0	0	0	500	0	500	0	0	0	0	0	0	0	0	0	0	0	0	0	0	0	0	0	0	0	0	0	0	0	0	0	0	0	0	0	0	0	0	0	0	0	0	0	0	0	0	0	0	0	0	0	0	500	0	0	0	0	0	0	0	0	0	0	0	0	0	0	0	0	0	0	0	0	0	0	0	0	0	0	0	0	0	0	0	0	0	0	0	0	0	0	0	0	
0	0	500	0	0	0	0	0	0	0	0	0	0	0	0	0	0	0	0	0	0	0	0	0	0	0	0	0	0	0	0	0	0	0	0	0	0	0	0	0	0	0	0	0	500	0	0	0	0	0	0	0	0	0	0	0	0	0	0	0	0	0	0	0	0	0	0	0	0	0	0	0	0	0	0	0	0	0	0	0	0	0	0	0	0	0	0	0	0	0	0	0	0	0	500	0	0	0	0	0	0	0	0	500	0	0	0	0	0	0	0	0	0	0	0	0	0	0	0	0	
0	0	0	0	0	0	0	0	0	0	0	0	0	0	0	0	0	0	0	0	0	0	0	0	0	0	500	0	0	0	0	0	0	0	0	0	0	0	0	0	0	0	0	0	0	0	0	0	0	0	0	500	0	0	0	0	0	0	0	0	0	0	0	0	0	0	0	0	0	0	0	0	0	0	0	0	500	0	0	0	0	0	0	0	0	0	0	0	0	0	0	0	0	0	0	0	0	0	0	0	0	500	0	0	0	0	0	0	0	0	0	0	0	0	0	0	0	0	0	0	
0	0	0	0	0	0	0	0	0	0	0	0	0	0	0	0	0	0	0	0	0	0	0	0	0	0	0	0	0	0	0	0	0	0	0	0	0	500	0	0	0	0	0	0	0	0	0	0	0	0	0	0	0	0	0	0	0	0	0	0	0	0	0	0	0	0	0	0	0	0	0	0	0	0	0	0	0	0	0	0	0	0	0	0	0	0	0	0	0	0	0	0	0	0	0	0	0	0	0	0	500	0	0	0	500	0	0	0	0	0	0	0	0	0	0	0	500	0	0	0	
500	0	0	0	0	0	0	0	0	0	0	0	0	0	0	0	0	0	0	0	0	0	0	0	0	0	0	0	0	0	0	0	0	0	0	0	0	0	0	0	0	0	0	0	0	0	0	0	0	0	500	0	0	0	0	0	0	0	0	0	0	0	0	0	0	0	0	0	0	0	0	0	0	500	0	0	0	0	0	0	0	0	0	0	0	0	0	0	0	0	0	0	0	500	0	0	0	0	0	0	0	0	0	0	0	0	0	0	0	0	0	0	0	0	0	0	0	0	0	0	
0	0	0	0	500	0	0	0	0	0	0	0	0	0	0	0	0	0	0	0	0	0	0	0	0	0	0	0	0	500	0	0	0	0	0	0	0	0	0	0	0	0	0	0	0	0	0	0	0	0	0	0	0	0	0	0	0	0	0	0	0	0	0	0	0	0	0	0	0	0	0	0	0	0	0	0	0	0	0	0	0	0	0	0	0	0	0	0	0	0	0	0	0	0	0	0	0	0	0	0	500	500	0	0	0	0	0	0	0	0	0	0	0	0	0	0	0	0	0	0	
0	0	0	0	0	0	0	0	0	0	0	0	0	0	0	0	0	0	0	0	0	0	0	0	0	0	0	0	0	0	0	0	0	500	0	0	0	500	0	0	0	0	0	0	0	0	0	0	0	0	0	0	500	0	0	0	0	0	0	0	0	0	0	0	0	0	0	0	0	0	0	0	0	0	0	0	0	0	500	0	0	0	0	0	0	0	0	0	0	0	0	0	0	0	0	0	0	0	0	0	0	0	0	0	0	0	0	0	0	0	0	0	0	0	0	0	0	0	0	0	
0	0	0	0	0	0	0	0	0	0	0	0	0	0	0	0	0	0	0	0	0	500	0	0	0	0	0	0	0	0	0	0	0	0	0	0	500	0	0	0	0	0	0	0	0	0	0	0	0	0	0	0	0	0	0	0	0	0	0	0	0	0	0	0	0	0	0	0	0	0	0	0	0	0	0	0	0	0	0	0	0	0	0	0	0	0	0	0	0	500	0	0	0	0	0	0	0	500	0	0	0	0	0	0	0	0	0	0	0	0	0	0	0	0	0	0	0	0	0	0	
0	0	0	0	0	0	0	0	0	500	0	0	0	500	0	0	0	0	0	0	0	0	0	0	0	0	0	0	0	0	0	0	0	0	0	0	0	0	0	0	0	0	0	0	0	0	0	0	0	0	0	0	0	500	0	0	0	0	0	0	0	0	0	0	0	0	0	0	0	500	0	0	0	0	0	0	0	0	0	0	0	0	0	0	0	0	0	0	0	0	0	0	0	0	0	0	0	0	0	0	0	0	0	0	0	0	0	0	0	0	0	0	0	0	0	0	0	0	0	0	
0	0	0	0	0	0	0	0	0	0	0	0	0	0	0	0	0	0	0	0	0	0	0	0	0	500	0	0	0	0	0	0	0	0	0	0	0	0	0	0	0	0	0	0	0	0	0	0	0	0	0	0	0	0	0	0	0	0	0	0	0	0	0	0	0	0	0	500	0	0	0	0	0	0	0	0	0	0	0	0	0	0	500	0	0	0	0	0	0	0	0	0	0	0	0	500	0	0	0	0	0	0	0	0	0	0	0	0	0	0	0	0	0	0	0	0	0	0	0	0	
0	0	0	0	0	0	0	0	0	0	0	0	0	0	0	0	0	0	0	0	500	0	0	0	0	0	0	0	0	0	0	0	0	0	0	0	0	0	0	0	0	0	0	0	0	0	0	0	0	0	0	0	0	0	0	0	0	0	0	0	0	0	0	0	0	0	0	0	0	0	0	0	500	0	0	0	0	0	0	0	0	0	0	0	0	0	0	0	0	0	0	0	0	0	0	0	0	0	0	0	0	0	0	0	0	0	0	0	0	500	0	0	0	0	0	0	0	0	0	500	
0	0	0	0	0	0	0	0	0	0	0	0	0	0	0	0	0	0	0	0	0	0	0	0	0	0	0	0	0	0	0	0	0	0	0	0	0	0	0	0	0	0	0	0	0	0	0	0	0	0	0	0	0	0	0	0	0	0	0	0	0	0	0	0	0	500	0	0	0	0	0	0	0	500	0	0	0	0	0	0	0	500	0	0	0	0	0	0	0	0	0	500	0	0	0	0	0	0	0	0	0	0	0	0	0	0	0	0	0	0	0	0	0	0	0	0	0	0	0	0	
0	0	0	0	0	0	0	0	0	0	0	0	0	0	0	0	0	0	0	0	500	0	0	500	0	0	0	0	0	0	0	0	0	0	0	0	0	0	0	0	0	0	0	500	0	0	0	0	0	0	0	0	0	0	0	0	0	0	0	0	0	0	0	0	0	0	0	0	0	0	0	0	500	0	0	0	0	0	0	0	0	0	0	0	0	0	0	0	0	0	0	0	0	0	0	0	0	0	0	0	0	0	0	0	0	0	0	0	0	0	0	0	0	0	0	0	0	0	0	0	
0	0	0	0	0	0	0	0	0	0	0	0	0	0	0	0	0	0	0	0	0	0	0	0	0	0	0	500	0	0	0	0	0	0	0	0	0	0	0	0	0	0	0	0	500	0	0	0	0	0	0	0	0	0	0	0	0	0	0	0	0	0	0	0	0	0	0	0	0	0	0	0	0	0	0	0	0	0	0	0	0	0	0	0	0	0	0	0	0	0	0	0	0	0	0	0	0	0	0	0	0	0	0	500	0	0	0	0	0	0	0	0	0	0	0	0	500	0	0	0	
26	108	83	3	4	34	106	87	115	97	91	103	48	10	5	6	82	13	83	20	37	28	116	75	16	56	26	58	57	65	72	45	9	25	19	94	103	26	21	43	32	88	69	33	32	50	119	3	53	115	8	0	11	89	69	101	65	33	28	70	97	32	56	80	51	75	88	17	114	71	39	101	35	32	12	41	109	5	107	43	3	33	18	55	42	26	84	83	97	14	47	19	107	40	65	92	77	94	86	84	5	37	26	23	80	107	74	88	36	68	41	12	74	12	90	106	27	46	47	97	8	91	17	34	106	66	112	80	50	86	54	11	34	71	67	107	33	23	25	82	50	46	104	33	4	109	2	1	10	54	24	99	116	113	18	47	3	55	114	15	32	82	0	52	108	74	46	111	8	8	92	41	37	61	85	83	44	43	71	69	78	11	109	9	13	28	48	1	48	89	9	19	10	106	31	11	90	41	118	65	3	86	101	53	109	10	54	9	73	78	9	22	119	60	24	21	42	4	51	119	115	80	92	69	97	64	68	87	94	5	91	47	19	48	115	86	26	51	68	21	98	6	112	93	6	3	55	118	101	50	91	3	98	60	77	11	53	114	69	16	15	118	45	35	57	40	69	116	44	97	71	94	113	91	84	112	105	110	28	20	69	100	97	115	118	61	27	54	6	50	92	6	84	44	28	3	3	117	29	111	35	61	0	83	4	21	109	72	65	47	39	34	30	21	37	63	35	33	27	73	29	57	109	29	66	112	72	103	39	116	49	20	104	66	118	114	43	103	27	78	69	0	101	84	43	91	18	82	57	115	30	68	102	46	30	39	77	113	55	90	52	2	118	15	31	28	105	61	4	93	116	49	64	40	56	88	37	62	13	32	57	90	13	107	35	29	63	17	12	104	46	59	39	60	107	11	51	98	69	25	42	91	31	47	52	40	32	45	68	2	67	45	49	98	1	119	36	24	25	77	88	55	94	71	12	71	55	94	2	104	47	52	66	37	119	106	118	62	14	72	47	11	47	79	62	54	18	65	91	33	80	70	72	43	2	72	70	118	89	79	53	76	39	76	23	92	92	81	45	32	89	31	8	9	23	6	0	112	23	71	87	110	59	92	101	4	107	61	109	115	32	68	94	52	107	81	66	48	38	94	89	112	80	19	77	44	76	50	111	87	90	99	48	57	44	23	72	98	105	24	25	109	92	47	115	24	113	101	27	118	73	52	24	104	24	26	15	99	60	4	117	60	17	6	38	65	13	70	97	96	82	2	31	6	36	46	76	78	45	77	81	64	119	71	40	78	83	77	73	0	97	112	101	16	44	49	86	94	59	17	60	60	48	25	0	35	44	114	116	11	15	21	104	94	116	116	37	12	66	30	5	39	44	78	16	80	89	60	111	119	3	48	36	77	58	93	119	92	97	67	25	13	103	99	36	65	118	38	72	104	23	29	46	3	19	97	64	60	51	92	6	4	63	5	65	99	106	87	59	115	51	1	92	29	28	70	45	49	102	69	48	32	57	81	101	92	8	50	29	84	18	20	46	96	65	73	3	109	58	112	3	2	78	119	17	64	96	59	67	44	5	83	72	59	2	89	60	92	37	25	0	80	99	60	68	57	37	93	76	13	80	98	12	82	30	63	27	3	78	48	4	88	24	30	112	10	94	41	7	42	71	26	52	113	16	4	93	17	113	111	49	33	40	24	34	43	34	72	12	3	57	77	118	67	19	64	100	111	91	65	84	85	87	70	0	16	104	83	95	39	32	38	32	111	60	17	9	53	60	22	27	119	81	89	74	102	86	23	93	49	60	26	80	42	90	115	64	116	72	111	104	79	98	13	80	18	30	0	47	2	60	42	101	94	1	93	22	69	69	48	114	47	48	90	116	48	66	9	25	66	92	76	94	13	38	116	54	25	27	68	39	108	25	52	108	41	29	99	108	44	38	7	97	118	43	7	103	90	42	3	33	112	68	13	68	41	20	37	85	15	49	109	14	24	76	100	58	69	54	112	118	63	113	13	21	97	29	110	92	114	117	49	7	58	106	48	51	34	7	84	7	25	35	110	15	5	31	87	64	22	13	112	62	0	18	118	21	102	11	111	85	20	102	4	77	101	31	46	39	42	112	74	116	78	34	4	87	82	107	105	49	118	86	109	64	19	99	57	46	7	50	65	72	18	112	22	27	48	0	73	45	112	42	68	100	47	26	100	28	54	94	94	83	56	100	19	67	8	72	1	17	119	11	109	69	75	83	34	60	35	17	92	43	103	52	26	109	98	28	60	74	0	2	28	99	59	99	14	19	117	67	31	80	50	99	68	59	50	32	55	110	4	57	78	114	43	21	36	42	83	1	45	14	112	106	64	110	65	114	40	15	56	63	108	26	16	54	0	6	101	30	52	22	72	5	92	47	54	60	69	69	103	39	13	104	20	7	108	26	112	40	51	27	54	64	117	38	76	67	93	55	53	47	60	64	58	36	40	0	80	8	48	101	115	79	32	118	40	64	4	75	86	45	68	41	115	62	79	96	48	60	56	43	116	112	82	97	61	119	23	39	91	45	1	9	32	24	62	8	103	33	57	91	58	91	88	45	10	58	31	108	90	118	79	44	43	97	21	56	111	59	84	79	40	58	66	75	44	84	69	2	29	35	106	40	78	8	39	60	119	34	63	33	74	16	37	23	94	13	66	25	101	50	70	72	64	42	71	72	54	103	87	102	24	19	11	30	60	102	95	44	78	42	23	27	112	38	2	49	11	19	70	82	48	11	100	8	119	105	33	77	39	7	47	70	76	80	104	89	24	28	8	83	53	14	82	24	52	87	51	115	15	63	64	66	80	11	29	49	49	38	111	39	70	93	119	72	91	57	97	93	84	66	9	25	16	56	1	79	117	25	58	96	107	62	117	117	91	63	85	94	54	60	6	62	4	42	94	19	65	54	29	46	110	105	69	89	5	2	28	88	85	71	67	44	88	118	39	52	45	38	8	68	59	118	7	32	35	1	46	80	90	73	37	113	106	86	80	107	101	16	15	92	19	80	10	93	24	75	28	32	81	115	43	98	78	58	110	61	65	61	77	46	40	28	48	11	37	41	46	58	82	16	101	63	17	35	49	62	52	97	73	70	100	74	55	29	77	99	11	7	80	46	67	16	64	57	22	81	57	72	40	27	101	112	5	31	32	117	9	47	111	115	34	32	88	19	115	54	60	119	54	57	55	93	87	4	23	63	13	23	96	64	38	113	118	5	25	97	86	31	64	40	103	85	114	16	20	96	50	68	39	48	57	20	84	67	97	90	45	50	111	32	63	106	39	13	69	62	104	78	76	2	9	4	23	54	39	82	64	9	21	26	96	98	84	79	36	27	45	36	97	82	41	50	53	12	44	82	104	17	5	74	77	4	17	14	15	27	60	65	3	68	105	47	89	28	48	69	85	38	107	24	16	55	34	84	41	111	18	114	1	17	70	50	112	95	35	91	62	23	87	101	57	90	78	105	19	99	17	35	98	69	68	23	103	37	59	63	18	108	82	83	26	40	56	7	41	101	37	119	84	74	105	45	96	53	5	54	81	108	23	72	72	92	45	30	98	80	97	60	46	62	100	8	98	88	17	81	111	73	68	85	106	64	85	80	56	27	57	39	96	105	95	21	78	3	69	68	50	64	74	59	72	51	39	20	48	58	71	33	115	48	115	98	68	16	16	94	70	84	55	55	91	86	66	44	25	57	74	9	91	35	100	57	41	41	61	26	83	43	42	36	46	92	101	25	33	65	114	86	21	97	32	49	25	21	13	96	64	0	82	84	12	43	70	4	19	15	112	56	99	87	32	16	91	109	117	98	21	15	94	58	94	75	2	38	0	90	15	50	63	16	57	68	71	39	97	18	102	104	10	103	78	112	97	117	23	7	54	44	30	40	30	90	70	34	3	113	9	5	107	0	73	51	64	69	31	49	74	46	87	45	95	20	13	15	115	33	80	100	2	118	64	82	68	2	12	96	21	34	55	42	117	69	14	6	48	93	11	112	87	74	88	76	20	63	107	46	71	76	103	71	27	65	93	98	79	70	36	59	21	69	48	26	30	50	30	54	72	96	54	42	101	48	72	57	116	27	109	29	110	101	70	20	81	75	6	69	18	7	80	108	33	52	62	107	63	60	76	69	112	24	85	68	2	118	18	70	98	3	91	98	25	113	112	59	77	35	73	86	7	91	102	95	4	88	110	73	119	39	86	54	94	30	63	85	26	57	103	11	31	7	58	23	42	14	93	102	63	84	85	31	49	116	58	75	91	79	78	13	91	23	112	102	78	55	45	59	92	12	91	82	1	80	46	105	72	112	67	74	38	59	2	34	101	60	50	47	36	55	24	62	1	66	42	31	108	83	78	86	90	43	71	58	83	108	110	15	93	77	107	85	10	10	119	85	78	106	109	8	61	86	41	27	93	14	14	53	60	52	31	100	94	7	1	30	80	3	10	111	55	50	75	19	112	95	113	112	106	80	88	6	86	66	110	75	71	13	94	96	42	68	85	39	30	12	13	12	28	22	69	16	32	10	51	21	118	79	97	99	56	69	111	46	88	22	78	76	9	44	25	87	47	73	89	90	33	16	13	10	91	35	33	115	71	83	17	68	67	3	12	117	85	75	21	105	81	76	94	14	23	9	17	30	37	56	18	70	89	117	39	0	28	96	89	114	104	52	98	94	75	4	47	63	17	18	34	40	79	24	1	113	96	83	41	33	71	69	16	92	99	74	94	106	46	64	67	112	35	50	62	109	74	91	41	86	107	61	80	36	39	50	73	93	7	111	39	113	104	28	66	65	63	31	105	36	84	2	66	28	106	21	38	44	43	93	30	69	96	57	79	21	112	64	117	112	61	31	85	55	66	13	48	71	62	26	57	76	72	49	36	57	88	37	75	43	115	74	59	57	74	14	63	14	69	46	55	63	79	57	68	47	30	60	33	24	2	29	44	110	26	94	88	66	19	68	25	89	15	74	1	75	30	6	9	73	50	116	34	28	35	37	45	71	5	12	55	105	107	86	83	5	77	66	25	110	98	70	53	11	2	34	29	24	35	95	88	19	105	100	75	97	15	9	69	108	33	107	100	93	60	67	6	11	4	118	38	92	79	25	35	116	70	114	102	68	84	92	104	8	7	102	100	21	54	22	109	30	96	106	36	51	110	47	100	15	92	58	106	5	6	104	81	51	11	55	37	42	72	38	10	36	34	87	16	31	42	86	24	106	92	14	27	48	105	109	8	59	7	103	86	6	42	19	90	103	52	46	104	12	7	58	78	107	31	9	83	95	96	60	33	7	29	36	60	84	91	41	0	73	4	15	46	102	49	92	37	69	88	61	62	30	0	59	95	105	2	6	78	62	57	65	34	72	87	55	18	67	58	13	40	112	84	13	0	82	52	32	12	85	29	13	84	22	62	104	107	9	69	109	79	68	67	66	92	55	30	81	65	118	43	75	100	53	66	0	57	76	23	98	18	29	111	6	17	103	14	85	110	5	9	39	66	102	46	28	24	62	59	48	17	62	63	100	54	26	68	52	1	21	14	54	49	78	86	69	103	101	104	53	52	45	27	73	37	54	7	102	54	67	13	83	118	96	92	47	31	56	69	2	102	46	78	81	81	40	108	76	87	15	11	9	12	49	95	40	86	72	29	47	50	104	70	60	24	2	75	16	75	76	0	28	32	88	99	62	19	30	104	19	84	26	87	19	28	50	90	97	20	70	106	17	5	55	7	34	24	30	51	58	25	53	54	52	6	52	61	11	71	43	100	10	69	71	49	118	101	75	13	61	8	60	87	74	26	89	1	43	37	79	79	86	105	99	20	5	119	74	5	3	24	28	112	9	97	107	93	8	29	111	40	46	64	45	80	103	101	3	7	95	71	15	17	33	6	106	77	68	111	109	61	23	75	40	70	105	55	88	18	94	64	65	67	57	93	63	69	110	4	49	83	17	25	13	46	81	2	33	51	116	40	3	54	38	77	27	107	89	88	80	38	74	94	88	25	29	43	72	116	93	111	77	74	87	34	118	101	16	8	63	59	46	105	45	29	37	77	56	72	27	63	10	100	39	8	93	108	52	18	28	43	118	29	23	38	80	91	109	6	16	80	8	108	9	20	44	26	48	87	59	90	50	96	18	94	95	69	109	65	44	41	75	99	101	67	30	56	24	29	78	17	98	38	57	77	37	49	82	72	41	37	48	80	0	84	6	105	10	91	86	85	19	25	73	20	22	101	104	76	11	106	112	48	48	83	107	47	60	59	49	21	48	30	11	48	24	53	76	37	46	33	20	58	23	15	97	107	83	0	47	31	118	95	76	113	49	113	118	34	1	117	72	57	116	80	115	106	53	89	24	57	89	29	16	103	83	13	49	30	109	20	22	4	50	28	106	42	61	13	86	65	33	0	49	8	97	0	96	109	76	74	18	83	5	40	4	112	108	78	74	113	112	99	56	105	42	58	27	89	32	95	12	119	107	84	76	90	62	3	46	41	2	92	95	22	75	13	38	0	1	71	74	68	21	106	93	18	109	12	53	19	85	24	70	38	64	63	82	85	22	30	53	119	50	68	26	113	49	88	114	24	54	34	2	97	87	41	47	26	94	31	70	42	107	111	15	63	49	39	60	71	36	36	90	60	96	11	0	43	19	7	43	91	31	47	99	21	68	45	47	111	44	96	75	27	91	75	74	7	1	94	9	68	60	96	71	34	54	54	34	73	21	87	44	96	106	96	37	96	8	55	109	14	23	107	66	110	80	102	24	67	13	58	22	61	114	52	110	26	88	87	94	58	77	52	41	14	111	98	59	36	109	106	52	79	66	35	16	28	105	114	5	63	81	63	61	98	82	119	56	52	41	40	99	74	98	39	14	95	104	103	31	88	27	39	105	31	41	13	54	108	74	100	37	4	52	74	79	30	70	18	75	59	31	36	99	47	82	52	32	76	78	110	1	21	3	66	28	8	88	48	75	65	116	54	18	94	13	27	107	114	38	11	104	62	90	112	50	26	117	80	103	91	44	0	51	63	77	37	51	35	101	44	28	10	65	98	99	3	23	38	63	116	114	118	115	43	54	51	33	55	92	9	112	98	18	29	93	105	110	23	52	118	96	82	41	60	38	22	88	84	37	13	111	53	75	35	91	36	28	0	33	12	100	116	90	85	45	103	42	96	71	113	12	33	97	2	59	119	19	98	23	9	78	33	38	65	105	26	59	37	55	113	96	19	32	100	106	42	24	35	67	62	72	16	10	88	31	20	71	6	45	113	114	97	116	54	100	25	49	115	109	49	62	37	105	51	115	102	26	32	53	73	37	94	15	90	4	74	28	77	43	45	110	76	90	83	75	84	35	77	116	20	58	97	112	27	63	58	14	96	105	25	94	103	79	66	26	24	101	82	109	18	66	55	69	5	12	64	97	116	63	52	21	60	46	80	24	8	46	119	54	103	9	19	110	104	29	23	7	108	90	104	0	20	81	42	61	75	51	54	3	1	25	74	98	22	71	36	53	48	102	10	64	41	16	39	70	95	92	118	98	85	95	91	30	100	82	16	95	50	67	17	77	91	7	72	32	7	84	43	74	89	45	85	18	46	90	108	22	52	81	68	93	55	60	115	17	91	30	65	49	109	12	76	116	28	67	97	15	83	48	70	26	58	44	19	40	108	98	83	89	101	20	80	10	62	79	102	109	40	78	91	58	75	33	6	71	14	49	19	109	68	86	23	5	65	6	82	98	39	16	50	66	18	102	103	101	96	93	19	116	67	22	19	70	23	79	21	88	74	19	33	1	43	54	4	39	12	39	77	97	73	24	114	84	97	103	58	63	35	5	114	72	60	107	69	64	37	57	50	21	99	78	85	10	24	107	40	15	45	74	86	79	88	16	33	114	94	59	38	68	60	36	25	3	64	47	96	50	21	11	26	89	71	95	100	102	43	103	39	39	61	82	76	109	58	94	115	79	13	53	7	62	89	105	26	55	40	22	11	1	96	23	57	17	48	0	72	15	88	82	104	37	43	40	67	41	70	101	102	76	31	117	76	44	67	104	92	110	44	86	18	78	27	33	24	89	109	66	16	86	67	2	36	28	112	84	43	0	57	78	89	94	77	111	39	42	105	46	95	21	32	112	9	73	73	118	18	63	22	25	20	114	65	20	64	35	6	43	79	14	45	98	67	26	20	66	57	37	74	50	58	87	98	79	80	116	31	75	41	50	96	48	90	92	58	79	96	41	88	43	15	7	71	62	69	71	58	38	29	12	11	60	21	58	54	3	0	18	119	48	52	2	5	82	38	27	103	63	0	27	95	27	8	5	28	33	40	62	79	80	78	27	26	38	36	11	2	12	47	119	110	98	71	107	10	26	16	55	118	79	25	26	68	29	88	44	119	45	5	11	46	91	64	14	20	98	56	96	88	83	56	112	79	52	99	1	80	0	75	30	84	11	77	69	96	110	51	33	90	10	76	34	109	111	32	36	119	106	47	78	86	78	85	62	88	107	60	81	14	80	80	78	68	3	21	74	96	23	35	108	75	3	93	89	16	56	80	61	44	57	73	101	12	17	91	17	48	114	62	85	99	44	77	55	16	8	119	45	38	108	103	113	1	72	93	41	32	49	73	36	113	3	88	64	114	118	106	59	4	115	26	99	40	98	24	83	119	21	22	18	19	59	69	115	92	68	113	107	67	42	70	43	75	44	23	99	112	28	96	58	20	93	39	11	110	42	53	117	94	93	102	75	14	18	4	119	89	64	9	50	70	41	61	20	14	110	32	102	52	19	97	73	51	39	11	33	55	119	49	104	78	39	6	83	83	17	77	36	20	10	20	73	27	34	102	78	42	25	2	29	37	29	63	115	64	48	23	92	88	98	106	60	54	110	106	27	19	68	27	77	88	45	109	102	31	106	8	40	3	1	75	105	93	47	10	54	51	42	44	85	17	7	37	80	19	84	114	85	0	72	39	26	20	27	85	6	55	79	112	4	22	66	0	58	94	11	13	83	46	15	42	85	117	12	113	29	99	5	36	41	56	64	100	46	77	19	32	96	90	52	104	117	113	56	33	16	83	46	106	65	33	55	94	91	85	67	45	18	82	58	52	77	99	70	109	37	58	77	50	107	18	63	99	72	90	27	69	49	23	82	23	108	37	95	77	118	37	2	72	35	61	98	24	66	15	63	83	67	114	34	48	26	29	30	48	118	11	61	93	8	108	69	119	22	97	112	101	54	66	111	106	91	43	110	14	34	13	48	49	37	98	81	105	63	16	32	47	0	33	28	17	63	45	7	105	100	12	8	87	48	45	12	5	76	82	10	112	113	82	51	56	78	75	80	36	53	11	34	105	105	36	71	18	45	84	49	59	60	2	96	3	23	21	18	94	35	70	42	70	89	13	75	25	21	15	11	112	1	3	43	54	74	3	109	74	100	74	102	49	18	2	106	25	59	63	95	59	70	51	113	9	98	15	116	21	112	99	31	31	0	1	8	82	38	67	86	89	88	5	16	69	85	47	105	25	111	64	110	50	7	35	60	94	80	4	90	32	36	100	75	106	19	34	24	37	51	106	0	55	84	29	79	57	40	24	57	4	66	43	72	90	55	5	98	5	44	106	30	70	7	75	87	83	18	39	95	96	63	18	55	40	20	32	11	4	97	4	47	119	44	24	54	58	111	100	101	93	0	21	49	86	42	74	35	90	49	65	68	5	65	100	66	78	50	25	59	106	13	65	101	117	96	111	86	39	116	20	5	27	37	90	106	26	117	28	45	43	75	24	68	112	69	72	91	29	47	96	117	33	118	2	34	19	65	59	29	114	42	44	85	97	17	46	106	87	50	20	74	26	32	102	40	72	26	38	118	44	19	111	95	59	39	115	119	26	39	25	41	77	110	9	57	75	116	20	63	105	49	36	113	39	25	34	118	38	94	65	61	104	40	40	41	106	60	51	88	27	62	7	5	45	73	108	70	84	27	74	44	24	70	22	15	14	113	74	107	14	39	108	34	84	4	74	17	27	107	110	20	102	51	30	42	89	80	72	83	0	17	39	49	106	73	76	30	32	41	32	87	19	113	52	32	31	44	88	68	15	119	62	89	30	94	100	68	7	86	5	98	102	60	87	25	42	96	106	12	54	32	64	69	14	63	76	11	108	48	6	94	44	97	31	59	119	73	39	12	70	23	58	15	73	1	118	87	10	115	45	52	70	63	102	4	109	91	98	115	26	28	96	64	58	57	98	76	47	0	76	80	48	13	51	32	15	81	54	82	14	32	79	14	11	44	61	74	41	92	27	35	108	10	109	1	50	62	35	60	84	83	63	29	20	82	14	60	97	96	53	11	74	103	15	23	58	41	24	19	40	116	72	96	100	61	14	71	106	22	84	80	82	6	73	22	24	64	32	57	40	57	45	85	105	9	14	68	44	45	54	20	11	113	44	37	83	67	89	84	78	109	8	84	110	67	9	67	59	98	17	79	102	15	34	27	104	45	9	24	42	38	57	70	44	75	89	110	36	93	18	38	66	64	12	23	110	43	18	23	38	105	29	11	20	58	107	90	86	104	103	11	23	68	51	71	35	42	62	79	50	36	63	69	74	39	83	37	88	78	55	37	58	46	90	115	75	109	95	84	75	35	108	90	16	73	64	86	19	63	44	99	107	93	81	10	46	3	24	10	11	44	77	34	66	21	19	62	5	52	32	29	86	20	114	49	71	111	5	5	42	93	115	17	117	106	63	0	105	80	46	64	26	102	91	0	63	109	25	35	95	103	94	9	81	62	95	87	74	50	82	31	38	87	66	33	73	41	107	97	97	92	11	43	108	28	105	55	92	73	29	64	2	116	69	109	21	6	54	3	89	101	59	41	65	35	19	112	72	119	62	65	75	41	41	104	0	24	79	63	102	9	41	78	61	31	38	28	28	97	76	114	91	9	83	2	59	15	33	100	103	29	7	111	61	19	55	114	76	42	99	72	44	54	26	55	14	15	94	46	91	51	68	57	6	29	53	32	99	2	105	23	71	9	100	80	90	60	93	9	26	31	70	112	7	20	84	24	25	47	25	91	48	119	93	27	49	10	61	111	95	103	68	72	56	42	27	54	21	80	29	16	93	68	68	108	4	18	11	87	24	113	4	5	86	4	42	29	30	93	69	65	71	111	19	110	118	115	19	66	46	26	104	85	40	11	85	14	101	79	1	23	6	87	21	34	110	55	62	21	64	5	100	72	70	63	76	115	99	115	50	91	34	47	40	22	29	99	15	111	7	110	99	63	78	75	67	116	102	85	56	118	90	65	97	43	106	60	41	2	18	86	110	69	16	5	49	9	58	75	64	95	71	36	15	98	35	7	17	11	60	50	91	32	42	0	79	56	116	117	31	36	49	56	53	99	118	80	32	57	72	96	65	103	35	63	4	35	80	51	96	44	92	35	104	14	32	4	21	67	47	82	5	27	18	106	73	86	28	115	1	39	4	109	69	55	40	74	74	70	99	23	6	15	107	116	65	117	50	15	101	5	56	111	29	73	48	53	102	46	58	4	5	28	49	105	70	74	69	107	49	91	95	90	58	15	18	109	19	79	96	97	68	105	115	19	119	20	73	15	77	103	105	38	14	9	21	78	117	71	28	61	116	104	58	101	54	119	67	118	50	76	95	106	37	76	97	30	44	107	79	47	56	118	117	65	31	46	13	46	47	84	19	84	48	68	54	15	65	2	53	27	112	85	53	53	23	93	108	118	29	93	89	105	50	39	63	62	112	50	16	52	112	98	105	59	5	100	28	15	81	113	114	58	45	83	56	84	42	50	103	96	115	42	94	84	101	66	16	48	50	11	86	48	82	117	11	11	72	41	117	99	54	8	51	42	95	43	71	63	73	92	27	36	13	7	117	14	1	65	57	41	74	79	4	75	23	93	12	91	84	111	29	34	53	65	70	16	106	16	98	43	8	79	10	81	10	37	117	1	47	38	56	37	42	102	19	55	51	44	88	19	25	47	46	30	47	5	96	105	84	3	78	83	27	51	82	53	59	10	88	44	14	101	7	22	74	98	42	90	75	114	67	17	94	57	100	34	5	37	90	19	32	51	56	98	23	70	63	82	52	74	106	30	99	52	48	55	79	1	93	103	6	11	46	110	15	10	50	41	108	114	54	111	58	104	31	58	35	39	6	1	39	99	80	23	73	70	59	64	89	118	91	24	78	1	87	20	42	25	113	50	41	36	32	111	100	39	6	105	41	16	9	80	98	82	76	5	49	54	8	17	30	18	16	96	81	55	67	8	27	37	9	68	39	56	91	10	43	88	62	17	24	22	39	40	10	73	32	112	46	119	116	87	82	19	61	28	75	104	7	24	98	26	13	98	19	77	43	106	19	75	60	36	0	71	45	91	29	84	117	41	6	71	8	108	42	53	74	74	48	14	8	26	15	7	31	21	66	100	31	116	116	28	71	17	50	96	96	111	38	93	18	74	65	50	106	68	37	93	64	2	59	58	49	92	18	3	41	11	24	46	92	116	97	60	14	5	84	82	67	76	40	110	37	43	98	40	50	10	64	63	62	93	92	22	37	116	40	99	101	38	106	32	15	102	10	10	86	85	112	90	86	44	58	92	69	91	4	8	20	103	80	100	33	90	53	1	83	4	61	1	9	56	16	64	80	33	51	41	48	80	66	35	79	100	17	59	60	61	31	79	104	45	17	42	79	65	85	80	116	19	17	110	44	95	59	87	38	16	13	95	56	57	119	46	31	117	105	72	108	58	45	35	30	6	101	28	60	101	31	77	100	118	79	81	5	26	90	99	65	39	16	81	25	105	9	99	11	111	76	26	64	114	98	45	116	32	69	52	93	114	37	23	53	24	49	58	42	7	49	53	9	47	44	23	86	112	116	91	96	43	46	31	24	59	82	62	38	75	113	25	69	83	45	88	52	22	9	15	56	37	71	80	11	75	97	41	55	45	28	46	80	76	14	15	100	10	65	63	67	114	59	21	20	88	55	60	111	96	80	32	36	15	85	94	43	97	37	88	15	18	46	93	72	7	40	72	1	54	42	44	91	85	44	56	70	114	74	98	64	28	45	113	39	45	65	23	88	95	115	38	33	79	95	0	89	96	33	100	5	54	119	57	66	115	107	4	78	116	7	40	101	102	96	25	29	25	118	26	105	18	84	89	92	39	27	33	77	85	68	119	100	51	4	10	60	67	70	68	104	112	59	42	73	18	107	54	118	36	45	88	95	75	38	27	23	17	105	14	14	100	107	107	115	15	68	63	26	33	69	78	110	75	101	50	14	7	88	3	69	45	21	53	100	5	66	30	49	2	67	74	59	44	100	65	51	32	20	36	112	26	71	37	83	95	119	37	7	83	115	103	64	49	91	81	41	44	63	91	74	92	49	117	30	6	18	29	88	17	1	24	94	1	80	32	44	11	6	18	38	104	17	49	110	67	43	80	81	75	16	108	78	67	3	102	22	113	79	59	7	15	60	69	89	96	42	55	33	7	119	102	57	87	11	10	45	90	24	59	1	11	48	70	26	90	42	118	65	31	46	44	57	82	93	30	58	51	1	75	76	107	98	114	116	106	74	15	46	72	35	84	6	67	103	92	45	19	23	64	107	117	48	93	11	67	60	95	24	79	104	96	73	91	73	25	119	81	119	16	21	19	31	56	34	25	104	21	107	19	56	20	59	29	107	43	93	18	85	22	13	100	64	50	68	7	86	61	80	109	103	59	87	88	33	49	111	108	19	55	86	4	84	117	99	42	63	52	26	78	50	17	64	37	86	98	96	65	67	60	73	30	1	4	45	29	110	109	108	20	38	75	8	59	116	97	54	29	64	93	78	18	82	20	82	33	21	34	27	72	32	47	64	88	116	42	55	23	3	89	26	20	81	106	9	70	4	89	47	33	119	3	83	8	33	64	19	93	95	54	48	18	104	38	109	35	49	91	35	71	101	78	78	73	23	65	39	1	15	31	12	89	110	50	93	61	5	24	68	76	6	87	76	74	43	84	20	20	27	25	18	37	37	71	109	3	81	88	52	53	16	13	88	35	28	108	92	51	42	16	111	80	43	22	39	13	36	62	53	87	41	20	29	7	108	78	29	90	45	52	100	111	46	18	119	107	109	9	74	25	98	117	89	61	75	11	32	28	80	24	82	80	44	100	6	101	68	18	87	111	61	89	21	108	36	77	50	96	37	115	85	73	113	36	24	117	21	19	113	50	35	66	40	16	60	54	119	63	73	76	75	36	101	48	89	62	70	77	95	18	98	103	33	39	4	70	94	99	35	64	54	94	70	80	9	60	13	41	25	33	84	18	88	108	42	72	71	1	17	90	42	80	41	99	57	47	28	106	0	7	20	57	54	100	27	34	83	26	64	23	53	58	57	64	15	3	60	89	43	4	12	78	87	102	47	98	47	114	23	92	57	81	79	45	49	49	48	74	86	15	9	39	116	27	4	51	32	6	100	33	27	52	11	112	74	19	64	97	71	69	3	36	9	89	64	71	74	42	20	58	78	12	59	71	24	42	60	
25	8	15	77	62	70	108	75	45	65	31	81	12	111	116	5	0	77	64	91	78	33	80	48	114	77	33	91	79	42	65	25	17	50	21	99	91	103	56	44	100	83	36	91	7	70	41	34	60	9	34	74	75	102	93	12	63	93	86	88	24	88	35	57	47	38	0	6	93	58	20	49	20	93	57	83	99	86	87	37	12	64	47	39	9	76	20	20	25	49	101	3	119	90	67	6	58	80	112	22	109	114	117	76	111	95	82	20	82	113	76	26	54	9	54	4	65	13	101	65	32	51	15	54	104	94	56	119	109	60	109	58	110	67	91	115	21	94	40	104	10	91	56	77	9	56	24	40	6	80	54	14	7	82	61	18	105	17	108	4	88	36	80	55	98	110	36	112	4	102	23	29	59	63	45	26	20	88	3	21	75	29	23	107	62	18	45	96	50	6	18	113	4	12	83	44	32	115	86	118	69	31	79	115	101	52	99	56	72	17	48	44	10	114	73	73	79	3	13	22	37	91	73	56	73	14	56	115	7	89	57	93	86	16	40	82	9	82	26	23	45	99	93	59	57	16	21	112	40	70	31	118	81	42	96	39	70	64	62	99	31	63	13	12	56	91	58	18	21	57	11	7	60	6	59	27	89	103	25	73	67	105	18	102	37	17	25	16	93	68	21	83	96	63	2	61	75	39	85	10	18	1	100	88	99	114	27	44	91	30	61	44	23	61	72	5	87	73	52	72	118	13	99	111	13	41	87	82	36	46	24	59	117	37	63	2	104	54	54	1	16	12	12	80	68	15	44	48	77	95	94	43	70	119	115	25	78	38	28	60	15	23	43	68	49	17	24	3	63	70	26	30	13	27	86	110	20	29	30	10	106	85	0	47	116	39	72	57	23	82	67	78	40	67	15	35	44	5	80	108	56	86	43	31	48	84	110	48	27	106	22	21	100	87	86	75	89	111	29	119	79	119	88	109	107	109	58	66	42	76	35	77	113	99	69	89	13	69	39	35	90	97	62	74	63	11	13	40	87	0	4	13	88	13	69	28	95	56	39	27	49	116	22	62	35	40	0	4	90	80	113	103	43	113	39	79	66	72	30	87	54	50	11	20	10	108	28	101	60	4	69	85	10	102	43	97	23	14	76	63	112	99	100	44	76	1	73	85	63	14	31	22	54	117	51	69	29	12	83	14	82	65	51	79	112	37	95	25	63	47	46	15	39	92	0	48	90	78	92	78	47	45	67	58	26	115	24	46	40	70	87	15	17	74	117	47	12	41	28	97	86	89	49	50	45	62	112	86	116	94	118	100	81	92	33	31	41	71	62	61	41	44	41	91	14	46	71	69	69	68	22	25	27	98	67	76	38	5	50	83	73	66	56	35	18	87	84	72	86	88	32	88	75	114	19	64	116	91	82	12	111	15	1	59	66	27	14	16	16	4	5	81	39	8	92	74	5	99	103	82	117	66	92	92	29	98	111	30	3	17	110	116	26	75	53	53	97	61	90	108	115	13	41	79	30	102	80	83	64	26	17	41	61	58	38	99	112	64	72	106	70	88	18	45	47	96	58	32	44	116	118	24	58	88	46	86	3	88	109	17	5	51	56	94	42	6	64	104	1	63	30	118	104	44	114	69	21	24	68	113	13	39	88	119	92	119	10	68	95	13	103	53	109	29	19	30	9	68	117	95	91	1	94	31	71	101	47	35	72	8	101	82	24	51	52	105	102	107	113	56	99	92	9	104	51	12	118	86	22	68	39	44	88	98	21	108	88	56	96	101	79	16	52	28	94	114	119	41	47	105	90	37	54	33	12	113	54	103	89	26	71	35	5	42	62	80	117	42	55	79	69	111	56	90	73	73	89	42	14	50	9	98	103	0	99	74	78	65	94	67	45	30	113	18	35	60	80	19	87	107	119	63	19	47	112	86	46	66	44	112	94	88	105	87	78	69	63	104	3	73	52	38	18	51	79	13	58	15	12	64	68	105	67	62	0	24	54	27	2	55	103	70	105	26	45	82	23	41	36	81	85	12	98	102	112	76	31	49	92	74	38	95	112	0	85	104	104	66	118	36	117	61	46	19	105	46	10	62	49	28	72	69	94	60	31	45	59	44	18	79	90	5	114	85	114	103	111	73	13	109	106	114	104	62	0	70	90	66	114	98	40	47	104	96	98	62	39	19	73	68	22	108	99	16	41	35	115	55	85	23	103	22	90	79	32	34	2	5	22	30	97	88	32	72	105	81	65	65	72	97	115	19	35	3	114	12	116	4	20	16	79	40	30	29	85	91	61	68	31	39	75	12	104	90	55	22	115	98	61	119	73	3	108	23	27	93	48	9	47	18	24	36	37	58	69	100	45	31	66	109	86	98	28	63	51	71	103	32	105	82	54	116	64	28	38	27	28	67	75	87	29	52	91	20	77	71	106	93	24	92	60	50	104	27	28	29	25	50	19	20	7	29	34	110	49	10	51	39	50	58	79	98	74	20	40	44	112	92	75	43	83	42	105	65	44	72	87	36	36	2	61	66	80	10	91	33	103	106	65	13	41	31	26	89	110	4	61	87	115	0	62	61	63	59	17	82	30	34	13	60	11	21	54	1	49	72	53	83	114	68	97	6	73	55	118	4	1	52	5	114	31	81	24	68	15	81	57	83	43	65	86	6	37	79	19	63	2	46	117	110	47	54	88	94	103	69	93	45	52	57	97	83	93	74	1	76	21	42	8	27	37	8	78	56	89	27	103	27	45	54	12	30	20	6	80	96	113	75	23	12	69	117	100	60	94	97	59	81	44	32	89	88	31	116	60	32	27	35	75	24	106	103	50	100	112	59	82	60	53	81	33	68	21	67	109	74	5	28	85	4	19	32	104	30	86	94	34	112	115	11	77	55	55	4	117	73	119	111	104	14	23	113	49	53	18	71	40	30	61	46	70	111	13	4	48	36	31	76	60	23	58	103	44	9	108	109	51	100	85	54	49	71	35	93	69	11	52	55	7	118	104	49	85	112	54	38	41	40	109	13	119	58	79	8	27	39	97	90	82	64	45	27	24	15	24	86	57	15	87	0	28	93	3	62	64	36	24	87	72	88	57	106	57	62	74	115	91	119	89	0	13	6	110	36	3	115	85	18	68	110	115	52	1	80	39	87	72	54	76	22	82	110	23	30	26	90	53	18	63	93	107	94	74	90	9	60	31	21	6	65	74	114	117	32	84	76	94	38	72	117	33	49	24	82	104	98	13	40	18	48	89	79	11	0	100	106	41	52	61	44	63	65	26	56	109	76	77	106	48	11	60	82	99	109	17	61	18	40	50	0	86	41	66	67	71	38	114	102	48	85	69	6	68	102	29	82	84	54	110	13	32	45	35	9	53	72	107	94	49	69	89	79	103	63	30	116	90	33	63	102	108	89	59	82	57	112	116	100	22	118	16	39	93	23	74	57	56	112	87	64	13	3	103	13	57	111	44	66	9	33	96	84	14	40	4	104	46	4	98	72	83	48	27	26	109	89	86	118	30	31	79	39	56	94	67	24	101	13	50	67	52	25	32	84	13	49	44	24	67	36	7	74	69	14	58	49	45	11	54	60	46	18	4	119	9	4	115	88	95	48	65	72	79	18	36	7	90	88	7	6	19	83	115	1	12	97	10	95	54	73	60	90	107	33	15	3	117	107	115	99	23	81	64	66	91	42	86	76	13	38	7	8	72	81	89	18	36	45	86	91	74	98	55	20	68	71	20	56	11	80	5	23	61	11	31	0	52	90	47	84	64	18	65	43	71	26	7	61	1	60	72	119	39	112	102	0	75	50	34	110	78	48	99	0	66	67	65	44	43	63	87	25	11	53	104	44	29	51	34	102	51	29	108	90	95	23	78	116	17	20	112	105	118	44	117	52	27	95	37	95	116	109	83	31	38	83	25	100	116	17	31	83	117	32	20	98	42	67	94	82	25	9	5	54	85	107	46	83	53	74	13	28	24	97	31	29	16	117	105	63	1	50	68	14	8	1	33	3	108	72	34	22	3	56	36	96	80	83	17	102	96	71	49	118	98	15	81	38	102	1	67	2	55	67	45	89	28	116	105	87	92	14	107	74	74	66	52	67	30	107	84	24	94	67	29	0	3	69	18	80	40	58	62	32	56	96	54	89	11	104	56	31	35	22	65	86	103	14	89	74	113	37	80	41	42	45	7	92	53	42	53	5	6	79	12	101	38	55	0	107	43	5	25	119	101	28	67	6	37	56	41	74	73	17	100	78	107	67	21	33	3	103	108	18	104	18	47	66	118	101	83	54	104	67	106	71	110	86	95	85	76	107	13	54	20	24	49	103	42	17	106	49	24	24	87	104	119	104	82	37	1	66	73	68	34	112	6	81	25	44	101	102	87	25	26	104	114	105	116	36	50	93	64	0	106	42	78	44	25	117	91	84	117	92	30	59	36	80	56	95	54	79	8	18	27	17	56	101	28	55	32	1	90	92	87	47	93	1	24	10	103	119	93	47	108	47	31	27	117	111	5	44	11	91	93	13	92	23	110	47	70	52	35	48	45	104	96	25	55	49	30	11	74	93	35	79	94	17	17	22	57	91	100	24	64	53	42	75	89	32	58	54	59	51	59	119	116	89	102	101	72	76	1	105	89	65	98	72	100	110	111	78	89	23	76	36	115	21	81	99	3	56	52	39	15	109	46	39	74	119	101	9	78	81	40	27	34	56	21	26	77	6	68	117	95	3	34	16	62	38	55	44	29	38	54	9	90	48	60	12	39	36	18	63	117	98	24	103	73	105	94	98	85	22	49	10	81	71	55	48	65	19	87	0	92	88	57	74	12	0	8	87	86	80	15	3	40	103	53	118	19	111	101	69	100	10	88	103	60	97	111	101	119	78	6	85	100	9	22	43	74	114	9	45	38	15	107	38	70	106	33	102	41	79	16	62	48	110	111	112	85	115	104	67	65	54	27	37	102	119	30	58	116	58	65	18	33	66	117	44	41	85	39	18	91	57	61	28	98	82	84	69	4	65	55	15	7	77	115	70	85	58	71	36	101	82	79	18	80	37	13	8	68	76	118	89	76	31	70	11	50	48	46	17	66	3	32	77	6	107	114	66	94	72	26	85	106	114	22	41	34	102	53	44	43	32	92	116	27	22	96	105	106	31	117	19	44	9	58	83	72	74	90	13	104	118	16	67	25	52	55	44	106	25	103	113	18	6	115	34	67	76	0	78	98	63	59	100	11	40	27	24	75	62	17	51	19	26	114	73	115	49	38	7	80	89	20	57	13	99	92	109	67	103	47	105	59	20	35	39	119	107	20	117	107	32	88	31	31	43	12	78	3	92	100	100	47	52	51	98	69	11	103	108	38	6	11	32	99	11	96	112	96	82	74	104	85	66	87	12	37	101	57	64	74	71	57	53	40	15	99	106	0	89	84	30	89	96	57	21	41	52	78	110	61	71	84	87	22	45	77	40	10	18	13	44	17	24	91	15	50	47	73	79	36	112	4	103	33	109	115	110	96	63	63	62	57	12	19	116	83	42	118	23	19	87	95	27	115	24	98	112	73	2	20	119	119	78	82	0	17	5	2	28	6	11	37	52	4	102	44	56	15	3	9	27	38	70	17	83	20	34	108	69	111	55	106	10	4	20	56	64	108	98	112	113	37	79	3	98	44	91	105	64	57	109	79	25	100	35	17	18	79	2	35	108	106	77	101	107	57	38	48	89	77	18	25	100	1	78	117	74	50	103	10	80	119	2	116	14	37	45	69	64	24	8	97	107	63	115	84	94	12	100	8	3	34	49	59	97	14	81	45	1	65	5	93	78	80	5	48	2	85	101	55	111	9	33	87	26	63	67	35	91	18	71	72	29	62	38	42	36	2	34	71	77	80	78	0	5	49	7	77	111	79	35	1	38	49	86	101	4	6	78	108	9	38	27	22	118	67	91	66	30	114	62	95	107	8	93	36	14	51	106	32	6	75	32	22	59	88	86	73	93	113	71	16	66	16	14	104	114	14	44	85	76	3	5	11	100	104	2	5	108	91	29	68	62	25	68	81	83	29	21	108	30	111	35	86	35	111	29	42	28	67	105	42	47	76	97	6	26	26	41	22	63	45	110	60	34	25	86	0	119	99	63	72	20	11	67	75	59	78	34	21	102	84	86	81	38	33	66	84	7	34	30	65	20	67	6	115	103	117	86	66	109	69	43	48	90	0	34	100	45	82	40	27	48	56	65	74	49	24	13	75	112	8	46	7	23	61	16	4	60	114	45	98	84	13	50	74	58	4	32	60	17	81	38	56	88	77	74	92	51	4	18	118	74	7	79	12	32	92	101	92	44	73	30	23	57	19	80	1	21	60	10	11	76	111	15	10	5	27	67	25	48	7	3	72	0	101	106	90	53	34	73	8	113	114	53	33	105	51	51	50	62	33	81	15	35	15	61	52	91	71	60	34	94	32	81	61	108	33	39	104	15	82	45	119	71	109	64	1	34	2	50	115	12	69	97	76	82	107	53	89	68	34	74	93	77	4	49	12	27	28	52	61	117	9	93	86	40	42	23	22	44	31	93	68	2	71	109	33	49	65	18	115	78	20	104	25	44	90	38	113	93	49	114	112	99	89	107	67	99	0	51	113	97	82	82	2	79	3	60	52	116	24	73	23	21	110	3	25	61	6	106	61	1	9	1	107	62	16	90	4	41	94	36	109	14	22	27	24	114	5	85	7	61	98	98	16	95	56	102	86	112	19	41	110	39	83	40	111	89	47	54	60	73	27	12	7	76	55	24	30	13	10	9	98	117	19	28	114	59	102	1	46	66	47	62	83	54	8	1	4	110	88	107	3	35	67	96	24	52	30	106	59	48	95	112	46	17	71	84	40	88	63	74	24	25	58	67	99	116	26	101	42	66	37	103	58	100	35	30	2	23	110	13	22	101	73	19	111	17	73	87	81	91	78	42	106	110	15	46	15	61	75	50	15	39	14	98	31	60	32	58	27	28	62	38	90	12	58	119	109	24	3	103	32	11	29	46	102	94	58	101	54	89	49	69	1	111	61	16	73	23	86	38	79	21	35	37	115	111	78	64	5	32	87	17	76	2	113	62	61	26	10	69	118	7	4	4	5	41	24	90	65	86	57	65	61	60	44	26	57	86	12	107	87	37	17	97	31	110	52	110	66	30	0	62	109	75	100	33	99	111	110	26	89	31	102	54	86	115	31	11	72	49	93	53	65	64	40	47	15	29	67	96	56	9	12	98	91	79	17	44	22	107	24	106	47	10	22	12	47	94	95	116	94	109	1	116	28	52	43	68	66	79	92	49	80	119	86	98	90	104	26	15	100	22	87	89	30	27	78	48	78	73	28	32	30	69	48	112	107	69	56	86	81	102	48	72	3	51	110	116	95	56	63	81	57	90	91	55	57	71	58	82	56	83	18	20	31	78	68	67	16	33	84	39	26	82	79	7	20	108	65	119	63	9	119	53	111	88	12	101	70	99	83	12	48	60	74	63	1	53	34	38	48	32	77	69	29	53	104	63	111	56	83	4	57	87	10	89	74	31	105	37	14	47	103	73	104	119	6	57	90	57	64	63	54	81	41	115	46	24	103	52	109	19	59	55	105	102	94	21	73	4	18	86	21	88	2	75	28	44	51	77	1	90	37	20	35	57	100	79	28	101	10	80	96	53	32	117	57	31	44	92	60	2	114	10	48	43	87	84	30	89	12	89	63	38	80	51	55	109	97	20	87	76	31	110	9	105	55	112	18	21	63	68	58	91	1	40	0	30	83	110	116	93	34	119	114	58	81	81	106	15	10	5	43	25	109	48	84	8	94	59	95	78	46	42	93	43	45	25	65	40	13	53	41	96	23	116	79	49	18	70	13	18	28	53	37	63	41	64	101	77	48	99	20	93	58	30	3	32	96	41	26	17	99	113	92	40	40	91	73	40	28	78	106	38	98	102	118	55	88	12	7	6	101	56	83	47	85	111	12	15	59	13	23	41	52	60	71	106	68	59	46	32	9	32	32	47	71	90	45	2	109	87	66	59	99	69	97	88	57	52	109	10	16	6	80	113	104	58	14	112	0	77	9	93	31	104	91	91	60	53	116	10	1	83	13	100	54	44	2	89	8	66	109	86	56	13	9	53	50	78	26	62	70	17	18	58	41	64	61	55	14	45	96	100	76	94	12	70	49	101	14	44	48	57	15	96	24	55	43	66	73	1	95	40	75	6	79	32	111	5	116	81	18	110	18	65	99	88	3	15	6	90	93	58	5	77	27	50	94	68	106	24	71	1	11	43	78	27	80	88	92	31	50	22	100	94	3	72	62	9	44	97	91	25	35	19	2	67	24	4	89	107	101	107	38	44	61	5	74	71	0	119	54	40	41	51	102	90	79	67	110	66	114	3	101	89	83	66	90	77	83	66	44	30	117	49	25	111	51	26	111	92	32	38	74	18	50	72	37	25	85	26	62	39	7	2	89	2	27	111	114	25	40	94	57	38	55	80	85	66	42	108	94	7	22	14	1	108	31	41	115	15	44	117	96	98	65	61	104	15	17	104	85	41	25	96	94	84	34	98	106	100	7	47	111	74	11	117	105	52	67	24	23	118	97	102	6	97	78	113	73	17	58	60	97	25	0	100	19	119	91	38	47	26	97	95	41	118	72	91	46	72	69	105	116	70	93	84	86	14	18	115	102	105	95	63	62	85	49	116	111	0	84	51	86	68	118	79	57	84	2	18	15	69	13	119	23	19	12	36	47	13	110	79	60	6	119	36	91	44	13	8	48	76	40	39	51	86	62	111	102	23	108	80	84	118	114	116	87	62	111	52	7	14	110	7	10	54	107	26	39	27	10	74	42	11	88	48	108	89	93	111	23	25	119	45	35	106	35	22	93	63	104	46	7	41	67	106	75	82	50	89	19	5	8	96	86	42	101	70	91	49	39	118	14	13	45	99	101	94	46	33	113	76	87	115	68	100	74	9	112	103	33	10	54	33	1	113	65	102	67	11	82	67	64	7	8	63	89	54	90	105	115	56	74	33	65	77	71	84	106	39	11	79	5	98	60	21	39	32	63	29	20	111	115	7	72	24	25	70	17	89	19	79	59	22	8	49	7	43	118	88	111	25	39	119	108	18	8	39	44	83	50	13	73	78	56	45	48	23	108	43	84	27	27	23	71	64	23	31	93	108	15	62	89	111	37	117	80	94	5	0	3	22	94	34	111	7	78	78	83	20	43	14	52	38	53	87	3	33	83	35	39	13	33	86	2	118	17	117	99	63	47	106	82	98	55	27	4	5	33	86	98	101	68	20	78	6	61	1	20	38	84	9	55	25	5	18	55	104	65	12	51	86	119	48	116	68	52	99	78	118	22	101	44	42	89	76	24	26	1	43	55	69	54	103	48	103	67	95	44	94	25	28	11	11	119	18	8	38	64	17	118	33	8	37	4	3	54	119	39	48	82	1	56	114	107	22	62	8	65	100	25	114	78	115	27	103	57	112	101	46	72	98	57	109	111	14	59	76	65	5	95	37	68	93	112	96	21	117	46	9	84	109	70	45	99	8	26	104	35	114	6	35	39	42	10	39	17	50	63	42	35	14	35	115	31	26	91	39	6	89	51	64	54	43	58	84	66	92	96	15	59	22	36	88	89	86	105	47	100	66	116	15	20	80	110	76	10	17	89	101	13	37	21	49	82	94	75	49	5	33	83	86	59	19	60	33	16	16	44	84	30	14	54	64	15	47	47	72	69	43	104	81	24	22	92	89	26	90	18	47	32	38	111	0	8	54	84	13	113	76	37	62	26	104	112	83	79	95	42	77	49	38	112	25	31	119	39	27	117	118	6	30	4	29	66	51	54	85	5	60	15	79	12	18	45	118	32	78	96	42	14	28	54	39	20	86	102	109	118	92	44	78	7	11	39	2	91	37	119	103	93	20	3	14	89	1	9	104	46	10	86	50	116	49	49	91	2	67	1	68	42	119	8	69	24	9	32	65	115	112	8	41	70	81	99	100	48	6	2	8	3	83	103	86	44	83	25	89	102	2	54	118	50	78	77	89	36	24	86	30	31	24	110	67	41	100	59	67	16	94	52	78	93	80	34	53	87	84	37	48	72	94	48	73	81	6	97	113	14	57	50	26	49	105	15	103	30	93	7	25	11	103	88	22	84	4	75	54	110	84	32	10	40	112	100	32	21	4	23	44	99	82	15	59	81	104	56	11	3	18	59	61	108	24	10	76	104	116	68	16	87	78	20	36	104	80	90	5	88	40	108	29	111	117	100	79	55	115	103	32	54	3	67	2	8	1	25	95	41	16	36	105	26	79	6	107	50	45	107	94	22	0	101	60	66	36	69	61	103	95	59	75	81	57	104	117	30	85	38	16	58	103	109	115	81	60	2	74	88	88	89	83	111	0	50	35	49	116	40	110	5	76	44	93	23	72	70	98	72	73	94	69	112	86	59	110	79	64	91	107	96	86	82	6	77	92	28	103	18	41	34	107	67	18	36	1	15	52	50	75	36	36	6	8	101	48	75	38	27	34	19	74	62	10	57	29	61	59	11	34	0	17	44	22	44	38	82	54	72	88	48	50	91	47	45	60	102	64	28	9	7	10	49	66	8	7	63	43	80	90	23	26	40	106	111	12	50	91	101	69	9	22	117	33	45	101	8	63	54	109	8	53	56	59	5	65	32	96	59	76	1	113	59	109	51	102	100	108	34	2	26	69	57	45	2	103	46	108	32	65	85	75	105	51	10	112	47	9	61	114	3	43	102	116	39	55	0	115	58	20	39	39	28	19	64	97	76	36	72	21	93	7	65	24	84	92	26	27	111	87	74	81	87	81	58	55	22	86	20	108	93	7	24	83	76	8	50	24	14	32	119	40	106	44	44	79	73	59	108	72	47	61	1	86	75	48	40	13	21	51	50	78	79	89	26	95	18	7	97	70	102	103	1	117	15	95	118	103	12	83	118	46	100	80	5	84	63	23	103	10	88	92	94	90	30	3	40	83	112	11	74	33	5	111	72	77	38	50	85	92	51	67	0	67	25	24	108	74	83	53	115	83	70	32	70	98	112	6	90	82	23	74	8	99	8	43	6	25	23	25	31	83	65	21	11	18	102	22	62	0	27	106	7	35	114	1	22	63	71	23	39	104	18	39	92	119	104	119	11	73	97	63	0	51	107	74	72	4	27	7	97	97	53	41	102	85	53	100	65	53	85	72	51	116	50	48	20	32	34	7	50	62	88	28	114	76	108	108	45	67	41	89	28	10	12	40	30	119	113	23	100	55	101	38	93	10	90	58	87	91	109	10	107	53	17	56	20	15	8	8	118	5	86	36	116	60	67	66	58	21	73	119	11	79	106	89	61	98	47	19	95	1	15	113	85	78	28	119	33	112	33	107	93	5	101	14	13	56	48	42	72	74	41	102	55	19	105	59	44	36	73	82	50	28	86	48	0	41	35	20	64	90	69	113	37	102	71	117	91	77	115	35	109	113	103	75	17	54	45	104	55	45	81	67	64	58	106	53	4	11	59	18	116	24	92	98	90	7	38	83	9	57	106	16	71	38	11	94	96	26	30	85	94	1	53	78	73	98	86	27	23	80	4	45	51	54	52	38	33	11	12	82	35	42	71	33	66	95	23	56	1	71	86	39	38	32	13	27	106	43	85	13	57	81	79	38	41	75	109	29	40	33	76	8	92	113	65	102	85	38	56	43	82	30	33	71	105	84	26	64	103	54	88	18	48	41	0	76	57	113	76	103	77	8	17	36	79	68	28	87	42	16	52	50	25	64	29	92	75	43	9	64	69	51	88	112	88	93	62	111	104	96	66	104	114	1	114	66	64	10	12	2	7	92	52	117	28	86	76	32	29	64	16	82	104	75	38	93	62	46	103	49	95	59	45	22	49	50	43	85	47	55	91	38	86	20	46	22	116	21	4	103	70	113	113	67	91	62	53	74	108	25	51	65	65	72	9	21	27	9	1	45	3	105	92	99	70	22	42	112	43	64	24	105	98	110	79	64	2	68	95	24	95	72	63	50	5	108	5	24	119	114	57	86	80	30	106	74	33	76	10	22	102	76	40	102	110	69	114	58	57	24	79	73	106	93	10	36	59	75	47	49	56	50	20	110	59	40	82	54	71	88	10	40	39	118	105	67	13	62	2	115	40	91	11	47	48	4	23	43	117	12	28	99	44	100	25	50	4	7	74	15	24	42	48	11	40	5	98	102	10	103	45	30	32	60	3	22	68	33	67	13	103	14	110	21	69	90	72	26	99	4	48	99	29	17	29	36	81	31	11	27	55	21	73	28	82	14	10	5	42	37	96	112	35	116	112	115	61	81	26	30	98	1	79	107	36	4	56	73	23	102	61	28	65	51	70	111	32	77	8	98	107	12	115	24	47	89	56	80	92	109	20	32	9	37	52	22	60	101	2	31	19	75	14	101	108	36	57	61	20	105	28	12	78	98	14	66	91	66	21	69	67	14	71	89	106	14	87	103	117	63	7	84	28	93	43	19	35	71	24	7	50	119	89	94	68	24	81	110	54	1	3	104	73	44	16	46	21	97	81	75	107	103	56	52	117	12	93	111	45	100	2	45	89	73	98	86	2	107	96	43	10	83	113	22	108	38	100	96	56	82	13	34	19	59	87	22	37	37	89	35	7	2	39	25	0	3	106	114	112	32	42	74	67	59	66	95	44	91	73	114	93	1	16	3	72	52	58	111	67	19	68	108	91	102	74	55	18	33	17	60	15	27	105	12	106	35	74	25	82	44	98	30	63	101	36	54	28	1	76	109	71	27	4	68	48	103	33	61	11	83	22	100	15	99	102	17	1	0	20	19	88	95	20	81	55	117	79	81	7	57	58	28	91	34	90	17	110	44	110	75	77	4	73	87	52	89	30	98	97	31	19	32	80	2	80	19	106	6	107	43	94	23	39	0	59	87	10	66	91	15	43	30	26	85	4	45	44	5	10	108	119	48	21	23	115	82	70	19	3	31	61	3	35	2	21	80	74	40	88	20	25	111	5	90	62	32	86	0	6	65	35	54	58	68	2	38	30	43	49	88	83	28	98	117	116	47	17	17	0	105	88	55	60	87	24	101	54	58	75	56	69	87	100	105	43	20	21	62	66	103	5	20	43	78	56	9	11	107	103	4	107	94	88	5	16	112	108	108	10	73	67	6	1	115	24	46	10	68	72	94	75	38	53	4	3	59	117	17	15	79	86	43	92	70	82	28	90	38	54	84	85	45	45	69	3	19	23	88	94	28	80	66	66	47	93	23	14	8	20	1	96	19	96	74	67	12	90	43	40	79	68	31	89	20	90	9	86	79	72	6	30	74	71	52	49	53	20	99	28	70	113	48	15	87	96	111	113	78	56	30	80	7	94	9	14	54	119	34	34	5	27	92	55	33	2	57	64	52	56	92	30	81	15	2	106	119	108	47	73	23	57	107	13	94	119	3	65	4	34	90	18	64	111	116	25	113	29	91	45	77	118	78	48	80	19	94	41	39	92	64	36	90	18	82	64	34	90	36	54	80	51	20	72	63	8	81	56	11	72	43	97	31	10	114	2	108	21	82	78	16	1	15	95	1	98	75	48	21	34	2	60	80	80	112	6	97	47	50	14	29	12	19	71	72	57	39	56	58	7	114	110	105	13	106	50	59	44	21	105	92	97	58	70	23	62	19	24	94	19	2	109	17	75	88	106	55	33	91	109	84	39	85	81	7	6	91	7	41	72	42	81	77	46	27	46	31	59	88	61	44	46	27	110	39	102	53	27	51	96	0	50	81	82	51	49	65	54	7	39	17	26	47	93	26	5	77	9	96	8	17	6	4	26	105	58	58	100	20	5	89	42	71	21	32	111	75	34	10	5	82	3	39	27	42	31	113	56	39	87	27	82	107	3	86	112	45	78	31	85	47	66	19	18	77	26	58	26	36	67	24	96	108	116	97	73	2	68	74	99	23	21	75	117	90	67	38	10	51	64	107	41	6	7	17	119	5	101	96	66	9	79	6	35	78	73	16	40	60	65	30	27	84	74	70	64	86	86	33	47	63	95	63	107	98	116	106	68	3	35	79	44	35	33	27	57	21	44	112	57	24	25	48	30	62	53	7	61	85	43	111	39	54	30	28	62	35	18	61	61	70	99	82	11	53	114	4	80	82	1	108	101	117	8	98	50	71	105	97	66	33	113	106	2	64	98	59	95	61	88	106	69	85	115	96	24	39	81	100	31	103	99	78	16	38	44	24	25	56	53	117	58	91	53	90	104	64	96	52	97	106	33	91	112	95	2	3	54	65	113	24	15	112	105	107	41	68	71	69	96	118	11	99	6	94	35	89	40	59	31	13	17	65	74	63	65	105	69	88	75	29	7	19	94	83	40	50	68	13	15	70	8	74	75	36	110	55	37	49	89	113	75	28	17	49	79	79	7	15	1	48	50	80	64	61	65	68	83	75	43	40	57	10	26	30	77	8	65	56	116	24	82	25	81	23	117	55	47	77	106	108	9	109	112	10	
14	17	15	11	14	10	6	18	20	7	19	9	5	1	20	6	13	1	8	10	15	20	10	9	6	3	15	4	4	1	7	17	17	16	1	15	7	14	3	11	4	3	18	14	17	14	7	7	2	6	11	17	12	9	19	16	1	3	8	6	17	19	19	18	10	16	17	19	5	20	7	5	6	19	2	2	2	4	12	9	20	18	12	17	6	19	4	19	15	8	1	2	4	9	4	5	13	1	3	4	20	19	5	12	1	20	11	10	6	2	8	9	4	18	4	20	5	10	13	19	14	2	2	4	18	13	1	6	11	6	7	20	8	15	9	18	6	16	8	17	8	7	13	3	6	9	9	7	7	11	1	12	4	5	18	18	6	5	1	10	12	16	2	10	16	18	8	9	9	17	11	14	4	14	19	13	17	9	19	11	1	1	7	14	18	8	7	1	20	10	5	15	17	14	3	8	13	14	16	14	2	7	6	12	4	17	15	1	9	15	6	4	17	15	5	4	1	17	9	18	19	16	3	5	20	6	8	16	12	20	1	3	12	10	3	19	14	2	7	9	18	1	14	14	14	11	5	4	14	18	12	3	19	7	2	20	15	7	7	20	15	10	11	5	7	14	1	19	16	4	4	6	4	4	15	5	15	16	13	13	11	9	12	1	4	19	10	8	16	12	6	6	3	9	6	4	3	15	15	19	4	2	14	5	11	20	17	6	18	2	14	6	2	3	2	12	16	3	11	19	18	15	12	1	18	15	12	14	5	6	6	8	19	7	18	6	2	9	6	12	19	7	17	12	6	7	1	5	13	18	8	8	8	1	18	16	6	17	19	9	1	15	14	5	9	4	8	15	1	8	8	5	5	12	20	9	4	13	11	12	19	2	3	18	16	15	14	2	4	13	4	7	17	18	3	19	14	18	7	15	18	2	2	8	13	4	17	11	19	16	20	8	19	19	5	18	13	15	8	20	10	7	3	20	7	3	19	11	13	1	4	9	14	20	7	13	1	20	19	2	20	7	6	10	5	17	16	14	15	11	16	15	13	3	19	1	7	16	11	11	1	2	17	16	14	15	9	6	10	6	5	6	10	19	1	16	15	8	19	11	14	5	12	10	1	11	12	16	3	11	5	8	2	11	11	3	8	19	20	16	8	13	17	3	17	12	2	20	19	4	12	17	14	19	9	3	1	16	2	11	4	19	16	18	15	1	17	12	19	3	3	13	1	5	10	7	20	16	15	18	3	1	8	5	20	9	13	1	12	2	5	5	3	16	2	7	15	4	12	12	10	12	18	11	13	7	12	20	8	19	19	2	9	20	20	10	9	1	1	10	16	14	17	6	9	16	19	12	7	8	11	20	19	14	15	19	4	17	14	19	1	13	19	5	7	6	14	9	9	15	16	12	2	11	3	12	20	17	18	5	19	8	8	5	9	2	17	20	15	9	14	7	14	8	20	9	10	13	1	20	9	1	17	7	12	5	1	3	20	6	6	11	9	1	13	15	17	19	20	6	12	1	15	9	4	12	3	6	14	5	13	1	16	13	15	12	15	6	13	3	13	1	12	2	7	10	16	10	3	14	8	11	4	4	1	6	4	13	14	5	12	11	14	11	7	15	14	15	2	12	1	7	15	14	2	4	1	4	1	13	15	6	12	15	14	2	14	15	4	1	14	10	12	15	16	5	13	11	2	7	9	12	15	4	5	11	15	7	14	12	5	10	2	16	11	14	5	6	9	1	13	14	7	13	16	8	8	3	14	6	5	7	2	7	8	7	2	9	13	9	4	7	1	12	13	4	9	13	12	14	14	10	6	10	5	11	1	13	4	10	3	13	14	16	14	1	10	7	15	12	2	2	14	13	7	10	3	8	9	1	3	11	16	8	5	14	10	7	14	11	11	1	14	1	6	1	4	10	4	6	12	4	6	11	11	9	12	11	10	15	14	10	15	1	15	13	2	6	16	13	14	15	5	9	5	10	8	16	14	3	2	16	12	1	5	4	1	6	6	2	11	9	6	13	15	10	10	4	12	6	11	10	1	5	12	2	1	10	13	1	12	12	12	9	6	10	9	15	4	7	4	14	9	10	16	9	16	7	4	10	1	9	15	2	6	5	8	3	4	7	12	1	3	6	8	4	11	16	7	6	8	2	12	14	3	1	5	11	15	8	7	4	11	13	12	16	16	9	15	11	9	14	4	4	2	11	1	2	9	3	9	14	10	9	10	6	5	11	9	1	12	4	9	13	1	14	7	8	9	9	16	8	8	15	16	8	13	2	10	16	13	16	7	11	7	1	10	15	1	2	4	12	9	2	4	5	10	8	8	5	9	11	9	2	10	14	2	14	16	4	15	4	16	10	13	7	1	14	10	14	9	10	7	14	3	11	12	12	1	2	4	2	5	8	16	10	16	15	4	6	8	8	15	16	15	1	10	9	13	2	5	14	1	2	1	4	9	14	5	6	8	1	13	7	11	12	13	2	9	5	3	15	7	10	9	8	16	2	7	5	10	14	6	5	4	4	3	12	10	11	13	2	10	9	15	6	5	1	6	8	4	14	15	9	6	5	9	14	8	6	15	9	4	1	6	3	6	5	16	14	11	4	6	7	4	2	13	16	10	7	8	7	16	12	13	11	8	8	16	8	4	2	6	6	13	15	13	6	6	13	8	3	2	10	15	12	4	6	15	12	8	3	7	8	6	9	4	2	5	13	3	2	1	16	2	4	10	8	14	5	5	11	3	8	1	13	12	14	4	7	9	16	7	6	6	5	4	3	5	10	2	1	8	15	7	3	14	8	3	1	12	1	7	11	11	15	10	4	13	12	7	15	15	5	6	5	16	12	1	5	15	15	13	3	4	3	12	16	13	1	9	10	11	4	10	5	3	14	1	7	1	3	8	9	11	12	7	3	2	8	7	3	6	16	2	14	5	10	9	14	5	9	8	15	10	2	1	2	15	8	8	1	16	14	1	13	7	16	5	14	3	1	8	8	10	4	1	13	6	4	6	14	9	4	14	7	5	14	10	14	11	16	9	8	1	6	15	9	7	15	3	5	11	7	14	3	4	14	16	7	15	13	15	6	8	15	13	5	13	6	12	7	6	9	14	13	14	4	8	3	13	4	1	7	3	6	1	12	7	13	11	3	6	6	3	4	10	11	16	8	8	14	16	8	6	5	3	11	7	15	4	12	7	14	1	1	15	10	13	3	14	1	5	2	9	9	16	9	11	10	15	13	6	10	7	8	16	13	1	8	13	5	14	15	7	16	11	6	13	8	12	5	3	9	7	15	16	9	14	4	5	1	1	6	10	13	1	6	3	12	16	6	16	14	10	6	13	9	5	15	10	5	3	11	8	11	9	14	3	7	16	12	12	16	5	13	4	3	6	12	13	11	11	3	3	2	14	16	5	8	1	6	8	9	2	1	8	7	6	15	6	16	15	2	8	13	3	5	2	12	10	9	16	2	4	3	12	1	4	7	10	16	9	15	10	4	8	10	1	1	4	11	14	11	8	15	6	11	15	12	4	5	13	1	8	14	7	5	11	3	10	15	14	4	2	6	2	12	9	14	13	11	3	3	9	9	4	4	3	10	2	9	16	2	3	3	6	10	3	13	16	4	13	6	14	12	13	8	1	12	7	15	16	2	5	2	6	8	6	4	8	14	12	12	1	12	8	11	15	2	8	13	8	16	1	1	6	1	15	13	5	7	13	11	2	11	13	1	13	9	5	3	8	14	3	4	10	16	9	14	11	4	12	13	4	2	2	4	9	16	16	6	14	12	13	3	9	11	12	6	4	15	9	10	7	1	10	8	9	14	15	8	7	16	5	16	9	9	10	13	1	9	12	15	7	16	9	12	3	9	1	1	2	3	4	14	12	1	3	2	4	4	3	1	12	12	10	7	14	3	9	12	6	8	12	1	3	1	11	6	12	10	6	5	2	15	2	1	5	5	14	15	5	12	14	15	13	7	7	7	9	3	16	1	11	9	16	7	14	12	7	16	2	12	3	8	6	14	7	14	9	6	9	1	7	10	12	8	10	6	6	7	8	1	12	3	8	6	10	11	4	7	6	15	4	6	9	16	3	10	5	6	11	13	1	4	6	9	6	2	1	11	8	3	13	4	8	1	4	9	15	15	14	3	3	16	7	14	12	2	6	1	15	3	7	9	13	11	9	14	6	12	4	4	11	11	10	1	4	4	12	3	13	7	14	12	12	2	1	2	11	6	3	1	12	7	6	1	15	2	2	9	3	8	15	11	3	13	4	4	10	14	11	13	5	5	5	10	8	3	4	5	13	14	6	14	15	16	7	9	13	8	15	2	4	7	6	14	1	16	2	4	6	13	14	12	12	2	4	1	16	9	13	8	2	12	14	12	1	5	6	10	10	13	9	2	14	2	12	8	4	2	13	13	14	9	8	4	8	7	6	3	16	15	10	12	14	8	14	16	13	15	6	12	4	13	12	4	14	10	1	11	6	7	9	2	4	16	6	12	14	6	14	3	4	9	11	10	8	15	10	3	5	12	12	6	12	2	14	9	2	13	15	11	5	6	6	10	7	2	11	16	5	2	6	3	7	5	6	12	2	14	4	15	9	14	1	14	15	3	14	7	12	14	8	10	11	4	2	15	13	15	5	2	5	16	1	3	11	16	1	12	5	11	10	2	11	10	2	2	14	8	4	14	14	9	6	1	8	9	3	16	3	5	16	13	7	5	11	4	11	14	7	4	16	6	8	2	9	1	8	1	5	7	3	14	6	12	14	5	15	7	4	2	15	3	3	1	9	11	16	16	6	14	15	8	1	16	5	1	15	1	16	15	11	13	3	2	4	13	1	6	1	1	8	1	6	15	3	7	5	4	6	6	1	15	4	11	4	14	9	8	7	7	6	6	8	12	16	7	6	4	14	13	9	13	2	9	10	7	12	12	8	13	2	11	3	16	5	13	8	16	2	1	15	7	11	4	3	6	6	8	11	8	15	7	1	13	1	6	8	10	14	14	6	4	14	15	5	9	3	15	11	5	9	14	9	15	8	15	3	16	16	7	1	5	14	3	12	6	7	4	14	4	7	3	10	2	4	7	7	9	14	12	14	13	12	13	2	3	5	2	12	11	1	5	16	9	4	1	12	2	7	9	11	15	5	2	4	2	1	1	3	1	5	8	8	16	15	11	2	16	13	5	12	11	8	13	3	3	14	6	3	2	8	3	2	2	12	6	11	5	2	7	9	1	4	14	7	3	16	10	11	11	16	12	3	8	16	16	8	4	7	14	11	4	14	13	12	10	2	11	1	9	6	10	11	5	7	1	5	14	3	10	9	8	9	14	10	14	3	14	15	6	12	5	14	12	4	4	1	14	10	10	1	15	12	13	8	12	7	2	15	4	12	2	4	3	4	2	16	3	4	10	10	10	7	6	7	7	9	14	3	5	3	1	11	16	5	4	8	11	10	4	10	2	10	2	15	2	11	2	4	12	10	6	13	1	15	4	8	14	10	2	16	5	15	16	3	10	10	12	12	16	8	9	13	8	13	5	10	10	11	13	8	4	8	8	4	15	8	7	10	3	4	16	8	4	3	12	3	1	10	2	6	16	1	5	11	14	3	10	12	6	15	16	9	12	16	2	12	13	8	4	6	8	10	6	10	10	8	2	2	4	9	11	11	6	9	15	3	10	10	1	12	13	11	9	15	11	9	14	4	8	16	2	9	10	9	7	8	12	10	7	2	10	2	16	3	5	9	10	13	11	13	15	15	16	7	13	2	1	15	2	13	13	7	4	13	6	16	2	7	14	2	15	1	5	7	8	2	8	5	10	5	4	8	8	10	2	10	8	12	12	15	10	12	3	10	14	1	14	10	14	16	1	10	7	13	5	3	13	14	8	16	6	5	15	5	1	8	2	8	13	8	8	14	3	12	16	16	4	16	15	11	2	8	15	13	9	1	2	3	14	15	2	12	13	9	11	8	15	13	1	12	11	15	14	13	16	3	4	5	9	15	5	4	8	11	5	3	15	14	6	4	4	13	3	4	2	16	7	9	4	9	16	16	2	1	7	7	4	4	12	13	6	5	12	5	5	14	15	1	14	5	13	6	14	5	14	7	6	2	13	7	15	2	12	4	1	15	1	16	6	9	6	11	2	10	4	7	1	10	15	10	5	13	16	9	2	15	15	6	4	16	3	16	2	10	7	16	9	8	1	11	2	14	9	12	1	9	12	14	5	10	16	6	13	4	9	1	2	8	5	15	14	16	9	4	2	2	1	10	13	2	10	1	11	5	7	4	15	9	2	15	9	9	16	14	10	13	2	3	1	1	9	11	14	1	11	12	1	1	12	8	11	2	10	14	6	2	14	1	11	12	13	14	14	4	3	4	12	2	6	11	3	8	3	2	4	11	6	1	4	11	10	12	14	5	15	10	13	13	3	3	15	13	15	7	2	14	1	14	13	2	5	5	5	1	1	1	7	8	14	13	7	10	8	6	2	12	8	5	9	14	12	6	9	12	3	1	13	16	3	12	6	16	8	4	9	2	1	6	15	13	6	3	16	15	11	8	10	10	14	15	12	14	16	6	8	15	13	4	2	11	16	8	16	2	4	7	5	8	4	14	15	9	2	13	11	3	11	2	3	15	6	12	3	12	15	8	5	10	16	13	5	7	13	16	1	13	14	15	5	3	8	11	2	9	8	14	13	6	13	2	11	5	4	14	5	14	13	9	2	6	12	4	2	2	5	7	3	13	15	3	1	5	7	1	16	14	1	14	10	16	1	3	12	14	2	10	13	2	12	1	14	11	12	2	11	9	9	14	8	1	9	12	9	4	9	6	6	3	8	10	16	4	6	10	2	1	5	7	13	9	3	6	16	7	6	5	8	2	16	7	4	3	10	8	9	7	6	7	9	2	1	15	12	5	5	3	14	16	3	13	15	15	2	11	10	14	14	1	3	12	5	2	12	1	7	10	1	3	8	10	10	4	4	4	16	1	16	10	13	1	6	5	15	12	15	15	16	2	5	14	1	16	3	9	12	5	11	7	14	6	7	8	5	14	11	13	5	7	14	11	11	16	6	14	3	10	6	8	5	7	6	4	15	9	9	6	2	5	15	14	1	11	9	5	13	5	8	12	5	8	6	12	15	7	14	1	6	1	9	7	14	7	15	10	11	5	3	3	8	5	9	13	1	12	10	6	9	7	15	1	11	1	2	8	16	9	2	14	10	12	15	15	14	15	10	4	1	6	7	6	9	5	12	6	8	8	11	3	10	12	8	15	12	8	6	10	16	9	3	7	14	12	3	9	16	11	4	8	6	16	6	1	7	6	4	2	8	14	5	9	1	10	2	14	9	14	9	10	7	16	9	7	7	8	2	3	10	10	4	9	8	4	16	7	9	2	4	14	7	2	10	13	15	10	7	6	13	9	5	9	6	5	4	11	9	12	3	10	14	16	16	8	2	7	9	8	11	2	7	13	16	11	12	12	8	13	6	8	5	10	12	14	3	9	8	7	13	15	4	1	5	16	6	15	16	13	14	16	7	13	15	14	9	3	16	11	9	5	16	16	5	12	6	1	12	11	16	4	14	6	2	16	2	10	14	13	12	2	6	10	6	9	14	8	6	9	13	3	14	4	6	12	8	16	3	12	14	8	11	13	8	8	5	4	3	4	2	14	5	1	3	1	7	11	9	6	8	3	4	5	5	5	8	13	7	14	15	4	9	10	14	10	1	12	13	3	3	4	9	14	13	5	14	11	13	7	14	11	16	1	3	14	16	4	11	6	12	2	2	10	7	5	9	1	10	6	15	12	10	13	15	2	11	7	2	3	15	15	15	12	7	5	8	6	1	4	5	3	6	1	3	9	16	8	14	16	8	15	16	11	6	12	6	7	5	6	9	12	5	10	16	3	15	7	7	2	1	12	6	2	5	9	16	2	3	5	3	5	1	9	15	2	6	1	13	15	11	7	5	14	13	7	14	13	2	15	14	14	13	14	11	12	1	1	1	5	10	1	5	3	13	3	16	6	14	2	13	4	8	13	8	1	4	3	12	7	3	7	7	13	11	4	13	2	9	2	2	11	1	8	14	7	7	9	16	15	4	12	15	8	10	13	10	1	10	6	6	4	1	10	7	10	16	16	3	2	15	14	1	6	7	1	8	16	14	9	7	9	1	10	12	3	6	14	14	11	9	12	6	9	16	16	1	5	9	10	12	14	3	10	14	12	12	10	15	1	16	6	14	15	2	7	7	1	12	12	3	13	7	8	5	1	15	13	4	12	6	12	3	10	2	1	2	11	7	5	9	7	6	4	6	14	2	10	2	14	15	15	4	16	10	3	15	2	14	14	5	3	12	2	8	12	10	7	11	16	8	14	5	4	7	2	11	10	5	14	12	12	10	5	16	7	15	11	1	4	10	14	3	7	2	2	4	4	10	2	11	3	2	4	6	9	5	6	16	2	16	10	10	16	13	10	2	10	11	16	4	4	7	16	5	15	4	8	6	2	9	8	8	11	10	13	12	1	1	5	10	15	12	9	3	8	12	2	15	16	15	1	13	4	15	7	12	8	2	15	3	12	3	7	13	1	4	9	3	10	11	1	6	16	5	6	7	11	4	16	6	14	12	4	2	1	13	5	3	9	3	14	4	6	7	13	11	14	6	15	2	13	14	16	2	9	3	9	1	9	4	4	12	10	9	9	16	9	7	14	3	16	6	4	7	14	9	8	16	10	2	9	2	5	2	4	12	5	16	2	6	6	7	15	16	10	15	14	10	13	5	13	11	13	1	13	15	9	5	15	7	9	11	7	8	8	4	11	13	7	10	7	14	7	13	5	2	7	5	13	14	9	11	1	3	3	8	5	12	10	8	6	14	10	6	5	10	7	16	9	16	2	8	15	14	6	14	16	10	4	14	5	9	1	2	8	6	14	3	16	13	1	5	15	10	5	6	9	14	9	7	6	6	16	8	2	5	13	3	4	8	5	14	7	16	7	8	8	5	10	1	13	11	4	12	3	9	1	13	6	1	7	10	12	6	15	9	6	2	6	16	13	6	11	8	7	7	14	1	8	8	9	7	9	10	11	5	16	4	15	1	5	13	12	11	9	3	2	5	9	8	5	1	14	13	1	2	8	14	4	9	11	7	2	9	8	10	14	10	7	8	15	16	4	9	3	6	15	4	5	10	7	10	1	9	11	6	14	12	2	12	13	1	7	10	5	12	2	5	12	4	4	10	11	8	16	6	9	8	1	13	3	1	2	11	15	3	11	15	1	1	7	13	14	13	4	11	9	8	10	10	3	14	7	5	1	4	7	13	14	5	1	14	14	4	7	10	13	8	11	15	7	7	12	2	14	16	5	2	3	10	4	16	11	6	8	3	2	9	10	13	1	8	12	12	13	12	10	3	16	8	7	11	15	14	1	10	12	16	7	15	2	16	3	15	9	5	6	2	8	5	15	10	14	13	5	2	7	6	10	14	9	8	12	4	5	4	8	12	13	4	16	8	10	4	7	12	16	11	4	7	2	11	2	15	8	7	6	12	14	8	2	14	8	15	16	13	3	2	4	3	13	13	15	3	13	8	1	15	4	5	10	10	3	2	11	8	6	5	8	6	3	5	15	1	8	9	2	11	11	4	8	9	3	10	13	10	4	9	9	11	3	7	12	1	13	14	3	9	10	10	13	14	4	9	5	13	9	11	7	9	15	7	14	9	1	9	1	6	15	12	8	15	14	14	1	12	9	6	8	1	6	9	6	8	12	3	14	1	2	2	13	13	12	16	3	11	1	5	11	4	3	1	10	7	13	12	12	13	9	5	11	1	11	16	10	3	9	4	15	8	7	13	2	13	11	3	10	9	9	12	12	13	13	16	1	10	6	1	6	2	1	15	12	10	12	16	6	12	13	7	9	11	7	1	9	7	13	3	6	11	4	10	16	15	12	2	2	5	16	7	12	2	6	11	12	2	6	10	15	12	6	12	13	1	3	14	10	3	11	14	10	16	13	13	8	4	16	4	6	7	6	13	11	12	4	6	9	15	16	13	1	9	14	5	5	9	13	11	13	11	12	4	12	4	5	12	6	8	16	12	13	12	2	5	9	12	1	4	1	9	1	16	12	7	3	7	11	10	15	15	12	13	12	7	15	9	9	8	15	15	1	5	6	11	3	2	13	3	3	15	14	13	2	1	16	14	9	10	5	14	4	10	1	4	13	9	1	2	14	3	12	11	3	14	12	7	9	5	10	6	15	1	2	5	5	14	2	9	9	3	16	13	8	6	9	11	15	8	6	11	16	1	14	1	8	7	3	15	2	10	7	1	10	6	14	11	6	16	11	4	15	15	10	12	6	15	12	9	5	14	11	13	13	12	14	8	11	3	13	6	8	5	2	11	9	12	16	5	9	4	10	12	16	14	15	10	3	8	12	15	15	8	10	2	10	10	7	1	12	6	9	14	15	5	10	9	13	12	15	13	12	8	5	9	14	16	14	1	12	14	15	13	1	15	12	7	12	10	1	3	4	3	12	15	9	13	12	14	10	6	4	7	7	16	11	2	1	5	6	7	5	1	1	11	11	2	4	4	16	13	7	5	13	14	6	7	10	1	15	2	3	14	5	9	12	15	10	15	9	2	6	9	14	4	4	7	15	8	11	12	10	4	11	3	6	10	9	8	9	4	13	6	4	6	3	2	11	14	1	8	6	4	1	5	13	9	16	11	15	1	16	14	4	6	13	10	12	8	13	9	14	1	8	16	6	6	11	16	2	5	7	14	1	3	12	15	3	11	12	6	14	10	15	15	11	6	16	4	10	12	10	12	2	12	14	9	6	1	8	1	1	8	16	4	5	16	13	1	7	11	16	4	9	3	9	4	16	9	14	4	9	6	15	2	14	5	11	10	7	9	13	1	2	15	2	1	11	5	1	11	13	3	14	4	10	12	6	8	6	13	3	8	16	9	5	3	8	16	6	9	3	5	15	14	16	9	4	6	16	1	11	13	10	8	1	13	11	8	7	16	10	16	5	4	9	16	5	13	5	4	2	15	13	1	13	9	10	12	6	15	8	3	1	8	16	1	12	10	7	16	16	2	6	15	12	5	4	6	14	8	2	2	16	12	14	15	9	13	14	12	11	5	1	2	9	4	15	5	7	12	1	6	14	4	10	2	11	2	1	8	6	16	9	9	10	14	3	16	13	2	4	8	16	7	13	7	4	12	4	2	2	1	4	12	12	4	16	4	10	6	10	10	14	1	14	8	3	14	10	7	16	10	14	9	9	13	14	15	13	16	14	11	11	15	7	14	3	5	4	15	10	16	12	7	13	14	3	9	9	13	10	13	16	9	13	8	2	3	10	6	6	15	15	15	3	1	15	9	6	7	11	10	15	5	6	1	13	10	15	11	11	3	3	3	10	2	7	8	4	1	8	15	12	6	5	16	2	16	11	13	1	7	14	3	5	11	2	6	1	13	11	10	5	15	14	4	7	4	14	8	13	12	1	6	2	1	15	14	16	12	1	10	11	13	16	1	10	13	15	4	14	7	1	13	13	10	5	15	2	13	3	13	10	11	14	7	7	1	7	3	14	5	5	7	15	15	12	5	13	13	9	11	15	6	5	4	3	6	3	6	1	14	15	1	1	3	8	9	4	1	10	6	4	11	14	16	8	6	13	5	8	7	13	8	7	4	10	2	5	12	4	5	2	13	8	7	16	1	13	7	2	13	16	2	16	14	9	8	16	11	14	6	9	4	8	12	15	6	8	12	10	6	13	5	4	4	12	14	3	16	4	14	11	9	4	12	12	14	6	7	11	14	11	7	2	13	9	5	9	12	10	16	14	13	6	1	2	13	12	2	14	3	12	3	1	8	16	12	11	6	8	10	14	1	4	5	12	14	13	15	10	16	8	1	1	16	14	11	1	11	4	6	12	12	13	14	16	1	9	10	1	10	4	12	14	16	5	5	2	15	1	12	9	10	15	14	12	4	7	13	11	6	12	12	10	9	8	16	16	16	16	11	8	11	14	9	2	3	10	14	7	1	14	6	16	15	11	5	8	8	12	6	13	12	12	15	15	9	10	1	14	14	2	7	13	3	4	12	6	4	13	11	13	7	2	14	7	11	16	1	4	10	5	2	5	14	14	12	11	9	3	14	10	9	14	15	11	3	2	12	7	8	12	16	7	7	5	7	10	2	7	10	14	1	6	11	6	10	13	7	9	11	11	7	11	2	6	13	4	4	6	14	6	2	9	7	1	3	10	15	10	7	9	9	10	16	5	9	14	7	3	3	5	10	6	13	8	5	11	16	6	12	5	6	11	9	9	2	1	16	5	15	6	10	6	4	13	14	16	5	5	7	15	16	7	9	11	15	6	14	2	9	14	3	11	13	13	12	4	6	3	11	4	8	14	4	4	8	13	14	10	6	7	4	6	5	16	14	10	2	6	1	9	10	8	15	3	10	12	2	7	11	16	16	8	2	7	4	14	5	12	5	15	6	16	6	14	10	4	15	12	14	3	9	2	1	10	1	7	2	10	4	5	10	16	15	2	8	11	8	15	4	10	8	2	12	3	10	13	2	3	3	2	7	1	8	14	1	3	15	14	3	10	9	10	14	6	3	11	14	16	11	12	5	14	2	12	16	12	6	3	1	2	6	3	13	2	2	5	14	15	2	4	5	14	10	4	1	1	7	5	12	5	12	7	8	1	14	4	12	9	6	11	10	1	1	16	8	11	2	2	3	11	11	6	10	15	5	7	8	12	6	6	15	13	5	6	11	11	13	2	1	11	15	11	11	13	15	5	14	14	16	5	6	13	4	9	4	13	15	11	3	12	7	1	10	11	15	13	10	4	6	4	15	14	6	12	15	9	14	15	10	5	5	14	8	14	12	4	6	11	4	9	8	4	8	9	3	14	3	13	15	15	11	12	9	9	2	4	13	7	1	14	10	10	3	5	1	7	10	12	14	13	4	5	11	9	12	6	16	9	9	1	16	11	16	5	9	11	7	9	8	10	7	11	15	16	9	1	4	3	11	4	14	7	4	4	3	12	11	9	2	4	12	3	10	8	15	11	12	7	5	6	6	4	11	12	16	15	6	12	5	14	3	11	15	13	3	9	16	4	11	6	14	15	10	5	16	2	11	14	1	11	10	7	11	16	7	9	12	11	8	9	9	13	7	15	13	7	12	15	7	14	13	10	5	14	13	9	1	10	14	13	14	11	14	14	3	10	16	4	12	16	5	6	11	10	15	13	3	11	12	9	8	13	4	16	8	5	4	5	16	1	13	12	10	4	12	7	13	2	12	1	2	5	15	4	3	5	2	11	1	7	6	1	9	12	7	8	6	16	4	15	7	5	1	6	7	12	8	4	14	8	1	7	6	9	15	5	14	4	5	14	15	11	10	12	7	3	5	3	15	5	4	5	16	15	6	5	8	1	6	12	16	13	3	14	15	1	11	11	11	16	12	9	6	4	16	7	8	5	5	10	6	11	12	13	2	8	2	14	4	2	5	14	1	10	12	6	12	15	5	14	16	13	3	11	13	14	3	15	12	2	9	3	6	5	9	6	10	2	1	7	3	2	2	6	2	6	15	3	1	14	15	8	1	1	8	9	8	9	15	15	8	8	1	15	5	7	4	10	4	3	10	6	15	2	12	12	4	1	9	11	12	12	4	14	5	12	14	3	6	15	7	7	13	16	3	2	6	14	16	10	12	12	14	1	2	16	16	14	6	8	14	6	10	8	10	11	10	10	9	2	8	8	5	16	15	7	2	15	7	8	12	11	5	13	9	16	16	5	14	16	9	1	4	1	3	3	3	13	14	15	6	1	3	1	14	9	9	16	4	1	12	3	16	5	7	8	8	1	9	5	13	16	1	8	7	16	8	2	5	13	16	12	15	11	1	1	1	7	1	11	8	10	14	3	1	13	3	10	3	16	16	14	1	9	15	11	9	5	1	7	4	5	12	5	4	5	13	10	1	16	11	11	13	9	5	15	4	5	10	16	9	1	11	13	12	3	5	1	11	13	15	14	12	2	12	12	10	2	6	6	1	10	16	5	3	10	7	5	5	2	13	7	14	15	3	14	6	2	2	9	14	10	6	13	1	16	7	8	12	16	10	5	16	2	10	12	2	10	5	1	7	9	4	1	11	6	15	1	12	10	16	15	10	14	9	1	5	7	2	4	3	15	15	5	3	8	13	12	15	1	10	3	15	4	14	14	8	15	15	4	2	13	4	2	1	4	14	10	10	13	1	12	14	1	9	11	2	9	12	9	12	12	11	11	7	14	10	16	8	4	10	10	12	16	1	9	10	1	6	12	3	1	16	9	7	1	6	7	10	11	4	4	7	15	11	7	9	10	1	10	1	5	4	13	2	1	7	2	1	6	15	2	3	15	5	5	10	8	9	13	6	4	13	14	3	1	8	12	6	3	13	8	10	2	5	14	13	10	3	11	8	15	6	6	13	12	8	13	10	8	9	2	3	10	3	3	5	1	11	5	10	15	11	14	3	4	14	8	8	8	11	12	1	11	14	12	7	3	2	12	3	
580	350	350	380	360	240	800	560	830	920	390	510	960	990	400	480	120	200	630	620	500	980	280	550	460	380	810	520	790	450	950	350	890	1000	370	110	610	400	850	540	730	460	390	350	530	820	910	570	880	160	510	320	160	610	960	260	210	240	410	150	300	820	790	810	500	920	190	920	130	880	570	850	120	780	130	430	920	440	750	820	490	460	630	470	360	330	870	840	450	130	710	1000	290	670	140	160	770	850	340	480	690	940	410	870	920	380	260	810	440	970	590	970	760	750	820	320	520	170	540	560	420	640	200	950	990	510	230	970	1000	440	120	1000	720	920	240	980	840	470	770	810	520	670	170	610	480	430	500	720	730	970	160	840	790	440	960	640	640	430	320	170	720	550	130	540	950	850	290	200	740	390	790	690	750	480	720	800	370	600	720	620	130	520	700	320	300	120	400	310	460	650	440	970	730	240	590	500	560	630	400	580	920	420	570	570	340	630	420	910	460	340	630	200	820	920	520	250	220	910	440	980	650	240	740	750	1000	550	830	990	480	230	810	390	490	550	940	620	150	170	430	870	950	680	320	390	940	350	590	490	430	880	310	910	260	240	470	580	830	550	930	430	760	860	610	710	500	920	320	100	560	240	810	940	970	860	870	380	610	670	100	390	300	320	190	290	490	890	610	410	240	460	970	600	780	600	870	670	220	760	690	790	530	980	740	230	710	120	440	350	940	380	690	770	540	920	210	180	480	720	580	670	660	590	640	830	400	880	250	320	530	890	440	130	440	730	370	690	350	650	340	220	900	430	770	620	720	860	510	790	640	920	960	760	450	140	310	880	420	830	320	170	520	710	360	550	410	890	610	920	320	660	540	360	250	610	540	280	110	400	940	460	970	940	410	660	850	500	960	450	590	160	520	210	180	600	550	900	530	810	760	750	870	250	990	570	400	390	200	950	390	210	990	530	230	960	900	490	290	430	610	130	190	360	510	260	440	120	720	680	730	320	770	280	810	800	870	370	560	920	740	150	860	280	690	880	710	590	680	520	180	430	180	710	290	980	980	270	450	450	200	390	770	870	660	550	830	890	320	660	910	490	530	820	640	650	190	650	620	940	780	760	530	510	630	620	170	250	240	380	300	710	860	100	880	830	410	640	950	790	310	840	530	120	390	230	870	500	440	910	200	310	520	510	680	800	350	740	820	1000	240	680	160	930	930	780	330	440	390	390	570	820	410	840	500	500	950	420	930	180	840	1000	740	800	830	690	170	310	270	580	450	700	930	810	220	560	920	760	300	810	520	900	950	640	190	630	760	530	500	540	760	600	440	690	830	110	260	670	660	230	120	550	550	960	440	710	310	590	150	160	690	980	980	170	260	290	250	660	850	230	170	840	470	690	220	500	520	690	150	840	310	850	940	450	590	980	750	470	120	830	900	390	100	1000	900	280	620	180	540	570	400	630	680	130	880	170	640	350	170	160	550	930	100	860	170	420	210	920	200	270	620	540	480	680	500	930	400	460	360	370	170	480	560	1000	390	440	140	1000	870	180	830	580	490	130	440	720	630	260	950	500	650	940	450	180	830	660	850	460	530	210	810	440	480	360	330	750	470	190	370	780	150	720	1000	500	200	790	800	700	660	780	220	860	380	870	490	330	290	590	810	940	100	110	550	640	680	630	520	610	190	620	120	430	280	420	550	240	210	670	990	930	720	300	900	280	300	360	200	670	680	650	340	220	560	260	560	140	690	510	610	140	290	900	700	400	280	190	650	990	960	180	990	160	640	160	900	580	440	480	390	960	310	170	530	830	660	620	720	420	600	410	190	630	210	440	930	390	530	390	720	880	200	220	830	110	210	120	130	250	700	140	140	370	910	980	390	250	520	960	160	480	800	960	440	900	730	500	440	670	570	480	550	480	640	920	650	360	530	830	360	470	460	650	140	660	700	420	510	410	810	680	630	190	930	870	790	380	700	650	770	890	220	250	850	660	250	970	800	240	980	150	290	680	130	760	490	720	310	980	550	380	580	870	390	380	160	210	430	170	840	780	480	160	380	220	200	540	290	160	180	400	490	660	940	540	120	160	260	290	460	450	660	670	570	170	140	590	940	720	670	430	930	300	630	270	810	180	400	150	180	300	170	270	990	200	190	390	650	590	790	120	200	350	530	1000	440	260	150	970	810	920	360	760	380	330	620	840	600	700	770	190	160	400	230	490	590	620	170	550	700	560	890	570	330	520	970	510	840	870	340	820	130	290	430	520	350	1000	380	500	770	440	930	700	830	330	780	160	120	150	230	980	580	880	900	960	340	160	420	260	1000	510	810	1000	1000	860	900	620	640	160	980	920	340	930	830	680	790	120	240	140	240	850	740	180	270	460	570	970	910	930	850	180	570	660	160	480	660	910	730	440	150	170	150	190	950	630	390	680	320	430	160	500	800	530	780	910	270	140	230	360	860	390	640	660	620	120	490	680	970	920	730	570	220	640	210	420	280	730	450	350	630	470	630	450	530	280	470	930	840	240	680	650	670	200	660	430	430	580	930	740	130	440	140	730	590	340	610	110	640	590	420	690	670	500	710	830	720	240	420	270	330	360	250	430	520	940	590	990	590	680	700	660	710	880	910	350	470	320	210	770	920	340	530	470	710	890	170	980	100	860	430	780	230	150	990	120	190	340	620	830	460	120	980	280	610	290	240	190	390	350	630	640	990	480	600	470	820	690	460	710	410	110	650	1000	320	530	140	790	960	670	530	210	930	280	180	1000	870	700	190	950	490	660	250	680	850	860	550	230	430	360	710	950	510	620	710	310	560	830	810	330	980	910	280	380	730	690	500	170	440	570	1000	550	820	270	990	900	750	160	940	460	250	230	240	740	110	340	850	820	480	480	170	760	850	260	770	690	350	920	240	570	940	970	530	380	310	940	840	490	630	410	860	120	300	250	180	380	750	930	220	140	130	630	510	610	770	200	210	940	560	470	690	210	280	920	390	420	150	150	240	720	210	610	340	450	810	550	910	1000	150	320	170	720	530	620	860	920	600	160	790	550	730	220	140	230	100	700	840	850	280	810	370	730	150	410	910	690	420	810	670	610	500	420	370	490	710	820	940	840	240	130	200	760	830	850	750	160	620	810	790	450	120	550	760	150	660	180	600	290	200	560	140	660	200	630	550	610	210	700	860	680	440	870	820	890	520	740	900	530	680	870	1000	120	570	370	640	310	670	710	230	610	510	140	620	390	620	1000	560	330	380	810	750	240	350	380	660	960	480	150	690	410	150	250	220	250	440	360	170	410	890	420	120	140	850	380	630	680	540	620	170	190	360	810	420	370	350	800	610	720	830	240	960	770	300	870	330	950	920	280	380	710	270	810	710	850	660	910	730	170	650	680	430	320	140	270	570	400	550	880	130	670	140	250	670	770	930	890	490	510	490	230	660	320	580	410	170	870	140	690	990	630	800	960	840	690	220	800	980	900	850	700	710	720	750	680	700	380	780	570	1000	510	430	570	530	160	200	780	910	150	560	710	980	700	380	980	370	440	650	980	200	140	520	830	210	300	140	620	150	610	190	300	470	190	340	250	810	320	690	800	600	1000	610	330	360	960	830	220	310	820	400	760	930	730	250	120	310	870	490	550	850	960	940	340	170	130	120	220	330	330	820	150	850	420	290	610	370	470	440	200	490	150	490	360	170	810	550	400	380	560	620	150	830	810	770	200	980	810	470	290	960	290	460	950	900	210	930	810	730	880	530	240	660	380	270	490	650	660	100	880	600	670	600	470	810	550	700	610	960	1000	630	250	370	200	280	210	650	750	1000	390	110	380	520	930	950	200	710	270	570	270	220	170	300	130	810	150	480	800	520	340	800	660	840	740	190	460	780	100	660	630	350	570	700	810	640	350	510	960	560	300	160	950	590	810	640	120	400	340	450	470	630	750	530	650	230	710	410	430	210	570	140	780	790	920	300	870	160	660	180	730	750	600	320	850	580	620	410	410	750	520	700	630	480	500	370	980	100	810	380	340	230	360	490	450	750	250	580	920	400	500	310	100	110	170	720	670	570	450	210	830	710	120	230	480	990	930	310	670	130	800	140	210	700	770	170	290	860	650	310	770	330	980	710	780	930	690	960	780	230	920	660	770	140	660	270	420	470	610	810	790	840	350	790	520	570	790	630	250	1000	230	660	390	540	320	300	720	550	830	930	520	810	500	420	320	430	670	570	790	990	610	690	690	990	940	170	410	130	950	970	390	450	820	750	910	380	700	730	840	570	820	770	130	990	120	480	470	300	980	230	340	120	640	830	170	560	400	990	580	910	990	890	290	810	600	600	310	290	330	260	720	800	550	100	160	810	870	950	340	390	960	320	690	840	860	520	640	890	130	810	330	490	600	820	650	830	910	370	390	270	250	240	600	570	940	1000	970	300	480	290	170	310	610	170	810	300	850	910	630	950	640	500	860	700	210	710	490	240	330	730	340	760	400	120	610	240	110	940	870	440	570	160	600	750	280	210	230	730	240	420	730	950	340	410	790	210	860	880	640	130	970	350	410	360	160	780	230	540	610	720	420	940	860	980	120	540	990	260	890	920	550	560	900	670	790	170	750	930	190	870	400	830	460	340	940	710	150	250	200	300	120	450	660	240	190	810	660	1000	800	930	200	100	630	110	270	380	400	930	830	270	550	870	960	750	960	250	530	830	470	260	440	900	760	790	500	110	440	440	220	680	950	680	590	520	360	670	130	320	410	460	110	800	520	500	990	600	860	200	180	540	390	660	520	210	620	150	690	870	320	420	300	230	900	650	280	760	860	740	610	120	510	960	760	680	290	450	180	910	740	970	220	730	650	710	720	520	960	640	570	830	160	350	1000	830	380	780	550	500	430	710	860	270	580	650	900	280	710	960	300	120	460	930	430	880	370	120	660	680	480	490	650	200	630	790	320	420	900	960	160	320	760	730	640	200	460	980	330	200	540	850	680	770	860	300	1000	600	940	400	880	130	270	790	330	760	660	260	310	950	990	180	370	350	500	260	170	650	760	390	580	360	610	580	410	350	500	930	130	250	630	800	560	220	180	340	310	280	500	930	980	260	880	290	610	670	710	120	940	490	710	820	390	640	160	180	790	440	640	420	630	360	680	360	160	480	440	970	830	520	960	240	770	890	660	430	310	730	430	980	480	450	190	700	570	100	510	140	750	770	800	830	500	280	150	850	980	220	730	230	670	740	730	990	690	600	130	500	520	790	160	680	800	250	580	620	150	380	860	540	550	850	120	210	490	700	320	890	700	670	640	190	570	160	410	550	990	230	370	760	460	140	570	850	830	610	960	330	620	970	670	740	750	940	860	800	280	970	430	960	260	180	670	810	220	940	320	760	770	400	370	250	580	500	500	300	700	400	130	780	290	440	870	500	610	360	550	530	870	750	150	130	460	620	100	570	530	390	970	490	740	310	530	500	710	190	280	480	550	930	670	640	430	350	910	980	400	340	190	720	500	780	710	290	130	890	320	1000	960	130	870	940	410	750	790	790	660	920	120	320	440	300	210	830	710	970	720	790	630	860	490	260	710	840	460	130	780	430	770	410	920	850	120	920	800	640	100	340	380	440	160	870	190	700	250	370	850	110	350	920	860	380	280	950	280	320	850	440	640	190	580	860	740	160	190	840	230	700	390	950	340	480	260	460	340	160	300	550	760	970	660	950	100	990	900	900	860	740	920	810	310	630	710	240	320	270	130	1000	340	110	350	920	810	720	180	810	380	330	130	340	900	690	250	680	410	510	290	680	910	580	840	280	440	340	930	400	730	660	170	330	450	320	440	780	980	180	460	130	360	220	490	390	860	590	810	260	850	680	350	230	560	430	950	490	520	700	920	180	850	560	530	770	770	510	890	710	730	480	420	920	870	180	970	580	710	330	570	790	230	540	120	160	480	900	100	280	290	740	160	310	550	930	960	290	670	460	470	880	840	260	900	840	910	170	670	940	610	360	890	150	810	530	430	670	640	410	690	550	300	400	810	310	700	960	360	120	620	490	850	530	430	640	810	310	420	740	550	940	490	530	770	540	590	600	980	620	530	810	990	270	490	510	230	650	180	530	320	310	720	680	790	370	920	360	690	350	180	960	730	490	660	730	600	110	290	950	930	710	940	460	620	540	230	440	340	120	840	790	650	360	240	730	390	540	200	150	860	360	550	490	760	370	730	120	880	260	300	670	280	900	590	310	880	240	620	180	720	730	690	920	930	640	480	900	340	120	120	790	410	680	650	860	500	770	120	130	900	750	790	610	140	710	780	940	130	400	450	720	410	620	940	110	560	560	930	430	830	410	500	550	550	770	530	250	800	190	160	270	1000	250	410	860	510	450	250	720	880	550	610	920	880	550	720	820	180	500	260	560	330	970	770	1000	400	920	740	880	430	570	310	450	360	870	890	680	930	310	1000	870	690	240	960	430	570	250	180	640	850	130	830	830	240	260	200	270	820	900	370	500	290	880	440	370	890	290	480	820	440	870	750	150	100	780	940	110	1000	170	100	380	150	250	110	550	290	230	170	880	120	260	800	240	670	400	700	650	490	690	340	160	210	470	900	810	210	920	270	920	600	640	400	930	280	150	800	660	560	410	520	820	710	550	160	700	510	760	620	350	860	110	910	750	260	830	370	730	540	150	780	470	400	960	770	910	660	620	900	740	590	190	420	140	990	330	570	950	650	450	860	310	810	280	940	540	730	750	750	780	220	280	130	360	540	950	340	760	460	550	160	250	210	570	240	700	900	100	390	310	120	170	730	420	910	720	480	190	360	300	990	800	830	390	520	150	720	680	580	310	530	680	680	170	790	610	750	520	530	290	950	480	310	250	810	430	640	520	500	850	440	1000	880	930	370	480	1000	220	180	220	650	740	500	480	630	210	230	830	610	810	570	440	200	750	340	880	800	410	530	580	130	490	720	490	260	420	560	410	970	920	990	980	1000	490	970	870	140	380	490	530	370	840	130	510	250	580	510	530	180	990	880	200	350	420	300	390	740	140	620	470	980	750	550	470	220	230	460	960	860	760	680	180	230	100	820	170	260	920	650	580	510	200	710	360	350	220	680	960	170	900	750	560	750	990	950	650	150	290	130	450	600	370	260	400	860	980	950	950	210	560	210	350	580	390	150	240	280	740	560	610	980	830	270	380	930	850	140	980	160	620	960	670	100	110	970	960	420	290	740	310	790	240	160	370	540	190	450	760	720	720	840	470	950	280	990	1000	600	130	410	920	710	300	240	840	830	850	280	400	1000	740	430	260	750	790	840	750	820	110	420	450	630	740	770	830	740	840	390	150	870	240	580	610	800	830	800	680	160	250	470	210	160	950	620	970	340	840	960	640	570	390	240	630	110	610	420	880	410	970	950	680	320	730	480	620	270	820	950	680	310	700	180	700	320	190	810	850	330	580	620	430	530	450	620	920	780	940	110	270	420	550	680	210	390	490	240	320	990	220	720	370	160	380	900	430	210	150	550	210	620	680	1000	180	860	990	640	530	310	780	300	490	250	830	830	460	820	330	320	800	270	860	880	230	160	910	860	540	310	590	190	570	530	510	700	690	610	850	380	290	500	300	190	390	820	290	290	980	830	870	520	770	370	230	830	100	580	740	440	890	140	900	780	270	710	380	100	740	360	600	900	190	180	320	560	650	750	910	870	630	980	550	370	1000	110	830	850	880	390	660	870	880	110	800	600	430	950	600	710	980	250	730	860	740	610	870	260	530	680	330	150	520	770	170	730	920	700	880	550	190	820	120	340	300	530	580	780	590	740	880	300	750	120	730	800	990	560	580	470	140	710	190	840	390	590	910	480	520	240	910	250	260	270	280	980	590	660	490	550	890	520	600	770	310	760	570	980	960	380	640	740	620	170	590	150	730	660	360	580	440	990	710	700	710	770	490	420	630	730	960	700	550	710	250	590	290	210	540	170	680	710	910	660	330	980	600	350	300	980	940	120	650	420	530	350	620	820	700	920	880	610	840	220	920	980	540	810	430	750	120	390	760	140	810	990	900	650	260	470	900	240	720	900	450	850	230	110	640	1000	360	430	110	130	890	170	170	880	480	730	660	960	780	600	940	580	730	560	390	470	830	440	730	170	180	590	170	230	780	630	890	990	630	340	110	940	140	480	110	790	840	470	520	540	510	200	210	830	150	120	860	740	390	570	390	680	120	520	390	680	110	290	480	630	810	220	660	430	280	580	130	620	670	750	260	900	630	390	560	560	750	500	120	730	850	420	130	250	820	640	500	410	430	770	810	530	310	410	920	960	350	640	940	880	130	960	820	640	240	400	400	220	460	220	100	630	520	570	300	960	760	380	160	670	370	720	770	410	560	620	160	470	380	610	980	270	860	370	690	570	180	250	430	340	860	720	760	580	870	470	370	520	940	120	200	930	100	900	430	310	830	400	580	330	960	890	310	940	980	480	830	850	960	690	130	220	570	490	480	260	390	140	340	710	720	340	520	290	320	230	800	400	160	150	100	500	420	350	1000	140	790	870	710	710	470	920	720	900	880	360	740	890	770	750	380	230	460	820	640	930	980	170	140	880	960	280	220	210	990	600	620	500	970	930	900	590	160	900	140	780	690	980	430	140	500	540	990	730	290	790	990	940	340	820	740	280	900	990	780	620	630	400	860	700	500	230	970	890	500	120	840	970	340	340	590	950	660	280	540	420	200	490	300	420	770	810	910	190	350	130	390	920	110	620	150	490	910	760	930	100	900	900	990	290	250	440	240	560	150	410	660	570	320	650	110	530	880	720	930	500	670	880	660	400	100	130	680	870	520	420	510	210	230	440	370	320	220	370	370	510	910	880	470	170	220	200	600	570	280	230	320	520	250	460	980	600	180	760	680	570	540	840	340	640	680	140	600	580	150	840	830	780	420	930	810	350	820	110	650	340	110	870	250	700	710	630	200	300	580	720	440	970	800	970	980	920	480	620	760	270	690	190	370	200	970	210	780	660	830	190	390	570	890	750	150	1000	500	270	840	430	760	290	150	930	940	550	200	670	460	520	310	420	770	800	480	930	450	640	700	800	870	650	880	740	200	990	170	130	420	840	160	170	450	440	340	140	630	510	900	890	460	470	650	840	280	240	120	810	520	490	630	750	390	860	380	820	980	740	1000	970	240	680	1000	610	470	610	950	500	130	830	180	810	890	190	760	130	530	620	170	710	890	210	390	970	960	670	900	700	450	500	830	220	970	930	210	890	580	260	900	120	630	110	640	600	250	560	620	830	290	260	380	580	880	230	530	250	890	510	940	330	930	560	980	440	410	520	950	360	610	540	620	870	340	270	710	540	560	780	480	260	530	190	950	310	160	820	150	720	900	1000	960	920	340	700	400	310	600	850	110	900	360	390	440	120	430	510	950	910	120	840	750	470	390	430	630	420	850	100	590	710	480	240	700	420	820	480	720	290	830	920	760	660	760	410	570	470	470	810	760	360	890	970	600	460	480	260	680	110	960	200	720	590	970	340	100	960	480	150	220	600	920	320	110	120	300	330	930	420	150	800	260	740	190	480	920	900	880	410	280	610	920	190	520	360	210	770	700	790	990	390	350	360	810	430	960	550	480	610	100	590	780	600	420	340	390	890	100	920	270	440	860	470	860	770	850	960	670	640	510	470	120	450	740	990	200	470	1000	100	980	190	770	900	200	320	670	710	440	450	800	730	480	660	890	950	290	920	870	760	100	960	810	340	450	210	960	200	140	350	560	570	900	280	460	490	190	320	390	660	790	100	390	630	310	610	330	890	420	970	560	550	290	440	180	270	840	600	230	290	590	170	600	130	530	680	930	690	720	810	230	320	620	260	130	590	790	330	460	650	990	290	810	930	410	600	730	590	260	270	510	640	320	300	620	430	360	910	200	660	310	160	380	550	330	380	980	240	980	900	790	410	980	340	820	210	640	810	180	440	640	910	1000	900	780	620	780	640	220	590	670	660	760	310	960	760	670	890	830	840	310	990	810	500	660	990	820	780	170	610	980	790	210	860	680	210	440	700	170	640	760	270	830	950	680	540	330	770	180	930	120	480	100	140	660	200	120	350	360	290	210	750	160	690	290	760	790	390	400	570	880	760	430	420	460	720	810	840	780	860	570	200	900	200	840	710	350	150	510	620	990	260	570	310	230	390	580	890	970	280	750	220	900	150	530	620	590	800	370	960	200	410	690	880	890	240	720	610	420	280	440	240	680	650	680	930	170	830	670	730	860	630	390	710	220	920	360	210	630	480	180	230	760	1000	470	780	490	1000	870	550	590	310	280	170	830	640	540	870	650	670	440	730	780	430	1000	440	910	400	650	560	730	550	650	860	670	290	160	600	320	790	310	130	680	400	920	740	770	390	530	190	730	260	650	510	930	360	310	780	430	710	240	560	370	240	990	480	940	520	990	180	720	540	300	740	810	170	970	350	250	190	690	120	800	490	600	700	290	670	830	730	150	360	250	440	200	890	660	420	510	350	290	290	120	1000	270	250	170	530	220	640	430	460	680	550	890	870	940	160	590	270	900	940	850	800	850	890	910	690	900	960	380	990	520	880	850	210	660	770	890	490	810	510	570	430	990	350	290	420	390	170	160	440	860	470	980	480	790	590	460	200	950	760	350	630	760	620	290	920	100	910	170	380	520	100	400	310	900	250	210	600	100	980	920	410	190	330	580	980	410	670	130	500	210	670	280	480	340	230	370	570	240	270	970	120	540	320	290	660	210	440	470	320	340	460	830	360	460	300	270	410	980	350	810	690	980	960	250	780	990	320	810	350	540	890	780	120	660	690	840	970	700	670	690	400	510	560	300	750	960	1000	130	590	490	420	430	560	930	1000	430	360	700	510	280	650	280	890	310	140	250	440	970	290	790	940	480	750	800	530	910	520	500	960	670	580	930	880	730	780	790	300	730	960	540	960	300	300	130	680	540	390	410	200	400	860	550	780	180	150	160	410	990	430	570	580	150	470	610	610	690	160	1000	530	540	240	870	420	580	370	390	220	450	780	120	420	450	880	160	990	250	950	550	700	880	580	770	870	590	400	430	690	620	480	530	980	970	560	180	360	720	460	430	210	260	720	960	690	620	100	320	780	130	190	120	630	420	210	870	190	430	780	110	330	490	960	650	690	210	760	710	710	410	590	510	300	190	820	810	840	610	320	860	800	740	370	450	220	990	330	150	1000	440	670	310	110	860	540	320	350	610	100	820	270	490	970	230	820	890	950	910	870	460	700	970	840	720	800	640	390	370	720	260	600	210	390	130	970	230	970	790	590	780	710	210	1000	940	450	890	220	790	850	770	290	670	920	160	900	210	560	920	950	550	580	480	680	510	430	380	130	610	560	100	400	220	750	130	760	750	730	460	920	610	540	340	610	370	550	410	460	200	910	460	280	260	410	730	550	590	490	650	720	900	670	1000	900	880	650	430	820	850	730	420	610	160	780	920	260	330	720	690	500	850	940	700	450	480	490	980	960	620	750	900	120	460	870	760	130	760	560	350	170	500	210	1000	380	410	810	620	150	660	300	530	970	280	530	910	700	500	350	930	560	160	960	780	280	350	220	980	300	210	130	270	890	810	710	430	560	230	620	440	860	500	650	250	400	980	180	230	400	620	870	650	930	700	510	210	910	430	150	910	960	350	630	150	940	840	400	530	910	580	820	830	980	610	930	750	280	170	680	770	320	440	880	680	420	210	310	300	100	130	800	310	620	650	580	750	240	910	380	820	290	800	250	170	970	470	800	660	1000	520	830	940	580	640	790	560	400	180	650	380	990	270	170	210	110	380	720	440	430	650	140	750	820	620	660	970	570	830	700	750	770	930	280	690	840	720	340	330	280	660	860	360	660	300	800	710	570	900	670	990	620	280	450	310	880	620	180	990	500	800	620	170	510	400	660	700	550	950	480	140	720	810	140	970	580	310	850	860	970	450	360	810	350	770	770	690	240	430	530	970	410	300	980	390	250	640	590	610	800	730	390	640	560	390	410	1000	280	230	650	730	880	570	650	600	280	230	720	120	990	860	960	910	380	740	870	410	340	630	510	380	850	650	920	660	790	720	450	340	570	210	940	600	930	960	310	880	160	370	590	700	490	640	300	260	100	370	470	430	150	530	940	280	600	890	440	950	260	390	270	690	310	640	900	370	360	610	320	190	670	550	820	980	390	720	970	460	370	500	750	780	290	380	900	850	800	160	660	800	660	320	100	120	870	620	620	880	870	800	180	120	190	810	950	270	930	350	500	1000	530	930	210	980	280	470	800	690	890	950	700	940	470	100	640	370	390	250	960	670	580	890	1000	280	600	460	250	810	110	140	510	540	130	620	410	310	670	500	600	260	110	240	470	760	970	420	810	290	730	720	410	510	540	920	370	360	940	800	590	200	960	310	220	320	920	630	630	970	970	610	240	180	360	730	850	520	170	240	480	360	980	890	590	900	580	840	790	800	350	800	630	510	380	990	850	210	480	690	150	860	780	120	920	390	290	360	160	590	180	590	570	190	980	290	280	330	360	400	570	690	360	740	290	190	830	200	810	230	560	370	100	310	690	270	600	840	570	510	660	100	170	290	660	660	660	710	200	650	730	960	240	700	840	990	220	780	380	370	500	440	180	260	1000	930	670	910	700	240	720	370	460	360	450	420	980	480	350	200	150	400	320	270	460	120	770	360	330	160	450	590	850	300	220	470	980	370	270	710	660	780	310	560	370	980	780	460	950	170	480	740	490	860	590	540	110	130	870	350	740	700	210	190	700	440	880	680	320	450	330	420	430	1000	210	900	330	150	920	410	900	160	430	850	600	500	670	640	750	370	200	890	530	450	350	170	870	990	850	350	350	230	790	380	710	790	640	300	800	890	310	640	110	530	140	490	430	340	880	290	500	900	710	350	610	110	420	430	900	210	960	320	170	710	490	300	320	430	280	660	840	240	290	410	900	960	590	910	590	380	520	1000	880	500	620	180	780	460	950	910	610	670	130	860	770	140	310	710	960	750	760	940	100	750	960	480	330	980	480	420	300	320	240	990	630	300	390	790	760	820	460	620	900	180	820	580	760	700	560	330	560	500	950	520	410	940	270	110	940	950	610	190	620	600	280	140	880	580	620	960	430	890	610	560	530	410	730	110	730	730	850	940	190	880	110	430	870	970	870	280	420	490	880	470	910	630	840	400	280	660	230	790	820	490	790	550	310	730	200	160	530	780	350	960	220	750	770	870	920	340	140	420	700	530	490	390	530	440	470	650	260	180	740	220	800	510	820	310	970	550	320	110	210	390	120	900	320	680	490	990	380	940	870	850	890	700	910	680	360	630	870	970	490	660	220	390	110	140	800	220	120	110	290	600	130	260	580	220	440	670	120	110	300	430	610	970	880	490	850	220	460	830	610	590	400	900	250	720	140	770	350	230	770	220	270	300	840	570	480	380	380	410	340	570	360	460	330	530	920	250	650	190	690	240	890	580	140	590	850	910	480	380	150	670	770	550	270	640	490	160	900	690	760	540	780	630	580	640	830	910	560	590	270	890	290	130	400	470	800	600	830	200	810	780	970	880	650	570	790	780	860	140	830	120	570	920	760	650	920	940	240	940	860	830	1000	630	310	110	960	180	210	400	480	970	730	970	120	550	170	960	760	670	350	130	460	770	840	530	250	750	930	300	280	240	450	1000	780	960	500	480	300	650	220	940	190	230	150	690	880	830	660	410	110	380	550	470	610	500	490	860	240	260	360	610	360	180	760	920	810	910	210	320	250	340	550	690	780	410	320	690	220	220	280	1000	750	250	880	370	830	500	480	340	770	640	130	650	870	360	180	690	690	1000	200	100	530	580	520	700	900	860	690	710	600	990	670	300	350	540	170	660	120	940	210	160	680	170	900	570	830	910	730	100	360	940	700	660	950	300	540	700	210	560	710	560	120	580	1000	690	530	200	800	840	820	690	190	750	290	350	130	540	610	950	930	190	620	990	230	490	820	570	700	250	170	920	420	510	740	720	150	390	740	310	590	940	150	500	830	260	280	910	490	160	510	960	720	560	690	130	300	840	240	630	940	970	100	380	180	340	460	860	240	400	750	590	810	850	130	920	110	970	660	750	910	930	470	960	780	860	330	780	120	480	570	720	110	670	850	470	470	440	970	490	480	430	470	290	790	670	290	490	380	290	970	870	310	540	250	480	690	120	700	140	400	340	120	260	910	320	1000	390	490	430	830	560	410	240	1000	560	530	680	420	300	460	130	860	160	320	430	920	390	670	320	110	990	600	970	220	930	940	160	700	680	480	610	220	380	190	800	780	480	990	860	710	130	740	740	230	670	290	340	280	350	400	560	770	720	730	820	780	150	390	320	320	650	700	690	740	600	730	480	800	130	810	920	630	140	920	230	710	840	520	680	850	350	870	540	840	520	670	230	820	380	700	550	370	700	240	530	230	300	810	500	470	920	740	380	660	990	340	940	680	350	900	800	400	620	800	100	990	320	880	310	290	510	880	280	180	980	740	350	730	680	860	720	850	650	540	890	250	460	430	720	500	650	990	560	610	610	850	830	500	520	740	700	860	550	190	570	570	900	120	430	470	930	760	860	410	620	390	330	310	520	140	420	770	900	280	820	940	830	430	730	420	930	770	960	890	680	160	
10
