6426
120
3
90
0	0	0	0	0	0	0	0	0	0	0	0	192	0	0	0	0	0	0	0	0	0	0	0	0	0	0	0	0	0	0	0	0	0	0	0	0	0	0	0	0	0	0	0	0	0	0	0	0	0	0	0	0	0	0	0	0	0	0	0	0	0	0	0	192	0	0	0	0	0	0	0	0	0	0	0	0	0	0	0	0	0	0	0	0	0	0	0	0	0	0	0	0	0	0	0	0	0	192	0	0	0	0	0	0	0	0	0	0	0	0	0	0	0	0	0	0	0	0	0	
0	0	0	0	0	0	0	0	0	0	0	0	0	0	0	0	0	0	0	0	0	0	0	0	0	0	0	0	0	0	0	0	0	0	0	0	0	0	0	0	0	0	0	0	0	0	0	0	0	192	0	0	0	0	0	0	0	0	0	0	0	0	0	0	0	192	0	0	0	0	0	192	0	0	0	0	0	0	0	0	0	0	0	0	0	0	0	0	0	0	0	0	0	0	0	0	0	0	0	0	0	0	0	0	0	0	0	0	0	0	0	0	0	0	0	0	0	0	0	0	
0	0	0	0	192	0	0	0	0	0	0	0	0	0	0	0	0	0	0	0	0	0	0	0	0	0	0	0	0	0	0	0	0	0	0	0	0	0	0	0	0	192	0	0	0	0	0	0	0	0	0	0	0	0	0	0	0	0	0	0	0	0	0	0	0	0	0	0	0	0	0	0	0	0	0	0	0	0	0	0	0	0	0	0	0	0	0	0	0	0	0	0	0	0	0	0	0	0	0	0	0	0	0	0	0	0	0	0	0	0	0	192	0	0	0	0	0	0	0	0	
0	0	0	0	0	192	0	0	0	0	0	0	0	0	0	0	0	0	0	0	0	0	0	0	0	0	0	0	0	0	0	0	0	0	0	0	0	0	0	0	0	0	0	0	0	0	0	0	0	0	0	0	0	0	0	0	0	0	0	0	192	0	0	0	0	0	0	0	0	0	0	0	0	0	0	0	0	0	0	0	0	0	0	0	0	0	0	0	0	0	0	0	0	0	0	0	0	0	0	0	0	0	192	0	0	0	0	0	0	0	0	0	0	0	0	0	0	0	0	0	
0	0	192	0	0	0	0	0	0	0	0	0	0	0	0	0	0	0	0	0	0	0	0	0	0	0	0	0	0	0	0	0	0	0	0	0	0	0	0	0	0	0	0	0	0	0	0	0	0	0	0	0	0	0	0	0	0	0	0	0	0	0	0	0	0	0	0	0	0	0	192	0	0	0	0	0	0	0	0	0	0	0	0	0	0	192	0	0	0	0	0	0	0	0	0	0	0	0	0	0	0	0	0	0	0	0	0	0	0	0	0	0	0	0	0	0	0	0	0	0	
0	0	0	192	0	0	0	0	0	0	0	0	0	0	0	0	0	0	0	0	0	0	0	0	0	0	0	0	0	0	0	0	0	0	0	0	0	0	0	0	0	0	0	0	0	192	0	0	0	0	0	0	0	0	0	0	0	0	0	0	192	0	0	0	0	0	0	0	0	0	0	0	0	0	0	0	0	0	0	0	0	0	0	0	0	0	0	0	0	0	0	0	0	0	0	0	0	0	0	0	0	0	0	0	0	0	0	0	0	0	0	0	0	0	0	0	0	0	0	0	
0	0	0	0	0	0	0	0	0	0	0	0	0	0	0	0	0	0	192	0	0	0	0	0	0	192	0	0	0	0	0	0	0	0	0	0	0	0	0	0	0	0	0	0	0	0	0	0	0	0	0	0	0	0	0	0	0	0	0	0	0	0	0	0	0	0	0	0	0	0	0	0	0	0	0	0	0	0	0	0	0	0	0	0	0	0	0	0	0	0	0	0	0	192	0	0	0	0	0	0	0	0	0	0	0	0	0	0	0	0	0	0	0	0	0	0	0	0	0	0	
0	0	0	0	0	0	0	0	0	0	0	0	0	0	0	0	0	0	0	0	0	0	0	0	0	0	0	0	0	0	0	0	0	0	0	0	0	0	0	0	0	0	0	192	0	0	0	0	0	0	0	192	0	0	0	0	0	0	0	0	0	0	0	0	0	0	0	0	0	0	0	0	0	0	0	0	0	0	0	0	0	0	0	0	0	0	0	0	0	0	0	0	0	0	0	0	0	0	0	0	0	0	0	0	0	0	0	0	0	0	0	0	0	0	192	0	0	0	0	0	
0	0	0	0	0	0	0	0	0	0	0	0	0	0	0	0	0	0	0	0	0	0	0	0	0	0	0	0	0	0	0	0	0	0	0	0	0	0	0	0	0	0	0	0	0	0	0	0	0	0	0	0	0	0	0	0	0	0	0	0	0	0	0	0	0	0	0	0	0	0	0	0	0	0	0	0	0	0	0	0	0	0	0	0	0	0	0	0	0	0	0	0	192	0	192	0	192	0	0	0	0	0	0	0	0	0	0	0	0	0	0	0	0	0	0	0	0	0	0	0	
0	0	0	0	0	0	0	0	0	0	0	0	0	0	0	0	0	0	0	0	0	0	0	192	0	0	0	0	0	0	0	0	0	0	0	0	0	0	0	0	0	0	0	0	0	0	0	0	0	0	0	0	192	0	0	0	0	0	0	0	0	0	0	0	0	0	0	0	0	0	0	0	0	0	0	0	0	0	192	0	0	0	0	0	0	0	0	0	0	0	0	0	0	0	0	0	0	0	0	0	0	0	0	0	0	0	0	0	0	0	0	0	0	0	0	0	0	0	0	0	
0	0	0	0	0	0	0	0	0	0	0	0	192	0	0	0	0	0	0	192	0	0	192	0	0	0	0	0	0	0	0	0	0	0	0	0	0	0	0	0	0	0	0	0	0	0	0	0	0	0	0	0	0	0	0	0	0	0	0	0	0	0	0	0	0	0	0	0	0	0	0	0	0	0	0	0	0	0	0	0	0	0	0	0	0	0	0	0	0	0	0	0	0	0	0	0	0	0	0	0	0	0	0	0	0	0	0	0	0	0	0	0	0	0	0	0	0	0	0	0	
0	0	0	0	0	0	0	0	0	0	0	0	0	0	0	0	0	0	0	0	0	0	0	0	0	0	0	0	0	0	0	0	0	0	0	0	192	0	0	0	0	0	0	0	0	0	0	0	0	0	0	0	0	0	192	0	0	0	0	0	0	0	0	0	0	0	0	0	0	0	0	0	0	0	0	0	0	0	0	0	0	0	0	0	0	0	0	0	0	0	0	0	0	0	0	0	0	0	0	0	0	0	0	0	0	0	0	0	0	0	0	0	0	0	0	192	0	0	0	0	
192	0	0	0	0	0	0	0	0	0	192	0	0	0	0	0	0	0	0	0	0	0	0	0	0	0	0	0	0	0	0	0	0	0	0	0	0	0	0	0	0	0	0	0	0	0	0	0	0	0	0	0	0	0	0	0	0	0	0	0	0	0	0	0	192	0	0	0	0	0	0	0	0	0	0	0	0	0	0	0	0	0	0	0	0	0	0	0	0	0	0	0	0	0	0	0	0	0	0	0	0	0	0	0	0	0	0	0	0	0	0	0	0	0	0	0	0	0	0	0	
0	0	0	0	0	0	0	0	0	0	0	0	0	0	0	0	0	0	0	0	0	0	0	0	0	0	0	0	0	0	0	0	0	0	0	0	0	0	0	0	0	0	0	0	0	0	0	0	0	0	192	0	0	0	0	0	0	192	0	0	0	0	0	0	0	0	0	0	0	0	0	0	0	0	0	0	0	0	0	0	0	0	0	0	192	0	0	0	0	0	0	0	0	0	0	0	0	0	0	0	0	0	0	0	0	0	0	0	0	0	0	0	0	0	0	0	0	0	0	0	
0	0	0	0	0	0	0	0	0	0	0	0	0	0	0	0	0	0	0	0	0	0	0	0	0	0	0	0	0	0	192	0	0	0	0	0	0	0	0	192	0	0	0	0	0	0	0	0	0	0	0	0	0	0	0	0	0	0	0	0	0	0	0	0	0	0	0	0	0	0	0	0	0	0	0	0	0	0	0	0	0	0	0	0	0	0	0	0	0	0	0	0	0	0	0	0	0	0	0	0	0	0	0	0	0	0	0	0	0	0	0	0	0	0	192	0	0	0	0	0	
0	0	0	0	0	0	0	0	0	0	0	0	0	0	0	0	0	0	0	0	0	0	0	0	0	0	0	0	0	0	0	0	0	192	0	0	0	0	0	0	0	0	0	0	0	0	0	0	0	0	0	0	0	0	0	0	0	0	0	0	0	0	0	0	0	0	192	0	0	0	0	0	0	0	0	0	0	0	0	0	0	0	0	0	0	0	0	0	0	0	0	0	0	0	0	0	0	0	0	0	0	0	0	0	0	0	0	192	0	0	0	0	0	0	0	0	0	0	0	0	
0	0	0	0	0	0	0	0	0	0	0	0	0	0	0	0	0	0	0	0	0	0	0	0	0	0	0	0	0	0	0	0	0	0	0	0	0	0	0	0	0	0	0	0	0	0	0	0	0	0	0	0	192	0	0	0	0	0	0	0	0	0	0	0	0	0	0	0	0	0	0	0	0	0	0	0	0	0	0	192	0	0	0	0	0	0	0	0	0	0	0	0	0	0	0	0	0	0	0	0	0	0	0	0	0	0	192	0	0	0	0	0	0	0	0	0	0	0	0	0	
0	0	0	0	0	0	0	0	0	0	0	0	0	0	0	0	0	0	0	0	0	0	0	0	0	0	0	0	0	192	0	0	0	0	0	0	0	0	0	0	0	0	0	0	0	0	0	0	0	0	0	0	0	0	0	0	0	0	0	0	0	0	0	0	0	0	0	0	0	0	0	0	0	192	0	0	0	0	0	0	0	0	0	0	0	0	0	0	0	0	0	192	0	0	0	0	0	0	0	0	0	0	0	0	0	0	0	0	0	0	0	0	0	0	0	0	0	0	0	0	
0	0	0	0	0	0	192	0	0	0	0	0	0	0	0	0	0	0	0	0	0	0	0	0	0	192	0	0	0	0	0	0	0	0	0	0	0	0	0	0	0	0	0	0	0	0	0	0	0	0	0	0	0	0	0	0	0	0	0	0	0	0	0	0	0	0	0	0	0	0	0	0	0	0	0	0	0	0	0	0	0	0	0	0	0	0	0	0	0	0	0	0	0	192	0	0	0	0	0	0	0	0	0	0	0	0	0	0	0	0	0	0	0	0	0	0	0	0	0	0	
0	0	0	0	0	0	0	0	0	0	192	0	0	0	0	0	0	0	0	0	0	0	192	0	0	0	0	0	0	0	0	0	0	0	0	0	0	0	0	0	0	0	0	0	0	0	0	0	0	0	0	0	0	0	0	0	0	0	0	192	0	0	0	0	0	0	0	0	0	0	0	0	0	0	0	0	0	0	0	0	0	0	0	0	0	0	0	0	0	0	0	0	0	0	0	0	0	0	0	0	0	0	0	0	0	0	0	0	0	0	0	0	0	0	0	0	0	0	0	0	
0	0	0	0	0	0	0	0	0	0	0	0	0	0	0	0	0	0	0	0	0	0	0	0	0	0	0	0	0	0	0	0	0	0	0	0	0	0	0	0	0	0	0	0	0	0	0	0	0	0	0	0	0	0	0	0	0	0	0	192	0	0	192	0	0	0	0	0	0	0	0	0	0	0	0	0	0	0	0	0	0	0	0	0	0	0	0	0	0	0	0	0	0	0	0	0	0	0	0	0	0	0	0	0	0	0	0	0	0	0	0	0	0	0	0	0	0	0	0	192	
0	0	0	0	0	0	0	0	0	0	0	0	0	0	0	0	0	0	0	0	0	0	0	0	0	0	0	0	0	192	0	0	0	0	0	0	0	0	0	0	0	0	0	0	0	0	192	0	0	0	0	0	0	0	0	0	0	0	0	0	0	0	0	0	0	0	0	0	0	0	0	0	0	192	0	0	0	0	0	0	0	0	0	0	0	0	0	0	0	0	0	0	0	0	0	0	0	0	0	0	0	0	0	0	0	0	0	0	0	0	0	0	0	0	0	0	0	0	0	0	
0	0	0	0	0	0	0	0	0	0	192	0	0	0	0	0	0	0	0	192	0	0	0	0	0	0	0	0	0	0	0	0	0	0	0	0	0	0	0	0	0	0	0	0	0	0	0	0	0	0	0	0	0	0	0	0	0	0	0	192	0	0	0	0	0	0	0	0	0	0	0	0	0	0	0	0	0	0	0	0	0	0	0	0	0	0	0	0	0	0	0	0	0	0	0	0	0	0	0	0	0	0	0	0	0	0	0	0	0	0	0	0	0	0	0	0	0	0	0	0	
0	0	0	0	0	0	0	0	0	192	0	0	0	0	0	0	0	0	0	0	0	0	0	0	0	0	0	0	0	0	0	0	0	0	0	0	0	0	0	0	0	192	0	0	0	0	0	0	0	0	0	0	192	0	0	0	0	0	0	0	0	0	0	0	0	0	0	0	0	0	0	0	0	0	0	0	0	0	0	0	0	0	0	0	0	0	0	0	0	0	0	0	0	0	0	0	0	0	0	0	0	0	0	0	0	0	0	0	0	0	0	0	0	0	0	0	0	0	0	0	
0	0	0	0	0	0	0	0	0	0	0	0	0	0	0	0	0	0	0	0	0	0	0	0	0	0	0	0	0	192	0	0	0	0	0	0	0	0	0	0	0	0	0	0	0	0	0	0	0	0	0	0	0	0	0	0	0	0	0	0	0	0	0	0	0	0	0	0	0	0	0	0	0	0	0	0	192	0	0	0	0	0	0	0	0	0	0	0	0	0	0	0	0	0	0	0	0	0	0	0	0	0	0	0	0	0	0	0	0	192	0	0	0	0	0	0	0	0	0	0	
0	0	0	0	0	0	192	0	0	0	0	0	0	0	0	0	0	0	192	0	0	0	0	0	0	0	0	0	0	0	0	0	0	0	0	0	0	0	0	0	0	0	0	0	0	0	0	0	0	0	0	0	0	0	0	0	0	0	0	0	0	0	0	0	0	0	0	0	0	0	0	0	0	0	0	0	0	0	0	0	0	0	0	0	0	0	0	0	0	0	0	0	0	0	0	0	0	0	0	0	0	0	0	0	0	0	0	0	192	0	0	0	0	0	0	0	0	0	0	0	
0	0	0	0	0	0	0	0	0	0	0	0	0	0	0	0	0	0	0	0	0	0	0	0	0	0	0	0	0	0	0	192	0	0	0	0	0	0	0	0	0	0	0	0	0	0	0	0	0	0	0	0	0	0	0	0	0	0	0	0	0	0	0	0	0	0	0	0	192	0	0	0	192	0	0	0	0	0	0	0	0	0	0	0	0	0	0	0	0	0	0	0	0	0	0	0	0	0	0	0	0	0	0	0	0	0	0	0	0	0	0	0	0	0	0	0	0	0	0	0	
0	0	0	0	0	0	0	0	0	0	0	0	0	0	0	0	0	0	0	0	0	0	0	0	0	0	0	0	0	0	0	0	0	0	0	192	0	0	0	0	0	0	0	0	0	0	0	0	0	0	0	0	0	0	0	0	0	0	0	0	0	0	0	0	0	0	0	0	0	0	0	0	0	0	0	0	0	0	0	0	192	0	0	0	0	0	0	0	0	0	0	0	0	0	0	0	0	0	0	0	0	192	0	0	0	0	0	0	0	0	0	0	0	0	0	0	0	0	0	0	
0	0	0	0	0	0	0	0	0	0	0	0	0	0	0	0	0	0	0	0	0	0	0	0	0	0	0	0	0	0	0	0	0	0	0	0	0	0	0	0	0	0	0	0	0	0	0	0	0	0	0	0	0	0	0	0	192	0	0	0	0	0	0	0	0	0	0	0	0	0	0	0	0	0	0	0	0	0	0	192	0	0	0	0	0	0	0	0	0	0	0	0	0	0	0	0	0	0	0	0	0	0	0	0	0	0	192	0	0	0	0	0	0	0	0	0	0	0	0	0	
0	0	0	0	0	0	0	0	0	0	0	0	0	0	0	0	0	192	0	0	0	192	0	0	192	0	0	0	0	0	0	0	0	0	0	0	0	0	0	0	0	0	0	0	0	0	0	0	0	0	0	0	0	0	0	0	0	0	0	0	0	0	0	0	0	0	0	0	0	0	0	0	0	0	0	0	0	0	0	0	0	0	0	0	0	0	0	0	0	0	0	0	0	0	0	0	0	0	0	0	0	0	0	0	0	0	0	0	0	0	0	0	0	0	0	0	0	0	0	0	
0	0	0	0	0	0	0	0	0	0	0	0	0	0	192	0	0	0	0	0	0	0	0	0	0	0	0	0	0	0	0	0	0	0	0	0	0	0	0	192	0	0	0	0	0	0	0	0	0	0	0	0	0	0	0	0	0	0	0	0	0	0	0	0	0	0	0	0	0	0	0	0	0	0	0	0	0	0	0	0	0	0	0	0	0	0	0	0	0	0	0	0	0	0	0	0	0	0	0	0	0	0	0	0	0	0	0	0	0	0	0	0	0	0	192	0	0	0	0	0	
0	0	0	0	0	0	0	0	0	0	0	0	0	0	0	0	0	0	0	0	0	0	0	0	0	0	192	0	0	0	0	0	0	0	0	0	0	0	0	0	0	0	0	0	0	0	0	0	0	0	0	0	0	0	0	0	0	0	0	0	0	0	0	0	0	0	0	0	0	0	0	192	0	0	0	0	0	0	0	0	0	0	0	0	0	0	0	0	0	0	0	0	0	0	0	0	0	0	0	0	0	0	0	0	0	0	0	192	0	0	0	0	0	0	0	0	0	0	0	0	
0	0	0	0	0	0	0	0	0	0	0	0	0	0	0	0	0	0	0	0	0	0	0	0	0	0	0	0	0	0	0	0	0	0	0	0	0	0	0	0	0	0	0	0	0	0	0	0	0	0	0	0	0	0	0	0	0	0	0	0	0	0	0	0	192	0	0	0	0	0	0	0	0	0	0	0	0	0	0	0	0	0	0	0	0	0	192	0	0	0	0	0	0	0	0	0	0	0	0	0	0	0	0	0	0	0	0	0	0	0	0	0	0	0	0	0	0	0	0	192	
0	0	0	0	0	0	0	0	0	0	0	0	0	0	0	192	0	0	0	0	0	0	0	0	0	0	0	0	0	0	0	0	0	0	0	0	0	0	0	0	0	0	0	0	0	0	0	0	0	0	0	0	0	0	0	0	0	0	0	0	0	0	0	0	0	0	0	0	0	0	0	192	0	0	0	0	0	192	0	0	0	0	0	0	0	0	0	0	0	0	0	0	0	0	0	0	0	0	0	0	0	0	0	0	0	0	0	0	0	0	0	0	0	0	0	0	0	0	0	0	
0	0	0	0	0	0	0	0	0	0	0	0	0	0	0	0	0	0	0	0	0	0	0	0	0	0	0	0	0	0	0	0	0	0	0	0	0	0	0	0	0	0	0	0	0	0	0	0	0	0	0	0	0	0	0	0	0	0	0	0	0	0	0	0	0	0	0	0	0	0	0	0	0	192	0	0	0	0	0	0	0	0	0	0	0	0	0	0	0	0	0	192	0	0	0	0	0	0	0	0	0	0	0	0	0	0	0	0	0	0	0	0	0	192	0	0	0	0	0	0	
0	0	0	0	0	0	0	0	0	0	0	0	0	0	0	0	0	0	0	0	0	0	0	0	0	0	0	192	0	0	0	0	0	0	0	0	0	0	0	0	0	0	0	0	0	0	0	0	0	0	0	0	0	0	0	0	0	0	0	0	0	0	0	0	0	0	0	0	0	0	0	0	0	0	0	0	0	0	0	0	192	0	0	0	0	0	0	0	0	0	0	0	0	0	0	0	0	0	0	0	0	192	0	0	0	0	0	0	0	0	0	0	0	0	0	0	0	0	0	0	
0	0	0	0	0	0	0	0	0	0	0	192	0	0	0	0	0	0	0	0	0	0	0	0	0	0	0	0	0	0	0	0	0	0	0	0	0	0	0	0	0	0	0	0	0	0	0	0	0	0	0	0	0	0	0	0	0	0	0	0	0	0	0	0	0	0	0	0	0	0	0	0	0	0	0	192	0	0	0	0	0	0	0	0	0	0	0	0	0	0	0	0	0	0	0	0	0	0	0	0	0	0	0	0	0	0	0	0	0	0	0	0	0	0	0	192	0	0	0	0	
0	0	0	0	0	0	0	0	0	0	0	0	0	0	0	0	0	0	0	0	0	0	0	0	0	0	0	0	0	0	0	0	0	0	0	0	0	0	0	0	0	0	0	0	0	0	0	0	0	0	0	0	0	0	0	0	192	0	0	0	0	0	0	0	0	0	0	0	0	0	0	0	0	0	0	0	0	0	0	0	0	0	0	0	0	0	0	0	0	0	0	0	0	0	0	0	0	0	0	0	0	0	0	0	192	0	192	0	0	0	0	0	0	0	0	0	0	0	0	0	
0	0	0	0	0	0	0	0	0	0	0	0	0	0	0	0	0	0	0	0	0	0	0	0	0	0	0	0	0	0	0	0	0	0	0	0	0	0	0	192	0	0	0	0	0	0	0	0	0	192	0	0	0	0	0	0	0	0	0	0	0	0	0	0	0	192	0	0	0	0	0	0	0	0	0	0	0	0	0	0	0	0	0	0	0	0	0	0	0	0	0	0	0	0	0	0	0	0	0	0	0	0	0	0	0	0	0	0	0	0	0	0	0	0	0	0	0	0	0	0	
0	0	0	0	0	0	0	0	0	0	0	0	0	0	192	0	0	0	0	0	0	0	0	0	0	0	0	0	0	0	192	0	0	0	0	0	0	0	192	0	0	0	0	0	0	0	0	0	0	0	0	0	0	0	0	0	0	0	0	0	0	0	0	0	0	0	0	0	0	0	0	0	0	0	0	0	0	0	0	0	0	0	0	0	0	0	0	0	0	0	0	0	0	0	0	0	0	0	0	0	0	0	0	0	0	0	0	0	0	0	0	0	0	0	0	0	0	0	0	0	
0	0	0	0	0	0	0	0	0	0	0	0	0	0	0	0	0	0	0	0	0	0	0	0	0	0	0	0	0	0	0	0	0	0	0	0	0	0	0	0	0	0	0	0	0	0	0	0	0	0	0	0	0	0	0	0	0	0	0	0	0	0	0	192	0	0	0	0	0	0	192	0	0	0	0	0	0	0	0	0	0	0	0	0	0	0	0	0	0	0	0	0	0	0	0	0	0	0	0	0	0	0	0	0	0	0	0	0	0	0	0	0	0	0	0	0	0	0	192	0	
0	0	192	0	0	0	0	0	0	0	0	0	0	0	0	0	0	0	0	0	0	0	0	192	0	0	0	0	0	0	0	0	0	0	0	0	0	0	0	0	0	0	0	0	0	0	0	0	0	0	0	0	0	0	0	0	0	0	0	0	0	0	0	0	0	0	0	0	0	0	0	0	0	0	0	0	0	0	0	0	0	0	0	0	0	0	0	192	0	0	0	0	0	0	0	0	0	0	0	0	0	0	0	0	0	0	0	0	0	0	0	0	0	0	0	0	0	0	0	0	
0	0	0	0	0	0	0	0	0	0	0	0	0	0	0	0	0	0	0	0	0	0	0	0	0	0	0	0	0	0	0	0	0	0	0	0	0	0	0	0	0	0	0	0	0	0	0	0	0	0	0	0	0	0	0	0	0	0	0	0	0	0	0	0	0	0	0	192	0	0	0	0	0	0	0	0	0	0	0	0	0	0	0	0	0	0	0	0	0	0	0	0	192	0	0	0	0	0	0	0	0	0	0	0	0	0	0	0	0	0	192	0	0	0	0	0	0	0	0	0	
0	0	0	0	0	0	0	192	0	0	0	0	0	0	0	0	0	0	0	0	0	0	0	0	0	0	0	0	0	0	0	0	0	0	0	0	0	0	0	0	0	0	0	0	0	0	0	0	0	0	0	192	0	0	0	0	0	0	0	0	0	0	0	0	0	0	0	0	0	0	0	0	0	0	0	0	0	0	0	0	0	0	0	0	0	0	0	0	0	0	192	0	0	0	0	0	0	0	0	0	0	0	0	0	0	0	0	0	0	0	0	0	0	0	0	0	0	0	0	0	
0	0	0	0	0	0	0	0	0	0	0	0	0	0	0	0	0	0	0	0	0	0	0	0	0	0	0	0	0	0	0	0	0	0	0	0	0	0	0	0	0	0	0	0	0	0	192	0	0	0	0	0	0	0	0	0	0	0	0	0	0	0	0	0	0	0	0	0	0	0	0	0	0	0	0	0	0	0	0	0	0	0	0	192	0	0	0	0	0	192	0	0	0	0	0	0	0	0	0	0	0	0	0	0	0	0	0	0	0	0	0	0	0	0	0	0	0	0	0	0	
0	0	0	0	0	192	0	0	0	0	0	0	0	0	0	0	0	0	0	0	0	0	0	0	0	0	0	0	0	0	0	0	0	0	0	0	0	0	0	0	0	0	0	0	0	0	0	0	0	0	0	0	0	0	0	0	0	0	0	0	192	0	0	0	0	0	0	0	0	0	0	0	0	0	0	0	0	0	0	0	0	0	0	0	0	0	0	0	0	0	0	0	0	192	0	0	0	0	0	0	0	0	0	0	0	0	0	0	0	0	0	0	0	0	0	0	0	0	0	0	
0	0	0	0	0	0	0	0	0	0	0	0	0	0	0	0	0	0	0	0	0	192	0	0	0	0	0	0	0	0	0	0	0	0	0	0	0	0	0	0	0	0	0	0	192	0	0	0	0	0	0	0	0	0	0	0	0	0	0	0	0	0	0	0	0	0	0	0	0	0	0	0	0	0	0	0	0	0	0	0	0	192	0	0	0	0	0	0	0	0	0	0	0	0	0	0	0	0	0	0	0	0	0	0	0	0	0	0	0	0	0	0	0	0	0	0	0	0	0	0	
0	0	0	0	0	0	0	0	0	0	0	0	0	0	0	0	0	0	0	0	0	0	0	0	0	0	0	0	0	0	0	0	0	0	0	0	0	0	0	0	0	0	0	0	0	0	0	0	0	0	0	0	0	0	0	0	0	0	0	0	0	192	0	0	0	0	0	0	0	192	0	0	0	0	0	0	0	0	0	0	0	0	0	0	0	0	0	0	0	0	0	0	0	0	192	0	0	0	0	0	0	0	0	0	0	0	0	0	0	0	0	0	0	0	0	0	0	0	0	0	
0	0	0	0	0	0	0	0	0	0	0	0	0	0	0	0	0	0	0	0	0	0	0	0	0	0	0	0	0	0	0	0	0	0	0	0	0	0	0	0	0	0	0	0	0	0	0	0	0	0	0	0	0	0	0	0	0	0	0	0	0	0	0	192	0	0	0	0	0	0	0	0	0	0	0	0	0	0	0	0	0	0	0	0	0	0	0	0	0	0	0	0	0	0	0	0	0	0	0	192	0	0	0	0	0	0	0	0	0	0	0	0	0	0	0	0	0	192	0	0	
0	192	0	0	0	0	0	0	0	0	0	0	0	0	0	0	0	0	0	0	0	0	0	0	0	0	0	0	0	0	0	0	0	0	0	0	0	0	192	0	0	0	0	0	0	0	0	0	0	0	0	0	0	0	0	0	0	0	0	0	0	0	0	0	0	192	0	0	0	0	0	0	0	0	0	0	0	0	0	0	0	0	0	0	0	0	0	0	0	0	0	0	0	0	0	0	0	0	0	0	0	0	0	0	0	0	0	0	0	0	0	0	0	0	0	0	0	0	0	0	
0	0	0	0	0	0	0	0	0	0	0	0	0	192	0	0	0	0	0	0	0	0	0	0	0	0	0	0	0	0	0	0	0	0	0	0	0	0	0	0	0	0	0	0	0	0	0	0	0	0	0	0	0	0	0	0	0	0	0	0	0	192	0	0	0	0	0	0	0	0	0	0	0	0	0	0	0	0	0	0	0	0	0	0	192	0	0	0	0	0	0	0	0	0	0	0	0	0	0	0	0	0	0	0	0	0	0	0	0	0	0	0	0	0	0	0	0	0	0	0	
0	0	0	0	0	0	0	192	0	0	0	0	0	0	0	0	0	0	0	0	0	0	0	0	0	0	0	0	0	0	0	0	0	0	0	0	0	0	0	0	0	0	0	192	0	0	0	0	0	0	0	0	0	0	0	0	0	0	0	0	0	0	0	0	0	0	0	0	0	0	0	0	0	0	0	0	0	0	0	0	0	0	0	0	0	0	0	0	0	0	192	0	0	0	0	0	0	0	0	0	0	0	0	0	0	0	0	0	0	0	0	0	0	0	0	0	0	0	0	0	
0	0	0	0	0	0	0	0	0	192	0	0	0	0	0	0	192	0	0	0	0	0	0	192	0	0	0	0	0	0	0	0	0	0	0	0	0	0	0	0	0	0	0	0	0	0	0	0	0	0	0	0	0	0	0	0	0	0	0	0	0	0	0	0	0	0	0	0	0	0	0	0	0	0	0	0	0	0	0	0	0	0	0	0	0	0	0	0	0	0	0	0	0	0	0	0	0	0	0	0	0	0	0	0	0	0	0	0	0	0	0	0	0	0	0	0	0	0	0	0	
0	0	0	0	0	0	0	0	0	0	0	0	0	0	0	0	0	0	0	0	0	0	0	0	0	0	0	0	0	0	0	0	0	0	0	0	0	0	0	0	0	0	0	0	0	0	0	0	0	0	0	0	0	0	0	192	0	0	0	0	0	0	0	0	0	0	0	192	0	0	0	0	0	0	0	0	0	0	0	0	0	0	0	0	0	0	0	0	0	0	0	0	192	0	0	0	0	0	0	0	0	0	0	0	0	0	0	0	0	0	0	0	0	0	0	0	0	0	0	0	
0	0	0	0	0	0	0	0	0	0	0	192	0	0	0	0	0	0	0	0	0	0	0	0	0	0	0	0	0	0	0	0	0	0	0	0	0	0	0	0	0	0	0	0	0	0	0	0	0	0	0	0	0	0	0	0	0	0	0	0	0	0	0	0	0	0	0	0	0	0	0	0	0	0	0	0	0	0	0	0	0	0	0	0	0	0	0	0	192	0	0	0	0	0	0	0	0	0	0	0	0	0	0	0	0	0	0	0	0	0	0	0	0	0	0	192	0	0	0	0	
0	0	0	0	0	0	0	0	0	0	0	0	0	0	0	0	0	0	0	0	0	0	0	0	0	0	0	0	0	0	0	0	0	0	0	0	0	0	0	0	0	0	0	0	0	0	0	0	0	0	0	0	0	192	0	0	0	0	0	0	0	0	0	0	0	0	0	192	0	0	0	0	0	0	192	0	0	0	0	0	0	0	0	0	0	0	0	0	0	0	0	0	0	0	0	0	0	0	0	0	0	0	0	0	0	0	0	0	0	0	0	0	0	0	0	0	0	0	0	0	
0	0	0	0	0	0	0	0	0	0	0	0	0	0	0	0	0	0	0	0	0	0	0	0	0	0	0	0	192	0	0	0	0	0	0	0	0	192	0	0	0	0	0	0	0	0	0	0	0	0	0	0	0	0	0	0	0	0	0	0	0	0	0	0	0	0	0	0	0	0	0	0	0	0	0	0	0	0	0	192	0	0	0	0	0	0	0	0	0	0	0	0	0	0	0	0	0	0	0	0	0	0	0	0	0	0	0	0	0	0	0	0	0	0	0	0	0	0	0	0	
0	0	0	0	0	0	0	0	0	0	0	0	0	192	0	0	0	0	0	0	0	0	0	0	0	0	0	0	0	0	0	0	0	0	0	0	0	0	0	0	0	0	0	0	0	0	0	0	0	0	0	0	0	0	0	0	0	0	0	0	0	0	0	0	0	0	0	0	0	0	0	0	0	0	0	0	0	0	0	0	0	0	0	0	192	192	0	0	0	0	0	0	0	0	0	0	0	0	0	0	0	0	0	0	0	0	0	0	0	0	0	0	0	0	0	0	0	0	0	0	
0	0	0	0	0	0	0	0	0	0	0	0	0	0	0	0	0	0	0	0	0	0	0	0	0	0	0	0	0	0	0	0	0	0	0	0	0	0	0	0	0	0	0	0	0	0	0	0	0	0	0	0	0	0	0	0	0	0	0	0	0	0	0	0	0	0	0	0	0	0	0	0	192	0	0	0	0	0	0	0	0	0	0	0	0	0	0	0	0	0	0	0	0	0	0	0	0	192	0	0	0	0	0	0	0	192	0	0	0	0	0	0	0	0	0	0	0	0	0	0	
0	0	0	0	0	0	0	0	0	0	0	0	0	0	0	0	0	0	0	192	192	0	192	0	0	0	0	0	0	0	0	0	0	0	0	0	0	0	0	0	0	0	0	0	0	0	0	0	0	0	0	0	0	0	0	0	0	0	0	0	0	0	0	0	0	0	0	0	0	0	0	0	0	0	0	0	0	0	0	0	0	0	0	0	0	0	0	0	0	0	0	0	0	0	0	0	0	0	0	0	0	0	0	0	0	0	0	0	0	0	0	0	0	0	0	0	0	0	0	0	
0	0	0	192	0	192	0	0	0	0	0	0	0	0	0	0	0	0	0	0	0	0	0	0	0	0	0	0	0	0	0	0	0	0	0	0	0	0	0	0	0	0	0	0	0	192	0	0	0	0	0	0	0	0	0	0	0	0	0	0	0	0	0	0	0	0	0	0	0	0	0	0	0	0	0	0	0	0	0	0	0	0	0	0	0	0	0	0	0	0	0	0	0	0	0	0	0	0	0	0	0	0	0	0	0	0	0	0	0	0	0	0	0	0	0	0	0	0	0	0	
0	0	0	0	0	0	0	0	0	0	0	0	0	0	0	0	0	0	0	0	0	0	0	0	0	0	0	0	0	0	0	0	0	0	0	0	0	0	0	0	0	0	0	0	0	0	0	192	0	0	192	0	0	0	0	0	0	0	0	0	0	0	0	0	0	0	0	0	0	0	0	0	0	0	0	0	0	0	0	0	0	0	0	0	0	0	0	0	0	0	0	0	0	0	192	0	0	0	0	0	0	0	0	0	0	0	0	0	0	0	0	0	0	0	0	0	0	0	0	0	
0	0	0	0	0	0	0	0	0	0	0	0	0	0	0	0	0	0	0	0	192	0	0	0	0	0	0	0	0	0	0	0	0	0	0	0	0	0	0	0	0	0	0	0	0	0	0	0	0	0	0	0	0	0	0	0	0	0	0	0	0	0	0	0	0	0	0	0	0	0	0	0	0	0	0	0	0	0	0	0	0	0	0	0	0	0	0	0	0	0	0	0	0	0	0	0	0	0	192	0	0	0	0	0	0	0	0	0	0	0	0	0	0	0	0	0	0	0	0	192	
0	0	0	0	0	0	0	0	0	0	0	0	0	0	0	0	0	0	0	0	0	0	0	0	0	0	0	0	0	0	0	0	0	0	0	0	0	0	0	0	192	0	0	0	0	0	0	0	192	0	0	0	0	0	0	0	0	0	0	0	0	0	0	0	0	0	0	0	0	0	0	0	0	0	0	0	0	0	0	0	0	0	0	0	0	0	0	0	0	0	0	0	0	0	0	0	0	0	0	0	0	0	0	0	0	0	0	0	0	0	0	0	0	0	0	0	0	0	192	0	
192	0	0	0	0	0	0	0	0	0	0	0	192	0	0	0	0	0	0	0	0	0	0	0	0	0	0	0	0	0	0	0	192	0	0	0	0	0	0	0	0	0	0	0	0	0	0	0	0	0	0	0	0	0	0	0	0	0	0	0	0	0	0	0	0	0	0	0	0	0	0	0	0	0	0	0	0	0	0	0	0	0	0	0	0	0	0	0	0	0	0	0	0	0	0	0	0	0	0	0	0	0	0	0	0	0	0	0	0	0	0	0	0	0	0	0	0	0	0	0	
0	192	0	0	0	0	0	0	0	0	0	0	0	0	0	0	0	0	0	0	0	0	0	0	0	0	0	0	0	0	0	0	0	0	0	0	0	0	192	0	0	0	0	0	0	0	0	0	0	192	0	0	0	0	0	0	0	0	0	0	0	0	0	0	0	0	0	0	0	0	0	0	0	0	0	0	0	0	0	0	0	0	0	0	0	0	0	0	0	0	0	0	0	0	0	0	0	0	0	0	0	0	0	0	0	0	0	0	0	0	0	0	0	0	0	0	0	0	0	0	
0	0	0	0	0	0	0	0	0	0	0	0	0	0	0	192	0	0	0	0	0	0	0	0	0	0	0	0	0	0	0	0	0	0	0	0	0	0	0	0	0	0	0	0	0	0	0	0	0	0	0	0	0	0	0	0	0	0	0	0	0	0	0	0	0	0	0	0	192	0	0	0	0	0	0	0	0	0	0	0	0	0	0	0	0	0	0	0	0	0	0	0	0	0	0	0	0	0	0	0	0	0	0	0	0	0	0	192	0	0	0	0	0	0	0	0	0	0	0	0	
0	0	0	0	0	0	0	0	0	0	0	0	0	0	0	0	0	0	0	0	0	0	0	0	0	0	0	0	0	0	0	0	0	0	0	0	0	0	0	0	0	0	192	0	0	0	0	0	0	0	0	0	0	192	0	192	0	0	0	0	0	0	0	0	0	0	0	0	0	0	0	0	0	0	0	0	0	0	0	0	0	0	0	0	0	0	0	0	0	0	0	0	0	0	0	0	0	0	0	0	0	0	0	0	0	0	0	0	0	0	0	0	0	0	0	0	0	0	0	0	
0	0	0	0	0	0	0	0	0	0	0	0	0	0	0	0	0	0	0	0	0	0	0	0	0	0	192	0	0	0	0	0	0	0	0	0	0	0	0	0	0	0	0	0	0	0	0	0	0	0	0	0	0	0	0	0	0	0	0	0	0	0	0	0	0	0	192	0	0	0	0	0	192	0	0	0	0	0	0	0	0	0	0	0	0	0	0	0	0	0	0	0	0	0	0	0	0	0	0	0	0	0	0	0	0	0	0	0	0	0	0	0	0	0	0	0	0	0	0	0	
0	0	0	0	0	0	0	0	0	0	0	0	0	0	0	0	0	0	0	0	0	0	0	0	0	0	0	0	0	0	0	0	0	0	0	0	0	0	0	0	0	0	0	0	0	0	0	192	0	0	0	0	0	0	0	0	0	0	0	0	0	0	0	0	0	0	0	0	0	0	0	0	0	0	0	0	0	0	0	0	0	192	0	0	0	0	0	0	0	0	0	0	0	0	0	0	0	0	0	0	0	0	0	0	0	0	0	0	0	0	192	0	0	0	0	0	0	0	0	0	
0	0	0	0	192	0	0	0	0	0	0	0	0	0	0	0	0	0	0	0	0	0	0	0	0	0	0	0	0	0	0	0	0	0	0	0	0	0	0	0	192	0	0	0	0	0	0	0	0	0	0	0	0	0	0	0	0	0	0	0	0	0	0	0	0	0	0	0	0	0	0	0	0	0	0	0	0	0	0	0	0	0	0	0	0	0	0	0	192	0	0	0	0	0	0	0	0	0	0	0	0	0	0	0	0	0	0	0	0	0	0	0	0	0	0	0	0	0	0	0	
0	192	0	0	0	0	0	0	0	0	0	0	0	0	0	0	0	0	0	0	0	0	0	0	0	0	0	0	0	0	0	192	0	192	0	0	0	0	0	0	0	0	0	0	0	0	0	0	0	0	0	0	0	0	0	0	0	0	0	0	0	0	0	0	0	0	0	0	0	0	0	0	0	0	0	0	0	0	0	0	0	0	0	0	0	0	0	0	0	0	0	0	0	0	0	0	0	0	0	0	0	0	0	0	0	0	0	0	0	0	0	0	0	0	0	0	0	0	0	0	
0	0	0	0	0	0	0	0	0	0	0	0	0	0	0	0	0	0	0	0	0	0	0	0	0	0	192	0	0	0	0	0	0	0	0	0	0	0	0	0	0	0	0	0	0	0	0	0	0	0	0	0	0	0	0	0	0	0	192	0	0	0	0	0	0	0	0	0	192	0	0	0	0	0	0	0	0	0	0	0	0	0	0	0	0	0	0	0	0	0	0	0	0	0	0	0	0	0	0	0	0	0	0	0	0	0	0	0	0	0	0	0	0	0	0	0	0	0	0	0	
0	0	0	0	0	0	0	0	0	0	0	0	0	0	0	0	0	192	0	0	0	192	0	0	0	0	0	0	0	0	0	0	0	0	192	0	0	0	0	0	0	0	0	0	0	0	0	0	0	0	0	0	0	0	0	0	0	0	0	0	0	0	0	0	0	0	0	0	0	0	0	0	0	0	0	0	0	0	0	0	0	0	0	0	0	0	0	0	0	0	0	0	0	0	0	0	0	0	0	0	0	0	0	0	0	0	0	0	0	0	0	0	0	0	0	0	0	0	0	0	
0	0	0	0	0	0	0	0	0	0	0	0	0	0	0	0	0	0	0	0	0	0	0	0	0	0	0	0	0	0	0	0	0	0	0	0	0	0	0	0	0	0	0	0	0	0	0	0	0	0	0	0	0	0	0	192	0	0	0	0	0	0	0	0	0	0	0	0	0	0	0	0	0	0	0	0	0	0	0	0	0	0	0	0	0	0	0	0	0	0	192	0	0	0	0	0	192	0	0	0	0	0	0	0	0	0	0	0	0	0	0	0	0	0	0	0	0	0	0	0	
0	0	0	0	0	0	0	0	0	0	0	0	0	0	0	0	0	0	0	0	0	0	0	0	0	0	0	0	0	0	0	0	0	0	0	0	192	0	0	0	0	0	0	0	0	0	0	0	0	0	0	0	0	0	0	0	0	0	0	0	0	0	0	0	0	0	0	0	0	0	0	0	0	0	0	0	0	0	0	0	0	0	0	0	0	0	0	0	192	0	0	0	0	0	0	0	0	0	0	0	0	0	0	0	0	0	0	0	0	0	0	0	0	0	0	0	192	0	0	0	
0	0	0	0	0	0	0	0	0	0	0	0	0	0	0	0	0	0	0	0	0	0	0	0	192	0	0	0	0	0	0	0	0	0	0	0	0	0	0	0	0	0	0	0	0	0	0	0	0	0	0	0	0	0	0	0	0	0	0	0	0	0	0	0	0	0	0	0	0	0	0	0	0	0	0	0	0	0	0	0	0	0	0	0	0	0	0	0	0	192	0	0	0	0	0	192	0	0	0	0	0	0	0	0	0	0	0	0	0	0	0	0	0	0	0	0	0	0	0	0	
0	0	0	0	0	0	0	0	0	0	0	0	0	0	0	0	0	0	0	0	0	0	0	0	0	0	0	0	0	0	0	0	0	192	0	0	0	0	0	0	0	0	0	0	0	0	0	0	0	0	0	0	0	0	0	0	0	0	0	0	0	0	0	0	0	0	0	0	0	0	0	0	0	0	0	0	0	0	0	0	192	0	0	0	0	0	0	0	0	0	0	0	0	0	0	0	0	0	0	0	0	192	0	0	0	0	0	0	0	0	0	0	0	0	0	0	0	0	0	0	
0	0	0	0	0	0	0	0	0	192	0	0	0	0	0	0	0	0	0	0	0	0	0	0	0	0	0	0	0	0	0	0	0	0	0	0	0	0	0	0	0	0	0	0	0	0	0	0	0	0	0	0	0	0	0	0	0	0	0	0	0	0	0	0	0	0	0	0	0	0	0	0	0	0	0	0	0	0	0	0	0	0	0	0	0	0	0	192	0	0	0	0	0	0	0	0	0	0	0	0	0	0	0	0	0	0	0	0	192	0	0	0	0	0	0	0	0	0	0	0	
0	0	0	0	0	0	0	0	0	0	0	0	0	0	0	0	192	0	0	0	0	0	0	0	0	0	0	0	192	0	0	0	0	0	0	0	0	0	0	0	0	0	0	0	0	0	0	0	0	0	0	0	0	0	0	0	192	0	0	0	0	0	0	0	0	0	0	0	0	0	0	0	0	0	0	0	0	0	0	0	0	0	0	0	0	0	0	0	0	0	0	0	0	0	0	0	0	0	0	0	0	0	0	0	0	0	0	0	0	0	0	0	0	0	0	0	0	0	0	0	
0	0	0	0	0	0	0	0	0	0	0	0	0	0	0	0	0	0	0	0	0	0	0	0	0	0	0	192	0	0	0	0	0	0	0	192	0	0	0	0	0	0	0	0	0	0	0	0	0	0	0	0	0	0	0	0	0	0	0	0	0	0	0	0	0	0	0	0	0	0	0	0	0	0	0	0	0	192	0	0	0	0	0	0	0	0	0	0	0	0	0	0	0	0	0	0	0	0	0	0	0	0	0	0	0	0	0	0	0	0	0	0	0	0	0	0	0	0	0	0	
0	0	0	0	0	0	0	0	0	0	0	0	0	0	0	0	0	0	0	0	0	0	0	0	0	0	0	0	0	0	0	0	0	0	0	0	0	0	0	0	0	0	0	0	0	0	192	0	0	0	0	0	0	0	0	0	0	0	0	0	0	0	0	0	0	0	0	0	0	192	0	0	0	0	0	0	0	0	0	0	0	0	0	192	0	0	0	0	0	0	0	0	0	0	0	0	0	0	0	0	0	0	0	0	0	0	0	0	0	0	0	0	0	0	0	0	0	0	0	0	
0	0	0	0	0	0	0	0	0	0	0	0	0	0	0	0	0	0	0	0	0	0	0	0	0	0	0	0	0	0	0	0	0	0	0	0	0	0	0	0	0	0	0	0	0	0	0	0	0	0	0	0	0	0	0	0	0	0	0	0	0	0	0	0	0	0	0	0	0	0	0	0	0	0	0	0	0	0	0	0	0	0	0	0	0	192	192	0	0	0	0	0	0	0	0	0	0	0	0	0	0	0	0	0	0	0	0	0	0	0	0	192	0	0	0	0	0	0	0	0	
0	0	0	0	0	0	0	0	0	0	0	0	0	0	0	0	0	0	0	0	0	0	0	0	0	0	0	0	0	0	0	0	0	0	0	0	0	0	0	0	0	0	0	0	192	0	0	0	0	0	0	0	0	0	0	0	0	0	0	0	0	0	0	0	0	0	0	0	0	0	0	0	0	0	0	0	0	0	0	0	0	192	0	0	0	0	0	0	0	192	0	0	0	0	0	0	0	0	0	0	0	0	0	0	0	0	0	0	0	0	0	0	0	0	0	0	0	0	0	0	
0	0	0	0	0	0	0	0	0	0	0	0	0	192	0	0	0	0	0	0	0	0	0	0	0	0	0	0	0	0	0	0	0	0	0	0	0	0	0	0	0	0	0	0	0	0	0	0	0	0	192	0	0	0	0	0	0	192	0	0	0	0	0	0	0	0	0	0	0	0	0	0	0	0	0	0	0	0	0	0	0	0	0	0	0	0	0	0	0	0	0	0	0	0	0	0	0	0	0	0	0	0	0	0	0	0	0	0	0	0	0	0	0	0	0	0	0	0	0	0	
0	0	0	0	192	0	0	0	0	0	0	0	0	0	0	0	0	0	0	0	0	0	0	0	0	0	0	0	0	0	0	0	0	0	0	0	0	0	0	0	0	0	0	0	0	0	0	0	0	0	0	0	0	0	0	0	0	192	0	0	0	0	0	0	0	0	0	0	0	0	0	0	0	0	0	0	0	0	0	0	0	0	192	0	0	0	0	0	0	0	0	0	0	0	0	0	0	0	0	0	0	0	0	0	0	0	0	0	0	0	0	0	0	0	0	0	0	0	0	0	
0	0	0	0	0	0	0	0	0	0	0	0	0	0	0	0	0	0	0	0	0	0	0	0	0	0	0	0	0	0	0	0	192	0	0	0	0	0	0	0	0	0	0	0	0	0	0	0	0	0	0	0	0	0	0	0	0	0	0	0	0	0	0	0	0	0	0	0	0	0	0	0	0	0	0	0	0	0	0	0	0	0	192	0	0	0	0	0	0	0	0	0	0	0	0	0	0	0	192	0	0	0	0	0	0	0	0	0	0	0	0	0	0	0	0	0	0	0	0	0	
0	0	0	0	0	0	0	0	0	0	0	0	0	0	0	0	0	0	0	0	0	0	0	0	0	0	0	0	0	0	0	0	0	0	0	0	0	0	0	0	0	192	0	0	0	0	0	0	0	0	0	0	0	0	0	0	0	0	0	0	0	0	0	0	0	0	0	0	0	0	0	0	0	0	0	0	0	0	192	0	0	0	0	0	0	0	0	0	0	0	0	0	0	0	0	0	0	0	0	0	0	0	0	0	0	0	0	0	0	0	0	192	0	0	0	0	0	0	0	0	
0	0	0	0	0	0	0	0	0	0	0	0	0	0	0	0	0	0	0	0	0	0	0	0	0	0	0	0	0	0	0	0	0	0	0	0	0	0	0	0	0	0	0	0	0	0	0	0	0	0	0	0	0	0	192	0	0	0	0	0	0	0	0	0	0	0	0	0	0	0	192	0	0	0	0	192	0	0	0	0	0	0	0	0	0	0	0	0	0	0	0	0	0	0	0	0	0	0	0	0	0	0	0	0	0	0	0	0	0	0	0	0	0	0	0	0	0	0	0	0	
0	0	0	0	0	0	0	0	0	0	0	0	0	0	0	0	0	0	0	0	0	0	0	0	0	0	0	0	0	0	0	0	0	0	0	0	0	0	0	0	0	0	0	0	192	0	0	0	0	0	0	0	0	0	0	0	0	0	0	0	0	0	0	0	0	0	0	0	0	0	0	0	0	0	0	0	192	0	0	0	0	0	0	192	0	0	0	0	0	0	0	0	0	0	0	0	0	0	0	0	0	0	0	0	0	0	0	0	0	0	0	0	0	0	0	0	0	0	0	0	
0	0	0	0	0	0	0	0	0	0	0	0	0	0	0	0	0	0	0	0	0	0	0	0	0	0	0	0	0	0	0	0	0	0	0	0	0	0	0	0	0	0	0	192	0	0	0	0	0	0	0	192	0	0	0	0	0	0	0	0	0	0	0	0	0	0	0	0	0	0	0	0	0	0	192	0	0	0	0	0	0	0	0	0	0	0	0	0	0	0	0	0	0	0	0	0	0	0	0	0	0	0	0	0	0	0	0	0	0	0	0	0	0	0	0	0	0	0	0	0	
0	0	0	0	0	0	0	0	0	0	0	0	0	0	0	0	0	192	0	0	0	0	0	0	0	0	0	0	0	0	0	0	0	0	192	0	0	0	0	0	0	0	0	0	0	0	0	0	0	0	0	0	0	0	0	0	0	0	0	0	0	0	0	0	0	0	0	0	0	0	0	0	0	0	0	0	0	0	0	0	0	0	0	0	0	0	0	0	0	0	0	0	0	0	0	0	0	0	0	0	0	0	0	0	0	0	0	0	0	0	0	0	0	192	0	0	0	0	0	0	
0	0	0	0	0	0	0	0	192	0	0	0	0	0	0	0	0	0	0	0	0	0	0	0	0	0	0	0	0	0	0	0	0	0	0	0	0	0	0	0	0	0	192	0	0	0	0	0	0	0	0	0	0	192	0	0	0	0	0	0	0	0	0	0	0	0	0	0	0	0	0	0	0	0	0	0	0	0	0	0	0	0	0	0	0	0	0	0	0	0	0	0	0	0	0	0	0	0	0	0	0	0	0	0	0	0	0	0	0	0	0	0	0	0	0	0	0	0	0	0	
0	0	0	0	0	0	192	0	0	0	0	0	0	0	0	0	0	0	192	0	0	0	0	0	0	0	0	0	0	0	0	0	0	0	0	0	0	0	0	0	0	0	0	0	0	192	0	0	0	0	0	0	0	0	0	0	0	0	0	0	0	0	0	0	0	0	0	0	0	0	0	0	0	0	0	0	0	0	0	0	0	0	0	0	0	0	0	0	0	0	0	0	0	0	0	0	0	0	0	0	0	0	0	0	0	0	0	0	0	0	0	0	0	0	0	0	0	0	0	0	
0	0	0	0	0	0	0	0	192	0	0	0	0	0	0	0	0	0	0	0	0	0	0	0	0	0	0	0	0	0	0	0	0	0	0	0	0	0	0	0	0	0	0	0	0	0	0	192	0	0	0	0	0	0	0	0	0	0	0	0	0	192	0	0	0	0	0	0	0	0	0	0	0	0	0	0	0	0	0	0	0	0	0	0	0	0	0	0	0	0	0	0	0	0	0	0	0	0	0	0	0	0	0	0	0	0	0	0	0	0	0	0	0	0	0	0	0	0	0	0	
0	0	0	0	0	0	0	0	0	0	0	0	0	0	0	0	0	0	0	0	0	0	0	0	0	0	0	0	0	0	0	0	0	0	0	0	0	0	0	0	0	0	0	0	0	0	0	0	0	0	0	0	0	0	0	0	0	0	0	0	0	0	0	0	0	0	0	0	0	0	0	0	0	0	0	0	192	0	0	0	0	0	0	0	0	0	0	0	0	0	0	0	0	0	0	0	0	0	0	0	0	0	0	0	0	0	0	0	0	0	192	0	192	0	0	0	0	0	0	0	
0	0	0	0	0	0	0	0	192	0	0	0	0	0	0	0	0	0	0	0	0	0	0	0	0	0	0	0	0	0	0	0	0	0	0	0	0	0	0	0	0	0	0	0	0	0	0	0	0	0	0	0	0	0	0	0	0	0	0	0	0	0	0	0	0	0	0	0	0	0	0	0	0	0	192	0	0	0	0	0	0	0	0	0	0	0	0	0	0	0	0	0	0	0	0	0	0	0	0	0	0	0	0	0	0	192	0	0	0	0	0	0	0	0	0	0	0	0	0	0	
0	0	0	0	0	0	0	0	0	0	0	0	0	0	0	0	0	0	0	0	0	0	0	0	0	0	0	0	0	0	0	0	0	0	0	0	0	0	0	0	0	0	0	0	0	0	0	0	0	0	0	0	0	0	0	0	0	0	192	0	0	0	0	0	0	0	0	0	0	0	0	0	0	0	0	0	0	0	0	0	0	0	0	0	0	0	0	0	0	0	0	0	0	0	0	0	0	0	0	0	192	0	0	0	0	192	0	0	0	0	0	0	0	0	0	0	0	0	0	0	
192	0	0	0	0	0	0	0	0	0	0	0	0	0	0	0	0	0	0	0	0	0	0	0	0	0	0	0	0	0	0	0	0	0	0	0	0	0	0	0	0	0	0	0	0	0	0	0	0	0	0	0	0	0	0	0	0	0	0	0	0	0	192	0	0	0	0	0	0	0	0	0	0	0	0	0	0	0	0	0	0	0	0	0	0	0	192	0	0	0	0	0	0	0	0	0	0	0	0	0	0	0	0	0	0	0	0	0	0	0	0	0	0	0	0	0	0	0	0	0	
0	0	0	0	0	0	0	0	0	0	0	0	0	0	0	0	0	0	0	0	0	0	0	0	0	0	0	0	0	0	0	0	0	0	0	0	0	0	0	0	0	0	0	0	0	0	0	0	192	0	0	0	0	0	0	0	0	0	0	0	0	0	0	0	0	0	0	0	0	0	0	0	0	0	0	0	0	0	0	0	0	0	0	0	0	0	0	0	0	0	0	0	0	0	0	0	0	0	0	0	0	0	0	0	0	0	0	0	0	0	0	0	192	0	0	0	0	192	0	0	
0	0	0	0	0	0	0	0	0	0	0	0	0	0	0	0	0	0	0	0	0	0	0	0	0	0	0	0	0	0	0	0	0	0	0	0	0	0	0	0	0	0	0	0	0	0	0	0	0	0	0	0	0	0	0	0	0	0	0	0	0	0	0	0	0	0	0	0	0	0	0	0	0	0	0	0	0	0	0	0	0	0	0	0	0	0	0	0	0	0	0	0	0	0	0	0	0	192	0	0	0	0	0	192	0	0	0	0	0	0	0	0	0	0	0	0	0	192	0	0	
0	0	0	0	0	0	0	0	0	0	0	0	0	0	0	0	0	0	0	0	0	0	0	0	0	0	0	192	0	0	0	0	0	0	0	192	0	0	0	0	0	0	0	0	0	0	0	0	0	0	0	0	0	0	0	0	0	0	0	0	0	0	0	0	0	0	0	0	0	0	0	0	0	0	0	0	0	192	0	0	0	0	0	0	0	0	0	0	0	0	0	0	0	0	0	0	0	0	0	0	0	0	0	0	0	0	0	0	0	0	0	0	0	0	0	0	0	0	0	0	
0	0	0	192	0	0	0	0	0	0	0	0	0	0	0	0	0	0	0	0	0	0	0	0	0	0	0	0	0	0	0	0	0	0	0	0	0	0	0	0	0	0	0	0	0	0	0	0	0	0	0	0	0	0	0	0	0	0	0	0	0	0	0	0	0	0	0	0	0	0	0	0	0	0	0	0	0	0	0	0	0	0	0	0	0	0	0	0	0	0	0	0	0	0	0	0	0	0	0	0	0	0	0	0	0	0	0	0	0	0	0	0	0	192	0	0	192	0	0	0	
0	0	0	0	0	0	0	0	0	0	0	0	0	0	0	0	0	0	0	0	0	0	0	0	0	0	0	0	0	0	0	0	0	0	0	0	0	0	0	0	0	0	0	0	0	0	0	0	0	0	0	0	0	0	0	0	0	0	0	0	0	0	0	0	0	0	0	0	0	0	0	0	0	0	0	0	0	0	0	0	0	0	0	0	0	0	0	0	0	0	0	0	0	0	0	0	0	0	0	0	192	0	0	0	192	0	0	0	192	0	0	0	0	0	0	0	0	0	0	0	
0	0	0	0	0	0	0	0	0	0	0	0	0	0	0	0	0	0	0	0	0	0	0	0	0	0	0	0	0	0	0	0	0	0	0	0	0	192	0	0	0	0	0	0	0	0	0	0	0	0	0	0	0	0	0	0	0	0	0	0	0	0	0	0	0	0	0	0	0	0	0	0	0	0	0	0	0	0	0	0	0	0	0	0	0	0	0	0	0	0	0	0	0	0	0	0	0	0	0	0	0	0	0	192	0	0	0	0	0	0	0	0	0	0	0	0	0	0	192	0	
0	0	0	0	0	0	0	0	0	0	0	0	0	0	0	0	0	0	0	0	0	0	0	0	0	0	0	0	0	0	0	0	0	0	0	0	0	0	0	0	0	0	0	0	0	0	0	0	0	0	0	0	0	0	0	0	0	0	192	0	0	0	0	0	0	0	0	0	0	0	0	0	0	0	0	0	0	0	0	0	0	0	0	0	0	0	0	0	0	0	0	0	0	0	0	0	192	192	0	0	0	0	0	0	0	0	0	0	0	0	0	0	0	0	0	0	0	0	0	0	
0	0	0	0	0	0	0	0	0	0	0	0	0	0	0	0	192	0	0	0	0	0	0	0	0	0	0	0	192	0	0	0	0	0	0	0	0	192	0	0	0	0	0	0	0	0	0	0	0	0	0	0	0	0	0	0	0	0	0	0	0	0	0	0	0	0	0	0	0	0	0	0	0	0	0	0	0	0	0	0	0	0	0	0	0	0	0	0	0	0	0	0	0	0	0	0	0	0	0	0	0	0	0	0	0	0	0	0	0	0	0	0	0	0	0	0	0	0	0	0	
0	0	0	0	0	0	0	0	0	0	0	0	0	0	0	192	0	0	0	0	0	0	0	0	0	0	0	0	0	0	0	192	0	0	0	0	0	0	0	0	0	0	0	0	0	0	0	0	0	0	0	0	0	0	0	0	0	0	0	0	0	0	0	0	0	0	192	0	0	0	0	0	0	0	0	0	0	0	0	0	0	0	0	0	0	0	0	0	0	0	0	0	0	0	0	0	0	0	0	0	0	0	0	0	0	0	0	0	0	0	0	0	0	0	0	0	0	0	0	0	
0	0	0	0	0	0	0	0	0	0	0	0	0	0	0	0	0	0	0	0	0	0	0	0	0	192	0	0	0	0	0	0	0	0	0	0	0	0	0	0	0	0	0	0	0	0	0	0	0	0	0	0	0	0	0	0	0	0	0	0	0	0	0	0	0	0	0	0	0	0	0	0	0	0	0	0	0	0	192	0	0	0	0	0	0	0	0	0	0	0	0	0	0	0	0	0	0	0	0	0	0	0	0	192	0	0	0	0	0	0	0	0	0	0	0	0	0	0	0	0	
0	0	0	0	0	0	0	0	0	0	0	0	0	0	0	0	0	0	0	0	0	0	0	0	192	0	0	0	0	0	0	0	0	0	0	0	0	0	0	0	0	0	0	0	0	0	0	0	0	0	0	0	0	0	0	0	0	0	0	0	0	0	0	0	0	0	0	0	0	0	0	0	0	0	0	0	0	0	0	0	0	0	0	0	0	0	0	0	0	0	0	0	0	0	0	0	0	0	0	0	0	0	0	0	0	0	0	0	0	0	0	0	192	0	0	0	192	0	0	0	
0	0	0	0	0	0	0	0	0	0	0	0	0	0	0	0	0	0	0	0	0	0	0	0	0	0	0	0	0	0	0	0	0	0	0	0	0	0	0	0	0	0	192	0	0	0	0	0	0	0	0	0	0	0	0	0	0	0	0	0	0	0	0	0	0	0	0	0	0	192	0	0	0	0	0	0	0	0	0	0	0	0	0	0	0	0	0	0	0	0	0	0	0	0	0	192	0	0	0	0	0	0	0	0	0	0	0	0	0	0	0	0	0	0	0	0	0	0	0	0	
0	0	192	0	0	0	0	0	0	0	0	0	0	0	0	0	0	0	0	0	0	0	0	0	0	0	0	0	0	0	0	0	0	0	0	0	0	0	0	0	0	0	0	0	0	0	0	0	0	0	0	0	0	0	0	0	0	0	0	0	0	0	0	0	0	0	0	0	0	0	0	0	0	0	0	0	0	0	0	0	0	0	192	0	0	0	0	192	0	0	0	0	0	0	0	0	0	0	0	0	0	0	0	0	0	0	0	0	0	0	0	0	0	0	0	0	0	0	0	0	
0	0	0	0	0	0	0	0	0	0	0	0	0	0	0	0	0	0	0	0	0	0	0	0	0	0	0	0	0	0	0	0	0	0	0	0	0	0	0	0	0	0	0	0	0	0	0	0	0	0	0	0	0	0	0	0	0	0	0	0	0	0	0	0	0	0	0	0	0	0	0	0	0	0	0	0	0	0	0	0	0	0	0	0	0	0	0	0	0	0	0	0	0	0	0	192	0	0	0	192	0	0	0	0	0	0	0	0	0	192	0	0	0	0	0	0	0	0	0	0	
0	0	0	0	0	0	0	0	0	0	0	0	0	0	0	0	0	0	0	0	0	0	0	0	0	0	0	0	0	0	0	0	0	0	192	0	0	0	0	0	0	0	0	0	0	0	0	0	0	0	0	0	0	0	0	0	0	0	0	0	0	0	0	0	0	0	0	0	0	0	0	0	0	0	0	0	0	0	0	0	0	0	0	0	0	0	0	0	0	0	0	192	0	0	0	0	0	0	0	0	0	0	192	0	0	0	0	0	0	0	0	0	0	0	0	0	0	0	0	0	
0	0	0	0	0	0	0	192	0	0	0	0	0	0	192	0	0	0	0	0	0	0	0	0	0	0	0	0	0	0	192	0	0	0	0	0	0	0	0	0	0	0	0	0	0	0	0	0	0	0	0	0	0	0	0	0	0	0	0	0	0	0	0	0	0	0	0	0	0	0	0	0	0	0	0	0	0	0	0	0	0	0	0	0	0	0	0	0	0	0	0	0	0	0	0	0	0	0	0	0	0	0	0	0	0	0	0	0	0	0	0	0	0	0	0	0	0	0	0	0	
0	0	0	0	0	0	0	0	0	0	0	192	0	0	0	0	0	0	0	0	0	0	0	0	0	0	0	0	0	0	0	0	0	0	0	0	192	0	0	0	0	0	0	0	0	0	0	0	0	0	0	0	0	0	192	0	0	0	0	0	0	0	0	0	0	0	0	0	0	0	0	0	0	0	0	0	0	0	0	0	0	0	0	0	0	0	0	0	0	0	0	0	0	0	0	0	0	0	0	0	0	0	0	0	0	0	0	0	0	0	0	0	0	0	0	0	0	0	0	0	
0	0	0	0	0	0	0	0	0	0	0	0	0	0	0	0	0	0	0	0	0	0	0	0	0	0	0	0	0	0	0	0	0	0	0	0	0	0	0	0	0	0	0	0	0	0	0	0	0	0	0	0	0	0	0	0	0	0	0	0	0	0	0	0	0	0	0	0	0	0	0	0	0	0	0	192	0	0	0	0	0	0	0	0	0	0	0	0	0	0	0	0	0	0	0	0	0	0	0	0	0	0	192	0	0	0	0	0	0	192	0	0	0	0	0	0	0	0	0	0	
0	0	0	0	0	0	0	0	0	0	0	0	0	0	0	0	0	0	0	0	0	0	0	0	0	0	0	0	0	0	0	0	0	0	0	0	0	0	0	0	0	0	0	0	0	0	0	0	192	0	0	0	0	0	0	0	0	0	0	0	0	0	0	0	0	0	0	0	0	0	0	0	0	0	0	0	0	0	0	0	0	0	0	0	0	0	0	0	0	0	0	0	0	0	0	0	0	0	0	192	192	0	0	0	0	0	0	0	0	0	0	0	0	0	0	0	0	0	0	0	
0	0	0	0	0	0	0	0	0	0	0	0	0	0	0	0	0	0	0	0	0	0	0	0	0	0	0	0	0	0	0	0	0	0	0	0	0	0	0	0	192	0	0	0	0	0	0	0	0	0	0	0	0	0	0	0	0	0	0	0	0	0	0	192	0	0	0	0	0	0	0	0	0	0	0	0	0	0	0	0	0	0	0	0	0	0	0	0	0	0	0	0	0	0	0	0	0	0	0	0	0	0	0	0	192	0	0	0	0	0	0	0	0	0	0	0	0	0	0	0	
0	0	0	0	0	0	0	0	0	0	0	0	0	0	0	0	0	0	0	0	192	0	0	0	0	0	0	0	0	0	0	0	192	0	0	0	0	0	0	0	0	0	0	0	0	0	0	0	0	0	0	0	0	0	0	0	0	0	0	0	0	0	192	0	0	0	0	0	0	0	0	0	0	0	0	0	0	0	0	0	0	0	0	0	0	0	0	0	0	0	0	0	0	0	0	0	0	0	0	0	0	0	0	0	0	0	0	0	0	0	0	0	0	0	0	0	0	0	0	0	
61	86	41	34	60	29	19	94	55	1	100	119	23	62	53	12	113	88	91	82	20	30	107	61	19	91	42	50	107	38	29	55	34	66	50	0	5	93	28	114	41	12	66	75	26	68	80	55	54	1	67	28	1	98	24	14	89	43	28	2	11	64	85	54	68	79	54	110	32	118	6	79	116	24	9	31	22	11	4	43	35	51	108	6	80	39	78	87	89	91	112	75	60	67	85	62	94	94	4	13	59	47	41	118	80	92	33	117	60	91	49	103	90	71	78	18	56	29	117	58	66	60	20	45	38	112	15	95	49	45	106	85	119	58	116	117	94	66	2	91	58	4	71	13	34	3	73	87	96	29	14	62	44	23	97	32	1	37	89	33	77	6	106	86	20	118	89	93	84	9	11	90	50	70	46	11	10	40	69	92	106	101	95	99	71	50	88	51	93	20	53	4	106	48	107	32	34	42	71	46	75	105	38	11	74	104	70	3	68	14	58	59	31	22	97	17	57	117	59	40	78	53	72	41	88	104	26	53	62	101	105	37	42	47	55	2	118	119	44	44	113	109	106	78	22	2	106	47	117	23	20	49	7	46	97	52	100	63	100	83	55	115	92	37	112	52	42	37	33	18	0	114	57	110	111	62	2	66	119	89	69	54	114	110	52	35	88	76	38	99	51	62	110	118	51	99	76	21	66	100	112	50	17	116	45	29	24	91	99	119	81	9	43	2	29	48	86	62	107	81	21	116	63	69	97	6	56	77	60	100	72	41	13	15	23	28	86	1	23	13	65	90	48	14	30	19	84	96	117	30	84	43	49	26	64	90	18	51	50	68	57	87	2	67	87	57	82	64	45	73	43	52	28	113	101	37	32	95	69	33	114	46	67	65	71	85	66	104	93	51	50	59	72	115	77	96	31	36	10	108	45	42	69	19	8	89	59	10	29	48	41	88	32	11	85	47	95	38	35	14	7	72	24	82	109	37	2	95	118	26	85	115	94	19	38	106	107	79	34	73	98	58	47	47	88	57	16	6	97	97	77	6	3	119	112	49	91	31	96	47	46	40	49	82	112	102	104	82	87	38	98	57	0	45	13	119	40	80	53	39	75	44	7	38	72	94	9	50	18	19	62	23	47	112	78	107	107	98	83	10	84	6	59	58	71	33	116	24	113	112	2	96	23	24	115	71	85	22	10	43	1	8	78	1	104	25	107	21	71	7	31	108	83	119	86	28	80	38	45	90	68	57	33	42	59	62	95	82	36	56	53	110	34	29	63	51	107	34	66	32	108	117	4	103	74	33	1	63	17	84	102	45	15	60	80	61	41	52	5	21	36	82	73	105	116	108	81	39	31	53	10	115	98	67	50	75	58	28	101	3	3	83	104	81	75	15	89	10	103	35	19	97	92	14	109	102	119	35	68	28	12	113	115	69	90	110	15	30	26	113	81	14	52	0	26	78	27	106	3	86	86	66	102	71	102	55	35	3	53	100	99	50	20	48	111	22	92	109	33	91	80	26	58	17	44	39	38	96	5	17	57	10	84	95	74	25	62	71	7	94	117	117	56	91	49	99	79	119	100	74	85	24	91	96	93	24	22	29	3	23	14	0	12	49	23	13	92	4	94	106	25	61	56	18	71	49	106	20	116	108	113	28	84	36	25	16	21	118	57	92	36	103	61	4	28	100	66	24	13	73	21	82	50	52	67	57	104	42	49	113	101	23	60	71	5	9	33	25	52	55	1	76	90	84	18	53	24	7	81	66	93	66	89	40	90	28	16	49	108	4	112	9	30	9	27	47	64	26	67	88	49	76	45	78	109	37	19	76	28	74	4	91	10	106	85	82	49	55	99	79	28	104	34	89	43	58	35	48	92	9	82	3	21	1	64	92	99	0	49	14	113	100	68	57	54	100	115	42	0	81	1	51	113	100	12	10	68	57	62	81	47	19	28	88	7	36	18	102	18	36	16	21	93	93	90	73	42	117	58	78	0	102	110	75	32	115	40	100	42	27	30	79	45	42	69	84	85	39	100	71	55	53	43	37	68	106	50	37	55	1	56	5	46	11	22	38	32	36	115	20	41	98	86	54	60	115	102	13	102	60	67	87	80	47	89	4	80	112	81	10	68	43	78	67	82	0	69	88	13	54	99	100	48	14	60	95	96	19	56	42	45	44	5	1	55	88	86	116	98	34	48	99	9	47	9	84	85	107	89	20	116	87	16	108	74	12	9	40	4	42	7	95	66	43	58	10	77	24	74	13	114	37	75	49	22	68	11	47	19	89	18	119	99	18	19	7	109	60	92	81	6	52	99	20	80	100	28	108	109	16	101	116	58	19	76	94	83	105	109	38	48	110	116	42	80	63	87	108	78	54	108	112	15	56	96	11	12	8	12	23	0	118	12	22	59	54	3	23	117	14	3	51	95	41	31	27	111	37	38	89	86	59	24	94	77	54	94	37	109	111	106	29	103	93	20	16	100	48	2	66	29	37	65	60	8	75	89	51	25	34	34	89	37	2	27	26	74	66	0	75	93	92	37	23	119	72	30	27	52	119	38	39	90	55	44	60	48	105	86	107	87	20	37	35	98	72	10	107	116	95	69	30	71	118	87	102	1	20	67	89	114	86	118	91	82	36	75	25	32	5	107	69	15	38	87	64	91	41	12	33	115	109	68	119	83	100	72	113	92	110	9	25	52	50	78	13	26	72	8	47	6	97	90	53	37	74	14	24	53	86	87	27	114	53	9	13	47	102	77	82	90	117	64	49	86	45	53	22	97	50	44	112	112	100	23	62	77	50	108	34	102	24	46	39	42	2	87	38	96	77	6	68	91	35	39	100	93	81	106	51	62	69	13	2	105	46	40	14	14	88	9	49	112	33	109	110	119	52	42	60	72	54	85	15	38	7	94	50	104	57	60	106	58	107	90	59	58	42	60	58	92	45	19	74	3	11	24	51	22	88	94	94	67	28	115	92	83	61	25	97	86	49	97	22	5	100	17	102	31	95	88	33	53	90	71	57	32	86	118	112	114	9	91	15	23	109	117	8	91	92	70	65	0	15	26	91	61	78	1	102	21	80	51	57	16	63	62	29	35	57	24	29	38	0	62	99	20	36	24	107	21	67	31	46	8	63	30	44	91	80	20	26	23	5	46	8	119	16	72	23	101	111	92	45	83	55	96	64	115	82	14	5	118	115	88	79	38	27	3	58	35	31	14	117	53	3	70	65	55	84	6	89	11	17	26	42	58	43	82	48	104	2	61	52	35	49	65	49	53	16	27	114	25	93	102	78	25	110	101	89	15	88	66	71	41	92	64	70	49	78	4	49	32	40	45	24	110	64	10	39	59	14	30	73	68	81	44	114	62	82	22	16	8	75	102	89	113	2	21	39	50	0	52	36	108	36	78	64	41	73	103	85	32	47	7	72	65	15	111	118	71	24	31	80	100	86	16	88	48	49	119	60	46	11	114	76	76	83	32	43	62	5	90	58	108	70	108	28	93	56	88	114	52	67	40	91	13	49	116	68	46	26	117	67	67	28	63	29	41	78	12	39	9	66	53	20	86	32	98	84	104	33	92	85	119	28	86	95	0	22	82	63	73	53	99	51	37	89	118	32	100	102	88	75	14	118	72	35	91	88	85	34	47	16	93	77	82	117	46	51	4	112	75	33	74	9	87	57	35	59	39	107	115	102	84	113	98	7	26	32	117	10	56	41	32	101	118	62	4	70	116	29	92	3	3	67	47	74	93	75	31	106	24	32	93	3	76	4	32	64	3	6	96	98	5	23	67	34	18	110	42	99	92	10	93	13	72	46	81	38	87	97	25	98	43	58	114	49	14	2	10	44	63	72	92	69	113	41	80	41	97	105	32	52	6	84	33	97	96	91	96	77	31	107	34	49	25	73	108	83	11	53	64	23	111	77	45	26	51	73	105	20	37	51	82	35	56	115	75	109	36	114	87	96	60	100	25	34	109	46	119	103	101	94	6	107	9	112	67	52	75	58	74	93	75	103	31	80	3	38	82	97	92	28	26	17	101	70	7	14	5	16	15	20	16	80	86	87	33	41	43	92	81	22	82	65	89	35	7	77	67	109	51	115	113	25	43	46	41	85	87	45	105	41	47	77	41	5	67	2	58	101	114	24	73	104	116	82	51	64	18	46	31	19	78	9	99	63	43	101	46	47	44	29	22	44	2	18	71	2	20	92	89	19	85	29	38	90	83	44	97	69	76	105	32	31	102	68	34	9	66	92	24	52	15	73	93	45	89	51	98	50	11	113	112	113	80	10	11	68	11	2	33	101	40	70	90	64	119	42	85	72	0	22	117	105	12	91	84	0	83	56	84	13	0	103	2	17	89	43	117	19	71	118	78	100	24	96	24	118	74	5	9	22	83	27	3	26	109	49	100	83	76	29	28	48	50	33	108	106	100	64	79	35	82	19	26	105	52	37	61	104	117	98	77	73	59	71	59	52	16	67	107	74	57	44	89	108	95	64	74	68	84	76	65	34	84	94	25	79	105	92	35	119	48	70	63	117	16	4	3	103	102	4	23	15	13	22	47	11	11	118	1	32	61	8	65	42	97	60	95	85	17	70	84	32	104	94	10	8	101	24	54	110	111	102	12	73	99	71	78	85	112	103	116	2	72	46	40	56	103	108	107	89	117	33	9	100	4	97	10	52	87	59	115	3	69	49	38	8	12	51	111	86	112	54	93	83	117	40	15	45	91	43	103	60	65	65	20	113	82	58	98	85	86	66	27	108	87	8	43	79	74	13	104	54	101	15	84	108	115	108	14	6	11	113	8	6	111	77	35	83	94	52	13	93	20	21	83	90	43	96	2	74	2	20	75	58	106	7	61	103	88	69	99	68	62	100	44	81	105	20	0	64	32	7	112	50	10	6	87	50	86	29	74	27	48	20	116	86	44	73	91	97	23	67	96	26	38	85	108	61	38	33	49	55	48	18	71	32	110	116	69	33	89	101	31	114	102	55	90	11	37	36	67	0	106	118	75	101	29	70	113	52	36	112	105	84	95	116	94	104	110	0	45	41	30	61	56	87	77	54	99	81	109	96	80	97	51	75	101	88	57	17	3	112	34	34	51	4	22	99	114	21	66	24	28	84	108	1	61	94	37	14	73	106	34	112	38	5	67	101	9	31	49	91	9	106	66	0	42	112	63	24	56	112	111	7	104	70	45	40	39	18	71	55	95	38	51	119	78	113	59	103	51	110	106	20	101	104	45	109	71	82	76	43	101	79	11	53	72	78	64	22	46	94	44	33	13	82	42	7	31	96	13	85	96	19	91	93	16	36	93	77	2	75	105	68	116	113	29	72	44	66	84	93	78	19	37	17	97	49	20	104	16	105	7	8	105	8	90	57	69	106	109	52	38	66	35	37	18	67	65	18	69	109	47	102	18	93	85	118	12	5	63	112	41	75	35	90	64	90	49	118	51	59	100	28	82	103	44	53	39	62	74	115	106	26	31	35	48	67	80	25	60	87	51	30	59	51	78	39	106	70	105	31	105	27	83	88	15	19	109	108	43	34	15	6	47	30	11	86	12	0	99	51	86	97	5	9	98	49	38	29	72	101	81	45	49	78	32	51	37	45	115	96	1	32	83	117	96	51	21	34	34	48	104	66	52	54	21	103	13	40	119	48	41	117	33	95	76	20	81	38	82	57	77	85	71	67	89	2	117	51	85	87	20	4	43	12	62	101	49	54	102	77	53	71	28	7	44	113	19	118	84	56	67	72	50	116	2	31	94	19	20	37	58	68	66	31	96	83	82	65	51	97	21	60	114	107	95	117	83	68	12	118	19	57	102	77	107	83	88	87	67	105	77	116	52	89	65	26	21	59	74	26	106	11	13	64	86	25	48	100	3	5	13	102	62	93	91	93	59	66	35	97	53	56	92	96	73	11	18	50	101	9	26	50	86	27	33	38	46	58	6	20	78	2	54	42	78	103	25	7	117	30	104	39	75	73	0	79	68	0	57	8	69	95	88	113	74	92	114	61	80	30	66	60	119	36	38	4	15	92	60	21	22	93	9	70	108	4	41	78	113	94	29	63	110	10	54	40	28	2	68	17	83	19	16	9	66	45	81	31	16	90	38	53	20	69	57	45	36	76	92	55	33	65	13	28	66	35	87	1	93	33	43	112	23	108	75	61	79	79	14	50	73	56	113	96	77	77	35	77	25	55	38	24	52	28	49	78	115	7	101	75	48	118	8	58	1	57	30	74	31	14	24	64	108	53	30	85	2	69	61	118	99	61	90	57	29	0	49	82	14	1	44	67	78	113	2	71	91	75	42	39	16	38	91	55	114	113	111	38	30	21	15	8	104	103	81	43	36	53	46	113	37	113	74	115	101	100	61	54	57	2	80	7	61	56	96	86	13	25	51	55	12	33	18	42	57	1	98	27	58	12	81	65	13	113	26	49	24	101	85	19	57	93	104	61	87	4	119	1	89	98	98	114	66	78	65	26	56	58	111	77	85	50	6	114	33	31	78	111	103	86	13	85	78	79	77	40	99	26	64	88	113	116	24	56	98	2	58	110	105	58	69	38	65	9	104	55	22	94	45	98	55	112	92	61	96	5	5	90	90	75	28	3	98	18	81	117	100	15	32	73	98	40	86	10	85	48	81	19	118	29	31	51	64	56	109	108	39	10	117	80	41	29	78	8	112	23	59	30	52	71	109	37	45	47	61	13	106	40	31	114	65	18	69	114	60	88	91	41	96	33	112	96	38	69	116	67	45	63	32	10	40	56	117	25	98	94	90	11	118	22	69	111	108	11	31	31	31	47	47	11	91	38	23	78	9	32	102	47	23	99	101	0	0	62	16	45	8	40	50	29	118	5	24	15	72	44	89	57	91	33	58	94	10	15	65	75	10	5	78	104	40	25	91	97	84	15	12	21	58	44	17	81	5	2	111	84	83	41	23	103	41	31	98	51	92	96	95	7	72	111	85	6	42	11	19	66	57	52	37	44	102	41	90	69	99	88	90	35	37	109	27	65	90	118	75	117	25	14	46	4	93	72	34	100	27	33	5	74	97	61	93	87	107	17	44	115	100	92	19	29	30	32	67	43	106	90	95	91	73	68	48	33	91	22	32	81	110	74	4	12	80	70	50	45	51	70	59	108	65	46	60	1	49	51	45	101	25	10	94	87	81	59	63	26	12	90	65	25	34	109	82	81	13	50	69	59	37	90	85	105	32	24	107	39	77	9	68	26	21	111	22	42	90	80	66	101	6	111	17	4	15	101	44	111	103	64	73	14	81	110	44	24	31	106	109	83	32	44	118	1	35	32	11	39	34	35	94	49	77	37	91	91	49	97	73	82	115	46	31	10	93	104	49	27	99	68	106	56	70	81	13	15	99	66	113	59	88	9	45	51	48	13	80	74	66	96	76	24	5	119	53	102	65	109	38	73	54	48	21	111	100	48	39	37	87	27	100	24	10	112	76	74	76	63	114	61	66	47	16	70	94	109	97	103	33	93	34	3	57	76	118	40	105	115	49	81	68	113	85	17	56	2	11	66	75	97	88	47	25	96	5	89	34	13	85	34	65	108	38	18	100	1	118	68	54	23	27	51	59	26	75	83	49	79	43	51	41	21	95	3	109	50	71	100	37	81	22	67	96	3	14	94	30	54	72	42	48	93	12	87	77	97	9	33	100	38	91	25	28	55	41	24	43	72	106	55	111	12	93	82	117	55	35	82	56	98	104	90	39	37	29	44	44	49	9	56	76	77	84	67	24	40	102	87	54	27	77	10	93	9	63	76	39	58	16	22	23	47	75	32	47	28	7	104	101	54	23	119	116	66	117	38	71	70	97	41	22	27	63	66	18	0	35	82	48	84	66	44	21	64	68	115	19	76	115	110	118	99	98	21	110	63	46	62	65	75	16	96	108	42	80	40	81	63	13	93	54	12	4	48	44	64	112	67	96	17	27	31	29	111	37	16	112	105	51	82	73	77	62	80	74	32	58	48	80	84	67	9	66	84	20	7	117	119	45	104	92	118	105	56	83	75	89	25	102	119	118	66	112	66	110	57	81	91	59	119	21	58	38	60	85	58	9	11	88	105	85	21	17	23	70	88	36	59	13	27	38	76	22	87	98	111	46	9	28	11	93	94	23	45	5	43	59	39	59	101	88	70	111	73	35	47	35	90	19	33	114	113	97	19	98	69	13	63	52	94	7	8	2	34	95	105	50	12	43	80	39	106	34	82	26	36	95	38	47	74	91	75	42	117	72	16	8	46	40	89	57	16	52	19	60	115	69	1	66	6	92	86	18	58	61	99	52	75	22	20	41	17	40	98	22	8	0	37	117	73	117	54	111	109	65	119	93	53	38	16	56	50	99	77	59	40	15	2	37	73	44	90	84	95	18	108	35	81	55	50	59	74	86	100	50	9	79	91	44	82	51	59	88	101	25	37	33	52	55	70	90	36	100	62	58	8	48	59	111	17	27	82	88	61	33	0	24	29	56	1	87	71	79	70	71	0	92	50	18	49	97	7	103	4	61	102	96	91	51	14	7	98	52	73	15	94	70	88	12	101	47	117	52	99	68	26	67	106	113	43	19	4	97	31	16	89	38	101	112	48	62	67	104	70	63	112	7	51	85	75	10	99	42	115	38	64	59	59	2	43	112	93	28	71	65	88	56	83	40	98	25	108	78	40	92	10	2	70	82	67	102	36	99	99	30	113	84	56	97	60	48	111	49	46	4	18	21	12	109	71	20	67	92	7	36	19	5	72	115	115	9	12	46	55	41	99	3	13	13	25	85	114	31	9	41	28	36	57	18	54	42	47	106	28	117	93	28	13	51	91	106	111	74	8	3	118	11	95	35	105	63	1	43	25	72	24	21	47	112	62	116	68	20	39	8	48	86	77	111	95	59	117	48	15	36	7	71	85	101	93	1	96	115	48	45	32	82	80	105	82	72	22	16	49	65	0	49	22	50	71	30	8	9	110	24	42	82	109	2	67	27	70	26	5	7	73	102	81	23	118	31	16	52	95	109	114	47	84	97	65	17	101	86	49	110	58	99	79	81	77	22	65	7	60	5	96	17	31	115	52	59	40	100	107	94	46	1	47	39	66	65	54	45	57	57	36	19	35	101	111	105	35	26	72	66	102	20	92	88	76	112	47	41	61	55	11	40	46	94	36	83	52	116	24	72	55	20	99	10	31	56	19	107	6	76	82	22	99	97	90	6	108	31	46	43	27	72	74	112	51	109	28	47	119	41	97	80	13	16	32	46	72	84	107	33	9	101	52	0	44	86	113	94	36	86	96	89	38	96	51	17	61	48	90	46	75	23	37	24	31	38	105	83	34	24	80	107	85	48	97	63	116	0	57	15	111	94	33	27	87	91	56	19	11	64	43	84	32	113	103	62	86	7	82	49	113	90	108	16	68	92	61	27	118	72	2	80	90	88	82	42	87	34	90	70	7	87	86	47	71	86	95	99	75	68	26	13	68	92	7	54	78	75	16	4	48	16	95	76	80	90	85	54	118	14	52	16	108	92	34	53	51	77	74	6	4	58	12	92	11	50	7	6	12	79	71	107	88	43	87	36	79	42	96	4	62	42	19	57	70	29	69	57	60	27	116	6	112	65	103	0	5	89	23	89	14	99	48	47	61	95	9	108	119	72	109	86	108	46	68	106	23	76	79	11	114	93	53	24	76	58	50	74	82	34	66	93	5	72	22	115	70	41	87	61	99	83	12	99	10	63	66	17	36	72	81	103	10	115	77	108	60	48	113	93	44	32	40	79	71	58	17	99	54	116	20	6	83	107	16	32	58	88	59	101	84	7	116	56	78	31	10	50	6	81	102	2	85	94	83	41	85	8	45	57	62	48	21	1	72	45	51	71	74	90	10	12	112	58	99	14	107	64	11	7	8	45	26	20	61	5	62	117	38	95	111	29	19	39	51	8	32	45	89	93	30	117	77	58	32	2	37	84	82	61	104	25	117	60	95	54	98	73	2	52	11	73	86	69	12	66	86	11	10	73	59	38	43	90	73	106	115	94	98	10	60	30	97	26	42	11	54	0	4	90	81	96	28	85	33	45	113	99	71	62	5	56	46	117	67	43	92	44	58	37	65	76	64	59	45	82	39	86	25	23	44	94	58	96	72	32	34	17	15	10	31	99	70	59	60	47	47	64	2	16	95	119	12	50	0	119	115	111	54	57	12	39	8	70	36	59	65	36	55	79	25	65	119	63	35	67	95	114	67	79	51	84	74	18	67	96	119	35	56	85	57	57	3	95	24	99	28	36	56	112	10	106	43	77	76	110	21	74	65	4	50	73	97	99	50	69	109	25	49	86	71	82	103	78	70	25	43	11	114	76	111	57	36	26	7	8	25	64	72	24	6	6	71	87	14	1	56	58	55	15	49	22	23	12	45	115	111	87	74	28	57	37	4	5	76	76	6	71	15	105	17	77	91	0	117	115	51	102	97	99	71	80	29	84	104	18	88	39	45	40	114	31	49	11	42	71	60	81	23	90	119	95	26	68	47	33	14	82	42	9	78	3	15	118	76	89	112	116	55	117	116	9	55	71	20	10	83	29	112	49	8	109	2	65	99	64	2	71	40	43	55	20	113	119	115	85	104	31	83	64	24	46	70	98	28	94	108	52	18	45	23	96	94	66	28	118	48	107	68	64	55	57	86	4	111	0	62	28	17	86	91	118	11	59	85	13	33	32	113	112	22	102	113	56	27	79	94	21	106	5	9	76	35	9	36	108	69	37	32	114	72	57	51	84	114	26	95	84	69	111	103	109	98	25	2	28	68	1	98	34	98	72	55	86	54	7	72	41	53	92	44	0	43	88	94	9	112	59	46	32	100	39	60	100	58	102	106	29	107	119	38	63	19	71	31	78	4	80	114	118	99	113	119	26	81	95	70	58	34	79	109	55	96	101	38	37	86	24	104	115	101	83	102	41	21	107	2	57	111	67	106	33	19	11	1	54	116	90	63	60	47	101	96	115	82	57	53	114	8	118	78	36	65	43	45	84	59	6	68	63	5	44	81	66	37	64	115	51	64	9	37	6	20	97	111	0	109	67	69	117	62	27	56	55	16	51	115	48	106	30	25	95	72	74	26	86	38	77	65	90	83	27	103	20	17	23	75	6	16	12	47	23	54	95	104	104	59	84	18	86	100	96	19	61	68	1	45	20	47	46	74	50	84	87	54	119	69	85	76	45	99	90	56	56	28	54	27	74	24	39	47	67	101	37	118	84	70	50	109	21	61	24	29	68	87	73	79	0	118	66	1	45	79	107	85	99	47	107	14	47	24	12	112	88	57	78	65	2	90	48	108	98	118	4	76	82	34	105	94	4	109	82	46	80	115	118	104	4	93	81	1	111	83	1	98	69	15	48	67	90	90	0	114	47	81	91	107	15	116	83	21	112	18	53	69	112	30	61	36	72	30	85	58	42	112	31	24	61	60	12	8	23	47	74	110	118	70	40	48	49	41	34	83	87	92	79	31	11	0	93	20	70	40	54	107	89	113	27	42	70	89	113	9	29	28	45	98	30	19	101	91	95	43	114	110	105	66	15	88	82	57	25	25	61	34	97	86	105	44	114	17	25	12	63	113	24	79	96	8	12	65	2	22	26	58	101	67	6	119	116	41	101	63	111	53	107	8	54	55	6	50	10	5	63	4	96	56	73	33	10	26	94	108	58	87	22	92	116	87	73	16	85	82	41	0	30	61	110	27	55	35	43	40	103	42	29	107	10	61	73	40	75	25	77	81	81	19	16	8	61	49	24	1	12	20	103	14	75	106	82	104	116	11	45	80	13	41	70	35	42	111	47	26	77	67	69	31	81	27	44	29	49	16	100	59	15	115	87	5	76	5	54	27	33	107	17	9	45	17	69	22	82	110	86	62	78	51	11	19	68	18	25	30	53	8	89	87	76	75	108	57	29	42	116	30	51	67	41	82	38	24	35	57	38	101	48	63	59	72	111	83	89	112	2	99	82	70	42	68	67	55	114	24	111	49	45	98	89	75	75	37	62	94	108	96	23	26	16	78	108	2	31	111	93	74	85	32	69	97	48	33	19	24	49	115	88	56	66	58	105	56	36	7	12	73	22	19	35	117	55	27	40	41	59	24	84	18	107	26	15	24	93	50	112	114	14	109	101	41	54	74	2	29	93	109	75	44	18	65	75	87	14	6	114	33	100	109	5	12	70	113	93	102	78	22	29	2	54	61	38	94	39	15	78	25	13	68	0	68	95	112	115	42	64	18	63	1	108	87	81	52	4	44	65	1	35	91	31	86	48	16	47	75	8	85	13	24	68	65	69	17	107	37	94	29	56	19	27	107	8	79	24	28	77	37	80	110	1	29	107	101	118	45	54	72	57	83	9	45	99	10	35	83	12	111	38	108	63	7	104	44	27	64	112	62	69	77	59	93	92	49	11	52	118	44	23	41	42	96	79	86	70	10	73	82	3	8	73	44	110	44	48	22	117	42	74	25	88	82	109	84	76	115	9	39	48	51	49	57	68	26	71	102	56	59	23	81	43	66	2	32	108	26	97	91	1	23	99	110	44	43	19	101	64	92	85	74	109	24	13	95	69	47	2	63	64	20	84	60	27	8	86	65	81	14	29	42	86	100	78	21	89	14	95	63	38	104	108	63	52	104	48	30	23	57	110	3	108	22	82	107	11	66	98	96	103	69	80	10	16	106	44	72	25	38	16	14	97	117	118	36	81	119	11	90	13	24	66	19	96	119	2	16	27	16	93	38	72	57	10	103	28	108	80	61	119	92	27	82	104	72	15	80	9	49	19	101	75	86	57	83	100	108	10	27	75	80	7	10	25	4	32	8	6	58	56	12	71	71	8	56	88	118	74	116	69	44	51	15	112	76	100	35	21	18	96	78	39	0	55	26	1	96	49	60	47	94	13	104	93	16	95	95	53	44	30	118	40	116	9	90	39	111	103	108	105	5	77	61	52	23	31	96	2	77	84	45	5	47	44	31	112	119	116	84	15	63	11	12	25	98	26	32	111	102	28	84	71	3	31	119	91	45	41	94	32	5	30	17	37	49	70	73	76	80	59	16	70	118	47	108	65	17	50	111	70	95	83	110	32	55	42	47	49	113	23	109	98	82	63	26	108	86	80	89	44	38	74	8	45	20	105	60	19	52	15	60	98	90	71	67	95	29	96	119	87	28	15	75	102	39	24	19	16	99	89	30	25	20	115	101	61	77	105	8	74	55	80	12	76	86	112	94	52	8	0	51	89	85	25	109	8	11	92	57	87	1	44	115	30	100	25	69	110	38	55	58	53	48	88	77	108	65	117	81	2	69	53	27	118	91	102	2	60	93	52	111	115	100	70	50	117	116	5	22	46	89	39	46	117	37	76	59	19	37	86	76	3	16	111	103	98	83	58	71	63	93	57	112	108	76	49	3	20	40	62	52	114	83	19	48	48	16	54	37	4	1	15	71	103	34	4	55	23	70	98	6	39	96	28	96	92	40	91	5	71	27	36	88	58	27	27	57	4	110	50	33	57	50	30	90	9	45	90	74	37	40	30	13	24	85	112	13	76	84	69	71	19	105	78	38	65	3	61	13	68	35	1	75	52	81	109	11	60	66	94	8	64	45	3	63	63	48	96	80	36	23	61	0	14	117	78	5	117	79	67	57	22	111	70	9	36	15	110	45	40	108	112	54	49	61	100	41	66	83	109	81	85	38	16	68	45	8	74	11	107	85	30	94	75	39	53	34	63	26	119	31	54	70	52	57	72	67	43	36	51	101	11	33	41	96	99	9	75	41	119	96	10	59	97	40	35	100	1	32	39	34	35	17	93	77	48	56	119	104	114	65	82	113	21	14	30	113	107	117	13	42	56	19	24	8	115	54	49	1	101	62	15	24	102	117	16	0	107	3	50	45	52	46	106	50	79	29	117	57	14	1	50	32	10	19	12	113	57	110	35	17	5	8	2	108	51	96	8	100	72	108	117	97	50	35	7	110	97	85	80	113	89	89	33	95	29	55	16	62	76	85	79	82	54	14	97	87	30	117	29	93	84	40	88	118	57	99	34	77	12	100	39	68	106	92	29	83	116	41	23	27	83	100	5	13	104	27	3	103	74	95	85	85	82	73	57	68	110	2	53	22	21	104	45	45	109	94	12	73	9	105	36	67	63	2	92	64	80	17	91	97	77	78	46	8	32	115	29	112	64	28	84	27	18	119	37	118	66	45	114	96	84	70	16	29	63	60	33	103	93	78	5	46	119	63	85	28	78	62	115	26	50	22	15	2	119	117	23	75	53	62	82	82	89	57	77	1	25	28	10	56	49	85	98	76	51	3	22	96	60	22	112	80	74	90	85	17	34	86	51	6	8	93	28	118	110	116	10	112	119	50	32	67	87	27	14	28	73	21	115	66	36	82	99	22	18	44	58	29	108	22	1	60	18	72	69	50	14	17	59	37	88	22	30	75	7	52	3	1	55	41	73	28	37	65	3	81	63	106	31	21	33	89	98	29	64	66	33	15	81	106	0	69	
82	85	118	35	16	64	33	48	44	36	99	10	111	69	20	106	34	92	94	65	22	91	113	24	93	74	110	40	70	26	104	17	108	77	30	61	70	43	105	5	63	13	107	50	71	21	13	53	78	75	111	6	111	8	59	64	114	22	1	74	96	77	91	86	18	30	10	93	42	19	78	95	87	92	89	79	67	10	107	20	32	103	70	72	53	51	114	52	21	23	17	81	104	61	28	88	78	109	91	1	50	16	24	71	116	55	91	49	109	60	6	97	22	80	41	119	104	18	111	86	44	109	86	21	84	9	105	7	55	96	89	115	104	82	119	3	22	64	58	71	76	91	6	2	49	53	90	107	16	63	104	5	81	72	32	111	61	67	20	59	69	32	84	33	82	113	58	116	61	21	63	107	79	8	51	88	114	48	40	12	29	88	38	32	3	64	47	85	11	34	67	76	0	61	116	101	106	28	35	18	105	80	40	12	16	89	85	68	95	96	115	23	58	107	69	6	98	41	14	74	33	59	21	105	75	54	95	71	39	39	7	10	40	27	100	102	51	71	26	105	31	104	30	88	71	27	94	111	17	13	70	59	18	3	51	106	119	98	50	24	92	71	105	19	7	31	84	64	45	31	32	99	107	100	90	10	5	20	112	1	34	58	118	21	45	20	81	28	51	119	39	107	11	1	35	22	72	117	93	35	16	17	15	6	64	98	87	100	109	102	67	116	27	72	95	24	0	14	57	87	105	30	4	54	27	99	111	113	106	59	54	94	92	60	31	17	30	105	85	104	13	65	7	56	109	71	66	36	100	17	33	108	31	93	115	67	11	22	20	22	109	11	33	83	17	55	8	102	101	41	21	85	54	52	74	82	111	93	14	12	72	58	66	39	38	109	8	115	49	117	72	18	12	13	3	92	38	68	26	51	48	52	14	87	69	79	113	18	60	60	51	52	47	29	77	86	102	83	48	50	36	7	22	57	119	10	54	75	3	45	75	33	79	33	29	93	45	23	21	63	94	72	77	25	27	20	37	75	52	118	61	118	99	70	48	28	88	12	7	94	45	51	41	108	11	27	57	103	43	36	103	97	5	41	36	26	43	57	1	92	22	6	0	71	15	106	112	29	54	68	52	14	69	14	4	43	92	89	50	102	86	54	77	104	34	38	8	49	97	82	59	18	38	43	63	5	32	50	45	58	33	96	31	75	73	110	29	48	98	21	87	91	61	118	25	60	83	89	73	85	100	17	50	86	106	30	91	32	62	72	47	93	40	34	22	13	98	19	90	10	53	109	2	44	114	34	9	77	57	9	63	101	52	28	45	22	4	21	37	24	113	83	78	5	93	40	99	60	25	21	12	17	85	43	114	67	11	99	6	27	76	86	66	107	105	45	6	67	114	57	91	77	81	27	90	17	95	43	100	73	108	60	79	59	80	48	76	27	25	33	22	47	2	26	3	77	111	47	47	90	111	4	71	26	5	0	73	115	88	15	113	105	91	23	101	66	52	59	4	71	52	92	87	50	0	70	100	56	85	44	21	47	53	92	53	81	55	18	98	95	101	44	24	89	51	72	20	114	22	98	92	70	45	53	35	52	35	25	106	29	100	62	113	60	75	44	34	23	112	52	61	42	52	55	83	84	71	119	78	31	108	91	39	20	66	110	53	107	4	96	20	30	1	42	90	94	51	6	107	75	100	36	117	104	43	37	99	36	82	34	38	0	82	60	110	30	100	76	60	17	5	85	119	27	47	27	82	91	14	52	55	1	8	35	44	40	89	98	51	34	39	55	107	62	82	58	110	84	24	25	111	15	60	71	101	24	104	98	51	111	78	26	114	93	36	84	35	64	8	84	33	115	104	103	89	108	59	106	116	36	105	68	42	94	57	24	92	114	117	108	21	50	98	93	39	39	13	21	78	72	59	61	58	35	42	52	104	32	70	63	115	103	102	115	92	56	87	64	110	105	40	6	103	8	92	85	106	66	34	27	64	15	65	110	107	23	64	107	16	81	14	24	87	111	51	30	56	53	85	39	18	13	83	79	115	11	7	115	92	28	0	40	118	66	37	30	26	57	43	9	62	81	78	13	39	98	56	44	91	73	49	105	28	27	69	76	74	92	54	23	23	86	0	95	15	93	38	37	25	50	110	85	4	96	45	40	23	10	70	40	35	47	105	2	7	16	77	7	97	30	75	21	93	118	29	61	9	116	70	10	40	110	115	84	33	118	112	36	118	112	100	32	55	60	105	35	11	13	95	19	7	108	72	87	117	7	26	20	74	16	60	15	66	69	23	45	50	111	74	100	75	23	88	108	47	36	29	49	75	80	103	107	80	50	39	114	26	68	50	12	12	59	58	88	12	107	68	60	19	75	87	62	64	72	90	32	0	49	75	28	56	92	48	37	93	5	72	16	58	76	117	26	50	3	37	44	78	24	86	82	85	92	44	65	76	99	5	14	96	11	86	118	102	40	27	86	91	67	38	16	60	101	48	32	45	71	38	76	9	50	95	4	116	50	84	70	20	41	42	111	53	36	29	19	28	15	56	57	66	77	114	76	103	24	115	118	0	43	73	28	97	50	91	85	58	63	109	99	37	69	83	22	19	80	58	36	72	61	37	114	78	73	41	59	49	108	85	17	91	62	82	113	7	89	83	28	64	44	74	17	51	108	95	85	37	79	38	59	53	72	0	33	63	7	45	28	66	0	55	52	78	56	68	14	56	102	69	46	41	4	57	71	37	60	41	97	82	77	24	112	15	39	117	43	77	7	97	25	107	7	50	4	12	95	63	117	0	108	54	3	15	69	85	2	89	57	79	11	20	44	113	32	24	65	70	31	109	86	64	70	8	86	73	48	48	78	10	115	88	49	44	89	5	9	19	95	54	47	22	34	53	80	30	119	14	5	78	93	32	61	117	84	25	11	7	102	36	87	106	92	119	12	95	40	36	92	23	96	57	65	66	50	37	65	1	104	41	60	32	43	53	84	47	36	4	82	101	108	34	43	21	74	77	115	12	17	97	119	8	62	82	21	45	116	83	110	16	61	40	76	14	103	61	98	117	37	77	40	72	63	101	22	43	95	65	77	41	41	97	84	85	20	53	71	103	52	43	33	63	109	87	24	87	69	33	43	89	80	24	36	0	89	80	67	56	37	39	107	108	69	39	49	94	78	68	42	106	119	56	59	38	13	34	81	17	85	31	6	91	103	61	52	5	14	105	114	31	68	102	70	46	54	39	89	32	20	72	82	54	66	87	98	109	14	116	116	43	76	106	40	43	18	33	42	37	117	11	39	20	52	36	32	50	4	77	49	31	99	68	32	38	16	68	56	36	106	106	24	66	113	47	44	67	104	109	116	77	21	106	100	97	43	82	57	33	36	117	54	74	12	71	104	105	40	71	44	44	60	0	103	26	75	103	33	64	5	30	93	23	108	52	62	22	35	109	57	79	94	11	87	52	36	10	83	66	98	24	88	118	5	4	16	99	57	71	98	98	1	15	40	100	91	24	27	99	12	114	56	60	73	72	21	52	78	86	1	67	67	28	37	3	52	96	84	63	65	56	44	38	93	97	99	79	91	38	95	109	23	111	116	56	7	89	82	104	12	48	113	55	1	92	41	92	118	15	106	115	71	29	117	18	9	39	106	13	99	44	88	48	112	60	116	103	103	110	70	72	53	29	45	71	51	21	55	32	85	71	69	59	35	116	13	30	115	1	29	34	97	53	60	93	74	67	63	55	3	17	24	5	10	113	15	2	66	76	13	72	97	115	15	15	19	32	40	37	57	37	107	69	79	12	64	30	112	112	1	103	118	13	25	58	34	1	40	0	20	7	78	110	6	103	114	80	22	7	39	52	79	38	58	20	27	118	23	17	118	23	23	53	59	73	75	77	86	37	37	56	70	68	105	24	63	19	66	102	92	1	69	66	78	62	12	108	12	45	44	36	110	49	113	41	22	86	10	8	84	23	112	67	71	109	117	99	10	79	50	63	72	21	61	41	1	30	97	71	47	101	58	14	35	14	74	110	106	38	1	44	19	17	27	75	27	111	84	68	60	30	24	61	48	95	89	51	10	65	93	31	44	33	37	96	33	118	87	28	8	84	71	52	105	5	1	8	115	48	85	85	80	17	102	74	82	14	67	101	17	20	86	92	102	104	84	12	115	69	56	30	25	80	43	5	46	85	111	93	90	118	85	12	4	119	3	45	23	53	62	3	70	85	35	115	106	111	44	118	71	72	51	73	20	100	24	53	110	34	88	36	64	77	93	92	109	65	74	39	35	77	82	90	116	49	25	88	8	95	57	1	88	43	71	108	30	59	57	83	2	97	63	119	6	28	59	14	112	65	29	70	115	21	103	15	5	44	59	107	76	41	5	89	49	57	96	80	2	50	4	24	82	73	67	12	9	58	18	74	83	66	102	99	70	30	69	10	68	77	71	36	85	9	105	48	49	91	93	56	58	90	44	103	45	28	31	14	33	46	77	60	44	35	3	82	106	80	60	93	100	53	12	60	62	72	5	68	24	9	24	27	31	109	107	85	93	4	12	113	88	69	59	0	79	82	79	90	84	91	90	2	32	69	40	14	75	105	8	8	56	31	114	6	47	104	52	92	17	93	109	106	100	116	44	79	103	17	90	1	95	108	28	90	83	49	19	58	4	108	35	103	37	12	86	36	102	34	38	38	16	60	64	52	52	19	36	54	9	88	73	53	102	33	38	118	13	112	41	84	2	9	7	95	119	41	26	8	58	104	96	62	14	111	107	67	57	12	31	60	77	3	3	86	111	98	48	21	9	91	63	68	90	88	79	37	112	65	101	111	65	29	23	20	92	7	0	21	78	1	44	61	103	54	117	110	42	113	52	32	108	83	91	27	85	68	85	37	86	69	18	23	47	0	37	59	118	13	71	95	60	43	57	51	57	67	66	66	102	77	15	81	47	109	37	82	69	97	22	43	115	0	110	65	1	77	7	113	79	22	27	68	35	80	23	9	34	25	119	59	74	100	81	92	107	40	29	97	7	25	57	82	15	81	34	67	69	96	36	39	103	83	103	58	101	100	59	92	54	13	33	24	3	78	93	115	36	15	76	103	110	41	105	69	25	51	83	29	60	17	44	73	13	79	82	95	109	92	86	31	11	104	97	94	89	28	95	78	35	92	78	61	5	8	64	70	67	108	19	116	29	58	8	17	50	99	0	22	69	8	92	100	92	87	53	68	51	72	83	58	98	107	56	4	72	107	1	95	61	20	8	5	88	87	24	13	86	106	112	47	113	77	29	94	17	18	60	38	62	5	56	43	77	55	69	33	37	95	71	42	70	40	66	89	118	27	16	102	93	49	2	92	83	115	40	113	67	3	43	97	4	113	37	20	105	93	81	83	11	104	28	101	58	59	23	47	96	70	86	103	55	109	59	65	47	108	77	119	41	101	57	32	97	104	52	89	38	42	11	31	46	80	67	7	38	14	113	71	106	42	42	107	15	17	30	7	4	104	93	74	82	95	110	78	107	81	118	23	47	45	70	112	25	117	66	114	84	67	72	60	50	76	5	68	82	0	76	48	104	77	40	38	26	111	3	12	64	118	61	4	2	47	2	4	28	29	21	104	13	38	38	76	115	52	6	114	26	1	60	106	46	42	7	34	94	60	81	77	16	42	5	29	25	9	88	77	76	18	86	112	106	101	3	48	79	98	22	102	63	52	2	79	79	119	94	40	98	25	27	9	106	48	53	118	45	80	2	92	108	101	54	59	104	113	18	42	14	107	15	6	57	52	7	39	103	87	13	12	69	109	87	51	48	45	110	93	16	114	64	40	9	62	104	89	98	55	9	10	90	32	28	5	79	79	82	75	33	13	77	42	51	78	70	91	18	4	12	116	48	44	57	42	73	27	5	44	39	43	79	48	60	42	0	23	6	113	67	76	53	44	115	97	88	71	64	108	14	62	111	10	26	52	99	28	2	102	74	71	62	37	54	10	94	87	82	67	14	93	76	81	71	21	59	37	11	7	40	103	57	21	70	16	31	46	4	97	47	52	53	92	103	20	13	112	53	75	9	85	23	84	79	108	112	41	50	72	50	80	110	91	39	78	113	81	103	87	63	32	105	9	14	116	4	1	13	118	79	77	83	96	7	42	74	68	109	63	63	32	94	11	79	77	64	63	10	41	71	90	32	4	32	44	38	2	14	109	118	104	12	75	77	20	37	7	14	63	91	55	104	56	42	75	52	47	51	82	113	64	106	85	56	73	36	106	67	75	28	52	105	34	79	52	98	102	94	1	7	47	89	70	57	37	62	102	47	21	82	20	111	102	32	3	59	93	83	45	45	32	26	9	101	70	78	24	26	23	40	80	12	119	29	55	96	109	55	99	19	86	77	27	22	60	72	54	15	3	97	68	42	93	54	74	22	117	100	75	50	79	23	46	58	38	99	21	72	5	95	51	103	2	45	48	112	40	87	79	39	61	41	117	32	5	74	118	67	37	91	96	11	83	6	37	33	29	20	49	25	47	13	51	31	26	66	70	96	48	61	54	99	51	30	70	16	119	55	86	104	33	80	30	96	74	20	55	55	73	86	88	61	34	58	33	52	17	28	44	66	119	53	116	4	117	13	30	79	4	88	98	2	88	25	10	99	102	27	83	102	58	115	91	9	50	61	95	55	92	56	72	58	19	107	25	86	20	25	40	49	31	43	95	78	98	46	46	35	7	119	48	78	36	37	34	68	61	0	59	94	103	83	108	100	9	63	60	22	113	37	25	102	79	46	79	9	32	89	26	21	37	119	37	39	59	23	28	94	57	96	19	33	19	105	100	79	114	25	92	46	72	27	105	4	104	90	45	81	9	27	51	37	42	4	69	69	3	118	44	2	85	25	16	93	105	98	44	61	56	115	106	101	25	97	39	53	81	35	25	69	81	110	25	18	30	72	20	6	79	38	90	85	119	60	68	82	12	58	42	90	72	55	107	89	94	110	1	9	80	12	83	29	27	107	50	74	66	15	78	23	58	98	40	75	110	18	118	28	23	26	81	118	109	25	3	53	113	14	73	85	18	105	72	71	18	104	86	55	52	26	62	107	94	53	17	72	83	90	88	100	82	14	28	60	32	112	86	56	88	41	82	109	63	67	39	68	60	26	34	57	58	58	16	35	19	12	103	97	106	61	95	36	52	79	67	115	44	60	45	114	43	44	102	2	13	94	68	69	42	65	35	112	15	3	101	51	51	46	94	25	17	86	17	81	4	37	52	61	62	13	44	90	36	57	80	45	28	65	49	78	70	5	50	86	56	38	56	8	114	100	80	68	24	24	8	68	30	24	53	24	119	75	71	117	62	103	56	57	75	86	112	78	109	18	14	103	47	97	100	61	58	102	78	92	53	64	56	7	6	68	46	86	32	101	116	29	107	87	59	60	85	79	118	88	28	106	32	83	55	49	97	56	105	53	71	31	111	85	13	67	42	45	68	21	45	80	106	68	16	56	79	59	111	84	59	23	32	89	99	60	45	24	47	84	108	110	85	23	75	85	119	108	7	73	46	74	115	25	47	112	110	37	107	47	6	67	105	43	118	0	58	98	69	45	41	39	63	36	95	91	90	112	101	0	54	48	23	75	39	72	115	33	15	1	10	99	69	59	10	62	36	54	31	81	51	93	110	46	92	45	49	99	71	116	33	109	89	97	104	78	108	41	56	32	108	27	79	76	30	58	47	109	98	32	44	110	34	3	116	54	85	111	75	68	100	72	66	17	36	15	69	99	60	79	21	100	44	34	79	5	84	117	49	78	78	80	83	104	9	84	58	101	37	26	13	101	41	63	89	118	5	56	54	116	0	87	11	67	69	28	26	88	16	3	83	20	77	81	105	68	26	69	2	118	36	62	98	87	39	16	80	75	34	70	65	75	64	87	67	87	29	38	92	113	34	4	117	85	41	72	42	23	87	94	59	13	109	11	115	76	50	56	113	97	64	7	94	69	90	106	116	93	48	103	59	25	95	93	43	75	114	73	47	116	61	96	4	67	26	67	36	92	50	2	109	38	10	85	13	85	77	116	106	11	25	13	2	69	44	104	24	83	46	63	113	99	102	36	18	60	54	32	55	73	19	118	59	34	7	97	12	19	88	56	38	112	96	29	22	66	81	25	107	112	88	6	96	77	32	12	104	10	60	34	65	9	8	43	54	101	112	111	104	39	101	60	1	67	84	13	62	36	46	119	59	104	67	14	92	23	117	118	60	42	23	2	52	86	46	111	118	67	84	106	95	95	12	76	20	39	32	20	88	118	33	56	91	3	89	14	14	14	103	53	113	85	64	93	91	14	58	103	78	90	58	14	80	110	45	56	16	102	23	48	11	56	71	92	13	56	53	96	15	69	69	66	3	114	38	29	62	38	82	0	94	57	37	5	13	27	91	65	103	39	77	106	35	14	94	11	64	17	75	73	42	74	111	27	86	111	66	3	26	109	27	102	66	55	71	91	26	7	119	82	8	110	93	9	119	107	94	118	35	35	0	106	104	94	0	68	79	52	100	39	118	56	98	0	100	35	38	40	101	0	55	27	85	66	113	78	100	84	51	11	23	6	68	19	36	3	107	47	64	41	97	56	14	40	13	71	99	55	40	19	18	90	68	31	24	47	91	89	105	9	14	103	48	99	67	118	46	71	41	99	45	54	94	30	15	48	104	14	84	111	55	68	45	97	60	108	105	74	13	113	25	107	14	89	68	67	7	76	74	26	94	27	4	49	21	11	57	11	73	21	105	27	0	73	51	99	95	2	19	75	119	95	50	93	65	28	55	105	40	54	29	1	106	90	27	29	39	33	80	43	108	65	33	24	30	41	32	106	86	70	85	10	82	109	72	63	48	74	116	18	93	15	24	104	89	77	63	35	26	88	113	78	48	104	6	115	4	29	9	26	13	109	7	9	17	84	103	27	48	60	118	53	29	57	46	75	57	90	65	113	17	16	69	62	30	74	88	112	4	100	28	21	60	11	62	108	24	41	100	88	90	75	111	111	57	13	60	45	80	30	56	87	116	42	32	82	102	69	79	12	118	10	60	23	97	61	91	9	119	119	76	31	26	77	4	91	61	1	35	100	110	74	58	20	38	110	61	33	84	20	43	79	91	30	48	79	18	16	15	70	37	19	32	52	46	104	97	21	64	89	32	80	69	62	43	32	13	111	109	1	1	114	52	24	60	56	119	87	14	64	102	1	62	41	82	1	98	105	114	28	45	119	13	41	32	20	82	113	36	113	96	6	52	4	84	4	38	114	34	105	69	101	64	16	60	110	53	43	17	34	58	104	32	111	89	8	102	87	65	61	107	60	9	52	77	33	37	45	37	40	11	30	78	60	34	31	1	26	102	59	90	45	90	63	78	27	31	105	69	118	46	17	5	102	92	35	18	50	21	65	61	39	12	1	10	1	89	43	97	49	45	0	83	74	44	70	7	0	93	74	111	18	6	42	114	4	74	76	28	35	110	49	91	14	76	11	91	110	117	14	86	54	104	49	83	9	86	55	70	32	1	31	92	72	86	85	107	117	17	72	46	92	1	52	4	83	93	100	112	20	55	61	39	97	23	23	42	44	80	30	42	52	90	73	38	58	44	34	62	30	78	39	96	6	0	70	82	109	52	4	75	34	56	11	77	21	51	103	113	98	46	76	25	101	93	76	6	37	68	14	109	31	98	105	70	104	108	0	117	23	104	116	71	44	96	82	119	32	110	22	81	54	62	62	17	19	75	13	79	100	20	73	107	101	32	46	66	102	15	10	38	106	98	76	84	21	52	15	114	53	53	10	55	85	118	109	96	115	95	74	10	43	68	13	116	13	63	86	110	76	53	9	43	61	46	60	26	2	11	100	97	20	84	119	83	106	4	73	0	37	97	87	37	61	77	85	4	106	118	49	93	117	49	81	6	69	68	18	15	65	104	61	69	59	118	1	35	44	73	41	32	116	55	109	30	78	75	7	14	81	2	9	80	78	70	35	68	100	47	42	102	106	63	103	60	72	20	65	97	14	107	112	67	86	64	110	13	71	82	37	5	103	2	81	2	17	37	14	10	81	18	61	114	18	21	99	31	49	114	110	5	42	40	97	98	103	10	20	108	52	2	58	59	91	61	69	59	18	41	113	106	107	64	50	90	6	85	14	3	13	0	109	30	4	98	92	104	71	93	92	90	85	11	59	35	92	99	48	106	94	92	47	89	24	72	58	47	14	34	79	58	42	40	106	33	46	11	101	113	13	4	98	64	43	32	102	64	44	25	8	42	77	82	105	44	100	56	30	98	99	47	64	96	101	92	65	56	52	61	55	32	68	92	20	92	15	108	110	67	110	52	101	1	24	51	71	26	68	80	42	71	29	13	31	89	36	15	64	93	74	91	84	24	95	27	53	75	69	24	98	39	20	2	37	46	79	75	41	72	4	1	103	118	84	77	2	34	28	92	60	3	5	88	61	78	84	93	45	37	93	79	66	88	43	66	73	118	111	80	83	19	80	84	43	45	61	91	64	86	53	107	0	57	101	59	106	40	25	9	103	112	22	71	16	24	82	0	58	100	56	95	93	93	44	75	78	93	117	76	28	98	45	97	92	38	22	99	55	92	44	51	87	84	42	77	104	88	61	99	48	100	21	49	100	0	118	34	6	76	74	67	54	101	72	98	99	54	12	86	17	55	22	52	80	93	44	106	109	11	82	15	54	101	119	25	3	78	88	48	100	31	75	85	95	52	42	92	27	85	22	71	109	24	78	100	88	68	18	6	99	51	25	14	65	31	63	113	40	99	49	8	90	29	34	97	106	55	32	119	5	93	48	51	100	2	78	118	106	103	83	42	26	76	86	40	80	108	67	100	64	117	56	2	55	43	110	66	115	18	74	39	71	56	113	99	17	22	94	37	5	21	20	12	64	58	111	35	105	86	71	17	30	21	13	1	77	78	116	63	4	21	83	71	4	74	39	118	85	49	53	80	90	21	16	89	104	118	111	12	75	66	98	65	51	82	115	44	25	74	107	91	73	106	98	102	64	0	38	56	110	108	96	4	86	55	113	44	107	34	99	84	31	20	102	95	35	30	1	23	1	112	1	91	49	99	17	109	88	33	29	84	70	37	111	60	117	1	40	72	104	45	63	19	67	64	53	15	7	86	15	20	14	82	73	20	23	86	110	53	76	107	78	63	45	6	16	95	108	14	74	20	39	25	51	63	19	61	71	12	62	25	10	80	96	36	117	92	95	66	66	54	101	21	45	26	55	37	71	95	44	1	31	69	85	58	1	65	73	30	105	86	50	0	21	69	15	22	74	35	8	32	93	42	39	57	11	118	56	18	9	3	6	10	66	87	91	83	96	102	101	51	22	3	20	42	109	98	36	64	86	39	12	72	85	78	18	91	112	19	61	103	61	97	84	1	92	4	72	50	27	71	10	100	105	92	112	68	107	0	111	17	8	60	26	44	68	59	68	105	114	80	114	2	5	81	97	72	81	85	38	37	50	42	61	96	81	58	50	38	117	79	111	111	99	66	112	92	33	88	83	8	79	76	32	32	37	99	17	1	60	75	103	52	49	66	9	35	34	55	91	100	30	92	79	74	9	54	5	87	117	41	24	11	77	84	99	77	20	57	75	55	50	63	46	39	13	40	118	37	45	73	10	15	5	33	99	95	55	3	67	113	117	107	49	116	117	98	1	18	45	95	111	25	33	71	101	108	54	115	111	95	112	102	65	97	26	79	91	41	44	108	77	19	91	62	55	63	14	21	26	76	79	110	19	49	92	106	37	19	49	47	91	46	62	102	106	110	94	49	64	66	52	68	54	14	110	80	54	63	5	109	113	61	59	88	49	66	104	30	46	93	116	93	59	117	100	83	110	70	101	4	0	71	94	115	54	59	94	89	52	107	86	5	73	87	35	104	7	63	100	30	39	98	85	2	71	74	23	71	60	28	90	11	75	12	113	106	49	8	59	70	3	101	84	4	91	90	8	43	13	58	59	29	70	93	42	86	51	63	54	30	96	60	90	102	4	95	62	93	96	37	18	116	114	105	25	8	86	41	10	55	27	0	37	50	24	42	79	52	90	75	99	45	99	74	13	0	48	18	51	24	96	45	51	50	29	12	9	73	25	58	63	43	53	84	117	57	8	72	8	44	8	89	16	50	14	33	8	98	63	75	103	54	75	44	105	45	87	23	17	28	52	116	8	17	50	106	101	108	65	38	39	78	28	79	42	31	34	2	58	59	21	69	73	74	55	45	55	110	90	71	22	21	74	28	10	33	103	45	117	72	38	111	64	8	119	8	13	10	76	87	10	8	32	95	4	118	25	52	37	65	72	35	73	91	49	42	61	76	102	26	113	76	46	107	110	102	89	89	115	111	60	90	97	51	19	117	17	61	68	114	56	32	12	8	61	52	101	90	11	107	99	109	8	39	88	101	44	105	51	69	98	28	99	31	51	63	16	117	52	110	19	34	118	90	30	12	45	45	28	78	119	111	79	105	27	29	24	104	57	112	98	13	106	66	112	63	63	118	64	74	13	98	31	50	67	24	88	41	13	86	108	80	74	17	10	63	26	109	77	52	83	5	44	86	28	78	10	74	82	38	36	119	61	82	35	21	117	19	95	107	92	20	116	97	84	38	83	31	38	8	29	94	5	85	76	103	63	118	109	4	108	53	11	29	25	38	41	106	113	116	111	84	104	4	77	69	39	2	39	106	10	60	109	57	107	51	66	74	83	84	88	112	3	83	81	17	55	51	40	42	39	31	58	94	3	61	74	77	90	20	77	87	50	101	89	64	56	2	116	13	24	39	109	23	10	17	119	30	82	36	110	22	57	111	17	48	38	59	115	48	114	19	7	92	63	100	108	112	22	23	77	117	115	49	2	22	48	89	105	10	70	2	112	55	111	28	32	4	92	0	5	79	90	33	90	9	82	33	71	117	118	103	27	116	49	39	4	33	73	50	81	67	118	56	80	23	26	28	47	118	49	9	77	93	27	97	116	96	78	59	71	92	101	9	24	37	109	119	86	102	112	99	0	89	34	41	56	48	20	5	95	65	12	2	106	12	21	43	107	49	77	98	75	74	97	35	90	105	19	76	95	7	104	36	61	76	28	76	37	51	79	60	55	42	77	91	98	46	96	72	10	3	109	118	74	88	36	63	76	23	69	111	3	86	18	93	108	115	108	24	109	0	33	111	57	72	69	30	76	35	86	76	86	97	5	12	9	107	25	7	110	76	102	5	107	95	5	11	0	36	16	79	20	25	110	96	23	7	16	42	111	66	26	95	101	22	93	88	85	97	59	78	29	109	57	34	50	102	54	107	79	31	45	31	27	40	118	81	10	94	107	25	53	19	106	33	103	90	38	66	41	24	48	7	112	45	109	42	118	82	54	82	27	77	33	98	24	112	100	16	30	10	13	1	45	72	37	115	17	86	59	111	1	92	50	52	86	3	102	30	58	18	63	39	76	87	47	7	111	58	61	26	53	82	90	69	36	34	88	111	50	67	101	26	92	65	103	3	62	86	16	90	14	15	93	85	26	7	52	4	46	39	43	100	100	55	81	99	100	37	94	15	65	48	9	84	67	108	58	10	26	36	49	41	96	102	97	107	81	39	15	96	87	89	88	20	60	77	94	67	105	67	52	70	36	39	37	64	53	30	55	17	1	106	32	94	116	14	71	30	50	79	97	10	97	28	50	73	71	36	74	85	76	57	109	83	16	34	47	39	5	92	81	66	45	52	41	20	24	104	71	82	61	100	23	115	61	41	62	111	112	111	5	106	7	86	9	34	49	64	38	94	55	45	112	115	80	2	90	39	26	73	28	38	35	84	19	100	26	116	115	33	49	38	26	83	79	108	59	53	94	87	117	21	104	7	61	101	113	72	31	23	31	24	66	3	99	108	65	78	65	88	75	8	8	0	17	79	86	109	23	116	70	51	68	51	49	68	93	119	28	71	91	70	78	25	102	105	25	82	29	84	19	25	79	87	23	74	98	105	78	60	76	47	92	93	94	51	13	109	109	38	105	106	104	96	10	102	95	49	87	25	96	50	61	94	34	35	41	15	107	33	82	103	70	41	92	97	21	11	60	98	25	92	90	111	65	67	2	101	67	36	15	38	31	56	40	119	48	62	62	36	64	17	119	19	57	29	74	55	67	3	92	70	82	72	102	51	30	53	21	55	7	101	36	105	41	41	115	3	111	45	21	13	31	94	65	65	53	28	13	56	16	60	112	91	89	26	67	51	72	51	1	11	65	115	24	58	57	39	28	36	5	109	52	53	35	114	75	119	75	96	109	79	108	101	42	64	5	33	72	16	101	10	23	96	22	92	98	21	20	52	73	95	56	38	82	30	17	41	21	3	32	118	11	104	87	28	115	57	30	18	36	0	48	80	35	62	90	93	58	50	43	72	48	47	64	75	74	114	114	84	58	82	42	36	23	49	85	89	7	72	84	100	15	110	116	42	98	114	67	67	112	78	18	80	42	10	59	106	74	57	29	3	49	34	18	107	79	54	27	10	53	80	89	92	45	7	56	
2	7	10	16	7	16	5	16	17	14	8	14	8	19	15	13	6	16	3	19	16	9	9	15	18	13	7	12	9	7	16	11	19	20	18	15	17	15	18	11	3	11	9	7	11	14	5	20	13	1	9	8	19	17	19	3	5	2	1	18	20	2	10	14	3	18	20	9	4	6	1	3	19	5	16	13	10	14	3	8	1	15	20	6	18	13	18	3	13	20	8	8	5	10	1	7	3	16	16	3	13	7	4	7	11	16	20	4	7	3	3	5	1	2	12	1	19	14	2	4	2	7	8	7	18	12	17	8	20	8	16	19	6	5	12	9	1	19	16	19	9	9	16	7	11	2	4	9	13	16	15	10	12	16	9	16	4	6	18	10	2	20	17	19	12	11	14	4	3	4	18	4	15	16	17	2	2	15	6	14	8	15	9	9	11	5	11	5	3	5	13	14	18	10	11	13	8	19	16	11	11	10	20	6	3	4	12	2	2	5	9	4	13	19	3	13	9	5	11	1	18	14	2	9	14	11	18	18	17	15	13	10	5	9	2	17	9	15	11	20	18	14	5	20	8	14	17	15	8	13	20	13	12	16	15	11	5	7	11	2	15	8	9	7	3	4	18	4	11	15	3	16	11	16	9	14	8	5	9	14	17	6	7	14	4	14	2	1	20	19	6	14	10	2	19	17	17	4	20	19	1	13	20	5	17	11	13	1	18	18	17	11	10	20	15	12	9	2	9	1	16	13	9	7	5	9	18	12	13	20	10	12	4	3	14	8	11	6	7	17	8	16	18	8	12	20	4	19	6	7	6	10	6	15	1	14	2	17	14	20	2	2	13	13	4	2	1	15	15	7	18	6	4	18	12	9	17	20	4	17	2	1	16	20	14	11	8	7	17	5	3	16	13	14	18	19	15	8	20	14	7	8	3	1	15	15	1	5	11	2	13	8	9	6	2	14	18	8	12	16	11	8	8	4	12	9	11	3	18	14	19	8	20	1	3	6	8	12	6	14	6	14	8	4	13	9	2	1	7	17	9	3	9	17	6	2	11	17	2	19	7	9	7	8	17	16	8	17	19	5	20	4	10	14	3	1	6	20	6	9	17	12	14	14	20	15	1	12	11	2	6	16	8	13	8	4	16	11	14	13	19	15	11	2	7	15	3	18	8	12	4	14	20	16	13	6	4	2	8	15	12	15	19	3	3	2	18	2	19	19	18	17	8	10	12	6	13	14	13	13	19	2	6	4	8	20	13	19	13	1	5	7	15	18	13	6	2	16	13	8	16	16	14	3	13	6	17	15	19	17	19	5	19	8	2	19	9	6	5	9	7	18	15	9	6	18	16	15	6	19	17	12	5	2	15	2	20	12	3	5	7	13	15	10	8	4	14	15	3	20	7	4	15	12	2	15	10	3	12	4	4	15	6	12	4	8	9	1	5	5	4	2	11	10	1	19	16	16	15	6	5	1	4	17	8	20	20	18	16	17	2	1	20	6	3	18	8	2	13	19	2	14	9	15	8	9	9	17	4	13	14	2	3	17	3	3	1	14	2	18	14	2	3	5	3	14	9	8	8	11	12	18	13	16	20	1	8	11	7	5	8	2	13	20	2	14	8	14	19	4	12	1	15	1	14	14	13	19	12	14	16	5	10	13	11	6	14	4	13	10	12	2	12	14	9	10	5	3	11	1	12	15	6	2	4	13	8	12	9	8	17	4	11	19	18	8	1	13	14	3	4	11	14	15	9	15	11	12	4	12	15	7	15	14	12	7	4	16	14	13	3	15	4	11	11	7	13	12	2	16	8	15	1	12	8	16	8	13	13	10	3	2	9	9	6	14	2	14	14	11	9	15	14	6	8	16	15	10	3	4	8	9	16	12	8	9	3	8	11	4	4	7	2	3	5	1	3	7	9	2	12	3	9	6	14	15	9	12	6	4	2	2	7	5	1	6	4	15	1	4	10	8	10	3	16	3	16	10	13	8	7	2	2	14	1	12	16	10	11	10	9	6	10	9	3	10	4	3	2	11	16	14	8	14	11	3	10	14	16	4	10	16	10	7	6	8	5	15	11	4	15	16	8	13	6	14	10	8	13	1	3	12	16	15	10	11	12	6	13	13	9	7	7	8	15	9	8	4	9	7	7	2	6	16	4	9	11	1	16	9	15	13	2	4	2	13	12	13	8	1	10	9	10	15	6	13	14	11	10	12	9	10	2	2	5	14	13	8	4	7	7	6	7	1	9	14	3	3	16	2	13	8	11	3	8	3	13	10	6	13	9	3	16	4	10	9	13	16	5	7	1	15	3	15	5	4	15	12	11	4	6	7	16	5	13	13	8	2	9	3	2	4	1	14	7	16	14	12	3	12	6	6	9	5	6	10	3	4	13	14	10	12	8	13	8	14	13	12	14	8	12	14	7	11	15	1	4	4	6	7	1	10	9	15	3	5	11	3	15	11	3	9	3	12	15	16	4	10	8	11	10	9	1	3	8	12	13	8	10	13	16	4	6	3	14	10	15	10	16	11	6	16	15	16	5	12	2	12	5	12	3	14	4	6	15	15	2	2	5	11	9	2	14	13	15	16	12	13	9	2	16	14	16	12	1	3	4	5	1	9	5	9	14	14	16	12	2	4	3	6	16	4	1	13	15	5	9	15	4	1	16	12	1	7	2	9	14	13	7	12	3	9	1	5	5	1	8	6	10	16	13	14	12	10	3	13	8	2	15	16	1	11	14	8	14	13	12	7	12	3	12	10	6	2	14	1	4	8	13	11	1	2	8	2	2	12	9	1	16	2	15	8	4	7	12	4	15	2	11	15	1	11	13	15	10	12	10	11	14	1	5	8	9	4	3	13	15	9	11	7	9	9	10	11	13	2	3	12	13	11	2	7	7	12	12	15	16	4	2	1	13	7	12	5	7	4	7	7	14	11	6	11	16	16	2	16	8	10	16	1	11	7	3	10	1	6	10	9	9	6	13	13	7	12	10	6	16	1	12	2	14	13	14	2	2	1	11	10	3	4	10	13	8	9	13	2	2	14	4	3	8	14	16	5	3	11	12	9	11	6	16	11	15	7	5	8	6	12	12	3	15	6	12	6	2	1	7	14	8	11	5	15	3	2	7	14	8	5	5	12	13	4	11	6	15	12	7	6	1	4	4	8	8	11	11	12	14	7	3	1	9	8	6	11	16	11	13	10	15	16	10	8	7	7	6	12	7	3	11	16	6	2	13	3	14	12	16	2	5	3	14	16	10	9	16	4	12	12	5	4	11	1	10	16	3	5	10	2	10	1	4	16	4	10	14	3	3	16	10	6	8	12	2	15	10	7	3	15	2	15	15	2	7	11	6	8	15	14	16	4	11	3	9	9	1	13	2	1	7	3	3	10	14	10	2	5	7	7	7	3	9	14	13	1	2	14	4	12	3	2	13	10	4	6	8	11	16	4	15	13	13	2	3	3	2	11	15	16	4	2	11	13	16	4	2	2	2	2	4	5	13	5	4	14	5	2	9	12	7	14	8	5	16	16	2	7	4	13	14	4	7	12	14	13	10	12	14	6	2	13	12	13	5	16	12	14	11	5	10	2	2	5	2	8	1	2	15	12	12	15	4	6	3	3	2	1	1	3	10	11	4	1	5	16	4	7	16	15	16	3	12	15	6	14	14	14	14	3	4	3	16	3	15	13	9	2	8	13	5	3	3	8	10	3	6	14	8	12	10	5	16	13	11	4	10	5	6	4	14	15	8	3	4	10	16	5	5	2	9	4	1	7	1	14	16	10	1	9	14	12	14	1	11	7	1	2	12	15	8	10	5	1	7	9	15	13	2	4	14	10	1	10	16	2	12	15	12	13	12	15	15	1	8	4	3	7	8	14	5	12	3	11	7	10	10	8	16	7	2	6	14	3	8	1	10	7	2	15	7	9	13	8	1	3	15	9	6	7	12	5	12	8	5	2	7	13	6	9	6	6	2	12	1	13	12	2	1	14	13	4	2	8	15	10	8	1	1	10	11	1	4	12	9	11	8	12	12	14	10	4	10	13	5	8	10	3	15	1	16	4	11	16	5	16	15	3	9	15	4	4	4	8	9	4	11	8	7	15	6	13	13	7	15	9	5	9	9	2	10	10	11	1	16	14	6	14	4	8	6	6	12	7	9	7	14	2	2	3	3	5	16	16	5	5	16	7	12	7	9	12	15	3	7	4	12	2	2	7	1	14	8	10	15	10	6	16	11	11	8	10	15	6	6	9	1	7	3	3	8	5	4	4	9	10	5	11	9	7	7	10	9	3	4	1	4	7	11	1	2	12	1	3	3	14	5	8	12	6	2	14	11	9	5	6	16	13	9	11	14	10	3	16	1	13	3	9	4	4	9	6	1	4	11	1	1	3	4	15	3	4	13	16	13	6	1	7	7	9	12	13	3	9	5	3	12	14	16	3	11	11	13	2	7	15	13	12	4	3	3	11	8	12	7	6	6	6	14	10	1	6	15	13	4	14	16	8	16	5	3	11	13	2	16	15	14	1	11	15	2	3	10	11	3	5	15	1	10	3	5	11	11	11	3	13	13	3	9	1	2	2	8	5	10	1	9	9	10	15	6	2	14	16	5	1	6	2	12	12	14	8	3	4	15	4	10	8	6	12	2	12	5	8	1	5	15	16	8	16	1	6	4	8	2	2	1	4	3	12	11	16	8	14	5	15	16	16	13	12	14	4	8	6	8	5	13	5	3	1	12	11	6	7	3	6	11	13	5	1	16	14	10	9	1	5	12	5	10	15	2	5	3	6	2	15	15	4	8	16	5	4	13	1	9	7	7	5	15	7	3	5	12	9	12	16	3	1	11	3	10	9	12	16	15	1	9	7	2	7	11	11	4	8	14	4	5	3	5	12	10	6	6	1	10	4	9	5	11	4	11	9	6	11	2	11	8	16	9	5	9	16	2	11	14	15	9	3	9	4	11	11	10	14	8	1	4	13	10	2	10	4	1	14	4	3	4	13	7	4	2	8	11	7	14	14	4	9	2	6	3	16	5	14	4	3	1	1	14	11	8	4	14	6	5	10	12	15	6	9	10	16	9	11	7	13	12	13	1	9	16	13	8	5	7	13	12	3	4	4	14	11	14	10	14	12	10	8	1	4	12	11	4	2	8	14	8	15	9	6	12	6	10	2	7	1	10	13	12	3	13	2	11	7	11	5	1	10	6	3	7	2	5	2	6	2	16	14	16	8	5	1	9	8	6	10	2	2	7	7	3	16	6	11	10	11	8	6	16	14	12	4	7	3	1	1	7	13	8	13	1	9	5	10	9	3	7	11	8	16	8	15	14	3	10	2	14	9	14	15	14	13	5	13	12	15	7	6	12	1	10	4	3	11	3	2	11	5	2	5	6	16	8	13	3	15	15	12	15	16	4	7	1	7	6	1	12	9	7	8	1	13	4	11	14	4	8	14	7	13	9	10	2	7	11	16	7	16	13	6	16	16	1	7	15	8	9	14	12	13	11	16	1	2	2	6	12	6	1	13	13	1	1	14	10	3	15	9	10	2	8	8	2	11	4	3	15	1	12	2	4	10	10	10	11	2	16	7	11	6	4	9	4	8	1	2	4	13	15	5	13	4	15	8	11	16	12	7	16	2	7	7	14	5	11	2	15	14	13	11	2	16	9	7	5	6	9	4	2	11	9	10	14	1	11	14	3	1	2	16	11	16	5	14	10	10	12	2	11	9	4	9	12	10	7	2	4	8	14	6	15	8	3	7	4	16	10	16	6	6	12	8	1	12	13	8	10	9	1	8	9	13	2	15	11	14	12	2	10	13	4	2	14	8	12	12	1	6	15	11	2	16	6	9	2	15	3	12	1	13	11	6	9	9	13	15	4	15	2	16	10	5	10	3	7	5	9	12	13	5	11	13	6	2	4	13	8	1	8	11	9	7	14	11	12	16	13	14	7	11	13	12	14	13	15	6	16	9	4	6	11	7	14	7	8	4	10	5	13	5	5	6	15	7	12	14	12	14	16	6	9	12	6	15	11	7	14	9	12	12	13	12	11	14	6	10	13	9	1	2	10	16	8	9	5	2	10	16	12	8	14	8	10	6	14	2	9	12	4	14	10	5	14	4	9	9	11	3	2	6	1	13	10	2	16	2	3	16	2	2	14	1	12	3	7	13	1	5	7	5	16	4	8	14	15	13	15	11	8	11	7	15	8	3	10	11	12	13	6	8	3	2	4	13	13	7	2	14	3	8	15	14	16	7	8	13	1	5	13	5	13	14	15	2	8	2	1	14	5	8	4	7	9	5	5	15	16	10	14	8	12	13	8	1	14	14	9	15	14	8	3	2	13	9	2	5	2	7	4	14	13	15	6	12	1	7	13	9	12	7	1	2	4	10	12	6	10	15	2	10	11	5	8	10	1	16	6	16	13	11	5	10	14	11	15	15	7	4	11	5	10	4	8	14	12	14	10	9	13	7	2	2	9	2	14	15	2	13	14	14	10	14	11	12	5	5	8	6	11	1	10	4	5	6	8	4	13	15	14	10	11	15	12	13	8	8	6	12	16	13	7	4	3	8	12	3	15	11	2	4	14	14	11	7	13	14	3	4	13	1	11	12	14	5	1	3	5	14	1	11	16	2	12	11	10	4	1	11	7	7	5	5	2	7	15	16	2	8	12	4	2	4	12	3	4	15	3	5	13	14	14	3	13	11	11	4	12	8	2	15	8	11	5	11	8	14	11	11	16	10	13	9	15	15	9	5	1	10	7	7	12	13	5	14	13	4	5	1	13	4	1	8	5	12	8	1	14	7	3	13	8	5	13	14	16	2	1	15	4	16	3	6	6	13	10	12	6	11	11	11	2	8	3	16	7	6	3	11	14	10	1	6	7	5	13	13	1	16	8	6	9	12	14	7	6	5	7	14	7	8	13	14	3	14	15	4	1	8	7	14	6	2	3	14	9	2	2	2	12	11	5	12	7	12	4	6	8	4	16	1	9	8	5	7	11	10	13	8	11	13	6	8	16	13	9	4	14	12	9	1	10	7	2	9	3	6	1	4	2	2	5	12	1	6	14	13	10	8	2	5	1	3	10	13	7	1	12	4	10	12	3	15	6	6	15	14	15	10	16	8	10	12	1	16	11	6	15	3	16	2	12	5	5	8	9	4	2	6	9	15	8	4	11	11	10	9	15	7	3	15	10	12	11	10	1	2	8	2	11	16	16	4	6	6	4	12	1	11	12	11	4	14	1	5	14	7	7	9	10	5	15	7	9	6	3	10	14	5	5	15	4	5	2	15	10	13	2	4	4	16	9	9	11	2	4	6	7	14	8	2	2	12	8	6	12	16	7	6	10	12	13	15	16	5	6	14	15	2	11	2	10	3	13	14	13	2	7	11	2	8	8	4	3	11	12	5	3	3	7	1	1	11	4	7	13	10	12	14	1	10	8	5	12	16	16	13	14	1	10	12	13	15	14	5	9	3	1	7	10	6	5	14	1	16	5	14	16	1	6	5	13	3	3	10	6	7	13	6	11	7	7	9	9	16	2	15	9	13	16	8	10	10	4	9	3	9	3	10	11	16	7	10	6	14	15	2	1	5	6	10	11	5	5	15	14	3	11	9	2	7	13	3	16	11	9	16	1	11	9	16	6	5	12	8	15	14	7	10	6	16	15	13	13	7	11	15	8	5	15	16	10	3	6	5	7	2	1	3	4	1	15	14	2	1	13	2	4	8	3	10	6	16	14	3	16	14	16	6	12	2	14	1	5	14	2	14	16	12	6	10	4	9	3	10	10	14	9	1	8	14	5	9	16	4	4	10	3	2	4	5	9	6	9	3	5	13	8	3	14	6	16	8	9	10	2	9	3	8	8	3	4	7	13	3	7	14	12	13	15	6	12	5	3	9	11	7	8	5	10	12	10	8	16	8	1	9	8	3	14	6	6	5	16	9	4	4	5	15	10	9	15	4	2	10	15	4	8	15	8	7	4	15	8	14	10	6	13	6	16	7	15	4	12	14	16	2	5	2	2	11	1	9	8	10	12	11	6	13	1	14	11	2	4	2	9	5	14	15	4	11	10	10	11	3	4	2	6	10	13	6	4	5	11	10	15	6	1	2	11	12	6	5	1	7	7	14	13	3	7	15	8	5	6	10	5	13	4	7	12	6	11	11	15	13	15	3	6	15	14	16	16	2	7	7	15	4	11	7	6	9	2	7	3	13	13	3	16	11	2	15	1	14	10	7	16	13	2	16	14	16	5	11	9	2	8	7	8	14	15	4	10	10	11	15	14	1	10	8	12	9	2	7	13	12	13	9	6	8	12	16	4	3	9	11	7	10	3	10	5	14	1	3	3	16	9	6	8	7	8	2	5	5	16	10	11	13	5	12	10	12	16	13	5	1	13	4	16	10	2	6	1	16	12	7	4	9	7	14	1	4	1	1	3	15	16	13	6	9	14	14	16	11	1	9	15	6	14	4	12	10	8	7	4	2	5	3	12	15	15	8	5	3	4	15	6	6	2	15	10	15	9	4	15	6	13	3	8	15	8	7	11	16	3	3	4	5	6	15	16	1	1	8	11	13	14	15	7	13	10	2	8	5	3	3	12	4	10	7	8	12	16	9	6	6	12	11	4	2	16	5	11	9	16	13	7	11	2	2	4	8	6	10	13	7	14	12	5	12	9	6	8	12	11	6	8	12	13	7	13	12	12	15	7	9	8	16	9	6	3	1	11	1	2	15	2	1	3	3	12	1	14	4	3	6	13	10	5	11	14	4	4	4	6	9	3	11	14	16	2	15	16	10	11	16	1	2	8	16	7	2	9	2	8	4	3	4	6	11	13	1	14	4	13	11	8	11	14	8	13	11	11	4	7	11	2	12	1	11	3	2	8	15	1	8	11	5	8	5	11	13	3	15	15	9	3	9	13	5	3	6	9	9	1	1	16	15	14	5	14	7	13	9	2	2	5	12	8	15	14	10	1	13	2	15	11	7	10	12	12	1	14	9	13	12	11	3	12	12	6	8	9	11	16	8	9	7	7	11	9	13	8	2	9	16	2	14	12	6	13	7	11	6	8	4	11	7	1	1	11	3	16	8	4	13	2	13	11	4	5	15	6	9	3	9	2	6	14	9	3	4	7	3	10	8	6	9	16	3	6	5	6	13	16	10	10	13	1	8	9	1	15	7	8	12	4	14	13	9	4	12	16	4	3	7	14	7	6	9	12	3	16	15	5	7	4	16	15	13	16	1	1	12	4	8	15	11	10	5	16	8	6	6	14	6	15	9	14	16	5	14	10	16	16	7	7	4	10	11	2	9	15	14	9	7	12	11	12	5	8	3	14	12	5	1	3	8	7	15	15	13	8	6	2	15	8	3	5	1	16	14	4	4	16	12	3	4	11	9	10	2	3	9	10	16	1	7	4	15	15	8	16	8	12	10	12	11	3	2	4	14	13	3	7	16	15	12	6	12	7	13	9	6	2	7	9	16	2	11	2	8	6	11	5	11	16	2	6	12	4	2	12	2	3	13	1	4	9	4	2	6	4	4	8	8	13	3	7	3	9	1	6	13	6	14	12	14	11	4	4	4	1	14	12	14	6	8	5	15	6	4	3	2	4	13	10	2	5	8	7	15	9	9	2	16	2	16	10	15	2	9	7	1	1	8	14	13	14	13	9	15	14	10	8	5	10	3	14	7	10	5	14	14	3	10	2	2	10	14	14	15	10	9	6	5	7	8	10	13	4	7	4	10	1	12	8	3	6	11	13	13	1	16	14	15	9	8	13	4	2	12	7	3	7	3	9	9	4	9	16	8	11	5	6	2	1	15	15	10	14	2	5	11	10	11	2	8	2	2	11	16	11	9	7	5	8	12	7	10	6	3	2	14	2	10	15	12	8	4	11	8	6	3	15	8	14	2	7	12	3	12	14	3	1	2	10	2	11	11	3	6	13	8	11	8	16	13	11	3	10	15	2	14	11	2	9	8	5	5	2	13	16	15	1	4	8	3	9	16	11	3	15	9	15	4	15	1	16	16	14	14	7	4	8	11	11	10	3	14	15	9	16	3	10	14	2	10	2	14	16	9	7	6	2	3	5	15	13	4	9	14	6	3	15	4	13	9	2	3	2	5	5	3	13	7	15	11	13	12	5	2	1	14	12	3	12	3	10	3	10	4	1	16	14	10	7	4	10	9	10	15	11	4	3	15	6	4	10	4	3	11	7	13	16	13	16	8	9	16	12	13	14	5	3	15	9	4	5	9	14	14	8	11	1	3	4	8	6	16	5	9	9	7	7	12	7	9	13	6	6	10	10	7	4	9	7	16	12	13	15	4	3	7	13	12	8	4	8	13	12	12	15	16	14	7	14	3	10	12	1	3	1	4	6	7	9	6	5	14	1	14	8	3	12	3	16	3	5	9	12	4	3	10	11	8	12	5	10	15	13	15	6	9	16	15	16	2	4	10	14	7	14	15	11	2	2	7	2	2	6	13	5	16	13	10	1	14	14	4	8	16	8	7	4	10	1	12	9	4	11	16	11	13	13	7	10	15	1	10	12	11	16	16	13	2	15	5	5	2	14	12	5	10	16	8	8	11	6	16	12	11	14	15	2	9	16	15	15	6	8	8	4	15	4	15	8	10	6	13	9	10	16	15	4	1	9	14	15	5	10	2	9	2	4	14	10	15	15	6	9	11	6	15	8	11	15	15	12	11	2	7	7	10	8	15	14	8	4	14	2	7	12	11	16	12	7	4	2	1	6	3	2	10	4	10	9	8	12	15	1	10	3	1	13	11	16	1	1	5	8	5	13	7	10	8	11	5	8	12	11	10	4	14	16	16	13	4	10	9	12	2	2	16	2	9	2	5	16	7	3	4	11	4	13	14	12	7	1	1	15	5	11	11	1	10	11	10	9	14	9	2	14	16	7	12	13	11	5	16	9	9	3	13	6	2	14	13	7	14	10	1	6	2	16	1	4	12	2	15	6	10	7	13	8	2	15	12	7	10	9	11	1	8	16	14	14	11	2	13	10	11	8	7	8	10	16	7	11	4	13	7	12	10	1	1	1	15	3	2	11	14	3	15	1	12	10	15	14	10	9	12	4	1	3	15	11	12	11	7	11	16	7	11	9	14	7	10	13	5	2	1	1	3	1	11	10	1	1	7	15	11	9	10	8	12	10	7	3	7	7	7	11	4	13	10	3	13	14	3	15	4	8	5	10	9	4	16	7	14	12	5	14	6	6	10	15	13	13	2	4	8	6	14	4	16	10	15	13	4	1	2	2	10	5	16	8	3	8	14	3	7	4	12	9	13	15	9	4	14	9	2	14	11	6	13	6	1	8	5	11	9	7	4	11	1	2	4	9	7	10	2	6	2	3	2	15	16	9	10	5	13	4	9	12	7	9	11	15	3	14	4	14	11	5	4	4	3	4	6	10	6	2	3	12	7	4	11	6	4	11	8	10	3	12	9	12	12	14	15	5	12	16	8	12	11	10	14	12	12	3	13	10	15	9	11	6	8	11	13	13	2	2	8	8	3	9	3	8	1	2	6	1	16	7	2	11	9	4	3	15	7	4	1	14	8	5	3	8	9	12	13	3	12	6	11	2	12	10	5	11	16	11	9	16	13	5	7	7	10	10	11	6	15	12	12	10	7	8	9	4	2	11	7	5	12	4	6	15	14	2	13	2	7	14	12	14	12	5	8	16	3	8	10	15	7	10	4	7	9	15	8	3	14	8	2	2	15	9	8	3	7	7	8	12	14	16	2	8	5	8	2	16	16	12	6	14	11	4	4	1	8	13	15	15	12	9	5	6	5	8	3	8	13	15	10	15	12	14	9	5	13	1	7	13	16	1	5	10	4	11	7	3	14	5	13	2	4	9	15	15	12	13	12	8	13	13	5	15	9	12	4	16	11	3	16	1	13	6	8	14	11	14	8	16	9	14	12	12	1	5	8	7	2	13	4	3	16	7	9	11	2	10	13	3	3	7	5	5	2	9	14	16	14	4	8	2	12	8	13	6	5	3	12	14	13	6	4	11	14	2	16	1	4	16	16	11	9	15	12	8	13	9	8	3	11	5	2	16	11	6	8	4	4	3	11	2	7	16	10	11	16	2	14	12	6	9	11	4	14	7	10	11	14	13	12	4	13	9	16	1	16	9	8	7	2	12	13	6	12	7	4	6	9	16	5	3	16	16	5	13	13	11	4	13	3	14	2	6	4	6	4	10	11	13	5	9	14	1	2	16	15	14	14	7	9	6	7	16	7	5	11	7	2	4	3	5	10	10	8	3	4	1	7	1	2	15	10	9	1	3	7	14	7	6	5	9	13	15	6	6	7	10	14	12	16	15	16	2	3	12	8	5	2	1	14	7	8	4	5	2	12	1	14	3	14	8	9	14	2	10	16	2	2	11	8	2	10	5	8	8	9	8	4	9	10	13	9	6	7	8	15	7	11	5	9	6	6	5	6	2	3	11	11	7	8	4	4	7	5	2	16	1	7	9	14	3	7	4	5	10	10	10	11	10	7	6	9	8	6	4	15	5	1	2	14	10	16	15	14	11	13	2	2	8	7	16	1	9	14	7	2	7	14	4	2	14	6	15	7	16	9	2	4	15	7	4	10	7	11	3	13	15	8	10	2	10	13	7	10	7	11	5	7	14	8	11	10	5	14	13	15	14	14	10	9	12	10	2	16	7	2	13	8	4	6	3	13	13	16	6	12	3	4	5	9	5	5	2	1	14	9	12	13	8	5	5	2	4	13	13	10	15	16	12	14	8	11	14	16	5	3	12	15	9	7	6	5	7	5	16	14	9	12	8	6	7	3	5	11	2	1	2	13	8	6	2	16	16	12	3	7	4	7	12	8	15	15	13	15	13	9	12	13	16	3	8	6	9	2	3	7	7	6	2	15	10	8	16	11	11	4	6	11	3	1	3	15	4	2	10	7	1	4	11	3	15	6	9	14	16	3	3	5	4	16	15	10	12	11	6	6	4	11	4	4	4	7	7	6	5	3	9	14	11	12	12	11	13	12	8	4	7	3	8	10	12	4	15	14	16	15	13	1	3	10	3	15	6	9	5	13	10	12	16	13	15	11	5	3	6	16	3	14	7	5	15	7	8	15	2	8	13	8	7	5	11	8	1	1	2	2	6	2	9	6	2	15	12	7	1	16	5	16	16	14	3	1	13	12	16	7	10	4	13	14	8	4	9	7	12	1	3	8	9	8	15	13	9	10	12	4	10	12	5	16	14	16	10	3	7	10	6	8	11	14	16	2	15	11	14	14	12	12	9	9	3	3	12	11	11	15	8	12	5	8	3	15	4	9	16	5	10	8	15	14	10	10	2	16	12	6	7	9	3	13	6	3	9	6	5	11	12	2	15	4	8	16	13	9	14	8	14	12	15	11	15	9	10	3	12	16	4	14	2	5	9	5	16	4	12	10	11	1	11	5	5	14	14	13	10	15	12	6	7	13	8	2	13	8	16	5	3	9	8	12	16	12	5	12	5	2	15	4	10	8	8	9	4	5	8	1	9	16	1	2	3	7	11	10	2	12	11	3	7	2	8	4	8	8	10	10	2	9	4	7	7	8	4	16	5	10	3	10	15	3	15	15	3	8	11	12	3	6	16	14	2	16	1	2	4	12	7	10	2	9	16	8	16	12	5	13	4	6	6	16	9	11	5	6	13	7	10	14	2	5	13	9	16	11	2	4	12	8	3	16	6	14	9	1	9	16	4	10	14	14	16	6	4	14	14	4	16	11	1	16	10	12	7	12	11	12	5	2	3	15	14	4	10	6	14	6	6	10	15	13	5	1	4	6	9	16	10	2	2	16	4	6	8	11	8	10	9	2	6	6	8	5	10	4	10	10	7	11	11	11	2	11	5	6	11	6	8	16	11	10	2	12	13	3	3	15	7	3	1	13	16	1	1	16	8	10	3	6	12	9	12	5	5	1	4	11	3	13	6	7	15	11	9	10	3	8	5	16	16	10	10	3	9	7	2	16	16	4	2	12	16	5	10	4	14	14	11	13	9	11	5	7	8	6	11	14	2	13	12	6	16	2	3	1	16	1	7	12	16	7	12	16	2	2	16	10	2	16	11	2	12	9	4	6	14	3	8	10	7	1	10	14	8	12	1	4	1	8	13	5	4	12	8	3	1	8	4	10	13	2	9	14	5	1	5	8	7	2	16	15	2	8	1	7	6	4	1	3	8	4	16	9	1	3	6	4	11	7	9	15	1	8	6	1	10	16	5	9	2	7	16	13	15	15	11	11	11	14	16	6	2	1	13	1	15	9	9	8	11	12	10	4	9	16	9	3	13	7	2	5	15	7	15	4	9	6	11	13	7	1	2	8	7	10	12	9	9	3	7	1	3	15	16	10	16	9	1	8	16	10	5	5	10	13	10	15	6	14	2	5	14	16	5	2	9	6	5	14	2	16	8	9	1	15	8	5	12	12	10	14	7	9	7	16	10	11	3	6	16	5	12	11	5	3	15	5	14	11	4	9	5	16	16	15	
170	320	690	580	730	500	460	530	600	790	990	440	230	430	380	110	360	390	520	410	500	620	530	410	640	690	400	590	230	920	450	560	290	660	640	270	240	610	180	720	130	580	220	560	540	940	820	410	570	960	360	230	620	670	900	210	940	680	720	880	130	530	920	110	220	550	930	700	700	770	980	250	110	940	270	100	630	690	150	200	840	400	850	480	310	110	740	510	110	600	300	750	170	700	660	310	520	590	290	950	990	640	630	540	940	680	900	590	220	410	770	910	880	340	580	920	840	550	710	100	590	270	710	940	720	990	980	790	820	490	130	720	660	840	530	390	660	300	800	630	660	560	530	420	240	270	200	110	200	670	410	340	110	1000	710	990	730	140	740	320	840	670	200	510	330	120	530	390	550	430	610	840	760	800	920	140	520	830	310	620	730	110	400	150	120	620	800	590	680	690	500	400	110	840	1000	930	460	780	210	150	500	710	760	890	230	790	620	680	460	840	570	440	670	320	900	370	580	910	820	940	850	410	930	330	700	310	710	660	430	790	800	460	130	850	710	410	100	330	920	430	130	350	130	530	610	960	320	150	340	200	110	580	390	280	730	660	500	420	450	350	740	580	460	570	690	370	930	760	360	990	130	400	290	450	800	240	290	490	340	130	750	400	470	270	600	380	160	820	1000	170	400	570	790	350	840	100	140	950	470	250	560	180	920	320	370	350	930	570	810	850	190	570	270	830	140	110	770	950	470	990	580	630	630	510	870	900	110	970	590	770	320	970	750	690	640	230	430	860	360	700	460	370	790	570	680	650	210	280	110	210	570	280	190	940	330	350	110	730	330	560	990	120	640	140	120	920	360	370	570	460	320	750	210	930	480	740	300	400	410	680	460	120	280	990	460	960	240	790	740	470	390	570	460	420	870	150	240	670	360	580	430	180	230	550	890	390	970	130	530	130	780	610	390	570	350	830	410	200	820	920	190	290	540	480	740	950	830	450	180	200	210	160	790	870	300	300	760	910	920	910	770	870	140	720	270	420	790	520	220	940	380	610	370	870	980	640	860	470	450	730	930	880	220	340	930	120	1000	340	320	100	870	870	680	540	900	640	740	340	270	750	620	860	240	490	110	870	390	760	540	680	410	710	140	370	900	920	550	310	930	370	200	360	590	480	870	620	840	960	530	810	310	980	250	700	250	240	930	940	270	360	330	110	290	830	360	320	190	430	130	130	780	170	950	530	490	500	1000	690	630	400	190	570	490	160	650	100	760	330	670	740	300	140	700	380	780	790	310	390	340	410	390	220	130	110	390	250	420	380	700	570	700	410	280	290	590	480	550	390	700	520	690	760	980	550	540	180	470	290	540	160	200	620	790	320	500	880	970	940	900	830	590	670	810	670	500	440	190	890	500	480	500	370	800	660	110	460	320	970	870	840	680	200	360	320	130	990	160	340	850	750	970	100	690	490	160	850	230	580	170	230	450	400	380	110	450	100	730	450	160	610	750	180	700	800	470	790	420	400	460	870	100	290	420	240	980	590	560	970	850	250	440	930	920	920	170	170	180	370	950	640	450	360	990	590	450	200	820	540	170	150	190	400	290	880	150	370	200	580	610	220	390	820	270	1000	310	820	430	420	350	880	760	740	660	660	370	1000	520	700	670	710	840	800	510	120	660	910	190	110	750	140	330	220	810	480	880	520	510	580	340	850	170	740	490	720	310	700	620	200	150	280	180	830	780	180	130	170	370	540	700	960	250	300	420	810	100	600	870	1000	320	550	320	640	280	420	790	990	670	590	700	650	280	750	760	360	400	360	190	910	530	140	1000	500	170	960	650	170	730	640	930	840	340	550	650	580	520	260	940	150	210	700	300	610	790	140	650	820	940	710	310	530	840	470	390	890	360	580	820	830	660	260	310	730	970	360	690	170	940	240	940	280	700	150	360	640	950	250	440	400	1000	860	590	130	700	840	720	600	850	870	870	380	400	330	740	750	100	430	400	670	530	860	1000	240	370	170	270	900	570	680	560	980	630	240	830	120	210	830	640	830	1000	810	420	200	450	440	640	820	440	180	350	420	810	160	640	230	880	620	580	610	380	640	100	790	450	880	880	750	540	640	560	310	280	520	790	200	510	930	420	470	1000	680	530	600	400	370	810	370	400	400	760	470	240	240	670	690	1000	600	390	800	980	340	830	990	940	130	750	960	850	400	960	490	900	420	630	930	500	250	150	990	430	260	670	590	830	750	300	860	730	910	480	230	670	940	870	860	800	410	550	520	770	290	950	890	620	290	450	600	700	920	670	470	170	720	830	340	400	640	570	510	860	140	700	900	330	920	550	860	750	840	840	810	790	480	390	750	690	890	580	390	480	640	1000	290	230	750	400	250	440	240	540	140	550	810	640	910	920	770	920	1000	390	200	490	150	620	620	730	440	770	610	300	680	770	560	550	650	650	840	970	1000	900	560	650	180	140	430	980	630	690	660	590	950	820	140	490	1000	460	920	880	210	660	200	280	1000	490	700	460	240	150	630	890	680	810	410	180	750	130	910	810	770	950	870	230	660	240	230	920	830	240	130	540	330	140	480	190	760	410	840	580	820	960	780	750	340	890	990	920	520	430	840	670	100	890	350	220	720	910	860	540	300	840	900	470	900	270	820	410	290	850	540	660	390	610	750	170	990	580	160	450	890	1000	230	930	300	150	210	660	700	510	230	250	760	290	590	390	760	750	810	230	100	960	240	840	720	240	780	410	750	380	400	120	570	970	940	180	250	130	430	890	630	120	630	760	190	870	540	470	260	680	750	310	890	860	190	110	980	910	920	450	390	740	150	590	280	950	660	960	860	390	260	520	400	900	550	250	110	700	420	660	760	550	260	160	480	720	240	960	570	290	570	280	710	600	190	900	130	180	520	880	490	570	390	840	620	680	370	560	890	390	260	860	800	620	720	270	410	490	350	590	660	450	200	100	930	370	350	920	820	150	950	590	780	570	870	600	390	630	540	490	790	230	350	370	870	670	270	310	140	700	170	700	730	580	330	170	100	870	140	640	570	730	460	200	980	380	840	830	100	530	700	470	840	790	470	400	730	260	570	140	280	190	130	410	790	630	460	290	300	180	220	460	770	850	130	290	220	880	950	290	860	570	140	830	220	420	700	170	800	280	540	100	120	610	730	420	850	740	450	360	320	340	540	260	150	930	940	690	560	550	340	410	340	580	820	800	590	1000	990	330	100	170	350	630	540	740	650	1000	230	340	480	850	100	670	700	470	690	490	750	330	370	210	970	840	300	730	740	330	920	700	430	400	600	670	630	330	690	270	630	780	420	580	700	200	470	440	190	880	650	160	960	570	220	960	410	520	130	950	390	340	550	100	140	260	130	930	450	200	660	970	510	740	690	170	590	240	170	710	330	860	370	950	710	380	240	940	710	480	420	720	150	690	350	350	760	440	210	960	110	150	960	190	590	800	410	490	610	580	680	610	800	620	580	140	140	630	230	300	760	210	670	530	400	710	460	390	410	330	470	920	320	980	930	280	870	1000	160	890	720	230	730	130	420	470	280	890	450	710	100	860	130	880	650	850	730	800	330	990	210	130	970	590	960	680	540	690	650	240	620	460	560	870	210	620	580	470	950	460	350	290	440	250	720	850	570	290	750	360	930	220	270	610	980	460	650	550	450	720	820	900	940	380	500	630	710	780	530	210	160	490	710	210	230	690	890	200	150	240	840	310	340	540	240	800	830	580	470	260	560	220	560	960	460	230	320	660	580	790	540	120	110	290	880	580	930	570	150	370	840	640	240	940	590	840	590	460	770	740	300	200	740	980	310	930	540	780	680	850	740	610	470	170	850	480	870	840	200	670	170	420	340	490	630	780	640	500	750	540	880	410	740	390	740	760	160	160	620	420	620	600	580	390	630	100	440	180	950	190	490	730	690	970	390	850	390	340	100	710	310	620	990	570	930	210	810	680	420	620	360	310	860	230	580	940	460	650	370	340	690	950	710	530	700	780	800	190	120	650	890	600	620	690	530	390	780	720	420	960	100	990	180	940	850	940	120	1000	970	270	190	230	200	150	330	570	400	860	360	160	710	670	330	220	320	170	890	120	350	100	120	380	370	510	610	340	150	770	740	560	730	810	660	610	480	230	870	960	390	360	920	500	230	670	100	730	650	960	500	570	730	180	680	960	600	300	750	380	710	720	370	910	160	700	100	660	250	490	390	230	280	620	440	130	340	770	840	530	390	190	860	290	340	290	790	160	210	860	940	280	690	400	930	120	290	190	840	520	200	230	180	1000	590	710	670	230	350	480	990	950	240	570	760	130	370	150	260	220	270	480	380	560	930	810	200	270	170	110	600	200	160	380	920	710	200	930	790	240	620	630	1000	890	640	310	710	450	560	600	650	100	720	710	320	970	940	490	570	100	760	690	980	550	780	820	320	880	490	850	470	430	190	860	190	170	680	140	400	630	700	890	280	860	630	760	470	900	990	110	300	700	970	240	780	290	920	350	100	560	940	150	470	310	180	460	820	670	900	800	260	650	410	880	420	750	150	740	560	470	860	870	440	300	820	180	790	810	180	200	640	460	150	850	780	260	220	540	640	450	520	720	320	630	880	400	790	560	970	830	520	940	350	830	170	540	270	970	150	300	360	510	160	530	550	970	620	770	100	140	870	860	1000	890	260	820	490	460	470	510	680	930	460	910	410	100	400	930	460	840	170	230	520	310	210	580	660	790	880	950	600	940	650	670	430	820	310	870	390	760	720	180	960	420	750	420	480	800	950	170	770	580	650	870	380	990	660	980	470	760	250	160	230	1000	920	130	340	750	530	490	560	170	350	850	920	870	280	100	640	340	690	320	990	310	910	940	650	530	120	790	630	330	620	330	360	210	160	840	690	830	390	900	340	190	390	170	760	600	140	930	670	190	470	340	700	600	680	670	780	820	1000	1000	610	710	930	770	920	390	420	780	340	550	620	350	600	300	920	230	830	370	410	980	540	470	860	810	830	490	100	470	440	610	820	520	170	570	910	240	300	700	820	430	710	730	990	350	100	190	960	360	620	520	250	360	780	460	120	850	720	170	730	310	670	620	650	920	500	890	350	510	360	190	400	480	500	560	880	980	720	420	820	660	750	170	110	480	270	160	970	290	510	850	590	170	840	360	190	370	850	610	290	580	900	870	750	150	450	280	640	740	460	920	880	330	590	130	330	670	500	890	770	470	440	430	150	720	860	760	570	670	170	850	260	550	930	890	860	270	330	720	770	850	840	830	130	310	610	650	710	420	690	730	740	470	820	210	950	540	620	810	100	500	700	810	840	130	790	680	370	610	730	810	300	820	130	590	900	500	430	450	840	210	890	550	620	650	430	510	960	330	130	690	140	890	300	830	270	270	860	760	500	420	830	380	810	350	1000	750	440	820	860	310	170	290	600	370	460	960	210	160	360	430	490	680	300	980	710	820	490	500	450	840	420	960	530	690	680	190	990	620	790	340	440	220	880	710	740	560	920	570	200	320	370	940	880	350	270	760	820	440	430	600	450	400	920	570	130	140	810	960	890	420	520	700	690	650	160	430	630	770	580	120	560	780	400	970	610	330	650	670	790	930	520	180	720	640	430	800	450	1000	550	360	920	770	630	800	580	240	210	630	290	980	580	840	180	860	420	960	850	520	890	990	700	520	660	280	250	680	650	280	750	420	140	580	910	690	630	670	860	780	790	490	720	600	670	680	170	470	980	280	310	240	290	230	870	870	720	370	720	820	470	920	410	330	330	920	900	570	660	260	810	300	980	520	190	160	570	340	850	120	220	920	990	630	440	660	580	180	460	640	820	440	110	860	720	520	450	790	830	990	680	990	290	850	930	470	690	320	780	180	510	870	180	500	460	880	610	960	310	100	690	190	320	240	620	580	260	410	670	850	510	390	370	410	220	350	170	810	670	500	240	380	110	370	310	820	930	450	700	110	910	780	530	320	990	660	430	530	310	480	190	180	430	120	150	340	290	280	660	790	750	980	410	260	550	280	750	640	570	560	340	130	810	740	960	260	690	790	340	410	180	960	430	750	630	900	280	780	490	670	440	890	820	620	210	340	290	830	870	950	260	110	130	360	210	830	640	440	150	620	110	440	780	110	1000	320	630	480	940	860	560	550	820	920	990	750	450	520	970	800	740	390	610	810	140	180	180	800	560	760	860	520	690	300	480	240	300	380	640	760	490	970	130	300	500	350	710	500	530	750	100	790	810	450	720	110	680	840	150	290	390	630	510	840	670	970	320	680	170	760	400	760	300	400	140	290	520	830	440	870	280	670	250	390	840	500	170	120	280	800	160	490	990	760	680	600	200	250	900	720	940	370	730	680	460	250	780	200	530	810	290	830	580	760	310	320	220	750	280	200	430	150	880	290	960	460	550	970	700	680	430	640	630	480	830	230	250	850	950	160	900	910	490	950	750	340	970	500	890	620	430	360	620	740	960	800	570	260	840	260	330	120	150	530	460	720	360	1000	430	710	820	520	670	370	450	330	770	370	420	770	970	110	200	110	120	580	300	680	950	670	600	100	270	340	600	250	490	250	140	710	470	920	700	220	940	170	190	750	630	960	190	390	980	140	760	780	590	540	740	310	170	830	800	280	620	250	650	200	610	700	320	640	310	210	820	380	710	370	770	850	110	440	510	650	790	880	710	700	510	210	840	910	290	140	240	740	170	990	340	950	600	480	560	850	880	330	990	730	230	150	410	940	760	420	950	400	430	140	700	340	400	550	330	310	480	780	510	610	500	680	790	170	940	760	430	280	640	730	860	500	590	240	1000	710	890	810	680	920	1000	150	950	580	180	980	840	700	170	980	530	750	440	650	610	230	500	830	990	620	490	300	410	670	990	890	260	330	350	770	730	360	660	640	900	570	510	750	930	970	360	340	270	240	320	560	320	390	130	630	340	190	990	340	150	610	810	190	190	650	750	320	550	210	550	350	100	380	990	200	510	420	300	920	200	540	570	790	320	730	160	160	790	840	120	490	220	870	870	790	680	370	940	590	200	690	280	250	470	470	140	790	310	170	610	870	490	690	230	630	240	490	920	490	290	460	250	210	770	740	460	330	640	240	440	200	290	410	320	280	220	790	990	350	710	470	110	160	410	360	200	430	330	410	840	800	620	750	740	410	410	410	820	400	960	510	540	830	600	500	170	140	570	750	310	610	960	620	280	460	500	520	780	430	140	100	790	440	890	770	790	850	310	770	740	250	720	130	200	630	950	530	360	760	1000	350	600	870	460	370	780	260	890	100	420	270	300	880	770	790	870	250	490	390	600	880	100	780	920	550	400	140	850	1000	190	540	450	210	690	880	980	670	370	980	230	350	1000	180	130	540	730	400	330	360	100	560	620	560	970	810	470	240	160	550	240	780	170	550	590	360	770	250	860	610	550	840	370	280	650	360	430	700	880	760	300	710	240	430	800	110	910	310	290	330	900	850	510	690	420	350	1000	950	730	540	450	920	510	440	910	410	780	760	780	170	1000	980	640	780	180	480	940	510	160	430	260	690	530	630	560	930	570	880	530	170	390	440	470	810	980	510	210	890	690	210	420	730	810	270	910	260	610	130	890	940	490	750	650	960	780	550	720	110	1000	1000	920	880	510	180	590	200	830	150	420	820	340	780	100	260	540	820	470	680	750	650	100	650	860	580	740	790	620	580	410	450	510	340	940	170	560	960	420	980	430	590	420	950	550	450	760	990	980	170	1000	180	730	350	120	200	610	670	670	620	320	450	280	460	600	680	870	800	890	150	820	280	530	990	830	200	420	690	110	120	740	200	130	440	1000	120	650	880	900	600	840	260	880	510	890	720	550	500	890	880	930	390	680	210	610	660	250	700	470	400	510	410	530	880	430	570	670	890	820	780	550	490	910	600	570	820	520	430	970	770	810	110	230	320	130	330	660	220	870	290	380	600	890	670	580	740	260	480	720	150	850	700	400	490	820	800	640	990	410	870	810	910	390	560	820	650	720	420	150	860	850	840	920	630	200	190	530	380	830	110	920	760	820	980	230	900	210	950	980	760	600	390	260	800	670	130	660	420	520	570	100	300	520	510	680	610	420	120	950	850	200	190	500	790	400	570	180	690	160	580	250	540	400	110	920	110	760	130	470	880	210	150	170	880	480	890	960	770	780	930	960	720	890	720	790	670	400	810	870	870	690	830	980	630	810	300	890	220	470	250	670	810	480	490	430	140	680	960	150	820	810	740	120	790	520	710	950	510	380	920	330	480	970	490	920	120	420	1000	450	440	970	310	440	930	670	680	850	430	810	340	990	970	800	590	740	890	510	150	710	420	880	490	520	750	100	240	940	720	690	650	610	350	360	620	670	320	920	690	760	690	890	420	530	460	900	450	180	530	970	810	500	170	510	150	630	340	860	340	990	640	370	980	420	820	740	960	1000	690	630	870	370	600	970	950	630	340	170	690	930	450	730	550	910	900	990	460	110	720	690	740	710	660	160	740	480	110	540	310	740	400	220	980	690	780	470	180	800	810	740	500	880	940	930	490	290	770	800	970	120	960	990	470	250	120	460	670	700	940	750	100	610	990	650	460	990	380	650	700	760	270	250	220	630	380	140	790	340	980	760	100	790	220	640	400	290	270	500	850	290	940	810	140	890	500	440	880	220	330	700	600	640	550	860	320	190	290	540	570	560	270	260	580	290	470	250	740	380	210	130	300	160	570	790	670	680	320	610	400	410	930	330	350	540	440	350	690	360	1000	200	870	810	630	880	150	660	100	460	930	210	810	120	100	400	920	490	410	480	660	200	580	890	630	910	260	120	230	790	680	160	200	770	680	430	980	310	180	990	990	960	760	680	700	440	590	660	130	260	470	590	530	750	600	830	860	990	410	270	620	140	810	330	210	630	340	130	150	720	420	570	470	440	400	420	680	400	510	850	470	570	910	920	190	590	530	860	200	550	390	400	260	810	890	960	760	190	310	460	690	740	730	650	500	440	490	330	200	240	730	390	250	120	900	100	210	100	550	210	730	880	360	820	950	180	370	720	160	520	330	900	740	780	620	200	260	100	690	600	340	480	170	120	250	980	990	120	550	510	760	640	490	490	820	160	660	830	640	540	320	940	460	530	300	140	500	890	1000	530	140	800	700	780	860	130	510	990	830	850	360	850	470	120	220	570	500	590	720	870	350	900	610	540	110	570	250	730	780	400	330	710	650	220	420	1000	840	860	460	410	240	490	840	490	840	150	130	240	560	340	440	350	850	830	180	120	550	280	960	940	710	730	490	280	650	870	470	620	340	260	390	410	230	560	200	360	490	210	770	860	230	600	920	340	580	450	900	910	750	650	840	700	530	830	510	300	460	590	800	370	740	750	790	960	820	170	420	150	920	390	280	480	530	430	630	710	670	400	990	470	200	920	730	140	300	440	850	730	980	960	240	770	980	940	530	920	990	420	210	440	250	240	830	290	780	130	370	760	200	980	160	390	260	530	460	1000	930	500	160	370	770	860	740	240	990	740	360	780	780	990	670	570	740	940	840	100	560	310	570	700	370	120	470	390	960	540	600	130	520	910	870	300	680	390	650	970	930	850	300	700	290	480	410	920	870	750	320	650	580	970	500	430	260	750	560	490	200	470	140	210	570	400	940	240	640	880	940	220	220	670	540	660	110	760	720	930	610	150	400	670	250	210	700	830	430	890	460	730	240	370	170	620	670	920	660	490	680	880	940	490	590	830	210	770	110	170	970	860	970	960	490	100	730	720	410	250	650	680	850	400	300	440	630	710	280	700	410	110	420	420	110	790	160	850	860	270	220	200	240	570	400	810	160	550	380	150	910	660	900	660	650	330	500	410	780	220	690	100	290	220	470	880	200	800	490	130	800	770	460	600	410	860	490	160	150	960	830	420	620	840	680	100	810	630	910	300	450	630	960	630	320	200	380	780	800	830	420	980	980	630	100	380	530	860	290	740	500	310	850	780	120	240	400	440	420	560	190	110	700	300	130	830	280	910	580	160	810	590	850	180	800	170	360	160	870	900	350	600	450	290	520	530	220	250	360	760	690	800	550	530	550	880	880	610	680	760	440	180	870	110	710	320	860	190	820	330	990	330	210	540	340	390	510	260	360	710	610	280	150	930	390	810	750	800	640	310	730	390	740	790	790	680	380	410	440	960	950	100	590	250	740	500	360	190	550	890	890	380	540	700	100	890	310	670	690	560	310	560	450	250	630	760	280	360	580	150	220	340	920	210	240	170	440	970	410	130	950	590	830	320	610	130	810	240	600	270	340	720	620	130	550	200	740	840	660	730	710	670	440	130	190	370	690	950	950	230	730	250	680	960	650	100	810	330	780	560	980	290	290	190	670	770	630	320	920	870	150	470	240	630	380	900	460	960	750	670	110	570	550	370	240	350	940	900	110	910	270	140	640	630	800	940	450	470	610	910	200	560	560	120	830	140	340	820	970	830	530	850	690	830	120	320	140	610	720	480	180	900	810	810	950	890	200	420	710	530	960	650	590	760	630	830	730	430	100	580	430	530	960	780	690	660	450	880	950	160	110	740	770	660	940	600	250	760	600	980	510	750	570	300	580	310	940	860	320	240	210	500	780	550	570	560	890	270	350	460	320	450	720	340	790	980	760	1000	700	340	820	990	990	270	710	970	410	570	930	470	280	100	390	910	1000	890	200	570	290	960	420	290	410	690	470	260	690	840	220	810	570	300	990	350	810	220	760	840	400	830	820	140	100	290	200	840	180	940	160	840	880	800	750	390	300	520	310	290	450	270	650	960	180	240	830	580	230	650	620	590	110	570	420	700	330	690	700	330	480	530	920	360	480	340	960	390	790	980	540	850	900	310	770	930	950	970	590	670	560	860	250	360	370	730	300	130	580	400	380	680	680	600	890	540	340	280	940	140	650	900	490	520	250	730	380	520	100	270	940	380	160	730	260	590	450	470	890	330	660	900	120	130	150	390	580	690	840	990	710	780	390	660	110	110	910	260	720	340	230	610	860	910	100	670	540	160	930	450	710	760	490	990	690	590	410	590	650	370	920	170	990	950	480	430	810	200	910	610	470	370	500	440	880	550	890	230	230	650	460	900	110	240	570	910	450	390	470	370	830	750	460	570	310	370	440	710	760	790	940	730	470	660	560	410	760	350	370	590	350	1000	740	260	260	950	120	210	620	650	670	740	410	740	380	140	330	190	820	390	720	780	160	530	230	650	220	470	600	460	750	140	920	910	180	200	220	340	280	400	610	340	720	690	490	750	660	310	590	850	670	310	780	530	100	560	790	340	400	920	820	140	930	820	720	970	590	860	480	200	500	170	340	410	180	310	400	180	570	500	550	940	560	900	780	630	580	250	910	820	120	660	480	440	780	350	470	990	230	450	520	310	630	900	130	780	120	440	250	170	710	720	930	610	220	560	460	420	120	700	270	420	950	530	340	760	760	990	970	470	940	170	200	840	990	980	550	230	920	340	610	230	620	740	190	440	230	250	720	880	190	700	490	250	560	930	400	110	100	490	180	630	730	330	190	840	470	140	130	920	690	120	830	870	460	140	660	420	270	280	960	560	560	270	270	920	540	580	680	230	1000	610	870	500	320	680	120	130	430	870	310	940	470	420	440	780	360	760	900	680	370	660	710	640	770	630	420	410	740	450	970	100	120	340	460	960	790	820	840	340	700	400	820	670	300	380	810	820	820	670	400	950	780	460	510	780	230	640	430	950	100	800	110	260	100	960	480	210	230	120	170	700	970	780	590	440	350	520	790	850	270	930	740	940	920	150	130	560	430	270	950	890	480	360	750	700	1000	510	520	750	1000	970	980	850	360	880	560	650	220	600	750	190	270	990	600	920	530	820	640	970	170	500	400	990	350	220	580	690	400	110	290	780	610	330	870	580	100	500	770	790	150	300	370	630	350	650	390	610	320	310	330	220	450	750	420	400	840	770	420	210	350	810	290	540	320	1000	680	430	900	570	330	190	160	340	870	220	410	960	760	490	300	810	510	140	1000	950	570	660	900	1000	350	600	400	260	500	540	420	900	900	240	480	480	270	260	650	870	590	910	370	440	570	1000	810	160	850	520	540	500	430	950	750	890	900	470	240	590	530	240	100	280	570	340	500	590	570	590	710	870	340	410	610	420	850	770	810	160	900	810	780	830	140	550	250	810	910	260	140	520	370	120	170	570	920	290	740	690	840	180	770	540	600	740	580	560	210	640	980	320	540	730	580	870	670	660	900	330	700	890	730	900	450	490	910	700	260	370	290	650	250	630	900	840	440	280	520	110	320	430	510	180	770	450	250	540	730	670	190	100	300	740	420	120	560	310	220	330	330	650	320	390	780	680	620	450	670	590	620	130	120	580	180	200	860	620	690	940	500	160	760	550	400	490	470	900	850	230	290	860	210	530	200	430	680	910	960	800	610	260	240	670	900	150	510	460	750	430	730	530	680	230	380	820	650	210	830	680	340	140	750	620	290	330	770	960	410	390	410	530	780	100	870	560	880	680	160	120	910	860	260	260	770	910	710	710	110	740	590	610	800	830	580	920	910	200	920	470	670	140	210	770	420	410	530	780	720	110	340	530	910	460	350	640	310	350	660	120	490	530	170	950	490	980	250	710	350	310	340	310	130	600	660	500	910	820	190	130	390	920	110	630	540	150	620	850	190	530	200	440	300	680	990	330	450	280	820	460	800	790	960	440	350	610	360	880	710	450	790	360	680	490	1000	180	870	390	520	800	460	1000	420	220	770	500	920	510	350	100	170	180	940	100	500	890	100	700	250	210	310	350	240	120	110	270	590	620	230	1000	210	680	990	560	120	310	500	490	900	520	170	130	470	810	730	140	720	340	500	710	600	590	930	490	610	160	150	140	630	960	550	590	480	270	920	680	330	480	730	230	950	170	540	680	530	140	730	880	190	280	330	910	120	610	880	710	870	940	630	450	240	950	1000	750	100	380	460	370	850	280	160	150	510	480	800	390	540	850	550	490	230	260	830	990	920	410	230	200	350	890	190	930	490	290	590	830	610	510	630	930	500	310	740	780	960	400	980	720	700	390	470	250	860	190	880	890	510	830	700	540	520	390	250	260	550	410	240	130	990	900	900	320	170	230	380	200	350	300	540	850	510	910	610	470	990	110	860	660	390	440	610	900	210	740	950	580	140	980	190	800	270	240	720	310	130	280	100	440	160	840	290	720	480	910	840	260	150	860	260	100	790	500	570	210	350	670	460	260	600	320	280	670	540	170	180	660	650	150	140	210	250	350	780	510	310	100	290	150	460	890	220	680	170	230	600	430	130	560	490	860	410	650	160	170	1000	130	440	620	710	680	870	1000	600	130	670	250	870	580	400	740	980	180	970	730	300	750	380	640	950	1000	510	600	200	320	790	160	510	210	210	320	530	660	260	100	360	760	750	370	670	720	720	670	1000	890	350	640	180	680	930	980	690	710	340	430	760	500	260	230	690	670	670	440	870	320	370	1000	770	750	580	590	730	110	660	200	720	880	710	710	250	570	350	260	500	260	900	130	500	540	130	630	190	350	470	500	470	610	790	250	160	710	740	810	540	710	290	440	410	740	550	930	330	100	150	310	510	670	750	360	690	110	350	790	820	570	330	620	610	290	920	400	430	440	620	860	200	350	480	570	210	660	100	730	470	780	540	810	820	370	850	980	220	940	860	570	440	640	350	600	500	880	900	890	370	840	130	1000	900	230	650	300	420	570	710	660	700	130	300	210	390	800	260	980	890	910	270	420	930	970	160	650	880	260	950	100	910	170	940	700	780	830	560	230	320	400	300	330	610	910	950	980	730	680	720	940	920	750	120	990	490	320	410	300	150	740	470	530	540	350	370	340	330	770	230	530	180	520	230	850	820	320	130	240	760	360	130	810	530	970	140	430	810	960	570	470	590	160	630	570	320	170	530	280	840	790	130	640	460	380	320	860	610	250	390	660	420	550	300	610	200	260	860	880	880	350	730	390	470	330	590	180	180	670	410	180	130	470	890	860	830	910	610	210	220	720	430	330	860	140	420	790	650	850	860	890	820	110	510	210	400	490	390	500	100	430	210	270	430	240	610	660	770	710	830	240	240	680	950	200	150	780	710	100	610	510	570	920	320	560	560	630	370	350	690	620	400	280	840	740	720	560	470	440	530	870	890	120	870	340	180	800	420	670	820	720	280	930	130	940	160	950	480	530	580	140	450	260	370	710	210	190	120	570	640	920	520	450	910	550	530	380	130	190	950	880	310	850	440	990	370	920	430	270	750	470	430	640	570	730	140	440	890	570	120	700	330	620	530	580	370	710	840	620	720	280	900	710	620	140	830	990	600	890	990	190	990	450	210	170	230	360	120	490	650	290	610	190	660	830	990	730	780	120	840	630	660	440	620	930	220	530	460	100	100	620	320	640	980	340	220	130	370	830	550	550	280	910	620	830	530	600	1000	730	200	980	420	890	420	490	440	330	170	1000	750	490	890	610	240	240	110	530	830	230	790	670	610	800	220	920	800	420	350	800	930	140	270	790	910	850	430	950	660	560	870	290	510	720	740	850	860	720	150	980	630	990	520	900	740	680	520	650	260	160	900	970	300	940	590	980	280	420	630	330	590	1000	980	460	
10
