6426
120
2
90
0	192	0	0	192	0	0	192	0	0	0	192	192	0	0	192	0	0	0	0	0	0	0	0	0	0	0	192	0	0	0	0	0	0	192	0	0	0	0	0	0	0	0	0	0	0	0	0	0	0	0	0	0	0	192	0	0	0	192	0	0	0	0	0	192	0	0	0	0	0	0	0	0	0	0	0	0	0	0	0	0	0	0	0	0	0	0	0	0	0	0	0	0	0	0	0	0	0	0	0	0	0	0	0	0	0	0	0	0	0	0	0	0	0	0	0	0	0	0	0	
192	0	0	0	0	0	0	0	0	0	0	0	0	0	0	0	0	0	0	0	0	0	0	0	0	0	0	0	0	0	0	0	0	0	0	0	0	0	0	0	0	0	0	0	0	0	0	0	0	192	0	0	0	0	0	0	0	0	0	0	0	0	0	0	0	192	0	0	0	0	0	0	0	0	0	0	0	0	0	0	0	0	0	0	0	0	0	0	0	0	0	0	0	0	0	0	0	0	0	0	0	0	0	0	0	0	0	0	0	0	0	0	0	0	0	0	0	0	0	0	
0	0	0	0	0	0	0	0	0	0	0	0	0	0	0	0	0	0	0	0	0	0	0	0	0	0	0	0	0	0	0	0	0	0	0	0	0	0	0	0	0	192	0	0	0	0	0	0	0	0	0	0	0	0	0	0	0	0	0	0	0	0	0	0	0	0	0	0	0	0	0	0	0	0	0	0	0	0	0	0	0	0	0	0	0	0	0	0	0	0	0	0	0	0	0	0	0	0	0	0	0	0	0	0	0	0	0	0	0	0	0	192	0	0	0	0	0	0	0	0	
0	0	0	0	0	192	0	0	0	0	0	0	0	0	0	0	0	0	0	0	0	0	0	0	0	0	0	0	0	0	0	0	0	0	0	0	0	0	0	0	0	0	0	0	0	0	0	0	0	0	0	0	0	0	0	0	0	0	0	0	0	0	0	0	0	0	0	0	0	0	0	0	0	0	0	0	0	0	0	0	0	0	0	0	0	0	0	0	0	0	0	0	0	0	0	0	0	0	0	0	0	0	192	0	0	0	0	0	0	0	0	0	0	0	0	0	0	0	0	0	
192	0	0	0	0	0	0	0	0	0	0	0	0	0	0	0	0	0	0	0	0	0	0	0	0	0	0	0	0	0	0	0	0	0	0	0	0	0	0	0	0	0	0	0	0	0	0	0	0	0	0	0	0	0	0	0	0	0	0	0	0	0	0	0	0	0	0	0	0	0	192	0	0	0	0	0	0	0	0	0	0	0	0	0	0	192	0	0	0	0	0	0	0	0	0	0	0	0	0	0	0	0	0	0	0	0	0	0	0	0	0	0	0	0	0	0	0	0	0	0	
0	0	0	192	0	0	0	0	0	0	0	0	0	0	0	0	0	0	0	0	0	0	0	0	0	0	0	0	0	0	0	0	0	0	0	0	0	0	0	0	0	0	0	0	0	0	0	0	0	0	0	0	0	0	0	0	0	0	0	0	192	0	0	0	0	0	0	0	0	0	0	0	0	0	0	0	0	0	0	0	0	0	0	0	0	0	0	0	0	0	0	0	0	0	0	0	0	0	0	0	0	0	0	0	0	0	0	0	0	0	0	0	0	0	0	0	0	0	0	0	
0	0	0	0	0	0	0	0	0	0	0	0	0	0	0	0	0	0	192	0	0	0	0	0	0	192	0	0	0	0	0	0	0	0	0	0	0	0	0	0	0	0	0	0	0	0	0	0	0	0	0	0	0	0	0	0	0	0	0	0	0	0	0	0	0	0	0	0	0	0	0	0	0	0	0	0	0	0	0	0	0	0	0	0	0	0	0	0	0	0	0	0	0	0	0	0	0	0	0	0	0	0	0	0	0	0	0	0	0	0	0	0	0	0	0	0	0	0	0	0	
192	0	0	0	0	0	0	0	0	0	0	0	0	0	0	0	0	0	0	0	0	0	0	0	0	0	0	0	0	0	0	0	0	0	0	0	0	0	0	0	0	0	0	192	0	0	0	0	0	0	0	192	0	0	0	0	0	0	0	0	0	0	0	0	0	0	0	0	0	0	0	0	0	0	0	0	0	0	0	0	0	0	0	0	0	0	0	0	0	0	0	0	0	0	0	0	0	0	0	0	0	0	0	0	0	0	0	0	0	0	0	0	0	0	0	0	0	0	0	0	
0	0	0	0	0	0	0	0	0	0	0	0	0	0	0	0	0	0	0	0	0	0	0	0	0	0	0	0	0	0	0	0	0	0	0	0	0	0	0	0	0	0	0	0	0	0	0	0	0	0	0	0	0	0	0	0	0	0	0	0	0	0	0	0	0	0	0	0	0	0	0	0	0	0	0	0	0	0	0	0	0	0	0	0	0	0	0	0	0	0	0	0	0	0	192	0	192	0	0	0	0	0	0	0	0	0	0	0	0	0	0	0	0	0	0	0	0	0	0	0	
0	0	0	0	0	0	0	0	0	0	0	0	0	0	0	0	0	0	0	0	0	0	0	192	0	0	0	0	0	0	0	0	0	0	0	0	0	0	0	0	0	0	0	0	0	0	0	0	0	0	0	0	0	0	0	0	0	0	0	0	0	0	0	0	0	0	0	0	0	0	0	0	0	0	0	0	0	0	192	0	0	0	0	0	0	0	0	0	0	0	0	0	0	0	0	0	0	0	0	0	0	0	0	0	0	0	0	0	0	0	0	0	0	0	0	0	0	0	0	0	
0	0	0	0	0	0	0	0	0	0	0	0	192	0	0	0	0	0	0	192	0	0	0	0	0	0	0	0	0	0	0	0	0	0	0	0	0	0	0	0	0	0	0	0	0	0	0	0	0	0	0	0	0	0	0	0	0	0	0	0	0	0	0	0	0	0	0	0	0	0	0	0	0	0	0	0	0	0	0	0	0	0	0	0	0	0	0	0	0	0	0	0	0	0	0	0	0	0	0	0	0	0	0	0	0	0	0	0	0	0	0	0	0	0	0	0	0	0	0	0	
192	0	0	0	0	0	0	0	0	0	0	0	0	0	0	0	0	0	0	0	0	0	0	0	0	0	0	0	0	0	0	0	0	0	0	0	192	0	0	0	0	0	0	0	0	0	0	0	0	0	0	0	0	0	0	0	0	0	0	0	0	0	0	0	0	0	0	0	0	0	0	0	0	0	0	0	0	0	0	0	0	0	0	0	0	0	0	0	0	0	0	0	0	0	0	0	0	0	0	0	0	0	0	0	0	0	0	0	0	0	0	0	0	0	0	192	0	0	0	0	
192	0	0	0	0	0	0	0	0	0	192	0	0	0	0	0	0	0	0	0	0	0	0	0	0	0	0	0	0	0	0	0	0	0	0	0	0	0	0	0	0	0	0	0	0	0	0	0	0	0	0	0	0	0	0	0	0	0	0	0	0	0	0	0	0	0	0	0	0	0	0	0	0	0	0	0	0	0	0	0	0	0	0	0	0	0	0	0	0	0	0	0	0	0	0	0	0	0	0	0	0	0	0	0	0	0	0	0	0	0	0	0	0	0	0	0	0	0	0	0	
0	0	0	0	0	0	0	0	0	0	0	0	0	0	0	0	0	0	0	0	0	0	0	0	0	0	0	0	0	0	0	0	0	0	0	0	0	0	0	0	0	0	0	0	0	0	0	0	0	0	0	0	0	0	0	0	0	192	0	0	0	0	0	0	0	0	0	0	0	0	0	0	0	0	0	0	0	0	0	0	0	0	0	0	192	0	0	0	0	0	0	0	0	0	0	0	0	0	0	0	0	0	0	0	0	0	0	0	0	0	0	0	0	0	0	0	0	0	0	0	
0	0	0	0	0	0	0	0	0	0	0	0	0	0	0	0	0	0	0	0	0	0	0	0	0	0	0	0	0	0	192	0	0	0	0	0	0	0	0	0	0	0	0	0	0	0	0	0	0	0	0	0	0	0	0	0	0	0	0	0	0	0	0	0	0	0	0	0	0	0	0	0	0	0	0	0	0	0	0	0	0	0	0	0	0	0	0	0	0	0	0	0	0	0	0	0	0	0	0	0	0	0	0	0	0	0	0	0	0	0	0	0	0	0	192	0	0	0	0	0	
192	0	0	0	0	0	0	0	0	0	0	0	0	0	0	0	0	0	0	0	0	0	0	0	0	0	0	0	0	0	0	0	0	192	0	0	0	0	0	0	0	0	0	0	0	0	0	0	0	0	0	0	0	0	0	0	0	0	0	0	0	0	0	0	0	0	0	0	0	0	0	0	0	0	0	0	0	0	0	0	0	0	0	0	0	0	0	0	0	0	0	0	0	0	0	0	0	0	0	0	0	0	0	0	0	0	0	192	0	0	0	0	0	0	0	0	0	0	0	0	
0	0	0	0	0	0	0	0	0	0	0	0	0	0	0	0	0	0	0	0	0	0	0	0	0	0	0	0	0	0	0	0	0	0	0	0	0	0	0	0	0	0	0	0	0	0	0	0	0	0	0	0	192	0	0	0	0	0	0	0	0	0	0	0	0	0	0	0	0	0	0	0	0	0	0	0	0	0	0	0	0	0	0	0	0	0	0	0	0	0	0	0	0	0	0	0	0	0	0	0	0	0	0	0	0	0	192	0	0	0	0	0	0	0	0	0	0	0	0	0	
0	0	0	0	0	0	0	0	0	0	0	0	0	0	0	0	0	0	0	0	0	0	0	0	0	0	0	0	0	192	0	0	0	0	0	0	0	0	0	0	0	0	0	0	0	0	0	0	0	0	0	0	0	0	0	0	0	0	0	0	0	0	0	0	0	0	0	0	0	0	0	0	0	192	0	0	0	0	0	0	0	0	0	0	0	0	0	0	0	0	0	0	0	0	0	0	0	0	0	0	0	0	0	0	0	0	0	0	0	0	0	0	0	0	0	0	0	0	0	0	
0	0	0	0	0	0	192	0	0	0	0	0	0	0	0	0	0	0	0	0	0	0	0	0	0	0	0	0	0	0	0	0	0	0	0	0	0	0	0	0	0	0	0	0	0	0	0	0	0	0	0	0	0	0	0	0	0	0	0	0	0	0	0	0	0	0	0	0	0	0	0	0	0	0	0	0	0	0	0	0	0	0	0	0	0	0	0	0	0	0	0	0	0	192	0	0	0	0	0	0	0	0	0	0	0	0	0	0	0	0	0	0	0	0	0	0	0	0	0	0	
0	0	0	0	0	0	0	0	0	0	192	0	0	0	0	0	0	0	0	0	0	0	192	0	0	0	0	0	0	0	0	0	0	0	0	0	0	0	0	0	0	0	0	0	0	0	0	0	0	0	0	0	0	0	0	0	0	0	0	0	0	0	0	0	0	0	0	0	0	0	0	0	0	0	0	0	0	0	0	0	0	0	0	0	0	0	0	0	0	0	0	0	0	0	0	0	0	0	0	0	0	0	0	0	0	0	0	0	0	0	0	0	0	0	0	0	0	0	0	0	
0	0	0	0	0	0	0	0	0	0	0	0	0	0	0	0	0	0	0	0	0	0	0	0	0	0	0	0	0	0	0	0	0	0	0	0	0	0	0	0	0	0	0	0	0	0	0	0	0	0	0	0	0	0	0	0	0	0	0	192	0	0	0	0	0	0	0	0	0	0	0	0	0	0	0	0	0	0	0	0	0	0	0	0	0	0	0	0	0	0	0	0	0	0	0	0	0	0	0	0	0	0	0	0	0	0	0	0	0	0	0	0	0	0	0	0	0	0	0	192	
0	0	0	0	0	0	0	0	0	0	0	0	0	0	0	0	0	0	0	0	0	0	0	0	0	0	0	0	0	0	0	0	0	0	0	0	0	0	0	0	0	0	0	0	0	0	192	0	0	0	0	0	0	0	0	0	0	0	0	0	0	0	0	0	0	0	0	0	0	0	0	0	0	192	0	0	0	0	0	0	0	0	0	0	0	0	0	0	0	0	0	0	0	0	0	0	0	0	0	0	0	0	0	0	0	0	0	0	0	0	0	0	0	0	0	0	0	0	0	0	
0	0	0	0	0	0	0	0	0	0	0	0	0	0	0	0	0	0	0	192	0	0	0	0	0	0	0	0	0	0	0	0	0	0	0	0	0	0	0	0	0	0	0	0	0	0	0	0	0	0	0	0	0	0	0	0	0	0	0	192	0	0	0	0	0	0	0	0	0	0	0	0	0	0	0	0	0	0	0	0	0	0	0	0	0	0	0	0	0	0	0	0	0	0	0	0	0	0	0	0	0	0	0	0	0	0	0	0	0	0	0	0	0	0	0	0	0	0	0	0	
0	0	0	0	0	0	0	0	0	192	0	0	0	0	0	0	0	0	0	0	0	0	0	0	0	0	0	0	0	0	0	0	0	0	0	0	0	0	0	0	0	0	0	0	0	0	0	0	0	0	0	0	192	0	0	0	0	0	0	0	0	0	0	0	0	0	0	0	0	0	0	0	0	0	0	0	0	0	0	0	0	0	0	0	0	0	0	0	0	0	0	0	0	0	0	0	0	0	0	0	0	0	0	0	0	0	0	0	0	0	0	0	0	0	0	0	0	0	0	0	
0	0	0	0	0	0	0	0	0	0	0	0	0	0	0	0	0	0	0	0	0	0	0	0	0	0	0	0	0	192	0	0	0	0	0	0	0	0	0	0	0	0	0	0	0	0	0	0	0	0	0	0	0	0	0	0	0	0	0	0	0	0	0	0	0	0	0	0	0	0	0	0	0	0	0	0	0	0	0	0	0	0	0	0	0	0	0	0	0	0	0	0	0	0	0	0	0	0	0	0	0	0	0	0	0	0	0	0	0	192	0	0	0	0	0	0	0	0	0	0	
0	0	0	0	0	0	192	0	0	0	0	0	0	0	0	0	0	0	0	0	0	0	0	0	0	0	0	0	0	0	0	0	0	0	0	0	0	0	0	0	0	0	0	0	0	0	0	0	0	0	0	0	0	0	0	0	0	0	0	0	0	0	0	0	0	0	0	0	0	0	0	0	0	0	0	0	0	0	0	0	0	0	0	0	0	0	0	0	0	0	0	0	0	0	0	0	0	0	0	0	0	0	0	0	0	0	0	0	192	0	0	0	0	0	0	0	0	0	0	0	
0	0	0	0	0	0	0	0	0	0	0	0	0	0	0	0	0	0	0	0	0	0	0	0	0	0	0	0	0	0	0	192	0	0	0	0	0	0	0	0	0	0	0	0	0	0	0	0	0	0	0	0	0	0	0	0	0	0	0	0	0	0	0	0	0	0	0	0	192	0	0	0	0	0	0	0	0	0	0	0	0	0	0	0	0	0	0	0	0	0	0	0	0	0	0	0	0	0	0	0	0	0	0	0	0	0	0	0	0	0	0	0	0	0	0	0	0	0	0	0	
192	0	0	0	0	0	0	0	0	0	0	0	0	0	0	0	0	0	0	0	0	0	0	0	0	0	0	0	0	0	0	0	0	0	0	0	0	0	0	0	0	0	0	0	0	0	0	0	0	0	0	0	0	0	0	0	0	0	0	0	0	0	0	0	0	0	0	0	0	0	0	0	0	0	0	0	0	0	0	0	192	0	0	0	0	0	0	0	0	0	0	0	0	0	0	0	0	0	0	0	0	192	0	0	0	0	0	0	0	0	0	0	0	0	0	0	0	0	0	0	
0	0	0	0	0	0	0	0	0	0	0	0	0	0	0	0	0	0	0	0	0	0	0	0	0	0	0	0	0	0	0	0	0	0	0	0	0	0	0	0	0	0	0	0	0	0	0	0	0	0	0	0	0	0	0	0	0	0	0	0	0	0	0	0	0	0	0	0	0	0	0	0	0	0	0	0	0	0	0	192	0	0	0	0	0	0	0	0	0	0	0	0	0	0	0	0	0	0	0	0	0	0	0	0	0	0	192	0	0	0	0	0	0	0	0	0	0	0	0	0	
0	0	0	0	0	0	0	0	0	0	0	0	0	0	0	0	0	192	0	0	0	0	0	0	192	0	0	0	0	0	0	0	0	0	0	0	0	0	0	0	0	0	0	0	0	0	0	0	0	0	0	0	0	0	0	0	0	0	0	0	0	0	0	0	0	0	0	0	0	0	0	0	0	0	0	0	0	0	0	0	0	0	0	0	0	0	0	0	0	0	0	0	0	0	0	0	0	0	0	0	0	0	0	0	0	0	0	0	0	0	0	0	0	0	0	0	0	0	0	0	
0	0	0	0	0	0	0	0	0	0	0	0	0	0	192	0	0	0	0	0	0	0	0	0	0	0	0	0	0	0	0	0	0	0	0	0	0	0	0	192	0	0	0	0	0	0	0	0	0	0	0	0	0	0	0	0	0	0	0	0	0	0	0	0	0	0	0	0	0	0	0	0	0	0	0	0	0	0	0	0	0	0	0	0	0	0	0	0	0	0	0	0	0	0	0	0	0	0	0	0	0	0	0	0	0	0	0	0	0	0	0	0	0	0	0	0	0	0	0	0	
0	0	0	0	0	0	0	0	0	0	0	0	0	0	0	0	0	0	0	0	0	0	0	0	0	0	192	0	0	0	0	0	0	0	0	0	0	0	0	0	0	0	0	0	0	0	0	0	0	0	0	0	0	0	0	0	0	0	0	0	0	0	0	0	0	0	0	0	0	0	0	0	0	0	0	0	0	0	0	0	0	0	0	0	0	0	0	0	0	0	0	0	0	0	0	0	0	0	0	0	0	0	0	0	0	0	0	192	0	0	0	0	0	0	0	0	0	0	0	0	
0	0	0	0	0	0	0	0	0	0	0	0	0	0	0	0	0	0	0	0	0	0	0	0	0	0	0	0	0	0	0	0	0	0	0	0	0	0	0	0	0	0	0	0	0	0	0	0	0	0	0	0	0	0	0	0	0	0	0	0	0	0	0	0	0	0	0	0	0	0	0	0	0	0	0	0	0	0	0	0	0	0	0	0	0	0	192	0	0	0	0	0	0	0	0	0	0	0	0	0	0	0	0	0	0	0	0	0	0	0	0	0	0	0	0	0	0	0	0	192	
0	0	0	0	0	0	0	0	0	0	0	0	0	0	0	192	0	0	0	0	0	0	0	0	0	0	0	0	0	0	0	0	0	0	0	0	0	0	0	0	0	0	0	0	0	0	0	0	0	0	0	0	0	0	0	0	0	0	0	0	0	0	0	0	0	0	0	0	0	0	0	0	0	0	0	0	0	192	0	0	0	0	0	0	0	0	0	0	0	0	0	0	0	0	0	0	0	0	0	0	0	0	0	0	0	0	0	0	0	0	0	0	0	0	0	0	0	0	0	0	
192	0	0	0	0	0	0	0	0	0	0	0	0	0	0	0	0	0	0	0	0	0	0	0	0	0	0	0	0	0	0	0	0	0	0	0	0	0	0	0	0	0	0	0	0	0	0	0	0	0	0	0	0	0	0	0	0	0	0	0	0	0	0	0	0	0	0	0	0	0	0	0	0	0	0	0	0	0	0	0	0	0	0	0	0	0	0	0	0	0	0	192	0	0	0	0	0	0	0	0	0	0	0	0	0	0	0	0	0	0	0	0	0	192	0	0	0	0	0	0	
0	0	0	0	0	0	0	0	0	0	0	0	0	0	0	0	0	0	0	0	0	0	0	0	0	0	0	0	0	0	0	0	0	0	0	0	0	0	0	0	0	0	0	0	0	0	0	0	0	0	0	0	0	0	0	0	0	0	0	0	0	0	0	0	0	0	0	0	0	0	0	0	0	0	0	0	0	0	0	0	192	0	0	0	0	0	0	0	0	0	0	0	0	0	0	0	0	0	0	0	0	192	0	0	0	0	0	0	0	0	0	0	0	0	0	0	0	0	0	0	
0	0	0	0	0	0	0	0	0	0	0	192	0	0	0	0	0	0	0	0	0	0	0	0	0	0	0	0	0	0	0	0	0	0	0	0	0	0	0	0	0	0	0	0	0	0	0	0	0	0	0	0	0	0	0	0	0	0	0	0	0	0	0	0	0	0	0	0	0	0	0	0	0	0	0	0	0	0	0	0	0	0	0	0	0	0	0	0	0	0	0	0	0	0	0	0	0	0	0	0	0	0	0	0	0	0	0	0	0	0	0	0	0	0	0	192	0	0	0	0	
0	0	0	0	0	0	0	0	0	0	0	0	0	0	0	0	0	0	0	0	0	0	0	0	0	0	0	0	0	0	0	0	0	0	0	0	0	0	0	0	0	0	0	0	0	0	0	0	0	0	0	0	0	0	0	0	192	0	0	0	0	0	0	0	0	0	0	0	0	0	0	0	0	0	0	0	0	0	0	0	0	0	0	0	0	0	0	0	0	0	0	0	0	0	0	0	0	0	0	0	0	0	0	0	192	0	0	0	0	0	0	0	0	0	0	0	0	0	0	0	
0	0	0	0	0	0	0	0	0	0	0	0	0	0	0	0	0	0	0	0	0	0	0	0	0	0	0	0	0	0	0	0	0	0	0	0	0	0	0	192	0	0	0	0	0	0	0	0	0	192	0	0	0	0	0	0	0	0	0	0	0	0	0	0	0	0	0	0	0	0	0	0	0	0	0	0	0	0	0	0	0	0	0	0	0	0	0	0	0	0	0	0	0	0	0	0	0	0	0	0	0	0	0	0	0	0	0	0	0	0	0	0	0	0	0	0	0	0	0	0	
0	0	0	0	0	0	0	0	0	0	0	0	0	0	0	0	0	0	0	0	0	0	0	0	0	0	0	0	0	0	192	0	0	0	0	0	0	0	192	0	0	0	0	0	0	0	0	0	0	0	0	0	0	0	0	0	0	0	0	0	0	0	0	0	0	0	0	0	0	0	0	0	0	0	0	0	0	0	0	0	0	0	0	0	0	0	0	0	0	0	0	0	0	0	0	0	0	0	0	0	0	0	0	0	0	0	0	0	0	0	0	0	0	0	0	0	0	0	0	0	
0	0	0	0	0	0	0	0	0	0	0	0	0	0	0	0	0	0	0	0	0	0	0	0	0	0	0	0	0	0	0	0	0	0	0	0	0	0	0	0	0	0	0	0	0	0	0	0	0	0	0	0	0	0	0	0	0	0	0	0	0	0	0	192	0	0	0	0	0	0	192	0	0	0	0	0	0	0	0	0	0	0	0	0	0	0	0	0	0	0	0	0	0	0	0	0	0	0	0	0	0	0	0	0	0	0	0	0	0	0	0	0	0	0	0	0	0	0	0	0	
0	0	192	0	0	0	0	0	0	0	0	0	0	0	0	0	0	0	0	0	0	0	0	0	0	0	0	0	0	0	0	0	0	0	0	0	0	0	0	0	0	0	0	0	0	0	0	0	0	0	0	0	0	0	0	0	0	0	0	0	0	0	0	0	0	0	0	0	0	0	0	0	0	0	0	0	0	0	0	0	0	0	0	0	0	0	0	192	0	0	0	0	0	0	0	0	0	0	0	0	0	0	0	0	0	0	0	0	0	0	0	0	0	0	0	0	0	0	0	0	
0	0	0	0	0	0	0	0	0	0	0	0	0	0	0	0	0	0	0	0	0	0	0	0	0	0	0	0	0	0	0	0	0	0	0	0	0	0	0	0	0	0	0	0	0	0	0	0	0	0	0	0	0	0	0	0	0	0	0	0	0	0	0	0	0	0	0	0	0	0	0	0	0	0	0	0	0	0	0	0	0	0	0	0	0	0	0	0	0	0	0	0	192	0	0	0	0	0	0	0	0	0	0	0	0	0	0	0	0	0	192	0	0	0	0	0	0	0	0	0	
0	0	0	0	0	0	0	192	0	0	0	0	0	0	0	0	0	0	0	0	0	0	0	0	0	0	0	0	0	0	0	0	0	0	0	0	0	0	0	0	0	0	0	0	0	0	0	0	0	0	0	192	0	0	0	0	0	0	0	0	0	0	0	0	0	0	0	0	0	0	0	0	0	0	0	0	0	0	0	0	0	0	0	0	0	0	0	0	0	0	0	0	0	0	0	0	0	0	0	0	0	0	0	0	0	0	0	0	0	0	0	0	0	0	0	0	0	0	0	0	
0	0	0	0	0	0	0	0	0	0	0	0	0	0	0	0	0	0	0	0	0	0	0	0	0	0	0	0	0	0	0	0	0	0	0	0	0	0	0	0	0	0	0	0	0	0	192	0	0	0	0	0	0	0	0	0	0	0	0	0	0	0	0	0	0	0	0	0	0	0	0	0	0	0	0	0	0	0	0	0	0	0	0	0	0	0	0	0	0	192	0	0	0	0	0	0	0	0	0	0	0	0	0	0	0	0	0	0	0	0	0	0	0	0	0	0	0	0	0	0	
0	0	0	0	0	0	0	0	0	0	0	0	0	0	0	0	0	0	0	0	0	0	0	0	0	0	0	0	0	0	0	0	0	0	0	0	0	0	0	0	0	0	0	0	0	0	0	0	0	0	0	0	0	0	0	0	0	0	0	0	192	0	0	0	0	0	0	0	0	0	0	0	0	0	0	0	0	0	0	0	0	0	0	0	0	0	0	0	0	0	0	0	0	192	0	0	0	0	0	0	0	0	0	0	0	0	0	0	0	0	0	0	0	0	0	0	0	0	0	0	
0	0	0	0	0	0	0	0	0	0	0	0	0	0	0	0	0	0	0	0	0	192	0	0	0	0	0	0	0	0	0	0	0	0	0	0	0	0	0	0	0	0	0	0	192	0	0	0	0	0	0	0	0	0	0	0	0	0	0	0	0	0	0	0	0	0	0	0	0	0	0	0	0	0	0	0	0	0	0	0	0	0	0	0	0	0	0	0	0	0	0	0	0	0	0	0	0	0	0	0	0	0	0	0	0	0	0	0	0	0	0	0	0	0	0	0	0	0	0	0	
0	0	0	0	0	0	0	0	0	0	0	0	0	0	0	0	0	0	0	0	0	0	0	0	0	0	0	0	0	0	0	0	0	0	0	0	0	0	0	0	0	0	0	0	0	0	0	0	0	0	0	0	0	0	0	0	0	0	0	0	0	0	0	0	0	0	0	0	0	192	0	0	0	0	0	0	0	0	0	0	0	0	0	0	0	0	0	0	0	0	0	0	0	0	192	0	0	0	0	0	0	0	0	0	0	0	0	0	0	0	0	0	0	0	0	0	0	0	0	0	
0	0	0	0	0	0	0	0	0	0	0	0	0	0	0	0	0	0	0	0	0	0	0	0	0	0	0	0	0	0	0	0	0	0	0	0	0	0	0	0	0	0	0	0	0	0	0	0	0	0	0	0	0	0	0	0	0	0	0	0	0	0	0	0	0	0	0	0	0	0	0	0	0	0	0	0	0	0	0	0	0	0	0	0	0	0	0	0	0	0	0	0	0	0	0	0	0	0	0	192	0	0	0	0	0	0	0	0	0	0	0	0	0	0	0	0	0	192	0	0	
0	192	0	0	0	0	0	0	0	0	0	0	0	0	0	0	0	0	0	0	0	0	0	0	0	0	0	0	0	0	0	0	0	0	0	0	0	0	192	0	0	0	0	0	0	0	0	0	0	0	0	0	0	0	0	0	0	0	0	0	0	0	0	0	0	0	0	0	0	0	0	0	0	0	0	0	0	0	0	0	0	0	0	0	0	0	0	0	0	0	0	0	0	0	0	0	0	0	0	0	0	0	0	0	0	0	0	0	0	0	0	0	0	0	0	0	0	0	0	0	
0	0	0	0	0	0	0	0	0	0	0	0	0	0	0	0	0	0	0	0	0	0	0	0	0	0	0	0	0	0	0	0	0	0	0	0	0	0	0	0	0	0	0	0	0	0	0	0	0	0	0	0	0	0	0	0	0	0	0	0	0	192	0	0	0	0	0	0	0	0	0	0	0	0	0	0	0	0	0	0	0	0	0	0	192	0	0	0	0	0	0	0	0	0	0	0	0	0	0	0	0	0	0	0	0	0	0	0	0	0	0	0	0	0	0	0	0	0	0	0	
0	0	0	0	0	0	0	192	0	0	0	0	0	0	0	0	0	0	0	0	0	0	0	0	0	0	0	0	0	0	0	0	0	0	0	0	0	0	0	0	0	0	0	192	0	0	0	0	0	0	0	0	0	0	0	0	0	0	0	0	0	0	0	0	0	0	0	0	0	0	0	0	0	0	0	0	0	0	0	0	0	0	0	0	0	0	0	0	0	0	0	0	0	0	0	0	0	0	0	0	0	0	0	0	0	0	0	0	0	0	0	0	0	0	0	0	0	0	0	0	
0	0	0	0	0	0	0	0	0	0	0	0	0	0	0	0	192	0	0	0	0	0	0	192	0	0	0	0	0	0	0	0	0	0	0	0	0	0	0	0	0	0	0	0	0	0	0	0	0	0	0	0	0	0	0	0	0	0	0	0	0	0	0	0	0	0	0	0	0	0	0	0	0	0	0	0	0	0	0	0	0	0	0	0	0	0	0	0	0	0	0	0	0	0	0	0	0	0	0	0	0	0	0	0	0	0	0	0	0	0	0	0	0	0	0	0	0	0	0	0	
0	0	0	0	0	0	0	0	0	0	0	0	0	0	0	0	0	0	0	0	0	0	0	0	0	0	0	0	0	0	0	0	0	0	0	0	0	0	0	0	0	0	0	0	0	0	0	0	0	0	0	0	0	0	0	0	0	0	0	0	0	0	0	0	0	0	0	192	0	0	0	0	0	0	0	0	0	0	0	0	0	0	0	0	0	0	0	0	0	0	0	0	192	0	0	0	0	0	0	0	0	0	0	0	0	0	0	0	0	0	0	0	0	0	0	0	0	0	0	0	
192	0	0	0	0	0	0	0	0	0	0	0	0	0	0	0	0	0	0	0	0	0	0	0	0	0	0	0	0	0	0	0	0	0	0	0	0	0	0	0	0	0	0	0	0	0	0	0	0	0	0	0	0	0	0	0	0	0	0	0	0	0	0	0	0	0	0	0	0	0	0	0	0	0	0	192	0	0	0	0	0	0	0	0	0	0	0	0	192	0	0	0	0	0	0	0	0	0	0	0	0	0	0	0	0	0	0	0	0	0	0	0	0	0	0	0	0	0	0	0	
0	0	0	0	0	0	0	0	0	0	0	0	0	0	0	0	0	0	0	0	0	0	0	0	0	0	0	0	0	0	0	0	0	0	0	0	0	0	0	0	0	0	0	0	0	0	0	0	0	0	0	0	0	0	0	0	0	0	0	0	0	0	0	0	0	0	0	192	0	0	0	0	0	0	192	0	0	0	0	0	0	0	0	0	0	0	0	0	0	0	0	0	0	0	0	0	0	0	0	0	0	0	0	0	0	0	0	0	0	0	0	0	0	0	0	0	0	0	0	0	
0	0	0	0	0	0	0	0	0	0	0	0	0	0	0	0	0	0	0	0	0	0	0	0	0	0	0	0	0	0	0	0	0	0	0	0	0	192	0	0	0	0	0	0	0	0	0	0	0	0	0	0	0	0	0	0	0	0	0	0	0	0	0	0	0	0	0	0	0	0	0	0	0	0	0	0	0	0	0	192	0	0	0	0	0	0	0	0	0	0	0	0	0	0	0	0	0	0	0	0	0	0	0	0	0	0	0	0	0	0	0	0	0	0	0	0	0	0	0	0	
0	0	0	0	0	0	0	0	0	0	0	0	0	192	0	0	0	0	0	0	0	0	0	0	0	0	0	0	0	0	0	0	0	0	0	0	0	0	0	0	0	0	0	0	0	0	0	0	0	0	0	0	0	0	0	0	0	0	0	0	0	0	0	0	0	0	0	0	0	0	0	0	0	0	0	0	0	0	0	0	0	0	0	0	0	192	0	0	0	0	0	0	0	0	0	0	0	0	0	0	0	0	0	0	0	0	0	0	0	0	0	0	0	0	0	0	0	0	0	0	
192	0	0	0	0	0	0	0	0	0	0	0	0	0	0	0	0	0	0	0	0	0	0	0	0	0	0	0	0	0	0	0	0	0	0	0	0	0	0	0	0	0	0	0	0	0	0	0	0	0	0	0	0	0	0	0	0	0	0	0	0	0	0	0	0	0	0	0	0	0	0	0	192	0	0	0	0	0	0	0	0	0	0	0	0	0	0	0	0	0	0	0	0	0	0	0	0	192	0	0	0	0	0	0	0	0	0	0	0	0	0	0	0	0	0	0	0	0	0	0	
0	0	0	0	0	0	0	0	0	0	0	0	0	0	0	0	0	0	0	0	192	0	192	0	0	0	0	0	0	0	0	0	0	0	0	0	0	0	0	0	0	0	0	0	0	0	0	0	0	0	0	0	0	0	0	0	0	0	0	0	0	0	0	0	0	0	0	0	0	0	0	0	0	0	0	0	0	0	0	0	0	0	0	0	0	0	0	0	0	0	0	0	0	0	0	0	0	0	0	0	0	0	0	0	0	0	0	0	0	0	0	0	0	0	0	0	0	0	0	0	
0	0	0	0	0	192	0	0	0	0	0	0	0	0	0	0	0	0	0	0	0	0	0	0	0	0	0	0	0	0	0	0	0	0	0	0	0	0	0	0	0	0	0	0	0	192	0	0	0	0	0	0	0	0	0	0	0	0	0	0	0	0	0	0	0	0	0	0	0	0	0	0	0	0	0	0	0	0	0	0	0	0	0	0	0	0	0	0	0	0	0	0	0	0	0	0	0	0	0	0	0	0	0	0	0	0	0	0	0	0	0	0	0	0	0	0	0	0	0	0	
0	0	0	0	0	0	0	0	0	0	0	0	0	0	0	0	0	0	0	0	0	0	0	0	0	0	0	0	0	0	0	0	0	0	0	0	0	0	0	0	0	0	0	0	0	0	0	0	0	0	192	0	0	0	0	0	0	0	0	0	0	0	0	0	0	0	0	0	0	0	0	0	0	0	0	0	0	0	0	0	0	0	0	0	0	0	0	0	0	0	0	0	0	0	0	0	0	0	0	0	0	0	0	0	0	0	0	0	0	0	0	0	0	0	0	0	0	192	0	0	
0	0	0	0	0	0	0	0	0	0	0	0	0	0	0	0	0	0	0	0	0	0	0	0	0	0	0	0	0	0	0	0	0	0	0	0	0	0	0	0	0	0	0	0	0	0	0	0	0	0	0	0	0	0	0	0	0	0	0	0	0	0	0	0	192	0	0	0	0	0	0	0	0	0	0	0	0	0	0	0	0	0	0	0	0	0	0	0	0	0	0	0	0	0	0	0	0	0	192	0	0	0	0	0	0	0	0	0	0	0	0	0	0	0	0	0	0	0	0	0	
0	0	0	0	0	0	0	0	0	0	0	0	0	0	0	0	0	0	0	0	0	0	0	0	0	0	0	0	0	0	0	0	0	0	0	0	0	0	0	0	192	0	0	0	0	0	0	0	0	0	0	0	0	0	0	0	0	0	0	0	0	0	0	0	0	0	0	0	0	0	0	0	0	0	0	0	0	0	0	0	0	0	0	0	0	0	0	0	0	0	0	0	0	0	0	0	0	0	0	0	0	0	0	0	0	0	0	0	0	0	0	0	0	0	0	0	0	0	192	0	
192	0	0	0	0	0	0	0	0	0	0	0	0	0	0	0	0	0	0	0	0	0	0	0	0	0	0	0	0	0	0	0	0	0	0	0	0	0	0	0	0	0	0	0	0	0	0	0	0	0	0	0	0	0	0	0	0	0	0	0	0	0	192	0	0	0	0	0	0	0	0	0	0	0	0	0	0	0	0	0	0	0	0	0	0	0	0	0	0	0	0	0	0	0	0	0	0	0	0	0	0	0	0	0	0	0	0	0	0	0	0	0	0	0	0	0	0	0	0	0	
0	192	0	0	0	0	0	0	0	0	0	0	0	0	0	0	0	0	0	0	0	0	0	0	0	0	0	0	0	0	0	0	0	0	0	0	0	0	0	0	0	0	0	0	0	0	0	0	0	0	0	0	0	0	0	0	0	0	0	0	0	0	0	0	0	0	0	0	0	0	0	0	0	0	0	0	0	0	0	0	0	0	0	0	0	0	0	0	0	0	0	0	0	0	0	0	0	0	0	0	192	0	0	0	0	0	0	0	0	0	0	0	0	0	0	0	0	0	0	0	
0	0	0	0	0	0	0	0	0	0	0	0	0	0	0	0	0	0	0	0	0	0	0	0	0	0	0	0	0	0	0	0	0	0	0	0	0	0	0	0	0	0	0	0	0	0	0	0	0	0	0	0	0	0	0	0	0	0	0	0	0	0	0	0	0	0	0	0	192	0	0	192	0	0	0	0	0	0	0	0	0	0	0	0	0	0	0	0	0	0	0	0	0	0	0	0	0	0	0	0	0	0	0	0	0	0	0	0	0	0	0	0	0	0	0	0	0	0	0	0	
0	0	0	0	0	0	0	0	0	0	0	0	0	0	0	0	0	0	0	0	0	0	0	0	0	0	0	0	0	0	0	0	0	0	0	0	0	0	0	0	0	0	0	0	0	0	0	0	0	0	0	0	0	192	0	192	0	0	0	0	0	0	0	0	0	0	0	0	0	0	0	0	0	0	0	0	0	0	0	0	0	0	0	0	0	0	0	0	0	0	0	0	0	0	0	0	0	0	0	0	0	0	0	0	0	0	0	0	0	0	0	0	0	0	0	0	0	0	0	0	
0	0	0	0	0	0	0	0	0	0	0	0	0	0	0	0	0	0	0	0	0	0	0	0	0	0	192	0	0	0	0	0	0	0	0	0	0	0	0	0	0	0	0	0	0	0	0	0	0	0	0	0	0	0	0	0	0	0	0	0	0	0	0	0	0	0	192	0	0	0	0	0	0	0	0	0	0	0	0	0	0	0	0	0	0	0	0	0	0	0	0	0	0	0	0	0	0	0	0	0	0	0	0	0	0	0	0	0	0	0	0	0	0	0	0	0	0	0	0	0	
0	0	0	0	0	0	0	0	0	0	0	0	0	0	0	0	0	0	0	0	0	0	0	0	0	0	0	0	0	0	0	0	0	0	0	0	0	0	0	0	0	0	0	0	0	0	0	192	0	0	0	0	0	0	0	0	0	0	0	0	0	0	0	0	0	0	0	0	0	0	0	0	0	0	0	0	0	0	0	0	0	0	0	0	0	0	0	0	0	0	0	0	0	0	0	0	0	0	0	0	0	0	0	0	0	0	0	0	0	0	192	0	0	0	0	0	0	0	0	0	
0	0	0	0	192	0	0	0	0	0	0	0	0	0	0	0	0	0	0	0	0	0	0	0	0	0	0	0	0	0	0	0	0	0	0	0	0	0	0	0	192	0	0	0	0	0	0	0	0	0	0	0	0	0	0	0	0	0	0	0	0	0	0	0	0	0	0	0	0	0	0	0	0	0	0	0	0	0	0	0	0	0	0	0	0	0	0	0	0	0	0	0	0	0	0	0	0	0	0	0	0	0	0	0	0	0	0	0	0	0	0	0	0	0	0	0	0	0	0	0	
0	0	0	0	0	0	0	0	0	0	0	0	0	0	0	0	0	0	0	0	0	0	0	0	0	0	0	0	0	0	0	0	0	0	0	0	0	0	0	0	0	0	0	0	0	0	0	0	0	0	0	0	0	0	0	0	0	0	0	0	0	0	0	0	0	0	192	0	0	0	0	0	0	0	0	0	0	192	0	0	0	0	0	0	0	0	0	0	0	0	0	0	0	0	0	0	0	0	0	0	0	0	0	0	0	0	0	0	0	0	0	0	0	0	0	0	0	0	0	0	
0	0	0	0	0	0	0	0	0	0	0	0	0	0	0	0	0	0	0	0	0	0	0	0	0	0	0	0	0	0	0	0	0	0	0	0	0	0	0	0	0	0	0	0	0	0	0	0	0	0	0	0	0	0	0	0	0	0	192	0	0	0	0	0	0	0	0	0	0	0	0	0	0	0	0	0	0	0	0	0	0	0	0	0	0	0	0	0	0	0	0	0	0	0	0	0	0	192	0	0	0	0	0	0	0	0	0	0	0	0	0	0	0	0	0	0	0	0	0	0	
0	0	0	0	0	0	0	0	0	0	0	0	0	0	0	0	0	192	0	0	0	192	0	0	0	0	0	0	0	0	0	0	0	0	0	0	0	0	0	0	0	0	0	0	0	0	0	0	0	0	0	0	0	0	0	0	0	0	0	0	0	0	0	0	0	0	0	0	0	0	0	0	0	0	0	0	0	0	0	0	0	0	0	0	0	0	0	0	0	0	0	0	0	0	0	0	0	0	0	0	0	0	0	0	0	0	0	0	0	0	0	0	0	0	0	0	0	0	0	0	
0	0	0	0	0	0	0	0	0	0	0	0	0	0	0	0	0	0	0	0	0	0	0	0	0	0	0	0	0	0	0	0	0	0	0	0	0	0	0	0	0	0	0	0	0	0	0	0	0	0	0	0	0	0	0	192	0	0	0	0	0	0	0	0	0	0	0	0	0	0	0	0	0	0	0	0	0	0	0	0	0	0	0	0	0	0	0	0	0	0	192	0	0	0	0	0	0	0	0	0	0	0	0	0	0	0	0	0	0	0	0	0	0	0	0	0	0	0	0	0	
0	0	0	0	0	0	0	0	0	0	0	0	0	0	0	0	0	0	0	0	0	0	0	0	0	0	0	0	0	0	0	0	0	0	0	0	0	0	0	0	0	0	0	0	0	0	0	0	0	0	0	0	0	0	192	0	0	0	0	0	0	0	0	0	0	0	0	0	0	0	0	0	0	0	0	0	0	0	0	0	0	0	0	0	0	0	0	0	192	0	0	0	0	0	0	0	0	0	0	0	0	0	0	0	0	0	0	0	0	0	0	0	0	0	0	0	0	0	0	0	
0	0	0	0	0	0	0	0	0	0	0	0	0	0	0	0	0	0	0	0	0	0	0	0	0	0	0	0	0	0	0	0	0	0	0	0	0	0	0	0	0	0	0	0	0	0	0	0	0	0	0	0	0	0	0	0	0	0	0	0	0	0	0	0	0	0	0	0	0	0	0	0	0	0	0	0	0	0	0	0	0	0	0	0	0	0	0	0	0	192	0	0	0	0	0	192	0	0	0	0	0	0	0	0	0	0	0	0	0	0	0	0	0	0	0	0	0	0	0	0	
0	0	0	0	0	0	0	0	0	0	0	0	0	0	0	0	0	0	0	0	0	0	0	0	0	0	0	0	0	0	0	0	0	192	0	0	0	0	0	0	0	0	0	0	0	0	0	0	0	0	0	0	0	0	0	0	0	0	0	0	0	0	0	0	0	0	0	0	0	0	0	192	0	0	0	0	0	0	0	0	0	0	0	0	0	0	0	0	0	0	0	0	0	0	0	0	0	0	0	0	0	0	0	0	0	0	0	0	0	0	0	0	0	0	0	0	0	0	0	0	
0	0	0	0	0	0	0	0	0	192	0	0	0	0	0	0	0	0	0	0	0	0	0	0	0	0	0	0	0	0	0	0	0	0	0	0	0	0	0	0	0	0	0	0	0	0	0	0	0	0	0	0	0	0	0	0	0	0	0	0	0	0	0	0	0	0	0	0	0	0	0	0	0	0	0	0	0	0	0	0	0	0	0	0	0	0	0	0	0	0	0	0	0	0	0	0	0	0	0	0	0	0	0	0	0	0	0	0	192	0	0	0	0	0	0	0	0	0	0	0	
0	0	0	0	0	0	0	0	0	0	0	0	0	0	0	0	0	0	0	0	0	0	0	0	0	0	0	0	192	0	0	0	0	0	0	0	0	0	0	0	0	0	0	0	0	0	0	0	0	0	0	0	0	0	0	0	192	0	0	0	0	0	0	0	0	0	0	0	0	0	0	0	0	0	0	0	0	0	0	0	0	0	0	0	0	0	0	0	0	0	0	0	0	0	0	0	0	0	0	0	0	0	0	0	0	0	0	0	0	0	0	0	0	0	0	0	0	0	0	0	
0	0	0	0	0	0	0	0	0	0	0	0	0	0	0	0	0	0	0	0	0	0	0	0	0	0	0	192	0	0	0	0	0	0	0	192	0	0	0	0	0	0	0	0	0	0	0	0	0	0	0	0	0	0	0	0	0	0	0	0	0	0	0	0	0	0	0	0	0	0	0	0	0	0	0	0	0	0	0	0	0	0	0	0	0	0	0	0	0	0	0	0	0	0	0	0	0	0	0	0	0	0	0	0	0	0	0	0	0	0	0	0	0	0	0	0	0	0	0	0	
0	0	0	0	0	0	0	0	0	0	0	0	0	0	0	0	0	0	0	0	0	0	0	0	0	0	0	0	0	0	0	0	0	0	0	0	0	0	0	0	0	0	0	0	0	0	0	0	0	0	0	0	0	0	0	0	0	0	0	0	0	0	0	0	0	0	0	0	0	0	0	0	0	0	0	0	0	0	0	0	0	0	0	192	0	0	0	0	0	0	0	0	0	0	0	0	0	0	0	0	0	0	0	0	0	0	0	0	0	0	0	0	192	0	0	0	0	0	0	0	
0	0	0	0	0	0	0	0	0	0	0	0	0	0	0	0	0	0	0	0	0	0	0	0	0	0	0	0	0	0	0	0	0	0	0	0	0	0	0	0	0	0	0	0	0	0	0	0	0	0	0	0	0	0	0	0	0	0	0	0	0	0	0	0	0	0	0	0	0	0	0	0	0	0	0	0	0	0	0	0	0	0	0	0	0	0	192	0	0	0	0	0	0	0	0	0	0	0	0	0	0	0	0	0	0	0	0	0	0	0	0	192	0	0	0	0	0	0	0	0	
0	0	0	0	0	0	0	0	0	0	0	0	0	0	0	0	0	0	0	0	0	0	0	0	0	0	0	0	0	0	0	0	0	0	0	0	0	0	0	0	0	0	0	0	0	0	0	0	0	0	0	0	0	0	0	0	0	0	0	0	0	0	0	0	0	0	0	0	0	0	0	0	0	0	0	0	0	0	0	0	0	192	0	0	0	0	0	0	0	0	0	0	0	0	0	192	0	0	0	0	0	0	0	0	0	0	0	0	0	0	0	0	0	0	0	0	0	0	0	0	
0	0	0	0	0	0	0	0	0	0	0	0	0	192	0	0	0	0	0	0	0	0	0	0	0	0	0	0	0	0	0	0	0	0	0	0	0	0	0	0	0	0	0	0	0	0	0	0	0	0	192	0	0	0	0	0	0	0	0	0	0	0	0	0	0	0	0	0	0	0	0	0	0	0	0	0	0	0	0	0	0	0	0	0	0	0	0	0	0	0	0	0	0	0	0	0	0	0	0	0	0	0	0	0	0	0	0	0	0	0	0	0	0	0	0	0	0	0	0	0	
0	0	0	0	192	0	0	0	0	0	0	0	0	0	0	0	0	0	0	0	0	0	0	0	0	0	0	0	0	0	0	0	0	0	0	0	0	0	0	0	0	0	0	0	0	0	0	0	0	0	0	0	0	0	0	0	0	192	0	0	0	0	0	0	0	0	0	0	0	0	0	0	0	0	0	0	0	0	0	0	0	0	0	0	0	0	0	0	0	0	0	0	0	0	0	0	0	0	0	0	0	0	0	0	0	0	0	0	0	0	0	0	0	0	0	0	0	0	0	0	
0	0	0	0	0	0	0	0	0	0	0	0	0	0	0	0	0	0	0	0	0	0	0	0	0	0	0	0	0	0	0	0	192	0	0	0	0	0	0	0	0	0	0	0	0	0	0	0	0	0	0	0	0	0	0	0	0	0	0	0	0	0	0	0	0	0	0	0	0	0	0	0	0	0	0	0	0	0	0	0	0	0	192	0	0	0	0	0	0	0	0	0	0	0	0	0	0	0	0	0	0	0	0	0	0	0	0	0	0	0	0	0	0	0	0	0	0	0	0	0	
0	0	0	0	0	0	0	0	0	0	0	0	0	0	0	0	0	0	0	0	0	0	0	0	0	0	0	0	0	0	0	0	0	0	0	0	0	0	0	0	0	192	0	0	0	0	0	0	0	0	0	0	0	0	0	0	0	0	0	0	0	0	0	0	0	0	0	0	0	0	0	0	0	0	0	0	0	0	0	0	0	0	0	0	0	0	0	0	0	0	0	0	0	0	0	0	0	0	0	0	0	0	0	0	0	0	0	0	0	0	0	0	0	0	0	0	192	0	0	0	
0	0	0	0	0	0	0	0	0	0	0	0	0	0	0	0	0	0	0	0	0	0	0	0	0	0	0	0	0	0	0	0	0	0	0	0	0	0	0	0	0	0	0	0	0	0	0	0	0	0	0	0	0	0	192	0	0	0	0	0	0	0	0	0	0	0	0	0	0	0	0	0	0	0	0	192	0	0	0	0	0	0	0	0	0	0	0	0	0	0	0	0	0	0	0	0	0	0	0	0	0	0	0	0	0	0	0	0	0	0	0	0	0	0	0	0	0	0	0	0	
0	0	0	0	0	0	0	0	0	0	0	0	0	0	0	0	0	0	0	0	0	0	0	0	0	0	0	0	0	0	0	0	0	0	0	0	0	0	0	0	0	0	0	0	192	0	0	0	0	0	0	0	0	0	0	0	0	0	0	0	0	0	0	0	0	0	0	0	0	0	0	0	0	0	0	0	192	0	0	0	0	0	0	0	0	0	0	0	0	0	0	0	0	0	0	0	0	0	0	0	0	0	0	0	0	0	0	0	0	0	0	0	0	0	0	0	0	0	0	0	
0	0	0	0	0	0	0	0	0	0	0	0	0	0	0	0	0	0	0	0	0	0	0	0	0	0	0	0	0	0	0	0	0	0	0	0	0	0	0	0	0	0	0	0	0	0	0	0	0	0	0	0	0	0	0	0	0	0	0	0	0	0	0	0	0	0	0	0	0	0	0	0	0	0	192	0	0	0	0	0	0	0	0	0	0	0	0	0	0	0	0	0	0	0	0	0	0	0	0	0	0	0	0	0	0	0	0	0	0	0	0	0	0	0	192	0	0	0	0	0	
0	0	0	0	0	0	0	0	0	0	0	0	0	0	0	0	0	0	0	0	0	0	0	0	0	0	0	0	0	0	0	0	0	0	192	0	0	0	0	0	0	0	0	0	0	0	0	0	0	0	0	0	0	0	0	0	0	0	0	0	0	0	0	0	0	0	0	0	0	0	0	0	0	0	0	0	0	0	0	0	0	0	0	0	0	0	0	0	0	0	0	0	0	0	0	0	0	0	0	0	0	0	0	0	0	0	0	0	0	0	0	0	0	192	0	0	0	0	0	0	
0	0	0	0	0	0	0	0	0	0	0	0	0	0	0	0	0	0	0	0	0	0	0	0	0	0	0	0	0	0	0	0	0	0	0	0	0	0	0	0	0	0	192	0	0	0	0	0	0	0	0	0	0	192	0	0	0	0	0	0	0	0	0	0	0	0	0	0	0	0	0	0	0	0	0	0	0	0	0	0	0	0	0	0	0	0	0	0	0	0	0	0	0	0	0	0	0	0	0	0	0	0	0	0	0	0	0	0	0	0	0	0	0	0	0	0	0	0	0	0	
0	0	0	0	0	0	0	0	0	0	0	0	0	0	0	0	0	0	192	0	0	0	0	0	0	0	0	0	0	0	0	0	0	0	0	0	0	0	0	0	0	0	0	0	0	192	0	0	0	0	0	0	0	0	0	0	0	0	0	0	0	0	0	0	0	0	0	0	0	0	0	0	0	0	0	0	0	0	0	0	0	0	0	0	0	0	0	0	0	0	0	0	0	0	0	0	0	0	0	0	0	0	0	0	0	0	0	0	0	0	0	0	0	0	0	0	0	0	0	0	
0	0	0	0	0	0	0	0	192	0	0	0	0	0	0	0	0	0	0	0	0	0	0	0	0	0	0	0	0	0	0	0	0	0	0	0	0	0	0	0	0	0	0	0	0	0	0	192	0	0	0	0	0	0	0	0	0	0	0	0	0	0	0	0	0	0	0	0	0	0	0	0	0	0	0	0	0	0	0	0	0	0	0	0	0	0	0	0	0	0	0	0	0	0	0	0	0	0	0	0	0	0	0	0	0	0	0	0	0	0	0	0	0	0	0	0	0	0	0	0	
0	0	0	0	0	0	0	0	0	0	0	0	0	0	0	0	0	0	0	0	0	0	0	0	0	0	0	0	0	0	0	0	0	0	0	0	0	0	0	0	0	0	0	0	0	0	0	0	0	0	0	0	0	0	0	0	0	0	0	0	0	0	0	0	0	0	0	0	0	0	0	0	0	0	0	0	192	0	0	0	0	0	0	192	0	0	0	0	0	0	0	0	0	0	0	0	0	0	0	0	0	0	0	0	0	0	0	0	0	0	0	0	0	0	0	0	0	0	0	0	
0	0	0	0	0	0	0	0	192	0	0	0	0	0	0	0	0	0	0	0	0	0	0	0	0	0	0	0	0	0	0	0	0	0	0	0	0	0	0	0	0	0	0	0	0	0	0	0	0	0	0	0	0	0	0	0	0	0	0	0	0	0	0	0	0	0	0	0	0	0	0	0	0	0	0	0	0	0	0	0	0	0	0	0	0	0	0	0	0	0	0	0	0	0	0	0	0	0	0	0	0	0	0	0	0	192	0	0	0	0	0	0	0	0	0	0	0	0	0	0	
0	0	0	0	0	0	0	0	0	0	0	0	0	0	0	0	0	0	0	0	0	0	0	0	0	0	0	0	0	0	0	0	0	0	0	0	0	0	0	0	0	0	0	0	0	0	0	0	0	0	0	0	0	0	0	0	0	0	192	0	0	0	0	0	0	0	0	0	0	0	0	0	192	0	0	0	0	0	0	0	0	0	0	0	0	0	0	0	0	0	0	0	0	0	0	0	0	0	0	0	0	0	0	0	0	0	0	0	0	0	0	0	0	0	0	0	0	0	0	0	
0	0	0	0	0	0	0	0	0	0	0	0	0	0	0	0	0	0	0	0	0	0	0	0	0	0	0	0	0	0	0	0	0	0	0	0	0	0	0	0	0	0	0	0	0	0	0	0	0	0	0	0	0	0	0	0	0	0	0	0	0	0	192	0	0	0	0	0	0	0	0	0	0	0	0	0	0	0	0	0	0	0	0	0	0	0	0	0	0	0	0	0	0	0	0	0	0	0	0	0	0	0	0	192	0	0	0	0	0	0	0	0	0	0	0	0	0	0	0	0	
0	0	0	0	0	0	0	0	0	0	0	0	0	0	0	0	0	0	0	0	0	0	0	0	0	0	0	0	0	0	0	0	0	0	0	0	0	0	0	0	0	0	0	0	0	0	0	0	192	0	0	0	0	0	0	0	0	0	0	0	0	0	0	0	0	0	0	0	0	0	0	0	0	0	0	0	0	0	0	0	0	0	0	0	0	0	0	0	0	0	0	0	0	0	0	0	0	0	0	0	0	0	0	0	0	0	0	0	0	0	0	0	192	0	0	0	0	0	0	0	
0	0	0	0	0	0	0	0	0	0	0	0	0	0	0	0	0	0	0	0	0	0	0	0	0	0	0	0	0	0	0	0	0	0	0	0	0	0	0	0	0	0	0	0	0	0	0	0	0	0	0	0	0	0	0	0	0	0	0	0	0	0	0	0	0	192	0	0	0	0	0	0	0	0	0	0	0	0	0	0	0	0	0	0	0	0	0	0	0	0	0	0	0	0	0	0	0	0	0	0	0	0	0	0	0	192	0	0	0	0	0	0	0	0	0	0	0	0	0	0	
0	0	0	0	0	0	0	0	0	0	0	0	0	0	0	0	0	0	0	0	0	0	0	0	0	0	0	192	0	0	0	0	0	0	0	192	0	0	0	0	0	0	0	0	0	0	0	0	0	0	0	0	0	0	0	0	0	0	0	0	0	0	0	0	0	0	0	0	0	0	0	0	0	0	0	0	0	0	0	0	0	0	0	0	0	0	0	0	0	0	0	0	0	0	0	0	0	0	0	0	0	0	0	0	0	0	0	0	0	0	0	0	0	0	0	0	0	0	0	0	
0	0	0	192	0	0	0	0	0	0	0	0	0	0	0	0	0	0	0	0	0	0	0	0	0	0	0	0	0	0	0	0	0	0	0	0	0	0	0	0	0	0	0	0	0	0	0	0	0	0	0	0	0	0	0	0	0	0	0	0	0	0	0	0	0	0	0	0	0	0	0	0	0	0	0	0	0	0	0	0	0	0	0	0	0	0	0	0	0	0	0	0	0	0	0	0	0	0	0	0	0	0	0	0	0	0	0	0	0	0	0	0	0	0	0	0	192	0	0	0	
0	0	0	0	0	0	0	0	0	0	0	0	0	0	0	0	0	0	0	0	0	0	0	0	0	0	0	0	0	0	0	0	0	0	0	0	0	0	0	0	0	0	0	0	0	0	0	0	0	0	0	0	0	0	0	0	0	0	0	0	0	0	0	0	0	0	0	0	0	0	0	0	0	0	0	0	0	0	0	0	0	0	0	0	0	0	0	0	0	0	0	0	0	0	0	0	0	0	192	0	0	0	0	0	192	0	0	0	0	0	0	0	0	0	0	0	0	0	0	0	
0	0	0	0	0	0	0	0	0	0	0	0	0	0	0	0	0	0	0	0	0	0	0	0	0	0	0	0	0	0	0	0	0	0	0	0	0	192	0	0	0	0	0	0	0	0	0	0	0	0	0	0	0	0	0	0	0	0	0	0	0	0	0	0	0	0	0	0	0	0	0	0	0	0	0	0	0	0	0	0	0	0	0	0	0	0	0	0	0	0	0	0	0	0	0	0	0	0	0	0	0	0	0	192	0	0	0	0	0	0	0	0	0	0	0	0	0	0	0	0	
0	0	0	0	0	0	0	0	0	0	0	0	0	0	0	0	0	0	0	0	0	0	0	0	0	0	0	0	0	0	0	0	0	0	0	0	0	0	0	0	0	0	0	0	0	0	0	0	0	0	0	0	0	0	0	0	0	0	0	0	0	0	0	0	0	0	0	0	0	0	0	0	0	0	0	0	0	0	0	0	0	0	0	0	0	0	0	0	0	0	0	0	0	0	0	0	192	0	0	0	192	0	0	0	0	0	0	0	0	0	0	0	0	0	0	0	0	0	0	0	
0	0	0	0	0	0	0	0	0	0	0	0	0	0	0	0	192	0	0	0	0	0	0	0	0	0	0	0	192	0	0	0	0	0	0	0	0	0	0	0	0	0	0	0	0	0	0	0	0	0	0	0	0	0	0	0	0	0	0	0	0	0	0	0	0	0	0	0	0	0	0	0	0	0	0	0	0	0	0	0	0	0	0	0	0	0	0	0	0	0	0	0	0	0	0	0	0	0	0	0	0	0	0	0	0	0	0	0	0	0	0	0	0	0	0	0	0	0	0	0	
0	0	0	0	0	0	0	0	0	0	0	0	0	0	0	192	0	0	0	0	0	0	0	0	0	0	0	0	0	0	0	192	0	0	0	0	0	0	0	0	0	0	0	0	0	0	0	0	0	0	0	0	0	0	0	0	0	0	0	0	0	0	0	0	0	0	0	0	0	0	0	0	0	0	0	0	0	0	0	0	0	0	0	0	0	0	0	0	0	0	0	0	0	0	0	0	0	0	0	0	0	0	0	0	0	0	0	0	0	0	0	0	0	0	0	0	0	0	0	0	
0	0	0	0	0	0	0	0	0	0	0	0	0	0	0	0	0	0	0	0	0	0	0	0	0	192	0	0	0	0	0	0	0	0	0	0	0	0	0	0	0	0	0	0	0	0	0	0	0	0	0	0	0	0	0	0	0	0	0	0	0	0	0	0	0	0	0	0	0	0	0	0	0	0	0	0	0	0	192	0	0	0	0	0	0	0	0	0	0	0	0	0	0	0	0	0	0	0	0	0	0	0	0	0	0	0	0	0	0	0	0	0	0	0	0	0	0	0	0	0	
0	0	0	0	0	0	0	0	0	0	0	0	0	0	0	0	0	0	0	0	0	0	0	0	192	0	0	0	0	0	0	0	0	0	0	0	0	0	0	0	0	0	0	0	0	0	0	0	0	0	0	0	0	0	0	0	0	0	0	0	0	0	0	0	0	0	0	0	0	0	0	0	0	0	0	0	0	0	0	0	0	0	0	0	0	0	0	0	0	0	0	0	0	0	0	0	0	0	0	0	0	0	0	0	0	0	0	0	0	0	0	0	0	0	0	0	0	0	192	0	
0	0	0	0	0	0	0	0	0	0	0	0	0	0	0	0	0	0	0	0	0	0	0	0	0	0	0	0	0	0	0	0	0	0	0	0	0	0	0	0	0	0	192	0	0	0	0	0	0	0	0	0	0	0	0	0	0	0	0	0	0	0	0	0	0	0	0	0	0	192	0	0	0	0	0	0	0	0	0	0	0	0	0	0	0	0	0	0	0	0	0	0	0	0	0	0	0	0	0	0	0	0	0	0	0	0	0	0	0	0	0	0	0	0	0	0	0	0	0	0	
0	0	192	0	0	0	0	0	0	0	0	0	0	0	0	0	0	0	0	0	0	0	0	0	0	0	0	0	0	0	0	0	0	0	0	0	0	0	0	0	0	0	0	0	0	0	0	0	0	0	0	0	0	0	0	0	0	0	0	0	0	0	0	0	0	0	0	0	0	0	0	0	0	0	0	0	0	0	0	0	0	0	192	0	0	0	0	0	0	0	0	0	0	0	0	0	0	0	0	0	0	0	0	0	0	0	0	0	0	0	0	0	0	0	0	0	0	0	0	0	
0	0	0	0	0	0	0	0	0	0	0	0	0	0	0	0	0	0	0	0	0	0	0	0	0	0	0	0	0	0	0	0	0	0	0	0	0	0	0	0	0	0	0	0	0	0	0	0	0	0	0	0	0	0	0	0	0	0	0	0	0	0	0	0	0	0	0	0	0	0	0	0	0	0	0	0	0	0	0	0	0	192	0	0	0	0	0	0	0	0	0	0	0	0	0	0	0	0	0	192	0	0	0	0	0	0	0	0	0	0	0	0	0	0	0	0	0	0	0	0	
0	0	0	0	0	0	0	0	0	0	0	0	0	0	0	0	0	0	0	0	0	0	0	0	0	0	0	0	0	0	0	0	0	0	192	0	0	0	0	0	0	0	0	0	0	0	0	0	0	0	0	0	0	0	0	0	0	0	0	0	0	0	0	0	0	0	0	0	0	0	0	0	0	0	0	0	0	0	0	0	0	0	0	0	0	0	0	0	0	0	0	192	0	0	0	0	0	0	0	0	0	0	0	0	0	0	0	0	0	0	0	0	0	0	0	0	0	0	0	0	
0	0	0	0	0	0	0	0	0	0	0	0	0	0	192	0	0	0	0	0	0	0	0	0	0	0	0	0	0	0	0	0	0	0	0	0	0	0	0	0	0	0	0	0	0	0	0	0	0	0	0	0	0	0	0	0	0	0	0	0	0	0	0	0	0	0	0	0	0	0	0	0	0	0	0	0	0	0	0	0	0	0	0	0	0	0	0	0	0	0	192	0	0	0	0	0	0	0	0	0	0	0	0	0	0	0	0	0	0	0	0	0	0	0	0	0	0	0	0	0	
0	0	0	0	0	0	0	0	0	0	0	192	0	0	0	0	0	0	0	0	0	0	0	0	0	0	0	0	0	0	0	0	0	0	0	0	192	0	0	0	0	0	0	0	0	0	0	0	0	0	0	0	0	0	0	0	0	0	0	0	0	0	0	0	0	0	0	0	0	0	0	0	0	0	0	0	0	0	0	0	0	0	0	0	0	0	0	0	0	0	0	0	0	0	0	0	0	0	0	0	0	0	0	0	0	0	0	0	0	0	0	0	0	0	0	0	0	0	0	0	
0	0	0	0	0	0	0	0	0	0	0	0	0	0	0	0	0	0	0	0	0	0	0	0	0	0	0	0	0	0	0	0	0	0	0	0	0	0	0	0	0	0	0	0	0	0	0	0	0	0	0	0	0	0	0	0	0	0	0	0	0	0	0	0	0	0	0	0	0	0	0	0	0	0	0	0	0	0	0	0	0	0	0	0	0	0	0	192	0	0	0	0	0	0	0	0	0	0	0	0	0	0	192	0	0	0	0	0	0	0	0	0	0	0	0	0	0	0	0	0	
0	0	0	0	0	0	0	0	0	0	0	0	0	0	0	0	0	0	0	0	0	0	0	0	0	0	0	0	0	0	0	0	0	0	0	0	0	0	0	0	0	0	0	0	0	0	0	0	192	0	0	0	0	0	0	0	0	0	0	0	0	192	0	0	0	0	0	0	0	0	0	0	0	0	0	0	0	0	0	0	0	0	0	0	0	0	0	0	0	0	0	0	0	0	0	0	0	0	0	0	0	0	0	0	0	0	0	0	0	0	0	0	0	0	0	0	0	0	0	0	
0	0	0	0	0	0	0	0	0	0	0	0	0	0	0	0	0	0	0	0	0	0	0	0	0	0	0	0	0	0	0	0	0	0	0	0	0	0	0	0	0	0	0	0	0	0	0	0	0	0	0	0	0	0	0	0	0	0	0	0	0	0	0	192	0	0	0	0	0	0	0	0	0	0	0	0	0	0	0	0	0	0	0	0	0	0	0	0	0	0	0	0	0	0	0	0	0	0	0	0	0	0	0	0	0	0	0	0	0	192	0	0	0	0	0	0	0	0	0	0	
0	0	0	0	0	0	0	0	0	0	0	0	0	0	0	0	0	0	0	0	192	0	0	0	0	0	0	0	0	0	0	0	192	0	0	0	0	0	0	0	0	0	0	0	0	0	0	0	0	0	0	0	0	0	0	0	0	0	0	0	0	0	0	0	0	0	0	0	0	0	0	0	0	0	0	0	0	0	0	0	0	0	0	0	0	0	0	0	0	0	0	0	0	0	0	0	0	0	0	0	0	0	0	0	0	0	0	0	0	0	0	0	0	0	0	0	0	0	0	0	
10	73	8	87	74	115	40	33	37	13	9	90	55	92	88	101	102	68	89	113	93	114	34	42	43	108	88	4	53	15	40	30	110	7	110	36	77	42	57	106	102	68	84	7	102	82	84	47	83	106	64	23	88	1	3	67	36	27	27	50	36	102	117	8	99	62	102	50	104	57	42	29	95	59	103	46	6	10	10	57	96	90	96	61	76	81	53	70	110	59	87	65	92	94	11	51	42	102	86	33	101	1	101	72	82	83	52	5	70	74	105	37	87	83	65	21	113	74	64	82	82	36	21	65	21	95	67	87	105	79	72	9	106	90	0	4	109	93	58	21	96	116	1	2	111	60	83	46	7	59	20	7	6	46	59	74	15	49	43	4	97	81	34	114	65	37	77	98	91	56	73	43	46	115	35	100	36	99	92	108	23	71	54	14	86	104	1	9	4	40	39	55	49	71	97	18	86	102	48	41	76	56	92	102	45	59	47	106	25	74	90	70	25	29	30	107	94	102	75	74	57	102	99	92	36	93	54	74	87	60	54	77	107	44	76	118	81	32	49	37	98	70	53	109	8	81	19	14	51	90	57	8	116	9	43	14	36	119	56	104	52	38	98	24	82	35	85	54	83	114	44	19	8	97	49	0	36	94	116	72	55	101	104	66	91	110	98	45	92	117	9	116	23	17	65	86	91	21	30	8	74	39	15	29	115	107	56	76	91	79	70	89	54	112	54	73	42	75	52	50	35	45	87	40	71	114	11	88	18	80	69	39	74	68	106	43	75	59	15	56	59	105	81	27	118	77	36	106	90	50	31	88	35	53	86	116	119	5	30	34	50	37	92	56	50	107	109	106	12	20	94	37	11	80	50	48	98	54	27	23	55	6	119	78	100	33	80	13	113	74	52	69	32	24	111	95	81	117	65	53	110	97	19	31	47	86	102	110	46	93	35	67	51	63	66	63	0	108	94	108	109	46	63	33	59	22	101	105	68	44	35	116	64	107	40	108	81	89	7	112	31	26	79	91	44	101	58	45	64	76	2	39	37	32	22	91	107	105	32	72	100	81	25	89	64	81	90	110	112	113	52	8	22	107	80	57	34	16	23	88	54	89	98	104	18	46	82	89	40	49	64	92	64	115	76	42	92	36	113	109	4	54	47	5	17	114	102	43	117	57	17	32	65	27	64	30	29	98	59	92	90	102	12	101	58	58	109	57	29	109	29	73	101	56	46	47	2	70	50	10	45	14	72	77	96	34	66	16	60	106	1	68	1	48	38	75	64	29	58	93	91	82	14	66	34	7	83	93	71	110	98	31	34	16	12	55	5	5	26	16	96	64	60	90	5	23	69	70	76	62	77	93	22	84	92	57	21	43	101	105	114	4	63	64	92	79	109	46	23	78	6	101	10	2	60	116	78	52	33	62	76	44	116	35	62	28	95	108	61	68	3	34	97	6	105	63	68	99	59	10	13	36	40	118	16	58	42	99	84	21	97	3	50	110	80	101	68	32	55	76	10	90	103	88	14	30	25	106	72	101	21	19	89	119	62	13	115	118	52	112	31	67	71	77	117	38	26	13	22	95	108	105	50	107	118	117	36	43	97	91	45	33	114	103	5	75	106	77	17	8	90	104	19	4	76	22	75	4	1	117	93	23	112	106	85	21	66	103	19	34	2	74	56	26	9	49	102	103	10	29	89	76	73	58	60	90	78	30	88	78	34	14	72	97	23	91	44	74	30	10	109	119	5	31	9	5	72	20	63	66	44	14	24	74	35	92	65	98	99	97	31	15	68	37	88	84	118	40	99	91	3	34	86	68	68	67	35	90	50	76	91	34	94	47	35	32	25	56	67	107	31	104	68	112	95	55	44	1	63	29	79	80	18	89	23	49	88	83	76	28	64	12	86	39	88	118	64	104	110	52	40	95	68	104	51	77	30	82	67	65	70	8	8	35	85	96	115	65	77	21	99	59	20	10	19	118	61	23	63	97	53	11	6	0	1	94	55	73	33	68	56	55	45	105	108	44	104	14	88	73	119	20	50	18	105	118	64	26	5	119	111	9	20	58	80	80	72	20	102	113	55	49	44	82	71	117	5	93	18	63	66	32	2	73	55	45	25	43	19	47	24	92	32	119	69	38	13	50	40	77	116	71	83	33	105	39	25	29	59	38	57	7	20	114	103	29	65	28	51	17	22	9	79	111	88	23	118	28	109	119	52	99	73	86	25	87	89	113	57	26	63	101	103	36	20	28	38	77	87	3	61	79	43	71	55	49	93	108	27	0	20	6	61	67	24	36	97	48	86	104	12	58	36	97	104	44	50	115	6	112	78	86	54	111	114	51	89	4	0	111	8	52	97	1	113	0	101	54	116	118	30	119	6	30	79	20	60	21	94	82	16	88	91	18	58	21	87	94	78	100	65	89	80	24	71	85	74	37	35	68	33	100	41	91	49	66	74	118	75	43	111	42	20	70	39	87	34	22	33	45	109	53	108	61	111	18	11	98	105	119	102	3	4	97	101	46	69	85	2	2	17	17	42	48	50	24	38	96	99	30	53	41	51	114	16	9	79	6	46	20	32	38	114	114	9	34	23	34	104	30	54	6	71	112	6	31	39	21	119	59	10	32	77	57	23	84	36	65	37	16	71	87	30	47	98	61	44	61	40	28	106	43	40	63	56	86	34	102	6	97	78	78	114	0	45	33	96	93	15	46	12	21	72	18	112	65	36	42	2	31	29	61	82	12	7	48	28	99	75	72	51	9	109	82	63	106	28	102	110	106	12	111	81	10	44	74	30	14	23	13	73	58	95	41	2	103	59	68	64	34	0	72	119	116	22	15	8	20	91	91	1	18	21	42	43	103	49	40	55	59	31	28	118	119	18	55	46	11	37	50	66	64	55	115	33	29	59	56	65	108	30	44	85	106	85	51	45	79	40	77	99	51	99	16	82	114	71	15	88	45	54	96	71	17	110	67	60	117	28	47	86	50	110	70	109	96	21	30	49	82	78	105	65	14	14	26	104	30	76	101	14	16	16	57	51	44	97	61	7	15	78	3	56	87	9	9	70	54	43	15	52	83	100	53	70	20	52	67	12	105	85	85	39	115	112	3	52	89	26	74	34	37	61	19	85	102	25	62	67	11	29	52	49	53	43	109	24	18	51	27	88	23	65	18	109	75	46	90	70	95	86	115	26	29	50	86	58	117	93	46	86	9	110	39	87	94	36	82	35	66	8	8	17	0	33	31	64	11	54	22	101	91	82	1	49	79	97	113	46	57	67	117	88	111	89	34	79	41	98	32	55	81	39	119	96	97	71	105	6	74	95	40	46	9	55	21	48	76	33	83	108	81	50	51	64	85	62	63	79	83	16	15	48	6	46	116	8	101	116	89	84	26	53	17	93	102	87	8	110	68	89	89	91	31	74	47	46	20	70	104	49	58	23	35	34	40	46	70	69	40	34	5	15	47	64	29	70	107	6	37	95	99	88	23	39	46	82	50	88	15	23	29	60	90	22	101	68	115	22	64	103	95	53	4	55	81	72	93	54	9	37	15	61	50	67	73	12	26	45	67	29	71	54	39	57	88	100	98	95	32	108	118	68	90	32	18	104	92	29	78	82	102	61	116	25	26	40	37	22	113	12	105	42	22	107	33	57	118	75	78	91	83	6	103	99	108	5	22	17	63	68	44	100	26	28	62	58	2	66	18	34	47	21	77	26	78	90	106	118	30	107	19	30	5	41	30	2	108	114	59	19	54	96	25	40	19	92	57	103	73	41	61	22	45	111	75	49	102	93	16	10	81	43	75	13	20	111	36	11	111	88	81	78	12	105	47	113	11	18	66	47	10	78	19	112	51	98	69	24	25	85	73	37	85	76	42	59	115	117	85	67	32	39	39	116	113	109	87	32	56	88	80	18	16	106	10	37	119	6	74	115	43	37	95	52	77	9	42	19	46	50	25	94	2	72	65	69	26	80	59	73	93	107	0	76	18	37	75	28	32	86	59	47	49	40	26	57	100	12	107	119	83	61	94	66	47	109	31	32	52	18	70	61	90	76	73	58	47	106	93	86	83	91	81	23	37	63	20	71	54	99	30	108	106	100	107	43	82	66	27	89	119	71	49	9	30	111	99	25	1	10	85	9	57	83	11	63	33	95	89	61	107	32	39	96	104	99	47	51	103	86	54	90	87	99	5	62	99	20	83	6	39	8	83	112	32	41	98	9	51	96	91	24	3	66	72	88	64	10	103	39	65	17	62	111	34	37	73	11	108	116	50	22	76	52	61	39	89	88	4	38	34	85	88	86	34	26	97	34	105	89	82	87	81	75	61	19	51	34	3	96	80	99	69	119	84	37	37	25	27	88	6	43	78	38	56	89	65	111	57	1	15	114	41	97	58	55	91	41	88	68	108	62	10	117	105	55	24	30	12	40	19	106	102	1	98	64	6	47	83	19	98	12	19	48	23	107	75	64	57	74	10	33	66	45	64	23	106	40	100	81	84	44	114	15	70	21	51	116	23	76	81	90	33	68	9	15	55	18	52	90	112	6	68	3	110	89	96	4	74	4	11	45	68	96	22	72	81	112	68	96	28	81	58	91	38	100	25	43	52	5	40	91	71	59	33	76	103	54	78	96	96	107	45	20	89	3	22	6	0	4	79	73	57	23	9	65	41	110	119	85	32	109	38	105	66	20	26	81	77	5	115	35	5	6	99	39	87	45	10	16	54	44	98	61	114	117	85	4	7	8	64	33	29	78	105	106	115	37	82	62	28	101	21	94	27	40	38	15	26	39	63	69	30	75	106	108	97	64	12	59	103	101	90	83	64	52	56	49	64	94	5	42	105	2	19	27	11	9	36	2	49	8	101	13	61	9	75	110	39	37	113	0	35	54	44	77	3	113	29	117	69	117	1	27	5	50	101	108	38	42	22	55	112	73	74	26	107	27	100	70	42	2	104	77	19	85	13	86	107	55	119	13	62	94	100	53	21	63	45	42	85	90	92	20	67	67	89	50	95	33	21	35	55	84	83	33	53	36	4	76	26	66	0	65	77	72	89	34	19	118	5	58	64	101	71	77	54	17	26	93	46	59	93	94	49	115	69	54	8	50	98	12	57	58	102	119	71	41	1	88	78	80	10	104	116	75	88	54	3	111	101	90	70	28	34	24	14	54	98	39	18	59	55	57	78	103	97	69	71	4	54	88	1	66	16	17	3	90	23	100	25	28	31	79	80	16	18	35	74	43	77	93	66	114	110	1	52	111	115	55	84	53	114	28	43	4	65	43	64	32	51	5	116	49	37	119	67	4	5	109	57	98	16	60	44	20	54	22	72	45	78	9	48	7	9	52	95	114	70	75	54	3	5	24	43	23	35	19	2	76	63	50	114	46	76	10	63	32	72	93	109	52	67	29	85	14	13	73	49	92	92	40	56	1	46	24	8	58	61	1	14	73	32	99	62	46	4	117	39	30	72	93	35	9	32	63	16	59	61	87	57	19	22	44	77	77	41	31	85	8	18	42	112	48	113	119	101	102	118	77	39	9	88	50	99	57	10	85	92	115	74	24	70	92	28	55	9	74	65	118	1	77	24	33	67	57	95	17	66	6	75	95	51	89	67	36	82	92	24	102	46	108	7	34	34	100	52	72	53	104	3	40	25	12	50	15	86	106	42	65	48	49	66	60	2	93	97	23	87	46	84	71	88	23	106	25	48	74	26	100	9	9	39	108	40	34	29	24	35	98	85	70	61	16	47	24	46	103	78	30	94	117	42	108	61	47	48	73	107	35	32	101	63	73	64	50	80	56	62	11	86	51	65	79	75	100	67	99	94	41	94	39	59	61	20	74	73	117	116	45	44	106	12	106	3	79	85	95	91	91	22	32	16	97	51	75	80	46	116	72	115	71	81	61	72	71	22	75	53	111	65	112	21	60	45	12	87	25	16	100	82	76	10	78	83	119	13	19	75	113	79	106	1	45	81	53	116	16	42	117	102	117	68	56	119	92	117	99	38	79	26	12	97	33	67	83	37	3	40	53	75	50	92	58	63	67	81	39	0	47	84	44	4	74	60	63	98	1	53	111	40	23	75	102	3	57	79	67	110	30	52	106	97	55	42	88	24	91	84	87	101	82	0	69	4	6	107	50	119	61	85	45	108	85	115	116	32	14	71	88	8	16	65	73	58	87	14	66	109	43	112	77	12	112	1	112	68	21	84	16	72	102	48	16	64	55	83	67	69	63	56	84	96	20	114	62	114	60	87	110	97	43	112	55	36	113	34	84	80	101	110	57	103	30	103	80	61	93	107	3	97	92	40	108	25	69	47	38	20	34	15	80	77	116	69	40	37	16	29	71	76	12	48	75	100	8	7	38	101	98	118	110	5	40	90	99	95	29	110	19	48	99	25	42	42	41	54	4	114	89	28	4	1	19	75	13	90	39	71	106	29	68	77	70	10	48	108	74	49	84	95	48	43	44	58	45	69	98	100	37	45	53	9	81	60	36	88	101	84	67	37	98	97	67	87	41	82	10	63	11	48	110	48	82	1	82	19	57	103	38	69	81	78	23	74	19	80	39	49	66	7	85	109	105	6	66	20	91	119	2	20	94	19	38	68	67	76	13	89	60	10	96	45	91	55	74	98	94	15	18	28	118	88	66	73	111	15	79	38	48	32	5	56	53	88	10	52	115	80	97	38	49	8	11	45	24	5	72	116	109	30	97	91	39	101	58	33	13	72	55	9	88	78	65	83	103	77	24	82	89	48	82	25	54	109	94	87	88	86	57	33	53	41	82	28	26	11	20	93	97	69	49	95	4	90	91	1	18	118	40	91	12	55	113	34	89	40	55	13	40	49	51	5	110	65	17	59	15	79	80	94	62	25	89	90	102	116	64	43	34	9	85	60	38	77	75	88	25	91	44	110	116	98	101	68	19	13	65	91	60	3	60	31	98	29	22	44	25	109	38	36	4	51	30	48	84	44	70	40	64	7	34	118	56	56	79	39	15	98	6	74	67	103	45	97	60	23	93	80	39	29	67	37	2	79	88	3	35	39	32	50	40	52	28	5	71	17	50	105	109	16	111	103	52	1	101	30	82	115	97	69	95	58	24	100	22	52	106	47	85	73	64	98	111	51	5	66	41	29	34	110	11	30	49	31	15	64	60	74	68	86	9	58	20	16	29	28	64	68	56	25	37	10	47	99	45	99	23	23	36	85	45	50	24	13	14	34	21	56	31	107	9	98	44	74	76	36	44	72	69	29	74	14	23	29	102	58	113	60	82	20	19	40	28	9	14	83	36	47	55	71	26	50	69	95	76	70	89	90	95	46	110	28	110	101	8	47	73	48	2	21	96	102	68	91	10	26	94	25	61	81	15	115	87	5	53	47	93	40	101	79	96	94	112	19	72	6	20	42	72	38	101	88	98	34	23	104	35	92	24	83	95	63	37	10	44	33	7	14	2	102	88	83	85	90	54	27	106	111	3	94	8	51	23	22	106	59	34	82	93	21	73	103	28	28	116	70	58	85	50	23	113	90	106	3	42	107	102	12	86	71	53	30	118	6	105	17	16	17	62	91	99	71	115	68	35	31	42	35	10	51	19	92	40	77	107	39	13	20	22	51	58	57	87	2	18	15	12	100	71	108	59	10	35	20	23	59	91	116	27	48	58	40	65	33	90	63	61	115	59	110	42	33	35	34	19	59	113	90	78	79	65	41	20	97	90	30	59	75	12	29	25	20	71	22	109	85	55	21	8	106	3	54	60	59	102	62	52	71	47	43	21	87	47	43	100	89	65	9	12	20	113	39	59	84	45	64	14	98	51	113	5	47	91	51	25	48	97	60	32	73	64	77	90	105	89	19	76	52	4	73	46	36	30	114	77	41	110	67	64	6	16	19	67	10	98	32	99	117	88	30	9	53	53	13	13	91	30	110	10	59	105	60	9	92	63	108	12	64	98	52	80	10	18	100	115	104	117	55	35	5	114	56	27	37	42	93	71	76	65	0	37	119	32	114	70	86	90	92	113	20	33	21	21	77	116	30	57	100	85	50	19	54	26	64	22	6	88	67	41	108	115	42	30	25	64	119	36	88	89	116	13	33	72	92	104	64	73	59	95	40	14	60	118	25	79	110	108	62	107	75	15	95	73	62	53	49	20	28	51	74	56	92	74	62	93	85	57	92	56	76	117	83	46	0	92	96	119	42	48	105	71	102	59	110	45	88	88	51	49	48	16	93	37	42	40	71	88	82	112	77	77	45	35	51	20	48	11	13	89	72	109	14	52	114	99	97	27	75	3	2	79	28	30	116	63	33	39	119	92	56	66	68	11	22	48	48	15	54	22	100	3	72	118	77	57	55	35	80	80	21	16	74	9	36	10	89	34	55	82	107	40	33	24	110	62	105	25	90	69	79	49	34	18	0	63	87	34	85	74	114	108	106	74	52	3	54	65	28	2	105	78	81	55	100	99	108	41	22	99	67	14	46	86	3	6	104	51	22	52	34	8	36	60	34	116	73	62	4	70	23	29	44	72	26	32	37	3	8	87	67	18	2	97	58	53	86	53	112	106	93	29	56	14	73	26	97	43	75	76	5	62	90	78	17	116	28	14	58	75	78	49	22	7	30	0	43	86	73	71	12	35	5	39	78	117	9	106	80	115	7	89	58	78	55	19	96	46	112	94	85	104	5	51	3	12	52	115	114	84	39	98	80	79	17	29	92	113	47	102	55	3	104	81	102	0	116	23	100	1	115	39	101	35	38	14	59	98	76	21	89	76	111	79	10	7	15	107	53	91	52	97	6	23	53	29	65	3	96	72	89	30	53	91	21	103	50	44	86	40	58	65	104	37	87	60	9	110	84	2	90	111	36	46	92	69	51	39	86	90	60	32	1	40	39	100	74	69	11	31	114	25	85	27	9	0	50	51	38	106	15	54	113	62	113	56	9	78	61	99	81	9	30	116	109	35	74	26	80	101	80	22	95	10	4	77	11	11	19	44	105	68	111	69	47	75	11	42	116	6	27	1	40	16	20	87	38	68	69	9	21	51	85	17	8	113	94	97	68	91	35	104	94	30	104	6	23	5	32	112	32	84	95	6	33	83	31	94	100	84	14	17	35	102	20	35	65	25	6	48	13	97	105	69	52	12	100	94	39	108	32	61	66	11	79	34	67	24	105	75	94	46	75	106	115	24	113	117	11	61	95	13	96	10	73	105	54	1	98	105	52	39	81	12	69	117	114	38	94	64	104	86	68	105	56	48	67	3	55	51	79	17	66	21	29	70	95	107	27	70	40	46	76	89	4	71	112	2	95	25	106	36	43	99	91	96	92	97	12	96	44	12	67	23	89	61	104	86	90	94	30	112	110	89	110	10	51	75	99	87	91	11	49	90	10	97	109	116	110	25	70	103	7	34	54	108	9	98	99	66	77	17	41	105	111	21	64	117	98	11	9	12	55	3	58	71	4	3	104	11	30	114	62	98	111	14	34	109	25	9	10	53	33	85	18	111	30	11	90	77	62	84	1	35	81	1	22	88	100	81	42	113	23	58	41	68	55	33	82	63	78	7	25	37	28	102	15	42	30	33	71	103	1	63	19	29	92	96	102	60	98	58	7	46	97	14	35	69	107	74	98	25	87	74	82	53	96	109	48	80	8	7	29	87	1	45	62	112	93	46	104	1	62	31	103	70	85	14	4	27	74	7	86	86	99	16	48	36	62	52	105	11	84	91	96	9	70	51	52	12	46	47	74	42	23	78	10	67	87	118	104	44	18	36	63	114	47	119	27	82	95	10	85	73	33	119	7	89	34	85	85	74	103	67	107	108	70	27	97	87	36	66	4	10	60	45	70	85	28	13	42	66	117	64	50	15	67	101	3	94	86	88	72	44	11	13	45	68	24	77	114	47	73	114	22	85	71	106	71	101	9	77	42	113	67	7	29	18	26	2	44	68	111	64	51	100	0	107	71	46	48	48	98	58	46	13	107	91	13	119	42	80	105	38	10	114	88	113	112	101	45	107	38	78	52	6	112	50	32	48	78	73	27	91	17	80	99	51	23	43	31	5	54	46	102	60	101	33	111	102	40	16	60	53	53	106	80	97	11	117	100	105	44	2	50	77	107	12	72	49	76	88	49	55	99	62	103	101	90	94	102	60	33	105	79	3	80	65	32	105	113	2	11	6	105	47	87	21	94	116	62	43	24	101	37	5	12	62	1	18	15	84	103	78	50	58	90	113	64	55	62	93	53	26	8	6	114	55	98	43	74	93	48	44	43	59	49	0	98	101	18	106	90	81	116	4	94	55	21	88	47	95	32	89	61	24	32	17	118	92	106	95	7	113	3	55	107	6	7	113	98	96	50	4	31	72	80	12	61	26	13	40	109	22	41	0	11	1	15	111	26	104	24	82	85	80	50	84	111	95	77	119	41	29	30	90	40	110	42	15	56	108	40	1	9	31	75	40	28	21	28	14	22	57	83	76	102	80	13	78	99	63	54	23	6	62	111	78	56	47	115	108	82	38	19	49	107	93	34	54	115	109	5	99	55	27	41	70	116	67	86	94	90	34	90	81	74	18	116	25	112	109	38	4	95	8	56	83	78	13	67	49	85	28	112	77	69	81	34	34	40	106	75	88	83	90	23	12	11	96	81	33	77	35	58	101	29	53	44	84	36	65	78	5	109	117	15	1	24	77	85	70	19	7	25	9	29	0	105	43	5	67	117	47	89	23	27	81	36	119	7	23	116	58	78	31	112	103	115	82	82	31	85	44	50	106	49	55	116	7	80	81	20	23	20	64	58	116	1	28	29	73	56	91	101	34	104	5	41	62	84	78	94	51	69	8	102	18	94	82	37	0	89	94	57	88	62	61	90	30	87	111	16	11	108	80	49	57	4	0	85	12	83	35	36	29	105	105	108	72	12	11	37	56	108	69	111	71	34	113	50	83	107	54	111	99	43	66	16	41	38	116	92	66	28	25	118	28	95	60	91	75	94	40	1	22	78	75	48	44	110	41	101	67	33	7	17	86	72	5	21	29	116	20	27	2	102	13	19	110	23	115	37	16	55	32	46	65	49	12	47	72	53	99	37	114	72	93	80	41	78	72	62	64	46	107	102	1	25	107	108	112	49	73	74	83	38	64	57	85	104	59	43	107	18	88	20	8	49	55	7	11	118	24	57	19	32	22	117	35	63	93	10	64	49	23	75	77	2	4	79	26	29	29	46	114	72	92	25	18	54	82	15	94	55	74	48	98	80	93	61	85	69	102	52	51	82	17	41	85	67	6	114	57	5	6	86	0	93	114	75	16	12	24	112	75	92	20	54	37	105	21	44	32	90	82	25	44	44	86	94	86	12	76	47	110	36	108	42	23	66	83	26	81	71	14	46	9	12	17	115	107	112	49	54	35	71	84	109	0	104	102	26	66	77	117	108	27	28	84	83	20	54	33	6	90	58	48	53	1	33	119	95	107	23	111	71	2	79	97	54	45	38	55	28	59	70	58	56	29	71	36	50	87	76	118	22	19	58	75	2	4	119	1	41	49	38	7	63	5	14	111	23	56	72	51	3	56	38	24	48	30	114	52	8	34	114	82	106	3	3	31	79	11	12	77	14	47	8	70	5	51	16	108	26	59	78	86	29	62	78	23	53	16	117	75	61	45	60	48	23	116	17	4	29	45	98	114	20	57	103	59	34	0	49	10	18	37	31	71	67	81	92	12	1	9	5	56	32	33	43	103	37	118	4	47	102	54	64	80	45	113	110	14	54	61	12	99	10	20	91	34	28	9	70	47	38	32	112	81	71	28	32	68	117	13	63	2	104	87	79	41	104	14	109	30	119	18	57	110	69	53	51	76	115	36	8	90	65	14	95	50	87	113	106	1	27	74	82	86	26	106	96	6	4	43	96	14	55	116	44	38	99	47	49	32	94	98	51	111	108	56	98	82	18	55	51	85	33	57	104	27	51	40	68	103	88	101	115	16	15	81	23	8	91	103	25	95	27	89	60	45	70	75	113	86	115	25	100	85	73	3	28	1	8	69	102	111	9	59	59	45	85	106	106	38	115	97	34	60	54	50	34	90	42	96	18	3	33	63	59	36	82	53	114	49	99	73	67	111	64	9	45	65	60	35	35	56	18	108	94	112	63	101	30	112	21	114	108	2	42	88	80	65	72	56	86	74	27	43	27	82	119	23	62	66	57	67	3	30	58	44	38	52	115	110	84	61	76	16	65	78	118	69	109	79	13	16	119	24	116	34	1	57	1	46	50	46	19	10	90	43	97	11	92	42	53	26	17	11	56	104	56	80	2	21	12	33	55	21	67	72	104	31	97	11	107	24	111	115	9	57	17	42	27	42	98	34	55	90	69	68	50	62	53	53	91	47	18	53	70	15	5	65	21	15	68	63	38	1	114	99	22	50	101	100	56	93	15	70	115	19	100	73	73	113	32	21	82	24	92	108	24	24	39	90	48	92	115	83	13	74	41	60	29	47	106	57	26	41	11	36	61	18	64	103	96	110	78	6	109	100	3	12	52	0	24	76	17	42	25	97	109	79	19	81	115	81	44	79	23	32	89	100	94	32	67	23	43	118	4	42	42	100	46	116	19	96	48	58	22	91	66	42	46	4	80	97	10	86	77	118	57	54	79	23	88	111	8	1	23	72	9	16	69	117	111	52	49	117	106	55	38	50	105	22	7	11	114	103	24	16	33	116	29	18	101	67	3	83	79	95	48	29	101	67	54	6	100	25	45	80	97	18	16	111	32	107	7	72	40	60	104	7	65	58	78	71	83	63	16	18	73	38	31	30	106	44	19	11	8	48	117	14	9	18	86	109	40	106	29	89	25	75	83	58	29	25	70	101	98	27	101	24	117	82	6	64	92	100	65	118	81	64	31	47	98	39	119	87	17	87	38	88	21	49	35	84	81	65	112	94	68	82	38	65	7	42	67	54	41	110	62	91	56	92	79	84	115	50	102	116	12	4	57	12	112	14	103	84	79	68	109	54	63	92	39	79	95	33	109	4	104	74	53	36	115	85	26	37	74	15	39	13	20	80	56	107	40	42	48	46	80	33	93	80	46	113	67	58	81	57	17	108	103	43	37	63	77	2	114	55	102	119	118	94	69	97	17	19	25	110	59	75	3	18	91	39	53	19	3	80	79	21	117	16	80	89	53	91	110	87	52	40	22	59	55	17	82	84	5	88	39	113	80	83	42	31	97	58	83	95	78	11	119	114	68	107	59	95	12	72	14	102	82	118	113	0	49	4	44	69	61	51	54	87	20	113	65	3	46	21	113	32	34	28	62	81	11	79	16	29	91	40	66	21	58	49	49	116	77	71	64	68	37	114	53	1	106	64	13	42	51	63	76	118	48	64	103	102	19	68	19	107	2	32	111	12	0	112	85	12	38	53	14	68	62	42	34	26	112	5	80	74	79	63	10	10	43	67	11	47	100	26	112	109	79	81	98	75	35	36	85	106	38	61	86	20	22	52	44	108	82	40	116	49	34	82	44	112	4	30	42	5	25	89	104	29	10	37	46	106	32	106	78	93	75	113	112	26	65	63	93	15	78	55	3	104	89	10	54	116	34	118	7	100	82	106	39	115	73	46	116	119	62	65	115	92	34	86	51	87	64	80	66	109	102	89	87	23	74	60	61	44	35	36	22	95	14	19	82	60	31	41	43	94	23	61	36	100	22	26	69	109	2	29	105	23	11	83	68	2	78	6	57	39	93	18	49	72	61	3	38	63	63	101	37	22	47	83	89	30	39	114	4	80	46	107	80	37	15	31	5	29	57	79	76	73	53	4	47	91	23	10	98	112	111	67	35	95	53	38	27	19	57	90	87	15	35	95	110	42	3	58	6	103	17	66	58	79	43	20	97	19	15	58	77	67	87	112	100	108	103	47	52	78	52	69	77	103	41	66	58	97	75	89	19	78	90	21	20	57	14	102	9	73	31	110	112	9	51	39	69	86	64	98	17	26	64	72	52	61	60	105	0	43	28	48	83	28	20	112	43	77	95	26	0	8	89	13	41	93	64	107	53	55	1	29	79	10	36	70	73	100	84	43	50	29	112	1	18	101	84	104	112	40	76	43	64	70	47	75	54	6	53	76	40	101	81	113	52	77	83	105	118	83	94	28	21	18	34	14	113	36	6	12	4	77	36	53	46	74	61	27	86	56	48	61	15	21	109	9	55	5	80	104	53	20	4	2	2	0	63	73	28	9	86	61	10	10	68	27	46	71	14	42	16	4	50	88	92	74	30	47	75	44	111	4	30	19	11	66	91	10	23	46	73	38	10	18	39	33	83	32	19	22	106	68	7	26	67	102	114	45	108	65	74	94	46	12	34	104	48	4	101	31	95	62	47	10	58	38	102	44	62	41	24	60	38	2	24	68	83	117	22	61	16	119	2	76	3	117	47	93	61	68	46	76	22	9	9	81	53	37	61	55	99	69	105	8	10	67	61	78	99	119	49	0	114	79	40	54	24	39	6	10	36	28	13	39	78	65	88	32	22	102	99	40	70	31	57	84	116	37	44	
32	110	21	31	83	8	50	113	80	27	61	104	6	73	46	55	72	106	7	85	119	64	65	76	10	115	12	14	116	76	34	26	29	21	4	18	110	63	107	55	64	114	31	50	68	47	10	60	44	32	52	30	24	5	56	113	49	112	61	86	96	17	4	6	63	26	32	57	117	99	96	106	61	14	118	89	15	107	114	119	85	43	103	60	6	104	108	91	29	35	50	43	66	107	12	7	70	100	17	78	66	92	35	58	39	79	106	29	47	3	24	38	26	11	62	87	33	88	117	57	14	2	5	45	80	91	72	60	18	2	95	8	36	43	50	79	63	61	3	37	108	97	115	90	61	33	50	47	49	85	91	53	91	110	61	21	115	71	73	103	107	78	33	14	98	46	46	7	67	98	62	95	18	82	82	66	64	8	39	53	89	57	2	117	19	42	72	103	74	39	21	24	83	37	32	93	52	51	92	116	1	68	71	9	31	117	118	25	60	109	62	73	101	31	52	94	13	16	61	37	27	70	45	67	28	6	59	14	36	29	58	66	104	55	113	115	22	66	3	80	74	26	110	102	81	109	95	8	57	24	3	100	22	87	7	72	118	48	23	119	53	56	39	94	60	90	81	41	68	18	78	8	37	44	66	49	82	52	21	44	42	85	108	19	97	0	117	113	31	111	34	55	21	66	20	118	77	116	28	56	0	83	91	100	62	67	106	13	16	27	58	27	80	69	52	79	6	106	73	3	44	107	42	63	2	104	15	3	89	91	3	27	99	36	78	61	41	37	48	59	115	71	52	87	58	11	9	17	80	25	58	2	37	76	38	19	75	98	47	6	34	95	15	98	52	42	53	66	97	45	3	38	97	117	106	1	89	62	19	19	69	38	83	87	58	75	23	67	78	114	37	35	118	80	16	52	102	90	31	92	76	37	86	15	37	22	25	98	13	81	55	75	2	12	101	94	97	61	6	41	6	7	104	32	47	0	41	40	65	5	117	71	56	3	113	17	66	79	114	68	83	101	85	92	41	100	79	62	81	39	53	104	119	37	93	30	25	89	115	69	92	17	36	27	116	10	13	61	111	1	3	38	98	90	99	102	89	12	114	119	58	83	14	32	73	27	115	29	92	50	93	20	96	62	11	73	74	114	2	25	86	100	29	10	105	97	82	88	90	61	71	41	52	15	111	73	36	43	25	45	49	69	89	19	118	92	12	111	72	19	48	47	21	88	56	7	18	88	2	76	60	64	60	68	7	37	82	107	56	43	41	86	46	97	78	91	84	66	30	23	39	53	31	13	94	21	52	36	116	0	76	73	54	107	42	104	59	91	29	38	37	85	17	33	12	86	36	109	27	42	33	55	8	24	30	53	95	107	9	91	78	25	62	87	106	7	2	29	16	11	50	106	36	15	59	28	107	107	66	79	99	91	5	104	25	20	39	53	58	42	15	83	66	116	41	117	15	77	42	82	37	99	7	79	75	3	30	72	3	106	18	26	117	53	50	59	4	105	33	31	29	18	62	3	119	103	117	69	53	27	20	57	44	68	118	85	83	16	17	61	101	34	3	78	111	104	24	46	111	28	95	46	26	21	116	74	62	14	36	51	38	65	84	32	1	67	34	45	1	7	86	114	116	2	40	64	13	40	93	13	83	93	77	10	99	70	32	7	94	66	4	64	60	2	12	30	4	116	65	99	99	54	118	98	46	2	65	36	61	42	62	106	48	31	89	110	16	106	118	4	20	66	54	24	15	91	57	0	74	13	19	43	73	108	78	23	62	8	30	27	87	62	69	23	95	15	12	72	90	82	19	25	98	12	90	97	42	60	69	49	61	53	35	58	91	65	5	65	90	72	61	3	57	78	93	14	86	111	86	55	99	75	93	66	26	72	0	52	47	26	5	4	90	57	50	69	35	50	23	78	102	19	1	41	78	0	61	77	35	94	14	64	54	44	16	47	83	93	106	46	72	112	33	23	67	85	101	25	55	20	28	31	78	65	108	33	110	8	103	110	105	87	43	106	4	104	27	55	27	55	17	79	35	65	116	103	107	21	32	28	19	15	103	34	107	45	112	87	86	1	6	53	102	18	43	119	61	41	80	17	25	115	13	78	108	96	70	25	74	69	45	50	98	41	105	105	26	107	49	111	3	95	119	13	93	15	17	27	54	82	0	69	89	54	93	53	29	111	19	92	93	41	17	86	34	34	5	52	40	116	1	48	93	83	49	9	103	112	44	113	96	28	64	8	90	78	13	14	23	33	4	30	14	29	56	31	9	76	95	75	42	111	38	59	80	7	104	95	45	38	20	18	11	59	102	96	77	2	27	57	98	42	63	33	91	65	34	11	41	112	66	42	56	49	104	28	13	114	108	33	49	12	68	87	22	104	106	99	84	40	38	81	114	37	70	46	38	107	75	49	96	90	115	84	102	28	52	3	99	96	110	64	97	118	108	110	95	23	13	0	67	46	66	10	18	4	17	69	94	110	103	110	115	40	40	115	79	48	27	31	94	92	89	64	46	53	58	4	115	3	67	36	95	88	37	113	84	74	78	85	86	23	90	72	8	85	81	63	67	74	61	70	4	102	13	97	83	61	4	29	93	70	117	60	89	78	8	74	58	14	106	16	5	22	46	4	50	43	53	70	27	29	35	95	73	117	107	106	13	70	117	28	5	87	85	77	99	18	109	117	105	36	73	107	101	64	101	111	82	30	74	38	32	80	111	56	15	106	55	83	47	14	34	13	82	74	110	6	102	39	34	59	0	104	47	102	65	84	62	13	115	24	63	21	119	12	4	78	40	98	101	60	53	105	15	70	9	119	99	0	73	65	25	47	27	41	91	60	46	44	113	69	73	52	52	94	21	36	102	14	14	76	49	44	33	92	63	31	90	42	34	35	30	44	94	41	100	117	8	1	101	41	99	79	98	95	67	28	106	85	77	34	118	113	108	118	70	113	101	33	97	34	119	34	0	105	50	105	3	46	18	116	83	109	33	91	87	104	98	55	64	30	83	68	60	64	92	107	99	103	102	25	22	109	91	4	62	9	5	79	83	68	106	35	81	49	39	36	23	32	29	40	93	91	112	106	76	61	79	63	8	54	106	32	61	115	21	110	46	64	94	39	102	109	105	77	97	1	53	110	30	51	23	5	6	30	75	60	94	24	26	47	99	69	30	23	67	48	84	109	97	103	86	93	43	104	99	97	92	88	69	86	48	69	34	42	57	44	46	105	68	78	91	103	21	11	93	15	38	33	37	106	118	68	5	38	98	46	108	48	17	2	106	113	100	31	9	81	66	102	63	42	56	34	92	104	13	49	39	22	48	19	87	118	45	42	54	84	17	20	9	24	60	6	66	7	80	111	115	12	60	57	34	119	95	29	36	54	70	85	74	37	62	94	5	19	12	90	69	7	33	113	98	25	5	6	7	92	56	56	117	55	114	88	91	86	100	67	106	113	103	26	90	95	109	59	100	38	2	7	117	97	22	44	78	19	94	34	68	40	86	103	13	65	55	3	41	81	50	108	85	110	45	57	106	2	104	54	67	27	79	51	21	39	21	97	88	21	119	10	18	108	30	91	23	11	99	12	72	107	52	39	61	89	65	114	51	47	8	64	90	119	81	55	85	31	39	43	44	105	40	79	118	97	14	68	42	6	104	85	64	30	48	15	31	114	119	101	86	110	117	117	0	19	68	85	81	44	84	25	4	108	38	118	1	69	51	77	77	71	2	93	73	66	29	108	78	82	47	1	12	112	86	62	57	15	94	26	68	51	81	17	47	25	36	91	11	66	18	0	53	10	80	55	25	5	93	98	63	52	60	62	5	55	32	97	84	24	39	30	21	84	77	72	5	24	49	27	30	91	67	94	119	114	30	9	94	79	67	102	97	88	119	2	11	56	92	92	60	5	100	52	89	96	49	58	18	65	15	90	108	83	90	49	1	19	113	61	40	118	80	37	39	84	13	66	91	53	105	76	91	53	13	96	22	64	106	30	66	83	58	22	35	73	89	113	65	52	50	24	53	39	91	74	14	50	73	86	118	90	37	85	105	40	64	4	86	20	98	36	19	111	68	94	84	73	100	89	37	2	47	59	31	110	74	40	96	96	60	98	21	69	24	53	82	8	13	112	104	35	83	93	108	44	75	85	82	6	36	56	119	112	72	17	55	94	2	54	97	110	52	97	84	17	65	91	54	2	9	33	112	23	111	114	38	23	69	22	116	97	112	74	92	31	51	116	29	59	74	119	96	52	95	97	37	114	103	84	54	36	24	64	99	102	115	91	9	20	42	98	18	84	75	33	106	54	118	14	83	59	68	114	104	100	5	69	33	8	46	24	60	89	71	86	5	44	30	24	73	109	106	26	90	53	108	105	96	78	72	11	112	53	116	112	95	68	17	95	117	0	83	44	45	25	28	51	13	64	107	29	68	23	66	46	18	62	108	67	96	6	91	27	32	114	52	63	90	52	42	75	113	53	50	47	97	41	9	101	2	70	50	62	78	56	101	94	79	100	66	29	30	12	5	47	67	103	68	42	96	16	106	64	83	60	29	57	16	8	1	47	46	113	91	114	16	100	65	54	97	14	98	87	61	47	31	4	27	20	55	79	24	59	33	50	48	100	33	41	48	35	108	37	38	11	46	107	82	20	55	77	104	30	79	48	16	23	36	52	82	107	49	20	84	115	3	32	67	49	94	52	27	16	57	41	90	91	107	77	101	105	107	110	46	5	76	87	36	47	94	42	109	90	10	36	22	118	108	41	107	4	4	116	92	119	16	31	69	77	47	75	30	2	96	35	78	17	70	116	66	118	95	89	4	24	118	94	111	110	104	44	51	48	60	98	53	117	111	119	42	65	102	69	0	24	33	66	11	118	67	74	117	99	69	69	79	81	97	86	105	117	100	24	68	29	97	107	10	44	13	76	80	96	78	2	32	30	48	11	64	3	100	21	78	22	19	84	20	33	102	86	107	118	47	30	59	92	35	118	48	62	95	11	75	102	89	108	112	20	61	63	7	33	41	74	33	2	63	93	46	80	13	8	64	34	19	62	115	65	69	70	63	86	81	35	112	48	11	74	96	92	1	49	114	35	72	29	13	103	22	56	16	18	11	24	24	50	107	101	105	7	73	70	23	109	105	52	32	54	50	63	57	45	39	99	117	18	15	71	25	65	102	52	0	7	88	63	117	72	21	84	50	6	16	54	58	31	20	22	43	97	91	68	30	72	18	59	43	5	47	29	82	57	4	82	38	66	34	85	104	81	19	86	113	102	93	25	100	81	3	111	76	41	80	75	84	65	79	78	22	32	40	58	38	72	5	10	105	66	101	23	74	56	69	0	38	83	64	15	44	81	66	6	66	85	0	53	37	61	32	8	50	104	22	25	37	9	16	84	10	45	35	71	74	115	114	25	2	63	64	119	22	114	1	41	110	39	95	49	75	95	37	112	96	104	41	79	28	3	49	61	73	89	12	49	44	45	5	15	75	81	33	70	36	66	100	81	36	40	69	58	66	74	61	76	65	64	112	73	63	37	20	75	2	84	91	7	52	60	43	5	107	48	115	44	34	41	114	19	0	116	7	27	18	88	66	61	53	31	34	103	5	104	15	45	58	18	55	11	64	67	113	13	83	118	26	31	106	89	69	9	70	91	103	63	6	21	93	45	103	25	26	88	55	49	109	16	2	32	75	57	99	9	36	69	5	89	87	67	114	85	7	75	111	96	118	17	77	81	39	56	66	108	72	114	65	100	31	118	9	40	49	116	40	2	95	42	114	91	49	3	100	48	56	44	39	37	9	96	27	3	96	115	77	102	11	55	84	45	9	71	44	13	21	37	45	18	58	33	13	11	78	93	26	107	40	102	43	107	115	52	66	54	104	17	32	11	1	86	98	7	107	61	77	74	74	46	106	51	20	82	30	36	26	98	75	97	9	51	4	38	114	23	44	95	107	102	5	89	117	60	50	72	56	5	94	28	32	0	67	20	2	26	62	49	14	36	73	119	116	56	101	114	1	90	7	65	74	47	113	33	65	73	47	48	26	44	17	18	65	115	22	70	54	106	49	113	88	109	38	68	98	57	55	74	80	81	95	36	117	6	64	101	80	101	2	99	1	101	36	87	41	58	117	84	91	27	52	75	15	112	33	77	112	64	4	67	64	29	18	36	60	13	66	32	118	37	35	85	114	112	108	40	41	119	87	111	81	70	78	16	103	86	19	107	17	44	36	84	19	60	89	70	94	92	3	52	14	88	117	1	73	79	53	32	17	82	87	71	12	11	112	20	80	15	21	116	108	79	82	53	57	114	37	67	86	68	58	19	9	25	66	55	40	30	24	22	15	8	114	44	73	82	49	6	9	71	88	78	32	56	66	7	89	15	59	14	80	89	65	13	48	15	35	112	115	53	62	62	113	84	100	22	119	48	18	99	41	77	118	76	29	3	52	10	75	108	58	73	73	69	46	48	2	116	107	20	36	104	27	1	116	50	25	75	18	0	88	52	70	19	12	33	52	108	74	115	116	2	81	116	33	54	4	95	115	110	83	64	86	15	69	6	70	101	67	117	110	15	93	93	105	41	91	49	2	111	64	72	107	77	41	75	100	24	64	50	110	45	22	97	95	9	69	39	24	15	95	75	18	28	1	83	79	24	116	107	101	4	10	91	102	40	10	77	59	31	71	33	20	61	100	49	30	65	32	3	111	50	93	86	95	52	98	10	70	102	113	105	20	68	35	41	78	81	84	56	3	73	33	29	69	57	5	18	69	46	55	111	39	25	0	81	81	32	5	76	59	48	1	48	48	75	55	18	111	15	99	10	96	15	83	22	54	33	93	40	50	110	81	33	77	110	45	109	41	72	3	119	58	107	42	46	78	110	2	27	107	102	91	97	7	5	36	68	75	63	18	48	110	114	99	8	42	21	54	34	54	58	116	99	54	69	21	104	13	19	16	2	43	63	100	75	6	35	72	55	94	39	104	86	103	98	96	44	14	119	10	24	111	101	14	8	118	61	118	110	118	54	8	28	115	33	91	63	79	59	98	25	33	101	111	35	1	9	40	11	108	111	108	71	110	80	64	19	2	51	25	13	37	52	44	114	50	46	116	74	103	20	20	55	34	42	22	82	57	31	52	96	61	60	69	68	63	43	56	111	38	89	93	82	104	35	33	80	56	5	108	47	44	103	69	94	94	4	106	46	40	93	99	47	43	84	3	2	65	1	58	24	59	119	16	2	57	109	88	64	14	96	40	22	87	79	29	78	98	73	111	76	105	28	72	31	98	18	71	21	24	115	7	24	105	117	8	61	57	31	4	38	93	11	84	33	78	107	40	12	4	99	112	41	31	113	53	118	108	47	24	50	17	114	3	12	97	13	49	27	108	84	62	69	12	34	82	117	22	91	75	43	27	77	69	31	56	19	30	53	32	45	57	31	16	116	55	18	41	2	62	111	35	90	84	114	29	2	52	77	18	13	98	22	93	34	104	31	74	70	53	4	6	20	7	92	110	20	81	116	106	79	90	38	2	98	63	94	77	91	72	106	93	37	25	25	27	21	69	66	30	2	118	47	102	54	27	65	32	75	69	106	99	87	21	79	77	100	103	43	18	11	115	39	112	56	117	25	101	41	4	7	62	93	24	19	101	59	50	4	119	34	66	81	80	102	55	87	56	115	46	60	100	51	114	101	6	14	64	44	94	67	14	3	28	4	77	51	2	65	50	108	74	37	87	2	7	10	64	107	36	38	17	16	15	63	54	28	70	19	117	58	46	105	116	68	46	61	17	0	104	101	91	33	86	76	84	105	90	89	21	51	1	48	6	27	64	39	32	119	3	107	58	85	115	85	61	88	12	13	75	93	32	77	38	79	57	6	78	106	75	94	61	0	22	97	73	85	69	40	66	33	43	50	103	56	90	6	3	0	30	76	97	43	112	51	62	54	28	35	75	102	16	41	27	20	84	15	60	106	23	114	57	9	25	7	47	112	19	27	89	118	1	98	112	106	51	106	16	4	20	111	119	73	30	80	5	46	119	85	27	102	96	34	117	106	88	111	11	91	98	102	15	58	79	55	34	32	16	58	117	39	68	82	91	99	56	109	66	5	89	83	28	55	89	76	118	53	88	71	102	16	87	25	71	26	116	45	75	25	99	93	24	30	13	62	81	24	19	49	55	41	92	46	49	34	97	78	58	60	109	102	72	4	100	88	3	66	10	55	27	34	84	44	119	106	105	45	86	63	118	81	73	42	85	71	102	110	100	104	8	109	15	37	108	75	15	5	8	5	115	1	14	11	72	50	84	84	119	55	59	96	105	70	63	67	58	100	59	112	59	35	83	62	74	92	83	88	32	87	96	98	5	30	55	114	89	24	32	31	21	62	46	11	107	52	69	49	101	100	1	35	16	35	16	99	59	44	61	111	96	35	65	13	100	101	67	38	61	64	17	50	26	32	85	2	12	109	19	68	24	13	44	14	87	19	93	99	65	115	18	37	87	56	26	17	70	54	58	55	78	66	14	104	57	63	85	15	112	76	85	10	34	106	53	102	97	90	105	73	96	1	20	50	82	0	15	79	54	24	95	72	63	102	98	119	45	67	43	6	97	88	42	69	76	118	41	0	70	109	90	60	20	83	17	104	33	59	101	56	10	79	44	73	119	5	42	27	5	51	84	7	61	74	89	10	102	20	105	19	71	100	112	49	46	23	95	31	20	50	115	66	82	86	8	99	104	77	22	11	41	52	115	38	17	93	54	84	34	113	76	21	43	79	115	60	42	72	104	32	105	67	99	11	87	90	39	65	99	70	38	47	51	81	19	71	75	118	84	88	115	1	24	68	102	110	78	93	34	60	50	64	8	2	74	8	0	34	98	58	23	90	7	51	65	86	14	118	20	44	13	102	59	119	49	45	78	2	64	80	93	51	113	97	114	47	80	58	52	35	40	93	31	4	79	47	80	87	85	115	31	27	40	98	10	118	95	43	100	49	4	60	84	119	52	8	107	104	60	19	103	26	62	34	8	77	102	117	94	32	88	37	95	114	66	47	60	73	60	27	34	0	59	108	34	93	74	49	56	4	48	4	83	90	7	56	24	71	79	118	24	84	3	106	57	117	84	118	40	18	58	93	27	82	54	40	92	48	50	105	103	32	65	90	14	9	64	33	87	118	56	23	92	40	57	30	85	0	53	14	114	25	11	27	34	10	2	113	104	50	94	18	49	8	53	44	37	56	36	68	100	32	27	36	58	62	64	92	84	21	3	34	2	95	5	117	0	49	43	90	107	58	60	52	35	52	23	106	91	34	0	119	70	63	37	40	72	107	36	88	28	4	49	80	99	118	3	98	87	111	64	119	108	2	117	11	54	113	22	52	64	108	104	110	82	57	47	12	91	27	105	41	107	115	43	101	31	52	72	81	79	54	43	60	0	100	3	69	50	16	39	105	12	24	108	18	105	82	33	62	101	11	18	108	73	9	61	21	68	61	68	72	38	89	52	16	62	64	77	50	0	19	14	59	88	83	8	96	28	66	47	38	69	68	46	98	77	76	116	5	71	3	28	81	33	104	98	3	118	112	12	9	109	72	108	84	5	19	40	36	19	3	52	4	18	22	96	39	6	26	77	79	108	14	117	74	84	35	14	42	112	108	110	109	95	31	97	67	44	78	36	20	86	12	43	70	66	44	25	84	113	57	8	119	117	98	73	116	26	91	104	74	106	61	49	109	37	85	61	105	45	102	5	101	7	107	98	91	106	95	83	35	98	112	94	27	53	67	26	20	48	79	109	38	87	49	98	74	105	115	78	30	111	75	75	83	64	75	116	34	84	110	102	98	53	61	18	57	56	64	97	84	51	105	59	0	68	98	98	70	33	41	13	2	111	48	113	22	107	29	96	115	81	25	24	93	78	6	83	19	34	67	75	74	115	55	54	59	70	18	64	7	64	29	72	76	110	113	67	73	22	88	33	6	117	54	79	92	52	45	26	1	77	64	85	36	14	76	86	98	110	32	84	118	105	0	33	26	49	54	72	89	54	64	113	45	72	2	42	81	83	108	95	33	61	106	74	81	14	26	89	44	76	28	101	92	21	8	95	25	47	54	62	10	19	18	41	108	27	37	55	82	51	23	7	16	13	29	78	35	25	13	43	23	13	27	99	77	28	50	17	72	72	34	93	69	31	86	111	103	111	86	88	84	98	28	109	14	42	0	60	0	39	104	26	19	29	29	26	59	82	102	80	71	46	7	119	77	11	1	36	51	118	9	2	89	87	110	25	37	25	74	42	50	109	31	93	95	60	33	45	104	18	107	25	69	112	98	12	79	40	64	119	10	101	111	60	73	96	92	36	1	34	31	42	87	64	119	92	66	101	31	84	42	44	17	115	33	83	9	66	50	40	43	94	81	107	66	21	49	48	40	6	25	97	32	31	82	53	33	113	87	43	99	52	21	47	94	50	90	48	22	1	86	69	16	60	37	71	7	77	92	57	31	0	65	24	119	34	95	22	51	112	84	19	90	62	96	24	32	68	117	60	41	10	96	14	112	96	27	78	30	41	48	31	15	5	12	70	36	98	69	49	47	108	76	11	40	1	20	108	72	29	82	19	112	29	28	11	27	13	100	28	24	58	14	47	113	102	52	11	111	62	53	51	30	81	93	116	68	80	63	69	22	55	10	101	75	3	1	49	10	104	84	119	84	67	2	95	50	87	63	12	63	113	75	107	111	31	94	65	28	105	42	17	22	97	8	107	110	54	62	68	100	72	76	2	104	58	40	97	78	4	81	24	75	68	64	62	109	66	77	21	66	10	102	23	92	28	73	85	66	104	28	90	55	17	96	26	12	24	8	97	3	48	43	59	32	76	118	41	21	80	115	74	26	102	119	95	114	39	27	0	106	55	77	59	55	70	86	100	55	52	78	91	50	98	38	36	47	27	32	106	89	49	48	49	14	102	0	103	6	46	85	96	48	100	114	53	45	10	57	87	51	98	87	82	77	7	27	18	112	48	116	114	12	77	83	85	119	20	12	118	87	11	91	80	31	54	117	57	13	26	73	86	26	69	24	95	67	63	55	64	22	109	15	93	28	20	40	84	89	118	116	112	58	30	72	86	89	94	40	96	61	41	20	109	90	0	56	3	103	66	70	38	87	44	61	71	82	47	48	44	108	54	115	67	21	76	46	78	93	84	22	80	9	78	73	24	42	73	5	101	103	89	4	24	64	113	73	119	10	16	118	82	105	80	27	52	102	27	84	92	50	23	8	27	22	41	58	88	32	33	115	90	24	101	27	22	39	80	65	81	112	43	104	81	75	11	107	19	26	118	30	65	91	99	22	73	94	14	46	104	62	36	88	113	96	60	35	52	24	72	102	16	83	4	59	52	89	64	31	106	68	74	18	46	98	71	50	7	5	17	77	86	45	99	101	108	90	58	79	76	115	76	20	38	10	14	70	118	80	47	107	77	80	117	21	115	32	44	48	114	105	74	114	15	14	105	81	61	41	11	103	104	102	99	11	24	45	75	77	116	102	33	8	22	56	63	110	4	55	117	17	25	50	30	83	31	41	34	112	71	57	100	104	66	68	89	103	56	30	84	92	18	107	117	97	34	7	107	54	103	56	39	46	62	14	23	23	25	60	19	80	103	42	13	89	70	106	24	81	74	45	19	113	96	12	8	95	66	23	115	34	52	88	67	104	86	118	43	17	77	118	31	98	59	102	33	64	13	12	65	56	77	37	52	56	4	3	53	4	64	42	49	26	65	78	13	113	40	28	26	78	17	104	95	52	41	77	48	92	114	46	51	33	108	107	12	26	81	73	89	6	37	37	102	54	103	96	15	84	85	46	43	12	71	55	78	59	111	95	31	76	75	86	21	2	87	65	18	114	78	61	109	106	79	91	101	79	77	104	45	60	76	111	9	21	26	115	75	16	37	3	48	117	43	37	4	65	73	35	7	36	117	109	32	30	90	95	4	84	35	10	88	9	44	51	19	67	45	59	83	14	69	101	77	102	110	20	93	25	76	72	13	5	54	0	114	96	62	75	13	114	18	37	6	106	28	2	64	22	94	82	82	99	38	49	67	5	86	89	114	108	50	60	102	51	85	51	24	54	1	71	90	20	2	28	114	2	45	49	35	105	31	30	54	62	5	97	12	69	58	38	96	52	41	94	97	17	25	61	85	79	88	95	31	18	85	21	104	84	35	95	33	74	55	40	43	31	59	45	94	93	102	73	101	114	115	79	62	37	1	114	80	112	114	68	76	89	28	74	10	28	13	8	71	34	71	2	39	6	78	38	96	70	33	32	62	96	37	14	79	24	117	35	104	49	9	9	79	89	49	32	13	8	88	109	29	100	48	60	41	106	13	24	26	16	37	40	112	16	20	80	55	45	101	14	80	75	36	87	6	112	36	89	27	105	60	44	57	37	108	49	18	80	47	109	118	111	53	91	19	81	9	110	109	30	1	107	1	62	41	47	40	31	110	11	33	116	110	98	78	43	104	30	57	10	87	19	83	116	56	12	84	86	65	70	59	37	114	116	74	65	10	100	55	48	64	64	28	117	5	2	62	80	12	52	82	35	65	42	17	1	100	1	91	77	14	58	34	116	1	1	101	99	95	53	49	4	15	77	100	95	83	41	101	98	20	71	59	102	79	107	78	30	5	5	89	89	86	103	40	86	59	101	25	105	95	74	17	63	26	2	84	47	118	60	54	47	54	59	19	88	44	119	48	86	42	91	87	3	12	107	44	116	0	82	44	22	90	44	12	42	6	49	88	108	69	81	66	115	36	101	88	46	47	19	109	110	100	45	68	53	15	56	41	1	21	103	91	18	119	56	13	89	96	102	80	26	22	55	11	72	63	69	118	75	6	66	88	32	97	22	66	118	104	83	98	5	8	104	44	8	3	25	59	94	68	39	43	114	100	90	107	42	2	43	43	89	101	47	52	2	113	73	21	39	76	86	46	103	24	118	34	47	46	29	114	21	95	85	2	42	90	42	9	2	64	90	78	69	44	45	61	89	62	44	1	54	38	10	4	116	45	6	108	7	95	17	15	0	111	16	16	75	105	6	53	71	119	85	54	101	92	110	99	109	53	48	72	48	40	4	87	58	28	106	81	108	78	52	7	23	23	28	82	32	90	73	27	18	81	101	41	87	78	85	24	82	0	11	63	26	68	118	13	64	72	117	60	24	32	56	30	81	16	73	18	33	20	4	52	116	8	37	76	107	111	102	4	108	103	5	83	46	29	114	21	18	44	24	16	55	52	86	20	30	92	13	44	25	12	22	117	21	88	30	35	63	95	98	72	36	60	19	94	12	88	49	46	1	31	64	43	37	56	115	15	92	51	66	29	44	83	62	113	37	87	75	84	52	27	24	100	31	7	118	3	52	27	22	105	92	107	18	43	31	11	58	3	58	4	114	106	15	74	86	34	50	76	112	96	103	83	87	18	9	54	66	56	33	58	77	34	29	79	30	35	8	27	82	16	1	50	22	85	56	106	39	22	70	0	69	35	93	44	23	93	42	1	74	12	108	7	12	5	15	88	65	77	9	3	32	118	11	45	96	65	90	71	42	84	77	46	77	74	114	7	95	44	67	113	62	14	47	36	22	6	101	45	16	63	118	36	93	102	60	100	11	116	52	81	20	29	28	63	47	101	72	52	18	90	92	111	93	109	104	12	94	63	113	24	13	109	106	113	16	66	96	43	64	77	82	116	91	16	90	9	32	37	38	96	7	6	4	55	39	40	76	42	73	104	12	15	63	13	47	65	111	78	52	28	94	15	77	38	106	45	97	12	54	38	61	75	8	22	71	54	84	52	26	74	100	15	20	53	22	74	46	49	26	36	61	1	12	53	68	93	45	12	28	89	18	44	76	117	93	52	49	110	28	23	66	3	56	73	28	32	34	110	63	37	34	21	93	118	72	9	71	83	50	35	117	24	56	7	84	53	95	27	92	14	12	16	33	7	92	37	1	1	65	110	41	43	113	82	37	21	21	65	86	12	90	112	38	95	94	18	55	78	63	60	95	1	31	106	11	60	52	9	10	86	41	100	73	37	53	49	69	14	70	40	13	31	14	83	89	54	3	51	33	102	88	97	64	15	59	24	110	54	72	55	73	34	37	93	58	19	25	103	70	104	106	113	14	12	110	116	11	81	82	71	100	119	109	79	46	90	65	6	1	88	102	114	17	56	60	58	55	14	76	13	92	85	21	38	107	25	79	31	114	74	56	72	74	46	21	85	24	66	40	68	80	102	16	117	19	58	21	32	112	96	114	31	90	17	89	108	0	27	52	94	114	67	14	35	1	98	34	93	61	113	29	21	46	64	6	37	111	108	60	23	76	20	112	106	13	46	99	94	99	23	8	30	51	102	70	21	59	21	110	27	5	91	75	16	53	45	116	75	76	117	80	117	26	74	57	45	56	69	89	27	115	89	71	106	14	39	95	38	50	75	35	103	6	71	25	2	116	28	30	88	95	119	46	108	43	42	31	19	28	16	73	71	70	86	63	27	1	47	2	76	37	69	77	97	93	97	73	
14	19	18	17	20	17	20	10	8	16	7	15	14	20	2	3	19	18	2	12	17	7	13	11	11	17	20	9	12	17	12	3	19	18	1	2	3	20	16	19	8	9	20	14	7	20	4	14	9	1	14	18	4	10	10	9	7	11	2	14	5	9	10	3	2	6	5	17	10	7	10	4	5	15	18	11	5	13	19	14	12	2	14	17	12	13	15	19	4	2	5	7	11	7	2	15	9	19	2	4	19	7	20	19	2	18	13	1	3	3	20	15	20	7	11	1	17	14	6	6	6	1	12	1	6	6	11	4	5	17	12	17	12	20	7	15	9	6	17	4	19	19	5	16	1	5	6	10	7	11	14	10	9	14	1	12	6	6	13	3	15	16	14	10	7	14	11	15	13	1	2	12	14	6	8	11	9	16	5	12	4	16	14	19	3	14	8	17	16	1	4	8	15	16	3	8	2	13	18	10	14	13	6	7	15	8	16	17	18	9	18	13	2	7	7	2	2	4	1	11	19	1	6	17	7	19	18	3	11	7	18	16	15	5	6	16	8	7	13	17	17	11	19	15	5	8	9	15	13	15	16	11	3	19	6	19	4	11	6	16	4	10	6	15	15	3	14	3	19	18	17	15	18	12	19	6	1	18	20	4	7	6	3	17	11	10	6	10	2	4	6	7	20	1	4	9	6	5	12	5	2	2	17	12	8	9	2	4	6	14	5	16	8	19	11	15	16	17	9	8	13	12	12	10	15	2	17	9	20	8	5	19	7	6	20	11	5	13	1	8	18	16	3	17	11	18	1	17	5	1	6	20	2	13	20	3	15	12	20	15	16	19	11	13	2	6	13	15	6	15	5	1	18	9	8	18	10	14	18	18	20	10	16	5	7	1	16	16	15	12	2	7	11	20	16	20	10	18	17	8	7	7	12	7	13	20	2	18	6	14	10	8	10	15	11	3	12	2	14	19	19	9	14	7	1	6	18	4	12	5	3	16	10	2	4	16	7	8	16	12	7	3	4	6	2	12	15	2	10	12	12	10	16	12	8	19	9	6	18	17	2	5	5	6	15	11	2	6	11	2	4	3	1	13	6	1	11	15	20	14	9	3	12	19	2	20	14	12	6	10	3	11	17	10	1	12	5	5	16	17	11	20	5	2	4	20	13	13	12	10	6	7	10	12	5	8	1	13	17	6	3	7	17	1	5	16	9	11	16	20	19	17	4	3	3	7	4	4	14	11	15	7	17	13	15	17	2	11	5	11	5	17	2	18	4	13	2	3	15	16	8	19	15	18	11	20	9	13	9	17	11	5	7	16	5	8	13	11	17	14	18	14	15	1	9	9	12	10	4	3	17	1	4	20	4	16	14	13	17	11	3	7	10	4	11	7	2	4	13	10	12	3	8	9	17	2	10	14	5	8	12	4	9	20	6	2	18	7	15	7	18	19	6	2	17	8	9	7	20	9	9	6	9	8	11	10	20	13	11	19	15	18	20	14	1	19	9	16	9	11	16	7	12	20	14	6	17	6	16	19	19	14	10	20	19	7	15	12	20	20	2	6	5	10	13	17	19	3	9	9	7	6	15	14	10	9	7	9	7	1	3	5	1	8	16	13	12	8	15	16	8	3	15	3	12	7	4	6	13	15	14	1	2	9	13	5	10	13	16	12	14	15	14	3	11	2	3	16	12	4	11	3	16	2	6	4	4	14	10	2	2	11	6	7	12	4	8	4	5	13	11	9	16	12	8	10	10	4	11	15	3	8	4	2	9	1	14	6	13	12	1	12	2	6	2	14	16	3	7	7	4	16	8	15	1	11	8	1	10	12	9	10	1	7	6	6	6	6	5	7	3	3	15	10	5	13	7	16	14	11	2	9	2	2	9	11	11	2	4	6	12	9	13	14	1	8	2	15	14	1	5	12	16	8	6	14	5	3	5	7	15	15	6	10	3	2	2	2	13	5	1	15	5	7	11	1	1	5	5	9	2	2	16	10	3	12	8	8	4	8	16	10	4	2	6	16	3	3	1	4	15	8	13	10	8	9	10	13	10	10	8	4	1	12	7	2	9	4	3	4	15	3	3	14	13	2	9	7	5	6	12	16	14	3	2	10	11	14	6	5	3	7	16	4	6	15	11	4	13	4	15	4	4	11	10	11	6	11	12	6	5	14	9	3	14	14	2	12	3	15	15	13	2	10	15	3	9	10	2	12	5	11	8	3	7	5	11	5	11	3	5	16	11	7	7	15	6	2	9	5	11	9	1	13	13	6	4	1	3	16	6	5	9	9	16	6	16	11	9	11	10	13	7	5	9	4	6	8	15	1	13	7	15	4	3	16	10	14	12	2	2	9	5	1	4	7	14	15	9	5	12	5	13	14	12	13	7	10	12	13	10	14	2	3	15	5	7	2	12	4	6	1	6	4	8	4	6	7	9	12	7	16	4	11	10	10	15	10	8	14	6	1	10	6	11	7	11	5	1	15	9	14	12	10	1	9	10	7	13	16	11	10	6	8	9	9	1	4	8	2	4	9	11	9	12	16	5	3	16	3	4	15	11	2	4	2	15	15	16	10	9	9	10	12	16	7	2	5	12	1	12	4	11	5	13	5	11	6	9	10	1	10	14	6	15	15	12	13	16	3	14	5	3	14	2	3	13	5	5	5	15	15	6	12	10	3	11	5	3	13	15	5	11	2	12	14	13	16	14	11	5	2	3	13	16	4	1	3	15	12	6	5	9	8	16	15	15	11	5	2	8	1	8	10	15	4	5	3	2	16	9	3	5	3	12	8	6	8	14	13	1	11	5	13	6	4	1	7	15	3	11	15	4	7	16	2	6	2	13	15	1	14	14	10	15	3	3	11	5	7	13	13	7	2	8	6	6	13	9	11	7	4	16	4	5	5	6	7	16	3	16	5	15	14	6	15	5	12	16	10	4	15	16	13	6	12	3	15	4	16	1	11	10	11	14	11	11	6	15	12	4	12	7	8	10	3	7	8	13	1	9	6	10	4	1	8	9	4	13	16	1	3	11	5	10	11	9	5	14	12	3	9	4	1	1	10	8	9	6	3	1	12	8	13	16	8	1	16	15	10	3	7	14	5	1	16	5	5	8	9	12	12	9	8	14	4	2	6	8	14	2	3	13	13	9	7	16	1	12	1	12	10	14	2	12	1	15	5	3	11	3	16	7	13	4	12	15	12	8	9	7	3	7	9	12	1	6	5	2	8	8	8	3	16	12	11	13	4	16	2	13	5	7	14	8	3	15	15	15	6	10	10	11	9	4	11	15	7	5	5	16	16	4	1	2	11	9	8	3	11	15	16	15	3	9	15	5	8	1	9	8	5	4	5	14	14	1	2	6	14	12	1	4	7	10	14	4	1	14	5	12	11	5	3	13	14	15	11	12	16	7	5	15	8	14	9	7	15	10	10	13	13	7	3	14	14	15	11	4	12	1	15	15	13	12	13	4	4	15	10	14	10	2	13	3	14	11	14	12	14	1	1	10	9	2	4	14	14	3	3	5	14	16	3	4	12	9	14	2	16	4	9	12	12	14	8	8	8	16	9	11	14	11	14	1	11	11	15	10	5	10	10	1	13	6	10	3	9	1	15	7	12	10	2	13	14	6	4	2	2	8	11	5	14	9	16	11	7	3	2	2	5	6	6	10	4	12	2	16	4	14	11	8	5	6	15	4	15	11	9	1	9	12	2	13	7	15	5	11	1	15	13	6	10	4	1	8	1	13	3	7	2	7	10	5	2	9	7	9	16	9	12	4	12	1	3	9	9	3	8	6	12	5	7	10	15	5	8	1	13	9	4	1	10	3	9	12	15	9	10	10	12	3	12	10	6	2	6	6	15	8	5	3	8	8	11	1	1	3	8	7	11	6	16	1	7	12	14	1	3	8	16	11	9	4	3	4	13	6	3	5	3	5	13	16	8	11	2	7	4	1	3	3	13	15	2	7	11	10	16	2	4	5	10	5	4	4	14	3	12	2	12	4	16	4	15	15	4	5	11	11	7	7	15	7	4	1	13	9	13	16	6	13	5	9	1	7	11	3	14	9	3	8	13	15	11	12	10	5	7	7	15	3	6	1	2	8	15	1	8	3	9	6	16	8	15	12	1	10	16	7	11	16	16	1	2	5	9	10	11	15	8	3	3	10	5	12	16	3	16	15	10	14	3	14	8	15	4	4	6	3	7	8	4	10	16	6	11	1	8	10	1	7	3	6	11	2	11	16	2	9	5	10	2	3	10	10	10	15	10	4	10	11	12	10	5	5	1	16	12	8	8	5	1	6	9	5	1	1	1	16	5	7	16	15	4	2	4	1	2	2	7	5	6	8	11	3	15	9	1	15	10	16	15	12	1	4	16	7	5	6	8	3	16	13	1	5	5	6	1	11	13	5	7	15	3	9	7	9	5	11	15	6	7	10	11	6	2	4	7	8	15	14	13	10	6	3	7	14	3	11	12	1	9	3	1	7	15	12	6	9	6	15	9	2	5	6	11	16	2	7	3	7	4	12	11	11	8	11	13	10	2	12	14	12	16	8	14	5	9	5	15	16	16	12	1	4	6	13	11	15	10	4	13	10	13	6	16	12	11	13	6	2	16	3	15	9	5	9	4	16	8	7	4	11	4	15	1	3	7	6	8	5	14	16	15	6	9	12	2	2	14	7	16	2	14	6	9	2	15	10	4	4	3	7	4	11	11	9	9	5	8	12	15	8	16	3	15	6	14	13	1	2	1	3	4	6	5	4	6	6	16	4	4	8	8	13	10	16	16	16	10	6	6	15	6	5	3	16	6	1	11	13	9	4	14	3	14	12	11	11	6	15	15	2	16	12	1	2	15	6	16	10	3	15	16	16	7	7	9	14	16	13	14	7	12	9	9	14	16	15	10	11	16	10	11	2	10	11	7	16	10	16	7	5	5	1	7	8	6	12	11	4	15	10	7	13	6	12	5	13	10	4	16	9	10	6	2	16	14	14	4	12	14	15	9	12	12	15	5	6	16	11	15	1	16	3	5	4	10	7	8	8	5	5	10	10	14	7	6	3	13	6	7	5	6	10	1	13	6	1	5	2	11	9	10	3	2	6	4	12	6	14	9	6	15	10	4	1	16	1	3	14	16	10	5	13	14	5	14	6	11	12	3	15	3	13	5	10	16	1	9	6	7	10	8	13	11	13	9	2	13	15	1	15	8	4	7	16	14	5	6	16	10	13	6	12	12	14	15	3	13	13	14	15	12	2	11	2	12	9	11	14	6	10	9	11	12	15	2	8	15	3	3	7	5	15	9	3	10	7	16	3	8	9	14	14	9	3	2	13	15	13	8	14	4	2	8	5	7	7	9	1	3	5	6	2	11	11	16	14	1	7	8	13	5	1	8	1	3	8	14	6	14	1	8	15	6	8	12	5	10	6	13	8	2	10	8	8	5	9	8	4	14	16	15	10	1	4	7	12	1	16	16	11	9	15	14	14	3	8	5	7	7	7	3	4	6	6	14	14	9	8	16	8	5	10	5	3	15	7	14	12	7	16	8	1	7	14	6	12	13	3	8	7	4	6	11	16	6	15	10	16	9	8	8	1	1	10	11	6	1	9	5	6	16	15	7	13	4	12	14	14	14	15	8	7	1	3	13	1	8	6	15	9	7	10	4	13	15	4	5	15	5	4	14	8	13	3	10	5	11	4	1	7	6	10	12	8	3	12	5	7	11	10	15	3	10	10	12	10	8	15	15	8	12	8	14	12	4	3	11	12	7	3	8	8	8	9	12	16	3	14	11	4	16	5	5	11	16	14	8	16	10	7	12	3	12	11	1	15	1	1	16	10	2	1	16	5	3	4	1	2	14	7	12	4	11	10	11	9	5	14	11	2	11	5	12	3	4	8	12	8	2	12	15	2	14	4	5	14	9	6	1	2	1	8	11	6	13	11	5	4	5	8	9	15	14	16	14	16	11	11	13	7	5	16	13	16	16	14	3	11	9	5	14	16	5	5	14	11	14	12	11	15	2	1	1	4	13	4	11	8	12	3	5	6	9	5	11	11	12	2	11	14	12	15	11	5	1	12	9	13	12	1	8	12	4	9	11	15	15	14	14	6	16	13	12	3	10	16	1	16	1	5	13	2	12	3	7	3	4	15	12	13	10	14	10	5	14	13	9	1	2	3	15	9	2	11	8	9	1	4	6	13	13	1	13	13	15	9	1	8	5	4	7	16	2	9	1	4	8	10	5	7	2	2	12	2	4	11	1	14	2	5	7	3	6	3	16	13	14	13	8	16	8	11	3	11	1	12	15	2	13	6	13	7	11	12	16	15	15	4	7	2	12	1	14	9	15	14	5	11	14	13	3	8	7	9	1	8	11	15	8	13	12	9	16	7	16	3	13	3	5	7	10	9	11	1	15	2	5	11	14	11	4	10	15	8	14	16	11	8	10	4	9	14	4	11	14	4	10	14	15	15	11	7	5	14	16	12	4	7	2	10	2	8	5	14	15	7	12	3	11	9	11	15	6	9	13	6	10	4	14	14	2	2	14	5	4	15	7	11	7	14	16	1	7	2	1	1	12	6	12	6	1	12	10	6	15	13	13	2	11	6	6	9	12	16	9	13	11	2	1	6	7	5	14	8	12	12	9	16	12	14	1	3	4	13	15	5	3	9	8	7	16	12	4	14	1	5	8	12	8	13	10	13	16	12	13	13	4	15	15	14	2	13	14	16	11	16	4	10	1	4	2	3	13	10	10	12	14	5	11	15	9	1	7	12	9	14	11	11	3	16	2	10	2	10	9	1	12	1	5	11	16	3	8	14	16	2	9	9	2	8	2	14	4	10	5	13	15	3	12	1	1	15	5	12	3	14	13	16	4	6	6	12	11	9	11	13	3	9	10	9	12	1	10	7	8	12	5	2	11	14	4	9	14	15	7	10	1	5	8	5	10	6	16	13	4	8	8	14	9	11	15	13	13	12	6	2	6	1	11	14	3	13	12	5	10	8	15	15	14	9	3	13	4	6	3	3	3	15	9	3	3	2	4	9	4	9	5	1	7	5	4	12	14	10	11	7	4	10	13	3	8	15	16	4	10	10	12	5	3	8	4	8	14	2	2	14	7	13	6	1	7	14	14	13	14	3	9	12	14	10	10	10	2	13	9	15	16	13	7	7	7	8	10	2	2	14	16	16	14	5	10	9	7	14	13	7	9	13	14	14	15	5	10	11	11	9	11	4	9	12	8	7	15	8	16	11	9	10	8	14	5	5	12	11	10	8	7	5	8	15	16	10	4	10	16	15	14	11	11	8	3	15	4	7	3	16	16	3	16	5	12	8	7	1	9	12	13	10	14	11	13	15	10	12	8	16	3	15	5	11	6	10	10	9	16	7	13	14	11	14	14	16	9	8	5	15	10	13	14	4	4	1	14	3	6	3	9	8	7	12	3	6	12	16	15	4	14	8	15	16	11	8	13	10	9	5	12	10	11	13	14	2	4	3	8	8	15	1	13	12	13	10	13	5	5	15	4	8	5	15	15	4	1	6	7	13	7	9	1	5	6	10	3	15	14	10	13	11	12	9	8	16	16	7	13	7	5	10	7	11	6	2	5	7	14	1	4	10	5	9	1	9	11	10	4	16	14	16	5	12	2	1	13	15	12	15	12	3	8	15	15	10	2	12	10	12	3	7	13	11	8	5	2	10	11	14	5	8	10	10	12	15	7	2	2	5	11	13	9	12	3	9	6	8	8	6	11	16	2	1	13	13	9	12	4	2	10	7	4	6	4	11	5	13	9	4	16	4	4	6	9	7	6	14	4	5	11	5	9	1	3	15	1	11	9	1	9	16	15	2	12	2	16	12	12	2	5	11	15	11	13	11	9	2	2	10	2	16	10	14	12	7	14	11	2	10	11	13	12	13	7	6	14	12	1	5	5	3	1	15	10	1	13	4	13	4	16	6	3	15	9	8	1	14	7	4	9	6	2	1	12	8	11	8	10	14	8	9	11	9	9	3	2	8	3	12	3	2	6	9	7	2	8	10	10	12	12	10	3	16	9	8	10	8	10	12	9	9	2	9	6	1	1	10	10	7	11	11	5	14	15	9	8	10	15	15	9	4	6	5	7	5	5	12	8	13	13	1	6	2	15	16	10	11	14	5	1	15	2	5	16	6	9	15	15	2	2	4	15	7	8	7	13	2	4	1	2	13	9	6	3	1	2	10	7	10	16	5	1	9	5	4	14	12	8	8	10	12	3	12	6	8	14	6	11	11	3	6	6	11	14	8	3	5	12	1	16	8	1	5	12	5	10	10	3	16	11	10	4	6	13	13	16	11	12	9	11	2	13	11	6	2	6	11	5	7	4	9	15	4	16	11	9	8	14	7	5	1	8	2	13	9	1	6	10	10	15	16	12	8	12	7	15	12	13	6	16	14	2	6	13	10	14	12	9	6	6	8	8	5	7	4	13	13	13	2	5	8	2	5	9	9	12	14	7	8	10	8	1	6	7	15	13	4	7	16	11	8	14	10	10	4	6	10	3	14	12	15	5	9	4	6	9	12	8	2	10	11	15	12	6	6	12	16	1	14	3	4	13	9	11	6	15	13	11	10	9	8	4	2	10	2	5	3	3	1	13	2	10	15	11	16	2	10	2	11	3	13	9	16	12	13	14	2	15	4	1	11	13	14	15	11	10	11	9	7	3	8	6	15	4	7	6	15	10	16	9	9	5	6	1	3	7	6	10	2	9	5	4	1	2	12	12	3	6	4	14	7	8	7	6	7	16	12	8	16	4	6	5	4	9	3	5	13	15	9	8	2	10	14	5	5	12	10	8	3	7	2	14	8	2	3	2	8	13	13	11	3	5	15	4	6	1	6	7	15	15	2	3	13	8	4	5	16	5	15	8	13	2	11	8	15	4	3	9	6	12	8	10	10	4	12	3	9	10	5	13	14	5	8	13	16	7	11	7	4	15	16	11	16	1	10	12	2	10	15	10	8	13	7	13	13	9	14	9	15	10	15	10	7	10	2	9	12	15	14	8	3	16	4	15	4	2	13	6	6	1	4	4	15	12	12	2	2	11	3	4	1	1	10	5	11	3	7	3	16	3	5	12	5	11	7	5	12	12	15	11	1	5	12	1	5	8	7	9	8	11	16	6	16	11	8	10	9	12	8	9	9	8	10	7	4	15	14	13	15	2	9	11	16	11	7	11	16	10	3	1	7	12	8	16	12	10	8	3	4	13	1	7	4	7	13	9	3	10	12	3	6	9	5	3	4	5	15	2	12	1	7	8	6	10	15	6	3	8	3	6	16	7	11	14	10	3	5	9	12	1	16	10	2	9	16	8	1	5	7	9	15	14	6	13	3	5	15	3	4	16	12	9	3	14	16	10	16	16	1	14	8	13	11	9	9	3	6	10	5	3	1	14	15	3	2	6	9	9	4	12	7	6	11	12	5	9	13	7	6	8	5	4	12	16	7	7	8	12	4	5	5	6	6	4	1	9	8	8	1	2	14	15	13	6	13	15	3	12	10	12	13	2	14	13	13	10	14	11	10	1	11	10	2	11	10	1	1	13	3	10	8	8	10	2	11	6	4	12	10	4	3	13	5	14	1	12	7	15	2	15	14	8	10	12	2	16	12	1	1	7	4	3	10	10	13	10	10	5	8	16	2	2	12	12	3	1	8	13	5	12	11	7	10	11	1	2	13	13	5	15	4	1	11	4	15	16	3	5	16	8	11	2	12	9	9	5	5	1	3	11	11	1	5	11	6	2	2	13	14	8	12	7	10	11	16	9	15	10	14	9	3	7	16	15	13	16	1	9	8	14	7	7	6	12	9	8	15	8	14	4	12	13	8	8	6	12	5	10	6	4	6	15	15	1	12	1	6	12	10	3	4	7	10	12	15	1	11	12	2	7	2	9	5	16	12	4	4	10	10	14	7	7	10	3	7	9	3	7	7	5	15	7	4	15	15	5	13	14	5	2	11	8	2	9	1	16	1	3	7	8	5	11	3	10	1	1	15	4	10	9	5	5	11	16	5	12	6	7	15	11	8	12	14	14	12	12	4	4	9	16	16	16	6	8	4	7	14	6	13	15	2	1	5	2	7	11	3	1	15	16	3	11	11	8	16	6	6	16	15	9	3	5	8	3	2	10	13	15	14	12	5	2	10	11	13	6	9	8	12	4	8	11	7	16	8	9	4	2	3	4	1	12	14	16	16	5	4	2	3	2	3	15	13	11	13	8	13	1	7	6	10	5	15	7	3	14	9	16	9	4	5	4	12	14	11	15	16	7	11	8	2	2	9	11	1	6	9	7	3	5	1	10	16	1	7	7	6	11	5	10	6	11	10	15	14	6	14	2	7	14	3	10	1	16	15	9	2	15	15	4	13	4	3	5	2	10	10	5	9	10	13	9	6	16	1	1	10	9	2	1	5	5	4	13	4	9	11	4	8	6	15	11	2	3	2	5	13	6	10	6	14	7	11	11	14	15	12	8	3	10	3	2	5	5	7	6	12	12	10	7	16	9	8	14	14	1	14	4	7	12	14	5	8	13	16	15	13	8	3	10	8	6	14	2	7	12	10	8	4	2	11	3	3	12	7	4	1	3	15	10	5	12	14	3	16	7	2	7	11	12	5	12	13	14	8	8	9	1	1	3	4	3	14	10	15	12	11	9	1	6	12	5	3	13	16	8	2	2	8	1	3	6	3	1	13	6	14	7	9	11	13	5	8	6	5	14	4	10	10	3	2	1	15	6	14	2	16	9	1	12	7	6	15	2	15	1	15	13	8	6	8	11	6	4	11	3	11	9	12	14	16	6	3	2	13	7	8	8	11	15	1	12	11	16	7	1	3	5	5	6	10	8	12	4	16	16	12	16	6	3	11	3	10	4	7	8	12	12	12	15	14	11	15	11	13	1	11	12	2	8	2	3	4	11	16	12	4	8	13	13	7	3	4	2	10	5	9	11	5	11	15	13	3	8	2	16	3	9	11	9	3	2	2	10	13	16	16	9	11	8	2	10	9	6	1	3	1	13	2	5	11	4	16	14	12	14	6	7	13	6	6	14	5	6	12	8	4	10	10	12	9	3	4	8	1	5	16	12	2	5	6	4	6	16	6	14	4	15	3	13	15	2	3	6	6	7	8	14	16	14	7	7	13	15	3	6	12	9	13	3	5	16	15	12	8	8	16	10	6	3	9	7	13	10	12	6	15	9	15	1	10	13	5	4	11	16	3	12	2	16	13	16	16	11	12	10	2	8	14	11	14	8	15	6	11	7	9	15	1	8	13	15	11	14	5	4	13	13	7	8	16	13	5	3	5	11	16	7	7	12	4	14	15	10	11	14	8	10	6	8	6	14	6	12	11	11	15	8	10	8	3	6	15	9	14	4	11	9	10	13	15	10	5	11	15	15	3	11	11	4	11	3	4	5	15	1	11	7	3	7	3	2	1	1	12	15	15	3	4	5	15	16	3	14	5	1	1	12	11	13	16	6	1	4	12	14	9	10	10	9	10	7	5	3	7	7	12	10	1	14	14	10	15	2	7	11	8	1	5	10	3	15	14	16	10	16	9	16	13	6	5	5	14	7	4	4	8	3	2	4	7	4	16	2	2	2	8	15	12	1	14	3	12	2	13	4	6	8	13	10	11	9	7	3	11	15	15	14	1	16	9	2	14	9	8	13	15	4	1	9	13	3	15	12	3	10	9	10	1	8	13	11	11	15	10	12	4	2	6	6	13	16	11	9	16	16	1	14	1	15	5	2	10	4	2	15	13	4	9	3	16	8	3	12	6	6	8	10	15	5	15	7	8	11	16	13	2	2	16	2	1	16	4	4	6	16	9	7	5	9	6	12	1	13	16	6	16	14	10	13	15	15	6	4	10	11	11	2	14	3	5	6	4	15	15	16	6	12	2	15	5	1	7	8	6	1	1	5	10	4	8	12	9	14	6	2	9	3	14	6	7	10	15	12	7	15	11	8	8	2	4	14	14	3	10	11	5	14	1	3	6	4	4	2	2	5	3	2	8	4	13	8	8	3	11	14	12	12	13	13	16	13	12	9	10	6	5	1	1	14	4	3	3	6	7	11	4	11	5	3	15	14	7	10	8	3	5	12	10	14	4	14	6	1	6	8	10	5	1	7	7	2	7	11	13	6	9	3	9	5	13	14	3	6	9	7	11	8	5	11	3	7	10	4	7	6	5	11	14	15	11	5	12	10	1	5	2	12	3	13	15	10	4	12	14	16	8	10	11	10	9	4	6	4	10	10	8	4	10	3	10	2	11	7	14	16	14	9	15	2	9	16	5	16	9	11	5	15	1	6	7	6	11	6	2	12	8	2	10	1	8	2	10	6	8	6	5	10	4	1	11	2	9	8	7	12	7	8	12	1	6	5	11	9	12	6	13	5	11	11	5	15	3	16	13	3	6	8	15	5	11	3	12	9	3	2	5	16	14	10	9	1	1	7	5	16	3	4	16	15	2	8	5	8	7	11	3	2	12	1	16	9	12	12	14	14	6	1	4	12	3	13	10	11	8	3	14	8	13	7	7	4	3	4	14	12	6	14	7	2	12	4	12	13	6	7	7	16	5	7	3	14	15	11	8	9	1	12	10	16	11	8	10	7	6	2	8	15	12	9	1	11	14	6	15	14	2	16	8	12	13	6	15	10	4	8	3	14	15	16	7	14	2	6	5	15	3	11	9	9	5	15	7	9	2	5	5	2	5	3	9	14	3	12	16	7	7	11	15	3	7	15	16	13	5	6	7	9	7	3	4	6	15	6	15	4	16	15	4	14	16	6	15	1	13	15	2	1	16	7	11	16	10	1	14	6	3	5	16	12	14	2	9	4	1	6	11	4	7	7	3	2	12	14	10	4	8	4	7	2	14	10	1	11	10	16	8	11	3	14	16	2	8	13	1	16	2	16	3	9	13	3	12	8	5	5	2	11	1	12	15	11	6	12	16	2	12	7	16	16	7	10	11	11	15	13	9	15	4	16	12	12	6	8	8	1	14	2	14	3	4	10	7	9	7	7	6	4	12	16	16	14	6	8	9	9	12	1	10	15	9	4	7	16	2	10	15	11	9	15	9	15	14	1	16	4	11	10	6	14	2	5	16	1	16	6	8	2	3	13	16	8	16	1	5	2	15	13	4	5	11	6	3	2	2	10	4	15	16	3	14	14	12	7	16	9	16	11	8	14	8	2	6	8	6	11	16	1	14	14	1	13	9	1	15	13	12	8	9	15	9	13	1	6	3	12	3	12	12	7	11	4	15	12	12	14	11	14	10	11	5	1	14	3	13	10	4	6	1	9	10	9	10	10	6	10	16	7	10	9	12	12	5	11	10	11	5	8	7	2	6	4	11	2	1	2	5	7	15	7	2	9	13	1	1	6	16	5	9	15	15	1	13	15	16	13	15	4	8	5	9	4	13	6	16	7	11	14	13	8	9	3	3	2	10	10	10	10	4	4	7	11	4	9	9	13	7	10	5	2	10	15	3	3	4	12	5	5	9	16	2	2	12	14	9	14	11	16	13	2	14	8	14	14	2	11	4	4	4	1	10	4	7	8	16	6	16	2	5	4	14	8	14	5	5	14	6	10	2	3	16	4	12	3	15	13	1	8	16	4	2	5	2	13	8	3	5	14	12	14	11	5	12	14	7	8	12	16	2	1	6	11	8	13	11	7	4	1	7	13	4	10	15	9	1	9	11	8	7	11	3	10	12	8	6	14	10	3	11	13	12	4	1	13	4	2	10	8	8	16	10	11	11	15	10	3	15	10	8	8	5	10	12	15	7	16	3	16	1	11	11	3	8	2	12	12	16	2	10	5	7	11	9	2	11	8	7	10	3	8	1	12	3	11	14	6	6	16	13	7	6	6	15	1	5	8	6	3	16	14	16	6	14	9	13	6	5	3	2	6	12	1	13	4	1	15	12	12	10	11	12	2	5	3	7	6	4	6	11	4	12	4	11	3	14	12	16	6	14	16	12	6	14	13	4	4	11	11	6	15	10	3	4	14	8	14	8	16	16	15	15	3	3	9	10	9	8	9	15	9	1	13	2	15	15	12	9	8	10	16	15	7	1	5	2	11	2	12	10	5	2	2	10	10	2	13	13	2	2	3	1	13	4	3	12	7	15	5	14	13	15	6	3	16	2	10	10	11	6	13	7	12	8	1	10	12	4	2	1	16	5	3	1	6	7	6	2	5	7	9	9	1	5	15	7	5	6	13	1	14	6	13	12	6	11	7	14	15	3	1	14	9	15	10	7	4	7	13	10	12	13	8	9	10	8	9	7	16	7	12	2	15	15	16	13	3	4	8	16	13	1	16	6	11	2	1	10	14	8	2	6	1	13	3	3	10	3	4	9	5	1	15	15	13	2	5	8	15	13	6	4	14	7	9	6	3	1	5	11	5	5	10	11	2	14	14	13	4	16	13	1	6	16	1	10	15	14	7	11	4	8	10	8	9	1	15	13	7	13	10	15	14	4	2	11	7	3	3	2	13	6	13	2	5	
470	560	150	620	590	550	820	160	600	570	300	320	630	190	470	950	920	130	950	170	970	610	340	550	300	280	470	880	460	140	830	730	420	470	950	500	980	260	600	600	500	460	360	280	930	660	320	560	850	880	410	520	700	520	1000	1000	230	260	430	1000	950	130	280	100	300	600	820	740	860	760	270	660	230	770	270	940	550	430	120	160	480	740	630	140	540	160	560	940	670	480	190	750	630	1000	260	330	530	470	320	160	720	760	480	840	380	390	680	220	150	170	260	340	460	150	250	510	250	980	460	960	380	800	220	760	850	780	550	840	970	780	990	980	180	950	860	960	550	830	300	430	100	340	540	740	330	730	910	380	340	840	350	630	930	680	240	630	540	850	730	540	300	160	570	230	730	870	220	610	280	210	470	150	530	670	120	430	800	560	600	980	480	560	510	680	220	110	160	890	290	630	840	370	660	420	560	920	880	450	620	120	970	560	850	460	690	590	240	100	130	950	420	1000	980	210	460	330	970	260	490	610	850	220	590	440	160	870	880	270	990	120	750	200	280	220	550	380	920	570	650	470	160	380	680	440	100	580	160	540	830	110	650	440	190	330	190	940	930	920	300	460	250	220	170	630	920	730	890	880	470	490	150	330	960	790	680	420	730	470	240	420	210	450	210	500	920	200	330	410	360	120	170	880	390	860	990	200	930	320	120	400	900	460	530	940	1000	120	360	540	710	770	500	610	670	640	670	130	960	400	650	820	280	330	980	920	350	640	250	730	450	850	670	540	350	470	550	720	210	300	100	180	280	800	180	490	470	560	770	630	240	210	770	770	870	270	900	970	720	880	710	780	100	960	680	520	700	920	250	790	810	820	520	530	110	110	850	420	400	250	670	620	780	710	260	1000	740	640	110	830	950	540	370	910	260	890	560	660	810	230	330	950	980	230	750	540	980	500	320	350	740	990	640	280	950	500	840	410	240	1000	290	730	930	550	670	710	470	280	970	380	750	280	710	290	740	810	440	590	300	350	250	170	700	280	470	250	560	990	700	800	990	260	150	320	190	550	910	790	790	630	850	940	670	490	840	190	410	780	310	920	170	660	670	840	260	110	190	820	590	300	920	410	250	260	710	700	600	490	370	390	310	280	210	800	700	970	890	770	830	250	330	670	890	610	780	590	500	650	900	150	360	400	550	340	830	400	100	110	420	600	910	610	150	140	240	830	850	970	910	340	480	290	760	960	570	210	680	540	570	170	810	250	770	480	770	730	210	550	410	510	790	990	880	530	390	480	820	270	420	500	170	770	330	910	790	850	420	700	500	750	700	590	190	270	150	710	700	720	290	110	850	270	800	820	400	340	120	380	460	230	320	710	510	530	470	540	470	620	500	190	420	420	880	240	810	340	470	280	450	370	310	920	520	290	660	280	500	110	540	860	120	680	790	800	400	490	120	100	890	260	820	750	470	600	430	960	130	590	890	170	210	860	340	430	530	760	370	350	280	950	820	260	720	990	970	770	680	800	280	670	250	880	690	570	750	430	240	190	910	160	570	560	920	350	450	530	910	840	160	150	850	170	960	560	640	240	950	870	650	670	180	310	800	130	480	790	890	790	380	640	650	550	870	800	870	400	870	200	920	220	660	400	710	400	370	940	710	280	520	230	910	690	530	280	140	880	460	890	300	280	350	280	960	820	730	170	310	350	650	260	850	130	390	730	360	790	620	260	890	710	520	800	660	120	850	560	190	250	170	970	600	770	530	550	550	110	310	490	180	920	860	960	660	250	220	200	780	630	510	390	440	150	320	350	440	820	800	530	340	950	1000	410	850	380	820	750	760	600	370	760	380	120	420	620	740	530	580	740	930	660	260	280	880	750	190	190	210	940	270	730	230	180	110	940	600	510	840	790	480	780	370	700	670	430	800	420	200	430	750	580	270	610	980	150	660	540	510	300	430	140	670	890	750	500	700	910	350	820	100	470	270	790	870	600	410	820	410	530	530	210	170	540	570	120	150	240	940	750	660	680	820	760	920	810	540	460	800	900	990	600	630	590	470	940	970	540	410	950	860	490	850	810	890	1000	420	940	680	230	880	210	750	760	210	760	930	690	240	220	920	280	900	740	340	900	990	710	110	820	480	900	270	430	730	360	810	980	810	530	850	290	110	380	910	430	820	240	530	140	830	570	640	200	850	720	780	570	280	250	650	340	480	530	230	740	840	550	890	210	240	840	610	790	980	390	490	950	280	670	480	290	920	1000	810	990	310	660	200	770	490	150	720	490	260	880	550	1000	860	280	790	820	120	410	430	870	340	430	560	830	750	930	180	430	980	510	790	1000	590	230	930	940	810	260	290	560	510	960	760	520	900	750	230	390	350	200	810	310	740	480	550	170	250	150	710	530	160	800	710	700	780	490	780	420	740	380	320	1000	810	160	460	910	710	970	110	150	710	260	640	360	650	410	600	550	790	620	900	780	900	870	870	180	370	310	660	680	490	200	370	510	450	670	280	570	120	560	270	780	310	990	600	870	960	540	330	520	530	230	1000	770	340	670	400	470	180	960	560	930	940	940	790	870	670	330	250	510	1000	450	930	990	260	490	470	340	180	230	820	660	850	260	150	220	290	530	960	470	830	150	530	100	810	570	310	290	160	140	340	550	260	130	700	590	660	950	220	800	700	870	720	510	390	370	790	920	920	240	560	890	970	250	680	190	360	490	920	620	960	560	690	320	850	860	170	350	500	470	240	890	720	510	320	680	250	470	290	730	960	540	750	940	800	270	280	610	130	200	720	620	560	200	220	300	690	590	1000	150	850	940	600	130	100	300	470	150	860	790	950	230	360	570	510	260	910	520	830	390	510	490	530	790	520	300	240	770	130	870	250	510	320	200	730	780	940	340	760	500	120	410	490	260	450	460	310	930	230	760	600	620	260	550	810	410	510	990	650	220	160	430	730	790	410	720	240	940	580	640	860	700	880	210	200	820	930	920	130	830	830	410	830	920	310	320	600	140	370	870	510	150	810	720	550	370	560	490	380	630	190	250	420	740	350	640	400	830	750	590	660	960	290	200	430	200	960	480	590	150	210	390	560	180	750	860	950	520	690	860	320	120	780	260	810	840	650	810	340	500	700	320	1000	510	660	770	710	740	730	870	130	700	640	920	920	470	1000	480	740	470	970	230	160	650	360	290	630	830	250	510	250	270	360	150	960	850	520	570	660	480	160	850	200	600	680	980	620	470	800	190	450	150	560	700	870	940	970	140	880	330	840	320	790	730	170	830	800	520	750	980	660	840	260	830	400	760	870	730	560	880	370	480	690	840	150	860	750	730	990	130	870	520	950	970	830	730	900	670	450	260	730	100	140	360	220	840	480	700	870	990	940	100	790	250	950	760	890	100	530	220	980	930	860	540	840	390	630	200	890	270	860	170	440	720	980	740	590	640	390	740	820	610	240	890	870	660	640	780	720	640	830	510	980	610	400	950	190	100	230	880	340	630	870	390	850	400	580	1000	300	290	340	210	530	910	340	880	540	990	330	670	740	460	900	920	790	400	620	860	900	370	980	440	110	880	100	400	260	900	340	290	720	120	750	130	520	880	990	430	240	470	400	790	570	310	510	460	290	440	240	720	590	290	220	470	790	920	720	730	320	560	920	330	190	740	360	250	890	800	460	470	330	320	920	890	260	450	620	150	700	270	110	820	120	940	920	420	650	900	780	650	740	540	820	200	610	180	760	400	190	250	110	820	590	390	190	690	590	680	1000	130	610	350	160	180	510	670	660	170	550	650	690	670	120	150	370	780	220	880	380	460	960	830	930	350	260	290	170	720	870	310	570	430	550	490	640	920	330	340	710	220	750	430	960	650	400	620	550	970	380	410	900	120	180	660	440	790	950	290	960	180	300	840	550	620	630	880	360	910	700	720	540	770	440	790	970	360	990	930	410	970	200	180	520	650	660	760	990	500	950	710	800	830	400	620	750	850	320	570	230	760	500	910	620	440	890	860	690	350	340	160	160	860	410	650	900	940	480	470	760	250	570	640	410	230	580	150	460	230	560	660	940	490	370	770	430	190	620	830	100	910	570	980	490	360	850	800	630	960	490	580	730	350	850	290	810	420	120	440	740	490	110	890	820	670	280	190	120	860	240	110	240	800	630	200	500	940	230	500	780	210	420	140	790	490	570	750	220	530	930	660	530	760	780	670	520	760	440	550	470	570	180	840	650	490	960	670	900	480	830	220	810	350	440	830	170	670	240	590	1000	520	730	110	800	990	170	690	810	570	110	310	830	180	430	800	170	770	150	720	200	470	700	120	260	890	530	410	940	650	630	460	120	250	900	680	100	910	980	620	780	810	940	450	590	980	330	650	420	520	950	910	560	420	250	810	130	240	480	650	460	370	770	890	180	430	680	120	900	710	510	610	630	280	870	840	450	390	890	480	880	160	460	710	810	890	100	520	130	250	400	260	470	240	300	580	640	500	780	100	1000	240	810	720	790	250	740	150	650	460	990	680	920	350	140	840	530	290	560	260	720	1000	790	460	450	870	440	830	190	770	260	180	510	390	370	760	620	560	490	810	230	340	800	730	190	550	250	570	430	580	880	840	750	980	470	310	960	450	580	510	810	890	380	220	870	590	110	240	640	790	630	440	610	600	470	890	870	300	720	330	570	760	550	300	570	720	300	220	860	620	940	200	210	340	810	190	740	760	570	670	120	190	780	270	970	210	400	620	200	110	940	130	780	490	860	540	980	870	110	840	670	850	490	380	870	970	470	310	540	560	250	400	940	870	680	540	430	450	340	980	860	570	340	630	890	270	380	510	850	500	450	780	280	850	380	580	290	110	190	430	900	870	870	460	240	270	680	150	660	370	640	390	180	910	430	440	790	380	890	440	280	840	800	100	400	370	700	700	940	790	780	650	560	160	510	910	680	430	550	300	780	380	860	680	190	650	210	960	720	290	800	670	260	500	570	250	100	130	440	660	430	130	110	970	630	280	280	260	250	760	240	910	600	380	970	580	690	670	1000	190	210	380	940	600	930	650	820	270	980	280	670	340	540	440	130	450	660	730	100	510	560	630	100	680	830	600	640	600	860	190	680	470	760	630	270	240	1000	460	860	710	530	980	740	900	730	230	240	130	950	610	370	280	150	240	290	960	170	340	410	990	730	780	280	670	730	930	700	290	400	450	700	680	580	590	250	150	400	180	740	140	690	490	280	220	510	870	580	900	950	790	780	370	710	910	500	500	320	160	880	580	710	550	990	800	910	620	270	540	340	480	590	980	620	720	130	300	870	600	200	490	280	200	850	380	570	450	230	790	140	320	520	400	780	890	330	970	230	220	680	950	430	920	320	380	1000	570	530	910	110	840	490	790	740	200	760	150	380	310	960	520	210	1000	420	580	140	760	220	300	910	710	990	450	310	150	890	390	600	310	530	210	870	860	520	140	500	320	520	850	220	680	390	940	560	890	510	680	750	430	550	640	930	960	940	970	510	290	450	440	190	930	240	210	400	910	860	880	290	500	660	300	280	650	650	190	630	130	260	320	840	270	650	400	830	540	820	240	200	880	210	560	450	260	420	250	390	920	280	790	660	440	330	450	880	610	740	160	720	920	770	890	830	770	500	780	410	840	230	520	890	400	620	270	850	330	550	980	970	530	800	130	560	400	660	540	230	940	730	160	860	710	410	720	400	470	530	130	670	670	580	470	130	650	750	420	930	460	880	570	1000	160	170	420	250	160	220	510	540	870	880	890	400	670	640	770	700	500	630	500	970	290	540	930	180	860	990	260	520	830	250	980	210	820	270	700	170	590	190	660	100	230	820	490	820	570	740	170	660	630	570	610	520	240	800	780	890	590	490	800	300	550	700	630	580	640	120	890	820	580	990	510	830	640	990	680	680	330	590	600	970	740	570	960	200	820	580	980	540	910	680	140	240	540	330	330	310	490	360	880	640	400	400	930	270	630	180	260	190	680	880	430	800	680	180	580	130	670	390	910	360	210	540	520	160	160	480	340	820	450	520	290	500	950	250	590	150	260	520	960	890	130	860	510	250	870	450	190	730	960	510	220	650	580	440	290	130	750	650	490	270	680	850	600	550	250	590	560	470	460	760	840	780	650	130	700	170	100	120	870	840	540	120	590	310	350	140	960	390	750	590	980	420	260	760	740	160	950	750	940	980	300	160	130	530	860	540	450	400	700	180	670	480	710	440	160	710	200	720	600	790	680	570	840	690	410	330	520	940	640	190	410	580	900	960	540	910	580	890	150	270	790	310	530	460	730	100	250	980	290	840	470	410	350	340	610	150	220	300	690	430	900	170	530	170	250	580	650	590	590	410	930	950	580	990	230	130	250	280	260	400	190	260	640	200	730	750	760	120	550	420	810	710	670	920	840	560	850	670	520	650	380	970	820	520	480	270	760	580	820	340	330	830	710	350	700	110	580	490	450	410	270	990	700	220	140	870	330	180	120	180	330	490	750	580	640	520	440	470	760	930	270	170	870	1000	360	230	630	560	560	470	730	680	800	860	770	250	640	970	120	180	750	750	520	880	560	360	480	880	390	420	290	340	410	690	940	350	520	470	610	240	600	240	530	360	160	290	260	980	410	120	970	590	240	940	120	940	560	700	300	920	100	330	810	890	680	460	870	550	600	710	770	420	960	300	580	750	400	550	580	910	660	340	740	490	400	780	340	910	360	720	530	120	580	130	440	600	360	540	700	340	830	610	640	680	890	980	920	240	110	620	460	660	530	130	100	760	700	530	320	130	550	460	170	190	810	760	850	470	980	770	130	580	370	1000	800	280	890	950	950	790	150	410	510	880	250	910	140	270	960	190	840	810	120	380	580	720	780	780	1000	130	120	900	840	410	490	850	470	780	260	130	730	130	310	300	200	570	170	180	790	150	140	790	1000	350	290	820	220	200	470	420	510	570	760	980	920	140	520	760	990	270	180	740	300	910	580	520	600	250	740	960	160	220	460	620	950	480	830	710	840	950	180	540	630	450	950	630	610	160	760	940	840	280	300	770	910	380	960	920	760	140	560	590	850	430	300	520	960	220	220	100	650	480	780	420	560	710	240	310	600	740	600	640	600	280	680	980	220	510	190	200	500	560	410	550	420	870	430	680	740	500	610	750	120	250	930	140	220	160	150	770	850	860	760	110	480	600	360	510	740	980	470	220	760	640	450	990	250	760	430	240	700	230	780	630	510	180	640	930	790	200	180	410	970	610	810	680	170	360	250	280	290	540	110	500	750	930	640	650	250	750	830	750	350	290	360	950	110	330	670	430	290	450	740	950	780	200	670	340	420	720	590	470	640	750	250	880	440	950	460	380	530	850	530	370	170	200	850	690	730	1000	650	420	160	210	410	450	870	950	300	340	180	860	560	880	900	140	470	580	430	880	160	740	960	980	620	310	980	560	480	570	490	830	560	710	740	400	690	400	650	820	640	710	370	220	160	220	890	610	790	880	740	820	680	600	170	970	290	600	170	930	430	570	690	590	550	680	380	390	730	330	240	100	100	900	310	560	820	800	800	850	220	980	270	640	460	680	710	730	170	620	590	290	950	900	570	930	210	100	950	690	350	250	640	870	770	270	1000	120	380	290	900	590	690	1000	660	650	470	400	490	210	970	220	990	940	190	380	960	590	980	930	730	140	760	460	230	390	660	650	120	290	940	460	830	320	390	830	660	420	510	480	770	970	820	150	460	230	480	260	240	260	730	900	290	720	320	910	440	930	770	700	760	790	960	300	480	870	180	180	970	880	550	600	680	110	860	980	590	640	600	350	630	130	930	240	390	780	520	770	970	390	970	770	800	420	980	170	120	230	660	350	770	550	950	330	380	810	230	440	270	400	790	440	960	990	630	880	130	600	370	410	270	390	240	250	220	650	690	690	580	810	610	880	750	650	560	720	750	250	930	830	130	530	810	330	370	790	210	440	380	620	580	960	960	220	250	180	280	370	790	540	890	120	190	900	220	560	240	490	730	420	690	820	490	240	980	810	540	410	900	640	410	590	880	460	150	850	100	150	430	990	990	940	920	500	500	310	170	840	850	290	670	420	160	550	180	340	120	200	390	980	420	780	710	290	520	240	330	750	370	610	910	700	270	990	610	500	320	410	620	200	620	200	290	120	560	660	380	380	710	410	880	120	320	210	970	910	260	540	700	200	520	970	420	490	250	590	630	140	700	700	160	910	780	430	220	270	900	400	210	310	490	500	320	440	760	600	770	150	680	870	380	950	690	700	690	280	690	410	230	410	610	220	450	320	510	160	250	790	140	740	840	740	150	700	130	750	880	530	310	130	270	390	740	640	130	590	460	740	920	510	840	290	110	320	190	320	480	560	410	870	380	620	940	130	570	400	970	510	300	560	230	720	260	510	880	120	210	130	160	310	1000	300	710	750	190	980	410	980	550	600	900	990	360	530	640	360	870	860	230	510	440	190	580	570	140	420	740	790	660	480	980	110	820	340	150	800	960	450	340	990	240	890	620	590	420	450	630	760	470	540	540	600	230	320	540	430	950	910	690	170	920	210	120	670	620	700	190	110	140	770	330	800	860	520	210	710	570	460	580	290	500	500	100	310	150	590	600	100	990	500	640	800	870	130	630	740	330	680	290	620	920	820	560	480	300	260	800	360	720	410	590	360	980	480	650	940	340	420	600	320	500	440	660	220	230	770	920	930	680	420	470	610	130	440	680	580	980	310	250	750	710	950	670	300	650	200	460	260	840	350	290	110	930	370	680	640	650	790	390	220	830	940	840	720	120	180	670	450	530	390	510	760	930	970	560	220	220	430	220	890	380	630	280	690	110	380	390	970	390	120	710	710	710	250	270	530	760	440	740	170	880	540	250	290	240	760	290	410	510	980	670	910	160	210	110	330	600	670	550	880	620	490	760	170	990	760	770	740	860	980	740	750	500	330	280	560	650	190	360	910	710	290	650	690	490	690	430	510	360	640	150	910	330	1000	100	570	340	340	460	660	520	790	350	240	620	780	940	820	900	570	110	810	900	440	950	180	600	820	500	680	180	640	130	210	210	500	540	440	230	500	350	490	910	120	480	950	850	490	620	370	950	390	540	710	950	340	340	370	340	780	580	920	800	670	130	330	130	860	150	710	270	210	990	630	330	360	540	950	690	100	410	350	350	460	620	530	190	330	740	350	720	160	370	760	580	270	590	210	510	810	200	530	720	240	600	310	640	230	890	250	670	410	730	640	660	140	770	500	710	770	890	430	370	660	590	360	680	460	210	970	450	410	770	210	810	380	570	330	980	930	360	580	500	1000	510	230	990	230	580	930	690	390	590	230	750	420	600	820	680	840	890	990	640	820	170	340	850	850	880	610	860	310	700	880	950	410	740	370	130	480	550	710	710	940	740	430	610	100	320	830	820	520	950	680	780	820	400	640	240	760	790	890	450	690	570	370	740	300	790	820	900	380	860	910	520	470	260	510	690	280	390	910	140	820	590	200	940	910	340	420	760	840	330	410	470	450	460	480	380	630	700	150	520	990	150	380	140	960	700	880	290	250	990	880	980	820	590	560	370	920	960	730	830	250	100	490	870	420	800	480	490	750	690	920	690	200	870	660	800	680	600	410	520	180	720	430	450	300	350	660	630	910	140	460	980	230	500	300	380	670	1000	700	310	710	100	460	310	910	230	830	970	240	860	930	190	390	100	840	610	850	670	170	920	570	420	230	720	580	580	540	530	860	190	180	720	150	370	720	380	430	930	880	660	850	610	380	330	710	210	330	170	530	900	180	650	810	210	370	670	490	830	470	150	880	200	490	390	620	430	300	790	560	460	200	710	200	130	870	560	240	380	850	850	930	280	820	760	530	480	930	760	740	930	890	110	830	400	750	920	250	510	130	240	900	290	900	440	370	500	650	650	230	270	520	930	800	100	800	850	470	200	530	430	730	390	940	740	140	220	500	820	280	470	920	380	880	730	790	390	760	1000	600	930	430	240	110	920	720	880	530	930	500	810	530	240	430	500	950	780	960	820	510	300	690	980	360	360	1000	300	260	950	800	310	390	830	750	980	170	600	360	470	890	350	620	800	780	780	260	930	610	110	600	550	170	270	640	450	710	860	310	230	230	890	660	960	470	770	970	520	670	660	400	210	330	990	640	300	380	500	910	690	590	750	410	100	250	510	750	820	260	480	880	860	870	540	680	120	880	990	880	590	350	130	140	260	290	580	810	100	690	150	550	190	740	670	830	990	160	910	400	450	380	880	590	460	840	610	250	850	380	610	230	330	410	110	840	860	970	540	300	750	520	830	900	640	150	540	850	570	780	380	1000	340	210	340	630	260	120	730	420	990	830	870	810	540	570	560	750	270	440	110	360	740	670	220	530	470	600	650	690	210	740	790	690	250	390	520	760	110	520	670	890	190	920	200	870	400	970	240	430	200	810	920	830	650	520	480	580	870	660	740	830	950	200	260	110	410	860	350	460	670	400	750	230	450	720	530	520	950	420	340	960	570	240	160	790	440	330	150	340	700	180	720	530	470	980	180	770	390	540	910	900	890	550	850	970	870	260	680	240	700	770	660	750	250	610	770	920	530	660	240	990	720	760	650	660	460	170	440	900	400	700	480	240	450	820	670	270	540	690	550	220	990	530	960	120	510	720	970	220	820	460	750	260	300	240	1000	250	350	630	920	210	420	900	130	570	320	260	700	390	530	290	930	210	430	360	630	920	650	270	540	570	670	200	260	290	680	820	290	170	700	890	180	860	430	320	580	520	440	670	150	530	250	840	850	310	720	380	240	840	330	850	450	790	760	860	160	810	640	620	400	260	780	740	920	760	690	920	1000	960	470	830	510	140	400	710	150	770	980	860	500	320	470	750	550	200	320	720	600	640	140	940	530	130	260	760	980	380	770	400	410	800	580	290	270	950	480	200	250	900	810	590	800	670	130	120	550	720	130	730	680	380	750	530	360	410	430	490	340	250	350	460	890	360	920	870	110	740	950	160	550	1000	510	530	570	380	640	330	310	970	1000	470	700	1000	980	620	900	670	310	460	510	140	420	390	410	310	760	750	260	410	700	120	140	710	280	530	540	890	720	700	310	250	870	100	400	370	520	870	270	860	870	940	740	360	790	120	840	750	330	690	690	820	670	370	200	920	550	420	350	430	310	390	360	510	490	480	280	470	630	650	920	890	820	500	380	880	510	260	280	480	500	190	320	440	540	330	610	320	700	1000	190	300	770	630	150	390	650	520	740	350	980	460	510	490	950	510	140	810	430	390	510	800	550	650	360	920	530	970	780	940	240	410	330	740	380	340	200	950	940	680	700	770	300	890	110	780	680	440	500	900	550	720	710	500	590	300	900	560	920	270	430	620	130	550	700	190	440	260	340	580	230	680	810	290	440	290	720	170	1000	560	290	560	370	950	110	120	340	190	660	460	260	510	330	450	110	470	980	890	770	210	310	870	590	370	450	290	460	450	910	260	660	770	270	800	240	770	960	160	650	620	250	890	390	820	970	550	340	100	210	390	790	810	190	910	160	630	800	500	430	470	120	860	320	110	480	130	790	660	990	620	970	120	700	220	180	930	600	780	850	570	120	120	390	400	920	750	270	550	190	410	470	880	630	140	170	340	230	640	210	280	210	800	180	360	510	450	890	280	470	820	450	100	100	100	780	140	640	610	810	960	210	620	870	690	630	460	950	630	810	640	350	830	740	190	480	830	390	650	480	180	360	100	140	900	730	920	550	130	180	800	320	370	360	580	670	160	570	550	950	770	720	780	230	890	670	210	900	900	720	300	250	130	670	1000	600	930	580	860	880	250	440	450	290	670	790	100	140	300	700	280	270	370	340	300	870	750	570	250	440	460	720	410	130	790	780	760	330	680	310	360	230	820	590	400	840	610	470	920	670	670	730	950	360	520	730	180	800	780	830	900	990	420	370	390	1000	720	870	630	780	240	400	950	300	620	570	420	340	130	860	820	820	380	740	750	610	170	750	360	610	490	280	810	680	990	480	500	690	1000	330	300	630	840	350	830	480	430	400	360	230	310	810	910	320	110	440	260	760	720	670	370	970	480	860	730	480	530	700	170	1000	320	380	280	280	390	830	670	640	550	420	420	120	930	540	850	590	650	300	220	200	440	520	1000	900	410	940	280	920	950	230	260	310	410	920	260	770	780	360	800	300	570	270	560	630	560	720	320	620	230	480	130	120	300	240	830	620	760	630	880	730	550	310	360	370	200	550	680	490	430	450	870	150	360	180	590	550	460	890	400	430	820	580	980	380	580	140	760	910	910	730	540	320	400	560	800	190	420	420	480	550	950	690	230	760	120	600	290	700	230	620	160	470	640	280	990	880	810	310	460	360	790	930	760	230	380	120	1000	940	440	200	360	830	880	840	560	220	410	600	170	630	860	340	400	560	650	990	750	710	230	490	720	570	420	420	120	150	270	400	310	910	640	650	650	640	480	940	1000	440	640	650	730	460	370	380	360	160	510	210	860	370	350	300	320	820	250	800	290	560	750	900	600	130	230	180	400	360	880	500	790	620	670	610	400	680	230	210	120	320	390	800	290	100	100	820	560	190	160	200	920	170	590	280	210	350	630	230	280	190	350	870	650	850	780	210	870	790	390	100	400	350	160	470	230	550	130	160	540	260	470	190	940	520	970	110	440	980	910	790	430	310	370	160	760	820	810	760	690	550	320	680	930	230	740	580	340	580	220	420	610	230	680	620	920	410	690	850	130	420	670	780	350	170	730	820	790	770	820	380	460	920	750	320	130	560	960	370	110	480	230	960	510	450	140	600	410	400	550	820	550	120	990	700	320	260	990	540	540	180	760	690	400	460	930	340	820	950	830	930	990	460	360	370	320	830	550	150	790	880	770	580	210	600	580	860	790	580	950	440	110	460	830	770	340	290	740	750	160	200	770	990	470	240	770	730	930	340	740	640	840	280	560	850	480	560	750	310	530	340	850	590	240	490	570	180	120	340	490	600	770	240	120	130	870	610	760	640	500	100	820	490	860	400	260	530	840	720	430	320	370	640	810	320	170	350	490	970	550	940	350	980	450	350	110	870	800	620	400	990	1000	430	350	1000	980	550	920	210	620	260	860	230	490	750	930	340	500	940	910	630	520	940	870	290	950	680	180	850	350	310	770	900	150	730	660	160	560	520	730	940	920	210	400	650	870	840	740	520	220	120	650	690	440	710	110	950	670	400	280	440	280	710	370	270	730	310	760	320	920	210	200	790	210	500	330	750	130	630	360	810	850	840	480	990	1000	860	560	920	400	420	230	480	690	720	250	460	890	770	630	100	970	130	980	880	610	940	730	600	670	140	100	310	950	210	800	800	420	410	290	130	400	630	360	680	660	570	140	470	660	550	430	800	710	210	700	680	860	950	500	410	380	580	380	1000	940	270	260	550	350	670	820	780	310	390	260	330	130	180	300	910	800	740	250	580	410	790	710	150	780	570	970	960	870	660	530	930	400	260	120	870	950	770	170	920	990	980	440	610	970	520	390	900	550	910	940	610	320	890	970	990	390	760	480	400	860	800	920	610	250	220	240	740	950	330	200	460	490	910	360	130	480	560	700	130	150	380	520	150	350	630	510	830	490	940	790	930	700	240	880	700	490	440	970	470	890	940	590	710	710	710	510	180	120	210	410	480	570	450	950	410	850	470	850	160	570	730	590	230	580	230	950	300	220	870	560	170	660	320	320	710	880	850	1000	290	660	320	690	170	570	820	420	460	910	500	880	170	690	830	460	950	140	270	620	510	530	860	620	880	330	930	930	950	780	660	840	890	490	210	390	670	510	470	600	820	130	870	320	240	220	480	250	600	480	150	910	650	750	720	440	300	770	740	590	570	940	960	110	160	920	420	560	470	320	110	590	680	390	550	150	800	490	510	390	270	480	610	510	440	220	850	100	340	710	900	270	180	960	800	440	890	530	320	880	960	650	450	450	990	850	430	250	750	160	520	290	970	400	420	850	550	910	1000	660	200	380	760	300	440	250	740	740	900	380	340	940	650	530	430	880	530	290	370	260	1000	470	970	450	960	540	140	350	440	110	840	330	170	280	810	290	480	730	940	840	330	190	680	110	780	520	640	140	500	600	730	240	940	180	670	190	880	110	220	380	990	490	360	980	950	580	430	270	750	320	1000	440	750	550	230	490	210	220	880	430	130	140	280	640	810	470	110	710	900	850	430	400	540	150	570	920	690	910	100	520	500	660	520	700	800	330	120	660	260	330	730	310	650	920	720	350	110	730	320	810	350	220	560	690	280	500	970	790	290	390	820	360	470	380	480	580	180	230	410	340	430	520	460	220	460	920	330	590	530	880	790	260	420	440	240	580	760	720	330	180	420	180	340	770	390	790	400	630	880	860	770	340	560	790	290	950	270	240	200	490	510	230	880	360	600	440	990	580	340	160	880	400	750	300	620	590	990	640	400	660	720	820	130	170	380	270	570	890	440	350	850	800	350	410	130	210	340	640	570	220	540	720	870	280	940	670	200	530	150	710	1000	1000	990	790	290	620	320	950	130	390	110	740	920	980	790	830	680	320	380	820	830	470	670	300	450	440	430	370	870	890	740	930	410	830	360	250	680	930	590	490	890	900	700	680	990	410	420	
1
