6426
120
4
90
0	0	0	0	0	0	0	0	0	0	0	0	500	0	0	0	0	0	0	0	0	0	0	0	0	0	0	0	0	0	0	0	0	0	0	0	0	0	0	0	0	0	0	0	0	0	0	0	0	0	0	0	0	0	0	0	0	0	0	0	0	0	0	0	500	0	0	0	0	0	0	0	0	0	0	0	0	0	0	0	0	0	0	0	0	0	0	0	0	0	0	0	0	0	0	0	0	0	500	0	0	0	0	0	0	0	0	0	0	0	0	0	0	0	0	0	0	0	0	500	
0	0	0	0	0	0	0	0	0	0	0	0	0	0	0	0	0	0	0	0	0	0	0	0	0	0	500	0	0	0	0	0	0	0	0	0	0	0	0	0	0	0	0	0	0	0	0	0	0	500	0	0	0	0	0	0	0	0	0	0	0	0	0	0	0	500	0	0	0	0	0	500	0	0	0	0	0	0	0	0	0	0	0	0	0	0	0	0	0	0	0	0	0	0	0	0	0	0	0	0	0	0	0	0	0	0	0	0	0	0	0	0	0	0	0	0	0	0	0	0	
0	0	0	0	500	0	0	0	0	0	0	0	0	0	0	0	0	0	0	0	0	0	0	0	0	0	0	0	0	0	0	0	0	0	0	0	0	0	0	0	0	500	0	0	0	0	0	0	0	0	0	0	0	0	0	0	0	0	0	0	0	0	0	0	0	0	0	0	0	0	0	0	0	0	0	0	0	0	0	0	0	0	500	0	0	0	0	0	0	0	0	0	0	0	0	0	0	0	0	0	0	0	0	0	0	0	0	0	0	0	0	500	0	0	0	0	0	0	0	0	
0	0	0	0	0	500	0	0	0	0	0	0	0	0	0	0	0	0	0	0	0	0	0	0	0	0	0	0	0	0	0	0	0	0	0	0	0	0	0	0	0	0	0	0	0	0	0	0	0	0	0	0	0	0	0	0	0	0	0	0	500	0	0	0	0	0	0	0	0	0	0	0	0	0	0	0	0	0	0	0	0	0	0	0	0	0	0	0	0	0	0	0	0	0	0	0	0	0	0	0	0	0	500	0	0	0	0	0	0	0	0	0	0	500	0	0	0	0	0	0	
0	0	500	0	0	0	0	0	0	0	0	0	0	0	0	0	0	0	0	0	0	0	0	0	0	0	0	0	0	0	0	0	0	0	0	0	0	0	0	0	0	0	0	0	0	0	0	0	0	0	0	0	0	0	0	0	0	0	0	0	0	0	0	0	0	0	0	0	0	0	500	0	0	0	0	0	0	0	0	0	0	0	0	0	0	500	0	0	500	0	0	0	0	0	0	0	0	0	0	0	0	0	0	0	0	0	0	0	0	0	0	0	0	0	0	0	0	0	0	0	
0	0	0	500	0	0	0	0	0	0	0	0	0	0	0	0	0	0	0	0	0	0	0	0	0	0	0	0	0	0	0	0	0	0	0	0	0	0	0	0	0	0	0	0	0	500	0	0	0	0	0	0	0	0	0	0	0	0	0	0	500	0	0	0	0	0	0	0	0	0	0	0	0	0	0	0	0	0	0	0	0	0	0	0	0	0	0	0	0	0	0	0	0	0	0	0	0	0	0	0	0	0	0	0	0	0	0	0	0	0	0	0	0	0	0	0	500	0	0	0	
0	0	0	0	0	0	0	0	0	0	0	0	0	0	0	0	0	0	500	0	0	0	0	0	0	500	0	0	0	0	0	0	0	0	0	0	0	0	0	0	0	0	0	0	0	0	0	0	0	0	0	0	0	0	0	0	0	0	0	0	0	0	0	0	0	0	0	0	0	0	0	0	0	0	0	0	0	0	500	0	0	0	0	0	0	0	0	0	0	0	0	0	0	500	0	0	0	0	0	0	0	0	0	0	0	0	0	0	0	0	0	0	0	0	0	0	0	0	0	0	
0	0	0	0	0	0	0	0	0	0	0	0	0	0	0	0	0	0	0	0	0	0	0	0	0	0	0	0	0	0	0	0	0	0	0	0	0	0	0	0	0	0	0	500	0	0	0	0	0	0	0	500	0	0	0	0	0	0	0	0	0	0	0	0	0	0	0	0	0	0	0	0	0	0	0	0	0	0	0	0	0	0	0	0	0	0	0	0	0	0	500	0	0	0	0	0	0	0	0	0	0	0	0	0	0	0	0	0	0	0	0	0	0	0	500	0	0	0	0	0	
0	0	0	0	0	0	0	0	0	0	0	0	0	0	0	0	0	0	0	0	0	0	0	0	0	0	0	0	0	0	0	0	0	0	0	0	0	0	0	0	0	0	0	0	0	0	0	0	0	0	0	0	0	0	0	0	0	0	0	0	0	0	0	0	0	0	0	500	0	0	0	0	0	0	0	0	0	0	0	0	0	0	0	0	0	0	0	0	0	0	0	0	500	0	500	0	500	0	0	0	0	0	0	0	0	0	0	0	0	0	0	0	0	0	0	0	0	0	0	0	
0	0	0	0	0	0	0	0	0	0	0	0	0	0	0	0	0	0	0	0	0	0	0	500	0	0	0	0	0	0	0	0	0	0	0	0	0	0	0	0	0	0	0	0	0	0	0	0	0	0	0	0	500	0	0	0	0	0	0	0	0	0	0	0	0	0	0	0	0	0	0	0	0	0	0	0	0	0	500	0	0	0	0	0	0	0	0	0	0	0	0	0	0	0	0	0	0	0	0	0	0	0	0	0	0	0	0	0	500	0	0	0	0	0	0	0	0	0	0	0	
0	0	0	0	0	0	0	0	0	0	0	0	500	0	0	0	0	0	0	500	0	0	500	0	0	0	0	0	0	0	0	0	0	0	0	0	0	0	0	0	0	0	0	0	0	0	0	0	0	0	0	0	0	0	0	0	0	0	0	500	0	0	0	0	0	0	0	0	0	0	0	0	0	0	0	0	0	0	0	0	0	0	0	0	0	0	0	0	0	0	0	0	0	0	0	0	0	0	0	0	0	0	0	0	0	0	0	0	0	0	0	0	0	0	0	0	0	0	0	0	
0	0	0	0	0	0	0	0	0	0	0	0	0	0	0	0	0	0	0	0	0	0	0	0	0	0	0	0	0	0	0	0	0	0	0	0	500	0	0	0	0	0	0	0	0	0	0	0	0	0	0	0	0	0	500	0	0	0	0	0	0	0	0	0	0	0	0	0	0	0	0	0	0	0	0	500	0	0	0	0	0	0	0	0	0	0	0	0	0	0	0	0	0	0	0	0	0	0	0	0	0	0	0	0	0	0	0	0	0	0	0	0	0	0	0	500	0	0	0	0	
500	0	0	0	0	0	0	0	0	0	500	0	0	0	0	0	0	0	0	0	0	0	0	0	0	0	0	0	0	0	0	0	0	0	0	0	0	0	0	0	0	0	0	0	0	0	0	0	0	0	0	0	0	0	0	0	0	0	0	0	0	0	0	0	500	0	0	0	0	0	0	0	0	0	0	0	0	0	0	0	0	0	0	0	0	0	0	0	0	0	0	0	0	0	0	0	0	0	500	0	0	0	0	0	0	0	0	0	0	0	0	0	0	0	0	0	0	0	0	0	
0	0	0	0	0	0	0	0	0	0	0	0	0	0	0	0	0	0	0	0	0	0	0	0	0	0	0	0	0	0	0	0	0	0	0	0	0	0	0	0	0	0	0	0	0	0	0	0	0	0	500	0	0	0	0	0	0	500	0	0	0	500	0	0	0	0	0	0	0	0	0	0	0	0	0	0	0	0	0	0	0	0	0	0	500	0	0	0	0	0	0	0	0	0	0	0	0	0	0	0	0	0	0	0	0	0	0	0	0	0	0	0	0	0	0	0	0	0	0	0	
0	0	0	0	0	0	0	0	0	0	0	0	0	0	0	0	0	0	0	0	0	0	0	0	0	0	0	0	0	0	500	0	0	0	0	0	0	0	0	500	0	0	0	0	0	0	0	0	0	0	0	0	0	0	0	0	0	0	0	0	0	0	0	0	0	0	0	0	0	0	0	0	0	0	0	0	0	0	0	0	0	0	0	0	0	0	0	0	0	0	500	0	0	0	0	0	0	0	0	0	0	0	0	0	0	0	0	0	0	0	0	0	0	0	500	0	0	0	0	0	
0	0	0	0	0	0	0	0	0	0	0	0	0	0	0	0	0	0	0	0	0	0	0	0	0	0	0	0	0	0	0	0	0	500	0	0	0	0	0	0	0	0	0	0	0	0	0	0	0	0	0	0	0	0	0	0	0	0	0	0	0	0	0	0	0	0	500	0	0	0	0	0	0	0	0	0	0	500	0	0	0	0	0	0	0	0	0	0	0	0	0	0	0	0	0	0	0	0	0	0	0	0	0	0	0	0	0	500	0	0	0	0	0	0	0	0	0	0	0	0	
0	0	0	0	0	0	0	0	0	0	0	0	0	0	0	0	0	0	0	0	0	0	0	0	0	0	0	0	500	0	0	0	0	0	0	0	0	0	0	0	0	0	0	0	0	0	0	0	0	0	0	0	500	0	0	0	0	0	0	0	0	0	0	0	0	0	0	0	0	0	0	0	0	0	0	0	0	0	0	500	0	0	0	0	0	0	0	0	0	0	0	0	0	0	0	0	0	0	0	0	0	0	0	0	0	0	500	0	0	0	0	0	0	0	0	0	0	0	0	0	
0	0	0	0	0	0	0	0	0	0	0	0	0	0	0	0	0	0	0	0	0	0	0	0	0	0	0	0	0	500	0	0	0	0	500	0	0	0	0	0	0	0	0	0	0	0	0	0	0	0	0	0	0	0	0	0	0	0	0	0	0	0	0	0	0	0	0	0	0	0	0	0	0	500	0	0	0	0	0	0	0	0	0	0	0	0	0	0	0	0	0	500	0	0	0	0	0	0	0	0	0	0	0	0	0	0	0	0	0	0	0	0	0	0	0	0	0	0	0	0	
0	0	0	0	0	0	500	0	0	0	0	0	0	0	0	0	0	0	0	0	0	0	0	0	0	500	0	0	0	0	0	0	0	0	0	0	0	0	0	0	0	0	0	0	0	500	0	0	0	0	0	0	0	0	0	0	0	0	0	0	0	0	0	0	0	0	0	0	0	0	0	0	0	0	0	0	0	0	0	0	0	0	0	0	0	0	0	0	0	0	0	0	0	500	0	0	0	0	0	0	0	0	0	0	0	0	0	0	0	0	0	0	0	0	0	0	0	0	0	0	
0	0	0	0	0	0	0	0	0	0	500	0	0	0	0	0	0	0	0	0	0	0	500	0	0	0	0	0	0	0	0	0	500	0	0	0	0	0	0	0	0	0	0	0	0	0	0	0	0	0	0	0	0	0	0	0	0	0	0	500	0	0	0	0	0	0	0	0	0	0	0	0	0	0	0	0	0	0	0	0	0	0	0	0	0	0	0	0	0	0	0	0	0	0	0	0	0	0	0	0	0	0	0	0	0	0	0	0	0	0	0	0	0	0	0	0	0	0	0	0	
0	0	0	0	0	0	0	0	0	0	0	0	0	0	0	0	0	0	0	0	0	0	500	0	0	0	0	0	0	0	0	0	0	0	0	0	0	0	0	0	0	0	0	0	0	0	0	0	0	0	0	0	0	0	0	0	0	0	0	500	0	0	500	0	0	0	0	0	0	0	0	0	0	0	0	0	0	0	0	0	0	0	0	0	0	0	0	0	0	0	0	0	0	0	0	0	0	0	0	0	0	0	0	0	0	0	0	0	0	0	0	0	0	0	0	0	0	0	0	500	
0	0	0	0	0	0	0	0	0	0	0	0	0	0	0	0	0	0	0	0	0	0	0	0	0	0	0	0	0	500	0	0	0	0	0	0	0	0	0	0	0	0	0	0	0	0	500	0	0	0	0	0	0	0	0	0	0	0	0	0	0	0	0	0	0	0	0	0	0	0	0	0	0	500	0	0	0	0	0	0	0	0	0	0	0	0	0	0	0	0	0	0	0	0	0	0	0	0	0	0	0	0	0	0	0	0	0	0	0	0	0	0	500	0	0	0	0	0	0	0	
0	0	0	0	0	0	0	0	0	0	500	0	0	0	0	0	0	0	0	500	500	0	0	0	0	0	0	0	0	0	0	0	0	0	0	0	0	0	0	0	0	0	0	0	0	0	0	0	0	0	0	0	0	0	0	0	0	0	0	500	0	0	0	0	0	0	0	0	0	0	0	0	0	0	0	0	0	0	0	0	0	0	0	0	0	0	0	0	0	0	0	0	0	0	0	0	0	0	0	0	0	0	0	0	0	0	0	0	0	0	0	0	0	0	0	0	0	0	0	0	
0	0	0	0	0	0	0	0	0	500	0	0	0	0	0	0	0	0	0	0	0	0	0	0	0	0	0	0	0	0	0	0	0	0	0	0	0	0	0	0	0	500	0	0	0	0	0	0	0	0	0	0	500	0	0	0	0	0	0	0	0	0	0	0	0	0	0	0	0	0	0	0	0	0	0	0	0	0	0	0	0	0	0	0	0	0	0	0	0	0	0	0	0	0	0	0	0	0	0	0	0	0	0	0	0	0	0	0	0	0	0	500	0	0	0	0	0	0	0	0	
0	0	0	0	0	0	0	0	0	0	0	0	0	0	0	0	0	0	0	0	0	0	0	0	0	0	0	0	0	500	0	0	0	0	0	0	0	0	0	0	0	0	0	0	0	0	0	0	0	0	0	0	0	0	0	0	0	0	0	0	0	0	0	0	0	0	0	0	0	0	0	0	0	0	0	0	500	0	0	0	0	0	0	0	0	0	0	0	0	0	0	500	0	0	0	0	0	0	0	0	0	0	0	0	0	0	0	0	0	500	0	0	0	0	0	0	0	0	0	0	
0	0	0	0	0	0	500	0	0	0	0	0	0	0	0	0	0	0	500	0	0	0	0	0	0	0	0	0	0	0	0	0	0	0	0	0	0	0	0	0	0	0	0	0	0	0	0	0	0	0	0	0	0	0	0	0	0	0	0	0	0	0	0	0	0	0	0	0	0	0	0	0	0	0	0	0	0	0	500	0	0	0	0	0	0	0	0	0	0	0	0	0	0	0	0	0	0	0	0	0	0	0	0	0	0	0	0	0	500	0	0	0	0	0	0	0	0	0	0	0	
0	500	0	0	0	0	0	0	0	0	0	0	0	0	0	0	0	0	0	0	0	0	0	0	0	0	0	0	0	0	0	500	0	0	0	0	0	0	0	0	0	0	0	0	0	0	0	0	0	0	0	0	0	0	0	0	0	0	0	0	0	0	0	0	0	0	0	0	500	0	0	0	500	0	0	0	0	0	0	0	0	0	0	0	0	0	0	0	0	0	0	0	0	0	0	0	0	0	0	0	0	0	0	0	0	0	0	0	0	0	0	0	0	0	0	0	0	0	0	0	
0	0	0	0	0	0	0	0	0	0	0	0	0	0	0	0	0	0	0	0	0	0	0	0	0	0	0	0	0	0	0	0	0	0	0	500	0	0	0	0	0	0	0	0	0	0	0	0	0	0	0	0	0	0	0	0	0	0	0	0	0	0	0	0	0	0	0	0	0	0	0	0	0	0	0	0	0	0	0	0	500	0	0	0	0	0	0	0	0	0	0	0	0	0	0	0	0	0	0	0	0	500	0	0	500	0	0	0	0	0	0	0	0	0	0	0	0	0	0	0	
0	0	0	0	0	0	0	0	0	0	0	0	0	0	0	0	500	0	0	0	0	0	0	0	0	0	0	0	0	0	0	0	0	0	0	0	0	0	0	0	0	0	0	0	0	0	0	0	0	0	0	0	0	0	0	0	500	0	0	0	0	0	0	0	0	0	0	0	0	0	0	0	0	0	0	0	0	0	0	500	0	0	0	0	0	0	0	0	0	0	0	0	0	0	0	0	0	0	0	0	0	0	0	0	0	0	500	0	0	0	0	0	0	0	0	0	0	0	0	0	
0	0	0	0	0	0	0	0	0	0	0	0	0	0	0	0	0	500	0	0	0	500	0	0	500	0	0	0	0	0	0	0	0	0	0	0	0	0	0	0	0	0	0	0	0	0	0	0	0	0	0	0	0	0	0	0	0	0	0	0	0	0	0	0	0	0	0	0	0	0	0	0	0	0	0	0	0	0	0	0	0	0	0	0	0	0	0	0	0	0	0	500	0	0	0	0	0	0	0	0	0	0	0	0	0	0	0	0	0	0	0	0	0	0	0	0	0	0	0	0	
0	0	0	0	0	0	0	0	0	0	0	0	0	0	500	0	0	0	0	0	0	0	0	0	0	0	0	0	0	0	0	0	0	0	0	0	0	0	500	500	0	0	0	0	0	0	0	0	0	0	0	0	0	0	0	0	0	0	0	0	0	0	0	0	0	0	0	0	0	0	0	0	0	0	0	0	0	0	0	0	0	0	0	0	0	0	0	0	0	0	0	0	0	0	0	0	0	0	0	0	0	0	0	0	0	0	0	0	0	0	0	0	0	0	500	0	0	0	0	0	
0	0	0	0	0	0	0	0	0	0	0	0	0	0	0	0	0	0	0	0	0	0	0	0	0	0	500	0	0	0	0	0	0	0	0	0	0	0	0	0	0	0	0	0	0	0	0	0	0	0	0	0	0	0	0	0	0	0	0	0	0	0	0	0	0	0	500	0	0	0	0	500	0	0	0	0	0	0	0	0	0	0	0	0	0	0	0	0	0	0	0	0	0	0	0	0	0	0	0	0	0	0	0	0	0	0	0	500	0	0	0	0	0	0	0	0	0	0	0	0	
0	0	0	0	0	0	0	0	0	0	0	0	0	0	0	0	0	0	0	500	0	0	0	0	0	0	0	0	0	0	0	0	0	0	0	0	0	0	0	0	0	0	0	0	0	0	0	0	0	0	0	0	0	0	0	0	0	0	0	0	0	0	0	0	500	0	0	0	0	0	0	0	0	0	0	0	0	0	0	0	0	0	0	0	0	0	500	0	0	0	0	0	0	0	0	0	0	0	0	0	0	0	0	0	0	0	0	0	0	0	0	0	0	0	0	0	0	0	0	500	
0	0	0	0	0	0	0	0	0	0	0	0	0	0	0	500	0	0	0	0	0	0	0	0	0	0	0	0	0	0	0	0	0	0	0	0	0	0	0	0	0	0	0	0	0	0	0	0	0	0	0	0	0	0	0	0	0	0	0	0	0	0	0	0	0	0	0	0	0	0	0	500	0	0	0	0	0	500	0	0	0	0	0	0	0	0	0	0	0	0	0	0	0	0	0	0	0	0	0	0	0	0	0	0	0	0	0	500	0	0	0	0	0	0	0	0	0	0	0	0	
0	0	0	0	0	0	0	0	0	0	0	0	0	0	0	0	0	500	0	0	0	0	0	0	0	0	0	0	0	0	0	0	0	0	0	0	0	0	0	0	0	0	0	0	0	0	0	0	0	0	0	0	0	0	0	0	0	0	0	0	0	0	0	0	0	0	0	0	0	0	0	0	0	500	0	0	0	0	0	0	0	0	0	0	0	0	0	0	0	0	0	500	0	0	0	0	0	0	0	0	0	0	0	0	0	0	0	0	0	0	0	0	0	500	0	0	0	0	0	0	
0	0	0	0	0	0	0	0	0	0	0	0	0	0	0	0	0	0	0	0	0	0	0	0	0	0	0	500	0	0	0	0	0	0	0	0	0	0	0	0	0	0	0	0	0	0	0	0	0	0	0	0	0	0	0	0	0	0	0	0	0	0	0	0	0	0	0	0	0	0	0	0	0	0	0	0	0	0	0	0	500	0	0	0	0	0	0	0	0	0	0	0	0	0	0	0	0	0	500	0	0	500	0	0	0	0	0	0	0	0	0	0	0	0	0	0	0	0	0	0	
0	0	0	0	0	0	0	0	0	0	0	500	0	0	0	0	0	0	0	0	0	0	0	0	0	0	0	0	0	0	0	0	0	0	0	0	0	0	0	0	0	0	0	0	0	0	0	0	0	0	0	0	0	0	500	0	0	0	0	0	0	0	0	0	0	0	0	0	0	0	0	0	0	0	0	500	0	0	0	0	0	0	0	0	0	0	0	0	0	0	0	0	0	0	0	0	0	0	0	0	0	0	0	0	0	0	0	0	0	0	0	0	0	0	0	500	0	0	0	0	
0	0	0	0	0	0	0	0	0	0	0	0	0	0	0	0	0	0	0	0	0	0	0	0	0	0	0	0	0	0	0	0	0	0	0	0	0	0	0	0	0	0	0	0	0	0	0	0	0	0	0	0	0	0	0	0	500	0	0	0	0	0	0	0	0	0	0	0	0	0	0	0	0	0	0	0	0	0	0	500	0	0	0	0	0	0	0	0	0	0	0	0	0	0	0	0	0	0	0	0	0	0	0	0	500	0	500	0	0	0	0	0	0	0	0	0	0	0	0	0	
0	0	0	0	0	0	0	0	0	0	0	0	0	0	0	0	0	0	0	0	0	0	0	0	0	0	0	0	0	0	500	0	0	0	0	0	0	0	0	500	0	0	0	0	0	0	0	0	0	500	0	0	0	0	0	0	0	0	0	0	0	0	0	0	0	500	0	0	0	0	0	0	0	0	0	0	0	0	0	0	0	0	0	0	0	0	0	0	0	0	0	0	0	0	0	0	0	0	0	0	0	0	0	0	0	0	0	0	0	0	0	0	0	0	0	0	0	0	0	0	
0	0	0	0	0	0	0	0	0	0	0	0	0	0	500	0	0	0	0	0	0	0	0	0	0	0	0	0	0	0	500	0	0	0	0	0	0	0	500	0	0	0	0	0	0	0	0	0	0	0	0	0	0	0	0	0	0	0	0	0	0	0	0	0	0	0	0	0	0	0	0	0	0	0	0	0	0	0	0	0	0	0	0	0	0	0	0	0	0	0	0	0	0	0	0	0	0	0	0	0	0	0	0	0	0	0	0	0	0	0	0	0	0	0	500	0	0	0	0	0	
0	0	0	0	0	0	0	0	0	0	0	0	0	0	0	0	0	0	0	0	0	0	0	0	0	0	0	0	0	0	0	0	0	0	0	0	0	0	0	0	0	0	0	0	0	0	0	0	0	0	0	0	0	0	0	0	0	0	0	0	0	0	0	500	0	0	0	0	0	0	500	0	0	0	0	0	0	0	0	0	0	0	0	0	0	0	0	0	500	0	0	0	0	0	0	0	0	0	0	0	0	0	0	0	0	0	0	0	0	0	0	0	0	0	0	0	0	0	500	0	
0	0	500	0	0	0	0	0	0	0	0	0	0	0	0	0	0	0	0	0	0	0	0	500	0	0	0	0	0	0	0	0	0	0	0	0	0	0	0	0	0	0	0	0	0	0	0	0	0	0	0	0	0	0	0	0	0	0	0	0	0	0	0	0	0	0	0	0	0	0	0	0	0	0	0	0	0	0	0	0	0	0	0	0	0	0	0	500	0	0	0	0	0	0	0	0	0	0	0	0	0	0	0	0	0	0	0	0	0	0	0	500	0	0	0	0	0	0	0	0	
0	0	0	0	0	0	0	0	0	0	0	0	0	0	0	0	0	0	0	0	0	0	0	0	0	0	0	0	0	0	0	0	0	0	0	0	0	0	0	0	0	0	0	0	0	0	0	0	0	0	0	0	0	500	0	0	0	0	0	0	0	0	0	0	0	0	0	500	0	0	0	0	0	0	0	0	0	0	0	0	0	0	0	0	0	0	0	0	0	0	0	0	500	0	0	0	0	0	0	0	0	0	0	0	0	0	0	0	0	0	500	0	0	0	0	0	0	0	0	0	
0	0	0	0	0	0	0	500	0	0	0	0	0	0	0	0	0	0	0	0	0	0	0	0	0	0	0	0	0	0	0	0	0	0	0	0	0	0	0	0	0	0	0	0	0	0	0	0	0	0	0	500	0	0	0	0	0	0	0	0	0	0	0	0	0	0	0	0	0	0	0	0	0	0	500	0	0	0	0	0	0	0	0	0	0	0	0	0	0	0	500	0	0	0	0	0	0	0	0	0	0	0	0	0	0	0	0	0	0	0	0	0	0	0	0	0	0	0	0	0	
0	0	0	0	0	0	0	0	0	0	0	0	0	0	0	0	0	0	0	0	0	0	0	0	0	0	0	0	0	0	0	0	0	0	0	0	0	0	0	0	0	0	0	0	0	0	500	0	0	0	0	0	0	0	0	0	0	0	0	0	0	0	0	0	0	0	0	0	0	0	0	0	0	0	0	0	0	0	0	0	0	500	0	500	0	0	0	0	0	500	0	0	0	0	0	0	0	0	0	0	0	0	0	0	0	0	0	0	0	0	0	0	0	0	0	0	0	0	0	0	
0	0	0	0	0	500	0	0	0	0	0	0	0	0	0	0	0	0	500	0	0	0	0	0	0	0	0	0	0	0	0	0	0	0	0	0	0	0	0	0	0	0	0	0	0	0	0	0	0	0	0	0	0	0	0	0	0	0	0	0	500	0	0	0	0	0	0	0	0	0	0	0	0	0	0	0	0	0	0	0	0	0	0	0	0	0	0	0	0	0	0	0	0	500	0	0	0	0	0	0	0	0	0	0	0	0	0	0	0	0	0	0	0	0	0	0	0	0	0	0	
0	0	0	0	0	0	0	0	0	0	0	0	0	0	0	0	0	0	0	0	0	500	0	0	0	0	0	0	0	0	0	0	0	0	0	0	0	0	0	0	0	0	0	0	500	0	0	0	0	0	0	0	0	0	0	0	0	0	0	0	0	0	0	0	0	0	0	0	0	0	0	0	0	0	0	0	0	0	0	0	0	500	0	0	0	0	0	0	0	500	0	0	0	0	0	0	0	0	0	0	0	0	0	0	0	0	0	0	0	0	0	0	0	0	0	0	0	0	0	0	
0	0	0	0	0	0	0	0	0	0	0	0	0	0	0	0	0	0	0	0	0	0	0	0	0	0	0	0	0	0	0	0	0	0	0	0	0	0	0	0	0	0	0	0	0	0	0	0	0	0	0	0	0	0	0	0	0	0	0	0	0	500	0	0	0	0	0	0	0	500	0	0	0	0	0	0	0	0	0	0	0	0	0	0	0	0	0	0	0	0	0	0	0	0	500	0	0	0	0	0	0	0	0	0	0	0	0	0	0	0	0	0	500	0	0	0	0	0	0	0	
0	0	0	0	0	0	0	0	0	0	0	0	0	0	0	0	0	0	0	0	0	0	0	0	0	0	0	0	0	0	0	0	0	0	0	0	0	0	0	0	0	0	0	0	0	0	0	0	0	0	0	0	0	0	0	0	0	0	0	0	0	0	0	500	0	0	0	0	0	0	0	0	0	0	0	0	0	0	0	0	0	0	0	0	0	0	0	0	0	0	0	0	0	0	0	0	0	0	0	500	0	0	0	0	0	0	0	0	0	0	0	0	0	0	0	0	0	500	500	0	
0	500	0	0	0	0	0	0	0	0	0	0	0	0	0	0	0	0	0	0	0	0	0	0	0	0	0	0	0	0	0	0	0	0	0	0	0	0	500	0	0	0	0	0	0	0	0	0	0	0	0	0	0	0	0	0	0	0	0	0	0	0	0	0	0	500	0	0	0	0	0	0	0	0	0	0	0	0	0	0	0	0	0	0	0	0	0	0	0	0	0	0	0	0	0	0	0	0	0	0	500	0	0	0	0	0	0	0	0	0	0	0	0	0	0	0	0	0	0	0	
0	0	0	0	0	0	0	0	0	0	0	0	0	500	0	0	0	0	0	0	0	0	0	0	0	0	0	0	0	0	0	0	0	0	0	0	0	0	0	0	0	0	0	0	0	0	0	0	0	0	0	0	0	0	0	0	0	500	0	0	0	500	0	0	0	0	0	0	0	0	0	0	0	0	0	0	0	0	0	0	0	0	0	0	500	0	0	0	0	0	0	0	0	0	0	0	0	0	0	0	0	0	0	0	0	0	0	0	0	0	0	0	0	0	0	0	0	0	0	0	
0	0	0	0	0	0	0	500	0	0	0	0	0	0	0	0	0	0	0	0	0	0	0	0	0	0	0	0	0	0	0	0	0	0	0	0	0	0	0	0	0	0	0	500	0	0	0	0	0	0	0	0	0	0	0	0	0	0	0	0	0	0	0	0	0	0	0	0	0	0	0	0	0	0	500	0	0	0	0	0	0	0	0	0	0	0	0	0	0	0	500	0	0	0	0	0	0	0	0	0	0	0	0	0	0	0	0	0	0	0	0	0	0	0	0	0	0	0	0	0	
0	0	0	0	0	0	0	0	0	500	0	0	0	0	0	0	500	0	0	0	0	0	0	500	0	0	0	0	0	0	0	0	0	0	0	0	0	0	0	0	0	0	0	0	0	0	0	0	0	0	0	0	0	0	0	0	0	0	0	0	0	0	0	0	0	0	0	0	0	0	0	0	0	0	0	0	0	0	0	0	0	0	0	0	0	0	0	0	0	0	0	0	0	0	0	0	0	0	0	0	0	0	0	0	0	0	0	0	0	0	0	500	0	0	0	0	0	0	0	0	
0	0	0	0	0	0	0	0	0	0	0	0	0	0	0	0	0	0	0	0	0	0	0	0	0	0	0	0	0	0	0	0	0	0	0	0	0	0	0	0	0	0	500	0	0	0	0	0	0	0	0	0	0	0	0	500	0	0	0	0	0	0	0	0	0	0	0	500	0	0	0	0	0	0	0	0	0	0	0	0	0	0	0	0	0	0	0	0	0	0	0	0	500	0	0	0	0	0	0	0	0	0	0	0	0	0	0	0	0	0	0	0	0	0	0	0	0	0	0	0	
0	0	0	0	0	0	0	0	0	0	0	500	0	0	0	0	0	0	0	0	0	0	0	0	0	0	0	0	0	0	0	0	0	0	0	0	500	0	0	0	0	0	0	0	0	0	0	0	0	0	0	0	0	0	0	0	0	0	0	0	0	0	0	0	0	0	0	0	0	0	0	0	0	0	0	0	0	0	0	0	0	0	0	0	0	0	0	0	500	0	0	0	0	0	0	0	0	0	0	0	0	0	0	0	0	0	0	0	0	0	0	0	0	0	0	500	0	0	0	0	
0	0	0	0	0	0	0	0	0	0	0	0	0	0	0	0	0	0	0	0	0	0	0	0	0	0	0	0	0	0	0	0	0	0	0	0	0	0	0	0	0	0	0	0	0	0	0	0	0	0	0	0	0	500	0	0	0	0	0	0	0	0	0	0	0	0	0	500	0	0	0	0	0	0	500	0	0	0	0	0	0	0	0	0	0	0	0	0	0	0	0	0	500	0	0	0	0	0	0	0	0	0	0	0	0	0	0	0	0	0	0	0	0	0	0	0	0	0	0	0	
0	0	0	0	0	0	0	0	0	0	0	0	0	0	0	0	0	0	0	0	0	0	0	0	0	0	0	0	500	0	0	0	0	0	0	0	0	500	0	0	0	0	0	0	0	0	0	0	0	0	0	0	0	0	0	0	0	0	0	0	0	0	0	0	0	0	0	0	0	0	0	0	0	0	0	0	0	0	0	500	0	0	0	0	0	0	0	0	0	0	0	0	0	0	0	0	0	0	0	0	0	0	0	0	0	0	500	0	0	0	0	0	0	0	0	0	0	0	0	0	
0	0	0	0	0	0	0	0	0	0	0	0	0	500	0	0	0	0	0	0	0	0	0	0	0	0	0	0	0	0	0	0	0	0	0	0	0	0	0	0	0	0	0	0	0	0	0	0	0	0	500	0	0	0	0	0	0	0	0	0	0	0	0	0	0	0	0	0	0	0	0	0	0	0	0	0	0	0	0	0	0	0	0	0	500	500	0	0	0	0	0	0	0	0	0	0	0	0	0	0	0	0	0	0	0	0	0	0	0	0	0	0	0	0	0	0	0	0	0	0	
0	0	0	0	0	0	0	0	0	0	0	0	0	0	0	0	0	0	0	0	0	0	0	0	0	0	0	0	0	0	0	0	0	0	0	0	0	0	0	0	0	0	0	0	0	0	0	0	0	0	0	0	0	0	0	0	0	0	0	0	0	0	0	0	0	0	0	0	500	0	0	0	500	0	0	0	0	0	0	0	0	0	0	0	0	0	0	0	0	0	0	0	0	0	0	0	0	500	0	0	0	0	0	0	0	500	0	0	0	0	0	0	0	0	0	0	0	0	0	0	
0	0	0	0	0	0	0	0	0	0	500	0	0	0	0	0	0	0	0	500	500	0	500	0	0	0	0	0	0	0	0	0	0	0	0	0	0	0	0	0	0	0	0	0	0	0	0	0	0	0	0	0	0	0	0	0	0	0	0	0	0	0	0	0	0	0	0	0	0	0	0	0	0	0	0	0	0	0	0	0	0	0	0	0	0	0	0	0	0	0	0	0	0	0	0	0	0	0	0	0	0	0	0	0	0	0	0	0	0	0	0	0	0	0	0	0	0	0	0	0	
0	0	0	500	0	500	0	0	0	0	0	0	0	0	0	0	0	0	0	0	0	0	0	0	0	0	0	0	0	0	0	0	0	0	0	0	0	0	0	0	0	0	0	0	0	500	0	0	0	0	0	0	0	0	0	0	0	0	0	0	0	0	0	0	0	0	0	0	0	0	0	0	0	0	0	0	0	0	0	0	0	0	0	0	0	0	0	0	0	0	0	0	0	500	0	0	0	0	0	0	0	0	0	0	0	0	0	0	0	0	0	0	0	0	0	0	0	0	0	0	
0	0	0	0	0	0	0	0	0	0	0	0	0	500	0	0	0	0	0	0	0	0	0	0	0	0	0	0	0	0	0	0	0	0	0	0	0	0	0	0	0	0	0	0	0	0	0	500	0	0	500	0	0	0	0	0	0	0	0	0	0	0	0	0	0	0	0	0	0	0	0	0	0	0	0	0	0	0	0	0	0	0	0	0	500	0	0	0	0	0	0	0	0	0	0	0	0	0	0	0	0	0	0	0	0	0	0	0	0	0	0	0	0	0	0	0	0	0	0	0	
0	0	0	0	0	0	0	0	0	0	0	0	0	0	0	0	0	0	0	0	500	0	0	0	0	0	0	0	0	0	0	0	0	0	0	0	0	0	0	0	0	0	0	0	0	0	0	0	0	0	0	0	0	0	0	0	0	0	0	0	0	0	0	0	500	0	0	0	0	0	0	0	0	0	0	0	0	0	0	0	0	0	0	0	0	0	0	0	0	0	0	0	0	0	0	0	0	0	500	0	0	0	0	0	0	0	0	0	0	0	0	0	0	0	0	0	0	0	0	500	
0	0	0	0	0	0	0	0	0	0	0	0	0	0	0	0	0	0	0	0	0	0	0	0	0	0	0	0	0	0	0	0	0	0	0	0	0	0	0	0	500	0	0	0	0	0	0	0	500	0	0	0	0	0	0	0	0	0	0	0	0	0	0	0	0	0	0	0	0	0	0	0	0	0	0	0	0	0	0	0	0	0	0	0	0	0	0	0	0	0	0	0	0	0	0	0	0	0	0	0	0	0	0	0	0	0	0	0	0	0	0	0	0	0	0	0	0	500	500	0	
500	0	0	0	0	0	0	0	0	0	0	0	500	0	0	0	0	0	0	0	0	0	0	0	0	0	0	0	0	0	0	0	500	0	0	0	0	0	0	0	0	0	0	0	0	0	0	0	0	0	0	0	0	0	0	0	0	0	0	0	0	0	500	0	0	0	0	0	0	0	0	0	0	0	0	0	0	0	0	0	0	0	0	0	0	0	0	0	0	0	0	0	0	0	0	0	0	0	0	0	0	0	0	0	0	0	0	0	0	0	0	0	0	0	0	0	0	0	0	0	
0	500	0	0	0	0	0	0	0	0	0	0	0	0	0	0	0	0	0	0	0	0	0	0	0	0	0	0	0	0	0	0	0	0	0	0	0	0	500	0	0	0	0	0	0	0	0	0	0	500	0	0	0	0	0	0	0	0	0	0	0	0	0	0	0	0	0	0	0	0	0	0	0	0	0	0	0	0	0	0	0	0	0	0	0	0	0	0	0	0	0	0	0	0	0	0	0	0	0	0	500	0	0	0	0	0	0	0	0	0	0	0	0	0	0	0	0	0	0	0	
0	0	0	0	0	0	0	0	0	0	0	0	0	0	0	500	0	0	0	0	0	0	0	0	0	0	0	0	0	0	0	500	0	0	0	0	0	0	0	0	0	0	0	0	0	0	0	0	0	0	0	0	0	0	0	0	0	0	0	0	0	0	0	0	0	0	0	0	500	0	0	0	0	0	0	0	0	0	0	0	0	0	0	0	0	0	0	0	0	0	0	0	0	0	0	0	0	0	0	0	0	0	0	0	0	0	0	500	0	0	0	0	0	0	0	0	0	0	0	0	
0	0	0	0	0	0	0	0	500	0	0	0	0	0	0	0	0	0	0	0	0	0	0	0	0	0	0	0	0	0	0	0	0	0	0	0	0	0	0	0	0	0	500	0	0	0	0	0	0	0	0	0	0	500	0	500	0	0	0	0	0	0	0	0	0	0	0	0	0	0	0	0	0	0	0	0	0	0	0	0	0	0	0	0	0	0	0	0	0	0	0	0	0	0	0	0	0	0	0	0	0	0	0	0	0	0	0	0	0	0	0	0	0	0	0	0	0	0	0	0	
0	0	0	0	0	0	0	0	0	0	0	0	0	0	0	0	0	0	0	0	0	0	0	0	0	0	500	0	0	0	0	0	0	0	0	0	0	0	0	0	0	0	0	0	0	0	0	0	0	0	0	0	0	0	0	0	0	0	500	0	0	0	0	0	0	0	500	0	0	0	0	0	500	0	0	0	0	0	0	0	0	0	0	0	0	0	0	0	0	0	0	0	0	0	0	0	0	0	0	0	0	0	0	0	0	0	0	0	0	0	0	0	0	0	0	0	0	0	0	0	
0	0	0	0	0	0	0	0	0	0	0	0	0	0	0	0	0	0	0	0	0	0	0	0	0	0	0	0	0	0	0	0	0	0	0	0	0	0	0	0	0	0	0	0	0	0	0	500	0	0	0	0	0	0	0	0	0	0	0	0	0	0	0	0	0	0	0	0	0	0	0	0	0	0	0	0	0	0	0	0	0	500	0	0	0	0	0	0	0	0	0	0	0	0	500	0	0	0	0	0	0	0	0	0	0	0	0	0	0	0	500	0	0	0	0	0	0	0	0	0	
0	0	0	0	500	0	0	0	0	0	0	0	0	0	0	0	0	0	0	0	0	0	0	0	0	0	0	0	0	0	0	0	0	0	0	0	0	0	0	0	500	0	0	0	0	0	0	0	0	0	0	0	0	0	0	0	0	0	0	0	0	0	0	0	0	0	0	0	0	0	0	0	0	0	0	0	0	0	0	0	0	0	0	0	0	500	0	0	500	0	0	0	0	0	0	0	0	0	0	0	0	0	0	0	0	0	0	0	0	0	0	0	0	0	0	0	0	0	0	0	
0	500	0	0	0	0	0	0	0	0	0	0	0	0	0	0	0	0	0	0	0	0	0	0	0	0	0	0	0	0	0	500	0	500	0	0	0	0	0	0	0	0	0	0	0	0	0	0	0	0	0	0	0	0	0	0	0	0	0	0	0	0	0	0	0	0	0	0	0	0	0	0	0	0	0	0	0	500	0	0	0	0	0	0	0	0	0	0	0	0	0	0	0	0	0	0	0	0	0	0	0	0	0	0	0	0	0	0	0	0	0	0	0	0	0	0	0	0	0	0	
0	0	0	0	0	0	0	0	0	0	0	0	0	0	0	0	0	0	0	0	0	0	0	0	0	0	500	0	0	0	0	0	0	0	0	0	0	0	0	0	0	0	0	0	0	0	0	0	0	0	0	0	0	0	0	0	0	0	500	0	0	0	0	0	0	0	0	0	500	0	0	0	0	0	0	0	0	0	0	0	0	0	0	0	0	0	0	0	0	0	0	0	0	0	0	0	0	500	0	0	0	0	0	0	0	0	0	0	0	0	0	0	0	0	0	0	0	0	0	0	
0	0	0	0	0	0	0	0	0	0	0	0	0	0	0	0	0	500	0	0	0	500	0	0	0	0	0	0	0	0	0	0	0	0	500	0	0	0	0	0	0	0	0	0	0	0	0	0	0	0	0	0	0	0	0	0	0	0	0	0	0	0	0	0	0	0	0	0	0	0	0	0	0	0	0	0	0	0	0	0	0	0	0	0	0	0	0	0	0	0	0	0	0	0	0	0	0	0	0	0	0	0	0	0	0	0	0	0	0	0	0	0	0	500	0	0	0	0	0	0	
0	0	0	0	0	0	0	0	0	0	0	0	0	0	0	0	0	0	0	0	0	0	0	0	0	0	0	0	0	0	0	0	0	0	0	0	0	0	0	0	0	0	0	500	0	0	0	0	0	0	0	500	0	0	0	500	0	0	0	0	0	0	0	0	0	0	0	0	0	0	0	0	0	0	0	0	0	0	0	0	0	0	0	0	0	0	0	0	0	0	0	0	0	0	0	0	500	0	0	0	0	0	0	0	0	0	0	0	0	0	0	0	0	0	0	0	0	0	0	0	
0	0	0	0	0	0	0	0	0	0	0	500	0	0	0	0	0	0	0	0	0	0	0	0	0	0	0	0	0	0	0	0	0	0	0	0	500	0	0	0	0	0	0	0	0	0	0	0	0	0	0	0	0	0	0	0	0	0	0	0	0	0	0	0	0	0	0	0	0	0	0	0	0	0	0	0	0	0	0	0	0	0	0	0	0	0	0	0	0	0	0	0	0	0	0	0	0	0	0	0	0	0	0	0	0	0	0	0	0	0	0	0	0	0	0	500	500	0	0	0	
0	0	0	0	0	0	0	0	0	0	0	0	0	0	0	0	0	0	0	0	0	0	0	0	500	0	0	0	0	0	0	0	0	0	0	0	0	0	0	0	0	0	0	0	0	0	0	0	0	0	0	0	0	0	0	0	0	0	0	0	0	0	0	0	0	0	0	0	0	0	0	0	0	0	0	0	0	0	0	0	0	0	0	500	0	0	0	0	0	500	0	0	0	0	0	500	0	0	0	0	0	0	0	0	0	0	0	0	0	0	0	0	0	0	0	0	0	0	0	0	
0	0	0	0	0	0	0	0	0	0	0	0	0	0	0	500	0	0	0	0	0	0	0	0	0	0	0	0	0	0	0	0	0	500	0	0	0	0	0	0	0	0	0	0	0	0	0	0	0	0	0	0	0	0	0	0	0	0	0	0	0	0	0	0	0	0	0	0	0	0	0	500	0	0	0	0	0	0	0	0	500	0	0	0	0	0	0	0	0	0	0	0	0	0	0	0	0	0	0	0	0	0	0	0	0	0	0	0	0	0	0	0	0	0	0	0	0	0	0	0	
0	0	0	0	0	0	500	0	0	500	0	0	0	0	0	0	0	0	0	0	0	0	0	0	0	500	0	0	0	0	0	0	0	0	0	0	0	0	0	0	0	0	0	0	0	0	0	0	0	0	0	0	0	0	0	0	0	0	0	0	0	0	0	0	0	0	0	0	0	0	0	0	0	0	0	0	0	0	0	0	0	0	0	0	0	0	0	0	0	0	0	0	0	0	0	0	0	0	0	0	0	0	0	0	0	0	0	0	500	0	0	0	0	0	0	0	0	0	0	0	
0	0	0	0	0	0	0	0	0	0	0	0	0	0	0	0	500	0	0	0	0	0	0	0	0	0	0	0	500	0	0	0	0	0	0	0	0	500	0	0	0	0	0	0	0	0	0	0	0	0	0	0	0	0	0	0	500	0	0	0	0	0	0	0	0	0	0	0	0	0	0	0	0	0	0	0	0	0	0	0	0	0	0	0	0	0	0	0	0	0	0	0	0	0	0	0	0	0	0	0	0	0	0	0	0	0	0	0	0	0	0	0	0	0	0	0	0	0	0	0	
0	0	0	0	0	0	0	0	0	0	0	0	0	0	0	0	0	0	0	0	0	0	0	0	0	0	0	500	0	0	0	0	0	0	0	500	0	0	0	0	0	0	0	0	0	0	0	0	0	0	0	0	0	0	0	0	0	0	0	0	0	0	0	0	0	0	0	0	0	0	0	0	0	0	0	0	0	500	0	0	0	0	0	0	0	0	0	0	0	0	0	0	0	0	0	0	0	0	0	0	0	500	0	0	0	0	0	0	0	0	0	0	0	0	0	0	0	0	0	0	
0	0	0	0	0	0	0	0	0	0	0	0	0	0	0	0	0	0	0	0	0	0	0	0	0	0	0	0	0	0	0	0	0	0	0	0	0	0	0	0	0	0	0	0	500	0	500	0	0	0	0	0	0	0	0	0	0	0	0	0	0	0	0	0	0	0	0	0	0	500	0	0	0	0	0	0	0	0	0	0	0	0	0	500	0	0	0	0	0	0	0	0	0	0	0	0	0	0	0	0	0	0	0	0	0	0	0	0	0	0	0	0	0	0	0	0	0	0	0	0	
0	0	500	0	0	0	0	0	0	0	0	0	0	0	0	0	0	0	0	0	0	0	0	0	0	0	0	0	0	0	0	0	0	0	0	0	0	0	0	0	0	0	0	0	0	0	0	0	0	0	0	0	0	0	0	0	0	0	0	0	0	0	0	0	0	0	0	0	0	0	0	0	0	0	0	0	0	0	0	0	0	0	0	0	0	500	500	500	0	0	0	0	0	0	0	0	0	0	0	0	0	0	0	0	0	0	0	0	0	0	0	0	0	0	0	0	0	0	0	0	
0	0	0	0	0	0	0	0	0	0	0	0	0	0	0	0	0	0	0	0	0	0	0	0	0	0	0	0	0	0	0	0	0	0	0	0	0	0	0	0	0	0	0	0	500	0	0	0	0	0	0	0	0	0	0	0	0	0	0	0	0	0	0	0	0	0	0	0	0	0	0	0	0	0	0	0	500	0	0	0	0	500	0	0	0	0	0	0	0	500	0	0	0	0	0	0	0	0	0	0	0	0	0	0	0	0	0	0	0	0	0	0	0	0	0	0	0	0	0	0	
0	0	0	0	0	0	0	0	0	0	0	0	0	500	0	0	0	0	0	0	0	0	0	0	0	0	0	0	0	0	0	0	0	0	0	0	0	0	0	0	0	0	0	0	0	0	0	0	0	0	500	0	0	0	0	0	0	500	0	0	0	500	0	0	0	0	0	0	0	0	0	0	0	0	0	0	0	0	0	0	0	0	0	0	0	0	0	0	0	0	0	0	0	0	0	0	0	0	0	0	0	0	0	0	0	0	0	0	0	0	0	0	0	0	0	0	0	0	0	0	
0	0	0	0	500	0	0	0	0	0	0	0	0	0	0	0	0	0	0	0	0	0	0	0	0	0	0	0	0	0	0	0	0	0	0	0	0	0	0	0	0	0	0	0	0	0	0	0	0	0	0	0	0	0	0	0	0	500	0	0	0	0	0	0	0	0	0	0	0	0	500	0	0	0	0	0	0	0	0	0	0	0	500	0	0	0	0	0	0	0	0	0	0	0	0	0	0	0	0	0	0	0	0	0	0	0	0	0	0	0	0	0	0	0	0	0	0	0	0	0	
0	0	0	0	0	0	0	0	0	0	0	0	0	0	0	0	0	0	0	0	0	0	0	0	0	0	0	0	0	0	0	0	500	0	0	0	0	0	0	0	0	0	0	0	0	0	0	0	0	0	0	0	0	0	0	0	0	0	0	0	0	0	0	0	0	0	0	0	0	0	0	0	0	0	0	0	0	0	0	0	0	0	500	0	0	0	0	0	0	0	0	0	0	0	0	0	0	500	0	0	0	0	0	500	0	0	0	0	0	0	0	0	0	0	0	0	0	0	0	0	
0	0	0	0	0	0	0	0	0	0	0	0	0	0	0	0	0	0	0	0	0	0	0	0	0	0	0	0	0	0	0	0	0	0	0	0	0	0	0	0	0	500	0	0	0	0	0	0	0	0	0	0	0	0	0	0	0	0	0	0	0	0	0	0	0	0	0	0	0	0	0	0	0	0	0	0	0	0	0	0	0	0	500	0	0	0	0	0	0	0	0	0	0	0	0	0	0	0	0	0	0	0	0	0	0	0	0	0	500	0	0	0	0	0	0	0	500	0	0	0	
0	0	0	0	500	0	0	0	0	0	0	0	0	0	0	0	0	0	0	0	0	0	0	0	0	0	0	0	0	0	0	0	0	0	0	0	0	0	0	0	500	0	0	0	0	0	0	0	0	0	0	0	0	0	500	0	0	0	0	0	0	0	0	0	0	0	0	0	0	0	500	0	0	0	0	0	0	0	0	0	0	0	0	0	0	0	0	0	0	0	0	0	0	0	0	0	0	0	0	0	0	0	0	0	0	0	0	0	0	0	0	0	0	0	0	0	0	0	0	0	
0	0	0	0	0	0	0	0	0	0	0	0	0	0	0	0	0	0	0	0	0	0	0	0	0	0	0	0	0	0	0	0	0	0	0	0	0	0	0	0	0	0	0	0	500	0	500	0	0	0	0	0	0	0	0	0	0	0	0	0	0	0	0	0	0	0	0	0	0	0	0	0	0	0	0	0	500	0	0	0	0	0	0	500	0	0	0	0	0	0	0	0	0	0	0	0	0	0	0	0	0	0	0	0	0	0	0	0	0	0	0	0	0	0	0	0	0	0	0	0	
0	0	0	0	0	0	0	500	0	0	0	0	0	0	500	0	0	0	0	0	0	0	0	0	0	0	0	0	0	0	0	0	0	0	0	0	0	0	0	0	0	0	0	500	0	0	0	0	0	0	0	500	0	0	0	0	0	0	0	0	0	0	0	0	0	0	0	0	0	0	0	0	0	0	0	0	0	0	0	0	0	0	0	0	0	0	0	0	0	0	0	0	0	0	0	0	0	0	0	0	0	0	0	0	0	0	0	0	0	0	0	0	0	0	0	0	0	0	0	0	
0	0	0	0	0	0	0	0	0	0	0	0	0	0	0	0	0	500	0	0	0	0	0	0	500	0	0	0	0	500	0	0	0	0	500	0	0	0	0	0	0	0	0	0	0	0	0	0	0	0	0	0	0	0	0	0	0	0	0	0	0	0	0	0	0	0	0	0	0	0	0	0	0	0	0	0	0	0	0	0	0	0	0	0	0	0	0	0	0	0	0	0	0	0	0	0	0	0	0	0	0	0	0	0	0	0	0	0	0	0	0	0	0	0	0	0	0	0	0	0	
0	0	0	0	0	0	0	0	500	0	0	0	0	0	0	0	0	0	0	0	0	0	0	0	0	0	0	0	0	0	0	0	0	0	0	0	0	0	0	0	0	0	500	0	0	0	0	0	0	0	0	0	0	500	0	500	0	0	0	0	0	0	0	0	0	0	0	0	0	0	0	0	0	0	0	0	0	0	0	0	0	0	0	0	0	0	0	0	0	0	0	0	0	0	0	0	0	0	0	0	0	0	0	0	0	0	0	0	0	0	0	0	0	0	0	0	0	0	0	0	
0	0	0	0	0	0	500	0	0	0	0	0	0	0	0	0	0	0	500	0	0	0	0	0	0	0	0	0	0	0	0	0	0	0	0	0	0	0	0	0	0	0	0	0	0	500	0	0	0	0	0	0	0	0	0	0	0	0	0	0	500	0	0	0	0	0	0	0	0	0	0	0	0	0	0	0	0	0	0	0	0	0	0	0	0	0	0	0	0	0	0	0	0	0	0	0	0	0	0	0	0	0	0	0	0	0	0	0	0	0	0	0	0	0	0	0	0	0	0	0	
0	0	0	0	0	0	0	0	500	0	0	0	0	0	0	0	0	0	0	0	0	0	0	0	0	0	0	0	0	0	0	0	0	0	0	0	0	0	0	0	0	0	0	0	0	0	0	500	0	0	0	0	0	0	0	0	0	0	0	0	0	0	0	0	0	0	0	0	0	500	0	0	0	0	0	0	0	0	0	0	0	0	0	0	0	0	0	0	0	0	0	0	0	0	0	0	500	0	0	0	0	0	0	0	0	0	0	0	0	0	0	0	0	0	0	0	0	0	0	0	
0	0	0	0	0	0	0	0	0	0	0	0	0	0	0	0	0	0	0	0	0	0	0	0	0	0	0	0	0	0	0	0	0	0	0	0	0	0	0	0	0	0	0	0	0	0	0	0	0	0	0	0	0	0	0	0	0	0	0	0	0	0	0	0	0	0	0	0	0	0	0	0	0	0	0	0	500	0	0	0	0	0	0	0	0	0	0	0	0	0	0	0	0	0	0	0	0	0	0	500	0	0	0	0	0	0	0	0	0	0	500	0	500	0	0	0	0	0	0	0	
0	0	0	0	0	0	0	0	500	0	0	0	0	0	0	0	0	0	0	0	0	0	0	0	0	0	0	0	0	0	0	0	0	0	0	0	0	0	0	0	0	0	0	0	0	0	0	0	0	0	0	0	0	0	0	0	0	0	0	0	0	0	0	0	0	0	0	0	0	0	0	0	0	0	500	0	0	0	0	0	0	0	0	0	0	0	0	0	0	0	0	0	0	0	500	0	0	0	0	0	0	0	0	0	0	500	0	0	0	0	0	0	0	0	0	0	0	0	0	0	
0	0	0	0	0	0	0	0	0	0	0	0	0	0	0	0	0	0	0	0	0	0	0	0	0	0	0	0	0	0	0	0	0	0	0	0	0	0	0	0	0	0	0	0	0	0	0	0	0	0	0	0	0	0	0	0	0	0	500	0	0	0	0	0	0	0	0	0	0	0	0	0	500	0	0	0	0	0	0	0	0	0	0	0	0	0	500	0	0	0	0	0	0	0	0	0	0	0	0	0	0	0	0	0	0	500	0	0	0	0	0	0	0	0	0	0	0	0	0	0	
500	0	0	0	0	0	0	0	0	0	0	0	500	0	0	0	0	0	0	0	0	0	0	0	0	0	0	0	0	0	0	0	0	0	0	500	0	0	0	0	0	0	0	0	0	0	0	0	0	0	0	0	0	0	0	0	0	0	0	0	0	0	500	0	0	0	0	0	0	0	0	0	0	0	0	0	0	0	0	0	0	0	0	0	0	0	0	0	0	0	0	0	0	0	0	0	0	0	0	0	0	0	0	0	0	0	0	0	0	0	0	0	0	0	0	0	0	0	0	0	
0	0	0	0	0	0	0	0	0	0	0	0	0	0	0	0	0	0	0	0	0	0	0	0	0	0	0	0	0	0	0	0	0	0	0	0	0	0	0	0	0	0	0	0	0	0	0	0	500	0	0	0	0	0	0	0	0	0	0	0	0	0	0	0	0	0	0	0	0	0	0	0	0	0	0	0	0	0	0	0	0	0	0	0	0	0	0	0	0	0	0	0	0	0	0	500	0	0	0	0	0	0	0	0	0	0	0	0	0	0	0	0	500	0	0	0	0	500	0	0	
0	0	0	0	0	0	0	0	0	0	0	0	0	0	0	0	0	0	0	0	0	0	0	0	0	0	0	0	0	0	0	0	0	0	0	0	0	0	0	0	0	0	0	0	0	0	0	0	0	500	0	0	0	0	0	0	0	0	0	0	0	0	0	0	0	500	0	0	0	0	0	0	0	0	0	0	0	0	0	0	0	0	0	0	0	0	0	0	0	0	0	0	0	0	0	0	0	0	0	0	0	500	0	0	0	500	0	0	0	0	0	0	0	0	0	0	0	0	0	0	
0	0	0	0	0	0	0	0	0	0	0	0	0	0	0	0	0	0	0	0	0	0	0	0	0	0	0	500	0	0	0	0	0	0	0	500	0	0	0	0	0	0	0	0	0	0	0	0	0	0	0	0	0	0	0	0	0	0	0	0	0	0	0	0	0	0	0	0	0	0	0	0	0	0	0	0	0	0	0	0	500	0	0	0	0	0	0	0	0	0	0	0	0	0	0	0	0	0	0	0	500	0	0	0	0	0	0	0	0	0	0	0	0	0	0	0	0	0	0	0	
0	0	0	500	0	0	0	0	0	0	0	0	0	0	0	0	0	0	0	0	0	0	0	0	0	0	0	0	0	0	0	0	0	0	0	0	0	0	0	0	0	0	0	0	0	0	0	0	0	0	0	0	0	0	0	0	0	0	0	0	0	0	0	0	0	0	0	0	0	0	0	0	0	0	0	0	0	0	0	0	0	0	0	0	0	0	0	0	0	0	0	0	0	0	0	0	0	0	0	0	0	0	0	0	0	0	0	0	0	500	0	0	0	500	0	0	500	0	0	0	
0	0	0	0	0	0	0	0	0	0	0	0	0	0	0	0	0	0	0	0	0	0	0	0	0	0	0	0	0	0	0	0	0	0	0	0	0	0	0	0	0	0	0	0	0	0	0	0	0	0	0	0	0	0	0	0	0	0	0	0	0	0	0	0	0	0	0	0	0	0	0	0	0	0	0	0	0	0	0	0	0	0	0	0	0	0	500	0	0	0	0	0	0	0	0	0	0	0	0	0	0	0	0	0	500	0	0	0	0	0	0	0	0	0	0	0	0	500	500	0	
0	0	0	0	0	0	0	0	0	0	0	0	0	0	0	0	0	0	0	0	0	0	0	0	0	0	0	500	0	0	0	0	0	0	0	0	0	500	0	0	0	0	0	0	0	0	0	0	0	0	0	0	0	0	0	0	0	0	0	0	0	0	0	0	0	0	0	0	0	0	0	0	0	0	0	0	0	0	0	0	0	0	0	0	0	0	0	0	0	0	0	0	0	0	0	0	0	0	0	0	0	0	0	500	0	0	0	0	0	500	0	0	0	0	0	0	0	0	0	0	
0	0	0	0	0	0	0	0	0	0	0	0	0	0	0	0	0	0	0	0	0	0	0	0	0	0	0	0	0	0	0	0	0	0	0	0	0	0	0	0	0	0	0	0	0	0	0	0	0	0	0	0	0	0	0	0	0	0	500	0	0	0	0	0	0	0	0	0	0	0	0	0	0	0	0	0	0	0	0	0	0	0	0	0	0	0	0	0	0	0	0	0	0	0	0	0	500	500	0	0	500	0	0	0	0	0	0	0	0	0	0	0	0	0	0	0	0	0	0	0	
0	0	0	0	0	0	0	0	0	0	0	0	0	0	0	0	500	0	0	0	0	0	0	0	0	0	0	0	500	0	0	0	0	0	0	0	0	500	0	0	0	0	0	0	0	0	0	0	0	0	0	0	0	0	0	0	500	0	0	0	0	0	0	0	0	0	0	0	0	0	0	0	0	0	0	0	0	0	0	0	0	0	0	0	0	0	0	0	0	0	0	0	0	0	0	0	0	0	0	0	0	0	0	0	0	0	0	0	0	0	0	0	0	0	0	0	0	0	0	0	
0	0	0	0	0	0	0	0	0	0	0	0	0	0	0	500	0	0	0	0	0	0	0	0	0	0	0	0	0	0	0	500	0	500	0	0	0	0	0	0	0	0	0	0	0	0	0	0	0	0	0	0	0	0	0	0	0	0	0	0	0	0	0	0	0	0	500	0	0	0	0	0	0	0	0	0	0	0	0	0	0	0	0	0	0	0	0	0	0	0	0	0	0	0	0	0	0	0	0	0	0	0	0	0	0	0	0	0	0	0	0	0	0	0	0	0	0	0	0	0	
0	0	0	0	0	0	0	0	0	500	0	0	0	0	0	0	0	0	0	0	0	0	0	0	0	500	0	0	0	0	0	0	0	0	0	0	0	0	0	0	0	0	0	0	0	0	0	0	0	0	0	0	0	0	0	0	0	0	0	0	0	0	0	0	0	0	0	0	0	0	0	0	0	0	0	0	0	0	500	0	0	0	0	0	0	0	0	500	0	0	0	0	0	0	0	0	0	0	0	0	0	0	0	0	0	0	0	0	0	0	0	0	0	0	0	0	0	0	0	0	
0	0	0	0	0	0	0	0	0	0	0	0	0	0	0	0	0	0	0	0	0	0	0	0	500	0	0	0	0	0	0	0	0	0	0	0	0	0	0	0	0	0	0	0	0	0	0	0	0	0	0	0	0	0	0	0	0	0	0	0	0	0	0	0	0	0	0	0	0	0	0	0	0	0	0	0	0	0	0	0	0	0	0	0	0	0	0	0	0	0	0	0	0	0	0	0	0	0	0	0	0	0	500	0	500	0	0	0	0	0	500	0	0	0	0	0	0	0	0	0	
0	0	0	0	0	0	0	0	0	0	0	0	0	0	0	0	0	0	0	0	0	0	0	0	0	0	0	0	0	0	0	0	0	0	0	0	0	0	0	0	0	0	500	0	0	0	0	0	0	0	0	0	0	0	0	0	0	0	0	0	0	0	0	0	0	0	0	0	0	500	0	0	0	0	0	0	0	0	0	0	0	0	0	0	0	0	0	0	0	0	0	0	0	0	0	500	0	0	0	0	0	0	0	0	0	0	0	0	0	500	0	0	0	0	0	0	0	0	0	0	
0	0	500	0	0	0	0	0	0	0	0	0	0	0	0	0	0	0	0	0	0	0	0	500	0	0	0	0	0	0	0	0	0	0	0	0	0	0	0	0	0	500	0	0	0	0	0	0	0	0	0	0	500	0	0	0	0	0	0	0	0	0	0	0	0	0	0	0	0	0	0	0	0	0	0	0	0	0	0	0	0	0	0	0	0	0	0	0	0	0	0	0	0	0	0	0	0	0	0	0	0	0	0	0	0	0	0	0	0	0	0	0	0	0	0	0	0	0	0	0	
0	0	0	0	0	0	0	0	0	0	0	0	0	0	0	0	0	0	0	0	0	500	0	0	0	0	0	0	0	0	0	0	0	0	0	0	0	0	0	0	0	0	0	0	0	0	0	500	0	0	0	0	0	0	0	0	0	0	0	0	0	0	0	0	0	0	0	0	0	0	0	0	0	0	0	0	0	0	0	0	0	0	0	0	0	0	0	0	0	0	0	0	0	0	0	500	0	0	0	500	0	0	0	0	0	0	0	0	0	0	0	0	0	0	0	0	0	0	0	0	
0	0	0	500	0	0	0	0	0	0	0	0	0	0	0	0	0	0	0	0	0	0	0	0	0	0	0	0	0	0	0	0	0	0	500	0	0	0	0	0	0	0	0	0	0	0	0	0	0	0	0	0	0	0	0	0	0	0	0	0	0	0	0	0	0	0	0	0	0	0	0	0	0	500	0	0	0	0	0	0	0	0	0	0	0	0	0	0	0	0	0	0	0	0	0	0	0	0	0	0	0	0	500	0	0	0	0	0	0	0	0	0	0	0	0	0	0	0	0	0	
0	0	0	0	0	0	0	500	0	0	0	0	0	0	500	0	0	0	0	0	0	0	0	0	0	0	0	0	0	0	500	0	0	0	0	0	0	0	0	500	0	0	0	0	0	0	0	0	0	0	0	0	0	0	0	0	0	0	0	0	0	0	0	0	0	0	0	0	0	0	0	0	0	0	0	0	0	0	0	0	0	0	0	0	0	0	0	0	0	0	0	0	0	0	0	0	0	0	0	0	0	0	0	0	0	0	0	0	0	0	0	0	0	0	0	0	0	0	0	0	
0	0	0	0	0	0	0	0	0	0	0	500	0	0	0	0	0	0	0	0	0	0	0	0	0	0	0	0	0	0	0	0	0	0	0	0	500	0	0	0	0	0	0	0	0	0	0	0	0	0	0	0	0	0	500	0	0	0	0	0	0	0	0	0	0	0	0	0	0	0	0	0	0	0	0	500	0	0	0	0	0	0	0	0	0	0	0	0	0	0	0	0	0	0	0	0	0	0	0	0	0	0	0	0	0	0	0	0	0	0	0	0	0	0	0	0	0	0	0	0	
0	0	0	0	0	500	0	0	0	0	0	0	0	0	0	0	0	0	0	0	0	0	0	0	0	0	0	0	0	0	0	0	0	0	0	0	0	0	0	0	0	0	0	0	0	0	0	0	0	0	0	0	0	0	0	0	0	0	0	0	0	0	0	0	0	0	0	0	0	0	0	0	0	0	0	500	0	0	0	0	0	0	0	0	0	0	0	500	0	0	0	0	0	0	0	0	0	0	0	0	0	0	500	0	0	0	0	0	0	0	0	0	0	0	0	0	0	0	0	0	
0	0	0	0	0	0	0	0	0	0	0	0	0	0	0	0	0	0	0	0	0	0	0	0	0	0	0	0	0	0	0	0	0	0	0	0	0	0	0	0	0	0	0	0	0	0	0	0	500	0	0	0	0	0	0	0	0	0	0	0	0	0	0	500	0	0	0	0	0	0	0	0	0	0	0	0	0	0	0	0	0	0	0	0	0	0	0	0	0	0	0	0	0	0	0	0	0	0	0	500	0	0	0	500	0	0	0	0	0	0	0	0	0	0	0	0	0	0	0	0	
0	0	0	0	0	0	0	0	0	0	0	0	0	0	0	0	0	0	0	0	0	0	0	0	0	0	0	0	0	0	0	0	0	0	0	0	0	0	0	0	500	0	0	0	0	0	0	0	500	0	0	0	0	0	0	0	0	0	0	0	0	0	0	500	0	0	0	0	0	0	0	0	0	0	0	0	0	0	0	0	0	0	0	0	0	0	0	0	0	0	0	0	0	0	0	0	0	0	0	0	0	0	0	500	0	0	0	0	0	0	0	0	0	0	0	0	0	0	0	0	
500	0	0	0	0	0	0	0	0	0	0	0	0	0	0	0	0	0	0	0	500	0	0	0	0	0	0	0	0	0	0	0	500	0	0	0	0	0	0	0	0	0	0	0	0	0	0	0	0	0	0	0	0	0	0	0	0	0	0	0	0	0	500	0	0	0	0	0	0	0	0	0	0	0	0	0	0	0	0	0	0	0	0	0	0	0	0	0	0	0	0	0	0	0	0	0	0	0	0	0	0	0	0	0	0	0	0	0	0	0	0	0	0	0	0	0	0	0	0	0	
83	65	46	94	22	15	34	100	83	113	113	40	71	22	50	26	102	9	57	28	102	48	11	77	3	8	5	50	51	86	60	31	27	55	78	9	71	48	62	77	29	46	43	17	114	37	33	106	18	44	21	108	99	102	116	68	106	65	43	39	99	106	71	3	52	86	110	101	49	106	44	96	104	3	21	51	22	102	72	27	39	23	33	68	89	29	46	3	105	59	58	30	91	16	116	65	85	95	7	17	100	14	98	60	108	50	41	38	83	31	9	45	94	20	79	37	1	101	97	74	34	31	88	4	83	56	0	100	109	9	104	69	9	50	60	38	89	108	19	65	4	24	23	79	116	8	48	105	35	100	104	32	96	29	39	4	54	85	23	79	36	52	81	98	117	68	101	94	57	20	109	52	41	71	33	21	14	46	75	57	105	57	115	74	3	41	11	1	101	15	36	39	112	93	86	53	30	3	51	108	46	90	75	84	34	108	64	55	108	97	107	102	108	2	84	50	106	105	68	84	97	6	101	76	81	34	72	37	115	119	102	38	56	93	87	1	105	37	60	31	47	65	95	96	28	96	57	55	55	6	34	107	59	89	44	38	79	36	96	1	118	96	78	109	95	76	103	35	13	11	85	43	72	101	89	8	1	116	107	49	97	16	85	48	89	50	48	29	106	4	108	59	53	86	34	33	44	65	53	18	118	62	75	61	69	7	40	52	19	108	51	24	96	47	45	105	84	48	48	9	34	88	45	0	108	106	22	103	42	23	68	88	115	60	84	113	53	96	91	47	85	71	78	14	95	110	67	92	42	113	94	69	25	39	13	62	33	20	43	46	97	53	63	119	36	87	93	25	1	87	59	30	58	105	92	70	47	20	103	27	116	60	24	101	101	78	85	86	56	55	65	6	89	108	59	8	87	34	24	9	53	30	115	71	1	29	3	70	96	4	116	44	79	64	19	118	98	30	94	23	47	3	1	63	107	68	1	81	18	38	35	26	75	78	61	24	33	114	107	96	114	101	26	110	35	21	7	95	0	31	80	89	119	112	49	73	37	93	55	59	55	12	72	45	73	16	72	83	26	23	100	114	109	94	25	57	96	75	52	2	55	1	107	12	25	62	2	4	1	88	34	75	89	43	35	55	88	115	95	85	102	50	45	47	100	1	64	54	75	17	8	58	27	3	103	52	6	8	44	22	116	97	42	0	48	23	41	68	40	83	66	18	104	45	23	68	96	104	47	58	8	108	53	53	97	1	97	31	62	106	60	65	14	62	112	50	19	16	29	46	86	55	11	68	95	110	45	69	56	68	84	114	82	43	119	14	77	21	41	55	115	9	34	88	77	33	99	90	19	54	69	101	104	73	1	106	99	59	41	51	5	61	117	96	81	112	38	35	110	109	5	12	69	117	28	85	65	64	58	102	73	73	10	81	7	72	108	118	3	61	113	118	80	19	3	107	13	2	18	101	99	82	70	102	53	109	11	39	18	69	87	79	75	113	36	114	43	92	60	86	65	45	79	14	47	94	38	19	22	0	2	55	118	9	10	1	109	16	13	118	17	115	72	57	15	15	15	32	12	74	23	79	48	65	15	86	62	38	104	39	119	116	26	109	66	70	89	58	57	20	77	10	17	11	72	7	90	96	63	27	94	27	22	107	90	5	42	60	45	1	61	52	108	57	8	31	115	14	28	13	8	54	71	118	5	62	54	65	46	5	36	28	114	16	44	75	33	84	40	85	94	27	15	82	67	6	55	0	7	36	33	31	11	93	26	10	20	2	85	19	41	74	45	28	35	26	111	64	56	119	79	60	19	34	97	38	81	49	115	60	17	91	1	107	6	4	76	65	68	19	105	30	25	105	20	22	44	80	11	48	44	17	11	80	72	25	75	20	99	81	29	47	39	71	46	79	41	96	36	0	21	72	34	71	90	46	119	74	11	14	92	81	99	80	80	62	57	25	19	32	106	52	93	94	113	25	6	111	76	33	23	62	23	40	86	24	107	42	23	109	80	78	108	32	31	23	32	61	24	22	71	115	29	119	62	73	112	76	88	16	78	39	67	80	39	17	21	112	107	7	69	23	23	118	41	113	63	48	45	59	67	108	107	38	108	21	72	89	25	64	15	25	97	3	93	91	77	38	99	52	82	22	100	55	47	64	102	55	55	47	56	51	103	99	74	30	112	81	28	35	81	88	28	104	103	85	66	91	80	5	118	90	47	80	21	33	89	63	111	12	64	83	57	118	6	64	22	11	74	66	25	27	3	98	70	32	9	96	46	55	112	82	6	80	65	65	45	5	39	57	78	24	89	48	55	70	77	92	76	31	57	117	93	54	67	17	11	70	96	8	33	40	90	83	117	5	76	102	40	91	119	38	1	105	24	70	38	113	18	74	108	22	71	49	53	78	119	19	37	47	101	46	45	48	72	44	32	94	102	40	38	72	38	27	88	46	56	49	82	31	45	10	97	43	85	118	102	25	45	68	20	108	79	9	77	10	15	112	83	55	6	11	16	28	0	23	69	74	70	23	24	92	78	60	20	25	2	92	101	88	63	79	44	33	95	13	97	25	92	24	96	3	72	56	82	1	22	105	113	112	75	92	81	17	77	79	118	18	25	24	79	112	117	90	27	79	85	59	31	54	28	52	42	29	68	51	14	29	88	85	110	96	39	24	79	12	41	103	99	28	26	1	66	13	59	26	113	85	6	92	82	40	16	43	101	10	51	30	105	25	42	84	12	95	83	16	113	75	76	60	41	102	4	108	41	72	4	8	48	30	114	70	104	107	76	113	5	73	104	103	103	22	104	52	45	26	72	87	74	19	6	108	89	23	108	1	25	53	114	13	70	112	93	15	81	53	73	27	39	116	84	116	83	20	101	111	20	118	67	60	69	32	116	102	27	35	116	91	88	111	52	55	96	7	1	71	65	42	95	44	20	64	25	98	110	116	62	69	35	53	24	56	68	90	77	34	100	41	68	115	33	27	74	3	113	8	117	69	99	54	2	21	61	57	53	88	6	26	104	6	79	89	29	117	81	83	115	70	79	49	101	16	100	34	69	114	23	19	91	37	53	68	38	109	88	39	7	115	114	68	114	43	10	86	26	38	88	31	27	82	71	49	86	9	102	107	76	39	31	77	86	101	57	5	109	54	45	115	15	12	84	21	4	105	67	117	91	6	34	62	87	63	103	103	8	42	71	57	63	15	6	110	27	69	59	62	6	54	20	57	25	88	22	91	73	31	78	27	33	17	57	26	87	55	78	92	50	74	85	39	56	14	31	8	39	61	74	36	114	10	63	38	30	14	10	23	56	64	20	107	21	113	28	65	118	62	69	84	39	16	111	113	26	18	57	103	93	46	3	70	82	103	23	43	14	66	34	24	8	77	27	84	62	45	77	107	37	102	55	110	66	108	107	3	37	73	78	65	11	14	11	103	42	116	6	84	80	15	74	38	73	13	99	84	65	2	90	0	29	43	54	96	105	24	84	27	90	18	104	74	61	33	8	5	19	58	16	117	31	46	92	92	80	57	48	88	82	16	33	69	107	24	41	24	21	107	119	18	16	89	71	45	66	87	94	28	34	79	56	90	14	71	17	18	117	93	101	91	100	110	87	100	13	60	84	70	75	115	51	3	94	112	113	32	60	64	51	32	45	105	110	106	2	62	90	19	5	73	10	103	94	103	103	88	66	82	5	62	95	113	80	9	48	115	75	66	93	77	57	94	9	35	2	22	46	3	5	81	6	66	65	17	8	29	19	22	55	18	90	114	15	31	68	9	41	23	108	69	56	68	108	63	31	19	80	53	31	89	58	10	13	99	109	18	16	90	16	45	7	8	79	10	90	62	37	59	74	117	113	37	67	75	43	71	114	44	47	25	47	43	81	15	103	119	66	40	13	9	96	80	95	17	33	67	110	31	47	63	61	47	79	80	64	55	103	100	53	12	11	111	105	42	55	30	32	112	66	76	31	31	49	116	19	112	102	80	73	110	114	75	33	67	93	57	20	1	15	8	88	34	100	106	101	6	38	71	88	37	102	49	10	26	93	110	65	95	2	87	74	102	103	75	78	21	14	46	27	19	92	24	99	78	55	22	25	53	59	36	69	7	83	84	74	97	87	37	104	87	111	86	99	42	22	13	73	82	67	24	48	88	33	67	58	84	42	61	70	62	71	58	90	97	34	55	43	34	47	102	38	108	116	100	3	29	112	12	13	36	118	57	61	71	105	98	70	38	69	108	107	7	85	106	105	110	86	105	24	51	61	115	101	36	45	28	92	86	61	110	82	47	68	42	114	85	82	36	60	73	14	43	70	30	70	44	1	110	32	41	112	80	98	76	115	8	3	104	41	84	54	16	57	37	54	21	29	64	64	101	101	30	15	46	55	78	31	39	22	51	66	43	116	85	119	83	101	94	51	87	102	21	58	104	97	102	109	49	44	2	90	4	54	36	24	71	61	21	98	16	116	23	83	95	75	15	8	75	43	87	15	1	27	53	109	111	91	49	38	112	119	53	79	116	14	78	30	68	44	90	89	114	92	50	74	100	85	21	45	37	21	26	69	49	106	23	91	24	6	33	8	2	86	31	116	58	73	31	83	106	44	109	45	83	58	61	15	116	34	8	29	93	30	33	31	32	0	17	71	90	48	18	72	14	109	24	104	10	21	86	70	106	119	114	39	55	32	24	109	27	52	7	103	85	53	33	11	78	32	90	114	80	40	48	51	21	17	54	92	78	31	94	111	98	88	115	77	52	60	22	112	76	101	88	32	12	29	2	102	21	34	69	60	111	0	99	60	87	111	51	84	88	62	71	14	14	110	57	112	112	61	5	96	32	101	55	38	37	7	31	94	81	33	61	35	93	87	81	115	113	78	93	29	61	65	60	103	32	118	65	112	42	50	68	101	91	22	24	58	75	90	3	85	82	108	6	109	82	74	111	49	110	15	68	59	30	21	33	59	70	109	46	65	26	90	33	4	15	81	33	17	95	99	69	38	26	21	46	59	33	78	1	72	105	115	1	27	3	110	59	69	76	60	115	21	14	30	20	25	114	98	117	94	12	42	70	117	101	34	56	41	44	111	48	32	118	47	96	94	71	4	19	2	15	34	80	92	10	113	44	10	58	49	25	115	98	108	11	56	42	97	1	35	105	64	71	68	53	96	105	25	58	81	12	25	6	85	59	16	97	117	29	72	77	66	4	80	106	113	48	31	99	14	79	21	116	47	32	36	15	3	50	17	5	106	71	75	70	85	6	19	23	22	79	59	9	40	56	93	90	72	36	40	68	8	65	21	81	84	35	91	75	53	97	15	98	64	11	30	56	78	64	52	50	56	78	12	11	75	48	74	18	8	100	67	92	76	103	108	12	112	3	100	106	88	112	49	81	17	15	27	33	36	95	47	35	13	75	40	82	116	50	118	81	36	81	25	82	2	25	20	118	14	28	87	51	16	81	111	14	77	76	5	8	20	85	50	72	115	83	117	113	46	39	46	112	101	42	53	51	82	115	56	91	8	61	53	44	61	30	1	48	48	100	93	58	40	45	94	71	49	14	11	8	77	54	103	59	55	32	114	67	33	113	10	1	31	16	117	18	26	23	46	112	13	45	55	42	118	77	19	93	56	64	95	45	42	40	15	115	106	9	52	56	67	78	89	88	13	118	33	77	62	98	17	4	112	99	81	98	83	0	26	45	102	73	25	22	90	92	95	106	99	54	113	84	94	93	93	38	65	74	35	89	101	49	37	108	112	34	112	38	97	38	67	69	69	39	32	76	104	82	22	35	115	15	51	90	81	71	1	66	51	88	71	20	69	28	22	22	8	68	42	100	34	63	38	20	28	44	114	42	59	102	45	52	48	48	61	75	32	38	24	4	18	89	115	2	19	10	41	49	76	56	53	77	119	62	59	90	109	86	48	56	56	91	107	119	48	5	115	116	10	85	62	57	21	73	97	29	24	50	60	16	32	13	58	82	59	26	107	51	92	45	41	117	56	22	105	15	60	110	49	45	70	75	33	25	113	26	41	89	110	75	92	110	110	83	80	50	77	75	110	7	114	96	59	77	19	49	10	68	28	15	85	73	75	54	45	111	35	95	43	92	69	56	27	29	54	1	85	24	79	112	108	39	20	25	51	29	84	106	55	80	104	115	22	82	35	20	70	16	80	3	26	14	81	11	74	23	75	73	56	42	35	58	21	6	58	80	42	82	106	24	66	97	43	11	79	102	24	106	33	87	21	88	39	48	119	32	46	60	79	54	117	34	48	9	93	77	32	31	73	27	89	29	47	67	93	69	87	23	33	66	109	71	38	70	76	22	50	117	70	18	102	86	72	105	1	58	102	2	92	116	95	106	77	29	94	105	16	3	76	45	60	99	64	112	40	110	17	86	60	48	67	68	85	62	24	26	101	100	8	92	64	88	58	74	103	11	96	48	22	119	94	32	112	23	20	39	90	17	76	26	72	62	29	65	106	66	16	79	119	51	8	7	53	40	0	32	3	41	21	13	83	73	61	74	23	93	70	25	3	28	110	118	56	92	45	48	17	10	35	113	11	37	117	20	113	63	48	69	52	20	37	11	116	8	117	88	73	108	28	114	115	89	81	118	78	35	68	105	23	7	34	11	5	19	50	45	49	7	45	20	25	25	25	19	39	57	40	17	103	107	105	68	49	41	84	113	103	117	94	86	85	82	8	54	111	115	3	35	95	69	28	99	51	46	78	64	65	80	48	12	60	115	10	56	97	35	81	79	17	107	64	116	42	12	96	25	99	38	23	109	80	42	11	28	23	111	64	64	112	22	44	3	96	93	99	11	35	74	61	3	110	48	85	117	26	14	13	87	90	90	114	2	57	12	78	106	98	54	114	107	85	77	93	104	47	57	41	28	67	105	98	47	38	74	37	45	104	105	0	70	55	60	42	65	85	74	18	30	46	58	30	81	10	113	105	71	22	93	64	77	116	92	15	65	58	4	49	40	26	41	4	63	82	32	39	7	64	9	14	98	53	57	41	27	23	95	20	67	0	116	60	34	19	45	21	23	5	71	54	6	44	117	64	21	1	100	29	10	43	56	60	40	107	56	9	43	105	29	13	35	41	5	41	75	108	50	106	27	17	65	15	41	47	50	42	58	88	20	70	93	5	57	50	94	4	79	113	2	89	51	57	94	10	105	16	8	75	55	33	75	17	41	58	10	63	8	15	78	70	76	56	34	83	98	0	70	13	22	99	101	48	72	49	111	84	90	99	7	70	118	95	102	76	87	41	94	94	65	80	61	57	69	33	12	34	118	68	6	35	94	1	92	10	105	21	88	3	32	2	31	36	112	49	60	27	54	29	85	81	93	98	100	23	22	54	69	74	9	90	112	37	20	71	26	71	51	71	15	30	1	28	24	79	72	9	48	92	28	111	83	90	42	54	56	87	67	63	38	60	48	62	26	40	107	85	70	112	16	86	102	103	14	101	100	27	34	85	50	25	0	35	84	31	91	89	79	8	84	10	85	59	93	69	43	54	65	72	116	78	82	89	34	81	14	118	104	66	108	77	6	52	27	54	19	118	32	20	48	94	73	52	34	23	5	26	0	76	3	70	114	35	116	72	32	85	89	9	54	45	91	99	26	25	68	27	32	102	20	8	6	47	77	96	29	88	48	103	35	105	64	61	25	48	3	26	119	54	115	58	33	117	4	42	99	82	3	82	104	41	39	13	31	111	12	32	86	109	49	83	85	37	105	15	85	94	116	24	6	60	92	63	61	43	44	11	79	114	89	51	1	58	57	113	18	91	19	39	76	12	111	36	90	10	20	22	69	29	84	67	12	99	43	90	96	50	58	105	32	48	59	48	66	55	54	32	114	15	110	17	13	109	77	39	60	0	25	17	50	49	94	91	43	28	25	96	102	101	118	47	47	77	23	113	6	89	38	67	106	87	17	39	56	20	15	115	69	9	32	113	45	7	20	46	11	12	82	65	63	99	113	99	61	20	0	94	97	119	32	57	19	90	7	61	93	3	56	7	44	1	101	19	93	53	77	16	119	88	93	113	86	45	33	26	101	44	53	50	55	21	33	34	7	78	12	52	37	14	85	10	116	104	62	26	55	44	83	78	62	113	7	8	55	115	91	50	36	15	101	41	79	58	30	29	49	11	38	55	107	18	34	90	85	94	110	60	98	33	49	51	39	107	47	7	21	71	27	27	4	27	52	76	108	54	67	85	34	76	27	110	51	10	23	18	37	6	31	83	31	114	110	100	32	52	103	17	85	17	1	79	89	83	71	89	84	74	62	12	51	69	17	49	25	90	110	35	72	35	68	119	104	84	67	1	93	25	99	19	6	31	35	39	118	45	2	81	85	5	40	89	54	93	112	100	12	91	26	86	101	19	80	117	119	43	22	61	29	44	99	16	1	108	85	105	116	118	106	7	98	27	23	94	94	32	41	51	53	1	69	84	72	84	107	119	66	55	51	64	52	18	71	82	43	56	99	96	30	107	67	42	17	56	25	91	53	9	107	74	55	95	10	115	46	10	39	61	53	58	73	0	18	12	76	93	67	99	39	41	13	27	77	86	108	118	70	88	65	18	86	5	53	93	22	81	51	38	46	105	75	112	67	71	52	93	39	36	25	77	27	15	49	52	95	61	16	70	44	4	118	15	10	93	21	20	50	17	54	13	20	28	12	43	87	64	117	43	26	1	10	116	20	23	109	94	89	39	33	3	80	88	95	2	97	80	30	17	48	13	81	7	28	39	106	65	75	47	17	56	99	104	64	4	114	43	17	19	17	57	55	43	3	41	24	25	1	99	71	20	8	101	22	82	4	115	21	13	40	108	8	30	88	95	55	116	14	25	15	64	69	109	7	91	69	9	65	70	28	20	45	57	5	66	84	114	32	101	115	57	9	10	61	23	114	106	24	39	3	27	100	88	110	116	100	68	25	43	96	55	108	99	70	80	26	112	41	92	72	98	21	57	10	104	67	40	80	9	105	27	53	42	38	114	35	38	71	34	57	9	60	24	116	60	109	46	20	59	35	85	10	108	11	95	21	78	110	20	49	52	99	74	81	60	105	39	117	33	27	80	47	48	116	44	46	18	116	94	14	32	37	31	79	98	43	28	104	59	59	88	7	106	64	104	45	3	24	16	22	86	102	115	0	44	47	24	87	65	61	18	25	101	7	76	8	14	53	33	11	98	88	62	62	47	33	23	29	66	68	98	87	41	24	1	19	106	91	53	48	99	38	39	12	10	60	78	109	37	10	70	51	116	4	28	72	105	66	65	54	33	22	35	24	86	58	70	49	67	19	26	61	104	7	6	53	30	59	112	63	22	91	36	119	73	47	1	65	108	102	58	29	87	119	55	82	90	83	65	42	37	76	6	25	39	24	100	25	44	39	118	79	12	11	66	10	80	13	93	84	6	114	60	12	52	76	39	53	51	96	82	64	17	77	66	98	46	119	20	27	114	91	43	35	36	100	66	101	30	86	62	118	49	116	117	1	90	12	33	12	82	61	57	30	71	115	18	2	24	70	2	51	33	116	111	118	62	44	56	91	95	15	38	84	102	114	61	51	10	13	77	20	2	76	25	26	6	95	56	75	72	32	28	77	90	19	100	44	46	43	37	104	88	74	48	25	107	38	36	90	22	25	60	69	92	29	18	6	38	55	91	107	82	77	0	30	71	71	47	85	25	102	38	98	96	88	1	61	22	47	17	93	50	23	99	83	36	119	79	37	18	100	106	44	90	95	93	65	64	104	98	67	107	100	53	106	10	91	8	32	81	4	115	56	56	48	22	11	8	2	29	60	79	5	7	37	79	31	50	19	12	32	19	50	29	36	78	116	81	30	21	1	89	53	91	26	71	50	89	60	115	44	112	69	53	31	29	5	82	118	99	69	23	102	25	53	69	83	108	117	95	16	115	117	26	85	112	5	85	49	70	54	61	49	102	41	115	8	72	21	51	50	5	40	103	3	49	83	26	108	77	19	7	99	55	97	62	79	71	20	102	38	24	110	58	53	88	99	46	116	53	3	35	86	69	25	43	94	38	0	15	33	62	37	1	17	51	111	89	56	65	101	62	13	27	32	108	40	100	61	8	89	22	46	52	25	64	110	74	105	29	30	97	89	16	84	118	38	89	114	86	61	14	30	61	41	7	61	119	41	65	85	78	72	117	74	34	114	86	98	93	19	76	54	34	2	102	113	31	66	29	24	37	27	48	14	100	81	90	91	29	58	105	43	104	90	119	37	64	0	117	6	46	96	61	100	66	72	69	53	34	98	41	42	11	72	110	45	59	17	107	116	14	8	44	60	76	12	40	26	52	49	55	40	31	59	17	34	11	76	101	101	6	102	87	57	101	77	99	24	46	72	56	29	29	18	8	41	57	117	44	116	117	44	82	34	116	113	83	3	19	114	78	31	64	98	86	62	56	77	29	79	110	52	69	19	115	10	104	40	67	59	101	38	25	110	60	97	76	94	62	19	22	97	6	75	12	106	42	41	39	17	28	111	12	101	63	0	114	4	93	7	6	84	24	79	1	101	44	46	79	70	28	79	105	23	39	99	105	116	17	6	16	28	33	37	51	73	10	18	116	116	65	112	20	100	105	50	36	32	14	99	45	31	0	69	75	83	103	57	69	26	71	28	103	74	114	99	107	37	54	21	86	112	16	109	21	45	61	48	19	52	22	73	36	13	55	102	115	104	98	62	51	16	71	34	3	96	70	29	8	39	58	1	6	3	9	49	80	16	53	69	36	86	102	37	63	54	64	67	58	71	9	78	17	18	34	116	79	4	60	32	43	67	79	76	115	48	109	43	25	10	43	30	55	109	59	110	62	80	93	60	68	7	86	76	62	52	84	113	66	3	40	26	24	34	66	72	62	29	21	75	28	118	68	108	92	103	12	20	24	6	54	77	47	3	58	76	14	99	3	114	96	20	20	47	60	85	7	19	81	107	17	84	18	89	54	22	45	89	82	116	103	84	6	68	68	96	79	101	110	72	8	11	49	49	6	23	16	48	101	12	87	39	51	36	70	1	1	91	58	104	0	52	88	46	3	115	32	99	73	102	74	8	13	102	109	23	36	85	17	1	0	65	19	68	14	83	21	21	88	57	26	51	92	60	36	2	102	5	93	30	106	46	87	0	61	8	28	70	24	78	77	53	52	15	90	33	84	91	100	11	73	104	21	23	104	26	115	16	74	67	119	28	30	56	87	57	55	6	107	86	56	51	97	30	54	87	119	86	57	51	92	100	98	60	35	73	72	84	4	112	92	105	10	31	29	18	50	2	3	33	21	103	112	103	114	88	61	99	74	95	63	27	14	40	22	82	37	38	40	53	24	46	82	71	114	41	47	15	11	105	79	85	113	49	5	40	102	0	62	29	97	60	36	96	44	115	93	3	91	110	109	67	42	74	63	36	45	111	29	8	19	24	16	50	66	31	86	59	80	106	113	31	106	116	20	47	116	25	6	116	92	2	41	105	3	23	26	67	11	106	75	118	48	70	52	30	105	25	96	80	27	17	46	98	28	35	99	102	93	34	5	105	15	11	98	110	63	30	65	98	67	116	64	48	111	88	39	103	35	28	89	105	7	80	110	74	47	70	117	67	22	53	47	63	17	63	14	45	93	77	59	27	116	47	95	22	18	18	35	93	11	101	12	84	7	111	67	30	10	80	75	18	96	94	4	97	18	79	36	55	58	83	32	62	16	71	79	58	50	59	30	65	23	77	46	36	14	2	5	86	7	101	71	69	27	0	15	69	37	32	97	36	99	61	82	93	67	75	38	97	113	45	1	110	107	73	1	106	21	55	46	7	16	21	87	95	82	85	24	69	31	55	31	28	30	74	82	9	46	70	41	12	19	76	117	41	39	20	44	96	25	39	10	50	5	48	32	29	119	0	112	84	28	76	108	59	23	116	43	44	32	93	19	17	26	99	49	33	22	66	73	79	50	9	37	34	7	74	9	53	77	77	100	84	16	97	33	20	85	45	61	73	0	94	112	116	77	16	108	22	49	83	21	10	43	111	97	75	76	24	87	82	13	109	1	106	77	79	41	115	45	84	98	75	33	81	113	107	56	49	44	16	103	86	0	22	2	42	102	31	48	18	2	21	104	81	114	23	29	110	2	104	69	48	105	80	26	40	53	65	101	0	82	103	90	44	36	77	81	49	61	21	118	74	2	25	12	16	4	12	72	49	59	81	74	11	107	18	4	2	61	26	42	42	96	102	77	93	64	97	33	75	86	16	90	15	88	61	0	53	52	118	32	1	36	36	58	44	22	31	85	61	105	8	92	10	108	113	71	103	46	76	76	79	62	115	111	103	37	113	66	111	119	26	11	96	81	113	20	44	84	84	23	73	86	99	118	14	59	74	39	19	19	41	98	26	37	57	114	56	38	94	62	73	21	101	102	118	52	5	53	55	69	85	79	67	23	91	93	95	10	42	66	35	89	28	96	114	32	94	56	87	40	26	84	30	64	32	75	10	10	119	10	104	4	20	35	8	12	86	33	10	90	58	64	8	8	46	105	31	41	30	18	115	119	87	8	119	116	6	67	14	59	26	16	47	119	109	10	23	76	31	91	39	25	106	39	52	117	5	51	1	117	41	48	79	45	67	43	75	2	28	18	14	25	16	16	87	38	12	60	34	1	17	15	54	29	104	91	84	48	37	21	73	112	54	27	0	75	39	110	17	57	62	84	24	20	97	101	42	25	97	36	8	75	86	116	85	101	65	114	97	80	2	68	34	88	89	99	56	80	101	39	41	28	90	86	50	5	45	9	72	28	116	104	11	30	77	111	1	89	44	69	106	98	18	82	12	100	46	36	55	113	48	112	89	67	78	74	33	13	109	40	30	29	34	24	30	9	114	89	66	95	110	116	106	104	73	75	28	22	70	93	22	61	102	72	109	31	117	39	20	20	103	19	73	64	41	112	78	90	64	57	21	36	97	91	73	119	74	37	1	8	37	17	34	25	97	14	28	86	81	8	1	90	93	68	98	64	37	104	56	60	101	86	13	5	60	24	14	18	47	30	21	111	21	43	93	83	78	47	26	22	110	64	96	38	117	22	50	17	14	73	87	71	16	42	49	85	73	22	61	64	36	68	113	43	38	8	18	62	48	40	62	30	114	90	91	100	5	78	74	101	86	0	74	6	72	47	105	78	51	57	117	65	106	114	30	106	51	77	23	100	107	57	72	78	69	43	95	46	64	6	86	63	64	59	49	93	101	56	43	110	102	28	6	29	103	23	43	110	95	67	111	24	118	94	47	119	119	45	100	86	53	3	6	42	25	81	110	75	96	36	84	86	66	74	104	102	51	92	8	50	103	117	10	67	35	75	41	58	112	35	98	34	69	39	60	118	7	93	17	91	41	46	97	47	76	108	28	74	82	11	59	10	77	68	62	35	27	77	114	51	82	41	47	101	22	56	61	1	88	57	8	45	15	4	51	13	60	86	56	28	98	66	48	1	37	110	17	87	79	17	87	58	32	101	81	65	96	64	53	111	33	95	92	77	115	71	68	45	113	23	14	60	83	13	7	27	118	55	34	2	62	41	95	52	1	66	76	29	107	18	95	81	91	71	98	17	24	71	100	84	5	109	76	26	117	39	115	23	54	1	103	36	2	105	33	30	114	119	79	23	6	23	55	55	3	12	110	80	96	25	40	42	105	33	47	63	31	72	26	12	47	57	25	20	108	85	43	105	94	114	109	108	102	54	49	107	13	113	90	103	118	54	75	30	117	119	102	25	35	114	46	69	29	2	87	69	90	27	77	112	113	58	13	45	19	81	72	87	119	118	15	71	17	78	29	22	8	24	109	6	89	92	100	101	96	90	84	13	93	67	106	95	103	33	111	108	46	108	108	0	97	36	47	46	105	83	48	54	58	108	4	47	53	104	119	76	75	19	50	64	52	90	94	6	96	72	93	82	89	24	33	57	81	99	19	99	69	41	114	0	107	16	113	95	64	48	9	71	94	13	83	79	25	60	53	52	21	78	93	41	88	44	45	108	86	70	39	64	81	37	33	44	112	63	41	48	114	108	58	48	60	88	74	59	29	96	79	36	68	97	1	10	64	0	90	80	49	46	7	107	50	69	98	34	103	37	7	101	69	89	119	12	22	64	37	31	116	57	10	40	33	18	53	116	4	63	63	67	44	21	107	85	18	67	88	11	114	67	4	12	111	9	2	74	44	49	30	33	72	77	49	88	50	82	91	112	77	38	57	57	42	54	11	27	92	57	56	38	55	30	105	83	97	108	96	21	9	28	33	91	19	56	101	43	1	96	77	61	67	108	50	8	65	59	47	81	7	119	116	61	113	36	72	35	37	55	82	84	94	37	87	24	78	74	16	103	30	117	76	87	26	30	87	106	44	57	92	84	34	49	105	79	116	7	61	102	25	84	47	71	3	89	108	56	13	32	72	20	54	117	113	47	84	40	87	111	99	47	100	50	21	76	78	11	72	111	70	47	50	111	118	78	51	54	101	36	45	17	90	57	86	54	97	116	5	102	107	87	116	81	51	107	26	
75	77	81	56	77	36	26	63	18	11	31	23	66	85	64	115	112	27	111	18	28	20	84	14	63	43	105	24	98	56	119	9	62	109	46	82	37	2	47	51	46	0	53	38	67	48	118	12	62	108	118	30	62	93	92	37	14	66	1	106	102	78	55	101	62	9	31	32	25	109	97	100	79	10	55	90	17	105	73	107	80	75	9	0	13	26	32	105	50	14	94	32	54	25	29	22	75	43	117	4	59	29	8	67	13	80	103	27	36	46	98	23	64	71	90	38	104	113	34	29	100	27	36	34	112	50	52	50	72	11	47	11	2	11	19	25	26	23	76	114	119	68	7	50	20	95	98	15	111	5	112	93	37	19	104	82	27	94	103	83	85	43	0	60	81	71	34	50	76	15	97	3	18	16	107	107	90	119	11	96	7	105	72	111	111	43	118	108	103	19	83	5	51	52	99	38	41	100	75	68	78	112	32	93	87	93	31	86	48	81	38	91	32	79	89	42	82	13	21	71	92	80	32	7	98	62	38	33	10	10	76	47	42	98	63	96	60	92	85	73	24	3	114	78	57	53	91	93	62	64	101	50	106	71	14	67	82	97	114	13	93	65	94	75	62	5	8	101	59	27	75	38	113	14	54	35	76	69	6	106	35	99	62	7	25	23	85	16	11	76	15	58	48	49	57	104	19	90	33	66	74	51	59	67	82	43	28	32	88	29	26	47	8	32	72	37	89	64	53	70	118	1	9	115	21	6	69	55	98	113	41	115	84	89	47	17	59	111	62	42	73	60	49	53	62	25	87	22	77	95	28	4	85	103	14	96	80	18	87	35	118	64	9	64	89	44	100	21	74	54	25	21	18	14	73	41	97	71	22	25	17	89	47	22	114	76	103	98	31	18	78	77	79	93	30	89	28	116	102	46	94	2	57	62	103	54	103	81	16	98	105	32	18	55	64	61	93	70	118	89	27	72	106	52	117	14	47	47	35	17	21	92	15	2	102	35	2	98	97	46	77	50	49	29	96	43	30	106	45	30	9	69	60	99	19	63	8	117	22	42	16	11	58	15	85	104	16	46	74	84	9	40	62	79	46	119	27	91	25	35	97	114	105	22	50	19	17	96	119	105	17	86	65	102	93	6	99	34	26	78	25	25	54	77	0	80	70	102	61	12	37	22	20	2	58	67	76	64	106	50	25	25	73	16	47	60	12	17	76	29	33	115	110	97	68	26	56	13	26	36	16	78	33	78	35	106	93	76	29	116	92	28	13	59	90	51	23	107	28	5	79	17	72	16	35	58	42	113	9	107	16	28	68	105	14	7	114	114	97	38	40	34	47	47	59	53	76	111	71	106	45	10	67	77	16	70	114	116	98	16	43	98	30	4	41	85	3	96	82	19	78	105	43	48	91	27	113	1	47	100	25	51	64	64	112	83	2	70	42	14	10	16	6	82	94	118	7	99	114	19	27	29	44	85	7	7	0	112	113	109	115	66	59	29	91	104	29	10	44	62	19	90	27	26	66	35	94	40	46	25	24	107	2	85	117	46	83	99	27	84	22	61	11	86	3	35	29	5	4	23	52	26	66	45	1	117	102	70	56	3	28	72	105	93	92	96	31	59	73	64	65	108	43	89	47	82	104	20	26	67	42	32	33	94	80	13	82	102	20	75	11	18	104	81	67	0	54	44	25	49	24	17	10	90	74	110	80	116	78	76	64	35	38	26	26	95	56	98	4	116	95	95	100	117	68	96	43	87	80	101	4	115	117	98	83	72	6	75	19	58	62	94	6	70	90	110	41	89	112	110	111	21	49	80	37	115	38	7	39	6	22	109	45	44	15	108	54	23	105	15	59	95	85	117	4	25	21	86	56	83	88	102	110	58	112	81	36	8	27	35	107	16	116	75	93	27	108	114	89	40	68	41	98	67	92	81	8	83	54	91	96	43	106	79	30	95	83	71	101	68	16	105	64	31	32	22	94	103	42	82	68	97	54	62	30	68	8	85	108	72	14	35	114	72	47	48	4	109	95	38	14	72	115	57	102	86	37	30	111	60	86	26	35	21	41	110	107	63	73	27	47	51	116	70	111	42	86	90	44	115	107	114	53	102	89	65	82	8	73	0	39	43	98	55	45	4	107	17	56	73	95	33	118	35	19	85	24	16	31	9	114	28	100	78	7	93	74	105	19	67	39	9	52	66	29	61	100	39	107	41	97	103	73	89	55	103	51	9	79	23	94	10	111	93	110	42	0	102	76	71	24	118	47	46	48	84	42	41	10	46	32	35	71	24	80	25	33	81	17	86	102	94	7	114	82	115	87	39	37	88	42	55	47	22	90	52	51	5	88	81	75	74	5	28	99	104	67	19	38	109	29	103	3	90	85	90	92	6	32	21	60	24	77	93	43	53	29	108	20	38	110	7	31	74	66	51	23	53	28	105	109	104	43	102	97	73	22	11	85	71	29	72	28	58	14	5	53	52	23	116	6	13	102	73	24	75	58	99	115	43	59	36	20	86	35	81	19	25	9	78	59	30	69	28	80	21	114	114	17	76	39	116	2	36	27	43	109	59	73	86	86	69	100	36	73	31	59	31	64	21	76	33	11	48	81	16	0	11	45	117	88	116	72	42	99	73	13	84	49	83	47	83	80	64	20	9	28	36	7	71	116	56	28	105	19	0	114	15	85	45	110	4	69	79	79	92	33	84	94	41	15	15	73	106	65	68	80	3	92	77	28	0	86	7	118	102	50	15	103	112	7	72	29	61	111	77	39	97	24	103	108	29	89	105	19	18	2	32	95	56	45	101	85	90	15	105	41	26	117	113	62	37	27	114	29	70	52	68	4	93	98	72	20	76	60	79	78	62	93	109	58	39	108	41	42	108	13	83	50	87	111	93	59	48	105	5	84	15	57	22	19	118	111	57	54	86	116	63	31	118	53	75	88	37	5	57	24	84	97	5	61	50	41	94	61	16	81	4	74	65	21	32	52	11	77	18	24	95	83	98	55	102	40	81	25	41	20	97	75	35	72	62	30	17	30	105	18	58	55	32	29	115	44	86	99	40	57	100	68	104	24	92	97	102	41	115	51	96	95	116	65	90	54	40	94	50	113	0	93	31	9	43	65	99	64	30	43	11	4	107	66	119	10	7	104	35	112	38	62	95	60	75	112	73	30	18	76	8	89	48	45	4	119	62	96	15	61	116	41	118	74	52	66	41	11	88	73	90	73	106	103	5	113	90	96	30	102	81	12	63	104	48	28	114	89	62	52	76	94	98	5	118	12	41	74	40	33	118	111	18	80	52	5	75	63	54	31	60	102	37	42	104	70	75	28	29	39	53	45	52	9	32	28	43	107	38	24	70	11	23	76	63	17	112	2	107	88	68	100	23	16	102	27	4	25	94	33	53	38	73	80	109	21	107	35	84	29	119	12	71	20	80	2	87	62	91	99	60	105	77	71	110	15	4	11	76	9	61	85	4	93	97	13	13	17	106	22	85	30	77	110	16	1	113	66	105	42	58	116	86	117	5	19	34	109	98	54	100	20	95	17	86	55	92	87	28	62	70	107	50	85	92	28	112	36	45	33	16	107	52	30	39	91	42	29	26	78	7	28	58	25	73	93	55	18	91	48	14	84	89	104	78	38	112	24	107	32	37	11	4	26	36	27	95	26	63	40	79	80	19	11	38	30	99	98	115	44	14	67	16	49	44	16	102	89	5	46	28	14	29	26	86	86	97	96	116	37	30	90	97	87	93	61	84	67	31	43	15	95	21	47	2	59	111	34	12	16	27	74	38	99	72	81	66	87	22	89	36	92	24	0	51	32	12	42	72	19	116	25	103	109	103	11	66	84	79	88	4	7	25	37	48	54	51	116	9	34	24	8	118	0	113	45	0	69	11	75	3	8	24	79	18	102	76	9	101	79	104	40	85	97	91	33	109	101	40	69	14	70	94	46	34	2	31	83	49	37	63	92	113	47	0	18	32	70	87	52	56	76	118	14	32	108	56	88	52	28	31	57	83	3	50	71	66	11	4	60	94	17	73	94	3	2	105	95	45	67	13	105	57	113	107	97	43	74	76	89	77	95	4	50	13	109	1	66	15	82	116	56	52	64	3	22	8	94	87	80	95	59	43	87	96	35	53	9	1	99	52	1	110	64	59	106	51	102	36	33	114	96	32	55	36	119	64	52	62	23	22	104	18	111	22	86	114	92	61	117	22	23	52	47	27	44	22	65	79	114	6	90	34	17	113	85	83	116	100	70	50	101	57	47	2	118	97	104	45	89	51	95	53	35	38	64	12	1	26	94	97	75	111	15	111	22	54	73	82	67	98	75	85	96	114	41	51	0	92	17	109	96	73	105	72	7	50	57	89	4	7	102	40	37	73	31	77	97	21	11	111	71	103	86	47	53	41	18	15	86	93	77	16	114	73	33	115	96	96	56	117	23	65	76	8	108	12	77	98	51	22	62	102	53	31	17	31	27	2	102	69	95	20	117	0	19	89	18	13	107	5	104	32	59	0	72	91	39	64	3	37	82	43	16	93	107	29	113	94	85	51	109	5	71	85	15	115	78	34	78	25	84	31	76	105	88	103	93	94	33	24	10	111	61	1	96	72	97	31	76	27	13	79	22	72	48	80	13	16	32	104	93	4	41	106	48	28	69	87	93	44	85	112	26	98	0	63	14	73	64	115	49	19	45	93	70	66	116	6	97	63	64	108	104	96	53	73	89	108	50	46	26	59	75	47	26	2	106	112	119	40	44	29	78	7	78	107	115	103	45	31	3	28	102	71	4	2	119	83	35	61	31	36	96	96	67	24	84	17	25	97	6	112	42	8	42	13	100	27	101	22	43	104	74	80	102	71	1	101	36	0	108	102	84	93	10	5	16	72	44	58	0	88	28	78	10	50	49	18	32	32	46	88	68	18	77	51	104	96	92	11	96	14	106	66	102	60	1	57	105	64	1	118	118	54	47	46	19	94	105	18	55	20	95	68	40	9	100	90	116	19	19	23	82	20	81	64	3	6	9	55	72	104	78	70	25	19	93	28	44	2	111	10	10	111	100	71	107	62	31	32	87	90	57	97	29	49	115	84	35	29	24	28	4	2	58	63	94	84	34	81	65	112	36	116	16	118	45	113	114	15	96	78	69	107	37	59	63	97	19	61	106	53	75	79	67	78	118	56	78	40	118	37	16	105	24	75	47	62	18	75	65	100	35	24	38	9	76	6	1	46	105	31	85	26	88	118	64	32	100	64	35	14	33	43	89	97	80	62	80	63	107	106	8	59	32	11	47	79	73	22	107	15	81	35	45	24	82	107	69	68	38	61	80	55	78	52	76	39	112	0	47	87	51	114	44	108	30	12	54	109	87	48	105	8	76	88	35	25	75	116	100	30	42	89	46	6	87	33	75	43	113	54	0	65	117	58	8	31	81	66	70	29	75	57	8	116	112	71	18	26	41	108	4	84	1	77	63	89	103	104	65	104	110	8	74	70	30	22	34	113	74	113	52	31	26	23	80	107	10	87	36	18	2	44	39	5	108	105	65	52	92	86	19	117	35	105	82	99	37	67	91	73	89	44	76	107	113	61	14	45	13	111	117	80	7	85	89	35	67	79	64	114	114	0	108	96	70	14	93	95	1	40	107	54	113	9	29	3	60	85	40	98	85	21	8	53	117	28	83	101	3	88	63	100	48	34	52	106	57	50	49	88	29	31	110	33	85	60	83	118	51	37	6	63	80	102	58	31	109	89	108	32	52	21	108	48	61	57	92	100	87	74	111	15	78	34	90	117	101	60	64	77	80	35	7	74	97	31	17	53	113	96	76	119	92	77	42	91	115	6	55	28	20	93	69	9	85	45	49	74	19	42	46	33	84	42	67	10	89	11	6	46	93	117	94	118	95	102	7	31	14	40	78	0	9	21	5	71	23	87	83	101	44	82	54	89	32	16	9	116	56	69	86	20	13	42	41	8	61	112	62	55	41	62	59	79	60	74	65	58	3	30	21	15	91	39	114	105	89	31	32	98	93	58	105	104	23	81	18	82	43	89	115	26	70	44	104	25	79	79	45	25	17	24	103	21	24	108	74	95	79	41	15	67	34	100	51	10	40	87	108	56	6	14	57	54	87	14	11	4	115	43	89	75	88	73	103	59	20	36	92	1	103	46	113	81	65	45	102	15	109	70	98	113	78	113	23	102	14	42	79	117	89	12	19	88	116	20	101	30	61	92	53	52	52	61	45	31	99	52	23	92	72	25	63	58	97	62	85	25	6	30	100	16	11	57	48	89	80	62	31	89	15	81	61	2	78	86	93	38	21	71	14	46	33	99	102	113	95	6	56	37	71	14	117	29	80	25	42	78	70	85	69	93	21	60	66	18	74	71	24	113	4	60	12	33	98	19	11	50	115	84	59	55	49	10	44	54	60	20	45	42	77	15	113	54	12	100	98	81	8	60	6	86	83	17	31	69	65	52	76	118	24	31	68	65	100	96	109	84	54	23	103	24	23	55	96	57	31	77	14	57	72	26	100	2	73	21	79	35	7	113	30	60	109	14	83	113	50	111	12	70	42	119	71	58	27	73	90	54	18	79	53	84	25	90	35	33	53	36	94	113	91	73	10	26	71	32	97	15	101	110	57	46	35	26	47	18	30	12	105	9	55	67	118	7	40	92	102	115	37	25	3	95	9	96	1	62	35	9	44	5	15	113	103	45	119	17	115	32	28	4	37	7	99	4	15	38	17	37	108	29	99	59	104	90	62	52	86	113	60	41	58	17	71	82	3	79	53	60	33	49	3	115	109	86	37	90	62	22	24	83	52	63	34	101	93	76	53	108	80	115	99	27	8	101	29	80	103	6	109	112	91	78	1	108	90	32	109	71	51	87	118	3	81	17	118	119	98	18	40	48	61	25	64	104	75	101	99	80	1	39	88	13	76	119	35	83	88	68	23	19	88	51	20	15	26	102	78	46	97	7	94	51	11	60	87	64	10	41	84	106	83	43	27	53	116	2	9	34	31	91	24	24	16	60	68	81	84	107	108	83	110	118	11	114	35	119	97	35	100	39	50	103	14	70	65	105	5	33	85	20	95	115	33	101	33	95	6	80	17	83	13	111	76	16	22	95	100	118	82	38	69	9	98	97	98	58	28	91	91	64	68	107	26	31	66	84	79	30	6	30	27	7	58	98	15	109	41	31	81	64	9	17	117	50	115	36	87	37	72	54	48	52	114	51	29	41	17	45	116	113	88	41	69	38	115	88	106	48	39	0	69	118	27	36	28	19	117	45	100	35	77	51	16	95	53	79	78	61	31	67	42	16	79	2	84	69	89	106	31	77	117	6	71	11	10	74	16	28	44	74	18	67	25	74	88	7	106	47	88	60	94	49	13	56	93	22	22	94	23	14	53	40	94	97	52	71	23	55	91	16	13	110	71	96	2	33	42	83	97	93	79	19	31	104	108	32	26	41	109	85	9	29	103	87	62	87	76	29	78	64	88	64	66	76	40	102	52	45	44	89	17	52	104	119	29	114	33	113	17	57	70	47	2	6	74	118	76	100	40	42	77	49	15	44	104	93	92	100	12	74	37	113	53	27	8	4	29	81	35	61	64	119	16	67	115	117	38	101	107	104	29	35	101	71	66	40	90	63	71	47	89	88	90	54	2	62	20	28	1	96	116	64	58	105	70	68	98	73	47	33	60	115	25	52	101	3	113	58	70	5	32	101	29	78	110	33	106	86	3	49	32	35	92	95	99	14	105	60	41	63	31	16	115	27	61	28	83	101	96	81	25	73	85	105	89	57	89	78	70	72	104	73	98	11	85	99	81	100	98	99	41	3	76	17	20	21	0	63	34	46	33	40	101	49	9	43	31	37	63	80	94	44	75	25	37	65	56	114	57	27	56	119	98	44	52	20	20	54	40	68	119	37	18	26	102	50	9	10	89	46	89	74	46	52	90	93	29	97	42	49	20	53	82	98	97	67	110	56	59	35	100	5	46	87	12	46	82	19	114	58	13	89	7	4	8	6	43	83	96	12	51	82	58	2	78	48	32	23	8	83	115	0	15	16	2	11	73	21	41	36	93	95	97	97	61	109	87	36	29	45	90	93	30	61	15	86	90	7	6	25	17	82	26	11	3	69	16	29	53	73	1	57	34	75	7	92	37	50	21	119	113	17	109	50	23	100	86	68	30	103	48	7	8	105	32	84	104	6	77	50	113	64	16	3	104	12	87	52	23	22	110	15	96	100	77	1	30	34	68	45	44	57	84	3	108	57	21	90	15	17	91	61	113	66	30	6	64	28	17	50	33	18	2	68	24	37	80	30	94	18	103	4	82	106	34	47	23	83	29	70	99	49	94	114	71	37	89	14	52	16	93	10	107	84	70	65	105	94	33	96	110	31	65	6	111	69	48	48	66	54	79	66	59	12	78	85	48	55	8	90	35	49	12	26	54	55	27	48	96	102	83	40	73	27	18	62	15	110	14	37	23	44	71	12	117	0	55	68	58	50	55	5	82	27	43	32	41	110	31	16	112	28	43	15	9	48	87	62	91	10	106	91	29	42	66	52	94	119	85	27	110	110	98	17	32	100	60	2	116	62	18	59	93	81	81	63	66	3	109	44	88	50	94	78	11	54	30	74	118	54	0	74	41	100	48	37	65	28	92	50	73	53	28	24	24	118	58	78	45	105	49	27	107	62	18	66	107	96	46	43	75	75	52	1	101	10	119	105	83	56	59	64	93	41	91	102	35	104	84	78	32	86	35	66	56	26	89	94	22	100	11	31	12	111	117	48	84	35	100	78	58	69	79	89	88	77	22	52	2	113	31	55	100	67	7	45	17	96	3	118	15	80	16	78	57	39	46	102	86	7	9	20	90	109	68	8	71	17	118	58	71	65	111	117	23	33	64	88	88	91	96	36	6	8	13	118	96	101	2	44	44	29	29	19	45	90	74	70	66	100	18	0	12	99	50	86	29	92	1	84	107	113	82	78	13	10	115	23	102	3	107	48	108	95	51	115	57	89	5	103	85	8	112	96	116	26	32	96	110	97	115	16	115	94	33	53	105	84	92	80	5	85	31	21	4	14	24	102	79	11	10	87	92	13	110	57	53	3	43	14	48	29	101	47	113	9	77	21	11	45	61	42	47	2	55	62	79	107	5	111	37	73	77	44	23	9	51	62	99	58	76	29	12	109	62	104	19	2	58	2	11	46	98	94	59	86	54	95	84	49	110	15	80	75	55	94	109	68	6	25	90	85	96	38	111	55	64	88	37	12	16	60	64	61	115	1	7	105	58	21	9	34	106	59	1	70	79	43	66	51	23	63	108	3	60	13	109	116	105	107	1	116	11	77	31	72	112	27	25	12	107	87	8	53	22	16	70	108	35	41	68	28	26	1	37	96	43	9	37	90	62	5	29	62	79	77	1	93	39	82	33	117	65	84	49	89	87	37	1	20	40	16	48	35	58	33	68	57	22	78	107	76	28	107	94	91	26	17	14	65	55	109	67	49	113	101	104	40	66	76	68	105	50	86	108	116	53	72	52	12	106	24	53	68	58	73	34	91	107	109	79	98	30	100	41	5	16	17	44	73	110	49	5	60	78	73	42	54	10	63	82	83	104	77	104	50	71	34	71	95	82	110	47	82	75	76	19	17	36	65	20	57	110	118	115	96	77	118	68	20	91	114	4	51	63	9	69	80	51	1	109	40	50	54	115	82	11	66	103	35	40	64	44	118	61	47	74	108	110	55	19	108	101	46	86	27	56	18	29	118	19	7	107	9	35	52	12	100	83	63	40	25	22	74	104	45	35	115	69	117	5	87	104	11	110	41	28	112	45	5	49	92	76	78	49	89	17	95	18	96	118	113	5	36	65	36	22	16	17	116	95	22	9	19	79	89	18	59	50	45	81	24	14	39	62	74	84	8	58	115	20	34	19	8	27	2	45	45	39	16	68	43	35	116	74	33	116	14	54	87	82	7	116	67	71	11	110	87	60	35	88	9	57	2	95	92	96	102	69	13	92	84	59	98	99	110	56	95	29	6	101	100	99	78	60	114	44	4	114	56	0	104	13	37	22	31	103	94	54	27	31	13	64	84	37	55	78	80	39	3	95	2	15	99	114	0	30	56	47	114	25	100	36	50	40	35	93	78	105	11	24	82	35	37	103	115	70	64	94	117	30	19	88	68	32	64	88	1	84	103	13	26	21	44	79	99	57	61	99	113	29	77	113	61	57	32	38	114	25	47	61	82	37	69	88	46	100	13	62	32	28	45	2	11	68	35	38	105	103	96	29	34	81	23	83	15	88	116	30	13	93	45	18	101	63	53	9	31	13	63	26	95	106	19	28	5	101	66	67	75	88	19	67	108	70	45	66	51	30	104	10	96	69	2	6	61	11	91	97	3	98	41	50	111	52	98	29	85	105	40	105	6	27	25	113	96	52	50	22	95	7	4	76	72	17	111	16	54	113	112	76	60	19	103	11	8	103	3	13	111	12	23	70	23	85	88	0	114	9	107	85	69	56	85	9	69	98	86	47	13	45	82	80	52	119	92	75	41	50	78	61	40	10	70	112	13	99	96	106	67	15	62	82	15	118	84	31	84	46	21	1	91	9	97	78	65	49	14	58	104	2	67	117	63	113	26	74	76	70	76	33	80	67	73	1	44	85	100	98	111	61	80	75	29	44	72	66	17	92	22	49	1	33	85	39	69	115	77	36	88	116	98	3	87	40	56	84	46	29	112	99	72	73	24	107	97	14	22	3	49	0	97	93	21	65	59	64	92	117	37	70	1	97	94	9	113	112	92	101	34	91	59	72	8	23	67	18	21	53	42	74	94	51	78	68	87	30	108	48	30	105	15	82	119	49	116	35	78	109	110	116	16	83	119	85	23	49	12	64	61	12	20	86	49	119	24	72	12	14	108	79	89	81	39	47	72	78	36	13	77	84	115	99	17	83	54	32	1	84	83	102	5	35	33	103	55	38	109	107	20	105	100	112	51	109	27	83	107	70	38	113	26	59	28	84	7	80	49	33	46	68	76	36	5	21	79	79	116	68	15	10	51	36	95	58	24	62	0	34	4	117	41	107	20	90	81	30	74	73	19	114	71	73	68	52	102	58	81	60	83	65	105	9	3	103	46	84	87	26	115	37	112	10	106	84	42	62	93	26	69	99	55	1	86	81	49	74	58	94	29	12	67	7	18	88	60	43	112	86	107	78	80	34	83	3	58	15	24	110	63	99	104	48	104	101	101	20	8	87	53	112	40	65	106	110	65	8	109	67	79	32	113	36	33	79	66	14	45	87	91	22	10	68	80	3	106	113	35	57	60	51	0	47	65	20	110	112	89	85	106	27	46	90	90	65	26	58	104	115	102	16	71	33	63	91	23	43	77	56	41	70	79	71	62	99	12	2	101	22	97	84	117	42	28	117	40	8	64	52	116	117	63	37	34	46	107	61	47	59	99	49	67	93	37	21	36	55	82	71	119	44	108	4	42	30	17	77	74	53	42	116	18	44	55	7	114	2	36	32	53	83	88	106	86	85	41	57	49	62	26	7	101	35	14	6	92	101	114	110	72	96	88	90	26	17	91	89	47	28	2	75	108	67	59	60	35	31	43	9	107	88	59	42	28	55	103	78	82	89	23	63	81	66	34	50	116	8	36	116	87	7	56	115	16	43	117	77	78	67	96	13	5	6	55	100	68	90	98	88	96	36	107	5	109	103	50	67	44	85	102	29	32	118	46	89	109	39	65	116	55	103	29	72	90	36	109	55	59	39	5	77	96	83	13	68	83	80	38	111	33	102	31	90	0	25	97	40	31	7	93	66	101	22	7	65	66	60	80	25	79	40	46	23	13	110	7	13	73	36	34	84	85	87	103	75	99	111	66	88	59	76	58	106	73	51	19	63	17	94	78	0	67	51	109	25	49	13	108	39	76	106	12	56	60	116	0	119	52	77	88	85	118	66	10	43	75	39	90	76	93	4	12	100	34	90	46	101	103	63	68	52	92	63	117	87	61	68	60	95	56	53	14	70	18	105	115	104	34	110	47	99	50	68	7	17	27	75	80	11	64	83	21	104	43	79	40	63	49	20	72	114	87	46	78	3	115	14	77	18	17	37	117	64	80	86	14	50	8	85	75	60	15	91	14	75	18	105	16	15	74	45	95	28	50	31	100	64	57	77	28	51	48	87	70	83	76	24	56	95	35	97	79	78	43	61	2	102	7	61	63	50	43	84	12	61	12	107	18	72	43	60	76	60	104	104	72	98	46	46	109	65	81	68	36	32	18	95	51	54	72	49	29	39	52	119	13	60	21	14	18	71	72	81	78	28	98	87	104	73	91	87	42	106	0	16	86	5	52	61	14	13	34	112	56	67	9	103	67	39	7	93	3	58	72	57	71	101	8	94	56	118	3	26	110	0	29	53	105	70	14	103	105	5	108	66	114	51	43	50	51	95	71	50	59	46	97	58	29	119	47	34	73	93	58	74	100	5	55	101	106	115	106	20	117	19	41	106	57	79	73	13	92	53	44	14	62	43	77	87	99	60	40	16	4	40	75	35	98	108	75	45	67	19	40	112	7	94	58	22	52	115	24	7	65	61	16	56	71	50	5	115	48	41	69	80	11	98	22	76	13	95	5	19	93	63	95	59	29	86	34	94	44	116	67	31	58	25	72	58	17	75	110	101	92	69	98	21	66	83	54	33	73	108	34	7	81	68	42	73	49	119	89	64	65	70	80	87	41	104	95	118	23	105	52	7	7	9	18	92	38	10	86	118	104	34	25	80	43	54	16	77	4	32	110	31	74	103	9	36	47	35	102	1	103	68	3	48	33	1	86	89	39	10	70	9	110	53	51	118	36	5	69	31	46	93	90	102	9	95	42	105	61	22	72	28	54	84	61	102	87	98	79	26	29	25	28	49	62	104	9	65	66	99	42	13	59	81	17	79	105	17	65	65	29	92	40	59	113	114	42	23	75	66	78	66	113	109	52	29	4	15	98	22	38	111	101	18	81	0	86	37	5	90	39	71	66	79	54	77	57	115	118	81	41	43	98	75	39	2	108	44	48	1	110	53	20	96	17	71	99	71	27	2	113	92	74	25	29	6	64	32	91	16	17	69	29	48	66	85	76	31	85	117	12	79	68	104	61	39	63	116	3	39	114	79	80	43	43	52	118	62	74	99	48	24	108	26	44	95	4	107	106	103	36	88	108	10	32	31	34	118	118	66	74	48	71	28	34	95	81	77	9	0	118	92	111	108	71	116	117	0	89	39	4	119	1	100	75	92	119	69	6	119	67	78	45	29	25	97	49	25	13	57	20	16	13	98	105	61	114	3	86	116	15	99	22	104	50	110	24	59	61	80	30	91	100	117	17	22	39	56	12	115	63	17	55	97	84	102	75	8	30	17	73	107	118	4	48	69	99	106	96	73	102	65	104	96	27	3	69	77	49	55	79	98	75	92	14	36	90	33	0	85	68	22	76	107	52	99	90	103	95	57	60	101	45	106	17	7	99	94	31	29	88	78	3	100	90	30	6	53	50	53	95	35	106	32	54	57	74	8	83	90	47	87	24	110	86	88	20	116	72	19	119	59	12	25	29	55	112	73	83	119	4	63	67	48	61	75	95	37	73	116	35	79	18	98	26	74	100	106	34	40	64	14	49	82	112	98	6	39	114	16	50	37	83	79	114	40	11	77	22	60	110	102	22	53	50	47	89	55	60	97	44	25	66	12	98	0	106	119	66	89	22	81	113	118	3	99	84	44	117	87	33	90	99	41	65	103	77	90	74	97	59	59	89	110	117	62	115	60	51	65	40	10	63	82	55	34	90	43	84	110	95	30	53	88	29	97	67	91	40	87	79	89	12	96	107	48	103	18	78	70	73	87	35	106	43	119	47	29	42	10	24	43	111	67	102	56	60	86	64	6	99	56	114	17	92	105	103	80	30	108	35	43	49	111	2	29	83	2	57	77	33	12	101	67	44	7	113	68	66	119	17	39	30	95	30	37	65	118	108	26	34	77	93	119	36	60	65	4	73	26	111	78	83	97	103	102	90	31	85	104	83	40	32	96	93	91	52	9	43	17	113	18	27	47	42	72	69	60	53	95	28	93	1	68	42	35	67	50	14	114	31	45	31	14	27	75	103	15	32	65	27	111	2	1	60	62	85	64	35	74	26	54	27	97	9	26	107	106	12	3	8	50	18	58	85	50	92	6	9	63	23	90	104	90	78	74	109	83	0	118	44	67	27	95	65	48	48	102	4	8	5	51	91	5	113	70	27	109	5	90	93	5	76	97	17	99	18	35	55	66	67	73	102	114	72	110	60	107	109	40	36	10	86	110	59	30	86	85	71	108	55	6	8	44	111	70	16	46	90	94	83	85	21	81	58	22	111	60	42	113	92	63	85	87	58	48	18	110	46	37	17	84	38	25	64	89	68	31	85	45	49	1	29	114	78	113	46	51	18	107	17	100	81	101	99	67	25	2	72	51	51	91	95	98	25	100	78	58	17	83	5	36	37	
17	2	2	13	14	20	2	17	8	8	5	1	16	16	2	20	12	9	16	14	20	11	6	8	14	4	3	20	6	17	18	1	18	11	10	3	19	19	2	8	1	1	17	3	1	11	6	7	9	2	16	12	10	11	10	8	4	10	20	10	20	17	10	10	12	17	7	1	5	11	15	16	11	12	18	9	3	4	3	4	19	17	18	14	16	16	20	13	18	9	17	13	7	7	4	7	11	1	1	4	4	8	13	2	6	11	5	8	11	1	5	6	15	17	8	2	8	17	16	10	4	15	8	13	11	18	5	6	7	3	19	13	6	6	20	19	1	13	18	1	11	1	4	13	8	14	17	7	2	7	20	15	8	18	15	5	15	11	11	7	15	13	17	3	17	6	6	19	7	3	7	15	14	16	13	12	9	15	17	3	4	13	12	18	1	15	3	13	12	5	11	9	19	1	17	7	9	11	9	16	15	18	2	10	5	13	15	4	8	6	15	17	2	17	2	1	8	20	20	6	5	16	3	15	17	1	13	19	10	10	17	14	16	18	9	13	17	2	19	18	12	5	14	8	6	10	4	6	11	2	14	4	8	8	9	3	15	15	6	5	1	17	10	5	13	14	18	10	7	1	15	16	1	17	6	4	6	19	19	12	11	18	5	11	12	9	4	16	3	2	16	11	16	9	4	5	4	16	7	20	5	8	8	19	7	6	14	9	8	2	16	18	4	10	9	15	13	15	15	14	11	1	20	4	1	2	8	5	5	20	6	17	11	4	14	13	10	18	8	19	17	13	14	7	18	12	11	11	1	9	2	15	8	17	14	13	7	1	10	4	13	14	10	12	20	1	15	3	8	19	10	12	8	8	9	4	14	15	19	7	14	15	19	6	6	19	8	14	19	14	13	17	2	14	14	20	7	16	17	18	3	1	1	11	20	1	16	5	7	3	4	7	5	6	9	1	6	1	20	17	4	11	14	15	11	14	20	9	18	11	15	19	15	3	17	14	18	15	17	8	18	16	2	5	12	15	8	10	7	16	4	9	2	5	7	2	14	16	6	15	14	12	7	20	13	3	13	2	16	2	11	19	13	18	5	3	5	12	20	20	8	20	17	18	13	1	9	18	6	14	12	17	17	16	2	8	12	12	2	19	9	1	5	6	18	20	7	12	10	12	2	16	16	12	11	8	7	17	6	17	10	18	20	3	13	2	7	5	9	17	4	14	10	5	16	16	11	2	6	12	5	1	14	19	3	16	19	9	19	10	19	17	18	19	14	2	2	1	2	2	6	7	19	10	1	9	3	7	18	1	10	5	4	15	19	7	19	12	20	20	19	5	4	18	3	20	12	2	3	14	13	17	4	6	15	3	12	7	15	3	14	9	3	16	4	13	20	16	8	1	7	4	9	5	3	12	14	7	16	19	6	15	1	16	12	6	12	9	12	1	5	3	19	18	1	3	6	1	3	2	2	8	14	12	20	10	15	12	17	11	20	1	2	13	14	9	8	19	17	17	1	1	7	5	4	20	9	12	8	18	2	5	4	6	17	20	18	17	16	1	3	11	5	16	8	14	17	14	17	11	7	13	9	2	6	13	12	10	13	9	7	13	15	12	2	2	13	12	14	5	3	1	4	4	14	4	5	9	1	8	14	2	2	10	6	12	3	13	16	5	1	14	6	3	16	15	11	13	6	3	14	12	7	2	13	14	10	1	4	9	1	11	11	1	10	11	8	3	8	14	1	2	3	10	8	16	10	6	3	4	6	4	14	2	11	15	15	13	12	6	11	6	4	2	9	3	11	3	8	7	2	9	3	7	8	16	10	2	16	9	1	10	5	6	16	5	2	14	3	15	16	13	1	13	6	15	16	13	7	6	2	4	10	3	12	11	2	1	16	5	12	16	9	14	12	3	10	6	16	10	12	3	7	11	10	7	11	6	7	9	13	1	14	13	7	11	16	13	15	8	14	4	15	11	4	11	12	11	14	10	6	16	7	10	11	4	15	8	13	2	12	7	4	7	15	8	4	7	1	8	9	3	5	4	3	4	8	12	2	12	10	10	4	4	14	16	12	4	1	10	6	7	4	15	10	6	6	12	5	2	5	1	11	6	14	13	7	13	11	10	3	6	1	13	6	6	2	15	11	16	2	5	2	13	4	11	14	3	3	14	3	3	6	1	3	5	3	9	9	4	9	9	4	2	1	2	1	14	5	3	2	16	13	7	16	7	11	3	2	2	16	10	3	15	16	4	3	4	7	1	9	4	10	7	15	5	13	2	8	12	1	16	15	7	11	12	1	2	14	10	6	13	13	14	8	16	8	15	6	4	10	4	2	10	1	12	6	15	15	16	4	6	10	8	14	15	11	12	4	3	4	1	12	14	9	14	2	5	6	4	13	11	12	9	11	9	2	4	11	8	7	4	11	10	10	8	16	13	1	10	7	10	6	4	5	11	9	4	15	16	7	3	3	10	13	10	3	13	16	5	5	3	1	14	10	3	11	13	1	6	8	3	14	7	5	5	13	13	11	10	13	13	11	2	10	11	14	16	13	4	15	16	6	12	4	14	12	2	12	5	1	7	12	7	12	2	6	9	7	16	4	2	7	2	1	12	4	10	10	16	5	14	11	8	8	7	1	16	3	1	3	1	4	4	8	7	4	14	10	4	8	2	3	1	2	14	11	2	14	4	15	6	15	3	12	6	11	1	8	7	5	11	10	12	9	2	1	6	7	13	7	9	7	14	9	4	4	7	8	11	9	14	15	13	3	7	11	5	1	14	15	12	15	7	10	9	2	7	12	2	12	7	13	6	12	9	2	9	10	1	14	13	8	13	3	2	12	8	16	7	11	3	6	1	16	14	2	12	11	1	16	13	11	2	4	4	10	13	1	10	7	15	8	1	7	13	13	16	9	12	14	14	4	7	3	9	2	12	8	1	6	9	7	5	14	3	13	16	3	11	12	6	16	8	5	1	9	16	3	15	11	12	11	16	13	4	2	8	10	13	1	16	6	5	6	10	12	1	6	9	4	5	6	3	3	10	7	16	15	12	12	4	16	9	10	1	13	2	16	9	7	12	12	4	11	13	12	7	12	3	5	7	1	15	2	16	5	12	5	15	3	5	9	10	8	12	15	2	11	9	12	15	1	15	5	2	11	10	3	15	3	3	12	4	2	9	8	16	2	5	11	3	5	3	2	9	9	15	10	13	11	16	7	15	1	7	12	14	3	1	3	2	11	9	10	9	3	3	14	8	4	14	15	8	1	10	5	11	13	2	13	10	4	6	8	7	5	16	2	13	12	16	13	6	10	10	7	2	1	4	13	3	13	8	11	5	2	8	8	9	14	1	7	7	16	4	15	7	8	10	3	9	13	2	6	1	8	6	8	11	8	7	7	1	2	2	15	11	13	3	10	4	13	16	12	12	16	11	6	10	8	13	11	15	15	12	3	13	12	2	10	8	1	5	8	7	2	16	9	9	8	2	8	9	12	2	13	11	8	11	10	16	11	16	8	3	8	5	6	6	13	13	8	6	10	16	12	12	1	16	2	5	5	13	2	9	14	15	13	8	7	2	8	10	15	12	8	6	14	5	9	4	4	7	8	9	1	14	7	11	10	10	1	14	15	6	13	2	5	11	10	15	12	4	15	8	8	8	6	10	1	12	8	10	13	16	16	9	8	15	9	13	8	5	13	16	13	8	16	4	2	12	16	16	5	13	10	16	13	8	4	1	2	4	5	5	2	9	3	14	14	16	10	14	1	3	14	14	14	14	11	9	12	11	14	3	2	8	1	11	1	13	10	2	13	12	1	12	9	5	14	15	9	1	16	16	10	15	1	10	15	1	3	6	16	4	9	3	2	14	13	3	15	12	3	5	9	2	6	11	4	10	7	9	6	16	13	14	4	3	12	12	12	13	7	2	2	10	6	3	13	10	10	13	8	14	2	11	7	12	14	12	2	15	9	2	16	1	7	2	14	15	3	12	12	6	15	12	12	1	1	14	15	3	2	8	9	12	2	14	11	11	4	1	7	1	4	7	10	8	7	15	12	2	15	4	12	9	11	14	4	4	10	10	10	6	16	4	1	9	2	16	5	7	10	11	1	6	10	3	1	6	7	3	3	14	4	3	7	9	7	1	8	4	3	2	5	15	2	12	11	11	5	16	11	5	4	15	10	2	1	12	1	15	16	5	10	7	7	7	11	6	7	15	15	14	4	8	4	3	4	4	4	2	16	12	2	1	14	4	11	4	1	6	4	8	12	9	4	12	7	9	1	3	10	7	9	9	1	12	15	8	1	11	13	4	10	1	3	15	2	16	1	16	4	2	12	11	2	10	2	6	8	6	5	9	10	15	1	2	10	9	14	7	9	10	14	12	8	9	4	13	6	13	4	3	5	11	16	5	7	14	4	8	2	7	7	4	8	6	2	8	15	16	12	5	2	9	5	16	4	16	10	9	1	4	14	11	6	1	15	12	7	7	15	8	7	1	6	16	13	9	10	7	14	6	15	14	1	10	11	14	6	1	3	3	8	1	10	3	13	8	7	14	15	4	8	15	10	14	9	10	12	9	4	12	15	4	13	3	14	14	1	16	11	3	9	12	10	7	2	8	9	11	7	2	2	5	3	4	1	12	12	11	12	9	8	4	9	11	7	14	13	14	2	7	8	9	5	2	8	13	11	6	16	14	15	13	4	10	5	9	16	5	16	1	1	3	6	12	11	10	15	12	16	11	9	3	5	10	10	9	14	14	10	1	10	8	7	12	8	10	1	15	7	8	11	15	11	3	11	1	13	7	13	10	11	2	6	4	5	16	14	14	16	8	7	9	2	4	12	2	12	8	2	14	4	10	9	12	9	8	4	2	5	3	15	14	13	12	6	3	10	5	2	7	11	10	12	8	8	11	1	6	6	16	7	16	3	1	4	2	13	8	16	12	3	16	5	13	8	5	15	6	5	13	16	8	7	12	10	1	16	7	4	3	14	15	10	3	16	16	1	8	3	2	6	2	13	3	6	8	15	9	15	4	2	2	8	12	16	16	16	16	9	13	4	14	1	15	2	11	5	1	8	12	11	2	8	15	13	6	11	9	10	14	13	4	6	9	11	7	15	9	12	12	16	8	2	11	8	1	1	8	5	12	5	11	8	12	14	7	16	5	6	13	5	10	11	5	7	4	13	6	4	2	13	9	12	13	9	13	5	14	10	4	3	2	5	6	11	13	14	10	12	2	12	4	12	1	5	8	10	1	2	5	5	5	7	12	12	14	5	13	3	5	3	1	3	4	7	5	8	3	16	7	14	16	9	9	11	6	3	12	1	7	15	12	6	9	6	12	9	2	2	13	10	12	11	8	6	6	13	13	14	2	11	16	13	14	8	8	8	7	13	15	10	13	16	6	13	12	14	15	11	15	11	2	5	2	1	13	8	13	7	9	7	3	9	16	7	15	13	8	7	4	5	7	11	10	9	15	4	12	3	6	3	7	13	14	15	10	14	13	1	5	4	2	5	6	4	4	16	13	4	15	11	8	11	4	15	2	14	5	1	6	8	8	14	3	13	8	6	10	4	11	4	15	8	11	6	6	1	16	1	2	15	9	14	6	4	12	15	4	3	9	16	12	3	4	4	1	3	7	9	4	1	6	4	5	12	6	15	6	16	1	13	3	8	6	14	9	2	15	11	2	3	13	3	11	12	6	4	6	11	1	12	2	10	12	13	6	10	14	2	9	5	13	1	6	11	3	10	6	6	7	10	3	15	2	7	9	5	13	9	4	11	8	13	13	10	4	7	10	11	15	12	16	11	9	15	1	8	4	11	8	9	2	10	12	12	11	8	10	7	10	11	7	13	7	3	14	1	6	9	6	2	3	16	5	15	2	7	3	16	8	7	7	9	9	5	2	2	1	9	9	12	8	9	12	15	1	16	13	4	5	9	5	12	15	9	3	13	14	1	8	5	4	5	2	2	11	5	16	1	9	11	5	12	2	14	5	12	7	4	14	13	7	8	13	3	10	6	9	10	2	1	2	1	13	15	16	13	16	3	14	6	5	14	15	2	13	4	10	5	4	7	10	10	5	3	13	3	1	9	16	5	10	8	6	12	9	8	1	2	16	14	13	13	1	9	3	1	10	9	15	11	7	16	5	2	16	14	3	15	9	3	3	4	16	3	3	14	15	2	7	2	14	1	3	15	15	9	10	1	8	7	4	9	4	15	10	8	2	15	11	11	7	8	11	5	9	7	6	5	13	9	1	7	12	11	8	6	14	15	11	2	15	6	6	5	9	3	10	13	13	11	2	11	9	14	9	13	14	11	11	1	15	16	8	15	15	10	9	14	16	5	8	16	15	15	9	5	13	9	14	13	3	15	5	6	13	10	1	13	7	3	10	10	6	2	13	6	14	4	13	2	4	5	5	3	2	8	7	10	5	15	11	2	7	15	11	8	7	3	4	4	2	3	5	13	16	2	15	11	1	2	16	9	1	12	13	8	15	8	11	14	13	11	9	7	3	16	9	2	4	14	4	1	13	4	10	13	6	9	12	1	13	12	1	16	11	16	5	15	3	4	10	10	4	16	8	14	14	9	13	1	12	4	3	11	1	4	7	5	13	13	9	8	12	8	10	11	14	5	13	1	13	4	4	11	6	2	10	9	10	12	1	3	5	10	4	2	11	3	13	14	10	13	9	14	5	7	5	12	10	7	15	1	6	9	7	6	16	4	4	8	5	7	5	14	5	4	5	3	1	8	10	5	11	12	8	3	9	8	8	10	2	14	13	11	14	7	5	10	11	11	2	10	4	11	11	12	1	4	3	11	11	16	3	13	13	9	12	5	8	7	7	6	10	9	13	3	7	4	12	10	8	9	14	12	10	12	16	11	11	6	8	15	4	1	9	3	9	14	2	1	5	8	5	1	11	9	6	13	13	13	3	6	5	5	5	9	10	6	14	10	13	6	11	12	13	14	3	6	1	14	14	15	14	16	15	4	2	11	11	15	15	2	1	5	8	10	10	7	4	15	12	5	1	8	2	15	8	9	16	4	7	4	14	3	15	10	14	10	16	6	9	13	10	7	7	3	10	6	7	5	9	11	3	1	15	9	9	2	13	10	15	7	15	11	13	2	10	5	3	1	15	9	13	12	4	7	14	8	8	8	7	10	10	9	14	6	9	12	16	3	13	5	1	7	14	9	2	10	7	9	2	12	2	15	1	8	2	12	11	3	16	6	6	1	5	2	4	15	1	9	1	6	1	8	8	13	16	13	2	3	7	2	1	9	14	2	4	5	4	11	3	9	8	8	12	5	3	14	13	4	12	3	6	7	15	1	1	10	4	1	9	3	13	3	6	1	10	13	16	12	9	6	14	16	16	5	11	7	10	9	3	15	16	15	3	2	5	4	5	2	5	11	7	11	7	16	11	11	14	7	9	2	4	1	14	13	5	10	6	16	10	6	9	3	11	9	12	14	8	13	12	4	14	13	11	5	10	6	9	13	1	14	5	2	11	7	5	4	6	16	8	6	7	13	4	6	13	5	16	16	15	1	16	16	6	7	2	3	12	15	13	13	10	11	5	8	9	8	14	13	5	1	7	8	16	3	3	3	1	10	9	2	4	12	5	12	3	8	15	8	10	4	10	11	3	6	9	5	8	4	12	4	2	14	1	10	3	4	6	4	16	13	9	5	9	4	8	4	10	13	6	14	7	14	7	7	8	9	10	8	13	2	4	16	12	10	2	7	5	15	5	9	16	8	11	12	16	8	6	5	12	9	10	7	11	8	8	1	15	4	2	1	3	5	9	1	10	1	4	6	1	7	12	15	12	13	15	3	15	13	4	15	11	10	11	3	10	13	3	3	14	13	13	8	10	10	3	8	13	13	4	3	12	2	5	6	15	14	7	12	7	2	1	13	13	7	16	11	1	2	8	2	6	9	5	6	16	1	16	14	16	8	6	3	7	6	9	12	15	3	10	7	13	16	12	13	4	13	16	1	8	1	8	15	16	6	1	4	7	5	3	1	15	11	8	9	2	13	2	10	4	6	15	13	6	15	2	1	13	14	2	11	2	7	6	6	1	3	12	13	1	7	10	13	8	6	4	5	4	5	16	9	5	12	14	4	5	15	11	15	3	12	10	13	11	15	1	13	4	7	11	6	14	10	8	16	2	4	1	4	4	7	6	13	8	2	12	9	2	11	9	5	14	15	13	2	5	16	11	10	6	3	3	13	5	7	11	4	15	10	10	14	4	2	12	16	3	1	10	2	8	7	5	16	11	3	6	4	2	16	13	8	2	15	9	1	4	15	3	7	3	7	2	14	5	4	4	8	15	7	14	3	13	8	10	9	1	14	14	5	1	11	5	10	11	12	6	6	2	14	13	9	9	10	12	13	10	6	11	14	10	12	9	10	3	4	12	12	9	15	7	6	6	8	7	11	6	15	16	6	2	2	5	7	16	4	15	6	16	16	7	5	16	8	15	15	10	12	3	15	11	4	8	4	7	16	13	1	10	7	16	15	11	16	1	6	6	14	15	10	14	1	6	10	6	11	3	1	8	1	5	11	5	2	12	15	2	1	13	16	8	5	11	2	14	3	6	7	14	13	2	10	6	2	7	5	12	6	6	16	13	4	5	9	4	15	16	4	13	4	3	8	6	16	15	15	1	8	12	10	13	16	9	10	2	4	10	11	5	8	11	13	3	14	8	14	10	13	3	14	11	13	10	16	15	4	13	15	10	1	7	1	14	11	14	13	11	16	11	13	13	16	5	14	11	3	15	4	4	11	14	13	5	11	2	10	1	2	13	6	1	9	7	12	12	10	16	9	5	15	7	5	14	15	12	14	15	3	13	13	6	14	16	14	7	7	12	14	5	2	11	4	3	6	12	15	9	1	12	5	5	10	5	10	11	6	5	10	4	15	15	5	15	14	9	11	1	5	2	4	11	11	6	14	7	15	11	9	9	11	15	12	7	3	9	11	11	3	3	15	12	12	14	4	7	16	10	12	4	8	11	9	10	5	2	8	6	15	4	8	2	9	1	10	5	12	9	11	1	13	2	9	2	11	2	11	10	6	7	14	2	4	7	15	14	3	7	12	9	2	13	6	8	16	4	2	10	12	16	16	13	10	2	12	13	13	2	14	2	9	13	9	12	11	3	6	5	4	13	16	16	9	11	4	16	2	16	1	3	11	7	6	13	1	2	13	11	3	10	14	12	2	13	7	11	1	16	11	4	7	12	15	2	13	6	12	3	14	16	13	1	3	10	1	15	12	11	10	16	11	16	13	4	11	15	10	7	10	6	9	15	1	14	9	4	13	11	13	1	9	7	12	5	2	11	6	16	7	10	15	16	7	14	4	3	13	3	8	15	9	10	11	2	7	12	2	9	6	10	14	7	1	5	5	16	4	6	1	11	2	11	3	3	2	1	4	3	16	8	11	9	2	14	14	10	7	10	16	8	7	2	9	1	5	14	12	12	6	2	13	5	11	7	15	15	2	11	5	8	1	1	10	3	11	3	6	12	16	15	6	8	14	16	9	6	8	1	12	16	11	11	1	12	8	2	8	8	10	9	11	11	8	11	3	10	2	2	11	12	1	2	13	9	3	14	15	11	4	5	12	15	8	6	6	5	16	1	6	8	1	4	10	16	3	10	16	12	8	10	5	15	12	7	2	9	5	8	5	1	14	6	13	2	5	7	1	8	14	14	2	8	7	13	14	10	10	5	10	9	12	7	10	3	6	15	9	9	16	9	13	7	10	10	4	15	8	11	13	1	6	2	11	3	11	16	3	11	6	2	15	7	2	15	15	7	8	13	15	5	5	8	11	7	14	5	11	16	8	9	12	15	13	15	6	8	4	10	15	11	11	6	8	3	16	3	10	7	7	13	10	13	6	3	9	13	13	14	10	2	10	8	8	2	7	10	3	4	2	3	8	5	2	9	12	5	15	11	6	16	2	8	13	15	3	7	1	16	8	4	6	7	10	11	12	4	3	10	1	6	10	11	10	8	6	8	1	11	16	10	10	16	6	15	12	16	16	3	15	12	14	11	14	3	14	5	12	14	2	12	6	7	8	3	15	12	4	14	3	5	6	3	5	1	15	7	13	13	5	9	3	3	9	10	3	7	10	8	11	10	16	10	1	6	9	12	7	3	8	12	13	1	8	5	8	3	13	4	4	12	9	1	16	3	8	6	15	10	15	6	2	15	14	12	2	7	8	14	16	16	7	1	3	14	1	15	6	9	15	11	13	7	14	9	8	14	9	8	2	1	12	13	9	13	1	2	3	7	13	15	9	13	7	1	4	13	13	14	9	14	3	13	6	13	12	15	3	8	13	11	10	8	4	16	10	15	1	15	2	15	2	1	6	16	5	1	7	13	7	15	4	16	13	8	10	12	2	11	11	3	1	10	9	7	3	9	13	16	10	12	2	15	13	8	15	10	11	1	10	1	16	16	2	4	16	3	3	6	5	6	13	14	10	11	2	5	9	15	1	15	14	6	3	5	16	16	14	2	3	13	14	9	1	15	16	4	14	8	12	14	15	15	15	5	1	5	11	5	1	14	6	2	4	9	9	11	11	2	14	6	7	11	1	8	12	16	4	5	15	8	6	16	4	13	12	14	4	10	3	5	5	8	7	5	12	13	7	5	4	1	3	11	1	10	2	4	12	5	2	5	13	5	15	7	13	10	1	1	5	8	3	11	12	1	8	14	1	11	15	6	12	16	12	12	16	6	6	8	4	11	6	6	16	2	3	11	6	11	4	5	15	6	9	10	14	14	4	12	10	2	6	8	7	13	10	6	5	5	12	2	4	12	4	4	16	14	9	7	15	12	1	16	10	13	11	4	8	12	12	5	10	6	2	13	5	5	11	16	8	9	12	11	7	4	7	14	6	7	16	4	7	5	16	9	3	9	6	12	6	12	5	4	12	1	14	6	10	5	8	1	12	16	9	11	14	9	11	1	8	10	15	4	4	11	5	11	16	3	12	2	2	14	1	4	12	7	7	6	9	3	5	7	13	6	6	11	11	11	5	11	16	6	8	8	9	3	12	10	2	7	6	6	9	9	2	11	11	7	14	2	11	7	8	2	3	11	1	9	2	1	13	7	5	7	4	3	4	2	6	5	13	3	6	12	14	2	8	5	8	6	13	8	15	10	13	6	5	13	1	9	7	11	2	13	10	7	6	6	3	11	11	7	14	13	13	13	2	11	3	4	4	12	7	6	7	5	1	7	3	8	13	10	4	15	12	9	3	5	9	4	1	9	1	11	10	3	10	2	11	4	12	16	1	11	7	13	6	11	13	16	5	15	10	15	7	1	9	14	10	2	6	7	8	2	4	6	14	15	9	5	15	4	2	16	15	12	15	4	14	15	1	7	7	5	7	10	14	8	3	16	16	3	4	2	14	13	13	2	4	13	3	8	4	5	3	6	10	5	16	3	15	8	9	6	2	11	16	6	8	3	16	8	6	6	6	6	8	11	6	1	9	11	12	3	11	6	1	15	16	5	10	10	12	10	1	6	13	11	5	9	9	15	11	14	5	12	4	11	1	1	10	13	9	13	8	1	11	12	1	2	15	4	12	12	8	9	14	3	6	6	5	16	16	13	4	15	15	1	10	6	4	9	6	3	11	6	7	7	5	4	1	15	4	10	14	12	12	2	14	7	1	15	1	16	5	4	13	6	1	6	12	16	1	2	8	7	9	8	8	3	10	1	13	9	12	16	9	3	7	13	11	2	12	11	13	10	15	12	11	8	1	8	9	14	8	16	16	11	4	8	15	10	13	6	6	1	11	7	14	15	10	10	3	1	13	15	15	15	4	7	13	6	10	1	4	16	6	1	6	16	15	2	11	9	3	10	7	9	7	12	1	13	11	8	7	13	10	5	2	6	4	13	3	7	5	10	13	13	5	15	8	9	14	5	3	10	11	3	13	10	9	4	4	5	15	1	10	6	14	3	5	1	15	14	5	5	2	3	2	3	15	11	5	9	5	15	5	6	2	16	11	2	16	13	14	1	13	4	1	13	8	2	15	1	3	9	12	9	7	11	15	12	11	11	13	4	2	15	7	11	14	4	6	5	15	11	11	1	6	9	12	6	1	8	3	1	7	8	5	9	3	15	14	14	13	1	12	1	16	12	4	10	8	6	8	15	5	15	13	2	5	12	4	10	5	5	1	9	16	9	2	13	8	2	2	7	9	13	1	5	1	1	9	8	1	4	12	2	7	10	12	9	8	11	15	10	1	15	1	16	6	10	5	9	5	14	3	8	4	8	7	15	2	9	8	12	14	6	6	15	3	6	7	1	6	8	8	11	6	9	11	10	1	14	6	9	14	5	12	7	5	9	11	16	12	15	10	8	13	13	13	6	2	9	12	15	5	16	2	9	8	10	8	6	4	3	16	9	3	10	6	13	14	13	10	5	7	16	13	7	5	11	5	3	7	8	7	3	3	15	15	15	10	15	9	4	3	11	13	14	2	2	15	13	4	6	13	2	12	14	11	9	15	12	6	10	12	12	14	4	7	9	9	12	5	8	14	1	15	9	9	5	1	6	15	4	11	3	3	16	12	2	16	6	13	6	10	2	11	4	13	7	5	3	4	14	3	9	11	15	15	8	9	7	6	13	5	6	16	3	11	12	14	1	5	16	2	4	8	5	8	6	11	2	12	1	5	7	8	10	9	2	1	13	15	2	6	6	13	16	3	12	15	1	9	16	11	16	3	4	2	10	12	9	6	15	12	12	16	7	4	13	7	13	8	2	16	15	10	14	6	13	7	15	5	5	13	8	1	3	5	12	5	8	4	13	11	15	15	12	8	11	9	5	16	9	7	8	3	1	12	11	15	3	2	14	3	11	14	2	14	6	12	15	1	6	14	15	5	2	2	3	1	15	10	2	9	16	2	6	12	11	1	1	10	1	16	12	7	14	6	10	2	11	6	9	7	3	4	10	8	2	3	3	1	5	5	7	15	10	9	4	3	4	4	1	7	10	4	1	4	6	13	8	12	15	10	11	15	5	16	12	13	13	11	13	4	3	14	13	8	7	5	15	13	4	12	10	2	13	16	8	14	11	4	3	13	6	7	14	3	10	14	10	2	15	7	10	3	9	2	15	12	16	13	7	2	13	14	1	1	8	14	11	3	6	16	7	9	5	5	8	4	9	5	16	6	15	5	15	1	1	16	6	5	13	8	12	9	12	13	10	3	16	12	7	6	13	12	2	13	13	11	12	2	4	11	4	3	3	3	5	4	12	5	4	8	9	10	5	3	15	7	5	3	14	2	6	6	2	14	10	9	5	9	3	8	5	9	13	8	1	1	10	12	15	2	10	12	11	14	6	8	3	14	10	11	5	16	12	12	10	5	10	8	10	10	8	14	9	12	14	16	5	3	5	12	2	3	9	10	1	10	13	2	8	3	12	15	8	14	1	4	12	3	2	15	16	13	1	7	1	13	5	8	2	5	12	9	14	11	6	4	8	9	12	14	16	2	3	8	9	14	1	3	4	13	16	1	13	16	4	5	7	5	15	3	16	2	4	16	11	10	6	7	12	12	12	16	5	5	1	14	9	1	12	14	1	6	8	16	3	7	9	15	9	4	2	9	15	6	10	7	10	16	9	7	13	5	14	12	5	15	10	1	2	5	1	8	8	1	6	14	16	15	3	11	6	4	11	8	8	14	13	13	5	2	3	9	1	16	5	13	2	5	9	7	13	2	3	4	6	8	8	3	16	6	13	10	7	11	7	10	13	4	12	4	14	7	3	9	8	2	1	13	10	10	5	7	1	10	12	16	7	3	4	9	10	1	3	1	5	3	8	1	9	1	16	16	5	13	13	6	15	7	7	7	6	1	1	5	7	5	8	2	12	6	13	16	15	2	9	15	2	9	10	5	16	3	3	16	16	1	5	14	12	15	9	11	10	1	14	8	3	10	16	15	3	3	2	14	15	14	2	3	10	11	16	9	14	16	4	13	6	14	1	3	2	6	1	13	4	3	5	15	8	5	11	13	1	11	7	8	1	10	15	16	16	6	11	15	7	10	16	6	1	14	7	2	16	10	14	2	12	12	7	1	11	4	5	5	14	16	16	11	11	1	14	13	11	8	5	1	10	3	4	6	3	2	6	12	8	7	5	14	3	6	8	3	13	9	9	4	11	15	8	10	3	5	5	5	1	1	3	1	3	2	5	11	3	11	9	1	4	8	4	14	7	7	7	3	7	13	4	3	6	8	6	1	2	16	15	9	9	5	7	16	3	1	3	2	6	14	11	7	16	3	14	9	11	8	10	16	12	14	3	1	12	15	14	10	9	12	16	13	6	4	1	3	8	6	14	6	16	12	5	10	15	14	6	15	6	8	16	16	3	16	16	4	3	15	1	16	11	4	11	2	2	2	15	14	7	2	15	9	14	6	11	7	16	12	3	12	4	3	11	13	8	11	13	6	9	6	13	7	13	13	15	13	2	3	15	5	8	14	11	13	1	8	11	4	14	3	4	12	12	11	6	3	16	8	15	7	6	12	12	11	2	15	12	
120	960	300	900	780	710	860	870	700	490	400	590	920	630	300	160	460	400	780	880	440	720	440	710	650	290	520	420	350	580	640	330	450	700	130	780	230	780	460	710	540	550	150	910	750	500	640	960	810	850	600	230	1000	860	410	460	350	260	590	730	190	530	810	600	460	120	610	560	640	120	500	430	770	470	270	390	320	670	320	820	190	400	450	500	920	550	230	300	640	270	320	450	910	220	500	320	750	710	430	700	650	340	730	630	880	750	250	370	980	930	670	430	130	440	830	630	760	940	630	500	540	200	900	790	910	180	230	580	940	340	890	620	770	930	970	690	890	780	170	810	490	490	890	380	880	260	790	860	160	930	500	810	580	300	510	310	950	740	130	310	780	260	780	190	610	630	1000	350	780	390	890	480	910	570	820	630	1000	250	930	780	810	790	550	270	290	710	570	610	750	820	180	590	360	900	360	970	280	370	200	990	450	250	430	990	150	310	990	450	140	150	880	130	460	840	770	810	880	500	410	820	500	640	460	520	810	510	630	320	830	270	560	890	100	430	630	460	310	620	550	990	990	950	660	840	950	220	410	610	470	800	190	110	230	180	220	270	340	200	840	180	390	480	350	230	680	330	800	970	520	870	510	380	110	880	340	290	590	810	460	860	190	760	820	500	910	650	370	790	880	950	1000	640	150	160	700	850	490	900	130	800	900	150	940	780	280	150	160	460	500	930	170	570	140	520	640	180	980	210	240	500	750	170	420	180	980	620	480	320	330	970	860	980	1000	330	590	400	870	790	670	960	810	670	620	770	780	820	980	130	360	370	410	630	460	840	570	510	820	180	540	290	150	780	360	750	110	250	290	400	440	850	680	730	580	870	1000	890	450	500	930	360	660	660	320	940	370	400	990	890	430	510	120	910	500	590	740	1000	560	360	400	510	580	350	520	390	840	730	650	640	510	840	740	920	310	110	550	350	540	210	190	180	270	280	800	150	110	130	790	430	350	400	600	530	750	770	850	470	240	800	330	550	590	750	840	530	940	110	560	380	770	780	590	640	960	970	280	260	610	740	1000	500	850	790	490	900	850	940	360	760	240	680	560	400	430	730	160	530	350	400	180	570	540	840	960	170	340	580	140	120	550	400	170	850	550	490	680	640	800	280	530	690	290	340	860	690	860	800	550	820	670	400	860	500	580	230	800	490	690	380	970	730	400	620	480	870	860	800	970	470	430	390	770	860	590	780	680	140	840	190	220	310	820	520	300	140	260	680	570	300	610	470	210	320	130	280	800	350	340	430	880	700	410	150	260	200	400	340	460	610	450	790	410	630	760	420	910	580	730	390	110	810	570	220	720	440	840	840	250	360	970	460	530	310	770	520	110	780	790	100	170	290	710	160	340	100	580	290	760	150	240	380	540	350	670	650	820	420	860	510	800	970	210	850	980	450	680	840	470	830	780	940	100	300	870	970	890	710	370	160	140	660	870	760	1000	730	900	880	700	310	380	470	740	430	860	880	440	290	380	240	470	440	690	300	220	730	940	670	530	700	300	210	1000	550	370	340	350	120	940	720	810	350	970	770	710	970	510	510	710	570	150	870	850	860	540	330	240	610	940	800	960	770	710	120	990	830	550	510	220	800	620	660	170	380	280	910	910	110	1000	560	290	730	880	440	130	260	580	490	1000	620	680	950	790	790	1000	910	350	110	170	740	740	810	940	460	490	760	370	940	720	770	360	270	420	460	370	640	620	220	690	120	730	520	570	150	990	700	570	980	780	600	530	690	250	700	520	690	890	170	580	950	260	250	120	730	430	100	740	440	680	110	810	480	300	250	800	390	960	510	160	820	700	230	800	930	890	670	540	510	750	250	100	330	370	230	480	350	680	870	940	470	490	440	520	300	160	520	720	280	320	730	910	980	570	100	1000	500	260	1000	300	630	670	500	460	510	390	890	970	110	960	990	140	170	880	490	850	140	890	840	270	420	990	900	670	210	580	930	690	730	720	300	220	300	230	880	720	290	890	690	570	460	370	350	770	650	570	550	270	330	610	350	810	280	970	550	140	520	780	780	890	630	290	520	830	870	200	480	210	410	670	550	280	600	690	420	690	840	940	200	860	660	570	530	440	890	670	250	630	240	990	710	980	620	450	770	800	100	600	670	840	610	470	1000	140	460	330	730	460	770	450	450	210	100	930	620	390	860	1000	200	480	540	340	490	180	500	700	450	830	270	870	740	190	280	250	300	820	560	830	290	700	220	310	660	510	320	500	190	410	270	810	230	930	960	230	190	430	320	690	280	450	300	350	960	890	270	860	930	900	440	610	480	540	280	190	640	560	550	190	370	760	150	450	200	470	650	780	650	380	250	230	460	910	780	420	730	360	980	450	430	790	270	300	370	320	630	220	330	930	900	620	640	750	830	330	930	260	680	630	140	870	190	300	440	620	730	700	580	530	870	400	650	790	420	890	590	380	740	250	720	770	540	920	340	240	500	550	580	490	410	850	770	560	890	780	520	120	610	780	670	340	580	110	950	530	350	120	330	560	680	950	260	430	800	980	610	410	250	370	460	560	570	540	860	410	370	930	440	490	470	520	210	440	650	110	430	960	640	310	350	210	540	140	950	970	600	900	790	710	320	680	800	780	840	650	450	380	850	920	460	970	550	1000	200	630	640	400	680	190	540	930	500	800	190	740	210	620	120	600	100	660	250	150	620	640	540	140	200	220	560	750	620	240	280	120	940	930	130	730	210	290	780	740	790	590	270	490	900	500	790	300	260	950	720	200	410	280	660	980	780	160	200	920	160	350	560	450	370	550	920	490	200	440	790	590	760	700	1000	990	310	770	470	490	770	300	520	710	360	660	480	370	130	500	660	760	520	150	180	240	730	210	410	390	600	510	240	200	650	510	170	840	280	510	650	280	810	570	800	470	930	550	520	770	780	290	260	160	250	990	860	400	750	170	860	430	730	290	760	180	650	740	620	150	200	350	980	400	590	860	740	190	360	110	190	780	840	690	800	730	500	720	400	260	350	940	580	390	850	700	790	990	620	690	570	450	530	110	350	400	750	680	630	260	610	840	810	420	860	960	530	360	110	710	580	500	200	460	790	890	790	770	700	550	240	520	410	700	690	310	430	720	220	940	970	220	330	900	540	370	470	820	260	160	980	400	890	120	760	150	350	400	650	130	320	870	750	450	870	370	890	480	190	710	280	290	570	880	910	180	710	860	400	340	430	390	170	450	530	680	140	490	740	890	600	960	810	890	260	820	130	840	310	650	520	330	180	720	550	1000	860	830	640	250	860	240	820	860	470	180	660	850	670	650	230	910	680	610	570	670	740	420	140	210	500	700	360	610	600	710	290	780	260	300	350	930	240	320	340	650	870	700	840	390	440	130	560	900	370	380	390	970	930	530	270	180	600	150	210	830	820	100	600	730	910	510	750	1000	330	170	810	720	840	520	560	270	950	680	630	530	540	680	310	920	600	380	100	490	360	780	760	270	740	850	1000	700	200	100	170	490	690	770	160	630	490	270	580	570	450	630	160	880	310	460	610	170	650	960	440	240	260	950	490	610	620	340	500	490	120	620	490	560	110	750	240	880	260	520	200	290	860	910	530	990	400	440	510	390	490	680	600	450	710	820	470	560	320	170	200	780	370	480	330	170	100	870	270	340	200	130	750	110	480	870	950	950	900	650	990	820	270	120	120	430	830	110	490	180	230	550	150	500	210	550	990	960	910	880	820	340	310	590	690	980	960	820	300	120	830	940	150	370	710	760	970	920	710	210	650	720	900	980	660	670	180	820	470	930	270	250	330	590	950	380	110	850	950	940	890	360	550	950	610	530	710	930	470	880	970	210	870	680	670	950	960	1000	310	1000	1000	1000	650	670	610	220	150	440	680	210	360	710	650	170	320	140	330	390	630	290	290	520	750	310	370	390	720	450	910	290	710	550	450	780	240	850	820	970	400	710	730	460	990	850	900	530	100	780	740	670	820	200	620	570	820	450	610	540	320	390	910	1000	820	580	510	540	620	170	910	560	800	520	530	360	900	640	290	580	100	170	240	850	930	960	600	970	290	460	760	1000	920	340	880	510	690	530	140	520	780	220	820	530	830	450	740	150	780	100	590	220	460	890	530	110	600	830	940	710	1000	860	640	530	880	990	550	310	660	560	370	650	270	510	250	240	220	320	720	600	600	840	590	590	410	440	110	330	450	140	600	770	720	860	790	640	120	1000	740	330	140	680	550	210	950	380	790	650	460	850	360	900	150	770	780	590	380	180	910	640	860	540	510	290	960	310	970	510	890	290	120	700	410	450	320	220	420	860	570	370	460	380	540	520	570	190	440	780	690	620	140	490	240	930	320	320	470	970	460	660	220	930	220	750	230	220	560	240	140	250	1000	850	540	760	560	360	960	620	830	850	930	560	890	920	730	620	920	150	920	710	200	880	950	980	490	880	1000	820	760	720	290	610	420	480	730	880	650	180	410	100	530	710	640	190	300	330	300	650	190	520	100	840	200	530	670	670	690	990	950	430	470	650	190	690	780	820	710	580	230	120	210	640	350	100	890	480	810	770	300	220	790	740	450	830	950	760	640	300	460	390	830	370	560	280	760	130	550	660	320	520	910	170	120	930	590	140	360	240	140	130	930	270	700	610	160	910	400	370	350	920	210	340	580	100	320	460	640	610	200	790	610	240	890	660	200	520	350	160	750	740	250	530	190	990	270	870	240	630	690	240	200	420	910	560	270	180	730	550	380	330	950	590	350	240	770	730	120	450	350	650	460	330	1000	130	300	370	500	620	500	860	620	620	420	390	100	940	920	570	670	320	250	410	360	310	920	770	830	210	190	940	270	940	770	430	170	590	620	150	1000	120	500	570	180	630	750	570	120	970	940	850	710	820	210	560	790	870	840	590	410	260	300	810	970	120	630	670	280	210	960	420	540	890	580	950	170	300	510	610	820	250	660	190	350	490	640	440	380	1000	100	260	530	950	830	450	940	540	970	720	370	380	960	400	210	960	970	470	200	560	660	620	880	710	160	230	260	340	360	1000	920	720	840	610	240	710	390	810	950	840	160	400	510	700	710	740	250	310	890	890	460	640	540	780	750	830	880	480	330	690	770	730	1000	410	930	590	950	370	670	720	480	320	730	470	730	500	540	460	570	850	850	220	930	990	820	220	490	770	190	990	560	750	540	170	820	170	490	430	800	490	590	130	790	720	200	140	440	660	950	920	660	140	180	380	230	960	690	620	330	890	890	900	110	830	680	940	250	710	800	910	490	770	220	880	400	420	730	750	990	650	810	680	460	570	140	190	600	160	350	400	770	400	320	180	590	100	940	240	520	860	460	920	780	400	730	910	350	320	490	620	360	910	750	640	310	940	950	920	270	500	210	870	730	380	810	210	540	290	160	480	520	910	240	700	670	590	660	630	190	570	200	380	690	790	360	260	320	450	820	830	650	270	460	840	780	300	730	840	170	510	130	260	680	450	720	240	120	940	770	600	610	960	240	180	190	640	690	690	410	710	900	380	840	120	390	470	590	160	190	120	110	930	120	660	620	810	460	270	610	420	700	950	570	960	490	270	440	570	830	760	600	170	550	830	100	180	170	110	800	310	650	720	380	150	800	410	630	190	610	390	470	790	660	260	890	520	920	260	910	320	700	240	870	660	320	470	200	670	990	620	650	170	610	260	690	320	580	680	650	290	890	970	240	490	920	580	640	760	810	440	370	890	270	480	130	170	120	580	710	670	360	140	830	540	850	410	730	650	850	270	320	580	980	730	590	550	240	520	560	960	870	620	750	650	890	680	310	540	630	860	640	910	700	470	510	150	880	160	190	980	280	640	830	530	370	830	900	890	890	940	400	500	880	260	490	840	1000	220	250	490	360	430	980	610	770	360	640	820	140	290	320	370	380	750	730	700	340	400	210	850	170	760	270	540	150	450	700	550	970	370	260	160	860	580	150	410	290	520	260	840	470	250	760	520	710	320	600	120	730	630	640	110	730	1000	570	870	730	920	270	360	330	220	310	490	680	430	340	520	470	380	190	610	950	360	180	800	750	750	420	730	990	150	910	520	150	890	460	100	240	300	520	580	100	170	350	130	990	420	110	630	850	470	560	550	990	480	250	830	230	530	350	230	600	210	100	380	870	210	960	350	320	900	910	110	480	710	520	600	850	280	370	270	610	770	380	860	840	320	800	460	760	440	370	660	230	200	360	850	780	300	100	140	750	410	180	470	840	650	540	670	520	570	730	390	700	210	890	610	880	760	660	240	780	780	190	740	820	680	550	890	130	910	100	460	420	640	300	670	120	890	1000	110	210	200	920	610	830	400	340	560	740	890	760	120	880	890	910	670	940	270	370	480	730	750	680	610	300	760	160	970	600	500	820	750	500	560	820	300	140	790	830	910	710	190	170	940	410	930	420	130	740	600	370	330	480	830	710	440	800	210	480	270	610	500	470	250	130	720	810	340	320	920	560	820	380	150	110	670	580	230	480	310	230	190	300	860	860	850	520	930	710	330	380	470	580	700	400	250	920	780	120	700	590	640	260	730	540	480	420	540	990	150	690	410	230	190	530	420	730	350	330	520	600	780	580	780	140	600	320	390	380	650	730	280	160	520	290	990	780	910	530	440	310	940	130	400	380	640	690	800	350	670	810	370	140	960	490	550	890	880	270	350	110	820	860	540	550	720	840	550	450	300	750	770	360	450	300	560	170	230	370	470	620	370	230	470	590	180	790	570	750	290	560	660	750	670	140	230	820	540	950	610	590	760	730	900	950	360	830	330	690	550	870	750	430	940	940	640	800	680	760	760	410	460	610	170	950	240	680	610	590	770	180	980	120	740	810	390	650	520	730	560	570	460	530	410	600	900	120	240	610	980	430	930	960	850	400	590	160	260	900	340	750	360	880	460	270	930	850	620	390	320	100	950	760	300	420	860	460	730	410	360	400	390	760	980	230	240	810	830	420	370	480	390	740	660	170	630	920	990	310	550	1000	320	540	1000	600	480	780	760	690	830	340	130	930	210	720	830	450	950	280	240	320	460	360	840	270	520	690	680	870	340	230	360	990	610	830	620	390	840	680	630	920	530	960	710	510	450	860	660	740	300	450	540	960	960	650	620	290	300	670	820	840	1000	340	680	320	400	150	560	960	390	290	310	630	210	310	1000	770	370	540	950	150	650	350	470	130	700	140	410	260	440	680	750	990	710	670	170	100	980	780	770	950	850	620	920	280	790	980	600	180	310	100	810	650	250	910	600	1000	830	370	280	710	130	170	640	730	100	660	350	150	720	170	800	330	160	480	560	600	690	130	920	260	570	820	400	350	240	150	910	560	180	970	490	400	300	490	280	680	940	670	420	460	730	880	390	650	530	220	850	710	340	170	900	560	850	890	860	970	870	530	770	740	530	910	990	960	160	690	820	170	770	770	980	690	420	220	460	280	170	150	390	590	810	310	630	550	530	220	140	320	200	570	530	360	130	330	610	400	860	230	990	920	190	1000	840	390	950	980	970	360	390	860	170	870	660	770	300	580	210	1000	910	280	810	960	810	170	570	900	470	190	900	950	360	950	540	230	340	780	450	680	690	120	640	930	630	130	840	300	610	950	410	830	280	560	610	160	260	290	530	770	560	480	550	980	830	640	680	950	130	420	250	570	300	270	420	740	100	830	970	160	120	130	550	450	830	620	850	140	740	500	860	260	630	860	400	980	600	830	100	980	830	910	800	900	120	110	220	670	240	490	140	500	800	280	770	730	680	650	630	160	950	960	450	310	860	640	200	720	800	760	960	260	180	550	230	280	110	550	900	490	380	280	360	560	130	920	300	940	870	590	910	960	110	180	730	410	590	780	410	980	520	550	940	550	180	270	980	770	580	570	360	560	670	820	270	680	570	970	850	300	410	360	470	870	930	150	670	500	670	160	830	320	360	550	400	260	640	1000	770	230	690	250	140	870	450	240	310	130	280	430	130	550	820	480	780	390	410	730	800	180	980	760	530	660	890	850	180	310	910	380	830	790	900	230	700	450	950	870	660	740	410	370	210	830	780	440	470	310	790	280	930	790	100	400	340	970	570	330	1000	730	840	260	790	560	280	760	700	890	810	310	150	850	140	390	520	170	990	420	920	150	810	530	700	590	470	890	110	710	250	940	700	870	630	740	670	560	860	850	270	510	880	470	660	460	360	700	100	390	240	160	990	920	390	350	490	630	280	720	460	240	690	780	870	130	790	650	440	300	220	540	300	730	380	490	810	780	790	120	1000	320	670	910	660	220	420	590	500	990	630	520	580	860	610	710	290	390	230	900	800	320	180	580	720	650	1000	250	600	500	850	610	300	770	720	710	190	980	320	160	170	880	890	250	340	510	610	490	660	480	810	170	1000	970	700	470	720	480	490	290	690	850	550	790	880	480	490	1000	170	750	500	550	250	780	290	650	860	270	500	650	190	180	480	350	450	770	810	1000	990	700	730	990	310	370	760	820	930	670	880	620	560	850	270	570	700	960	360	510	190	960	770	450	460	820	910	410	970	220	790	340	620	390	540	350	990	580	770	650	430	100	410	480	740	790	800	540	270	370	420	720	730	690	130	530	670	840	400	380	290	710	760	350	800	320	1000	760	670	790	280	230	130	700	120	560	520	440	850	320	840	300	790	690	410	510	390	320	670	970	510	370	380	600	220	250	640	470	840	680	590	290	300	790	650	370	680	190	560	600	340	170	850	870	800	380	210	870	1000	750	1000	740	530	420	840	950	280	280	730	250	660	260	380	430	590	390	100	860	210	180	260	410	910	690	470	860	590	190	490	580	530	840	390	330	400	480	640	230	700	200	230	300	140	300	850	290	140	530	460	880	420	270	330	250	990	330	500	820	820	920	580	940	550	650	840	160	720	870	810	520	570	410	830	410	960	830	610	560	890	470	270	720	840	710	940	990	980	410	370	130	140	350	480	180	890	250	950	430	280	340	880	430	130	470	450	990	130	450	260	1000	800	960	880	260	100	240	630	700	590	490	360	150	690	840	420	630	890	720	250	520	440	700	730	480	920	800	720	610	290	650	870	930	800	370	260	240	940	520	910	900	730	670	420	330	230	330	360	1000	750	550	730	810	890	160	200	530	720	200	710	360	1000	790	730	820	860	460	270	570	570	110	210	470	220	290	500	650	530	700	940	680	650	140	560	340	270	670	480	740	300	780	820	410	740	200	680	710	230	620	280	620	200	650	480	530	880	280	590	680	1000	490	280	310	960	220	350	920	300	560	960	480	350	760	630	990	980	210	330	950	270	640	460	970	820	130	670	600	340	740	500	550	790	580	600	950	240	840	1000	950	320	810	930	260	640	800	780	740	500	250	680	170	180	860	430	900	840	260	230	530	910	340	990	800	120	490	480	610	580	740	770	1000	600	680	190	550	380	420	360	230	900	580	700	860	410	780	230	410	820	360	450	960	870	860	820	750	450	150	130	380	190	830	410	820	230	670	320	100	870	860	630	980	120	960	760	770	650	600	840	350	140	100	170	800	220	590	730	840	510	600	390	400	530	980	570	800	320	270	870	340	990	650	1000	860	720	120	140	290	820	330	740	770	630	450	780	510	950	690	560	630	950	580	650	240	730	790	260	130	820	640	660	260	180	790	650	950	730	700	240	180	870	200	280	810	770	920	180	590	210	390	870	530	140	450	580	360	370	200	620	550	700	950	680	120	460	440	1000	540	740	370	640	730	400	420	250	540	650	150	980	570	810	760	990	940	920	560	660	900	230	350	710	910	790	520	870	820	110	230	470	700	970	820	170	290	900	210	250	270	470	200	370	660	150	510	180	660	420	910	100	580	930	100	460	600	360	510	700	680	560	320	870	650	440	290	690	380	810	470	780	310	290	440	110	860	790	560	430	560	200	830	470	710	330	260	480	450	210	110	870	720	400	920	990	680	500	490	850	290	780	630	860	750	330	330	280	410	790	730	760	700	350	930	840	210	900	560	1000	130	940	270	580	420	510	400	840	430	250	330	650	430	540	130	940	430	520	370	490	460	400	370	120	410	740	480	580	130	950	510	910	230	790	320	650	550	970	220	200	470	920	180	800	200	410	500	490	320	220	810	910	990	710	570	940	1000	430	250	410	210	760	150	180	340	400	990	540	930	650	760	940	360	570	190	730	850	870	760	920	130	520	840	920	560	400	610	900	420	900	540	500	760	450	310	450	880	830	510	630	350	580	220	750	360	410	260	120	230	970	220	950	730	330	450	890	1000	400	760	650	910	100	140	600	210	650	690	180	960	300	680	800	590	860	660	660	350	810	500	290	880	760	980	470	630	180	290	260	1000	420	330	940	670	670	560	550	870	380	230	980	190	230	260	220	250	960	900	930	330	230	460	690	470	240	490	500	610	170	130	110	160	470	460	700	960	510	700	110	320	540	660	420	320	850	410	620	260	390	650	620	680	340	470	350	230	700	190	380	200	960	940	640	970	390	140	150	620	510	100	390	530	590	360	300	1000	580	210	600	430	800	660	300	510	220	400	410	570	150	270	940	150	730	880	770	480	670	600	910	370	180	350	780	580	410	830	270	390	450	830	350	410	830	530	770	300	930	950	570	260	780	270	200	270	200	860	1000	260	940	250	880	410	380	580	310	320	690	860	110	580	370	830	830	730	560	310	100	870	620	370	220	260	890	100	140	230	590	450	450	720	840	700	470	520	540	370	670	880	880	250	670	620	780	110	320	820	830	390	100	720	170	450	720	160	460	300	610	820	820	800	710	170	520	450	490	450	190	460	390	820	560	420	580	570	640	940	250	650	800	380	430	960	830	330	840	910	660	120	650	500	710	520	370	440	280	740	230	570	850	260	430	440	790	670	360	200	110	130	630	790	350	750	830	980	640	490	150	420	970	620	610	730	650	570	790	760	190	100	320	740	510	250	460	950	160	620	820	900	380	700	970	230	670	230	1000	360	760	980	490	490	670	900	270	380	870	850	100	510	900	590	300	870	540	670	890	520	260	650	600	610	830	390	580	290	770	720	810	530	400	550	640	780	320	660	1000	670	570	770	170	830	480	210	350	320	970	280	630	400	310	130	870	170	980	870	980	770	240	180	350	200	950	240	400	220	940	410	900	210	970	500	510	330	480	570	840	920	990	440	980	1000	1000	720	780	320	510	480	420	640	200	640	750	660	160	320	760	150	190	920	480	870	430	240	280	210	360	730	540	920	320	500	560	180	670	910	580	340	280	310	750	510	180	710	930	360	240	900	910	970	610	410	580	850	440	250	160	330	660	370	320	640	360	660	430	270	510	530	320	720	950	930	620	960	550	210	370	820	780	320	910	900	660	360	560	190	610	590	970	510	530	750	620	530	660	640	630	650	980	510	170	930	430	250	150	350	930	170	400	520	140	380	710	210	430	130	490	130	350	610	660	660	650	200	530	130	120	180	870	540	470	800	950	330	750	910	400	400	900	630	870	450	380	150	290	730	700	180	1000	710	910	960	100	820	160	840	120	520	610	360	460	340	820	570	580	220	200	700	940	640	630	790	780	800	380	420	450	660	700	260	850	500	560	790	830	330	750	600	700	510	140	220	740	970	570	500	300	610	160	650	510	430	600	770	500	110	570	270	840	460	260	960	550	380	530	110	200	520	290	850	1000	260	600	1000	480	580	190	180	500	450	440	950	470	930	110	400	860	530	540	290	450	230	950	370	460	340	430	690	840	100	870	820	390	570	670	780	170	810	720	160	650	690	360	990	190	980	940	810	1000	990	680	130	690	230	950	670	710	310	460	870	360	390	860	230	200	960	730	730	670	650	600	650	370	260	270	330	500	310	200	980	790	770	480	380	260	180	680	520	260	120	340	580	110	360	770	700	100	790	970	110	350	120	170	920	190	770	700	350	530	320	540	170	430	530	370	430	340	640	310	770	690	820	320	500	910	160	350	220	610	560	140	360	890	980	170	850	940	490	550	940	780	490	950	560	970	230	840	520	900	940	120	540	890	860	430	130	620	990	810	880	200	190	850	750	750	310	250	630	130	440	610	810	200	500	870	160	560	150	760	170	920	380	510	600	250	190	690	810	350	910	510	400	980	950	240	950	450	540	660	890	870	880	530	170	320	330	460	330	470	510	790	730	310	450	180	950	340	230	170	150	570	450	880	680	800	340	460	230	390	270	550	520	740	610	130	430	160	360	340	700	290	140	880	790	300	810	810	300	580	370	890	120	650	700	750	750	120	220	280	620	130	590	680	580	580	890	980	770	580	620	540	750	360	640	570	230	530	890	390	300	190	290	180	850	560	560	740	730	250	420	870	820	620	400	510	530	600	610	820	910	990	700	630	870	390	710	960	200	120	730	440	230	330	420	180	560	180	140	260	640	970	300	490	480	500	740	640	460	650	990	900	810	960	450	350	260	520	850	860	590	600	780	460	300	230	410	770	330	540	630	430	400	860	170	720	260	840	260	910	860	610	780	400	170	320	290	350	690	410	420	860	620	140	980	440	920	900	130	170	650	870	370	390	710	290	680	160	930	920	220	480	130	190	110	610	400	320	460	240	460	970	650	290	970	880	560	360	850	360	800	920	640	100	500	190	450	340	460	820	950	790	950	600	1000	870	580	410	580	190	340	430	510	150	870	650	710	230	450	740	550	800	480	380	600	730	750	290	550	440	210	310	910	920	510	800	160	470	310	750	760	460	700	840	310	610	600	480	610	160	790	830	240	840	600	890	810	950	120	120	780	200	400	590	880	930	180	920	970	120	570	360	710	980	650	650	670	390	880	190	160	360	530	960	920	940	450	980	540	750	480	350	300	240	400	630	780	240	220	850	1000	880	710	700	240	680	130	210	750	210	380	740	140	710	290	220	550	450	750	560	450	550	690	560	540	740	330	690	280	860	700	280	160	460	890	540	460	650	250	720	110	400	370	600	920	490	690	140	110	900	410	890	500	720	600	210	620	170	840	310	810	660	200	560	610	130	400	390	470	710	530	910	750	510	930	370	820	510	130	370	860	610	330	800	620	590	630	460	190	670	600	850	730	870	830	240	150	580	190	650	210	870	100	750	720	210	880	520	390	970	890	510	890	500	980	620	510	770	350	910	130	780	270	180	660	320	1000	340	170	690	580	350	650	300	490	100	420	940	860	800	490	460	570	500	140	670	840	710	970	990	240	270	660	420	450	260	310	560	290	570	200	770	190	390	180	800	710	950	380	780	990	690	590	460	780	910	390	460	600	180	590	480	680	170	430	150	260	440	970	830	260	930	510	390	780	890	120	680	100	290	380	820	110	770	810	860	500	600	560	230	370	750	460	280	120	740	390	540	900	670	320	990	920	450	500	990	490	330	1000	140	960	510	720	960	650	480	560	760	160	990	390	780	520	780	750	740	780	840	670	590	830	860	140	190	680	820	880	600	110	740	110	170	960	700	620	130	780	680	140	720	240	890	310	430	120	290	270	630	900	680	550	480	290	820	850	160	810	270	320	100	880	880	930	580	930	120	770	130	690	810	910	910	980	870	670	960	730	810	380	1000	800	800	260	870	920	500	890	660	500	1000	580	850	750	260	230	800	160	560	870	840	330	100	670	480	530	1000	340	790	740	250	210	870	310	610	560	540	890	690	950	150	420	230	260	900	840	500	190	710	890	280	230	470	100	600	230	410	910	330	180	200	960	350	770	430	820	190	320	640	150	110	220	580	450	660	300	770	180	560	800	940	130	990	490	720	850	850	930	150	750	240	690	930	200	640	480	210	420	100	700	990	920	230	460	290	120	940	760	200	130	610	590	530	760	670	520	690	840	600	220	440	720	170	460	710	870	530	160	480	970	160	140	210	110	100	720	710	620	980	630	890	130	960	740	550	940	870	630	500	120	110	460	470	380	190	720	680	490	640	330	940	790	470	920	790	870	810	590	140	890	560	290	340	110	580	230	530	820	830	460	380	710	560	580	860	660	170	930	730	430	650	620	580	930	960	940	340	590	610	430	100	130	370	490	480	170	240	950	500	860	650	990	900	520	560	300	220	690	150	260	570	900	280	170	260	660	770	620	630	350	770	120	200	410	640	760	500	910	450	560	860	470	560	200	810	430	930	650	450	390	870	640	450	590	970	390	660	450	760	410	450	470	580	520	480	750	170	910	470	330	960	910	370	600	950	300	240	220	950	200	880	900	230	370	830	640	600	950	980	410	210	810	430	380	1000	200	210	640	500	440	980	420	790	980	970	410	420	970	580	440	390	780	350	500	770	310	990	380	270	900	970	200	460	490	750	510	810	480	730	830	890	440	780	530	590	630	800	830	930	760	380	410	860	890	960	960	960	450	210	470	500	810	190	400	440	570	950	190	450	380	180	560	250	360	750	330	830	190	830	860	930	870	640	910	390	340	730	810	350	660	850	510	150	380	950	140	600	770	790	240	670	610	550	830	960	160	650	120	120	670	880	990	110	720	620	190	170	220	470	860	280	350	730	910	760	730	890	460	170	530	850	970	350	970	110	730	990	430	900	280	350	250	660	230	760	680	200	260	440	330	270	340	230	670	420	220	250	890	540	640	230	1000	930	870	120	530	310	540	320	250	900	510	420	830	110	400	190	830	650	130	570	890	290	780	960	180	960	470	380	650	900	320	180	930	480	200	360	140	540	610	
10
