6426
120
2
90
0	500	0	0	500	0	0	500	0	0	0	500	500	0	0	500	0	0	0	0	0	0	0	0	0	0	0	500	0	0	0	0	0	0	500	0	0	0	0	0	0	0	0	0	0	0	0	0	0	0	0	0	0	0	500	0	0	0	500	0	0	0	0	0	500	0	0	0	0	0	0	0	0	0	0	0	0	0	0	0	0	0	0	0	0	0	0	0	0	0	0	0	0	0	0	0	0	0	0	0	0	0	0	0	0	0	0	0	0	0	0	0	0	0	0	0	0	0	0	0	
500	0	0	0	0	0	0	0	0	0	0	0	0	0	0	0	0	0	0	0	0	0	0	0	0	0	0	0	0	0	0	0	0	0	0	0	0	0	0	0	0	0	0	0	0	0	0	0	0	500	0	0	0	0	0	0	0	0	0	0	0	0	0	0	0	500	0	0	0	0	0	0	0	0	0	0	0	0	0	0	0	0	0	0	0	0	0	0	0	0	0	0	0	0	0	0	0	0	0	0	0	0	0	0	0	0	0	0	0	0	0	0	0	0	0	0	0	0	0	0	
0	0	0	0	0	0	0	0	0	0	0	0	0	0	0	0	0	0	0	0	0	0	0	0	0	0	0	0	0	0	0	0	0	0	0	0	0	0	0	0	0	500	0	0	0	0	0	0	0	0	0	0	0	0	0	0	0	0	0	0	0	0	0	0	0	0	0	0	0	0	0	0	0	0	0	0	0	0	0	0	0	0	0	0	0	0	0	0	0	0	0	0	0	0	0	0	0	0	0	0	0	0	0	0	0	0	0	0	0	0	0	500	0	0	0	0	0	0	0	0	
0	0	0	0	0	500	0	0	0	0	0	0	0	0	0	0	0	0	0	0	0	0	0	0	0	0	0	0	0	0	0	0	0	0	0	0	0	0	0	0	0	0	0	0	0	0	0	0	0	0	0	0	0	0	0	0	0	0	0	0	0	0	0	0	0	0	0	0	0	0	0	0	0	0	0	0	0	0	0	0	0	0	0	0	0	0	0	0	0	0	0	0	0	0	0	0	0	0	0	0	0	0	500	0	0	0	0	0	0	0	0	0	0	0	0	0	0	0	0	0	
500	0	0	0	0	0	0	0	0	0	0	0	0	0	0	0	0	0	0	0	0	0	0	0	0	0	0	0	0	0	0	0	0	0	0	0	0	0	0	0	0	0	0	0	0	0	0	0	0	0	0	0	0	0	0	0	0	0	0	0	0	0	0	0	0	0	0	0	0	0	500	0	0	0	0	0	0	0	0	0	0	0	0	0	0	500	0	0	0	0	0	0	0	0	0	0	0	0	0	0	0	0	0	0	0	0	0	0	0	0	0	0	0	0	0	0	0	0	0	0	
0	0	0	500	0	0	0	0	0	0	0	0	0	0	0	0	0	0	0	0	0	0	0	0	0	0	0	0	0	0	0	0	0	0	0	0	0	0	0	0	0	0	0	0	0	0	0	0	0	0	0	0	0	0	0	0	0	0	0	0	500	0	0	0	0	0	0	0	0	0	0	0	0	0	0	0	0	0	0	0	0	0	0	0	0	0	0	0	0	0	0	0	0	0	0	0	0	0	0	0	0	0	0	0	0	0	0	0	0	0	0	0	0	0	0	0	0	0	0	0	
0	0	0	0	0	0	0	0	0	0	0	0	0	0	0	0	0	0	500	0	0	0	0	0	0	500	0	0	0	0	0	0	0	0	0	0	0	0	0	0	0	0	0	0	0	0	0	0	0	0	0	0	0	0	0	0	0	0	0	0	0	0	0	0	0	0	0	0	0	0	0	0	0	0	0	0	0	0	0	0	0	0	0	0	0	0	0	0	0	0	0	0	0	0	0	0	0	0	0	0	0	0	0	0	0	0	0	0	0	0	0	0	0	0	0	0	0	0	0	0	
500	0	0	0	0	0	0	0	0	0	0	0	0	0	0	0	0	0	0	0	0	0	0	0	0	0	0	0	0	0	0	0	0	0	0	0	0	0	0	0	0	0	0	500	0	0	0	0	0	0	0	500	0	0	0	0	0	0	0	0	0	0	0	0	0	0	0	0	0	0	0	0	0	0	0	0	0	0	0	0	0	0	0	0	0	0	0	0	0	0	0	0	0	0	0	0	0	0	0	0	0	0	0	0	0	0	0	0	0	0	0	0	0	0	0	0	0	0	0	0	
0	0	0	0	0	0	0	0	0	0	0	0	0	0	0	0	0	0	0	0	0	0	0	0	0	0	0	0	0	0	0	0	0	0	0	0	0	0	0	0	0	0	0	0	0	0	0	0	0	0	0	0	0	0	0	0	0	0	0	0	0	0	0	0	0	0	0	0	0	0	0	0	0	0	0	0	0	0	0	0	0	0	0	0	0	0	0	0	0	0	0	0	0	0	500	0	500	0	0	0	0	0	0	0	0	0	0	0	0	0	0	0	0	0	0	0	0	0	0	0	
0	0	0	0	0	0	0	0	0	0	0	0	0	0	0	0	0	0	0	0	0	0	0	500	0	0	0	0	0	0	0	0	0	0	0	0	0	0	0	0	0	0	0	0	0	0	0	0	0	0	0	0	0	0	0	0	0	0	0	0	0	0	0	0	0	0	0	0	0	0	0	0	0	0	0	0	0	0	500	0	0	0	0	0	0	0	0	0	0	0	0	0	0	0	0	0	0	0	0	0	0	0	0	0	0	0	0	0	0	0	0	0	0	0	0	0	0	0	0	0	
0	0	0	0	0	0	0	0	0	0	0	0	500	0	0	0	0	0	0	500	0	0	0	0	0	0	0	0	0	0	0	0	0	0	0	0	0	0	0	0	0	0	0	0	0	0	0	0	0	0	0	0	0	0	0	0	0	0	0	0	0	0	0	0	0	0	0	0	0	0	0	0	0	0	0	0	0	0	0	0	0	0	0	0	0	0	0	0	0	0	0	0	0	0	0	0	0	0	0	0	0	0	0	0	0	0	0	0	0	0	0	0	0	0	0	0	0	0	0	0	
500	0	0	0	0	0	0	0	0	0	0	0	0	0	0	0	0	0	0	0	0	0	0	0	0	0	0	0	0	0	0	0	0	0	0	0	500	0	0	0	0	0	0	0	0	0	0	0	0	0	0	0	0	0	0	0	0	0	0	0	0	0	0	0	0	0	0	0	0	0	0	0	0	0	0	0	0	0	0	0	0	0	0	0	0	0	0	0	0	0	0	0	0	0	0	0	0	0	0	0	0	0	0	0	0	0	0	0	0	0	0	0	0	0	0	500	0	0	0	0	
500	0	0	0	0	0	0	0	0	0	500	0	0	0	0	0	0	0	0	0	0	0	0	0	0	0	0	0	0	0	0	0	0	0	0	0	0	0	0	0	0	0	0	0	0	0	0	0	0	0	0	0	0	0	0	0	0	0	0	0	0	0	0	0	0	0	0	0	0	0	0	0	0	0	0	0	0	0	0	0	0	0	0	0	0	0	0	0	0	0	0	0	0	0	0	0	0	0	0	0	0	0	0	0	0	0	0	0	0	0	0	0	0	0	0	0	0	0	0	0	
0	0	0	0	0	0	0	0	0	0	0	0	0	0	0	0	0	0	0	0	0	0	0	0	0	0	0	0	0	0	0	0	0	0	0	0	0	0	0	0	0	0	0	0	0	0	0	0	0	0	0	0	0	0	0	0	0	500	0	0	0	0	0	0	0	0	0	0	0	0	0	0	0	0	0	0	0	0	0	0	0	0	0	0	500	0	0	0	0	0	0	0	0	0	0	0	0	0	0	0	0	0	0	0	0	0	0	0	0	0	0	0	0	0	0	0	0	0	0	0	
0	0	0	0	0	0	0	0	0	0	0	0	0	0	0	0	0	0	0	0	0	0	0	0	0	0	0	0	0	0	500	0	0	0	0	0	0	0	0	0	0	0	0	0	0	0	0	0	0	0	0	0	0	0	0	0	0	0	0	0	0	0	0	0	0	0	0	0	0	0	0	0	0	0	0	0	0	0	0	0	0	0	0	0	0	0	0	0	0	0	0	0	0	0	0	0	0	0	0	0	0	0	0	0	0	0	0	0	0	0	0	0	0	0	500	0	0	0	0	0	
500	0	0	0	0	0	0	0	0	0	0	0	0	0	0	0	0	0	0	0	0	0	0	0	0	0	0	0	0	0	0	0	0	500	0	0	0	0	0	0	0	0	0	0	0	0	0	0	0	0	0	0	0	0	0	0	0	0	0	0	0	0	0	0	0	0	0	0	0	0	0	0	0	0	0	0	0	0	0	0	0	0	0	0	0	0	0	0	0	0	0	0	0	0	0	0	0	0	0	0	0	0	0	0	0	0	0	500	0	0	0	0	0	0	0	0	0	0	0	0	
0	0	0	0	0	0	0	0	0	0	0	0	0	0	0	0	0	0	0	0	0	0	0	0	0	0	0	0	0	0	0	0	0	0	0	0	0	0	0	0	0	0	0	0	0	0	0	0	0	0	0	0	500	0	0	0	0	0	0	0	0	0	0	0	0	0	0	0	0	0	0	0	0	0	0	0	0	0	0	0	0	0	0	0	0	0	0	0	0	0	0	0	0	0	0	0	0	0	0	0	0	0	0	0	0	0	500	0	0	0	0	0	0	0	0	0	0	0	0	0	
0	0	0	0	0	0	0	0	0	0	0	0	0	0	0	0	0	0	0	0	0	0	0	0	0	0	0	0	0	500	0	0	0	0	0	0	0	0	0	0	0	0	0	0	0	0	0	0	0	0	0	0	0	0	0	0	0	0	0	0	0	0	0	0	0	0	0	0	0	0	0	0	0	500	0	0	0	0	0	0	0	0	0	0	0	0	0	0	0	0	0	0	0	0	0	0	0	0	0	0	0	0	0	0	0	0	0	0	0	0	0	0	0	0	0	0	0	0	0	0	
0	0	0	0	0	0	500	0	0	0	0	0	0	0	0	0	0	0	0	0	0	0	0	0	0	0	0	0	0	0	0	0	0	0	0	0	0	0	0	0	0	0	0	0	0	0	0	0	0	0	0	0	0	0	0	0	0	0	0	0	0	0	0	0	0	0	0	0	0	0	0	0	0	0	0	0	0	0	0	0	0	0	0	0	0	0	0	0	0	0	0	0	0	500	0	0	0	0	0	0	0	0	0	0	0	0	0	0	0	0	0	0	0	0	0	0	0	0	0	0	
0	0	0	0	0	0	0	0	0	0	500	0	0	0	0	0	0	0	0	0	0	0	500	0	0	0	0	0	0	0	0	0	0	0	0	0	0	0	0	0	0	0	0	0	0	0	0	0	0	0	0	0	0	0	0	0	0	0	0	0	0	0	0	0	0	0	0	0	0	0	0	0	0	0	0	0	0	0	0	0	0	0	0	0	0	0	0	0	0	0	0	0	0	0	0	0	0	0	0	0	0	0	0	0	0	0	0	0	0	0	0	0	0	0	0	0	0	0	0	0	
0	0	0	0	0	0	0	0	0	0	0	0	0	0	0	0	0	0	0	0	0	0	0	0	0	0	0	0	0	0	0	0	0	0	0	0	0	0	0	0	0	0	0	0	0	0	0	0	0	0	0	0	0	0	0	0	0	0	0	500	0	0	0	0	0	0	0	0	0	0	0	0	0	0	0	0	0	0	0	0	0	0	0	0	0	0	0	0	0	0	0	0	0	0	0	0	0	0	0	0	0	0	0	0	0	0	0	0	0	0	0	0	0	0	0	0	0	0	0	500	
0	0	0	0	0	0	0	0	0	0	0	0	0	0	0	0	0	0	0	0	0	0	0	0	0	0	0	0	0	0	0	0	0	0	0	0	0	0	0	0	0	0	0	0	0	0	500	0	0	0	0	0	0	0	0	0	0	0	0	0	0	0	0	0	0	0	0	0	0	0	0	0	0	500	0	0	0	0	0	0	0	0	0	0	0	0	0	0	0	0	0	0	0	0	0	0	0	0	0	0	0	0	0	0	0	0	0	0	0	0	0	0	0	0	0	0	0	0	0	0	
0	0	0	0	0	0	0	0	0	0	0	0	0	0	0	0	0	0	0	500	0	0	0	0	0	0	0	0	0	0	0	0	0	0	0	0	0	0	0	0	0	0	0	0	0	0	0	0	0	0	0	0	0	0	0	0	0	0	0	500	0	0	0	0	0	0	0	0	0	0	0	0	0	0	0	0	0	0	0	0	0	0	0	0	0	0	0	0	0	0	0	0	0	0	0	0	0	0	0	0	0	0	0	0	0	0	0	0	0	0	0	0	0	0	0	0	0	0	0	0	
0	0	0	0	0	0	0	0	0	500	0	0	0	0	0	0	0	0	0	0	0	0	0	0	0	0	0	0	0	0	0	0	0	0	0	0	0	0	0	0	0	0	0	0	0	0	0	0	0	0	0	0	500	0	0	0	0	0	0	0	0	0	0	0	0	0	0	0	0	0	0	0	0	0	0	0	0	0	0	0	0	0	0	0	0	0	0	0	0	0	0	0	0	0	0	0	0	0	0	0	0	0	0	0	0	0	0	0	0	0	0	0	0	0	0	0	0	0	0	0	
0	0	0	0	0	0	0	0	0	0	0	0	0	0	0	0	0	0	0	0	0	0	0	0	0	0	0	0	0	500	0	0	0	0	0	0	0	0	0	0	0	0	0	0	0	0	0	0	0	0	0	0	0	0	0	0	0	0	0	0	0	0	0	0	0	0	0	0	0	0	0	0	0	0	0	0	0	0	0	0	0	0	0	0	0	0	0	0	0	0	0	0	0	0	0	0	0	0	0	0	0	0	0	0	0	0	0	0	0	500	0	0	0	0	0	0	0	0	0	0	
0	0	0	0	0	0	500	0	0	0	0	0	0	0	0	0	0	0	0	0	0	0	0	0	0	0	0	0	0	0	0	0	0	0	0	0	0	0	0	0	0	0	0	0	0	0	0	0	0	0	0	0	0	0	0	0	0	0	0	0	0	0	0	0	0	0	0	0	0	0	0	0	0	0	0	0	0	0	0	0	0	0	0	0	0	0	0	0	0	0	0	0	0	0	0	0	0	0	0	0	0	0	0	0	0	0	0	0	500	0	0	0	0	0	0	0	0	0	0	0	
0	0	0	0	0	0	0	0	0	0	0	0	0	0	0	0	0	0	0	0	0	0	0	0	0	0	0	0	0	0	0	500	0	0	0	0	0	0	0	0	0	0	0	0	0	0	0	0	0	0	0	0	0	0	0	0	0	0	0	0	0	0	0	0	0	0	0	0	500	0	0	0	0	0	0	0	0	0	0	0	0	0	0	0	0	0	0	0	0	0	0	0	0	0	0	0	0	0	0	0	0	0	0	0	0	0	0	0	0	0	0	0	0	0	0	0	0	0	0	0	
500	0	0	0	0	0	0	0	0	0	0	0	0	0	0	0	0	0	0	0	0	0	0	0	0	0	0	0	0	0	0	0	0	0	0	0	0	0	0	0	0	0	0	0	0	0	0	0	0	0	0	0	0	0	0	0	0	0	0	0	0	0	0	0	0	0	0	0	0	0	0	0	0	0	0	0	0	0	0	0	500	0	0	0	0	0	0	0	0	0	0	0	0	0	0	0	0	0	0	0	0	500	0	0	0	0	0	0	0	0	0	0	0	0	0	0	0	0	0	0	
0	0	0	0	0	0	0	0	0	0	0	0	0	0	0	0	0	0	0	0	0	0	0	0	0	0	0	0	0	0	0	0	0	0	0	0	0	0	0	0	0	0	0	0	0	0	0	0	0	0	0	0	0	0	0	0	0	0	0	0	0	0	0	0	0	0	0	0	0	0	0	0	0	0	0	0	0	0	0	500	0	0	0	0	0	0	0	0	0	0	0	0	0	0	0	0	0	0	0	0	0	0	0	0	0	0	500	0	0	0	0	0	0	0	0	0	0	0	0	0	
0	0	0	0	0	0	0	0	0	0	0	0	0	0	0	0	0	500	0	0	0	0	0	0	500	0	0	0	0	0	0	0	0	0	0	0	0	0	0	0	0	0	0	0	0	0	0	0	0	0	0	0	0	0	0	0	0	0	0	0	0	0	0	0	0	0	0	0	0	0	0	0	0	0	0	0	0	0	0	0	0	0	0	0	0	0	0	0	0	0	0	0	0	0	0	0	0	0	0	0	0	0	0	0	0	0	0	0	0	0	0	0	0	0	0	0	0	0	0	0	
0	0	0	0	0	0	0	0	0	0	0	0	0	0	500	0	0	0	0	0	0	0	0	0	0	0	0	0	0	0	0	0	0	0	0	0	0	0	0	500	0	0	0	0	0	0	0	0	0	0	0	0	0	0	0	0	0	0	0	0	0	0	0	0	0	0	0	0	0	0	0	0	0	0	0	0	0	0	0	0	0	0	0	0	0	0	0	0	0	0	0	0	0	0	0	0	0	0	0	0	0	0	0	0	0	0	0	0	0	0	0	0	0	0	0	0	0	0	0	0	
0	0	0	0	0	0	0	0	0	0	0	0	0	0	0	0	0	0	0	0	0	0	0	0	0	0	500	0	0	0	0	0	0	0	0	0	0	0	0	0	0	0	0	0	0	0	0	0	0	0	0	0	0	0	0	0	0	0	0	0	0	0	0	0	0	0	0	0	0	0	0	0	0	0	0	0	0	0	0	0	0	0	0	0	0	0	0	0	0	0	0	0	0	0	0	0	0	0	0	0	0	0	0	0	0	0	0	500	0	0	0	0	0	0	0	0	0	0	0	0	
0	0	0	0	0	0	0	0	0	0	0	0	0	0	0	0	0	0	0	0	0	0	0	0	0	0	0	0	0	0	0	0	0	0	0	0	0	0	0	0	0	0	0	0	0	0	0	0	0	0	0	0	0	0	0	0	0	0	0	0	0	0	0	0	0	0	0	0	0	0	0	0	0	0	0	0	0	0	0	0	0	0	0	0	0	0	500	0	0	0	0	0	0	0	0	0	0	0	0	0	0	0	0	0	0	0	0	0	0	0	0	0	0	0	0	0	0	0	0	500	
0	0	0	0	0	0	0	0	0	0	0	0	0	0	0	500	0	0	0	0	0	0	0	0	0	0	0	0	0	0	0	0	0	0	0	0	0	0	0	0	0	0	0	0	0	0	0	0	0	0	0	0	0	0	0	0	0	0	0	0	0	0	0	0	0	0	0	0	0	0	0	0	0	0	0	0	0	500	0	0	0	0	0	0	0	0	0	0	0	0	0	0	0	0	0	0	0	0	0	0	0	0	0	0	0	0	0	0	0	0	0	0	0	0	0	0	0	0	0	0	
500	0	0	0	0	0	0	0	0	0	0	0	0	0	0	0	0	0	0	0	0	0	0	0	0	0	0	0	0	0	0	0	0	0	0	0	0	0	0	0	0	0	0	0	0	0	0	0	0	0	0	0	0	0	0	0	0	0	0	0	0	0	0	0	0	0	0	0	0	0	0	0	0	0	0	0	0	0	0	0	0	0	0	0	0	0	0	0	0	0	0	500	0	0	0	0	0	0	0	0	0	0	0	0	0	0	0	0	0	0	0	0	0	500	0	0	0	0	0	0	
0	0	0	0	0	0	0	0	0	0	0	0	0	0	0	0	0	0	0	0	0	0	0	0	0	0	0	0	0	0	0	0	0	0	0	0	0	0	0	0	0	0	0	0	0	0	0	0	0	0	0	0	0	0	0	0	0	0	0	0	0	0	0	0	0	0	0	0	0	0	0	0	0	0	0	0	0	0	0	0	500	0	0	0	0	0	0	0	0	0	0	0	0	0	0	0	0	0	0	0	0	500	0	0	0	0	0	0	0	0	0	0	0	0	0	0	0	0	0	0	
0	0	0	0	0	0	0	0	0	0	0	500	0	0	0	0	0	0	0	0	0	0	0	0	0	0	0	0	0	0	0	0	0	0	0	0	0	0	0	0	0	0	0	0	0	0	0	0	0	0	0	0	0	0	0	0	0	0	0	0	0	0	0	0	0	0	0	0	0	0	0	0	0	0	0	0	0	0	0	0	0	0	0	0	0	0	0	0	0	0	0	0	0	0	0	0	0	0	0	0	0	0	0	0	0	0	0	0	0	0	0	0	0	0	0	500	0	0	0	0	
0	0	0	0	0	0	0	0	0	0	0	0	0	0	0	0	0	0	0	0	0	0	0	0	0	0	0	0	0	0	0	0	0	0	0	0	0	0	0	0	0	0	0	0	0	0	0	0	0	0	0	0	0	0	0	0	500	0	0	0	0	0	0	0	0	0	0	0	0	0	0	0	0	0	0	0	0	0	0	0	0	0	0	0	0	0	0	0	0	0	0	0	0	0	0	0	0	0	0	0	0	0	0	0	500	0	0	0	0	0	0	0	0	0	0	0	0	0	0	0	
0	0	0	0	0	0	0	0	0	0	0	0	0	0	0	0	0	0	0	0	0	0	0	0	0	0	0	0	0	0	0	0	0	0	0	0	0	0	0	500	0	0	0	0	0	0	0	0	0	500	0	0	0	0	0	0	0	0	0	0	0	0	0	0	0	0	0	0	0	0	0	0	0	0	0	0	0	0	0	0	0	0	0	0	0	0	0	0	0	0	0	0	0	0	0	0	0	0	0	0	0	0	0	0	0	0	0	0	0	0	0	0	0	0	0	0	0	0	0	0	
0	0	0	0	0	0	0	0	0	0	0	0	0	0	0	0	0	0	0	0	0	0	0	0	0	0	0	0	0	0	500	0	0	0	0	0	0	0	500	0	0	0	0	0	0	0	0	0	0	0	0	0	0	0	0	0	0	0	0	0	0	0	0	0	0	0	0	0	0	0	0	0	0	0	0	0	0	0	0	0	0	0	0	0	0	0	0	0	0	0	0	0	0	0	0	0	0	0	0	0	0	0	0	0	0	0	0	0	0	0	0	0	0	0	0	0	0	0	0	0	
0	0	0	0	0	0	0	0	0	0	0	0	0	0	0	0	0	0	0	0	0	0	0	0	0	0	0	0	0	0	0	0	0	0	0	0	0	0	0	0	0	0	0	0	0	0	0	0	0	0	0	0	0	0	0	0	0	0	0	0	0	0	0	500	0	0	0	0	0	0	500	0	0	0	0	0	0	0	0	0	0	0	0	0	0	0	0	0	0	0	0	0	0	0	0	0	0	0	0	0	0	0	0	0	0	0	0	0	0	0	0	0	0	0	0	0	0	0	0	0	
0	0	500	0	0	0	0	0	0	0	0	0	0	0	0	0	0	0	0	0	0	0	0	0	0	0	0	0	0	0	0	0	0	0	0	0	0	0	0	0	0	0	0	0	0	0	0	0	0	0	0	0	0	0	0	0	0	0	0	0	0	0	0	0	0	0	0	0	0	0	0	0	0	0	0	0	0	0	0	0	0	0	0	0	0	0	0	500	0	0	0	0	0	0	0	0	0	0	0	0	0	0	0	0	0	0	0	0	0	0	0	0	0	0	0	0	0	0	0	0	
0	0	0	0	0	0	0	0	0	0	0	0	0	0	0	0	0	0	0	0	0	0	0	0	0	0	0	0	0	0	0	0	0	0	0	0	0	0	0	0	0	0	0	0	0	0	0	0	0	0	0	0	0	0	0	0	0	0	0	0	0	0	0	0	0	0	0	0	0	0	0	0	0	0	0	0	0	0	0	0	0	0	0	0	0	0	0	0	0	0	0	0	500	0	0	0	0	0	0	0	0	0	0	0	0	0	0	0	0	0	500	0	0	0	0	0	0	0	0	0	
0	0	0	0	0	0	0	500	0	0	0	0	0	0	0	0	0	0	0	0	0	0	0	0	0	0	0	0	0	0	0	0	0	0	0	0	0	0	0	0	0	0	0	0	0	0	0	0	0	0	0	500	0	0	0	0	0	0	0	0	0	0	0	0	0	0	0	0	0	0	0	0	0	0	0	0	0	0	0	0	0	0	0	0	0	0	0	0	0	0	0	0	0	0	0	0	0	0	0	0	0	0	0	0	0	0	0	0	0	0	0	0	0	0	0	0	0	0	0	0	
0	0	0	0	0	0	0	0	0	0	0	0	0	0	0	0	0	0	0	0	0	0	0	0	0	0	0	0	0	0	0	0	0	0	0	0	0	0	0	0	0	0	0	0	0	0	500	0	0	0	0	0	0	0	0	0	0	0	0	0	0	0	0	0	0	0	0	0	0	0	0	0	0	0	0	0	0	0	0	0	0	0	0	0	0	0	0	0	0	500	0	0	0	0	0	0	0	0	0	0	0	0	0	0	0	0	0	0	0	0	0	0	0	0	0	0	0	0	0	0	
0	0	0	0	0	0	0	0	0	0	0	0	0	0	0	0	0	0	0	0	0	0	0	0	0	0	0	0	0	0	0	0	0	0	0	0	0	0	0	0	0	0	0	0	0	0	0	0	0	0	0	0	0	0	0	0	0	0	0	0	500	0	0	0	0	0	0	0	0	0	0	0	0	0	0	0	0	0	0	0	0	0	0	0	0	0	0	0	0	0	0	0	0	500	0	0	0	0	0	0	0	0	0	0	0	0	0	0	0	0	0	0	0	0	0	0	0	0	0	0	
0	0	0	0	0	0	0	0	0	0	0	0	0	0	0	0	0	0	0	0	0	500	0	0	0	0	0	0	0	0	0	0	0	0	0	0	0	0	0	0	0	0	0	0	500	0	0	0	0	0	0	0	0	0	0	0	0	0	0	0	0	0	0	0	0	0	0	0	0	0	0	0	0	0	0	0	0	0	0	0	0	0	0	0	0	0	0	0	0	0	0	0	0	0	0	0	0	0	0	0	0	0	0	0	0	0	0	0	0	0	0	0	0	0	0	0	0	0	0	0	
0	0	0	0	0	0	0	0	0	0	0	0	0	0	0	0	0	0	0	0	0	0	0	0	0	0	0	0	0	0	0	0	0	0	0	0	0	0	0	0	0	0	0	0	0	0	0	0	0	0	0	0	0	0	0	0	0	0	0	0	0	0	0	0	0	0	0	0	0	500	0	0	0	0	0	0	0	0	0	0	0	0	0	0	0	0	0	0	0	0	0	0	0	0	500	0	0	0	0	0	0	0	0	0	0	0	0	0	0	0	0	0	0	0	0	0	0	0	0	0	
0	0	0	0	0	0	0	0	0	0	0	0	0	0	0	0	0	0	0	0	0	0	0	0	0	0	0	0	0	0	0	0	0	0	0	0	0	0	0	0	0	0	0	0	0	0	0	0	0	0	0	0	0	0	0	0	0	0	0	0	0	0	0	0	0	0	0	0	0	0	0	0	0	0	0	0	0	0	0	0	0	0	0	0	0	0	0	0	0	0	0	0	0	0	0	0	0	0	0	500	0	0	0	0	0	0	0	0	0	0	0	0	0	0	0	0	0	500	0	0	
0	500	0	0	0	0	0	0	0	0	0	0	0	0	0	0	0	0	0	0	0	0	0	0	0	0	0	0	0	0	0	0	0	0	0	0	0	0	500	0	0	0	0	0	0	0	0	0	0	0	0	0	0	0	0	0	0	0	0	0	0	0	0	0	0	0	0	0	0	0	0	0	0	0	0	0	0	0	0	0	0	0	0	0	0	0	0	0	0	0	0	0	0	0	0	0	0	0	0	0	0	0	0	0	0	0	0	0	0	0	0	0	0	0	0	0	0	0	0	0	
0	0	0	0	0	0	0	0	0	0	0	0	0	0	0	0	0	0	0	0	0	0	0	0	0	0	0	0	0	0	0	0	0	0	0	0	0	0	0	0	0	0	0	0	0	0	0	0	0	0	0	0	0	0	0	0	0	0	0	0	0	500	0	0	0	0	0	0	0	0	0	0	0	0	0	0	0	0	0	0	0	0	0	0	500	0	0	0	0	0	0	0	0	0	0	0	0	0	0	0	0	0	0	0	0	0	0	0	0	0	0	0	0	0	0	0	0	0	0	0	
0	0	0	0	0	0	0	500	0	0	0	0	0	0	0	0	0	0	0	0	0	0	0	0	0	0	0	0	0	0	0	0	0	0	0	0	0	0	0	0	0	0	0	500	0	0	0	0	0	0	0	0	0	0	0	0	0	0	0	0	0	0	0	0	0	0	0	0	0	0	0	0	0	0	0	0	0	0	0	0	0	0	0	0	0	0	0	0	0	0	0	0	0	0	0	0	0	0	0	0	0	0	0	0	0	0	0	0	0	0	0	0	0	0	0	0	0	0	0	0	
0	0	0	0	0	0	0	0	0	0	0	0	0	0	0	0	500	0	0	0	0	0	0	500	0	0	0	0	0	0	0	0	0	0	0	0	0	0	0	0	0	0	0	0	0	0	0	0	0	0	0	0	0	0	0	0	0	0	0	0	0	0	0	0	0	0	0	0	0	0	0	0	0	0	0	0	0	0	0	0	0	0	0	0	0	0	0	0	0	0	0	0	0	0	0	0	0	0	0	0	0	0	0	0	0	0	0	0	0	0	0	0	0	0	0	0	0	0	0	0	
0	0	0	0	0	0	0	0	0	0	0	0	0	0	0	0	0	0	0	0	0	0	0	0	0	0	0	0	0	0	0	0	0	0	0	0	0	0	0	0	0	0	0	0	0	0	0	0	0	0	0	0	0	0	0	0	0	0	0	0	0	0	0	0	0	0	0	500	0	0	0	0	0	0	0	0	0	0	0	0	0	0	0	0	0	0	0	0	0	0	0	0	500	0	0	0	0	0	0	0	0	0	0	0	0	0	0	0	0	0	0	0	0	0	0	0	0	0	0	0	
500	0	0	0	0	0	0	0	0	0	0	0	0	0	0	0	0	0	0	0	0	0	0	0	0	0	0	0	0	0	0	0	0	0	0	0	0	0	0	0	0	0	0	0	0	0	0	0	0	0	0	0	0	0	0	0	0	0	0	0	0	0	0	0	0	0	0	0	0	0	0	0	0	0	0	500	0	0	0	0	0	0	0	0	0	0	0	0	500	0	0	0	0	0	0	0	0	0	0	0	0	0	0	0	0	0	0	0	0	0	0	0	0	0	0	0	0	0	0	0	
0	0	0	0	0	0	0	0	0	0	0	0	0	0	0	0	0	0	0	0	0	0	0	0	0	0	0	0	0	0	0	0	0	0	0	0	0	0	0	0	0	0	0	0	0	0	0	0	0	0	0	0	0	0	0	0	0	0	0	0	0	0	0	0	0	0	0	500	0	0	0	0	0	0	500	0	0	0	0	0	0	0	0	0	0	0	0	0	0	0	0	0	0	0	0	0	0	0	0	0	0	0	0	0	0	0	0	0	0	0	0	0	0	0	0	0	0	0	0	0	
0	0	0	0	0	0	0	0	0	0	0	0	0	0	0	0	0	0	0	0	0	0	0	0	0	0	0	0	0	0	0	0	0	0	0	0	0	500	0	0	0	0	0	0	0	0	0	0	0	0	0	0	0	0	0	0	0	0	0	0	0	0	0	0	0	0	0	0	0	0	0	0	0	0	0	0	0	0	0	500	0	0	0	0	0	0	0	0	0	0	0	0	0	0	0	0	0	0	0	0	0	0	0	0	0	0	0	0	0	0	0	0	0	0	0	0	0	0	0	0	
0	0	0	0	0	0	0	0	0	0	0	0	0	500	0	0	0	0	0	0	0	0	0	0	0	0	0	0	0	0	0	0	0	0	0	0	0	0	0	0	0	0	0	0	0	0	0	0	0	0	0	0	0	0	0	0	0	0	0	0	0	0	0	0	0	0	0	0	0	0	0	0	0	0	0	0	0	0	0	0	0	0	0	0	0	500	0	0	0	0	0	0	0	0	0	0	0	0	0	0	0	0	0	0	0	0	0	0	0	0	0	0	0	0	0	0	0	0	0	0	
500	0	0	0	0	0	0	0	0	0	0	0	0	0	0	0	0	0	0	0	0	0	0	0	0	0	0	0	0	0	0	0	0	0	0	0	0	0	0	0	0	0	0	0	0	0	0	0	0	0	0	0	0	0	0	0	0	0	0	0	0	0	0	0	0	0	0	0	0	0	0	0	500	0	0	0	0	0	0	0	0	0	0	0	0	0	0	0	0	0	0	0	0	0	0	0	0	500	0	0	0	0	0	0	0	0	0	0	0	0	0	0	0	0	0	0	0	0	0	0	
0	0	0	0	0	0	0	0	0	0	0	0	0	0	0	0	0	0	0	0	500	0	500	0	0	0	0	0	0	0	0	0	0	0	0	0	0	0	0	0	0	0	0	0	0	0	0	0	0	0	0	0	0	0	0	0	0	0	0	0	0	0	0	0	0	0	0	0	0	0	0	0	0	0	0	0	0	0	0	0	0	0	0	0	0	0	0	0	0	0	0	0	0	0	0	0	0	0	0	0	0	0	0	0	0	0	0	0	0	0	0	0	0	0	0	0	0	0	0	0	
0	0	0	0	0	500	0	0	0	0	0	0	0	0	0	0	0	0	0	0	0	0	0	0	0	0	0	0	0	0	0	0	0	0	0	0	0	0	0	0	0	0	0	0	0	500	0	0	0	0	0	0	0	0	0	0	0	0	0	0	0	0	0	0	0	0	0	0	0	0	0	0	0	0	0	0	0	0	0	0	0	0	0	0	0	0	0	0	0	0	0	0	0	0	0	0	0	0	0	0	0	0	0	0	0	0	0	0	0	0	0	0	0	0	0	0	0	0	0	0	
0	0	0	0	0	0	0	0	0	0	0	0	0	0	0	0	0	0	0	0	0	0	0	0	0	0	0	0	0	0	0	0	0	0	0	0	0	0	0	0	0	0	0	0	0	0	0	0	0	0	500	0	0	0	0	0	0	0	0	0	0	0	0	0	0	0	0	0	0	0	0	0	0	0	0	0	0	0	0	0	0	0	0	0	0	0	0	0	0	0	0	0	0	0	0	0	0	0	0	0	0	0	0	0	0	0	0	0	0	0	0	0	0	0	0	0	0	500	0	0	
0	0	0	0	0	0	0	0	0	0	0	0	0	0	0	0	0	0	0	0	0	0	0	0	0	0	0	0	0	0	0	0	0	0	0	0	0	0	0	0	0	0	0	0	0	0	0	0	0	0	0	0	0	0	0	0	0	0	0	0	0	0	0	0	500	0	0	0	0	0	0	0	0	0	0	0	0	0	0	0	0	0	0	0	0	0	0	0	0	0	0	0	0	0	0	0	0	0	500	0	0	0	0	0	0	0	0	0	0	0	0	0	0	0	0	0	0	0	0	0	
0	0	0	0	0	0	0	0	0	0	0	0	0	0	0	0	0	0	0	0	0	0	0	0	0	0	0	0	0	0	0	0	0	0	0	0	0	0	0	0	500	0	0	0	0	0	0	0	0	0	0	0	0	0	0	0	0	0	0	0	0	0	0	0	0	0	0	0	0	0	0	0	0	0	0	0	0	0	0	0	0	0	0	0	0	0	0	0	0	0	0	0	0	0	0	0	0	0	0	0	0	0	0	0	0	0	0	0	0	0	0	0	0	0	0	0	0	0	500	0	
500	0	0	0	0	0	0	0	0	0	0	0	0	0	0	0	0	0	0	0	0	0	0	0	0	0	0	0	0	0	0	0	0	0	0	0	0	0	0	0	0	0	0	0	0	0	0	0	0	0	0	0	0	0	0	0	0	0	0	0	0	0	500	0	0	0	0	0	0	0	0	0	0	0	0	0	0	0	0	0	0	0	0	0	0	0	0	0	0	0	0	0	0	0	0	0	0	0	0	0	0	0	0	0	0	0	0	0	0	0	0	0	0	0	0	0	0	0	0	0	
0	500	0	0	0	0	0	0	0	0	0	0	0	0	0	0	0	0	0	0	0	0	0	0	0	0	0	0	0	0	0	0	0	0	0	0	0	0	0	0	0	0	0	0	0	0	0	0	0	0	0	0	0	0	0	0	0	0	0	0	0	0	0	0	0	0	0	0	0	0	0	0	0	0	0	0	0	0	0	0	0	0	0	0	0	0	0	0	0	0	0	0	0	0	0	0	0	0	0	0	500	0	0	0	0	0	0	0	0	0	0	0	0	0	0	0	0	0	0	0	
0	0	0	0	0	0	0	0	0	0	0	0	0	0	0	0	0	0	0	0	0	0	0	0	0	0	0	0	0	0	0	0	0	0	0	0	0	0	0	0	0	0	0	0	0	0	0	0	0	0	0	0	0	0	0	0	0	0	0	0	0	0	0	0	0	0	0	0	500	0	0	500	0	0	0	0	0	0	0	0	0	0	0	0	0	0	0	0	0	0	0	0	0	0	0	0	0	0	0	0	0	0	0	0	0	0	0	0	0	0	0	0	0	0	0	0	0	0	0	0	
0	0	0	0	0	0	0	0	0	0	0	0	0	0	0	0	0	0	0	0	0	0	0	0	0	0	0	0	0	0	0	0	0	0	0	0	0	0	0	0	0	0	0	0	0	0	0	0	0	0	0	0	0	500	0	500	0	0	0	0	0	0	0	0	0	0	0	0	0	0	0	0	0	0	0	0	0	0	0	0	0	0	0	0	0	0	0	0	0	0	0	0	0	0	0	0	0	0	0	0	0	0	0	0	0	0	0	0	0	0	0	0	0	0	0	0	0	0	0	0	
0	0	0	0	0	0	0	0	0	0	0	0	0	0	0	0	0	0	0	0	0	0	0	0	0	0	500	0	0	0	0	0	0	0	0	0	0	0	0	0	0	0	0	0	0	0	0	0	0	0	0	0	0	0	0	0	0	0	0	0	0	0	0	0	0	0	500	0	0	0	0	0	0	0	0	0	0	0	0	0	0	0	0	0	0	0	0	0	0	0	0	0	0	0	0	0	0	0	0	0	0	0	0	0	0	0	0	0	0	0	0	0	0	0	0	0	0	0	0	0	
0	0	0	0	0	0	0	0	0	0	0	0	0	0	0	0	0	0	0	0	0	0	0	0	0	0	0	0	0	0	0	0	0	0	0	0	0	0	0	0	0	0	0	0	0	0	0	500	0	0	0	0	0	0	0	0	0	0	0	0	0	0	0	0	0	0	0	0	0	0	0	0	0	0	0	0	0	0	0	0	0	0	0	0	0	0	0	0	0	0	0	0	0	0	0	0	0	0	0	0	0	0	0	0	0	0	0	0	0	0	500	0	0	0	0	0	0	0	0	0	
0	0	0	0	500	0	0	0	0	0	0	0	0	0	0	0	0	0	0	0	0	0	0	0	0	0	0	0	0	0	0	0	0	0	0	0	0	0	0	0	500	0	0	0	0	0	0	0	0	0	0	0	0	0	0	0	0	0	0	0	0	0	0	0	0	0	0	0	0	0	0	0	0	0	0	0	0	0	0	0	0	0	0	0	0	0	0	0	0	0	0	0	0	0	0	0	0	0	0	0	0	0	0	0	0	0	0	0	0	0	0	0	0	0	0	0	0	0	0	0	
0	0	0	0	0	0	0	0	0	0	0	0	0	0	0	0	0	0	0	0	0	0	0	0	0	0	0	0	0	0	0	0	0	0	0	0	0	0	0	0	0	0	0	0	0	0	0	0	0	0	0	0	0	0	0	0	0	0	0	0	0	0	0	0	0	0	500	0	0	0	0	0	0	0	0	0	0	500	0	0	0	0	0	0	0	0	0	0	0	0	0	0	0	0	0	0	0	0	0	0	0	0	0	0	0	0	0	0	0	0	0	0	0	0	0	0	0	0	0	0	
0	0	0	0	0	0	0	0	0	0	0	0	0	0	0	0	0	0	0	0	0	0	0	0	0	0	0	0	0	0	0	0	0	0	0	0	0	0	0	0	0	0	0	0	0	0	0	0	0	0	0	0	0	0	0	0	0	0	500	0	0	0	0	0	0	0	0	0	0	0	0	0	0	0	0	0	0	0	0	0	0	0	0	0	0	0	0	0	0	0	0	0	0	0	0	0	0	500	0	0	0	0	0	0	0	0	0	0	0	0	0	0	0	0	0	0	0	0	0	0	
0	0	0	0	0	0	0	0	0	0	0	0	0	0	0	0	0	500	0	0	0	500	0	0	0	0	0	0	0	0	0	0	0	0	0	0	0	0	0	0	0	0	0	0	0	0	0	0	0	0	0	0	0	0	0	0	0	0	0	0	0	0	0	0	0	0	0	0	0	0	0	0	0	0	0	0	0	0	0	0	0	0	0	0	0	0	0	0	0	0	0	0	0	0	0	0	0	0	0	0	0	0	0	0	0	0	0	0	0	0	0	0	0	0	0	0	0	0	0	0	
0	0	0	0	0	0	0	0	0	0	0	0	0	0	0	0	0	0	0	0	0	0	0	0	0	0	0	0	0	0	0	0	0	0	0	0	0	0	0	0	0	0	0	0	0	0	0	0	0	0	0	0	0	0	0	500	0	0	0	0	0	0	0	0	0	0	0	0	0	0	0	0	0	0	0	0	0	0	0	0	0	0	0	0	0	0	0	0	0	0	500	0	0	0	0	0	0	0	0	0	0	0	0	0	0	0	0	0	0	0	0	0	0	0	0	0	0	0	0	0	
0	0	0	0	0	0	0	0	0	0	0	0	0	0	0	0	0	0	0	0	0	0	0	0	0	0	0	0	0	0	0	0	0	0	0	0	0	0	0	0	0	0	0	0	0	0	0	0	0	0	0	0	0	0	500	0	0	0	0	0	0	0	0	0	0	0	0	0	0	0	0	0	0	0	0	0	0	0	0	0	0	0	0	0	0	0	0	0	500	0	0	0	0	0	0	0	0	0	0	0	0	0	0	0	0	0	0	0	0	0	0	0	0	0	0	0	0	0	0	0	
0	0	0	0	0	0	0	0	0	0	0	0	0	0	0	0	0	0	0	0	0	0	0	0	0	0	0	0	0	0	0	0	0	0	0	0	0	0	0	0	0	0	0	0	0	0	0	0	0	0	0	0	0	0	0	0	0	0	0	0	0	0	0	0	0	0	0	0	0	0	0	0	0	0	0	0	0	0	0	0	0	0	0	0	0	0	0	0	0	500	0	0	0	0	0	500	0	0	0	0	0	0	0	0	0	0	0	0	0	0	0	0	0	0	0	0	0	0	0	0	
0	0	0	0	0	0	0	0	0	0	0	0	0	0	0	0	0	0	0	0	0	0	0	0	0	0	0	0	0	0	0	0	0	500	0	0	0	0	0	0	0	0	0	0	0	0	0	0	0	0	0	0	0	0	0	0	0	0	0	0	0	0	0	0	0	0	0	0	0	0	0	500	0	0	0	0	0	0	0	0	0	0	0	0	0	0	0	0	0	0	0	0	0	0	0	0	0	0	0	0	0	0	0	0	0	0	0	0	0	0	0	0	0	0	0	0	0	0	0	0	
0	0	0	0	0	0	0	0	0	500	0	0	0	0	0	0	0	0	0	0	0	0	0	0	0	0	0	0	0	0	0	0	0	0	0	0	0	0	0	0	0	0	0	0	0	0	0	0	0	0	0	0	0	0	0	0	0	0	0	0	0	0	0	0	0	0	0	0	0	0	0	0	0	0	0	0	0	0	0	0	0	0	0	0	0	0	0	0	0	0	0	0	0	0	0	0	0	0	0	0	0	0	0	0	0	0	0	0	500	0	0	0	0	0	0	0	0	0	0	0	
0	0	0	0	0	0	0	0	0	0	0	0	0	0	0	0	0	0	0	0	0	0	0	0	0	0	0	0	500	0	0	0	0	0	0	0	0	0	0	0	0	0	0	0	0	0	0	0	0	0	0	0	0	0	0	0	500	0	0	0	0	0	0	0	0	0	0	0	0	0	0	0	0	0	0	0	0	0	0	0	0	0	0	0	0	0	0	0	0	0	0	0	0	0	0	0	0	0	0	0	0	0	0	0	0	0	0	0	0	0	0	0	0	0	0	0	0	0	0	0	
0	0	0	0	0	0	0	0	0	0	0	0	0	0	0	0	0	0	0	0	0	0	0	0	0	0	0	500	0	0	0	0	0	0	0	500	0	0	0	0	0	0	0	0	0	0	0	0	0	0	0	0	0	0	0	0	0	0	0	0	0	0	0	0	0	0	0	0	0	0	0	0	0	0	0	0	0	0	0	0	0	0	0	0	0	0	0	0	0	0	0	0	0	0	0	0	0	0	0	0	0	0	0	0	0	0	0	0	0	0	0	0	0	0	0	0	0	0	0	0	
0	0	0	0	0	0	0	0	0	0	0	0	0	0	0	0	0	0	0	0	0	0	0	0	0	0	0	0	0	0	0	0	0	0	0	0	0	0	0	0	0	0	0	0	0	0	0	0	0	0	0	0	0	0	0	0	0	0	0	0	0	0	0	0	0	0	0	0	0	0	0	0	0	0	0	0	0	0	0	0	0	0	0	500	0	0	0	0	0	0	0	0	0	0	0	0	0	0	0	0	0	0	0	0	0	0	0	0	0	0	0	0	500	0	0	0	0	0	0	0	
0	0	0	0	0	0	0	0	0	0	0	0	0	0	0	0	0	0	0	0	0	0	0	0	0	0	0	0	0	0	0	0	0	0	0	0	0	0	0	0	0	0	0	0	0	0	0	0	0	0	0	0	0	0	0	0	0	0	0	0	0	0	0	0	0	0	0	0	0	0	0	0	0	0	0	0	0	0	0	0	0	0	0	0	0	0	500	0	0	0	0	0	0	0	0	0	0	0	0	0	0	0	0	0	0	0	0	0	0	0	0	500	0	0	0	0	0	0	0	0	
0	0	0	0	0	0	0	0	0	0	0	0	0	0	0	0	0	0	0	0	0	0	0	0	0	0	0	0	0	0	0	0	0	0	0	0	0	0	0	0	0	0	0	0	0	0	0	0	0	0	0	0	0	0	0	0	0	0	0	0	0	0	0	0	0	0	0	0	0	0	0	0	0	0	0	0	0	0	0	0	0	500	0	0	0	0	0	0	0	0	0	0	0	0	0	500	0	0	0	0	0	0	0	0	0	0	0	0	0	0	0	0	0	0	0	0	0	0	0	0	
0	0	0	0	0	0	0	0	0	0	0	0	0	500	0	0	0	0	0	0	0	0	0	0	0	0	0	0	0	0	0	0	0	0	0	0	0	0	0	0	0	0	0	0	0	0	0	0	0	0	500	0	0	0	0	0	0	0	0	0	0	0	0	0	0	0	0	0	0	0	0	0	0	0	0	0	0	0	0	0	0	0	0	0	0	0	0	0	0	0	0	0	0	0	0	0	0	0	0	0	0	0	0	0	0	0	0	0	0	0	0	0	0	0	0	0	0	0	0	0	
0	0	0	0	500	0	0	0	0	0	0	0	0	0	0	0	0	0	0	0	0	0	0	0	0	0	0	0	0	0	0	0	0	0	0	0	0	0	0	0	0	0	0	0	0	0	0	0	0	0	0	0	0	0	0	0	0	500	0	0	0	0	0	0	0	0	0	0	0	0	0	0	0	0	0	0	0	0	0	0	0	0	0	0	0	0	0	0	0	0	0	0	0	0	0	0	0	0	0	0	0	0	0	0	0	0	0	0	0	0	0	0	0	0	0	0	0	0	0	0	
0	0	0	0	0	0	0	0	0	0	0	0	0	0	0	0	0	0	0	0	0	0	0	0	0	0	0	0	0	0	0	0	500	0	0	0	0	0	0	0	0	0	0	0	0	0	0	0	0	0	0	0	0	0	0	0	0	0	0	0	0	0	0	0	0	0	0	0	0	0	0	0	0	0	0	0	0	0	0	0	0	0	500	0	0	0	0	0	0	0	0	0	0	0	0	0	0	0	0	0	0	0	0	0	0	0	0	0	0	0	0	0	0	0	0	0	0	0	0	0	
0	0	0	0	0	0	0	0	0	0	0	0	0	0	0	0	0	0	0	0	0	0	0	0	0	0	0	0	0	0	0	0	0	0	0	0	0	0	0	0	0	500	0	0	0	0	0	0	0	0	0	0	0	0	0	0	0	0	0	0	0	0	0	0	0	0	0	0	0	0	0	0	0	0	0	0	0	0	0	0	0	0	0	0	0	0	0	0	0	0	0	0	0	0	0	0	0	0	0	0	0	0	0	0	0	0	0	0	0	0	0	0	0	0	0	0	500	0	0	0	
0	0	0	0	0	0	0	0	0	0	0	0	0	0	0	0	0	0	0	0	0	0	0	0	0	0	0	0	0	0	0	0	0	0	0	0	0	0	0	0	0	0	0	0	0	0	0	0	0	0	0	0	0	0	500	0	0	0	0	0	0	0	0	0	0	0	0	0	0	0	0	0	0	0	0	500	0	0	0	0	0	0	0	0	0	0	0	0	0	0	0	0	0	0	0	0	0	0	0	0	0	0	0	0	0	0	0	0	0	0	0	0	0	0	0	0	0	0	0	0	
0	0	0	0	0	0	0	0	0	0	0	0	0	0	0	0	0	0	0	0	0	0	0	0	0	0	0	0	0	0	0	0	0	0	0	0	0	0	0	0	0	0	0	0	500	0	0	0	0	0	0	0	0	0	0	0	0	0	0	0	0	0	0	0	0	0	0	0	0	0	0	0	0	0	0	0	500	0	0	0	0	0	0	0	0	0	0	0	0	0	0	0	0	0	0	0	0	0	0	0	0	0	0	0	0	0	0	0	0	0	0	0	0	0	0	0	0	0	0	0	
0	0	0	0	0	0	0	0	0	0	0	0	0	0	0	0	0	0	0	0	0	0	0	0	0	0	0	0	0	0	0	0	0	0	0	0	0	0	0	0	0	0	0	0	0	0	0	0	0	0	0	0	0	0	0	0	0	0	0	0	0	0	0	0	0	0	0	0	0	0	0	0	0	0	500	0	0	0	0	0	0	0	0	0	0	0	0	0	0	0	0	0	0	0	0	0	0	0	0	0	0	0	0	0	0	0	0	0	0	0	0	0	0	0	500	0	0	0	0	0	
0	0	0	0	0	0	0	0	0	0	0	0	0	0	0	0	0	0	0	0	0	0	0	0	0	0	0	0	0	0	0	0	0	0	500	0	0	0	0	0	0	0	0	0	0	0	0	0	0	0	0	0	0	0	0	0	0	0	0	0	0	0	0	0	0	0	0	0	0	0	0	0	0	0	0	0	0	0	0	0	0	0	0	0	0	0	0	0	0	0	0	0	0	0	0	0	0	0	0	0	0	0	0	0	0	0	0	0	0	0	0	0	0	500	0	0	0	0	0	0	
0	0	0	0	0	0	0	0	0	0	0	0	0	0	0	0	0	0	0	0	0	0	0	0	0	0	0	0	0	0	0	0	0	0	0	0	0	0	0	0	0	0	500	0	0	0	0	0	0	0	0	0	0	500	0	0	0	0	0	0	0	0	0	0	0	0	0	0	0	0	0	0	0	0	0	0	0	0	0	0	0	0	0	0	0	0	0	0	0	0	0	0	0	0	0	0	0	0	0	0	0	0	0	0	0	0	0	0	0	0	0	0	0	0	0	0	0	0	0	0	
0	0	0	0	0	0	0	0	0	0	0	0	0	0	0	0	0	0	500	0	0	0	0	0	0	0	0	0	0	0	0	0	0	0	0	0	0	0	0	0	0	0	0	0	0	500	0	0	0	0	0	0	0	0	0	0	0	0	0	0	0	0	0	0	0	0	0	0	0	0	0	0	0	0	0	0	0	0	0	0	0	0	0	0	0	0	0	0	0	0	0	0	0	0	0	0	0	0	0	0	0	0	0	0	0	0	0	0	0	0	0	0	0	0	0	0	0	0	0	0	
0	0	0	0	0	0	0	0	500	0	0	0	0	0	0	0	0	0	0	0	0	0	0	0	0	0	0	0	0	0	0	0	0	0	0	0	0	0	0	0	0	0	0	0	0	0	0	500	0	0	0	0	0	0	0	0	0	0	0	0	0	0	0	0	0	0	0	0	0	0	0	0	0	0	0	0	0	0	0	0	0	0	0	0	0	0	0	0	0	0	0	0	0	0	0	0	0	0	0	0	0	0	0	0	0	0	0	0	0	0	0	0	0	0	0	0	0	0	0	0	
0	0	0	0	0	0	0	0	0	0	0	0	0	0	0	0	0	0	0	0	0	0	0	0	0	0	0	0	0	0	0	0	0	0	0	0	0	0	0	0	0	0	0	0	0	0	0	0	0	0	0	0	0	0	0	0	0	0	0	0	0	0	0	0	0	0	0	0	0	0	0	0	0	0	0	0	500	0	0	0	0	0	0	500	0	0	0	0	0	0	0	0	0	0	0	0	0	0	0	0	0	0	0	0	0	0	0	0	0	0	0	0	0	0	0	0	0	0	0	0	
0	0	0	0	0	0	0	0	500	0	0	0	0	0	0	0	0	0	0	0	0	0	0	0	0	0	0	0	0	0	0	0	0	0	0	0	0	0	0	0	0	0	0	0	0	0	0	0	0	0	0	0	0	0	0	0	0	0	0	0	0	0	0	0	0	0	0	0	0	0	0	0	0	0	0	0	0	0	0	0	0	0	0	0	0	0	0	0	0	0	0	0	0	0	0	0	0	0	0	0	0	0	0	0	0	500	0	0	0	0	0	0	0	0	0	0	0	0	0	0	
0	0	0	0	0	0	0	0	0	0	0	0	0	0	0	0	0	0	0	0	0	0	0	0	0	0	0	0	0	0	0	0	0	0	0	0	0	0	0	0	0	0	0	0	0	0	0	0	0	0	0	0	0	0	0	0	0	0	500	0	0	0	0	0	0	0	0	0	0	0	0	0	500	0	0	0	0	0	0	0	0	0	0	0	0	0	0	0	0	0	0	0	0	0	0	0	0	0	0	0	0	0	0	0	0	0	0	0	0	0	0	0	0	0	0	0	0	0	0	0	
0	0	0	0	0	0	0	0	0	0	0	0	0	0	0	0	0	0	0	0	0	0	0	0	0	0	0	0	0	0	0	0	0	0	0	0	0	0	0	0	0	0	0	0	0	0	0	0	0	0	0	0	0	0	0	0	0	0	0	0	0	0	500	0	0	0	0	0	0	0	0	0	0	0	0	0	0	0	0	0	0	0	0	0	0	0	0	0	0	0	0	0	0	0	0	0	0	0	0	0	0	0	0	500	0	0	0	0	0	0	0	0	0	0	0	0	0	0	0	0	
0	0	0	0	0	0	0	0	0	0	0	0	0	0	0	0	0	0	0	0	0	0	0	0	0	0	0	0	0	0	0	0	0	0	0	0	0	0	0	0	0	0	0	0	0	0	0	0	500	0	0	0	0	0	0	0	0	0	0	0	0	0	0	0	0	0	0	0	0	0	0	0	0	0	0	0	0	0	0	0	0	0	0	0	0	0	0	0	0	0	0	0	0	0	0	0	0	0	0	0	0	0	0	0	0	0	0	0	0	0	0	0	500	0	0	0	0	0	0	0	
0	0	0	0	0	0	0	0	0	0	0	0	0	0	0	0	0	0	0	0	0	0	0	0	0	0	0	0	0	0	0	0	0	0	0	0	0	0	0	0	0	0	0	0	0	0	0	0	0	0	0	0	0	0	0	0	0	0	0	0	0	0	0	0	0	500	0	0	0	0	0	0	0	0	0	0	0	0	0	0	0	0	0	0	0	0	0	0	0	0	0	0	0	0	0	0	0	0	0	0	0	0	0	0	0	500	0	0	0	0	0	0	0	0	0	0	0	0	0	0	
0	0	0	0	0	0	0	0	0	0	0	0	0	0	0	0	0	0	0	0	0	0	0	0	0	0	0	500	0	0	0	0	0	0	0	500	0	0	0	0	0	0	0	0	0	0	0	0	0	0	0	0	0	0	0	0	0	0	0	0	0	0	0	0	0	0	0	0	0	0	0	0	0	0	0	0	0	0	0	0	0	0	0	0	0	0	0	0	0	0	0	0	0	0	0	0	0	0	0	0	0	0	0	0	0	0	0	0	0	0	0	0	0	0	0	0	0	0	0	0	
0	0	0	500	0	0	0	0	0	0	0	0	0	0	0	0	0	0	0	0	0	0	0	0	0	0	0	0	0	0	0	0	0	0	0	0	0	0	0	0	0	0	0	0	0	0	0	0	0	0	0	0	0	0	0	0	0	0	0	0	0	0	0	0	0	0	0	0	0	0	0	0	0	0	0	0	0	0	0	0	0	0	0	0	0	0	0	0	0	0	0	0	0	0	0	0	0	0	0	0	0	0	0	0	0	0	0	0	0	0	0	0	0	0	0	0	500	0	0	0	
0	0	0	0	0	0	0	0	0	0	0	0	0	0	0	0	0	0	0	0	0	0	0	0	0	0	0	0	0	0	0	0	0	0	0	0	0	0	0	0	0	0	0	0	0	0	0	0	0	0	0	0	0	0	0	0	0	0	0	0	0	0	0	0	0	0	0	0	0	0	0	0	0	0	0	0	0	0	0	0	0	0	0	0	0	0	0	0	0	0	0	0	0	0	0	0	0	0	500	0	0	0	0	0	500	0	0	0	0	0	0	0	0	0	0	0	0	0	0	0	
0	0	0	0	0	0	0	0	0	0	0	0	0	0	0	0	0	0	0	0	0	0	0	0	0	0	0	0	0	0	0	0	0	0	0	0	0	500	0	0	0	0	0	0	0	0	0	0	0	0	0	0	0	0	0	0	0	0	0	0	0	0	0	0	0	0	0	0	0	0	0	0	0	0	0	0	0	0	0	0	0	0	0	0	0	0	0	0	0	0	0	0	0	0	0	0	0	0	0	0	0	0	0	500	0	0	0	0	0	0	0	0	0	0	0	0	0	0	0	0	
0	0	0	0	0	0	0	0	0	0	0	0	0	0	0	0	0	0	0	0	0	0	0	0	0	0	0	0	0	0	0	0	0	0	0	0	0	0	0	0	0	0	0	0	0	0	0	0	0	0	0	0	0	0	0	0	0	0	0	0	0	0	0	0	0	0	0	0	0	0	0	0	0	0	0	0	0	0	0	0	0	0	0	0	0	0	0	0	0	0	0	0	0	0	0	0	500	0	0	0	500	0	0	0	0	0	0	0	0	0	0	0	0	0	0	0	0	0	0	0	
0	0	0	0	0	0	0	0	0	0	0	0	0	0	0	0	500	0	0	0	0	0	0	0	0	0	0	0	500	0	0	0	0	0	0	0	0	0	0	0	0	0	0	0	0	0	0	0	0	0	0	0	0	0	0	0	0	0	0	0	0	0	0	0	0	0	0	0	0	0	0	0	0	0	0	0	0	0	0	0	0	0	0	0	0	0	0	0	0	0	0	0	0	0	0	0	0	0	0	0	0	0	0	0	0	0	0	0	0	0	0	0	0	0	0	0	0	0	0	0	
0	0	0	0	0	0	0	0	0	0	0	0	0	0	0	500	0	0	0	0	0	0	0	0	0	0	0	0	0	0	0	500	0	0	0	0	0	0	0	0	0	0	0	0	0	0	0	0	0	0	0	0	0	0	0	0	0	0	0	0	0	0	0	0	0	0	0	0	0	0	0	0	0	0	0	0	0	0	0	0	0	0	0	0	0	0	0	0	0	0	0	0	0	0	0	0	0	0	0	0	0	0	0	0	0	0	0	0	0	0	0	0	0	0	0	0	0	0	0	0	
0	0	0	0	0	0	0	0	0	0	0	0	0	0	0	0	0	0	0	0	0	0	0	0	0	500	0	0	0	0	0	0	0	0	0	0	0	0	0	0	0	0	0	0	0	0	0	0	0	0	0	0	0	0	0	0	0	0	0	0	0	0	0	0	0	0	0	0	0	0	0	0	0	0	0	0	0	0	500	0	0	0	0	0	0	0	0	0	0	0	0	0	0	0	0	0	0	0	0	0	0	0	0	0	0	0	0	0	0	0	0	0	0	0	0	0	0	0	0	0	
0	0	0	0	0	0	0	0	0	0	0	0	0	0	0	0	0	0	0	0	0	0	0	0	500	0	0	0	0	0	0	0	0	0	0	0	0	0	0	0	0	0	0	0	0	0	0	0	0	0	0	0	0	0	0	0	0	0	0	0	0	0	0	0	0	0	0	0	0	0	0	0	0	0	0	0	0	0	0	0	0	0	0	0	0	0	0	0	0	0	0	0	0	0	0	0	0	0	0	0	0	0	0	0	0	0	0	0	0	0	0	0	0	0	0	0	0	0	500	0	
0	0	0	0	0	0	0	0	0	0	0	0	0	0	0	0	0	0	0	0	0	0	0	0	0	0	0	0	0	0	0	0	0	0	0	0	0	0	0	0	0	0	500	0	0	0	0	0	0	0	0	0	0	0	0	0	0	0	0	0	0	0	0	0	0	0	0	0	0	500	0	0	0	0	0	0	0	0	0	0	0	0	0	0	0	0	0	0	0	0	0	0	0	0	0	0	0	0	0	0	0	0	0	0	0	0	0	0	0	0	0	0	0	0	0	0	0	0	0	0	
0	0	500	0	0	0	0	0	0	0	0	0	0	0	0	0	0	0	0	0	0	0	0	0	0	0	0	0	0	0	0	0	0	0	0	0	0	0	0	0	0	0	0	0	0	0	0	0	0	0	0	0	0	0	0	0	0	0	0	0	0	0	0	0	0	0	0	0	0	0	0	0	0	0	0	0	0	0	0	0	0	0	500	0	0	0	0	0	0	0	0	0	0	0	0	0	0	0	0	0	0	0	0	0	0	0	0	0	0	0	0	0	0	0	0	0	0	0	0	0	
0	0	0	0	0	0	0	0	0	0	0	0	0	0	0	0	0	0	0	0	0	0	0	0	0	0	0	0	0	0	0	0	0	0	0	0	0	0	0	0	0	0	0	0	0	0	0	0	0	0	0	0	0	0	0	0	0	0	0	0	0	0	0	0	0	0	0	0	0	0	0	0	0	0	0	0	0	0	0	0	0	500	0	0	0	0	0	0	0	0	0	0	0	0	0	0	0	0	0	500	0	0	0	0	0	0	0	0	0	0	0	0	0	0	0	0	0	0	0	0	
0	0	0	0	0	0	0	0	0	0	0	0	0	0	0	0	0	0	0	0	0	0	0	0	0	0	0	0	0	0	0	0	0	0	500	0	0	0	0	0	0	0	0	0	0	0	0	0	0	0	0	0	0	0	0	0	0	0	0	0	0	0	0	0	0	0	0	0	0	0	0	0	0	0	0	0	0	0	0	0	0	0	0	0	0	0	0	0	0	0	0	500	0	0	0	0	0	0	0	0	0	0	0	0	0	0	0	0	0	0	0	0	0	0	0	0	0	0	0	0	
0	0	0	0	0	0	0	0	0	0	0	0	0	0	500	0	0	0	0	0	0	0	0	0	0	0	0	0	0	0	0	0	0	0	0	0	0	0	0	0	0	0	0	0	0	0	0	0	0	0	0	0	0	0	0	0	0	0	0	0	0	0	0	0	0	0	0	0	0	0	0	0	0	0	0	0	0	0	0	0	0	0	0	0	0	0	0	0	0	0	500	0	0	0	0	0	0	0	0	0	0	0	0	0	0	0	0	0	0	0	0	0	0	0	0	0	0	0	0	0	
0	0	0	0	0	0	0	0	0	0	0	500	0	0	0	0	0	0	0	0	0	0	0	0	0	0	0	0	0	0	0	0	0	0	0	0	500	0	0	0	0	0	0	0	0	0	0	0	0	0	0	0	0	0	0	0	0	0	0	0	0	0	0	0	0	0	0	0	0	0	0	0	0	0	0	0	0	0	0	0	0	0	0	0	0	0	0	0	0	0	0	0	0	0	0	0	0	0	0	0	0	0	0	0	0	0	0	0	0	0	0	0	0	0	0	0	0	0	0	0	
0	0	0	0	0	0	0	0	0	0	0	0	0	0	0	0	0	0	0	0	0	0	0	0	0	0	0	0	0	0	0	0	0	0	0	0	0	0	0	0	0	0	0	0	0	0	0	0	0	0	0	0	0	0	0	0	0	0	0	0	0	0	0	0	0	0	0	0	0	0	0	0	0	0	0	0	0	0	0	0	0	0	0	0	0	0	0	500	0	0	0	0	0	0	0	0	0	0	0	0	0	0	500	0	0	0	0	0	0	0	0	0	0	0	0	0	0	0	0	0	
0	0	0	0	0	0	0	0	0	0	0	0	0	0	0	0	0	0	0	0	0	0	0	0	0	0	0	0	0	0	0	0	0	0	0	0	0	0	0	0	0	0	0	0	0	0	0	0	500	0	0	0	0	0	0	0	0	0	0	0	0	500	0	0	0	0	0	0	0	0	0	0	0	0	0	0	0	0	0	0	0	0	0	0	0	0	0	0	0	0	0	0	0	0	0	0	0	0	0	0	0	0	0	0	0	0	0	0	0	0	0	0	0	0	0	0	0	0	0	0	
0	0	0	0	0	0	0	0	0	0	0	0	0	0	0	0	0	0	0	0	0	0	0	0	0	0	0	0	0	0	0	0	0	0	0	0	0	0	0	0	0	0	0	0	0	0	0	0	0	0	0	0	0	0	0	0	0	0	0	0	0	0	0	500	0	0	0	0	0	0	0	0	0	0	0	0	0	0	0	0	0	0	0	0	0	0	0	0	0	0	0	0	0	0	0	0	0	0	0	0	0	0	0	0	0	0	0	0	0	500	0	0	0	0	0	0	0	0	0	0	
0	0	0	0	0	0	0	0	0	0	0	0	0	0	0	0	0	0	0	0	500	0	0	0	0	0	0	0	0	0	0	0	500	0	0	0	0	0	0	0	0	0	0	0	0	0	0	0	0	0	0	0	0	0	0	0	0	0	0	0	0	0	0	0	0	0	0	0	0	0	0	0	0	0	0	0	0	0	0	0	0	0	0	0	0	0	0	0	0	0	0	0	0	0	0	0	0	0	0	0	0	0	0	0	0	0	0	0	0	0	0	0	0	0	0	0	0	0	0	0	
101	28	86	41	101	19	38	57	114	13	51	84	115	34	86	59	75	35	23	55	74	50	63	25	88	55	1	65	8	115	91	82	10	64	97	27	79	86	26	46	40	14	31	12	47	82	66	30	3	106	12	44	46	71	61	48	82	27	111	52	62	29	59	86	85	89	25	18	78	5	10	16	44	60	40	104	71	95	68	29	104	117	79	38	104	73	24	109	40	3	43	59	17	21	15	56	92	119	62	119	107	50	56	71	5	64	23	82	53	80	19	49	10	86	38	117	15	104	8	54	75	17	84	55	1	17	8	87	25	74	15	48	44	12	98	51	51	56	34	41	7	95	103	50	97	59	74	16	10	68	93	101	68	22	13	13	91	44	19	55	36	49	114	70	68	42	30	56	119	91	44	105	91	35	81	7	61	54	27	62	114	25	18	7	89	99	67	20	11	94	11	16	39	21	98	51	119	15	26	15	28	46	74	60	94	12	101	60	39	104	91	87	48	28	21	55	82	57	12	116	109	104	90	79	43	90	94	114	69	96	27	77	83	115	114	106	79	84	42	49	10	86	18	106	50	51	75	89	73	5	93	55	75	9	12	114	68	76	77	63	18	35	29	82	59	35	66	81	42	90	9	1	45	92	78	54	0	38	14	6	82	93	94	61	31	78	52	1	75	14	45	63	21	82	68	3	28	60	68	102	53	69	11	16	26	67	54	80	20	82	32	24	52	104	8	10	100	81	104	77	45	100	25	4	102	114	11	95	26	118	25	31	105	110	34	85	53	62	96	50	22	93	52	79	109	76	7	5	36	85	106	61	107	65	61	72	27	96	26	40	5	28	2	60	43	5	86	103	61	77	119	0	61	29	94	98	99	69	19	37	104	30	56	114	102	99	70	66	4	90	39	78	95	3	97	97	4	91	103	41	12	0	71	45	28	5	102	88	72	33	104	40	7	65	99	26	101	112	75	91	15	61	22	63	50	60	64	116	83	59	119	95	54	77	23	85	98	57	30	18	107	43	104	100	54	57	75	40	64	111	5	74	55	51	117	92	99	96	8	67	38	72	84	25	31	35	12	111	72	42	41	110	50	39	27	86	70	17	84	9	5	115	115	24	9	69	36	107	24	48	70	84	78	69	10	108	107	6	2	91	64	114	118	84	78	44	95	22	70	100	32	2	72	20	31	74	39	67	7	103	75	12	25	26	108	55	116	28	21	37	28	13	29	16	64	47	63	103	65	66	82	45	89	80	48	10	112	10	67	111	15	89	42	53	113	37	63	118	28	32	51	74	91	3	15	74	110	7	60	39	23	12	51	34	111	20	109	53	94	87	27	48	61	95	102	20	69	13	111	82	81	26	6	83	47	78	78	113	2	116	111	52	91	114	9	29	106	84	63	109	88	81	81	69	7	11	63	103	7	90	59	35	34	33	55	18	16	23	18	101	91	21	22	101	11	22	13	100	42	33	62	2	80	8	43	8	78	99	93	15	22	45	61	41	105	52	116	77	95	84	3	102	105	108	83	20	9	118	101	96	31	11	50	60	61	4	67	64	19	9	112	84	2	12	68	76	44	117	119	94	34	46	81	84	52	24	101	8	75	52	82	90	65	42	59	115	14	93	95	76	60	115	48	15	35	8	104	75	77	115	118	27	58	46	60	119	36	33	3	25	75	87	4	32	8	15	24	116	119	8	36	40	3	23	82	24	115	45	45	9	3	63	116	97	73	90	59	20	82	115	86	71	58	54	44	78	15	111	39	108	70	14	119	43	9	78	67	77	26	82	44	28	81	83	68	62	110	80	60	119	84	60	52	47	36	60	85	93	102	108	3	104	66	83	111	95	28	116	10	73	97	29	18	50	98	33	103	90	98	12	14	48	35	119	95	64	11	78	89	79	20	71	96	59	86	67	74	49	63	26	89	69	83	112	61	53	16	21	59	76	105	102	89	13	55	28	46	50	10	57	106	4	113	119	70	91	11	35	111	101	118	27	99	62	60	13	32	101	4	18	13	69	44	15	5	67	83	59	28	40	102	11	19	41	69	83	26	45	26	30	99	72	33	67	48	0	43	30	109	74	104	77	99	14	111	107	94	115	112	23	117	40	8	82	107	10	98	3	110	24	86	71	93	119	8	12	84	86	106	0	106	83	94	91	60	39	28	60	69	89	103	116	101	65	14	30	43	17	15	103	26	75	76	95	109	108	2	15	78	0	119	44	69	24	93	68	28	19	30	109	73	63	41	19	27	116	5	6	63	7	82	41	19	3	105	104	52	90	56	4	38	74	110	55	86	92	10	115	40	69	66	21	29	82	61	65	32	74	6	30	63	99	38	111	66	93	42	95	38	77	67	15	55	12	25	117	64	77	11	16	12	68	72	95	106	22	45	31	53	5	108	89	50	94	17	23	100	76	110	54	107	38	29	79	41	80	87	111	87	85	107	114	74	55	73	119	87	105	44	111	60	85	27	87	119	77	35	119	19	53	14	96	4	97	91	95	42	59	111	68	36	104	7	75	116	19	52	60	22	37	68	27	85	51	88	60	69	56	90	98	47	25	99	115	13	72	116	119	63	3	72	38	106	100	40	0	87	96	4	27	23	50	97	48	72	52	109	39	39	81	72	81	1	46	12	58	68	27	0	90	81	72	85	62	13	24	33	39	14	101	85	118	29	88	87	74	45	59	0	68	113	70	74	59	30	67	108	102	80	17	27	2	43	106	41	84	74	22	6	84	69	70	92	32	75	79	36	105	73	57	70	108	5	6	49	6	43	62	24	28	98	13	14	46	44	11	69	41	57	95	1	74	91	74	10	47	46	78	67	0	102	56	24	98	85	111	0	58	29	113	75	70	4	117	7	111	31	56	32	22	42	3	18	43	98	114	60	70	99	41	21	30	118	68	99	102	34	1	87	8	27	83	35	67	52	61	9	73	60	71	110	107	70	39	48	11	50	101	39	5	113	14	30	60	72	94	91	14	108	28	21	92	34	94	111	85	112	25	88	84	114	47	11	60	96	14	86	55	92	13	65	97	111	82	106	5	81	43	58	69	33	73	9	51	106	118	14	106	20	27	40	101	4	21	28	90	86	85	59	78	71	21	34	103	2	69	55	87	64	115	4	18	43	68	50	49	111	69	112	17	84	115	117	12	56	80	22	75	55	65	39	118	24	69	62	62	54	87	43	29	11	115	47	19	49	32	49	118	72	88	40	34	97	53	28	35	100	96	55	50	94	36	32	95	84	28	96	43	23	23	79	113	70	106	31	33	18	24	39	48	15	115	42	71	21	38	94	40	47	84	66	23	73	79	27	82	58	51	97	94	24	28	3	68	67	40	43	8	110	40	86	117	92	48	59	36	59	70	87	76	44	35	26	57	14	85	24	25	59	90	25	62	72	39	25	43	51	100	71	50	42	70	27	63	8	109	96	91	34	79	45	10	74	67	13	41	17	17	11	115	82	96	57	6	46	44	59	95	94	95	25	34	104	60	86	101	116	111	7	59	57	66	17	56	68	33	48	75	107	28	20	80	31	59	117	87	39	43	25	25	19	53	34	34	17	8	47	10	5	20	93	95	57	55	0	24	78	48	46	13	117	27	117	52	83	99	60	24	103	4	32	118	42	114	10	69	107	76	71	43	22	93	119	65	20	116	79	83	8	100	86	39	54	43	30	105	35	6	28	64	38	109	71	71	3	4	87	64	62	2	88	37	22	89	83	41	51	119	66	48	112	36	81	69	25	48	87	84	59	79	47	82	91	91	16	38	102	5	68	112	74	111	44	23	70	32	116	65	48	83	90	101	2	75	22	103	35	22	112	84	17	100	5	113	104	96	26	35	58	57	34	92	109	114	14	101	104	83	93	73	35	36	26	98	79	71	20	117	84	80	16	105	109	117	92	85	34	86	19	8	77	113	20	97	6	55	61	16	92	23	98	56	15	89	106	90	4	46	94	63	82	25	80	37	116	44	29	55	28	103	62	22	40	17	71	21	71	47	12	115	98	70	30	100	14	56	76	69	87	65	110	71	86	57	35	62	25	5	24	89	72	40	28	114	101	119	3	94	16	102	71	95	54	42	21	100	102	16	83	57	38	69	0	84	60	101	90	40	93	21	13	70	18	39	67	97	103	0	116	6	49	10	13	91	53	114	90	81	11	15	116	93	36	96	89	33	21	44	63	41	13	53	79	7	118	99	118	7	27	106	88	51	46	40	78	55	71	66	38	75	104	97	22	37	97	15	107	111	45	107	115	18	85	0	51	65	88	65	12	92	119	36	94	28	64	37	52	47	21	39	72	59	34	99	97	53	59	28	22	106	8	70	93	95	72	106	55	44	6	22	88	84	33	87	20	36	5	96	116	48	60	69	13	119	116	64	76	53	40	1	116	59	18	62	2	46	118	47	24	90	56	35	30	116	30	34	2	52	34	101	2	98	8	19	101	20	91	119	32	11	67	95	12	52	119	40	72	81	2	62	95	71	93	53	37	55	31	69	7	119	55	87	23	76	90	90	15	91	79	83	26	34	18	21	16	71	84	113	4	41	0	73	77	21	83	118	5	16	39	75	117	108	48	0	105	51	113	21	91	44	102	82	15	29	52	62	80	109	4	32	33	85	64	58	53	72	100	118	63	36	98	21	44	94	78	24	49	89	10	34	87	96	45	66	114	79	8	11	85	5	23	12	23	107	76	68	79	48	21	32	105	63	103	33	105	110	56	63	93	36	87	83	118	94	29	87	105	117	66	88	74	28	71	24	97	34	15	24	66	46	49	112	18	74	85	9	19	104	81	116	80	112	112	96	23	47	112	113	71	91	87	119	3	31	72	39	94	11	80	115	38	54	54	115	29	93	31	28	99	65	99	40	75	14	118	45	19	69	59	19	103	91	7	117	100	52	107	75	44	98	64	52	101	95	20	1	30	110	18	14	22	76	54	96	100	7	46	22	4	25	104	57	19	95	59	14	7	79	74	19	70	91	8	91	23	17	34	99	105	36	34	94	116	42	71	69	64	102	20	64	51	74	40	65	42	8	95	92	60	38	22	118	91	56	45	23	77	49	41	72	102	38	15	68	108	82	40	100	36	1	9	38	28	89	48	29	28	69	60	1	61	44	78	60	96	7	86	63	93	1	76	94	8	109	62	110	38	111	76	15	82	106	35	3	117	27	85	41	37	98	84	15	54	113	111	88	76	106	58	1	53	22	58	45	52	78	97	15	105	93	8	94	55	103	49	17	35	68	48	0	79	97	96	5	28	115	57	66	19	18	15	47	101	91	79	35	19	79	34	52	77	92	71	59	50	32	75	8	93	89	74	12	88	4	33	39	109	45	47	53	48	57	10	8	70	13	81	29	75	52	47	49	84	109	89	75	56	29	81	94	15	96	91	105	6	56	88	22	9	60	16	36	74	62	77	64	44	53	28	58	49	63	92	23	107	16	7	35	75	109	25	28	102	78	100	39	74	114	31	39	102	66	3	83	70	116	30	5	38	35	114	113	72	18	89	13	41	70	75	57	79	13	2	81	38	50	89	60	113	81	34	30	39	74	119	42	100	109	105	57	2	114	115	88	103	88	42	78	98	98	34	67	38	89	87	52	26	101	78	70	1	69	19	21	9	47	10	29	66	60	43	74	0	19	60	2	103	38	44	18	63	103	96	34	12	103	108	53	0	93	16	115	17	66	104	102	42	92	119	41	26	93	0	1	117	84	27	105	109	17	116	1	20	37	46	43	70	47	57	2	8	5	85	46	40	116	108	5	14	118	36	39	24	60	60	76	115	6	72	104	14	99	5	19	37	115	60	111	17	20	39	12	6	55	53	42	110	101	51	91	25	34	22	81	106	67	106	119	95	69	114	111	119	110	37	93	18	51	118	25	22	88	103	117	104	86	86	13	11	8	51	39	80	14	7	0	116	112	54	44	54	99	100	2	78	25	46	45	118	3	66	16	80	119	53	47	52	116	110	102	43	81	24	60	102	43	28	22	50	112	79	96	100	11	103	48	73	67	27	0	12	114	84	21	7	105	118	26	85	1	100	31	64	63	23	99	119	103	46	4	25	71	58	37	26	57	39	72	5	66	35	38	105	38	98	56	49	82	106	118	4	109	9	88	113	25	55	2	93	10	83	31	84	45	43	22	96	53	107	2	3	23	108	100	6	25	30	15	106	69	101	73	48	75	27	7	77	27	44	11	52	14	5	18	118	86	42	44	22	16	33	70	56	38	78	43	12	69	77	64	38	52	41	115	114	25	100	103	97	32	30	90	44	55	105	78	86	34	94	32	31	73	85	92	14	2	14	13	84	10	99	67	1	33	18	96	6	39	78	117	84	2	81	3	68	89	9	8	72	73	91	76	27	72	47	55	14	55	78	99	30	10	93	118	80	14	23	5	35	31	60	32	74	71	45	11	21	105	50	8	24	84	79	64	11	34	38	118	43	64	85	14	41	68	98	112	90	4	44	45	87	73	29	110	40	85	15	98	116	85	96	49	68	35	106	73	43	20	85	67	97	49	67	62	10	86	52	29	72	55	103	88	92	2	119	24	47	87	53	59	98	111	89	74	60	4	42	100	29	97	22	56	50	17	30	37	96	48	13	64	90	53	108	93	80	25	113	80	19	54	94	14	12	94	93	91	14	18	41	90	65	111	44	116	0	107	26	79	101	97	98	75	22	67	105	52	88	53	84	24	21	0	114	101	76	92	108	61	91	83	59	6	110	16	117	43	25	0	1	112	85	67	60	42	8	40	78	84	87	34	78	33	81	104	76	50	55	27	91	110	11	105	22	25	94	42	7	102	63	50	5	52	24	50	58	10	116	107	89	76	14	110	23	14	64	108	77	7	35	107	37	24	89	119	78	52	109	60	3	49	34	32	61	38	90	29	2	93	26	92	39	40	100	99	34	72	73	88	117	100	60	77	44	64	89	24	91	92	101	62	50	10	89	74	97	105	109	86	119	71	78	108	70	51	6	84	85	22	100	53	104	114	13	62	85	116	31	97	92	107	28	80	12	68	22	40	97	43	55	49	69	59	31	28	34	68	111	62	113	10	113	74	39	109	79	103	24	11	46	31	5	2	0	2	97	41	116	44	102	37	37	2	14	80	28	9	50	98	75	0	87	57	2	43	52	77	71	55	114	83	70	93	47	116	39	29	41	51	96	56	109	119	35	21	39	103	68	98	22	89	28	90	107	51	10	107	73	79	29	21	31	86	27	65	24	14	114	3	89	114	112	26	92	109	74	24	35	14	52	57	21	34	84	47	1	91	109	54	31	38	62	94	62	45	14	4	26	46	24	36	13	119	86	70	114	4	19	58	46	118	26	113	100	71	90	71	104	84	12	5	104	117	94	62	112	67	103	59	118	55	76	60	112	95	41	102	47	54	42	108	84	77	25	75	93	30	98	25	88	84	84	31	1	32	9	61	12	46	13	19	9	111	5	58	99	6	15	97	112	2	96	57	46	53	36	12	111	42	5	88	55	20	59	63	87	90	26	22	5	40	30	109	52	113	2	101	15	41	75	1	43	60	63	22	46	11	113	69	102	3	109	75	79	38	117	10	41	40	117	14	18	62	82	5	54	85	25	20	44	10	12	96	33	79	41	59	35	54	46	9	8	26	69	77	63	31	30	119	5	23	113	36	111	26	29	101	119	62	18	12	22	83	17	97	56	118	70	17	80	12	55	5	118	48	44	113	45	75	111	11	111	25	110	29	33	28	60	34	64	61	39	84	56	40	46	69	20	25	97	6	25	47	38	33	107	25	31	53	108	117	18	52	23	47	96	34	88	51	89	52	118	24	14	96	115	23	25	44	76	28	24	53	88	4	2	4	88	1	79	9	108	116	98	119	71	59	116	12	92	83	76	18	62	70	69	97	79	12	85	52	38	15	21	11	48	54	50	85	2	62	22	34	16	26	18	22	74	32	45	54	50	26	46	18	97	97	31	52	22	47	119	33	11	116	86	108	16	10	80	81	84	8	82	54	20	64	53	76	29	68	46	91	87	116	72	71	60	22	94	116	13	23	57	81	117	80	35	83	68	90	72	42	83	63	94	105	49	69	87	63	76	102	26	110	36	79	74	7	7	100	37	8	48	67	39	28	20	79	44	57	61	17	0	42	57	5	2	106	55	17	67	30	20	48	68	93	56	52	48	94	118	61	37	72	47	41	116	51	78	18	64	49	36	41	99	14	33	38	76	64	9	42	59	18	3	5	16	100	19	106	99	89	27	60	82	24	115	68	107	68	9	87	36	80	75	5	64	100	67	63	0	91	83	43	46	87	0	41	92	1	30	25	49	9	71	116	68	81	83	3	80	97	76	15	5	107	35	49	84	35	91	20	116	8	67	110	65	12	96	108	60	32	68	3	77	94	9	69	54	41	4	24	53	56	66	101	55	86	0	116	113	0	95	49	73	36	86	76	115	101	72	75	43	43	48	7	112	103	115	60	80	95	104	67	112	48	83	49	61	63	0	84	19	16	94	79	80	81	97	42	96	34	39	81	63	106	11	32	40	59	88	16	58	114	84	2	23	72	4	38	4	91	70	37	9	74	64	29	72	63	54	117	69	66	112	62	92	32	101	13	6	24	25	78	74	14	67	103	64	27	81	45	32	92	114	88	62	22	76	22	118	14	75	42	66	36	119	104	54	80	87	97	59	78	45	46	33	79	114	0	92	113	0	31	23	10	22	50	43	43	27	66	98	34	72	18	68	57	76	50	107	13	4	36	119	105	89	107	61	41	91	99	117	119	66	53	94	75	40	65	34	38	27	72	98	11	62	100	82	74	73	104	5	20	69	0	27	96	18	111	107	26	107	8	91	114	82	64	62	16	66	62	65	23	17	88	20	92	99	56	94	68	57	1	83	57	8	38	69	46	6	104	13	59	95	94	63	23	76	1	105	13	112	105	7	106	56	5	31	41	112	64	41	78	92	32	106	38	24	80	62	114	109	45	67	119	26	37	24	68	30	74	61	9	5	78	92	71	57	90	83	96	77	98	73	45	66	15	29	9	47	97	105	64	81	9	81	85	104	97	68	61	100	18	80	107	5	6	92	40	66	60	110	19	66	78	69	50	22	15	107	8	76	39	78	56	7	60	117	40	32	100	33	16	8	77	17	115	117	58	3	117	117	7	43	68	52	38	20	42	10	10	107	108	81	33	118	95	57	18	113	104	117	18	99	13	5	99	104	87	13	70	10	22	45	106	52	113	98	7	88	0	90	23	5	8	107	9	22	52	94	36	42	33	90	30	115	102	37	10	64	116	22	86	1	117	5	54	111	9	71	68	86	117	64	80	47	109	40	119	77	92	48	0	68	93	110	69	37	111	47	56	70	94	73	11	9	92	111	27	60	68	78	55	80	83	118	47	70	92	53	106	105	32	88	42	21	13	51	40	29	32	63	10	36	90	48	40	52	22	30	68	94	12	74	105	56	85	59	1	56	4	25	0	74	116	107	74	18	66	103	5	4	39	69	35	115	36	101	41	92	114	55	17	103	41	118	7	43	98	5	118	92	112	20	17	31	113	64	51	94	0	105	60	61	14	15	101	95	60	109	50	106	116	10	40	66	31	44	35	21	50	6	17	92	20	22	77	20	60	52	36	4	109	92	54	16	51	107	113	116	25	110	19	18	64	42	69	40	104	76	115	115	6	16	20	21	48	31	70	12	27	22	99	2	7	28	92	101	69	81	55	35	99	27	29	28	53	78	108	101	22	34	101	30	15	20	38	104	55	89	26	104	84	114	18	113	54	119	17	73	91	67	113	34	40	27	96	106	54	52	24	101	111	15	27	92	72	17	70	9	65	40	112	30	44	25	93	81	101	34	1	83	70	72	11	58	75	77	108	83	5	30	20	43	16	0	100	59	32	107	29	76	22	85	92	113	6	117	13	33	61	108	67	21	49	72	40	11	59	115	8	2	36	37	20	54	0	43	67	67	102	4	111	83	49	91	38	21	75	24	103	80	91	53	98	2	47	36	6	45	32	116	109	68	99	49	22	108	9	10	22	100	118	88	68	80	19	99	11	23	22	43	109	96	85	37	113	17	87	28	115	98	95	91	101	15	113	13	69	41	17	92	98	71	88	7	21	43	46	118	80	87	72	64	60	34	103	88	61	40	11	92	51	21	30	68	7	76	56	61	49	71	98	2	51	65	33	68	21	85	52	73	28	4	29	36	109	91	69	83	78	97	31	93	73	52	28	60	48	12	52	66	27	115	30	114	81	51	86	51	119	44	89	29	37	0	51	25	83	29	71	1	58	18	27	89	19	114	33	52	28	13	9	47	21	91	114	59	27	7	11	12	11	68	92	108	37	53	26	41	85	21	44	68	105	110	10	11	65	73	18	47	25	49	114	111	96	6	95	30	105	12	61	84	27	110	29	55	98	94	11	46	49	43	24	65	59	52	59	112	108	70	3	6	8	30	82	5	15	9	1	94	115	70	56	85	22	6	29	44	63	104	69	16	88	70	115	80	46	32	77	17	50	66	5	4	24	98	27	71	104	88	119	78	42	69	58	32	97	115	110	31	92	25	19	115	30	58	96	78	86	82	118	95	86	22	80	116	19	83	27	36	40	24	8	20	115	117	94	11	101	8	107	50	32	80	107	66	119	68	109	40	4	116	60	19	112	52	51	92	12	77	37	56	63	75	74	92	64	116	39	29	30	43	37	74	39	34	90	37	108	83	53	33	5	76	22	38	21	1	94	27	16	31	49	10	64	95	113	47	105	90	43	86	81	41	21	118	52	105	44	117	18	87	41	89	84	80	63	9	81	107	41	71	74	104	104	57	1	2	85	95	5	63	91	59	97	90	98	107	100	51	111	34	6	89	114	53	73	118	29	65	101	110	27	106	12	92	68	88	47	104	57	11	43	106	29	45	44	56	80	112	70	62	102	30	56	18	105	61	46	49	55	46	24	59	83	25	37	24	113	83	0	92	71	64	38	91	66	48	96	88	12	112	105	11	66	12	97	58	71	56	38	37	24	8	72	88	54	114	58	18	57	10	114	50	111	26	84	25	109	92	102	63	60	109	37	85	5	74	77	106	34	110	20	33	68	44	119	104	47	98	109	73	62	98	33	95	74	23	55	39	21	77	37	111	87	33	26	53	15	49	20	73	18	33	71	6	91	62	27	74	37	22	33	78	70	67	61	50	53	6	67	100	61	93	81	2	31	58	41	46	41	118	83	91	81	4	95	82	20	6	25	59	14	109	14	101	50	26	57	56	42	70	111	51	49	39	75	56	50	94	20	110	45	73	39	24	76	62	65	7	24	74	108	49	112	110	30	98	106	78	48	11	70	71	96	55	104	23	29	115	68	8	73	42	7	101	106	79	63	0	87	17	44	88	56	3	117	80	87	52	54	49	96	97	32	119	61	52	119	11	45	20	25	94	61	13	81	60	55	102	74	66	56	17	84	103	110	102	90	48	100	2	83	4	39	22	15	95	100	79	8	7	81	32	14	94	22	95	113	89	102	84	108	66	18	19	9	90	45	56	79	76	110	30	98	117	56	34	115	46	24	90	8	7	62	49	116	60	92	65	7	35	112	67	113	117	38	33	101	67	22	6	14	74	45	82	65	76	42	4	47	113	71	78	89	59	77	10	8	18	20	79	33	117	13	22	38	82	62	101	74	103	38	70	65	23	30	16	29	8	16	83	21	91	86	67	31	34	63	52	4	69	104	25	93	86	70	75	50	103	107	57	75	35	73	36	25	44	107	49	0	31	53	64	76	21	119	70	46	37	110	27	87	24	20	88	60	96	41	33	117	107	51	109	107	9	90	108	80	25	72	40	19	45	102	3	7	102	114	42	7	89	66	104	105	67	66	66	28	28	98	74	117	50	5	101	5	5	119	101	51	88	83	22	104	11	76	16	61	93	98	44	74	18	112	58	95	5	90	21	16	81	15	112	109	18	1	11	72	100	104	103	75	0	8	48	115	118	100	91	79	21	19	14	99	102	2	91	56	50	20	110	63	65	51	19	2	25	42	33	74	75	12	95	68	46	13	50	61	51	70	118	23	27	41	77	99	62	59	57	108	53	39	115	77	49	29	37	97	5	44	64	13	71	0	47	102	90	54	100	103	99	43	98	95	27	35	15	27	46	2	109	49	29	117	112	97	103	63	118	56	113	16	69	88	23	63	28	61	14	117	94	111	115	33	65	71	25	86	106	38	46	36	101	83	19	37	35	91	87	11	96	39	64	100	65	94	89	1	111	51	75	102	62	29	110	0	119	8	87	75	44	12	95	65	27	75	56	30	103	118	13	105	108	63	87	107	28	85	70	84	83	62	57	89	81	76	91	42	83	24	112	108	53	28	34	2	105	96	39	64	46	16	97	90	49	116	12	63	60	15	23	24	50	41	14	62	10	15	118	111	97	85	116	70	37	57	63	75	29	73	44	17	19	1	97	47	7	40	76	20	80	80	38	28	87	8	113	39	62	20	3	12	4	54	60	23	104	77	20	50	66	109	75	97	10	64	9	42	89	21	89	97	1	54	49	82	4	63	1	106	65	103	91	96	45	11	108	17	109	105	31	19	94	93	58	9	86	69	58	106	105	117	107	97	84	43	3	21	26	62	42	31	63	87	81	113	93	78	65	59	118	108	97	102	18	116	79	21	119	115	16	102	41	24	49	95	118	22	22	118	65	23	77	83	4	107	36	61	117	3	10	68	92	57	88	56	116	52	94	4	53	16	69	47	32	67	4	14	22	0	39	102	65	51	88	80	66	4	90	101	54	44	80	37	53	64	3	53	26	0	91	71	44	33	70	68	82	1	31	82	109	97	62	52	92	37	115	101	118	62	30	21	5	62	18	111	30	19	20	79	106	72	99	42	10	106	82	78	64	74	71	21	62	75	99	38	36	48	17	113	46	36	104	118	88	72	15	6	35	59	95	73	75	107	63	7	56	35	94	72	39	7	40	22	12	88	29	107	49	63	67	73	102	108	102	117	70	97	102	115	94	100	70	118	4	74	62	89	75	57	34	47	49	31	5	34	49	34	94	49	74	112	116	52	84	15	18	26	36	55	51	6	47	15	100	87	60	110	37	14	47	94	63	22	63	13	30	100	90	71	62	35	65	5	109	32	66	42	10	31	43	103	89	2	45	36	71	52	58	6	4	80	46	89	41	9	33	115	78	93	44	77	77	72	67	46	28	2	79	22	89	82	39	27	0	60	117	98	83	84	71	65	109	28	58	16	74	6	104	72	12	40	13	77	30	45	60	7	112	23	20	20	43	54	48	34	21	53	82	6	21	106	11	113	51	107	56	42	112	104	22	118	91	41	21	12	73	11	46	89	72	90	22	105	43	26	76	74	83	67	22	66	108	56	24	116	91	82	75	52	80	32	17	101	49	89	59	106	76	41	85	17	72	73	70	23	102	12	30	99	116	96	54	0	105	5	72	80	49	63	112	18	60	57	46	88	27	9	39	67	45	118	15	65	82	5	63	15	50	92	11	49	117	54	46	95	76	70	49	14	88	2	21	72	100	103	48	20	87	7	14	86	82	58	10	58	53	99	58	23	12	107	89	46	20	93	3	106	25	9	44	51	65	19	12	67	72	104	93	89	26	9	55	65	117	36	115	93	76	93	21	94	27	11	99	55	7	55	56	63	25	61	49	26	92	59	55	82	107	20	91	76	100	47	56	78	96	70	59	13	45	76	78	97	114	10	62	75	79	88	60	25	112	27	76	88	68	102	40	104	5	44	95	38	8	102	8	90	54	22	1	8	117	104	118	40	107	33	95	22	117	7	25	51	18	70	10	64	33	58	30	58	96	71	49	101	35	36	65	99	3	6	107	104	19	106	71	45	41	30	61	98	63	72	33	52	77	94	71	104	5	80	8	66	26	44	22	26	31	94	35	85	92	56	87	105	23	91	8	107	35	69	51	78	104	64	104	96	28	114	94	61	59	16	94	82	44	38	100	49	1	11	7	113	95	113	26	31	22	41	108	13	114	106	106	43	93	75	89	76	42	98	36	59	42	83	45	40	4	22	93	7	85	119	17	17	13	71	14	1	9	94	73	44	66	105	23	2	11	10	115	110	2	36	102	79	48	68	100	40	23	6	70	81	80	40	4	87	17	117	13	43	119	37	37	52	25	51	113	81	109	116	90	26	77	91	32	79	17	19	54	56	13	60	94	68	17	83	62	109	43	66	18	98	40	65	37	118	32	95	98	70	79	37	50	95	80	81	71	87	47	51	90	101	2	80	79	84	23	5	21	105	19	31	34	9	36	60	19	116	51	85	9	43	3	57	55	76	77	40	63	31	32	52	64	35	42	55	97	38	71	75	110	107	0	1	23	99	116	59	58	19	111	119	23	117	107	33	36	30	11	68	7	87	66	60	83	18	33	53	53	25	45	116	74	46	8	51	31	34	50	75	64	39	36	38	105	106	14	119	12	89	56	87	12	111	8	35	67	84	9	38	8	38	57	117	104	106	96	90	97	22	54	99	90	38	95	111	24	17	113	40	33	89	6	12	0	24	90	109	86	75	37	97	63	116	14	3	17	79	62	16	
116	41	81	5	105	5	46	38	82	106	22	46	43	21	77	52	50	3	24	2	20	106	60	23	102	21	23	72	85	34	60	81	117	71	98	72	52	55	46	89	119	0	115	34	35	40	32	119	44	34	98	86	48	36	52	107	4	100	109	68	29	109	73	77	111	118	5	68	65	34	70	21	62	80	26	118	27	35	85	28	39	105	92	10	77	80	37	56	51	12	44	81	38	1	30	10	107	94	96	65	14	62	64	35	29	8	50	28	21	39	51	105	27	114	64	104	99	21	79	70	115	20	108	79	96	94	116	96	79	23	76	39	20	59	74	97	6	41	114	66	0	69	113	72	111	92	61	95	114	114	98	108	45	113	112	66	93	1	90	62	64	108	19	42	6	66	29	6	41	38	72	35	10	0	61	11	114	105	37	15	41	24	65	35	2	39	84	15	21	33	101	40	0	18	64	26	96	47	114	27	2	37	41	64	3	106	73	93	96	25	16	64	38	33	18	110	65	61	52	59	95	20	28	61	30	74	54	104	113	13	47	66	14	16	77	24	114	73	45	110	34	45	42	75	7	67	30	91	66	64	17	27	45	7	84	69	96	97	95	115	44	78	28	4	83	48	45	35	85	56	41	7	75	46	34	83	31	60	56	71	9	82	38	60	34	74	91	43	12	12	105	101	79	90	81	55	71	68	113	76	87	98	7	118	58	20	79	83	46	80	45	72	102	25	31	114	24	30	49	69	106	59	41	8	39	46	3	14	70	3	21	12	90	47	11	113	98	23	3	40	25	72	18	111	30	72	92	43	12	99	54	33	26	23	14	109	100	23	16	61	110	2	74	22	55	108	17	45	34	83	57	70	86	66	7	111	15	96	89	101	41	18	44	61	99	59	36	99	89	103	40	60	56	9	107	0	11	109	72	19	5	69	113	117	95	41	22	73	58	82	89	30	63	41	90	77	23	48	83	97	10	46	36	41	3	70	95	87	74	112	100	3	88	38	84	48	21	79	81	117	60	118	100	11	44	59	20	77	48	19	94	104	7	103	104	75	62	78	21	53	67	71	52	35	60	23	39	49	53	90	30	94	90	37	84	101	10	6	23	108	89	9	76	25	28	108	23	7	17	18	77	92	51	19	29	12	57	73	26	14	31	27	42	54	41	22	97	48	46	6	69	11	67	8	10	42	59	10	111	51	84	112	63	27	36	39	71	55	63	13	93	100	66	38	70	95	98	48	63	45	4	15	20	66	45	8	50	101	66	41	56	25	1	6	25	52	110	12	90	115	70	89	66	19	14	10	36	49	115	114	29	50	106	48	35	106	16	33	11	24	35	105	18	119	119	69	116	118	32	75	23	8	53	55	79	83	91	70	98	108	77	118	21	8	97	115	44	92	69	75	45	4	68	74	37	55	37	77	24	40	4	2	20	62	118	61	78	4	41	108	50	88	80	59	86	103	81	103	70	78	74	38	64	2	23	100	33	16	117	22	21	28	9	26	2	93	112	108	77	86	80	18	58	77	100	80	23	55	19	28	41	25	0	49	116	72	114	47	38	73	77	56	28	17	39	51	2	60	27	77	13	49	72	50	44	11	9	63	114	41	29	9	117	118	72	110	1	48	87	67	92	52	31	52	83	79	53	86	74	29	71	118	39	61	113	90	38	74	7	14	30	19	88	56	98	59	105	7	9	32	32	51	104	74	3	99	60	16	84	38	14	57	36	39	95	16	43	117	96	14	2	98	74	18	74	74	30	45	45	91	14	21	29	7	26	13	32	83	118	107	49	43	17	108	55	117	70	110	47	109	90	116	36	25	51	104	84	53	41	2	54	87	5	30	33	114	51	118	86	112	66	81	22	97	64	89	30	34	111	78	0	27	89	113	90	117	3	87	76	50	53	31	50	117	52	64	10	110	23	11	69	6	109	116	5	94	76	72	45	95	115	57	98	11	95	77	55	34	84	14	65	20	68	110	41	16	13	110	98	70	48	83	17	41	100	100	63	85	60	79	47	111	108	76	102	77	20	97	97	38	97	58	87	104	37	32	78	99	99	88	93	98	79	45	61	25	59	103	115	83	48	68	38	80	53	65	71	68	109	8	9	99	29	50	70	46	71	6	49	35	105	50	80	21	35	61	24	17	76	102	40	51	62	20	103	59	98	68	72	47	89	18	90	106	40	31	45	74	119	61	69	13	53	46	81	19	63	93	84	91	34	119	34	58	52	2	119	7	114	40	36	60	16	48	91	77	8	87	94	68	66	47	105	61	54	22	92	55	104	12	104	15	106	3	65	62	22	76	66	72	119	14	100	79	6	18	98	40	11	12	109	53	27	108	68	25	86	115	94	65	115	1	88	27	58	44	70	26	59	72	75	49	116	40	52	10	96	63	115	7	105	91	16	1	67	93	114	69	50	101	77	16	45	110	45	39	115	53	97	117	51	113	59	105	109	10	102	50	109	106	67	109	75	6	57	62	51	15	115	49	64	110	11	35	63	77	117	36	84	32	74	21	25	68	47	105	45	65	24	19	42	70	93	116	9	100	10	66	21	97	59	117	11	83	28	44	41	2	41	0	3	27	95	105	94	11	72	7	96	45	71	10	94	0	81	62	116	5	17	56	16	89	15	40	23	56	80	9	94	4	31	7	21	65	65	5	24	114	5	57	25	91	84	9	48	14	84	90	1	36	90	49	76	14	119	98	64	55	31	37	45	57	38	38	42	89	10	47	27	21	33	87	23	95	6	30	96	16	26	118	88	83	62	87	32	80	51	60	66	48	17	5	44	76	30	106	88	98	8	68	8	84	36	57	71	114	13	95	73	91	117	33	40	44	28	39	38	57	113	80	31	58	31	114	5	54	97	34	53	35	29	93	69	78	68	56	86	73	50	2	30	7	100	6	93	59	78	106	65	11	82	69	29	59	9	94	101	32	45	16	114	97	48	88	38	25	77	35	100	92	10	78	109	72	20	117	102	42	2	103	99	99	8	23	37	6	56	68	29	29	106	16	38	116	70	97	61	74	97	87	11	15	13	67	90	55	5	8	84	80	100	52	118	2	113	48	106	65	49	29	76	78	100	35	97	99	4	28	91	42	73	13	48	111	69	66	101	60	105	87	64	22	114	80	46	86	17	23	90	70	35	33	113	102	4	99	43	12	12	33	29	82	54	6	107	22	55	76	68	101	15	55	23	109	82	114	61	14	3	20	87	82	67	43	26	117	57	0	106	46	74	95	24	108	66	61	64	2	82	55	99	115	77	25	52	21	47	2	78	45	84	35	98	48	47	83	13	94	116	87	25	8	24	68	72	80	81	60	101	23	109	59	61	5	99	56	91	36	91	95	111	112	110	32	7	58	5	45	102	9	38	49	95	118	105	103	95	16	95	93	97	48	98	103	42	97	38	99	39	61	47	119	119	50	73	42	31	59	16	44	67	12	95	69	87	20	117	55	103	59	100	0	54	111	59	89	60	114	30	57	103	99	11	108	1	90	46	22	30	76	7	32	92	96	4	105	35	58	12	56	118	29	29	79	98	23	67	89	115	89	84	2	14	97	11	92	97	71	26	117	25	26	4	107	43	102	14	20	113	82	110	54	37	5	110	75	96	12	104	11	107	19	107	96	44	84	44	90	65	63	35	109	63	10	83	6	3	99	61	96	18	57	24	68	16	5	38	43	7	60	33	59	37	62	65	101	12	93	87	34	93	78	97	82	14	45	114	63	19	32	102	80	113	86	84	12	108	105	33	37	71	16	37	33	43	81	71	43	72	46	103	37	30	106	111	68	119	39	17	30	114	28	40	41	75	80	105	119	74	114	44	64	33	44	37	118	0	119	107	19	10	96	105	27	94	12	73	61	55	100	17	109	2	30	92	89	52	109	96	109	86	23	5	73	98	28	52	45	98	68	104	29	4	65	33	108	76	77	109	43	87	77	54	111	103	9	118	5	25	35	102	50	88	58	67	37	12	43	109	74	30	1	97	50	80	60	8	96	31	92	107	6	27	119	51	79	36	46	81	116	36	18	97	34	52	0	0	85	102	112	77	12	83	97	94	20	19	24	39	92	75	21	27	75	99	98	101	27	0	26	99	111	102	12	39	8	14	87	65	112	17	16	19	42	56	77	35	118	0	39	51	49	62	113	76	59	117	5	66	2	45	114	98	62	92	117	35	25	99	43	105	117	110	97	48	39	65	21	41	62	27	96	60	86	109	79	80	2	33	82	89	47	56	80	14	18	80	12	63	69	44	67	98	47	22	11	13	10	114	95	30	84	95	94	34	63	53	72	3	51	54	107	18	21	50	1	53	85	5	82	22	72	118	119	89	32	0	75	71	80	30	13	86	114	89	53	86	88	74	91	23	80	27	94	101	3	60	112	103	68	77	113	99	53	109	82	86	33	109	110	13	111	19	44	55	99	114	55	85	42	75	50	115	92	91	55	92	18	42	47	116	90	29	27	53	4	64	99	96	56	88	104	50	26	81	63	9	11	106	93	93	2	13	69	47	119	18	62	76	101	3	105	110	27	56	112	27	18	45	94	61	117	118	71	35	7	82	65	107	85	40	42	14	95	78	55	48	75	95	108	14	4	65	99	82	115	26	39	68	73	65	46	11	33	117	10	104	15	55	118	72	107	6	7	10	63	73	60	57	22	98	94	10	70	104	110	69	107	97	43	26	47	2	61	2	100	109	91	88	1	9	29	28	88	75	65	3	99	118	48	108	95	12	70	32	45	102	18	51	108	31	43	46	59	37	106	115	67	26	24	14	72	65	55	9	87	50	119	35	6	42	23	75	58	41	24	13	101	48	26	28	89	75	94	115	13	89	37	5	64	102	83	102	93	23	109	119	117	90	6	4	80	61	62	24	86	78	99	22	116	95	107	71	55	45	101	101	73	31	34	98	68	102	70	41	80	16	70	30	117	5	14	106	31	86	76	33	84	77	77	94	20	12	28	43	24	117	30	66	50	42	64	11	72	96	98	43	112	77	95	74	42	45	74	7	18	56	46	12	65	17	102	87	94	63	28	88	88	65	93	104	2	66	102	31	78	112	26	79	36	47	78	85	90	52	22	83	79	112	9	35	31	31	58	75	107	21	104	119	56	58	10	2	54	73	65	18	10	78	14	20	83	82	9	75	109	110	56	48	5	114	60	87	45	34	66	114	80	29	22	110	13	73	74	75	46	100	66	85	28	37	87	63	111	1	47	102	72	78	53	32	83	67	38	31	29	92	73	95	68	76	65	115	85	24	92	39	72	6	89	53	55	33	24	3	76	94	94	79	49	1	15	92	47	88	101	109	34	19	99	32	48	15	35	88	51	61	82	10	104	114	0	8	18	3	43	115	95	116	68	5	41	103	65	102	101	65	99	16	54	56	88	85	84	61	103	98	85	56	110	15	77	25	113	95	60	92	42	83	82	63	48	99	90	64	107	62	117	40	6	105	71	72	105	89	114	17	1	3	68	8	50	96	111	42	107	48	16	10	94	39	100	108	54	111	68	96	74	22	40	43	83	118	91	81	8	7	99	10	55	103	81	107	115	21	112	18	117	76	85	13	0	57	16	81	13	51	96	39	3	8	35	17	83	32	83	31	16	3	49	33	92	28	103	48	48	61	87	59	103	40	94	108	107	82	44	63	55	90	16	22	31	94	72	3	104	92	114	6	22	46	8	90	10	63	10	6	6	54	118	58	14	51	38	34	41	9	87	58	23	20	78	36	83	112	76	117	61	31	65	42	24	54	44	103	35	85	17	88	90	57	38	31	51	41	118	43	49	61	9	42	98	1	60	94	66	96	118	51	5	63	111	94	5	35	85	53	5	21	117	31	104	59	80	78	114	80	42	39	29	104	99	32	29	78	116	116	83	105	75	27	16	113	105	58	116	62	111	41	16	70	10	1	107	102	78	27	26	56	57	103	6	104	6	89	91	7	56	3	28	44	34	11	112	34	85	101	58	28	117	105	65	57	16	41	56	62	81	46	16	85	87	81	34	7	28	66	88	109	96	114	77	110	16	78	77	103	77	7	88	119	16	42	34	5	72	6	42	40	108	10	87	14	118	113	108	60	30	24	21	15	34	12	93	95	39	15	97	41	43	99	1	69	33	82	58	7	56	8	35	113	114	57	110	104	71	66	51	91	87	17	117	31	11	61	10	4	79	63	112	35	11	85	59	102	50	94	79	77	47	25	7	33	96	72	111	34	95	118	14	40	112	78	1	40	86	106	88	50	83	102	106	9	81	93	85	38	12	1	16	11	60	69	25	61	19	44	42	78	110	70	64	99	41	18	21	65	112	94	105	87	50	65	54	101	117	115	61	115	38	14	119	33	80	20	15	102	6	97	62	24	94	94	18	90	10	44	33	21	56	108	75	41	19	78	26	112	18	44	90	117	12	38	40	68	80	77	48	99	107	73	87	19	115	21	35	106	46	72	27	8	96	87	43	80	96	105	47	99	11	6	91	85	30	4	67	32	31	94	102	100	13	110	46	28	112	119	111	11	83	68	6	87	95	66	30	104	82	53	23	2	2	86	25	75	6	61	110	15	93	25	35	56	19	3	61	20	56	79	118	21	89	68	98	5	83	116	98	16	37	80	42	36	68	101	84	97	114	40	61	29	34	90	34	87	95	106	38	4	23	46	107	67	88	53	69	65	34	36	28	78	115	24	42	9	42	58	15	113	33	44	46	43	55	107	108	87	102	77	106	81	52	51	110	80	64	107	58	62	20	69	94	14	34	110	77	3	81	57	90	3	86	117	55	93	13	80	23	85	73	74	88	49	7	49	2	72	99	29	33	116	45	40	73	24	102	78	111	1	111	76	65	5	119	27	56	70	43	95	70	118	85	103	54	82	11	34	48	61	80	24	108	33	79	75	115	74	106	53	27	60	62	49	101	85	21	15	12	89	89	54	40	63	99	27	83	104	52	25	31	77	16	72	118	7	84	112	98	67	91	89	26	64	103	53	25	80	70	57	64	21	46	27	51	69	102	88	95	116	86	38	1	33	56	57	62	35	2	65	17	64	1	75	71	54	3	116	58	20	94	41	43	19	39	105	69	50	45	25	8	7	104	9	14	118	100	52	114	69	49	45	25	55	40	102	8	52	15	115	102	58	105	79	53	114	81	87	46	25	51	111	34	84	118	111	105	64	91	75	71	67	64	53	43	116	99	106	96	63	64	83	13	72	2	83	103	50	37	26	26	100	0	37	64	86	83	108	18	64	7	24	77	1	27	97	6	52	29	101	56	65	68	41	15	26	34	7	96	91	28	76	75	21	112	88	34	31	93	115	100	59	13	73	6	112	66	17	75	23	24	78	100	110	99	74	14	75	92	39	60	116	72	37	69	87	2	6	54	54	99	47	9	92	88	43	53	7	4	15	79	103	89	71	118	94	81	42	63	18	108	5	82	92	24	26	109	55	108	113	83	107	59	10	117	18	69	56	74	21	17	2	3	63	2	105	88	104	13	76	84	11	87	90	50	9	86	84	26	39	91	119	106	45	44	58	98	94	34	81	5	111	118	35	74	27	114	33	79	35	78	98	37	15	71	8	58	30	50	102	78	41	105	52	98	88	13	75	32	53	79	21	74	117	20	16	41	118	0	102	82	66	79	58	79	118	36	58	75	70	94	108	94	114	108	12	60	96	27	99	99	81	109	80	90	115	119	41	105	88	109	65	41	15	91	65	114	111	106	93	2	91	59	19	45	0	111	33	74	26	24	49	81	103	6	1	87	104	15	37	47	73	81	30	1	90	118	50	1	48	100	117	48	39	85	82	55	5	41	111	95	99	22	1	16	38	32	104	1	3	119	21	99	90	70	53	77	2	64	106	54	42	14	18	106	90	2	93	113	119	104	47	108	44	110	71	28	57	83	3	25	5	68	9	9	52	71	54	36	91	96	116	74	47	50	42	49	7	67	80	13	100	24	73	66	77	29	4	14	38	105	85	98	58	9	21	49	117	110	114	71	75	103	1	66	17	79	73	26	63	93	58	43	113	47	93	9	24	15	33	55	29	13	10	49	71	62	70	90	15	83	116	114	72	13	58	85	91	115	77	65	14	39	100	95	40	5	52	11	91	37	47	95	104	100	30	7	95	112	13	28	74	113	64	93	86	26	25	32	49	43	94	9	105	115	92	72	22	66	62	88	2	74	93	98	117	24	83	39	24	48	76	89	61	96	82	86	13	44	113	17	40	62	95	43	62	34	19	91	56	19	42	64	15	72	31	93	64	110	103	111	97	115	15	46	115	89	112	59	71	14	69	83	35	33	108	98	22	3	2	56	108	119	61	43	82	19	114	72	84	82	31	52	17	107	57	99	28	42	35	62	99	74	18	81	34	111	76	80	94	80	75	2	67	113	60	6	15	43	106	63	106	114	6	71	72	111	68	59	34	23	79	100	81	94	14	8	13	48	114	81	113	119	4	26	61	17	100	76	27	0	35	104	30	41	12	59	47	51	95	19	7	17	78	100	47	75	98	21	48	10	34	110	119	2	102	89	51	97	93	114	77	117	109	71	98	65	54	24	49	99	19	1	17	67	52	85	76	76	56	60	112	67	57	25	97	42	67	36	72	75	82	87	82	109	87	102	90	17	103	90	30	8	68	12	40	61	99	89	117	0	113	85	25	2	112	34	109	65	30	73	62	3	91	97	66	18	14	10	10	70	62	16	78	81	107	79	106	98	79	89	52	44	17	23	13	117	21	42	72	3	0	46	17	61	96	114	94	56	1	1	4	9	55	112	35	12	63	13	94	16	22	101	26	68	60	116	19	61	5	87	36	13	66	84	93	87	45	34	23	53	116	18	27	114	98	48	36	87	7	103	83	17	50	27	19	0	97	68	102	73	37	118	83	58	47	70	92	109	94	19	97	110	114	103	21	102	34	17	93	54	16	38	16	12	37	83	113	59	38	100	79	69	47	100	12	40	43	89	30	99	108	98	14	100	97	35	45	17	18	56	62	9	35	30	39	62	91	48	23	81	22	117	66	101	39	5	98	0	27	86	90	91	46	29	89	84	52	69	102	107	66	58	71	101	56	65	84	91	46	32	65	44	70	81	63	13	20	31	49	101	55	0	22	56	64	81	11	77	65	76	37	62	115	30	83	92	80	15	97	64	57	60	84	56	103	71	77	36	9	111	6	98	0	34	75	92	7	28	63	5	8	47	14	97	23	102	72	115	56	108	17	0	110	61	101	13	10	118	13	92	77	111	63	101	68	33	82	71	99	72	6	118	17	3	110	57	91	91	58	73	100	0	64	59	64	41	96	17	14	99	77	41	26	68	41	37	98	6	114	37	9	103	52	13	109	59	93	46	35	81	99	108	45	10	19	1	45	26	104	21	70	115	61	65	71	71	45	94	1	93	111	16	111	19	4	118	15	118	80	24	73	82	27	15	35	102	89	9	11	119	0	59	46	67	28	71	97	107	51	59	1	82	9	2	28	86	33	6	50	15	101	25	48	100	78	39	51	12	41	30	102	71	12	61	99	80	75	107	10	46	83	13	36	119	61	100	46	42	89	60	45	3	33	73	41	18	43	5	57	102	27	94	114	31	29	107	30	33	2	112	84	20	101	83	57	49	3	96	24	44	116	24	84	79	5	60	69	35	49	98	11	16	40	76	119	117	33	24	91	69	118	79	103	87	14	85	50	84	64	59	43	29	99	11	48	53	15	85	6	36	8	48	86	42	47	17	78	56	17	110	54	35	16	60	63	105	102	101	47	82	6	116	96	40	109	17	26	33	92	52	50	20	88	81	52	94	67	25	102	72	68	119	71	32	55	84	67	24	49	102	36	27	93	107	1	117	87	65	46	48	57	85	88	10	95	10	99	30	94	9	62	92	79	86	114	80	114	46	21	94	55	42	58	96	69	79	100	71	88	93	94	86	39	55	17	21	10	13	117	89	118	3	75	60	113	83	70	31	89	95	17	104	54	31	23	47	78	58	33	1	111	4	9	84	10	97	92	21	94	66	0	50	114	44	21	68	118	8	115	63	86	104	96	31	15	18	85	7	94	91	8	81	12	2	0	26	9	96	115	89	27	20	87	72	109	83	117	63	16	109	74	48	103	24	84	89	72	10	22	64	103	113	67	109	69	95	111	98	48	51	108	2	2	53	48	73	35	24	78	31	73	104	82	40	45	52	103	13	115	111	88	42	2	101	112	100	53	10	102	117	52	9	26	1	27	25	33	93	19	39	70	20	113	16	88	18	50	52	84	68	54	28	109	43	103	99	9	38	39	8	102	44	12	27	66	64	118	25	118	110	39	85	71	76	1	105	79	39	15	26	74	41	100	5	5	57	14	96	68	105	50	82	73	64	64	56	83	24	106	106	34	10	104	117	65	110	39	110	60	117	86	64	68	30	18	36	20	18	23	100	112	57	64	110	60	87	83	118	84	84	72	114	89	62	115	115	9	39	95	70	99	87	110	101	108	71	55	18	111	62	116	67	59	38	73	6	113	33	17	64	41	70	10	62	25	90	44	25	18	22	65	30	73	78	30	27	97	32	79	92	57	41	43	69	54	93	109	5	27	110	79	84	59	20	79	73	80	108	79	14	16	39	17	117	20	35	1	103	28	5	83	69	41	101	72	68	49	9	74	78	42	57	86	66	69	40	53	64	8	88	9	11	59	111	104	77	19	61	7	81	102	103	54	0	61	7	35	22	4	106	76	71	15	105	99	40	42	93	0	22	70	5	106	91	94	106	15	75	38	97	15	36	119	15	72	115	58	87	50	17	97	42	60	115	20	13	13	110	51	74	3	108	87	7	91	75	42	30	22	74	86	67	100	74	8	119	3	45	9	46	30	92	64	88	108	75	53	39	21	5	70	119	62	2	3	104	65	7	33	80	52	96	28	10	106	95	55	36	88	49	37	41	19	39	18	101	55	75	92	91	118	45	29	60	43	99	11	81	92	39	76	51	76	119	24	22	82	16	108	17	111	13	112	99	66	9	39	53	26	63	14	38	15	99	29	34	58	45	56	67	107	9	109	33	47	89	60	92	53	7	76	28	84	74	76	19	67	58	110	69	36	115	40	46	75	9	93	39	12	114	43	106	56	95	42	111	46	65	63	62	64	110	56	106	6	98	21	103	94	78	82	81	35	26	12	66	18	2	9	95	0	16	42	80	39	119	12	113	78	87	40	29	103	41	36	14	80	13	51	29	82	113	16	70	18	53	22	55	103	60	101	33	88	23	2	2	82	32	41	57	6	37	40	63	114	30	38	60	88	0	113	13	29	1	77	3	93	69	56	112	70	39	86	34	56	65	75	85	10	110	67	96	83	99	7	24	52	3	13	85	44	56	97	15	71	20	106	20	72	21	90	23	16	90	94	93	48	47	34	75	59	2	69	61	94	24	75	39	50	78	98	103	94	24	118	98	114	11	19	13	26	23	40	96	6	34	49	53	0	42	65	109	29	96	77	104	57	89	113	9	107	64	97	95	60	52	107	37	108	114	1	16	75	38	94	110	111	72	15	57	51	56	9	27	5	67	88	104	109	48	105	27	4	4	6	28	0	18	3	98	7	90	57	92	7	51	24	112	119	103	20	18	65	84	47	104	48	89	25	104	23	17	22	46	67	58	116	55	98	98	46	97	57	100	75	92	6	27	73	85	73	51	33	11	111	108	78	101	85	100	99	3	65	67	40	19	60	56	31	51	33	43	59	47	8	40	51	104	76	81	109	93	83	61	40	12	31	8	108	73	103	5	67	75	103	115	93	117	51	108	114	92	98	83	8	58	79	66	28	113	25	1	83	107	108	26	57	102	109	11	87	36	27	40	27	70	56	100	27	1	15	44	9	69	71	34	38	60	42	40	113	19	12	15	8	6	42	4	79	30	116	47	24	105	71	104	25	97	54	82	22	51	101	30	94	2	21	45	9	93	66	79	22	4	110	52	61	79	24	16	25	58	18	84	85	49	106	2	59	36	55	73	74	62	3	4	29	15	95	111	10	93	1	7	100	106	49	31	38	12	87	15	55	79	3	14	40	90	29	78	91	41	117	29	6	118	52	71	93	30	111	66	101	49	24	72	7	117	11	9	14	30	94	2	93	31	11	33	97	26	106	7	37	2	88	83	95	70	54	33	70	107	100	46	82	36	12	60	52	83	93	19	116	68	54	75	50	37	69	101	52	12	42	39	29	36	54	24	98	102	104	17	31	31	20	59	72	112	84	82	56	15	22	83	67	90	72	30	2	118	43	26	40	66	73	31	95	108	64	9	5	74	113	91	84	109	27	19	6	61	19	51	83	27	35	77	13	118	64	25	105	34	71	36	63	89	96	110	73	24	103	77	28	90	103	0	117	55	54	18	38	108	87	42	75	117	58	101	92	54	69	66	58	114	61	12	27	82	113	47	69	46	58	107	47	104	49	114	76	21	87	17	22	108	114	48	21	52	41	65	27	60	70	90	51	117	16	60	116	71	29	116	27	11	32	106	110	109	33	46	25	27	110	71	90	39	33	28	4	87	87	68	33	18	113	90	18	71	63	65	98	32	4	43	113	2	17	65	26	7	45	78	111	15	33	115	56	91	62	57	30	77	108	25	115	22	53	36	94	13	113	11	97	95	86	83	50	6	18	1	105	59	67	75	37	54	106	72	23	89	55	101	24	85	83	84	24	11	96	62	82	12	73	112	64	70	79	65	54	64	15	5	50	106	115	67	26	43	17	32	89	10	85	96	29	99	12	80	75	58	27	63	43	75	23	71	80	73	111	106	48	110	92	41	7	31	17	49	4	103	62	110	96	3	49	70	62	91	93	5	63	117	82	49	10	64	12	88	46	8	119	82	114	19	74	111	27	90	116	86	88	78	28	72	96	56	88	2	92	63	10	26	22	83	16	20	7	89	34	56	8	38	5	101	27	99	116	30	80	21	102	95	17	103	69	32	37	72	97	45	20	81	0	19	30	62	91	37	51	109	45	43	27	72	30	61	117	30	96	41	118	93	100	12	113	97	58	76	64	66	98	33	114	47	54	115	39	113	63	60	35	118	39	3	18	0	69	68	14	35	94	37	106	70	46	4	118	99	19	10	24	99	78	53	15	110	83	63	71	98	74	95	62	110	49	16	37	93	119	5	49	17	118	65	55	54	11	86	65	52	90	48	18	21	43	67	71	1	94	109	91	37	114	91	23	66	96	37	85	116	74	100	12	113	8	80	14	102	30	47	80	111	15	95	40	3	94	32	25	91	118	102	76	0	43	94	31	96	88	47	28	8	73	111	25	11	105	94	108	15	41	96	38	49	13	23	35	73	119	83	41	107	90	32	71	65	78	6	47	49	72	66	114	36	26	70	81	19	19	56	25	101	37	22	32	27	58	21	51	79	115	20	73	88	51	99	99	90	96	109	119	58	83	105	33	45	61	115	114	107	67	66	38	10	1	81	37	102	106	23	75	53	65	10	3	70	87	98	86	26	109	18	100	17	43	67	98	75	76	90	92	5	52	47	93	16	46	21	61	36	33	55	92	115	60	74	83	18	114	108	71	24	29	93	67	90	66	11	42	94	44	32	108	46	34	58	19	10	87	48	113	11	11	108	47	74	86	38	61	23	51	119	117	61	5	27	111	75	82	107	68	118	1	111	85	70	98	32	76	111	82	66	19	109	78	11	24	45	69	78	33	64	113	13	82	23	21	35	2	1	28	113	37	53	49	43	26	81	7	42	97	14	14	87	37	28	57	10	19	18	29	66	63	27	34	101	61	34	15	0	72	81	25	16	92	34	119	34	54	30	117	116	86	50	64	24	103	18	15	80	70	88	53	65	8	36	38	0	55	7	58	92	100	77	93	76	90	107	47	29	45	58	67	47	52	88	84	54	27	35	22	7	45	55	35	34	65	68	117	67	113	74	74	1	107	91	119	2	15	114	28	35	41	84	70	86	23	87	56	25	41	34	6	16	66	40	86	114	84	35	50	2	2	18	98	6	97	89	23	56	79	2	25	116	72	26	52	36	96	14	62	21	107	119	65	0	86	48	114	91	22	102	0	94	28	25	98	20	91	116	25	79	106	95	114	18	25	50	35	13	50	30	34	20	89	0	63	109	13	9	30	5	34	32	37	88	75	45	88	54	44	41	2	35	109	51	25	80	100	61	3	13	52	43	82	9	51	115	0	31	69	0	24	59	57	109	119	64	83	81	109	22	107	119	54	54	81	86	5	32	76	9	66	0	71	16	93	60	31	106	36	36	57	99	37	90	23	81	16	12	53	54	99	31	102	1	69	2	31	36	25	77	89	46	4	47	75	39	8	83	63	91	95	113	15	89	24	117	29	28	29	103	31	109	76	30	7	88	72	14	113	51	87	102	79	117	46	52	12	82	77	39	93	103	59	67	101	33	53	55	67	30	114	34	12	76	43	96	41	40	99	111	22	20	34	65	93	18	106	88	74	78	56	46	37	46	71	83	65	11	13	7	80	104	109	26	47	93	54	24	38	47	84	43	13	2	108	109	3	99	90	73	83	84	79	79	65	37	87	44	57	25	53	73	77	33	20	47	53	101	70	110	84	62	69	103	
20	8	15	4	13	10	8	14	7	5	2	1	3	10	5	17	12	9	4	18	10	12	6	2	4	12	14	16	7	14	7	15	1	2	7	2	2	10	15	13	3	14	13	6	14	13	8	4	12	14	6	6	13	11	16	20	14	8	11	19	13	3	20	13	3	5	4	1	7	19	16	6	17	1	5	4	3	9	12	8	9	16	1	4	17	2	11	7	18	1	18	8	5	10	18	3	18	13	2	1	14	12	5	20	11	4	6	7	1	14	4	1	6	18	6	6	2	10	11	11	19	19	1	2	9	9	18	15	10	10	1	14	6	7	12	6	14	1	4	8	20	12	14	11	17	10	11	10	5	12	4	5	17	5	19	3	13	9	4	16	13	5	20	16	2	14	8	11	14	13	9	11	10	6	16	16	10	16	14	7	12	11	8	9	14	20	9	19	5	18	7	16	10	12	15	15	14	3	19	11	19	4	12	14	16	5	14	4	15	18	19	8	14	12	3	13	16	9	4	10	12	5	11	6	10	18	20	7	7	7	17	14	11	15	18	19	9	11	1	9	1	15	6	13	18	10	18	19	18	6	11	5	8	9	4	3	7	18	5	11	17	11	7	13	11	1	11	6	1	1	19	4	17	13	11	16	20	4	1	18	7	20	12	8	15	19	19	2	12	20	2	10	4	9	18	12	6	6	12	10	2	14	12	13	12	9	6	3	13	8	1	5	20	16	6	17	12	2	12	7	19	11	2	9	5	12	7	3	13	2	10	3	18	6	20	13	13	4	16	7	5	19	13	17	17	19	6	16	3	20	18	18	19	13	14	20	15	9	1	18	12	3	10	1	19	2	12	19	4	17	14	20	1	19	1	2	3	6	8	13	10	8	6	2	8	20	7	19	10	20	5	13	4	1	10	1	15	4	9	9	15	14	6	7	7	13	15	19	6	16	16	19	3	2	6	7	4	11	7	14	2	11	12	11	5	6	16	3	8	10	10	8	19	13	7	19	10	1	18	16	4	1	19	6	12	16	16	3	4	6	1	8	8	15	14	5	6	1	10	20	20	12	14	16	6	10	6	19	13	4	17	3	15	10	14	8	8	1	11	10	2	19	13	16	16	13	1	6	9	15	20	17	14	19	6	10	18	6	9	6	20	16	14	6	1	18	6	16	17	6	6	19	5	5	18	5	6	4	5	8	14	14	6	3	5	3	11	13	4	2	17	2	17	17	9	11	12	12	15	17	18	17	14	5	1	4	1	20	9	7	14	19	15	19	6	7	4	8	1	13	10	15	18	7	10	19	8	4	19	15	1	10	4	4	2	19	2	12	20	7	16	12	16	19	13	8	6	7	5	17	8	18	14	10	8	8	4	18	17	6	4	2	20	17	16	16	20	7	8	13	12	15	1	9	7	7	20	2	4	17	19	8	13	12	14	17	2	15	3	18	2	6	10	19	12	5	8	14	11	3	2	11	14	4	6	16	3	5	1	17	14	11	6	4	10	19	4	18	2	19	15	15	4	6	17	8	9	14	9	16	2	5	6	2	12	14	1	15	4	12	2	17	6	3	10	9	16	3	14	19	3	19	16	1	8	11	20	7	11	4	4	3	3	11	3	18	15	18	9	4	13	4	20	18	6	19	3	7	11	13	18	1	9	5	6	4	20	6	17	7	7	15	3	11	1	11	5	2	10	5	9	16	10	6	1	12	6	13	3	12	6	1	4	12	11	8	1	13	15	10	19	12	11	6	15	5	13	13	8	9	6	10	20	18	15	16	1	7	9	16	19	15	2	10	17	10	14	1	14	2	15	15	9	2	13	11	3	10	5	1	7	10	12	10	1	5	8	6	7	15	2	7	14	10	15	4	14	13	12	14	9	8	11	1	5	4	10	6	11	12	10	11	15	4	4	3	5	8	16	10	11	16	2	3	8	10	2	15	15	6	12	5	8	11	10	6	13	3	15	8	11	1	2	5	10	6	15	4	8	10	6	14	13	10	5	16	1	2	7	16	4	4	14	8	4	8	12	15	2	14	2	6	11	4	10	4	10	10	11	12	16	15	12	11	8	3	5	15	5	3	16	11	14	6	10	4	13	16	11	11	6	2	14	7	9	11	8	10	14	2	1	15	9	12	16	14	14	3	1	5	16	4	4	10	5	4	6	3	15	2	16	11	8	12	2	14	9	13	4	1	5	5	5	15	3	6	14	7	14	13	5	4	10	1	10	12	9	10	2	7	6	5	8	3	13	2	12	12	14	9	4	16	2	1	5	14	12	1	16	13	14	9	5	3	3	3	9	6	15	14	14	16	7	9	5	13	11	12	11	2	14	12	8	2	1	6	1	16	11	6	13	1	1	3	16	10	9	12	3	10	5	11	2	10	15	12	13	9	16	8	6	6	6	15	6	3	7	15	9	3	5	14	10	2	12	13	5	15	12	11	2	4	3	8	14	1	2	13	13	12	16	4	16	1	11	15	15	3	12	11	8	1	6	12	14	2	12	9	10	1	5	5	3	2	8	11	1	16	14	4	8	7	8	12	11	10	11	2	1	1	1	14	2	9	5	1	12	4	10	4	15	3	6	4	6	1	14	12	15	13	15	15	11	7	16	16	12	16	15	4	11	12	12	13	11	12	12	11	13	16	3	13	13	12	12	15	9	4	9	16	6	1	12	7	11	13	4	5	4	13	13	11	3	8	2	8	14	8	16	16	13	16	1	11	10	9	15	6	6	10	5	11	12	7	6	13	15	15	13	2	10	13	4	4	15	6	3	16	15	3	9	8	7	13	4	5	3	1	8	8	6	5	7	11	13	3	5	8	9	1	15	3	9	5	2	7	3	7	2	1	12	5	8	7	11	2	10	9	15	10	15	14	3	3	1	14	6	16	4	6	5	8	8	3	7	2	2	8	2	2	15	15	4	16	5	11	5	13	1	13	11	7	5	15	11	16	7	13	2	12	3	15	16	9	4	8	16	10	7	3	8	4	6	16	3	6	14	1	16	4	13	12	6	7	11	10	8	16	6	16	3	11	6	10	16	11	5	1	10	4	8	11	6	13	15	2	6	14	15	7	1	4	3	12	4	5	10	14	8	13	9	5	7	5	8	10	8	8	4	5	8	1	5	10	8	7	6	2	11	2	3	4	13	16	7	14	6	4	11	5	6	6	3	14	4	6	10	13	8	4	3	4	5	13	5	11	10	3	14	6	9	7	1	11	9	14	15	2	11	5	15	4	1	15	13	3	7	12	4	4	5	6	15	11	15	11	15	7	9	2	1	1	2	13	5	16	13	10	13	7	4	13	4	13	11	5	10	4	14	15	7	15	14	6	5	8	11	9	12	16	10	3	5	10	3	13	4	7	10	8	16	7	11	1	3	6	11	8	10	9	2	15	13	14	16	2	9	1	4	16	2	15	11	1	2	14	3	11	14	13	15	1	1	3	11	10	12	3	6	12	5	6	9	7	15	16	9	8	8	11	9	8	2	3	8	7	6	15	5	14	12	6	6	16	14	3	5	7	4	14	16	3	11	6	9	2	2	14	13	4	9	8	13	1	3	9	12	8	6	4	16	14	9	15	12	6	4	4	12	9	2	11	12	9	11	4	9	8	3	14	3	4	14	6	6	8	5	7	4	5	4	6	2	2	15	3	11	6	8	14	4	7	2	4	16	8	6	8	6	11	10	12	5	3	8	8	1	13	2	14	15	16	5	12	9	9	15	5	3	4	16	1	2	4	15	11	4	12	3	11	1	11	4	7	10	8	16	12	3	3	16	11	8	16	6	5	5	4	4	5	15	12	8	1	2	6	6	15	13	5	16	4	10	13	13	8	13	2	3	12	10	11	8	14	2	13	3	1	12	5	10	6	7	7	9	14	11	16	10	1	11	13	2	14	13	8	11	4	6	16	16	10	15	5	13	2	4	4	12	2	16	14	11	15	7	15	4	5	9	3	13	1	15	12	8	14	3	13	10	11	1	3	4	7	5	4	8	16	15	7	9	16	7	13	6	5	3	15	4	10	11	9	7	11	2	9	10	3	1	11	16	2	13	16	12	7	4	12	3	3	7	7	8	15	8	14	9	12	5	15	3	8	2	9	3	13	9	2	4	11	6	15	9	16	4	2	5	13	16	8	10	15	2	3	16	16	10	7	3	2	3	13	3	5	10	13	7	5	2	5	9	9	10	2	4	3	16	8	15	14	15	9	12	2	8	7	1	14	15	9	13	14	2	10	3	16	1	3	7	4	8	5	5	11	3	9	13	3	3	12	2	1	3	11	3	3	6	12	5	13	9	4	10	1	10	16	11	7	13	8	7	13	7	7	12	10	3	12	11	14	5	7	1	4	13	7	3	13	7	6	7	15	2	4	6	9	14	8	2	6	14	1	2	12	7	4	2	16	9	1	14	12	2	4	12	15	13	8	13	1	1	10	7	6	15	4	3	8	14	12	16	3	7	10	3	11	3	13	9	5	3	13	3	16	10	10	9	2	5	8	4	6	14	14	13	7	10	16	4	2	7	11	1	1	1	8	7	15	4	3	8	16	2	8	10	3	14	15	1	5	1	3	3	12	3	5	9	3	12	11	2	9	13	5	2	5	2	5	6	10	2	5	16	3	7	9	10	14	3	11	2	8	4	1	2	14	3	10	14	7	14	6	9	1	12	13	16	8	7	1	5	11	11	13	2	6	5	11	7	11	2	1	14	7	1	14	2	7	8	12	7	4	2	1	12	11	7	9	3	11	10	4	4	3	5	2	6	13	13	16	5	3	10	4	7	2	14	7	12	16	4	5	13	15	14	8	3	2	10	5	7	9	7	16	16	9	13	9	10	11	6	5	6	6	3	3	6	16	16	9	14	8	1	5	12	10	5	2	13	8	1	12	9	2	15	1	4	14	13	12	14	12	2	3	16	13	1	10	16	1	9	2	12	10	14	4	12	4	5	8	16	3	13	15	8	13	9	4	3	12	9	9	5	10	12	2	7	8	9	1	5	10	3	10	11	4	7	1	10	8	10	9	13	13	10	5	10	7	14	14	15	11	7	12	10	13	8	11	16	9	6	6	13	6	9	7	10	2	12	4	15	2	4	4	12	9	1	15	8	5	7	16	5	11	9	4	9	13	14	4	14	11	13	12	8	12	1	6	9	9	8	16	9	13	2	10	14	4	2	5	1	16	9	9	13	2	14	7	11	16	6	13	9	12	11	3	7	6	6	12	12	5	4	4	4	4	11	13	4	9	8	7	10	11	15	8	11	4	12	9	13	8	7	2	9	8	4	8	2	8	12	8	6	3	3	12	12	7	4	11	3	5	2	15	1	2	3	14	13	16	8	12	9	8	7	14	2	4	10	9	13	6	16	10	5	16	3	12	3	13	2	3	6	7	1	1	9	14	3	7	9	4	8	2	1	4	5	16	4	6	7	5	9	3	10	10	15	6	16	12	3	5	2	11	9	9	15	10	13	16	5	11	10	14	13	13	14	2	3	15	3	5	14	3	3	12	9	14	6	14	5	1	15	6	16	12	7	7	10	10	15	2	4	1	7	2	8	4	13	1	1	5	5	5	12	12	9	9	8	9	7	4	5	8	2	3	6	10	1	2	10	14	8	15	12	16	9	16	12	7	4	3	3	11	16	16	11	10	16	3	10	3	7	12	8	16	7	16	15	10	7	4	9	6	2	7	9	16	6	14	13	15	5	8	12	12	1	10	11	15	11	10	2	9	12	4	14	7	5	3	3	16	9	9	9	3	15	7	3	14	13	7	9	9	11	12	6	2	2	13	9	16	5	5	1	5	7	15	8	2	5	7	16	16	4	15	12	6	9	13	6	10	11	7	3	8	4	7	5	8	7	3	11	10	14	2	11	14	10	8	14	11	12	11	10	11	3	9	4	6	8	4	11	15	8	12	3	9	10	4	2	15	13	14	16	14	13	2	12	2	9	7	7	16	12	6	13	9	15	6	2	9	15	8	3	1	6	4	2	14	14	8	12	6	12	8	10	4	11	13	16	13	1	10	2	9	5	5	5	3	9	11	4	3	12	4	3	7	2	1	9	5	10	11	12	14	13	14	3	13	2	15	4	8	8	6	16	3	8	1	3	16	2	12	3	3	2	15	11	14	12	13	7	14	12	13	2	9	12	2	2	5	6	4	16	16	10	13	3	16	4	7	10	12	1	14	6	6	1	10	6	7	13	4	5	6	13	12	16	13	6	6	10	3	8	16	8	3	1	12	9	1	3	13	1	7	9	12	4	2	13	9	7	9	7	9	7	14	4	9	7	12	6	12	2	1	15	10	3	8	10	9	1	1	10	3	2	4	12	7	14	13	4	13	13	4	4	11	2	13	16	6	16	14	2	2	4	1	3	12	3	13	10	5	1	10	3	1	12	3	2	14	6	11	8	16	6	9	15	7	3	3	8	6	6	11	5	10	9	1	7	16	14	13	15	13	10	2	16	7	6	15	3	3	4	15	11	13	7	4	13	14	4	5	3	13	1	4	6	7	9	14	3	15	6	9	7	6	4	11	16	7	6	2	3	5	13	12	15	4	5	8	16	5	5	10	1	16	7	7	7	8	5	1	11	15	1	2	13	8	9	3	12	16	13	6	11	8	14	12	2	15	1	7	7	14	1	14	16	1	6	3	16	12	5	13	11	13	5	1	16	14	14	7	13	9	2	1	12	6	7	15	9	16	15	12	7	4	11	1	14	12	7	16	11	14	10	5	2	8	16	16	8	7	1	7	9	12	16	14	16	14	14	2	6	12	7	12	5	10	13	9	6	3	9	12	3	1	13	3	1	5	14	11	16	7	8	8	13	6	12	13	10	10	12	1	2	10	13	15	5	12	12	15	12	9	10	10	14	15	7	15	1	7	8	4	1	16	1	3	1	15	13	14	9	2	7	3	16	4	9	1	3	15	12	15	3	11	6	3	9	6	3	16	13	10	2	6	7	15	3	9	1	12	13	14	9	16	5	2	8	10	2	14	6	9	12	12	14	2	10	13	3	2	14	13	1	6	12	10	16	11	7	6	10	6	9	7	13	7	10	1	11	9	9	10	5	3	14	8	1	7	6	6	1	16	7	15	12	3	1	4	12	12	6	9	10	3	16	1	14	15	9	9	8	4	14	3	8	6	2	10	9	14	10	5	2	2	8	4	11	6	8	11	14	8	13	16	14	9	2	14	4	3	14	16	6	4	8	10	10	2	7	9	13	9	14	13	2	14	10	10	11	8	12	6	14	4	7	16	6	8	3	13	6	6	2	15	11	6	3	7	11	4	11	14	15	12	6	4	8	1	7	9	9	2	14	13	5	11	16	1	3	1	15	4	12	11	1	16	16	12	7	8	8	5	15	13	5	16	13	6	3	4	3	15	1	10	14	5	2	15	15	10	4	5	7	13	8	16	13	9	10	15	2	8	12	4	13	1	16	10	10	12	3	9	1	9	11	8	3	13	5	1	5	1	10	7	14	7	12	3	5	6	3	10	13	5	7	16	6	15	7	5	2	15	7	15	7	8	8	3	16	3	12	9	5	1	8	3	3	5	15	7	3	5	9	10	14	13	10	14	13	11	9	8	5	14	16	13	1	3	2	9	15	12	14	4	12	1	11	10	9	7	14	7	7	15	7	15	11	13	9	5	10	12	4	15	9	7	1	4	13	15	12	14	2	13	7	14	12	7	8	9	4	3	13	16	13	3	9	14	13	4	9	6	1	10	11	11	15	11	11	8	10	4	15	14	2	1	10	4	9	1	4	4	14	10	1	5	5	8	12	8	13	11	3	1	10	5	9	10	6	6	13	15	13	5	2	9	5	15	13	6	9	9	7	5	2	6	10	7	5	11	16	13	16	7	15	1	3	8	6	16	1	9	7	4	10	8	14	13	7	3	3	11	5	12	12	4	3	8	6	6	2	15	6	15	6	13	12	15	13	9	14	14	16	2	6	4	6	6	5	14	9	6	13	3	4	8	14	11	6	16	16	7	14	10	5	8	15	2	3	12	15	1	1	11	7	2	2	16	2	5	5	15	9	15	13	3	12	2	10	1	4	3	15	14	12	8	9	3	14	5	13	5	9	13	12	16	11	3	10	12	11	12	13	12	1	16	15	9	4	6	2	13	11	2	4	6	9	12	16	8	3	16	4	14	4	15	6	16	5	15	10	11	6	14	4	6	13	10	16	10	12	2	12	15	2	16	16	1	2	1	10	14	1	13	9	5	6	9	5	8	8	12	14	1	3	16	16	15	6	2	1	11	12	6	7	11	1	5	16	13	1	16	6	4	5	14	14	6	12	8	3	12	5	3	4	8	9	8	5	6	11	15	3	11	13	2	11	7	16	12	8	5	8	16	5	13	10	14	9	9	12	9	12	7	1	9	11	14	13	9	7	5	2	10	2	5	11	2	9	4	8	6	8	2	14	1	5	2	5	10	14	6	16	14	3	3	15	12	2	14	7	1	7	7	12	7	13	16	15	11	15	8	6	9	15	13	13	9	13	9	10	2	10	11	8	13	13	8	1	15	1	1	8	2	14	13	13	3	5	4	11	4	6	11	14	2	16	14	15	14	12	12	15	12	14	10	14	9	15	2	8	14	3	13	14	5	13	2	5	8	8	13	16	1	14	8	4	4	15	13	7	14	12	7	3	4	4	16	8	15	15	1	14	7	1	1	2	14	15	1	16	10	5	7	6	8	11	14	12	7	15	8	9	4	14	8	1	5	7	14	10	14	10	9	9	7	4	8	2	4	1	12	2	7	9	5	7	12	2	6	13	12	7	11	1	2	11	9	4	13	4	10	16	7	2	14	13	16	13	6	11	10	11	14	15	14	8	3	4	13	2	15	15	4	12	16	6	5	15	2	8	10	16	9	12	3	16	15	11	6	2	1	2	11	12	14	5	14	14	9	3	10	8	3	2	9	15	6	5	15	13	4	2	10	1	3	1	3	12	14	9	6	6	11	13	9	8	8	12	3	7	5	4	8	3	9	9	13	8	10	7	1	16	9	12	11	2	16	7	15	6	2	7	11	1	9	13	5	16	10	3	11	16	6	9	2	11	3	9	15	3	8	16	6	11	3	3	7	1	11	16	10	1	13	10	8	8	12	12	15	16	1	8	7	13	7	2	14	13	4	9	4	16	6	5	10	14	1	6	16	14	12	13	8	12	6	6	3	2	2	13	15	8	9	7	7	13	15	15	12	5	13	5	11	16	3	5	1	10	11	5	1	3	9	15	8	14	14	12	12	2	4	15	5	6	16	15	4	7	6	1	4	7	6	15	6	8	11	3	8	8	7	5	5	15	8	1	4	3	8	12	8	5	9	12	8	16	5	3	2	15	7	1	15	16	12	7	1	16	8	11	3	11	14	13	10	12	4	3	5	6	4	14	13	10	5	8	4	1	11	5	13	8	3	14	12	7	10	8	15	12	12	11	8	9	16	3	2	2	3	11	12	16	1	4	5	3	3	8	1	7	16	13	5	12	2	16	7	6	4	3	10	11	13	13	6	14	3	12	1	9	5	6	4	5	16	7	1	12	14	9	6	16	13	3	11	3	15	14	14	1	10	14	13	1	16	3	1	3	12	9	8	3	10	8	3	2	1	5	13	10	2	2	4	10	11	1	10	5	7	15	3	6	15	1	3	6	8	11	16	15	4	15	16	2	10	7	6	16	4	14	10	4	8	4	9	16	8	12	16	13	3	10	1	4	8	13	9	2	12	3	7	10	10	3	12	5	16	12	13	12	7	2	5	2	3	4	7	6	5	15	11	14	9	15	2	9	3	14	3	6	7	15	13	8	15	8	8	3	11	7	3	8	15	1	5	5	16	2	12	9	3	14	15	3	5	10	5	16	8	12	9	2	15	15	6	16	10	1	2	9	5	6	9	1	1	8	4	1	8	5	8	3	16	15	13	9	8	4	2	14	9	15	1	6	11	8	7	11	12	2	15	2	10	4	3	9	2	4	11	4	13	14	9	13	16	5	2	3	1	12	8	4	5	4	1	12	11	2	8	3	2	8	7	6	6	7	11	8	15	10	11	1	10	12	3	5	7	16	13	4	13	13	14	4	6	4	10	10	12	4	5	7	11	6	14	16	16	16	12	15	4	9	14	13	2	13	7	13	2	13	10	9	12	16	3	14	10	13	9	1	14	10	7	14	14	14	5	9	16	12	9	1	4	4	8	8	2	8	2	9	13	6	12	4	5	5	9	2	16	7	10	3	13	9	14	15	3	4	7	9	14	3	1	12	5	10	16	15	3	15	16	10	1	3	2	8	9	11	4	3	1	1	10	15	10	9	13	6	16	14	11	11	6	16	11	11	8	1	12	1	4	15	12	6	7	2	12	9	4	3	2	4	4	7	15	10	6	15	7	14	14	12	13	4	9	1	11	10	16	13	5	15	14	14	6	3	7	9	5	3	2	2	16	2	12	12	1	4	10	10	16	9	13	3	8	5	11	12	4	14	6	4	15	5	5	15	16	8	7	16	2	11	8	6	15	3	9	5	4	14	6	2	1	7	16	11	4	8	12	13	6	7	16	9	9	3	3	15	6	8	4	7	6	14	15	15	1	15	14	11	6	2	4	4	2	11	9	16	11	1	16	1	8	15	3	11	13	1	6	7	1	12	8	12	10	8	2	4	1	16	11	15	8	10	14	10	3	1	3	9	4	10	15	13	10	7	4	9	10	16	4	14	5	6	11	1	15	16	1	9	16	7	4	9	8	1	9	16	3	3	15	13	13	4	6	2	8	7	13	10	15	2	12	8	8	6	4	16	10	6	4	10	6	3	4	5	8	9	15	15	2	14	5	10	16	11	14	7	12	16	12	6	11	8	10	11	13	16	15	5	16	10	2	13	5	5	15	15	4	13	7	16	3	2	5	4	2	10	14	11	9	7	3	6	8	3	9	13	2	7	9	4	8	10	10	5	12	10	3	9	9	3	11	13	16	1	2	7	16	3	15	15	2	7	7	8	1	9	5	9	7	4	2	14	16	8	13	5	6	6	9	7	13	15	16	16	5	10	15	5	6	12	12	8	2	13	4	8	4	3	13	3	12	9	10	8	7	3	10	8	3	4	3	12	6	5	14	1	4	3	4	12	6	16	5	8	8	5	15	4	14	6	3	12	11	2	10	7	2	9	3	6	15	16	1	3	9	14	1	14	4	11	3	11	8	15	11	1	7	1	6	14	8	14	1	14	8	6	9	4	9	13	16	14	8	11	13	14	14	7	1	14	14	15	10	7	5	5	3	9	3	9	13	15	2	6	1	8	12	6	1	15	9	2	15	8	9	1	13	10	4	16	5	13	11	10	5	8	4	10	6	2	6	15	1	1	7	16	6	6	1	15	7	4	13	15	14	5	12	4	4	12	12	3	8	12	14	7	10	15	6	8	6	5	9	15	5	13	7	6	3	14	5	13	4	9	16	6	16	9	14	5	12	1	6	9	7	11	7	7	4	2	9	13	10	7	10	4	13	10	9	10	14	7	7	11	15	6	3	14	6	1	9	7	14	3	7	5	1	1	4	11	3	4	10	8	2	10	1	11	10	15	2	6	14	6	12	7	10	16	8	3	6	10	1	15	9	12	13	8	14	4	16	10	4	14	16	8	15	15	2	2	11	11	4	2	9	16	5	11	6	16	14	12	16	8	1	8	10	11	4	7	2	12	11	4	9	3	3	13	1	9	1	5	1	5	6	6	15	9	5	10	15	10	11	12	4	12	7	15	1	3	4	1	7	16	10	11	6	1	4	13	5	9	8	10	8	13	9	12	9	11	11	11	11	9	10	2	16	8	6	8	1	15	8	13	14	10	6	12	2	3	13	15	9	1	2	3	11	3	6	10	13	3	11	12	15	8	8	13	11	2	1	10	4	7	3	3	7	3	3	7	10	3	1	1	13	6	3	4	6	16	9	5	4	2	11	10	11	7	10	3	8	6	14	9	9	4	16	16	2	1	1	1	16	6	10	6	7	13	8	2	14	13	13	2	10	10	6	14	10	16	5	15	4	4	9	2	4	14	11	9	15	12	2	4	6	3	6	12	7	4	5	7	2	16	1	6	11	15	16	15	5	15	3	7	11	16	11	1	14	12	7	2	3	7	14	1	6	2	12	4	3	10	9	12	2	8	3	7	8	12	4	10	6	16	12	9	10	10	1	4	10	2	6	14	8	5	12	10	7	12	12	16	6	11	1	14	12	15	2	3	13	4	2	11	14	16	3	6	4	8	4	14	10	12	10	5	6	4	3	16	12	8	2	7	4	11	1	5	13	13	5	9	16	9	3	8	9	16	13	10	13	4	15	2	7	15	1	9	14	10	7	12	4	12	1	11	11	14	6	8	1	3	4	10	8	5	16	10	4	13	1	15	12	1	13	10	14	5	5	16	1	6	3	8	8	3	1	15	7	12	4	10	4	7	7	10	10	11	1	9	6	12	6	4	7	13	12	1	10	14	1	4	8	15	8	4	6	4	5	3	5	15	7	10	2	8	6	16	6	5	4	13	13	10	14	14	13	2	4	8	1	12	12	11	13	9	9	11	2	6	7	2	5	4	8	5	3	12	12	16	8	11	9	1	7	3	11	2	1	8	6	16	6	6	5	4	10	5	2	9	8	12	7	10	2	10	7	12	3	11	3	15	2	16	13	2	8	11	11	5	11	6	8	3	4	10	15	11	8	5	14	3	9	5	10	13	2	6	7	8	10	2	7	9	5	13	3	9	1	4	16	4	1	6	15	13	4	12	1	11	7	8	15	1	1	8	12	1	3	2	12	8	14	16	5	5	13	1	7	3	11	10	13	11	14	2	10	9	14	15	5	10	13	7	1	2	9	8	12	11	12	8	6	16	16	4	14	7	3	11	10	7	7	1	14	8	3	15	4	13	3	3	13	15	1	1	12	4	14	12	9	11	13	9	15	8	1	14	3	6	10	6	15	16	16	12	5	15	13	4	10	11	15	12	1	4	11	7	1	4	2	12	2	13	7	8	11	5	15	14	14	8	1	3	16	11	3	7	12	10	2	15	4	7	12	8	15	14	5	6	11	14	8	9	13	16	7	3	4	3	5	6	5	1	9	14	15	15	5	4	10	15	16	15	5	1	7	9	13	11	3	1	6	4	5	14	16	7	8	15	10	12	3	4	12	11	5	9	2	3	9	2	3	5	7	5	11	7	15	15	14	14	7	11	6	6	14	3	12	3	7	6	2	13	6	10	2	10	2	13	11	15	3	15	11	10	9	11	12	7	8	9	15	15	16	14	5	6	3	1	5	13	11	3	12	4	16	13	14	6	12	4	10	3	13	12	6	14	1	5	3	2	10	6	12	7	6	10	4	16	12	16	3	14	16	12	12	7	11	8	7	2	11	15	10	10	9	13	11	4	2	2	1	2	16	9	6	15	16	9	12	7	1	2	16	4	14	10	4	6	9	3	11	12	3	5	15	12	8	14	5	16	2	12	12	9	3	4	13	14	10	8	14	16	2	16	3	12	3	16	4	11	7	15	16	2	14	10	5	5	3	3	9	1	4	9	5	14	11	9	5	8	15	1	9	12	10	4	10	14	5	4	2	12	13	10	9	9	14	3	7	7	15	10	8	3	2	5	10	3	8	1	12	6	13	5	7	16	9	15	7	11	13	16	10	1	2	13	12	11	10	1	5	6	3	7	4	7	16	4	11	10	12	5	7	11	5	13	5	1	5	11	1	5	8	16	2	4	11	8	16	16	14	5	14	5	5	3	8	16	6	14	16	1	5	1	11	15	12	11	7	11	14	4	1	12	8	12	13	12	13	8	3	12	4	3	6	4	9	6	16	4	13	12	11	11	3	9	10	4	5	16	5	4	15	8	16	8	2	6	6	8	13	10	13	10	4	10	1	2	3	14	10	3	4	1	9	5	3	2	2	7	13	6	4	13	4	6	14	10	5	8	3	10	16	5	16	7	7	1	3	8	4	1	10	16	7	4	5	8	15	14	9	15	2	12	9	14	2	11	15	7	7	1	9	8	7	2	7	4	6	3	7	3	12	1	1	7	8	5	3	6	6	4	11	2	7	3	3	10	1	12	9	3	1	5	6	1	10	8	12	9	6	11	6	6	16	4	4	4	9	2	14	10	10	3	12	7	7	2	1	9	15	2	9	13	3	16	11	6	15	14	14	11	16	14	3	7	13	14	6	3	10	11	15	15	4	4	8	8	7	2	5	8	16	9	9	14	13	4	13	5	8	11	11	8	12	14	12	14	5	8	6	16	10	5	6	13	16	4	8	14	6	2	4	1	13	11	4	1	13	2	7	7	12	11	5	9	11	8	3	12	15	10	11	13	6	1	16	15	9	5	12	8	1	8	14	3	16	14	15	13	7	10	9	11	8	14	7	4	7	4	12	10	6	7	11	3	9	15	8	6	8	3	10	16	1	5	14	7	4	2	13	1	1	12	5	1	4	7	7	9	14	8	15	8	6	1	3	11	10	1	4	12	13	1	12	15	16	6	9	16	2	9	13	16	10	3	10	8	6	11	12	9	4	14	5	1	15	
940	440	190	200	430	420	830	310	580	650	900	1000	1000	820	500	140	140	180	190	380	440	410	640	1000	910	210	690	500	320	880	960	240	560	630	180	850	100	930	630	590	820	420	120	420	160	980	730	690	740	710	330	990	110	1000	890	150	690	170	970	1000	840	880	750	810	260	210	500	950	790	250	400	920	120	980	560	600	240	340	110	880	480	710	880	960	800	340	250	400	570	820	730	510	570	130	560	240	980	160	490	510	630	160	240	570	580	560	630	790	530	880	450	890	400	230	170	570	830	390	620	840	690	720	210	970	530	570	560	360	130	710	130	540	810	820	290	470	420	200	430	190	160	750	940	750	620	340	200	730	220	300	260	760	240	920	520	940	700	850	360	110	550	300	540	700	750	540	190	710	420	320	560	460	120	830	100	610	200	450	180	150	580	250	850	150	460	730	700	610	660	570	250	990	910	840	440	630	130	950	110	590	780	270	310	860	870	480	790	320	410	830	100	660	360	760	890	310	700	860	850	500	760	510	130	510	780	930	280	350	120	920	500	560	950	630	710	990	130	460	320	110	850	250	290	300	800	760	600	790	250	470	870	670	980	360	370	800	110	460	210	750	650	890	120	430	920	900	920	370	830	570	1000	580	980	100	790	610	950	420	790	510	800	950	1000	800	680	870	900	700	170	430	750	590	760	680	410	800	180	120	600	540	120	270	410	510	700	210	440	610	740	340	590	620	390	890	730	740	510	230	200	490	740	460	150	930	610	860	220	710	970	640	170	720	730	680	140	420	220	160	1000	730	610	970	500	1000	840	220	130	950	480	640	480	960	770	260	690	670	630	620	920	240	820	680	720	160	660	200	500	650	230	660	180	140	330	840	730	660	510	230	350	540	790	300	520	810	370	590	770	640	520	580	380	440	930	240	320	190	890	290	350	230	470	590	410	330	650	990	730	940	530	920	170	400	770	390	740	210	120	990	180	800	110	240	980	310	220	130	810	300	780	900	300	980	210	380	290	670	410	990	470	620	610	610	570	280	660	980	880	310	410	550	170	250	840	810	730	770	390	1000	190	430	760	750	200	990	300	300	370	690	120	640	220	510	150	230	160	620	450	190	230	360	510	220	440	930	960	480	540	840	140	770	280	480	280	660	880	520	950	100	790	560	620	410	210	360	360	930	800	610	100	370	510	260	700	970	850	280	680	650	420	700	750	820	270	580	850	470	490	150	420	270	110	680	230	360	640	450	150	480	930	1000	470	980	180	810	190	920	650	380	870	600	420	420	330	200	320	680	820	310	940	900	580	190	120	140	820	540	900	120	290	910	700	140	840	310	380	120	830	100	800	420	870	390	700	270	900	930	510	930	400	220	620	950	690	730	160	950	830	250	970	370	240	450	170	850	330	240	190	350	990	470	470	390	720	160	420	160	830	510	970	530	510	350	370	550	720	300	210	460	280	370	110	300	850	220	500	570	870	900	670	500	780	430	720	550	450	930	560	440	160	630	960	550	360	900	480	700	920	840	490	580	210	200	280	160	490	190	840	220	750	520	150	750	230	840	790	1000	330	120	530	110	880	690	530	160	150	920	960	490	430	580	180	570	720	780	640	870	180	490	350	890	150	310	520	370	520	100	750	820	390	490	220	270	300	720	670	380	800	640	200	190	330	480	250	520	170	260	420	780	930	500	920	910	110	220	190	340	690	730	260	750	690	480	170	550	270	460	430	110	460	760	810	180	340	870	900	860	840	250	590	550	270	670	200	830	380	1000	770	450	300	800	300	1000	800	400	940	390	820	460	510	830	410	540	230	770	990	700	650	850	610	130	900	870	790	960	230	280	890	640	890	950	530	170	400	980	970	220	940	480	390	310	650	120	170	500	180	420	210	450	1000	710	980	870	990	990	340	540	150	820	940	670	940	700	710	890	960	170	220	340	150	770	370	160	210	660	790	190	650	650	550	460	210	160	890	360	720	210	150	490	610	800	390	500	370	940	630	680	740	980	170	760	730	530	920	800	450	580	900	670	880	660	360	570	810	120	850	720	650	670	550	1000	830	370	340	190	620	710	990	550	840	540	600	890	330	100	540	940	230	120	630	380	900	980	830	430	160	240	340	720	250	720	650	460	100	300	700	900	550	950	350	600	380	320	230	440	570	330	410	650	700	550	830	880	530	730	920	380	110	1000	250	760	730	570	440	650	210	180	960	890	420	450	380	130	620	290	840	200	510	320	960	810	340	130	230	120	230	720	650	870	360	990	270	230	130	810	200	840	290	750	160	390	660	120	650	770	140	770	220	990	540	1000	590	550	810	310	110	710	640	420	270	150	660	190	300	230	510	650	130	600	200	790	920	660	160	660	540	760	610	260	650	160	620	310	1000	990	530	270	160	450	940	230	170	260	490	190	960	980	860	250	660	400	870	980	230	970	310	910	290	140	840	810	670	920	740	570	240	820	780	490	920	420	440	640	870	110	270	780	960	670	340	520	120	990	800	610	630	440	840	580	720	1000	170	310	580	780	360	500	140	510	900	760	610	770	160	930	700	940	410	520	700	220	180	540	230	780	570	990	390	750	310	370	890	500	770	910	480	730	920	220	100	500	280	880	470	210	940	420	740	380	450	790	370	860	750	330	480	170	680	920	410	380	530	880	530	420	150	190	930	290	870	490	500	660	640	680	510	720	120	780	770	850	560	590	210	880	270	630	920	650	650	200	750	780	870	280	660	100	780	310	250	570	530	1000	940	340	620	920	250	720	660	580	650	740	250	600	900	960	700	140	110	660	670	780	270	750	560	830	560	600	730	290	690	770	610	200	950	370	530	940	740	270	320	330	320	470	340	230	910	410	390	870	100	220	920	300	380	570	160	640	270	770	940	830	380	860	520	280	980	590	270	110	1000	240	570	540	940	640	850	640	760	550	280	940	660	310	860	630	430	500	180	530	630	620	200	260	510	640	730	560	520	600	340	500	490	450	900	540	220	670	310	800	510	220	230	270	830	140	780	240	990	130	790	140	770	880	210	880	930	630	950	630	490	290	110	670	230	660	890	820	780	720	310	170	540	520	730	320	400	440	410	850	840	640	640	760	1000	540	150	300	320	510	650	460	370	730	420	780	230	400	390	860	800	710	350	250	690	110	960	850	290	100	220	370	690	800	310	320	940	400	170	660	350	720	280	430	350	760	350	460	230	240	130	310	410	820	320	720	290	480	980	590	540	260	300	910	960	140	740	460	810	530	530	530	250	940	230	500	450	540	400	760	270	400	990	830	390	280	100	160	480	160	290	260	420	950	480	780	500	940	840	110	210	220	750	610	240	170	140	590	990	620	880	210	260	710	840	590	710	540	220	260	560	270	680	460	720	140	730	790	120	240	630	120	340	940	360	630	700	710	950	670	960	470	410	190	370	860	610	150	460	820	980	280	660	970	410	600	240	240	670	100	850	360	350	160	510	320	350	120	280	660	380	880	720	220	760	920	740	330	890	990	240	820	190	1000	380	140	190	460	540	720	120	400	120	550	290	280	380	700	990	970	680	120	150	970	170	350	200	910	290	760	100	300	760	510	760	250	360	240	950	620	100	450	310	660	930	720	180	410	550	420	470	760	950	930	180	870	800	260	560	690	440	330	150	640	600	400	510	350	320	920	830	930	180	860	560	460	150	340	200	770	460	930	190	300	100	750	410	580	540	580	130	600	640	870	220	730	470	310	150	610	280	870	110	770	900	110	150	410	260	530	590	690	220	930	680	140	890	390	450	490	980	370	220	320	360	560	470	960	810	570	160	500	480	980	530	130	650	880	700	700	510	770	700	230	820	750	530	400	930	560	900	350	540	440	720	400	820	530	190	650	630	890	360	660	570	200	940	490	110	310	670	600	670	710	780	790	160	200	120	840	460	480	740	130	670	280	480	580	660	940	590	320	990	310	400	900	410	690	1000	160	920	790	980	880	600	470	360	300	330	650	880	240	250	680	280	220	500	180	130	480	950	510	650	550	720	520	610	780	370	320	120	410	270	530	880	830	310	1000	450	970	700	880	550	740	610	410	510	400	800	230	640	900	650	270	920	290	130	870	610	470	270	860	470	760	320	460	660	580	360	730	450	490	100	140	930	170	250	200	900	510	970	930	600	980	410	320	790	290	910	910	980	990	810	550	170	960	400	880	900	740	100	140	210	650	110	860	840	610	370	110	400	980	570	110	640	280	540	590	640	750	440	700	290	710	740	640	170	840	520	660	240	420	570	210	550	140	940	490	810	200	780	940	250	910	930	280	1000	390	670	470	360	220	930	890	930	210	200	900	610	530	330	660	640	310	320	300	730	140	900	630	140	430	880	760	100	800	310	180	170	130	390	830	850	320	670	160	650	970	720	370	130	180	250	390	330	150	880	510	800	730	370	790	500	560	110	570	740	490	650	230	170	630	340	940	130	340	540	460	690	750	780	850	430	580	710	720	770	290	950	290	730	130	620	120	320	290	780	480	790	100	400	770	760	870	300	810	280	680	160	120	540	170	230	710	510	560	960	520	680	330	500	790	680	100	610	340	440	860	630	680	300	520	680	950	330	300	700	100	690	490	980	700	880	910	1000	640	490	330	240	860	530	290	850	330	550	870	490	640	390	670	130	530	820	520	220	910	320	500	740	860	390	630	440	950	270	950	580	220	730	810	110	170	660	180	580	860	720	710	780	300	890	570	830	690	720	510	470	500	390	980	840	770	390	1000	280	980	530	790	310	270	700	860	700	900	180	430	740	280	800	830	640	690	100	570	370	220	290	610	420	790	470	460	670	420	660	130	980	690	260	990	780	420	880	970	860	380	210	580	320	590	140	750	790	200	300	140	160	250	1000	800	230	380	480	820	460	430	560	740	670	230	420	100	330	800	630	880	520	440	610	450	500	670	570	750	610	290	990	250	150	150	390	190	320	560	920	340	870	660	350	590	350	440	440	240	980	530	460	630	480	640	130	300	380	120	460	750	260	230	230	450	130	530	600	170	690	480	390	630	580	160	490	920	160	220	810	950	900	100	640	800	250	550	240	660	670	100	460	990	350	340	870	400	390	240	720	430	590	780	470	760	210	640	120	370	700	240	100	810	910	790	730	730	940	340	520	720	930	460	390	770	350	380	180	730	760	890	470	850	730	1000	850	660	500	220	780	260	520	280	230	200	600	710	460	540	810	500	340	110	450	800	430	450	800	260	290	130	230	200	490	910	660	650	910	260	770	350	400	560	780	240	950	580	720	420	180	610	430	830	550	100	150	710	690	700	560	400	730	700	800	140	830	370	460	980	300	910	770	430	890	470	670	260	340	640	230	100	300	290	640	470	720	930	420	320	520	920	180	100	630	450	300	690	570	510	700	220	940	600	750	910	810	220	930	920	880	740	790	570	270	230	690	700	460	970	730	110	380	910	900	690	120	690	550	560	510	940	140	130	660	720	610	480	100	760	210	150	570	230	310	840	950	470	690	170	860	980	790	240	640	840	510	730	630	540	650	330	190	320	700	330	760	340	110	350	970	330	360	140	600	970	840	170	110	560	960	830	150	690	460	930	230	530	500	140	930	370	410	520	570	660	330	250	170	190	130	250	110	180	950	740	930	960	490	140	800	250	570	160	750	260	120	220	310	930	640	560	960	100	480	400	710	610	250	270	890	780	800	830	550	920	630	890	950	230	100	130	590	960	190	810	240	630	830	590	170	960	680	160	240	140	310	660	300	580	260	530	780	360	280	470	880	860	880	140	640	200	280	820	780	500	740	200	800	850	140	100	790	900	980	110	330	380	850	570	950	250	860	130	340	510	890	150	110	720	310	280	970	730	120	610	180	640	450	360	420	700	520	830	1000	970	600	770	250	580	440	1000	630	960	950	190	120	200	330	420	880	440	690	790	690	290	280	750	650	920	350	790	650	370	490	360	400	1000	800	810	930	320	360	820	740	530	770	150	570	470	440	580	600	660	590	500	950	510	380	890	690	170	300	400	570	730	850	970	480	350	520	150	220	480	760	200	420	250	940	410	960	460	140	240	760	700	780	470	350	580	920	720	140	770	470	210	690	330	440	670	200	180	730	910	240	280	230	160	250	560	620	230	240	940	450	710	560	210	740	760	390	730	750	470	130	880	210	460	170	390	470	600	250	790	920	510	770	240	500	490	360	880	800	520	670	670	800	200	110	170	280	740	280	420	520	1000	910	270	100	1000	760	310	460	170	360	730	980	130	910	840	470	490	830	110	270	530	670	720	830	130	840	170	440	170	810	510	990	700	870	540	950	520	450	540	190	130	480	500	580	120	240	140	960	710	490	140	340	300	810	850	810	670	290	520	570	130	1000	670	360	790	230	1000	220	380	370	800	330	430	370	540	270	220	500	580	540	950	100	240	970	390	1000	430	910	850	550	550	650	650	530	870	700	850	950	220	880	790	930	310	410	240	230	770	830	150	190	280	710	340	140	770	760	560	150	700	480	550	300	650	260	700	220	880	630	580	360	740	650	390	290	520	880	650	840	510	400	480	580	190	130	160	680	220	580	710	350	550	270	200	370	350	150	290	600	640	580	410	340	370	440	900	570	760	730	380	220	670	690	370	110	280	300	770	370	690	500	820	410	250	430	930	860	100	610	280	830	480	430	420	910	750	610	870	250	560	980	100	160	500	270	530	990	970	600	800	330	940	780	740	900	130	720	550	100	520	790	830	130	780	480	250	260	980	840	260	300	270	820	320	430	670	930	150	420	590	830	930	570	180	820	820	300	140	840	810	390	610	230	460	720	810	190	190	860	300	650	950	910	340	540	580	280	250	460	210	390	710	640	550	720	760	200	460	580	250	290	330	770	890	620	780	790	540	730	680	820	620	590	200	730	360	920	110	610	570	290	150	910	680	920	190	560	350	120	760	210	450	170	310	880	470	670	390	980	550	340	620	580	470	830	820	830	920	510	220	700	820	940	820	720	270	460	720	340	770	620	110	370	560	680	770	820	890	360	870	850	960	160	250	630	210	680	370	700	350	320	810	770	520	450	730	330	580	170	370	700	630	790	700	150	1000	630	360	860	910	410	230	440	960	370	530	400	250	800	830	490	510	390	270	710	160	360	620	950	240	400	910	460	940	810	770	840	770	420	560	670	440	650	420	180	820	100	320	690	250	440	460	500	470	600	210	760	270	200	180	430	880	520	440	360	150	580	220	540	490	830	470	400	810	880	420	520	230	360	690	940	930	530	770	640	310	640	560	430	200	490	600	160	570	330	340	810	960	830	500	980	600	250	200	370	720	990	200	370	380	400	340	300	190	570	150	520	620	310	200	670	830	530	950	540	350	320	810	620	350	140	350	970	730	450	530	970	280	240	310	960	920	390	180	990	710	910	370	800	580	620	460	960	430	540	280	810	640	910	520	620	950	310	870	380	180	910	250	960	940	490	420	980	520	880	750	990	580	970	150	890	380	170	210	530	770	580	320	780	420	420	640	660	530	480	840	460	980	190	770	290	800	650	150	580	430	530	550	390	110	460	480	910	1000	990	720	310	920	800	290	710	580	310	860	890	180	690	120	1000	150	740	890	130	210	930	420	300	280	920	490	840	750	950	840	360	600	830	260	720	250	680	980	980	960	370	190	130	600	830	910	230	570	110	340	690	150	150	920	970	810	140	360	110	600	170	490	730	940	990	240	920	740	480	280	530	690	270	770	830	710	210	910	150	130	880	340	240	620	360	210	800	530	770	490	400	870	420	660	110	120	100	950	640	130	400	810	360	450	670	160	420	900	500	180	290	770	620	550	570	410	1000	990	720	730	540	190	850	720	600	940	200	620	200	740	380	270	260	920	780	650	130	400	300	250	240	550	830	140	260	450	630	730	580	410	730	990	200	280	410	190	750	340	880	960	100	750	430	670	760	210	640	260	570	320	910	740	840	280	810	800	720	710	300	260	440	550	460	360	170	310	150	270	160	870	570	460	290	620	490	110	300	340	210	260	360	720	240	230	760	750	280	820	280	500	290	670	800	360	290	150	970	170	550	280	340	430	860	990	910	800	490	740	970	470	590	470	770	980	450	570	520	910	160	630	160	740	870	750	370	930	260	340	430	450	110	870	180	850	620	170	840	880	350	1000	430	130	710	740	200	820	270	640	410	800	520	880	420	490	180	180	470	900	780	850	520	430	310	880	250	630	380	880	550	660	790	370	100	290	910	910	960	600	730	540	880	880	140	710	330	430	610	900	410	860	860	320	720	120	750	540	360	750	530	840	260	800	800	420	790	390	530	1000	350	160	260	180	1000	950	300	320	850	680	130	1000	130	330	730	910	200	620	590	740	200	380	550	630	540	320	240	760	430	430	280	340	540	1000	510	610	670	360	550	870	220	340	400	240	990	380	470	420	390	110	100	990	700	380	650	740	250	470	680	450	310	650	300	490	870	590	110	310	410	930	700	320	810	330	500	600	560	950	830	250	210	440	980	820	330	940	380	760	580	350	320	220	450	600	630	910	880	680	330	240	770	430	810	590	840	930	110	880	440	230	210	570	180	690	650	710	240	520	120	520	750	100	320	750	890	920	660	840	450	730	970	640	430	320	920	940	940	780	590	720	220	200	420	740	580	380	260	900	150	120	660	200	490	970	390	240	580	940	790	590	230	990	520	260	910	940	380	140	240	810	790	530	670	990	980	780	530	960	480	610	160	810	740	950	330	330	380	220	720	180	980	560	960	1000	290	550	510	940	420	740	840	300	120	660	740	390	200	770	300	160	740	750	980	170	540	500	770	340	220	120	420	120	600	970	470	210	160	920	630	940	640	370	640	170	1000	180	220	800	630	180	210	810	900	250	230	560	200	640	800	410	990	390	110	580	390	320	950	790	620	190	250	150	590	210	250	710	290	360	780	390	740	300	760	470	130	580	660	780	650	220	230	1000	690	600	980	260	290	680	270	860	940	300	210	140	870	780	980	550	120	320	280	360	500	480	520	640	650	590	940	490	310	130	270	360	220	740	550	340	830	570	750	610	620	130	980	530	390	950	500	1000	780	530	870	560	800	980	940	540	570	190	120	380	800	220	450	1000	950	900	890	740	200	130	820	510	170	310	220	550	860	450	770	900	820	810	1000	780	920	880	500	940	920	750	790	700	380	150	520	930	390	320	450	770	420	220	740	810	540	790	560	840	640	1000	630	690	260	710	290	450	900	660	960	120	160	800	760	480	390	120	320	960	520	430	480	610	1000	990	910	540	360	560	350	350	230	890	730	630	290	870	650	770	850	480	210	160	700	880	300	630	580	290	240	380	570	240	880	350	710	620	450	920	500	320	510	150	410	570	970	920	590	130	960	770	430	560	480	420	780	670	160	820	580	560	630	160	540	350	660	210	700	880	300	590	100	340	190	320	100	590	160	870	560	110	970	830	110	120	270	530	750	770	640	690	960	470	530	380	1000	140	330	180	750	950	520	120	660	140	340	420	160	110	460	790	650	830	130	470	800	240	160	450	280	950	910	770	210	120	790	310	180	560	550	890	800	270	910	380	290	590	870	840	210	920	1000	800	250	710	910	110	860	430	150	1000	760	510	290	700	950	200	230	340	220	170	100	950	310	550	710	600	940	660	160	680	970	240	820	360	770	250	680	860	960	810	570	400	250	990	710	160	790	250	1000	810	390	660	910	910	290	700	850	740	650	420	880	500	390	540	360	380	630	600	470	420	160	170	650	450	970	170	990	490	300	810	800	120	670	640	340	160	750	750	610	770	320	490	760	220	590	570	180	500	180	950	640	130	980	620	810	210	560	290	700	490	180	480	760	540	820	510	880	200	150	560	380	850	900	480	270	120	180	300	990	660	180	120	460	740	1000	340	960	450	610	860	980	120	950	890	730	800	890	940	880	260	280	640	420	430	650	950	430	560	750	650	850	620	430	390	470	920	210	100	620	440	320	830	530	280	770	250	580	230	200	250	190	260	800	470	940	490	660	460	610	640	600	1000	270	410	160	920	650	740	800	670	530	870	580	550	620	360	160	420	350	790	300	930	160	810	470	530	810	880	540	880	600	160	840	450	570	470	700	640	450	370	600	420	260	320	400	470	610	740	960	110	250	630	230	570	640	530	420	890	930	910	140	560	670	140	400	150	770	210	240	490	310	260	510	440	180	840	990	740	300	440	520	680	740	370	880	670	470	750	280	800	120	820	480	920	1000	380	260	330	190	420	820	580	220	180	560	170	150	960	860	470	370	160	610	130	500	600	600	700	250	570	910	420	500	820	620	950	470	660	550	420	970	130	140	190	940	560	930	590	480	620	300	880	150	160	620	770	480	400	680	730	590	390	870	680	1000	370	490	840	100	710	150	380	620	760	930	760	390	770	770	870	760	460	920	200	840	350	150	540	610	160	560	420	460	340	210	990	670	750	370	680	600	750	160	1000	630	580	360	660	170	430	530	760	740	570	280	660	770	330	350	630	310	690	450	470	790	260	160	840	260	150	640	520	680	640	830	280	620	880	290	900	120	390	300	710	130	710	710	690	580	1000	490	950	100	150	320	350	330	810	800	240	600	800	840	220	700	160	620	910	960	120	950	680	320	750	540	740	220	780	810	980	340	600	640	200	190	850	570	130	930	960	430	590	550	870	250	940	730	870	720	680	440	500	400	750	610	750	860	960	910	670	830	170	410	840	350	750	100	280	880	880	290	840	110	550	650	450	530	780	420	550	640	180	360	800	220	250	610	690	170	820	850	750	330	630	790	410	880	270	580	420	920	170	170	180	810	290	510	130	270	840	870	150	360	670	550	490	950	730	530	310	350	470	150	330	810	130	960	260	610	960	340	940	930	340	330	500	630	930	310	930	650	410	240	810	970	140	930	140	250	160	580	660	690	340	420	570	830	530	860	430	590	790	290	490	830	270	750	940	780	820	720	580	870	110	410	200	230	730	650	930	900	600	140	840	110	960	830	290	780	360	440	940	470	400	760	600	810	650	750	820	960	320	290	420	470	240	140	320	300	360	310	890	380	400	280	690	990	540	920	380	530	310	560	110	550	720	560	460	780	450	360	340	280	450	150	490	770	640	390	410	740	250	340	1000	830	940	520	160	120	900	170	460	400	870	600	910	760	570	760	380	250	440	160	650	960	600	690	800	860	290	610	920	810	420	130	210	860	820	740	440	450	820	450	330	280	570	750	870	120	240	360	930	160	590	960	740	280	750	780	120	450	450	590	110	940	390	510	790	840	600	830	560	320	860	140	210	740	490	390	410	220	250	180	760	840	590	210	410	800	270	670	110	960	730	450	380	660	620	950	950	570	180	300	390	200	210	720	530	1000	130	250	750	220	190	680	300	370	820	590	650	770	860	740	620	400	110	340	610	350	490	110	360	400	390	760	340	370	960	140	1000	250	300	680	780	470	870	840	880	510	690	180	160	330	420	640	770	140	650	870	520	700	150	580	530	440	150	810	220	660	400	990	110	860	980	410	810	120	190	790	770	750	1000	620	380	620	510	280	980	640	760	640	650	150	310	230	340	200	250	130	930	430	960	440	650	580	150	800	740	190	440	910	270	630	280	220	850	120	460	660	550	640	420	820	790	430	510	460	870	160	940	490	690	530	410	310	330	370	660	970	160	490	530	230	120	220	150	130	460	260	410	660	820	870	410	440	810	980	140	940	460	450	390	230	700	760	150	950	630	690	870	360	310	230	770	850	700	990	940	540	950	430	880	990	290	880	550	110	740	520	630	990	700	420	470	190	250	540	320	840	780	900	180	440	260	130	930	460	580	610	660	540	870	600	130	840	580	380	120	510	930	730	620	430	240	600	190	140	630	760	630	940	830	110	510	900	730	660	470	440	880	750	860	370	540	300	110	720	190	310	240	670	940	400	860	900	970	650	430	900	440	790	750	710	950	240	540	590	250	850	900	290	440	990	530	680	340	290	360	510	590	330	820	630	400	660	860	180	840	760	380	600	810	830	490	400	100	300	180	380	650	290	470	220	260	580	270	1000	450	750	530	760	540	210	110	530	330	690	340	730	930	700	390	920	730	600	780	990	970	150	180	750	400	610	760	950	590	150	570	990	290	920	880	400	660	280	970	940	100	410	590	510	440	200	660	700	460	400	830	420	490	480	290	640	370	480	920	880	100	800	860	930	510	220	840	520	620	150	640	290	470	620	220	690	310	380	620	860	600	280	510	300	820	460	880	390	980	220	560	610	810	530	620	680	540	600	220	100	260	860	730	560	670	350	270	310	950	970	200	290	580	870	920	330	900	690	580	250	800	260	610	270	470	130	160	720	630	250	810	170	190	190	770	890	430	610	690	280	860	470	140	720	200	140	690	190	160	160	760	940	430	890	370	980	470	770	610	590	370	740	310	620	460	760	590	230	190	940	340	490	140	550	570	660	440	800	210	340	820	130	760	980	170	320	220	370	570	500	880	910	790	930	930	510	840	700	730	950	610	590	550	980	500	620	850	120	660	370	730	340	770	320	980	890	960	630	930	500	220	470	820	590	710	300	660	900	380	880	620	740	350	270	390	110	1000	870	300	920	780	940	350	430	530	600	320	660	560	350	750	1000	740	490	820	160	900	640	330	840	230	210	330	330	730	610	520	900	780	690	840	910	570	430	500	940	120	770	940	590	500	140	950	710	390	870	630	980	800	700	280	780	140	570	370	680	820	550	890	650	720	100	350	520	120	520	300	560	240	380	970	760	360	930	840	160	630	800	400	510	260	870	610	910	800	250	420	250	810	840	240	660	240	260	910	580	560	740	780	840	320	150	780	380	830	560	960	780	750	550	920	720	740	780	880	910	410	500	260	190	800	570	420	920	230	370	610	820	910	750	840	760	270	750	970	340	220	150	530	860	880	170	210	760	350	290	390	940	720	380	890	540	790	550	420	860	250	750	250	580	490	190	610	360	190	420	220	790	920	560	790	620	310	820	910	500	310	970	780	100	540	150	630	310	910	560	1000	480	980	820	260	390	100	550	440	250	580	670	940	450	440	900	580	430	810	680	960	350	310	680	790	720	910	620	140	750	770	260	570	220	430	190	970	1000	450	190	520	480	560	430	580	690	850	830	940	320	120	390	650	880	770	400	610	110	460	350	540	150	510	450	350	600	420	130	260	440	590	160	300	550	420	830	950	820	620	530	310	740	160	170	350	310	570	750	660	910	490	920	790	500	350	760	910	990	810	210	500	940	350	210	310	210	250	470	210	980	540	230	270	820	540	120	510	210	600	540	510	280	500	260	530	870	430	920	400	690	660	880	740	830	750	760	280	810	330	100	800	840	590	200	200	290	880	860	650	730	510	120	620	390	670	680	470	880	200	160	710	560	720	980	910	400	590	370	870	810	240	700	800	120	770	540	860	530	250	920	330	790	640	220	940	550	240	950	330	610	590	250	800	540	120	750	360	910	530	760	790	470	340	280	900	330	930	630	260	480	980	250	470	390	620	440	510	310	970	680	580	560	920	210	950	140	960	370	220	170	360	520	680	930	520	750	510	910	460	930	920	270	480	700	550	370	160	880	300	940	700	390	110	470	500	410	930	690	800	480	480	700	960	210	620	220	660	770	210	590	570	790	600	410	710	250	820	410	780	620	860	780	240	630	550	150	160	200	750	630	820	900	120	480	140	410	420	420	450	370	190	960	810	690	360	540	580	260	500	880	670	330	650	460	840	990	410	660	700	550	290	680	460	240	340	890	870	900	740	860	950	510	190	980	300	840	500	680	790	840	570	350	990	380	960	580	910	570	590	760	410	740	880	360	1000	690	170	310	410	170	280	710	570	560	860	950	380	330	250	950	380	930	540	870	880	230	770	460	170	380	390	200	640	790	920	450	440	350	530	690	890	650	720	870	890	400	940	540	670	630	140	890	790	890	280	930	920	850	210	100	650	580	400	880	820	310	300	840	650	790	560	1000	630	940	600	870	150	540	680	860	870	980	400	590	170	850	140	330	110	400	340	840	860	230	960	880	860	770	720	990	760	120	170	840	910	470	310	800	890	990	530	910	500	500	850	720	800	660	880	690	450	840	120	140	140	270	920	780	640	690	130	370	380	750	460	540	910	190	620	210	220	220	330	160	520	750	330	450	100	980	880	690	130	680	410	230	790	310	300	190	990	960	700	540	240	170	160	210	120	270	810	300	650	670	710	880	290	630	680	140	340	190	910	110	460	940	330	320	830	210	980	530	870	480	420	770	370	780	630	750	360	880	880	290	970	780	820	770	420	570	590	890	730	1000	200	530	330	980	700	420	990	890	590	880	470	820	310	370	680	340	280	770	500	430	190	870	570	900	300	840	750	140	690	700	450	720	630	960	710	990	910	760	890	920	590	480	760	310	490	480	300	770	570	700	910	400	520	400	140	1000	110	560	480	390	1000	690	920	960	820	720	260	500	130	730	140	830	620	650	240	730	200	880	200	710	160	510	330	500	950	450	310	320	530	640	450	580	580	260	370	380	350	900	110	820	640	290	940	400	470	550	120	720	890	160	140	400	190	380	390	220	490	470	950	330	970	280	930	550	350	640	650	990	300	360	720	550	510	520	680	440	900	360	720	350	610	680	390	110	470	220	760	720	600	410	490	720	310	160	650	1000	480	720	310	220	290	220	640	420	780	400	250	470	470	360	330	420	980	720	460	890	170	820	760	260	450	330	690	210	900	310	780	
1
