6426
120
3
90
0	0	0	0	0	0	500	0	0	0	0	0	0	0	0	0	0	0	0	0	0	0	0	0	0	0	0	0	0	0	0	0	0	0	0	0	0	0	0	0	0	0	0	0	0	0	0	0	0	0	0	0	0	0	0	0	0	0	0	0	0	0	0	0	0	0	0	0	0	0	0	0	0	0	0	0	0	0	0	0	0	0	0	0	0	0	0	0	0	0	0	0	0	0	0	500	0	0	0	0	0	0	0	0	0	0	0	0	0	0	0	500	0	0	0	0	0	0	0	0	
0	0	0	0	0	0	0	0	0	500	0	0	500	0	0	0	0	0	0	0	0	0	0	0	0	0	0	0	0	0	0	0	0	0	0	0	0	0	0	0	0	0	0	0	0	0	0	0	0	0	0	0	0	0	0	0	0	0	0	0	0	0	0	0	0	0	0	0	0	0	0	0	0	0	0	0	0	0	0	0	0	0	0	0	0	0	0	0	0	0	0	0	0	0	0	0	0	0	500	0	0	0	0	0	0	0	0	0	0	0	0	0	0	0	0	0	0	0	0	0	
0	0	0	0	0	0	0	0	0	0	0	0	0	500	0	0	0	0	0	0	0	0	0	0	0	0	0	0	0	0	0	0	0	0	0	0	0	0	0	0	0	0	0	0	0	0	0	0	0	0	0	0	0	0	500	0	0	0	0	0	0	0	0	0	0	0	0	500	0	0	0	0	0	0	0	0	0	0	0	0	0	0	0	0	0	0	0	0	0	0	0	0	0	0	0	0	0	0	0	0	0	0	0	0	0	0	0	0	0	0	0	0	0	0	0	0	0	0	0	0	
0	0	0	0	0	0	0	0	0	0	0	0	0	0	0	0	500	0	0	0	0	0	0	0	0	0	0	0	0	0	0	0	0	0	0	0	0	0	0	0	0	0	0	0	0	0	0	0	0	0	0	0	0	0	0	0	0	0	0	0	0	0	0	0	0	0	0	0	0	500	0	0	0	0	0	0	0	0	0	0	0	0	0	0	0	0	0	500	0	0	0	0	0	0	0	0	0	0	0	0	0	0	0	0	0	0	0	0	0	0	0	0	0	0	0	0	0	0	0	0	
0	0	0	0	0	0	0	0	0	0	0	0	0	0	0	0	0	0	0	500	0	0	0	0	0	0	0	0	0	0	500	0	0	0	0	0	0	0	0	0	0	0	0	0	0	0	0	0	0	0	0	0	0	0	0	0	0	0	0	0	0	0	0	0	0	0	0	0	0	0	0	0	0	0	0	0	0	0	0	0	0	0	0	0	0	0	0	0	0	0	0	0	0	0	0	0	0	0	0	0	0	0	0	0	0	0	0	0	0	0	0	0	0	0	0	0	0	0	500	0	
0	0	0	0	0	0	0	0	0	0	0	0	0	0	0	0	0	0	0	0	0	0	0	0	0	0	0	0	0	0	0	0	0	0	0	0	500	0	0	0	0	0	0	0	0	0	0	0	0	0	0	0	0	500	0	0	0	0	0	0	0	0	0	0	0	0	0	0	0	0	0	0	0	500	0	0	0	0	0	0	0	0	0	0	0	0	0	0	0	0	0	0	0	0	0	0	0	0	0	0	0	0	0	0	0	0	0	0	0	0	0	0	0	0	0	0	0	0	0	0	
500	0	0	0	0	0	0	0	0	0	0	0	0	0	0	0	0	0	0	0	0	0	0	0	0	0	0	0	0	0	0	0	0	0	0	0	0	0	0	0	0	0	0	0	0	0	0	0	0	0	0	0	0	0	0	0	0	0	0	0	0	0	0	0	0	0	0	0	0	0	0	0	0	0	0	0	0	0	0	500	0	0	0	0	0	0	0	0	0	0	0	500	0	0	0	0	0	0	0	0	0	0	0	0	0	0	0	0	0	0	0	0	0	0	0	0	0	0	0	0	
0	0	0	0	0	0	0	0	0	0	0	0	0	0	0	0	0	0	0	0	0	0	0	0	0	0	0	0	0	0	0	0	0	0	0	0	0	0	0	0	0	0	0	0	0	0	0	500	0	0	0	0	0	0	0	0	0	0	0	0	0	0	0	0	0	0	0	0	0	0	0	0	0	0	0	0	0	0	0	0	0	0	0	0	0	0	0	0	500	0	0	0	0	0	0	0	0	0	0	0	0	0	0	0	500	0	0	0	0	0	0	0	0	0	0	0	0	0	0	0	
0	0	0	0	0	0	0	0	0	0	500	0	0	0	0	0	0	500	0	0	0	0	0	0	0	0	0	0	0	0	0	0	0	0	0	0	0	0	0	0	0	0	0	0	0	0	0	0	0	0	0	0	500	0	0	0	0	0	0	0	0	0	0	0	0	0	0	0	0	0	0	0	0	0	0	0	0	0	0	0	0	0	0	0	0	0	0	0	0	0	0	0	0	0	0	0	0	0	0	0	0	0	0	0	0	0	0	0	0	0	0	0	0	0	0	0	0	0	0	0	
0	500	0	0	0	0	0	0	0	0	0	0	0	0	0	0	0	0	0	0	0	0	0	0	0	0	500	0	0	500	0	0	0	0	0	0	0	0	0	0	0	0	0	0	0	0	0	0	0	0	0	0	0	0	0	0	0	0	0	0	0	0	0	0	0	0	0	0	0	0	0	0	0	0	0	0	0	0	0	0	0	0	0	0	0	0	0	0	0	0	0	0	0	0	0	0	0	0	0	0	0	0	0	0	0	0	0	0	0	0	0	0	0	0	0	0	0	0	0	0	
0	0	0	0	0	0	0	0	500	0	0	0	0	0	0	0	0	500	0	0	0	0	0	0	0	0	0	0	0	0	0	0	0	0	0	0	0	0	0	0	0	0	0	0	0	0	0	0	0	0	0	0	0	0	0	0	0	0	0	0	0	0	0	0	0	0	0	0	0	0	0	0	0	0	0	0	0	0	0	0	0	0	0	0	0	0	0	0	0	500	0	0	0	0	0	0	0	0	0	0	0	0	0	0	0	0	0	0	0	0	0	0	0	0	0	0	0	0	0	0	
0	0	0	0	0	0	0	0	0	0	0	0	0	0	0	0	0	0	0	0	0	0	0	0	0	0	0	0	0	0	0	0	0	0	0	0	0	0	0	0	0	0	0	0	0	0	0	0	0	0	0	0	500	0	0	0	0	0	0	0	0	0	0	0	0	0	0	0	0	0	0	0	500	0	0	0	0	0	0	0	0	0	0	0	500	0	0	0	0	0	0	0	0	0	0	0	0	0	0	0	0	0	0	0	0	0	0	0	0	0	0	0	0	0	0	0	0	0	0	0	
0	500	0	0	0	0	0	0	0	0	0	0	0	0	0	0	0	0	0	0	0	0	0	0	0	0	0	0	0	0	0	0	0	0	0	0	0	0	0	0	0	0	0	0	0	0	0	0	0	0	0	0	0	0	0	0	0	0	0	0	0	0	0	0	0	0	0	0	0	0	0	0	0	0	0	0	500	0	0	0	0	0	0	0	0	0	0	0	0	0	0	0	0	0	0	0	0	0	500	0	0	0	0	0	0	0	0	0	0	0	0	0	0	0	0	0	0	0	0	0	
0	0	500	0	0	0	0	0	0	0	0	0	0	0	0	0	0	0	0	0	0	0	0	0	0	0	500	0	0	0	0	0	0	0	0	0	0	0	0	0	0	0	0	0	0	0	0	0	0	0	0	0	0	0	500	0	0	0	0	0	0	0	0	0	0	0	0	0	0	0	0	0	0	0	0	0	0	0	0	0	0	0	0	0	0	0	0	0	0	0	0	0	0	0	0	0	0	0	0	0	0	0	0	0	0	0	0	0	0	0	0	0	0	0	0	0	0	0	0	0	
0	0	0	0	0	0	0	0	0	0	0	0	0	0	0	0	0	0	0	0	0	0	0	0	0	0	0	0	0	0	0	0	0	0	0	0	0	500	0	0	0	0	0	500	0	0	0	0	0	0	0	0	0	0	0	0	0	0	0	0	500	0	0	0	0	0	0	0	0	0	0	0	0	0	0	0	0	0	0	0	0	0	0	0	0	0	0	0	0	0	0	0	0	0	0	0	0	0	0	0	0	0	0	0	0	0	0	0	0	0	0	0	0	0	0	0	0	0	0	0	
0	0	0	0	0	0	0	0	0	0	0	0	0	0	0	0	0	0	0	0	0	0	0	500	0	0	0	0	0	0	0	0	0	0	500	0	0	0	0	0	0	0	0	0	0	0	0	0	0	0	0	0	0	0	0	0	0	0	0	0	0	0	0	0	0	0	0	0	0	0	0	0	0	0	0	0	0	0	0	0	0	0	0	0	0	0	0	0	0	0	0	0	0	0	0	0	0	0	0	500	0	0	0	0	0	0	0	0	0	0	0	0	0	0	0	0	0	0	0	0	
0	0	0	500	0	0	0	0	0	0	0	0	0	0	0	0	0	0	0	0	0	0	0	0	0	0	0	0	0	0	0	0	0	0	0	0	0	0	0	0	0	0	0	0	0	0	0	0	0	0	0	0	0	0	0	0	0	0	0	0	0	0	0	0	0	0	0	0	0	500	0	0	0	0	0	0	0	0	0	0	0	0	0	0	0	0	0	500	0	0	0	0	0	0	0	0	0	0	0	0	0	0	0	0	0	0	0	0	0	0	0	0	0	0	0	0	0	0	0	0	
0	0	0	0	0	0	0	0	500	0	500	0	0	0	0	0	0	0	0	0	0	0	0	0	0	0	0	0	0	0	0	0	0	0	0	0	0	0	0	0	0	0	0	0	0	0	0	0	0	0	0	0	500	0	0	0	0	0	0	0	0	0	0	0	0	0	0	0	0	0	0	0	0	0	0	0	0	0	0	0	0	0	0	0	0	0	0	0	0	0	0	0	0	0	0	0	0	0	0	0	0	0	0	0	0	0	0	0	0	0	0	0	0	0	0	0	0	0	0	0	
0	0	0	0	0	0	0	0	0	0	0	0	0	0	0	0	0	0	0	0	0	0	0	0	0	0	0	500	0	0	0	0	0	0	0	0	0	0	0	0	0	0	0	0	0	0	0	0	0	0	0	0	0	0	0	0	0	0	0	0	0	0	0	0	0	0	0	500	0	0	0	0	0	0	0	0	0	0	0	0	0	0	0	0	0	0	0	0	0	0	0	0	500	0	0	0	0	0	0	0	0	0	0	0	0	0	0	0	0	0	0	0	0	0	0	0	0	0	0	0	
0	0	0	0	500	0	0	0	0	0	0	0	0	0	0	0	0	0	0	0	0	0	0	0	0	0	0	0	0	0	500	0	0	0	0	0	0	0	0	0	0	0	0	0	0	0	0	0	0	0	0	0	0	0	0	0	0	0	0	0	0	0	0	0	0	0	0	0	0	0	0	0	0	0	0	0	0	0	0	0	0	0	0	0	0	0	0	0	0	0	0	0	500	0	0	0	0	0	0	0	0	0	0	0	0	0	0	0	0	0	0	0	0	0	0	0	0	0	0	0	
0	0	0	0	0	0	0	0	0	0	0	0	0	0	0	0	0	0	0	0	0	0	0	0	0	0	0	0	500	0	0	0	0	0	0	0	0	0	0	0	0	0	0	0	0	0	0	0	0	0	0	0	0	0	0	0	500	0	0	0	0	0	0	0	0	0	0	0	0	0	0	0	0	0	0	0	0	0	0	0	0	0	0	0	0	0	0	0	0	0	0	0	0	0	0	0	0	0	0	0	0	0	0	0	0	0	0	0	0	0	0	0	0	500	0	0	0	0	0	0	
0	0	0	0	0	0	0	0	0	0	0	0	0	0	0	0	0	0	0	0	0	0	0	0	0	0	0	0	0	0	0	0	0	0	0	0	0	0	0	0	0	0	0	500	0	0	500	0	0	0	0	0	0	0	0	0	0	0	0	0	500	0	0	0	0	0	0	0	0	0	0	0	0	0	0	0	0	0	0	0	0	0	0	0	0	0	0	0	0	0	0	0	0	0	0	0	0	0	0	0	0	0	0	0	0	0	0	0	0	0	0	0	0	0	0	0	0	0	0	0	
0	0	0	0	0	0	0	0	0	0	0	0	0	0	0	0	0	0	0	0	0	0	0	0	0	0	0	0	0	0	0	0	0	0	0	0	0	0	0	0	0	0	0	0	0	0	0	0	0	0	0	0	0	0	0	0	0	0	0	0	0	0	0	0	500	0	0	0	0	0	0	0	0	0	500	0	0	0	0	0	0	0	0	0	0	0	0	0	0	0	0	0	0	0	0	0	0	0	0	0	0	0	0	0	0	500	0	0	0	0	0	0	0	0	0	0	0	0	0	0	
0	0	0	0	0	0	0	0	0	0	0	0	0	0	0	500	0	0	0	0	0	0	0	0	0	0	0	0	0	0	0	0	0	0	500	0	0	0	0	0	0	0	0	0	0	0	0	0	0	0	0	0	0	0	0	0	0	0	0	0	0	0	0	0	0	0	0	0	0	0	0	0	0	0	0	0	0	0	0	0	0	0	0	0	0	0	0	0	0	0	0	0	0	0	0	0	0	0	0	0	0	0	0	0	0	0	500	0	0	0	0	0	0	0	0	0	0	0	0	0	
0	0	0	0	0	0	0	0	0	0	0	0	0	0	0	0	0	0	0	0	0	0	0	0	0	0	0	0	0	0	0	0	500	0	0	0	0	0	0	0	0	0	0	0	0	0	0	0	0	0	0	0	0	0	0	0	0	0	0	0	0	0	0	0	0	0	0	0	0	0	0	0	0	0	0	0	0	0	0	0	0	0	0	0	0	0	0	0	0	0	0	0	0	500	0	0	0	0	0	0	0	0	0	0	0	0	0	0	0	500	0	0	0	0	0	0	0	0	0	0	
0	0	0	0	0	0	0	0	0	0	0	0	0	0	0	0	0	0	0	0	0	0	0	0	0	0	0	0	0	0	0	0	0	0	0	0	0	0	0	0	0	0	0	0	0	0	0	0	0	0	0	0	0	0	0	0	0	0	0	500	0	500	0	0	0	0	0	0	0	0	0	0	0	0	0	0	0	0	0	0	0	0	0	0	0	0	0	0	500	0	0	0	0	0	0	0	0	0	0	0	0	0	0	0	0	0	0	0	0	0	0	0	0	0	0	0	0	0	0	0	
0	0	0	0	0	0	0	0	0	500	0	0	0	500	0	0	0	0	0	0	0	0	0	0	0	0	0	0	0	0	0	0	0	0	0	0	0	0	0	0	0	0	0	0	0	0	0	0	0	0	0	0	0	0	0	0	0	0	0	0	0	0	0	0	0	0	0	0	0	0	0	0	0	0	0	0	0	0	0	0	0	0	0	0	0	0	0	0	0	0	0	0	0	0	0	0	0	500	0	0	0	0	0	0	0	0	0	0	0	0	0	0	0	0	0	0	0	0	0	0	
0	0	0	0	0	0	0	0	0	0	0	0	0	0	0	0	0	0	500	0	0	0	0	0	0	0	0	0	0	0	0	0	0	0	0	0	0	0	0	0	0	0	0	0	0	500	0	0	0	0	0	0	0	0	0	0	0	0	0	0	0	0	0	0	0	0	0	0	0	0	0	0	0	0	0	0	0	0	0	0	0	0	0	0	0	0	0	0	0	0	0	0	500	0	0	0	0	0	0	0	0	0	0	0	0	0	0	0	0	0	0	0	0	0	0	0	0	0	0	0	
0	0	0	0	0	0	0	0	0	0	0	0	0	0	0	0	0	0	0	0	500	0	0	0	0	0	0	0	0	0	0	0	0	0	0	0	0	0	0	0	0	0	0	0	0	0	0	0	0	0	0	0	0	0	0	0	0	0	0	0	0	0	0	0	0	0	0	0	0	0	0	0	0	0	0	0	0	0	0	0	0	0	0	0	0	0	0	0	0	0	0	0	0	0	0	0	0	0	0	0	0	0	0	0	0	0	0	500	0	0	0	0	0	500	0	0	0	0	0	0	
0	0	0	0	0	0	0	0	0	500	0	0	0	0	0	0	0	0	0	0	0	0	0	0	0	0	0	0	0	0	0	0	0	0	0	0	0	0	0	0	0	0	0	0	0	0	0	0	0	0	0	0	0	0	0	0	0	0	0	0	0	0	0	0	0	0	0	500	0	0	0	0	0	0	0	0	0	0	0	0	0	0	0	0	0	0	0	0	0	0	0	0	0	0	0	0	0	500	0	0	0	0	0	0	0	0	0	0	0	0	0	0	0	0	0	0	0	0	0	0	
0	0	0	0	500	0	0	0	0	0	0	0	0	0	0	0	0	0	0	500	0	0	0	0	0	0	0	0	0	0	0	0	0	0	0	0	0	0	0	0	0	0	0	0	0	0	0	0	0	0	0	0	0	0	0	0	0	0	0	0	0	0	0	0	0	0	0	0	0	0	0	0	0	0	0	0	0	0	0	0	0	0	0	0	0	0	0	0	0	0	0	0	0	0	0	0	0	0	0	0	0	0	0	0	0	0	0	0	0	0	0	0	0	0	0	0	0	0	500	0	
0	0	0	0	0	0	0	0	0	0	0	0	0	0	0	0	0	0	0	0	0	0	0	0	0	0	0	0	0	0	0	0	0	0	0	0	0	0	0	0	0	0	0	0	0	0	0	0	0	0	0	0	0	0	0	0	0	0	0	0	0	0	0	0	0	0	0	0	0	0	0	500	0	0	0	0	0	0	0	0	0	0	0	0	0	0	0	500	500	0	0	0	0	0	0	0	0	0	0	0	0	0	0	0	0	0	0	0	0	0	0	0	0	0	0	0	0	0	0	0	
0	0	0	0	0	0	0	0	0	0	0	0	0	0	0	0	0	0	0	0	0	0	0	0	500	0	0	0	0	0	0	0	0	0	0	0	0	0	0	0	0	0	0	0	0	0	0	0	0	0	0	0	0	0	0	0	0	0	0	0	0	0	0	0	0	0	0	0	0	0	0	0	0	0	0	0	0	0	0	0	0	0	0	0	0	0	0	0	0	0	0	0	0	500	0	0	0	0	0	0	0	0	0	0	0	0	0	0	0	500	0	0	0	0	0	0	0	0	0	0	
0	0	0	0	0	0	0	0	0	0	0	0	0	0	0	0	0	0	0	0	0	0	0	0	0	0	0	0	0	0	0	0	0	0	0	0	0	0	0	0	0	0	500	0	0	0	0	0	500	0	0	0	0	0	0	0	0	0	0	0	0	0	0	0	0	0	0	0	0	0	0	0	0	0	0	0	0	0	0	0	0	0	0	0	0	0	0	0	0	0	0	0	0	0	0	0	500	0	0	0	0	0	0	0	0	0	0	0	0	0	0	0	0	0	0	0	0	0	0	0	
0	0	0	0	0	0	0	0	0	0	0	0	0	0	0	500	0	0	0	0	0	0	0	500	0	0	0	0	0	0	0	0	0	0	0	0	0	0	0	0	0	0	0	0	0	0	0	0	0	0	0	0	0	0	0	0	0	0	0	0	0	0	0	0	0	0	0	0	0	0	0	0	0	0	0	0	0	0	0	0	0	0	0	0	0	0	0	0	0	0	0	0	0	0	0	0	0	0	0	0	0	0	0	0	0	0	500	0	0	0	0	0	0	0	0	0	0	0	0	0	
0	0	0	0	0	0	0	0	0	0	0	0	0	0	0	0	0	0	0	0	0	0	0	0	0	0	0	0	0	0	0	0	0	0	0	0	0	0	500	0	0	0	0	0	0	500	0	0	0	0	0	0	0	0	0	0	0	0	0	0	0	0	0	0	0	0	0	0	0	0	0	0	0	0	0	0	0	0	0	0	0	0	0	0	0	0	0	0	0	0	0	0	0	0	0	0	0	0	0	0	0	0	0	0	0	0	0	0	500	0	0	0	0	0	0	0	0	0	0	0	
0	0	0	0	0	500	0	0	0	0	0	0	0	0	0	0	0	0	0	0	0	0	0	0	0	0	0	0	0	0	0	0	0	0	0	0	0	0	0	0	0	0	0	0	0	0	0	0	0	0	0	0	0	500	0	0	0	0	0	0	0	0	0	0	0	0	0	0	0	0	0	0	0	500	0	0	0	0	0	0	0	0	0	0	0	0	0	0	0	0	0	0	0	0	0	0	0	0	0	0	0	0	0	0	0	0	0	0	0	0	0	0	0	0	0	0	0	0	0	0	
0	0	0	0	0	0	0	0	0	0	0	0	0	0	500	0	0	0	0	0	0	0	0	0	0	0	0	0	0	0	0	0	0	0	0	0	0	0	0	0	0	0	0	0	0	0	500	0	0	0	0	0	0	0	0	0	0	0	0	0	0	0	0	0	0	0	0	0	0	0	0	0	0	0	0	0	0	0	0	0	0	0	0	0	0	0	0	0	0	0	500	0	0	0	0	0	0	0	0	0	0	0	0	0	0	0	0	0	0	0	0	0	0	0	0	0	0	0	0	0	
0	0	0	0	0	0	0	0	0	0	0	0	0	0	0	0	0	0	0	0	0	0	0	0	0	0	0	0	0	0	0	0	0	0	0	500	0	0	0	0	0	0	0	0	0	0	0	0	0	0	0	0	0	0	0	0	0	0	0	0	0	0	0	0	0	0	0	0	0	0	0	0	0	0	0	0	0	0	0	0	0	0	0	0	0	0	0	0	0	0	0	0	0	0	0	0	0	0	0	0	0	0	0	0	0	0	0	0	0	0	500	0	0	0	500	0	0	0	0	0	
0	0	0	0	0	0	0	0	0	0	0	0	0	0	0	0	0	0	0	0	0	0	0	0	0	0	0	0	0	0	0	0	0	0	0	0	0	0	0	0	0	0	0	0	0	0	0	0	0	0	0	0	0	0	0	0	0	0	0	0	0	0	0	0	0	0	0	0	0	0	0	0	0	0	0	0	0	0	0	0	0	0	0	0	0	0	0	0	0	0	0	0	0	500	0	0	0	0	0	500	0	0	0	0	0	0	0	0	0	500	0	0	0	0	0	0	0	0	0	0	
0	0	0	0	0	0	0	0	0	0	0	0	0	0	0	0	0	0	0	0	0	0	0	0	0	0	0	0	0	0	0	0	0	0	0	0	0	0	0	0	0	0	0	0	0	0	0	0	0	0	0	0	0	0	0	0	0	0	500	500	0	0	0	0	0	0	0	0	0	0	0	0	0	500	0	0	0	0	0	0	0	0	0	0	0	0	0	0	0	0	0	0	0	0	0	0	0	0	0	0	0	0	0	0	0	0	0	0	0	0	0	0	0	0	0	0	0	0	0	0	
0	0	0	0	0	0	0	0	0	0	0	0	0	0	0	0	0	0	0	0	0	0	0	0	0	0	0	0	0	0	0	0	0	0	0	0	0	0	0	0	0	0	0	0	0	0	0	0	0	0	0	0	0	0	0	0	0	0	0	0	0	0	0	0	0	0	0	0	0	0	500	0	0	0	0	0	0	0	0	0	0	0	0	0	0	0	500	0	0	0	0	500	0	0	0	0	0	0	0	0	0	0	0	0	0	0	0	0	0	0	0	0	0	0	0	0	0	0	0	0	
0	0	0	0	0	0	0	0	0	0	0	0	0	0	0	0	0	0	0	0	0	0	0	0	0	0	0	0	0	0	0	0	0	500	0	0	0	0	0	0	0	0	0	0	0	0	0	0	0	0	0	0	0	0	0	0	0	0	0	0	0	0	0	0	0	0	0	0	0	0	0	0	0	0	0	0	0	0	500	0	0	0	0	0	0	0	0	0	0	0	0	0	0	0	0	0	500	0	0	0	0	0	0	0	0	0	0	0	0	0	0	0	0	0	0	0	0	0	0	0	
0	0	0	0	0	0	0	0	0	0	0	0	0	0	500	0	0	0	0	0	0	500	0	0	0	0	0	0	0	0	0	0	0	0	0	0	0	0	0	0	0	0	0	0	0	0	0	0	0	0	0	0	0	0	0	0	0	0	0	0	500	0	0	0	0	0	0	0	0	0	0	0	0	0	0	0	0	0	0	0	0	0	0	0	0	0	0	0	0	0	0	0	0	0	0	0	0	0	0	0	0	0	0	0	0	0	0	0	0	0	0	0	0	0	0	0	0	0	0	0	
0	0	0	0	0	0	0	0	0	0	0	0	0	0	0	0	0	0	0	0	0	0	0	0	0	0	0	0	0	0	0	0	0	0	0	0	0	0	0	0	0	0	0	0	0	0	0	0	0	500	0	0	0	0	0	0	0	0	0	0	0	0	0	0	0	0	0	0	0	0	0	0	0	0	0	0	0	0	0	0	0	0	0	0	0	0	0	0	0	0	0	0	0	0	0	0	0	0	0	0	0	0	0	500	0	0	500	0	0	0	0	0	0	0	0	0	0	0	0	0	
0	0	0	0	0	0	0	0	0	0	0	0	0	0	0	0	0	0	0	0	0	0	0	0	0	0	0	500	0	0	0	0	0	0	0	500	0	0	0	0	0	0	0	0	0	0	0	0	0	0	0	0	0	0	0	0	0	0	0	0	0	0	0	0	0	0	0	0	0	0	0	0	0	0	0	0	0	0	0	0	0	0	0	0	0	0	0	0	0	0	0	0	0	0	0	0	0	0	0	0	0	0	0	0	0	0	0	0	500	0	0	0	0	0	0	0	0	0	0	0	
0	0	0	0	0	0	0	0	0	0	0	0	0	0	0	0	0	0	0	0	0	500	0	0	0	0	0	0	0	0	0	0	0	0	0	0	0	500	0	0	0	0	0	0	0	0	0	0	0	0	0	0	0	0	0	0	0	0	0	0	0	0	0	0	0	0	0	0	0	0	0	0	0	0	0	0	0	0	0	0	0	0	0	0	0	0	0	0	0	0	500	0	0	0	0	0	0	0	0	0	0	0	0	0	0	0	0	0	0	0	0	0	0	0	0	0	0	0	0	0	
0	0	0	0	0	0	0	500	0	0	0	0	0	0	0	0	0	0	0	0	0	0	0	0	0	0	0	0	0	0	0	0	0	0	0	0	0	0	0	0	0	0	0	0	0	0	0	0	0	0	0	0	0	0	0	0	500	0	0	0	0	0	0	0	0	0	0	0	0	0	0	0	0	0	0	0	0	0	0	0	0	0	0	0	0	0	0	0	0	0	0	0	0	0	0	0	0	0	0	0	0	0	0	0	500	0	0	0	0	0	0	0	0	0	0	0	0	0	0	0	
0	0	0	0	0	0	0	0	0	0	0	0	0	0	0	0	0	0	0	0	0	0	0	0	0	0	0	0	0	0	0	0	0	500	0	0	0	0	0	0	0	0	0	0	0	0	0	0	0	0	0	0	0	0	0	0	0	0	0	0	0	0	0	0	0	0	0	0	0	0	0	0	0	0	0	0	0	0	500	0	0	0	0	0	0	0	0	0	0	0	0	0	0	0	0	0	500	0	0	0	0	0	0	0	0	0	0	0	0	0	0	0	0	0	0	0	0	0	0	0	
0	0	0	0	0	0	0	0	0	0	0	0	0	0	0	0	0	0	0	0	0	0	0	0	0	0	0	0	0	0	0	0	0	0	0	0	0	0	0	0	0	0	0	0	500	0	0	0	0	0	0	0	0	0	0	0	0	0	0	0	0	0	0	500	0	0	0	0	0	0	0	0	0	0	0	0	0	0	0	0	0	0	0	0	0	0	0	0	0	0	0	0	0	0	0	0	0	0	0	0	0	0	0	500	0	0	0	0	0	0	0	0	0	0	0	0	0	0	0	0	
0	0	0	0	0	0	0	0	0	0	0	0	0	0	0	0	0	0	0	0	0	0	0	0	0	0	0	0	0	0	0	0	0	0	0	0	0	0	0	0	0	0	0	0	0	0	0	0	0	0	0	0	0	0	0	0	0	0	0	0	0	0	0	0	0	0	0	0	0	0	0	0	0	0	0	0	0	0	0	0	500	0	0	0	0	0	0	0	0	0	0	0	0	0	0	0	0	0	0	0	0	0	0	0	0	0	0	500	0	0	0	0	0	500	0	0	0	0	0	0	
0	0	0	0	0	0	0	0	0	0	0	0	0	0	0	0	0	0	0	0	0	0	0	0	0	0	0	0	0	0	0	0	0	0	0	0	0	0	0	0	0	0	0	0	0	0	0	0	0	0	0	0	0	0	0	0	0	0	0	0	0	0	0	0	0	0	0	0	0	0	0	0	0	0	0	0	500	0	0	0	0	0	0	0	0	500	0	0	0	0	0	0	0	0	0	0	0	0	500	0	0	0	0	0	0	0	0	0	0	0	0	0	0	0	0	0	0	0	0	0	
0	0	0	0	0	0	0	0	500	0	0	500	0	0	0	0	0	500	0	0	0	0	0	0	0	0	0	0	0	0	0	0	0	0	0	0	0	0	0	0	0	0	0	0	0	0	0	0	0	0	0	0	0	0	0	0	0	0	0	0	0	0	0	0	0	0	0	0	0	0	0	0	0	0	0	0	0	0	0	0	0	0	0	0	0	0	0	0	0	0	0	0	0	0	0	0	0	0	0	0	0	0	0	0	0	0	0	0	0	0	0	0	0	0	0	0	0	0	0	0	
0	0	0	0	0	500	0	0	0	0	0	0	0	0	0	0	0	0	0	0	0	0	0	0	0	0	0	0	0	0	0	0	0	0	0	0	500	0	0	0	0	0	0	0	0	0	0	0	0	0	0	0	0	0	0	0	0	0	0	0	0	0	0	0	0	0	0	0	0	0	0	0	0	0	0	0	0	500	0	0	0	0	0	0	0	0	0	0	0	0	0	0	0	0	0	0	0	0	0	0	0	0	0	0	0	0	0	0	0	0	0	0	0	0	0	0	0	0	0	0	
0	0	500	0	0	0	0	0	0	0	0	0	0	500	0	0	0	0	0	0	0	0	0	0	0	0	0	0	0	0	0	0	0	0	0	0	0	0	0	0	0	0	0	0	0	0	0	0	0	0	0	0	0	0	0	0	0	0	0	0	0	0	0	0	0	0	0	0	500	0	0	0	0	0	0	0	0	0	0	0	0	0	0	0	0	0	0	0	0	0	0	0	0	0	0	0	0	0	0	0	0	0	0	0	0	0	0	0	0	0	0	0	0	0	0	0	0	0	0	0	
0	0	0	0	0	0	0	0	0	0	0	0	0	0	0	0	0	0	0	0	0	0	0	0	0	0	0	0	0	0	0	0	0	0	0	0	0	0	0	0	0	0	0	0	0	0	0	0	0	0	0	0	0	0	0	0	0	0	0	0	0	0	0	0	0	0	0	0	0	0	0	0	0	0	0	0	0	0	0	0	0	0	0	0	0	0	0	0	0	0	0	0	0	0	500	0	0	500	0	0	0	500	0	0	0	0	0	0	0	0	0	0	0	0	0	0	0	0	0	0	
0	0	0	0	0	0	0	0	0	0	0	0	0	0	0	0	0	0	0	0	500	0	0	0	0	0	0	0	0	0	0	0	0	0	0	0	0	0	0	0	0	0	0	0	0	0	0	500	0	0	0	0	0	0	0	0	0	0	0	0	0	0	0	0	0	0	0	0	0	0	0	0	0	0	0	0	0	0	0	0	0	0	0	0	0	500	0	0	0	0	0	0	0	0	0	0	0	0	0	0	0	0	0	0	0	0	0	0	0	0	0	0	0	0	0	0	0	0	0	0	
0	0	0	0	0	0	0	0	0	0	0	0	0	0	0	0	0	0	0	0	0	0	0	0	0	0	0	0	0	0	0	0	0	0	0	0	0	0	0	0	0	0	0	0	0	0	0	0	0	0	0	0	0	0	0	0	0	0	0	0	0	0	0	0	0	0	0	0	500	0	0	0	0	0	0	0	0	0	0	500	0	0	0	0	0	0	0	0	0	0	0	0	0	0	0	500	0	0	0	0	0	0	0	0	0	0	0	0	0	0	0	0	0	0	0	0	0	0	0	0	
0	0	0	0	0	0	0	0	0	0	0	0	0	0	0	0	0	0	0	0	0	0	0	0	0	0	0	0	0	0	0	0	0	0	0	0	0	0	0	0	500	0	0	0	0	0	0	0	0	0	0	0	0	0	0	0	0	0	0	500	0	500	0	0	0	0	0	0	0	0	0	0	0	0	0	0	0	0	0	0	0	0	0	0	0	0	0	0	0	0	0	0	0	0	0	0	0	0	0	0	0	0	0	0	0	0	0	0	0	0	0	0	0	0	0	0	0	0	0	0	
0	0	0	0	0	0	0	0	0	0	0	0	0	0	0	0	0	0	0	0	0	0	0	0	0	500	0	0	0	0	0	0	0	0	0	0	0	0	0	0	500	0	0	0	0	0	0	0	0	0	0	0	0	0	0	0	0	0	500	0	0	0	0	0	0	0	0	0	0	0	0	0	0	0	0	0	0	0	0	0	0	0	0	0	0	0	0	0	0	0	0	0	0	0	0	0	0	0	0	0	0	0	0	0	0	0	0	0	0	0	0	0	0	0	0	0	0	0	0	0	
0	0	0	0	0	0	0	0	0	0	0	0	0	0	500	0	0	0	0	0	0	500	0	0	0	0	0	0	0	0	0	0	0	0	0	0	0	0	0	0	0	0	0	500	0	0	0	0	0	0	0	0	0	0	0	0	0	0	0	0	0	0	0	0	0	0	0	0	0	0	0	0	0	0	0	0	0	0	0	0	0	0	0	0	0	0	0	0	0	0	0	0	0	0	0	0	0	0	0	0	0	0	0	0	0	0	0	0	0	0	0	0	0	0	0	0	0	0	0	0	
0	0	0	0	0	0	0	0	0	0	0	0	0	0	0	0	0	0	0	0	0	0	0	0	0	500	0	0	0	0	0	0	0	0	0	0	0	0	0	0	0	0	0	0	0	0	0	0	0	0	0	0	0	0	0	0	0	0	500	0	0	0	0	0	0	0	0	0	0	0	0	0	0	0	0	500	0	0	0	0	0	0	0	0	0	0	0	0	0	0	0	0	0	0	0	0	0	0	0	0	0	0	0	0	0	0	0	0	0	0	0	0	0	0	0	0	0	0	0	0	
0	0	0	0	0	0	0	0	0	0	0	0	0	0	0	0	0	0	0	0	0	0	0	0	0	0	0	0	0	0	0	0	0	0	0	0	0	0	0	0	0	0	0	0	0	0	0	0	0	0	0	0	0	0	0	0	0	0	0	0	0	0	0	0	0	0	0	0	0	0	0	0	0	0	0	0	500	0	0	0	0	0	0	0	0	500	0	0	0	0	0	0	0	0	0	0	0	0	0	0	0	500	0	0	0	0	0	0	0	0	0	0	0	0	0	0	0	0	0	0	
0	0	0	0	0	0	0	0	0	0	0	0	0	0	0	0	0	0	0	0	0	0	0	0	0	0	0	0	0	0	0	0	0	0	0	0	0	0	0	0	0	0	0	0	0	0	0	0	0	500	0	0	0	0	0	0	0	0	0	0	0	0	0	0	0	0	0	0	0	0	0	0	0	0	0	0	0	500	0	0	0	0	0	0	0	0	0	0	0	0	0	0	0	0	0	0	0	0	0	0	0	0	0	500	0	0	0	0	0	0	0	0	0	0	0	0	0	0	0	0	
0	0	0	0	0	0	0	0	0	0	0	0	0	0	0	0	0	0	0	0	0	0	500	0	0	0	0	0	0	0	0	0	0	0	0	0	0	0	0	0	0	0	0	0	0	0	0	0	0	0	0	0	0	0	0	0	0	0	0	0	0	0	0	0	0	0	0	0	0	0	0	0	0	0	500	0	0	0	0	0	0	0	0	0	0	0	0	0	0	0	0	0	0	0	0	0	0	0	0	0	0	0	0	0	0	500	0	0	0	0	0	0	0	0	0	0	0	0	0	0	
0	0	0	0	0	0	0	0	0	0	0	0	0	0	0	0	0	0	0	0	0	0	0	0	0	0	0	0	0	0	0	0	0	0	0	0	0	0	0	0	0	0	0	0	0	0	0	0	0	0	0	0	0	0	0	0	0	0	0	0	0	0	0	0	0	0	0	0	0	0	0	0	0	0	0	0	0	0	0	500	0	0	0	0	0	0	500	0	0	0	0	500	0	0	0	0	0	0	0	0	0	0	0	0	0	0	0	0	0	0	0	0	0	0	0	0	0	0	0	0	
0	0	0	0	0	0	0	0	0	0	0	0	0	0	0	0	0	0	0	0	0	0	0	0	0	0	0	0	0	0	0	0	0	0	0	0	0	0	0	0	0	0	0	0	0	0	0	0	0	0	0	0	0	0	0	0	0	0	0	0	0	0	0	0	0	0	0	0	0	0	500	0	0	0	0	0	0	0	0	0	0	0	500	0	0	0	500	0	0	0	0	0	0	0	0	0	0	0	0	0	0	0	0	0	0	0	0	0	0	0	0	0	0	0	0	0	0	0	0	0	
0	0	500	0	0	0	0	0	0	0	0	0	0	0	0	0	0	0	500	0	0	0	0	0	0	0	0	0	0	500	0	0	0	0	0	0	0	0	0	0	0	0	0	0	0	0	0	0	0	0	0	0	0	0	0	0	0	0	0	0	0	0	0	0	0	0	0	0	0	0	0	0	0	0	0	0	0	0	0	0	0	0	0	0	0	0	0	0	0	0	0	0	0	0	0	0	0	0	0	0	0	0	0	0	0	0	0	0	0	0	0	0	0	0	0	0	0	0	0	0	
0	0	0	0	0	0	0	0	0	0	0	0	0	0	0	0	0	0	0	0	0	0	0	0	0	0	0	0	0	0	0	0	0	0	0	0	0	0	0	0	0	0	0	0	0	0	0	0	0	0	0	0	0	0	500	0	0	500	0	0	0	0	0	0	0	0	0	0	0	0	0	0	0	0	0	0	0	0	0	0	0	0	0	0	0	0	0	0	0	0	0	0	0	0	0	0	0	0	0	0	0	0	500	0	0	0	0	0	0	0	0	0	0	0	0	0	0	0	0	0	
0	0	0	500	0	0	0	0	0	0	0	0	0	0	0	0	500	0	0	0	0	0	0	0	0	0	0	0	0	0	0	0	0	0	0	0	0	0	0	0	0	0	0	0	0	0	0	0	0	0	0	0	0	0	0	0	0	0	0	0	0	0	0	0	0	0	0	0	0	0	0	500	0	0	0	0	0	0	0	0	0	0	0	0	0	0	0	0	0	0	0	0	0	0	0	0	0	0	0	0	0	0	0	0	0	0	0	0	0	0	0	0	0	0	0	0	0	0	0	0	
0	0	0	0	0	0	0	0	0	0	0	0	0	0	0	0	0	0	0	0	0	0	0	0	0	0	0	0	0	0	0	0	0	0	0	0	0	0	0	0	0	500	0	0	0	0	0	0	0	0	0	0	0	0	0	0	0	0	0	0	0	0	0	0	0	0	500	0	0	0	0	0	0	0	0	0	0	0	0	0	0	0	0	0	0	0	0	0	0	0	0	0	0	0	0	500	0	0	0	0	0	0	0	0	0	0	0	0	0	0	0	0	0	0	0	0	0	0	0	0	
0	0	0	0	0	0	0	0	0	0	0	0	0	0	0	0	0	0	0	0	0	0	0	0	0	0	0	0	0	0	0	500	0	0	0	0	0	0	0	0	0	0	0	0	0	0	0	0	0	0	0	0	0	0	0	0	0	0	0	0	0	0	0	0	0	0	0	0	0	500	0	0	0	0	0	0	0	0	0	0	0	0	0	0	0	0	0	0	0	0	0	0	0	0	0	0	0	0	0	0	0	0	0	0	0	0	0	0	0	0	0	0	0	0	0	0	500	0	0	0	
0	0	0	0	0	0	0	0	0	0	0	500	0	0	0	0	0	0	0	0	0	0	0	0	0	0	0	0	0	0	0	0	0	0	0	0	0	0	0	0	0	0	0	0	0	0	0	0	0	0	0	0	0	0	0	0	0	0	0	0	0	0	0	0	0	0	0	0	0	0	0	0	0	0	0	0	0	0	0	0	0	0	0	0	500	0	0	0	0	500	0	0	0	0	0	0	0	0	0	0	0	0	0	0	0	0	0	0	0	0	0	0	0	0	0	0	0	0	0	0	
0	0	0	0	0	500	0	0	0	0	0	0	0	0	0	0	0	0	0	0	0	0	0	0	0	0	0	0	0	0	0	0	0	0	0	0	500	0	0	0	500	0	0	0	0	0	0	0	0	0	0	0	0	0	0	0	0	0	0	0	0	0	0	0	0	0	0	0	0	0	0	0	0	0	0	0	0	0	0	0	0	0	0	0	0	0	0	0	0	0	0	0	0	0	0	0	0	0	0	0	0	0	0	0	0	0	0	0	0	0	0	0	0	0	0	0	0	0	0	0	
0	0	0	0	0	0	0	0	0	0	0	0	0	0	0	0	0	0	0	0	0	0	500	0	0	0	0	0	0	0	0	0	0	0	0	0	0	0	0	0	0	0	0	0	0	0	0	0	0	0	0	0	0	0	0	0	0	0	0	0	0	0	0	0	500	0	0	0	0	0	0	0	0	0	0	0	0	0	0	0	0	0	0	0	0	0	0	0	0	0	0	0	0	0	0	0	0	0	0	0	0	0	0	0	0	0	0	0	0	0	0	0	0	0	0	0	500	0	0	0	
0	0	0	0	0	0	0	0	0	0	0	0	0	0	0	0	0	0	0	0	0	0	0	0	0	0	0	0	0	0	0	0	0	0	0	0	0	0	0	0	0	0	0	0	0	0	0	0	0	0	0	0	0	0	0	0	0	0	0	0	0	500	0	0	0	0	0	0	0	0	0	0	0	0	0	0	0	0	0	0	0	0	0	500	0	0	0	0	0	0	0	0	0	0	0	0	0	0	0	0	0	0	0	0	0	500	0	0	0	0	0	0	0	0	0	0	0	0	0	0	
0	0	0	0	0	0	0	0	0	0	0	0	500	0	0	0	0	0	0	0	0	0	0	0	0	0	0	0	0	0	0	0	0	0	0	0	0	0	0	0	0	0	0	0	0	0	0	0	0	0	0	500	0	0	0	0	0	0	0	0	0	0	500	0	0	0	0	0	0	0	0	0	0	0	0	0	0	0	0	0	0	0	0	0	0	0	0	0	0	0	0	0	0	0	0	0	0	0	0	0	0	0	0	0	0	0	0	0	0	0	0	0	0	0	0	0	0	0	0	0	
0	0	0	0	0	0	0	0	0	0	0	0	0	0	0	0	0	0	0	0	0	0	0	0	0	0	0	0	0	0	0	0	0	0	0	0	0	0	0	0	0	0	0	0	0	0	0	0	0	0	0	0	0	500	0	0	0	0	0	0	0	0	0	500	0	0	0	0	0	0	0	0	0	0	0	0	0	0	0	0	0	0	0	0	0	0	0	0	0	0	0	0	0	0	0	0	0	0	0	0	0	0	0	0	0	0	0	0	0	0	0	0	0	0	0	0	0	500	0	0	
0	0	0	0	0	0	0	0	0	0	0	0	0	0	0	0	0	0	0	0	0	0	0	0	0	0	0	0	0	0	0	0	0	0	0	0	0	0	0	0	0	0	500	0	0	0	0	0	500	0	0	0	0	0	0	0	0	0	0	0	0	0	0	0	0	0	0	0	0	0	0	0	0	0	0	0	0	0	0	0	0	0	0	0	0	0	0	0	0	0	0	0	0	0	0	0	0	0	0	0	0	0	0	0	0	0	0	0	0	0	0	0	0	0	0	500	0	0	0	0	
0	0	0	0	0	0	500	0	0	0	0	0	0	0	0	0	0	0	0	0	0	0	0	0	0	0	0	0	0	0	0	0	0	0	0	0	0	0	0	0	0	0	0	0	0	0	0	0	0	0	0	0	0	0	0	0	0	500	0	0	0	0	0	0	0	500	0	0	0	0	0	0	0	0	0	0	0	0	0	0	0	0	0	0	0	0	0	0	0	0	0	0	0	0	0	0	0	0	0	0	0	0	0	0	0	0	0	0	0	0	0	0	0	0	0	0	0	0	0	0	
0	0	0	0	0	0	0	0	0	0	0	0	0	0	0	0	0	0	0	0	0	0	0	0	0	0	0	0	0	0	0	0	0	0	0	0	0	0	0	0	0	0	0	0	0	0	0	0	0	0	500	0	0	0	0	0	0	0	0	0	0	0	0	0	0	0	0	0	0	0	0	0	0	0	0	0	0	0	0	0	0	0	0	0	0	0	0	0	0	0	0	0	0	0	0	0	0	0	0	0	0	0	0	0	0	0	0	500	0	0	0	500	0	0	0	0	0	0	0	0	
0	0	0	0	0	0	0	0	0	0	0	0	0	0	0	0	0	0	0	0	0	0	0	0	0	0	0	0	0	0	0	0	0	0	0	0	0	0	0	0	0	0	0	0	0	0	0	0	0	0	0	0	0	0	0	0	0	0	0	0	0	0	0	0	0	0	0	0	0	0	0	0	0	0	0	0	0	0	0	0	0	0	0	500	0	0	0	0	0	0	500	0	0	0	0	0	0	0	0	0	0	0	0	0	0	0	0	0	0	0	0	0	0	0	0	0	500	0	0	0	
0	0	0	0	0	0	0	0	0	0	0	0	0	0	0	0	0	0	0	0	0	0	0	0	0	0	0	0	0	0	0	0	0	0	0	0	0	0	0	0	0	0	0	0	0	0	0	0	0	0	0	0	0	0	0	0	0	0	0	0	0	0	0	0	0	0	500	0	0	0	0	0	0	0	0	0	0	0	0	0	0	0	0	0	0	0	0	0	0	0	0	0	0	0	0	0	0	0	0	0	0	0	0	0	0	0	0	0	0	0	0	0	0	0	500	0	0	0	0	500	
0	0	0	0	0	0	0	0	0	0	0	0	0	0	0	0	0	0	0	0	0	0	0	0	0	0	0	0	0	0	0	0	0	0	0	0	0	0	0	0	0	0	0	0	0	0	0	0	0	0	0	0	0	0	0	0	0	0	0	0	0	0	0	0	0	0	0	0	0	0	0	0	0	0	0	500	0	0	0	0	0	500	0	0	0	0	0	0	0	0	0	0	0	0	0	0	0	0	0	0	0	0	0	0	0	0	0	0	0	0	0	500	0	0	0	0	0	0	0	0	
0	0	0	0	0	0	0	0	0	0	0	500	0	0	0	0	0	0	0	0	0	0	0	0	0	0	0	0	0	0	0	0	0	0	0	0	0	0	0	0	0	0	0	0	0	0	0	0	0	0	0	0	0	0	0	0	0	0	0	0	0	0	0	0	0	0	0	0	0	0	0	0	500	0	0	0	0	0	0	0	0	0	0	0	0	0	0	0	0	0	0	0	0	0	0	0	0	0	0	0	0	0	0	0	0	0	0	0	0	0	0	0	0	0	0	0	0	500	0	0	
0	0	0	0	0	0	0	0	0	0	0	0	0	0	0	0	0	0	0	0	0	0	0	0	0	0	0	0	0	0	0	0	0	0	0	0	0	0	0	0	0	0	0	0	0	0	0	0	0	0	0	500	0	0	0	0	500	0	0	0	0	0	500	0	0	0	0	0	0	0	0	0	0	0	0	0	0	0	0	0	0	0	0	0	0	0	0	0	0	0	0	0	0	0	0	0	0	0	0	0	0	0	0	0	0	0	0	0	0	0	0	0	0	0	0	0	0	0	0	0	
0	0	0	0	0	0	0	0	0	0	0	0	0	0	0	0	0	0	0	0	0	0	0	0	0	0	0	0	0	0	0	0	0	0	0	0	0	0	0	0	0	500	0	0	0	0	0	0	0	0	0	0	0	0	0	0	0	0	0	0	0	0	0	0	0	500	500	0	0	0	0	0	0	0	0	0	0	0	0	0	0	0	0	0	0	0	0	0	0	0	0	0	0	0	0	0	0	0	0	0	0	0	0	0	0	0	0	0	0	0	0	0	0	0	0	0	0	0	0	0	
0	0	0	500	0	0	0	0	0	0	0	0	0	0	0	0	500	0	0	0	0	0	0	0	0	0	0	0	0	0	0	500	0	0	0	0	0	0	0	0	0	0	0	0	0	0	0	0	0	0	0	0	0	0	0	0	0	0	0	0	0	0	0	0	0	0	0	0	0	0	0	0	0	0	0	0	0	0	0	0	0	0	0	0	0	0	0	0	0	0	0	0	0	0	0	0	0	0	0	0	0	0	0	0	0	0	0	0	0	0	0	0	0	0	0	0	0	0	0	0	
0	0	0	0	0	0	0	500	0	0	0	0	0	0	0	0	0	0	0	0	0	0	0	0	0	500	0	0	0	0	0	500	0	0	0	0	0	0	0	0	0	0	0	0	0	0	0	0	0	0	0	0	0	0	0	0	0	0	0	0	0	0	0	0	0	0	0	0	0	0	0	0	0	0	0	0	0	0	0	0	0	0	0	0	0	0	0	0	0	0	0	0	0	0	0	0	0	0	0	0	0	0	0	0	0	0	0	0	0	0	0	0	0	0	0	0	0	0	0	0	
0	0	0	0	0	0	0	0	0	0	500	0	0	0	0	0	0	0	0	0	0	0	0	0	0	0	0	0	0	0	0	0	0	0	0	0	0	0	0	0	0	0	0	0	0	0	0	0	0	0	0	0	0	0	0	0	0	0	0	0	0	0	0	0	0	0	0	0	0	0	0	0	500	0	0	0	0	0	0	0	0	0	0	0	0	0	0	0	0	0	0	0	0	0	0	0	0	0	0	500	0	0	0	0	0	0	0	0	0	0	0	0	0	0	0	0	0	0	0	0	
0	0	0	0	0	0	0	0	0	0	0	0	0	0	0	0	0	0	0	0	0	0	0	0	0	0	0	0	0	0	0	0	0	0	0	0	0	500	0	0	0	0	0	0	0	0	500	0	0	0	0	0	0	0	0	0	0	0	0	0	0	0	0	0	0	0	0	0	0	0	0	0	0	0	0	0	0	0	0	0	0	500	0	0	0	0	0	0	0	0	0	0	0	0	0	0	0	0	0	0	0	0	0	0	0	0	0	0	0	0	0	0	0	0	0	0	0	0	0	0	
0	0	0	0	0	0	500	0	0	0	0	0	0	0	0	0	0	0	0	0	0	0	0	0	0	0	0	0	0	0	0	0	0	0	0	0	0	0	0	0	0	500	0	0	0	0	0	0	0	0	0	0	0	0	0	0	0	0	0	0	0	0	0	0	0	500	0	0	0	0	0	0	0	0	0	0	0	0	0	0	0	0	0	0	0	0	0	0	0	0	0	0	0	0	0	0	0	0	0	0	0	0	0	0	0	0	0	0	0	0	0	0	0	0	0	0	0	0	0	0	
0	0	0	0	0	0	0	0	0	0	0	0	0	0	0	0	0	0	500	500	0	0	0	0	0	0	0	500	0	0	0	0	0	0	0	0	0	0	0	0	0	0	0	0	0	0	0	0	0	0	0	0	0	0	0	0	0	0	0	0	0	0	0	0	0	0	0	0	0	0	0	0	0	0	0	0	0	0	0	0	0	0	0	0	0	0	0	0	0	0	0	0	0	0	0	0	0	0	0	0	0	0	0	0	0	0	0	0	0	0	0	0	0	0	0	0	0	0	0	0	
0	0	0	0	0	0	0	0	0	0	0	0	0	0	0	0	0	0	0	0	0	0	0	0	500	0	0	0	0	0	0	0	500	0	0	0	0	0	0	500	0	0	0	0	0	0	0	0	0	0	0	0	0	0	0	0	0	0	0	0	0	0	0	0	0	0	0	0	0	0	0	0	0	0	0	0	0	0	0	0	0	0	0	0	0	0	0	0	0	0	0	0	0	0	0	0	0	0	0	0	0	0	0	0	0	0	0	0	0	0	0	0	0	0	0	0	0	0	0	0	
0	0	0	0	0	0	0	0	0	0	0	0	0	0	0	0	0	0	0	0	0	0	0	0	0	0	0	0	0	0	0	0	0	0	0	0	0	0	0	0	0	0	0	0	0	0	0	0	0	0	0	0	0	0	0	500	0	0	0	0	0	0	0	0	0	0	0	0	0	0	0	0	0	0	0	0	0	0	0	0	0	0	0	0	0	0	0	0	0	0	0	0	0	0	0	0	0	0	0	0	0	500	0	0	0	0	0	0	0	0	0	0	500	0	0	0	0	0	0	0	
500	0	0	0	0	0	0	0	0	0	0	0	0	0	0	0	0	0	0	0	0	0	0	0	0	0	0	0	0	0	0	0	0	0	0	0	0	0	0	0	0	0	0	0	0	0	0	0	0	0	0	0	0	0	0	0	0	500	0	0	0	0	0	0	0	0	0	0	0	0	500	0	0	0	0	0	0	0	0	0	0	0	0	0	0	0	0	0	0	0	0	0	0	0	0	0	0	0	0	0	0	0	0	0	0	0	0	0	0	0	0	0	0	0	0	0	0	0	0	0	
0	0	0	0	0	0	0	0	0	0	0	0	0	0	0	0	0	0	0	0	0	0	0	0	0	0	0	0	0	0	0	0	0	500	0	0	0	0	0	0	0	0	500	0	0	0	0	0	500	0	0	0	0	0	0	0	0	0	0	0	0	0	0	0	0	0	0	0	0	0	0	0	0	0	0	0	0	0	0	0	0	0	0	0	0	0	0	0	0	0	0	0	0	0	0	0	0	0	0	0	0	0	0	0	0	0	0	0	0	0	0	0	0	0	0	0	0	0	0	0	
0	0	0	0	0	0	0	0	0	0	0	0	0	0	0	0	0	0	0	0	0	0	0	0	0	0	500	0	0	500	0	0	0	0	0	0	0	0	0	0	0	0	0	0	0	0	0	0	0	0	0	0	0	0	0	500	0	0	0	0	0	0	0	0	0	0	0	0	0	0	0	0	0	0	0	0	0	0	0	0	0	0	0	0	0	0	0	0	0	0	0	0	0	0	0	0	0	0	0	0	0	0	0	0	0	0	0	0	0	0	0	0	0	0	0	0	0	0	0	0	
0	500	0	0	0	0	0	0	0	0	0	0	500	0	0	0	0	0	0	0	0	0	0	0	0	0	0	0	0	0	0	0	0	0	0	0	0	0	0	0	0	0	0	0	0	0	0	0	0	0	0	500	0	0	0	0	0	0	0	0	0	0	0	0	0	0	0	0	0	0	0	0	0	0	0	0	0	0	0	0	0	0	0	0	0	0	0	0	0	0	0	0	0	0	0	0	0	0	0	0	0	0	0	0	0	0	0	0	0	0	0	0	0	0	0	0	0	0	0	0	
0	0	0	0	0	0	0	0	0	0	0	0	0	0	0	500	0	0	0	0	0	0	0	0	0	0	0	0	0	0	0	0	0	0	0	0	0	0	0	500	0	0	0	0	0	0	0	0	0	0	0	0	0	0	0	0	0	0	0	0	0	0	0	0	0	0	0	0	0	0	0	0	0	0	0	0	0	0	0	0	0	0	0	0	0	0	0	0	0	500	0	0	0	0	0	0	0	0	0	0	0	0	0	0	0	0	0	0	0	0	0	0	0	0	0	0	0	0	0	0	
0	0	0	0	0	0	0	0	0	0	0	0	0	0	0	0	0	0	0	0	0	0	0	0	0	0	0	0	0	0	0	0	0	0	0	0	0	0	0	0	0	0	0	0	0	0	0	0	0	0	0	0	0	0	0	0	0	0	0	0	0	0	0	0	0	0	0	0	0	0	0	0	0	0	0	0	0	0	0	0	0	0	0	0	0	0	0	0	0	0	0	0	0	0	0	0	0	0	0	0	0	0	0	0	0	0	0	0	0	0	500	0	0	0	0	500	0	0	0	500	
0	0	0	0	0	0	0	0	0	0	0	0	0	0	0	0	0	0	0	0	0	0	0	0	0	0	0	0	0	0	0	0	0	0	0	0	0	0	0	0	0	0	0	0	0	0	0	0	0	0	0	0	0	0	0	500	0	0	0	0	0	0	500	0	0	0	0	0	0	0	0	0	0	0	0	0	0	0	0	0	0	0	0	0	0	0	0	0	0	0	0	0	0	0	500	0	0	0	0	0	0	0	0	0	0	0	0	0	0	0	0	0	0	0	0	0	0	0	0	0	
0	0	0	0	0	0	0	0	0	0	0	0	0	0	0	0	0	0	0	0	0	0	0	0	0	0	0	0	0	0	0	0	0	0	0	0	0	0	0	0	0	0	0	0	0	0	0	0	0	0	0	0	0	0	0	0	0	0	0	0	0	0	0	0	0	0	0	0	500	0	0	0	0	0	0	0	0	0	0	0	0	0	0	0	0	0	0	0	0	0	0	0	0	0	0	0	0	0	0	0	0	0	0	0	500	0	0	0	0	0	0	0	500	0	0	0	0	0	0	0	
0	0	0	0	0	0	0	0	0	0	0	0	0	0	0	0	0	0	0	0	0	0	0	0	0	0	0	0	0	0	0	0	0	0	0	0	0	0	0	0	0	0	0	0	500	0	0	0	0	500	0	0	0	0	0	0	0	0	0	0	0	0	0	500	0	0	0	0	0	0	0	0	0	0	0	0	0	0	0	0	0	0	0	0	0	0	0	0	0	0	0	0	0	0	0	0	0	0	0	0	0	0	0	0	0	0	0	0	0	0	0	0	0	0	0	0	0	0	0	0	
0	0	0	0	0	0	0	500	0	0	0	0	0	0	0	0	0	0	0	0	0	0	0	0	0	0	0	0	0	0	0	0	0	0	0	0	0	0	0	0	0	0	0	0	0	0	0	500	0	0	0	0	0	0	0	0	0	0	0	0	0	0	0	0	0	0	0	0	0	0	0	0	0	0	0	0	0	0	0	0	0	0	0	0	0	0	0	0	0	0	0	0	0	0	0	0	0	0	0	0	0	0	500	0	0	0	0	0	0	0	0	0	0	0	0	0	0	0	0	0	
0	0	0	0	0	0	0	0	0	0	0	0	0	0	0	0	0	0	0	0	0	0	500	0	0	0	0	0	0	0	0	0	0	0	0	0	0	0	0	0	0	0	0	0	0	0	0	0	0	0	0	0	0	0	0	0	0	0	0	0	0	0	0	0	500	0	0	0	0	0	0	0	0	0	0	500	0	0	0	0	0	0	0	0	0	0	0	0	0	0	0	0	0	0	0	0	0	0	0	0	0	0	0	0	0	0	0	0	0	0	0	0	0	0	0	0	0	0	0	0	
0	0	0	0	0	0	0	0	0	0	0	0	0	0	0	0	0	0	0	0	0	0	0	500	0	0	0	0	0	0	0	0	0	0	500	0	0	0	0	0	0	0	0	0	500	0	0	0	0	0	0	0	0	0	0	0	0	0	0	0	0	0	0	0	0	0	0	0	0	0	0	0	0	0	0	0	0	0	0	0	0	0	0	0	0	0	0	0	0	0	0	0	0	0	0	0	0	0	0	0	0	0	0	0	0	0	0	0	0	0	0	0	0	0	0	0	0	0	0	0	
0	0	0	0	0	0	0	0	0	0	0	0	0	0	0	0	0	0	0	0	0	0	0	0	0	0	0	0	500	0	0	0	0	0	0	0	0	0	0	0	0	0	0	0	0	0	0	0	0	0	500	0	0	0	0	0	0	0	0	0	0	0	0	0	0	0	0	0	0	0	0	0	0	0	0	0	0	0	0	0	500	0	0	0	0	0	0	0	0	0	0	0	0	0	0	0	0	0	0	0	0	0	0	0	0	0	0	0	0	0	0	0	0	0	0	0	0	0	0	0	
0	0	0	0	0	0	0	0	0	0	0	0	0	0	0	0	0	0	0	0	0	0	0	0	0	0	0	0	0	0	0	0	0	0	0	500	0	0	0	0	0	0	0	0	0	500	0	0	0	0	0	0	0	0	0	0	0	0	0	0	0	0	0	0	0	0	0	0	0	0	0	0	0	0	0	0	0	0	0	0	0	0	0	0	0	0	0	0	0	0	0	0	0	0	0	0	0	0	0	0	0	0	0	0	0	0	0	0	0	0	0	0	0	0	500	0	0	0	0	0	
0	0	0	0	0	0	0	0	0	0	0	0	0	0	0	0	0	0	0	0	0	0	0	0	500	0	0	0	0	0	0	0	500	0	0	0	0	0	0	500	0	0	0	0	0	0	0	0	0	0	0	0	0	0	0	0	0	0	0	0	0	0	0	0	0	0	0	0	0	0	0	0	0	0	0	0	0	0	0	0	0	0	0	0	0	0	0	0	0	0	0	0	0	0	0	0	0	0	0	0	0	0	0	0	0	0	0	0	0	0	0	0	0	0	0	0	0	0	0	0	
0	0	0	0	0	0	0	0	0	0	0	0	0	0	0	0	0	0	0	0	0	0	0	0	0	0	0	0	0	0	0	0	0	0	0	0	0	0	500	0	0	0	0	0	0	0	0	0	0	0	0	0	0	0	0	0	0	0	0	0	0	0	0	0	0	0	0	0	0	0	0	0	0	0	0	0	0	0	0	0	0	0	0	0	0	0	0	0	0	0	0	0	0	0	0	0	0	0	0	0	500	0	0	0	0	0	0	0	0	0	0	0	0	0	0	0	0	0	0	500	
500	0	0	0	0	0	0	0	0	0	0	0	0	0	0	0	0	0	0	0	0	0	0	0	0	0	0	0	0	0	0	0	0	0	0	0	0	0	0	0	0	0	0	0	0	0	0	0	0	0	0	0	0	0	0	0	0	0	0	0	0	0	0	0	0	0	0	0	0	0	0	0	0	0	0	0	0	0	0	0	500	0	0	500	0	0	0	0	0	0	0	0	0	0	0	0	0	0	0	0	0	0	0	0	0	0	0	0	0	0	0	0	0	0	0	0	0	0	0	0	
0	0	0	0	0	0	0	0	0	0	0	0	0	0	0	0	0	0	0	0	0	0	0	0	0	0	0	0	0	0	0	0	0	0	0	0	0	0	0	0	0	0	0	0	0	0	0	0	0	0	0	0	0	0	0	0	0	0	0	0	0	0	0	0	0	0	0	0	0	0	0	0	0	0	0	0	0	0	0	0	0	0	0	0	0	0	0	0	0	0	0	0	0	0	500	0	0	0	0	0	0	0	500	0	0	0	0	0	0	0	0	0	0	0	0	0	0	500	0	0	
0	0	0	0	0	0	0	0	0	0	0	0	0	0	0	0	0	0	0	0	500	0	0	0	0	0	0	0	500	0	0	0	0	0	0	0	0	0	0	0	0	0	0	0	0	0	0	0	0	0	500	0	0	0	0	0	0	0	0	0	0	0	0	0	0	0	0	0	0	0	0	0	0	0	0	0	0	0	0	0	0	0	0	0	0	0	0	0	0	0	0	0	0	0	0	0	0	0	0	0	0	0	0	0	0	0	0	0	0	0	0	0	0	0	0	0	0	0	0	0	
0	0	0	0	0	0	0	0	0	0	0	0	0	0	0	0	0	0	0	0	0	0	0	0	0	0	0	0	0	0	0	0	0	0	0	0	0	0	500	0	0	0	0	0	0	0	0	0	0	0	0	0	0	0	0	0	0	0	0	0	0	0	0	0	0	0	0	0	0	0	0	0	0	0	0	0	0	0	0	0	0	0	500	0	0	0	0	0	0	0	0	0	0	0	0	0	0	0	0	0	0	0	0	0	0	0	0	0	500	0	0	0	0	0	0	0	0	0	0	0	
0	0	0	0	0	0	0	0	0	0	0	0	0	0	0	0	0	0	0	0	0	0	0	0	0	0	0	0	0	0	0	0	0	0	0	0	0	0	0	0	0	0	0	0	0	0	0	0	0	0	0	0	0	0	0	0	0	0	0	0	0	0	0	0	0	0	0	0	0	0	0	0	0	0	0	0	0	0	500	0	0	0	0	0	0	0	0	0	0	0	0	0	0	0	0	0	0	0	0	0	500	0	0	0	0	0	0	0	0	0	0	0	0	0	0	0	0	0	500	0	
0	0	0	0	0	0	0	0	0	0	0	0	0	0	0	0	0	0	0	0	0	0	0	0	0	0	0	0	0	0	0	0	0	0	0	0	0	0	0	0	0	0	0	0	0	0	0	0	0	0	0	0	0	0	0	0	0	0	0	0	0	0	0	0	0	0	0	0	0	0	0	500	0	0	500	0	0	0	0	0	0	500	0	0	0	0	0	0	0	0	0	0	0	0	0	0	0	0	0	0	0	0	0	0	0	0	0	0	0	0	0	0	0	0	0	0	0	0	0	0	
0	0	0	0	0	0	0	0	0	0	0	0	0	0	0	0	0	0	0	0	0	0	0	0	0	0	0	0	0	0	0	0	0	0	0	0	0	0	0	0	0	0	0	0	0	0	0	0	0	0	0	0	0	0	0	0	0	0	0	0	0	0	0	0	0	0	0	0	0	0	0	0	0	0	0	0	0	500	0	0	0	0	0	0	500	0	0	0	0	0	0	0	0	0	0	0	0	0	0	0	0	0	0	0	0	0	0	0	0	0	0	0	500	0	0	0	0	0	0	0	
0	0	0	0	500	0	0	0	0	0	0	0	0	0	0	0	0	0	0	0	0	0	0	0	0	0	0	0	0	0	500	0	0	0	0	0	0	0	0	0	0	0	0	0	0	0	0	0	0	0	0	0	0	0	0	0	0	0	0	0	0	0	0	0	0	0	0	0	0	0	0	0	0	0	0	0	0	0	0	0	0	0	0	0	0	0	0	0	0	0	0	0	0	0	0	0	0	0	0	0	0	0	0	0	0	0	0	0	0	0	0	0	0	0	0	500	0	0	0	0	
0	0	0	0	0	0	0	0	0	0	0	0	0	0	0	0	0	0	0	0	0	0	0	0	0	0	0	0	0	0	0	0	0	0	0	0	0	0	0	0	0	0	0	0	0	0	0	0	0	0	0	0	0	0	0	0	0	0	0	0	0	0	0	0	0	0	0	0	0	0	0	0	0	0	0	0	0	0	0	0	0	0	500	0	0	0	0	0	0	0	0	0	0	0	0	0	0	0	0	0	500	0	0	0	0	0	0	0	0	0	500	0	0	0	0	0	0	0	0	0	
4	99	77	53	103	14	84	43	84	38	50	21	93	103	56	10	114	32	15	53	13	11	87	102	22	49	91	15	14	74	107	87	47	80	31	105	82	44	34	37	47	22	19	92	47	72	77	119	52	19	63	112	38	72	60	79	79	111	35	85	55	90	118	11	88	17	110	66	26	103	109	52	118	51	50	9	102	63	87	90	51	83	85	0	13	97	61	60	77	114	24	48	69	87	15	20	117	40	115	25	39	71	108	48	59	29	85	90	10	98	118	9	78	8	0	45	56	112	11	7	104	66	90	88	47	72	76	65	119	51	92	52	97	100	81	105	84	83	46	49	4	74	41	28	117	35	6	48	119	16	36	3	66	84	86	87	80	24	44	85	58	80	102	118	9	82	118	26	38	1	109	20	10	13	59	67	55	104	34	65	76	25	50	47	28	92	29	118	46	31	3	78	93	69	30	73	113	110	71	89	18	91	38	117	99	30	21	38	44	7	76	7	54	80	101	88	34	65	17	33	33	11	72	52	85	103	92	50	53	87	29	60	35	107	29	82	17	28	60	39	94	20	44	82	53	99	14	77	70	43	90	49	34	99	73	95	25	78	110	32	70	37	56	36	105	87	32	13	20	47	0	28	102	62	17	26	73	107	83	0	38	50	88	14	63	113	64	55	35	43	37	106	61	112	87	105	93	49	96	5	99	112	33	103	66	37	34	39	114	25	5	64	52	6	67	17	113	59	108	36	10	79	78	9	21	94	91	54	87	89	92	109	83	99	47	2	103	66	63	75	32	100	51	84	82	28	80	99	75	1	73	76	64	110	21	93	94	18	32	58	10	56	63	97	8	15	104	95	22	50	30	87	1	40	17	113	5	20	27	32	49	13	10	1	24	111	84	2	48	62	13	96	45	81	11	15	54	51	90	20	78	11	15	77	27	53	103	47	34	85	103	70	71	114	85	88	0	104	69	41	114	20	84	38	66	66	104	61	93	9	61	91	23	93	80	20	94	51	14	94	47	111	107	101	78	6	69	81	97	16	111	21	46	88	72	10	64	26	15	75	66	68	50	88	83	12	21	12	30	38	22	93	113	31	17	111	113	44	19	0	75	10	50	37	60	30	2	42	49	14	17	85	62	61	10	66	74	98	85	56	8	65	21	81	6	95	39	5	82	113	72	63	15	61	62	109	67	46	29	19	75	83	51	63	35	47	68	70	10	113	101	52	3	85	60	103	45	83	109	52	58	88	74	30	32	18	106	77	90	42	7	9	9	104	15	93	12	5	62	33	30	91	60	14	104	91	113	61	113	86	15	111	92	36	111	69	74	54	98	40	2	54	25	1	119	93	68	42	10	91	22	26	50	18	102	100	114	91	62	87	66	22	70	94	4	4	25	81	48	15	15	104	119	88	104	54	59	55	6	83	12	38	42	0	83	30	69	111	113	95	111	47	40	74	11	114	49	42	40	73	115	85	72	22	1	103	84	48	99	39	53	114	59	30	75	68	49	46	33	39	6	40	110	83	67	68	36	59	34	92	116	39	75	73	7	48	32	19	69	112	41	115	57	6	47	11	98	108	91	20	106	11	63	102	34	61	67	67	10	49	105	100	109	98	65	49	26	64	4	35	11	4	19	109	105	118	16	37	77	9	11	15	0	29	78	106	90	108	64	7	14	85	44	8	115	26	3	78	99	60	77	81	23	85	75	75	55	108	6	52	118	12	72	86	67	100	89	2	16	103	98	72	22	53	21	2	94	47	50	96	80	54	34	108	71	3	119	78	114	79	33	0	67	3	66	67	27	104	1	79	19	56	73	86	11	66	51	16	30	57	102	47	67	24	19	83	82	1	40	101	112	76	105	47	51	104	6	48	19	21	88	31	85	21	113	70	12	61	24	107	81	77	53	52	45	83	110	24	80	23	89	111	115	58	45	49	4	91	114	23	17	97	31	64	117	77	113	23	48	116	27	6	116	55	96	18	58	98	42	50	95	52	84	58	25	111	117	24	53	27	101	20	7	100	55	68	45	114	40	115	112	62	84	1	17	61	99	14	64	7	118	13	47	45	85	107	34	16	46	72	55	24	18	81	3	92	39	32	116	70	102	36	114	95	62	78	91	117	47	75	84	54	101	38	57	97	87	54	61	11	22	111	102	81	15	80	110	26	34	62	115	32	99	38	85	56	102	72	69	72	22	25	20	75	50	68	80	81	85	18	38	59	42	113	20	20	1	53	11	115	84	71	11	28	11	114	27	108	57	109	58	114	87	107	65	80	18	4	70	84	15	68	118	66	65	49	30	30	61	25	74	50	80	39	94	84	113	27	111	116	23	67	102	91	54	57	49	8	36	88	106	33	3	64	110	101	116	107	73	114	65	21	2	45	115	5	45	30	50	11	49	36	99	54	68	110	89	36	44	58	86	78	58	29	96	72	82	101	41	40	100	61	39	113	31	78	28	30	51	64	95	40	56	58	52	67	81	78	40	70	119	7	26	93	24	45	10	32	105	19	73	115	66	76	55	20	64	27	38	75	18	96	88	97	0	69	10	49	113	24	35	35	106	59	83	31	26	75	61	114	53	21	47	114	9	84	68	86	42	47	109	74	30	68	58	52	65	81	115	119	29	78	25	22	32	19	39	104	70	119	66	6	6	19	20	9	52	8	84	27	68	24	42	77	112	66	80	66	55	113	71	35	85	106	106	99	16	101	15	111	70	13	36	89	65	101	60	18	89	62	57	64	117	64	115	109	92	37	78	49	97	63	6	83	57	29	92	80	50	66	108	55	102	75	55	103	91	31	89	41	45	36	46	10	22	45	110	43	79	31	85	94	113	76	102	115	36	23	111	95	21	116	2	28	71	50	108	110	40	107	14	64	63	96	72	115	83	100	37	81	47	14	13	91	34	81	98	16	6	44	59	76	59	2	35	117	100	58	2	39	96	103	87	98	40	34	59	95	31	12	25	60	8	72	32	59	76	111	102	90	35	26	21	83	73	83	63	55	101	55	88	112	106	25	18	119	8	90	47	30	10	50	112	44	100	108	67	83	11	105	44	65	27	39	47	89	117	47	118	44	64	16	58	53	107	114	116	12	7	36	17	74	7	36	6	31	36	117	119	110	93	19	82	77	23	41	57	13	63	114	111	37	40	84	79	33	19	78	34	4	106	37	81	71	48	74	60	19	27	87	116	97	54	1	7	40	99	62	82	67	16	14	113	37	13	12	42	33	105	24	78	81	52	13	71	69	97	92	110	61	26	61	69	52	67	5	106	91	31	114	21	13	20	15	7	115	38	47	42	31	1	91	37	59	20	94	18	48	103	70	28	36	53	0	20	106	61	68	40	27	66	72	35	83	41	15	119	33	116	102	22	95	104	82	40	29	61	2	90	67	10	73	64	20	58	90	26	24	79	17	30	108	56	67	102	58	36	92	104	4	73	118	101	103	19	90	37	21	73	98	107	11	70	75	86	77	48	20	61	34	119	73	3	99	99	15	59	12	75	22	48	45	28	115	77	26	87	15	74	110	75	71	104	106	8	62	32	72	102	116	63	60	32	19	54	72	89	116	58	116	117	110	88	118	103	22	26	114	63	58	75	61	30	69	97	60	50	54	108	19	61	45	22	23	45	20	63	92	107	89	112	33	21	40	71	84	111	71	100	38	11	56	94	102	29	65	58	43	37	96	15	28	5	114	88	69	19	0	59	22	104	20	8	109	88	41	57	75	61	30	10	100	48	44	20	58	53	32	5	4	86	79	52	9	38	91	41	41	11	41	108	2	26	37	51	3	1	90	112	70	48	33	67	48	97	0	85	42	82	28	75	96	34	92	7	106	72	65	101	38	31	47	76	35	75	83	108	66	22	106	4	75	30	4	50	0	85	0	81	49	40	51	80	16	19	75	38	84	94	41	36	36	24	89	40	89	23	27	89	115	17	54	3	8	117	58	5	105	27	81	81	14	51	15	90	16	116	6	72	77	82	66	21	105	10	114	112	108	87	7	59	113	92	80	60	18	99	83	20	2	76	96	87	68	106	21	27	100	37	87	60	96	41	55	15	15	50	46	55	112	2	71	76	59	67	81	17	95	94	3	11	6	10	103	78	26	34	54	40	90	15	4	37	102	54	18	36	32	109	90	113	91	22	43	51	24	113	35	48	107	43	97	90	51	11	8	93	41	106	61	73	48	17	112	24	6	91	3	1	83	69	80	113	74	97	1	33	13	7	24	65	2	8	62	52	119	37	93	106	45	25	73	69	69	18	28	114	73	104	102	2	2	112	114	113	108	118	77	93	68	15	93	82	64	34	26	35	53	100	94	17	6	24	21	66	38	81	65	33	68	63	8	72	109	41	5	110	21	27	30	92	89	77	108	102	64	52	113	39	26	17	90	51	11	40	40	19	56	8	80	67	36	52	61	8	108	82	23	81	89	23	69	6	55	15	13	118	1	34	3	77	70	91	101	41	81	104	118	98	87	13	90	63	100	24	90	78	55	106	118	34	17	58	50	30	91	32	22	3	10	100	67	16	72	118	69	108	32	103	100	73	93	52	49	5	39	62	106	113	20	48	71	89	112	72	57	11	55	6	51	34	24	13	64	41	6	53	81	99	1	75	61	116	2	103	107	77	68	47	48	14	83	10	91	86	83	84	12	96	72	99	49	98	90	2	19	35	97	4	14	45	114	35	49	89	30	42	104	103	81	21	41	20	81	34	47	117	102	111	84	85	0	17	15	58	11	2	82	30	109	81	55	21	104	78	71	88	18	54	20	23	51	4	49	25	67	10	60	112	57	51	62	53	64	98	38	108	35	110	5	119	23	60	48	107	107	12	119	22	110	62	11	87	32	50	84	119	10	1	79	64	25	29	90	45	24	85	85	3	70	59	35	17	50	19	37	9	19	89	36	115	29	84	80	0	49	2	119	37	103	27	100	108	81	47	46	110	76	84	50	17	98	96	106	16	67	15	108	80	4	25	34	68	96	49	82	104	47	24	60	94	4	61	50	72	71	32	96	35	3	53	90	78	68	106	70	114	48	0	45	35	61	118	66	66	107	63	102	49	72	4	71	19	107	16	18	64	104	0	29	100	40	101	38	47	60	23	117	117	15	23	107	65	116	81	13	17	57	57	65	34	58	9	111	111	110	107	70	55	9	2	19	26	41	115	43	23	71	19	105	84	84	100	16	43	19	53	30	58	73	98	73	22	43	117	14	57	117	23	104	102	99	88	26	72	59	45	109	34	1	74	111	5	67	79	114	11	13	87	59	108	44	99	89	92	67	31	29	67	116	87	50	17	116	47	99	87	117	118	0	112	105	84	31	113	28	98	119	106	18	90	74	81	16	64	39	79	55	38	101	4	96	20	47	28	39	98	49	30	37	8	94	111	67	76	9	109	21	44	69	15	118	64	71	102	15	18	118	3	78	57	86	29	62	46	59	116	43	83	101	89	59	52	83	43	15	87	103	64	58	77	99	89	95	62	114	79	69	38	5	54	111	77	118	55	119	19	115	61	105	72	54	51	111	86	110	17	112	5	50	72	91	92	68	5	105	49	7	25	63	104	7	18	42	66	15	79	99	103	103	52	23	28	61	38	65	53	51	28	0	27	14	102	28	28	67	82	65	9	1	20	1	76	18	79	74	59	113	37	25	89	95	82	90	16	100	112	8	84	79	114	48	54	75	112	14	2	89	111	47	71	90	51	92	67	96	84	102	0	9	113	43	0	96	23	62	84	58	54	89	119	82	21	59	64	32	84	67	91	95	85	81	80	69	77	89	59	106	77	101	74	82	61	55	12	40	13	40	44	4	35	62	52	5	25	34	117	53	65	78	80	5	2	74	108	85	15	8	21	32	79	99	52	101	96	12	42	76	83	16	79	116	62	41	89	9	43	97	96	25	49	43	29	1	47	0	81	15	111	41	67	109	94	70	46	44	50	90	36	34	28	98	75	92	65	20	110	16	3	4	63	48	60	57	17	73	50	36	30	29	73	107	10	103	34	116	52	110	33	72	75	103	59	76	68	89	30	96	97	63	35	0	5	105	23	46	31	25	93	95	45	78	34	71	58	8	81	96	6	91	103	46	75	99	41	2	107	15	75	66	19	53	50	49	7	23	94	38	113	15	79	22	7	80	107	75	8	44	34	26	116	26	18	18	60	22	43	44	93	84	96	2	98	101	5	10	64	25	68	117	48	8	13	51	89	99	75	52	112	104	58	91	114	96	28	60	4	114	60	20	48	29	103	34	58	105	29	30	51	49	60	73	115	23	3	27	98	60	60	43	87	54	42	109	14	106	18	111	6	86	78	25	73	30	89	22	70	63	97	74	81	73	57	62	19	117	4	11	67	85	71	69	86	8	37	72	36	62	33	100	41	82	103	1	30	102	20	50	110	9	59	80	114	59	108	55	19	38	98	11	47	103	14	84	99	24	106	63	87	48	93	46	92	89	104	46	37	30	66	3	6	20	57	28	65	45	100	71	43	52	58	18	70	53	59	11	26	117	104	50	90	93	4	79	23	69	102	67	73	25	14	59	27	78	61	110	31	71	118	15	94	3	29	66	105	105	119	9	103	60	17	67	91	48	4	82	21	22	49	106	104	54	112	63	61	102	66	41	71	114	3	48	90	37	81	55	115	80	101	79	23	37	109	17	103	85	69	108	81	7	108	68	102	12	33	54	117	74	110	54	20	111	42	53	13	22	64	20	78	71	70	91	27	115	11	114	13	105	81	74	25	101	21	45	107	49	43	63	46	113	7	36	20	67	112	84	99	50	10	100	96	5	62	27	53	65	40	43	55	102	37	32	10	116	101	87	27	94	119	27	30	4	100	117	12	104	38	94	10	42	118	91	60	95	27	113	14	88	118	29	56	56	37	19	32	77	54	40	39	99	0	50	79	29	98	100	91	108	47	6	27	112	81	57	57	89	114	34	114	86	94	38	0	15	62	106	116	34	50	95	27	43	44	13	30	26	117	20	75	14	98	6	108	45	116	9	87	7	86	93	14	11	15	92	23	54	49	44	18	63	61	86	91	12	105	25	64	6	22	109	36	86	102	67	77	117	8	37	7	52	39	35	9	32	54	69	22	45	70	88	11	58	102	51	19	77	109	40	23	35	100	42	56	38	30	40	79	80	97	76	77	28	32	4	14	12	15	94	9	113	92	9	12	110	59	68	38	104	100	15	21	71	27	24	111	72	110	44	23	49	87	67	111	95	70	92	110	70	37	67	88	14	69	112	89	68	66	63	48	75	28	7	96	115	105	10	94	8	85	57	52	51	84	42	2	9	15	118	11	77	25	78	52	42	78	36	30	36	66	105	16	6	102	1	22	36	49	20	77	61	77	75	103	32	21	90	45	91	33	108	87	24	67	86	82	76	97	35	23	109	65	32	8	114	71	8	44	85	37	48	89	18	12	99	10	100	21	116	118	95	63	78	76	64	62	86	27	97	59	60	2	79	50	35	12	25	54	115	86	34	64	51	112	85	25	13	58	46	14	74	119	48	75	14	29	38	39	24	102	92	119	41	113	119	102	43	10	25	21	111	108	23	4	1	34	109	69	58	75	27	92	38	28	64	16	96	1	67	71	51	42	70	24	46	11	50	32	13	99	18	79	60	16	58	64	116	90	91	77	11	16	118	28	83	70	7	54	21	4	46	42	17	56	37	101	33	18	69	34	12	104	83	101	67	83	101	6	104	20	111	44	13	104	28	74	93	116	91	29	95	3	29	117	102	64	18	41	24	118	71	58	61	39	101	96	5	110	103	45	17	99	40	42	46	75	67	7	86	118	102	29	22	12	106	87	73	0	94	96	79	62	19	75	9	57	2	51	77	109	90	118	0	45	100	102	101	56	43	55	53	118	10	15	56	64	46	105	9	12	14	39	102	66	105	80	32	102	35	68	54	23	7	9	64	5	82	3	3	20	11	99	105	8	14	118	104	30	32	2	28	90	62	5	110	70	43	113	117	80	97	0	117	83	48	77	116	35	85	22	32	4	13	9	85	95	112	108	43	26	100	77	19	26	58	92	14	55	112	65	105	100	58	77	54	104	61	49	100	59	57	50	113	98	42	46	113	95	73	46	11	36	21	69	22	48	32	2	25	77	99	61	49	27	57	56	115	99	23	28	23	66	53	23	86	107	2	87	24	47	29	115	117	81	92	13	119	5	9	54	6	113	5	24	66	35	22	10	84	94	82	15	75	14	20	115	45	37	15	41	18	119	28	111	94	105	119	11	32	2	119	62	86	66	107	23	38	41	91	112	51	114	45	29	15	41	25	49	69	80	74	85	31	36	51	100	18	108	84	53	20	86	65	78	109	9	113	42	44	8	87	95	88	70	111	55	105	39	40	6	98	84	76	65	16	119	42	77	102	64	37	110	87	92	52	55	2	44	27	58	65	45	90	46	63	64	72	92	42	35	106	26	69	79	17	105	56	69	88	65	82	114	44	119	71	60	97	69	71	61	3	97	51	47	7	31	49	11	4	20	57	35	39	50	68	54	0	34	97	119	97	72	58	40	55	85	91	22	5	25	118	40	39	65	36	44	51	96	33	66	91	6	110	61	23	27	97	36	2	61	73	33	104	70	73	62	64	93	45	68	101	100	70	96	13	114	44	0	42	21	109	17	99	5	73	26	101	25	8	104	5	103	110	8	112	7	111	39	20	76	31	62	48	35	31	5	67	82	62	99	14	107	91	32	81	108	96	114	97	47	82	4	32	87	52	61	92	39	96	14	103	94	28	56	50	113	7	102	79	0	38	59	42	106	4	3	12	86	2	89	64	39	60	6	5	22	63	84	117	77	52	6	88	64	52	13	99	95	104	5	52	91	93	71	3	77	28	99	25	21	118	43	78	110	5	63	10	90	6	13	27	27	32	1	100	4	5	31	89	41	65	68	9	101	22	57	1	13	101	61	54	34	28	54	106	73	24	78	31	11	61	2	4	41	101	54	34	31	84	87	104	7	16	18	32	49	83	7	4	35	47	14	50	115	53	42	118	36	20	33	30	88	85	25	110	1	72	76	8	5	50	94	107	25	95	44	17	4	91	7	82	12	57	6	17	77	103	49	54	63	106	108	7	7	17	94	55	97	36	89	10	31	75	46	110	95	50	29	71	85	22	36	60	48	58	12	110	64	14	106	78	86	59	55	39	25	85	113	101	41	2	71	83	15	35	18	44	51	111	79	63	27	51	95	93	88	27	2	82	61	46	1	96	42	5	33	47	106	58	70	38	34	114	84	68	71	36	77	90	82	14	42	105	26	92	1	0	109	36	38	11	1	35	69	15	98	86	50	52	42	31	69	88	103	3	10	106	4	87	79	72	106	37	31	92	117	76	78	82	66	64	75	1	94	62	48	85	119	84	53	80	95	31	57	108	105	11	42	33	52	41	36	56	112	29	29	81	83	83	43	106	59	98	106	84	119	89	11	40	113	51	23	109	95	86	92	36	79	9	107	106	63	72	13	112	24	93	52	35	67	0	43	8	119	57	85	34	71	8	118	51	83	54	77	31	66	18	107	12	70	56	32	45	36	34	67	67	8	6	114	74	22	30	98	68	99	15	56	45	62	36	9	87	6	37	33	75	69	13	14	31	62	91	0	91	9	5	41	4	108	86	84	62	20	27	46	71	11	115	81	71	112	57	119	26	81	38	107	37	87	82	12	47	12	79	93	27	88	14	37	1	37	79	54	42	58	28	45	9	55	6	95	25	95	8	5	24	114	69	52	113	56	105	55	12	17	70	44	65	116	81	103	64	73	43	42	92	3	46	22	68	106	4	13	83	15	50	110	71	51	68	45	103	103	77	53	24	50	93	16	16	25	23	48	33	11	11	83	48	81	61	24	95	84	86	71	14	32	86	28	92	72	36	19	110	4	18	13	41	46	111	96	115	106	7	114	106	7	81	24	22	51	55	93	110	91	22	76	78	24	12	105	89	8	17	42	29	110	99	58	17	88	0	44	82	24	44	87	71	16	77	49	70	47	45	114	18	38	107	3	73	103	32	81	107	1	1	83	31	58	22	56	12	104	75	101	39	60	55	65	36	39	97	25	58	22	16	78	118	70	14	45	54	85	78	65	107	20	55	101	94	111	20	63	8	60	72	79	15	107	27	73	11	117	7	52	95	83	11	102	115	37	25	14	11	71	57	0	90	26	7	51	11	45	103	65	53	101	78	86	12	70	107	87	98	10	45	3	0	61	53	16	3	28	20	105	80	66	55	96	46	65	22	48	79	50	118	58	83	81	93	2	42	37	20	114	50	17	103	80	41	68	27	34	67	29	105	73	54	92	94	26	35	1	105	80	84	28	50	94	28	83	29	60	53	118	57	55	20	6	57	10	22	14	65	10	83	32	67	12	79	67	55	63	35	102	75	42	70	24	105	7	99	5	90	101	70	74	3	55	97	91	42	64	73	25	115	118	5	6	18	47	67	23	69	48	89	59	89	89	103	21	54	24	9	95	65	40	48	118	73	91	1	95	91	74	74	13	61	115	38	26	24	61	57	23	53	113	16	110	9	32	38	29	34	110	60	28	71	96	29	112	111	52	46	87	9	11	61	49	108	89	61	28	32	55	98	15	82	113	76	83	55	70	72	28	14	11	114	8	41	34	85	0	11	37	11	108	116	84	104	9	32	20	53	114	67	115	34	114	30	10	37	58	92	11	116	88	27	7	116	76	79	97	63	98	79	46	18	112	43	2	94	19	10	66	87	12	76	22	15	60	104	94	109	18	110	103	33	74	21	97	17	5	87	13	56	30	55	88	28	108	11	58	94	62	14	112	2	91	57	4	93	57	41	2	3	81	33	72	1	0	8	37	23	72	26	98	98	75	46	62	0	109	103	92	117	10	23	82	114	61	19	12	74	29	86	71	114	38	61	98	61	55	101	61	70	71	14	104	42	60	69	0	53	115	8	75	76	7	17	98	18	84	14	82	59	71	39	1	54	24	89	106	104	20	1	117	102	51	114	42	107	65	75	70	80	90	29	112	112	90	13	112	49	31	115	20	44	113	36	71	82	57	40	11	59	27	72	40	66	111	32	51	5	82	48	110	91	52	97	117	85	110	23	75	53	107	111	52	110	48	86	55	118	21	105	95	18	112	79	106	17	44	52	28	46	15	30	11	85	105	42	21	50	114	103	66	26	91	41	36	37	38	60	49	34	115	25	69	81	92	74	27	61	45	5	118	38	42	66	6	49	96	115	94	55	5	85	17	100	17	2	81	32	36	3	101	106	14	40	6	91	51	18	53	108	59	70	116	21	87	93	37	44	4	46	51	45	87	34	20	81	95	39	84	100	86	106	59	74	80	86	88	78	4	59	18	24	105	74	18	22	17	82	77	105	55	70	58	37	115	14	51	4	81	119	59	108	65	27	17	113	52	62	37	100	56	6	44	27	63	96	1	32	45	78	58	77	14	78	48	89	63	116	73	106	9	108	76	34	83	38	115	71	69	7	53	69	43	10	30	105	6	63	97	7	91	27	9	47	11	79	83	112	7	44	34	11	98	102	116	109	42	84	16	92	19	63	88	47	24	48	85	95	38	31	80	65	81	40	26	114	46	16	39	102	3	107	44	67	47	93	109	44	23	7	19	0	105	34	21	43	22	36	110	39	16	100	4	112	89	11	5	86	42	3	12	41	101	80	118	44	3	72	43	60	110	21	109	57	60	62	81	69	53	15	80	36	27	22	49	17	39	45	97	56	77	2	38	39	90	41	68	51	83	103	81	89	21	50	34	14	93	46	117	33	59	5	83	59	115	26	114	28	100	117	21	44	83	21	78	35	36	58	28	96	76	46	68	63	12	78	48	92	113	94	55	62	38	51	58	75	52	94	113	69	52	32	32	19	116	85	101	44	43	63	3	30	3	7	100	78	77	10	35	100	22	72	3	64	74	70	60	26	99	118	50	68	48	63	112	103	12	70	81	111	69	72	60	96	52	90	82	22	56	83	87	117	82	22	83	34	2	66	40	51	79	99	105	62	66	99	95	29	101	86	46	38	113	20	56	78	76	114	88	114	10	90	51	32	30	80	109	39	86	118	1	77	7	13	21	37	69	74	71	94	68	16	71	19	82	16	77	33	105	16	6	7	29	59	44	100	7	41	11	118	35	6	27	43	7	45	83	4	82	54	60	74	73	85	5	107	118	61	66	103	85	39	23	104	15	63	24	64	5	97	118	98	41	79	106	75	86	71	47	110	0	106	1	78	62	39	0	44	60	70	61	76	36	9	40	100	40	102	115	22	93	93	29	99	75	95	12	57	62	114	29	66	58	42	17	34	73	2	71	93	32	12	93	117	115	53	35	45	116	52	89	80	5	71	16	0	52	72	23	64	103	108	95	44	31	41	10	56	75	119	100	82	19	1	35	26	110	100	38	93	46	7	1	64	45	82	28	35	77	39	55	16	83	54	110	90	71	19	76	49	108	95	62	58	24	84	94	50	69	118	50	105	95	64	117	108	10	42	11	52	74	17	104	29	43	46	20	8	18	9	80	59	74	112	51	28	57	97	96	66	45	19	47	24	24	1	89	25	83	83	119	38	80	33	86	86	67	104	107	77	7	111	43	29	72	50	11	37	115	97	115	53	7	113	47	1	68	112	12	71	119	87	119	116	64	40	119	80	59	71	82	45	92	12	101	118	66	2	37	39	11	7	59	44	64	20	101	23	80	43	105	99	96	51	101	104	27	60	50	6	84	58	29	6	34	34	4	55	4	82	84	85	42	70	83	23	106	78	60	46	41	15	119	51	19	67	22	85	27	38	3	99	53	72	100	43	31	20	26	78	71	12	37	17	46	96	14	56	25	96	57	53	84	84	44	51	38	53	102	88	81	71	42	40	76	67	48	69	101	30	94	84	104	8	3	97	68	116	76	109	9	75	5	50	13	74	119	36	9	65	16	45	45	24	49	76	56	85	67	21	32	34	67	35	117	50	73	5	111	22	29	12	30	55	65	48	111	49	75	48	52	28	93	99	41	67	12	56	39	86	2	82	24	41	62	49	99	39	79	5	114	41	110	109	65	20	13	0	9	41	12	5	67	33	108	72	54	33	97	71	18	36	66	56	119	113	18	55	15	46	9	111	60	38	119	33	100	119	29	23	105	46	102	69	102	16	103	6	116	41	63	114	56	42	103	77	2	85	7	113	36	65	22	118	33	102	30	74	88	77	56	43	110	14	92	1	26	21	108	43	5	67	79	106	3	76	112	50	106	107	83	14	82	35	116	33	97	9	98	108	7	93	30	27	51	32	94	87	48	104	25	90	51	112	51	34	82	42	22	11	103	55	96	112	19	21	35	117	66	38	51	95	17	46	37	18	57	28	102	0	99	96	5	49	10	3	80	54	65	111	6	44	71	41	99	88	4	40	52	43	72	25	61	60	73	105	98	11	28	48	49	63	49	19	88	3	110	110	22	58	97	62	86	40	63	3	56	62	62	63	97	78	81	22	10	107	84	23	28	50	115	51	9	38	93	83	85	18	110	25	17	54	17	36	67	78	18	79	78	30	6	1	3	89	30	2	21	78	5	79	27	11	13	75	117	118	73	54	96	104	92	19	90	62	18	83	16	116	58	111	86	57	95	6	32	0	58	46	6	17	101	105	40	13	6	99	1	90	60	75	19	26	28	63	16	34	90	52	53	21	21	82	94	58	22	42	6	51	12	79	57	33	67	99	14	73	110	104	106	94	66	60	85	54	10	85	29	114	57	34	91	1	0	79	41	66	34	12	26	52	58	22	65	87	89	106	119	9	93	61	80	64	51	100	82	89	72	26	42	83	87	91	15	112	84	56	110	45	10	53	91	33	46	104	103	11	64	112	80	92	17	92	106	17	81	81	107	105	43	104	79	44	17	79	95	77	53	51	57	56	58	65	111	79	75	15	52	93	66	76	71	29	96	87	61	70	9	42	5	106	34	96	91	65	2	68	20	72	101	98	11	25	48	37	68	101	53	96	84	24	15	51	94	7	10	47	92	119	115	106	60	79	16	1	107	6	6	108	2	99	78	88	85	48	69	53	18	51	82	3	16	114	65	109	10	26	23	54	62	42	68	13	53	75	56	14	27	90	91	41	21	110	65	77	87	115	94	113	55	75	22	16	68	81	37	37	64	60	22	70	6	26	12	107	26	19	33	101	0	15	38	18	50	54	2	25	34	26	78	7	26	17	5	89	47	55	104	64	115	0	57	9	9	77	102	74	61	21	111	107	38	34	32	77	67	14	82	10	30	27	27	111	106	10	12	23	80	31	106	0	54	108	39	91	10	116	90	46	75	80	74	82	90	7	83	38	104	33	0	27	95	4	73	47	116	49	46	87	80	20	104	101	43	73	49	115	41	100	108	76	4	50	65	13	65	15	112	92	60	5	88	61	11	31	39	70	104	53	1	86	102	34	12	101	50	29	99	108	38	57	60	3	88	71	114	54	85	11	96	75	15	59	81	116	2	117	89	70	87	51	84	94	31	8	90	101	74	19	116	41	61	102	103	13	116	105	114	90	115	36	108	1	117	65	64	102	36	110	13	64	
62	21	91	36	18	87	106	49	78	45	29	29	96	68	71	108	21	96	119	51	49	104	81	104	18	63	67	23	69	44	104	102	86	2	94	33	91	31	115	93	113	32	35	104	84	42	74	22	114	90	111	101	111	4	71	25	97	79	53	63	29	118	95	45	103	55	83	79	29	80	117	106	28	52	57	92	88	113	6	34	31	12	89	95	62	33	109	106	17	95	40	8	38	74	56	37	33	14	41	78	0	57	87	97	112	49	73	2	46	97	83	30	62	47	19	35	53	32	44	109	58	56	13	114	16	102	89	70	28	62	63	22	37	36	11	88	29	94	50	72	116	65	118	29	22	45	92	27	118	33	41	11	108	17	25	57	0	53	53	90	0	82	116	34	49	76	115	94	8	98	13	13	98	0	73	105	27	27	59	1	1	15	40	74	113	75	22	16	15	75	65	49	106	60	78	9	53	99	90	46	22	117	83	52	81	94	93	49	5	13	21	57	93	46	89	26	15	70	52	40	112	42	13	33	28	119	0	106	82	2	67	102	53	80	90	85	90	78	10	114	40	89	96	34	26	38	106	59	54	10	52	97	57	82	67	114	104	43	60	43	7	50	101	104	100	5	98	70	116	103	112	35	108	46	84	12	40	7	28	21	103	47	84	36	76	115	33	37	100	105	65	21	70	36	15	18	29	42	42	89	31	64	111	6	89	36	57	79	119	97	31	8	32	85	69	39	39	38	97	0	41	3	41	29	116	31	111	71	37	33	65	68	85	3	7	61	39	6	58	60	66	3	43	89	40	75	28	70	89	111	45	67	72	32	79	98	44	38	91	115	46	68	26	16	105	18	54	57	28	9	15	112	113	25	30	60	96	93	12	33	11	108	51	102	99	49	90	4	49	35	28	29	29	45	1	57	89	6	10	98	30	80	97	104	52	68	77	61	13	4	57	89	82	95	77	109	20	103	26	75	19	69	114	27	9	2	69	63	46	7	83	40	61	37	23	21	21	45	18	90	45	63	28	50	82	47	7	2	91	20	10	64	73	25	62	39	3	37	119	5	91	105	118	99	1	110	59	114	7	52	73	3	100	4	119	47	60	88	111	95	21	65	34	93	34	87	113	88	99	20	77	19	17	16	14	69	38	77	71	81	18	68	31	86	46	77	16	31	92	82	58	76	28	83	80	94	112	114	65	78	55	15	16	13	108	76	44	4	0	50	79	93	42	25	57	29	4	82	40	3	41	89	10	44	79	17	100	63	35	73	10	111	50	85	42	26	82	26	112	69	86	102	66	53	100	5	100	22	74	28	115	86	83	104	54	10	21	87	79	119	22	93	62	89	113	71	109	54	100	10	52	115	61	28	37	45	7	65	56	96	9	62	64	74	118	105	58	72	93	61	116	23	73	49	34	12	49	50	90	35	64	75	48	18	61	115	98	62	51	22	29	115	73	9	101	80	50	26	95	0	93	93	41	113	77	119	8	119	113	85	80	81	117	13	70	18	117	59	88	80	0	60	107	72	42	22	59	94	15	36	29	8	30	13	63	27	75	118	62	52	107	98	30	80	42	16	77	99	7	28	103	107	6	115	18	85	60	51	34	102	46	80	45	106	56	111	31	7	73	85	54	34	45	40	46	24	97	20	37	29	2	78	103	7	101	116	74	35	31	33	106	118	45	76	117	36	84	74	23	44	105	102	54	65	65	71	70	16	73	65	29	24	118	33	48	20	53	117	11	26	115	9	107	119	37	90	78	48	0	85	9	9	81	80	40	8	85	7	80	58	113	95	23	100	27	53	34	27	22	55	29	51	80	41	21	106	46	56	32	4	85	74	84	42	24	71	24	107	35	110	74	61	14	63	87	32	5	96	33	87	49	74	116	70	66	40	77	88	15	77	26	38	87	70	69	10	37	23	60	58	90	94	60	63	110	79	31	57	72	98	83	86	44	86	33	26	40	17	116	96	96	107	86	27	32	112	19	52	65	87	96	85	113	23	2	86	55	91	63	82	30	105	81	5	65	57	18	116	49	102	96	26	85	57	119	2	97	64	44	85	53	28	103	1	112	53	42	29	38	31	118	28	40	45	117	28	19	35	57	39	90	28	41	96	20	116	72	61	58	4	31	59	15	101	53	22	16	17	105	86	115	112	74	15	5	119	35	103	6	48	98	99	84	32	3	12	76	51	66	76	71	96	64	72	55	116	14	18	105	39	13	119	22	85	80	54	109	65	98	6	109	88	40	46	107	108	47	30	61	103	76	96	78	54	30	40	56	46	92	101	37	83	74	105	28	40	89	62	8	46	38	44	111	38	1	25	21	40	68	119	99	11	0	103	31	21	20	65	7	8	52	5	51	92	89	87	10	50	15	42	2	107	93	98	73	58	39	43	108	107	18	37	94	16	115	74	66	73	77	4	54	97	50	2	91	3	6	100	107	94	66	108	7	15	53	97	13	51	55	86	116	71	68	113	51	65	25	1	33	103	65	12	91	54	28	93	53	12	57	15	21	102	110	65	18	15	101	6	55	65	68	40	65	87	54	86	117	46	78	55	72	113	29	7	58	79	52	26	59	89	23	63	44	50	114	18	47	23	110	118	100	61	90	2	63	9	17	99	118	21	102	18	20	45	86	119	77	56	43	12	83	27	77	95	65	73	97	109	13	96	119	53	80	105	98	46	27	13	106	77	40	107	38	78	52	97	66	92	73	114	72	71	112	60	108	96	53	50	96	7	52	78	35	25	69	106	81	12	101	109	74	49	92	31	72	32	49	13	24	115	23	27	48	74	76	36	72	24	31	42	100	92	93	78	88	0	52	72	78	67	43	73	17	36	61	47	59	36	105	26	23	13	83	36	37	77	31	86	34	56	19	60	85	19	59	78	79	5	20	25	117	73	52	17	84	30	47	4	65	88	107	94	81	108	108	21	40	32	31	38	53	89	112	56	104	41	48	40	86	73	108	97	34	27	35	74	75	1	35	9	101	21	94	51	53	45	81	3	72	47	23	69	3	73	0	56	16	103	86	40	37	93	72	22	28	18	103	8	22	0	92	26	72	94	98	95	58	57	85	113	3	67	33	44	24	24	109	89	87	108	9	36	41	60	29	21	55	90	82	14	25	43	102	90	47	2	103	10	60	93	31	25	39	81	46	29	103	46	32	94	22	1	30	20	83	64	71	55	39	78	72	100	69	108	84	51	1	55	32	68	27	76	36	19	45	71	17	59	51	102	44	33	17	108	51	82	42	4	10	69	94	86	102	19	70	109	8	84	60	18	103	3	116	41	55	106	18	14	96	76	75	101	89	76	64	93	95	72	4	31	78	30	2	106	47	68	112	1	73	49	82	23	73	93	51	102	13	109	22	48	29	106	31	109	79	87	14	96	75	109	85	113	29	63	110	99	13	89	24	105	104	15	52	83	25	31	97	55	116	7	29	73	50	95	60	94	77	11	52	96	106	58	41	117	14	34	96	22	5	96	85	112	7	75	113	48	20	111	2	17	50	58	9	3	59	22	78	113	57	5	79	64	93	50	41	114	16	29	39	75	118	8	71	35	64	27	118	31	95	4	100	19	47	24	107	48	50	76	24	74	72	41	39	52	84	24	96	110	40	102	98	116	109	63	106	19	75	19	118	73	86	55	49	86	32	91	82	117	34	64	115	86	0	61	99	93	89	95	80	35	0	35	43	82	60	22	112	42	8	91	31	51	33	11	2	59	55	7	55	115	48	93	50	99	70	108	42	106	81	98	51	7	68	29	114	63	106	22	69	40	27	12	3	43	65	108	74	26	25	12	16	31	2	50	59	116	13	61	12	2	104	70	20	45	17	82	57	58	98	84	47	21	25	83	108	17	82	3	2	27	101	108	61	18	116	65	34	98	16	104	4	70	60	11	88	97	103	85	53	78	50	94	5	27	80	75	72	26	57	37	33	61	107	3	6	21	109	99	17	60	33	96	72	11	19	61	5	98	75	82	16	105	34	0	101	1	111	23	48	60	25	62	94	107	63	32	44	6	89	105	69	67	107	51	29	62	107	30	20	37	67	88	0	33	63	18	42	110	86	31	48	24	82	112	61	8	30	29	54	73	25	110	118	4	73	41	47	24	9	24	77	35	96	94	16	58	22	22	93	64	12	105	79	82	116	47	74	39	98	67	74	68	112	11	47	47	110	14	14	88	31	78	32	13	90	115	68	119	39	21	117	4	70	104	114	47	30	100	49	48	23	21	54	31	24	78	39	59	107	106	47	71	21	95	109	85	62	22	110	68	65	8	16	85	108	30	8	8	58	4	86	95	84	8	46	70	65	70	77	77	7	62	63	7	1	106	33	63	58	114	45	43	5	25	99	75	40	19	106	15	44	44	71	20	113	4	73	57	6	113	88	40	103	101	52	91	0	90	29	47	93	37	10	75	66	115	28	14	36	74	85	72	22	7	109	3	20	110	74	97	38	18	29	40	51	31	12	89	53	58	12	118	7	37	116	108	31	101	2	0	91	69	92	49	67	27	92	49	51	53	91	119	51	64	79	14	3	109	115	25	102	4	67	109	109	27	115	82	77	103	52	111	6	73	102	67	115	66	55	85	115	62	93	29	118	30	25	70	67	19	84	103	111	90	92	78	57	59	89	70	3	91	86	96	71	36	94	112	100	96	2	106	44	47	84	7	96	27	103	72	40	66	34	9	116	74	67	60	8	55	96	68	115	27	44	116	86	90	100	1	119	91	37	63	14	52	68	62	105	62	23	81	71	5	66	27	42	115	56	84	61	16	80	50	90	37	17	75	110	7	32	70	78	47	47	101	43	119	115	63	50	64	77	14	114	41	118	14	18	83	29	41	96	33	33	71	8	45	90	40	54	101	64	74	70	60	51	76	13	52	113	111	44	48	75	44	28	2	102	76	75	106	109	13	16	91	9	8	86	105	65	32	21	73	17	63	3	85	35	45	41	11	44	30	38	115	28	107	100	97	113	26	92	38	70	43	77	14	109	74	87	113	60	30	85	94	1	61	65	31	82	77	112	40	52	96	28	12	118	92	43	117	2	55	20	11	9	66	87	17	35	67	65	85	115	36	99	89	37	110	116	27	50	16	91	107	44	19	109	82	69	25	75	17	19	89	30	91	87	78	55	107	12	0	73	25	68	13	106	23	56	74	42	80	78	0	7	50	7	19	72	52	12	9	73	72	113	10	94	118	19	40	13	77	67	71	26	86	116	108	47	91	102	19	108	50	98	71	31	48	77	79	110	94	28	89	55	114	104	71	101	112	88	39	26	18	67	109	68	70	46	24	45	49	36	46	89	21	106	21	93	21	48	34	57	112	111	10	52	117	34	21	9	58	58	38	43	115	20	43	84	118	45	116	3	85	99	68	31	74	74	108	92	28	104	119	68	46	69	10	40	52	117	20	62	53	38	42	78	17	61	58	4	57	119	37	73	18	119	47	96	84	1	80	105	76	4	75	102	0	99	58	91	101	7	113	43	72	43	116	79	115	50	65	1	37	54	59	116	40	10	112	117	67	22	6	108	40	10	31	30	100	101	96	70	41	89	97	85	117	2	84	114	89	71	34	116	27	85	26	34	1	111	4	25	96	48	84	7	79	116	105	52	113	87	25	115	20	69	58	94	30	1	19	83	110	99	95	64	46	70	85	31	106	78	57	39	41	106	73	105	72	43	23	2	6	68	107	113	112	91	108	87	46	111	92	17	24	105	69	103	17	40	60	94	80	116	83	19	110	42	114	80	56	81	117	53	56	48	71	84	38	37	15	64	65	45	39	44	27	26	62	84	78	58	61	117	77	39	109	24	5	5	83	44	106	113	118	36	25	112	8	6	14	16	89	6	96	61	3	99	87	16	79	61	6	58	68	41	115	0	38	60	24	100	84	69	40	35	19	61	27	40	116	57	22	45	104	51	93	109	89	39	18	16	65	40	58	2	51	52	109	28	76	54	84	63	88	109	32	99	51	35	78	21	10	16	0	103	68	17	60	66	102	106	42	47	10	42	31	55	26	97	60	92	108	52	86	61	24	112	22	77	16	103	84	10	11	85	79	26	89	94	1	20	29	95	35	104	40	45	36	16	51	88	28	74	25	89	80	15	70	101	20	44	80	80	103	59	56	7	85	16	65	10	90	71	83	14	69	50	16	46	1	16	96	58	101	23	2	45	59	114	119	40	97	35	42	102	53	38	113	22	69	61	4	13	29	103	30	88	89	119	100	107	113	119	67	38	59	118	38	85	61	50	71	44	45	113	59	31	53	42	68	50	71	53	114	10	31	2	89	79	108	6	96	12	5	87	36	55	35	86	41	33	104	118	95	82	78	22	39	34	77	42	94	22	65	32	75	14	19	15	72	25	2	111	59	40	22	79	22	105	56	13	116	5	39	39	1	14	14	87	102	37	14	71	68	101	114	53	87	37	21	28	61	22	49	82	67	114	33	76	85	60	68	57	81	94	43	61	60	66	27	22	95	60	60	105	10	69	57	35	7	103	41	6	89	29	83	5	114	49	117	64	60	40	66	65	22	1	23	108	114	115	56	6	23	30	118	70	32	119	51	96	38	20	22	111	90	33	88	87	100	64	51	47	64	10	79	68	0	80	110	109	85	103	8	107	89	39	54	63	6	68	66	59	77	70	28	29	88	68	16	107	115	101	68	16	117	115	20	32	14	28	24	8	7	73	97	80	31	14	76	116	6	33	69	86	6	29	100	33	100	19	104	18	15	102	25	5	24	71	13	112	52	11	110	105	41	43	38	46	70	87	30	72	9	107	65	80	98	14	49	81	67	114	75	58	54	16	11	90	6	27	11	17	101	3	35	52	49	109	29	84	75	64	96	1	52	59	29	117	104	99	70	8	59	8	54	96	69	52	54	78	119	91	22	87	2	67	47	81	114	30	84	94	43	89	32	68	38	52	3	77	12	31	24	16	71	83	65	59	30	18	76	43	74	54	3	103	119	14	101	101	16	79	69	111	50	38	33	109	3	57	69	71	10	20	95	63	94	85	82	93	75	61	116	24	116	58	91	94	41	78	56	110	47	119	1	29	68	2	2	96	35	82	105	100	115	110	83	30	110	92	74	23	65	8	99	118	42	40	103	4	37	17	58	47	98	44	71	109	13	31	86	85	10	86	9	23	87	16	113	84	57	10	34	18	114	68	99	38	71	27	33	25	39	11	20	22	22	76	12	94	100	31	88	43	66	72	16	102	70	5	69	44	6	2	77	39	95	80	11	23	116	75	41	92	15	91	50	27	104	35	108	110	107	53	7	59	69	112	88	106	42	39	54	56	58	66	60	73	76	110	58	115	84	29	110	43	115	18	17	55	67	43	37	74	95	95	61	98	77	13	84	67	66	56	30	65	92	78	25	36	68	116	115	60	105	32	11	80	103	10	84	25	19	0	49	111	6	3	59	41	72	69	115	114	59	54	119	66	15	113	12	101	47	35	87	79	17	1	108	15	1	80	67	97	98	84	113	110	71	50	49	52	52	109	37	41	22	10	72	87	72	50	16	97	2	16	25	98	97	62	12	104	8	31	73	119	41	102	92	25	33	64	90	5	78	113	11	92	78	95	117	112	49	43	72	17	104	23	20	100	86	26	74	68	111	110	96	41	82	96	9	60	64	85	14	9	35	6	30	19	102	12	116	17	103	23	63	14	2	96	18	44	80	26	55	30	8	12	40	94	40	76	25	54	33	75	94	82	29	92	92	17	112	37	70	53	50	41	96	18	15	37	44	46	17	82	53	31	96	24	0	13	115	92	106	90	57	6	97	85	116	72	48	18	34	65	56	33	98	92	1	35	23	72	31	117	42	21	85	9	81	36	27	85	86	44	4	16	53	33	34	15	12	45	43	1	42	113	98	15	83	74	26	115	119	11	43	103	8	76	91	68	59	41	92	29	47	64	79	38	115	88	24	54	34	13	7	7	91	0	108	34	15	115	97	38	79	70	4	98	61	26	108	44	77	44	99	50	18	70	10	17	62	1	50	108	1	108	104	50	46	98	0	82	32	103	18	83	74	50	84	33	105	34	119	86	118	71	86	90	16	20	1	11	67	58	12	32	92	76	97	43	103	88	53	65	44	12	73	72	49	69	54	49	60	52	38	57	33	91	28	2	52	35	16	105	88	44	12	1	87	28	19	95	105	119	62	96	109	61	16	112	48	114	33	112	15	36	22	9	65	64	24	114	71	77	2	0	90	94	75	7	74	16	32	37	43	51	48	94	8	29	117	25	83	68	101	64	96	38	51	9	80	11	68	73	75	103	118	19	102	60	105	16	87	96	54	101	1	71	101	101	37	0	70	64	41	28	53	99	106	40	52	117	55	9	75	69	12	76	45	69	106	3	34	57	13	7	56	29	36	86	31	83	26	21	58	119	18	9	54	60	102	47	20	31	109	58	59	77	116	31	14	21	54	17	63	39	0	24	101	26	20	54	33	56	3	25	84	48	21	35	44	53	93	54	76	87	45	37	71	73	96	26	103	50	38	81	11	12	63	51	89	98	91	5	65	20	38	4	61	72	52	22	49	37	48	36	75	34	87	47	57	21	67	39	100	87	49	24	8	10	85	52	68	93	48	57	81	2	118	21	110	115	68	32	80	88	31	68	12	48	67	30	97	116	58	65	55	43	17	79	32	44	117	75	42	89	4	1	102	91	65	82	10	4	85	41	64	86	4	103	68	14	67	28	21	56	85	18	10	90	56	96	43	114	19	3	109	90	33	99	89	57	96	49	12	54	40	90	108	89	110	15	66	36	110	79	27	11	68	100	102	33	94	73	118	117	69	63	45	75	53	75	97	1	40	80	83	29	53	15	72	16	49	8	89	64	45	23	100	87	12	49	13	21	52	67	81	109	45	30	98	114	2	109	59	56	39	54	100	9	69	28	103	70	22	109	65	16	84	101	93	47	78	61	115	29	9	31	100	30	85	78	41	38	30	64	84	33	25	42	31	115	3	112	9	6	43	67	40	25	1	112	107	88	74	100	99	106	117	37	1	113	119	90	44	29	86	18	23	13	65	56	112	59	78	5	118	63	96	62	39	44	38	25	61	114	80	13	110	62	31	101	56	78	96	6	92	71	35	87	41	63	70	5	13	108	63	19	105	18	37	109	118	41	70	65	80	100	119	53	25	0	59	24	9	20	71	84	50	60	32	87	75	100	87	100	66	82	92	118	114	115	118	78	50	3	72	28	93	35	100	69	58	104	117	37	33	5	97	2	110	68	109	100	22	44	7	110	22	91	75	118	30	85	100	27	13	109	52	47	95	54	22	12	37	103	115	51	26	13	11	76	53	90	61	6	52	15	110	72	56	82	19	1	108	94	111	107	96	98	65	63	50	89	21	85	86	114	9	62	12	48	60	80	55	8	83	53	96	38	77	66	68	95	81	11	72	105	3	12	88	114	116	45	15	4	23	54	7	14	20	21	3	64	85	105	5	5	9	61	54	14	26	50	2	68	39	104	42	5	105	44	21	65	78	35	15	92	60	6	117	27	105	109	92	83	88	4	22	0	9	9	40	2	9	1	95	90	87	111	117	54	90	80	14	57	74	69	10	28	79	17	119	51	73	99	73	90	107	70	92	5	5	79	32	50	76	29	118	15	29	11	102	70	9	42	98	14	10	3	42	46	76	39	46	83	112	78	110	91	15	77	55	25	13	41	62	98	9	23	25	68	22	4	83	100	113	85	12	9	95	71	54	14	115	104	94	117	14	24	97	0	105	39	63	13	53	97	49	59	111	21	112	6	104	72	25	27	110	63	1	52	58	10	42	39	8	96	30	119	51	111	78	1	30	49	17	35	58	112	119	103	29	98	52	62	98	109	109	73	43	39	94	9	27	74	46	64	52	50	12	105	44	66	13	100	39	97	55	102	26	14	101	12	39	10	74	44	37	89	30	13	73	11	60	28	11	23	76	67	107	34	6	99	63	24	119	89	34	72	21	107	2	92	1	92	81	80	38	24	11	11	54	27	92	109	111	68	66	28	45	38	39	5	56	5	40	89	104	82	79	104	23	93	34	10	50	37	52	102	83	40	48	102	45	31	16	37	46	104	22	3	19	50	53	53	26	7	54	10	45	111	22	27	107	38	82	75	83	54	116	0	79	24	101	55	98	104	63	12	49	86	111	65	74	84	59	91	92	55	88	41	53	94	39	43	26	46	48	44	42	60	43	113	46	56	113	6	90	97	97	34	84	15	106	107	115	113	109	78	86	75	42	79	57	8	61	101	97	103	56	28	8	77	105	107	16	97	105	58	32	2	34	43	99	71	102	19	51	48	25	80	52	55	89	16	47	96	79	95	18	23	86	12	101	57	48	60	3	14	110	73	73	35	1	57	51	17	98	98	16	76	7	110	86	111	106	67	8	100	42	110	43	24	48	73	39	90	57	82	92	71	94	67	115	113	16	114	68	23	59	12	73	91	103	71	88	111	47	68	113	4	20	25	0	72	16	111	82	56	100	34	102	31	69	29	38	111	119	6	26	98	57	94	62	74	101	33	34	41	95	58	97	115	106	18	94	18	52	118	83	102	12	90	43	18	41	49	61	13	14	44	72	63	50	29	56	31	8	29	83	23	0	45	45	100	97	8	70	95	31	81	99	9	54	24	8	9	51	98	86	82	77	80	48	63	98	71	14	53	107	83	91	32	17	76	100	109	112	95	64	79	51	65	2	78	113	59	114	115	89	21	118	69	0	10	30	90	46	34	72	74	84	5	35	12	112	44	15	19	6	116	71	76	40	26	98	91	27	75	118	55	16	14	95	70	90	73	94	22	118	82	47	23	98	83	105	15	16	15	9	14	14	13	39	77	72	75	41	42	61	89	107	16	37	44	94	94	114	72	96	90	53	113	63	49	72	22	75	97	98	66	49	67	110	62	70	45	11	118	107	26	28	87	40	112	4	46	65	3	44	55	102	0	54	64	39	27	109	54	53	88	73	7	113	73	54	66	23	5	34	52	24	109	37	72	82	62	115	94	24	81	12	53	17	34	46	34	6	29	109	103	6	58	108	73	87	115	47	29	115	107	4	113	2	57	77	45	1	82	23	105	47	24	48	42	109	7	3	103	20	45	87	22	55	12	109	9	66	11	63	52	15	101	67	113	47	73	22	98	82	58	17	18	20	66	83	113	51	2	24	97	25	94	74	16	42	86	95	73	100	56	59	80	35	78	107	91	10	7	119	12	50	23	45	107	9	73	57	64	27	45	72	94	35	99	0	82	54	53	40	17	59	104	105	33	7	21	58	71	9	90	80	107	106	14	104	7	67	93	2	49	69	74	104	78	51	55	35	75	94	87	101	82	18	66	5	53	47	62	44	40	84	22	107	22	39	111	63	97	18	19	78	65	98	7	10	93	15	37	26	9	44	49	71	72	38	64	54	79	108	16	11	94	109	83	21	31	84	21	39	8	80	18	82	17	65	37	7	80	99	92	97	32	49	5	63	98	91	16	105	110	108	68	39	95	27	63	83	34	13	41	7	75	97	82	24	12	80	29	23	115	54	88	6	16	18	38	81	21	32	59	77	57	29	33	81	23	25	71	108	44	81	76	30	62	83	101	31	119	9	88	46	31	81	39	54	78	61	27	69	108	52	57	3	83	118	18	38	117	12	21	106	56	73	31	17	69	117	26	112	6	104	92	69	47	30	20	95	75	63	90	40	7	4	19	102	108	111	22	45	84	42	56	111	92	11	19	48	62	109	48	34	27	103	112	21	35	99	4	91	24	18	85	116	98	13	24	95	24	46	3	106	5	80	14	34	16	14	12	40	25	50	117	34	31	56	38	60	54	101	96	38	90	37	69	59	77	80	56	5	35	94	89	88	57	110	70	84	20	5	52	43	42	73	16	99	56	119	81	19	51	75	68	30	30	62	71	30	119	78	14	114	101	39	109	113	114	90	7	55	2	54	117	91	112	78	26	23	50	47	112	73	92	18	50	51	12	58	61	86	73	67	54	106	118	119	77	49	60	24	44	38	119	22	24	38	66	27	89	44	37	89	33	11	17	102	38	108	109	57	62	37	33	109	69	11	31	30	67	9	100	46	57	61	109	109	94	85	60	90	22	96	55	108	105	40	111	109	87	34	33	103	5	29	88	78	119	25	9	102	35	116	60	76	87	64	108	97	71	46	17	111	30	54	78	21	94	63	105	102	6	17	89	19	66	12	9	33	101	95	18	50	10	11	15	57	59	95	115	23	13	36	5	106	4	8	35	78	39	105	80	63	53	118	55	37	68	94	0	40	4	31	73	67	100	108	55	91	102	103	8	79	20	57	57	59	47	30	75	41	110	109	88	42	103	52	7	76	78	26	21	11	53	106	81	87	57	57	19	114	54	40	3	37	73	96	68	43	92	57	98	88	40	47	57	44	40	1	97	2	35	108	53	84	110	51	70	45	50	31	35	89	11	99	35	94	37	14	35	39	36	63	74	82	100	102	96	79	116	71	86	77	70	56	33	111	115	63	91	2	99	0	77	103	63	56	109	94	18	26	9	63	109	110	21	116	0	101	76	87	8	4	34	102	41	54	27	75	87	45	55	30	82	29	69	12	3	6	41	35	10	48	45	4	58	108	57	12	90	41	42	50	50	100	55	18	117	22	94	93	25	29	111	95	0	78	93	83	63	81	75	9	21	64	112	75	31	52	88	50	93	7	63	31	104	14	25	102	88	48	88	98	59	81	104	89	99	118	105	96	95	96	48	89	54	103	7	28	45	35	94	51	32	5	90	72	55	115	96	69	53	18	67	85	77	68	99	1	110	89	98	57	31	115	53	93	18	35	114	19	66	67	63	90	4	8	117	52	5	96	81	26	81	111	103	55	78	28	5	53	44	2	56	84	61	81	16	18	77	89	107	56	92	81	88	113	2	11	49	17	72	65	110	33	70	24	100	10	32	16	37	11	88	97	97	102	103	27	22	50	22	18	7	36	44	118	37	66	78	43	43	109	70	24	37	112	38	50	74	69	118	52	56	84	36	19	48	111	66	95	91	76	80	90	21	111	119	112	80	48	42	114	64	103	93	69	118	9	66	44	103	28	88	119	93	105	11	87	114	99	16	90	98	39	117	99	73	64	111	88	50	18	3	75	72	72	105	110	52	113	17	9	40	42	79	51	64	24	92	46	44	107	38	9	86	11	45	104	38	10	77	114	4	22	28	41	85	113	109	23	53	65	97	89	57	79	54	15	23	65	109	66	88	35	117	71	9	75	92	86	69	119	111	46	93	77	29	83	39	62	113	108	61	97	19	86	15	28	2	68	69	103	3	104	115	30	54	5	115	44	67	85	39	94	79	13	6	98	27	52	86	27	72	74	74	43	3	9	22	119	50	102	112	90	103	114	81	86	52	71	82	103	82	113	95	104	41	81	109	40	49	99	2	47	2	3	37	81	13	35	103	35	29	78	47	30	96	118	102	47	118	94	47	98	63	53	43	111	114	90	77	3	75	18	100	88	106	12	60	92	110	13	117	8	113	108	15	3	81	113	21	88	109	27	75	113	71	109	2	49	20	51	0	101	0	69	12	77	17	40	88	107	21	18	25	92	109	18	88	114	114	118	71	62	113	72	16	15	71	93	54	75	25	94	119	89	8	84	67	6	113	12	110	84	40	113	117	52	35	17	63	14	58	51	70	27	109	80	90	77	73	0	80	67	36	74	41	15	37	55	94	62	92	81	41	56	57	102	18	85	109	11	59	60	55	45	76	7	36	32	99	63	104	32	115	18	48	3	82	99	28	105	23	42	28	119	13	14	114	7	117	32	6	10	62	25	77	21	54	83	4	50	118	96	26	18	4	45	75	31	107	101	119	59	63	42	84	69	58	41	104	10	78	22	58	114	107	80	67	66	12	92	60	23	98	66	34	84	57	87	114	40	27	101	59	9	114	74	33	96	25	84	47	72	50	111	88	13	100	98	102	118	33	16	2	100	16	115	68	23	24	81	10	64	87	27	15	74	27	42	11	54	62	52	95	84	44	101	14	101	20	108	96	37	8	54	39	83	69	90	57	83	101	28	104	68	85	80	1	2	76	15	33	49	110	2	55	89	100	25	93	61	35	97	81	28	73	88	80	106	39	71	23	57	80	46	103	35	119	94	103	47	24	73	19	118	63	36	54	90	69	53	102	70	58	18	70	64	107	119	97	34	107	16	107	54	88	91	12	101	80	56	55	9	22	101	25	33	53	11	101	107	117	101	80	97	10	118	1	48	58	82	84	117	9	28	18	8	10	117	69	79	100	102	7	63	53	36	65	16	23	104	36	107	8	109	105	51	41	7	75	74	10	99	53	45	107	40	51	15	100	113	118	95	117	78	60	107	63	108	39	57	62	14	4	70	52	19	70	7	47	119	43	112	56	19	104	93	11	20	93	68	93	85	116	43	84	71	77	81	60	28	7	112	44	56	61	114	18	1	39	65	16	30	115	28	111	78	28	10	39	11	90	96	95	50	8	35	46	117	47	67	114	85	13	68	86	92	48	73	15	14	76	96	71	35	20	111	7	63	1	100	46	17	95	2	47	98	
9	8	1	6	4	4	3	14	16	10	17	14	4	7	8	1	6	16	5	1	3	18	18	14	16	3	3	10	1	10	17	13	8	2	10	17	19	6	2	10	1	1	14	10	12	7	4	2	12	16	12	2	16	11	11	20	7	4	19	4	19	12	16	12	5	17	11	17	18	18	10	7	11	1	16	16	4	15	17	4	4	18	15	5	6	17	1	7	12	15	8	20	7	20	19	13	7	20	13	10	7	6	18	1	10	10	16	2	6	13	15	15	16	20	20	5	1	8	9	8	6	2	6	9	7	20	12	18	6	5	4	20	16	16	12	8	6	16	12	6	17	8	3	15	3	19	14	7	17	4	19	11	13	4	10	6	12	12	20	17	20	1	11	9	1	7	8	4	8	12	20	13	7	1	12	7	6	18	17	2	15	5	4	3	14	11	1	8	9	12	3	9	8	18	18	14	12	18	3	6	12	17	14	6	14	7	2	17	1	2	2	6	1	3	1	13	12	2	14	19	10	17	16	17	9	5	2	1	17	10	14	2	8	14	10	7	14	2	13	8	17	3	5	11	5	13	11	3	19	6	16	19	9	15	13	15	16	12	3	8	7	15	3	3	2	1	2	6	15	11	5	17	14	13	13	17	5	1	10	3	11	15	15	20	17	18	16	14	3	1	17	8	18	13	17	9	16	5	19	5	10	12	6	10	7	12	5	15	15	13	19	3	20	10	19	18	2	6	3	5	3	13	5	9	20	6	4	14	11	7	5	13	1	13	11	15	5	9	7	18	12	8	8	6	8	3	8	8	10	14	5	18	15	8	14	16	11	16	6	12	12	4	5	6	18	13	20	15	11	8	9	13	4	18	15	8	5	12	5	6	20	19	10	15	6	19	9	16	19	19	2	3	17	10	2	8	20	18	18	9	11	5	8	14	4	2	3	8	15	18	10	13	19	12	13	9	2	16	5	10	12	15	19	7	3	9	4	20	20	12	13	15	7	18	12	4	18	2	1	13	18	16	1	1	1	1	5	2	20	7	19	1	7	15	13	3	5	6	7	6	10	5	5	4	18	1	7	9	19	11	19	15	10	12	4	2	4	4	10	8	5	2	2	17	16	2	10	11	20	1	13	3	10	8	6	16	13	16	18	10	8	2	12	4	9	20	11	19	17	1	3	13	13	11	14	3	9	15	15	5	15	18	5	16	8	17	12	10	9	13	10	4	18	11	3	14	1	10	4	6	16	16	19	9	20	10	15	2	10	11	20	17	19	6	6	11	19	18	11	2	8	6	18	6	6	5	2	13	15	14	14	11	16	15	6	10	6	13	12	2	17	18	11	20	7	5	10	14	1	4	1	9	4	20	5	1	16	14	16	11	7	19	13	9	9	4	11	11	16	6	6	15	5	1	15	17	9	20	12	2	20	3	4	13	5	11	14	12	18	16	18	10	7	1	9	15	15	9	5	17	20	3	13	13	18	2	12	10	8	5	2	12	13	11	20	9	14	14	4	8	18	7	10	10	4	20	14	11	18	8	7	13	12	13	2	20	1	16	6	13	11	14	2	10	6	8	14	3	1	11	7	14	10	16	2	7	14	3	8	20	2	19	11	1	18	16	3	8	20	11	5	9	16	16	2	5	4	2	12	14	9	8	10	4	12	1	15	5	1	20	15	5	15	12	16	14	12	8	5	20	12	18	9	9	6	12	4	9	4	9	15	18	14	15	19	12	19	11	10	4	14	10	11	12	12	13	13	17	12	9	5	2	1	3	2	11	9	8	6	2	20	1	7	7	4	19	1	8	6	14	17	20	15	17	1	12	19	4	12	20	4	7	17	8	9	10	13	9	6	4	7	8	6	6	14	2	13	3	13	11	5	7	5	1	13	3	9	11	16	4	8	1	16	7	9	14	9	3	15	4	5	12	12	7	6	11	3	13	4	16	8	12	3	11	16	10	6	1	4	4	6	12	15	8	10	14	15	4	4	6	1	4	15	11	6	7	16	11	4	11	13	10	7	5	11	2	11	14	5	12	12	8	3	8	7	15	10	12	15	5	1	15	16	11	1	13	12	6	16	7	2	11	11	9	9	12	5	7	9	3	4	11	14	11	16	12	6	14	14	3	8	16	10	8	7	14	9	11	2	9	4	8	10	13	5	12	13	3	16	16	12	16	3	6	5	3	12	3	3	5	11	6	1	11	9	8	6	3	1	13	1	7	9	10	7	5	4	14	5	16	4	5	12	4	12	8	3	8	5	4	8	10	4	16	3	1	2	14	9	3	4	9	3	13	15	15	13	15	2	14	1	10	16	2	3	11	8	4	14	11	11	8	9	12	1	2	6	9	15	15	9	8	8	9	8	9	8	3	2	7	2	3	11	13	1	11	15	6	7	11	11	1	6	4	9	6	7	4	11	10	2	4	11	9	12	16	4	5	8	8	6	9	9	3	15	11	6	10	4	13	14	14	4	2	13	14	4	3	5	7	7	5	11	8	1	8	3	11	4	11	4	9	16	8	7	8	13	9	5	16	13	3	2	3	6	6	9	6	4	5	7	3	8	8	6	15	3	7	15	3	11	2	11	11	14	14	15	9	5	3	7	11	8	5	7	9	2	7	10	12	5	14	9	14	3	5	9	1	10	1	14	14	6	4	4	5	14	15	1	3	3	5	4	4	8	4	16	15	5	11	14	3	6	12	2	13	16	10	6	8	6	14	12	3	2	12	16	4	5	4	16	13	10	10	10	10	9	3	6	14	6	6	1	5	16	5	5	9	5	14	3	16	7	8	10	7	11	6	2	5	14	15	7	7	3	10	1	5	7	5	4	14	11	11	4	14	16	5	13	6	2	14	4	12	8	2	1	13	10	13	14	5	15	15	6	1	4	16	1	16	12	13	10	12	15	8	11	5	14	9	12	10	2	5	15	14	16	10	16	7	1	8	15	6	12	11	4	8	4	2	10	8	3	4	12	1	13	13	15	9	11	16	12	16	6	15	2	15	4	3	1	7	12	3	8	10	5	13	7	14	9	9	15	14	4	12	4	13	9	8	6	15	2	4	6	9	5	7	16	8	15	3	2	6	10	6	6	10	12	7	8	1	5	4	2	8	3	5	13	6	6	4	11	16	5	6	2	1	14	2	16	16	4	14	6	1	11	12	5	4	8	9	8	15	1	1	1	15	3	13	13	14	4	5	8	6	1	2	13	12	11	15	1	4	8	13	11	13	11	4	15	6	12	16	15	12	3	13	2	5	15	16	11	13	10	2	11	8	6	3	16	3	8	15	16	7	16	13	12	15	14	14	2	1	16	2	6	14	14	5	1	8	4	10	12	12	8	1	3	13	8	16	8	10	14	15	4	2	12	13	6	13	13	14	2	1	7	4	15	15	11	4	14	6	10	9	12	7	12	3	14	13	13	16	13	3	2	15	10	14	3	13	5	15	5	4	15	9	1	15	15	11	1	16	16	13	7	11	16	7	9	6	3	11	11	12	10	2	3	3	8	8	8	2	7	3	16	2	3	3	2	5	9	12	7	9	8	4	8	6	7	2	3	2	9	16	11	16	14	12	10	16	16	4	8	15	11	11	6	8	14	2	15	1	13	14	13	2	11	15	12	13	2	8	10	16	1	7	9	16	6	11	8	14	15	4	6	4	7	4	11	5	5	1	4	16	11	3	5	3	10	1	5	14	11	15	3	1	3	9	9	8	6	7	3	12	8	15	6	10	10	5	6	5	3	16	7	13	8	4	10	15	11	10	11	3	8	4	6	5	11	13	6	16	2	3	3	1	16	7	9	1	12	14	8	13	4	15	16	2	11	7	14	14	11	9	4	1	15	6	6	8	11	12	9	10	6	11	3	10	13	7	4	15	9	6	6	6	11	14	5	3	7	9	2	8	4	4	16	8	13	6	11	10	8	2	14	5	10	9	11	14	3	10	6	7	13	15	13	9	6	2	3	5	3	11	15	13	1	2	2	15	14	9	10	15	7	11	3	12	15	14	11	9	7	10	11	11	13	11	8	15	16	11	4	13	8	11	16	3	13	9	13	11	10	6	12	3	2	3	3	5	2	11	6	3	13	16	5	15	16	15	2	7	5	11	13	8	8	3	9	8	8	9	6	1	16	10	13	9	7	9	14	9	16	15	7	12	1	9	16	8	15	7	3	3	14	13	6	8	10	5	8	2	16	12	4	16	15	3	3	16	3	2	9	9	11	6	5	16	1	16	3	8	14	8	16	8	8	3	11	7	6	14	13	6	8	16	13	8	5	2	2	11	3	11	1	12	10	1	9	1	3	2	6	10	15	4	13	6	10	1	15	12	8	13	13	16	12	14	15	7	13	1	6	3	11	16	14	11	16	4	9	14	1	6	9	9	2	11	12	14	11	3	5	2	14	7	4	15	10	5	10	4	11	7	8	7	11	7	13	6	5	8	10	9	9	3	16	11	8	12	14	9	2	14	10	10	10	6	2	16	11	6	13	16	7	12	3	14	15	9	14	8	11	11	7	15	3	10	13	14	6	5	15	1	5	2	14	14	13	14	15	3	3	10	10	15	1	3	15	8	11	12	3	14	12	6	11	6	1	9	11	6	2	8	7	14	1	1	14	15	10	14	1	3	7	7	9	10	2	9	14	1	7	14	10	8	10	2	15	5	12	16	9	4	5	2	3	5	7	5	9	1	9	16	6	2	8	10	4	2	1	12	2	2	7	5	9	9	7	15	11	10	4	13	4	16	12	9	13	8	11	6	8	15	15	2	5	2	8	13	8	11	11	12	2	6	15	10	9	1	4	9	14	2	5	9	8	16	16	12	3	14	7	1	7	1	11	5	1	7	8	4	2	9	11	3	16	11	14	7	3	6	9	9	14	4	9	15	8	2	1	15	10	13	10	15	5	12	3	4	16	5	8	10	13	12	14	7	10	11	9	15	2	16	9	6	8	10	16	12	10	3	10	2	11	6	13	12	7	2	1	4	16	16	7	4	6	5	7	16	9	8	15	2	14	4	8	11	9	11	1	8	3	8	1	15	16	1	5	7	12	12	3	4	7	7	16	7	15	3	9	8	2	5	4	8	16	3	10	1	9	12	3	7	8	9	10	13	16	3	16	14	2	6	1	8	13	1	6	5	5	14	1	16	7	13	15	13	11	14	3	14	14	4	8	11	6	13	4	13	5	10	9	13	16	4	15	14	16	6	8	3	3	15	16	8	4	13	3	2	16	7	12	15	6	2	16	5	15	10	10	12	12	6	15	11	6	6	2	1	5	4	10	5	6	7	12	3	5	7	8	14	7	12	2	2	11	10	4	16	8	14	6	4	1	1	12	12	12	6	1	12	12	16	14	1	5	7	6	9	6	11	3	16	16	12	2	13	10	3	4	1	11	3	9	6	15	10	13	9	13	10	2	10	15	2	13	1	5	1	14	2	15	1	3	4	13	14	14	10	12	16	3	10	4	7	12	13	10	3	9	8	9	4	7	12	5	10	2	3	8	3	5	16	16	6	4	5	11	13	6	11	13	15	8	2	8	5	5	7	16	15	2	15	3	2	4	16	4	10	7	8	1	5	3	12	3	2	9	7	1	6	6	14	16	9	7	7	3	16	12	8	11	13	16	11	1	2	6	10	7	5	11	15	5	8	4	4	11	10	7	7	16	7	10	12	9	12	3	2	1	16	2	7	11	12	1	2	1	12	1	1	11	11	9	8	4	4	5	9	5	14	6	3	6	1	5	16	4	10	15	3	3	16	9	5	14	2	6	1	13	3	14	12	11	10	9	10	5	16	8	11	4	16	13	10	10	8	6	8	8	4	7	4	15	5	10	9	12	8	7	4	12	15	8	12	15	5	9	12	6	15	11	7	2	13	5	1	7	1	13	8	3	9	8	14	16	15	13	5	1	9	8	16	6	3	4	8	14	1	10	16	6	11	1	7	2	12	4	2	13	11	14	2	12	12	15	2	8	11	4	12	2	10	12	10	2	7	12	2	10	14	7	15	5	14	14	8	10	9	3	14	12	5	10	15	1	16	9	1	4	8	8	7	12	9	4	1	7	6	15	15	2	2	16	6	3	10	1	2	7	14	2	7	14	3	15	8	11	8	14	13	14	11	8	9	2	15	14	12	9	11	6	9	15	14	5	9	3	6	7	1	11	7	13	5	14	4	7	16	13	16	10	10	8	6	14	4	14	2	6	16	8	6	6	16	1	9	1	10	4	9	7	16	15	15	14	13	16	12	11	9	10	13	6	9	12	3	7	8	5	3	12	1	4	3	3	1	2	16	6	2	6	8	3	14	7	7	15	15	3	12	3	13	2	9	8	7	10	16	8	10	14	10	9	10	4	15	3	3	9	5	1	12	13	7	6	1	2	3	11	4	11	1	13	1	14	14	12	4	2	1	5	14	16	13	5	14	13	16	10	13	2	3	5	11	15	6	7	9	6	8	6	16	16	4	4	1	7	6	7	5	5	2	9	2	3	9	13	9	14	16	14	10	3	2	12	2	14	2	1	4	4	8	6	15	12	4	3	16	9	15	11	9	11	9	12	2	4	2	12	1	12	10	3	13	13	3	3	2	8	5	10	6	16	1	9	10	14	13	1	8	11	2	8	3	3	15	14	4	5	2	5	15	14	5	16	1	2	12	15	7	7	9	15	6	12	13	9	2	6	9	2	4	3	2	3	1	10	11	13	8	14	3	2	1	13	5	2	12	8	6	16	5	14	16	11	2	7	16	15	7	2	16	16	8	9	14	4	6	16	13	4	2	7	12	7	6	16	3	14	9	11	3	5	15	13	1	9	2	11	5	2	15	1	2	9	4	12	10	10	11	16	6	12	4	6	6	12	5	11	13	15	5	6	15	1	7	16	5	9	12	1	15	9	1	8	2	13	13	12	5	8	1	15	4	6	10	5	14	16	7	11	14	14	2	7	7	10	8	1	13	2	3	9	4	12	13	1	7	12	3	2	4	8	3	8	2	8	1	7	14	11	15	13	8	4	6	5	3	10	3	12	15	12	7	11	10	8	7	2	3	12	1	6	6	16	9	11	12	10	10	14	7	15	15	12	15	15	2	2	11	16	14	11	10	9	5	14	12	8	5	13	1	8	4	9	11	10	1	15	9	8	7	7	4	15	16	16	15	5	10	5	3	15	10	2	3	4	6	11	3	14	5	15	7	4	3	13	3	15	9	9	2	9	3	15	16	3	4	5	11	10	3	12	8	16	10	11	12	15	16	15	4	11	10	9	3	5	2	4	7	7	8	5	15	11	15	3	2	16	6	16	5	2	16	14	2	8	14	15	4	4	13	6	14	7	7	5	2	14	15	3	4	7	11	14	5	4	5	8	2	2	7	3	8	7	12	5	5	3	13	14	6	16	15	6	13	12	9	8	3	14	9	6	4	15	7	6	16	5	7	2	15	1	15	11	14	5	4	10	7	12	2	2	7	5	9	4	2	8	5	5	10	15	6	2	2	11	16	7	11	12	15	11	7	11	11	8	16	12	9	14	7	2	3	10	5	5	9	5	16	1	15	9	14	1	15	11	8	6	10	1	12	4	12	5	11	8	8	14	10	15	15	16	15	11	3	9	6	16	11	8	14	15	3	13	9	6	6	10	7	1	2	12	6	9	9	1	7	16	8	8	10	4	1	9	12	11	2	3	13	10	8	7	1	6	15	13	15	5	6	3	10	9	11	10	15	12	14	13	14	7	3	12	14	14	1	10	3	5	14	16	4	11	4	7	5	14	3	4	7	15	9	10	5	15	1	10	13	1	2	10	3	1	14	8	2	13	3	8	5	16	12	9	1	13	9	6	8	5	16	11	9	15	1	5	7	16	1	9	13	5	7	14	13	12	4	9	11	14	1	4	6	14	15	6	4	14	3	10	12	7	13	14	14	16	5	7	13	10	9	1	1	1	14	1	11	12	15	5	16	10	10	6	1	7	14	14	9	2	3	15	12	3	16	5	14	5	1	12	2	16	13	6	12	4	7	15	14	3	1	12	3	13	5	14	1	16	6	12	4	14	1	12	3	3	1	16	11	13	9	7	7	3	14	10	5	16	1	7	6	6	5	14	11	10	15	11	7	14	11	7	6	1	9	6	12	11	4	7	5	7	12	10	3	2	10	7	13	9	4	10	16	8	13	13	1	11	4	7	2	6	14	10	10	6	14	15	4	1	12	14	12	11	16	12	11	6	14	2	4	12	14	15	14	11	11	13	16	2	3	11	13	7	15	4	14	11	14	8	2	2	9	15	6	3	15	2	12	12	1	11	5	13	2	7	3	15	16	16	12	9	11	12	4	15	12	6	8	14	7	2	5	4	3	8	14	10	16	2	2	7	12	8	4	11	8	13	1	5	5	1	13	10	8	2	5	10	7	8	2	11	1	15	9	10	15	3	1	14	12	6	4	1	8	11	6	3	8	8	16	16	2	6	6	5	6	14	14	2	11	1	13	16	11	2	15	15	9	8	16	4	14	16	12	16	10	6	8	15	10	16	8	1	2	5	7	15	4	1	5	1	4	9	15	1	7	5	2	11	14	8	4	4	7	16	13	8	10	6	3	14	5	3	5	15	4	9	11	15	9	16	10	6	6	9	16	11	13	9	13	3	4	2	10	3	4	3	13	7	10	15	2	12	11	13	12	13	12	13	16	3	8	10	8	6	6	6	14	8	1	4	3	13	12	4	7	12	9	14	7	9	13	16	1	7	15	8	5	6	5	10	8	8	15	14	13	4	16	2	16	15	10	3	3	11	4	8	11	8	8	11	5	12	8	3	4	14	10	4	13	2	13	3	12	1	11	12	2	2	3	13	10	5	7	6	15	15	4	1	4	1	15	4	8	2	4	4	11	9	5	2	12	10	16	7	6	3	1	7	14	6	15	5	4	6	9	10	10	9	9	6	9	14	8	6	7	6	11	6	4	5	4	14	8	7	1	16	16	7	16	3	2	11	3	8	11	12	9	3	14	12	4	6	1	5	4	16	16	16	12	5	2	14	3	9	8	3	14	3	4	3	9	4	1	4	12	15	2	16	12	5	16	14	2	7	9	7	4	10	5	15	15	15	4	15	7	11	8	7	12	13	4	11	3	1	8	9	3	2	8	3	15	6	16	10	16	16	15	14	14	11	15	9	8	16	12	1	1	12	6	4	7	5	3	3	10	9	7	2	9	15	2	3	7	4	5	14	9	14	14	14	1	2	1	11	15	8	8	11	16	5	2	8	2	15	11	15	6	3	11	16	8	12	9	3	4	5	16	7	6	12	13	2	15	9	14	2	4	11	13	10	11	5	15	14	12	1	12	11	11	4	13	7	7	11	1	5	1	4	13	9	2	13	10	14	6	6	8	15	2	5	6	15	15	2	9	2	15	16	13	16	13	8	1	1	3	10	4	16	16	6	10	7	3	13	10	13	11	10	10	2	1	14	4	6	10	13	14	8	1	5	8	8	6	2	4	2	6	13	4	10	6	7	14	2	1	4	14	9	3	12	11	2	3	11	16	2	3	5	14	14	12	11	7	11	13	6	2	9	7	13	16	8	9	9	16	11	15	8	15	10	9	13	3	7	4	4	5	10	7	13	14	4	2	4	1	7	14	8	14	16	16	16	4	15	9	9	3	1	10	7	1	13	15	7	1	3	5	6	1	8	5	4	16	1	1	14	4	15	10	13	1	6	1	3	4	12	15	15	15	2	13	12	11	11	9	10	1	7	6	2	3	3	3	11	3	16	8	3	16	11	1	14	16	14	16	1	6	9	10	4	4	9	11	15	4	8	7	5	13	15	7	10	15	15	15	3	8	6	15	1	3	3	10	8	14	14	8	6	11	9	16	5	13	13	3	4	16	5	12	1	8	5	4	5	13	4	8	10	5	1	9	7	14	5	2	9	1	8	1	2	4	11	13	12	1	16	1	13	2	7	5	3	7	10	1	5	8	7	12	14	7	10	11	16	3	14	5	5	6	11	11	11	3	15	9	15	16	8	3	3	1	14	16	10	12	14	4	2	9	15	1	2	8	11	15	6	11	4	7	16	6	16	11	6	4	7	13	9	4	6	5	2	7	11	15	9	9	10	9	12	15	3	2	13	4	6	9	14	6	4	15	16	10	2	8	11	9	12	9	11	13	11	2	8	1	1	1	8	4	7	14	13	10	4	5	12	15	13	13	10	8	12	5	14	3	6	11	14	8	16	1	1	1	5	3	1	13	2	6	5	4	5	13	15	9	11	10	10	10	2	2	5	8	11	11	1	12	12	13	4	13	15	1	9	13	4	11	12	12	8	4	5	6	15	9	8	13	6	5	6	14	9	1	11	5	7	3	7	6	14	16	13	11	4	12	16	10	7	10	10	2	7	1	7	12	11	10	3	6	12	15	16	9	16	4	5	12	15	12	13	9	6	3	6	12	3	13	4	6	15	5	5	8	14	10	2	12	8	15	10	3	1	16	3	15	2	8	3	7	2	8	13	2	16	7	10	9	16	5	5	1	11	8	2	1	15	2	12	14	7	1	5	8	15	12	14	7	11	6	7	6	4	2	2	5	12	14	15	10	13	14	3	5	6	6	7	1	7	3	10	5	9	6	9	16	2	13	2	5	3	5	14	5	5	1	7	5	5	8	7	5	8	2	2	10	1	16	3	3	13	12	13	11	7	14	3	8	8	7	8	1	15	2	14	3	11	11	7	5	14	1	1	1	2	4	13	6	10	12	5	16	10	1	5	11	5	10	6	5	13	8	9	3	8	12	1	11	4	6	7	3	2	10	5	16	10	13	3	12	12	3	9	5	5	6	12	9	15	4	12	6	10	9	8	3	15	3	6	2	1	14	6	9	11	4	1	4	10	4	13	10	14	3	5	12	15	9	11	9	1	12	6	3	11	6	2	2	3	14	12	12	3	16	6	13	12	6	4	11	12	10	11	3	7	10	8	12	4	15	6	15	10	2	10	4	9	3	8	12	16	7	4	4	10	14	14	12	4	11	2	12	13	1	4	3	11	5	14	7	12	12	16	4	12	6	1	5	14	15	15	14	16	13	12	12	16	14	12	10	10	3	7	4	14	15	8	7	10	4	9	16	7	6	7	4	7	6	11	1	14	11	10	6	6	11	16	2	1	6	2	15	13	7	14	6	4	2	4	14	3	9	10	2	9	6	16	7	1	1	7	13	4	7	9	12	16	3	5	2	5	4	16	14	6	14	8	10	11	1	13	13	11	14	3	11	16	8	4	7	1	12	13	2	10	13	5	14	16	7	6	6	12	10	16	8	1	9	4	12	8	3	11	4	9	10	6	8	9	4	5	5	1	5	11	7	11	1	7	3	13	8	16	4	11	4	6	13	1	1	11	11	12	6	16	9	13	1	8	3	6	1	13	9	3	1	3	15	10	9	1	12	15	9	14	10	14	16	16	10	2	6	7	2	6	15	6	15	1	16	10	7	4	5	9	12	8	4	14	16	2	2	15	6	1	5	12	4	5	7	15	9	5	11	13	15	3	12	14	9	11	6	16	4	4	14	10	4	16	14	1	9	7	10	8	11	9	16	9	8	7	7	14	9	1	12	3	11	2	6	8	2	4	8	9	13	9	8	6	12	13	2	8	15	3	7	16	8	9	5	8	4	7	7	16	16	16	8	3	10	1	2	16	1	8	7	1	4	5	11	16	13	2	3	11	2	16	9	7	13	12	10	7	7	7	9	8	16	7	2	10	1	5	11	7	12	6	3	11	1	11	13	1	7	1	10	14	13	1	9	15	15	5	5	2	8	13	15	6	2	2	10	14	13	8	15	12	5	1	4	15	15	7	6	3	3	5	8	10	1	5	13	15	15	13	11	1	2	12	9	4	12	6	14	14	11	3	14	1	8	12	3	8	7	14	7	6	9	1	3	10	6	10	3	1	2	12	12	7	7	15	16	13	7	14	12	15	3	14	8	7	12	6	2	14	14	13	16	3	13	5	11	8	3	14	16	9	6	14	9	11	9	5	7	12	15	9	13	8	12	1	16	14	7	5	16	4	8	14	16	14	12	2	16	12	2	5	16	12	10	6	16	7	5	5	3	1	13	13	9	5	7	16	3	11	10	6	10	13	11	8	16	9	16	9	13	12	15	12	15	1	12	11	1	1	2	8	9	7	9	11	15	14	10	2	14	12	10	11	8	3	8	14	10	9	6	2	15	1	5	10	10	12	5	14	12	7	4	5	13	7	9	12	4	10	11	15	14	15	14	13	7	13	1	8	11	11	10	4	3	12	13	9	11	6	9	16	4	8	8	14	11	15	4	14	11	5	7	15	12	13	8	7	3	11	3	9	6	6	3	11	11	4	4	15	11	9	14	3	11	14	10	16	7	12	9	1	5	16	13	15	15	9	11	2	15	10	7	14	15	11	7	10	5	14	12	6	11	5	6	4	10	9	5	16	4	2	15	7	13	14	6	11	15	10	12	2	15	7	12	14	14	14	14	12	4	7	9	6	11	15	1	13	11	15	4	16	4	6	3	16	3	14	3	13	10	4	8	9	1	1	1	10	4	16	2	4	3	7	13	6	13	16	5	2	16	9	13	11	4	5	10	8	7	5	2	12	10	8	9	5	7	5	14	7	6	15	2	13	6	15	2	2	14	2	14	9	6	1	3	4	9	12	3	10	12	16	15	4	7	4	16	14	9	15	10	12	10	10	4	15	9	1	7	14	15	16	4	1	8	10	2	3	4	4	15	2	10	8	12	14	14	9	9	11	14	1	12	1	4	12	16	9	3	4	7	3	3	10	5	11	7	16	15	8	3	13	1	9	12	11	10	10	11	2	4	13	10	12	3	15	8	6	1	1	16	4	1	7	16	6	15	4	16	11	7	5	4	6	10	8	9	7	15	5	6	5	10	15	2	3	1	6	4	2	15	5	8	10	12	12	10	5	9	14	3	16	16	4	3	8	7	5	7	9	12	7	15	11	4	4	5	5	2	8	8	6	16	9	15	3	3	15	12	15	13	12	4	14	11	7	1	12	7	9	12	4	3	12	8	4	10	3	12	16	10	14	12	15	6	12	11	13	11	11	9	2	9	12	4	7	9	16	7	15	16	8	8	3	7	5	5	13	12	12	8	2	6	15	13	8	1	11	12	6	5	14	3	7	5	4	13	8	16	8	12	12	5	8	7	10	7	7	4	5	14	15	8	1	1	10	10	9	10	16	4	6	14	7	2	11	10	16	11	15	3	14	6	16	6	8	3	1	6	11	7	15	14	6	11	13	11	7	4	8	6	12	8	7	5	4	2	13	2	13	13	8	11	15	3	6	3	9	12	2	12	1	4	7	14	3	14	1	4	10	9	1	4	16	1	1	5	6	4	1	13	9	5	3	13	5	13	13	2	6	2	12	14	5	10	6	16	15	2	3	15	12	14	2	11	12	1	11	1	8	7	7	1	11	1	15	4	1	13	2	14	5	15	2	1	12	4	16	2	12	5	8	5	10	8	3	5	15	1	3	6	13	10	15	2	6	2	15	8	11	1	4	3	4	6	3	3	5	13	16	13	5	12	11	2	11	2	2	8	7	10	2	16	15	15	13	16	12	14	13	15	11	13	2	16	14	2	16	13	3	5	10	4	9	13	13	6	13	5	14	3	16	6	2	5	16	6	3	5	15	2	16	9	2	6	7	10	4	13	12	8	5	6	16	9	4	12	11	1	1	13	4	7	6	1	8	1	6	7	6	9	14	7	1	14	6	13	4	11	15	9	4	6	6	10	16	10	2	15	5	3	9	16	12	6	10	11	4	1	15	11	10	9	14	4	2	9	4	8	7	4	8	16	5	1	1	6	2	13	3	8	1	16	13	12	11	8	4	6	12	15	3	4	2	7	6	4	2	15	14	8	5	1	6	4	14	11	2	6	9	8	9	5	9	12	14	5	9	12	12	9	11	15	2	13	15	14	13	7	3	5	1	10	11	11	16	3	1	11	5	8	12	11	6	9	1	8	9	8	12	4	1	1	1	6	4	3	11	12	16	13	6	16	4	14	15	4	14	13	3	6	12	1	1	4	10	6	2	8	1	9	15	11	16	13	4	15	2	3	13	7	4	13	8	5	5	11	7	15	13	5	5	9	14	14	7	6	8	8	8	1	11	2	8	1	11	8	15	10	1	16	5	5	10	16	3	15	5	16	16	2	7	13	1	10	8	13	9	12	10	4	2	5	14	3	1	4	2	7	4	5	1	3	16	2	14	12	12	8	14	15	10	13	15	10	1	4	4	15	12	6	12	5	13	1	4	10	8	14	9	13	13	8	3	9	13	2	16	6	1	4	12	6	4	8	16	2	6	12	1	8	7	16	12	8	5	10	7	9	10	15	2	1	8	8	10	13	4	15	14	14	16	6	5	7	14	6	12	15	2	14	10	14	14	3	1	9	2	13	5	12	7	9	3	4	12	14	6	6	13	13	11	14	7	13	9	11	10	7	12	8	5	11	1	1	2	10	13	10	14	11	7	7	16	13	11	1	3	5	11	15	4	10	5	3	2	14	10	1	3	8	10	16	12	3	6	13	
500	220	700	500	240	760	510	970	530	540	170	380	700	110	630	100	820	200	440	270	860	610	150	640	580	370	840	530	470	170	1000	800	140	250	390	930	640	640	850	870	210	530	850	350	550	250	230	390	600	970	640	780	910	360	710	850	730	790	130	700	390	800	750	680	830	170	980	780	130	510	600	810	720	730	390	910	290	660	810	920	230	340	470	280	530	700	370	700	430	960	660	110	680	370	250	330	900	130	820	170	660	560	790	830	320	320	820	280	880	600	730	910	520	220	940	720	860	790	890	330	740	150	720	720	500	890	450	880	420	320	780	990	570	950	630	170	160	210	250	590	670	160	900	470	380	240	780	570	990	710	220	250	550	610	410	320	450	470	960	500	480	490	350	970	880	740	780	890	300	980	620	730	870	630	990	920	330	640	360	620	610	960	540	630	180	230	780	370	120	310	260	120	570	440	730	560	700	210	400	650	660	750	980	440	290	350	510	130	700	570	660	170	640	900	310	200	320	510	180	210	150	290	890	220	230	680	120	490	130	140	420	550	600	340	360	940	250	160	400	770	710	790	950	910	390	430	610	870	100	850	570	1000	920	480	100	980	580	460	490	870	200	770	940	620	250	880	740	600	810	200	900	310	460	610	480	440	880	770	610	860	630	300	140	880	480	920	960	680	730	820	170	810	120	330	370	130	780	610	460	330	410	610	190	650	1000	1000	320	540	320	140	320	340	130	750	880	930	930	940	640	410	810	490	520	360	390	960	450	180	660	960	340	550	270	980	120	570	310	660	250	460	580	440	140	940	410	510	260	360	670	200	380	1000	330	520	410	960	400	560	280	410	980	980	150	160	620	830	220	250	450	670	950	1000	470	1000	930	610	980	330	870	170	340	810	490	190	290	850	840	930	140	540	140	690	890	830	450	450	450	700	310	240	100	850	120	790	710	930	630	1000	140	610	730	410	360	270	380	540	500	230	580	780	930	800	530	620	110	110	820	980	490	170	740	330	810	770	190	280	190	810	750	890	240	960	140	530	500	630	780	970	960	430	650	930	960	280	110	100	130	200	640	130	280	130	670	880	390	830	740	530	910	170	770	760	530	820	830	810	120	920	440	370	480	220	990	710	560	480	660	690	670	660	590	530	960	780	170	940	450	760	100	400	830	470	340	690	720	900	290	130	200	130	350	540	390	860	380	400	950	490	300	530	620	820	540	420	710	940	650	850	200	960	550	460	870	940	260	110	570	260	650	680	830	430	270	150	140	760	470	180	680	380	120	970	800	850	890	430	530	860	170	280	320	350	190	320	500	780	500	380	170	790	750	100	930	930	120	190	410	790	570	190	580	690	480	740	320	170	520	230	190	480	280	340	260	100	860	280	720	140	450	640	960	780	270	420	620	480	980	330	590	180	480	180	570	940	530	530	190	870	390	200	390	1000	550	560	190	220	510	390	150	400	970	910	360	410	210	930	960	130	220	610	760	180	310	430	870	320	290	550	470	290	860	390	440	680	150	970	170	930	170	790	750	810	490	630	310	650	670	830	280	810	590	240	970	780	300	990	460	880	860	850	470	410	940	900	320	590	110	800	180	580	920	600	840	550	790	690	800	600	840	180	440	840	530	330	440	310	480	970	570	800	580	700	250	400	740	960	250	810	510	150	520	990	120	840	490	670	300	290	240	590	900	910	610	400	140	840	320	690	120	660	340	230	310	150	770	340	530	590	370	590	560	150	340	420	620	820	810	350	860	540	570	520	870	490	160	380	350	230	570	250	150	930	730	180	310	240	370	310	310	920	660	840	500	740	620	930	690	490	880	580	750	570	960	640	850	700	830	130	350	360	440	800	670	800	140	370	710	940	720	180	200	410	600	330	770	280	480	780	420	380	720	230	490	540	130	190	910	170	1000	1000	420	680	720	710	340	830	400	950	990	970	620	340	360	700	1000	890	340	960	920	680	1000	610	970	440	600	370	520	930	440	520	520	470	330	350	300	820	640	520	710	980	710	380	790	870	100	610	980	870	140	120	450	690	530	760	630	400	100	900	980	300	530	610	420	270	240	330	380	870	350	890	890	130	490	760	970	480	320	820	370	570	680	250	260	360	740	290	540	130	730	370	240	860	270	840	420	230	740	590	550	870	530	550	770	620	960	950	800	890	980	290	700	360	110	530	460	180	550	190	100	290	160	480	490	1000	220	810	200	600	400	150	600	870	1000	970	360	1000	1000	560	460	150	360	670	920	930	710	880	840	880	940	250	160	100	510	580	890	160	920	600	180	830	950	270	140	340	870	490	480	110	710	630	350	490	970	530	780	260	160	780	640	580	770	520	260	320	1000	430	280	880	890	370	700	980	110	580	830	600	700	740	670	830	430	280	740	500	660	310	290	510	390	990	180	580	410	110	320	780	210	330	730	710	100	250	360	190	410	390	120	640	140	650	340	430	420	670	770	680	810	950	520	770	770	430	840	110	250	510	320	570	890	510	460	220	110	970	230	710	750	290	600	250	250	390	180	890	260	750	520	660	460	270	310	960	430	590	440	670	280	640	840	100	700	840	360	380	730	970	840	490	330	850	560	1000	370	500	390	690	910	280	760	270	940	150	600	120	850	400	630	860	970	1000	980	690	150	840	450	110	180	610	670	740	800	470	990	670	610	280	530	700	820	960	570	100	730	880	350	810	140	270	970	780	840	600	1000	240	800	820	370	440	570	340	220	550	150	950	510	500	670	460	580	670	970	360	660	320	760	450	250	670	290	370	240	620	960	950	310	190	180	700	330	500	680	670	470	200	890	950	720	120	140	740	570	470	340	230	590	320	830	670	920	660	600	360	850	210	710	720	180	800	450	720	690	440	760	530	380	280	700	350	600	870	740	930	450	100	970	790	530	170	660	280	580	620	240	260	150	880	280	790	280	200	950	410	520	280	720	670	120	930	810	680	740	770	690	700	840	170	770	500	360	340	660	700	600	540	890	800	800	760	840	630	790	500	110	530	140	890	390	830	670	670	510	460	180	120	670	490	750	470	270	480	300	830	250	280	410	940	560	780	650	970	720	860	260	620	810	930	130	570	140	830	430	580	200	440	680	890	560	820	610	800	360	530	340	690	740	420	520	760	660	540	590	990	580	420	370	300	300	300	920	170	510	160	770	950	860	630	370	730	100	240	980	310	460	660	850	640	310	220	450	480	410	290	470	820	280	160	330	920	380	130	210	990	950	940	870	840	490	560	380	860	550	210	710	600	970	240	640	460	870	740	870	320	490	890	870	160	930	320	580	860	470	790	760	250	580	420	980	990	810	810	140	540	240	560	810	540	810	480	320	870	180	410	140	690	380	270	460	840	650	490	770	660	180	780	610	880	480	970	850	440	110	590	130	830	380	840	560	490	590	870	840	400	530	170	890	510	190	530	990	950	310	910	180	670	590	650	720	970	500	770	1000	920	480	720	830	830	830	430	490	690	230	760	330	800	770	360	400	200	120	370	420	390	200	820	510	520	860	560	790	900	710	370	810	270	150	590	660	400	570	120	940	820	380	890	530	100	910	630	910	670	120	490	170	480	570	280	620	910	350	730	460	640	360	680	790	190	220	700	750	390	970	500	360	980	300	780	750	840	220	760	530	560	110	280	340	990	980	470	150	600	290	240	110	140	620	960	890	850	930	190	860	380	210	280	730	280	710	170	970	690	520	380	690	830	430	690	650	890	600	720	230	400	730	780	320	370	220	120	340	920	470	960	780	310	590	680	450	970	280	260	860	910	340	480	180	440	660	420	260	280	620	480	600	280	600	110	940	780	250	140	390	230	550	350	920	910	650	320	420	210	570	940	550	340	330	730	220	310	800	170	670	730	600	740	890	620	180	560	790	710	520	130	710	660	240	550	500	580	740	410	340	330	710	260	970	150	220	240	170	240	230	340	820	950	700	150	290	270	400	800	570	680	410	720	960	470	570	980	410	690	270	130	690	220	320	310	310	760	170	470	810	510	640	320	270	930	990	420	640	230	420	160	940	720	680	300	570	850	370	380	730	390	500	460	300	510	160	510	140	300	430	650	180	550	140	600	620	190	340	560	470	520	990	140	180	890	100	940	170	980	200	310	960	690	470	170	480	920	360	760	670	620	540	150	380	510	310	600	620	840	830	110	250	380	670	950	410	100	750	810	530	530	380	210	740	840	750	390	760	400	570	290	170	400	550	770	790	170	250	250	220	1000	640	680	840	410	960	950	300	490	460	920	550	200	620	910	990	950	510	330	1000	540	860	160	430	280	950	770	830	980	250	880	810	290	980	650	490	660	830	610	810	980	220	770	830	890	290	470	280	690	390	200	940	580	850	160	720	890	110	630	710	630	870	400	830	360	950	450	830	360	580	450	510	560	420	750	960	320	990	550	320	350	600	950	370	400	970	680	450	190	690	920	710	400	270	510	320	550	920	100	400	680	190	750	550	440	340	670	830	140	520	610	480	920	140	150	650	500	470	790	250	790	960	790	520	790	860	640	950	810	880	240	170	580	780	970	750	780	230	350	420	150	410	960	380	660	300	140	860	1000	630	270	130	620	170	620	510	200	680	150	830	210	580	310	200	320	110	460	750	720	560	810	550	570	940	250	190	930	750	920	790	910	540	270	400	140	200	970	130	140	370	860	540	490	900	580	140	520	660	1000	720	780	920	190	390	860	600	330	160	970	780	600	600	320	190	780	380	200	820	260	470	680	700	900	960	250	300	820	250	950	470	950	890	220	660	740	760	300	750	870	860	350	470	770	620	630	1000	840	880	680	480	920	390	600	610	570	790	780	120	180	580	170	870	440	280	490	930	600	910	500	350	680	510	480	670	380	470	950	670	920	350	290	590	310	170	650	540	620	940	660	590	430	160	260	660	900	260	580	660	570	560	290	580	230	840	340	880	160	480	550	660	980	170	880	270	490	750	300	370	170	900	500	770	510	920	830	950	910	540	190	550	110	650	310	800	770	630	200	510	910	400	120	930	710	550	370	210	480	290	760	240	800	330	400	440	270	900	280	460	240	420	810	520	240	540	620	370	530	380	190	600	980	500	130	190	690	770	180	610	670	120	480	950	250	670	870	500	910	640	120	660	250	770	750	890	640	790	670	770	720	190	450	320	490	850	720	990	220	990	640	450	750	300	910	570	780	600	850	640	670	200	940	850	920	380	450	270	110	430	190	870	550	530	530	240	990	410	700	490	310	250	580	180	730	730	330	580	320	830	470	860	320	430	380	230	830	460	640	350	600	460	580	250	930	830	500	780	760	320	410	330	110	320	340	700	110	210	230	390	270	620	500	170	400	740	430	970	230	470	790	580	160	550	200	880	340	240	590	270	270	110	340	680	800	250	810	670	460	410	560	590	780	690	740	100	880	790	190	530	710	270	790	210	770	670	960	830	570	370	230	240	380	460	350	680	550	820	650	910	630	910	890	590	290	780	690	390	170	390	1000	380	620	290	580	340	550	810	260	340	910	970	210	470	530	630	260	680	730	650	660	320	360	320	820	350	140	750	400	630	390	750	310	900	260	550	470	610	520	370	320	800	840	390	990	890	840	730	540	310	160	910	790	850	570	350	950	360	550	750	360	310	550	930	810	270	330	360	980	650	200	440	180	490	640	390	640	250	990	550	910	330	530	230	800	850	870	510	600	890	900	260	590	370	680	240	920	540	760	480	690	540	490	600	590	460	230	230	860	260	480	510	540	580	690	690	360	400	630	410	710	810	610	250	160	660	810	710	520	660	620	270	280	670	520	780	960	820	730	900	760	670	150	760	140	170	980	980	620	200	170	520	220	150	460	220	930	840	910	720	950	680	510	640	420	370	980	200	370	650	1000	160	240	660	270	820	330	630	460	680	290	670	730	960	760	960	360	670	810	600	560	250	990	820	710	500	350	750	930	490	700	430	750	820	850	120	430	120	400	580	860	120	430	750	380	270	330	900	370	800	760	880	990	240	640	720	980	330	790	850	760	180	790	620	330	200	700	950	590	250	360	690	900	440	610	570	430	640	710	810	400	550	180	400	470	690	450	450	540	220	130	550	920	210	360	820	600	340	480	230	720	310	940	170	730	170	970	720	690	120	640	470	800	770	250	210	710	800	970	150	800	420	850	330	380	830	170	420	770	560	440	160	380	120	950	110	480	950	600	230	600	290	190	880	990	110	750	960	310	350	460	720	560	930	430	950	160	860	680	360	930	830	400	810	800	730	910	980	840	770	480	470	540	980	410	940	410	990	480	150	880	590	360	840	920	900	710	590	370	130	910	320	850	260	370	660	510	240	920	940	180	390	720	400	960	170	870	970	940	140	120	840	720	590	180	120	540	740	290	380	370	760	700	950	200	890	700	770	110	650	520	1000	860	300	730	150	820	250	450	1000	360	870	510	600	130	150	510	750	780	630	680	950	660	870	300	830	420	430	330	260	800	800	670	990	320	280	520	860	570	720	180	160	810	560	960	960	520	670	380	280	980	650	160	910	600	850	870	190	690	300	100	800	820	340	130	250	140	340	430	410	540	750	460	190	280	840	240	440	610	830	460	940	750	230	430	430	910	260	580	880	900	980	580	680	290	390	910	850	910	560	680	640	250	880	590	720	590	610	340	200	230	890	700	920	320	370	270	160	670	420	120	640	620	610	210	300	990	720	730	850	850	230	650	750	880	870	260	630	870	870	430	160	720	300	280	320	430	620	570	310	180	440	190	340	170	590	510	700	870	350	730	490	960	460	550	860	930	330	880	670	340	480	190	240	570	280	1000	470	780	620	540	140	960	850	130	720	730	920	390	910	220	390	740	810	600	480	360	650	760	120	960	100	740	310	890	920	670	870	700	100	370	100	500	630	560	460	830	250	820	340	740	870	670	550	640	270	590	640	690	680	240	750	550	320	590	170	660	800	860	860	210	280	840	360	400	130	270	400	240	670	220	380	600	450	840	720	1000	670	350	570	570	380	660	410	620	650	710	400	140	770	160	160	720	740	250	380	300	710	550	200	990	800	470	140	1000	450	510	140	900	1000	960	920	440	170	510	160	660	410	720	230	540	450	440	120	820	990	510	730	920	720	290	830	860	760	210	440	490	310	210	290	250	740	880	720	550	710	980	870	850	820	580	260	220	860	670	580	600	830	530	750	440	560	970	560	940	180	280	630	930	180	860	210	780	110	270	500	870	710	410	380	180	610	710	320	740	880	260	960	850	780	500	950	930	790	500	660	960	240	370	230	480	720	980	750	810	540	910	790	810	630	860	730	880	540	880	450	510	150	640	980	490	900	520	240	960	110	140	160	470	660	650	820	1000	780	460	310	890	300	970	610	850	950	710	140	240	580	580	170	620	580	480	590	880	650	310	470	170	140	150	310	520	910	220	190	630	590	700	830	270	920	160	110	740	430	620	700	950	870	730	320	970	840	380	260	550	950	310	200	640	510	690	170	440	270	180	880	890	470	110	250	470	350	700	770	500	130	710	160	800	320	890	380	720	290	510	550	780	850	960	840	180	630	940	720	290	300	130	630	560	650	760	240	710	890	640	830	530	590	230	380	210	390	620	980	970	610	920	520	850	960	450	340	590	840	790	310	380	860	710	250	550	210	790	500	310	260	160	100	750	160	600	410	240	650	410	910	210	430	360	200	840	670	260	170	590	720	840	590	760	150	940	280	670	210	290	640	830	900	830	710	280	990	310	550	780	370	970	440	910	330	300	810	210	290	410	390	810	550	430	690	250	440	990	190	100	460	420	450	530	530	170	790	440	120	770	930	800	870	440	880	280	610	750	400	930	890	170	460	820	110	160	170	130	870	410	440	620	1000	110	530	690	270	100	370	110	560	720	350	890	160	190	680	260	220	970	220	1000	980	310	830	480	680	850	620	850	890	150	840	610	900	800	490	420	900	820	390	650	950	860	570	240	1000	520	570	950	700	320	360	810	610	500	310	620	580	790	240	130	250	220	990	490	710	640	600	660	570	330	310	930	380	190	900	430	900	520	140	380	230	230	840	140	1000	610	880	100	870	780	470	590	560	580	320	580	910	160	570	300	650	720	380	770	660	570	630	520	390	370	580	180	270	850	520	690	360	840	370	110	980	520	560	190	370	260	570	330	820	180	820	980	440	490	570	770	360	760	160	580	730	530	920	610	360	480	710	570	860	780	680	100	350	730	590	860	660	990	810	610	170	750	840	690	520	510	820	990	1000	240	870	410	1000	740	570	680	820	920	880	130	880	430	360	410	870	230	300	930	140	910	740	460	500	230	770	300	440	250	320	680	250	660	770	640	340	650	230	150	560	580	750	200	360	830	640	780	830	640	240	910	750	220	740	190	620	440	1000	450	920	810	280	800	150	110	120	540	380	930	600	520	720	170	250	760	720	180	350	940	780	200	440	880	860	580	730	130	590	240	550	750	200	550	890	980	250	610	900	310	210	680	180	950	330	910	780	840	560	840	560	370	480	560	160	150	520	600	620	740	290	270	870	610	850	330	750	760	570	230	890	200	300	930	810	870	130	210	610	230	550	750	790	200	850	910	220	570	860	370	540	340	230	330	690	420	210	240	990	180	480	490	920	250	100	240	500	380	380	650	390	1000	500	1000	980	130	810	500	400	710	510	460	640	470	690	790	880	460	990	900	450	900	330	430	750	860	510	840	870	580	980	360	410	310	360	480	550	930	990	250	600	830	500	280	400	970	400	570	130	990	570	300	630	390	680	550	950	680	930	280	440	150	110	370	140	740	850	770	870	620	830	350	850	360	480	770	720	380	940	250	350	430	560	430	570	300	650	870	260	260	260	310	860	730	280	850	880	670	110	230	300	210	330	910	960	360	240	420	130	520	180	490	190	730	500	720	470	100	750	670	150	950	670	650	980	280	350	350	580	560	840	720	400	180	550	970	490	570	990	250	380	150	580	780	370	690	370	430	640	670	360	250	550	540	180	170	660	180	850	590	350	630	750	330	870	270	250	880	450	500	660	130	400	810	350	650	370	490	810	410	130	160	1000	980	680	320	870	790	350	490	910	780	920	860	620	310	820	360	640	990	560	400	470	230	790	230	610	140	360	640	780	480	210	660	560	720	610	320	750	640	810	830	650	600	710	360	850	800	420	450	370	500	700	680	920	210	610	940	870	610	430	110	100	230	860	100	920	670	870	100	870	570	640	460	880	530	790	170	290	630	790	250	930	990	670	810	330	830	450	330	140	640	430	400	680	640	320	130	580	670	350	600	170	920	490	270	420	200	200	240	940	990	140	650	910	160	860	870	470	320	280	130	960	660	380	650	660	950	350	650	110	880	850	430	320	880	280	250	410	420	100	170	780	790	370	590	390	270	330	560	610	750	430	860	870	980	240	380	570	460	910	250	570	850	390	360	580	580	990	670	410	750	770	950	390	400	330	660	380	270	740	440	950	260	360	550	590	380	410	650	850	290	430	630	960	470	570	370	280	900	970	830	330	940	630	610	870	240	860	300	560	850	370	630	220	200	510	330	320	300	240	640	180	400	310	910	440	800	140	620	370	530	890	950	120	500	990	970	470	340	800	680	430	780	100	680	720	370	340	570	300	340	880	160	290	220	940	100	160	630	760	250	350	660	320	570	830	220	780	130	680	970	280	920	170	420	550	490	390	820	220	540	900	740	560	530	440	810	400	450	160	780	670	520	100	970	550	310	710	630	920	180	210	140	500	720	860	550	350	860	370	800	640	580	940	390	510	200	820	200	290	640	750	770	610	510	500	180	770	270	120	490	960	220	900	460	980	720	520	430	260	150	510	960	700	810	970	870	240	330	810	400	990	720	530	570	250	210	360	610	490	430	660	240	730	460	560	470	140	440	820	440	800	420	760	640	460	700	690	150	900	670	500	980	720	760	710	940	930	820	660	710	580	290	280	930	550	920	260	180	140	990	730	310	400	460	190	250	460	490	600	710	480	670	330	530	950	210	700	310	400	380	570	200	810	760	600	830	430	570	380	480	210	210	650	710	870	710	120	490	840	350	350	870	220	890	110	340	590	410	860	680	170	160	720	410	620	610	380	1000	350	780	340	490	320	240	390	340	380	110	170	920	170	570	650	640	160	740	420	700	910	660	810	470	330	340	1000	210	370	800	990	890	110	630	810	560	700	850	540	200	670	670	640	510	900	690	240	370	170	100	680	670	240	100	310	990	610	260	700	510	140	260	200	550	670	270	210	960	260	720	580	900	530	590	440	750	890	850	960	300	750	860	920	140	230	370	460	470	790	140	760	120	990	250	220	450	480	180	550	980	490	730	580	630	380	630	430	360	230	720	510	170	920	940	260	790	940	420	140	280	710	950	650	300	460	210	490	800	640	620	190	560	210	210	440	200	740	370	200	240	230	290	730	110	480	380	480	580	430	120	830	790	400	1000	530	840	130	470	550	960	960	190	610	650	720	160	910	880	910	350	770	960	520	480	610	920	620	1000	100	560	120	350	410	410	710	190	680	210	570	250	100	480	930	120	790	810	400	840	430	190	540	720	1000	660	990	440	100	600	200	110	510	650	180	810	800	150	360	520	130	130	110	410	440	220	630	540	500	790	100	350	190	280	730	150	110	140	480	870	610	810	790	510	170	130	920	870	900	960	750	780	840	500	360	910	740	170	740	710	670	660	620	710	600	910	890	830	800	280	320	750	370	970	230	510	880	160	910	560	700	320	190	820	470	110	240	170	690	160	910	600	630	220	420	390	590	140	530	120	330	150	830	830	670	140	840	460	910	480	790	780	970	810	280	120	330	880	190	410	220	210	140	740	670	100	360	890	320	230	710	200	210	650	200	890	810	780	190	720	510	720	740	430	740	670	740	760	750	950	860	240	670	720	220	1000	100	940	960	300	740	470	900	280	640	610	530	690	480	620	410	920	500	860	340	670	540	350	390	860	660	130	870	990	960	450	460	370	260	880	540	570	170	300	960	730	340	770	960	670	450	760	970	800	780	240	130	670	390	460	290	470	430	430	750	410	420	750	500	650	1000	930	630	500	490	470	360	700	420	650	720	360	760	990	830	810	540	330	690	380	440	540	920	990	450	410	210	190	770	680	760	230	930	740	720	720	750	150	100	1000	820	880	180	290	150	500	290	430	100	160	640	890	740	920	420	520	890	340	920	800	500	530	410	230	860	330	420	430	420	830	820	180	480	150	280	430	300	290	420	910	920	480	440	160	500	400	310	710	360	510	470	730	440	430	460	920	540	980	790	970	340	390	820	550	920	810	100	790	120	790	270	500	410	910	240	530	340	470	520	390	270	890	420	530	910	280	260	230	640	440	120	440	950	190	550	600	380	990	560	680	410	220	850	680	320	400	640	410	710	780	110	260	740	350	730	860	940	480	990	1000	390	170	580	520	160	310	470	130	480	340	640	340	630	510	310	980	590	320	630	920	470	800	480	790	790	690	700	600	440	800	110	570	840	640	780	640	150	880	450	320	430	430	910	770	540	640	820	560	400	510	720	320	660	380	130	590	990	700	230	320	880	440	340	950	940	350	200	250	310	160	270	430	580	410	700	800	960	450	680	210	500	710	920	710	370	600	610	750	680	530	310	830	420	690	810	930	450	330	930	580	320	400	300	610	730	140	160	1000	720	800	760	490	540	910	990	560	600	960	280	1000	280	590	620	640	360	410	240	680	990	360	740	490	740	210	180	160	980	550	650	700	390	470	1000	650	510	770	590	690	910	370	970	980	670	750	490	570	950	510	670	380	200	440	810	110	550	510	980	810	730	510	120	710	480	390	450	100	420	640	210	830	170	450	140	160	940	970	110	970	650	310	500	560	710	640	1000	600	970	420	640	320	620	830	960	940	380	720	200	300	490	740	910	210	760	820	200	450	340	690	480	680	590	530	630	950	900	500	570	300	430	870	680	900	110	370	220	640	220	700	160	660	580	980	960	690	100	350	130	230	780	770	140	990	680	750	360	690	330	700	130	330	630	460	490	210	500	290	340	390	910	150	700	340	610	440	320	210	110	750	860	970	670	650	970	110	230	870	390	110	920	540	210	230	380	320	900	480	660	620	320	890	180	840	710	590	240	340	920	430	770	100	270	150	890	580	130	490	210	170	200	160	270	210	840	300	180	480	580	840	460	290	510	470	990	160	310	290	800	980	810	650	740	380	180	500	930	800	290	470	640	160	420	250	470	730	720	760	940	300	210	470	710	760	530	970	200	480	450	310	360	100	500	500	890	730	160	450	880	140	200	330	460	290	980	120	900	930	560	650	970	930	390	700	700	970	440	720	760	990	230	680	290	200	680	870	400	260	950	140	740	790	330	700	590	690	730	820	640	470	280	660	950	140	320	240	570	490	350	370	860	100	250	990	990	340	130	500	940	780	390	890	260	150	730	200	880	970	540	420	780	390	320	880	120	960	860	280	850	570	200	140	680	270	850	240	610	450	290	150	510	990	640	210	330	380	720	880	100	320	410	320	290	410	920	320	560	950	670	840	530	790	730	810	780	910	930	470	130	550	620	800	920	410	880	920	180	600	230	410	770	610	700	420	370	580	620	590	830	470	230	250	980	320	670	710	650	1000	870	360	210	390	360	920	480	490	780	550	500	570	220	170	980	330	660	940	190	290	830	160	1000	450	730	640	820	610	640	380	420	260	640	860	740	350	180	160	990	390	490	940	910	100	430	820	940	650	310	500	190	470	570	260	440	230	850	330	600	260	510	500	330	530	760	650	310	320	910	650	450	780	930	950	860	830	310	220	830	450	290	740	480	370	310	990	690	230	170	630	290	440	450	100	540	440	700	860	750	630	900	200	920	440	300	300	690	720	200	660	360	610	120	550	640	470	230	320	860	570	240	650	270	310	940	410	570	620	470	740	910	500	650	660	100	830	800	450	870	340	720	870	500	940	690	670	890	840	380	690	460	130	800	190	990	570	870	100	260	910	950	530	300	200	160	660	990	680	260	540	210	100	960	390	960	460	240	280	890	220	510	790	340	100	580	310	230	970	730	200	920	430	560	100	180	760	830	770	570	880	370	360	330	780	130	930	450	470	870	270	720	800	210	1000	440	290	660	390	390	290	870	890	850	150	320	890	910	560	420	380	150	710	620	760	730	740	420	770	580	510	720	600	450	200	370	570	440	100	120	130	580	500	980	800	540	900	560	730	440	970	760	930	210	480	270	940	460	440	980	810	180	850	850	790	100	180	150	620	860	990	780	560	570	920	810	580	730	370	890	770	170	420	210	260	920	300	660	540	890	560	180	590	520	780	680	590	290	640	980	620	280	730	550	740	410	520	800	570	1000	860	500	690	890	110	840	620	350	230	630	200	980	340	250	310	100	820	220	790	220	920	320	990	990	560	470	440	400	150	600	270	300	110	880	290	760	560	600	440	340	690	280	440	350	180	180	910	690	510	400	960	920	750	610	630	910	640	940	570	250	970	410	580	860	850	780	550	760	150	280	390	100	970	240	200	640	100	830	420	790	760	800	960	400	820	120	700	970	260	400	950	260	640	380	950	770	460	220	150	930	400	500	880	390	360	470	330	130	990	160	650	720	880	170	460	580	800	290	390	630	870	310	180	700	870	400	760	820	210	340	420	720	200	840	120	810	570	640	270	710	540	960	380	660	280	410	920	490	260	680	970	400	390	110	940	840	760	350	880	320	570	780	790	710	860	670	420	100	750	280	120	500	490	140	520	140	690	890	300	560	680	710	280	520	180	760	230	780	660	570	380	740	180	280	900	700	970	810	810	930	730	100	590	320	590	590	1000	730	360	220	890	820	250	130	840	190	960	890	670	880	740	520	720	140	170	780	230	430	570	920	850	940	580	590	330	660	870	370	750	110	190	970	820	360	290	460	790	660	400	460	270	920	720	760	560	1000	820	670	150	620	780	890	740	750	350	970	720	510	210	270	290	990	460	480	150	380	550	900	870	400	410	150	660	160	900	300	840	270	490	700	960	560	730	330	150	840	910	930	420	940	360	160	680	940	550	760	560	900	1000	790	370	960	400	770	570	710	670	210	550	600	640	700	530	590	400	500	430	160	220	430	1000	570	220	490	100	990	120	450	230	570	810	530	240	920	310	360	140	210	500	180	900	510	130	890	720	940	790	930	930	710	660	690	990	650	810	210	990	790	540	150	190	380	140	860	950	410	620	890	960	200	820	610	730	490	180	460	310	910	900	150	910	850	290	650	680	330	840	170	380	470	730	340	370	760	110	310	110	400	870	230	800	560	970	920	150	340	400	950	440	420	190	520	630	160	840	510	940	620	150	390	300	890	120	390	440	280	720	670	910	890	460	160	700	200	530	450	210	560	580	690	790	230	990	310	860	560	890	300	780	180	540	940	120	690	220	210	940	620	770	390	770	600	290	690	600	990	760	950	380	270	820	460	230	480	130	800	140	740	520	930	1000	980	180	230	350	610	170	270	430	580	530	540	790	170	760	740	140	760	410	690	1000	540	900	100	320	450	930	860	970	910	860	420	990	920	600	330	540	840	590	110	850	580	590	150	400	620	220	670	820	410	780	870	770	970	360	840	130	900	370	930	530	780	790	800	500	130	780	140	210	410	620	920	120	360	820	490	120	470	810	350	420	630	900	630	640	890	800	940	980	890	790	380	560	260	120	560	120	160	290	570	720	350	780	910	240	560	700	760	230	
100
