6426
120
4
90
0	0	0	0	0	0	48	0	0	0	0	0	0	0	0	0	0	0	0	0	0	0	0	0	0	0	0	0	0	0	0	0	0	0	0	0	0	0	0	0	0	0	0	0	0	0	0	0	0	0	0	0	0	0	0	0	0	0	0	0	0	0	0	0	0	0	0	0	0	0	0	0	0	0	0	0	0	0	0	48	0	0	0	0	0	0	0	0	0	0	0	0	0	0	0	48	0	0	0	0	0	0	0	0	0	0	0	0	0	0	0	48	0	0	0	0	0	0	0	0	
0	0	0	0	0	0	0	0	0	48	0	0	48	0	0	0	0	0	0	0	0	0	0	0	0	0	0	0	0	0	0	0	0	0	0	0	0	0	0	0	0	0	0	0	0	0	0	0	0	0	0	0	0	0	0	0	0	0	0	0	0	0	0	0	0	0	0	0	0	0	0	0	0	0	0	0	48	0	0	0	0	0	0	0	0	0	0	0	0	0	0	0	0	0	0	0	0	0	48	0	0	0	0	0	0	0	0	0	0	0	0	0	0	0	0	0	0	0	0	0	
0	0	0	0	0	0	0	0	0	0	0	0	0	48	0	0	0	0	0	0	0	0	0	0	0	0	48	0	0	0	0	0	0	0	0	0	0	0	0	0	0	0	0	0	0	0	0	0	0	0	0	0	0	0	48	0	0	0	0	0	0	0	0	0	0	0	0	48	0	0	0	0	0	0	0	0	0	0	0	0	0	0	0	0	0	0	0	0	0	0	0	0	0	0	0	0	0	0	0	0	0	0	0	0	0	0	0	0	0	0	0	0	0	0	0	0	0	0	0	0	
0	0	0	0	0	0	0	0	0	0	0	0	0	0	0	0	48	0	0	0	0	0	0	0	0	0	0	0	0	0	0	0	0	0	0	0	0	0	0	0	0	0	0	0	0	0	0	0	0	0	0	0	0	0	0	0	0	0	0	0	0	0	0	0	0	0	0	0	0	48	0	48	0	0	0	0	0	0	0	0	0	0	0	0	0	0	0	48	0	0	0	0	0	0	0	0	0	0	0	0	0	0	0	0	0	0	0	0	0	0	0	0	0	0	0	0	0	0	0	0	
0	0	0	0	0	0	0	0	0	0	0	0	0	0	0	0	0	0	0	48	0	0	0	0	0	0	0	0	0	0	48	0	0	0	0	0	0	0	0	0	0	0	0	0	0	0	0	0	0	0	0	0	0	0	0	0	0	0	0	0	0	0	0	0	0	0	0	0	0	0	0	0	0	0	0	0	0	0	0	0	0	0	0	0	0	0	0	0	0	0	0	0	48	0	0	0	0	0	0	0	0	0	0	0	0	0	0	0	0	0	0	0	0	0	0	0	0	0	48	0	
0	0	0	0	0	0	0	0	0	0	0	0	0	0	0	0	0	0	0	0	0	0	0	0	0	0	0	0	0	0	0	0	0	0	0	0	48	0	0	0	0	0	0	0	0	0	0	0	0	0	0	0	0	48	0	0	0	0	0	0	0	0	0	0	0	0	0	0	0	0	0	0	0	48	0	0	0	0	0	0	0	0	0	0	0	0	0	0	0	0	0	0	0	0	0	0	0	0	0	0	0	0	0	48	0	0	0	0	0	0	0	0	0	0	0	0	0	0	0	0	
48	0	0	0	0	0	0	0	0	0	0	0	0	0	0	0	0	0	0	0	0	0	0	0	0	0	0	0	0	0	0	0	0	0	0	0	0	0	0	0	0	0	0	0	0	0	0	0	0	0	0	0	0	0	0	0	0	0	0	0	0	0	0	0	0	48	0	0	0	0	0	0	0	0	0	0	0	0	0	48	0	0	0	0	0	0	0	0	0	0	0	48	0	0	0	0	0	0	0	0	0	0	0	0	0	0	0	0	0	0	0	0	0	0	0	0	0	0	0	0	
0	0	0	0	0	0	0	0	0	0	0	0	0	0	0	0	0	0	0	0	0	0	0	0	0	0	0	0	0	0	0	0	0	0	0	0	0	0	0	0	0	0	0	0	0	0	0	48	0	0	0	0	0	0	0	0	48	0	0	0	0	0	0	0	0	0	0	0	0	0	0	0	0	0	0	0	0	0	0	0	0	0	0	0	0	0	0	0	48	0	0	0	0	0	0	0	0	0	0	0	0	0	0	0	48	0	0	0	0	0	0	0	0	0	0	0	0	0	0	0	
0	0	0	0	0	0	0	0	0	0	48	0	0	0	0	0	0	48	0	0	0	0	0	0	0	0	0	0	0	0	0	0	0	0	0	0	0	0	0	0	0	0	0	0	0	0	0	0	0	0	0	0	48	0	0	0	0	0	0	0	0	0	0	0	0	0	0	0	0	0	0	0	48	0	0	0	0	0	0	0	0	0	0	0	0	0	0	0	0	0	0	0	0	0	0	0	0	0	0	0	0	0	0	0	0	0	0	0	0	0	0	0	0	0	0	0	0	0	0	0	
0	48	0	0	0	0	0	0	0	0	0	0	0	0	0	0	0	0	0	0	0	0	0	0	0	0	48	0	0	48	0	0	0	0	0	0	0	0	0	0	0	0	0	0	0	0	0	0	0	0	0	0	0	0	0	0	0	0	0	0	0	0	0	0	0	0	0	0	0	0	0	0	0	0	0	0	0	0	0	0	0	0	0	0	0	0	0	0	0	0	0	0	0	0	0	0	0	48	0	0	0	0	0	0	0	0	0	0	0	0	0	0	0	0	0	0	0	0	0	0	
0	0	0	0	0	0	0	0	48	0	0	0	0	0	0	0	0	48	0	0	0	0	0	0	0	0	0	0	0	0	0	0	0	0	0	0	0	0	0	0	0	0	0	0	0	0	0	0	0	0	0	0	48	0	0	0	0	0	0	0	0	0	0	0	0	0	0	0	0	0	0	0	0	0	0	0	0	0	0	0	0	0	0	0	0	0	0	0	0	48	0	0	0	0	0	0	0	0	0	0	0	0	0	0	0	0	0	0	0	0	0	0	0	0	0	0	0	0	0	0	
0	0	0	0	0	0	0	0	0	0	0	0	0	0	0	0	0	0	0	0	0	0	0	0	0	0	0	0	0	0	0	0	0	0	0	0	0	0	0	0	0	0	0	0	48	0	0	0	0	0	0	0	48	0	0	0	0	0	0	0	0	0	0	0	0	0	0	0	0	0	0	0	48	0	0	0	0	0	0	0	0	0	0	0	48	0	0	0	0	0	0	0	0	0	0	0	0	0	0	0	0	0	0	0	0	0	0	0	0	0	0	0	0	0	0	0	0	0	0	0	
0	48	0	0	0	0	0	0	0	0	0	0	0	0	0	0	0	0	0	0	0	0	0	0	0	0	0	0	0	0	0	0	0	0	0	0	0	0	0	0	0	0	0	0	0	0	0	0	0	0	0	0	0	0	0	0	0	0	0	0	0	0	48	0	0	0	0	0	0	0	0	0	0	0	0	0	48	0	0	0	0	0	0	0	0	0	0	0	0	0	0	0	0	0	0	0	0	0	48	0	0	0	0	0	0	0	0	0	0	0	0	0	0	0	0	0	0	0	0	0	
0	0	48	0	0	0	0	0	0	0	0	0	0	0	0	0	0	0	0	0	0	0	0	0	0	0	48	0	0	0	0	0	0	0	0	0	0	0	0	0	0	0	0	0	0	0	0	0	0	0	0	0	0	0	48	0	0	0	0	0	0	0	0	0	0	0	0	48	0	0	0	0	0	0	0	0	0	0	0	0	0	0	0	0	0	0	0	0	0	0	0	0	0	0	0	0	0	0	0	0	0	0	0	0	0	0	0	0	0	0	0	0	0	0	0	0	0	0	0	0	
0	0	0	0	0	0	0	0	0	0	0	0	0	0	0	0	0	0	0	0	0	48	0	0	0	0	0	0	0	0	0	0	0	0	0	0	0	48	0	0	0	0	0	48	0	0	0	0	0	0	0	0	0	0	0	0	0	0	0	0	48	0	0	0	0	0	0	0	0	0	0	0	0	0	0	0	0	0	0	0	0	0	0	0	0	0	0	0	0	0	0	0	0	0	0	0	0	0	0	0	0	0	0	0	0	0	0	0	0	0	0	0	0	0	0	0	0	0	0	0	
0	0	0	0	0	0	0	0	0	0	0	0	0	0	0	0	0	0	0	0	0	0	0	48	0	0	0	0	0	0	0	0	0	0	48	0	0	0	0	0	0	0	0	0	0	0	0	0	0	0	0	0	0	0	0	0	0	0	0	0	0	0	0	0	0	0	0	0	0	0	0	0	0	0	0	0	0	0	0	0	0	0	0	0	0	0	0	0	0	0	0	0	0	0	0	0	0	0	0	48	0	0	0	0	0	0	48	0	0	0	0	0	0	0	0	0	0	0	0	0	
0	0	0	48	0	0	0	0	0	0	0	0	0	0	0	0	0	0	0	0	0	0	0	0	0	0	0	0	0	0	0	0	0	0	0	0	0	0	0	0	0	0	0	0	0	0	0	0	0	0	0	0	0	0	0	0	0	0	0	0	0	0	0	0	0	0	0	0	0	48	0	48	0	0	0	0	0	0	0	0	0	0	0	0	0	0	0	48	0	0	0	0	0	0	0	0	0	0	0	0	0	0	0	0	0	0	0	0	0	0	0	0	0	0	0	0	0	0	0	0	
0	0	0	0	0	0	0	0	48	0	48	0	0	0	0	0	0	0	0	0	0	0	0	0	0	0	0	0	0	0	0	0	0	0	0	0	0	0	0	0	0	0	0	0	0	0	0	0	0	0	0	0	48	0	0	0	0	0	0	0	0	0	0	0	0	0	0	0	0	0	0	0	0	0	0	0	0	0	0	0	0	0	0	0	0	0	0	0	0	48	0	0	0	0	0	0	0	0	0	0	0	0	0	0	0	0	0	0	0	0	0	0	0	0	0	0	0	0	0	0	
0	0	0	0	0	0	0	0	0	0	0	0	0	0	0	0	0	0	0	48	0	0	0	0	0	0	0	48	0	0	0	0	0	0	0	0	0	0	0	0	0	0	0	0	0	0	0	0	0	0	0	0	0	0	0	0	0	0	0	0	0	0	0	0	0	0	0	48	0	0	0	0	0	0	0	0	0	0	0	0	0	0	0	0	0	0	0	0	0	0	0	0	48	0	0	0	0	0	0	0	0	0	0	0	0	0	0	0	0	0	0	0	0	0	0	0	0	0	0	0	
0	0	0	0	48	0	0	0	0	0	0	0	0	0	0	0	0	0	48	0	0	0	0	0	0	0	0	0	0	0	48	0	0	0	0	0	0	0	0	0	0	0	0	0	0	0	0	0	0	0	0	0	0	0	0	0	0	0	0	0	0	0	0	0	0	0	0	0	0	0	0	0	0	0	0	0	0	0	0	0	0	0	0	0	0	0	0	0	0	0	0	0	48	0	0	0	0	0	0	0	0	0	0	0	0	0	0	0	0	0	0	0	0	0	0	0	0	0	0	0	
0	0	0	0	0	0	0	0	0	0	0	0	0	0	0	0	0	0	0	0	0	0	0	0	0	0	0	0	48	0	0	0	0	0	0	0	0	0	0	0	0	0	0	0	0	0	0	48	0	0	0	0	0	0	0	0	48	0	0	0	0	0	0	0	0	0	0	0	0	0	0	0	0	0	0	0	0	0	0	0	0	0	0	0	0	0	0	0	0	0	0	0	0	0	0	0	0	0	0	0	0	0	0	0	0	0	0	0	0	0	0	0	0	48	0	0	0	0	0	0	
0	0	0	0	0	0	0	0	0	0	0	0	0	0	48	0	0	0	0	0	0	0	0	0	0	0	0	0	0	0	0	0	0	0	0	0	0	0	0	0	0	0	0	48	0	0	48	0	0	0	0	0	0	0	0	0	0	0	0	0	48	0	0	0	0	0	0	0	0	0	0	0	0	0	0	0	0	0	0	0	0	0	0	0	0	0	0	0	0	0	0	0	0	0	0	0	0	0	0	0	0	0	0	0	0	0	0	0	0	0	0	0	0	0	0	0	0	0	0	0	
0	0	0	0	0	0	0	0	0	0	0	0	0	0	0	0	0	0	0	0	0	0	0	0	0	0	0	0	0	0	0	0	0	0	0	0	0	0	0	0	0	0	0	0	0	0	0	0	0	0	0	0	0	0	0	0	0	0	0	0	0	0	0	0	48	0	0	0	0	0	0	0	0	0	48	0	0	0	0	0	0	0	0	48	0	0	0	0	0	0	0	0	0	0	0	0	0	0	0	0	0	0	0	0	0	48	0	0	0	0	0	0	0	0	0	0	0	0	0	0	
0	0	0	0	0	0	0	0	0	0	0	0	0	0	0	48	0	0	0	0	0	0	0	0	0	0	0	0	0	0	0	0	0	0	48	0	0	0	0	0	0	0	0	0	0	0	0	0	0	48	0	0	0	0	0	0	0	0	0	0	0	0	0	0	0	0	0	0	0	0	0	0	0	0	0	0	0	0	0	0	0	0	0	0	0	0	0	0	0	0	0	0	0	0	0	0	0	0	0	0	0	0	0	0	0	0	48	0	0	0	0	0	0	0	0	0	0	0	0	0	
0	0	0	0	0	0	0	0	0	0	0	0	0	0	0	0	0	0	0	0	0	0	0	0	0	0	0	0	0	0	0	0	48	0	0	0	0	0	0	0	0	0	0	0	0	0	0	0	0	0	0	0	0	0	0	0	0	0	0	0	0	0	0	0	0	0	0	0	0	0	0	0	0	0	0	0	0	0	0	0	0	0	0	0	0	0	0	0	0	0	0	0	0	48	0	0	0	0	0	0	48	0	0	0	0	0	0	0	0	48	0	0	0	0	0	0	0	0	0	0	
0	0	0	0	0	0	0	0	0	0	0	0	0	0	0	0	0	0	0	0	0	0	0	0	0	0	0	0	0	0	0	0	0	0	0	0	0	0	0	0	0	0	0	0	0	0	0	0	0	0	48	0	0	0	0	0	0	0	0	48	0	48	0	0	0	0	0	0	0	0	0	0	0	0	0	0	0	0	0	0	0	0	0	0	0	0	0	0	48	0	0	0	0	0	0	0	0	0	0	0	0	0	0	0	0	0	0	0	0	0	0	0	0	0	0	0	0	0	0	0	
0	0	48	0	0	0	0	0	0	48	0	0	0	48	0	0	0	0	0	0	0	0	0	0	0	0	0	0	0	0	0	0	0	0	0	0	0	0	0	0	0	0	0	0	0	0	0	0	0	0	0	0	0	0	0	0	0	0	0	0	0	0	0	0	0	0	0	0	0	0	0	0	0	0	0	0	0	0	0	0	0	0	0	0	0	0	0	0	0	0	0	0	0	0	0	0	0	48	0	0	0	0	0	0	0	0	0	0	0	0	0	0	0	0	0	0	0	0	0	0	
0	0	0	0	0	0	0	0	0	0	0	0	0	0	0	0	0	0	48	0	0	0	0	0	0	0	0	0	0	0	0	0	0	0	0	0	0	0	0	0	0	0	0	0	0	48	0	0	0	0	0	0	0	0	0	0	0	0	0	0	0	0	0	0	0	0	0	48	0	0	0	0	0	0	0	0	0	0	0	0	0	0	0	0	0	0	0	0	0	0	0	0	48	0	0	0	0	0	0	0	0	0	0	0	0	0	0	0	0	0	0	0	0	0	0	0	0	0	0	0	
0	0	0	0	0	0	0	0	0	0	0	0	0	0	0	0	0	0	0	0	48	0	0	0	0	0	0	0	0	0	0	0	0	0	0	0	0	0	0	0	0	0	0	0	0	0	0	0	0	0	0	0	0	0	0	0	0	0	0	0	0	0	0	0	0	0	0	0	0	0	0	0	0	0	0	0	0	0	0	0	0	0	0	0	0	0	0	0	0	0	0	0	0	0	0	0	0	0	0	0	0	0	48	0	0	0	0	48	0	0	0	0	0	48	0	0	0	0	0	0	
0	0	0	0	0	0	0	0	0	48	0	0	0	0	0	0	0	0	0	0	0	0	0	0	0	0	0	0	0	0	0	0	0	0	0	0	0	0	0	0	0	0	0	0	0	0	0	0	0	0	0	0	0	0	0	48	0	0	0	0	0	0	0	0	0	0	0	0	0	0	0	0	0	0	0	0	0	0	0	0	0	0	0	0	0	0	0	0	0	0	0	0	0	0	0	0	0	48	0	0	0	48	0	0	0	0	0	0	0	0	0	0	0	0	0	0	0	0	0	0	
0	0	0	0	48	0	0	0	0	0	0	0	0	0	0	0	0	0	0	48	0	0	0	0	0	0	0	0	0	0	0	0	0	0	0	0	0	0	0	0	0	0	0	0	0	48	0	0	0	0	0	0	0	0	0	0	0	0	0	0	0	0	0	0	0	0	0	0	0	0	0	0	0	0	0	0	0	0	0	0	0	0	0	0	0	0	0	0	0	0	0	0	0	0	0	0	0	0	0	0	0	0	0	0	0	0	0	0	0	0	0	0	0	0	0	0	0	0	48	0	
0	0	0	0	0	0	0	0	0	0	0	0	0	0	0	0	0	0	0	0	0	0	0	0	0	0	0	0	0	0	0	0	0	0	0	0	0	0	0	0	0	0	0	0	0	0	0	0	0	0	0	0	0	0	0	0	0	0	0	0	0	0	0	0	0	0	0	0	0	48	0	48	0	0	0	0	0	0	0	0	0	0	0	0	0	0	0	48	48	0	0	0	0	0	0	0	0	0	0	0	0	0	0	0	0	0	0	0	0	0	0	0	0	0	0	0	0	0	0	0	
0	0	0	0	0	0	0	0	0	0	0	0	0	0	0	0	0	0	0	0	0	0	0	0	48	0	0	0	0	0	0	0	0	0	0	0	0	0	0	0	0	0	48	0	0	0	0	0	0	0	0	0	0	0	0	0	0	0	0	0	0	0	0	0	0	0	0	0	0	0	0	0	0	0	0	0	0	0	0	0	0	0	0	0	0	0	0	0	0	0	0	0	0	48	0	0	0	0	0	0	0	0	0	0	0	0	0	0	0	48	0	0	0	0	0	0	0	0	0	0	
0	0	0	0	0	0	0	0	0	0	0	0	0	0	0	0	0	0	0	0	0	0	0	0	0	0	0	0	0	0	0	0	0	0	0	0	0	0	0	0	0	0	48	0	0	0	0	0	48	0	0	0	0	0	0	0	0	0	0	0	0	0	0	0	0	0	0	0	0	0	0	0	0	0	0	0	0	0	48	0	0	0	0	0	0	0	0	0	0	0	0	0	0	0	0	0	48	0	0	0	0	0	0	0	0	0	0	0	0	0	0	0	0	0	0	0	0	0	0	0	
0	0	0	0	0	0	0	0	0	0	0	0	0	0	0	48	0	0	0	0	0	0	0	48	0	0	0	0	0	0	0	0	0	0	0	0	0	0	0	0	0	0	0	0	0	0	0	0	0	0	0	0	0	0	0	0	0	0	0	0	0	0	0	48	0	0	0	0	0	0	0	0	0	0	0	0	0	0	0	0	0	0	0	0	0	0	0	0	0	0	0	0	0	0	0	0	0	0	0	0	0	0	0	0	0	0	48	0	0	0	0	0	0	0	0	0	0	0	0	0	
0	0	0	0	0	0	0	0	0	0	0	0	0	0	0	0	0	0	0	0	0	0	0	0	0	0	0	0	0	0	0	0	0	0	0	0	0	0	48	0	0	0	0	0	0	48	0	0	0	0	0	0	0	0	0	0	0	0	0	0	0	0	0	0	0	0	0	0	0	0	0	0	0	0	0	0	0	0	0	0	0	0	0	0	0	0	0	0	0	0	0	0	0	0	0	0	0	0	0	0	0	0	0	0	0	0	0	0	48	0	0	0	0	0	48	0	0	0	0	0	
0	0	0	0	0	48	0	0	0	0	0	0	0	0	0	0	0	0	0	0	0	0	0	0	0	0	0	0	0	0	0	0	0	0	0	0	0	48	0	0	0	0	0	0	0	0	0	0	0	0	0	0	0	48	0	0	0	0	0	0	0	0	0	0	0	0	0	0	0	0	0	0	0	48	0	0	0	0	0	0	0	0	0	0	0	0	0	0	0	0	0	0	0	0	0	0	0	0	0	0	0	0	0	0	0	0	0	0	0	0	0	0	0	0	0	0	0	0	0	0	
0	0	0	0	0	0	0	0	0	0	0	0	0	0	48	0	0	0	0	0	0	0	0	0	0	0	0	0	0	0	0	0	0	0	0	0	48	0	0	0	0	0	0	0	0	0	48	0	0	0	0	0	0	0	0	0	0	0	0	0	0	0	0	0	0	0	0	0	0	0	0	0	0	0	0	0	0	0	0	0	0	0	0	0	0	0	0	0	0	0	48	0	0	0	0	0	0	0	0	0	0	0	0	0	0	0	0	0	0	0	0	0	0	0	0	0	0	0	0	0	
0	0	0	0	0	0	0	0	0	0	0	0	0	0	0	0	0	0	0	0	0	0	0	0	0	0	0	0	0	0	0	0	0	0	0	48	0	0	0	0	0	0	0	0	0	0	0	0	0	0	0	0	0	0	0	0	0	0	0	0	0	0	0	0	0	0	0	0	0	0	0	0	0	0	0	0	0	0	0	0	0	0	0	0	0	0	0	0	0	0	0	0	0	0	0	0	0	0	0	0	0	0	0	0	0	0	0	0	48	0	48	0	0	0	48	0	0	0	0	0	
0	0	0	0	0	0	0	0	0	0	0	0	0	0	0	0	0	0	0	0	0	0	0	0	0	0	0	0	0	0	0	0	0	0	0	0	0	0	0	0	0	0	0	0	0	0	0	0	0	0	0	0	0	0	0	0	0	0	0	0	0	0	0	0	0	0	0	0	0	0	0	0	0	0	0	0	0	0	0	0	0	0	0	0	0	0	0	0	0	0	0	0	0	48	0	0	0	0	0	48	48	0	0	0	0	0	0	0	0	48	0	0	0	0	0	0	0	0	0	0	
0	0	0	0	0	0	0	0	0	0	0	0	0	0	0	0	0	0	0	0	0	0	0	0	0	0	0	0	0	0	0	0	0	0	0	0	0	0	0	0	0	0	0	0	0	0	0	0	0	0	0	0	0	0	0	0	0	0	48	48	0	48	0	0	0	0	0	0	0	0	0	0	0	48	0	0	0	0	0	0	0	0	0	0	0	0	0	0	0	0	0	0	0	0	0	0	0	0	0	0	0	0	0	0	0	0	0	0	0	0	0	0	0	0	0	0	0	0	0	0	
0	0	0	0	0	0	0	0	0	0	0	0	0	0	0	0	0	0	0	0	0	0	0	0	0	0	0	0	0	0	0	0	0	0	0	0	0	0	0	0	0	0	0	0	0	0	0	0	0	0	0	0	0	0	0	0	0	0	0	0	0	0	0	0	0	48	0	0	0	0	48	0	0	0	0	0	0	0	0	0	0	0	0	0	0	0	48	0	0	0	0	48	0	0	0	0	0	0	0	0	0	0	0	0	0	0	0	0	0	0	0	0	0	0	0	0	0	0	0	0	
0	0	0	0	0	0	0	0	0	0	0	0	0	0	0	0	0	0	0	0	0	0	0	0	0	0	0	0	0	0	0	0	48	48	0	0	0	0	0	0	0	0	0	0	0	0	0	0	0	0	0	0	0	0	0	0	0	0	0	0	0	0	0	0	0	0	0	0	0	0	0	0	0	0	0	0	0	0	48	0	0	0	0	0	0	0	0	0	0	0	0	0	0	0	0	0	48	0	0	0	0	0	0	0	0	0	0	0	0	0	0	0	0	0	0	0	0	0	0	0	
0	0	0	0	0	0	0	0	0	0	0	0	0	0	48	0	0	0	0	0	0	48	0	0	0	0	0	0	0	0	0	0	0	0	0	0	0	0	0	0	0	0	0	0	0	0	48	0	0	0	0	0	0	0	0	0	0	0	0	0	48	0	0	0	0	0	0	0	0	0	0	0	0	0	0	0	0	0	0	0	0	0	0	0	0	0	0	0	0	0	0	0	0	0	0	0	0	0	0	0	0	0	0	0	0	0	0	0	0	0	0	0	0	0	0	0	0	0	0	0	
0	0	0	0	0	0	0	0	0	0	0	48	0	0	0	0	0	0	0	0	0	0	0	0	0	0	0	0	0	0	0	0	0	0	0	0	0	0	0	0	0	0	0	0	0	0	0	0	0	48	0	0	0	0	0	0	0	0	0	0	0	0	0	0	0	0	0	0	0	0	0	0	0	0	0	0	0	0	0	0	0	0	0	0	0	0	0	0	0	0	0	0	0	0	0	0	0	0	0	0	0	0	0	48	0	0	48	0	0	0	0	0	0	0	0	0	0	0	0	0	
0	0	0	0	0	0	0	0	0	0	0	0	0	0	0	0	0	0	0	0	0	0	0	0	0	0	0	48	0	0	48	0	0	0	0	48	0	0	0	0	0	0	0	0	0	0	0	0	0	0	0	0	0	0	0	0	0	0	0	0	0	0	0	0	0	0	0	0	0	0	0	0	0	0	0	0	0	0	0	0	0	0	0	0	0	0	0	0	0	0	0	0	0	0	0	0	0	0	0	0	0	0	0	0	0	0	0	0	48	0	0	0	0	0	0	0	0	0	0	0	
0	0	0	0	0	0	0	0	0	0	0	0	0	0	0	0	0	0	0	0	0	48	0	0	0	0	0	0	0	0	0	0	0	0	0	0	0	48	0	0	0	0	0	48	0	0	0	0	0	0	0	0	0	0	0	0	0	0	0	0	0	0	0	0	0	0	0	0	0	0	0	0	0	0	0	0	0	0	0	0	0	0	0	0	0	0	0	0	0	0	48	0	0	0	0	0	0	0	0	0	0	0	0	0	0	0	0	0	0	0	0	0	0	0	0	0	0	0	0	0	
0	0	0	0	0	0	0	48	0	0	0	0	0	0	0	0	0	0	0	0	48	0	0	0	0	0	0	0	0	0	0	0	0	0	0	0	0	0	0	0	0	0	0	0	0	0	0	0	0	0	0	0	0	0	0	0	48	0	0	0	0	0	0	0	0	0	0	0	0	0	0	0	0	0	0	0	0	0	0	0	0	0	0	0	0	0	0	0	0	0	0	0	0	0	0	0	0	0	0	0	0	0	0	0	48	0	0	0	0	0	0	0	0	0	0	0	0	0	0	0	
0	0	0	0	0	0	0	0	0	0	0	0	0	0	0	0	0	0	0	0	0	0	0	0	0	0	0	0	0	0	0	0	0	48	0	0	0	0	0	0	0	0	0	0	0	0	0	0	0	0	0	0	0	0	0	0	0	0	0	0	0	0	0	0	0	0	0	0	0	0	0	0	0	0	0	0	0	0	48	0	0	0	0	0	0	0	0	0	0	0	0	0	0	0	0	0	48	0	0	0	0	0	0	0	0	0	0	0	0	0	0	0	0	0	0	0	0	0	48	0	
0	0	0	0	0	0	0	0	0	0	0	0	0	0	0	0	0	0	0	0	0	0	0	48	0	0	0	0	0	0	0	0	0	0	0	0	0	0	0	0	0	0	0	0	48	0	0	0	0	0	0	0	0	0	0	0	0	0	0	0	0	0	0	48	0	0	0	0	0	0	0	0	0	0	0	0	0	0	0	0	0	0	0	0	0	0	0	0	0	0	0	0	0	0	0	0	0	0	0	0	0	0	0	48	0	0	0	0	0	0	0	0	0	0	0	0	0	0	0	0	
0	0	0	0	0	0	0	0	0	0	0	0	0	0	0	0	0	0	0	0	0	0	0	0	0	48	0	0	0	0	0	0	0	0	0	0	0	0	0	0	0	0	0	0	0	0	0	0	0	0	0	0	0	0	0	0	0	0	0	0	0	0	0	0	0	0	0	0	0	0	0	0	0	0	0	0	0	0	0	0	48	0	0	0	0	0	0	0	48	0	0	0	0	0	0	0	0	0	0	0	0	0	0	0	0	0	0	0	0	0	0	0	0	48	0	0	0	0	0	0	
0	0	0	0	0	0	0	0	0	0	0	0	0	0	0	0	0	0	0	0	0	0	0	0	0	0	0	0	0	0	0	0	0	0	0	0	0	0	0	0	0	0	0	0	0	0	0	0	0	0	0	0	0	0	0	0	0	0	0	0	0	0	48	0	0	0	0	0	0	0	0	0	0	0	0	0	48	0	0	0	0	0	0	0	0	48	0	0	0	0	0	0	0	0	0	0	0	0	48	0	0	0	0	0	0	0	0	0	0	0	0	0	0	0	0	0	0	0	0	0	
0	0	0	0	0	0	0	0	48	0	48	48	0	0	0	0	0	48	0	0	0	0	0	0	0	0	0	0	0	0	0	0	0	0	0	0	0	0	0	0	0	0	0	0	0	0	0	0	0	0	0	0	0	0	0	0	0	0	0	0	0	0	0	0	0	0	0	0	0	0	0	0	0	0	0	0	0	0	0	0	0	0	0	0	0	0	0	0	0	0	0	0	0	0	0	0	0	0	0	0	0	0	0	0	0	0	0	0	0	0	0	0	0	0	0	0	0	0	0	0	
0	0	0	0	0	48	0	0	0	0	0	0	0	0	0	0	0	0	0	0	0	0	0	0	0	0	0	0	0	0	0	0	0	0	0	0	48	0	0	0	0	0	0	0	0	0	0	0	0	0	0	0	0	0	0	0	0	0	0	0	0	0	0	0	0	0	0	0	0	0	0	0	0	48	0	0	0	48	0	0	0	0	0	0	0	0	0	0	0	0	0	0	0	0	0	0	0	0	0	0	0	0	0	0	0	0	0	0	0	0	0	0	0	0	0	0	0	0	0	0	
0	0	48	0	0	0	0	0	0	0	0	0	0	48	0	0	0	0	0	0	0	0	0	0	0	0	0	0	0	0	0	0	0	0	0	0	0	0	0	0	0	0	0	0	0	0	0	0	0	0	0	0	0	0	0	0	0	0	0	0	0	0	0	0	0	0	0	0	48	0	0	0	0	0	0	0	0	0	0	0	0	0	0	0	0	0	0	0	0	0	0	0	0	0	0	0	0	48	0	0	0	0	0	0	0	0	0	0	0	0	0	0	0	0	0	0	0	0	0	0	
0	0	0	0	0	0	0	0	0	0	0	0	0	0	0	0	0	0	0	0	0	0	0	0	0	0	0	0	0	48	0	0	0	0	0	0	0	0	0	0	0	0	0	0	0	0	0	0	0	0	0	0	0	0	0	0	0	0	0	0	0	0	0	0	0	0	0	0	0	0	0	0	0	0	0	0	0	0	0	0	0	0	0	0	0	0	0	0	0	0	0	0	0	0	48	0	0	0	0	0	0	48	0	0	0	0	0	0	0	0	0	0	48	0	0	0	0	0	0	0	
0	0	0	0	0	0	0	48	0	0	0	0	0	0	0	0	0	0	0	0	48	0	0	0	0	0	0	0	0	0	0	0	0	0	0	0	0	0	0	0	0	0	0	0	0	0	0	48	0	0	0	0	0	0	0	0	0	0	0	0	0	0	0	0	0	0	0	0	0	0	0	0	0	0	0	0	0	0	0	0	0	0	0	0	0	48	0	0	0	0	0	0	0	0	0	0	0	0	0	0	0	0	0	0	0	0	0	0	0	0	0	0	0	0	0	0	0	0	0	0	
0	0	0	0	0	0	0	0	0	0	0	0	0	0	0	0	0	0	0	0	0	0	0	0	0	0	0	0	0	0	0	0	0	0	0	0	0	0	0	0	0	0	0	0	0	0	0	0	0	0	0	0	0	0	0	0	0	0	0	0	0	0	0	0	0	48	0	0	48	0	0	0	0	0	0	0	0	0	0	48	0	0	0	0	0	0	0	0	0	0	0	0	0	0	0	48	0	0	0	0	0	0	0	0	0	0	0	0	0	0	0	0	0	0	0	0	0	0	0	0	
0	0	0	0	0	0	0	0	0	0	0	0	0	0	0	0	0	0	0	0	0	0	0	0	0	0	0	0	0	0	0	0	0	0	0	0	0	0	0	0	48	0	0	0	0	0	0	0	0	0	0	0	0	0	0	0	0	0	0	48	0	48	0	0	0	0	0	0	0	0	0	0	0	0	0	0	0	0	0	0	0	0	0	0	0	0	0	0	0	0	0	0	0	0	0	0	0	0	0	0	0	0	0	0	0	0	0	0	0	0	0	48	0	0	0	0	0	0	0	0	
0	0	0	0	0	0	0	0	0	0	0	0	0	0	0	0	0	0	0	0	0	0	0	0	0	48	0	0	0	0	0	0	0	0	0	0	0	0	0	0	48	0	0	0	0	0	0	0	0	0	0	0	0	0	0	0	0	0	48	0	0	48	0	0	0	0	0	0	0	0	0	0	0	0	0	0	0	0	0	0	0	0	0	0	0	0	0	0	0	0	0	0	0	0	0	0	0	0	0	0	0	0	0	0	0	0	0	0	0	0	0	0	0	0	0	0	0	0	0	0	
0	0	0	0	0	0	0	0	0	0	0	0	0	0	48	0	0	0	0	0	0	48	0	0	0	0	0	0	0	0	0	0	0	0	0	0	0	0	0	0	0	0	0	48	0	0	0	0	0	0	0	0	0	0	0	0	0	0	0	0	0	0	0	0	0	0	0	0	0	0	0	0	0	0	0	0	0	0	0	0	0	0	0	0	0	0	0	0	0	0	48	0	0	0	0	0	0	0	0	0	0	0	0	0	0	0	0	0	0	0	0	0	0	0	0	0	0	0	0	0	
0	0	0	0	0	0	0	0	0	0	0	0	0	0	0	0	0	0	0	0	0	0	0	0	0	48	0	0	0	0	0	0	0	0	0	0	0	0	0	0	48	0	0	0	0	0	0	0	0	0	0	0	0	0	0	0	0	0	48	48	0	0	0	0	0	0	0	0	0	0	0	0	0	0	0	0	0	0	0	0	0	0	0	0	0	0	0	0	0	0	0	0	0	0	0	0	0	0	0	0	0	0	0	0	0	0	0	0	0	0	0	0	0	0	0	0	0	0	0	0	
0	0	0	0	0	0	0	0	0	0	0	0	48	0	0	0	0	0	0	0	0	0	0	0	0	0	0	0	0	0	0	0	0	0	0	0	0	0	0	0	0	0	0	0	0	0	0	0	0	0	0	48	0	0	0	0	0	0	0	0	0	0	0	0	0	0	0	0	0	0	0	0	0	0	0	0	48	0	0	0	0	0	0	0	0	0	0	0	0	0	0	0	0	0	0	0	0	0	48	0	0	0	0	0	0	0	0	0	0	0	0	0	0	0	0	0	0	0	0	0	
0	0	0	0	0	0	0	0	0	0	0	0	0	0	0	0	0	0	0	0	0	0	0	0	0	0	0	0	0	0	0	0	0	0	48	0	0	0	0	0	0	0	0	0	0	0	0	0	0	48	0	0	0	0	0	0	0	0	0	0	0	0	0	0	0	0	0	0	0	0	0	0	0	0	0	0	0	48	0	0	0	0	0	0	0	0	0	0	0	0	0	0	0	0	0	0	0	0	0	0	0	0	0	48	0	0	0	0	0	0	0	0	0	0	0	0	0	0	0	0	
0	0	0	0	0	0	0	0	0	0	0	0	0	0	0	0	0	0	0	0	0	0	48	0	0	0	0	0	0	0	0	0	0	0	0	0	0	0	0	0	0	0	0	0	0	0	0	0	0	0	0	0	0	0	0	0	0	0	0	0	0	0	0	0	0	0	0	0	0	0	0	0	0	0	48	0	0	0	0	0	0	0	0	48	0	0	0	0	0	0	0	0	0	0	0	0	0	0	0	0	0	0	0	0	0	48	0	0	0	0	0	0	0	0	0	0	0	0	0	0	
0	0	0	0	0	0	48	0	0	0	0	0	0	0	0	0	0	0	0	0	0	0	0	0	0	0	0	0	0	0	0	0	0	0	0	0	0	0	0	0	0	48	0	0	0	0	0	0	0	0	0	0	0	0	0	0	0	48	0	0	0	0	0	0	0	0	0	0	0	0	0	0	0	0	0	0	0	0	0	0	0	0	0	0	0	0	0	0	0	0	0	48	0	0	0	0	0	0	0	0	0	0	0	0	0	0	0	0	0	0	0	0	0	0	0	0	0	0	0	0	
0	0	0	0	0	0	0	0	0	0	0	0	0	0	0	0	0	0	0	0	0	0	0	0	0	0	0	0	0	0	0	0	0	0	0	0	0	0	0	0	0	0	0	0	0	0	0	0	0	0	0	0	0	0	0	0	0	0	0	0	0	0	0	0	0	0	0	0	0	0	48	0	0	0	0	0	0	0	0	0	0	0	48	0	0	0	48	0	0	0	0	48	0	0	0	0	0	0	0	0	0	0	0	0	0	0	0	0	0	0	0	0	0	0	0	0	0	0	0	0	
0	0	48	0	0	0	0	0	0	0	0	0	0	48	0	0	0	0	48	0	0	0	0	0	0	0	0	48	0	0	0	0	0	0	0	0	0	0	0	0	0	0	0	0	0	0	0	0	0	0	0	0	0	0	0	0	0	0	0	0	0	0	0	0	0	0	0	0	0	0	0	0	0	0	0	0	0	0	0	0	0	0	0	0	0	0	0	0	0	0	0	0	0	0	0	0	0	0	0	0	0	0	0	0	0	0	0	0	0	0	0	0	0	0	0	0	0	0	0	0	
0	0	0	0	0	0	0	0	0	0	0	0	0	0	0	0	0	0	0	0	0	0	0	0	0	0	0	0	0	0	0	0	0	0	0	0	0	0	0	0	0	0	0	0	0	0	0	0	0	0	0	0	0	0	48	0	0	48	0	0	0	0	0	0	0	0	0	0	0	0	0	0	0	0	0	0	0	0	0	0	0	0	0	0	0	0	0	0	0	0	0	0	0	0	0	0	0	0	0	0	0	0	48	0	0	0	0	48	0	0	0	0	0	0	0	0	0	0	0	0	
0	0	0	48	0	0	0	0	0	0	0	0	0	0	0	0	48	0	0	0	0	0	0	0	0	0	0	0	0	0	0	48	0	0	0	0	0	0	0	0	0	0	0	0	0	0	0	0	0	0	0	0	0	0	0	0	0	0	0	0	0	0	0	0	0	0	0	0	0	0	0	48	0	0	0	0	0	0	0	0	0	0	0	0	0	0	0	0	0	0	0	0	0	0	0	0	0	0	0	0	0	0	0	0	0	0	0	0	0	0	0	0	0	0	0	0	0	0	0	0	
0	0	0	0	0	0	0	0	0	0	0	0	0	0	0	0	0	0	0	0	0	0	0	0	0	0	0	0	0	0	0	0	0	0	0	0	0	0	0	0	0	48	0	0	0	0	0	0	0	0	0	0	0	0	0	0	0	0	0	0	0	0	0	0	0	0	48	0	0	0	0	0	0	0	0	0	0	0	0	48	0	0	0	0	0	0	48	0	0	0	0	0	0	0	0	0	0	0	0	0	0	0	0	0	0	0	0	0	0	0	0	0	0	0	0	0	0	0	0	0	
0	0	0	48	0	0	0	0	0	0	0	0	0	0	0	0	48	0	0	0	0	0	0	0	0	0	0	0	0	0	0	48	0	0	0	0	0	0	0	0	0	0	0	0	0	0	0	0	0	0	0	0	0	0	0	0	0	0	0	0	0	0	0	0	0	0	0	0	0	48	0	0	0	0	0	0	0	0	0	0	0	0	0	0	0	0	0	0	0	0	0	0	0	0	0	0	0	0	0	0	0	0	0	0	0	0	0	0	0	0	0	0	0	0	0	0	0	0	0	0	
0	0	0	0	0	0	0	0	48	0	0	48	0	0	0	0	0	0	0	0	0	0	0	0	0	0	0	0	0	0	0	0	0	0	0	0	0	0	0	0	0	0	0	0	0	0	0	0	0	0	0	0	0	0	0	0	0	0	0	0	0	0	0	0	0	0	0	0	0	0	0	0	0	0	0	0	0	0	0	0	0	0	0	0	48	0	0	0	0	48	0	0	0	0	0	0	0	0	0	0	0	0	0	0	0	0	0	0	0	0	0	0	0	0	0	0	0	0	0	0	
0	0	0	0	0	48	0	0	0	0	0	0	0	0	0	0	0	0	0	0	0	0	0	0	0	0	0	0	0	0	0	0	0	0	0	0	48	0	0	0	48	0	0	0	0	0	0	0	0	0	0	0	0	48	0	0	0	0	0	0	0	0	0	0	0	0	0	0	0	0	0	0	0	0	0	0	0	0	0	0	0	0	0	0	0	0	0	0	0	0	0	0	0	0	0	0	0	0	0	0	0	0	0	0	0	0	0	0	0	0	0	0	0	0	0	0	0	0	0	0	
0	0	0	0	0	0	0	0	0	0	0	0	0	0	0	0	0	0	0	0	0	0	48	0	0	0	0	0	0	0	0	0	0	0	0	0	0	0	0	0	0	0	0	0	0	0	0	0	0	0	0	0	0	0	0	0	0	0	0	0	0	0	0	0	48	0	0	0	0	0	0	0	0	0	0	0	0	0	0	0	0	48	0	0	0	0	0	0	0	0	0	0	0	0	0	0	0	0	0	0	0	0	0	0	0	0	0	0	0	0	0	0	0	0	0	0	48	0	0	0	
0	0	0	0	0	0	0	0	0	0	0	0	0	0	0	0	0	0	0	0	0	0	0	0	0	0	0	0	0	0	0	0	0	0	0	0	0	0	0	0	0	0	0	0	0	0	0	0	0	0	0	0	0	0	0	0	0	0	0	0	0	0	0	0	0	0	0	0	0	0	0	0	0	0	0	0	0	0	0	0	0	0	0	48	0	0	0	48	0	0	48	0	0	0	0	0	0	0	0	0	0	0	0	0	0	48	0	0	0	0	0	0	0	0	0	0	0	0	0	0	
0	48	0	0	0	0	0	0	0	0	0	0	48	0	0	0	0	0	0	0	0	0	0	0	0	0	0	0	0	0	0	0	0	0	0	0	0	0	0	0	0	0	0	0	0	0	0	0	0	0	0	48	0	0	0	0	0	0	0	0	0	0	48	0	0	0	0	0	0	0	0	0	0	0	0	0	0	0	0	0	0	0	0	0	0	0	0	0	0	0	0	0	0	0	0	0	0	0	0	0	0	0	0	0	0	0	0	0	0	0	0	0	0	0	0	0	0	0	0	0	
0	0	0	0	0	0	0	0	0	0	0	0	0	0	0	0	0	0	0	0	0	0	0	0	0	0	0	0	0	0	0	0	0	0	0	0	0	0	0	0	0	0	0	0	0	0	0	0	0	0	0	0	0	48	0	0	0	0	0	0	0	0	0	48	0	0	0	0	0	0	0	0	0	0	0	0	0	0	0	0	0	0	0	0	0	0	0	0	0	0	0	0	0	0	0	0	0	0	0	0	0	0	0	0	0	0	0	0	0	0	0	48	0	0	0	0	0	48	0	0	
0	0	0	0	0	0	0	0	0	0	0	0	0	0	0	0	0	0	0	0	0	0	0	0	0	0	0	0	0	0	0	0	0	48	0	0	0	0	0	0	0	0	48	0	0	0	0	0	48	0	0	0	0	0	0	0	0	0	0	0	0	0	0	0	0	0	0	0	0	0	0	0	0	0	0	0	0	0	0	0	0	0	0	0	0	0	0	0	0	0	0	0	0	0	0	0	48	0	0	0	0	0	0	0	0	0	0	0	0	0	0	0	0	0	0	0	0	0	0	0	
48	0	0	0	0	0	48	0	0	0	0	0	0	0	0	0	0	0	0	0	0	0	0	0	0	0	0	0	0	0	0	0	0	0	0	0	0	0	0	0	0	0	0	0	0	0	0	0	0	0	0	0	0	0	0	0	0	48	0	0	0	0	0	0	0	0	0	0	0	0	48	0	0	0	0	0	0	0	0	0	0	0	0	0	0	0	0	0	0	0	0	0	0	0	0	0	0	0	0	0	0	0	0	0	0	0	0	0	0	0	0	0	0	0	0	0	0	0	0	0	
0	0	0	0	0	0	0	0	0	0	0	0	0	0	0	0	0	0	0	0	0	0	0	0	0	0	0	0	0	0	0	0	0	0	0	0	0	0	0	0	0	0	0	0	0	0	0	0	0	0	48	0	0	0	0	0	0	0	0	0	0	0	0	0	0	0	0	0	0	0	0	0	0	0	0	0	0	0	0	0	0	0	0	0	0	0	0	0	0	0	0	0	0	0	0	0	0	0	0	0	0	0	0	0	0	0	0	48	0	0	0	48	0	48	0	0	0	0	0	0	
0	0	0	0	0	0	0	0	0	0	0	0	0	0	0	0	0	0	0	0	0	0	0	0	0	0	0	0	0	0	0	0	0	0	0	0	0	0	0	0	0	0	0	0	0	0	0	0	0	0	0	0	0	0	0	0	0	0	0	0	0	0	0	0	0	0	0	0	0	0	0	0	0	0	48	0	0	0	0	0	0	0	0	48	0	0	0	0	0	0	0	0	0	0	0	0	0	0	0	0	0	0	0	0	0	48	0	0	0	0	0	0	0	0	0	0	48	0	0	0	
0	0	0	0	0	0	0	0	0	0	0	0	0	0	0	0	0	0	0	0	0	0	0	0	0	0	0	0	0	0	0	0	0	0	0	0	0	0	0	0	0	0	0	0	0	0	0	0	0	0	0	0	0	0	0	0	0	0	0	0	0	0	0	0	0	0	48	0	0	0	0	0	0	0	0	0	0	0	0	0	0	0	0	0	0	0	0	0	0	0	0	0	0	0	0	0	0	0	0	0	0	0	0	0	0	0	0	0	0	0	48	0	0	0	48	0	0	0	0	48	
0	0	0	0	0	0	0	0	0	0	0	0	0	0	0	0	0	0	0	0	0	0	48	0	0	0	0	0	0	0	0	0	0	0	0	0	0	0	0	0	0	0	0	0	0	0	0	0	0	0	0	0	0	0	0	0	0	0	0	0	0	0	0	0	48	0	0	0	0	0	0	0	0	0	0	48	0	0	0	0	0	48	0	0	0	0	0	0	0	0	0	0	0	0	0	0	0	0	0	0	0	0	0	0	0	0	0	0	0	0	0	0	0	0	0	0	0	0	0	0	
0	0	0	0	0	0	0	0	0	0	0	48	0	0	0	0	0	0	0	0	0	0	0	0	0	0	0	0	0	0	0	0	0	0	0	0	0	0	0	0	0	0	0	0	0	0	0	0	0	0	0	0	0	0	0	0	0	0	0	0	0	0	0	0	0	0	0	0	0	0	0	0	48	0	0	0	0	0	0	0	0	0	0	0	0	0	0	0	0	48	0	0	0	0	0	0	0	0	0	0	0	0	0	0	0	0	0	0	0	0	0	0	0	0	0	0	0	48	0	0	
0	0	0	0	0	0	0	0	0	0	0	0	0	0	0	0	0	0	0	0	0	0	0	0	0	0	0	0	0	0	0	0	0	0	0	0	0	0	0	0	0	0	0	0	0	0	0	0	0	0	0	48	0	0	0	0	48	0	0	0	0	0	0	0	0	0	0	0	0	0	0	0	0	0	0	0	0	0	0	0	0	0	0	0	0	0	0	0	0	0	0	0	0	0	48	0	0	0	0	0	0	48	0	0	0	0	0	0	0	0	0	0	0	0	0	0	0	0	0	0	
0	0	0	0	0	0	0	0	0	0	0	0	0	0	0	0	0	0	0	0	0	0	0	0	0	0	0	0	0	0	0	0	0	0	0	0	0	0	0	0	0	48	0	0	0	0	0	0	0	0	0	0	0	0	0	0	0	0	0	0	0	0	0	0	0	0	48	0	0	0	48	0	0	0	0	0	0	0	0	0	0	0	0	0	0	0	0	0	0	0	0	0	0	0	0	48	0	0	0	0	0	0	0	0	0	0	0	0	0	0	0	0	0	0	0	0	0	0	0	0	
0	0	0	48	0	0	0	0	0	0	0	0	0	0	0	0	48	0	0	0	0	0	0	0	0	0	0	0	0	0	0	48	0	0	0	0	0	0	0	0	0	0	0	0	0	0	0	0	0	0	0	0	0	0	0	0	0	0	0	0	0	0	0	0	0	0	0	0	0	0	0	0	0	0	0	48	0	0	0	0	0	0	0	0	0	0	0	0	0	0	0	0	0	0	0	0	0	0	0	0	0	0	0	0	0	0	0	0	0	0	0	0	0	0	0	0	0	0	0	0	
0	0	0	0	0	0	0	48	0	0	0	0	0	0	0	0	0	0	0	0	0	0	0	0	0	48	0	0	0	0	0	48	0	0	0	0	0	0	0	0	0	0	0	0	0	0	0	0	0	0	48	0	0	0	0	0	0	0	0	0	0	0	0	0	0	0	0	0	0	0	0	0	0	0	0	0	0	0	0	0	0	0	0	0	0	0	0	0	0	0	0	0	0	0	0	0	0	0	0	0	0	0	0	0	0	0	0	0	0	0	0	0	0	0	0	0	0	0	0	0	
0	0	0	0	0	0	0	0	0	0	48	0	0	0	0	0	0	48	0	0	0	0	0	0	0	0	0	0	0	0	0	0	0	0	0	0	0	0	0	0	0	0	0	0	0	0	0	0	0	0	0	0	0	0	0	0	0	0	0	0	0	0	0	0	0	0	0	0	0	0	0	0	48	0	0	0	0	0	0	0	0	0	0	0	48	0	0	0	0	0	0	0	0	0	0	0	0	0	0	0	0	0	0	0	0	0	0	0	0	0	0	0	0	0	0	0	0	0	0	0	
0	0	0	0	0	0	0	0	0	0	0	0	0	0	0	0	0	0	0	0	0	0	0	0	0	0	0	0	0	0	0	0	0	0	0	0	0	48	0	0	0	0	0	0	0	0	48	0	0	0	0	0	0	0	0	0	0	0	0	0	48	0	0	0	0	0	0	0	0	0	0	0	0	0	0	48	0	0	0	0	0	0	0	0	0	0	0	0	0	0	0	0	0	0	0	0	0	0	0	0	0	0	0	0	0	0	0	0	0	0	0	0	0	0	0	0	0	0	0	0	
0	0	0	0	0	0	48	0	0	0	0	0	0	0	0	0	0	0	0	0	0	0	0	0	0	0	0	0	0	0	0	0	0	0	0	0	0	0	0	0	0	48	0	0	0	0	0	0	0	0	0	0	0	0	0	0	0	0	0	0	0	0	0	0	0	48	48	0	0	0	0	0	0	0	0	0	0	0	0	0	0	0	0	0	0	0	0	0	0	0	0	0	0	0	0	0	0	0	0	0	0	0	0	0	0	0	0	0	0	0	0	0	0	0	0	0	0	0	0	0	
0	0	0	0	48	0	0	0	0	0	0	0	0	0	0	0	0	0	48	48	0	0	0	0	0	0	0	48	0	0	0	0	0	0	0	0	0	0	0	0	0	0	0	0	0	0	0	0	0	0	0	0	0	0	0	0	0	0	0	0	0	0	0	0	0	0	0	0	0	0	0	0	0	0	0	0	0	0	0	0	0	0	0	0	0	0	0	0	0	0	0	0	0	0	0	0	0	0	0	0	0	0	0	0	0	0	0	0	0	0	0	0	0	0	0	0	0	0	0	0	
0	0	0	0	0	0	0	0	0	0	0	0	0	0	0	0	0	0	0	0	0	0	0	0	48	0	0	0	0	0	0	0	48	0	0	0	0	0	0	48	0	0	0	0	0	0	0	0	0	0	0	0	0	0	0	0	0	0	0	0	0	0	0	0	0	0	0	0	0	0	0	0	0	0	0	0	0	0	0	0	0	0	0	0	0	0	0	0	0	0	0	0	0	0	0	0	0	0	0	0	0	0	0	0	0	0	0	0	0	48	0	0	0	0	0	0	0	0	0	0	
0	0	0	0	0	0	0	0	0	0	0	0	0	0	0	0	0	0	0	0	0	0	0	0	0	0	0	0	0	0	0	0	0	0	0	0	0	0	0	0	0	0	0	0	0	0	0	0	0	0	0	0	0	0	0	48	0	0	0	0	0	0	0	0	0	0	0	0	0	0	0	0	0	0	0	0	0	0	0	0	0	0	0	0	0	48	0	0	0	0	0	0	0	0	0	0	0	0	0	0	0	48	0	0	0	0	0	0	0	0	0	0	48	0	0	0	0	0	0	0	
48	0	0	0	0	0	0	0	0	0	0	0	0	0	0	0	0	0	0	0	0	0	0	0	0	0	0	0	0	0	0	0	0	0	0	0	0	0	0	0	0	0	0	0	0	0	0	0	0	0	0	0	0	0	0	0	0	48	0	0	0	0	0	0	0	0	0	0	0	0	0	0	0	0	0	0	0	0	0	0	0	0	0	0	0	0	48	0	0	0	0	0	0	0	0	0	0	0	0	0	0	0	0	0	0	0	0	48	0	0	0	0	0	0	0	0	0	0	0	0	
0	0	0	0	0	0	0	0	0	0	0	0	0	0	0	0	0	0	0	0	0	0	0	0	0	0	0	0	0	0	0	0	0	48	0	0	0	0	0	0	0	0	48	0	0	0	0	0	48	0	0	0	0	0	0	0	0	0	0	0	0	0	0	0	0	0	0	0	0	0	0	0	0	0	0	0	0	0	48	0	0	0	0	0	0	0	0	0	0	0	0	0	0	0	0	0	0	0	0	0	0	0	0	0	0	0	0	0	0	0	0	0	0	0	0	0	0	0	0	0	
0	0	0	0	0	0	0	0	0	48	0	0	0	0	0	0	0	0	0	0	0	0	0	0	0	0	48	0	0	48	0	0	0	0	0	0	0	0	0	0	0	0	0	0	0	0	0	0	0	0	0	0	0	0	48	0	0	0	0	0	0	0	0	0	0	0	0	0	0	0	0	0	0	0	0	0	0	0	0	0	0	0	0	0	0	0	0	0	0	0	0	0	0	0	0	0	0	0	0	0	0	0	0	0	0	0	0	0	0	0	0	0	0	0	0	0	0	0	0	0	
0	48	0	0	0	0	0	0	0	0	0	0	48	0	0	0	0	0	0	0	0	0	0	0	0	0	0	0	0	0	0	0	0	0	0	0	0	0	0	0	0	0	0	0	0	0	0	0	0	0	0	48	0	0	0	0	0	0	0	0	0	0	48	0	0	0	0	0	0	0	0	0	0	0	0	0	0	0	0	0	0	0	0	0	0	0	0	0	0	0	0	0	0	0	0	0	0	0	0	0	0	0	0	0	0	0	0	0	0	0	0	0	0	0	0	0	0	0	0	0	
0	0	0	0	0	0	0	0	0	0	0	0	0	0	0	48	0	0	0	0	0	0	0	0	0	0	0	0	0	0	0	0	0	0	0	0	0	0	0	48	0	0	0	0	0	0	0	0	0	0	0	0	0	0	0	0	0	0	0	0	0	0	0	0	0	0	0	0	0	0	0	0	0	0	0	0	0	0	0	0	0	0	0	0	0	0	0	0	0	0	0	0	0	0	0	0	0	0	0	0	48	0	0	0	0	0	0	0	0	0	0	0	0	0	0	48	0	0	0	0	
0	0	0	0	0	0	0	0	0	0	0	0	0	0	0	0	0	0	0	0	0	0	0	0	48	0	0	0	0	0	0	0	0	0	0	0	0	0	0	48	0	0	0	0	0	0	0	0	0	0	0	0	0	0	0	0	0	0	0	0	0	0	0	0	0	0	0	0	0	0	0	0	0	0	0	0	0	0	0	0	0	0	0	0	0	0	0	0	0	0	0	0	0	0	0	0	0	0	0	48	0	0	0	0	0	0	0	0	0	0	0	0	0	0	0	48	0	0	0	0	
0	0	0	0	0	0	0	0	0	0	0	0	0	0	0	0	0	0	0	0	0	0	0	0	0	0	0	0	0	48	0	0	0	0	0	0	0	0	0	0	0	0	0	0	0	0	0	0	0	0	0	0	0	0	0	48	0	0	0	0	0	0	0	0	0	0	0	0	0	0	0	0	0	0	0	0	0	0	0	0	0	0	0	0	0	48	0	0	0	0	0	0	0	0	48	0	0	0	0	0	0	0	0	0	0	0	0	0	0	0	0	0	0	0	0	0	0	0	0	0	
0	0	0	0	0	0	0	0	0	0	0	0	0	0	0	0	0	0	0	0	0	0	0	0	0	0	0	0	48	0	0	0	0	0	0	0	0	0	0	0	0	0	0	0	0	0	0	0	0	0	0	0	0	0	0	0	0	0	0	0	0	0	0	0	0	0	0	0	48	0	0	0	0	0	0	0	0	0	0	0	0	0	0	0	0	0	0	0	0	0	0	0	0	0	0	0	0	0	0	0	0	0	0	0	48	0	0	0	0	0	0	0	48	0	0	0	0	0	0	0	
0	0	0	0	0	48	0	0	0	0	0	0	0	0	0	0	0	0	0	0	0	0	0	0	0	0	0	0	0	0	0	0	0	0	0	0	0	0	0	0	0	0	0	0	48	0	0	0	0	48	0	0	0	0	0	0	0	0	0	0	0	0	0	48	0	0	0	0	0	0	0	0	0	0	0	0	0	0	0	0	0	0	0	0	0	0	0	0	0	0	0	0	0	0	0	0	0	0	0	0	0	0	0	0	0	0	0	0	0	0	0	0	0	0	0	0	0	0	0	0	
0	0	0	0	0	0	0	48	0	0	0	0	0	0	0	0	0	0	0	0	0	0	0	0	0	0	0	0	0	0	0	0	0	0	0	0	0	0	0	0	0	0	0	0	0	0	0	48	0	0	0	0	0	0	0	0	0	0	0	0	0	0	0	0	0	0	0	0	0	0	0	0	0	0	0	0	0	0	0	0	0	0	0	0	0	0	0	0	0	0	0	0	0	0	0	0	0	0	0	0	0	0	48	0	0	0	0	0	0	0	0	0	48	0	0	0	0	0	0	0	
0	0	0	0	0	0	0	0	0	0	0	0	0	0	0	0	0	0	0	0	0	0	48	0	0	0	0	0	0	0	0	0	0	0	0	0	0	0	0	0	0	0	0	0	0	0	0	0	0	0	0	0	0	0	0	0	0	0	0	0	0	0	0	0	48	0	0	0	0	0	0	0	0	0	0	48	0	0	0	0	0	48	0	0	0	0	0	0	0	0	0	0	0	0	0	0	0	0	0	0	0	0	0	0	0	0	0	0	0	0	0	0	0	0	0	0	0	0	0	0	
0	0	0	0	0	0	0	0	0	0	0	0	0	0	0	48	0	0	0	0	0	0	0	48	0	0	0	0	0	0	0	0	0	0	48	0	0	0	0	0	0	0	0	0	48	0	0	0	0	0	0	0	0	0	0	0	0	0	0	0	0	0	0	0	0	0	0	0	0	0	0	0	0	0	0	0	0	0	0	0	0	0	0	0	0	0	0	0	0	0	0	0	0	0	0	0	0	0	0	0	0	0	0	0	0	0	0	0	0	0	0	0	0	0	0	0	0	0	0	0	
0	0	0	0	0	0	0	0	0	0	0	0	0	0	0	0	0	0	0	0	0	0	0	0	0	0	0	0	48	0	0	0	0	0	0	0	0	0	0	0	0	0	0	0	0	0	0	0	0	0	0	0	0	0	0	0	0	0	0	0	0	0	0	0	0	0	0	0	48	0	0	0	0	0	0	0	0	0	0	0	48	0	0	0	0	0	0	0	0	0	0	0	0	0	0	48	0	0	0	0	0	0	0	0	0	0	0	0	0	0	0	0	0	0	0	0	0	0	0	0	
0	0	0	0	0	0	0	0	0	0	0	0	0	0	0	0	0	0	0	0	0	0	0	0	0	0	0	0	0	0	0	0	0	0	0	48	0	0	48	0	0	0	0	0	0	48	0	0	0	0	0	0	0	0	0	0	0	0	0	0	0	0	0	0	0	0	0	0	0	0	0	0	0	0	0	0	0	0	0	0	0	0	0	0	0	0	0	0	0	0	0	0	0	0	0	0	0	0	0	0	0	0	0	0	0	0	0	0	0	0	0	0	0	0	48	0	0	0	0	0	
0	0	0	0	0	0	0	0	0	0	0	0	0	0	0	0	0	0	0	0	0	0	0	0	48	0	0	0	0	0	0	0	48	0	0	0	0	0	0	48	0	0	0	0	0	0	0	0	0	0	0	0	0	0	0	0	0	0	0	0	0	0	0	0	0	0	0	0	0	0	0	0	0	0	0	0	0	0	0	0	0	0	0	0	0	0	0	0	0	0	0	0	0	48	0	0	0	0	0	0	0	0	0	0	0	0	0	0	0	0	0	0	0	0	0	0	0	0	0	0	
0	0	0	0	0	0	0	0	0	0	0	0	0	0	0	0	0	0	0	0	0	0	0	0	0	0	0	0	0	0	0	0	0	0	0	0	0	0	48	0	0	0	0	0	0	0	0	0	0	0	0	0	0	0	0	0	0	0	0	0	0	0	0	0	0	0	0	0	0	0	0	0	0	0	0	0	0	0	0	0	0	0	48	0	0	0	0	0	0	0	0	0	0	0	0	0	0	0	0	0	0	0	0	0	0	0	0	0	0	0	0	0	0	0	0	48	0	0	0	48	
48	0	0	0	0	0	0	0	0	0	0	0	0	0	0	0	0	0	0	0	0	0	0	0	0	0	0	0	0	0	0	0	0	0	0	0	0	0	0	0	0	0	0	0	0	0	0	0	0	0	0	0	0	0	0	0	0	0	48	0	0	0	0	0	0	0	0	0	0	0	0	0	0	0	0	0	0	48	0	0	48	0	0	0	0	0	0	0	0	0	0	0	0	0	0	0	0	0	0	0	0	0	0	0	0	0	0	0	0	0	0	0	0	0	0	0	0	0	0	0	
0	0	0	0	0	0	0	0	0	0	0	0	0	0	0	0	0	0	0	0	0	0	0	0	0	0	0	0	0	0	0	0	0	0	0	0	0	0	0	0	0	0	0	0	0	0	0	0	0	0	0	0	0	0	0	48	0	0	0	0	0	0	0	0	0	0	0	0	0	0	0	0	0	0	0	0	0	0	0	0	0	0	0	0	0	0	0	0	0	0	0	0	0	0	48	0	0	0	0	0	0	0	48	0	48	0	0	0	0	0	0	0	0	0	0	0	0	0	0	0	
0	0	0	0	0	0	0	0	0	0	0	0	0	0	0	0	0	0	0	0	48	0	0	0	0	0	0	0	48	0	0	0	0	0	0	0	0	0	0	0	0	0	0	0	0	0	0	0	0	0	48	0	0	0	0	0	0	0	0	0	0	0	0	0	0	0	0	0	0	0	0	0	0	0	0	0	0	0	0	0	48	0	0	0	0	0	0	0	0	0	0	0	0	0	0	0	0	0	0	0	0	0	0	0	0	0	0	0	0	0	0	0	0	0	0	0	0	0	0	0	
0	0	0	0	0	0	0	0	0	0	0	0	0	0	0	0	0	0	0	0	0	0	0	0	0	0	0	0	0	0	0	0	0	0	0	48	0	0	48	0	0	0	0	0	0	0	0	0	0	0	0	0	0	0	0	0	0	0	0	0	0	0	0	0	0	0	0	0	0	0	0	0	0	0	0	0	0	0	0	0	0	0	48	0	0	0	0	0	0	0	0	0	0	0	0	0	0	0	0	0	0	0	0	0	0	0	0	0	48	0	0	0	0	0	0	0	0	0	0	0	
0	0	0	0	0	0	0	0	0	0	0	0	0	0	0	0	0	0	0	0	0	0	0	0	0	0	0	0	0	0	0	0	0	0	0	0	0	0	0	0	0	0	0	0	0	0	0	0	0	0	0	0	0	0	0	0	0	0	0	0	0	0	0	0	0	0	0	0	0	0	0	0	0	0	0	0	0	0	0	0	0	0	0	0	0	0	0	0	0	0	0	0	0	0	0	0	0	0	0	48	48	0	0	0	0	0	0	0	0	0	48	0	0	0	0	0	0	0	0	48	
0	0	0	0	0	0	0	0	0	0	0	0	0	0	0	0	0	0	0	0	0	0	0	0	0	0	0	0	0	0	0	0	0	0	0	0	0	0	0	0	0	0	0	0	0	0	0	0	0	0	0	0	0	0	0	0	0	0	0	0	0	0	0	0	0	0	0	0	0	0	0	0	0	0	48	0	0	0	0	0	0	48	0	0	0	0	0	0	0	0	0	0	0	0	0	0	0	0	0	0	0	0	0	0	0	0	0	0	0	0	0	0	0	0	0	0	0	48	0	48	
0	0	0	0	0	0	0	0	0	0	0	0	0	0	0	0	0	0	0	0	0	0	0	0	0	0	0	0	0	0	0	0	0	0	0	0	0	0	0	0	0	0	0	0	0	0	0	0	0	0	0	0	0	0	0	0	0	0	0	0	0	0	0	0	0	0	0	0	0	0	0	0	0	0	0	0	0	48	0	0	0	0	0	0	48	0	0	0	0	0	0	0	0	0	0	0	0	0	0	0	0	0	0	0	0	0	0	0	0	0	0	0	0	0	0	0	48	0	48	0	
0	0	0	0	48	0	0	0	0	0	0	0	0	0	0	0	0	0	0	0	0	0	0	0	0	0	0	0	0	0	48	0	0	0	0	0	0	0	0	0	0	0	0	0	0	0	0	0	48	0	0	0	0	0	0	0	0	0	0	0	0	0	0	0	0	0	0	0	0	0	0	0	0	0	0	0	0	0	0	0	0	0	0	0	0	0	0	0	0	0	0	0	0	0	0	0	0	0	0	0	0	0	0	0	0	0	0	0	0	0	0	0	0	0	0	0	0	48	0	0	
0	0	0	0	0	0	0	0	0	0	0	0	0	0	0	0	0	0	0	0	0	0	0	0	0	0	0	0	0	0	0	0	0	0	0	0	0	0	0	0	0	0	0	0	0	0	0	0	0	0	0	0	0	0	0	0	0	0	0	0	0	0	0	0	0	0	0	0	0	0	0	0	0	0	0	0	0	0	0	0	0	0	48	0	0	0	0	0	0	0	0	0	0	0	0	0	0	0	0	0	0	0	0	0	0	0	0	0	0	0	48	0	0	0	0	48	48	0	0	0	
116	67	95	25	19	104	72	25	115	50	74	6	49	49	16	117	114	111	24	75	60	68	39	44	51	51	33	39	108	25	76	96	5	28	13	84	66	112	97	56	80	51	13	81	60	25	109	53	92	96	111	31	27	29	40	53	81	108	69	4	32	2	82	17	39	29	37	65	89	42	107	89	94	109	81	6	88	91	11	53	54	98	63	52	108	71	90	22	119	94	113	73	116	117	81	74	41	32	30	14	10	100	102	27	85	71	30	36	69	94	74	31	73	93	105	50	5	42	62	96	102	81	31	23	58	96	56	69	61	3	0	61	12	8	74	21	109	19	108	91	43	2	50	10	77	33	115	33	7	30	66	51	87	45	69	7	25	12	75	19	102	91	28	63	11	46	52	67	69	93	37	103	99	81	16	30	48	108	53	56	45	23	47	77	41	114	53	24	63	86	0	104	102	77	26	39	9	71	12	71	25	98	3	14	99	106	118	99	20	94	25	64	119	68	33	49	97	57	91	67	111	41	35	75	79	58	16	54	45	17	53	89	87	50	48	66	81	35	54	117	73	113	12	118	74	104	71	84	52	94	52	27	73	7	104	33	88	74	111	73	62	17	72	113	87	28	94	47	88	54	88	23	6	53	89	22	31	21	87	65	8	116	111	37	60	87	70	31	43	90	24	37	71	51	92	2	31	78	101	77	119	82	50	34	77	73	78	110	101	115	15	78	93	59	114	80	89	79	116	79	70	35	74	58	90	29	65	108	57	2	13	4	80	38	21	14	45	95	52	0	68	50	49	109	91	67	111	3	38	16	76	8	66	54	85	112	13	1	63	39	51	79	31	44	82	92	49	52	38	38	76	34	60	2	19	20	114	68	60	40	44	58	13	58	39	81	1	54	73	117	22	19	15	108	89	70	36	27	102	10	79	62	108	69	85	115	119	29	11	76	77	46	95	82	34	117	6	62	108	50	18	25	51	63	60	92	64	109	93	64	61	116	102	38	90	5	23	32	64	58	98	21	32	92	40	72	100	108	50	8	28	10	65	112	34	31	30	95	22	101	57	56	1	29	28	3	101	79	32	25	89	69	94	27	89	39	71	18	43	103	59	111	58	38	29	43	46	68	76	48	25	11	82	53	82	27	88	5	61	6	79	31	48	4	95	110	30	63	34	50	23	32	10	11	92	63	22	44	15	6	55	77	112	37	32	71	89	54	17	43	98	90	2	58	92	49	77	14	8	101	27	30	64	94	117	68	60	38	115	2	85	29	64	47	77	109	115	110	52	63	14	7	28	27	26	99	12	26	8	114	55	103	17	87	86	97	101	58	104	17	54	45	56	73	61	95	71	58	67	42	12	108	65	7	107	9	49	33	24	22	10	105	70	70	26	67	9	108	15	90	103	63	30	116	45	12	83	30	9	30	12	116	30	28	109	37	42	58	28	4	99	30	61	15	76	19	110	18	107	8	27	28	62	49	18	48	0	12	47	44	71	92	96	29	65	112	41	87	17	5	56	40	86	62	113	69	19	26	50	91	55	13	111	71	61	84	102	93	60	7	74	93	74	112	81	116	89	37	29	105	11	6	29	52	33	39	74	20	53	14	94	6	10	98	82	87	27	75	95	49	62	92	18	55	48	83	88	82	119	79	18	85	90	78	62	12	54	68	98	21	7	69	27	16	107	46	82	53	81	38	62	3	83	48	116	113	103	71	52	36	47	62	53	36	10	67	109	63	104	84	22	96	30	28	50	95	84	66	31	36	83	88	77	59	96	65	28	101	17	88	104	118	26	83	22	91	104	99	48	117	4	84	33	41	31	95	7	87	56	90	86	4	76	1	28	47	95	103	102	13	84	12	74	19	74	0	43	82	111	2	17	36	60	61	24	34	77	77	94	84	82	87	111	102	42	65	23	61	96	86	86	111	96	74	23	98	30	23	76	25	91	26	94	27	119	118	51	2	32	118	84	55	17	30	41	43	74	62	11	75	100	74	53	94	10	62	81	106	83	8	31	57	26	98	21	68	1	72	90	81	74	60	50	92	107	105	91	19	111	77	110	103	93	30	118	48	10	48	33	79	4	109	81	61	119	85	95	115	106	53	24	24	40	96	17	3	100	51	74	107	65	34	84	62	49	31	42	21	113	116	16	86	11	90	114	83	50	82	95	30	7	93	114	13	85	45	32	36	11	49	18	29	19	34	40	56	105	10	46	32	79	83	103	112	61	48	44	37	60	0	83	24	23	86	59	52	13	67	94	114	11	25	69	28	92	29	52	46	34	95	41	54	6	114	39	78	10	97	17	37	116	9	112	7	22	37	17	44	57	100	69	86	50	112	30	94	92	97	7	78	24	112	41	63	12	41	115	26	64	50	2	27	56	80	53	53	49	108	101	17	111	17	117	96	23	66	83	67	16	74	97	12	100	51	4	91	78	64	68	15	33	39	28	83	68	97	95	98	55	48	92	117	54	101	101	15	66	56	107	24	16	83	87	86	117	87	74	88	23	109	41	5	51	109	51	7	40	28	2	92	19	50	1	15	119	8	53	80	20	119	63	37	103	4	91	119	80	59	33	3	50	102	114	56	40	64	66	32	59	83	94	28	2	96	1	78	23	76	113	57	108	84	116	6	4	87	102	45	63	77	85	103	52	45	62	21	60	80	52	19	62	40	70	12	24	75	23	74	82	20	3	67	78	72	31	113	37	55	106	36	19	66	32	105	25	99	29	23	20	87	10	35	88	4	89	38	91	21	33	42	76	39	46	111	53	110	22	107	32	109	117	41	116	108	60	112	23	103	60	32	30	20	10	25	115	48	108	56	119	61	115	6	73	24	111	105	77	62	75	62	48	109	36	34	119	73	72	50	119	64	116	40	60	61	50	76	95	44	41	9	112	104	35	99	16	102	17	65	77	87	101	72	9	78	94	86	109	101	99	45	5	11	95	7	101	37	6	117	2	24	104	46	13	34	71	33	87	64	54	65	119	43	17	72	66	116	17	55	105	40	59	99	19	50	63	56	108	118	110	72	97	31	116	44	96	29	24	119	71	102	106	9	43	76	86	95	39	85	81	3	52	60	76	0	68	58	1	100	24	94	107	33	41	64	117	64	113	89	3	29	60	61	61	73	87	85	51	62	62	109	66	111	21	38	84	65	117	112	84	84	47	108	21	40	59	1	115	80	112	93	44	2	67	27	40	37	15	91	12	72	73	23	36	75	51	114	63	35	87	103	23	25	91	79	95	12	43	104	59	23	8	41	78	87	86	88	17	21	95	80	89	98	98	108	93	83	108	68	8	81	99	55	107	67	26	117	62	65	101	17	97	85	100	21	57	42	11	59	73	83	56	10	104	40	119	107	35	87	85	96	104	26	34	28	21	41	41	10	89	111	57	79	97	29	50	106	38	59	85	78	15	34	70	116	75	80	73	62	61	82	37	66	93	68	80	88	6	107	103	92	25	8	59	69	5	79	59	2	62	113	9	36	106	14	71	105	90	85	38	112	84	93	98	66	73	119	97	4	110	83	95	1	44	15	49	24	8	16	75	76	98	73	46	2	38	52	107	26	3	41	23	5	100	61	36	41	81	34	117	85	108	83	32	77	90	39	101	94	20	72	32	26	6	35	28	0	53	37	104	111	70	114	58	92	82	50	54	104	83	56	80	116	15	63	66	101	25	95	94	97	115	118	17	91	68	1	99	57	33	31	13	98	84	75	87	4	47	78	98	86	56	80	22	49	93	109	43	116	99	49	54	1	24	106	116	91	43	65	6	94	4	103	106	59	39	36	30	14	48	96	99	48	52	68	68	66	69	10	78	78	57	74	33	28	111	65	105	9	74	56	72	71	69	49	45	104	64	14	37	86	4	117	57	3	89	23	84	115	10	24	11	41	86	70	115	4	22	54	77	39	14	19	9	103	31	77	100	14	27	52	105	95	27	46	5	20	86	40	43	60	119	116	114	12	105	51	105	18	59	7	18	68	110	42	10	111	90	74	98	90	118	4	107	84	43	69	30	115	104	10	3	31	95	0	105	11	10	88	94	20	83	73	100	99	18	60	30	97	40	51	52	24	47	32	30	0	88	49	28	85	18	85	111	61	18	92	23	29	115	63	51	21	108	84	71	39	97	77	6	16	34	12	61	72	111	88	55	69	48	6	88	64	96	114	11	91	92	78	99	25	6	5	61	52	103	64	39	45	21	60	24	5	92	88	51	5	102	17	15	89	19	8	72	53	48	45	47	94	45	89	89	105	55	89	53	9	101	109	75	19	11	82	55	66	78	117	56	103	113	75	94	68	75	10	55	92	34	40	73	106	119	29	24	61	67	79	50	48	31	91	1	51	95	55	81	44	3	113	57	67	97	53	107	33	88	94	59	95	20	0	47	34	67	23	49	80	69	60	57	38	81	6	53	111	80	57	82	15	116	31	7	18	111	105	84	116	0	62	47	86	70	69	96	60	97	42	113	98	50	115	111	58	22	87	11	98	42	7	110	78	57	2	38	116	117	10	91	55	3	113	24	35	57	15	13	83	7	30	96	8	99	35	113	76	28	36	78	30	2	50	55	50	89	6	92	32	10	105	112	78	16	6	107	68	41	118	111	99	14	48	53	82	57	9	95	37	113	83	77	34	7	111	114	70	57	45	101	15	91	115	58	52	18	93	24	79	74	15	35	25	20	68	99	28	99	108	25	40	105	51	36	117	80	65	67	85	48	38	19	110	47	96	99	88	95	53	94	106	114	114	68	47	91	4	3	53	37	50	15	75	5	103	93	6	102	34	73	92	64	15	51	13	61	104	64	112	59	24	40	101	14	104	9	12	36	26	115	68	84	12	29	118	96	66	57	48	102	112	96	117	112	55	7	6	77	91	78	49	101	9	91	9	46	5	0	86	119	112	73	48	78	62	19	57	73	100	108	114	48	70	113	79	14	21	3	39	103	85	31	62	81	99	90	34	105	84	26	21	34	81	80	116	94	90	82	110	79	72	80	46	13	25	34	74	112	52	53	22	114	107	69	75	110	116	33	38	58	90	4	11	21	117	114	89	6	47	62	49	25	104	53	78	110	15	105	5	88	20	11	13	65	117	115	104	89	86	60	18	54	59	12	18	2	27	54	87	3	54	47	107	97	92	20	119	85	116	63	59	51	56	28	19	23	23	12	28	103	109	42	84	115	7	8	69	11	88	111	100	104	100	113	63	110	37	114	72	110	102	34	113	58	78	8	3	119	62	25	117	88	90	93	78	70	52	97	23	28	88	43	74	68	67	90	41	85	53	97	60	92	115	19	115	101	54	109	22	88	55	0	43	64	47	4	98	21	25	59	75	21	89	86	100	37	64	36	69	45	87	24	119	61	100	114	98	104	10	24	62	71	56	12	38	67	9	19	95	89	9	2	5	86	36	39	76	43	43	71	21	66	12	15	52	41	7	72	119	111	59	117	72	93	60	32	82	34	26	49	46	82	31	93	20	1	11	85	89	110	63	18	48	116	16	48	1	9	70	119	11	74	103	119	45	73	69	7	28	69	92	53	24	91	98	96	11	71	110	118	59	111	119	8	26	3	31	56	16	30	9	50	56	74	114	59	99	80	33	10	45	90	34	21	22	91	3	33	96	4	117	54	8	88	26	114	82	70	41	7	67	73	75	43	112	84	65	77	34	66	19	53	81	106	3	113	51	42	9	115	36	81	54	91	68	55	26	70	74	0	43	38	83	27	45	25	8	20	111	66	21	37	71	11	64	109	76	34	99	24	58	100	20	98	4	32	63	23	10	61	42	17	110	45	16	109	23	37	6	48	8	32	33	103	1	66	46	30	64	55	8	43	58	64	16	70	89	34	51	74	66	29	0	11	18	83	84	116	83	30	117	36	117	109	110	46	110	69	62	39	66	92	14	38	92	8	2	51	6	114	119	55	96	47	44	73	105	48	67	10	61	26	23	59	46	103	31	84	48	99	62	58	72	82	32	60	82	89	113	79	82	29	114	118	48	66	44	58	23	14	34	21	39	56	87	40	37	37	38	74	110	89	61	92	95	97	96	14	25	96	37	72	56	24	119	14	13	65	13	46	99	37	52	50	4	42	45	107	68	72	1	64	69	62	74	97	113	89	41	91	62	55	35	87	50	73	32	26	7	17	35	60	101	14	46	65	73	12	110	33	8	43	60	77	14	83	4	97	88	84	29	14	4	5	110	66	107	88	15	109	81	43	50	58	102	100	103	67	72	4	75	63	37	24	93	117	3	100	55	82	39	38	87	109	114	108	110	95	20	113	21	119	84	11	2	105	79	53	46	31	74	46	68	61	108	16	64	100	23	85	26	0	63	41	95	85	42	85	43	32	83	80	88	65	95	31	30	15	108	87	40	76	110	73	36	10	49	92	104	86	31	28	85	109	99	24	54	21	1	59	0	32	70	29	70	18	78	87	0	98	108	51	7	83	49	113	16	19	104	63	58	41	17	69	5	70	98	50	3	101	90	34	78	40	71	34	66	45	40	29	48	29	1	69	103	53	118	61	57	119	28	64	86	11	81	70	35	115	29	94	16	87	33	45	64	112	109	41	27	61	42	84	40	43	73	119	97	32	43	33	92	60	93	29	13	25	70	91	54	4	108	54	8	18	27	99	57	32	56	59	19	97	18	70	24	43	73	21	111	41	34	65	116	20	21	74	106	82	13	29	107	66	102	72	51	111	23	37	114	90	47	56	100	48	57	82	83	53	14	81	57	80	16	64	79	16	17	44	54	32	102	83	23	25	97	2	13	74	88	52	11	16	107	2	94	0	87	76	87	79	8	89	117	11	2	114	29	86	87	112	75	105	50	61	36	44	64	87	46	19	33	103	58	113	69	57	114	45	49	19	99	62	110	35	97	107	74	99	22	83	102	86	44	68	53	49	81	91	62	48	93	40	38	100	71	65	49	49	86	117	110	36	72	45	68	119	11	113	110	44	82	70	91	94	19	99	80	115	39	18	75	87	76	17	49	8	5	32	51	49	20	29	102	5	24	83	88	1	80	91	78	107	63	58	4	75	55	75	44	66	77	33	13	66	101	110	41	83	73	26	7	39	90	52	76	54	91	77	104	57	62	0	41	1	74	5	57	64	74	25	26	87	93	67	9	31	107	42	106	51	98	102	118	2	29	98	111	85	39	25	56	94	105	34	118	11	80	56	54	67	46	42	10	102	47	33	44	28	114	33	11	74	67	90	56	101	27	43	13	3	36	57	107	39	70	40	91	13	9	103	53	31	32	75	58	68	28	93	41	7	63	68	89	40	55	21	97	41	112	31	86	110	6	100	111	0	0	85	14	15	54	5	80	41	114	84	15	3	119	69	107	77	41	38	20	61	89	31	0	87	114	59	65	50	9	1	59	73	94	22	99	26	97	45	61	54	72	17	65	78	57	64	101	113	114	78	52	23	113	54	46	29	25	12	57	49	30	62	48	27	12	35	2	92	99	69	7	66	77	51	95	101	75	88	17	101	55	108	110	83	16	56	30	46	116	84	87	93	67	83	93	61	93	76	119	31	43	15	45	25	115	1	3	79	1	52	81	23	73	57	116	49	83	33	81	38	88	99	44	32	2	11	119	43	76	114	32	85	37	118	62	50	81	62	59	79	18	0	2	13	4	59	30	41	0	119	117	12	102	31	35	9	98	75	104	14	110	8	89	72	110	51	99	116	49	78	20	28	111	44	73	14	28	52	24	7	4	99	112	104	107	31	83	101	25	108	4	14	104	74	78	50	47	103	110	49	75	78	70	109	95	40	46	119	38	74	103	81	86	60	116	45	91	49	28	10	101	92	88	17	71	109	35	27	102	33	42	109	102	45	45	57	31	19	110	107	91	116	22	55	31	76	48	59	96	109	9	35	35	32	101	71	109	111	85	112	87	61	13	59	43	90	108	36	76	6	43	112	103	72	91	76	112	38	5	27	53	30	0	59	107	28	75	46	90	117	97	9	96	102	48	46	75	56	3	74	32	74	111	46	6	55	89	47	48	79	33	86	108	58	23	86	96	47	106	105	4	37	77	99	62	95	99	0	111	73	99	26	53	111	42	6	97	23	94	21	54	5	85	47	58	57	24	60	65	2	71	26	16	94	32	111	3	117	87	16	104	68	31	4	22	113	23	77	117	76	24	30	46	17	116	38	118	26	98	104	108	65	34	87	75	35	101	14	62	5	83	72	59	2	73	98	37	99	117	58	67	65	73	48	70	50	17	69	23	43	104	38	90	53	60	87	38	38	29	2	29	2	27	62	43	17	105	74	71	86	75	76	86	45	66	80	19	8	6	65	37	118	95	47	117	67	101	43	106	29	92	70	57	65	57	79	28	78	9	56	96	73	81	46	2	16	81	30	115	16	81	47	3	37	59	24	37	65	15	110	100	103	94	83	92	50	10	11	102	61	29	37	92	46	16	36	95	42	41	71	94	17	75	94	59	18	11	104	37	110	110	1	75	89	86	54	107	46	96	60	3	79	97	4	81	107	100	73	64	96	78	32	65	112	42	119	26	42	94	102	57	24	51	18	87	99	77	1	5	90	18	93	41	112	38	39	107	55	28	37	108	67	43	66	96	86	7	118	94	17	61	82	106	80	61	35	65	118	25	88	39	116	49	105	103	4	75	40	19	9	27	97	74	24	6	93	70	7	59	113	59	110	105	78	93	90	64	85	90	65	39	29	47	2	11	37	110	65	10	4	29	73	105	11	36	60	44	67	47	43	51	80	71	69	40	107	97	25	59	19	67	6	90	53	64	93	17	57	21	101	110	26	45	58	58	101	101	71	41	41	31	65	94	95	58	70	84	5	43	61	116	113	114	105	109	5	10	36	32	97	4	70	116	108	90	46	65	6	97	74	8	114	71	42	102	49	80	85	68	21	72	54	32	39	85	95	11	64	112	43	31	36	60	103	78	42	68	65	91	56	63	95	109	93	91	19	86	97	52	85	3	30	36	74	98	65	55	67	115	96	72	43	94	111	40	4	15	26	23	12	2	37	30	2	52	45	75	88	84	86	39	111	35	84	76	60	68	55	92	53	66	90	105	66	17	75	59	85	106	3	52	100	57	41	6	117	68	51	82	50	104	114	97	12	71	56	103	8	48	64	105	42	69	38	4	93	16	57	14	61	81	28	36	2	12	96	0	24	57	88	105	73	104	108	22	15	47	37	31	59	21	119	11	0	74	113	67	18	65	87	72	87	110	38	116	98	78	87	10	36	24	60	27	94	84	84	55	10	84	112	46	41	47	38	26	34	45	38	30	23	61	90	90	89	58	65	57	9	96	11	117	81	35	68	92	21	16	114	46	15	12	82	85	57	69	117	65	77	45	4	28	108	1	113	99	101	65	118	32	55	48	15	55	105	20	108	86	58	74	75	65	89	36	65	27	75	64	93	2	109	90	89	7	3	92	11	22	73	53	28	40	12	108	95	81	118	4	69	35	77	103	8	44	4	32	72	80	91	118	60	71	70	54	56	110	91	76	56	44	10	13	55	101	1	14	73	103	10	111	107	40	109	60	45	36	101	54	6	119	34	97	8	34	70	98	66	105	109	60	92	33	7	43	45	100	30	62	119	79	54	87	34	10	22	88	74	115	4	24	1	107	44	33	11	42	112	98	31	71	69	13	114	50	96	117	104	65	72	57	107	65	65	75	108	68	28	28	16	48	104	28	101	74	90	64	6	38	44	87	64	118	119	14	44	19	34	108	27	90	64	12	66	44	101	58	26	103	21	115	8	32	77	64	30	23	55	0	6	19	24	39	12	69	7	107	24	50	107	75	11	49	14	70	41	20	0	14	7	42	66	115	54	75	78	117	73	84	66	98	49	69	77	92	48	29	83	21	14	21	46	41	71	90	68	107	27	45	23	107	36	98	105	30	14	26	48	5	93	9	55	27	81	86	118	3	101	116	108	58	103	107	59	87	49	73	4	67	91	42	7	15	54	59	79	94	103	41	118	109	58	25	67	88	22	32	96	20	112	71	74	16	73	92	107	76	40	44	71	71	17	119	65	5	117	28	93	87	47	101	79	84	65	8	30	11	35	21	26	79	69	17	89	28	59	113	16	32	117	100	0	49	89	44	101	85	26	119	82	67	110	71	56	101	0	119	17	111	8	10	76	38	38	105	54	119	11	107	74	100	85	37	51	96	14	25	108	101	55	27	2	90	13	48	2	44	90	110	81	8	48	68	114	70	15	110	51	2	9	116	48	37	75	71	61	69	8	40	40	55	51	87	53	71	113	112	20	77	74	38	20	5	34	99	17	30	67	65	74	76	91	32	21	16	38	106	94	9	89	67	9	99	25	88	27	100	19	86	58	41	12	59	82	102	105	26	41	113	79	3	117	82	38	29	4	96	109	44	56	87	31	9	18	61	74	103	91	46	87	33	53	42	93	39	34	33	86	58	106	87	70	66	103	17	28	5	114	112	41	97	11	33	3	55	77	29	75	99	10	58	79	9	26	14	109	63	88	76	97	18	43	16	92	92	59	63	91	41	96	34	22	4	39	43	78	78	114	60	66	54	114	88	21	81	44	27	109	79	105	46	1	95	66	56	3	105	103	106	54	79	46	17	9	92	13	102	96	87	1	92	75	40	4	50	28	48	55	24	80	84	58	65	12	68	50	107	118	71	64	75	117	6	9	42	65	7	33	112	82	2	14	3	28	34	95	119	19	112	88	112	65	98	38	114	19	106	112	40	59	11	51	119	67	11	48	76	32	3	72	117	93	11	6	48	94	36	62	27	86	23	55	22	75	31	10	4	13	112	46	103	59	51	48	36	41	93	108	68	96	80	45	59	1	77	42	84	102	58	97	67	49	56	80	88	3	104	34	101	64	36	107	82	93	54	112	49	66	35	36	8	111	75	93	73	31	43	119	70	99	47	100	109	54	101	7	58	109	55	109	46	7	58	0	88	34	27	70	18	63	41	18	98	26	24	60	26	30	1	62	20	113	107	49	29	4	92	42	60	29	108	16	80	85	54	65	116	65	1	32	70	118	45	91	119	39	80	75	57	112	86	61	80	37	43	78	25	51	38	91	119	98	38	100	101	41	118	111	47	56	60	56	101	103	43	64	13	21	54	68	111	74	83	65	76	98	12	67	97	85	119	97	84	24	106	2	16	32	32	102	25	106	25	118	8	31	46	58	31	57	20	114	93	29	117	11	15	72	14	24	105	51	20	74	32	68	22	37	100	15	26	88	10	81	68	95	84	10	23	111	86	11	74	107	79	82	19	104	62	111	91	34	112	98	62	1	77	99	83	43	59	94	29	54	100	101	108	80	39	106	37	9	47	96	32	62	25	106	74	65	64	99	50	55	59	11	37	6	73	116	43	11	68	100	91	72	39	8	80	75	98	44	97	85	101	0	93	92	0	38	7	107	70	96	47	0	6	74	51	55	59	40	15	7	44	67	113	115	53	46	116	54	21	117	24	29	23	56	50	17	99	80	66	17	40	32	43	119	36	21	51	76	7	119	110	35	11	51	119	30	22	4	103	6	70	104	3	14	33	20	119	20	31	106	106	113	66	14	105	119	36	19	85	21	82	53	117	74	7	98	101	92	71	13	27	54	93	91	107	92	87	63	46	82	6	87	105	63	88	84	6	71	105	36	64	64	26	96	68	68	82	67	31	24	102	24	84	40	91	75	68	32	20	110	107	66	34	77	89	70	72	68	90	18	78	116	96	55	14	60	101	113	36	87	111	117	110	100	28	96	12	66	35	40	0	11	77	78	113	42	97	28	92	106	8	60	32	80	11	36	30	43	22	64	72	94	26	104	39	20	36	63	28	113	2	40	68	101	101	64	87	0	69	94	68	47	20	64	21	112	78	66	61	35	57	107	84	3	3	15	87	58	52	42	3	1	16	7	13	6	110	76	43	114	110	60	80	0	75	57	84	48	39	77	70	82	74	42	83	88	113	74	89	90	97	104	106	82	105	60	98	21	35	114	57	64	80	74	63	75	77	33	106	74	27	30	33	20	24	48	91	19	24	78	117	50	116	53	56	13	30	52	60	75	19	59	1	82	63	66	18	4	3	89	25	97	53	57	29	99	3	68	72	51	108	31	82	87	96	27	42	112	12	12	89	52	10	92	98	50	43	5	29	96	91	57	18	42	82	112	63	13	4	45	107	22	20	89	73	27	67	32	41	94	79	54	92	101	34	97	54	104	91	4	50	21	50	41	88	109	85	6	44	94	55	51	27	95	88	112	4	1	69	61	29	10	68	66	34	104	12	22	29	41	111	30	40	99	17	36	46	24	73	82	103	8	17	31	61	85	82	101	111	55	44	38	24	88	33	64	112	18	72	31	104	64	4	57	90	59	97	88	73	46	88	91	37	99	47	35	64	72	37	53	62	9	31	0	63	49	100	9	27	80	77	6	6	54	18	37	15	58	62	90	59	114	17	102	116	94	5	20	34	111	59	11	93	47	11	30	51	95	80	28	54	6	50	111	107	106	75	112	41	97	106	48	9	47	14	78	58	106	67	49	84	80	51	106	11	100	51	103	23	34	110	21	21	74	54	6	28	107	32	33	90	35	37	82	63	114	47	63	5	69	86	37	58	76	63	20	23	58	50	49	91	62	3	22	19	85	103	87	18	29	38	119	39	12	25	109	12	94	66	78	37	99	38	37	70	37	88	49	101	16	23	116	39	0	100	16	38	27	111	20	91	19	115	106	37	89	90	27	103	39	92	68	94	112	115	58	46	53	108	76	61	92	18	39	95	23	119	80	69	91	77	38	32	35	83	28	26	5	103	10	70	85	5	111	82	109	49	117	44	89	6	29	30	61	51	44	66	8	65	9	1	31	53	20	63	84	15	92	116	36	90	8	33	53	58	94	38	10	64	22	31	32	67	1	64	44	84	117	108	36	45	85	34	96	59	82	110	116	119	24	51	52	76	20	41	57	26	79	119	56	81	50	68	58	88	51	33	22	92	70	55	36	114	36	88	11	58	42	42	16	0	28	89	54	27	103	95	51	72	35	72	15	44	40	12	75	80	38	63	79	27	109	107	76	70	29	69	78	73	97	10	93	7	11	63	86	60	99	72	108	111	49	63	14	29	113	44	69	106	46	76	0	8	31	31	55	95	118	17	42	68	114	94	101	47	116	27	117	72	92	11	12	52	34	80	25	19	86	101	29	36	13	96	30	54	18	86	81	84	3	2	19	45	94	60	8	80	68	47	114	61	10	100	4	45	42	63	62	83	81	6	28	42	19	13	93	57	21	114	36	19	93	9	7	118	70	10	96	32	28	116	12	29	8	38	35	37	56	90	4	44	104	90	109	63	24	53	42	50	36	22	48	59	106	9	28	36	29	25	88	109	104	75	55	55	119	2	98	13	16	116	96	114	0	13	103	3	15	42	104	60	32	0	23	60	5	98	107	0	17	5	36	49	79	27	38	118	61	9	79	99	113	14	79	50	92	82	32	28	32	9	89	45	98	14	18	49	8	78	46	50	52	69	34	48	77	73	56	56	35	111	79	47	11	39	29	52	48	40	60	35	66	72	51	36	39	80	20	7	49	109	114	77	118	82	106	107	102	111	104	60	9	26	47	115	45	26	62	48	5	58	119	23	109	106	13	54	75	38	99	93	29	74	49	72	23	79	8	107	26	50	89	33	90	103	104	24	0	21	68	31	13	11	113	51	51	69	111	39	24	39	38	21	99	20	70	109	36	22	32	85	33	107	100	21	113	86	84	5	90	53	109	96	34	15	42	62	35	108	30	11	16	60	18	80	9	80	86	38	79	98	15	60	58	109	20	50	62	9	72	61	116	51	79	39	20	118	23	8	8	109	12	96	72	10	70	108	5	24	22	91	25	102	46	118	53	15	108	0	53	78	52	111	101	23	46	87	34	64	37	60	6	74	15	87	58	95	103	43	17	83	29	16	115	27	25	90	10	47	10	88	28	23	11	20	69	33	92	6	64	39	68	55	115	60	109	50	14	39	72	109	65	49	76	10	113	9	62	8	3	56	93	94	1	1	64	91	33	84	19	79	52	58	69	92	9	52	70	6	85	52	61	75	111	53	9	47	55	40	18	27	36	19	82	77	23	3	117	85	54	41	99	109	53	73	61	9	53	8	103	100	55	89	86	116	106	114	62	65	18	32	55	16	110	112	65	21	94	108	14	60	28	35	18	107	104	22	107	26	71	10	71	104	44	49	47	47	60	49	4	89	33	100	21	117	8	5	11	12	20	26	74	10	0	66	84	72	96	34	23	26	17	15	66	80	102	24	44	107	42	93	52	97	54	1	38	37	118	55	69	98	88	74	43	14	15	26	52	5	84	35	47	27	68	59	20	85	100	3	22	13	69	21	118	19	90	77	58	97	98	90	95	28	66	39	101	7	33	72	16	101	59	106	35	6	19	54	119	93	12	89	44	68	23	101	9	9	4	58	118	48	95	82	110	53	79	109	31	22	39	19	18	82	62	17	96	46	93	69	68	14	1	75	119	1	60	75	44	29	98	8	107	93	56	6	95	11	24	22	17	119	3	115	110	36	110	40	60	104	55	41	
84	102	85	96	45	91	101	82	3	68	6	20	21	114	17	33	70	55	38	16	38	107	31	36	31	32	21	52	64	22	113	90	28	63	43	24	51	19	13	29	118	44	111	43	118	82	92	107	93	62	115	54	26	58	29	85	48	54	101	97	39	92	98	27	73	37	118	28	93	56	9	77	38	81	5	39	116	22	91	98	80	18	84	17	83	6	72	36	103	82	105	83	84	7	80	25	51	119	93	45	5	83	10	58	99	50	64	55	103	24	24	55	97	19	66	81	57	54	56	47	35	82	51	58	29	103	67	12	34	63	98	4	113	90	17	116	117	65	72	21	31	94	33	16	102	49	93	38	21	60	5	48	27	63	65	63	83	32	29	58	96	111	83	99	104	75	98	93	11	26	23	51	15	105	87	99	72	84	55	115	28	9	3	94	15	93	42	59	46	20	39	78	119	4	25	20	22	10	83	74	118	81	76	20	13	61	90	63	11	106	41	92	114	107	89	69	35	16	59	106	46	2	64	101	38	99	114	7	34	90	65	96	53	33	87	98	14	114	84	101	14	100	49	59	64	42	15	44	36	83	0	34	98	74	68	62	52	103	85	64	51	19	114	58	24	38	46	28	44	51	106	32	103	3	22	39	11	109	19	105	2	83	82	95	43	86	117	12	71	8	92	47	33	0	16	89	8	97	107	108	79	114	77	48	21	46	104	104	36	53	3	90	21	24	97	98	88	40	19	22	80	70	41	26	92	59	36	5	86	96	61	49	71	62	30	94	88	111	79	70	113	2	1	49	68	18	78	113	91	62	30	14	53	33	90	58	68	59	92	118	8	28	52	26	20	15	107	96	47	100	107	0	99	84	52	52	113	73	63	77	26	34	62	67	79	33	16	88	48	7	81	116	88	30	7	105	110	93	109	119	100	111	100	80	75	52	59	54	51	61	61	89	19	2	95	43	87	101	117	105	13	58	10	1	18	31	37	71	10	73	57	8	10	116	101	113	104	31	45	72	64	61	93	113	112	60	92	113	53	64	5	21	67	96	71	83	55	23	54	47	96	107	46	94	8	97	54	62	62	69	74	34	55	109	39	113	31	30	49	80	75	61	31	26	58	55	93	78	54	80	0	24	46	110	60	37	47	102	32	3	109	84	8	110	102	103	49	19	102	42	96	111	3	75	82	32	73	38	99	42	86	66	18	50	78	82	3	22	87	12	51	97	109	69	7	114	54	17	20	117	47	71	31	32	27	114	77	103	82	47	3	23	7	93	6	61	23	15	27	103	96	51	23	41	22	14	79	112	119	101	96	1	72	116	119	10	5	41	42	55	35	73	52	69	16	41	115	1	97	29	28	89	34	100	92	20	17	6	28	50	23	25	101	16	102	33	109	113	112	65	27	13	14	8	34	118	87	112	41	11	15	73	99	31	76	86	7	66	90	54	79	85	31	58	92	106	54	29	80	32	8	110	74	90	61	86	36	24	110	104	47	99	69	107	68	108	74	49	68	13	39	90	40	94	44	81	25	88	91	77	119	68	20	111	5	99	89	106	75	91	75	88	53	81	68	29	56	85	14	18	63	39	100	66	27	77	67	26	3	41	46	10	116	112	74	34	97	91	109	40	117	36	56	107	86	20	18	36	91	44	31	82	69	5	69	82	116	15	15	13	10	58	118	82	56	92	30	104	46	34	81	53	118	10	97	13	37	9	109	90	48	4	5	43	73	66	58	35	13	34	19	10	82	45	29	96	46	101	63	17	95	23	107	93	94	12	32	44	26	84	97	58	54	13	80	46	90	17	94	19	38	58	75	82	119	94	55	94	74	12	61	74	92	60	119	103	34	85	115	51	5	77	28	17	71	113	107	69	43	105	30	105	117	41	38	112	41	74	99	101	94	36	70	80	77	26	104	98	64	28	35	101	0	93	56	115	87	28	63	90	58	86	75	16	102	15	68	23	63	68	69	103	88	90	43	57	64	10	81	101	29	112	78	19	79	51	64	38	52	86	30	68	56	60	107	111	97	28	112	77	101	106	86	103	88	91	87	31	55	107	79	19	16	47	37	65	96	25	111	89	70	31	60	13	112	21	89	66	94	40	58	43	90	8	110	14	42	61	71	95	4	13	42	58	102	6	86	53	84	46	58	69	70	3	0	117	33	117	74	8	23	65	47	44	116	101	13	75	68	39	69	4	5	26	10	25	36	14	97	2	76	98	55	0	44	11	12	25	30	6	92	106	71	48	51	115	29	19	50	76	36	28	102	26	43	119	42	21	99	5	14	1	106	109	104	75	78	111	91	51	29	44	102	79	107	42	89	50	60	116	65	54	99	19	66	4	85	17	95	45	55	117	67	30	69	39	68	52	9	10	3	39	101	54	102	1	24	52	59	8	95	107	53	40	108	48	95	77	47	94	76	36	107	20	100	105	50	24	116	57	34	118	66	95	99	77	29	33	74	103	104	45	24	80	103	86	96	77	8	10	26	48	44	95	107	16	39	109	118	53	88	79	14	44	82	68	86	90	71	59	9	70	107	34	112	86	62	83	14	0	14	26	61	118	5	52	8	19	19	60	98	23	53	102	69	110	60	117	32	88	17	67	67	118	60	44	40	81	22	2	91	114	16	4	58	67	27	113	86	10	38	13	98	6	47	84	71	19	106	110	114	26	86	68	71	80	13	1	11	29	14	82	0	15	37	91	5	64	4	9	75	10	52	101	32	43	106	95	0	25	20	86	60	69	74	106	71	12	48	60	108	48	61	37	119	90	65	108	44	46	15	46	70	53	33	30	48	23	19	93	89	28	113	102	83	55	55	31	78	101	8	57	113	113	72	45	87	91	78	35	39	52	19	5	28	109	41	4	53	25	45	45	53	19	112	78	116	103	79	2	64	115	61	74	31	63	2	22	67	1	42	66	12	15	11	82	10	89	6	10	54	70	63	93	48	48	63	38	26	1	8	101	96	44	15	36	4	46	69	89	62	10	51	65	11	26	76	83	30	107	16	18	40	0	46	54	30	79	4	23	107	12	69	4	21	69	106	87	48	31	14	14	39	89	3	89	99	20	96	81	13	106	98	7	97	52	3	24	79	118	95	13	79	84	97	105	68	113	22	24	70	63	21	27	62	110	36	70	27	93	46	62	69	106	12	32	46	40	58	55	8	97	38	87	32	28	99	49	97	50	1	30	50	22	34	67	25	22	48	64	74	31	71	6	70	59	102	6	2	114	12	56	72	119	49	87	114	19	44	66	81	85	92	70	48	84	88	9	47	46	75	29	8	6	41	20	53	24	101	16	103	44	60	70	52	102	58	26	33	43	111	87	58	22	96	112	91	83	96	82	47	18	117	76	44	99	1	104	117	98	76	84	26	116	119	86	30	73	70	75	17	36	46	15	4	82	94	18	46	1	2	7	83	114	61	76	0	101	6	77	23	95	42	0	15	56	25	65	99	26	82	5	14	87	109	90	83	115	64	69	56	32	56	24	94	115	67	40	34	36	21	117	46	8	94	100	29	118	51	45	27	119	21	80	113	26	18	29	76	92	81	32	80	17	25	14	57	67	28	49	70	93	48	27	86	39	110	88	14	48	3	81	96	92	84	9	17	43	29	53	99	113	96	44	69	108	28	16	38	64	7	76	64	24	106	34	71	80	115	109	35	67	60	19	64	73	64	25	72	7	43	61	7	97	43	107	20	110	30	34	9	55	69	98	77	37	79	116	76	91	51	26	70	38	26	38	64	69	95	20	29	21	79	86	53	25	118	37	3	87	112	53	83	64	21	73	43	64	62	81	106	108	39	97	62	40	18	64	19	39	17	63	86	94	51	104	39	60	19	7	69	119	14	32	104	85	86	103	19	36	101	96	43	80	46	86	101	94	16	60	83	18	52	24	12	111	97	115	15	119	34	27	92	51	73	72	59	90	69	81	38	83	62	80	9	76	116	115	83	7	73	69	112	50	2	16	33	47	99	97	48	39	93	109	2	85	81	103	25	53	65	6	23	29	56	112	116	11	84	52	117	85	58	71	36	26	109	34	34	119	55	71	10	114	38	13	41	79	47	7	117	36	86	107	113	29	113	14	93	89	42	113	30	68	67	70	17	53	44	69	0	72	114	67	26	118	113	27	26	111	68	94	56	48	64	40	34	94	47	83	98	36	83	104	47	101	107	68	19	47	84	4	107	59	19	25	117	33	62	94	107	93	37	84	41	20	31	112	48	93	44	2	63	68	27	51	75	63	56	75	36	78	61	58	17	10	53	82	63	55	18	26	26	83	28	106	17	20	33	96	62	29	110	82	2	22	21	15	17	112	12	107	44	79	41	89	48	44	40	7	49	44	0	20	108	50	105	89	50	119	1	60	103	37	49	11	76	100	26	52	8	112	60	113	29	9	29	109	43	7	71	102	31	8	100	94	107	67	0	15	6	5	7	8	15	58	32	0	79	9	55	33	34	55	103	8	52	115	28	21	33	45	30	8	27	49	74	116	27	54	60	71	72	1	56	37	88	15	112	110	21	102	3	61	42	58	27	54	77	64	37	33	72	109	110	45	108	44	66	35	65	73	21	18	57	74	74	38	42	1	14	50	46	85	96	82	92	34	4	106	14	6	31	113	44	94	54	115	92	83	65	90	59	105	75	99	41	65	6	102	96	78	91	115	14	73	27	40	96	65	47	75	102	96	74	41	51	3	25	58	116	77	97	26	56	56	95	79	43	14	51	67	69	109	43	95	33	101	67	65	54	19	103	92	51	79	44	103	25	3	56	69	102	5	43	74	64	108	50	13	85	33	14	34	40	90	72	67	13	104	3	112	15	72	7	9	53	56	100	18	97	21	67	54	110	117	91	3	12	52	67	52	0	106	109	0	74	81	16	111	38	105	0	25	52	79	108	78	95	11	76	16	56	74	18	66	30	30	99	3	86	15	95	71	13	18	89	57	94	77	15	9	113	59	29	71	64	53	94	67	83	102	59	10	110	104	31	32	16	45	88	47	102	12	40	81	9	6	75	100	59	58	83	64	52	77	56	10	115	98	117	61	95	58	111	45	76	70	63	119	50	3	40	77	45	56	92	5	101	38	23	24	49	75	24	3	78	33	117	116	98	106	28	93	63	67	20	67	42	69	86	44	88	47	101	103	12	58	111	44	41	33	99	55	48	107	87	11	90	67	6	104	79	61	106	116	118	66	70	37	57	4	83	88	94	54	37	119	117	116	66	34	112	60	115	6	56	56	96	46	2	57	42	100	88	116	66	41	55	46	94	38	49	116	7	10	31	114	38	69	16	110	60	2	119	92	36	79	89	88	53	42	97	116	50	43	73	88	24	87	84	117	90	79	37	83	21	75	29	93	17	32	76	57	1	11	80	4	73	96	73	62	34	7	49	21	47	82	24	36	78	80	95	97	1	35	54	98	50	16	10	118	58	79	15	111	28	49	114	35	15	21	26	15	110	15	1	37	71	36	55	86	114	95	27	80	109	46	65	117	80	116	45	72	39	78	55	85	19	85	92	61	27	36	50	99	65	3	20	85	10	79	69	90	87	114	5	63	74	109	10	18	0	83	82	117	46	75	77	20	94	86	8	78	107	79	91	12	61	24	11	44	27	88	14	46	102	21	24	50	84	115	47	93	61	91	18	64	83	110	47	20	61	52	36	63	38	39	49	67	59	16	82	88	26	58	80	77	43	44	55	66	30	116	64	51	53	11	9	53	41	89	23	116	8	36	54	20	111	96	52	75	16	107	91	84	83	103	83	113	9	74	62	69	89	29	110	31	37	49	113	40	112	116	81	115	68	12	24	30	33	94	98	39	108	1	86	47	112	33	5	38	3	25	54	78	68	19	87	67	58	5	119	38	7	46	90	93	46	35	18	2	45	105	80	28	21	5	84	74	95	55	118	52	24	51	15	111	104	1	76	40	115	39	5	33	62	41	48	64	18	75	40	118	56	74	54	37	73	112	107	93	76	90	73	7	44	28	73	0	28	90	80	97	92	89	78	59	12	52	118	42	83	14	14	12	45	16	36	17	109	72	32	117	105	50	1	9	83	72	0	113	112	41	3	42	100	113	12	79	46	67	59	43	93	61	37	41	81	2	91	70	17	27	31	18	43	67	22	17	5	49	77	18	41	60	29	13	52	78	55	24	108	117	5	30	97	21	34	41	57	16	21	118	44	43	110	40	52	11	67	99	59	69	13	46	116	28	112	40	66	86	42	34	81	14	68	7	72	54	17	18	36	67	85	12	108	27	26	64	26	56	105	104	61	89	58	88	55	102	31	41	58	0	114	65	118	69	13	41	108	7	41	36	32	41	17	56	95	64	97	2	51	115	14	24	24	93	59	76	76	11	34	63	27	103	71	26	60	84	51	74	102	81	56	13	100	8	19	12	67	96	48	31	112	95	79	111	113	92	100	72	27	88	108	52	41	9	80	37	17	39	43	70	92	63	26	24	37	85	76	54	72	70	46	19	62	112	41	42	94	72	45	60	35	67	110	75	55	118	1	5	74	15	85	38	50	107	14	102	74	13	13	68	108	67	4	4	68	98	55	12	78	30	111	101	33	5	89	77	21	104	22	48	67	50	96	59	53	89	53	101	12	36	66	70	41	28	78	14	26	88	67	67	59	115	62	80	30	45	54	13	101	10	33	68	77	98	17	60	6	64	3	34	79	38	117	16	53	74	13	66	27	83	46	107	17	13	112	115	26	77	73	5	39	70	53	105	64	65	5	55	64	21	108	17	20	63	39	57	23	69	102	85	99	33	6	13	1	52	77	95	112	20	32	25	23	22	91	101	20	36	91	64	1	48	0	23	112	17	52	79	26	44	73	51	66	23	45	119	47	116	44	62	23	42	32	95	28	61	54	24	56	114	102	38	88	12	25	1	42	82	68	43	23	6	109	78	100	3	34	44	39	60	105	38	16	71	45	66	17	48	5	56	56	114	15	60	84	2	3	55	49	90	20	32	5	111	33	83	18	23	35	115	115	114	39	74	63	55	35	30	79	118	92	64	114	2	42	113	18	115	9	40	15	107	61	34	53	49	55	82	21	90	107	8	45	98	113	109	74	70	84	59	79	41	107	99	89	70	53	60	107	76	29	62	7	13	103	0	45	82	1	47	30	7	75	60	63	5	74	24	12	114	104	119	107	12	59	13	113	26	60	70	9	99	102	16	12	57	38	37	98	62	73	21	47	16	67	55	24	33	63	104	33	79	25	72	29	95	16	116	62	56	21	41	39	37	117	51	3	43	37	59	5	57	76	102	119	82	96	80	5	41	27	36	74	42	95	41	4	34	40	89	91	110	56	75	36	101	2	75	16	76	116	114	70	35	84	89	105	98	14	1	2	13	75	107	54	88	109	86	63	47	116	110	108	44	96	101	76	88	9	32	44	68	118	32	109	90	11	80	20	34	112	46	48	92	19	70	116	15	93	40	45	25	48	58	4	117	59	70	6	49	56	2	97	92	84	67	1	99	28	2	115	113	38	103	5	3	41	48	86	41	110	33	18	37	16	106	114	101	117	54	18	72	75	16	68	87	94	51	49	115	36	101	22	20	47	113	89	54	8	2	93	81	76	33	52	101	27	6	40	22	109	50	53	26	82	74	51	99	93	43	107	107	44	47	51	83	61	12	4	20	91	5	48	72	47	62	6	59	78	13	15	114	16	18	71	45	42	82	110	104	91	20	67	86	23	98	31	2	46	107	40	62	95	44	45	50	42	35	84	29	3	47	29	59	2	78	19	0	19	96	38	26	55	32	107	34	4	84	48	69	80	0	10	69	64	81	56	10	26	19	48	83	13	112	22	30	104	65	103	11	110	68	100	97	117	87	97	34	54	59	97	46	86	55	70	37	96	9	48	45	91	103	93	5	58	40	116	117	52	23	108	93	35	46	55	33	103	70	23	110	81	110	13	95	103	71	36	98	63	44	109	110	110	33	113	71	74	116	16	42	25	91	30	107	77	80	20	118	100	8	33	83	12	92	38	119	117	59	10	55	32	107	26	29	12	75	2	11	40	109	59	100	54	67	13	38	27	55	0	61	73	63	5	90	82	60	16	54	19	22	100	25	59	12	49	33	10	46	105	90	51	117	52	3	114	13	0	23	56	99	86	51	24	50	10	119	0	119	4	25	40	57	1	14	83	41	33	75	65	28	33	110	42	101	7	7	95	28	36	55	3	105	40	117	71	24	9	70	69	9	101	17	47	19	112	2	98	94	100	108	85	70	6	48	18	31	26	73	79	69	75	24	57	68	5	57	81	113	66	92	48	53	30	9	109	37	78	30	38	62	71	119	5	20	98	62	97	57	109	43	28	39	0	113	104	105	16	8	18	99	49	5	95	14	117	40	98	49	66	3	94	79	12	62	81	114	119	60	77	59	30	101	77	31	69	109	102	107	79	32	94	109	42	59	2	74	82	93	80	100	107	37	4	31	68	115	100	81	30	106	81	105	35	74	21	47	99	22	28	40	53	91	83	88	22	79	58	67	56	85	0	76	36	64	85	116	3	25	67	13	27	48	78	7	53	17	97	42	89	3	48	36	8	88	70	31	84	21	16	30	43	10	90	112	84	68	0	2	25	69	67	29	64	12	115	24	18	49	57	53	85	114	69	43	3	111	85	27	83	45	99	79	97	7	59	72	104	8	4	58	14	17	14	61	60	19	11	63	51	108	96	56	115	35	74	83	29	41	115	15	99	38	79	97	34	32	79	99	69	0	57	32	92	64	77	26	42	37	105	66	71	7	100	55	77	103	102	42	109	0	84	95	98	59	94	52	46	29	22	14	10	86	96	29	106	116	6	47	98	58	43	89	73	60	27	95	8	57	113	113	23	110	11	71	73	118	86	82	20	57	7	78	29	76	103	3	112	110	56	25	35	42	106	100	52	70	85	118	119	57	38	94	63	26	88	114	90	30	16	97	50	54	74	13	52	2	43	47	24	118	24	117	104	11	30	41	76	25	80	0	16	93	20	89	7	104	93	93	4	114	48	18	40	6	31	5	116	72	28	60	53	14	101	117	6	4	112	25	117	29	44	77	113	62	114	88	12	99	102	83	85	101	88	11	113	59	84	65	26	17	20	21	87	23	86	47	0	12	107	117	115	29	47	17	36	116	89	110	30	32	102	114	43	57	4	74	18	48	34	57	59	30	79	35	20	18	5	54	85	64	36	50	111	40	42	102	119	14	62	60	27	10	62	115	61	115	46	74	12	12	13	42	50	96	83	115	40	106	41	25	35	70	81	113	74	79	105	88	57	23	102	7	12	109	57	29	97	40	33	97	53	32	26	106	94	11	82	72	76	6	52	29	8	26	55	36	50	69	50	95	52	106	11	86	99	58	112	118	1	109	64	87	12	39	11	59	28	76	59	41	19	103	60	5	49	68	86	50	10	49	109	5	80	88	53	63	85	75	41	109	47	113	50	7	74	71	112	8	91	52	84	51	1	33	64	108	86	45	98	60	113	10	17	34	17	42	81	59	44	17	42	3	32	10	22	48	113	94	58	26	96	3	86	45	52	18	102	74	43	25	73	55	104	17	27	82	104	96	77	38	9	73	42	34	62	69	118	42	42	86	117	17	2	2	106	75	103	109	87	118	4	26	44	7	87	36	108	83	9	115	118	85	95	108	64	64	37	62	99	112	46	72	84	49	48	46	48	91	14	116	70	50	50	63	13	24	79	33	110	115	62	109	73	1	14	119	93	112	108	66	25	92	29	50	56	102	99	106	52	54	73	91	99	107	48	83	19	47	101	1	96	110	20	6	61	28	51	91	102	117	107	98	104	99	47	18	96	2	60	12	23	38	66	35	31	9	88	24	16	63	2	28	60	63	21	1	29	38	78	106	21	53	77	83	42	83	15	72	89	59	53	37	102	113	113	101	7	38	68	82	90	33	75	118	10	24	43	110	23	90	32	117	23	115	48	80	16	60	4	63	87	60	14	13	108	30	46	69	24	104	7	31	13	54	113	53	87	17	63	30	85	6	94	9	83	1	40	31	43	21	59	68	4	6	68	114	33	51	47	111	45	18	94	78	95	59	10	63	118	103	49	92	18	107	22	55	75	98	33	9	106	81	26	100	49	54	46	32	8	68	83	76	71	111	0	117	31	68	71	10	21	80	46	36	3	49	9	44	94	72	103	12	45	5	38	102	61	20	22	87	12	5	81	25	84	33	103	60	101	3	92	20	47	0	35	55	23	88	65	25	110	13	83	72	19	80	29	82	88	55	59	31	17	62	83	47	75	88	36	32	118	55	68	79	106	60	85	110	24	73	35	45	110	23	16	118	4	15	111	114	75	35	111	11	116	76	2	8	49	74	8	19	106	119	92	94	96	84	54	55	54	86	36	1	15	102	95	11	111	59	51	73	58	22	4	75	20	30	103	78	47	89	82	17	82	113	90	8	45	90	71	77	66	93	77	107	109	4	43	61	76	63	46	36	108	35	74	11	67	98	28	64	91	119	32	108	119	42	16	91	106	78	46	17	19	58	100	67	59	13	35	101	52	41	41	34	92	59	117	103	69	79	88	72	52	56	41	33	96	88	10	61	32	2	80	39	115	74	47	113	3	79	72	84	7	51	30	37	106	60	37	53	3	72	1	75	50	56	79	73	109	58	55	42	72	110	34	6	29	103	61	7	107	83	71	96	61	119	44	13	78	104	13	107	117	102	55	2	88	49	66	60	10	29	48	52	43	102	33	75	80	7	37	46	73	23	94	28	91	80	33	14	106	77	83	59	90	32	104	119	22	63	100	11	111	114	98	3	36	61	51	93	65	52	39	93	105	43	49	23	55	38	21	66	108	72	85	87	58	108	117	10	7	56	50	44	44	71	35	95	99	112	101	85	80	83	37	113	30	60	40	65	68	53	31	95	119	43	86	88	40	67	69	89	18	56	56	61	22	21	106	81	91	64	17	28	54	85	98	89	73	28	45	41	58	61	12	84	35	87	31	14	1	25	88	47	67	11	0	113	22	7	85	80	48	104	82	97	74	65	37	109	107	48	72	47	61	30	101	90	17	93	52	101	112	101	71	30	56	66	55	64	105	84	56	104	100	31	75	20	60	44	9	8	71	20	73	114	90	84	52	112	91	16	40	78	115	113	93	28	118	27	34	101	76	28	21	36	28	52	57	86	1	58	20	77	29	6	52	62	41	0	63	86	93	12	98	0	55	15	23	30	108	79	71	13	90	77	107	17	11	12	5	70	0	17	20	72	119	109	45	80	45	2	113	17	14	75	100	14	40	96	94	50	105	118	2	70	101	100	11	42	5	98	42	73	40	74	5	38	45	56	1	62	112	102	69	16	18	24	105	65	81	118	105	89	55	73	4	51	50	88	46	111	33	87	114	9	40	12	96	104	102	34	63	31	71	107	21	90	13	97	49	2	116	28	6	49	51	47	11	103	105	41	7	65	118	42	69	5	96	54	38	65	4	102	6	5	101	15	19	39	83	116	19	104	26	29	51	95	95	35	97	89	97	37	96	109	118	90	60	26	35	4	61	23	113	52	91	78	7	3	51	53	27	45	97	22	7	45	6	77	8	11	59	73	16	7	51	69	101	87	69	13	93	4	74	59	95	6	78	76	98	30	104	75	59	117	47	72	118	6	103	66	34	67	13	94	12	57	44	94	111	73	65	7	72	74	75	62	17	114	22	119	95	11	2	60	53	99	23	64	100	73	107	39	103	78	7	9	94	68	19	64	113	90	103	35	103	49	108	82	114	105	113	92	83	4	104	52	61	112	54	96	42	74	46	10	98	37	3	104	41	86	81	95	7	27	13	58	23	12	96	13	5	84	23	54	83	17	22	35	45	78	114	31	4	89	48	6	33	26	79	51	35	20	54	10	90	49	107	45	104	114	70	109	77	49	97	11	35	1	14	103	40	38	85	68	6	10	100	29	68	100	27	56	45	115	99	47	18	16	2	65	43	62	79	71	8	108	72	37	65	47	70	33	18	52	22	20	79	28	74	29	70	18	42	119	14	58	108	47	30	92	32	48	12	105	69	53	103	53	44	0	15	71	113	28	68	68	11	52	78	75	104	57	84	21	70	46	116	45	45	13	84	104	15	2	4	90	105	116	74	70	65	94	116	81	32	38	56	115	63	54	8	94	73	114	49	22	39	10	20	38	27	14	43	110	30	58	22	56	105	57	16	96	64	90	24	102	55	29	13	113	60	21	24	80	26	112	100	108	42	118	63	68	86	119	77	3	111	72	112	50	100	106	85	13	21	99	119	17	24	16	4	21	25	63	58	36	101	116	102	92	49	45	36	83	99	54	18	60	110	108	100	65	79	0	74	0	109	75	66	80	98	57	86	68	31	29	39	91	111	65	89	21	94	10	22	83	68	72	69	34	86	112	37	22	107	15	78	56	119	44	23	117	84	81	96	75	74	12	5	89	64	27	30	110	44	10	86	29	2	119	99	84	23	46	112	20	12	69	12	49	71	109	59	86	46	78	38	63	69	25	68	8	45	42	79	82	53	4	6	119	84	117	61	93	46	37	116	87	5	40	97	19	81	117	95	0	103	55	96	24	15	12	57	100	80	26	6	18	27	45	116	108	35	3	34	80	37	119	78	91	56	64	39	97	108	116	42	115	52	89	113	80	35	79	11	88	32	15	87	108	84	69	14	10	82	2	77	111	94	13	117	63	50	35	118	112	11	15	51	36	37	112	100	80	94	107	119	104	8	102	86	39	111	55	26	106	14	20	114	100	26	29	94	74	23	38	26	110	88	80	24	47	101	49	19	45	89	101	62	33	78	96	37	87	46	98	113	3	81	16	46	96	11	58	104	86	14	95	107	97	84	118	118	3	112	8	93	117	72	103	39	105	23	55	99	6	18	77	62	75	68	18	79	103	106	98	92	51	46	62	43	113	23	99	99	83	116	104	42	32	31	9	35	90	1	2	31	25	97	97	59	114	57	81	112	105	69	68	63	83	105	69	116	1	17	101	112	66	100	21	77	56	84	76	36	107	98	51	117	48	25	32	119	85	100	56	66	55	19	78	60	25	12	49	79	1	54	64	102	13	49	58	56	104	61	92	33	88	20	44	5	59	29	101	92	16	91	36	66	28	27	38	32	70	28	100	109	21	82	75	97	90	24	8	48	99	47	107	104	68	93	66	109	47	60	1	43	89	61	23	35	4	73	62	46	48	64	103	5	46	51	3	25	5	35	51	92	44	16	6	59	76	52	110	91	45	101	106	84	8	60	118	112	14	99	17	31	32	98	108	35	71	18	19	76	12	80	38	71	9	10	3	11	85	68	71	82	100	91	105	110	61	59	9	79	73	63	62	90	24	38	30	51	80	61	65	45	8	91	76	52	89	61	77	92	119	22	60	19	6	113	18	95	59	115	30	17	37	23	110	5	73	4	50	52	77	32	82	85	29	91	96	0	25	28	18	92	103	98	19	118	95	67	87	91	96	75	61	19	77	46	43	73	41	89	55	115	9	99	68	37	58	60	72	84	78	62	38	12	78	73	2	66	109	108	2	105	4	83	54	11	84	40	77	30	108	39	103	1	69	70	97	4	73	65	86	94	79	33	106	36	7	107	93	52	9	70	54	91	63	18	103	16	26	57	45	118	42	86	16	58	111	106	83	40	13	18	86	17	6	75	92	76	110	100	90	76	48	22	88	10	68	94	99	18	118	82	111	75	49	100	38	87	33	46	57	63	19	43	117	30	44	98	76	95	48	71	47	29	63	41	109	102	40	92	76	58	61	110	64	31	106	52	111	2	52	89	94	59	76	73	1	12	12	51	96	4	47	7	29	56	60	98	59	19	16	38	47	89	52	114	111	30	41	101	37	86	11	68	46	109	70	99	95	109	4	70	57	69	95	109	19	108	50	39	50	48	90	109	87	26	55	73	115	81	102	109	62	47	40	78	2	2	43	66	115	88	115	112	12	67	73	2	94	60	90	60	20	65	75	34	36	84	70	62	115	85	64	70	3	16	0	49	65	7	83	61	13	94	99	19	48	34	113	19	115	43	115	50	84	36	89	10	92	26	49	118	34	10	62	99	87	59	63	116	48	10	79	54	51	66	87	20	65	86	26	107	21	53	63	114	67	97	77	62	58	90	48	110	23	102	42	112	71	86	67	95	60	114	15	15	44	102	26	30	20	24	11	117	63	37	76	5	61	41	68	119	46	61	44	23	76	10	72	52	70	75	46	44	6	28	9	77	71	81	33	9	43	67	74	57	26	91	7	74	70	46	85	105	112	103	84	48	27	115	51	92	33	65	68	115	118	23	22	14	72	1	97	20	38	67	98	95	17	113	53	31	95	59	100	99	117	89	111	32	16	62	40	55	41	17	95	27	67	32	21	66	77	52	75	45	118	71	58	94	21	68	115	69	34	69	119	23	51	20	14	71	39	116	109	39	83	88	41	20	94	64	15	89	118	85	85	18	23	50	30	32	64	93	32	94	16	112	51	85	60	72	9	73	96	57	98	54	43	33	107	101	48	20	118	90	11	32	73	107	111	2	9	22	20	94	101	5	107	32	17	83	47	
20	19	8	14	19	20	15	1	7	7	8	19	7	20	17	7	14	1	7	7	4	9	7	4	10	16	5	7	9	12	18	13	10	9	4	3	7	1	12	9	8	12	7	6	1	7	9	1	9	8	8	12	16	11	4	9	15	10	8	11	16	20	14	12	2	1	18	16	20	11	15	18	18	5	19	6	20	16	10	4	13	20	18	11	18	18	11	18	18	8	4	15	19	14	4	3	11	9	4	11	6	7	18	4	9	20	3	3	1	2	16	12	11	4	17	6	12	10	15	4	9	19	1	13	16	16	18	8	1	6	7	19	17	15	7	15	1	19	9	17	6	12	2	6	17	10	16	10	7	15	8	8	18	19	11	3	2	11	4	12	12	14	14	13	16	9	4	3	8	6	10	15	20	18	6	3	2	5	3	3	3	18	11	20	11	4	4	15	12	13	13	14	6	18	17	2	19	12	11	10	12	3	8	16	11	14	15	20	18	1	19	11	16	10	19	9	20	18	18	1	18	17	6	3	7	5	8	4	17	14	4	4	19	5	1	14	16	13	6	18	5	4	17	13	13	5	18	8	7	1	12	7	15	12	2	5	19	12	6	2	10	13	16	19	11	17	11	5	18	12	14	1	5	8	7	4	12	18	7	3	4	9	2	15	2	9	10	9	7	5	20	6	17	18	13	3	20	10	18	1	14	13	11	17	10	1	6	8	15	19	16	7	13	11	2	15	5	14	16	13	13	18	12	6	5	16	15	19	18	8	6	18	18	15	9	18	8	11	10	9	3	5	14	4	12	5	2	12	2	8	7	15	20	5	1	12	2	2	14	9	17	2	15	19	7	14	20	8	8	6	16	7	13	8	6	18	7	8	16	11	20	20	14	9	4	12	11	14	20	18	2	20	9	14	17	18	1	18	5	19	12	6	10	2	7	12	2	13	18	15	18	17	15	13	13	10	6	5	3	11	12	12	20	16	11	16	2	14	3	14	6	9	9	18	16	8	18	13	2	10	19	5	1	18	18	19	14	7	19	18	9	16	7	6	8	8	11	1	16	5	12	2	17	20	8	6	13	11	11	9	5	17	18	5	10	20	10	10	12	5	13	1	17	13	18	8	14	17	12	19	3	18	11	8	10	9	16	15	12	6	1	14	5	4	6	1	11	11	3	1	15	4	11	13	14	11	7	3	20	19	6	14	11	7	3	6	20	10	2	1	15	3	8	3	2	9	10	10	18	19	6	14	7	19	15	17	3	19	12	3	7	14	5	18	12	14	4	18	10	4	8	20	19	9	4	10	20	2	16	17	17	4	9	4	4	12	12	11	2	15	19	12	20	10	10	15	14	6	6	6	10	7	16	20	12	20	12	10	5	14	12	17	13	1	20	14	19	11	1	9	9	8	1	1	4	20	16	4	12	6	12	10	20	15	13	2	19	10	4	2	20	5	7	10	6	18	10	5	15	13	3	20	12	18	10	6	18	20	12	18	14	4	15	13	5	5	15	9	12	5	1	3	7	14	15	20	5	15	9	20	1	11	1	5	5	6	3	7	14	8	5	12	15	3	6	11	2	14	11	13	2	12	3	4	10	1	8	8	15	13	6	9	2	4	2	4	12	2	7	9	13	11	5	3	13	1	15	6	15	15	16	13	11	15	2	5	15	1	7	16	15	5	12	13	9	6	11	13	13	6	6	6	2	10	13	15	7	16	10	6	9	12	4	8	2	12	8	7	5	3	14	11	9	11	7	8	8	7	16	5	2	8	12	16	13	14	7	5	1	11	9	2	16	8	14	16	1	16	2	13	2	3	5	15	15	5	10	9	14	5	14	15	7	11	4	5	6	10	14	16	6	6	12	11	8	14	12	12	3	5	5	13	9	5	5	10	12	12	11	15	14	5	11	6	5	11	10	12	2	5	10	16	12	14	8	12	7	4	12	13	15	11	6	5	11	6	7	16	7	4	12	16	14	13	7	11	15	16	9	8	1	6	12	4	7	13	10	8	8	7	7	13	11	6	8	9	8	14	7	4	4	10	16	3	2	10	15	12	10	2	2	15	8	6	5	2	9	7	4	14	14	8	4	13	12	13	9	1	13	4	8	5	11	15	8	10	10	4	8	14	2	6	13	12	2	6	3	9	15	5	6	11	5	15	15	14	14	11	13	10	14	6	6	5	14	12	12	8	3	10	10	15	10	3	5	9	13	8	4	10	13	4	16	10	8	2	10	4	6	1	16	4	4	3	1	5	12	11	8	1	4	9	9	16	2	2	5	5	15	6	1	11	13	10	1	9	9	9	11	2	16	6	1	4	2	4	9	13	6	14	1	1	15	14	2	1	9	1	6	3	11	15	7	16	4	15	15	4	6	5	8	2	12	3	7	8	12	9	12	14	11	11	15	2	14	2	7	11	11	9	10	12	14	9	15	4	9	16	9	15	1	6	14	5	8	9	1	13	13	4	6	14	8	2	9	14	1	2	3	2	3	8	13	5	6	8	3	16	10	13	7	15	3	16	10	3	2	5	9	9	12	14	13	16	14	6	9	7	9	12	8	8	13	6	9	12	1	9	11	14	8	15	7	10	3	6	6	9	4	4	9	2	2	5	12	16	3	14	1	12	3	9	16	13	10	3	10	11	15	9	16	5	8	7	16	16	11	13	2	4	7	7	1	4	7	14	10	14	8	15	5	1	6	7	4	7	16	9	10	4	14	6	11	7	10	13	10	14	8	8	6	8	9	12	3	4	13	9	14	12	11	4	3	11	10	2	5	6	16	12	4	7	13	13	6	8	8	5	10	16	12	13	10	4	7	6	16	8	4	10	4	15	2	4	2	5	7	4	4	3	13	7	9	12	11	14	14	11	7	13	8	6	1	1	11	1	14	13	2	9	11	5	3	2	9	4	2	10	15	2	12	5	14	4	12	11	14	6	12	12	9	4	10	7	5	1	16	8	9	5	1	2	5	1	1	14	2	6	15	10	11	10	2	8	14	15	3	16	5	10	14	10	7	7	4	3	10	8	8	2	15	13	4	15	9	12	15	13	12	7	10	9	7	9	4	11	12	13	1	11	3	7	2	16	16	16	12	2	14	10	5	11	11	1	13	3	3	13	15	2	11	11	3	7	5	13	5	5	12	14	1	12	12	13	4	9	7	9	8	6	4	3	14	6	10	16	11	14	6	15	5	8	6	6	16	16	6	5	9	16	9	13	15	16	12	13	11	15	7	9	16	16	6	2	14	6	15	3	16	9	3	4	10	15	7	9	13	3	15	13	6	3	8	14	10	3	3	14	15	15	2	15	15	11	7	1	6	7	6	3	6	7	1	2	1	10	13	1	9	4	10	16	3	12	12	5	11	11	3	4	14	15	16	7	2	13	7	13	1	5	6	13	2	2	7	13	6	6	10	4	7	15	3	7	10	9	6	10	6	16	7	10	5	2	7	16	16	6	1	1	8	3	6	9	11	8	12	14	2	11	4	6	16	5	3	5	8	9	15	12	10	3	11	3	3	9	5	9	11	3	2	11	14	15	2	8	4	13	3	4	11	12	4	7	15	5	4	5	16	10	11	6	13	3	15	12	3	13	6	13	6	16	2	12	7	3	9	6	1	1	13	7	13	3	12	8	5	2	6	4	10	12	16	1	15	9	16	16	11	14	14	6	5	15	14	9	14	12	9	14	16	14	16	6	12	5	10	8	7	16	11	12	15	6	4	12	3	9	3	16	7	15	10	10	1	8	6	6	13	8	12	7	5	14	4	5	1	12	9	4	7	13	16	14	6	14	15	11	10	15	15	16	5	15	6	2	1	3	1	4	14	4	12	3	11	13	10	4	14	7	14	13	6	9	12	5	3	1	14	9	8	9	12	14	4	13	11	8	10	14	12	14	2	3	7	9	4	4	16	3	10	12	6	13	3	10	7	7	12	5	13	4	7	16	9	4	15	12	13	14	1	4	12	15	11	15	9	10	3	1	14	14	13	16	15	12	4	9	1	2	7	2	13	2	13	7	3	1	1	5	15	14	3	14	10	15	7	9	13	12	14	1	16	12	5	4	3	13	12	1	15	3	14	11	2	1	14	13	15	9	8	16	13	9	2	4	10	7	3	4	5	5	8	13	8	1	12	4	5	5	2	11	14	9	5	7	13	15	15	1	4	2	7	10	9	7	8	5	15	7	3	13	13	2	8	14	13	5	9	10	12	11	7	11	14	13	12	1	7	13	2	12	4	2	8	8	12	15	12	10	16	10	7	8	15	6	14	15	13	14	5	16	12	2	15	13	8	1	9	13	8	15	4	5	10	9	10	13	1	8	12	8	5	10	10	9	16	14	3	4	13	15	1	10	2	16	8	4	7	4	10	16	14	1	10	14	2	11	2	7	13	7	7	7	7	15	4	1	16	8	2	9	9	7	8	15	9	12	11	11	9	6	7	9	14	5	1	7	14	16	3	5	6	13	7	1	14	8	13	6	9	10	8	7	7	16	7	4	15	12	13	3	2	4	1	3	12	16	7	2	8	13	4	2	7	9	6	11	12	10	8	10	10	3	1	3	5	12	10	9	6	8	16	3	9	14	13	9	1	8	13	8	7	4	15	9	13	16	16	10	6	10	16	12	12	12	8	2	10	15	11	4	15	10	4	3	15	1	2	13	11	12	11	4	16	8	10	14	14	12	11	15	14	5	9	14	4	15	9	4	6	11	1	14	2	7	7	15	8	8	15	4	16	14	8	1	4	12	2	13	1	16	15	12	14	15	11	13	10	15	2	11	13	3	2	12	8	16	10	4	1	16	11	6	14	2	3	6	9	8	4	5	2	2	13	13	16	16	12	7	15	7	8	7	7	10	3	14	14	16	5	1	3	7	7	2	3	12	16	15	10	12	3	13	10	4	10	1	13	1	9	13	9	7	8	9	1	11	5	3	15	9	5	10	9	2	15	15	16	16	16	10	9	11	2	6	14	3	5	6	8	8	1	8	14	11	2	10	7	8	6	16	6	9	8	7	9	7	11	15	1	2	13	16	14	5	10	9	14	6	7	15	13	13	11	5	4	4	6	4	13	2	10	1	16	16	3	7	7	16	4	8	13	12	6	16	6	7	2	10	16	14	10	2	8	1	14	13	16	5	8	9	4	15	11	7	7	16	14	4	1	2	2	6	9	11	16	6	13	15	13	4	13	12	16	16	11	7	15	15	11	12	2	14	4	13	12	10	15	12	4	8	11	7	16	2	12	8	8	4	9	1	16	1	5	4	11	11	6	3	16	8	15	11	13	11	11	16	7	9	1	3	10	9	16	5	10	3	14	16	7	2	13	2	14	1	2	3	15	8	12	2	8	2	1	10	16	5	11	7	3	15	8	16	10	13	11	15	15	6	15	3	16	6	6	5	13	2	4	12	4	7	13	14	1	5	1	11	8	9	1	13	3	1	7	1	7	14	10	14	5	2	6	16	11	4	15	5	8	1	2	16	11	13	9	15	14	4	11	9	3	4	11	1	7	6	11	4	2	1	5	16	1	9	16	1	14	15	6	4	8	1	4	10	4	3	16	15	9	16	14	1	6	3	13	12	3	16	2	3	6	3	2	12	16	14	1	11	6	14	12	7	5	7	6	8	11	16	3	3	4	3	3	5	7	9	11	5	15	15	1	11	4	7	16	2	4	3	2	13	9	13	16	16	13	6	14	16	14	11	1	2	4	10	14	1	8	4	1	6	12	6	6	1	7	9	6	2	13	15	13	5	1	16	3	3	5	15	12	4	16	13	5	10	12	15	9	8	7	16	1	8	12	8	9	11	15	4	7	11	5	3	11	10	5	13	11	5	10	2	15	14	4	13	2	5	10	4	1	14	3	10	6	3	9	9	9	9	3	14	2	14	6	11	16	1	12	4	7	16	6	15	8	8	12	5	9	16	1	2	6	3	5	11	1	10	16	8	7	1	8	10	7	9	4	13	5	3	10	16	4	7	15	3	10	7	8	1	11	8	16	5	15	14	4	12	1	9	3	9	15	7	11	15	13	5	6	1	7	7	7	8	7	16	8	7	11	8	13	3	6	14	16	7	10	11	6	6	9	3	5	14	2	11	8	9	2	8	14	10	11	9	7	5	16	12	8	10	7	4	9	13	15	8	14	8	16	9	2	9	9	7	10	14	9	6	2	16	1	13	6	12	11	16	13	7	1	11	1	11	3	4	15	12	1	11	3	15	11	4	13	14	14	15	14	3	8	2	1	4	10	3	8	10	13	10	10	7	7	7	11	11	3	8	13	4	12	12	13	5	13	1	5	2	1	7	15	11	9	2	12	6	5	7	4	10	3	13	11	9	11	3	11	7	4	6	16	10	2	5	11	6	12	1	4	16	10	14	12	7	6	13	15	12	16	4	11	2	12	2	9	11	14	8	10	5	2	8	6	3	5	4	3	2	16	2	11	6	14	8	3	10	5	5	16	16	4	10	14	3	15	2	5	5	5	6	2	12	11	13	16	15	6	11	7	8	12	8	5	15	15	3	13	14	11	3	5	2	12	3	16	9	13	9	7	4	11	13	10	15	14	9	10	4	4	3	16	11	12	4	14	14	11	3	15	5	6	14	5	15	1	16	13	3	11	16	4	5	5	11	14	7	5	16	13	6	2	13	2	11	6	14	15	14	7	1	9	8	15	9	5	5	9	7	7	14	9	7	4	9	3	7	1	16	10	6	4	16	9	6	4	11	10	11	16	10	1	4	2	3	15	9	4	1	16	3	7	8	7	8	11	14	7	1	13	3	6	7	16	12	3	10	14	4	15	11	13	1	4	11	14	6	2	2	8	9	10	1	11	10	3	14	9	2	8	9	14	5	15	13	10	6	1	3	5	12	13	10	5	11	7	13	16	5	13	8	3	16	8	15	15	5	2	14	16	2	9	12	13	14	9	8	11	2	15	4	16	12	12	5	15	8	13	11	2	11	6	14	9	1	15	12	9	1	10	3	11	3	9	13	8	9	9	14	3	3	4	7	11	16	8	5	16	8	7	15	7	4	8	7	10	5	13	15	5	16	5	10	3	12	2	13	14	8	13	8	5	16	2	7	7	8	10	15	1	6	9	10	9	13	4	16	5	3	8	9	10	10	2	16	7	2	3	14	2	7	11	12	9	15	10	14	12	15	14	2	5	10	3	13	9	7	7	5	7	5	11	16	10	1	12	11	15	13	5	1	5	14	5	11	10	16	10	13	9	12	10	1	8	9	9	7	10	14	5	10	8	1	11	10	4	3	11	12	2	11	11	12	1	10	8	11	15	7	1	10	16	3	11	4	8	16	3	10	16	1	15	1	9	6	3	5	5	11	7	11	1	11	12	2	9	14	13	2	12	11	12	11	16	16	8	2	10	13	5	8	2	3	4	14	6	12	13	12	5	5	5	1	6	14	7	6	12	6	15	6	2	9	12	15	1	3	14	4	8	1	4	5	12	16	10	6	7	11	14	1	13	3	15	10	1	13	4	3	8	16	7	2	1	7	4	9	15	9	11	8	15	15	2	7	2	13	9	7	15	12	12	5	14	5	3	10	1	5	6	7	10	7	1	14	1	16	14	10	10	6	5	12	9	16	2	1	10	5	4	3	5	4	5	3	14	9	14	2	5	13	2	2	7	16	9	16	10	16	13	10	4	1	13	16	3	8	2	13	11	5	13	13	4	16	3	4	16	2	9	6	12	13	4	6	9	12	11	14	10	14	4	9	16	11	8	11	1	9	15	2	12	8	1	3	15	14	3	14	9	13	15	14	5	12	15	16	3	2	6	12	4	16	16	1	2	10	9	13	6	8	7	6	8	10	13	7	13	12	1	1	4	2	14	3	6	9	6	14	7	6	15	2	4	14	14	3	13	5	4	4	8	15	4	3	10	12	15	16	14	3	11	7	9	6	16	12	16	9	2	4	3	14	7	14	12	3	2	9	2	9	10	9	15	14	8	12	16	15	1	8	12	16	12	3	7	16	13	11	16	8	3	12	10	16	1	6	11	4	10	5	12	11	16	3	15	10	7	11	3	13	7	14	7	4	3	1	11	4	9	5	9	10	8	5	11	5	14	10	10	13	4	9	5	15	11	7	14	15	9	4	5	5	11	6	12	4	11	6	14	1	3	1	12	13	3	13	10	10	5	2	11	4	3	4	5	15	12	10	15	16	1	15	4	9	1	16	9	10	9	2	15	7	11	2	4	5	2	6	12	3	3	7	4	6	8	7	9	14	5	14	3	12	11	6	13	11	4	16	7	13	10	1	14	6	8	5	11	2	15	9	2	16	4	9	4	1	4	3	2	12	10	1	7	11	6	8	14	11	2	10	15	9	14	4	12	2	10	5	10	11	13	1	1	6	15	7	10	8	10	11	8	7	16	6	16	9	7	2	2	14	2	9	10	15	10	11	15	16	5	15	7	2	11	12	6	14	5	14	14	15	9	11	3	8	13	6	10	10	4	9	15	3	4	3	8	15	11	14	11	12	8	8	11	4	2	4	1	13	14	2	6	6	4	3	7	13	5	6	1	11	6	12	9	14	8	6	15	4	11	9	14	3	6	15	8	7	5	5	2	9	3	6	4	5	12	5	4	16	13	14	5	2	16	5	13	7	15	3	8	7	4	2	13	13	1	1	5	10	16	9	5	11	12	12	11	12	4	11	4	10	7	2	14	13	3	13	2	3	11	12	1	16	2	15	9	10	13	16	10	1	3	16	6	1	12	1	10	3	3	3	3	7	2	8	3	16	10	7	3	2	9	5	16	15	7	1	8	3	12	3	10	7	14	13	12	4	3	10	4	3	16	16	13	6	14	6	11	2	3	4	1	15	16	12	9	8	1	14	9	1	16	1	8	15	1	1	15	11	10	15	16	9	9	7	8	7	14	14	12	11	9	2	11	12	7	10	15	12	2	12	5	2	4	8	4	9	3	16	15	12	6	2	10	12	4	10	13	11	5	1	12	2	5	3	14	4	15	9	2	6	14	16	6	10	14	11	13	1	12	16	3	9	12	2	10	10	1	13	7	11	15	4	3	5	10	12	8	11	6	10	13	14	12	1	7	10	7	4	3	13	8	11	4	14	15	8	12	12	16	8	10	5	12	7	16	16	7	14	11	7	6	6	5	11	6	10	13	5	6	4	16	10	13	1	1	1	5	1	9	14	7	13	14	4	14	5	9	5	10	11	6	12	4	4	12	15	4	14	3	6	6	4	3	3	9	7	6	2	13	9	12	2	4	5	7	8	15	10	4	6	16	13	6	13	11	15	12	7	3	3	10	1	2	2	8	16	8	1	15	7	3	16	11	2	16	11	12	3	9	13	7	11	13	16	14	5	12	9	11	1	11	9	7	3	7	10	4	4	2	9	6	4	1	13	2	3	2	3	12	6	8	11	13	12	2	10	1	10	4	15	15	3	13	6	16	14	7	14	12	10	6	9	15	8	8	10	4	5	9	4	13	14	10	4	12	7	7	13	13	4	9	9	7	6	15	7	3	15	7	11	6	11	9	5	2	3	10	13	3	13	3	13	14	5	3	13	12	16	5	7	1	4	16	12	12	4	7	5	14	5	12	14	1	15	10	6	14	14	7	2	7	11	7	13	8	13	13	13	1	6	9	8	13	3	6	10	2	6	16	10	4	8	13	8	13	6	12	3	10	5	2	3	3	6	1	8	4	13	7	16	8	10	6	14	13	4	2	11	16	8	9	7	15	10	8	8	5	15	9	4	12	2	14	9	1	8	2	7	12	15	3	2	15	4	3	16	2	1	13	15	13	9	8	6	13	10	12	12	10	9	13	10	10	8	11	1	8	6	9	5	13	7	8	7	9	6	8	16	8	1	8	6	4	14	12	1	13	4	13	1	5	8	1	7	6	11	7	13	1	5	13	11	2	9	6	13	8	7	4	2	11	3	7	3	7	4	12	16	16	6	1	11	11	10	8	13	2	4	2	12	6	13	8	7	5	6	11	8	14	15	7	9	7	11	11	5	14	13	1	5	1	16	4	12	9	14	3	5	5	6	16	15	5	5	9	14	8	7	9	15	5	4	7	2	11	9	3	14	12	6	14	9	13	2	7	14	13	8	8	11	5	13	13	4	11	13	10	5	16	6	15	9	7	5	11	14	16	6	11	1	1	11	11	7	15	3	15	16	4	12	8	2	9	2	8	6	6	9	1	14	5	14	12	13	9	2	16	11	14	15	3	11	1	12	14	8	14	10	4	11	3	1	14	9	16	2	14	1	11	12	15	15	14	16	7	9	9	7	9	16	7	15	8	3	8	14	16	15	5	3	1	1	13	9	8	6	2	8	14	11	4	6	12	1	16	4	2	13	8	5	2	12	12	5	9	14	3	4	10	4	4	15	9	7	3	15	1	14	7	14	1	3	1	13	8	4	3	15	4	12	16	4	8	8	9	5	15	3	15	11	13	13	9	6	15	10	3	1	8	1	15	10	5	6	3	13	11	2	13	6	14	8	12	4	12	4	4	16	11	12	11	13	4	13	1	16	3	13	5	8	3	1	6	6	6	12	3	3	9	12	16	15	16	13	8	3	9	2	4	3	14	2	2	4	11	15	10	7	14	5	12	1	8	12	9	16	10	9	6	2	11	12	10	2	15	2	2	4	3	10	1	4	11	8	5	14	13	9	6	13	12	3	10	8	3	6	8	9	5	8	12	2	15	1	15	1	1	11	2	11	10	6	8	4	5	4	13	9	5	14	1	6	3	11	2	1	9	15	3	3	12	3	8	6	8	4	4	10	2	2	13	16	12	15	10	13	8	4	7	5	4	8	13	7	11	12	11	1	14	7	16	6	1	2	3	3	12	2	12	7	9	2	14	1	11	12	9	9	3	13	12	8	11	3	1	1	14	5	14	1	9	3	15	10	16	12	7	3	12	16	15	6	14	7	15	14	11	14	5	3	15	4	8	4	7	15	9	2	12	5	10	16	12	2	8	12	15	6	3	3	10	15	8	5	1	5	1	10	2	9	6	4	4	10	6	11	10	5	10	5	5	12	4	10	12	1	7	10	15	11	5	10	16	4	4	8	7	3	9	14	6	2	1	16	9	8	12	10	2	4	3	8	12	14	5	8	9	1	13	3	1	4	2	5	10	11	4	6	9	4	8	13	13	8	16	3	4	14	11	13	6	9	5	5	4	9	6	1	10	7	3	1	9	1	5	5	16	9	4	6	8	12	3	4	16	11	3	11	15	3	14	8	3	2	4	15	12	16	14	16	1	8	14	8	9	4	11	11	15	6	14	8	13	10	1	6	14	2	5	1	9	7	6	15	9	6	10	5	14	5	3	2	2	7	10	14	14	11	13	4	8	11	6	12	2	15	14	1	14	4	7	4	8	3	12	11	14	13	2	12	9	13	5	8	11	11	13	2	4	1	11	15	5	12	14	7	7	13	14	13	6	6	6	1	6	5	3	16	11	4	16	13	7	6	9	3	7	11	9	9	10	15	13	2	2	8	15	12	5	8	4	6	10	13	11	8	13	12	4	5	12	13	2	15	3	14	3	2	6	15	5	6	3	16	8	3	5	14	1	15	14	4	3	3	5	2	12	4	15	9	15	13	13	9	15	12	4	7	1	4	8	2	1	12	8	9	4	5	4	10	6	11	8	1	3	13	10	13	10	9	4	14	8	10	3	12	3	11	3	13	13	11	1	1	4	9	7	8	9	8	12	1	15	9	4	14	4	15	10	10	8	11	10	4	13	5	11	15	11	2	15	2	5	10	16	16	4	3	11	6	14	16	1	5	5	11	15	9	11	4	5	11	1	3	2	4	9	5	8	1	16	3	7	15	13	9	9	13	14	3	7	11	1	7	13	6	7	2	15	3	12	14	4	13	4	15	8	8	3	4	16	13	5	5	7	13	11	10	4	10	12	8	5	15	14	15	7	2	13	4	7	10	5	5	3	16	6	16	3	12	14	6	15	14	8	12	3	7	1	8	1	5	6	15	11	6	10	14	5	4	7	3	8	11	12	10	4	5	12	3	3	2	14	13	10	14	16	4	4	5	4	2	16	13	6	11	4	3	10	5	4	16	16	15	4	15	15	9	1	15	14	1	4	1	8	7	2	10	14	12	5	16	2	8	8	5	14	8	2	2	2	16	14	5	8	15	9	3	9	8	11	8	8	8	2	4	6	1	11	8	9	10	5	5	7	8	13	16	4	7	7	1	1	4	7	1	5	13	9	16	3	11	5	9	1	3	2	12	10	11	1	5	8	16	10	11	12	14	6	6	13	13	2	1	10	6	16	3	3	8	4	15	2	15	2	16	3	6	6	14	3	11	6	14	2	15	4	13	13	10	7	13	8	12	14	15	1	9	16	12	5	16	9	3	8	5	16	11	11	16	7	12	2	8	14	12	14	9	10	2	5	12	8	15	5	6	4	2	15	10	13	4	15	6	8	6	1	10	13	13	14	4	7	2	12	3	14	8	6	2	16	14	4	14	10	14	5	15	5	15	5	13	1	8	4	2	14	12	8	14	15	4	11	8	13	12	14	2	14	10	3	6	4	6	5	1	6	10	2	3	5	1	7	13	3	5	12	6	10	16	3	14	1	13	5	5	12	5	9	2	12	12	8	3	16	15	15	5	16	6	1	13	4	8	3	1	9	5	6	6	12	6	12	13	11	8	7	14	2	8	4	6	16	12	9	4	7	5	10	15	15	2	14	7	7	6	14	14	4	13	3	14	8	4	9	7	14	7	7	10	16	5	1	9	7	1	5	15	6	13	4	3	7	1	13	14	4	11	13	13	15	11	5	12	16	16	16	12	14	13	12	9	5	2	13	6	14	13	4	15	3	5	14	13	12	6	11	5	9	14	16	10	8	16	10	8	7	7	7	5	12	3	8	1	11	2	11	11	16	14	13	7	11	12	4	16	1	16	9	6	6	7	5	1	5	15	4	4	7	12	5	2	5	4	1	11	12	15	3	2	12	4	8	5	14	14	12	7	6	13	9	9	9	3	12	11	1	6	9	14	15	11	10	14	7	2	10	1	14	16	11	6	3	4	4	8	1	7	4	11	13	3	8	10	3	15	1	12	12	1	5	15	4	14	15	16	5	8	3	15	12	14	10	3	10	12	7	8	1	5	2	3	9	9	11	16	7	5	7	1	9	9	12	7	8	5	5	12	7	1	16	16	10	8	15	16	7	13	9	1	2	6	16	5	13	2	9	15	2	8	7	12	14	8	11	4	11	2	13	1	9	11	16	15	7	3	2	8	15	9	13	3	14	8	16	14	7	6	13	7	1	15	1	4	8	13	14	3	9	12	10	7	5	11	9	5	4	12	6	15	16	4	5	6	8	5	14	5	12	3	15	9	7	15	3	1	9	8	9	10	15	11	2	7	7	6	10	9	1	3	2	8	3	9	15	7	10	16	7	4	8	3	13	5	9	10	6	6	7	11	4	9	6	5	10	3	11	10	2	13	13	10	7	13	12	4	5	11	12	10	13	5	6	16	3	3	16	8	7	14	2	16	3	7	8	6	5	14	5	15	8	12	2	6	7	11	15	12	2	10	5	5	15	2	9	15	4	1	13	1	16	1	3	11	12	5	6	14	3	11	8	12	15	6	2	9	11	14	2	8	13	15	3	6	7	6	11	16	14	10	15	10	7	15	6	3	10	3	11	13	11	10	4	12	8	1	2	2	9	14	2	8	5	1	11	5	2	16	16	4	8	11	11	12	14	14	5	9	13	4	13	13	13	13	14	4	3	1	1	7	8	7	4	15	4	6	2	2	13	16	10	12	6	16	2	5	8	7	1	16	15	12	5	9	13	9	5	4	6	10	11	5	10	4	1	13	8	6	5	10	3	1	4	15	11	10	5	13	1	2	9	9	5	12	3	16	7	8	10	11	6	1	6	15	4	5	6	6	14	11	7	15	9	1	15	7	9	3	6	13	5	3	11	16	1	10	1	16	2	4	10	3	16	8	4	6	4	3	15	5	5	11	15	10	7	12	15	13	13	13	6	16	4	13	2	5	16	8	16	7	16	4	1	4	1	14	9	5	8	16	12	6	5	8	12	16	8	5	6	8	1	2	4	6	7	12	9	8	8	10	1	6	2	8	3	9	5	14	8	14	5	2	6	6	11	14	3	14	9	9	16	11	12	12	1	2	12	10	5	5	10	16	4	4	12	16	2	12	12	6	5	15	12	3	2	9	1	9	16	16	11	12	16	11	5	16	10	4	2	12	5	7	3	12	1	10	1	16	9	9	10	16	4	16	9	11	5	6	10	14	9	8	12	9	4	1	13	1	10	4	15	11	1	8	3	10	7	9	15	6	16	8	14	12	15	10	15	5	10	4	4	1	15	8	1	7	14	11	9	16	10	3	16	9	7	6	1	15	8	12	11	10	4	4	9	8	10	15	14	7	8	16	2	13	2	8	15	1	10	10	13	4	10	6	5	4	8	15	6	7	16	14	9	3	4	9	1	8	2	9	13	3	15	3	16	8	9	6	1	9	9	2	11	9	16	5	9	16	6	16	2	5	4	8	10	5	5	12	7	13	
760	100	210	590	870	180	880	880	150	310	980	110	240	310	590	940	190	460	650	480	990	450	590	310	120	290	640	990	520	280	620	250	920	360	820	170	1000	630	580	190	440	760	390	310	210	700	640	740	190	740	410	460	720	860	320	120	210	930	510	540	930	770	160	310	700	180	620	940	150	370	190	850	240	220	660	290	900	690	640	520	460	440	990	420	220	310	750	140	530	510	310	390	100	660	510	1000	550	1000	160	560	790	860	520	630	970	140	690	530	270	970	230	670	740	990	310	180	980	380	830	100	660	310	430	450	420	660	220	990	140	710	900	690	720	880	210	180	490	280	850	680	560	170	950	860	560	260	640	150	860	700	960	480	380	190	670	140	670	450	390	990	280	280	330	670	390	210	390	410	510	710	100	460	630	680	990	410	440	600	140	230	920	130	130	160	110	380	830	760	940	560	430	990	690	700	820	190	620	390	330	650	830	540	360	330	540	710	750	360	540	360	880	580	350	440	680	650	100	450	710	170	120	430	390	710	950	780	950	960	870	650	340	700	860	650	160	490	490	710	910	100	410	480	980	1000	710	970	300	360	490	950	630	530	480	530	460	550	360	190	240	960	290	220	810	850	390	330	250	720	550	630	970	640	400	810	540	290	160	170	910	600	240	440	200	470	260	810	740	650	140	200	260	240	990	630	770	900	440	220	360	790	160	990	640	830	100	980	280	920	370	550	330	190	690	430	900	330	820	980	810	620	730	270	650	940	860	580	680	520	620	850	970	280	930	610	420	260	950	700	610	660	950	660	940	480	690	480	570	930	1000	670	460	200	160	210	170	250	400	620	280	370	620	110	820	670	640	920	940	510	830	510	410	920	600	310	570	370	780	390	740	870	420	420	180	720	690	540	360	340	310	460	970	870	970	280	550	740	800	740	850	240	320	120	170	620	910	940	690	380	220	380	530	820	950	640	370	330	870	450	320	870	210	520	360	550	100	190	410	380	290	390	100	150	590	250	560	610	880	460	870	790	530	330	780	380	810	330	550	940	390	570	270	290	150	560	720	980	810	300	420	690	850	170	610	830	740	100	980	880	850	260	450	350	290	600	130	530	740	370	920	810	770	120	760	470	610	990	970	710	930	800	600	750	730	410	510	820	810	270	250	920	590	470	930	230	430	320	640	580	930	730	950	930	220	110	180	420	920	950	340	730	660	720	100	800	800	150	100	260	980	950	260	900	120	210	560	450	220	600	610	550	550	780	530	620	640	590	330	460	200	540	710	290	990	440	960	760	320	440	270	230	350	440	250	880	520	610	400	320	590	580	950	510	540	480	810	890	400	860	520	510	380	810	400	460	220	730	430	870	370	560	260	730	940	600	260	120	880	390	340	580	600	330	150	700	800	780	590	710	440	740	430	530	100	310	180	1000	450	540	250	490	830	920	750	240	880	900	240	620	560	320	440	230	310	570	510	800	860	880	350	350	430	240	560	700	640	770	800	950	430	830	790	650	100	140	730	120	370	920	140	660	500	320	1000	380	870	870	680	850	570	100	920	340	840	600	720	670	350	250	790	580	360	330	510	880	610	780	880	300	460	180	590	240	950	160	530	720	930	320	270	1000	930	740	980	770	240	400	520	560	830	270	950	770	850	470	400	810	360	800	320	130	810	130	930	140	350	120	670	450	970	640	940	670	340	760	720	170	250	990	220	460	940	980	990	560	650	250	600	780	820	900	560	280	620	930	650	510	770	810	690	810	900	840	940	230	300	180	580	990	280	950	320	740	720	660	300	150	850	230	100	320	110	330	170	520	680	170	410	830	800	860	260	980	820	160	420	510	520	580	390	230	140	450	520	320	390	340	100	630	1000	250	600	880	360	840	420	680	370	870	910	430	810	140	330	560	570	770	500	270	760	810	520	780	740	560	410	320	690	120	930	610	160	590	770	910	140	770	620	540	390	470	270	400	330	900	900	270	250	670	370	380	160	940	400	470	630	190	710	910	430	680	700	410	290	130	760	940	990	740	890	690	230	690	800	550	820	300	400	140	970	740	390	710	550	330	600	830	580	850	990	490	470	700	350	970	990	1000	550	500	140	120	690	520	520	460	410	970	920	1000	170	740	870	450	960	850	270	320	240	220	480	780	260	130	690	710	490	310	430	500	680	620	490	240	820	460	240	130	530	620	940	850	950	380	520	150	1000	190	510	660	280	190	320	840	940	640	750	790	590	190	750	220	290	150	710	660	410	980	160	990	180	560	190	840	990	770	440	710	830	390	990	100	870	190	420	440	1000	1000	610	770	330	730	260	140	150	910	710	610	490	490	400	440	160	920	340	750	990	900	890	990	390	120	340	750	450	420	160	180	250	500	870	730	180	700	530	170	960	760	520	840	740	570	230	630	930	380	120	480	720	200	270	110	170	150	910	540	580	400	400	110	940	880	420	350	410	700	170	310	130	630	120	560	670	640	990	950	420	950	580	920	520	510	960	1000	780	280	100	420	390	830	600	790	780	200	760	410	900	920	360	910	730	690	480	260	830	550	240	410	150	140	220	510	370	550	400	470	920	930	100	370	660	490	530	470	420	630	170	380	670	600	570	300	660	230	450	470	150	130	980	240	270	390	650	590	990	600	590	950	640	860	530	260	140	280	870	680	820	460	260	740	530	450	560	730	340	580	1000	420	830	610	620	420	670	170	420	810	340	770	400	750	720	670	190	730	880	440	520	580	720	780	830	440	450	980	430	760	390	410	340	820	940	120	180	330	780	550	170	980	950	210	990	910	260	690	370	450	520	550	680	770	410	950	690	610	750	840	870	660	520	230	740	560	650	920	750	880	940	840	300	620	570	570	880	900	560	960	420	150	880	960	200	900	380	660	670	930	570	300	940	410	370	580	880	520	740	620	590	220	590	200	890	960	420	380	390	740	500	140	830	640	430	340	230	350	620	470	540	300	430	450	820	480	310	110	590	740	190	860	680	320	310	490	240	810	320	110	480	230	220	240	410	890	970	320	400	930	340	950	840	400	640	340	270	150	340	760	680	310	410	950	100	600	410	550	140	510	740	590	150	790	520	120	380	830	290	690	270	190	900	210	370	960	240	140	220	850	460	620	630	650	300	700	340	650	880	590	700	860	540	360	260	490	160	350	180	100	330	710	650	410	120	610	720	860	350	110	930	410	710	880	230	230	750	910	760	590	490	960	610	270	770	560	580	230	300	110	300	940	880	130	590	920	340	260	320	900	530	440	360	380	410	540	410	270	690	840	740	410	100	400	550	590	390	730	850	420	800	970	320	750	690	310	130	540	920	290	170	680	730	750	990	470	650	320	270	640	140	570	760	100	360	420	190	290	380	840	560	260	340	970	590	360	660	170	440	430	1000	740	540	710	860	920	450	720	180	310	310	220	570	650	640	790	180	600	430	960	150	640	950	810	950	280	100	940	470	740	200	660	460	880	980	540	350	860	870	920	300	330	890	970	200	550	930	920	260	510	200	390	270	320	390	230	410	610	720	130	250	510	150	210	320	300	790	980	570	100	150	150	200	370	1000	370	800	860	590	640	910	340	520	170	980	350	580	980	610	700	920	680	740	850	930	120	770	1000	110	620	640	870	840	630	410	450	880	180	770	370	640	1000	950	940	500	530	310	160	960	130	600	540	500	880	630	270	160	490	280	370	150	300	760	700	670	680	420	710	700	620	160	600	270	480	730	270	590	390	100	360	190	480	500	170	950	870	650	410	190	370	690	860	280	650	180	790	900	490	550	470	590	560	450	740	350	170	540	280	110	810	610	730	540	350	190	880	630	250	100	370	250	490	320	670	570	870	760	240	390	730	320	840	850	990	580	230	460	840	110	320	330	420	400	700	470	820	420	570	720	300	770	910	580	980	460	460	500	500	340	770	770	470	810	740	300	480	950	750	130	150	530	600	570	590	880	590	910	270	860	960	830	210	920	750	920	170	780	840	330	940	270	410	250	130	690	620	500	920	940	250	720	180	820	510	700	440	190	470	970	450	710	560	800	490	690	120	370	210	580	170	420	970	980	370	820	480	550	690	640	790	150	400	890	120	840	340	420	530	980	440	870	920	480	800	890	550	700	440	980	150	470	750	430	790	860	380	660	650	370	510	100	280	740	670	270	1000	520	270	330	230	430	880	550	1000	660	150	940	420	130	720	570	910	110	920	840	380	300	770	110	410	780	190	310	940	320	450	420	120	300	990	210	560	860	450	330	790	780	550	280	390	250	260	580	330	500	920	180	760	960	1000	690	650	430	940	720	110	380	590	770	900	760	660	700	310	810	500	830	380	470	840	690	700	410	540	600	290	670	700	190	160	930	980	970	400	920	760	690	790	110	120	130	940	220	500	480	370	800	910	330	300	790	710	650	990	690	350	180	910	970	600	640	690	170	650	440	290	610	320	310	250	140	440	700	590	480	390	600	1000	630	710	290	110	290	450	170	920	970	260	620	120	450	970	900	410	870	470	560	990	230	590	590	860	710	970	640	330	700	390	100	550	120	240	760	200	310	680	310	670	160	850	220	250	180	200	730	600	390	450	440	500	720	720	100	850	760	790	340	260	120	220	440	640	220	870	340	690	700	470	260	200	670	750	770	830	610	400	810	190	510	550	220	400	300	820	860	990	110	170	190	360	200	820	160	140	250	940	680	210	240	360	410	980	330	250	880	780	120	650	500	950	520	370	270	850	460	790	120	210	830	570	360	110	500	160	920	190	940	470	260	270	970	680	310	130	380	920	860	760	610	870	890	990	910	1000	110	710	250	180	100	280	640	1000	300	790	370	700	850	380	190	480	350	390	680	960	250	970	760	610	310	930	930	560	330	210	220	110	1000	960	860	520	740	550	570	1000	590	930	500	930	980	410	160	920	380	750	740	450	750	820	650	390	820	770	510	450	110	230	170	710	630	760	920	160	570	790	250	280	500	720	380	520	460	720	990	270	120	900	520	990	650	210	910	130	950	700	600	880	930	970	830	990	650	450	110	320	640	610	540	810	490	490	180	810	900	160	710	360	940	880	1000	710	410	760	840	490	340	820	570	480	320	750	380	980	550	610	980	340	200	400	300	430	220	910	810	200	380	380	870	280	170	730	490	250	650	340	340	700	720	880	640	510	300	100	180	970	930	600	560	970	680	900	830	220	390	200	190	780	210	150	270	280	590	750	910	150	990	590	170	560	640	960	700	250	810	210	480	180	930	900	510	480	900	140	510	150	720	570	880	170	310	450	380	930	140	970	180	660	290	140	240	500	500	290	570	510	670	180	780	150	580	730	510	120	220	800	700	660	200	420	230	400	710	430	910	150	880	830	680	260	830	690	280	900	770	680	410	900	630	1000	430	890	350	740	430	880	350	210	720	740	870	150	990	240	170	480	640	850	810	760	680	570	860	830	440	330	360	670	800	250	150	510	640	240	630	730	620	640	310	890	810	420	680	910	860	590	820	350	130	210	460	460	380	660	970	310	880	400	440	350	830	740	860	900	340	850	900	480	170	620	870	980	590	560	520	740	670	100	140	690	750	460	690	960	860	270	460	100	210	240	240	870	570	710	240	260	810	320	850	300	570	190	590	770	640	880	340	530	660	410	110	130	370	440	450	270	440	290	740	940	890	560	770	190	830	490	880	840	380	900	840	370	120	210	220	470	780	530	410	440	850	240	330	570	270	480	560	360	360	670	510	280	150	1000	220	920	560	960	330	480	530	140	190	700	810	470	350	670	740	340	960	290	950	550	820	760	630	440	990	530	730	350	420	540	860	710	640	260	910	800	950	540	180	870	720	970	380	570	680	790	720	830	700	120	380	770	590	390	480	230	940	920	220	190	860	570	720	580	680	490	670	860	960	530	540	380	520	460	680	260	210	200	500	610	780	290	520	130	530	100	120	480	380	240	540	570	490	200	190	810	940	430	390	290	480	440	330	390	950	940	830	300	770	650	360	100	730	530	140	290	750	470	510	360	880	230	850	480	960	1000	120	720	700	960	400	470	660	980	170	380	260	310	680	140	420	370	230	950	470	220	230	460	290	130	360	580	520	960	400	560	730	380	390	410	370	370	300	680	200	350	760	490	160	290	780	880	120	520	540	650	590	150	600	880	520	970	470	170	530	360	340	880	390	630	450	610	280	820	560	640	340	940	710	890	440	400	880	410	380	790	170	480	340	910	130	810	380	420	130	550	480	870	210	550	940	320	770	950	860	370	240	1000	730	180	330	250	480	840	390	970	190	380	500	410	930	300	390	530	310	600	590	140	180	760	420	110	400	960	340	370	110	680	400	810	630	940	120	310	780	530	420	720	730	450	920	430	110	850	660	970	310	280	510	390	130	160	770	420	290	830	910	180	100	210	360	950	530	610	860	570	720	810	600	860	480	960	800	950	760	150	830	570	980	370	430	520	760	980	500	920	1000	520	280	850	460	150	690	110	350	320	550	990	670	750	640	900	320	790	630	720	950	130	600	210	280	420	870	260	400	390	680	250	980	430	170	990	430	610	530	230	920	410	350	920	380	380	920	980	440	470	460	230	580	200	920	620	420	960	390	500	980	520	630	390	440	930	490	160	500	970	850	100	720	810	930	420	980	250	350	380	760	450	110	290	970	360	650	940	260	970	520	890	180	360	500	860	230	400	940	630	310	850	820	330	470	230	300	290	160	770	620	840	330	360	150	770	110	690	480	120	630	730	450	190	660	410	510	900	400	800	940	900	880	370	190	430	900	750	850	370	820	190	490	970	930	140	280	750	410	910	900	320	520	750	1000	850	380	250	190	460	680	560	930	780	620	630	160	100	1000	720	630	210	970	160	310	700	450	220	370	610	440	220	780	760	530	750	140	520	440	620	680	970	210	100	250	150	980	540	550	200	380	520	290	970	380	890	460	450	890	620	610	130	800	550	790	130	130	920	170	420	920	600	740	250	450	100	830	710	100	690	200	270	540	640	660	420	530	710	470	500	630	670	770	140	510	580	950	480	840	1000	640	440	130	890	760	660	300	370	550	580	800	650	300	150	270	990	670	810	690	850	470	790	820	400	1000	820	440	820	550	650	380	290	680	700	400	160	190	110	680	530	110	110	560	710	660	760	910	270	600	710	630	170	560	950	650	200	150	1000	610	720	510	750	1000	220	310	970	670	910	610	730	150	900	210	530	740	360	700	680	920	670	120	390	870	610	270	880	530	130	420	460	370	850	490	430	700	960	290	910	960	810	570	140	380	770	440	370	150	980	420	860	720	260	620	450	660	400	780	640	610	530	550	440	160	650	200	650	420	210	390	390	990	550	680	760	380	540	650	280	770	130	890	850	370	520	870	170	350	860	390	960	910	670	550	130	870	350	930	350	580	210	290	740	560	590	180	650	460	190	950	420	410	260	680	670	1000	830	350	890	900	380	110	120	290	330	580	440	380	860	890	780	220	860	730	260	440	620	440	500	420	610	490	120	820	220	730	120	630	260	770	310	560	410	920	260	210	770	540	680	340	470	650	670	610	220	240	290	370	860	410	380	770	270	180	350	630	760	250	700	810	220	930	700	660	990	790	380	950	370	760	520	640	610	210	200	750	920	190	350	1000	900	440	840	730	880	110	520	510	400	140	130	790	770	750	800	150	640	520	280	510	600	420	870	350	420	390	350	150	840	660	190	350	550	390	390	120	370	750	950	600	430	800	950	900	760	220	580	380	620	930	250	530	610	250	330	250	160	260	120	780	230	480	720	380	200	270	360	640	450	160	290	660	160	900	400	210	390	870	820	910	880	840	590	100	540	550	460	520	320	570	850	880	510	380	520	120	140	170	180	790	800	960	140	140	530	430	440	720	920	710	510	910	760	440	230	740	860	600	370	580	540	550	260	540	280	330	560	220	680	830	980	430	560	990	710	670	350	140	550	660	490	190	440	440	780	110	610	960	590	1000	620	390	490	650	740	290	810	330	260	820	110	590	700	430	880	650	470	880	440	410	520	380	700	590	450	370	200	650	800	160	310	190	970	310	330	130	300	970	240	530	950	470	780	640	380	990	790	520	300	110	610	760	830	390	880	160	820	250	910	270	560	110	830	170	930	130	150	170	950	200	980	620	420	620	420	380	590	220	140	230	200	370	120	990	390	680	160	800	590	560	960	920	960	850	760	170	470	540	890	530	840	790	870	480	940	700	460	300	270	190	980	690	680	600	320	730	170	630	740	290	520	690	740	890	960	850	440	700	360	780	970	990	920	900	980	670	550	430	890	940	630	780	510	870	700	560	760	290	610	990	200	570	120	840	620	920	650	490	530	940	280	850	120	620	170	410	330	580	540	260	180	740	400	770	350	470	900	990	250	250	520	470	700	710	470	220	860	330	420	260	240	120	690	100	510	160	870	170	610	440	640	230	910	770	500	440	460	510	280	590	110	940	750	530	930	730	520	260	860	790	570	870	200	220	430	730	800	330	940	850	490	1000	500	260	220	500	150	560	600	670	600	640	780	960	550	550	130	120	260	780	540	900	940	320	610	170	300	690	350	510	830	430	480	280	410	100	250	300	200	610	130	630	610	1000	910	330	700	240	410	140	930	190	320	440	530	470	690	140	790	440	320	830	250	850	760	420	870	950	940	380	190	360	760	130	180	960	230	330	950	670	330	870	180	340	190	470	640	690	690	380	510	370	740	660	800	590	310	110	910	720	730	980	670	980	870	780	350	810	500	880	850	460	720	260	270	130	750	210	390	350	890	150	440	330	800	170	270	200	550	140	110	730	200	280	290	430	780	580	370	640	390	780	210	670	670	620	500	910	260	460	760	820	190	270	440	410	670	990	970	690	980	370	880	250	520	280	340	150	350	780	400	470	900	820	100	990	120	660	240	350	430	800	240	870	450	120	620	260	300	560	850	260	790	390	750	880	430	710	420	630	520	970	830	840	510	330	640	130	680	730	670	140	330	210	190	940	260	680	800	530	660	310	990	570	640	430	390	500	160	420	190	370	430	530	180	570	150	530	350	510	460	800	570	690	120	420	100	790	650	240	920	890	600	920	960	340	100	140	110	450	430	890	580	130	570	920	990	960	720	600	380	940	820	920	680	640	180	790	710	660	920	890	130	930	1000	360	970	990	570	880	440	580	350	230	420	990	980	520	300	580	650	230	270	410	280	710	160	440	950	910	370	710	830	200	710	610	500	560	650	520	560	860	400	960	800	730	600	550	660	250	210	160	320	380	580	660	460	710	700	890	440	930	270	720	710	860	500	600	690	210	680	570	750	700	350	700	710	850	650	650	270	320	680	970	360	800	730	640	180	950	940	350	640	990	660	720	900	360	130	540	270	760	750	860	100	830	840	490	620	180	780	280	820	830	420	930	590	840	530	250	920	880	500	970	240	870	530	620	450	170	550	880	700	900	340	260	660	170	980	780	980	480	640	470	980	280	930	800	440	390	440	130	720	620	150	500	360	530	740	970	500	340	270	990	440	950	110	220	350	110	790	930	420	920	110	920	710	450	200	180	740	180	910	880	380	970	860	260	240	110	340	440	220	570	170	400	640	890	190	190	490	480	610	930	170	930	620	330	700	550	700	350	950	780	180	390	630	190	470	320	760	840	760	630	230	240	220	1000	350	560	400	400	260	440	710	470	120	680	560	980	950	600	960	300	950	630	530	270	420	480	300	960	580	520	660	760	950	150	270	580	490	940	430	410	810	300	860	340	230	770	170	710	940	600	290	140	560	510	860	690	950	710	970	610	830	790	380	530	700	760	570	990	270	690	110	800	430	370	950	870	850	270	1000	700	910	500	400	500	140	1000	500	450	440	670	340	340	140	160	370	350	830	340	850	770	170	810	130	930	980	480	730	950	790	550	920	1000	490	390	240	170	840	860	180	190	320	590	630	980	470	1000	500	560	230	240	660	270	410	230	930	340	860	320	740	390	440	160	500	170	590	530	350	120	760	910	390	570	380	490	140	240	390	550	380	370	420	800	270	450	830	120	650	540	480	540	410	450	510	510	840	680	890	430	960	140	860	710	840	230	500	610	120	740	280	220	920	930	1000	610	630	840	490	820	360	720	570	750	310	710	150	880	950	270	900	760	720	280	990	420	350	570	850	620	660	230	980	760	600	720	780	710	560	680	730	620	330	150	450	260	450	110	590	840	540	490	680	790	870	150	430	110	190	240	940	840	110	430	430	950	790	410	660	410	990	460	750	960	510	380	320	280	740	460	930	880	880	690	540	230	740	650	240	820	920	900	370	680	330	260	390	930	200	530	190	1000	140	150	960	140	180	930	480	170	930	150	150	600	800	170	1000	920	120	530	880	900	480	650	250	620	430	860	120	240	210	320	150	250	210	960	510	350	830	870	890	780	420	820	960	690	510	670	390	450	930	520	880	100	310	630	240	710	290	990	590	690	790	140	790	830	760	510	130	830	970	230	200	170	510	430	310	820	490	730	520	700	230	680	330	500	610	310	930	760	780	220	380	110	950	370	720	500	550	950	910	700	280	810	310	800	880	470	220	610	450	810	600	360	160	550	560	710	720	610	990	710	1000	290	400	380	290	800	870	710	330	400	880	120	900	620	580	570	440	310	390	310	110	510	790	500	760	800	480	560	420	390	330	490	470	770	340	150	280	430	750	410	1000	440	330	780	810	320	770	260	270	830	310	830	660	330	880	760	510	200	880	190	550	800	560	540	110	210	440	210	900	120	700	900	970	950	550	160	590	770	290	110	580	760	530	300	410	250	190	930	740	960	710	800	760	930	130	110	740	180	190	950	370	880	990	300	600	470	200	730	990	780	250	230	130	280	510	480	250	980	940	320	620	160	820	490	150	220	300	230	600	680	940	120	500	110	300	830	820	570	520	260	180	110	940	950	780	660	430	300	380	920	570	490	210	950	900	540	200	340	330	940	140	480	140	490	500	750	230	660	920	630	980	590	930	430	750	730	990	120	300	840	870	260	530	400	880	200	930	220	700	740	680	430	630	740	140	230	870	470	440	740	500	460	720	200	230	270	940	100	340	400	310	950	260	630	370	540	530	270	990	260	270	610	390	220	210	410	430	580	610	650	750	570	680	790	430	190	800	120	770	330	790	930	330	320	270	850	320	210	820	960	770	360	810	620	100	720	830	880	520	480	580	970	510	230	630	340	290	250	370	120	190	890	480	780	430	410	880	330	290	990	200	520	310	330	390	410	190	420	480	910	220	480	750	710	170	570	580	380	490	640	590	240	600	800	480	440	260	820	550	770	600	400	240	730	780	290	570	940	240	370	720	920	210	100	270	210	450	890	240	370	850	640	940	520	280	100	330	560	570	790	930	380	770	290	460	540	970	310	530	790	880	990	600	310	160	960	440	710	200	580	860	530	900	810	290	410	340	760	890	710	750	400	920	910	980	610	310	880	870	350	320	860	950	570	870	560	460	900	510	370	100	470	380	870	720	880	300	580	210	810	950	200	640	490	860	870	580	950	250	730	700	770	790	870	360	570	900	470	340	140	720	840	980	540	560	740	240	630	240	550	770	610	1000	420	710	290	560	790	410	800	990	730	960	570	370	780	270	810	150	320	340	880	930	940	370	150	880	510	770	430	370	670	260	690	800	110	660	340	210	1000	670	500	690	310	910	960	590	720	160	380	490	470	370	770	640	390	810	710	170	200	980	820	170	140	540	520	260	970	430	1000	520	740	210	210	460	610	420	980	740	340	610	480	470	160	580	200	200	350	670	510	290	320	710	360	420	590	640	650	920	420	310	940	470	860	640	950	1000	650	320	230	970	740	440	490	910	940	790	280	570	190	270	900	440	860	850	880	390	350	890	510	180	350	190	930	730	100	240	290	850	680	430	870	540	880	570	640	340	630	280	880	150	640	380	600	910	310	170	470	290	710	610	610	630	550	950	520	430	110	110	270	590	720	200	1000	660	110	690	400	630	610	370	830	410	380	370	990	290	800	210	990	600	240	1000	750	890	620	670	780	410	660	460	440	450	240	370	780	120	840	640	250	380	990	780	210	120	710	870	970	410	410	260	930	780	1000	340	330	260	200	450	870	280	350	500	560	140	920	130	960	790	180	390	870	160	490	630	350	730	560	800	190	820	700	610	790	220	910	320	740	100	290	210	550	400	940	660	460	530	570	650	410	620	360	330	590	450	370	460	140	170	320	700	120	690	400	550	910	560	150	390	730	560	130	640	170	210	330	850	430	800	220	520	800	380	210	1000	280	390	840	280	540	600	880	500	370	600	300	230	890	880	640	130	920	490	960	350	910	950	230	200	190	970	640	120	820	700	780	140	450	120	850	800	380	160	590	200	840	180	260	980	260	770	610	390	200	810	300	590	270	160	680	490	1000	160	500	630	300	270	790	290	990	330	480	760	310	320	360	220	1000	300	650	890	970	290	890	980	850	600	160	170	910	570	480	520	620	850	320	960	940	220	720	920	380	550	800	220	250	840	570	580	650	210	170	880	320	710	600	810	790	240	230	470	740	490	800	640	800	450	470	680	190	550	940	720	580	870	140	930	1000	600	860	840	720	450	520	670	750	670	110	320	580	910	840	170	810	880	860	250	200	850	670	330	250	460	690	340	640	240	400	100	230	280	830	440	730	180	360	640	100	850	630	110	150	150	980	770	590	760	650	310	850	260	210	980	470	330	300	850	400	580	940	660	940	210	630	140	880	640	670	690	290	540	820	210	710	710	190	480	760	260	540	430	1000	110	250	280	130	760	920	320	110	210	980	360	450	700	640	510	800	310	100	740	490	950	870	550	450	290	180	150	120	760	110	160	310	260	1000	760	730	950	760	980	740	660	290	550	820	280	870	970	870	990	430	700	760	250	560	590	660	190	240	390	630	760	800	300	680	260	620	120	370	950	110	900	620	570	370	240	530	870	610	260	140	320	280	600	520	900	260	240	660	420	710	230	360	950	510	620	380	220	360	670	270	940	390	410	580	200	640	340	940	420	100	380	170	230	550	460	540	470	710	610	740	190	560	280	910	840	270	960	290	970	490	810	700	650	340	610	150	640	970	990	430	700	530	110	990	730	280	870	130	380	270	540	440	990	150	480	640	390	180	130	350	620	150	120	120	220	620	920	420	530	360	750	510	770	770	260	760	540	900	760	220	960	390	980	730	360	160	910	300	640	240	330	420	780	310	560	870	610	590	680	400	630	820	830	410	610	180	1000	970	460	130	590	520	890	290	890	170	340	570	520	340	700	860	790	660	930	790	640	590	640	400	940	410	440	660	490	180	710	200	220	830	900	790	140	630	130	230	270	120	500	680	720	110	1000	340	250	400	100	360	310	1000	960	110	140	730	340	100	550	850	420	310	680	910	220	350	810	490	930	640	360	170	290	660	950	360	460	920	910	990	670	180	590	930	1000	330	490	520	200	490	290	930	1000	630	740	350	840	550	920	780	440	820	250	660	130	280	430	300	420	1000	880	620	130	280	690	330	350	170	370	210	360	290	290	120	640	560	870	480	300	830	310	130	860	220	330	460	810	530	620	520	780	740	620	280	570	710	360	300	600	670	590	580	100	850	570	920	650	960	810	690	620	890	850	650	390	510	720	930	910	250	740	780	740	130	890	740	740	530	510	200	670	340	140	210	720	260	720	720	260	960	450	130	190	180	900	420	490	600	950	790	790	800	980	230	620	340	220	410	460	960	950	820	750	350	420	710	850	370	550	200	790	990	810	790	290	670	140	120	950	540	780	980	390	220	580	940	850	250	200	870	710	810	320	130	1000	290	640	610	550	470	580	930	620	180	340	700	670	850	680	440	900	680	960	810	730	460	520	140	950	890	580	730	400	290	680	720	770	750	830	270	130	800	790	840	630	830	730	670	670	290	660	830	230	790	180	770	210	500	340	910	740	740	890	250	300	250	170	570	470	460	230	410	270	230	130	370	900	980	140	930	390	100	520	290	830	600	130	1000	200	500	680	300	160	870	150	620	590	560	800	630	740	410	770	170	140	200	830	400	710	410	650	890	340	430	950	170	250	690	810	680	1000	380	890	770	510	520	150	260	750	210	590	570	180	690	600	790	410	600	930	670	360	890	330	510	170	720	100	910	880	610	740	200	900	750	670	390	930	980	700	880	640	250	770	350	190	440	350	220	260	120	790	190	120	230	780	390	170	610	390	180	850	1000	440	810	440	450	630	870	510	960	680	410	570	440	330	640	100	840	500	760	340	340	820	430	890	360	260	710	350	750	510	250	940	150	500	730	320	170	560	620	480	990	590	380	440	490	530	730	440	700	560	980	310	310	590	370	920	850	540	400	960	460	320	760	210	340	610	720	490	470	110	130	760	440	700	200	850	250	510	910	360	640	1000	280	170	760	620	220	310	860	170	260	830	660	630	910	840	190	100	590	980	540	780	960	200	570	590	430	990	320	200	130	310	350	270	280	840	460	930	210	370	610	630	640	200	810	460	970	820	330	930	630	640	890	210	270	510	700	800	150	590	500	660	290	780	950	230	500	660	900	620	390	940	910	240	940	250	380	550	610	860	890	390	310	750	490	820	800	420	710	250	240	610	580	560	780	830	430	390	430	810	250	890	180	950	910	150	720	200	170	150	160	390	270	840	500	530	1000	200	820	510	160	650	790	740	620	440	800	670	100	510	300	790	820	110	280	1000	150	860	510	330	710	750	860	880	950	250	610	830	280	330	
100
