6426
120
2
90
0	500	500	500	0	500	0	500	0	500	0	0	0	0	500	0	0	0	0	0	0	0	500	0	500	500	0	0	0	0	0	0	0	500	0	0	0	0	0	0	0	0	0	0	0	0	0	0	0	0	0	0	0	0	0	0	0	0	0	0	0	0	0	0	0	0	0	0	0	0	0	0	0	0	0	0	0	0	0	0	0	0	0	0	0	0	0	0	0	0	0	0	0	0	0	500	0	0	0	0	0	0	0	0	0	0	0	0	0	0	0	500	0	0	0	0	0	0	0	0	
500	0	0	0	0	0	0	0	0	0	0	0	500	0	0	0	0	0	0	0	0	0	0	0	0	0	0	0	0	0	0	0	0	0	0	0	0	0	0	0	0	0	0	0	0	0	0	0	0	0	0	0	0	0	0	0	0	0	0	0	0	0	0	0	0	0	0	0	0	0	0	0	0	0	0	0	0	0	0	0	0	0	0	0	0	0	0	0	0	0	0	0	0	0	0	0	0	0	500	0	0	0	0	0	0	0	0	0	0	0	0	0	0	0	0	0	0	0	0	0	
500	0	0	0	0	0	0	0	0	0	0	0	0	500	0	0	0	0	0	0	0	0	0	0	0	0	0	0	0	0	0	0	0	0	0	0	0	0	0	0	0	0	0	0	0	0	0	0	0	0	0	0	0	0	500	0	0	0	0	0	0	0	0	0	0	0	0	0	0	0	0	0	0	0	0	0	0	0	0	0	0	0	0	0	0	0	0	0	0	0	0	0	0	0	0	0	0	0	0	0	0	0	0	0	0	0	0	0	0	0	0	0	0	0	0	0	0	0	0	0	
500	0	0	0	0	0	0	0	0	0	0	0	0	0	0	0	500	0	0	0	0	0	0	0	0	0	0	0	0	0	0	0	0	0	0	0	0	0	0	0	0	0	0	0	0	0	0	0	0	0	0	0	0	0	0	0	0	0	0	0	0	0	0	0	0	0	0	0	0	0	0	0	0	0	0	0	0	0	0	0	0	0	0	0	0	0	0	500	0	0	0	0	0	0	0	0	0	0	0	0	0	0	0	0	0	0	0	0	0	0	0	0	0	0	0	0	0	0	0	0	
0	0	0	0	0	0	0	0	0	0	0	0	0	0	0	0	0	0	0	0	0	0	0	0	0	0	0	0	0	0	500	0	0	0	0	0	0	0	0	0	0	0	0	0	0	0	0	0	0	0	0	0	0	0	0	0	0	0	0	0	0	0	0	0	0	0	0	0	0	0	0	0	0	0	0	0	0	0	0	0	0	0	0	0	0	0	0	0	0	0	0	0	0	0	0	0	0	0	0	0	0	0	0	0	0	0	0	0	0	0	0	0	0	0	0	0	0	0	500	0	
500	0	0	0	0	0	0	0	0	0	0	0	0	0	0	0	0	0	0	0	0	0	0	0	0	0	0	0	0	0	0	0	0	0	0	0	500	0	0	0	0	0	0	0	0	0	0	0	0	0	0	0	0	0	0	0	0	0	0	0	0	0	0	0	0	0	0	0	0	0	0	0	0	500	0	0	0	0	0	0	0	0	0	0	0	0	0	0	0	0	0	0	0	0	0	0	0	0	0	0	0	0	0	0	0	0	0	0	0	0	0	0	0	0	0	0	0	0	0	0	
0	0	0	0	0	0	0	0	0	0	0	0	0	0	0	0	0	0	0	0	0	0	0	0	0	0	0	0	0	0	0	0	0	0	0	0	0	0	0	0	0	0	0	0	0	0	0	0	0	0	0	0	0	0	0	0	0	0	0	0	0	0	0	0	0	0	0	0	0	0	0	0	0	0	0	0	0	0	0	500	0	0	0	0	0	0	0	0	0	0	0	500	0	0	0	0	0	0	0	0	0	0	0	0	0	0	0	0	0	0	0	0	0	0	0	0	0	0	0	0	
500	0	0	0	0	0	0	0	0	0	0	0	0	0	0	0	0	0	0	0	0	0	0	0	0	0	0	0	0	0	0	0	0	0	0	0	0	0	0	0	0	0	0	0	0	0	0	500	0	0	0	0	0	0	0	0	0	0	0	0	0	0	0	0	0	0	0	0	0	0	0	0	0	0	0	0	0	0	0	0	0	0	0	0	0	0	0	0	0	0	0	0	0	0	0	0	0	0	0	0	0	0	0	0	500	0	0	0	0	0	0	0	0	0	0	0	0	0	0	0	
0	0	0	0	0	0	0	0	0	0	0	0	0	0	0	0	0	500	0	0	0	0	0	0	0	0	0	0	0	0	0	0	0	0	0	0	0	0	0	0	0	0	0	0	0	0	0	0	0	0	0	0	500	0	0	0	0	0	0	0	0	0	0	0	0	0	0	0	0	0	0	0	0	0	0	0	0	0	0	0	0	0	0	0	0	0	0	0	0	0	0	0	0	0	0	0	0	0	0	0	0	0	0	0	0	0	0	0	0	0	0	0	0	0	0	0	0	0	0	0	
500	0	0	0	0	0	0	0	0	0	0	0	0	0	0	0	0	0	0	0	0	0	0	0	0	0	500	0	0	500	0	0	0	0	0	0	0	0	0	0	0	0	0	0	0	0	0	0	0	0	0	0	0	0	0	0	0	0	0	0	0	0	0	0	0	0	0	0	0	0	0	0	0	0	0	0	0	0	0	0	0	0	0	0	0	0	0	0	0	0	0	0	0	0	0	0	0	0	0	0	0	0	0	0	0	0	0	0	0	0	0	0	0	0	0	0	0	0	0	0	
0	0	0	0	0	0	0	0	0	0	0	0	0	0	0	0	0	500	0	0	0	0	0	0	0	0	0	0	0	0	0	0	0	0	0	0	0	0	0	0	0	0	0	0	0	0	0	0	0	0	0	0	0	0	0	0	0	0	0	0	0	0	0	0	0	0	0	0	0	0	0	0	0	0	0	0	0	0	0	0	0	0	0	0	0	0	0	0	0	500	0	0	0	0	0	0	0	0	0	0	0	0	0	0	0	0	0	0	0	0	0	0	0	0	0	0	0	0	0	0	
0	0	0	0	0	0	0	0	0	0	0	0	0	0	0	0	0	0	0	0	0	0	0	0	0	0	0	0	0	0	0	0	0	0	0	0	0	0	0	0	0	0	0	0	0	0	0	0	0	0	0	0	0	0	0	0	0	0	0	0	0	0	0	0	0	0	0	0	0	0	0	0	500	0	0	0	0	0	0	0	0	0	0	0	500	0	0	0	0	0	0	0	0	0	0	0	0	0	0	0	0	0	0	0	0	0	0	0	0	0	0	0	0	0	0	0	0	0	0	0	
0	500	0	0	0	0	0	0	0	0	0	0	0	0	0	0	0	0	0	0	0	0	0	0	0	0	0	0	0	0	0	0	0	0	0	0	0	0	0	0	0	0	0	0	0	0	0	0	0	0	0	0	0	0	0	0	0	0	0	0	0	0	0	0	0	0	0	0	0	0	0	0	0	0	0	0	0	0	0	0	0	0	0	0	0	0	0	0	0	0	0	0	0	0	0	0	0	0	500	0	0	0	0	0	0	0	0	0	0	0	0	0	0	0	0	0	0	0	0	0	
0	0	500	0	0	0	0	0	0	0	0	0	0	0	0	0	0	0	0	0	0	0	0	0	0	0	0	0	0	0	0	0	0	0	0	0	0	0	0	0	0	0	0	0	0	0	0	0	0	0	0	0	0	0	500	0	0	0	0	0	0	0	0	0	0	0	0	0	0	0	0	0	0	0	0	0	0	0	0	0	0	0	0	0	0	0	0	0	0	0	0	0	0	0	0	0	0	0	0	0	0	0	0	0	0	0	0	0	0	0	0	0	0	0	0	0	0	0	0	0	
500	0	0	0	0	0	0	0	0	0	0	0	0	0	0	0	0	0	0	0	0	0	0	0	0	0	0	0	0	0	0	0	0	0	0	0	0	500	0	0	0	0	0	0	0	0	0	0	0	0	0	0	0	0	0	0	0	0	0	0	500	0	0	0	0	0	0	0	0	0	0	0	0	0	0	0	0	0	0	0	0	0	0	0	0	0	0	0	0	0	0	0	0	0	0	0	0	0	0	0	0	0	0	0	0	0	0	0	0	0	0	0	0	0	0	0	0	0	0	0	
0	0	0	0	0	0	0	0	0	0	0	0	0	0	0	0	0	0	0	0	0	0	0	500	0	0	0	0	0	0	0	0	0	0	0	0	0	0	0	0	0	0	0	0	0	0	0	0	0	0	0	0	0	0	0	0	0	0	0	0	0	0	0	0	0	0	0	0	0	0	0	0	0	0	0	0	0	0	0	0	0	0	0	0	0	0	0	0	0	0	0	0	0	0	0	0	0	0	0	500	0	0	0	0	0	0	0	0	0	0	0	0	0	0	0	0	0	0	0	0	
0	0	0	500	0	0	0	0	0	0	0	0	0	0	0	0	0	0	0	0	0	0	0	0	0	0	0	0	0	0	0	0	0	0	0	0	0	0	0	0	0	0	0	0	0	0	0	0	0	0	0	0	0	0	0	0	0	0	0	0	0	0	0	0	0	0	0	0	0	500	0	0	0	0	0	0	0	0	0	0	0	0	0	0	0	0	0	0	0	0	0	0	0	0	0	0	0	0	0	0	0	0	0	0	0	0	0	0	0	0	0	0	0	0	0	0	0	0	0	0	
0	0	0	0	0	0	0	0	500	0	500	0	0	0	0	0	0	0	0	0	0	0	0	0	0	0	0	0	0	0	0	0	0	0	0	0	0	0	0	0	0	0	0	0	0	0	0	0	0	0	0	0	0	0	0	0	0	0	0	0	0	0	0	0	0	0	0	0	0	0	0	0	0	0	0	0	0	0	0	0	0	0	0	0	0	0	0	0	0	0	0	0	0	0	0	0	0	0	0	0	0	0	0	0	0	0	0	0	0	0	0	0	0	0	0	0	0	0	0	0	
0	0	0	0	0	0	0	0	0	0	0	0	0	0	0	0	0	0	0	0	0	0	0	0	0	0	0	500	0	0	0	0	0	0	0	0	0	0	0	0	0	0	0	0	0	0	0	0	0	0	0	0	0	0	0	0	0	0	0	0	0	0	0	0	0	0	0	0	0	0	0	0	0	0	0	0	0	0	0	0	0	0	0	0	0	0	0	0	0	0	0	0	500	0	0	0	0	0	0	0	0	0	0	0	0	0	0	0	0	0	0	0	0	0	0	0	0	0	0	0	
0	0	0	0	0	0	0	0	0	0	0	0	0	0	0	0	0	0	0	0	0	0	0	0	0	0	0	0	0	0	500	0	0	0	0	0	0	0	0	0	0	0	0	0	0	0	0	0	0	0	0	0	0	0	0	0	0	0	0	0	0	0	0	0	0	0	0	0	0	0	0	0	0	0	0	0	0	0	0	0	0	0	0	0	0	0	0	0	0	0	0	0	500	0	0	0	0	0	0	0	0	0	0	0	0	0	0	0	0	0	0	0	0	0	0	0	0	0	0	0	
0	0	0	0	0	0	0	0	0	0	0	0	0	0	0	0	0	0	0	0	0	0	0	0	0	0	0	0	500	0	0	0	0	0	0	0	0	0	0	0	0	0	0	0	0	0	0	0	0	0	0	0	0	0	0	0	500	0	0	0	0	0	0	0	0	0	0	0	0	0	0	0	0	0	0	0	0	0	0	0	0	0	0	0	0	0	0	0	0	0	0	0	0	0	0	0	0	0	0	0	0	0	0	0	0	0	0	0	0	0	0	0	0	0	0	0	0	0	0	0	
0	0	0	0	0	0	0	0	0	0	0	0	0	0	0	0	0	0	0	0	0	0	0	0	0	0	0	0	0	0	0	0	0	0	0	0	0	0	0	0	0	0	0	500	0	0	0	0	0	0	0	0	0	0	0	0	0	0	0	0	500	0	0	0	0	0	0	0	0	0	0	0	0	0	0	0	0	0	0	0	0	0	0	0	0	0	0	0	0	0	0	0	0	0	0	0	0	0	0	0	0	0	0	0	0	0	0	0	0	0	0	0	0	0	0	0	0	0	0	0	
500	0	0	0	0	0	0	0	0	0	0	0	0	0	0	0	0	0	0	0	0	0	0	0	0	0	0	0	0	0	0	0	0	0	0	0	0	0	0	0	0	0	0	0	0	0	0	0	0	0	0	0	0	0	0	0	0	0	0	0	0	0	0	0	500	0	0	0	0	0	0	0	0	0	0	0	0	0	0	0	0	0	0	0	0	0	0	0	0	0	0	0	0	0	0	0	0	0	0	0	0	0	0	0	0	500	0	0	0	0	0	0	0	0	0	0	0	0	0	0	
0	0	0	0	0	0	0	0	0	0	0	0	0	0	0	500	0	0	0	0	0	0	0	0	0	0	0	0	0	0	0	0	0	0	500	0	0	0	0	0	0	0	0	0	0	0	0	0	0	0	0	0	0	0	0	0	0	0	0	0	0	0	0	0	0	0	0	0	0	0	0	0	0	0	0	0	0	0	0	0	0	0	0	0	0	0	0	0	0	0	0	0	0	0	0	0	0	0	0	0	0	0	0	0	0	0	0	0	0	0	0	0	0	0	0	0	0	0	0	0	
500	0	0	0	0	0	0	0	0	0	0	0	0	0	0	0	0	0	0	0	0	0	0	0	0	0	0	0	0	0	0	0	0	0	0	0	0	0	0	0	0	0	0	0	0	0	0	0	0	0	0	0	0	0	0	0	0	0	0	0	0	0	0	0	0	0	0	0	0	0	0	0	0	0	0	0	0	0	0	0	0	0	0	0	0	0	0	0	0	0	0	0	0	500	0	0	0	0	0	0	0	0	0	0	0	0	0	0	0	500	0	0	0	0	0	0	0	0	0	0	
500	0	0	0	0	0	0	0	0	0	0	0	0	0	0	0	0	0	0	0	0	0	0	0	0	0	0	0	0	0	0	0	0	0	0	0	0	0	0	0	0	0	0	0	0	0	0	0	0	0	0	0	0	0	0	0	0	0	0	500	0	500	0	0	0	0	0	0	0	0	0	0	0	0	0	0	0	0	0	0	0	0	0	0	0	0	0	0	0	0	0	0	0	0	0	0	0	0	0	0	0	0	0	0	0	0	0	0	0	0	0	0	0	0	0	0	0	0	0	0	
0	0	0	0	0	0	0	0	0	500	0	0	0	0	0	0	0	0	0	0	0	0	0	0	0	0	0	0	0	0	0	0	0	0	0	0	0	0	0	0	0	0	0	0	0	0	0	0	0	0	0	0	0	0	0	0	0	0	0	0	0	0	0	0	0	0	0	0	0	0	0	0	0	0	0	0	0	0	0	0	0	0	0	0	0	0	0	0	0	0	0	0	0	0	0	0	0	500	0	0	0	0	0	0	0	0	0	0	0	0	0	0	0	0	0	0	0	0	0	0	
0	0	0	0	0	0	0	0	0	0	0	0	0	0	0	0	0	0	500	0	0	0	0	0	0	0	0	0	0	0	0	0	0	0	0	0	0	0	0	0	0	0	0	0	0	500	0	0	0	0	0	0	0	0	0	0	0	0	0	0	0	0	0	0	0	0	0	0	0	0	0	0	0	0	0	0	0	0	0	0	0	0	0	0	0	0	0	0	0	0	0	0	0	0	0	0	0	0	0	0	0	0	0	0	0	0	0	0	0	0	0	0	0	0	0	0	0	0	0	0	
0	0	0	0	0	0	0	0	0	0	0	0	0	0	0	0	0	0	0	0	500	0	0	0	0	0	0	0	0	0	0	0	0	0	0	0	0	0	0	0	0	0	0	0	0	0	0	0	0	0	0	0	0	0	0	0	0	0	0	0	0	0	0	0	0	0	0	0	0	0	0	0	0	0	0	0	0	0	0	0	0	0	0	0	0	0	0	0	0	0	0	0	0	0	0	0	0	0	0	0	0	0	0	0	0	0	0	0	0	0	0	0	0	500	0	0	0	0	0	0	
0	0	0	0	0	0	0	0	0	500	0	0	0	0	0	0	0	0	0	0	0	0	0	0	0	0	0	0	0	0	0	0	0	0	0	0	0	0	0	0	0	0	0	0	0	0	0	0	0	0	0	0	0	0	0	0	0	0	0	0	0	0	0	0	0	0	0	0	0	0	0	0	0	0	0	0	0	0	0	0	0	0	0	0	0	0	0	0	0	0	0	0	0	0	0	0	0	500	0	0	0	0	0	0	0	0	0	0	0	0	0	0	0	0	0	0	0	0	0	0	
0	0	0	0	500	0	0	0	0	0	0	0	0	0	0	0	0	0	0	500	0	0	0	0	0	0	0	0	0	0	0	0	0	0	0	0	0	0	0	0	0	0	0	0	0	0	0	0	0	0	0	0	0	0	0	0	0	0	0	0	0	0	0	0	0	0	0	0	0	0	0	0	0	0	0	0	0	0	0	0	0	0	0	0	0	0	0	0	0	0	0	0	0	0	0	0	0	0	0	0	0	0	0	0	0	0	0	0	0	0	0	0	0	0	0	0	0	0	0	0	
0	0	0	0	0	0	0	0	0	0	0	0	0	0	0	0	0	0	0	0	0	0	0	0	0	0	0	0	0	0	0	0	0	0	0	0	0	0	0	0	0	0	0	0	0	0	0	0	0	0	0	0	0	0	0	0	0	0	0	0	0	0	0	0	0	0	0	0	0	0	0	0	0	0	0	0	0	0	0	0	0	0	0	0	0	0	0	500	500	0	0	0	0	0	0	0	0	0	0	0	0	0	0	0	0	0	0	0	0	0	0	0	0	0	0	0	0	0	0	0	
0	0	0	0	0	0	0	0	0	0	0	0	0	0	0	0	0	0	0	0	0	0	0	0	0	0	0	0	0	0	0	0	0	0	0	0	0	0	0	0	0	0	0	0	0	0	0	0	0	0	0	0	0	0	0	0	0	0	0	0	0	0	0	0	0	0	0	0	0	0	0	0	0	0	0	0	0	0	0	0	0	0	0	0	0	0	0	0	0	0	0	0	0	500	0	0	0	0	0	0	0	0	0	0	0	0	0	0	0	500	0	0	0	0	0	0	0	0	0	0	
500	0	0	0	0	0	0	0	0	0	0	0	0	0	0	0	0	0	0	0	0	0	0	0	0	0	0	0	0	0	0	0	0	0	0	0	0	0	0	0	0	0	0	0	0	0	0	0	500	0	0	0	0	0	0	0	0	0	0	0	0	0	0	0	0	0	0	0	0	0	0	0	0	0	0	0	0	0	0	0	0	0	0	0	0	0	0	0	0	0	0	0	0	0	0	0	500	0	0	0	0	0	0	0	0	0	0	0	0	0	0	0	0	0	0	0	0	0	0	0	
0	0	0	0	0	0	0	0	0	0	0	0	0	0	0	0	0	0	0	0	0	0	0	500	0	0	0	0	0	0	0	0	0	0	0	0	0	0	0	0	0	0	0	0	0	0	0	0	0	0	0	0	0	0	0	0	0	0	0	0	0	0	0	0	0	0	0	0	0	0	0	0	0	0	0	0	0	0	0	0	0	0	0	0	0	0	0	0	0	0	0	0	0	0	0	0	0	0	0	0	0	0	0	0	0	0	500	0	0	0	0	0	0	0	0	0	0	0	0	0	
0	0	0	0	0	0	0	0	0	0	0	0	0	0	0	0	0	0	0	0	0	0	0	0	0	0	0	0	0	0	0	0	0	0	0	0	0	0	0	0	0	0	0	0	0	500	0	0	0	0	0	0	0	0	0	0	0	0	0	0	0	0	0	0	0	0	0	0	0	0	0	0	0	0	0	0	0	0	0	0	0	0	0	0	0	0	0	0	0	0	0	0	0	0	0	0	0	0	0	0	0	0	0	0	0	0	0	0	500	0	0	0	0	0	0	0	0	0	0	0	
0	0	0	0	0	500	0	0	0	0	0	0	0	0	0	0	0	0	0	0	0	0	0	0	0	0	0	0	0	0	0	0	0	0	0	0	0	0	0	0	0	0	0	0	0	0	0	0	0	0	0	0	0	0	0	0	0	0	0	0	0	0	0	0	0	0	0	0	0	0	0	0	0	500	0	0	0	0	0	0	0	0	0	0	0	0	0	0	0	0	0	0	0	0	0	0	0	0	0	0	0	0	0	0	0	0	0	0	0	0	0	0	0	0	0	0	0	0	0	0	
0	0	0	0	0	0	0	0	0	0	0	0	0	0	500	0	0	0	0	0	0	0	0	0	0	0	0	0	0	0	0	0	0	0	0	0	0	0	0	0	0	0	0	0	0	0	500	0	0	0	0	0	0	0	0	0	0	0	0	0	0	0	0	0	0	0	0	0	0	0	0	0	0	0	0	0	0	0	0	0	0	0	0	0	0	0	0	0	0	0	0	0	0	0	0	0	0	0	0	0	0	0	0	0	0	0	0	0	0	0	0	0	0	0	0	0	0	0	0	0	
0	0	0	0	0	0	0	0	0	0	0	0	0	0	0	0	0	0	0	0	0	0	0	0	0	0	0	0	0	0	0	0	0	0	0	0	0	0	0	0	0	0	0	0	0	0	0	0	0	0	0	0	0	0	0	0	0	0	0	0	0	0	0	0	0	0	0	0	0	0	0	0	0	0	0	0	0	0	0	0	0	0	0	0	0	0	0	0	0	0	0	0	0	0	0	0	0	0	0	0	0	0	0	0	0	0	0	0	0	0	500	0	0	0	500	0	0	0	0	0	
0	0	0	0	0	0	0	0	0	0	0	0	0	0	0	0	0	0	0	0	0	0	0	0	0	0	0	0	0	0	0	0	0	0	0	0	0	0	0	0	0	0	0	0	0	0	0	0	0	0	0	0	0	0	0	0	0	0	0	0	0	0	0	0	0	0	0	0	0	0	0	0	0	0	0	0	0	0	0	0	0	0	0	0	0	0	0	0	0	0	0	0	0	0	0	0	0	0	0	500	500	0	0	0	0	0	0	0	0	0	0	0	0	0	0	0	0	0	0	0	
0	0	0	0	0	0	0	0	0	0	0	0	0	0	0	0	0	0	0	0	0	0	0	0	0	0	0	0	0	0	0	0	0	0	0	0	0	0	0	0	0	0	0	0	0	0	0	0	0	0	0	0	0	0	0	0	0	0	500	500	0	0	0	0	0	0	0	0	0	0	0	0	0	0	0	0	0	0	0	0	0	0	0	0	0	0	0	0	0	0	0	0	0	0	0	0	0	0	0	0	0	0	0	0	0	0	0	0	0	0	0	0	0	0	0	0	0	0	0	0	
0	0	0	0	0	0	0	0	0	0	0	0	0	0	0	0	0	0	0	0	0	0	0	0	0	0	0	0	0	0	0	0	0	0	0	0	0	0	0	0	0	0	0	0	0	0	0	0	0	0	0	0	0	0	0	0	0	0	0	0	0	0	0	0	0	0	0	0	0	0	500	0	0	0	0	0	0	0	0	0	0	0	0	0	0	0	500	0	0	0	0	0	0	0	0	0	0	0	0	0	0	0	0	0	0	0	0	0	0	0	0	0	0	0	0	0	0	0	0	0	
0	0	0	0	0	0	0	0	0	0	0	0	0	0	0	0	0	0	0	0	0	0	0	0	0	0	0	0	0	0	0	0	0	0	0	0	0	0	0	0	0	0	0	0	0	0	0	0	0	0	0	0	0	0	0	0	0	0	0	0	0	0	0	0	0	0	0	0	0	0	0	0	0	0	0	0	0	0	500	0	0	0	0	0	0	0	0	0	0	0	0	0	0	0	0	0	500	0	0	0	0	0	0	0	0	0	0	0	0	0	0	0	0	0	0	0	0	0	0	0	
0	0	0	0	0	0	0	0	0	0	0	0	0	0	0	0	0	0	0	0	0	500	0	0	0	0	0	0	0	0	0	0	0	0	0	0	0	0	0	0	0	0	0	0	0	0	500	0	0	0	0	0	0	0	0	0	0	0	0	0	0	0	0	0	0	0	0	0	0	0	0	0	0	0	0	0	0	0	0	0	0	0	0	0	0	0	0	0	0	0	0	0	0	0	0	0	0	0	0	0	0	0	0	0	0	0	0	0	0	0	0	0	0	0	0	0	0	0	0	0	
0	0	0	0	0	0	0	0	0	0	0	0	0	0	0	0	0	0	0	0	0	0	0	0	0	0	0	0	0	0	0	0	0	0	0	0	0	0	0	0	0	0	0	0	0	0	0	0	0	500	0	0	0	0	0	0	0	0	0	0	0	0	0	0	0	0	0	0	0	0	0	0	0	0	0	0	0	0	0	0	0	0	0	0	0	0	0	0	0	0	0	0	0	0	0	0	0	0	0	0	0	0	0	0	0	0	500	0	0	0	0	0	0	0	0	0	0	0	0	0	
0	0	0	0	0	0	0	0	0	0	0	0	0	0	0	0	0	0	0	0	0	0	0	0	0	0	0	500	0	0	0	0	0	0	0	500	0	0	0	0	0	0	0	0	0	0	0	0	0	0	0	0	0	0	0	0	0	0	0	0	0	0	0	0	0	0	0	0	0	0	0	0	0	0	0	0	0	0	0	0	0	0	0	0	0	0	0	0	0	0	0	0	0	0	0	0	0	0	0	0	0	0	0	0	0	0	0	0	0	0	0	0	0	0	0	0	0	0	0	0	
0	0	0	0	0	0	0	0	0	0	0	0	0	0	0	0	0	0	0	0	0	0	0	0	0	0	0	0	0	0	0	0	0	0	0	0	0	500	0	0	0	0	0	500	0	0	0	0	0	0	0	0	0	0	0	0	0	0	0	0	0	0	0	0	0	0	0	0	0	0	0	0	0	0	0	0	0	0	0	0	0	0	0	0	0	0	0	0	0	0	0	0	0	0	0	0	0	0	0	0	0	0	0	0	0	0	0	0	0	0	0	0	0	0	0	0	0	0	0	0	
0	0	0	0	0	0	0	500	0	0	0	0	0	0	0	0	0	0	0	0	0	0	0	0	0	0	0	0	0	0	0	0	0	0	0	0	0	0	0	0	0	0	0	0	0	0	0	0	0	0	0	0	0	0	0	0	0	0	0	0	0	0	0	0	0	0	0	0	0	0	0	0	0	0	0	0	0	0	0	0	0	0	0	0	0	0	0	0	0	0	0	0	0	0	0	0	0	0	0	0	0	0	0	0	500	0	0	0	0	0	0	0	0	0	0	0	0	0	0	0	
0	0	0	0	0	0	0	0	0	0	0	0	0	0	0	0	0	0	0	0	0	0	0	0	0	0	0	0	0	0	0	0	0	500	0	0	0	0	0	0	0	0	0	0	0	0	0	0	0	0	0	0	0	0	0	0	0	0	0	0	0	0	0	0	0	0	0	0	0	0	0	0	0	0	0	0	0	0	500	0	0	0	0	0	0	0	0	0	0	0	0	0	0	0	0	0	0	0	0	0	0	0	0	0	0	0	0	0	0	0	0	0	0	0	0	0	0	0	0	0	
0	0	0	0	0	0	0	0	0	0	0	0	0	0	0	0	0	0	0	0	0	0	0	0	0	0	0	0	0	0	0	0	0	0	0	0	0	0	0	0	0	0	0	0	500	0	0	0	0	0	0	0	0	0	0	0	0	0	0	0	0	0	0	0	0	0	0	0	0	0	0	0	0	0	0	0	0	0	0	0	0	0	0	0	0	0	0	0	0	0	0	0	0	0	0	0	0	0	0	0	0	0	0	500	0	0	0	0	0	0	0	0	0	0	0	0	0	0	0	0	
0	0	0	0	0	0	0	0	0	0	0	0	0	0	0	0	0	0	0	0	0	0	0	0	0	0	0	0	0	0	0	0	0	0	0	0	0	0	0	0	0	0	0	0	0	0	0	0	0	0	0	0	0	0	0	0	0	0	0	0	0	0	0	0	0	0	0	0	0	0	0	0	0	0	0	0	0	0	0	0	500	0	0	0	0	0	0	0	0	0	0	0	0	0	0	0	0	0	0	0	0	0	0	0	0	0	0	0	0	0	0	0	0	500	0	0	0	0	0	0	
0	0	0	0	0	0	0	0	0	0	0	0	0	0	0	0	0	0	0	0	0	0	0	0	0	0	0	0	0	0	0	0	0	0	0	0	0	0	0	0	0	0	0	0	0	0	0	0	0	0	0	0	0	0	0	0	0	0	0	0	0	0	0	0	0	0	0	0	0	0	0	0	0	0	0	0	500	0	0	0	0	0	0	0	0	500	0	0	0	0	0	0	0	0	0	0	0	0	0	0	0	0	0	0	0	0	0	0	0	0	0	0	0	0	0	0	0	0	0	0	
0	0	0	0	0	0	0	0	500	0	0	0	0	0	0	0	0	0	0	0	0	0	0	0	0	0	0	0	0	0	0	0	0	0	0	0	0	0	0	0	0	0	0	0	0	0	0	0	0	0	0	0	0	0	0	0	0	0	0	0	0	0	0	0	0	0	0	0	0	0	0	0	500	0	0	0	0	0	0	0	0	0	0	0	0	0	0	0	0	0	0	0	0	0	0	0	0	0	0	0	0	0	0	0	0	0	0	0	0	0	0	0	0	0	0	0	0	0	0	0	
0	0	0	0	0	0	0	0	0	0	0	0	0	0	0	0	0	0	0	0	0	0	0	0	0	0	0	0	0	0	0	0	0	0	0	0	0	0	0	0	0	0	0	0	0	0	0	0	0	0	0	0	0	0	0	0	0	0	0	0	0	0	0	0	0	0	0	0	0	0	0	0	0	0	0	0	0	500	0	0	0	0	0	0	0	0	0	0	0	0	0	0	0	0	0	0	0	0	0	0	0	0	0	0	0	0	0	0	0	0	0	0	0	0	0	0	0	500	0	0	
0	0	500	0	0	0	0	0	0	0	0	0	0	500	0	0	0	0	0	0	0	0	0	0	0	0	0	0	0	0	0	0	0	0	0	0	0	0	0	0	0	0	0	0	0	0	0	0	0	0	0	0	0	0	0	0	0	0	0	0	0	0	0	0	0	0	0	0	0	0	0	0	0	0	0	0	0	0	0	0	0	0	0	0	0	0	0	0	0	0	0	0	0	0	0	0	0	0	0	0	0	0	0	0	0	0	0	0	0	0	0	0	0	0	0	0	0	0	0	0	
0	0	0	0	0	0	0	0	0	0	0	0	0	0	0	0	0	0	0	0	0	0	0	0	0	0	0	0	0	0	0	0	0	0	0	0	0	0	0	0	0	0	0	0	0	0	0	0	0	0	0	0	0	0	0	0	0	0	0	0	0	0	0	0	0	0	0	0	0	0	0	0	0	0	0	0	0	0	0	0	0	0	0	0	0	0	0	0	0	0	0	0	0	0	500	0	0	0	0	0	0	500	0	0	0	0	0	0	0	0	0	0	0	0	0	0	0	0	0	0	
0	0	0	0	0	0	0	0	0	0	0	0	0	0	0	0	0	0	0	0	500	0	0	0	0	0	0	0	0	0	0	0	0	0	0	0	0	0	0	0	0	0	0	0	0	0	0	0	0	0	0	0	0	0	0	0	0	0	0	0	0	0	0	0	0	0	0	0	0	0	0	0	0	0	0	0	0	0	0	0	0	0	0	0	0	500	0	0	0	0	0	0	0	0	0	0	0	0	0	0	0	0	0	0	0	0	0	0	0	0	0	0	0	0	0	0	0	0	0	0	
0	0	0	0	0	0	0	0	0	0	0	0	0	0	0	0	0	0	0	0	0	0	0	0	0	0	0	0	0	0	0	0	0	0	0	0	0	0	0	0	0	0	0	0	0	0	0	0	0	0	0	0	0	0	0	0	0	0	0	0	0	0	0	0	0	0	0	0	500	0	0	0	0	0	0	0	0	0	0	500	0	0	0	0	0	0	0	0	0	0	0	0	0	0	0	0	0	0	0	0	0	0	0	0	0	0	0	0	0	0	0	0	0	0	0	0	0	0	0	0	
0	0	0	0	0	0	0	0	0	0	0	0	0	0	0	0	0	0	0	0	0	0	0	0	0	0	0	0	0	0	0	0	0	0	0	0	0	0	0	0	500	0	0	0	0	0	0	0	0	0	0	0	0	0	0	0	0	0	0	0	0	500	0	0	0	0	0	0	0	0	0	0	0	0	0	0	0	0	0	0	0	0	0	0	0	0	0	0	0	0	0	0	0	0	0	0	0	0	0	0	0	0	0	0	0	0	0	0	0	0	0	0	0	0	0	0	0	0	0	0	
0	0	0	0	0	0	0	0	0	0	0	0	0	0	0	0	0	0	0	0	0	0	0	0	0	500	0	0	0	0	0	0	0	0	0	0	0	0	0	0	500	0	0	0	0	0	0	0	0	0	0	0	0	0	0	0	0	0	0	0	0	0	0	0	0	0	0	0	0	0	0	0	0	0	0	0	0	0	0	0	0	0	0	0	0	0	0	0	0	0	0	0	0	0	0	0	0	0	0	0	0	0	0	0	0	0	0	0	0	0	0	0	0	0	0	0	0	0	0	0	
0	0	0	0	0	0	0	0	0	0	0	0	0	0	500	0	0	0	0	0	0	500	0	0	0	0	0	0	0	0	0	0	0	0	0	0	0	0	0	0	0	0	0	0	0	0	0	0	0	0	0	0	0	0	0	0	0	0	0	0	0	0	0	0	0	0	0	0	0	0	0	0	0	0	0	0	0	0	0	0	0	0	0	0	0	0	0	0	0	0	0	0	0	0	0	0	0	0	0	0	0	0	0	0	0	0	0	0	0	0	0	0	0	0	0	0	0	0	0	0	
0	0	0	0	0	0	0	0	0	0	0	0	0	0	0	0	0	0	0	0	0	0	0	0	0	500	0	0	0	0	0	0	0	0	0	0	0	0	0	0	0	0	0	0	0	0	0	0	0	0	0	0	0	0	0	0	0	0	500	0	0	0	0	0	0	0	0	0	0	0	0	0	0	0	0	0	0	0	0	0	0	0	0	0	0	0	0	0	0	0	0	0	0	0	0	0	0	0	0	0	0	0	0	0	0	0	0	0	0	0	0	0	0	0	0	0	0	0	0	0	
0	0	0	0	0	0	0	0	0	0	0	0	0	0	0	0	0	0	0	0	0	0	0	0	0	0	0	0	0	0	0	0	0	0	0	0	0	0	0	0	0	0	0	0	0	0	0	0	0	0	0	0	0	0	0	0	0	0	0	0	0	0	0	0	0	0	0	0	0	0	0	0	0	0	0	0	500	0	0	0	0	0	0	0	0	0	0	0	0	0	0	0	0	0	0	0	0	0	0	0	0	500	0	0	0	0	0	0	0	0	0	0	0	0	0	0	0	0	0	0	
0	0	0	0	0	0	0	0	0	0	0	0	0	0	0	0	0	0	0	0	0	0	0	0	0	0	0	0	0	0	0	0	0	0	0	0	0	0	0	0	0	0	0	0	0	0	0	0	0	0	0	0	0	0	0	0	0	0	0	0	0	0	0	0	0	0	0	0	0	0	0	0	0	0	0	0	0	500	0	0	0	0	0	0	0	0	0	0	0	0	0	0	0	0	0	0	0	0	0	0	0	0	0	500	0	0	0	0	0	0	0	0	0	0	0	0	0	0	0	0	
0	0	0	0	0	0	0	0	0	0	0	0	0	0	0	0	0	0	0	0	0	0	500	0	0	0	0	0	0	0	0	0	0	0	0	0	0	0	0	0	0	0	0	0	0	0	0	0	0	0	0	0	0	0	0	0	0	0	0	0	0	0	0	0	0	0	0	0	0	0	0	0	0	0	0	0	0	0	0	0	0	0	0	0	0	0	0	0	0	0	0	0	0	0	0	0	0	0	0	0	0	0	0	0	0	500	0	0	0	0	0	0	0	0	0	0	0	0	0	0	
0	0	0	0	0	0	0	0	0	0	0	0	0	0	0	0	0	0	0	0	0	0	0	0	0	0	0	0	0	0	0	0	0	0	0	0	0	0	0	0	0	0	0	0	0	0	0	0	0	0	0	0	0	0	0	0	0	0	0	0	0	0	0	0	0	0	0	0	0	0	0	0	0	0	0	0	0	0	0	0	0	0	0	0	0	0	500	0	0	0	0	500	0	0	0	0	0	0	0	0	0	0	0	0	0	0	0	0	0	0	0	0	0	0	0	0	0	0	0	0	
0	0	0	0	0	0	0	0	0	0	0	0	0	0	0	0	0	0	0	0	0	0	0	0	0	0	0	0	0	0	0	0	0	0	0	0	0	0	0	0	0	0	0	0	0	0	0	0	0	0	0	0	0	0	0	0	0	0	0	0	0	0	0	0	0	0	0	0	0	0	500	0	0	0	0	0	0	0	0	0	0	0	500	0	0	0	0	0	0	0	0	0	0	0	0	0	0	0	0	0	0	0	0	0	0	0	0	0	0	0	0	0	0	0	0	0	0	0	0	0	
0	0	0	0	0	0	0	0	0	0	0	0	0	0	0	0	0	0	0	0	0	0	0	0	0	0	0	0	0	0	0	0	0	0	0	0	0	0	0	0	0	0	0	0	0	0	0	0	0	0	0	0	0	0	0	0	0	0	0	0	0	0	0	0	0	0	0	0	0	0	0	0	0	0	0	0	0	0	0	0	0	0	500	0	0	0	0	0	0	0	0	0	0	0	0	0	0	0	0	0	0	0	0	0	0	0	0	0	0	0	0	0	500	0	0	0	0	0	0	0	
0	0	0	0	0	0	0	0	0	0	0	0	0	0	0	0	0	0	0	0	0	0	0	0	0	0	0	0	0	0	0	0	0	0	0	0	0	0	0	0	0	0	0	0	0	0	0	0	0	0	0	0	0	0	0	0	0	500	0	0	0	0	0	0	0	0	0	0	0	0	0	0	0	0	0	0	0	0	0	0	0	0	0	0	0	0	0	0	0	0	0	0	0	0	0	0	0	0	0	0	0	0	500	0	0	0	0	0	0	0	0	0	0	0	0	0	0	0	0	0	
0	0	0	0	0	0	0	0	0	0	0	0	0	0	0	0	500	0	0	0	0	0	0	0	0	0	0	0	0	0	0	0	0	0	0	0	0	0	0	0	0	0	0	0	0	0	0	0	0	0	0	0	0	0	0	0	0	0	0	0	0	0	0	0	0	0	0	0	0	0	0	500	0	0	0	0	0	0	0	0	0	0	0	0	0	0	0	0	0	0	0	0	0	0	0	0	0	0	0	0	0	0	0	0	0	0	0	0	0	0	0	0	0	0	0	0	0	0	0	0	
0	0	0	0	0	0	0	0	0	0	0	0	0	0	0	0	0	0	0	0	0	0	0	0	0	0	0	0	0	0	0	0	0	0	0	0	0	0	0	0	0	500	0	0	0	0	0	0	0	0	0	0	0	0	0	0	0	0	0	0	0	0	0	0	0	0	500	0	0	0	0	0	0	0	0	0	0	0	0	0	0	0	0	0	0	0	0	0	0	0	0	0	0	0	0	0	0	0	0	0	0	0	0	0	0	0	0	0	0	0	0	0	0	0	0	0	0	0	0	0	
0	0	0	0	0	0	0	0	0	0	0	0	0	0	0	0	0	0	0	0	0	0	0	0	0	0	0	0	0	0	0	0	0	0	0	0	0	0	0	0	0	0	0	0	0	0	0	0	0	0	0	0	0	0	0	0	0	0	0	0	0	0	0	0	0	0	0	0	0	500	0	0	0	0	0	0	0	0	0	0	0	0	0	0	0	0	0	0	0	0	0	0	0	0	0	0	0	0	0	0	0	0	0	0	0	0	0	0	0	0	0	0	0	0	0	0	500	0	0	0	
0	0	0	0	0	0	0	0	0	0	0	500	0	0	0	0	0	0	0	0	0	0	0	0	0	0	0	0	0	0	0	0	0	0	0	0	0	0	0	0	0	0	0	0	0	0	0	0	0	0	0	0	500	0	0	0	0	0	0	0	0	0	0	0	0	0	0	0	0	0	0	0	0	0	0	0	0	0	0	0	0	0	0	0	0	0	0	0	0	0	0	0	0	0	0	0	0	0	0	0	0	0	0	0	0	0	0	0	0	0	0	0	0	0	0	0	0	0	0	0	
0	0	0	0	0	500	0	0	0	0	0	0	0	0	0	0	0	0	0	0	0	0	0	0	0	0	0	0	0	0	0	0	0	0	0	0	500	0	0	0	0	0	0	0	0	0	0	0	0	0	0	0	0	0	0	0	0	0	0	0	0	0	0	0	0	0	0	0	0	0	0	0	0	0	0	0	0	0	0	0	0	0	0	0	0	0	0	0	0	0	0	0	0	0	0	0	0	0	0	0	0	0	0	0	0	0	0	0	0	0	0	0	0	0	0	0	0	0	0	0	
0	0	0	0	0	0	0	0	0	0	0	0	0	0	0	0	0	0	0	0	0	0	0	0	0	0	0	0	0	0	0	0	0	0	0	0	0	0	0	0	0	0	0	0	0	0	0	0	0	0	0	0	0	0	0	0	0	0	0	0	0	0	0	0	0	0	0	0	0	0	0	0	0	0	0	0	0	0	0	0	0	500	0	0	0	0	0	0	0	0	0	0	0	0	0	0	0	0	0	0	0	0	0	0	0	0	0	0	0	0	0	0	0	0	0	0	500	0	0	0	
0	0	0	0	0	0	0	0	0	0	0	0	0	0	0	0	0	0	0	0	0	0	0	0	0	0	0	0	0	0	0	0	0	0	0	0	0	0	0	0	0	0	0	0	0	0	0	0	0	0	0	0	0	0	0	0	0	0	0	0	0	0	0	0	0	0	0	0	0	0	0	0	0	0	0	0	0	0	0	0	0	0	0	500	0	0	0	0	0	0	500	0	0	0	0	0	0	0	0	0	0	0	0	0	0	0	0	0	0	0	0	0	0	0	0	0	0	0	0	0	
0	0	0	0	0	0	0	0	0	0	0	0	0	0	0	0	0	0	0	0	0	0	0	0	0	0	0	0	0	0	0	0	0	0	0	0	0	0	0	0	0	0	0	0	0	0	0	0	0	0	0	500	0	0	0	0	0	0	0	0	0	0	500	0	0	0	0	0	0	0	0	0	0	0	0	0	0	0	0	0	0	0	0	0	0	0	0	0	0	0	0	0	0	0	0	0	0	0	0	0	0	0	0	0	0	0	0	0	0	0	0	0	0	0	0	0	0	0	0	0	
0	0	0	0	0	0	0	0	0	0	0	0	0	0	0	0	0	0	0	0	0	0	0	0	0	0	0	0	0	0	0	0	0	0	0	0	0	0	0	0	0	0	0	0	0	0	0	0	0	0	0	0	0	500	0	0	0	0	0	0	0	0	0	500	0	0	0	0	0	0	0	0	0	0	0	0	0	0	0	0	0	0	0	0	0	0	0	0	0	0	0	0	0	0	0	0	0	0	0	0	0	0	0	0	0	0	0	0	0	0	0	0	0	0	0	0	0	0	0	0	
0	0	0	0	0	0	0	0	0	0	0	0	0	0	0	0	0	0	0	0	0	0	0	0	0	0	0	0	0	0	0	0	0	0	0	0	0	0	0	0	0	0	500	0	0	0	0	0	500	0	0	0	0	0	0	0	0	0	0	0	0	0	0	0	0	0	0	0	0	0	0	0	0	0	0	0	0	0	0	0	0	0	0	0	0	0	0	0	0	0	0	0	0	0	0	0	0	0	0	0	0	0	0	0	0	0	0	0	0	0	0	0	0	0	0	0	0	0	0	0	
0	0	0	0	0	0	500	0	0	0	0	0	0	0	0	0	0	0	0	0	0	0	0	0	0	0	0	0	0	0	0	0	0	0	0	0	0	0	0	0	0	0	0	0	0	0	0	0	0	0	0	0	0	0	0	0	0	500	0	0	0	0	0	0	0	0	0	0	0	0	0	0	0	0	0	0	0	0	0	0	0	0	0	0	0	0	0	0	0	0	0	0	0	0	0	0	0	0	0	0	0	0	0	0	0	0	0	0	0	0	0	0	0	0	0	0	0	0	0	0	
0	0	0	0	0	0	0	0	0	0	0	0	0	0	0	0	0	0	0	0	0	0	0	0	0	0	0	0	0	0	0	0	0	0	0	0	0	0	0	0	0	0	0	0	0	0	0	0	0	0	500	0	0	0	0	0	0	0	0	0	0	0	0	0	0	0	0	0	0	0	0	0	0	0	0	0	0	0	0	0	0	0	0	0	0	0	0	0	0	0	0	0	0	0	0	0	0	0	0	0	0	0	0	0	0	0	0	500	0	0	0	0	0	0	0	0	0	0	0	0	
0	0	0	0	0	0	0	0	0	0	0	0	0	0	0	0	0	0	0	0	0	0	0	0	0	0	0	0	0	0	0	0	0	0	0	0	0	0	0	0	0	0	0	0	0	0	0	0	0	0	0	0	0	0	0	0	0	0	0	0	0	0	0	0	0	0	0	0	0	0	0	0	0	0	500	0	0	0	0	0	0	0	0	500	0	0	0	0	0	0	0	0	0	0	0	0	0	0	0	0	0	0	0	0	0	0	0	0	0	0	0	0	0	0	0	0	0	0	0	0	
0	0	0	0	0	0	0	0	0	0	0	0	0	0	0	0	0	0	0	0	0	0	0	0	0	0	0	0	0	0	0	0	0	0	0	0	0	0	0	0	0	0	0	0	0	0	0	0	0	0	0	0	0	0	0	0	0	0	0	0	0	0	0	0	0	0	500	500	0	0	0	0	0	0	0	0	0	0	0	0	0	0	0	0	0	0	0	0	0	0	0	0	0	0	0	0	0	0	0	0	0	0	0	0	0	0	0	0	0	0	0	0	0	0	0	0	0	0	0	0	
0	0	0	0	0	0	0	0	0	0	0	0	0	0	0	0	0	0	0	0	0	0	0	0	0	0	0	0	0	0	0	0	0	0	0	0	0	0	0	0	0	0	0	0	0	0	0	0	0	0	0	0	0	0	0	0	0	0	0	0	0	0	0	0	0	0	0	0	0	0	0	0	0	0	0	500	0	0	0	0	0	500	0	0	0	0	0	0	0	0	0	0	0	0	0	0	0	0	0	0	0	0	0	0	0	0	0	0	0	0	0	0	0	0	0	0	0	0	0	0	
0	0	0	0	0	0	0	0	0	0	0	500	0	0	0	0	0	0	0	0	0	0	0	0	0	0	0	0	0	0	0	0	0	0	0	0	0	0	0	0	0	0	0	0	0	0	0	0	0	0	0	0	0	0	0	0	0	0	0	0	0	0	0	0	0	0	0	0	0	0	0	0	0	0	0	0	0	0	0	0	0	0	0	0	0	0	0	0	0	0	500	0	0	0	0	0	0	0	0	0	0	0	0	0	0	0	0	0	0	0	0	0	0	0	0	0	0	0	0	0	
0	0	0	0	0	0	0	0	0	0	0	0	0	0	0	0	0	0	0	0	0	0	0	0	0	0	0	0	0	0	0	0	0	0	0	0	0	0	0	0	0	0	0	0	0	0	0	0	0	0	0	500	0	0	0	0	500	0	0	0	0	0	0	0	0	0	0	0	0	0	0	0	0	0	0	0	0	0	0	0	0	0	0	0	0	0	0	0	0	0	0	0	0	0	0	0	0	0	0	0	0	0	0	0	0	0	0	0	0	0	0	0	0	0	0	0	0	0	0	0	
0	0	0	0	0	0	0	0	0	0	0	0	0	0	0	0	0	0	0	0	0	0	0	0	0	0	0	0	0	0	0	0	0	0	0	0	0	0	0	0	0	500	0	0	0	0	0	0	0	0	0	0	0	0	0	0	0	0	0	0	0	0	0	0	0	500	0	0	0	0	0	0	0	0	0	0	0	0	0	0	0	0	0	0	0	0	0	0	0	0	0	0	0	0	0	0	0	0	0	0	0	0	0	0	0	0	0	0	0	0	0	0	0	0	0	0	0	0	0	0	
0	0	0	500	0	0	0	0	0	0	0	0	0	0	0	0	0	0	0	0	0	0	0	0	0	0	0	0	0	0	0	500	0	0	0	0	0	0	0	0	0	0	0	0	0	0	0	0	0	0	0	0	0	0	0	0	0	0	0	0	0	0	0	0	0	0	0	0	0	0	0	0	0	0	0	0	0	0	0	0	0	0	0	0	0	0	0	0	0	0	0	0	0	0	0	0	0	0	0	0	0	0	0	0	0	0	0	0	0	0	0	0	0	0	0	0	0	0	0	0	
0	0	0	0	0	0	0	0	0	0	0	0	0	0	0	0	0	0	0	0	0	0	0	0	0	0	0	0	0	0	0	500	0	0	0	0	0	0	0	0	0	0	0	0	0	0	0	0	0	0	0	0	0	0	0	0	0	0	0	0	0	0	0	0	0	0	0	0	0	0	0	0	0	0	0	0	0	0	0	0	0	0	0	0	0	0	0	0	0	0	0	0	0	0	0	0	0	0	0	0	0	0	0	0	0	0	0	500	0	0	0	0	0	0	0	0	0	0	0	0	
0	0	0	0	0	0	0	0	0	0	500	0	0	0	0	0	0	0	0	0	0	0	0	0	0	0	0	0	0	0	0	0	0	0	0	0	0	0	0	0	0	0	0	0	0	0	0	0	0	0	0	0	0	0	0	0	0	0	0	0	0	0	0	0	0	0	0	0	0	0	0	0	0	0	0	0	0	0	0	0	0	0	0	0	0	0	0	0	0	0	0	0	0	0	0	0	0	0	0	0	0	0	0	0	0	0	0	0	0	0	0	0	0	0	0	0	0	500	0	0	
0	0	0	0	0	0	0	0	0	0	0	0	0	0	0	0	0	0	0	0	0	0	0	0	0	0	0	0	0	0	0	0	0	0	0	0	0	0	0	0	0	0	0	0	0	0	0	0	0	0	0	0	0	0	0	0	0	0	0	0	0	0	0	0	0	0	0	0	0	0	0	0	0	0	0	500	0	0	0	0	0	0	0	0	500	0	0	0	0	0	0	0	0	0	0	0	0	0	0	0	0	0	0	0	0	0	0	0	0	0	0	0	0	0	0	0	0	0	0	0	
0	0	0	0	0	0	500	0	0	0	0	0	0	0	0	0	0	0	0	0	0	0	0	0	0	0	0	0	0	0	0	0	0	0	0	0	0	0	0	0	0	0	0	0	0	0	0	0	0	0	0	0	0	0	0	0	0	0	0	0	0	0	0	0	0	500	0	0	0	0	0	0	0	0	0	0	0	0	0	0	0	0	0	0	0	0	0	0	0	0	0	0	0	0	0	0	0	0	0	0	0	0	0	0	0	0	0	0	0	0	0	0	0	0	0	0	0	0	0	0	
0	0	0	0	0	0	0	0	0	0	0	0	0	0	0	0	0	0	500	500	0	0	0	0	0	0	0	0	0	0	0	0	0	0	0	0	0	0	0	0	0	0	0	0	0	0	0	0	0	0	0	0	0	0	0	0	0	0	0	0	0	0	0	0	0	0	0	0	0	0	0	0	0	0	0	0	0	0	0	0	0	0	0	0	0	0	0	0	0	0	0	0	0	0	0	0	0	0	0	0	0	0	0	0	0	0	0	0	0	0	0	0	0	0	0	0	0	0	0	0	
0	0	0	0	0	0	0	0	0	0	0	0	0	0	0	0	0	0	0	0	0	0	0	0	500	0	0	0	0	0	0	0	500	0	0	0	0	0	0	0	0	0	0	0	0	0	0	0	0	0	0	0	0	0	0	0	0	0	0	0	0	0	0	0	0	0	0	0	0	0	0	0	0	0	0	0	0	0	0	0	0	0	0	0	0	0	0	0	0	0	0	0	0	0	0	0	0	0	0	0	0	0	0	0	0	0	0	0	0	0	0	0	0	0	0	0	0	0	0	0	
0	0	0	0	0	0	0	0	0	0	0	0	0	0	0	0	0	0	0	0	0	0	0	0	0	0	0	0	0	0	0	0	0	0	0	0	0	0	0	0	0	0	0	0	0	0	0	0	0	0	0	0	0	0	0	500	0	0	0	0	0	0	0	0	0	0	0	0	0	0	0	0	0	0	0	0	0	0	0	0	0	0	0	0	0	0	0	0	0	0	0	0	0	0	0	0	0	0	0	0	0	0	0	0	0	0	0	0	0	0	0	0	500	0	0	0	0	0	0	0	
500	0	0	0	0	0	0	0	0	0	0	0	0	0	0	0	0	0	0	0	0	0	0	0	0	0	0	0	0	0	0	0	0	0	0	0	0	0	0	0	0	0	0	0	0	0	0	0	0	0	0	0	0	0	0	0	0	0	0	0	0	0	0	0	0	0	0	0	0	0	0	0	0	0	0	0	0	0	0	0	0	0	0	0	0	0	0	0	0	0	0	0	0	0	0	0	0	0	0	0	0	0	0	0	0	0	0	0	0	0	0	500	0	0	0	0	0	0	0	0	
0	0	0	0	0	0	0	0	0	0	0	0	0	0	0	0	0	0	0	0	0	0	0	0	0	0	0	0	0	0	0	0	0	500	0	0	0	0	0	0	0	0	500	0	0	0	0	0	0	0	0	0	0	0	0	0	0	0	0	0	0	0	0	0	0	0	0	0	0	0	0	0	0	0	0	0	0	0	0	0	0	0	0	0	0	0	0	0	0	0	0	0	0	0	0	0	0	0	0	0	0	0	0	0	0	0	0	0	0	0	0	0	0	0	0	0	0	0	0	0	
0	0	0	0	0	0	0	0	0	0	0	0	0	0	0	0	0	0	0	0	0	0	0	0	0	0	500	0	0	500	0	0	0	0	0	0	0	0	0	0	0	0	0	0	0	0	0	0	0	0	0	0	0	0	0	0	0	0	0	0	0	0	0	0	0	0	0	0	0	0	0	0	0	0	0	0	0	0	0	0	0	0	0	0	0	0	0	0	0	0	0	0	0	0	0	0	0	0	0	0	0	0	0	0	0	0	0	0	0	0	0	0	0	0	0	0	0	0	0	0	
0	500	0	0	0	0	0	0	0	0	0	0	500	0	0	0	0	0	0	0	0	0	0	0	0	0	0	0	0	0	0	0	0	0	0	0	0	0	0	0	0	0	0	0	0	0	0	0	0	0	0	0	0	0	0	0	0	0	0	0	0	0	0	0	0	0	0	0	0	0	0	0	0	0	0	0	0	0	0	0	0	0	0	0	0	0	0	0	0	0	0	0	0	0	0	0	0	0	0	0	0	0	0	0	0	0	0	0	0	0	0	0	0	0	0	0	0	0	0	0	
0	0	0	0	0	0	0	0	0	0	0	0	0	0	0	500	0	0	0	0	0	0	0	0	0	0	0	0	0	0	0	0	0	0	0	0	0	0	0	500	0	0	0	0	0	0	0	0	0	0	0	0	0	0	0	0	0	0	0	0	0	0	0	0	0	0	0	0	0	0	0	0	0	0	0	0	0	0	0	0	0	0	0	0	0	0	0	0	0	0	0	0	0	0	0	0	0	0	0	0	0	0	0	0	0	0	0	0	0	0	0	0	0	0	0	0	0	0	0	0	
0	0	0	0	0	0	0	0	0	0	0	0	0	0	0	0	0	0	0	0	0	0	0	0	0	0	0	0	0	0	0	0	0	0	0	0	0	0	0	500	0	0	0	0	0	0	0	0	0	0	0	0	0	0	0	0	0	0	0	0	0	0	0	0	0	0	0	0	0	0	0	0	0	0	0	0	0	0	0	0	0	0	0	0	0	0	0	0	0	0	0	0	0	0	0	0	0	0	0	0	0	0	0	0	0	0	0	0	0	0	0	0	0	0	0	500	0	0	0	0	
0	0	0	0	0	0	0	0	0	0	0	0	0	0	0	0	0	0	0	0	0	0	0	0	0	0	0	0	0	0	0	0	0	0	0	0	0	0	0	0	0	0	0	0	0	0	0	0	0	0	0	0	0	0	0	500	0	0	0	0	0	0	500	0	0	0	0	0	0	0	0	0	0	0	0	0	0	0	0	0	0	0	0	0	0	0	0	0	0	0	0	0	0	0	0	0	0	0	0	0	0	0	0	0	0	0	0	0	0	0	0	0	0	0	0	0	0	0	0	0	
0	0	0	0	0	0	0	0	0	0	0	0	0	0	0	0	0	0	0	0	0	0	0	0	0	0	0	0	0	0	0	0	0	0	0	0	0	0	0	0	0	0	0	0	0	0	0	0	0	0	0	0	0	0	0	0	0	0	0	0	0	0	0	0	0	0	0	0	500	0	0	0	0	0	0	0	0	0	0	0	0	0	0	0	0	0	0	0	0	0	0	0	0	0	0	0	0	0	0	0	0	0	0	0	0	0	0	0	0	0	0	0	0	0	500	0	0	0	0	0	
0	0	0	0	0	0	0	0	0	0	0	0	0	0	0	0	0	0	0	0	0	0	0	0	0	0	0	0	0	0	0	0	0	0	0	0	0	0	0	0	0	0	0	0	0	0	0	0	0	500	0	0	0	0	0	0	0	0	0	0	0	0	0	500	0	0	0	0	0	0	0	0	0	0	0	0	0	0	0	0	0	0	0	0	0	0	0	0	0	0	0	0	0	0	0	0	0	0	0	0	0	0	0	0	0	0	0	0	0	0	0	0	0	0	0	0	0	0	0	0	
0	0	0	0	0	0	0	500	0	0	0	0	0	0	0	0	0	0	0	0	0	0	0	0	0	0	0	0	0	0	0	0	0	0	0	0	0	0	0	0	0	0	0	0	0	0	0	500	0	0	0	0	0	0	0	0	0	0	0	0	0	0	0	0	0	0	0	0	0	0	0	0	0	0	0	0	0	0	0	0	0	0	0	0	0	0	0	0	0	0	0	0	0	0	0	0	0	0	0	0	0	0	0	0	0	0	0	0	0	0	0	0	0	0	0	0	0	0	0	0	
0	0	0	0	0	0	0	0	0	0	0	0	0	0	0	0	0	0	0	0	0	0	500	0	0	0	0	0	0	0	0	0	0	0	0	0	0	0	0	0	0	0	0	0	0	0	0	0	0	0	0	0	0	0	0	0	0	0	0	0	0	0	0	0	500	0	0	0	0	0	0	0	0	0	0	0	0	0	0	0	0	0	0	0	0	0	0	0	0	0	0	0	0	0	0	0	0	0	0	0	0	0	0	0	0	0	0	0	0	0	0	0	0	0	0	0	0	0	0	0	
0	0	0	0	0	0	0	0	0	0	0	0	0	0	0	0	0	0	0	0	0	0	0	0	0	0	0	0	0	0	0	0	0	0	500	0	0	0	0	0	0	0	0	0	500	0	0	0	0	0	0	0	0	0	0	0	0	0	0	0	0	0	0	0	0	0	0	0	0	0	0	0	0	0	0	0	0	0	0	0	0	0	0	0	0	0	0	0	0	0	0	0	0	0	0	0	0	0	0	0	0	0	0	0	0	0	0	0	0	0	0	0	0	0	0	0	0	0	0	0	
0	0	0	0	0	0	0	0	0	0	0	0	0	0	0	0	0	0	0	0	0	0	0	0	0	0	0	0	0	0	0	0	0	0	0	0	0	0	0	0	0	0	0	0	0	0	0	0	0	0	0	0	0	0	0	0	0	0	0	0	0	0	0	0	0	0	0	0	0	0	0	0	0	0	0	0	0	0	0	0	500	0	0	0	0	0	0	0	500	0	0	0	0	0	0	0	0	0	0	0	0	0	0	0	0	0	0	0	0	0	0	0	0	0	0	0	0	0	0	0	
0	0	0	0	0	0	0	0	0	0	0	0	0	0	0	0	0	0	0	0	0	0	0	0	0	0	0	0	0	0	0	0	0	0	0	500	0	0	0	0	0	0	0	0	0	0	0	0	0	0	0	0	0	0	0	0	0	0	0	0	0	0	0	0	0	0	0	0	0	0	0	0	0	0	0	0	0	0	0	0	0	0	0	0	0	0	0	0	0	0	0	0	0	0	0	0	0	0	0	0	0	0	0	0	0	0	0	0	0	0	500	0	0	0	0	0	0	0	0	0	
0	0	0	0	0	0	0	0	0	0	0	0	0	0	0	0	0	0	0	0	0	0	0	0	500	0	0	0	0	0	0	0	500	0	0	0	0	0	0	0	0	0	0	0	0	0	0	0	0	0	0	0	0	0	0	0	0	0	0	0	0	0	0	0	0	0	0	0	0	0	0	0	0	0	0	0	0	0	0	0	0	0	0	0	0	0	0	0	0	0	0	0	0	0	0	0	0	0	0	0	0	0	0	0	0	0	0	0	0	0	0	0	0	0	0	0	0	0	0	0	
0	0	0	0	0	0	0	0	0	0	0	0	0	0	0	0	0	0	0	0	0	0	0	0	0	0	0	0	0	0	0	0	0	0	0	0	0	0	500	0	0	0	0	0	0	0	0	0	0	0	0	0	0	0	0	0	0	0	0	0	0	0	0	0	0	0	0	0	0	0	0	0	0	0	0	0	0	0	0	0	0	0	0	0	0	0	0	0	0	0	0	0	0	0	0	0	0	0	0	0	0	0	0	0	0	0	0	0	500	0	0	0	0	0	0	0	0	0	0	0	
500	0	0	0	0	0	0	0	0	0	0	0	0	0	0	0	0	0	0	0	0	0	0	0	0	0	0	0	0	0	0	0	0	0	0	0	0	0	0	0	0	0	0	0	0	0	0	0	0	0	0	0	0	0	0	0	0	0	0	0	0	0	0	0	0	0	0	0	0	0	0	0	0	0	0	0	0	0	0	0	0	0	0	0	0	0	0	0	0	0	0	0	0	0	0	500	0	0	0	0	0	0	0	0	0	0	0	0	0	0	0	0	0	0	0	0	0	0	0	0	
0	0	0	0	0	0	0	0	0	0	0	0	0	0	0	0	0	0	0	0	0	0	0	0	0	0	0	0	0	0	0	0	0	0	0	0	0	0	0	0	0	0	0	0	0	0	0	0	0	0	0	0	0	0	0	0	0	0	0	0	0	0	0	0	0	0	0	500	0	0	0	0	0	0	0	0	0	0	0	0	0	0	0	0	0	0	0	0	0	0	0	0	0	0	500	0	0	0	0	0	0	0	0	0	0	0	0	0	0	0	0	0	0	0	0	0	0	0	0	0	
0	0	0	0	0	0	0	0	0	0	0	0	0	0	0	0	0	0	0	0	0	0	0	0	0	0	0	0	500	0	0	0	0	0	0	0	0	0	0	0	0	0	0	0	0	0	0	0	0	0	500	0	0	0	0	0	0	0	0	0	0	0	0	0	0	0	0	0	0	0	0	0	0	0	0	0	0	0	0	0	0	0	0	0	0	0	0	0	0	0	0	0	0	0	0	0	0	0	0	0	0	0	0	0	0	0	0	0	0	0	0	0	0	0	0	0	0	0	0	0	
0	0	0	0	0	0	0	0	0	0	0	0	0	0	0	0	0	0	0	0	0	0	0	0	0	0	0	0	0	0	0	0	0	0	0	0	0	0	500	0	0	0	0	0	0	0	0	0	0	0	0	0	0	0	0	0	0	0	0	0	0	0	0	0	0	0	0	0	0	0	0	0	0	0	0	0	0	0	0	0	0	0	0	0	0	0	0	0	0	0	0	0	0	0	0	0	0	0	0	0	0	0	500	0	0	0	0	0	0	0	0	0	0	0	0	0	0	0	0	0	
0	0	0	0	0	0	0	0	0	0	0	0	0	0	0	0	0	0	0	0	0	0	0	0	0	0	0	0	0	0	0	0	0	0	0	0	0	0	0	0	0	0	0	0	0	0	0	0	0	0	0	0	0	0	0	0	0	0	0	0	0	0	0	0	0	0	0	0	0	0	0	0	0	0	0	0	0	0	0	0	0	0	0	0	0	0	0	0	0	0	0	0	0	0	0	0	0	0	0	0	500	0	0	0	0	0	0	0	0	0	0	0	0	0	0	0	0	0	0	500	
0	0	0	0	0	0	0	0	0	0	0	0	0	0	0	0	0	0	0	0	0	0	0	0	0	0	0	0	0	0	0	0	0	0	0	0	0	0	0	0	0	0	0	0	0	0	0	0	0	0	0	0	0	0	0	0	0	0	0	0	0	0	0	0	0	0	0	0	0	0	0	500	0	0	500	0	0	0	0	0	0	0	0	0	0	0	0	0	0	0	0	0	0	0	0	0	0	0	0	0	0	0	0	0	0	0	0	0	0	0	0	0	0	0	0	0	0	0	0	0	
0	0	0	0	0	0	0	0	0	0	0	0	0	0	0	0	0	0	0	0	0	0	0	0	0	0	0	0	0	0	0	0	0	0	0	0	0	0	0	0	0	0	0	0	0	0	0	0	0	0	0	0	0	500	0	0	0	0	0	0	0	0	0	0	0	0	0	0	0	0	0	0	0	0	0	0	0	0	0	0	0	0	0	0	0	0	0	0	0	500	0	0	0	0	0	0	0	0	0	0	0	0	0	0	0	0	0	0	0	0	0	0	0	0	0	0	0	0	0	0	
0	0	0	0	500	0	0	0	0	0	0	0	0	0	0	0	0	0	0	0	0	0	0	0	0	0	0	0	0	0	0	0	0	0	0	0	0	0	0	0	0	0	0	0	0	0	0	0	0	0	0	0	0	0	0	0	0	0	0	0	0	0	0	0	0	0	0	0	0	0	0	0	0	0	0	0	0	0	0	0	0	0	0	0	0	0	0	0	0	0	0	0	0	0	0	0	0	0	0	0	0	0	0	0	0	0	0	0	0	0	0	0	0	0	0	0	0	0	0	500	
0	0	0	0	0	0	0	0	0	0	0	0	0	0	0	0	0	0	0	0	0	0	0	0	0	0	0	0	0	0	0	0	0	0	0	0	0	0	0	0	0	0	0	0	0	0	0	0	0	0	0	0	0	0	0	0	0	0	0	0	0	0	0	0	0	0	0	0	0	0	0	0	0	0	0	0	0	0	0	0	0	0	0	0	0	0	0	0	0	0	0	0	0	0	0	0	0	0	0	0	0	0	0	0	0	0	0	0	0	0	0	0	0	0	0	500	0	0	500	0	
93	92	15	93	4	7	96	110	90	63	9	7	27	42	55	109	37	84	97	30	20	92	99	53	102	13	17	33	79	60	58	53	36	63	73	24	107	3	92	118	24	100	41	116	80	64	51	112	73	116	87	69	39	76	100	49	16	94	118	18	88	79	89	60	108	35	84	92	18	16	82	39	54	59	114	58	78	64	55	115	5	45	63	61	59	46	63	71	51	1	67	117	98	27	106	52	85	65	96	25	114	87	9	89	85	106	67	41	12	65	4	87	91	47	79	86	88	25	58	85	78	21	42	72	109	64	44	12	95	47	68	46	43	22	57	12	6	43	86	49	20	114	106	20	90	33	88	9	5	69	30	85	3	58	1	101	25	110	110	30	26	46	74	21	46	94	66	24	55	20	77	74	73	38	41	54	73	9	4	113	27	8	5	47	102	6	17	74	91	1	118	79	103	108	57	52	72	110	23	85	59	50	45	55	100	45	0	80	32	102	117	3	61	8	42	15	80	73	26	88	37	30	11	108	82	59	90	87	83	30	84	6	29	52	7	6	6	90	86	109	11	109	47	64	10	113	103	15	84	13	115	46	29	69	13	7	40	44	44	81	30	17	34	79	119	77	24	65	20	67	23	104	63	98	56	62	80	92	28	74	57	9	4	111	3	116	65	101	109	68	27	61	26	66	109	113	75	89	31	16	96	112	82	29	19	25	86	88	20	92	110	42	68	67	17	53	29	111	50	112	71	97	56	62	60	33	62	103	76	113	59	60	41	114	33	23	99	20	65	111	68	25	45	7	108	98	84	63	84	56	16	104	22	43	66	36	11	45	67	3	98	54	52	29	63	73	46	29	48	117	50	76	73	12	97	41	48	102	11	103	48	101	115	30	82	26	89	55	102	14	45	19	6	49	50	12	50	21	39	25	99	90	71	112	23	37	4	7	38	57	85	53	75	95	55	88	115	20	87	60	29	12	27	54	84	6	30	73	45	115	31	13	12	35	65	49	102	99	46	110	99	93	7	53	84	65	4	86	2	96	23	28	22	76	89	54	57	85	50	102	60	20	83	37	104	11	111	92	95	58	28	107	104	26	118	93	22	53	60	33	104	59	71	17	73	21	57	118	32	109	107	57	104	59	29	82	57	88	89	108	92	30	71	102	82	93	113	106	116	118	32	1	116	11	28	27	9	68	119	35	53	42	33	32	58	23	44	20	111	51	64	72	87	63	103	61	41	85	66	52	0	76	105	77	52	0	70	26	62	119	89	29	103	44	116	108	48	63	71	51	26	66	92	82	86	53	76	81	102	49	23	43	33	64	103	119	33	42	20	119	0	96	24	67	86	27	60	22	75	93	56	31	42	30	6	97	91	48	46	19	31	115	66	30	111	112	82	93	60	56	56	24	71	21	109	7	105	15	57	108	20	24	54	48	39	104	100	100	100	64	85	73	61	97	1	111	106	21	114	89	3	76	9	78	27	48	46	56	58	49	35	96	1	8	8	78	25	70	79	53	3	29	1	100	80	5	14	29	18	55	15	81	0	5	63	17	116	95	21	62	56	31	74	80	19	76	104	97	8	97	7	59	39	79	106	77	88	14	47	104	86	15	82	47	49	11	25	49	98	76	88	113	106	2	94	22	91	14	45	66	92	82	53	77	79	14	104	90	86	11	46	72	88	43	33	73	24	110	89	30	85	13	80	80	82	106	55	32	26	107	102	63	55	93	21	106	42	77	106	95	39	4	75	86	75	51	70	41	101	60	54	37	119	76	51	81	34	25	77	110	44	28	28	114	103	34	91	92	87	28	17	112	52	22	78	28	11	114	58	7	83	8	14	86	51	25	16	24	70	93	11	97	49	23	80	12	54	118	116	46	57	44	71	99	101	5	29	40	36	111	8	32	117	90	39	65	12	58	21	70	117	107	52	36	4	76	62	113	76	94	93	81	83	42	38	56	42	11	89	95	117	29	42	82	23	53	91	87	66	94	20	111	74	83	35	83	1	46	46	119	103	23	25	53	9	89	29	99	108	85	63	79	88	35	61	37	37	17	110	3	117	27	67	90	96	35	79	39	5	29	78	79	51	104	82	42	80	17	22	77	37	98	46	85	108	56	62	63	50	85	61	100	26	1	106	59	12	87	12	112	55	81	40	36	88	117	21	58	2	17	17	23	13	57	61	7	20	79	46	99	50	109	48	6	24	31	83	80	14	43	12	50	93	101	16	99	58	31	13	62	60	15	63	99	73	118	104	106	64	60	24	21	43	63	108	102	4	18	98	17	56	30	18	28	53	24	24	116	73	111	23	35	62	79	116	26	99	70	109	105	98	101	30	90	98	109	48	107	30	43	102	12	12	8	34	12	50	88	32	115	117	28	97	115	56	38	65	61	63	79	116	101	106	72	49	91	105	107	32	2	82	16	61	60	86	22	44	110	116	26	107	52	40	106	7	77	39	81	107	118	44	24	50	12	3	48	111	7	2	14	110	40	83	8	28	51	28	5	9	1	51	45	22	1	87	23	28	98	115	93	59	62	96	115	98	17	25	77	26	107	42	93	57	108	112	52	29	109	50	11	49	80	99	104	57	93	65	19	16	44	88	56	40	119	70	12	47	11	118	102	57	61	22	72	79	3	11	51	80	58	87	33	85	14	50	87	84	85	60	86	97	38	94	1	96	23	84	114	12	88	5	12	38	48	110	36	68	94	108	72	42	50	4	26	107	24	65	115	98	107	85	71	111	4	78	46	28	73	111	24	97	78	85	61	92	68	62	27	23	71	46	75	53	37	22	18	33	13	36	16	12	16	16	31	26	90	28	97	101	0	100	82	60	69	111	100	30	46	113	2	39	67	28	100	32	117	66	44	48	116	50	13	18	94	42	26	42	106	115	114	13	68	98	59	96	70	104	30	8	2	59	38	65	99	106	104	64	36	64	89	89	114	49	45	100	88	51	89	96	118	19	43	98	110	115	99	44	67	51	6	83	32	58	27	11	90	60	103	113	100	26	20	72	34	33	15	31	74	78	6	85	26	89	0	82	31	71	16	50	97	83	59	77	66	102	20	110	94	67	102	68	32	117	33	66	46	102	35	34	0	15	6	82	83	28	90	97	29	87	114	93	48	31	35	68	48	36	96	113	97	44	105	19	95	113	2	31	106	29	109	37	6	94	55	10	115	71	51	46	42	15	105	3	11	16	57	80	104	18	70	32	89	32	16	77	68	15	8	9	18	39	41	4	57	109	91	6	33	93	40	73	111	44	2	25	69	47	62	14	2	0	67	7	108	96	67	67	73	53	41	25	79	73	51	96	87	58	11	88	112	115	75	51	63	56	71	110	29	19	9	68	7	56	57	114	37	65	112	76	38	105	78	4	96	106	21	38	3	95	7	66	4	4	79	111	92	53	19	59	114	36	23	3	70	93	69	51	88	30	21	8	113	85	15	13	56	41	118	69	103	97	28	63	92	113	9	119	26	81	51	41	98	17	21	79	81	45	3	87	18	55	103	37	115	64	29	30	25	81	46	69	71	74	40	60	94	86	63	23	42	76	97	77	58	29	49	113	73	102	6	20	37	83	25	78	33	2	61	88	98	81	2	47	89	94	100	28	44	13	84	34	35	23	89	57	61	65	1	36	51	29	20	79	61	104	0	25	65	89	0	112	18	56	8	2	12	22	20	18	87	68	25	3	109	90	41	10	6	106	111	13	98	89	103	39	88	24	57	6	118	35	49	49	47	62	114	100	107	32	99	55	44	7	55	92	13	27	78	76	15	35	101	111	9	114	72	51	100	101	96	51	52	49	50	92	18	27	99	53	93	73	28	88	92	34	1	53	28	69	65	47	67	104	12	105	18	47	42	67	22	57	66	67	108	87	76	29	24	11	43	26	15	43	105	43	37	57	51	30	28	39	15	12	117	50	55	69	102	97	98	79	10	11	119	42	38	8	29	69	79	101	24	16	41	17	65	97	61	98	89	24	51	60	97	80	107	47	85	94	88	16	114	48	106	45	63	13	118	0	50	3	20	99	101	35	47	7	79	62	19	18	111	71	104	26	43	118	14	54	107	31	94	83	14	37	96	19	34	72	94	105	117	33	30	105	18	27	35	45	116	23	94	22	119	109	50	4	57	109	38	73	24	110	52	102	37	38	19	55	26	3	9	61	94	37	42	99	12	14	109	69	32	30	118	108	42	66	118	42	24	36	62	22	88	106	53	18	66	12	14	58	10	58	1	12	8	73	69	111	71	15	118	53	75	20	85	39	89	92	107	33	80	63	107	34	4	95	105	29	51	1	65	87	63	95	9	16	25	70	8	17	37	36	60	9	69	101	76	52	82	26	39	56	22	20	53	95	34	94	108	8	109	106	55	50	42	30	116	42	55	37	82	88	109	9	93	67	9	109	37	76	46	110	29	78	48	12	119	24	63	89	56	28	61	36	32	0	16	45	37	91	71	112	52	47	74	46	11	97	18	16	76	60	77	39	94	0	43	43	4	35	8	55	63	57	81	107	7	52	110	111	106	20	35	60	47	27	82	119	33	117	42	51	1	111	18	8	34	69	106	34	50	20	65	56	73	25	82	3	108	103	116	88	59	18	79	89	23	6	37	98	80	85	71	107	20	7	88	52	25	11	48	22	31	95	10	108	90	25	25	91	65	22	110	14	79	87	105	46	92	46	37	46	51	39	97	51	1	16	82	19	111	62	37	74	64	12	79	62	38	116	12	80	77	31	18	111	95	41	64	48	18	110	88	47	66	43	80	48	76	14	91	39	60	60	31	43	23	86	45	67	75	2	73	3	11	27	9	92	19	82	117	12	41	16	115	114	0	118	91	96	118	98	0	37	57	34	118	79	19	111	62	87	1	77	51	100	5	14	113	114	41	18	23	87	66	2	119	81	99	115	56	84	95	116	118	68	51	95	87	98	40	89	0	17	52	32	41	103	8	88	8	96	93	106	12	68	109	64	68	25	87	2	22	91	40	113	98	24	70	103	19	93	74	70	97	32	86	117	38	50	74	79	28	103	49	27	107	119	25	39	1	59	92	21	94	79	81	103	87	30	59	74	100	108	62	69	0	25	24	10	55	97	54	12	58	71	105	32	108	55	83	17	14	20	80	13	40	37	67	27	101	84	54	93	54	16	21	19	98	110	21	6	4	43	101	40	34	63	28	46	14	59	108	17	89	90	76	6	71	78	96	13	13	54	92	96	93	94	91	118	1	88	103	105	112	19	31	102	102	42	89	115	65	2	17	107	21	52	105	51	8	97	93	76	118	92	6	27	65	42	49	110	40	8	17	16	14	2	103	39	72	119	51	43	114	49	22	1	23	4	74	93	89	98	67	113	113	2	118	61	37	61	1	117	49	94	11	38	40	75	11	48	99	92	91	38	93	87	107	26	37	2	108	117	19	25	57	45	96	38	68	36	92	8	107	34	103	48	78	86	39	50	65	65	1	88	30	26	27	31	10	108	51	97	33	42	76	118	59	62	47	52	115	15	93	52	58	48	9	7	103	94	107	86	26	48	12	115	21	48	61	23	115	29	15	108	77	9	49	2	12	113	0	96	21	80	95	81	54	98	53	95	117	107	87	118	65	5	28	34	43	3	110	9	72	4	21	64	30	33	104	12	84	64	57	109	25	103	73	92	72	71	28	62	45	109	81	65	102	69	91	112	111	85	112	82	110	18	69	67	94	48	41	74	75	119	20	19	100	37	43	60	91	101	108	109	79	110	22	11	39	57	69	6	24	93	32	9	93	68	97	101	12	78	48	84	78	8	103	37	116	88	92	65	46	103	15	37	62	1	32	108	85	11	35	79	90	74	95	114	17	19	39	90	112	26	89	26	19	13	98	88	95	80	103	26	4	112	97	15	5	72	91	22	89	25	6	0	20	117	33	45	91	58	31	35	29	66	2	21	37	21	106	42	43	104	0	110	27	52	42	97	43	109	42	15	73	32	90	117	106	59	107	16	5	35	27	66	14	104	26	11	84	93	30	41	113	102	83	5	104	46	4	104	84	10	115	40	34	85	119	7	84	116	23	49	11	117	115	100	14	79	96	46	105	106	1	25	63	4	56	50	107	107	88	36	16	91	42	40	36	37	89	112	93	119	103	9	62	87	64	24	53	93	42	62	112	85	14	18	55	35	86	48	17	83	99	110	106	91	64	29	117	58	23	113	106	94	86	70	79	65	85	64	19	46	31	39	9	24	56	96	42	92	62	85	47	92	56	82	59	89	51	17	44	112	110	92	70	77	23	45	70	111	110	42	23	113	4	78	44	99	80	75	49	50	0	96	103	78	96	108	10	13	2	61	69	22	99	29	60	45	30	34	109	10	105	97	57	62	71	65	117	71	64	22	113	115	26	43	62	44	87	18	34	108	35	32	62	33	78	11	88	78	39	119	97	109	64	44	26	91	104	32	84	112	104	18	30	14	71	53	91	11	45	31	47	116	49	94	41	78	12	115	63	112	63	2	45	52	36	66	44	47	33	72	18	3	84	37	59	4	116	39	88	74	61	12	84	7	90	43	16	84	115	88	88	81	20	38	48	110	86	109	46	107	28	94	74	28	37	18	6	70	116	79	65	32	34	86	102	21	4	78	50	98	83	103	22	99	5	19	66	47	49	53	82	65	82	13	18	7	34	53	48	2	54	30	103	75	68	51	50	96	69	71	102	92	14	59	51	62	65	7	53	107	39	52	24	52	5	119	37	82	116	0	109	4	50	52	44	34	80	42	14	78	27	93	32	43	28	52	74	83	57	81	74	25	43	47	4	58	48	7	78	55	3	115	81	6	26	43	94	46	24	114	23	40	13	76	51	112	89	83	63	83	85	100	57	15	1	49	15	74	93	53	79	54	28	67	109	92	1	53	23	90	40	38	85	8	109	46	89	16	107	49	43	64	4	119	29	0	104	79	70	95	19	12	101	111	4	80	94	9	24	107	90	40	22	93	98	106	7	89	48	90	99	103	119	2	116	27	31	116	116	12	53	47	49	100	88	94	116	59	74	119	111	36	82	60	14	48	71	99	15	17	63	64	5	48	107	67	47	44	87	115	85	64	32	42	16	6	73	67	48	37	55	41	80	15	1	38	24	73	13	13	71	27	112	32	98	73	12	38	33	31	10	29	94	65	36	92	38	11	78	89	53	96	63	16	68	83	1	88	94	40	33	66	48	109	114	38	106	90	22	74	51	107	22	12	61	77	9	117	20	28	73	100	97	16	15	30	85	68	76	32	108	74	99	73	2	95	107	11	21	6	6	85	45	114	9	96	74	107	15	9	61	40	50	30	8	115	114	102	19	29	31	48	94	100	12	66	19	20	87	45	16	58	44	49	41	26	35	84	63	57	53	35	41	94	95	13	87	20	19	13	55	53	14	69	88	23	98	44	79	65	84	89	111	91	2	16	98	112	4	3	47	13	54	10	36	84	58	77	7	89	77	41	99	38	101	58	70	110	91	10	94	59	105	100	95	111	74	93	23	5	55	109	61	68	59	74	41	57	83	8	25	105	78	23	95	106	67	19	7	66	29	31	29	92	78	23	95	41	81	72	29	93	13	55	22	22	108	9	107	12	79	1	93	27	1	17	5	57	49	83	69	27	51	15	67	26	29	21	44	119	47	99	64	66	113	103	76	72	94	80	44	67	97	84	109	64	85	16	70	113	56	107	86	26	80	23	25	69	2	116	91	90	93	103	98	64	107	96	97	90	20	97	79	80	75	108	93	46	98	62	47	46	60	68	71	2	111	4	109	1	60	57	16	105	40	73	15	50	20	85	66	51	43	109	35	114	87	6	111	50	57	94	24	9	108	24	61	25	112	88	20	12	19	26	20	90	79	72	49	17	51	44	39	12	30	48	19	29	76	92	61	94	77	38	108	16	96	44	3	79	41	93	75	119	67	28	90	28	68	94	87	11	71	41	101	49	28	1	110	41	73	102	69	7	28	77	54	59	114	43	12	81	30	109	104	105	39	83	38	67	88	85	38	46	93	41	27	68	92	107	55	72	100	53	10	83	61	116	92	84	44	34	18	41	47	41	103	79	77	27	68	102	77	26	17	1	59	65	115	71	70	21	102	30	102	66	107	81	76	74	91	34	67	116	104	100	88	109	103	106	95	15	85	0	26	71	115	24	92	41	86	116	84	106	73	115	57	24	74	30	62	92	60	12	82	5	30	40	62	60	85	70	0	9	73	26	100	47	117	25	103	99	97	104	54	12	68	68	12	32	50	79	30	84	91	30	6	31	110	76	15	14	21	99	58	71	110	81	68	17	118	77	82	3	98	6	116	14	27	57	87	8	13	20	119	106	37	76	45	108	57	115	16	108	35	29	54	29	76	81	36	38	114	86	42	39	60	63	102	11	23	55	16	65	64	31	96	21	8	69	66	46	35	63	90	79	114	17	8	89	47	88	100	36	15	22	66	52	37	63	84	46	54	104	15	117	95	76	99	115	104	61	69	87	49	2	118	101	65	13	96	52	114	33	81	85	100	28	64	23	112	62	1	79	115	3	90	15	63	79	67	36	49	18	94	32	35	95	93	56	91	35	22	86	119	73	98	41	101	32	109	21	101	54	17	119	47	85	52	3	7	33	73	11	41	113	65	98	19	67	27	50	28	26	3	100	92	53	108	46	93	56	7	73	1	18	83	60	90	1	74	80	83	28	82	76	104	33	56	28	52	46	23	118	21	86	118	73	7	6	96	89	39	75	91	76	98	95	35	0	91	112	11	80	22	61	59	119	83	31	83	61	8	30	100	74	96	46	101	88	88	80	109	45	47	68	60	4	14	85	83	87	16	94	63	27	97	78	3	98	96	13	34	87	36	97	33	28	59	92	45	10	15	78	90	54	59	42	116	82	109	53	91	7	103	80	50	46	102	78	35	54	64	71	63	114	66	112	79	105	61	19	53	24	43	24	8	116	11	93	94	39	25	80	13	111	110	14	88	110	99	16	54	102	102	69	40	6	41	22	71	118	61	85	4	70	61	22	88	85	118	35	64	94	107	90	76	24	106	117	20	84	20	50	76	86	3	91	33	23	73	69	15	55	2	79	15	29	19	17	56	111	5	34	3	15	87	4	79	72	64	90	55	16	107	102	51	6	71	88	95	78	71	20	27	13	47	107	44	89	76	58	13	1	104	117	57	76	78	60	70	48	37	78	19	79	109	95	15	12	47	30	24	90	109	45	99	100	46	66	76	82	43	62	1	29	56	4	105	75	82	40	42	59	39	95	35	104	84	88	97	13	6	76	72	116	23	1	39	65	43	79	91	74	100	29	96	58	76	48	25	0	110	103	17	49	78	97	11	67	72	24	80	73	117	9	84	56	60	1	30	31	1	66	33	7	61	84	45	10	108	115	99	108	72	112	36	107	106	46	71	30	115	25	47	33	79	69	100	89	12	28	83	58	101	102	108	83	98	30	0	49	109	73	63	52	87	78	43	15	71	41	91	55	31	79	117	91	117	109	71	53	46	66	81	61	51	87	40	42	74	88	80	102	42	26	6	70	54	59	84	108	119	110	15	57	73	27	96	43	17	20	11	54	74	50	40	90	91	4	67	91	12	60	65	117	103	114	62	109	65	97	72	15	74	25	36	113	48	103	79	94	94	49	59	82	39	92	93	44	41	101	75	72	43	5	48	104	99	19	82	72	43	0	53	100	100	52	4	41	10	57	44	86	97	44	59	88	35	84	23	24	99	102	70	28	7	79	8	66	102	105	117	17	99	4	91	12	63	75	76	47	105	40	96	113	38	16	6	20	42	108	4	94	69	76	112	44	36	111	119	2	62	17	107	53	113	26	33	11	102	49	37	108	64	39	29	42	57	36	82	24	100	101	5	85	107	53	96	90	42	39	4	73	97	4	3	75	110	114	33	34	30	86	116	47	82	39	104	78	110	65	26	38	119	84	24	10	116	77	46	12	18	66	101	20	44	23	41	80	57	11	2	43	10	114	72	78	46	29	37	60	78	45	23	68	57	83	78	118	110	28	86	72	97	97	115	7	16	63	118	74	66	12	27	9	64	28	70	27	39	98	104	29	104	61	106	108	98	99	55	75	26	44	16	55	88	88	77	106	50	87	69	24	16	116	114	50	67	81	73	72	107	98	69	86	62	47	24	17	10	32	80	70	64	54	117	45	88	116	74	55	107	73	94	14	27	31	76	65	16	41	100	98	114	54	54	4	45	66	33	71	47	24	33	40	100	47	35	6	91	101	39	39	46	91	23	111	95	37	8	25	112	74	97	57	46	56	15	9	109	115	91	6	29	42	13	24	54	16	70	48	42	103	106	48	41	102	110	106	102	102	89	3	76	118	102	6	43	90	107	51	68	17	78	71	28	73	117	33	31	95	8	88	77	57	49	88	51	61	20	31	98	117	118	51	87	99	46	84	104	115	116	107	8	49	22	11	30	51	105	65	64	116	66	109	8	89	11	61	53	12	84	14	63	70	103	28	23	21	21	65	62	74	46	93	53	74	10	102	0	33	70	36	72	84	20	100	103	107	67	52	58	3	84	19	37	104	57	80	72	39	34	81	27	12	88	67	21	26	89	85	40	85	13	43	92	48	108	35	12	63	102	33	100	84	114	75	35	41	118	33	66	111	90	79	89	34	116	70	107	12	6	72	44	22	69	93	110	51	100	20	12	33	24	91	17	111	29	31	119	25	118	10	116	99	114	113	62	13	21	118	16	53	26	57	63	1	42	32	94	37	5	48	117	108	23	52	104	12	112	85	111	0	112	106	9	1	54	12	0	81	9	74	77	85	41	21	109	87	1	24	43	15	28	112	91	51	89	115	59	96	59	29	71	98	105	49	19	83	60	82	113	3	89	105	110	3	35	26	11	77	96	80	98	61	25	19	97	87	42	43	38	20	57	16	114	86	16	12	1	2	25	39	5	62	68	50	56	56	119	14	56	96	5	68	78	52	90	63	68	101	68	15	83	75	59	76	65	100	49	25	86	11	82	14	4	24	79	111	44	76	5	101	2	36	56	52	65	2	117	45	68	15	29	112	119	83	112	22	81	38	80	1	68	19	70	0	102	54	23	75	105	23	78	109	32	50	25	105	68	48	97	41	37	42	24	61	93	49	21	39	39	59	65	37	73	31	57	56	21	42	118	36	91	34	63	107	68	59	64	26	84	2	78	39	22	56	68	29	65	51	14	19	109	99	94	51	27	97	20	72	16	24	46	84	112	58	79	74	40	106	57	93	70	71	16	35	32	54	30	102	76	6	23	51	102	94	11	105	23	103	52	8	100	80	7	74	95	70	49	56	88	5	66	41	74	62	72	92	28	118	87	10	83	6	80	34	69	50	41	69	112	103	24	2	56	101	95	77	41	85	71	119	71	54	34	118	33	56	87	108	50	53	88	50	67	23	2	12	107	103	8	19	105	82	34	35	72	113	86	59	113	53	45	0	18	53	31	63	85	51	45	75	7	91	50	65	34	107	98	51	97	84	41	62	51	96	26	51	82	85	93	91	63	106	56	114	27	104	50	14	118	25	76	50	94	53	31	48	74	32	114	108	64	108	21	60	93	1	41	48	16	50	114	21	55	44	20	112	36	29	20	59	64	56	46	84	16	103	52	30	107	30	0	30	52	30	88	13	93	2	72	33	15	91	42	64	32	116	41	82	103	105	52	58	45	76	114	87	61	25	36	82	73	27	5	67	11	117	103	97	115	105	75	47	77	66	105	90	66	108	112	33	56	32	55	16	19	55	48	13	83	5	90	65	81	109	106	45	38	3	80	6	113	23	22	102	1	60	42	18	5	25	81	22	107	43	16	103	84	70	53	102	54	92	33	63	102	105	102	119	25	59	114	12	116	102	13	59	44	16	24	88	117	3	12	105	22	13	87	109	5	116	65	56	54	74	5	55	33	38	63	63	19	31	77	71	87	76	0	105	69	17	34	85	37	60	28	13	106	92	97	33	73	86	115	1	47	58	14	110	96	92	63	45	119	106	112	11	103	23	11	96	72	28	64	110	109	40	1	0	83	98	107	71	20	12	78	20	21	45	74	10	68	70	85	96	105	107	27	4	54	70	28	28	88	109	14	117	41	35	4	58	83	81	74	31	62	68	74	85	30	89	9	111	46	34	118	116	69	65	1	106	85	94	0	43	8	84	17	70	54	11	35	28	85	118	48	104	93	97	117	43	110	17	96	101	28	24	26	111	45	119	30	108	0	21	52	40	112	87	114	32	97	10	109	113	94	30	112	49	29	39	13	16	115	33	67	74	106	88	55	13	69	15	44	53	29	63	47	59	29	49	60	23	30	89	8	51	51	57	119	28	38	88	22	87	38	37	76	38	70	79	33	58	44	15	79	105	101	88	20	55	32	115	110	28	9	80	11	91	66	8	32	106	96	93	68	63	49	22	12	31	47	20	45	85	63	100	83	72	7	82	82	51	60	29	0	92	31	53	95	111	1	66	62	87	73	64	38	16	41	115	48	95	75	96	24	37	64	2	0	70	10	42	55	106	30	24	44	4	66	119	61	63	32	56	53	8	113	64	109	6	55	17	7	68	65	5	44	26	34	6	69	22	117	25	25	92	116	76	97	28	48	23	40	6	13	107	66	80	90	54	19	103	74	115	7	109	56	81	8	76	92	115	90	52	63	26	75	52	87	48	35	95	107	13	6	82	60	102	34	53	89	11	91	2	40	73	119	99	102	106	40	92	77	53	33	108	70	26	33	3	110	50	75	55	107	8	65	26	93	68	53	10	8	28	97	7	50	21	47	42	27	86	65	68	41	110	2	69	40	17	56	68	4	79	107	79	5	109	49	16	19	4	70	59	86	91	5	9	22	107	2	36	94	4	106	4	31	76	100	74	30	57	52	117	100	47	50	103	64	44	25	82	0	77	87	90	97	54	24	13	56	52	58	119	42	47	39	55	26	114	86	57	100	100	104	99	60	89	82	106	45	1	20	77	113	99	96	23	33	61	73	65	63	83	63	83	1	35	108	95	59	10	34	11	2	83	33	90	65	108	117	6	43	18	78	58	64	35	15	101	83	75	16	110	4	14	115	118	26	25	119	10	76	28	58	2	35	114	99	112	39	33	59	90	76	38	81	37	30	8	49	64	61	12	44	83	28	43	48	75	76	95	19	65	99	20	112	37	33	77	3	61	94	92	58	5	48	88	14	41	28	76	70	94	18	39	104	13	42	73	21	58	23	104	105	11	100	34	33	77	42	106	84	10	101	62	67	11	113	82	33	52	3	90	108	37	70	36	76	18	3	16	40	43	23	57	33	18	44	103	95	99	10	96	49	48	35	114	80	10	100	97	116	76	114	17	53	111	111	15	97	16	7	51	17	42	48	23	96	52	28	28	65	30	61	90	5	106	71	79	44	100	75	8	61	82	113	12	72	9	33	119	13	106	6	63	27	34	117	9	93	2	9	77	82	86	75	97	109	32	101	84	48	59	42	95	74	85	68	23	45	85	48	115	60	112	48	36	63	45	101	84	112	3	79	112	54	50	10	5	71	36	40	96	26	107	65	18	18	71	20	60	78	27	57	83	60	49	51	3	48	116	10	117	103	93	90	42	76	62	101	83	0	116	101	92	116	98	71	114	77	34	66	87	95	75	89	111	49	4	97	28	33	107	33	31	58	26	35	111	24	36	77	29	95	67	81	111	55	39	30	103	61	102	66	96	84	17	53	111	96	0	86	111	5	60	58	102	65	39	66	105	58	11	56	72	18	111	5	85	27	22	101	7	18	90	85	89	112	118	94	80	105	113	89	91	77	8	115	78	87	30	63	108	3	108	110	82	26	6	2	1	64	9	82	79	47	85	5	19	110	10	6	11	84	109	53	56	30	44	49	82	23	14	55	0	49	106	110	97	62	67	112	35	17	4	18	2	29	40	64	29	92	81	74	48	89	116	61	116	45	41	102	72	47	96	94	70	19	118	22	59	5	57	89	118	33	110	34	54	68	39	56	60	106	46	12	27	46	33	90	93	70	4	111	31	108	94	103	23	62	47	19	51	58	18	70	64	21	21	11	22	50	28	32	112	118	66	95	27	87	0	119	64	73	31	75	81	15	104	32	31	85	7	0	40	67	18	82	56	3	7	103	95	40	101	109	89	16	82	83	80	21	8	110	4	94	60	107	107	38	55	54	33	12	36	8	57	100	118	80	10	74	60	33	78	48	14	20	114	45	4	7	102	46	101	49	84	18	13	82	92	79	112	57	6	116	45	57	72	115	81	102	86	57	11	50	17	15	105	61	43	83	94	64	39	118	56	76	2	6	43	50	16	84	15	3	86	74	71	110	21	15	66	58	77	3	50	54	49	49	112	66	31	50	1	5	40	8	35	39	18	109	31	34	96	23	93	119	48	69	33	22	80	80	76	92	21	87	68	98	7	72	26	55	10	22	74	112	25	22	111	28	95	46	45	54	37	24	39	113	65	47	93	114	28	37	113	1	6	64	12	51	110	14	16	18	50	65	90	38	98	2	41	33	97	116	80	36	117	57	51	71	80	2	56	72	20	87	18	97	31	37	29	2	
88	28	101	112	24	16	20	112	118	34	64	97	73	116	43	73	3	56	101	44	61	69	119	113	96	62	3	25	21	27	17	31	68	29	114	65	112	13	40	107	8	28	90	84	102	35	36	5	42	19	116	96	15	109	61	94	117	42	79	111	60	100	60	29	102	42	28	16	12	103	64	34	39	34	58	20	63	86	113	94	7	51	65	113	70	10	88	56	22	100	9	9	80	58	20	112	44	61	11	28	61	46	6	86	50	54	118	97	38	14	52	51	96	40	82	40	73	3	112	39	20	114	48	17	49	28	49	80	96	108	79	37	115	90	32	88	27	87	79	19	17	84	20	62	46	106	96	67	10	98	45	2	87	77	107	70	47	4	52	21	1	49	39	114	14	115	39	86	49	0	76	49	66	89	3	99	86	112	35	116	13	57	52	72	87	26	41	68	26	87	107	57	93	82	35	80	108	84	58	59	109	30	33	18	108	112	113	22	87	68	18	32	65	26	47	41	51	61	64	19	109	68	77	93	104	16	65	26	94	108	35	50	80	63	118	15	61	67	49	48	1	0	69	77	102	57	1	40	15	110	80	91	86	12	33	50	89	1	39	50	93	34	25	17	22	76	51	20	26	76	82	54	22	31	108	38	46	50	76	89	72	97	81	59	72	43	110	9	21	99	82	113	25	79	73	103	100	36	0	64	73	15	84	26	54	93	67	57	15	11	24	83	106	46	58	84	28	50	29	49	33	94	94	64	55	61	98	5	50	117	86	110	32	27	32	87	54	92	43	29	33	13	70	22	53	43	101	62	112	3	5	74	46	49	59	32	101	60	100	101	50	31	53	60	89	72	28	12	88	93	12	90	20	113	68	34	57	18	80	9	109	68	21	85	100	46	64	26	84	20	39	29	10	90	5	36	19	103	57	51	59	38	17	12	106	17	54	6	67	28	86	10	55	18	58	65	56	98	61	92	88	79	21	3	118	58	77	92	5	118	88	1	53	80	103	55	70	89	85	115	78	46	2	105	105	52	80	22	22	104	118	56	0	63	71	44	101	70	99	38	81	35	84	11	99	73	1	49	70	86	62	85	80	95	8	59	110	73	101	40	4	114	8	10	8	69	88	102	7	56	26	56	78	104	81	118	114	75	116	84	87	100	15	24	43	57	15	70	43	24	18	84	12	92	92	102	26	91	114	66	51	19	26	108	4	7	111	58	90	6	16	104	113	27	1	20	88	68	56	98	26	55	9	0	44	71	41	50	61	51	69	6	0	110	35	41	91	111	14	31	19	1	5	93	29	27	61	41	85	25	81	103	41	63	8	101	86	68	54	64	97	91	17	4	78	107	116	46	91	88	62	116	21	94	12	115	65	108	25	47	27	86	12	54	82	72	65	12	9	105	45	102	13	109	14	35	37	33	71	109	116	82	79	35	80	60	99	34	94	62	62	6	35	36	39	29	27	115	2	35	60	96	77	6	43	8	99	66	5	31	83	61	46	116	10	11	85	51	67	42	117	41	109	118	99	3	76	5	118	86	109	27	105	63	85	102	58	59	114	43	78	7	80	102	113	96	13	108	18	91	100	107	4	53	92	111	101	27	81	54	97	18	81	69	23	23	119	8	58	48	82	68	24	112	6	87	69	45	25	54	8	76	6	69	116	10	68	74	23	12	88	25	86	48	85	7	45	9	2	26	27	109	83	103	75	9	21	98	50	19	101	30	82	24	77	64	102	71	2	67	57	98	13	23	99	55	22	14	92	28	37	99	102	96	12	19	102	52	73	33	114	32	27	83	31	98	31	47	89	25	67	65	90	81	31	14	23	108	75	86	27	105	36	35	85	73	83	105	64	98	38	45	47	51	94	33	33	85	41	76	101	6	42	4	60	76	42	64	70	65	100	8	40	119	18	83	79	102	7	57	118	84	65	81	28	99	98	65	78	15	110	12	57	7	116	73	108	82	75	20	101	76	48	60	12	78	77	104	72	46	7	18	8	96	41	56	113	68	107	15	17	35	79	30	96	88	13	106	104	33	119	111	74	81	3	106	63	20	100	6	95	1	77	4	112	46	92	0	65	18	119	0	1	39	89	95	100	10	6	118	80	53	42	70	23	22	106	107	18	66	67	3	89	18	92	9	29	65	0	113	17	18	85	81	103	28	14	98	81	19	107	60	100	86	62	12	30	72	10	67	0	58	32	64	83	46	74	7	1	67	10	101	104	43	8	80	115	1	38	104	24	23	4	75	79	35	14	53	46	58	17	85	48	113	58	58	66	105	51	99	23	14	86	36	111	59	26	21	97	88	44	100	64	110	32	117	13	29	70	21	30	62	7	87	110	114	60	34	78	71	86	63	101	63	119	1	26	105	2	117	19	78	114	70	53	40	46	31	29	60	9	107	48	25	110	60	67	50	23	86	56	70	6	115	88	93	85	111	100	32	5	28	37	18	118	83	13	104	17	35	79	31	106	116	98	37	21	108	86	11	78	84	107	0	69	43	108	59	91	23	73	28	49	116	92	86	30	24	102	56	44	72	41	23	46	76	71	92	105	55	94	80	6	23	8	1	100	91	110	76	28	69	88	119	15	87	24	14	7	97	55	57	44	30	27	73	102	74	27	100	75	115	28	14	4	31	76	36	18	23	9	74	105	65	41	89	116	37	32	31	32	33	12	119	112	10	17	55	50	90	78	47	4	78	85	78	26	101	67	38	98	87	13	39	115	69	40	27	58	57	40	8	96	55	59	5	47	37	86	4	37	103	97	89	84	12	63	90	53	1	95	25	99	24	9	1	43	11	8	74	36	20	83	36	8	119	26	22	96	88	70	40	53	72	64	70	57	47	18	65	112	65	108	43	0	75	119	80	26	94	40	78	112	62	115	32	28	43	92	87	118	20	44	2	5	114	23	46	7	4	110	13	118	14	28	76	111	105	106	55	6	46	14	79	92	102	89	110	47	33	94	31	55	67	43	12	69	35	8	13	69	36	15	110	80	29	50	49	87	96	87	52	33	63	48	53	117	29	85	25	100	42	107	43	88	113	62	115	36	67	101	99	112	78	79	51	52	27	68	7	119	2	21	80	54	57	103	52	47	79	83	25	108	44	29	56	88	45	46	40	81	41	42	47	113	16	78	15	118	17	2	15	110	45	30	96	68	90	93	15	51	75	11	54	95	90	5	113	37	13	62	78	90	0	110	34	99	64	8	57	117	18	49	90	5	1	54	117	53	60	89	112	101	12	16	1	106	16	49	98	102	97	65	55	112	40	92	108	62	26	102	78	85	66	72	47	44	34	60	102	8	111	93	0	2	6	14	76	78	105	95	86	44	3	10	19	5	86	116	54	110	2	67	30	74	8	72	43	0	96	80	59	21	12	99	69	110	78	50	103	25	83	119	33	112	48	112	79	78	43	99	40	27	84	40	74	93	78	34	37	44	26	83	95	116	21	15	55	60	28	5	13	51	83	36	98	85	14	59	64	17	25	114	78	15	26	113	64	40	19	42	31	35	37	5	41	25	2	6	42	1	85	3	32	116	33	40	75	95	45	87	75	6	110	70	40	110	72	0	64	35	108	60	2	79	49	69	34	111	79	105	66	12	43	85	41	36	20	119	87	95	82	97	37	79	115	61	65	21	90	4	87	30	108	111	97	85	19	28	110	6	106	61	0	26	34	50	92	91	38	113	31	47	47	87	33	31	114	100	65	102	25	115	69	48	43	98	76	71	94	16	74	113	116	97	86	89	95	83	111	113	94	86	108	62	114	9	101	79	83	77	102	81	107	50	101	49	22	18	28	115	108	31	5	48	51	106	11	40	43	2	106	91	53	10	111	119	46	39	38	3	96	35	67	16	90	6	63	14	119	68	53	20	60	19	1	82	59	103	61	95	70	6	48	105	83	25	5	54	79	73	63	111	98	97	98	76	51	103	110	98	2	68	34	74	84	113	106	111	109	106	114	97	76	74	80	11	117	26	12	103	71	102	45	60	97	116	68	46	107	49	0	40	15	50	35	0	65	69	75	14	63	7	68	40	1	94	59	103	34	17	77	59	92	119	98	87	2	66	71	36	67	54	96	39	75	47	20	15	81	54	17	101	99	118	45	39	117	54	115	27	105	119	35	118	16	76	19	33	96	55	53	55	97	18	11	25	57	62	92	91	116	108	30	48	82	106	63	86	111	22	30	24	75	1	73	35	77	18	112	47	39	109	36	6	110	15	83	4	80	46	50	51	37	56	53	98	43	52	60	27	44	89	44	92	18	91	4	108	91	106	83	11	108	24	74	36	25	74	108	82	25	39	90	74	48	15	102	50	59	48	46	46	26	73	101	71	24	99	58	48	108	55	62	61	7	64	71	45	115	44	70	87	116	17	29	49	92	86	110	33	77	114	40	50	85	118	76	99	102	7	13	102	85	77	31	80	4	30	19	13	15	8	7	16	40	40	96	24	15	18	105	18	43	98	103	84	115	115	62	109	58	82	2	96	85	5	65	112	2	105	25	106	108	50	119	89	27	14	65	23	43	89	95	76	53	16	73	113	3	90	65	76	30	26	117	116	44	34	107	4	102	17	46	30	56	26	62	51	79	60	37	32	76	27	29	96	21	43	73	13	72	3	69	13	53	34	68	79	8	116	62	55	53	108	45	56	4	33	70	20	43	60	62	77	56	65	75	71	39	71	4	113	10	53	52	16	8	55	41	68	68	21	110	119	52	18	34	12	37	12	10	7	68	65	104	15	119	116	50	100	11	117	107	16	79	76	118	91	60	11	16	12	34	35	88	41	22	97	95	112	112	90	94	61	75	118	83	83	87	20	111	55	25	84	21	107	34	46	99	101	66	112	112	21	1	84	84	29	38	117	67	9	39	23	34	68	109	87	66	0	66	109	15	5	38	89	57	74	106	91	50	73	92	13	73	116	90	84	83	9	35	84	43	59	40	70	114	98	59	69	67	0	10	39	76	91	52	103	112	92	116	16	85	112	49	20	93	113	20	29	111	36	94	48	52	70	0	7	87	63	97	60	88	98	22	92	0	9	18	37	39	82	106	75	87	40	24	88	7	46	105	112	103	91	7	12	105	55	94	52	118	67	40	7	117	113	32	49	91	94	73	93	29	58	57	18	94	79	33	47	93	77	72	10	3	6	20	50	36	83	39	107	91	70	28	57	20	118	12	79	72	22	72	80	11	112	97	24	17	22	43	112	107	7	45	0	109	114	78	106	103	79	83	48	77	32	73	30	78	75	98	79	36	85	89	64	109	67	114	22	5	6	65	59	79	68	26	30	33	54	69	67	6	95	10	15	77	29	46	115	34	47	24	26	84	98	109	29	81	18	2	10	50	51	3	14	24	70	89	101	55	105	58	38	80	98	53	59	96	56	39	101	36	39	5	41	22	68	76	116	87	75	70	47	114	111	72	47	20	73	93	115	74	87	18	33	113	35	81	105	2	23	43	36	50	1	57	22	67	29	88	77	91	50	25	51	116	54	80	104	112	63	117	73	42	58	45	95	45	106	101	1	38	30	90	5	73	41	71	55	12	26	57	110	40	48	29	55	88	57	67	90	90	39	40	98	119	30	115	39	65	70	25	6	6	103	60	56	60	98	115	63	27	96	25	79	42	108	19	44	66	51	106	36	103	3	88	105	0	89	35	12	60	70	2	54	71	18	47	97	119	71	43	12	39	117	103	90	111	38	68	66	87	28	116	36	37	71	114	109	42	89	94	4	57	22	45	115	65	22	110	55	65	26	46	70	16	3	87	61	79	64	80	16	23	44	45	7	116	106	58	58	37	99	28	3	55	79	27	48	68	89	117	77	81	17	6	28	78	91	48	14	61	64	67	59	30	75	98	70	18	51	36	47	107	97	99	40	82	107	32	85	70	45	96	63	91	92	61	53	113	16	48	7	12	103	70	18	74	62	102	100	110	17	86	58	85	111	83	78	91	87	65	11	103	92	91	87	4	38	56	50	93	18	104	44	91	102	92	56	29	87	28	82	8	82	102	10	36	17	100	0	51	0	20	54	54	102	66	77	80	13	20	44	4	58	56	57	17	90	57	19	104	86	92	14	32	67	41	104	20	8	80	65	55	56	89	62	92	117	59	79	94	105	56	30	100	64	55	26	87	113	25	76	71	65	16	55	5	8	62	12	103	83	49	104	50	100	91	54	12	60	2	118	78	37	98	51	40	97	108	45	114	65	109	48	14	1	78	49	77	14	78	88	116	116	42	50	91	87	30	9	58	0	49	46	18	67	20	6	21	24	90	77	65	115	78	98	105	29	80	68	73	103	96	38	100	31	49	116	118	101	69	55	44	68	45	3	46	14	99	94	35	47	5	118	61	23	93	68	53	117	41	36	22	102	85	49	53	50	102	18	52	85	94	60	115	17	20	83	60	46	56	10	26	18	87	38	26	49	103	74	51	107	45	51	87	79	48	80	111	21	53	104	112	89	109	0	74	118	94	53	77	81	68	76	65	67	105	57	48	36	8	72	46	92	67	48	49	23	52	51	99	37	68	69	47	100	72	90	1	80	85	87	54	23	66	31	8	28	31	88	46	38	30	65	90	80	68	61	74	9	96	74	84	16	66	41	16	36	7	69	117	27	28	102	68	83	57	112	32	69	43	29	14	72	34	90	10	19	99	114	75	6	86	30	114	84	51	18	25	70	101	8	86	40	115	59	110	83	99	65	6	55	43	71	66	51	93	97	82	71	68	24	37	70	14	13	4	100	39	12	6	19	31	117	73	22	75	29	70	18	95	34	92	78	4	35	61	88	83	26	83	17	81	22	22	10	87	52	12	51	81	82	11	91	28	26	71	97	5	84	98	24	18	36	54	79	20	2	27	45	28	0	3	76	15	26	20	42	75	41	47	26	89	11	77	68	20	49	89	32	6	25	70	82	8	67	18	76	27	38	57	16	42	65	54	94	80	100	95	16	93	12	6	112	7	82	83	86	45	55	50	78	40	54	19	38	28	101	96	42	66	9	103	80	70	18	56	26	59	5	2	25	38	53	63	107	113	114	116	81	116	115	62	12	85	80	71	96	109	93	60	1	34	73	39	27	38	112	69	112	15	83	67	97	12	26	103	67	47	6	19	98	91	93	16	95	109	60	20	17	72	113	52	117	82	15	5	24	49	65	37	66	70	47	24	51	21	22	75	91	53	96	74	47	82	90	21	2	68	29	85	100	20	106	94	8	92	66	64	1	23	42	102	57	82	14	107	84	62	18	59	88	113	103	94	42	19	114	68	15	97	83	31	79	41	81	35	74	66	6	4	12	73	57	112	95	75	3	19	5	15	0	81	86	104	57	86	26	31	85	114	44	94	56	32	71	12	111	28	96	80	1	48	70	43	52	56	88	27	48	29	39	46	5	104	23	70	98	37	100	96	38	88	58	38	10	29	29	46	9	11	10	107	119	43	103	95	57	11	21	107	29	99	113	14	11	77	6	77	70	117	22	60	17	54	2	73	102	84	13	30	56	55	65	51	17	95	13	103	62	70	11	13	45	115	7	83	83	45	3	35	72	66	36	35	97	70	96	75	98	92	26	2	52	37	45	46	41	52	47	84	83	79	25	12	16	83	85	26	53	107	110	20	79	30	116	70	49	102	91	53	85	72	49	58	74	94	75	50	86	104	1	81	63	76	69	68	86	103	100	109	65	24	4	70	22	39	36	15	10	49	98	21	3	25	93	104	92	63	57	35	24	72	67	67	13	66	111	4	54	44	117	30	16	94	73	84	64	7	91	13	51	55	119	63	24	110	44	78	41	108	117	84	34	81	2	71	42	20	67	34	46	94	56	67	100	75	36	103	113	80	48	91	89	21	60	49	119	85	89	62	75	63	76	45	54	75	28	102	105	84	64	79	118	1	90	116	45	118	31	48	45	34	88	116	53	104	97	115	42	103	43	8	12	95	55	2	69	42	110	14	92	56	65	28	34	102	47	15	20	7	98	46	61	28	103	75	36	57	83	63	85	18	118	29	92	81	75	115	72	64	107	24	44	64	96	49	85	20	88	89	71	85	92	102	13	62	117	97	16	107	16	88	10	99	27	54	105	103	114	77	95	2	51	54	7	75	75	28	38	0	15	109	64	100	68	84	96	59	119	30	112	101	94	28	40	10	87	35	118	87	77	104	102	111	57	108	10	71	37	117	32	104	7	78	97	96	80	57	72	8	93	98	43	36	28	4	39	16	5	48	1	46	36	35	66	24	56	104	107	1	111	18	8	35	9	0	51	110	52	13	85	112	51	92	110	84	43	91	87	33	119	100	41	17	21	101	26	79	40	98	36	49	53	102	10	43	69	71	87	26	49	101	102	104	25	14	70	77	6	49	101	15	84	11	58	77	52	53	37	116	102	100	5	37	77	65	18	85	19	99	41	100	94	103	15	92	65	114	93	79	56	30	9	28	73	112	12	1	49	20	118	76	15	68	51	111	37	32	67	109	103	91	95	99	39	61	83	69	112	52	73	105	76	81	67	82	58	6	95	27	7	6	73	20	111	74	59	28	75	31	77	77	69	9	111	72	83	7	8	36	98	27	45	56	50	107	39	101	31	71	11	4	18	79	105	73	81	28	26	82	44	89	99	27	38	68	2	96	44	64	29	101	83	82	66	62	0	86	45	118	20	56	106	83	86	98	80	53	109	64	59	54	100	73	20	13	16	10	67	109	91	42	91	111	88	34	23	65	66	75	51	27	8	30	71	60	83	50	50	61	50	32	81	101	85	114	99	38	66	63	108	76	18	2	10	1	102	13	45	86	55	96	20	48	14	76	100	21	18	89	78	73	71	10	36	4	2	6	52	43	88	72	107	56	53	78	52	112	73	104	115	18	47	49	13	62	18	112	114	8	61	105	58	36	94	49	95	12	35	26	51	19	15	80	5	76	99	57	57	93	29	63	102	34	96	100	60	55	13	48	26	78	33	34	6	94	118	95	84	61	6	109	93	20	25	77	53	63	34	115	110	113	7	60	44	17	31	67	10	34	17	49	90	88	55	110	114	56	5	93	106	92	84	92	47	101	20	118	25	22	88	117	48	61	105	37	0	71	5	62	59	62	46	88	24	45	93	113	111	43	78	64	103	112	20	80	65	41	38	35	28	93	78	20	80	85	8	46	77	72	115	86	17	47	102	6	63	21	22	22	39	108	62	82	114	23	42	7	117	2	55	10	90	5	2	43	106	8	49	54	77	74	100	50	11	72	49	68	76	14	9	44	113	70	52	56	16	22	98	43	12	26	91	59	16	42	28	48	14	94	4	24	106	97	53	53	116	93	73	61	11	22	86	75	7	4	67	41	8	79	95	98	94	80	77	61	114	45	82	19	62	117	69	43	64	85	46	31	50	104	107	41	75	63	65	42	7	75	119	108	87	70	13	70	88	57	24	73	69	89	58	116	51	1	25	12	112	78	25	75	38	71	102	116	19	42	89	96	49	56	102	18	33	54	19	71	48	116	18	59	72	96	114	92	51	52	115	66	62	63	108	6	112	106	20	3	67	20	81	78	115	31	65	24	74	67	0	33	35	29	73	65	38	113	111	36	21	79	45	65	117	113	57	14	76	76	115	83	6	51	107	81	1	114	87	115	31	50	4	16	72	68	16	27	40	12	37	79	71	79	108	83	75	26	66	56	12	114	39	16	35	87	91	74	94	4	54	66	57	23	26	34	64	1	50	14	65	62	49	43	114	49	57	93	104	35	49	3	32	19	65	97	113	85	75	72	59	33	33	74	73	17	0	6	10	30	94	58	88	72	92	45	41	28	67	106	67	32	99	3	66	46	68	107	64	29	103	25	104	39	51	61	114	36	73	107	39	17	80	101	55	37	64	17	111	4	18	66	83	119	45	0	7	5	14	8	101	59	61	99	44	109	115	58	52	36	99	35	107	42	71	40	17	0	103	41	113	24	81	17	8	31	37	115	58	80	75	12	63	8	64	88	61	46	75	27	116	109	46	53	87	44	30	95	74	54	83	53	96	100	111	109	93	57	24	12	28	12	6	30	98	96	8	117	86	46	82	53	41	112	69	19	26	96	43	63	119	71	41	70	84	81	73	29	118	20	93	44	105	28	61	3	45	3	26	65	69	104	109	99	110	39	26	55	114	116	67	83	2	13	78	72	79	46	43	101	49	81	39	113	37	30	71	96	95	32	48	110	36	85	95	50	103	77	17	75	111	104	13	40	103	46	103	89	82	32	68	56	59	18	1	2	64	75	41	21	86	107	58	31	61	34	48	62	7	81	89	101	23	21	19	92	22	96	119	79	7	7	1	26	46	13	29	98	93	51	7	55	53	20	36	0	64	76	109	82	65	79	41	3	85	98	27	82	87	70	95	51	76	89	80	107	94	2	52	2	102	50	100	92	69	60	42	10	110	106	70	66	107	79	23	74	37	1	91	58	41	29	112	21	115	97	99	119	78	50	55	20	82	113	93	83	95	109	98	3	115	81	107	45	65	44	73	31	81	90	23	29	4	112	35	79	85	119	32	33	86	26	23	8	114	10	98	88	107	80	20	91	16	101	93	100	84	23	83	109	101	4	89	106	48	40	84	58	24	70	68	104	34	58	59	85	118	115	27	33	30	58	61	57	95	11	38	99	116	46	101	57	98	46	102	70	109	70	27	36	47	6	82	117	114	39	64	16	50	112	62	64	92	114	20	6	48	58	39	53	63	22	43	71	117	71	32	58	97	96	34	84	23	86	14	71	117	57	72	25	67	65	56	103	29	34	101	103	119	96	92	92	113	108	56	19	54	109	118	42	115	6	17	26	96	70	65	93	67	110	78	44	95	6	71	72	100	40	30	98	67	92	36	27	68	108	54	114	88	33	44	34	84	109	18	42	42	25	115	73	112	81	92	0	16	87	116	88	38	19	62	28	38	73	54	67	91	70	107	43	98	17	39	97	92	33	9	61	10	43	102	99	84	12	22	26	83	119	52	53	97	76	62	0	104	115	103	64	64	112	57	1	15	99	108	78	118	113	98	2	69	3	76	55	9	50	119	23	20	14	77	7	119	103	87	94	64	0	8	24	35	48	103	42	105	23	39	82	47	43	93	99	83	108	22	47	72	31	70	12	75	82	59	23	1	33	74	85	55	25	77	69	97	114	92	94	72	83	77	22	97	98	53	52	19	8	30	108	34	60	45	9	18	64	42	52	49	35	18	41	15	12	98	87	24	39	56	25	4	75	97	68	40	44	95	31	2	91	63	96	105	76	105	55	80	93	63	63	30	117	22	45	96	84	98	74	46	32	48	35	31	45	78	84	93	93	112	21	37	83	106	35	18	2	99	65	6	16	74	103	46	51	109	77	105	56	7	115	111	71	97	69	108	95	42	113	113	5	9	59	54	61	21	116	23	73	62	23	17	30	35	37	55	71	5	9	46	0	117	26	53	4	102	49	118	64	91	15	51	31	60	78	68	61	41	93	72	51	82	49	62	91	103	90	9	103	58	102	114	21	108	2	97	33	36	21	117	66	20	80	111	24	25	22	68	87	73	76	26	19	47	55	107	87	25	90	3	106	97	97	7	108	101	43	117	64	24	31	70	21	38	78	13	81	5	50	68	111	92	110	42	14	89	116	79	7	75	10	66	90	40	28	28	63	119	69	33	61	5	96	94	67	14	60	63	61	104	20	42	59	91	10	1	114	101	56	37	94	92	71	105	13	34	52	22	30	99	111	4	16	14	90	25	50	82	35	49	72	101	44	61	74	99	96	83	0	101	24	60	82	19	8	49	2	20	24	47	58	91	52	79	93	35	73	117	31	45	62	111	21	99	42	20	6	78	59	60	63	19	112	6	26	114	64	62	117	45	43	45	51	118	100	105	17	94	14	3	34	106	54	22	87	118	4	42	55	55	95	99	98	112	71	119	3	19	33	32	47	78	112	106	11	76	106	74	60	3	76	101	16	112	66	0	18	38	74	119	25	78	22	38	54	94	58	91	95	82	5	62	71	11	70	14	84	59	77	86	90	85	99	1	3	24	35	43	45	59	52	44	74	69	75	113	76	112	79	76	0	29	85	12	7	26	113	4	48	24	54	20	48	16	82	112	7	61	28	25	118	110	111	22	99	41	81	36	74	107	25	51	81	28	63	96	80	0	116	81	57	20	33	78	4	25	22	112	56	15	73	0	85	48	86	91	57	9	111	114	3	68	90	54	43	51	34	32	58	91	103	40	56	93	0	92	1	32	55	30	41	99	89	106	55	1	104	63	90	53	76	85	31	66	31	40	51	84	73	9	111	20	21	2	3	43	81	100	108	46	66	22	111	55	37	87	116	79	46	17	109	10	50	51	3	67	83	20	42	108	28	45	118	46	105	17	38	95	33	45	109	97	111	9	36	98	20	49	108	30	52	114	90	5	66	102	34	72	70	84	104	68	11	97	109	28	73	1	83	96	79	85	99	64	88	37	93	52	108	103	105	34	59	88	73	15	28	103	3	104	31	6	91	102	98	85	102	57	49	22	103	97	58	80	67	43	101	61	29	70	87	40	88	77	30	22	82	114	83	45	49	54	74	46	69	80	103	33	37	29	109	94	94	65	29	44	22	27	60	117	16	70	102	0	52	74	42	0	7	19	110	92	68	114	69	8	13	20	52	63	4	98	63	100	57	38	103	110	51	6	27	12	45	74	31	91	50	48	101	8	52	13	103	88	31	43	73	59	119	57	71	10	106	55	86	111	16	45	51	116	76	105	3	85	38	53	3	97	2	89	39	87	1	110	24	50	106	13	30	51	93	104	37	73	102	78	42	83	115	116	93	36	117	23	71	12	80	80	51	110	17	3	93	35	94	88	95	44	9	88	115	109	112	8	112	105	4	14	82	49	23	11	8	2	95	14	110	62	40	73	105	20	114	99	58	15	89	4	79	49	38	76	3	28	8	93	61	103	87	59	108	24	113	44	76	34	24	115	31	102	2	14	108	79	75	119	43	30	41	52	92	1	26	62	14	22	95	17	28	103	85	16	77	49	23	41	5	74	57	72	95	30	77	41	116	66	79	117	99	37	119	5	75	80	89	2	104	8	84	80	1	63	86	119	116	92	52	7	46	3	90	86	84	74	14	93	68	62	117	71	51	42	95	113	55	63	75	35	67	53	18	70	105	53	45	46	7	89	20	105	23	50	81	71	52	4	105	93	13	27	99	63	69	64	108	97	28	11	39	75	89	76	97	114	32	111	101	23	8	45	70	32	66	74	43	53	18	76	39	19	20	117	86	15	31	35	57	101	4	84	54	35	67	105	63	19	78	45	11	118	52	95	56	71	10	25	113	16	67	42	61	32	46	68	56	61	49	89	37	56	71	50	84	17	3	58	4	34	66	8	77	43	110	68	113	37	118	6	29	72	27	72	25	23	54	87	50	111	17	100	108	6	20	21	109	77	60	117	85	39	107	16	6	75	115	56	66	10	117	49	36	74	1	101	6	11	6	35	113	61	112	91	64	6	42	46	44	94	73	117	45	100	37	13	6	9	11	66	56	46	65	26	85	57	70	57	88	110	97	113	102	11	68	86	1	108	19	28	67	110	93	117	30	101	109	60	30	68	73	85	43	17	98	25	102	110	49	87	106	33	10	88	87	49	82	33	69	8	21	51	65	93	8	44	46	68	51	40	117	5	3	7	29	36	106	71	38	112	13	92	114	19	63	10	66	86	5	10	55	92	114	90	18	107	27	91	61	85	36	29	10	5	108	117	54	46	66	30	58	108	78	14	80	33	48	13	73	43	94	111	1	114	108	0	18	38	92	8	21	99	48	81	75	117	39	34	116	28	25	33	6	53	19	110	76	9	63	70	118	73	12	23	91	20	119	77	56	22	112	2	117	19	51	100	9	90	8	58	8	14	3	86	96	51	76	11	42	76	65	104	90	6	106	24	112	32	98	100	62	59	9	50	26	105	66	36	4	6	14	112	35	112	102	0	65	10	60	61	63	4	17	81	44	55	14	108	101	62	92	11	3	111	0	90	108	46	101	22	14	50	85	107	110	39	79	30	21	23	13	98	27	68	15	110	0	16	105	71	24	27	63	67	3	21	104	42	60	43	36	117	48	104	12	52	36	35	67	118	110	66	71	40	24	49	99	5	83	91	56	68	22	53	36	70	22	6	106	10	28	71	75	102	20	33	110	3	104	81	57	45	36	46	115	61	89	39	40	112	25	26	44	76	12	102	59	84	26	3	16	115	66	11	107	90	113	65	118	102	97	80	13	52	24	110	19	107	28	91	85	107	35	42	57	40	78	77	28	75	2	98	68	77	96	55	119	20	57	24	3	91	9	67	65	99	7	99	18	34	81	51	57	118	44	41	94	85	99	58	49	83	10	106	31	89	83	103	99	0	27	98	51	5	79	24	90	5	49	5	83	21	53	96	94	74	45	108	106	100	73	11	39	92	77	52	3	37	87	56	92	80	84	39	103	54	112	114	43	11	113	34	93	25	83	54	45	48	90	16	97	26	24	113	4	80	54	24	81	52	74	9	79	48	10	80	55	97	8	37	114	89	77	54	74	14	101	119	69	86	103	
10	11	15	6	6	15	11	12	6	13	6	17	7	13	17	3	15	5	17	4	10	13	6	3	13	7	15	15	18	12	15	19	1	11	19	10	11	20	6	15	5	2	3	17	8	18	8	7	10	2	18	12	7	18	10	7	17	16	8	15	15	17	14	16	20	5	1	6	12	17	18	20	17	15	5	9	2	20	20	20	14	8	8	5	17	12	10	20	1	18	2	20	2	15	3	1	1	15	20	20	15	8	18	17	13	10	4	7	13	11	13	18	3	15	11	7	17	11	11	2	18	10	10	2	17	14	4	15	2	14	15	6	7	11	20	4	15	13	12	6	1	6	19	17	17	7	19	2	5	7	5	9	13	2	10	17	6	2	11	18	9	11	12	17	3	4	3	11	18	18	14	14	10	8	11	14	13	20	5	1	9	11	1	6	6	9	19	7	7	6	15	17	16	19	18	6	6	4	13	1	3	8	8	9	15	1	10	6	3	3	15	9	13	9	3	3	13	16	8	6	9	2	3	1	1	8	9	15	2	11	3	15	10	15	14	4	5	10	15	18	13	4	7	4	3	5	15	9	16	10	9	18	7	19	17	16	5	9	17	3	3	1	1	16	5	9	2	2	6	20	10	12	5	13	9	19	12	11	12	1	16	5	17	11	9	15	16	9	18	13	18	17	6	6	8	19	11	6	12	17	2	14	11	3	4	7	20	19	9	15	18	18	20	5	1	20	4	11	7	3	11	15	16	11	6	20	13	10	6	1	7	17	20	10	16	4	8	7	13	1	4	7	5	4	17	18	19	3	8	9	11	18	10	17	11	15	3	11	2	3	18	5	12	14	14	14	15	1	9	8	18	15	12	9	13	15	4	16	1	10	9	8	20	2	13	9	14	20	14	12	13	12	11	9	5	4	13	11	11	20	19	14	16	6	19	3	6	11	2	13	11	5	12	3	17	9	2	5	9	9	4	17	8	9	15	20	19	12	10	7	11	7	7	10	6	13	3	20	20	17	14	6	6	2	5	4	17	4	18	20	18	1	5	15	6	16	4	17	10	16	3	13	19	9	4	18	1	16	11	13	11	10	1	16	17	5	12	13	7	17	9	2	4	7	4	7	11	16	2	11	15	17	13	16	19	16	13	2	6	4	20	11	7	16	6	12	4	9	13	6	11	2	5	1	3	1	15	19	14	16	17	9	9	7	4	4	5	7	16	16	11	14	18	11	20	3	8	17	13	5	2	12	7	4	18	17	2	5	4	1	9	2	2	12	20	14	8	1	20	12	19	6	9	16	13	3	14	3	2	19	2	7	20	4	12	11	20	11	15	6	5	16	18	8	11	5	16	11	8	3	15	6	12	10	4	4	13	8	1	8	2	2	1	1	4	20	6	4	7	1	5	8	12	20	7	20	17	10	5	8	10	6	8	17	1	3	13	8	6	10	17	6	19	2	8	13	4	14	17	5	11	12	4	19	16	8	5	16	4	17	7	6	17	5	17	5	19	20	2	17	4	6	1	2	9	7	1	2	13	12	1	15	4	12	15	3	20	10	1	10	12	8	18	5	9	6	20	9	19	7	12	12	19	2	11	14	3	8	18	15	8	12	10	3	9	13	4	20	10	17	1	8	9	12	18	17	2	16	16	15	3	10	19	15	15	11	6	11	7	15	9	18	7	8	12	11	4	3	2	18	16	16	14	16	16	6	15	2	15	4	8	3	12	8	16	9	14	11	3	10	5	12	12	14	8	13	1	1	4	5	1	13	15	13	6	12	13	6	2	14	4	7	11	7	4	8	15	16	4	10	7	8	7	12	10	13	2	3	10	15	2	12	10	13	10	4	9	6	11	10	16	15	13	13	16	2	2	8	3	8	12	1	5	14	8	9	14	5	4	16	16	8	4	3	6	16	8	2	6	13	15	4	1	1	9	9	8	9	3	8	10	4	5	15	14	5	2	13	12	5	7	16	12	13	9	11	8	11	3	15	9	5	5	4	12	3	10	16	8	14	8	3	10	4	3	10	1	7	2	3	7	3	7	4	7	11	1	4	1	13	11	6	14	6	5	1	6	13	6	2	3	3	11	8	11	9	4	5	14	5	1	7	14	6	14	15	6	8	6	12	2	12	3	3	14	1	6	11	7	7	7	8	1	16	13	10	8	9	5	15	3	4	5	11	7	16	11	16	7	4	4	12	1	15	9	3	11	11	7	12	1	13	2	12	4	13	4	4	8	11	16	16	12	13	15	2	3	6	3	11	11	15	4	4	3	4	9	16	6	11	3	12	8	15	16	13	4	3	9	10	9	3	7	15	7	5	9	12	1	9	12	3	15	5	8	15	8	5	1	9	15	5	10	16	13	11	13	13	16	6	4	7	5	14	5	10	10	1	6	7	4	16	16	14	16	11	10	10	6	16	5	12	11	6	16	16	6	5	3	7	11	6	15	3	8	10	10	12	9	1	13	12	3	6	7	2	1	14	7	10	8	1	9	3	7	1	16	16	12	5	6	11	12	4	14	7	15	13	3	11	7	15	6	7	8	10	13	3	2	10	9	16	10	13	8	15	1	11	6	10	16	3	8	12	4	13	9	4	5	5	3	7	13	8	13	12	10	2	11	15	8	11	2	7	2	3	14	11	5	10	4	2	9	7	15	8	3	12	12	13	11	6	10	16	2	14	9	11	16	15	11	10	3	1	16	7	6	10	12	15	8	2	4	4	5	2	4	14	7	10	10	15	1	10	8	7	12	13	7	2	16	3	8	15	7	8	10	12	6	10	2	5	14	6	1	1	8	7	10	2	7	8	5	6	1	15	12	16	8	4	2	10	15	9	16	8	3	11	10	14	2	9	8	5	5	13	11	3	5	16	5	7	15	11	14	5	14	2	11	8	13	10	14	1	16	2	16	7	3	8	5	12	11	1	2	13	8	3	7	2	10	2	7	13	5	7	16	8	8	1	13	11	13	9	16	13	14	10	9	5	16	12	6	2	7	6	7	12	4	7	11	15	13	8	7	15	5	4	5	5	7	2	16	9	3	2	11	15	5	11	5	3	9	3	9	13	1	11	15	16	14	7	15	14	7	10	6	9	8	2	5	6	6	13	10	5	13	1	16	7	14	8	7	13	14	1	4	6	1	12	16	1	1	14	9	6	3	10	7	9	8	6	9	4	10	7	8	13	13	2	10	1	15	4	14	4	1	14	11	7	3	5	9	8	2	8	5	5	14	4	3	5	3	9	8	12	9	5	8	12	4	12	1	12	3	7	11	8	9	6	6	7	10	3	16	12	13	8	12	15	16	10	2	11	10	12	7	15	11	15	16	1	2	5	13	13	5	5	10	9	10	9	10	3	6	14	4	10	15	4	5	16	6	5	12	9	6	8	10	6	11	12	4	14	9	5	15	6	4	13	6	16	16	12	7	13	5	12	3	4	16	5	11	13	13	2	1	5	1	5	11	6	6	12	9	14	2	15	11	15	8	9	7	9	4	4	15	6	10	9	16	9	16	1	14	14	13	3	1	9	11	3	9	3	3	6	7	10	13	1	8	13	9	10	15	15	9	12	7	10	6	12	4	3	15	7	3	14	2	16	9	12	15	1	1	7	4	9	8	7	11	5	11	16	9	14	1	14	12	11	3	3	5	6	6	9	3	1	15	11	5	8	8	9	5	15	13	16	12	8	10	9	9	3	15	5	6	6	11	7	6	8	6	1	6	16	13	9	1	7	13	14	1	3	16	1	3	3	15	16	8	15	16	14	4	5	13	13	6	10	12	3	15	12	14	13	14	12	15	5	8	10	16	3	3	16	7	14	16	11	7	11	14	11	9	10	9	4	3	11	5	9	9	16	16	1	15	3	13	2	6	4	13	6	5	10	8	3	2	8	1	2	12	8	4	2	2	9	14	11	14	3	13	4	7	11	9	3	15	5	5	8	4	3	3	1	5	2	10	14	8	15	2	8	13	4	7	15	16	8	7	11	13	3	16	1	3	10	11	2	8	5	4	9	15	4	2	9	5	15	13	6	13	14	11	16	8	4	15	9	9	14	7	10	5	4	13	6	5	4	15	11	5	15	8	14	1	12	8	5	10	3	12	14	13	14	7	12	15	2	3	14	11	5	13	7	4	16	4	4	9	5	5	12	9	10	10	3	13	13	6	12	4	6	8	9	5	3	7	7	7	9	8	13	7	2	9	4	4	4	14	15	3	16	11	13	13	8	11	6	12	6	7	14	15	9	15	1	14	7	3	10	9	1	16	16	5	14	8	5	16	11	5	5	15	10	2	9	13	7	1	15	5	10	11	15	8	10	14	1	15	14	3	12	6	3	1	2	5	7	15	8	4	14	1	5	2	15	2	8	3	2	5	2	13	16	8	8	5	9	3	1	14	2	5	2	12	2	6	8	4	11	13	10	3	4	4	1	14	12	15	11	16	8	7	4	13	3	6	9	2	12	8	3	6	2	2	15	11	13	9	11	9	15	3	9	8	14	7	11	13	12	9	8	3	12	7	3	10	5	15	6	5	13	8	10	16	2	12	13	16	10	3	9	1	8	5	9	14	13	8	16	2	7	14	5	12	4	16	14	5	15	11	2	2	3	12	14	12	15	13	15	5	2	15	6	15	13	3	2	2	9	14	12	10	8	9	15	16	11	7	16	12	12	11	7	15	3	2	9	5	10	13	12	4	6	6	16	1	14	12	13	9	12	3	7	12	15	2	4	3	13	4	8	8	2	15	2	7	1	13	4	11	10	7	11	9	10	13	4	7	2	6	6	4	9	16	7	6	7	7	1	6	4	1	11	8	15	15	15	6	7	5	14	12	1	15	1	1	13	14	1	13	2	12	6	5	7	5	5	12	10	13	3	15	13	4	3	12	1	1	10	10	8	14	5	16	7	10	3	2	8	6	6	7	5	1	10	4	16	10	2	3	4	3	7	1	13	13	4	14	4	4	3	8	11	2	11	10	12	4	16	8	16	2	5	5	16	8	16	1	2	4	16	16	8	11	1	7	5	9	4	11	3	16	10	1	5	3	8	1	11	5	2	4	13	12	10	15	11	4	15	12	3	16	10	15	15	3	7	5	7	3	16	9	12	2	4	15	4	14	15	7	1	1	7	8	15	7	5	8	6	15	9	7	6	3	8	14	9	8	15	2	1	9	5	5	8	6	6	8	10	11	9	10	9	1	13	15	10	1	7	6	9	7	8	6	3	12	9	16	11	14	15	15	3	6	1	8	11	2	11	6	4	2	12	12	15	7	1	12	9	4	13	7	3	13	13	2	15	1	3	8	10	12	5	14	1	6	6	10	10	7	13	13	2	6	4	2	13	8	9	8	15	14	16	11	1	8	16	10	3	10	11	1	3	2	5	14	13	10	7	13	1	11	9	10	2	1	16	3	13	10	2	12	2	10	16	14	7	14	15	8	5	2	14	6	2	9	2	3	10	3	7	16	9	7	9	9	9	16	11	8	4	13	5	2	8	7	7	3	4	11	1	15	14	11	11	14	6	16	15	7	12	15	5	8	2	11	8	4	12	7	6	14	16	14	15	1	6	9	8	1	9	11	3	14	12	13	3	16	2	10	6	3	14	16	3	1	2	15	9	11	4	1	14	13	9	12	16	11	13	9	13	1	11	8	6	11	14	5	15	2	7	9	15	2	11	4	1	5	10	9	13	7	6	8	4	14	4	14	16	10	16	8	3	8	12	13	15	10	16	3	2	9	8	4	12	4	1	9	13	16	16	7	3	2	6	12	6	6	15	12	10	7	13	4	12	4	15	16	2	16	1	16	6	14	6	6	10	9	11	8	2	16	7	15	14	3	9	5	6	3	6	7	11	14	11	14	14	12	16	7	1	7	3	15	7	10	6	14	11	3	8	14	11	16	16	1	16	9	2	13	15	1	1	16	15	14	1	1	13	9	14	8	12	2	1	14	1	15	12	7	2	6	16	9	5	5	7	6	13	16	12	6	9	3	1	14	12	10	15	3	15	15	14	12	5	9	11	14	1	14	16	15	13	8	9	16	2	15	6	4	7	5	14	13	10	3	3	15	10	12	13	5	8	8	13	4	2	10	2	13	9	3	1	3	4	12	11	11	4	5	10	9	14	8	5	3	2	3	4	15	9	8	15	4	2	8	4	16	14	6	13	10	6	2	12	5	12	15	1	2	12	2	13	14	15	8	8	14	9	13	2	7	15	13	3	5	3	13	13	9	7	8	14	3	16	2	15	9	16	10	9	2	13	14	15	14	12	16	2	16	5	10	16	14	8	6	15	8	15	5	9	14	11	16	6	12	11	3	8	3	2	4	6	15	6	5	10	16	3	16	14	15	8	13	2	10	2	6	8	5	3	3	11	5	14	13	11	3	16	7	7	10	9	2	5	8	3	3	5	10	1	16	2	13	15	3	13	6	13	12	6	1	4	16	9	9	14	3	6	15	14	12	8	15	9	12	14	10	5	10	7	15	11	3	13	6	8	13	8	2	2	12	14	4	10	15	8	13	16	2	4	9	9	5	10	2	16	12	3	12	11	8	15	11	10	7	2	15	11	11	2	11	8	10	13	3	15	9	10	2	7	14	11	10	3	10	7	12	4	12	1	3	5	14	14	7	7	13	13	2	7	9	16	2	7	3	14	15	15	3	11	7	6	3	5	7	4	7	13	3	13	13	10	5	4	1	6	5	13	8	10	14	11	11	5	10	9	1	6	4	11	1	13	15	6	6	7	1	12	16	2	9	4	7	11	15	15	13	6	10	7	4	14	9	16	11	1	16	7	1	13	11	5	6	7	13	1	11	1	15	2	8	8	8	9	16	15	10	9	9	3	5	1	1	2	9	12	12	14	12	9	11	2	13	1	11	16	3	3	8	16	11	15	14	13	10	8	8	16	15	9	9	10	12	14	11	10	15	3	10	9	5	8	6	1	13	13	4	14	11	15	2	14	3	4	6	7	8	6	3	15	15	1	16	7	12	4	16	4	7	14	14	9	2	15	12	16	15	10	13	7	15	10	5	9	11	3	13	4	14	3	12	6	16	11	2	11	7	2	13	9	9	6	5	13	5	7	6	4	10	2	16	15	13	12	3	3	11	14	11	16	7	10	2	3	1	7	4	11	8	4	5	2	2	2	10	16	7	14	7	1	16	3	4	11	2	15	2	15	1	2	9	4	10	13	7	14	5	3	16	16	8	11	9	6	6	4	5	1	15	4	4	11	3	2	1	7	9	1	9	13	6	8	3	13	5	13	4	15	13	3	13	9	9	10	6	3	15	6	6	9	4	1	13	4	12	16	10	8	12	14	11	8	10	9	15	9	2	3	12	1	4	16	11	14	3	5	1	14	9	12	15	2	14	8	6	8	14	13	8	9	8	9	3	5	2	7	13	4	11	9	10	14	11	5	16	11	14	13	9	10	15	15	11	5	14	7	15	16	16	4	5	11	2	4	16	12	16	16	16	12	13	9	15	7	14	1	15	10	4	6	14	3	13	13	4	11	2	5	16	3	8	16	11	15	11	16	12	13	13	2	15	4	14	16	4	1	1	14	10	15	3	3	1	5	5	9	3	11	11	9	2	9	10	7	4	2	9	14	14	9	13	7	10	14	2	10	7	11	6	15	6	4	4	1	13	8	6	9	2	1	2	6	11	16	10	4	3	14	6	4	15	1	12	5	15	16	15	11	6	13	2	4	2	3	6	16	6	1	11	12	1	3	7	13	14	15	12	11	8	1	11	14	15	14	2	8	16	13	14	13	3	8	1	16	1	1	8	9	9	3	11	15	7	7	13	12	12	12	10	2	9	4	13	16	1	12	2	11	13	9	12	5	11	7	1	4	2	8	16	15	13	11	15	9	6	9	2	2	5	9	9	12	4	8	14	5	14	14	1	12	5	14	1	2	1	5	15	7	12	12	12	4	7	14	11	16	12	1	10	16	6	11	8	5	2	13	14	2	16	10	8	3	11	10	15	7	4	4	9	7	11	6	9	1	16	12	2	7	14	2	8	12	9	4	5	11	3	15	4	10	6	5	16	2	3	14	13	10	2	14	5	12	2	1	7	10	3	14	14	13	14	1	8	3	15	1	3	11	3	6	8	6	2	13	8	5	1	12	4	9	12	12	12	5	2	2	3	10	10	11	8	9	13	5	16	10	9	14	3	5	8	11	8	4	5	9	12	16	15	4	10	5	14	10	10	11	12	1	16	15	2	3	11	11	13	5	7	15	2	16	5	10	8	4	3	4	10	7	6	15	11	16	1	2	1	15	16	16	15	8	9	15	9	14	8	4	13	6	15	15	11	7	11	2	15	16	12	12	1	15	2	1	5	16	13	7	10	3	7	9	11	14	16	1	1	10	14	14	11	6	6	7	13	8	8	8	3	10	14	6	15	13	5	7	5	11	4	1	13	8	3	13	10	6	10	13	10	9	5	3	16	4	3	1	4	13	3	3	5	15	3	13	10	13	7	6	14	9	10	13	10	2	1	15	7	14	10	6	13	9	10	1	1	14	10	14	9	9	13	12	12	2	14	9	13	13	14	12	15	7	5	11	3	2	2	10	7	14	13	11	10	3	11	16	16	14	3	6	10	14	11	12	9	8	3	15	13	14	16	15	12	9	4	16	6	8	8	4	4	7	13	4	8	10	4	2	1	13	8	15	13	9	14	8	15	5	10	13	12	14	6	16	3	15	11	7	6	15	1	3	5	7	1	14	3	4	2	7	13	13	4	4	16	3	7	2	2	6	7	1	5	2	14	7	9	15	15	8	9	4	8	8	4	15	9	6	1	13	9	5	12	5	3	7	6	12	1	2	7	2	7	16	8	2	7	16	1	5	11	11	1	13	13	1	16	7	16	1	8	6	14	4	11	15	15	13	7	3	3	11	5	8	5	7	14	13	3	3	15	5	15	6	15	16	2	7	4	13	11	7	7	10	16	9	6	9	13	16	3	7	4	16	8	7	6	10	14	11	6	16	12	4	1	1	9	12	14	9	10	12	10	11	14	14	5	4	10	14	5	12	16	2	9	3	3	2	13	15	1	12	7	5	14	5	2	3	10	6	13	13	16	4	14	16	15	15	16	13	14	12	9	6	13	6	3	1	3	14	11	6	5	13	12	11	1	1	6	5	7	13	11	3	12	7	16	2	13	8	12	7	7	13	16	10	13	10	3	3	3	8	6	8	2	7	7	11	1	14	6	1	1	3	7	5	3	9	7	11	8	12	16	11	16	13	5	5	4	15	3	1	13	13	15	6	6	10	14	11	3	1	3	14	2	14	8	10	9	10	9	2	10	12	5	5	12	1	1	3	2	12	15	10	14	10	12	13	9	2	13	9	7	1	16	1	11	9	11	10	14	7	5	1	16	12	16	15	2	10	2	7	9	7	14	6	9	14	16	9	8	10	13	2	16	13	1	15	4	12	14	13	14	14	7	11	12	12	7	13	7	11	13	9	9	10	16	15	6	16	11	6	1	5	9	3	15	3	8	16	10	12	11	6	13	14	11	1	14	4	16	2	14	7	11	10	11	12	11	4	9	2	2	16	3	12	4	12	16	2	5	1	3	10	8	8	14	2	8	4	1	10	1	13	7	7	15	9	7	3	3	11	5	4	10	11	13	5	15	6	14	16	3	11	12	2	5	7	16	12	3	11	12	12	5	10	2	13	15	5	5	8	4	9	12	5	11	16	14	2	6	4	16	10	4	6	5	9	11	11	1	15	16	4	15	14	2	11	8	4	8	5	9	11	9	12	12	4	3	7	14	16	10	8	2	4	8	16	5	10	16	10	3	11	7	9	4	14	8	15	15	11	7	15	13	16	4	4	16	7	3	7	13	8	4	15	5	11	9	4	15	15	16	1	2	1	3	10	6	2	5	14	4	16	14	8	12	15	13	3	8	15	15	12	13	7	13	13	2	15	1	12	3	11	7	12	11	12	4	4	5	9	11	1	12	1	3	6	15	16	6	6	5	2	6	6	3	13	11	8	16	2	14	2	12	3	7	4	4	5	9	8	8	7	12	6	9	16	1	7	10	13	7	11	14	15	7	10	8	5	15	12	12	9	15	4	6	5	3	3	5	6	16	2	9	13	5	10	12	10	13	15	3	13	1	1	12	16	2	13	3	1	9	6	9	11	11	10	4	13	3	13	5	6	1	16	8	4	13	1	6	7	6	12	3	9	12	4	6	12	7	15	5	5	8	2	15	8	8	14	5	5	8	3	10	15	5	5	13	1	7	8	2	14	11	13	13	1	7	9	14	8	15	1	1	15	14	10	9	1	12	13	13	1	5	5	6	5	2	8	13	2	5	16	11	9	7	5	11	9	6	12	12	1	6	8	15	1	11	14	4	16	6	15	12	14	2	3	7	3	10	11	10	16	1	5	8	15	9	9	7	14	6	13	9	7	13	16	11	1	3	7	4	9	10	6	7	6	8	9	5	6	9	3	9	16	15	4	9	7	11	13	4	4	13	9	14	7	9	12	5	2	11	4	6	1	1	6	4	5	16	12	8	15	2	2	1	11	12	13	7	10	9	13	13	14	4	13	4	11	15	11	10	11	14	7	3	14	6	2	9	4	9	12	14	3	3	14	16	10	14	13	7	16	15	10	2	1	11	6	10	4	7	5	3	16	12	8	5	2	14	3	6	11	11	14	7	2	7	3	9	11	2	8	4	12	13	16	1	5	14	14	16	1	13	7	16	10	15	6	16	12	13	4	2	9	15	15	1	6	9	15	2	6	9	3	12	11	13	4	15	6	7	8	11	15	1	11	9	14	3	8	14	5	14	2	9	15	7	5	13	4	2	5	5	1	5	12	12	16	9	12	2	1	11	12	3	6	6	14	11	12	1	7	6	7	12	5	4	10	11	9	10	11	13	11	8	15	16	10	15	14	12	12	15	4	6	8	6	6	15	11	14	13	8	3	7	15	15	8	7	1	16	12	16	13	10	14	13	11	9	8	1	2	8	3	16	15	11	3	16	1	2	6	1	11	13	5	8	11	9	16	1	14	16	12	9	2	1	4	8	4	3	8	12	1	2	14	2	1	15	11	3	10	12	6	13	4	6	8	4	9	5	11	16	7	4	15	6	8	14	1	2	15	11	16	10	9	11	7	5	5	5	8	13	6	1	14	6	9	2	11	7	9	12	8	4	8	1	3	3	7	13	13	1	11	9	4	15	9	2	2	10	15	8	15	6	16	13	13	10	9	9	7	5	16	1	1	12	14	14	16	14	2	8	5	7	15	4	7	15	3	4	5	15	14	12	11	9	5	11	8	5	1	10	10	13	16	1	8	5	1	11	1	14	7	15	5	16	15	2	7	4	2	16	8	16	14	12	15	12	13	13	7	9	1	13	4	6	14	15	2	14	7	7	2	3	16	10	16	6	13	9	2	14	15	16	15	8	3	12	7	3	8	3	10	2	5	2	1	5	3	7	9	10	1	7	10	5	10	3	14	3	5	5	6	11	15	1	1	16	10	10	13	7	8	14	11	3	4	6	16	14	13	5	7	3	4	5	5	12	10	16	7	6	8	16	10	9	13	12	5	16	2	10	8	11	9	4	3	9	3	16	14	8	5	5	10	6	6	6	7	10	8	15	3	3	5	7	5	2	9	14	3	13	13	7	8	5	5	11	3	14	9	6	6	9	11	14	2	1	13	6	4	8	6	4	16	7	4	12	12	2	2	11	1	11	7	8	9	9	14	5	5	16	15	4	1	6	2	13	13	1	16	2	5	10	16	4	12	2	11	14	8	4	10	2	16	9	8	10	3	2	15	16	1	8	2	1	4	2	16	4	5	12	1	2	13	8	6	12	1	2	16	16	7	15	3	11	10	5	13	2	11	13	13	2	16	10	2	14	3	2	12	1	6	16	10	7	7	6	7	13	11	16	10	5	1	5	15	4	1	2	6	15	12	12	5	16	11	16	16	16	10	3	4	2	13	16	11	13	15	9	3	3	1	3	15	5	5	8	4	4	15	2	16	11	6	5	5	13	3	11	1	14	6	2	1	3	14	11	6	1	10	2	13	5	5	1	2	8	12	16	16	3	7	5	12	1	3	16	1	14	6	3	16	5	9	6	10	10	7	5	3	2	13	9	5	2	9	4	15	15	9	11	6	8	11	15	5	11	15	5	6	3	7	8	2	14	11	14	6	13	4	3	12	10	13	13	7	7	11	10	6	3	2	12	13	6	9	8	2	5	16	15	13	2	4	15	9	8	2	5	14	9	7	16	9	12	3	15	6	10	11	11	9	8	16	10	6	9	11	15	3	14	1	15	6	5	3	12	11	2	15	8	11	2	11	5	16	12	5	9	5	2	10	6	2	2	14	4	10	1	6	3	4	4	9	8	1	2	5	7	12	13	14	15	16	7	14	5	6	5	7	13	8	14	2	16	6	5	14	3	1	2	1	9	4	6	16	9	6	8	8	14	15	2	1	15	5	11	8	6	12	8	14	4	4	8	2	12	5	8	11	9	5	1	14	3	8	13	11	2	16	14	13	2	1	16	1	11	4	14	12	6	1	5	12	12	4	16	3	8	5	1	11	12	1	9	14	4	11	9	4	16	6	8	7	14	10	11	5	9	4	11	7	12	11	11	7	16	4	12	5	15	10	2	11	4	16	3	11	12	11	11	8	10	5	7	4	12	4	5	15	2	4	12	9	16	6	11	2	15	1	6	15	5	16	5	5	10	15	14	12	5	8	7	2	8	9	14	3	11	16	2	7	7	11	7	13	1	1	9	14	5	3	1	1	6	7	11	4	3	3	6	4	6	16	5	16	3	9	5	9	13	12	6	15	1	4	8	4	14	10	10	11	8	7	13	12	3	16	12	10	6	3	2	13	10	15	9	1	7	14	8	4	11	1	2	8	3	9	12	12	9	12	13	9	13	3	7	1	13	5	11	14	4	1	13	8	15	5	2	15	16	11	14	7	13	11	5	7	3	8	7	5	16	14	4	10	5	13	1	8	5	9	12	2	7	3	6	11	2	8	7	14	9	11	16	2	1	8	3	16	7	11	10	7	4	13	10	1	3	11	14	12	2	15	12	12	12	11	14	10	6	3	7	15	13	9	8	2	13	10	9	8	3	6	5	7	9	15	15	3	1	2	8	5	12	11	1	3	15	12	5	12	11	7	7	12	6	13	9	13	9	2	8	16	8	9	6	9	3	5	3	14	6	4	13	3	1	2	6	3	14	9	5	4	13	15	4	10	5	2	2	9	7	6	3	13	2	4	6	10	1	8	6	6	2	1	3	7	13	12	3	11	13	3	15	13	16	14	4	6	2	5	4	13	1	9	7	12	11	7	12	10	15	11	11	11	14	12	12	7	6	2	7	14	16	14	10	15	10	11	8	6	3	16	16	13	3	4	4	11	8	16	9	2	3	10	1	15	10	14	13	13	10	12	2	3	6	5	7	10	8	8	13	9	8	6	13	8	16	11	16	6	8	11	14	15	1	1	12	11	2	15	13	6	12	6	12	2	1	9	13	9	15	15	5	5	8	9	2	7	15	10	11	12	10	7	12	14	5	11	3	6	11	8	1	12	9	6	15	13	3	12	1	8	2	1	9	7	15	5	12	3	9	1	3	13	8	14	1	11	4	2	7	8	13	15	12	3	16	10	4	7	6	11	15	8	15	14	10	15	14	1	13	14	9	2	11	8	12	8	7	11	7	4	5	7	12	5	14	1	16	7	6	11	12	7	6	8	15	3	13	11	15	7	5	2	12	6	14	6	2	15	12	13	4	11	15	10	15	1	13	15	14	16	6	12	15	14	16	2	8	1	14	10	3	8	14	2	2	1	1	5	7	2	9	16	15	8	7	14	14	14	14	6	9	9	14	5	12	10	14	1	16	5	8	7	11	9	8	10	7	6	5	4	1	13	5	6	6	15	9	9	14	8	13	14	11	6	16	1	5	3	1	8	15	1	4	9	15	14	8	4	1	7	4	14	4	14	15	16	14	9	8	14	12	4	9	9	1	13	11	16	2	2	16	1	8	16	4	16	11	10	16	10	13	14	12	16	10	6	12	13	13	6	6	13	7	6	1	13	10	11	6	1	4	9	10	2	13	2	6	11	2	16	8	12	4	2	6	13	6	15	15	10	2	16	8	13	16	8	8	5	4	2	16	7	12	14	12	15	4	6	6	14	15	2	11	5	8	6	6	14	9	7	15	12	15	2	6	1	4	3	12	2	15	14	11	8	4	10	14	13	1	16	12	11	12	4	14	14	6	13	9	4	14	11	4	4	16	8	16	15	9	16	9	12	5	2	7	12	11	16	8	4	6	2	7	15	1	16	16	10	5	2	7	9	5	2	13	1	4	13	1	15	5	8	6	4	3	10	16	4	1	12	8	12	10	5	5	5	12	8	16	2	9	10	2	14	16	16	11	2	13	12	2	11	5	5	12	10	7	11	8	5	11	7	2	15	8	8	4	7	7	5	14	9	14	11	10	15	14	12	8	8	3	4	16	13	15	14	15	16	6	5	5	4	13	7	13	8	14	11	14	4	13	13	7	1	11	14	
990	240	1000	420	170	330	710	160	740	570	260	190	870	940	720	800	550	400	560	340	930	910	450	180	940	400	120	520	350	940	770	960	290	360	800	770	200	890	100	330	730	450	220	170	870	190	690	540	820	870	820	970	210	160	540	160	590	440	690	230	140	480	650	840	890	830	760	540	670	230	240	740	270	350	600	180	550	630	710	230	950	150	800	470	260	250	930	620	160	850	170	270	790	550	950	850	590	370	770	300	360	810	880	960	850	790	230	800	430	1000	430	310	490	580	1000	260	700	890	260	320	170	180	960	210	160	920	230	740	980	510	400	630	780	350	830	670	440	660	560	710	280	170	490	510	860	890	150	900	240	800	840	660	310	120	960	730	580	320	220	100	690	790	210	280	540	370	480	540	450	340	990	330	850	710	660	870	500	460	240	520	640	930	300	750	260	640	360	610	190	450	370	530	840	280	910	130	410	710	650	100	980	850	800	390	510	810	760	160	850	760	700	360	710	120	550	480	850	390	440	900	540	980	150	390	540	260	320	420	810	540	670	1000	830	380	680	290	470	690	880	180	880	930	430	450	470	130	150	590	500	150	970	530	320	720	920	400	790	540	610	720	670	360	1000	960	430	170	540	820	520	800	650	630	900	500	440	410	860	200	310	630	210	280	610	510	360	820	510	650	100	370	300	400	520	310	530	590	900	130	160	610	410	360	490	570	470	840	100	980	960	220	760	970	370	360	120	490	780	150	380	600	630	560	550	310	600	660	970	100	580	630	240	990	210	690	1000	680	830	130	750	400	760	260	940	830	220	570	440	500	800	720	490	200	610	200	570	580	920	580	630	600	440	850	720	110	140	810	570	180	230	360	840	780	490	420	800	350	740	180	940	770	500	700	200	670	120	280	450	340	780	260	510	240	540	960	900	830	290	890	130	940	630	630	320	800	210	800	280	880	670	560	390	710	960	470	950	940	490	350	950	570	730	470	380	690	280	270	800	410	330	680	290	880	590	230	100	410	380	270	350	470	840	370	200	790	790	730	980	250	290	200	150	910	810	310	410	220	450	350	290	460	570	440	610	550	220	1000	500	330	690	750	840	820	820	680	760	590	100	450	970	910	840	700	400	770	550	650	640	840	810	130	690	490	680	780	180	800	720	900	690	580	890	570	770	440	710	480	230	350	180	910	290	410	380	360	470	110	330	330	300	830	280	430	130	460	800	850	150	970	300	750	760	510	270	630	200	340	700	760	450	170	320	330	910	750	930	980	540	990	170	320	380	270	700	320	430	690	120	950	600	990	920	750	770	960	600	170	960	700	770	810	810	230	640	610	200	960	710	870	680	710	200	760	960	100	470	100	840	150	520	150	630	150	870	220	140	390	360	220	490	630	200	710	420	630	350	960	120	400	830	270	970	280	540	880	460	590	520	580	530	900	440	330	540	360	180	880	610	630	410	850	750	230	930	500	250	480	400	630	850	970	430	970	730	800	410	810	620	830	160	240	570	330	770	800	260	800	970	220	530	950	120	470	1000	670	350	420	480	870	990	660	560	960	520	370	810	450	820	550	850	940	320	880	130	430	710	790	940	760	540	210	870	540	360	940	260	980	400	510	340	990	420	110	390	470	400	530	610	410	910	390	230	170	220	900	280	220	450	280	760	320	740	970	970	320	410	510	650	510	210	930	840	940	550	130	360	510	110	510	130	630	970	310	680	370	900	360	190	810	680	690	680	670	750	570	330	320	370	480	210	100	860	530	430	270	160	580	350	440	940	450	610	900	720	230	800	960	860	470	580	540	400	520	570	400	280	270	430	290	710	450	980	890	570	410	840	420	480	440	690	970	590	550	980	710	530	210	460	250	280	580	670	870	850	130	470	220	530	260	130	980	360	770	680	330	240	410	190	670	110	630	180	510	590	360	920	110	170	520	650	580	380	730	470	340	560	500	920	840	340	620	430	680	510	370	110	220	650	260	700	260	780	590	480	920	440	200	750	270	360	400	360	390	790	680	710	150	760	330	340	460	540	680	970	270	870	250	980	200	990	640	970	260	980	420	810	200	490	540	810	570	760	850	540	620	180	810	660	790	460	790	860	440	220	850	790	370	590	810	410	500	400	920	930	140	290	330	110	160	230	970	380	340	750	690	570	410	860	990	560	290	220	280	750	720	980	980	590	830	960	920	900	540	280	770	910	790	850	810	940	210	530	280	610	600	450	960	980	520	410	100	160	290	880	390	240	600	190	680	640	790	780	500	190	680	230	310	400	700	910	710	520	490	170	890	230	110	390	980	170	640	480	370	460	560	310	620	960	230	930	320	410	770	970	740	580	590	210	370	500	830	410	600	930	570	440	140	730	190	650	580	180	660	920	520	120	280	970	430	220	150	720	600	810	240	990	730	950	220	270	940	630	370	620	210	530	570	490	460	340	840	570	260	600	930	140	360	750	550	750	960	250	380	180	770	830	170	790	470	870	640	170	940	150	520	710	110	890	410	370	890	450	610	850	380	1000	150	690	510	300	900	930	570	970	490	920	360	610	540	830	470	550	670	130	510	770	710	620	330	860	660	370	160	660	370	220	930	200	700	190	770	660	470	900	840	620	910	960	850	920	780	280	410	780	680	910	730	610	190	150	470	460	570	290	410	980	720	410	620	130	180	140	140	990	640	160	830	180	690	970	580	980	870	120	520	560	300	910	140	960	630	590	950	630	530	840	950	400	160	340	730	280	680	890	140	150	220	270	290	560	540	930	340	490	280	490	760	430	140	160	890	200	310	210	680	130	750	490	770	610	230	110	800	830	810	620	920	420	750	930	570	230	100	900	450	710	760	870	420	820	680	150	500	880	870	220	280	880	910	850	960	130	210	970	490	420	820	620	960	320	940	900	120	240	120	570	600	160	950	420	700	440	540	360	110	1000	740	410	810	360	240	460	390	590	440	1000	200	620	600	170	160	280	760	130	460	380	730	1000	320	110	150	500	570	130	730	240	390	410	980	330	380	470	750	820	880	290	810	590	130	300	780	270	120	660	720	380	510	890	940	670	550	470	790	230	520	980	420	900	280	300	990	500	960	730	120	550	560	410	590	910	760	830	190	580	390	430	610	950	410	420	820	670	230	390	770	930	700	970	290	610	440	330	970	330	510	950	300	780	480	700	440	400	930	150	880	880	660	770	200	530	570	370	690	830	950	590	930	990	300	800	370	240	190	610	130	140	800	470	720	230	940	690	300	580	670	820	730	610	900	650	760	960	450	510	860	250	920	370	220	970	320	120	470	720	210	890	770	260	390	950	790	130	500	170	190	960	970	440	890	520	160	350	170	510	310	630	550	280	970	230	930	350	200	650	630	950	630	580	280	300	470	660	980	730	250	230	690	420	180	210	400	240	410	290	770	110	520	220	170	760	220	540	220	420	600	810	490	470	680	220	300	400	400	630	500	460	820	630	500	340	130	830	230	460	180	540	980	330	550	710	980	960	580	620	840	370	950	480	830	950	140	450	1000	280	190	420	420	440	840	950	450	990	700	710	620	120	470	610	140	310	210	630	680	230	300	490	590	380	240	150	370	810	380	450	840	970	210	310	600	420	550	490	200	880	400	240	550	710	160	170	410	640	550	830	870	350	650	730	490	930	920	530	540	760	500	340	390	810	730	310	390	430	770	100	100	990	610	1000	810	820	1000	590	860	980	690	400	750	610	850	330	550	410	1000	460	670	920	650	120	320	580	570	910	940	140	710	190	480	660	430	610	410	210	480	170	960	800	860	820	140	660	950	140	260	180	890	210	910	640	820	560	560	800	860	480	200	650	830	350	920	640	890	750	110	110	460	290	820	140	390	560	480	990	980	910	820	220	770	110	200	720	760	420	690	300	630	220	350	270	840	920	1000	370	310	940	310	980	460	960	780	870	650	220	100	820	280	160	620	440	830	120	190	730	530	520	600	160	160	840	250	380	240	270	740	460	400	330	360	870	740	790	210	670	270	210	740	470	990	560	150	320	270	400	490	880	870	260	680	950	1000	910	980	840	400	640	550	550	930	790	710	660	860	280	520	660	870	520	920	330	580	960	740	240	610	290	610	940	170	370	220	910	980	210	530	440	490	870	690	420	560	300	990	680	220	470	450	870	420	840	360	240	330	930	480	240	990	350	150	920	780	420	650	900	980	850	1000	240	130	980	140	940	120	290	200	250	350	850	970	510	810	340	470	420	880	760	800	990	840	340	610	140	530	240	560	440	510	640	380	930	540	550	880	650	460	720	950	370	770	130	840	570	920	980	870	410	920	660	220	690	890	220	500	120	910	350	760	740	200	630	470	390	290	410	830	310	420	190	370	410	330	330	890	250	500	390	430	740	500	460	750	650	120	740	820	410	710	610	870	910	880	500	190	750	210	1000	780	240	860	730	550	520	570	1000	770	380	770	570	250	820	950	210	980	630	640	710	160	310	340	520	800	810	910	690	850	530	790	370	580	270	530	460	640	860	860	100	290	620	190	960	840	270	590	600	500	770	340	850	180	260	490	310	770	830	180	260	730	310	460	880	110	260	440	840	600	620	880	320	760	410	160	1000	130	580	740	830	710	830	900	910	240	520	910	690	650	280	200	840	680	410	200	410	240	270	100	950	100	250	390	480	550	100	430	730	870	840	420	720	540	490	550	260	230	750	490	450	130	520	900	670	330	420	240	520	220	180	760	220	190	900	510	690	910	800	1000	100	680	910	600	330	700	530	540	170	440	150	780	780	360	300	490	770	100	400	590	890	160	210	590	250	770	410	290	650	910	580	640	140	480	470	170	310	490	200	420	210	220	600	570	500	930	300	670	370	540	850	260	510	710	260	950	230	600	770	920	260	690	670	800	580	770	790	280	890	500	300	840	460	120	280	530	970	470	540	990	170	820	520	770	580	550	750	480	150	530	460	120	280	300	140	460	440	330	780	950	980	910	540	410	850	600	980	580	260	280	420	110	840	400	380	210	750	950	180	480	250	520	400	300	450	370	1000	760	530	340	420	650	450	470	350	440	630	620	370	520	900	100	550	810	410	810	690	590	210	470	140	350	820	220	870	610	780	960	440	970	440	140	510	150	200	530	570	850	850	560	910	800	580	990	420	860	610	550	660	930	940	200	340	710	920	830	300	340	990	850	410	660	470	890	180	630	990	920	890	360	230	770	790	800	860	970	380	910	470	750	650	590	410	650	900	510	520	630	790	510	880	620	470	930	180	1000	720	450	760	880	630	500	400	480	180	590	810	470	220	520	570	450	100	960	780	250	890	150	680	540	630	860	160	300	730	890	880	430	750	350	400	640	710	500	110	600	250	860	890	190	890	500	870	340	870	780	120	320	150	430	610	540	280	520	820	900	920	750	910	980	680	1000	640	300	360	270	900	650	630	230	790	310	110	440	690	860	640	250	480	670	310	980	710	540	200	730	880	730	460	860	110	290	500	280	220	390	630	420	200	650	190	500	580	940	410	810	400	530	940	250	150	850	400	680	270	510	680	490	850	760	940	910	130	970	440	770	400	250	230	1000	480	720	930	310	700	680	310	480	300	870	520	300	480	440	620	720	560	380	300	890	410	250	310	330	990	780	900	450	520	900	360	610	990	420	930	150	270	380	710	200	130	460	450	950	480	520	810	850	850	830	530	630	340	420	210	400	900	410	200	610	280	840	800	220	350	560	440	480	450	950	960	840	290	910	470	260	350	620	430	320	470	590	830	450	290	590	480	970	490	580	300	460	510	930	820	310	590	360	710	490	570	170	790	930	240	700	290	930	870	190	130	590	960	260	280	490	770	390	810	500	660	530	200	340	590	940	920	490	370	890	560	280	400	950	270	620	900	230	220	860	440	950	200	350	400	720	690	200	480	590	280	740	430	150	560	880	470	100	990	690	420	520	510	500	430	470	300	590	790	900	260	620	270	800	180	610	470	640	220	510	140	730	200	990	330	490	930	980	580	580	260	370	560	180	490	120	160	760	1000	980	490	340	700	360	750	790	560	970	550	230	600	600	520	220	670	260	560	420	370	100	840	840	510	650	500	950	160	260	370	340	660	280	740	210	480	660	490	600	430	1000	1000	500	660	570	780	690	450	760	120	950	670	800	680	660	890	550	220	640	890	220	880	650	790	790	940	120	180	550	470	400	450	830	490	180	620	330	410	860	690	730	660	980	740	100	590	290	990	160	880	200	580	350	620	660	850	460	770	750	970	900	120	740	400	760	340	630	890	300	460	560	500	610	340	440	740	550	880	300	580	760	960	950	840	620	610	800	720	830	130	150	850	350	810	150	750	710	200	730	280	950	170	850	320	370	840	600	950	120	580	850	270	400	100	790	800	460	920	550	680	140	190	440	480	810	220	510	850	120	740	930	550	660	500	440	790	140	210	140	510	590	910	830	240	830	650	350	590	810	160	980	100	190	640	410	890	720	550	590	570	920	720	600	800	710	560	960	770	770	130	700	370	460	370	940	100	920	700	210	670	240	560	780	760	930	610	960	260	730	970	550	980	370	280	270	870	280	340	480	760	200	960	910	930	100	340	520	510	500	210	700	770	870	890	940	500	370	440	320	720	290	110	600	790	310	300	740	940	130	360	200	650	770	780	570	100	550	670	630	910	110	770	500	900	900	170	580	820	280	240	830	760	640	680	660	140	730	180	300	750	990	870	160	790	610	540	890	290	800	470	640	260	110	680	830	310	200	130	250	460	280	100	910	610	250	630	960	950	220	540	310	620	490	340	520	540	930	590	710	300	330	430	890	770	350	230	710	340	950	610	790	360	850	730	890	620	640	370	680	880	650	100	760	170	780	820	930	150	300	170	900	890	810	650	710	650	620	900	800	730	780	420	690	810	850	310	100	350	830	640	970	200	640	450	910	830	190	910	460	960	900	940	360	330	370	890	720	510	900	410	270	230	910	720	980	500	650	830	100	300	380	410	900	610	140	380	550	310	600	470	340	110	330	600	980	590	290	770	670	610	240	150	400	400	110	370	250	790	600	800	630	420	970	260	200	890	270	260	990	220	670	170	910	350	720	640	270	790	960	330	980	580	430	970	550	760	130	390	530	750	980	210	520	820	120	180	190	650	570	380	900	900	600	960	880	460	130	860	290	610	650	120	620	420	880	960	770	860	690	750	230	830	300	150	110	330	810	880	720	200	560	800	290	200	480	210	980	830	270	340	990	820	170	1000	270	490	620	680	500	530	280	810	700	330	210	950	120	680	770	310	390	810	540	430	490	530	730	360	820	1000	130	350	370	630	350	450	580	610	780	880	500	680	270	240	960	750	510	370	430	160	500	270	420	110	480	160	860	200	1000	680	500	140	910	220	310	130	460	930	820	970	910	990	900	290	190	420	930	840	470	180	620	430	820	920	660	260	630	530	420	210	290	990	720	700	530	620	880	510	710	790	150	930	640	260	830	150	810	310	430	850	860	320	700	750	810	640	130	310	640	610	100	920	510	400	640	790	260	100	480	760	990	200	160	730	720	950	440	650	150	290	120	710	700	800	870	440	180	300	670	400	730	880	450	870	140	660	120	900	850	270	700	240	170	410	320	670	600	240	660	180	260	990	170	440	320	820	930	200	540	290	570	960	670	800	620	750	440	820	760	770	880	370	330	740	830	750	1000	810	130	380	850	760	830	400	740	790	290	530	760	610	810	640	730	730	750	630	730	1000	720	240	730	550	860	500	200	970	310	210	480	360	460	780	650	670	720	410	120	460	620	560	420	700	1000	750	360	600	170	560	530	460	690	700	160	310	180	800	750	380	880	730	990	270	110	680	550	820	380	350	130	800	690	430	700	720	700	240	230	460	950	760	500	820	580	370	370	830	150	770	480	320	220	150	540	900	730	890	920	970	680	950	950	340	100	250	760	410	390	180	580	470	280	870	270	260	680	770	280	560	900	290	450	920	130	350	430	940	730	180	520	660	180	140	720	300	610	100	660	930	780	890	600	530	200	990	820	880	100	540	570	580	510	230	210	780	310	370	160	450	700	800	960	270	820	420	760	190	670	740	770	740	100	900	950	820	150	520	750	170	340	900	980	240	780	920	490	940	260	320	910	570	650	740	860	580	800	860	680	600	650	340	260	790	250	140	980	560	270	200	280	330	890	310	210	150	980	330	370	600	820	390	570	390	360	840	660	840	110	110	290	140	290	970	620	410	380	560	970	270	380	420	440	130	610	670	490	370	140	630	500	260	200	220	370	300	150	530	890	810	370	990	780	190	970	170	140	790	830	650	810	830	950	690	450	120	110	810	640	190	950	520	870	990	360	110	820	450	440	960	540	460	680	620	180	310	130	160	870	140	880	700	440	740	990	180	320	210	960	260	910	360	150	860	200	190	470	720	740	180	410	330	690	240	520	530	700	660	510	280	720	420	850	630	710	200	780	830	760	290	630	870	850	510	480	330	930	510	790	520	650	270	110	430	660	740	400	570	520	670	300	740	210	220	950	840	220	960	950	220	680	530	260	770	530	850	380	940	100	620	380	920	900	550	200	280	320	930	130	490	170	1000	420	670	920	760	750	430	890	750	980	140	280	270	130	360	410	940	980	960	580	770	510	510	160	270	510	330	590	560	610	660	330	820	330	450	980	390	140	200	310	170	360	150	260	600	990	710	430	840	640	210	210	560	960	930	900	340	550	850	620	540	760	450	590	290	580	720	360	730	220	930	600	690	540	380	830	730	660	130	780	910	450	290	980	550	490	130	180	160	980	870	930	560	770	490	460	510	620	590	730	220	710	990	960	690	130	930	990	210	530	610	750	480	460	160	750	700	770	110	510	620	350	440	560	870	740	410	830	150	370	810	480	870	180	600	720	320	110	870	130	500	680	870	550	970	950	460	160	110	850	910	120	330	140	810	820	740	610	140	860	360	890	310	210	650	980	360	220	170	260	580	480	240	530	670	160	640	850	790	910	920	500	810	640	630	940	920	270	170	850	560	210	720	960	550	790	910	440	730	620	750	850	660	720	110	580	910	770	260	950	100	210	890	690	870	540	690	310	120	800	230	690	370	160	890	310	600	910	190	780	900	500	800	710	530	590	230	310	910	470	690	310	620	800	260	490	930	510	330	870	880	950	220	920	440	310	790	780	350	400	410	980	290	580	570	890	710	570	1000	870	570	970	840	420	930	170	380	640	720	950	700	880	480	620	750	570	760	950	940	570	160	390	560	770	390	560	790	960	690	750	840	240	550	850	990	620	860	800	640	170	110	700	400	240	450	870	390	350	850	520	940	790	940	450	820	360	470	210	600	600	240	440	590	270	120	910	100	250	760	490	330	160	550	880	630	590	660	320	150	530	520	610	130	350	970	740	1000	360	510	130	700	750	320	730	740	500	540	300	350	460	260	910	650	210	150	320	960	300	540	380	730	970	780	540	450	600	610	710	940	830	950	530	580	790	860	980	970	140	840	780	570	540	470	170	850	830	440	270	380	920	660	950	350	280	600	380	620	680	690	360	140	740	170	200	850	750	500	460	470	700	960	470	430	410	430	620	710	970	410	150	760	840	740	610	710	490	250	450	130	510	680	480	710	840	300	220	120	840	230	870	650	500	330	160	690	420	190	450	190	340	140	410	290	670	880	240	970	350	1000	180	160	810	390	270	180	640	610	440	450	150	220	780	310	740	970	890	260	510	900	790	400	890	980	900	500	260	960	610	380	600	570	770	790	950	630	490	450	230	160	770	870	370	890	630	460	480	460	310	670	930	410	590	430	610	940	870	720	740	840	620	350	900	420	400	580	420	110	500	730	320	520	300	420	190	350	450	120	740	750	920	870	660	820	220	930	680	370	510	450	170	700	210	880	190	280	970	250	590	810	560	370	790	180	800	450	720	680	370	570	630	370	850	480	520	1000	990	300	640	300	340	430	590	100	710	350	560	810	670	310	510	940	980	780	280	1000	290	520	470	810	230	630	450	240	610	450	650	520	380	120	680	280	910	700	320	270	320	270	280	940	820	210	340	1000	460	350	450	450	720	310	320	140	770	100	850	800	550	900	520	490	200	320	790	460	720	260	490	550	360	120	390	860	590	270	470	870	850	220	1000	600	310	370	610	480	550	530	690	790	580	500	970	950	880	830	710	310	920	590	740	960	400	820	290	680	250	390	100	850	950	650	600	400	730	310	410	110	630	540	630	770	470	300	390	190	630	170	930	470	840	680	810	580	740	380	830	1000	210	640	520	390	230	980	170	750	810	500	660	430	510	660	200	580	900	650	210	620	950	410	840	700	330	840	780	780	510	900	250	340	950	680	540	410	210	360	880	890	850	930	150	240	170	300	810	970	310	810	230	510	140	230	910	210	900	150	430	730	200	340	120	590	420	500	810	580	570	210	360	910	680	740	530	720	670	780	500	200	500	170	440	300	220	810	1000	830	300	730	570	560	820	410	320	100	630	740	880	220	770	370	620	910	860	820	550	180	520	930	760	950	690	850	720	880	690	340	340	260	380	190	990	840	180	290	930	170	370	380	800	490	490	520	890	630	920	130	450	820	430	200	380	970	500	550	230	730	490	350	310	200	510	410	520	840	870	820	170	530	540	100	480	830	260	800	680	530	520	950	250	130	800	780	410	790	850	800	380	440	720	720	960	880	150	620	770	500	390	290	500	140	460	240	980	240	780	680	880	150	790	920	550	620	630	120	330	220	530	840	590	120	740	120	740	520	720	400	920	380	400	230	470	530	200	720	350	370	610	790	650	960	290	820	460	830	900	620	310	280	550	190	100	170	860	250	800	490	440	580	100	430	860	240	270	220	940	490	820	580	660	1000	880	620	220	950	180	800	180	700	970	710	210	660	500	320	400	340	500	100	580	150	290	950	660	340	200	160	340	980	390	340	520	880	990	520	480	670	670	340	270	310	290	180	830	660	130	750	580	740	110	840	640	870	270	440	560	610	140	600	340	820	620	510	390	120	120	640	800	720	600	440	410	210	110	380	270	590	590	410	620	630	150	630	840	580	730	140	630	960	890	860	790	330	440	970	180	340	110	130	180	790	560	740	220	600	820	550	110	640	930	310	810	810	300	390	220	660	660	490	710	110	300	880	350	370	380	290	120	850	930	290	520	180	420	570	170	830	370	450	780	140	210	660	780	690	490	560	430	760	280	490	620	530	340	770	400	290	580	460	720	100	740	790	240	160	400	230	700	480	940	470	710	760	560	860	210	870	700	890	150	240	260	200	500	330	220	820	120	930	450	580	620	730	980	430	260	350	750	510	600	320	710	550	660	740	140	500	420	670	780	240	540	810	440	770	760	180	200	710	800	590	930	950	450	650	560	600	320	870	170	390	100	190	320	600	260	700	420	880	550	730	560	380	320	380	630	900	690	180	210	330	940	450	640	780	320	210	820	500	360	290	420	950	450	100	530	760	670	850	510	190	460	140	240	610	630	480	440	130	1000	180	110	530	940	210	560	650	880	310	490	790	630	480	470	700	210	430	890	660	1000	640	650	770	600	170	510	540	180	540	870	460	300	270	300	370	370	380	220	990	780	940	490	650	660	970	770	830	300	990	210	250	150	760	270	820	250	550	270	740	900	430	220	620	740	640	880	660	950	280	670	440	160	330	720	720	330	540	980	770	410	500	410	190	330	330	320	800	740	760	900	170	360	330	130	340	410	280	240	1000	340	300	390	470	790	240	340	430	820	820	650	740	680	280	760	770	110	500	980	270	430	970	200	930	530	880	650	760	340	550	150	240	500	330	860	710	500	640	140	540	610	530	980	860	310	260	400	550	660	800	360	540	540	220	590	340	130	300	910	480	910	820	310	240	480	570	850	150	250	840	820	770	680	460	380	550	540	360	390	320	490	350	320	620	620	960	940	720	720	140	400	620	930	810	410	200	170	120	790	680	220	870	850	750	890	860	770	620	180	780	320	230	640	280	200	470	530	440	400	340	740	460	510	430	460	270	770	940	620	140	940	540	570	140	130	290	740	720	480	340	640	750	530	680	160	110	720	880	780	450	380	970	440	350	910	430	650	640	380	500	920	210	970	370	820	820	740	950	590	410	170	190	500	810	310	840	420	710	840	920	250	300	640	530	210	180	320	750	480	300	290	500	500	420	320	940	1000	100	500	520	280	870	310	150	460	680	660	920	600	380	780	930	970	930	200	390	590	970	290	220	780	760	550	800	250	100	950	970	380	340	140	180	1000	920	590	350	230	430	520	960	150	270	760	200	820	370	880	320	370	990	450	300	320	110	290	540	660	750	640	260	330	290	720	940	730	700	790	830	720	970	980	210	600	400	710	100	530	390	190	1000	870	980	320	560	590	430	200	770	990	860	930	470	250	390	200	320	350	650	810	360	530	210	780	900	180	490	950	170	940	920	320	540	590	700	180	790	150	650	150	480	830	600	990	610	810	720	100	390	210	680	970	420	650	770	770	940	240	600	320	560	880	390	700	910	220	380	220	820	790	640	550	320	310	390	140	160	280	830	270	1000	740	450	970	790	230	890	290	290	620	340	240	590	510	770	860	160	330	820	420	580	220	850	420	780	140	440	450	910	640	270	240	720	780	360	570	340	130	150	940	880	510	330	350	550	740	150	500	390	780	550	990	720	520	680	990	140	330	950	920	450	100	540	610	470	330	310	400	520	980	930	300	540	990	640	740	430	820	370	380	860	620	150	490	920	710	420	510	550	920	740	660	650	440	180	480	480	740	120	340	350	370	160	460	500	530	310	930	800	580	170	330	250	470	900	460	800	460	750	200	920	960	320	430	780	760	230	140	120	320	160	890	520	500	900	750	800	780	680	710	150	990	580	170	950	570	630	380	910	400	880	540	810	730	980	780	340	650	210	940	340	450	210	890	820	190	270	880	760	560	360	500	840	710	900	820	420	680	650	410	960	540	370	530	800	740	680	310	350	410	1000	180	700	280	460	990	890	370	940	320	540	320	820	310	760	680	870	380	940	320	510	940	430	720	630	570	560	900	210	340	560	560	560	640	690	510	160	960	410	820	480	960	420	600	550	200	180	230	260	470	380	850	950	440	340	940	220	720	750	640	480	310	660	590	930	920	450	380	740	390	260	690	730	810	160	520	870	940	790	920	230	820	910	440	500	600	560	380	720	470	340	540	400	480	990	220	940	750	840	930	340	320	990	590	710	350	180	660	940	130	630	980	670	940	560	420	340	430	110	200	490	740	490	820	490	820	140	200	710	720	890	360	470	570	870	270	710	690	300	230	660	680	600	860	120	970	330	140	640	450	350	200	390	960	220	930	410	770	430	200	660	650	880	530	340	570	390	940	290	370	440	160	350	800	510	950	320	670	370	430	120	280	600	750	640	730	280	970	380	950	130	490	530	820	130	830	140	910	760	110	440	240	280	800	340	870	800	970	720	800	990	740	690	570	780	500	810	930	930	570	490	890	620	660	730	640	230	180	290	230	840	130	330	190	120	230	320	700	230	500	140	700	440	490	780	490	750	480	990	340	850	430	180	200	440	110	980	790	240	600	950	600	670	290	190	180	250	670	940	210	970	840	940	210	380	450	400	360	410	220	730	140	930	520	710	660	190	460	650	170	730	980	530	620	910	750	760	340	530	890	150	110	920	380	980	580	1000	1000	790	390	670	760	470	330	140	880	460	820	210	900	300	100	620	480	730	560	480	170	390	600	990	590	890	270	950	260	940	600	150	620	930	850	500	810	880	940	230	120	420	580	470	550	990	350	150	230	180	360	200	660	190	270	520	320	780	670	180	620	840	470	220	400	860	130	330	850	960	100	600	550	770	360	590	630	370	550	710	550	560	900	550	300	870	140	310	640	750	480	610	890	570	640	540	520	160	750	420	780	410	390	620	120	990	160	880	170	680	710	460	790	740	310	530	760	980	890	150	900	970	320	430	1000	330	580	710	810	570	440	520	230	290	690	890	590	530	600	930	730	800	260	670	190	520	820	630	720	380	330	610	970	940	130	290	580	820	740	350	310	920	970	760	460	470	470	190	100	360	960	740	940	590	610	290	610	110	130	210	730	810	630	350	440	680	380	580	220	850	330	440	540	270	380	110	930	360	570	840	940	630	860	760	500	1000	990	850	840	390	880	310	100	670	950	430	870	910	740	860	260	820	450	110	640	930	800	130	350	480	210	310	240	620	780	590	880	770	690	900	950	760	480	600	240	410	460	330	830	660	810	220	580	620	800	700	100	480	350	650	720	210	510	820	550	990	500	790	980	240	870	380	160	490	210	390	580	820	150	230	350	290	670	740	350	860	830	390	980	440	390	360	220	330	750	380	370	470	590	720	750	810	380	100	1000	460	760	710	770	210	830	360	990	290	220	560	540	270	270	330	260	610	480	370	590	720	550	260	270	880	850	160	790	900	870	340	970	930	550	670	290	590	180	790	180	360	980	120	210	380	660	120	970	100	400	270	250	780	130	360	310	760	510	260	700	210	430	740	150	370	610	580	850	790	530	230	210	760	400	190	290	150	280	480	720	740	570	580	670	330	200	220	920	810	580	770	670	550	390	650	810	860	580	380	940	720	880	680	230	300	450	610	440	840	430	590	760	780	700	720	760	260	260	340	780	960	110	210	670	790	1000	630	230	670	730	840	780	850	460	980	490	660	720	410	470	320	630	370	900	700	370	810	620	880	830	
10
