6426
120
2
90
0	192	192	192	0	192	0	192	0	192	0	0	0	0	192	0	0	0	0	0	0	0	192	0	192	192	0	0	0	0	0	0	0	192	0	0	0	0	0	0	0	0	0	0	0	0	0	0	0	0	0	0	0	0	0	0	0	0	0	0	0	0	0	0	0	0	0	0	0	0	0	0	0	0	0	0	0	0	0	0	0	0	0	0	0	0	0	0	0	0	0	0	0	0	0	192	0	0	0	0	0	0	0	0	0	0	0	0	0	0	0	192	0	0	0	0	0	0	0	0	
192	0	0	0	0	0	0	0	0	0	0	0	192	0	0	0	0	0	0	0	0	0	0	0	0	0	0	0	0	0	0	0	0	0	0	0	0	0	0	0	0	0	0	0	0	0	0	0	0	0	0	0	0	0	0	0	0	0	0	0	0	0	0	0	0	0	0	0	0	0	0	0	0	0	0	0	0	0	0	0	0	0	0	0	0	0	0	0	0	0	0	0	0	0	0	0	0	0	192	0	0	0	0	0	0	0	0	0	0	0	0	0	0	0	0	0	0	0	0	0	
192	0	0	0	0	0	0	0	0	0	0	0	0	192	0	0	0	0	0	0	0	0	0	0	0	0	0	0	0	0	0	0	0	0	0	0	0	0	0	0	0	0	0	0	0	0	0	0	0	0	0	0	0	0	192	0	0	0	0	0	0	0	0	0	0	0	0	0	0	0	0	0	0	0	0	0	0	0	0	0	0	0	0	0	0	0	0	0	0	0	0	0	0	0	0	0	0	0	0	0	0	0	0	0	0	0	0	0	0	0	0	0	0	0	0	0	0	0	0	0	
192	0	0	0	0	0	0	0	0	0	0	0	0	0	0	0	192	0	0	0	0	0	0	0	0	0	0	0	0	0	0	0	0	0	0	0	0	0	0	0	0	0	0	0	0	0	0	0	0	0	0	0	0	0	0	0	0	0	0	0	0	0	0	0	0	0	0	0	0	0	0	0	0	0	0	0	0	0	0	0	0	0	0	0	0	0	0	192	0	0	0	0	0	0	0	0	0	0	0	0	0	0	0	0	0	0	0	0	0	0	0	0	0	0	0	0	0	0	0	0	
0	0	0	0	0	0	0	0	0	0	0	0	0	0	0	0	0	0	0	0	0	0	0	0	0	0	0	0	0	0	192	0	0	0	0	0	0	0	0	0	0	0	0	0	0	0	0	0	0	0	0	0	0	0	0	0	0	0	0	0	0	0	0	0	0	0	0	0	0	0	0	0	0	0	0	0	0	0	0	0	0	0	0	0	0	0	0	0	0	0	0	0	0	0	0	0	0	0	0	0	0	0	0	0	0	0	0	0	0	0	0	0	0	0	0	0	0	0	192	0	
192	0	0	0	0	0	0	0	0	0	0	0	0	0	0	0	0	0	0	0	0	0	0	0	0	0	0	0	0	0	0	0	0	0	0	0	192	0	0	0	0	0	0	0	0	0	0	0	0	0	0	0	0	0	0	0	0	0	0	0	0	0	0	0	0	0	0	0	0	0	0	0	0	192	0	0	0	0	0	0	0	0	0	0	0	0	0	0	0	0	0	0	0	0	0	0	0	0	0	0	0	0	0	0	0	0	0	0	0	0	0	0	0	0	0	0	0	0	0	0	
0	0	0	0	0	0	0	0	0	0	0	0	0	0	0	0	0	0	0	0	0	0	0	0	0	0	0	0	0	0	0	0	0	0	0	0	0	0	0	0	0	0	0	0	0	0	0	0	0	0	0	0	0	0	0	0	0	0	0	0	0	0	0	0	0	0	0	0	0	0	0	0	0	0	0	0	0	0	0	192	0	0	0	0	0	0	0	0	0	0	0	192	0	0	0	0	0	0	0	0	0	0	0	0	0	0	0	0	0	0	0	0	0	0	0	0	0	0	0	0	
192	0	0	0	0	0	0	0	0	0	0	0	0	0	0	0	0	0	0	0	0	0	0	0	0	0	0	0	0	0	0	0	0	0	0	0	0	0	0	0	0	0	0	0	0	0	0	192	0	0	0	0	0	0	0	0	0	0	0	0	0	0	0	0	0	0	0	0	0	0	0	0	0	0	0	0	0	0	0	0	0	0	0	0	0	0	0	0	0	0	0	0	0	0	0	0	0	0	0	0	0	0	0	0	192	0	0	0	0	0	0	0	0	0	0	0	0	0	0	0	
0	0	0	0	0	0	0	0	0	0	0	0	0	0	0	0	0	192	0	0	0	0	0	0	0	0	0	0	0	0	0	0	0	0	0	0	0	0	0	0	0	0	0	0	0	0	0	0	0	0	0	0	192	0	0	0	0	0	0	0	0	0	0	0	0	0	0	0	0	0	0	0	0	0	0	0	0	0	0	0	0	0	0	0	0	0	0	0	0	0	0	0	0	0	0	0	0	0	0	0	0	0	0	0	0	0	0	0	0	0	0	0	0	0	0	0	0	0	0	0	
192	0	0	0	0	0	0	0	0	0	0	0	0	0	0	0	0	0	0	0	0	0	0	0	0	0	192	0	0	192	0	0	0	0	0	0	0	0	0	0	0	0	0	0	0	0	0	0	0	0	0	0	0	0	0	0	0	0	0	0	0	0	0	0	0	0	0	0	0	0	0	0	0	0	0	0	0	0	0	0	0	0	0	0	0	0	0	0	0	0	0	0	0	0	0	0	0	0	0	0	0	0	0	0	0	0	0	0	0	0	0	0	0	0	0	0	0	0	0	0	
0	0	0	0	0	0	0	0	0	0	0	0	0	0	0	0	0	192	0	0	0	0	0	0	0	0	0	0	0	0	0	0	0	0	0	0	0	0	0	0	0	0	0	0	0	0	0	0	0	0	0	0	0	0	0	0	0	0	0	0	0	0	0	0	0	0	0	0	0	0	0	0	0	0	0	0	0	0	0	0	0	0	0	0	0	0	0	0	0	192	0	0	0	0	0	0	0	0	0	0	0	0	0	0	0	0	0	0	0	0	0	0	0	0	0	0	0	0	0	0	
0	0	0	0	0	0	0	0	0	0	0	0	0	0	0	0	0	0	0	0	0	0	0	0	0	0	0	0	0	0	0	0	0	0	0	0	0	0	0	0	0	0	0	0	0	0	0	0	0	0	0	0	0	0	0	0	0	0	0	0	0	0	0	0	0	0	0	0	0	0	0	0	192	0	0	0	0	0	0	0	0	0	0	0	192	0	0	0	0	0	0	0	0	0	0	0	0	0	0	0	0	0	0	0	0	0	0	0	0	0	0	0	0	0	0	0	0	0	0	0	
0	192	0	0	0	0	0	0	0	0	0	0	0	0	0	0	0	0	0	0	0	0	0	0	0	0	0	0	0	0	0	0	0	0	0	0	0	0	0	0	0	0	0	0	0	0	0	0	0	0	0	0	0	0	0	0	0	0	0	0	0	0	0	0	0	0	0	0	0	0	0	0	0	0	0	0	0	0	0	0	0	0	0	0	0	0	0	0	0	0	0	0	0	0	0	0	0	0	192	0	0	0	0	0	0	0	0	0	0	0	0	0	0	0	0	0	0	0	0	0	
0	0	192	0	0	0	0	0	0	0	0	0	0	0	0	0	0	0	0	0	0	0	0	0	0	0	0	0	0	0	0	0	0	0	0	0	0	0	0	0	0	0	0	0	0	0	0	0	0	0	0	0	0	0	192	0	0	0	0	0	0	0	0	0	0	0	0	0	0	0	0	0	0	0	0	0	0	0	0	0	0	0	0	0	0	0	0	0	0	0	0	0	0	0	0	0	0	0	0	0	0	0	0	0	0	0	0	0	0	0	0	0	0	0	0	0	0	0	0	0	
192	0	0	0	0	0	0	0	0	0	0	0	0	0	0	0	0	0	0	0	0	0	0	0	0	0	0	0	0	0	0	0	0	0	0	0	0	192	0	0	0	0	0	0	0	0	0	0	0	0	0	0	0	0	0	0	0	0	0	0	192	0	0	0	0	0	0	0	0	0	0	0	0	0	0	0	0	0	0	0	0	0	0	0	0	0	0	0	0	0	0	0	0	0	0	0	0	0	0	0	0	0	0	0	0	0	0	0	0	0	0	0	0	0	0	0	0	0	0	0	
0	0	0	0	0	0	0	0	0	0	0	0	0	0	0	0	0	0	0	0	0	0	0	192	0	0	0	0	0	0	0	0	0	0	0	0	0	0	0	0	0	0	0	0	0	0	0	0	0	0	0	0	0	0	0	0	0	0	0	0	0	0	0	0	0	0	0	0	0	0	0	0	0	0	0	0	0	0	0	0	0	0	0	0	0	0	0	0	0	0	0	0	0	0	0	0	0	0	0	192	0	0	0	0	0	0	0	0	0	0	0	0	0	0	0	0	0	0	0	0	
0	0	0	192	0	0	0	0	0	0	0	0	0	0	0	0	0	0	0	0	0	0	0	0	0	0	0	0	0	0	0	0	0	0	0	0	0	0	0	0	0	0	0	0	0	0	0	0	0	0	0	0	0	0	0	0	0	0	0	0	0	0	0	0	0	0	0	0	0	192	0	0	0	0	0	0	0	0	0	0	0	0	0	0	0	0	0	0	0	0	0	0	0	0	0	0	0	0	0	0	0	0	0	0	0	0	0	0	0	0	0	0	0	0	0	0	0	0	0	0	
0	0	0	0	0	0	0	0	192	0	192	0	0	0	0	0	0	0	0	0	0	0	0	0	0	0	0	0	0	0	0	0	0	0	0	0	0	0	0	0	0	0	0	0	0	0	0	0	0	0	0	0	0	0	0	0	0	0	0	0	0	0	0	0	0	0	0	0	0	0	0	0	0	0	0	0	0	0	0	0	0	0	0	0	0	0	0	0	0	0	0	0	0	0	0	0	0	0	0	0	0	0	0	0	0	0	0	0	0	0	0	0	0	0	0	0	0	0	0	0	
0	0	0	0	0	0	0	0	0	0	0	0	0	0	0	0	0	0	0	0	0	0	0	0	0	0	0	192	0	0	0	0	0	0	0	0	0	0	0	0	0	0	0	0	0	0	0	0	0	0	0	0	0	0	0	0	0	0	0	0	0	0	0	0	0	0	0	0	0	0	0	0	0	0	0	0	0	0	0	0	0	0	0	0	0	0	0	0	0	0	0	0	192	0	0	0	0	0	0	0	0	0	0	0	0	0	0	0	0	0	0	0	0	0	0	0	0	0	0	0	
0	0	0	0	0	0	0	0	0	0	0	0	0	0	0	0	0	0	0	0	0	0	0	0	0	0	0	0	0	0	192	0	0	0	0	0	0	0	0	0	0	0	0	0	0	0	0	0	0	0	0	0	0	0	0	0	0	0	0	0	0	0	0	0	0	0	0	0	0	0	0	0	0	0	0	0	0	0	0	0	0	0	0	0	0	0	0	0	0	0	0	0	192	0	0	0	0	0	0	0	0	0	0	0	0	0	0	0	0	0	0	0	0	0	0	0	0	0	0	0	
0	0	0	0	0	0	0	0	0	0	0	0	0	0	0	0	0	0	0	0	0	0	0	0	0	0	0	0	192	0	0	0	0	0	0	0	0	0	0	0	0	0	0	0	0	0	0	0	0	0	0	0	0	0	0	0	192	0	0	0	0	0	0	0	0	0	0	0	0	0	0	0	0	0	0	0	0	0	0	0	0	0	0	0	0	0	0	0	0	0	0	0	0	0	0	0	0	0	0	0	0	0	0	0	0	0	0	0	0	0	0	0	0	0	0	0	0	0	0	0	
0	0	0	0	0	0	0	0	0	0	0	0	0	0	0	0	0	0	0	0	0	0	0	0	0	0	0	0	0	0	0	0	0	0	0	0	0	0	0	0	0	0	0	192	0	0	0	0	0	0	0	0	0	0	0	0	0	0	0	0	192	0	0	0	0	0	0	0	0	0	0	0	0	0	0	0	0	0	0	0	0	0	0	0	0	0	0	0	0	0	0	0	0	0	0	0	0	0	0	0	0	0	0	0	0	0	0	0	0	0	0	0	0	0	0	0	0	0	0	0	
192	0	0	0	0	0	0	0	0	0	0	0	0	0	0	0	0	0	0	0	0	0	0	0	0	0	0	0	0	0	0	0	0	0	0	0	0	0	0	0	0	0	0	0	0	0	0	0	0	0	0	0	0	0	0	0	0	0	0	0	0	0	0	0	192	0	0	0	0	0	0	0	0	0	0	0	0	0	0	0	0	0	0	0	0	0	0	0	0	0	0	0	0	0	0	0	0	0	0	0	0	0	0	0	0	192	0	0	0	0	0	0	0	0	0	0	0	0	0	0	
0	0	0	0	0	0	0	0	0	0	0	0	0	0	0	192	0	0	0	0	0	0	0	0	0	0	0	0	0	0	0	0	0	0	192	0	0	0	0	0	0	0	0	0	0	0	0	0	0	0	0	0	0	0	0	0	0	0	0	0	0	0	0	0	0	0	0	0	0	0	0	0	0	0	0	0	0	0	0	0	0	0	0	0	0	0	0	0	0	0	0	0	0	0	0	0	0	0	0	0	0	0	0	0	0	0	0	0	0	0	0	0	0	0	0	0	0	0	0	0	
192	0	0	0	0	0	0	0	0	0	0	0	0	0	0	0	0	0	0	0	0	0	0	0	0	0	0	0	0	0	0	0	0	0	0	0	0	0	0	0	0	0	0	0	0	0	0	0	0	0	0	0	0	0	0	0	0	0	0	0	0	0	0	0	0	0	0	0	0	0	0	0	0	0	0	0	0	0	0	0	0	0	0	0	0	0	0	0	0	0	0	0	0	192	0	0	0	0	0	0	0	0	0	0	0	0	0	0	0	192	0	0	0	0	0	0	0	0	0	0	
192	0	0	0	0	0	0	0	0	0	0	0	0	0	0	0	0	0	0	0	0	0	0	0	0	0	0	0	0	0	0	0	0	0	0	0	0	0	0	0	0	0	0	0	0	0	0	0	0	0	0	0	0	0	0	0	0	0	0	192	0	192	0	0	0	0	0	0	0	0	0	0	0	0	0	0	0	0	0	0	0	0	0	0	0	0	0	0	0	0	0	0	0	0	0	0	0	0	0	0	0	0	0	0	0	0	0	0	0	0	0	0	0	0	0	0	0	0	0	0	
0	0	0	0	0	0	0	0	0	192	0	0	0	0	0	0	0	0	0	0	0	0	0	0	0	0	0	0	0	0	0	0	0	0	0	0	0	0	0	0	0	0	0	0	0	0	0	0	0	0	0	0	0	0	0	0	0	0	0	0	0	0	0	0	0	0	0	0	0	0	0	0	0	0	0	0	0	0	0	0	0	0	0	0	0	0	0	0	0	0	0	0	0	0	0	0	0	192	0	0	0	0	0	0	0	0	0	0	0	0	0	0	0	0	0	0	0	0	0	0	
0	0	0	0	0	0	0	0	0	0	0	0	0	0	0	0	0	0	192	0	0	0	0	0	0	0	0	0	0	0	0	0	0	0	0	0	0	0	0	0	0	0	0	0	0	192	0	0	0	0	0	0	0	0	0	0	0	0	0	0	0	0	0	0	0	0	0	0	0	0	0	0	0	0	0	0	0	0	0	0	0	0	0	0	0	0	0	0	0	0	0	0	0	0	0	0	0	0	0	0	0	0	0	0	0	0	0	0	0	0	0	0	0	0	0	0	0	0	0	0	
0	0	0	0	0	0	0	0	0	0	0	0	0	0	0	0	0	0	0	0	192	0	0	0	0	0	0	0	0	0	0	0	0	0	0	0	0	0	0	0	0	0	0	0	0	0	0	0	0	0	0	0	0	0	0	0	0	0	0	0	0	0	0	0	0	0	0	0	0	0	0	0	0	0	0	0	0	0	0	0	0	0	0	0	0	0	0	0	0	0	0	0	0	0	0	0	0	0	0	0	0	0	0	0	0	0	0	0	0	0	0	0	0	192	0	0	0	0	0	0	
0	0	0	0	0	0	0	0	0	192	0	0	0	0	0	0	0	0	0	0	0	0	0	0	0	0	0	0	0	0	0	0	0	0	0	0	0	0	0	0	0	0	0	0	0	0	0	0	0	0	0	0	0	0	0	0	0	0	0	0	0	0	0	0	0	0	0	0	0	0	0	0	0	0	0	0	0	0	0	0	0	0	0	0	0	0	0	0	0	0	0	0	0	0	0	0	0	192	0	0	0	0	0	0	0	0	0	0	0	0	0	0	0	0	0	0	0	0	0	0	
0	0	0	0	192	0	0	0	0	0	0	0	0	0	0	0	0	0	0	192	0	0	0	0	0	0	0	0	0	0	0	0	0	0	0	0	0	0	0	0	0	0	0	0	0	0	0	0	0	0	0	0	0	0	0	0	0	0	0	0	0	0	0	0	0	0	0	0	0	0	0	0	0	0	0	0	0	0	0	0	0	0	0	0	0	0	0	0	0	0	0	0	0	0	0	0	0	0	0	0	0	0	0	0	0	0	0	0	0	0	0	0	0	0	0	0	0	0	0	0	
0	0	0	0	0	0	0	0	0	0	0	0	0	0	0	0	0	0	0	0	0	0	0	0	0	0	0	0	0	0	0	0	0	0	0	0	0	0	0	0	0	0	0	0	0	0	0	0	0	0	0	0	0	0	0	0	0	0	0	0	0	0	0	0	0	0	0	0	0	0	0	0	0	0	0	0	0	0	0	0	0	0	0	0	0	0	0	192	192	0	0	0	0	0	0	0	0	0	0	0	0	0	0	0	0	0	0	0	0	0	0	0	0	0	0	0	0	0	0	0	
0	0	0	0	0	0	0	0	0	0	0	0	0	0	0	0	0	0	0	0	0	0	0	0	0	0	0	0	0	0	0	0	0	0	0	0	0	0	0	0	0	0	0	0	0	0	0	0	0	0	0	0	0	0	0	0	0	0	0	0	0	0	0	0	0	0	0	0	0	0	0	0	0	0	0	0	0	0	0	0	0	0	0	0	0	0	0	0	0	0	0	0	0	192	0	0	0	0	0	0	0	0	0	0	0	0	0	0	0	192	0	0	0	0	0	0	0	0	0	0	
192	0	0	0	0	0	0	0	0	0	0	0	0	0	0	0	0	0	0	0	0	0	0	0	0	0	0	0	0	0	0	0	0	0	0	0	0	0	0	0	0	0	0	0	0	0	0	0	192	0	0	0	0	0	0	0	0	0	0	0	0	0	0	0	0	0	0	0	0	0	0	0	0	0	0	0	0	0	0	0	0	0	0	0	0	0	0	0	0	0	0	0	0	0	0	0	192	0	0	0	0	0	0	0	0	0	0	0	0	0	0	0	0	0	0	0	0	0	0	0	
0	0	0	0	0	0	0	0	0	0	0	0	0	0	0	0	0	0	0	0	0	0	0	192	0	0	0	0	0	0	0	0	0	0	0	0	0	0	0	0	0	0	0	0	0	0	0	0	0	0	0	0	0	0	0	0	0	0	0	0	0	0	0	0	0	0	0	0	0	0	0	0	0	0	0	0	0	0	0	0	0	0	0	0	0	0	0	0	0	0	0	0	0	0	0	0	0	0	0	0	0	0	0	0	0	0	192	0	0	0	0	0	0	0	0	0	0	0	0	0	
0	0	0	0	0	0	0	0	0	0	0	0	0	0	0	0	0	0	0	0	0	0	0	0	0	0	0	0	0	0	0	0	0	0	0	0	0	0	0	0	0	0	0	0	0	192	0	0	0	0	0	0	0	0	0	0	0	0	0	0	0	0	0	0	0	0	0	0	0	0	0	0	0	0	0	0	0	0	0	0	0	0	0	0	0	0	0	0	0	0	0	0	0	0	0	0	0	0	0	0	0	0	0	0	0	0	0	0	192	0	0	0	0	0	0	0	0	0	0	0	
0	0	0	0	0	192	0	0	0	0	0	0	0	0	0	0	0	0	0	0	0	0	0	0	0	0	0	0	0	0	0	0	0	0	0	0	0	0	0	0	0	0	0	0	0	0	0	0	0	0	0	0	0	0	0	0	0	0	0	0	0	0	0	0	0	0	0	0	0	0	0	0	0	192	0	0	0	0	0	0	0	0	0	0	0	0	0	0	0	0	0	0	0	0	0	0	0	0	0	0	0	0	0	0	0	0	0	0	0	0	0	0	0	0	0	0	0	0	0	0	
0	0	0	0	0	0	0	0	0	0	0	0	0	0	192	0	0	0	0	0	0	0	0	0	0	0	0	0	0	0	0	0	0	0	0	0	0	0	0	0	0	0	0	0	0	0	192	0	0	0	0	0	0	0	0	0	0	0	0	0	0	0	0	0	0	0	0	0	0	0	0	0	0	0	0	0	0	0	0	0	0	0	0	0	0	0	0	0	0	0	0	0	0	0	0	0	0	0	0	0	0	0	0	0	0	0	0	0	0	0	0	0	0	0	0	0	0	0	0	0	
0	0	0	0	0	0	0	0	0	0	0	0	0	0	0	0	0	0	0	0	0	0	0	0	0	0	0	0	0	0	0	0	0	0	0	0	0	0	0	0	0	0	0	0	0	0	0	0	0	0	0	0	0	0	0	0	0	0	0	0	0	0	0	0	0	0	0	0	0	0	0	0	0	0	0	0	0	0	0	0	0	0	0	0	0	0	0	0	0	0	0	0	0	0	0	0	0	0	0	0	0	0	0	0	0	0	0	0	0	0	192	0	0	0	192	0	0	0	0	0	
0	0	0	0	0	0	0	0	0	0	0	0	0	0	0	0	0	0	0	0	0	0	0	0	0	0	0	0	0	0	0	0	0	0	0	0	0	0	0	0	0	0	0	0	0	0	0	0	0	0	0	0	0	0	0	0	0	0	0	0	0	0	0	0	0	0	0	0	0	0	0	0	0	0	0	0	0	0	0	0	0	0	0	0	0	0	0	0	0	0	0	0	0	0	0	0	0	0	0	192	192	0	0	0	0	0	0	0	0	0	0	0	0	0	0	0	0	0	0	0	
0	0	0	0	0	0	0	0	0	0	0	0	0	0	0	0	0	0	0	0	0	0	0	0	0	0	0	0	0	0	0	0	0	0	0	0	0	0	0	0	0	0	0	0	0	0	0	0	0	0	0	0	0	0	0	0	0	0	192	192	0	0	0	0	0	0	0	0	0	0	0	0	0	0	0	0	0	0	0	0	0	0	0	0	0	0	0	0	0	0	0	0	0	0	0	0	0	0	0	0	0	0	0	0	0	0	0	0	0	0	0	0	0	0	0	0	0	0	0	0	
0	0	0	0	0	0	0	0	0	0	0	0	0	0	0	0	0	0	0	0	0	0	0	0	0	0	0	0	0	0	0	0	0	0	0	0	0	0	0	0	0	0	0	0	0	0	0	0	0	0	0	0	0	0	0	0	0	0	0	0	0	0	0	0	0	0	0	0	0	0	192	0	0	0	0	0	0	0	0	0	0	0	0	0	0	0	192	0	0	0	0	0	0	0	0	0	0	0	0	0	0	0	0	0	0	0	0	0	0	0	0	0	0	0	0	0	0	0	0	0	
0	0	0	0	0	0	0	0	0	0	0	0	0	0	0	0	0	0	0	0	0	0	0	0	0	0	0	0	0	0	0	0	0	0	0	0	0	0	0	0	0	0	0	0	0	0	0	0	0	0	0	0	0	0	0	0	0	0	0	0	0	0	0	0	0	0	0	0	0	0	0	0	0	0	0	0	0	0	192	0	0	0	0	0	0	0	0	0	0	0	0	0	0	0	0	0	192	0	0	0	0	0	0	0	0	0	0	0	0	0	0	0	0	0	0	0	0	0	0	0	
0	0	0	0	0	0	0	0	0	0	0	0	0	0	0	0	0	0	0	0	0	192	0	0	0	0	0	0	0	0	0	0	0	0	0	0	0	0	0	0	0	0	0	0	0	0	192	0	0	0	0	0	0	0	0	0	0	0	0	0	0	0	0	0	0	0	0	0	0	0	0	0	0	0	0	0	0	0	0	0	0	0	0	0	0	0	0	0	0	0	0	0	0	0	0	0	0	0	0	0	0	0	0	0	0	0	0	0	0	0	0	0	0	0	0	0	0	0	0	0	
0	0	0	0	0	0	0	0	0	0	0	0	0	0	0	0	0	0	0	0	0	0	0	0	0	0	0	0	0	0	0	0	0	0	0	0	0	0	0	0	0	0	0	0	0	0	0	0	0	192	0	0	0	0	0	0	0	0	0	0	0	0	0	0	0	0	0	0	0	0	0	0	0	0	0	0	0	0	0	0	0	0	0	0	0	0	0	0	0	0	0	0	0	0	0	0	0	0	0	0	0	0	0	0	0	0	192	0	0	0	0	0	0	0	0	0	0	0	0	0	
0	0	0	0	0	0	0	0	0	0	0	0	0	0	0	0	0	0	0	0	0	0	0	0	0	0	0	192	0	0	0	0	0	0	0	192	0	0	0	0	0	0	0	0	0	0	0	0	0	0	0	0	0	0	0	0	0	0	0	0	0	0	0	0	0	0	0	0	0	0	0	0	0	0	0	0	0	0	0	0	0	0	0	0	0	0	0	0	0	0	0	0	0	0	0	0	0	0	0	0	0	0	0	0	0	0	0	0	0	0	0	0	0	0	0	0	0	0	0	0	
0	0	0	0	0	0	0	0	0	0	0	0	0	0	0	0	0	0	0	0	0	0	0	0	0	0	0	0	0	0	0	0	0	0	0	0	0	192	0	0	0	0	0	192	0	0	0	0	0	0	0	0	0	0	0	0	0	0	0	0	0	0	0	0	0	0	0	0	0	0	0	0	0	0	0	0	0	0	0	0	0	0	0	0	0	0	0	0	0	0	0	0	0	0	0	0	0	0	0	0	0	0	0	0	0	0	0	0	0	0	0	0	0	0	0	0	0	0	0	0	
0	0	0	0	0	0	0	192	0	0	0	0	0	0	0	0	0	0	0	0	0	0	0	0	0	0	0	0	0	0	0	0	0	0	0	0	0	0	0	0	0	0	0	0	0	0	0	0	0	0	0	0	0	0	0	0	0	0	0	0	0	0	0	0	0	0	0	0	0	0	0	0	0	0	0	0	0	0	0	0	0	0	0	0	0	0	0	0	0	0	0	0	0	0	0	0	0	0	0	0	0	0	0	0	192	0	0	0	0	0	0	0	0	0	0	0	0	0	0	0	
0	0	0	0	0	0	0	0	0	0	0	0	0	0	0	0	0	0	0	0	0	0	0	0	0	0	0	0	0	0	0	0	0	192	0	0	0	0	0	0	0	0	0	0	0	0	0	0	0	0	0	0	0	0	0	0	0	0	0	0	0	0	0	0	0	0	0	0	0	0	0	0	0	0	0	0	0	0	192	0	0	0	0	0	0	0	0	0	0	0	0	0	0	0	0	0	0	0	0	0	0	0	0	0	0	0	0	0	0	0	0	0	0	0	0	0	0	0	0	0	
0	0	0	0	0	0	0	0	0	0	0	0	0	0	0	0	0	0	0	0	0	0	0	0	0	0	0	0	0	0	0	0	0	0	0	0	0	0	0	0	0	0	0	0	192	0	0	0	0	0	0	0	0	0	0	0	0	0	0	0	0	0	0	0	0	0	0	0	0	0	0	0	0	0	0	0	0	0	0	0	0	0	0	0	0	0	0	0	0	0	0	0	0	0	0	0	0	0	0	0	0	0	0	192	0	0	0	0	0	0	0	0	0	0	0	0	0	0	0	0	
0	0	0	0	0	0	0	0	0	0	0	0	0	0	0	0	0	0	0	0	0	0	0	0	0	0	0	0	0	0	0	0	0	0	0	0	0	0	0	0	0	0	0	0	0	0	0	0	0	0	0	0	0	0	0	0	0	0	0	0	0	0	0	0	0	0	0	0	0	0	0	0	0	0	0	0	0	0	0	0	192	0	0	0	0	0	0	0	0	0	0	0	0	0	0	0	0	0	0	0	0	0	0	0	0	0	0	0	0	0	0	0	0	192	0	0	0	0	0	0	
0	0	0	0	0	0	0	0	0	0	0	0	0	0	0	0	0	0	0	0	0	0	0	0	0	0	0	0	0	0	0	0	0	0	0	0	0	0	0	0	0	0	0	0	0	0	0	0	0	0	0	0	0	0	0	0	0	0	0	0	0	0	0	0	0	0	0	0	0	0	0	0	0	0	0	0	192	0	0	0	0	0	0	0	0	192	0	0	0	0	0	0	0	0	0	0	0	0	0	0	0	0	0	0	0	0	0	0	0	0	0	0	0	0	0	0	0	0	0	0	
0	0	0	0	0	0	0	0	192	0	0	0	0	0	0	0	0	0	0	0	0	0	0	0	0	0	0	0	0	0	0	0	0	0	0	0	0	0	0	0	0	0	0	0	0	0	0	0	0	0	0	0	0	0	0	0	0	0	0	0	0	0	0	0	0	0	0	0	0	0	0	0	192	0	0	0	0	0	0	0	0	0	0	0	0	0	0	0	0	0	0	0	0	0	0	0	0	0	0	0	0	0	0	0	0	0	0	0	0	0	0	0	0	0	0	0	0	0	0	0	
0	0	0	0	0	0	0	0	0	0	0	0	0	0	0	0	0	0	0	0	0	0	0	0	0	0	0	0	0	0	0	0	0	0	0	0	0	0	0	0	0	0	0	0	0	0	0	0	0	0	0	0	0	0	0	0	0	0	0	0	0	0	0	0	0	0	0	0	0	0	0	0	0	0	0	0	0	192	0	0	0	0	0	0	0	0	0	0	0	0	0	0	0	0	0	0	0	0	0	0	0	0	0	0	0	0	0	0	0	0	0	0	0	0	0	0	0	192	0	0	
0	0	192	0	0	0	0	0	0	0	0	0	0	192	0	0	0	0	0	0	0	0	0	0	0	0	0	0	0	0	0	0	0	0	0	0	0	0	0	0	0	0	0	0	0	0	0	0	0	0	0	0	0	0	0	0	0	0	0	0	0	0	0	0	0	0	0	0	0	0	0	0	0	0	0	0	0	0	0	0	0	0	0	0	0	0	0	0	0	0	0	0	0	0	0	0	0	0	0	0	0	0	0	0	0	0	0	0	0	0	0	0	0	0	0	0	0	0	0	0	
0	0	0	0	0	0	0	0	0	0	0	0	0	0	0	0	0	0	0	0	0	0	0	0	0	0	0	0	0	0	0	0	0	0	0	0	0	0	0	0	0	0	0	0	0	0	0	0	0	0	0	0	0	0	0	0	0	0	0	0	0	0	0	0	0	0	0	0	0	0	0	0	0	0	0	0	0	0	0	0	0	0	0	0	0	0	0	0	0	0	0	0	0	0	192	0	0	0	0	0	0	192	0	0	0	0	0	0	0	0	0	0	0	0	0	0	0	0	0	0	
0	0	0	0	0	0	0	0	0	0	0	0	0	0	0	0	0	0	0	0	192	0	0	0	0	0	0	0	0	0	0	0	0	0	0	0	0	0	0	0	0	0	0	0	0	0	0	0	0	0	0	0	0	0	0	0	0	0	0	0	0	0	0	0	0	0	0	0	0	0	0	0	0	0	0	0	0	0	0	0	0	0	0	0	0	192	0	0	0	0	0	0	0	0	0	0	0	0	0	0	0	0	0	0	0	0	0	0	0	0	0	0	0	0	0	0	0	0	0	0	
0	0	0	0	0	0	0	0	0	0	0	0	0	0	0	0	0	0	0	0	0	0	0	0	0	0	0	0	0	0	0	0	0	0	0	0	0	0	0	0	0	0	0	0	0	0	0	0	0	0	0	0	0	0	0	0	0	0	0	0	0	0	0	0	0	0	0	0	192	0	0	0	0	0	0	0	0	0	0	192	0	0	0	0	0	0	0	0	0	0	0	0	0	0	0	0	0	0	0	0	0	0	0	0	0	0	0	0	0	0	0	0	0	0	0	0	0	0	0	0	
0	0	0	0	0	0	0	0	0	0	0	0	0	0	0	0	0	0	0	0	0	0	0	0	0	0	0	0	0	0	0	0	0	0	0	0	0	0	0	0	192	0	0	0	0	0	0	0	0	0	0	0	0	0	0	0	0	0	0	0	0	192	0	0	0	0	0	0	0	0	0	0	0	0	0	0	0	0	0	0	0	0	0	0	0	0	0	0	0	0	0	0	0	0	0	0	0	0	0	0	0	0	0	0	0	0	0	0	0	0	0	0	0	0	0	0	0	0	0	0	
0	0	0	0	0	0	0	0	0	0	0	0	0	0	0	0	0	0	0	0	0	0	0	0	0	192	0	0	0	0	0	0	0	0	0	0	0	0	0	0	192	0	0	0	0	0	0	0	0	0	0	0	0	0	0	0	0	0	0	0	0	0	0	0	0	0	0	0	0	0	0	0	0	0	0	0	0	0	0	0	0	0	0	0	0	0	0	0	0	0	0	0	0	0	0	0	0	0	0	0	0	0	0	0	0	0	0	0	0	0	0	0	0	0	0	0	0	0	0	0	
0	0	0	0	0	0	0	0	0	0	0	0	0	0	192	0	0	0	0	0	0	192	0	0	0	0	0	0	0	0	0	0	0	0	0	0	0	0	0	0	0	0	0	0	0	0	0	0	0	0	0	0	0	0	0	0	0	0	0	0	0	0	0	0	0	0	0	0	0	0	0	0	0	0	0	0	0	0	0	0	0	0	0	0	0	0	0	0	0	0	0	0	0	0	0	0	0	0	0	0	0	0	0	0	0	0	0	0	0	0	0	0	0	0	0	0	0	0	0	0	
0	0	0	0	0	0	0	0	0	0	0	0	0	0	0	0	0	0	0	0	0	0	0	0	0	192	0	0	0	0	0	0	0	0	0	0	0	0	0	0	0	0	0	0	0	0	0	0	0	0	0	0	0	0	0	0	0	0	192	0	0	0	0	0	0	0	0	0	0	0	0	0	0	0	0	0	0	0	0	0	0	0	0	0	0	0	0	0	0	0	0	0	0	0	0	0	0	0	0	0	0	0	0	0	0	0	0	0	0	0	0	0	0	0	0	0	0	0	0	0	
0	0	0	0	0	0	0	0	0	0	0	0	0	0	0	0	0	0	0	0	0	0	0	0	0	0	0	0	0	0	0	0	0	0	0	0	0	0	0	0	0	0	0	0	0	0	0	0	0	0	0	0	0	0	0	0	0	0	0	0	0	0	0	0	0	0	0	0	0	0	0	0	0	0	0	0	192	0	0	0	0	0	0	0	0	0	0	0	0	0	0	0	0	0	0	0	0	0	0	0	0	192	0	0	0	0	0	0	0	0	0	0	0	0	0	0	0	0	0	0	
0	0	0	0	0	0	0	0	0	0	0	0	0	0	0	0	0	0	0	0	0	0	0	0	0	0	0	0	0	0	0	0	0	0	0	0	0	0	0	0	0	0	0	0	0	0	0	0	0	0	0	0	0	0	0	0	0	0	0	0	0	0	0	0	0	0	0	0	0	0	0	0	0	0	0	0	0	192	0	0	0	0	0	0	0	0	0	0	0	0	0	0	0	0	0	0	0	0	0	0	0	0	0	192	0	0	0	0	0	0	0	0	0	0	0	0	0	0	0	0	
0	0	0	0	0	0	0	0	0	0	0	0	0	0	0	0	0	0	0	0	0	0	192	0	0	0	0	0	0	0	0	0	0	0	0	0	0	0	0	0	0	0	0	0	0	0	0	0	0	0	0	0	0	0	0	0	0	0	0	0	0	0	0	0	0	0	0	0	0	0	0	0	0	0	0	0	0	0	0	0	0	0	0	0	0	0	0	0	0	0	0	0	0	0	0	0	0	0	0	0	0	0	0	0	0	192	0	0	0	0	0	0	0	0	0	0	0	0	0	0	
0	0	0	0	0	0	0	0	0	0	0	0	0	0	0	0	0	0	0	0	0	0	0	0	0	0	0	0	0	0	0	0	0	0	0	0	0	0	0	0	0	0	0	0	0	0	0	0	0	0	0	0	0	0	0	0	0	0	0	0	0	0	0	0	0	0	0	0	0	0	0	0	0	0	0	0	0	0	0	0	0	0	0	0	0	0	192	0	0	0	0	192	0	0	0	0	0	0	0	0	0	0	0	0	0	0	0	0	0	0	0	0	0	0	0	0	0	0	0	0	
0	0	0	0	0	0	0	0	0	0	0	0	0	0	0	0	0	0	0	0	0	0	0	0	0	0	0	0	0	0	0	0	0	0	0	0	0	0	0	0	0	0	0	0	0	0	0	0	0	0	0	0	0	0	0	0	0	0	0	0	0	0	0	0	0	0	0	0	0	0	192	0	0	0	0	0	0	0	0	0	0	0	192	0	0	0	0	0	0	0	0	0	0	0	0	0	0	0	0	0	0	0	0	0	0	0	0	0	0	0	0	0	0	0	0	0	0	0	0	0	
0	0	0	0	0	0	0	0	0	0	0	0	0	0	0	0	0	0	0	0	0	0	0	0	0	0	0	0	0	0	0	0	0	0	0	0	0	0	0	0	0	0	0	0	0	0	0	0	0	0	0	0	0	0	0	0	0	0	0	0	0	0	0	0	0	0	0	0	0	0	0	0	0	0	0	0	0	0	0	0	0	0	192	0	0	0	0	0	0	0	0	0	0	0	0	0	0	0	0	0	0	0	0	0	0	0	0	0	0	0	0	0	192	0	0	0	0	0	0	0	
0	0	0	0	0	0	0	0	0	0	0	0	0	0	0	0	0	0	0	0	0	0	0	0	0	0	0	0	0	0	0	0	0	0	0	0	0	0	0	0	0	0	0	0	0	0	0	0	0	0	0	0	0	0	0	0	0	192	0	0	0	0	0	0	0	0	0	0	0	0	0	0	0	0	0	0	0	0	0	0	0	0	0	0	0	0	0	0	0	0	0	0	0	0	0	0	0	0	0	0	0	0	192	0	0	0	0	0	0	0	0	0	0	0	0	0	0	0	0	0	
0	0	0	0	0	0	0	0	0	0	0	0	0	0	0	0	192	0	0	0	0	0	0	0	0	0	0	0	0	0	0	0	0	0	0	0	0	0	0	0	0	0	0	0	0	0	0	0	0	0	0	0	0	0	0	0	0	0	0	0	0	0	0	0	0	0	0	0	0	0	0	192	0	0	0	0	0	0	0	0	0	0	0	0	0	0	0	0	0	0	0	0	0	0	0	0	0	0	0	0	0	0	0	0	0	0	0	0	0	0	0	0	0	0	0	0	0	0	0	0	
0	0	0	0	0	0	0	0	0	0	0	0	0	0	0	0	0	0	0	0	0	0	0	0	0	0	0	0	0	0	0	0	0	0	0	0	0	0	0	0	0	192	0	0	0	0	0	0	0	0	0	0	0	0	0	0	0	0	0	0	0	0	0	0	0	0	192	0	0	0	0	0	0	0	0	0	0	0	0	0	0	0	0	0	0	0	0	0	0	0	0	0	0	0	0	0	0	0	0	0	0	0	0	0	0	0	0	0	0	0	0	0	0	0	0	0	0	0	0	0	
0	0	0	0	0	0	0	0	0	0	0	0	0	0	0	0	0	0	0	0	0	0	0	0	0	0	0	0	0	0	0	0	0	0	0	0	0	0	0	0	0	0	0	0	0	0	0	0	0	0	0	0	0	0	0	0	0	0	0	0	0	0	0	0	0	0	0	0	0	192	0	0	0	0	0	0	0	0	0	0	0	0	0	0	0	0	0	0	0	0	0	0	0	0	0	0	0	0	0	0	0	0	0	0	0	0	0	0	0	0	0	0	0	0	0	0	192	0	0	0	
0	0	0	0	0	0	0	0	0	0	0	192	0	0	0	0	0	0	0	0	0	0	0	0	0	0	0	0	0	0	0	0	0	0	0	0	0	0	0	0	0	0	0	0	0	0	0	0	0	0	0	0	192	0	0	0	0	0	0	0	0	0	0	0	0	0	0	0	0	0	0	0	0	0	0	0	0	0	0	0	0	0	0	0	0	0	0	0	0	0	0	0	0	0	0	0	0	0	0	0	0	0	0	0	0	0	0	0	0	0	0	0	0	0	0	0	0	0	0	0	
0	0	0	0	0	192	0	0	0	0	0	0	0	0	0	0	0	0	0	0	0	0	0	0	0	0	0	0	0	0	0	0	0	0	0	0	192	0	0	0	0	0	0	0	0	0	0	0	0	0	0	0	0	0	0	0	0	0	0	0	0	0	0	0	0	0	0	0	0	0	0	0	0	0	0	0	0	0	0	0	0	0	0	0	0	0	0	0	0	0	0	0	0	0	0	0	0	0	0	0	0	0	0	0	0	0	0	0	0	0	0	0	0	0	0	0	0	0	0	0	
0	0	0	0	0	0	0	0	0	0	0	0	0	0	0	0	0	0	0	0	0	0	0	0	0	0	0	0	0	0	0	0	0	0	0	0	0	0	0	0	0	0	0	0	0	0	0	0	0	0	0	0	0	0	0	0	0	0	0	0	0	0	0	0	0	0	0	0	0	0	0	0	0	0	0	0	0	0	0	0	0	192	0	0	0	0	0	0	0	0	0	0	0	0	0	0	0	0	0	0	0	0	0	0	0	0	0	0	0	0	0	0	0	0	0	0	192	0	0	0	
0	0	0	0	0	0	0	0	0	0	0	0	0	0	0	0	0	0	0	0	0	0	0	0	0	0	0	0	0	0	0	0	0	0	0	0	0	0	0	0	0	0	0	0	0	0	0	0	0	0	0	0	0	0	0	0	0	0	0	0	0	0	0	0	0	0	0	0	0	0	0	0	0	0	0	0	0	0	0	0	0	0	0	192	0	0	0	0	0	0	192	0	0	0	0	0	0	0	0	0	0	0	0	0	0	0	0	0	0	0	0	0	0	0	0	0	0	0	0	0	
0	0	0	0	0	0	0	0	0	0	0	0	0	0	0	0	0	0	0	0	0	0	0	0	0	0	0	0	0	0	0	0	0	0	0	0	0	0	0	0	0	0	0	0	0	0	0	0	0	0	0	192	0	0	0	0	0	0	0	0	0	0	192	0	0	0	0	0	0	0	0	0	0	0	0	0	0	0	0	0	0	0	0	0	0	0	0	0	0	0	0	0	0	0	0	0	0	0	0	0	0	0	0	0	0	0	0	0	0	0	0	0	0	0	0	0	0	0	0	0	
0	0	0	0	0	0	0	0	0	0	0	0	0	0	0	0	0	0	0	0	0	0	0	0	0	0	0	0	0	0	0	0	0	0	0	0	0	0	0	0	0	0	0	0	0	0	0	0	0	0	0	0	0	192	0	0	0	0	0	0	0	0	0	192	0	0	0	0	0	0	0	0	0	0	0	0	0	0	0	0	0	0	0	0	0	0	0	0	0	0	0	0	0	0	0	0	0	0	0	0	0	0	0	0	0	0	0	0	0	0	0	0	0	0	0	0	0	0	0	0	
0	0	0	0	0	0	0	0	0	0	0	0	0	0	0	0	0	0	0	0	0	0	0	0	0	0	0	0	0	0	0	0	0	0	0	0	0	0	0	0	0	0	192	0	0	0	0	0	192	0	0	0	0	0	0	0	0	0	0	0	0	0	0	0	0	0	0	0	0	0	0	0	0	0	0	0	0	0	0	0	0	0	0	0	0	0	0	0	0	0	0	0	0	0	0	0	0	0	0	0	0	0	0	0	0	0	0	0	0	0	0	0	0	0	0	0	0	0	0	0	
0	0	0	0	0	0	192	0	0	0	0	0	0	0	0	0	0	0	0	0	0	0	0	0	0	0	0	0	0	0	0	0	0	0	0	0	0	0	0	0	0	0	0	0	0	0	0	0	0	0	0	0	0	0	0	0	0	192	0	0	0	0	0	0	0	0	0	0	0	0	0	0	0	0	0	0	0	0	0	0	0	0	0	0	0	0	0	0	0	0	0	0	0	0	0	0	0	0	0	0	0	0	0	0	0	0	0	0	0	0	0	0	0	0	0	0	0	0	0	0	
0	0	0	0	0	0	0	0	0	0	0	0	0	0	0	0	0	0	0	0	0	0	0	0	0	0	0	0	0	0	0	0	0	0	0	0	0	0	0	0	0	0	0	0	0	0	0	0	0	0	192	0	0	0	0	0	0	0	0	0	0	0	0	0	0	0	0	0	0	0	0	0	0	0	0	0	0	0	0	0	0	0	0	0	0	0	0	0	0	0	0	0	0	0	0	0	0	0	0	0	0	0	0	0	0	0	0	192	0	0	0	0	0	0	0	0	0	0	0	0	
0	0	0	0	0	0	0	0	0	0	0	0	0	0	0	0	0	0	0	0	0	0	0	0	0	0	0	0	0	0	0	0	0	0	0	0	0	0	0	0	0	0	0	0	0	0	0	0	0	0	0	0	0	0	0	0	0	0	0	0	0	0	0	0	0	0	0	0	0	0	0	0	0	0	192	0	0	0	0	0	0	0	0	192	0	0	0	0	0	0	0	0	0	0	0	0	0	0	0	0	0	0	0	0	0	0	0	0	0	0	0	0	0	0	0	0	0	0	0	0	
0	0	0	0	0	0	0	0	0	0	0	0	0	0	0	0	0	0	0	0	0	0	0	0	0	0	0	0	0	0	0	0	0	0	0	0	0	0	0	0	0	0	0	0	0	0	0	0	0	0	0	0	0	0	0	0	0	0	0	0	0	0	0	0	0	0	192	192	0	0	0	0	0	0	0	0	0	0	0	0	0	0	0	0	0	0	0	0	0	0	0	0	0	0	0	0	0	0	0	0	0	0	0	0	0	0	0	0	0	0	0	0	0	0	0	0	0	0	0	0	
0	0	0	0	0	0	0	0	0	0	0	0	0	0	0	0	0	0	0	0	0	0	0	0	0	0	0	0	0	0	0	0	0	0	0	0	0	0	0	0	0	0	0	0	0	0	0	0	0	0	0	0	0	0	0	0	0	0	0	0	0	0	0	0	0	0	0	0	0	0	0	0	0	0	0	192	0	0	0	0	0	192	0	0	0	0	0	0	0	0	0	0	0	0	0	0	0	0	0	0	0	0	0	0	0	0	0	0	0	0	0	0	0	0	0	0	0	0	0	0	
0	0	0	0	0	0	0	0	0	0	0	192	0	0	0	0	0	0	0	0	0	0	0	0	0	0	0	0	0	0	0	0	0	0	0	0	0	0	0	0	0	0	0	0	0	0	0	0	0	0	0	0	0	0	0	0	0	0	0	0	0	0	0	0	0	0	0	0	0	0	0	0	0	0	0	0	0	0	0	0	0	0	0	0	0	0	0	0	0	0	192	0	0	0	0	0	0	0	0	0	0	0	0	0	0	0	0	0	0	0	0	0	0	0	0	0	0	0	0	0	
0	0	0	0	0	0	0	0	0	0	0	0	0	0	0	0	0	0	0	0	0	0	0	0	0	0	0	0	0	0	0	0	0	0	0	0	0	0	0	0	0	0	0	0	0	0	0	0	0	0	0	192	0	0	0	0	192	0	0	0	0	0	0	0	0	0	0	0	0	0	0	0	0	0	0	0	0	0	0	0	0	0	0	0	0	0	0	0	0	0	0	0	0	0	0	0	0	0	0	0	0	0	0	0	0	0	0	0	0	0	0	0	0	0	0	0	0	0	0	0	
0	0	0	0	0	0	0	0	0	0	0	0	0	0	0	0	0	0	0	0	0	0	0	0	0	0	0	0	0	0	0	0	0	0	0	0	0	0	0	0	0	192	0	0	0	0	0	0	0	0	0	0	0	0	0	0	0	0	0	0	0	0	0	0	0	192	0	0	0	0	0	0	0	0	0	0	0	0	0	0	0	0	0	0	0	0	0	0	0	0	0	0	0	0	0	0	0	0	0	0	0	0	0	0	0	0	0	0	0	0	0	0	0	0	0	0	0	0	0	0	
0	0	0	192	0	0	0	0	0	0	0	0	0	0	0	0	0	0	0	0	0	0	0	0	0	0	0	0	0	0	0	192	0	0	0	0	0	0	0	0	0	0	0	0	0	0	0	0	0	0	0	0	0	0	0	0	0	0	0	0	0	0	0	0	0	0	0	0	0	0	0	0	0	0	0	0	0	0	0	0	0	0	0	0	0	0	0	0	0	0	0	0	0	0	0	0	0	0	0	0	0	0	0	0	0	0	0	0	0	0	0	0	0	0	0	0	0	0	0	0	
0	0	0	0	0	0	0	0	0	0	0	0	0	0	0	0	0	0	0	0	0	0	0	0	0	0	0	0	0	0	0	192	0	0	0	0	0	0	0	0	0	0	0	0	0	0	0	0	0	0	0	0	0	0	0	0	0	0	0	0	0	0	0	0	0	0	0	0	0	0	0	0	0	0	0	0	0	0	0	0	0	0	0	0	0	0	0	0	0	0	0	0	0	0	0	0	0	0	0	0	0	0	0	0	0	0	0	192	0	0	0	0	0	0	0	0	0	0	0	0	
0	0	0	0	0	0	0	0	0	0	192	0	0	0	0	0	0	0	0	0	0	0	0	0	0	0	0	0	0	0	0	0	0	0	0	0	0	0	0	0	0	0	0	0	0	0	0	0	0	0	0	0	0	0	0	0	0	0	0	0	0	0	0	0	0	0	0	0	0	0	0	0	0	0	0	0	0	0	0	0	0	0	0	0	0	0	0	0	0	0	0	0	0	0	0	0	0	0	0	0	0	0	0	0	0	0	0	0	0	0	0	0	0	0	0	0	0	192	0	0	
0	0	0	0	0	0	0	0	0	0	0	0	0	0	0	0	0	0	0	0	0	0	0	0	0	0	0	0	0	0	0	0	0	0	0	0	0	0	0	0	0	0	0	0	0	0	0	0	0	0	0	0	0	0	0	0	0	0	0	0	0	0	0	0	0	0	0	0	0	0	0	0	0	0	0	192	0	0	0	0	0	0	0	0	192	0	0	0	0	0	0	0	0	0	0	0	0	0	0	0	0	0	0	0	0	0	0	0	0	0	0	0	0	0	0	0	0	0	0	0	
0	0	0	0	0	0	192	0	0	0	0	0	0	0	0	0	0	0	0	0	0	0	0	0	0	0	0	0	0	0	0	0	0	0	0	0	0	0	0	0	0	0	0	0	0	0	0	0	0	0	0	0	0	0	0	0	0	0	0	0	0	0	0	0	0	192	0	0	0	0	0	0	0	0	0	0	0	0	0	0	0	0	0	0	0	0	0	0	0	0	0	0	0	0	0	0	0	0	0	0	0	0	0	0	0	0	0	0	0	0	0	0	0	0	0	0	0	0	0	0	
0	0	0	0	0	0	0	0	0	0	0	0	0	0	0	0	0	0	192	192	0	0	0	0	0	0	0	0	0	0	0	0	0	0	0	0	0	0	0	0	0	0	0	0	0	0	0	0	0	0	0	0	0	0	0	0	0	0	0	0	0	0	0	0	0	0	0	0	0	0	0	0	0	0	0	0	0	0	0	0	0	0	0	0	0	0	0	0	0	0	0	0	0	0	0	0	0	0	0	0	0	0	0	0	0	0	0	0	0	0	0	0	0	0	0	0	0	0	0	0	
0	0	0	0	0	0	0	0	0	0	0	0	0	0	0	0	0	0	0	0	0	0	0	0	192	0	0	0	0	0	0	0	192	0	0	0	0	0	0	0	0	0	0	0	0	0	0	0	0	0	0	0	0	0	0	0	0	0	0	0	0	0	0	0	0	0	0	0	0	0	0	0	0	0	0	0	0	0	0	0	0	0	0	0	0	0	0	0	0	0	0	0	0	0	0	0	0	0	0	0	0	0	0	0	0	0	0	0	0	0	0	0	0	0	0	0	0	0	0	0	
0	0	0	0	0	0	0	0	0	0	0	0	0	0	0	0	0	0	0	0	0	0	0	0	0	0	0	0	0	0	0	0	0	0	0	0	0	0	0	0	0	0	0	0	0	0	0	0	0	0	0	0	0	0	0	192	0	0	0	0	0	0	0	0	0	0	0	0	0	0	0	0	0	0	0	0	0	0	0	0	0	0	0	0	0	0	0	0	0	0	0	0	0	0	0	0	0	0	0	0	0	0	0	0	0	0	0	0	0	0	0	0	192	0	0	0	0	0	0	0	
192	0	0	0	0	0	0	0	0	0	0	0	0	0	0	0	0	0	0	0	0	0	0	0	0	0	0	0	0	0	0	0	0	0	0	0	0	0	0	0	0	0	0	0	0	0	0	0	0	0	0	0	0	0	0	0	0	0	0	0	0	0	0	0	0	0	0	0	0	0	0	0	0	0	0	0	0	0	0	0	0	0	0	0	0	0	0	0	0	0	0	0	0	0	0	0	0	0	0	0	0	0	0	0	0	0	0	0	0	0	0	192	0	0	0	0	0	0	0	0	
0	0	0	0	0	0	0	0	0	0	0	0	0	0	0	0	0	0	0	0	0	0	0	0	0	0	0	0	0	0	0	0	0	192	0	0	0	0	0	0	0	0	192	0	0	0	0	0	0	0	0	0	0	0	0	0	0	0	0	0	0	0	0	0	0	0	0	0	0	0	0	0	0	0	0	0	0	0	0	0	0	0	0	0	0	0	0	0	0	0	0	0	0	0	0	0	0	0	0	0	0	0	0	0	0	0	0	0	0	0	0	0	0	0	0	0	0	0	0	0	
0	0	0	0	0	0	0	0	0	0	0	0	0	0	0	0	0	0	0	0	0	0	0	0	0	0	192	0	0	192	0	0	0	0	0	0	0	0	0	0	0	0	0	0	0	0	0	0	0	0	0	0	0	0	0	0	0	0	0	0	0	0	0	0	0	0	0	0	0	0	0	0	0	0	0	0	0	0	0	0	0	0	0	0	0	0	0	0	0	0	0	0	0	0	0	0	0	0	0	0	0	0	0	0	0	0	0	0	0	0	0	0	0	0	0	0	0	0	0	0	
0	192	0	0	0	0	0	0	0	0	0	0	192	0	0	0	0	0	0	0	0	0	0	0	0	0	0	0	0	0	0	0	0	0	0	0	0	0	0	0	0	0	0	0	0	0	0	0	0	0	0	0	0	0	0	0	0	0	0	0	0	0	0	0	0	0	0	0	0	0	0	0	0	0	0	0	0	0	0	0	0	0	0	0	0	0	0	0	0	0	0	0	0	0	0	0	0	0	0	0	0	0	0	0	0	0	0	0	0	0	0	0	0	0	0	0	0	0	0	0	
0	0	0	0	0	0	0	0	0	0	0	0	0	0	0	192	0	0	0	0	0	0	0	0	0	0	0	0	0	0	0	0	0	0	0	0	0	0	0	192	0	0	0	0	0	0	0	0	0	0	0	0	0	0	0	0	0	0	0	0	0	0	0	0	0	0	0	0	0	0	0	0	0	0	0	0	0	0	0	0	0	0	0	0	0	0	0	0	0	0	0	0	0	0	0	0	0	0	0	0	0	0	0	0	0	0	0	0	0	0	0	0	0	0	0	0	0	0	0	0	
0	0	0	0	0	0	0	0	0	0	0	0	0	0	0	0	0	0	0	0	0	0	0	0	0	0	0	0	0	0	0	0	0	0	0	0	0	0	0	192	0	0	0	0	0	0	0	0	0	0	0	0	0	0	0	0	0	0	0	0	0	0	0	0	0	0	0	0	0	0	0	0	0	0	0	0	0	0	0	0	0	0	0	0	0	0	0	0	0	0	0	0	0	0	0	0	0	0	0	0	0	0	0	0	0	0	0	0	0	0	0	0	0	0	0	192	0	0	0	0	
0	0	0	0	0	0	0	0	0	0	0	0	0	0	0	0	0	0	0	0	0	0	0	0	0	0	0	0	0	0	0	0	0	0	0	0	0	0	0	0	0	0	0	0	0	0	0	0	0	0	0	0	0	0	0	192	0	0	0	0	0	0	192	0	0	0	0	0	0	0	0	0	0	0	0	0	0	0	0	0	0	0	0	0	0	0	0	0	0	0	0	0	0	0	0	0	0	0	0	0	0	0	0	0	0	0	0	0	0	0	0	0	0	0	0	0	0	0	0	0	
0	0	0	0	0	0	0	0	0	0	0	0	0	0	0	0	0	0	0	0	0	0	0	0	0	0	0	0	0	0	0	0	0	0	0	0	0	0	0	0	0	0	0	0	0	0	0	0	0	0	0	0	0	0	0	0	0	0	0	0	0	0	0	0	0	0	0	0	192	0	0	0	0	0	0	0	0	0	0	0	0	0	0	0	0	0	0	0	0	0	0	0	0	0	0	0	0	0	0	0	0	0	0	0	0	0	0	0	0	0	0	0	0	0	192	0	0	0	0	0	
0	0	0	0	0	0	0	0	0	0	0	0	0	0	0	0	0	0	0	0	0	0	0	0	0	0	0	0	0	0	0	0	0	0	0	0	0	0	0	0	0	0	0	0	0	0	0	0	0	192	0	0	0	0	0	0	0	0	0	0	0	0	0	192	0	0	0	0	0	0	0	0	0	0	0	0	0	0	0	0	0	0	0	0	0	0	0	0	0	0	0	0	0	0	0	0	0	0	0	0	0	0	0	0	0	0	0	0	0	0	0	0	0	0	0	0	0	0	0	0	
0	0	0	0	0	0	0	192	0	0	0	0	0	0	0	0	0	0	0	0	0	0	0	0	0	0	0	0	0	0	0	0	0	0	0	0	0	0	0	0	0	0	0	0	0	0	0	192	0	0	0	0	0	0	0	0	0	0	0	0	0	0	0	0	0	0	0	0	0	0	0	0	0	0	0	0	0	0	0	0	0	0	0	0	0	0	0	0	0	0	0	0	0	0	0	0	0	0	0	0	0	0	0	0	0	0	0	0	0	0	0	0	0	0	0	0	0	0	0	0	
0	0	0	0	0	0	0	0	0	0	0	0	0	0	0	0	0	0	0	0	0	0	192	0	0	0	0	0	0	0	0	0	0	0	0	0	0	0	0	0	0	0	0	0	0	0	0	0	0	0	0	0	0	0	0	0	0	0	0	0	0	0	0	0	192	0	0	0	0	0	0	0	0	0	0	0	0	0	0	0	0	0	0	0	0	0	0	0	0	0	0	0	0	0	0	0	0	0	0	0	0	0	0	0	0	0	0	0	0	0	0	0	0	0	0	0	0	0	0	0	
0	0	0	0	0	0	0	0	0	0	0	0	0	0	0	0	0	0	0	0	0	0	0	0	0	0	0	0	0	0	0	0	0	0	192	0	0	0	0	0	0	0	0	0	192	0	0	0	0	0	0	0	0	0	0	0	0	0	0	0	0	0	0	0	0	0	0	0	0	0	0	0	0	0	0	0	0	0	0	0	0	0	0	0	0	0	0	0	0	0	0	0	0	0	0	0	0	0	0	0	0	0	0	0	0	0	0	0	0	0	0	0	0	0	0	0	0	0	0	0	
0	0	0	0	0	0	0	0	0	0	0	0	0	0	0	0	0	0	0	0	0	0	0	0	0	0	0	0	0	0	0	0	0	0	0	0	0	0	0	0	0	0	0	0	0	0	0	0	0	0	0	0	0	0	0	0	0	0	0	0	0	0	0	0	0	0	0	0	0	0	0	0	0	0	0	0	0	0	0	0	192	0	0	0	0	0	0	0	192	0	0	0	0	0	0	0	0	0	0	0	0	0	0	0	0	0	0	0	0	0	0	0	0	0	0	0	0	0	0	0	
0	0	0	0	0	0	0	0	0	0	0	0	0	0	0	0	0	0	0	0	0	0	0	0	0	0	0	0	0	0	0	0	0	0	0	192	0	0	0	0	0	0	0	0	0	0	0	0	0	0	0	0	0	0	0	0	0	0	0	0	0	0	0	0	0	0	0	0	0	0	0	0	0	0	0	0	0	0	0	0	0	0	0	0	0	0	0	0	0	0	0	0	0	0	0	0	0	0	0	0	0	0	0	0	0	0	0	0	0	0	192	0	0	0	0	0	0	0	0	0	
0	0	0	0	0	0	0	0	0	0	0	0	0	0	0	0	0	0	0	0	0	0	0	0	192	0	0	0	0	0	0	0	192	0	0	0	0	0	0	0	0	0	0	0	0	0	0	0	0	0	0	0	0	0	0	0	0	0	0	0	0	0	0	0	0	0	0	0	0	0	0	0	0	0	0	0	0	0	0	0	0	0	0	0	0	0	0	0	0	0	0	0	0	0	0	0	0	0	0	0	0	0	0	0	0	0	0	0	0	0	0	0	0	0	0	0	0	0	0	0	
0	0	0	0	0	0	0	0	0	0	0	0	0	0	0	0	0	0	0	0	0	0	0	0	0	0	0	0	0	0	0	0	0	0	0	0	0	0	192	0	0	0	0	0	0	0	0	0	0	0	0	0	0	0	0	0	0	0	0	0	0	0	0	0	0	0	0	0	0	0	0	0	0	0	0	0	0	0	0	0	0	0	0	0	0	0	0	0	0	0	0	0	0	0	0	0	0	0	0	0	0	0	0	0	0	0	0	0	192	0	0	0	0	0	0	0	0	0	0	0	
192	0	0	0	0	0	0	0	0	0	0	0	0	0	0	0	0	0	0	0	0	0	0	0	0	0	0	0	0	0	0	0	0	0	0	0	0	0	0	0	0	0	0	0	0	0	0	0	0	0	0	0	0	0	0	0	0	0	0	0	0	0	0	0	0	0	0	0	0	0	0	0	0	0	0	0	0	0	0	0	0	0	0	0	0	0	0	0	0	0	0	0	0	0	0	192	0	0	0	0	0	0	0	0	0	0	0	0	0	0	0	0	0	0	0	0	0	0	0	0	
0	0	0	0	0	0	0	0	0	0	0	0	0	0	0	0	0	0	0	0	0	0	0	0	0	0	0	0	0	0	0	0	0	0	0	0	0	0	0	0	0	0	0	0	0	0	0	0	0	0	0	0	0	0	0	0	0	0	0	0	0	0	0	0	0	0	0	192	0	0	0	0	0	0	0	0	0	0	0	0	0	0	0	0	0	0	0	0	0	0	0	0	0	0	192	0	0	0	0	0	0	0	0	0	0	0	0	0	0	0	0	0	0	0	0	0	0	0	0	0	
0	0	0	0	0	0	0	0	0	0	0	0	0	0	0	0	0	0	0	0	0	0	0	0	0	0	0	0	192	0	0	0	0	0	0	0	0	0	0	0	0	0	0	0	0	0	0	0	0	0	192	0	0	0	0	0	0	0	0	0	0	0	0	0	0	0	0	0	0	0	0	0	0	0	0	0	0	0	0	0	0	0	0	0	0	0	0	0	0	0	0	0	0	0	0	0	0	0	0	0	0	0	0	0	0	0	0	0	0	0	0	0	0	0	0	0	0	0	0	0	
0	0	0	0	0	0	0	0	0	0	0	0	0	0	0	0	0	0	0	0	0	0	0	0	0	0	0	0	0	0	0	0	0	0	0	0	0	0	192	0	0	0	0	0	0	0	0	0	0	0	0	0	0	0	0	0	0	0	0	0	0	0	0	0	0	0	0	0	0	0	0	0	0	0	0	0	0	0	0	0	0	0	0	0	0	0	0	0	0	0	0	0	0	0	0	0	0	0	0	0	0	0	192	0	0	0	0	0	0	0	0	0	0	0	0	0	0	0	0	0	
0	0	0	0	0	0	0	0	0	0	0	0	0	0	0	0	0	0	0	0	0	0	0	0	0	0	0	0	0	0	0	0	0	0	0	0	0	0	0	0	0	0	0	0	0	0	0	0	0	0	0	0	0	0	0	0	0	0	0	0	0	0	0	0	0	0	0	0	0	0	0	0	0	0	0	0	0	0	0	0	0	0	0	0	0	0	0	0	0	0	0	0	0	0	0	0	0	0	0	0	192	0	0	0	0	0	0	0	0	0	0	0	0	0	0	0	0	0	0	192	
0	0	0	0	0	0	0	0	0	0	0	0	0	0	0	0	0	0	0	0	0	0	0	0	0	0	0	0	0	0	0	0	0	0	0	0	0	0	0	0	0	0	0	0	0	0	0	0	0	0	0	0	0	0	0	0	0	0	0	0	0	0	0	0	0	0	0	0	0	0	0	192	0	0	192	0	0	0	0	0	0	0	0	0	0	0	0	0	0	0	0	0	0	0	0	0	0	0	0	0	0	0	0	0	0	0	0	0	0	0	0	0	0	0	0	0	0	0	0	0	
0	0	0	0	0	0	0	0	0	0	0	0	0	0	0	0	0	0	0	0	0	0	0	0	0	0	0	0	0	0	0	0	0	0	0	0	0	0	0	0	0	0	0	0	0	0	0	0	0	0	0	0	0	192	0	0	0	0	0	0	0	0	0	0	0	0	0	0	0	0	0	0	0	0	0	0	0	0	0	0	0	0	0	0	0	0	0	0	0	192	0	0	0	0	0	0	0	0	0	0	0	0	0	0	0	0	0	0	0	0	0	0	0	0	0	0	0	0	0	0	
0	0	0	0	192	0	0	0	0	0	0	0	0	0	0	0	0	0	0	0	0	0	0	0	0	0	0	0	0	0	0	0	0	0	0	0	0	0	0	0	0	0	0	0	0	0	0	0	0	0	0	0	0	0	0	0	0	0	0	0	0	0	0	0	0	0	0	0	0	0	0	0	0	0	0	0	0	0	0	0	0	0	0	0	0	0	0	0	0	0	0	0	0	0	0	0	0	0	0	0	0	0	0	0	0	0	0	0	0	0	0	0	0	0	0	0	0	0	0	192	
0	0	0	0	0	0	0	0	0	0	0	0	0	0	0	0	0	0	0	0	0	0	0	0	0	0	0	0	0	0	0	0	0	0	0	0	0	0	0	0	0	0	0	0	0	0	0	0	0	0	0	0	0	0	0	0	0	0	0	0	0	0	0	0	0	0	0	0	0	0	0	0	0	0	0	0	0	0	0	0	0	0	0	0	0	0	0	0	0	0	0	0	0	0	0	0	0	0	0	0	0	0	0	0	0	0	0	0	0	0	0	0	0	0	0	192	0	0	192	0	
35	114	72	29	74	3	27	1	114	14	15	40	83	14	30	92	15	83	112	22	56	22	95	110	69	7	3	102	79	1	61	62	17	100	110	48	67	81	88	85	29	34	51	93	89	102	105	25	80	71	105	108	19	39	110	35	77	70	41	112	119	112	9	43	60	104	19	26	58	1	116	24	6	49	97	117	28	28	47	67	33	73	83	9	75	107	74	42	119	64	41	70	97	60	14	103	94	30	92	100	84	113	81	65	0	43	114	67	14	33	36	24	83	55	61	83	61	115	48	3	89	90	115	53	19	65	51	28	113	45	70	39	23	10	63	74	83	6	44	10	57	94	75	117	31	63	15	103	65	13	46	77	77	14	54	109	103	111	34	2	85	21	89	115	75	36	86	116	111	43	15	115	109	69	66	52	91	95	44	79	82	59	27	112	112	94	66	84	114	19	50	78	113	16	115	118	60	29	106	49	40	16	93	107	99	22	33	81	33	10	3	57	40	19	80	55	85	92	93	73	76	11	24	91	83	85	12	98	30	47	16	52	27	38	32	109	79	6	64	75	46	22	56	65	70	74	90	15	44	70	116	79	68	8	4	25	28	53	117	103	41	2	70	88	31	116	107	32	60	72	97	5	61	11	117	51	110	41	5	7	37	33	76	63	22	62	81	23	119	38	32	37	21	95	21	45	84	92	40	116	82	43	107	8	108	72	36	29	70	2	41	49	110	37	69	48	89	5	7	95	19	1	99	36	10	28	70	43	2	28	61	25	57	110	61	92	116	15	28	8	119	12	53	19	56	42	79	33	76	13	118	15	7	4	55	91	39	106	95	9	13	58	21	55	103	34	88	112	7	13	96	101	4	68	23	55	49	65	38	15	78	60	21	54	68	118	78	44	44	17	57	27	87	29	64	116	110	91	108	48	114	61	101	112	100	51	21	4	46	30	12	46	71	24	92	80	98	57	109	9	78	106	33	18	30	60	81	14	34	57	5	101	43	18	45	29	90	102	19	66	38	75	97	62	26	52	14	20	99	8	30	84	38	58	86	73	71	81	92	104	68	17	20	31	106	62	83	115	78	39	110	48	4	47	75	75	82	93	78	18	93	5	44	42	2	11	51	39	118	94	22	39	29	66	68	62	5	108	58	65	19	24	83	14	43	29	6	98	11	103	63	49	104	75	91	89	46	86	73	10	74	114	64	117	36	108	17	88	90	108	68	30	40	26	91	104	29	0	23	86	83	118	72	89	36	6	31	79	61	108	80	72	11	111	88	95	51	4	45	9	66	6	43	109	29	99	80	69	25	9	48	113	18	100	16	44	14	41	86	100	11	61	94	118	100	61	69	62	39	54	41	105	65	14	119	118	99	14	82	43	102	1	108	56	95	29	21	47	104	42	102	55	33	106	87	66	27	29	19	2	16	29	41	22	72	90	11	17	76	46	50	99	102	114	38	69	46	30	114	95	37	84	101	28	53	93	9	29	86	96	24	81	25	73	56	34	24	7	21	57	59	68	39	111	43	8	14	30	82	13	116	29	15	35	82	31	38	100	49	116	101	33	113	13	47	45	17	113	35	54	56	98	109	71	29	106	7	2	44	98	49	11	96	63	28	96	12	6	110	8	40	85	24	61	42	24	14	16	69	61	3	8	39	17	65	95	49	47	53	16	57	119	56	99	17	98	19	48	6	47	37	112	88	59	13	114	117	99	74	39	12	2	11	100	110	10	4	112	49	36	20	110	30	57	109	53	50	63	100	53	26	56	62	59	65	50	9	12	8	115	103	27	79	14	37	62	116	106	34	39	98	74	51	97	18	4	109	43	60	65	46	36	6	57	2	93	99	26	80	83	6	114	109	88	80	79	41	61	38	2	88	79	105	56	81	116	53	106	98	104	119	38	87	83	24	117	44	105	11	33	87	33	55	65	79	33	118	39	60	74	16	37	48	64	53	27	24	60	78	10	96	34	35	104	47	28	113	77	116	103	55	105	86	36	24	46	34	62	4	43	63	26	16	106	79	41	98	62	86	95	21	38	107	109	70	84	101	77	27	88	12	68	118	74	104	10	64	119	105	78	9	29	71	117	33	13	53	43	74	19	94	77	75	85	77	104	49	78	101	93	48	99	21	12	53	98	63	59	100	11	84	84	53	69	29	75	49	108	117	102	93	58	66	7	11	22	98	7	8	112	59	115	53	23	45	14	62	117	95	34	52	41	99	2	93	9	104	68	67	99	44	59	65	20	22	52	83	56	71	27	33	31	40	51	70	37	32	96	58	75	34	75	54	70	23	100	0	59	95	116	40	75	91	59	89	24	83	115	11	73	112	12	46	73	12	9	50	6	8	103	29	119	104	0	62	81	86	53	77	64	73	8	89	59	90	52	91	18	108	25	82	111	10	45	42	49	64	19	36	71	104	89	113	5	3	95	78	17	44	112	85	76	108	49	22	119	17	43	86	107	71	14	62	86	26	14	5	53	57	66	23	56	44	82	53	116	49	79	2	39	61	103	61	20	63	96	16	66	61	109	45	57	41	94	67	6	8	12	118	75	9	6	6	85	11	73	51	21	81	111	99	83	72	99	18	64	23	38	95	8	94	108	69	56	119	63	106	55	45	17	98	25	6	30	107	46	71	63	79	86	77	5	103	113	116	50	30	23	40	21	68	54	48	51	16	2	51	108	111	103	11	78	51	7	15	68	88	34	116	112	30	98	74	22	14	100	116	75	24	65	12	52	51	16	82	41	91	36	53	89	27	1	4	7	52	109	63	42	32	52	94	100	50	29	16	39	72	94	13	101	56	63	15	30	87	100	61	58	4	17	15	7	23	12	3	65	50	68	8	12	24	11	34	100	2	1	47	66	84	84	64	56	55	9	114	114	35	109	9	77	82	34	88	87	71	17	67	31	97	24	4	109	48	35	27	34	37	92	7	55	96	117	29	45	38	24	31	13	88	5	14	83	78	104	48	18	37	68	15	115	95	24	80	2	117	78	114	83	119	70	66	11	44	32	42	23	81	19	89	58	58	75	70	12	109	20	98	27	80	87	45	53	76	72	66	38	83	39	84	77	56	40	64	60	52	83	103	20	104	74	73	30	35	103	98	49	46	46	60	54	80	55	48	81	112	44	39	43	29	30	36	13	64	57	10	101	26	78	1	109	108	21	18	80	53	77	19	32	23	21	107	62	32	40	52	52	67	14	20	81	12	83	112	88	89	89	14	99	69	35	21	32	38	14	51	46	85	19	56	67	51	118	92	18	66	106	17	18	37	26	74	35	5	38	53	83	111	17	97	37	0	69	58	22	74	47	101	112	20	8	18	101	96	97	2	104	0	7	90	88	26	24	69	87	109	16	62	110	12	81	80	15	6	20	62	80	105	98	80	78	82	93	46	3	85	96	29	31	103	91	59	24	85	117	41	81	107	29	115	32	27	26	62	47	1	15	9	89	27	21	32	118	25	95	35	81	13	110	8	91	3	25	106	15	21	37	12	37	71	18	26	63	116	10	91	44	28	77	68	65	55	28	19	112	20	34	108	20	22	1	105	79	94	0	76	55	81	100	49	14	76	92	20	3	11	42	99	4	74	33	40	34	27	98	0	41	0	44	45	119	114	102	113	116	18	81	52	104	9	61	80	32	24	118	46	90	34	72	48	46	62	99	76	64	106	29	33	52	5	111	119	39	33	19	48	93	28	113	95	74	45	57	28	11	81	96	71	112	4	86	77	39	58	19	3	110	7	78	85	79	70	96	26	117	64	102	98	24	50	48	88	11	52	95	70	8	1	19	77	74	11	103	72	23	61	54	40	8	56	73	28	116	37	57	39	96	10	96	2	16	13	111	68	74	36	64	82	34	67	114	12	8	119	108	78	35	105	70	80	42	95	85	108	47	116	53	93	73	29	22	22	16	31	116	98	118	62	72	39	23	88	111	17	47	39	56	25	74	63	109	77	103	24	87	101	106	53	49	7	85	33	43	115	77	49	19	66	29	99	5	74	67	10	83	82	15	31	93	59	15	41	88	58	18	110	41	116	41	59	0	19	31	58	68	103	72	50	65	71	12	31	71	9	76	103	88	15	73	117	6	35	54	32	11	34	99	44	107	36	69	88	89	80	32	25	4	38	102	113	86	42	76	9	40	50	56	82	98	100	103	80	46	42	104	116	65	16	114	114	71	98	39	32	118	107	85	48	86	75	74	33	44	1	4	85	40	54	49	65	94	96	72	32	52	51	98	85	32	31	115	26	1	117	66	44	111	99	34	84	85	68	38	104	26	112	34	88	102	109	100	10	82	49	38	37	71	87	109	7	44	26	99	117	54	96	49	38	10	51	38	48	62	100	17	29	15	2	81	69	15	44	102	51	14	35	31	42	38	5	111	60	58	17	61	82	105	7	14	79	7	17	30	115	77	1	14	47	102	99	96	101	77	8	99	117	108	79	109	62	8	61	81	61	17	96	104	110	3	92	10	79	82	17	96	81	84	26	68	58	80	68	37	6	29	66	80	78	29	89	27	56	11	104	109	102	25	17	62	101	52	73	36	9	18	61	10	8	92	4	4	101	93	31	105	61	66	28	32	71	14	81	56	18	52	113	115	37	40	54	68	77	56	116	25	87	13	87	18	90	32	101	43	113	96	35	49	29	52	31	89	106	45	62	89	38	115	41	92	56	68	82	65	26	45	100	59	88	41	52	85	6	17	18	99	23	24	95	10	108	31	67	48	5	70	56	119	17	22	113	43	89	28	25	61	116	76	31	4	6	66	15	52	89	103	87	119	29	62	80	71	103	37	95	96	112	49	3	93	21	95	91	0	115	30	96	77	97	52	22	56	37	42	6	51	71	59	56	89	54	45	6	11	103	6	86	109	35	33	66	17	45	102	0	45	53	83	59	90	35	53	17	61	62	41	70	16	110	27	69	94	25	108	86	105	56	113	0	54	73	30	80	16	61	116	1	23	20	1	104	46	12	1	109	94	16	61	16	107	92	8	119	92	64	79	25	102	102	104	40	51	92	43	55	80	88	66	2	114	5	81	20	27	39	32	51	6	12	57	42	89	26	109	109	40	104	66	60	100	103	72	17	110	104	8	69	79	61	20	63	102	81	33	90	35	81	18	63	69	99	32	7	91	93	35	43	105	109	88	73	35	17	21	1	1	82	75	11	81	94	103	53	52	6	32	101	114	11	116	25	58	89	118	85	110	78	76	47	45	47	6	116	66	34	86	99	57	40	90	12	84	47	37	90	118	77	91	93	70	67	113	116	54	97	67	8	55	96	62	65	10	41	82	5	21	74	114	81	87	78	104	108	19	51	117	87	65	8	56	85	107	100	34	110	29	41	75	116	1	19	57	96	65	46	107	9	10	68	10	32	105	110	60	118	2	71	41	48	11	70	105	106	53	51	51	31	92	55	0	40	30	78	104	35	88	77	4	109	102	118	1	100	43	105	67	19	7	71	13	105	15	32	54	12	95	63	83	100	73	92	86	66	82	31	84	0	108	111	25	44	54	88	45	44	112	119	118	91	18	8	105	71	11	9	35	23	44	30	17	24	24	33	52	12	107	36	26	57	58	55	34	40	68	80	15	96	32	36	71	25	33	48	17	61	118	8	40	113	60	56	93	22	119	105	83	85	93	5	18	57	21	4	114	102	100	115	80	90	15	88	12	16	92	89	78	54	35	108	64	16	100	79	49	110	45	37	13	79	53	64	88	111	91	63	63	78	26	77	38	115	115	115	86	119	89	100	27	91	46	25	10	48	81	33	83	113	102	15	51	79	35	113	49	49	70	87	17	117	55	16	29	113	73	63	55	57	72	71	53	81	114	55	18	66	1	67	14	94	58	97	47	103	95	74	21	89	112	3	90	42	41	75	105	81	99	93	79	111	9	69	83	16	82	25	50	53	90	58	37	16	110	60	34	109	38	12	52	2	53	24	7	76	93	16	53	67	98	86	55	33	13	85	106	107	54	1	62	51	102	84	35	105	117	114	82	57	71	11	41	35	68	17	17	110	68	18	7	39	70	116	113	3	93	98	35	116	58	44	51	92	71	106	90	65	63	86	74	72	14	27	7	91	8	0	46	57	35	65	50	80	24	20	54	16	18	84	10	28	63	60	61	32	43	64	38	112	97	40	92	108	116	50	33	96	69	53	23	87	71	115	97	0	103	4	14	74	73	8	93	14	57	93	115	6	25	74	116	99	69	93	12	50	19	40	114	84	90	76	47	102	109	11	28	89	64	106	5	95	2	72	13	106	44	26	73	112	17	81	9	66	86	11	66	10	86	8	44	15	113	63	114	106	42	118	30	108	71	109	105	66	102	5	10	61	86	64	66	78	76	5	46	50	83	0	24	112	100	67	38	57	51	115	43	41	85	7	112	19	30	32	97	27	96	83	66	115	37	82	80	41	63	76	31	32	110	29	31	104	0	46	67	17	116	111	97	33	80	95	97	98	20	79	114	107	21	1	84	27	20	23	23	95	55	44	8	98	20	37	45	20	52	57	32	70	19	14	107	43	17	74	6	76	98	118	24	63	3	88	113	35	49	39	13	30	115	19	89	14	12	110	97	15	109	23	11	11	7	63	109	40	10	8	31	106	94	95	7	21	115	12	114	68	112	97	56	112	14	97	88	51	80	11	86	117	11	85	96	90	18	22	10	33	21	21	114	86	73	58	60	90	96	60	92	54	65	0	85	105	17	86	61	32	24	99	57	116	82	52	116	85	79	82	51	45	26	75	56	77	107	77	96	25	68	28	37	46	14	6	56	26	39	35	115	18	86	2	21	51	91	17	21	107	108	21	55	71	39	100	49	28	61	115	4	23	36	49	38	100	3	36	12	75	99	53	0	83	5	99	114	46	2	81	108	60	43	118	6	64	1	21	10	65	45	55	24	56	71	11	42	16	34	20	16	31	32	37	59	114	43	17	34	37	54	95	34	45	116	85	56	54	60	26	116	19	37	54	15	98	19	89	53	21	86	98	107	101	75	13	0	102	56	66	51	11	76	117	23	24	52	95	44	105	88	58	33	119	105	92	72	119	45	76	76	50	6	2	20	48	111	73	42	29	39	72	59	97	106	67	106	32	85	27	46	15	53	77	91	58	48	110	30	109	68	17	75	29	45	34	12	96	88	93	34	83	95	35	34	103	19	77	108	115	86	101	7	73	91	21	25	89	18	96	91	32	5	79	103	107	14	30	102	87	76	113	1	115	118	117	5	25	82	74	119	26	37	105	21	90	6	103	41	44	73	45	87	36	93	38	64	89	28	119	34	23	97	101	117	74	96	10	94	22	108	37	60	75	36	11	27	115	59	62	26	74	13	105	96	8	98	32	74	98	81	16	49	25	62	25	36	6	84	100	9	114	7	70	71	87	4	56	22	18	63	44	28	21	27	14	106	6	95	21	101	89	6	76	19	12	53	31	106	33	88	69	39	71	46	9	2	52	85	22	48	40	113	114	103	4	51	38	9	71	118	29	95	87	119	58	51	98	49	15	114	64	95	66	69	43	96	80	55	40	103	117	58	34	73	74	104	2	19	26	56	28	75	0	50	27	93	28	5	95	116	3	50	2	101	116	8	21	19	70	79	64	9	39	112	58	116	85	20	103	72	37	39	5	92	35	86	117	114	14	118	47	96	63	46	46	72	63	31	46	102	47	44	29	96	74	43	52	20	11	55	55	98	65	53	71	56	26	23	90	110	92	26	14	10	55	66	54	42	6	12	46	8	93	97	74	7	69	61	56	83	17	80	60	70	110	105	31	106	114	92	72	40	95	31	39	98	78	92	56	103	33	2	83	38	66	91	6	68	77	21	12	77	110	13	102	83	36	118	22	96	68	13	90	32	49	48	10	102	92	67	2	22	33	51	96	102	33	103	100	78	0	10	9	86	34	49	114	66	82	28	110	16	35	71	31	24	27	70	105	23	52	119	32	99	45	54	32	96	74	86	47	91	85	86	90	4	21	62	100	62	5	1	106	103	76	73	97	100	22	26	39	90	99	65	62	25	80	54	48	48	29	111	97	25	11	0	107	4	81	50	59	31	51	57	19	23	47	73	41	101	89	73	68	50	75	93	112	22	75	19	62	35	64	9	111	27	60	100	18	106	19	40	73	77	37	35	78	12	91	65	69	96	70	102	107	105	73	105	61	11	22	16	119	94	68	77	29	99	90	20	104	30	104	59	94	15	43	34	76	61	78	0	39	44	37	17	24	46	75	58	79	32	80	40	38	102	82	115	39	119	70	55	62	74	113	68	21	95	36	43	38	29	81	111	73	48	83	101	104	47	47	47	50	74	119	16	56	77	87	20	111	12	24	2	22	55	38	84	26	115	24	117	50	14	92	7	109	65	48	28	56	67	44	59	35	49	32	53	98	111	118	54	81	51	65	24	43	105	5	96	5	80	115	81	89	106	67	80	68	79	59	83	4	75	76	110	57	39	36	116	26	119	102	61	23	89	16	7	27	63	10	7	99	41	27	25	21	1	0	32	11	114	118	52	76	98	76	30	67	15	51	105	72	32	40	48	6	15	6	82	20	10	4	54	10	61	113	51	30	68	72	94	41	85	90	67	95	113	92	22	66	56	56	29	25	28	116	81	36	113	58	81	64	24	94	114	52	109	100	82	24	23	40	5	62	50	50	19	1	3	79	30	3	82	67	71	56	110	49	27	40	17	78	92	119	79	45	30	13	95	72	70	24	69	109	90	33	72	30	108	97	65	62	86	56	74	14	17	91	9	18	111	7	97	43	26	45	12	30	97	49	45	95	57	87	6	9	113	41	21	61	98	78	19	54	23	40	56	115	100	90	56	17	109	80	43	40	66	76	16	101	90	12	105	47	47	54	39	8	43	111	56	114	29	27	33	66	105	26	42	17	9	72	74	69	107	29	109	85	62	1	49	79	87	74	34	91	43	78	66	97	115	100	91	8	72	18	68	30	111	32	96	3	28	29	0	78	54	86	18	56	11	118	44	57	55	4	74	94	94	92	85	6	82	2	119	91	21	23	18	26	58	5	48	5	75	17	80	25	101	113	48	79	67	95	87	42	34	117	1	99	50	21	9	17	70	106	15	10	106	25	49	5	100	38	95	57	55	41	5	11	69	50	105	77	51	92	0	95	66	71	71	35	64	112	70	110	65	37	60	77	109	96	35	94	76	83	41	84	109	40	110	107	4	17	29	57	86	45	35	62	79	27	69	87	27	15	19	65	18	69	37	13	79	85	35	22	12	77	93	70	107	89	51	79	74	113	72	67	93	39	56	8	54	82	59	3	36	99	72	117	61	32	100	37	88	68	11	88	65	86	106	42	95	81	0	80	84	115	26	90	67	105	102	41	61	15	59	80	19	72	94	48	16	31	88	35	18	19	7	39	94	71	55	102	46	85	40	81	83	61	65	72	113	31	105	58	63	111	63	42	89	66	39	83	112	71	5	2	42	83	79	116	91	22	77	11	84	89	48	6	6	55	11	95	30	95	113	23	42	91	63	2	117	92	79	15	20	119	90	36	116	16	44	1	3	75	5	31	14	90	98	2	101	40	35	25	67	33	52	88	24	66	59	4	89	119	106	116	61	23	57	95	56	80	110	116	92	42	71	66	33	114	62	119	68	41	31	68	88	46	114	42	73	92	74	6	17	17	21	81	116	48	66	35	38	51	3	117	24	2	41	80	20	56	77	94	27	4	104	86	109	103	103	9	76	47	64	66	44	68	115	3	86	89	105	69	12	8	3	83	112	33	111	34	66	20	65	62	87	55	88	85	3	32	63	95	111	25	17	103	90	71	91	10	79	44	52	7	71	62	61	83	6	79	73	37	98	52	66	68	61	60	37	73	109	88	117	27	11	67	15	105	118	50	23	99	5	81	17	82	18	56	65	4	101	116	56	25	56	72	47	17	46	9	102	111	75	81	86	92	36	89	87	4	93	101	97	23	41	52	38	119	15	99	72	7	87	92	56	6	3	39	26	100	25	100	50	54	102	32	105	87	29	31	15	71	16	91	13	24	48	19	61	18	109	11	54	51	36	60	108	6	110	53	83	105	27	32	37	38	72	24	81	4	55	119	110	20	19	16	39	118	6	115	38	72	26	45	28	3	0	114	115	111	30	108	69	118	119	62	113	69	96	67	95	49	59	113	19	93	10	77	66	23	27	21	73	11	63	12	106	64	37	116	82	66	51	56	56	70	53	31	39	54	115	90	70	69	86	2	71	80	12	102	22	6	119	74	70	31	32	109	15	5	30	80	19	81	92	55	7	41	44	90	35	38	19	101	98	106	39	1	62	78	110	21	94	66	95	15	48	99	74	85	50	49	29	5	6	115	102	58	23	51	37	39	20	14	94	71	23	113	111	108	92	16	8	18	44	26	108	96	72	107	91	115	89	36	49	111	21	69	41	28	45	48	101	69	74	38	79	25	29	49	87	51	55	1	103	107	114	106	62	60	6	10	24	83	37	10	117	56	59	27	83	89	119	50	39	79	38	104	30	75	94	92	65	57	17	91	87	103	111	7	87	76	74	90	63	30	45	26	71	31	53	111	69	108	65	4	105	8	33	22	36	41	7	41	42	69	70	97	59	37	104	109	84	64	40	25	67	72	67	7	12	76	92	108	77	112	100	24	109	74	44	113	66	39	85	64	43	13	102	12	40	35	18	78	39	0	39	97	116	113	62	117	12	20	79	96	86	93	11	57	11	74	119	50	29	74	100	110	18	94	48	108	117	46	108	17	109	48	23	22	84	99	53	46	6	16	85	24	22	42	32	92	39	75	19	25	58	22	59	33	76	26	74	66	45	115	103	66	93	67	111	12	42	17	27	66	77	93	36	64	60	43	111	112	71	38	45	13	109	11	94	19	109	117	59	31	103	50	113	75	56	35	30	15	99	12	75	29	91	99	47	43	0	47	40	51	113	68	10	51	97	116	15	28	9	70	100	31	111	76	88	81	54	2	63	54	12	110	86	52	73	40	1	73	15	43	64	109	118	87	90	58	56	107	40	34	46	75	116	69	36	17	20	93	74	39	5	96	110	21	88	41	6	63	86	23	20	46	77	113	102	14	62	3	16	109	23	85	1	79	56	83	94	61	85	9	5	10	91	15	47	36	106	3	51	5	30	108	58	67	56	50	67	16	106	110	33	31	6	10	102	94	84	16	5	38	110	10	118	108	69	119	78	95	99	94	21	49	61	59	19	60	92	79	12	84	108	57	78	116	106	61	81	45	94	95	95	41	103	46	24	86	13	8	27	107	14	94	96	3	20	67	81	96	85	100	99	28	113	58	22	74	51	78	89	40	98	101	84	113	119	92	3	90	88	65	16	92	86	58	20	117	102	28	13	75	117	27	85	42	24	111	114	17	37	19	93	68	94	47	53	97	6	98	98	15	83	104	73	86	29	74	88	116	119	2	101	26	16	71	119	69	25	21	96	116	109	11	10	15	72	90	57	101	114	28	23	19	29	113	119	104	108	80	54	55	93	79	62	26	64	19	14	108	110	77	77	3	90	16	76	58	97	77	19	3	69	8	39	13	43	1	44	1	72	60	89	75	5	6	95	106	35	81	35	11	114	116	37	5	32	17	40	0	61	58	102	50	18	66	19	62	105	23	107	103	16	59	57	113	12	22	73	80	93	13	51	7	107	58	72	115	84	81	42	7	46	36	10	63	119	86	60	21	10	64	6	59	76	109	9	34	100	107	33	13	73	18	62	56	87	33	82	65	53	83	76	85	30	39	55	24	40	49	13	72	19	69	56	66	34	111	47	84	7	56	95	52	101	86	118	55	62	100	12	38	115	42	99	33	53	118	10	102	75	13	50	24	6	33	92	63	55	93	29	115	34	110	93	43	43	97	50	38	48	94	90	56	56	53	32	59	117	1	13	82	47	0	118	61	49	67	96	33	9	26	116	110	87	81	0	6	34	105	94	71	64	11	113	80	25	87	36	75	97	69	97	12	104	63	2	35	35	39	13	61	114	12	93	33	1	73	48	49	104	94	49	14	56	21	111	17	74	103	29	51	114	53	80	66	29	5	85	108	4	92	84	78	24	63	41	109	34	101	40	86	34	112	116	50	23	62	14	106	57	55	68	107	110	80	51	3	11	15	43	92	96	105	1	9	83	99	93	82	25	17	57	88	103	29	18	67	39	36	93	107	16	50	5	4	97	99	91	119	108	12	70	17	70	111	10	109	21	89	72	115	38	18	14	111	116	5	85	50	26	4	5	56	90	119	60	25	13	24	112	102	99	31	39	10	112	3	104	36	18	76	88	77	21	86	92	9	56	70	74	29	78	13	57	45	59	22	98	112	86	54	46	56	75	105	26	58	86	77	4	33	3	3	49	17	113	21	51	45	67	109	93	59	29	24	87	19	94	69	57	46	40	22	62	42	50	34	28	97	53	10	28	89	13	63	94	15	61	80	56	52	96	12	42	100	84	24	45	10	66	62	68	95	115	64	115	66	62	86	41	116	101	31	0	95	81	70	23	43	107	90	65	108	29	111	50	17	76	114	92	77	104	37	108	63	36	71	88	45	99	105	97	37	97	107	94	1	109	87	1	117	15	14	57	100	59	78	21	102	117	115	66	31	113	114	52	45	110	24	40	109	119	58	18	113	19	1	17	7	68	87	90	99	47	71	44	49	74	23	77	39	25	30	92	66	38	101	14	93	83	104	37	8	35	87	16	109	114	76	77	27	103	97	18	57	36	28	104	37	68	113	113	21	24	26	112	116	19	40	18	20	61	107	75	92	94	30	30	61	27	67	40	113	16	13	107	84	12	88	6	116	79	11	99	107	102	117	103	13	117	72	0	105	4	80	117	38	57	67	82	72	75	87	66	85	106	24	93	10	68	119	1	15	60	32	13	77	103	57	32	14	115	87	30	78	85	63	6	66	100	21	116	72	41	98	64	53	6	15	119	21	30	28	10	118	82	41	56	36	24	97	25	49	22	104	95	67	27	83	8	60	81	88	81	69	23	47	89	106	30	39	52	78	35	38	97	93	118	104	95	97	21	107	1	16	97	32	65	90	37	4	86	57	42	16	73	27	47	65	88	33	99	26	12	7	81	102	9	105	2	93	114	21	97	93	90	43	38	87	87	8	81	23	1	20	52	94	101	45	42	14	112	44	73	28	47	52	94	63	32	64	3	111	113	46	44	17	33	69	104	89	13	71	1	25	19	0	26	93	55	75	3	87	60	26	99	112	1	58	87	35	107	90	65	114	23	61	117	84	56	101	68	22	44	58	40	103	39	4	53	114	112	3	46	84	105	109	82	76	47	10	25	84	58	13	54	46	69	68	46	49	28	86	80	103	24	3	117	107	4	91	15	110	113	86	100	62	74	51	38	26	15	16	103	63	22	12	67	36	12	30	101	13	40	75	47	35	26	25	84	50	38	95	26	62	112	17	37	69	89	100	20	37	65	27	29	14	80	65	84	55	36	59	69	34	52	16	25	109	108	70	17	11	53	37	98	13	114	45	23	65	72	114	32	76	116	48	89	18	92	36	23	2	59	36	9	7	3	31	87	60	33	73	27	101	79	113	72	22	80	68	34	98	78	82	102	53	79	102	27	26	59	48	105	15	27	30	76	78	42	114	0	52	115	12	102	58	30	74	112	42	104	63	31	66	67	27	61	19	71	36	54	93	44	26	77	14	30	70	34	2	106	4	64	72	57	47	87	6	110	74	20	14	3	49	73	48	62	38	93	79	102	86	23	56	60	1	60	71	6	0	6	20	105	20	117	93	56	71	34	56	69	111	8	16	80	54	45	19	47	53	77	116	21	27	28	12	103	19	60	98	33	56	60	13	80	79	71	80	74	14	98	31	65	63	8	17	29	17	64	42	36	5	68	76	112	29	48	108	8	80	19	40	98	74	25	76	117	112	75	2	2	84	12	50	24	118	27	101	43	0	26	116	9	91	107	76	28	13	82	48	46	106	29	15	110	60	26	103	66	114	94	117	48	55	50	24	96	41	45	35	21	0	38	89	93	81	107	20	46	20	112	70	50	79	20	88	50	24	20	36	113	61	28	115	10	74	91	87	53	119	48	46	14	52	27	39	65	57	103	14	43	37	26	42	8	57	3	66	1	1	40	99	3	14	74	53	112	27	13	94	119	119	52	117	56	80	43	111	108	36	67	100	11	82	36	119	9	57	11	45	34	106	119	1	75	41	89	11	50	110	15	83	90	22	28	106	20	18	77	46	69	89	91	109	0	37	107	41	39	70	9	61	56	11	17	78	87	107	46	50	35	64	28	21	91	12	48	59	43	75	63	33	60	86	75	55	28	46	109	97	48	114	79	48	0	71	112	119	0	100	55	45	2	77	69	23	7	43	28	100	81	99	3	112	113	28	95	37	35	49	45	73	113	28	100	0	107	110	65	72	41	101	94	112	12	115	5	46	71	99	18	64	94	66	13	24	60	15	94	93	25	8	10	29	24	55	22	22	64	21	85	24	48	96	66	74	0	71	4	4	51	64	91	73	25	46	10	43	79	57	44	67	16	47	115	10	109	16	50	82	72	67	23	
76	62	68	64	1	91	13	27	76	95	34	91	114	62	119	117	31	78	75	78	41	52	2	44	4	101	89	115	6	93	21	40	35	34	59	112	97	33	24	33	12	23	73	103	10	73	83	79	48	3	59	63	18	3	60	96	45	63	116	78	40	109	85	65	89	4	56	19	65	78	30	75	64	92	0	76	7	22	39	46	104	22	12	115	11	117	104	26	90	83	116	6	45	75	49	63	86	12	47	118	37	111	17	12	3	30	7	11	114	99	105	91	67	4	114	85	118	37	25	50	100	85	9	51	95	78	25	42	15	72	108	118	46	37	81	90	28	14	50	39	67	92	25	20	83	103	77	43	61	89	104	14	75	83	99	53	38	14	47	57	110	66	29	92	76	105	38	21	2	59	75	119	96	26	77	26	8	48	87	26	107	53	103	1	6	11	23	43	4	111	60	102	106	78	100	89	101	20	83	56	109	80	14	74	8	39	54	86	88	57	43	6	119	23	103	98	5	90	59	53	34	28	79	54	17	69	45	96	66	55	77	98	118	82	73	53	46	15	57	52	75	7	103	23	30	116	92	22	112	6	80	11	59	15	101	63	94	71	43	83	35	7	20	24	108	112	32	14	1	92	113	40	98	75	80	69	66	79	45	63	25	88	82	103	0	47	79	85	40	93	38	36	18	20	72	43	87	76	69	36	113	62	30	24	55	60	30	112	115	54	44	53	103	6	17	79	98	43	79	88	103	48	102	26	14	118	81	4	55	5	6	103	21	70	1	102	64	106	16	16	49	83	15	104	105	25	61	21	10	37	36	49	27	89	52	36	22	109	55	93	90	15	11	84	113	115	0	34	80	68	61	61	118	72	94	74	22	52	32	53	117	38	41	44	66	9	109	67	104	11	25	0	53	66	18	95	102	1	38	102	80	62	17	81	63	87	112	102	41	87	24	81	75	84	63	104	2	60	113	119	27	26	99	52	50	117	34	75	93	40	108	114	49	110	43	82	45	114	56	29	45	46	106	100	62	115	8	25	17	33	69	12	95	27	58	54	64	112	54	49	110	83	68	85	49	51	108	52	116	75	23	46	94	58	38	29	112	10	34	73	109	60	45	116	20	98	15	6	7	51	89	0	14	9	116	20	91	117	49	75	31	112	50	116	83	59	47	83	47	119	1	14	77	109	113	19	25	109	75	75	84	75	116	33	113	106	90	58	36	39	41	28	84	96	70	20	52	30	14	87	41	72	50	100	108	28	29	83	112	83	106	45	29	69	40	35	92	76	49	94	95	8	62	16	102	43	23	40	19	69	7	105	61	56	109	11	55	85	107	118	58	84	66	109	21	118	19	112	12	46	62	88	29	115	54	111	75	64	64	6	4	61	52	92	90	112	108	88	2	95	4	37	34	14	41	73	109	106	89	89	113	81	1	73	51	110	29	56	48	96	91	73	6	116	79	9	112	101	39	119	4	74	23	62	88	55	20	36	39	74	69	14	87	70	60	57	102	2	65	41	71	50	46	77	24	36	59	119	103	43	66	23	79	110	67	9	95	42	89	113	50	106	89	90	23	71	55	43	41	52	22	86	30	0	73	85	83	55	54	95	2	39	32	11	109	72	2	80	23	47	106	7	6	68	15	52	86	51	61	103	37	13	106	31	12	44	102	43	7	111	19	37	26	72	106	86	8	37	100	89	100	91	115	29	92	38	27	83	73	101	25	30	55	102	119	100	53	51	8	115	22	86	83	65	69	92	113	53	70	116	35	53	6	44	12	66	89	59	41	90	43	52	101	44	53	82	96	103	43	114	15	19	10	47	35	101	44	38	22	7	118	11	76	93	18	15	36	8	65	101	7	18	89	62	21	48	72	48	60	63	100	103	38	57	67	86	23	118	107	25	19	103	40	32	37	67	11	99	93	36	53	59	21	75	97	29	21	52	56	100	109	5	86	16	52	61	38	81	23	41	109	107	40	6	86	68	14	36	4	37	43	94	9	32	44	80	76	56	8	115	55	95	32	84	100	98	94	115	16	98	106	83	58	118	56	23	28	108	97	96	111	9	82	59	95	43	72	109	112	71	106	47	61	63	53	98	15	0	29	86	87	48	108	59	78	4	97	45	91	98	22	103	46	21	52	81	100	82	104	9	118	117	29	112	92	111	74	14	98	103	76	1	3	2	23	99	92	103	24	30	113	105	54	91	62	85	55	4	73	88	38	25	1	109	67	61	92	106	18	73	109	29	5	117	24	63	89	70	54	119	25	112	90	66	20	33	117	83	107	101	49	10	76	52	13	0	59	45	33	73	70	93	11	20	104	64	7	100	88	35	43	16	65	107	68	67	9	48	35	62	61	98	113	100	42	43	55	8	75	1	98	33	46	12	8	25	48	74	43	54	86	34	13	33	118	96	58	114	87	67	29	110	39	64	0	92	52	68	50	11	35	44	70	103	68	39	92	112	61	63	105	49	18	105	72	70	68	115	67	117	11	68	103	45	28	105	78	108	23	102	106	36	46	114	112	9	116	106	50	1	27	119	67	96	72	59	101	35	18	41	49	72	118	116	111	18	74	92	68	0	26	26	59	50	96	80	93	55	117	93	5	0	34	45	18	54	112	30	99	52	82	35	36	86	26	82	109	45	32	47	42	13	10	84	102	10	72	3	112	53	20	95	104	111	18	55	52	105	27	98	5	4	86	100	85	52	93	70	9	72	95	55	75	21	106	70	94	84	0	56	105	101	101	108	22	54	53	51	86	13	8	7	102	38	113	83	80	12	81	68	88	72	47	26	81	10	99	10	104	2	20	45	64	59	117	6	79	67	90	36	104	91	3	58	82	58	45	74	61	46	76	104	109	47	23	68	76	103	29	31	62	7	113	52	85	30	96	49	44	53	30	84	93	118	110	0	29	20	101	12	17	42	45	20	106	18	65	99	14	29	47	26	81	86	60	20	98	33	85	23	102	74	30	14	83	86	62	75	35	30	37	8	18	6	16	58	52	77	115	15	60	25	109	3	86	91	96	27	22	29	78	29	24	65	43	63	100	67	66	71	50	68	26	57	74	15	114	66	103	97	6	21	14	71	63	1	90	89	0	9	60	70	61	0	56	106	9	93	103	56	2	14	81	51	22	73	72	32	65	13	87	62	98	89	89	81	78	53	45	15	40	20	76	118	1	19	64	118	47	22	29	39	34	47	82	107	6	38	103	83	76	35	13	115	37	20	0	0	39	39	22	41	62	72	9	115	9	37	81	103	55	6	38	72	69	98	38	69	53	58	34	83	54	114	85	61	37	42	102	89	58	115	36	43	98	114	28	57	44	80	17	12	77	72	14	11	29	26	16	25	2	117	119	59	80	90	16	91	47	90	38	7	75	91	50	27	64	16	48	88	109	83	90	24	77	75	70	90	89	17	42	49	18	104	109	16	21	89	31	8	40	119	112	82	98	88	86	100	99	85	61	109	46	68	22	52	89	56	77	113	52	0	76	46	42	90	6	47	16	94	62	24	98	52	99	100	99	58	62	61	63	21	55	104	85	46	9	104	56	29	29	90	40	81	25	82	107	80	7	46	72	0	90	83	110	81	98	30	68	39	15	68	29	8	34	82	99	105	26	71	11	99	83	65	118	34	96	88	99	84	26	13	114	81	70	45	77	92	45	23	19	45	69	114	25	40	52	75	76	3	75	107	59	96	56	14	58	67	82	41	6	59	74	88	57	7	25	8	45	83	64	112	76	49	56	103	73	59	116	58	53	117	8	95	49	8	115	35	31	60	110	0	74	82	109	58	63	63	46	73	15	87	58	0	94	1	28	47	33	43	31	17	77	90	11	78	115	95	114	37	64	64	42	75	23	9	88	42	78	31	82	107	110	31	19	13	38	42	10	35	113	55	16	56	74	72	53	85	56	59	36	70	117	115	81	114	23	118	112	49	99	74	108	75	51	26	1	9	118	33	48	74	109	99	85	80	10	93	18	42	92	1	107	98	36	90	23	78	24	59	18	65	37	30	43	33	42	76	82	58	81	113	16	102	109	111	110	69	40	15	10	87	8	66	115	1	83	83	4	112	54	114	14	50	63	36	72	15	95	72	22	41	104	50	57	109	50	105	6	42	85	75	43	116	8	6	10	72	65	109	112	24	77	2	34	79	32	69	27	66	112	26	114	80	14	12	22	61	77	14	24	33	93	45	50	0	58	114	49	55	12	50	84	7	83	111	87	35	92	47	111	61	54	34	84	113	29	95	105	37	57	54	30	14	37	105	7	33	69	118	90	1	81	74	54	87	40	41	66	55	39	6	21	32	15	46	66	34	65	9	119	77	99	33	62	97	63	61	74	20	103	3	16	111	115	111	119	85	68	71	34	11	6	52	88	9	104	89	46	1	23	93	31	46	72	2	98	101	100	52	23	105	63	18	87	77	119	48	8	113	83	44	60	9	102	9	85	5	66	111	74	67	46	117	62	54	14	0	71	42	38	44	59	40	50	99	60	24	29	86	44	64	87	36	14	19	116	36	99	13	83	117	82	56	117	93	12	14	93	100	26	24	86	27	92	23	16	98	115	9	28	82	10	55	102	108	107	10	72	114	76	63	76	89	31	46	41	52	94	85	87	85	23	65	50	86	83	43	58	51	4	10	96	8	11	54	59	116	25	77	60	110	16	4	42	60	66	80	33	30	83	20	48	76	40	61	39	2	28	104	96	8	88	79	65	27	1	81	65	58	34	13	44	101	63	9	72	2	9	3	12	100	36	90	67	97	110	109	26	77	89	82	2	116	82	65	58	72	117	94	3	8	82	18	83	20	38	39	37	85	14	119	65	42	9	6	50	44	73	80	62	117	45	56	7	5	46	86	33	28	51	61	109	2	89	97	7	11	83	87	53	84	24	53	108	39	26	83	67	93	100	65	54	79	79	48	119	14	52	92	58	67	47	14	66	23	22	91	18	51	24	34	105	104	7	38	22	98	110	79	67	114	106	42	89	78	100	62	26	86	76	94	103	87	103	30	110	70	21	21	29	53	117	53	37	16	84	45	26	26	7	43	56	116	38	90	5	5	26	5	60	38	66	29	91	53	12	53	110	96	85	19	90	19	82	21	115	119	0	62	100	21	94	9	3	32	5	79	83	92	32	92	18	105	6	18	52	57	57	60	12	52	49	52	14	73	28	118	98	101	34	30	16	18	30	83	39	82	96	47	97	60	81	82	71	2	50	5	2	5	73	91	101	118	35	58	42	46	103	91	86	17	84	111	115	62	21	101	5	69	70	75	92	114	105	109	75	81	79	39	104	74	55	85	88	73	37	45	92	88	65	73	65	55	65	73	34	98	89	89	22	31	102	0	48	8	48	54	23	83	54	8	82	67	56	112	109	89	107	48	117	89	1	62	5	23	16	114	106	17	66	43	87	12	14	52	33	36	69	117	92	91	8	28	17	113	59	81	76	63	83	41	109	42	24	105	26	96	61	94	39	43	49	66	100	43	84	9	31	59	32	70	21	93	60	118	31	0	89	79	77	57	10	61	31	115	23	90	83	65	94	117	51	61	84	30	76	87	99	28	114	74	65	118	105	41	37	64	51	24	0	110	70	70	27	17	37	45	66	21	41	93	19	31	53	49	115	90	119	71	87	36	19	94	32	19	37	1	3	20	31	42	9	119	111	115	107	99	29	57	25	42	48	46	46	101	91	70	62	47	48	77	43	114	90	27	106	85	24	66	88	60	46	112	77	69	82	43	100	94	14	8	7	8	114	47	3	93	20	51	74	32	81	24	49	40	1	56	82	68	65	50	44	32	73	31	99	92	49	80	55	25	51	105	75	64	59	32	109	25	89	96	63	77	89	81	58	102	46	94	49	110	80	79	9	80	45	45	57	17	69	119	25	102	15	10	117	27	68	7	13	63	114	116	3	51	46	60	17	18	118	66	56	19	23	88	35	50	43	111	109	40	47	119	95	4	14	88	6	82	64	100	10	84	83	19	33	42	73	15	32	99	3	32	43	87	29	100	55	112	117	67	17	86	85	55	89	8	11	65	98	106	67	1	82	119	118	75	65	74	46	7	117	102	74	44	33	44	73	41	114	10	35	93	38	17	25	10	13	34	13	52	72	27	97	85	15	12	92	19	25	99	22	44	16	28	53	47	59	58	87	32	87	67	107	27	50	22	103	100	63	97	45	20	99	10	117	116	89	109	41	101	54	54	104	94	105	80	8	51	80	119	101	113	39	29	5	11	15	77	5	0	27	59	49	69	58	41	61	69	3	0	55	71	119	19	30	34	56	95	60	21	9	88	30	31	41	19	104	9	16	6	13	99	62	5	81	37	76	25	42	110	112	32	76	7	110	18	20	45	64	29	71	118	48	1	56	29	80	59	92	49	14	89	78	2	72	105	60	45	37	101	9	108	6	99	27	69	101	88	21	50	78	0	16	83	53	15	14	43	20	52	55	88	70	60	104	15	95	105	117	75	55	99	96	110	99	9	0	53	65	65	102	23	114	42	58	76	12	46	93	5	99	36	99	79	108	4	43	18	6	50	53	14	97	102	70	22	24	69	59	42	97	37	10	97	18	103	9	19	59	28	99	102	115	48	72	26	18	93	6	14	88	74	103	118	106	64	91	61	93	93	66	31	33	35	38	29	89	77	10	84	37	64	34	71	27	90	38	104	110	24	105	85	27	66	19	5	19	68	97	90	20	21	68	101	60	29	107	96	118	95	117	15	28	77	64	25	111	107	20	46	116	92	32	38	53	36	68	94	3	74	38	30	14	0	60	41	91	102	61	81	73	28	70	60	3	37	14	22	80	42	54	17	105	13	63	37	97	20	46	92	72	19	34	26	79	90	57	51	28	46	65	44	100	68	54	113	4	49	102	64	16	67	116	77	87	30	16	63	20	79	36	96	61	106	111	24	111	111	30	106	45	36	111	21	100	77	34	61	59	105	61	48	107	48	98	112	93	20	42	6	23	44	17	93	56	9	27	6	10	71	39	15	40	65	85	25	82	52	109	75	38	22	10	2	22	110	30	63	73	87	108	43	48	115	45	109	113	29	95	62	32	88	105	96	46	61	89	6	99	2	86	1	59	26	103	88	3	87	84	38	46	2	38	42	45	75	84	29	42	60	23	104	27	19	112	4	62	33	115	0	48	87	61	8	119	95	16	67	38	37	99	51	79	38	50	116	72	86	50	22	103	102	50	117	108	109	50	42	5	37	54	48	93	17	116	75	0	96	6	108	14	101	71	100	117	75	63	97	52	67	67	8	47	108	96	58	72	16	18	32	106	47	47	20	61	60	48	83	60	117	21	92	101	85	0	32	74	80	57	85	68	15	4	58	93	32	82	53	106	93	46	50	98	69	110	47	7	24	0	67	111	107	43	31	15	103	36	87	87	44	115	74	87	108	21	93	86	111	19	80	85	55	62	52	109	21	56	43	87	5	109	115	11	91	70	10	100	52	115	98	33	29	26	4	77	91	4	33	53	103	43	93	37	48	56	44	60	38	22	61	78	60	57	4	106	77	70	28	114	21	111	24	75	15	102	16	85	89	108	110	78	71	102	85	13	97	32	116	101	38	112	107	57	96	51	16	14	29	8	111	83	58	84	37	12	43	80	19	65	56	92	26	4	76	111	1	87	8	88	72	12	21	0	64	21	0	10	41	63	119	66	27	99	70	53	23	59	4	36	103	19	80	80	35	93	3	62	107	87	37	49	95	81	68	62	12	55	17	8	112	38	64	63	53	48	54	98	59	53	54	49	81	71	89	104	23	102	23	82	19	92	74	67	30	90	106	90	52	22	23	71	87	4	62	110	87	107	70	67	109	98	74	92	12	9	4	71	101	14	102	63	2	50	63	97	107	96	53	119	84	70	110	21	74	29	92	10	18	107	66	1	70	1	1	32	57	119	114	71	46	96	27	113	57	74	37	99	7	76	10	101	55	104	51	42	60	78	64	42	103	9	90	99	45	5	3	5	13	10	22	3	41	62	64	109	35	79	94	5	83	44	8	100	20	81	45	65	67	35	79	101	94	51	3	22	26	94	38	22	34	22	105	15	16	111	93	11	91	11	61	41	75	93	62	57	34	89	113	66	6	24	85	26	63	11	72	0	15	51	69	34	48	101	59	6	7	35	40	35	48	7	77	8	16	58	83	26	66	62	118	113	83	45	113	56	48	44	100	102	13	105	71	11	107	102	43	85	41	52	21	113	73	73	2	58	34	45	15	117	23	4	76	61	73	105	20	5	117	10	61	20	104	23	76	93	93	44	116	13	67	114	88	44	68	64	104	57	51	11	99	70	92	58	89	27	49	70	93	11	68	41	97	71	15	18	19	9	118	14	84	34	64	79	50	72	93	14	58	82	7	88	25	21	85	2	62	73	63	26	101	54	49	108	72	12	94	75	74	60	22	11	16	42	108	27	70	4	85	109	45	119	46	100	25	106	97	83	77	98	93	45	35	88	101	62	61	112	72	118	4	37	1	3	94	87	12	60	100	87	107	72	4	45	43	29	94	34	74	22	83	102	31	60	82	70	52	89	11	31	90	11	87	97	48	60	34	111	23	91	28	92	110	69	11	106	3	108	93	101	20	72	50	20	51	66	55	79	64	95	83	89	27	18	59	11	87	36	69	70	105	79	90	48	26	91	4	5	119	19	118	51	94	73	53	118	55	32	93	18	100	26	40	95	18	72	88	82	73	97	33	7	46	53	39	118	109	14	60	99	39	29	2	60	9	30	10	3	30	109	16	39	87	51	69	37	33	90	113	16	79	100	43	28	10	103	20	74	55	92	33	25	81	88	75	119	50	17	74	3	114	110	30	119	2	36	90	110	57	81	71	49	84	74	0	20	18	21	60	115	22	56	88	36	116	87	40	73	108	103	66	7	59	112	10	81	54	25	58	46	84	63	53	87	71	93	104	63	10	94	112	68	42	81	47	36	75	59	43	99	8	25	117	9	57	68	23	38	51	114	44	119	19	89	54	34	95	70	22	110	53	112	31	13	106	102	55	99	89	41	95	13	72	113	69	108	58	111	117	111	23	34	71	18	18	81	5	83	90	103	45	112	20	16	84	116	64	37	30	45	25	30	66	44	103	101	82	60	74	107	113	31	80	96	35	109	26	79	74	53	18	39	80	32	70	68	66	35	52	106	1	19	39	26	61	58	83	33	119	22	88	3	59	60	112	21	31	106	3	6	94	63	20	28	22	40	119	39	21	74	21	70	28	69	16	98	113	48	112	11	77	47	58	70	44	16	119	108	40	27	55	15	71	17	29	1	39	73	106	40	94	85	5	102	59	33	44	115	45	109	114	113	95	73	27	56	99	88	29	64	48	1	28	93	15	60	51	28	19	88	91	116	51	111	54	76	3	105	85	87	101	55	22	82	96	27	33	119	95	112	63	9	106	47	85	52	119	85	118	114	88	117	77	90	102	13	20	100	99	76	95	53	13	89	29	48	35	74	113	34	100	21	83	68	3	18	6	73	100	1	99	62	117	21	58	22	22	62	83	9	119	1	83	97	62	84	42	83	89	52	74	71	3	101	16	73	109	92	68	81	31	65	22	30	68	107	3	53	41	109	49	26	52	27	27	94	86	35	81	91	69	115	109	68	58	98	104	24	8	91	75	27	35	112	21	61	58	103	19	102	105	8	0	81	62	106	62	105	87	93	3	18	65	19	35	19	73	19	92	111	100	49	83	109	6	79	45	36	24	54	10	80	117	46	33	51	9	107	22	26	109	45	56	52	22	24	119	39	100	51	53	58	27	92	97	19	30	111	9	12	0	95	53	10	71	17	12	115	103	3	32	59	58	29	98	91	54	119	11	70	80	76	1	96	97	76	43	67	28	58	119	82	54	103	110	29	40	61	95	108	33	94	49	29	42	19	77	32	64	16	105	85	13	84	109	42	38	34	65	49	64	40	1	62	71	111	15	34	50	99	79	90	14	74	54	66	22	30	95	45	5	89	69	12	15	24	94	42	70	86	33	41	50	64	60	56	0	44	67	10	110	102	4	30	112	76	53	102	63	33	78	43	23	5	51	36	86	1	31	114	24	94	70	48	98	28	115	102	66	71	11	70	62	76	7	77	97	50	27	43	106	36	94	22	7	13	20	39	24	5	106	10	9	66	60	99	18	13	72	116	6	91	12	19	94	96	53	0	45	74	2	37	40	72	108	49	33	12	47	82	58	8	13	54	49	48	119	55	50	46	71	8	68	55	89	83	77	87	88	18	97	107	91	117	85	25	89	15	99	82	18	72	113	98	53	15	98	4	92	62	78	87	4	47	4	6	100	40	13	116	63	39	14	27	50	44	11	98	82	98	85	24	18	22	87	56	10	80	51	79	0	56	92	14	82	4	20	85	32	24	42	104	2	99	93	95	6	19	12	70	61	81	71	94	109	66	110	15	118	35	37	110	47	88	74	56	27	6	82	27	18	13	58	116	50	13	2	98	107	60	75	52	91	7	88	15	84	63	116	60	31	112	33	63	82	94	71	63	100	1	109	62	26	45	85	34	93	93	15	39	18	15	11	43	74	90	77	96	55	99	74	69	70	77	29	83	60	68	103	49	54	93	10	76	68	72	103	62	18	94	7	110	55	70	27	58	77	91	50	116	76	54	69	96	40	1	29	104	90	72	37	58	60	102	31	4	26	1	115	96	37	25	18	33	5	102	57	99	60	89	107	32	71	27	102	72	16	18	98	80	77	21	52	101	10	81	97	114	94	89	25	3	89	43	11	71	15	27	116	20	55	102	22	23	6	79	90	3	15	88	1	42	63	24	42	46	113	32	49	111	41	26	80	89	116	48	112	92	86	94	118	94	1	103	5	42	12	91	118	27	77	57	80	118	31	38	110	69	101	69	79	116	35	34	30	92	64	77	46	46	13	4	62	11	86	28	115	113	87	38	62	85	84	101	17	58	64	75	86	49	88	32	22	74	85	33	25	9	23	65	41	71	13	105	60	77	77	78	84	27	68	56	104	55	90	39	36	112	80	13	59	13	112	41	8	72	31	43	42	101	14	23	10	112	30	36	25	48	12	16	65	4	93	110	88	59	37	5	74	106	22	103	110	16	74	83	100	102	46	31	116	52	98	53	25	35	77	105	70	1	29	64	29	89	65	15	116	6	99	70	65	36	77	17	34	17	95	109	90	90	113	67	21	38	111	5	116	77	58	2	47	40	17	4	68	97	101	34	65	53	61	69	77	117	49	50	62	25	60	101	23	79	62	30	34	117	73	11	83	88	47	57	17	115	0	82	107	115	57	27	13	96	60	12	23	24	12	65	44	110	22	70	75	51	89	15	113	6	7	112	77	19	40	101	114	99	50	101	114	96	96	5	45	15	40	119	44	54	13	117	78	100	83	62	0	56	17	84	93	1	99	107	34	36	23	69	106	98	99	43	92	25	118	73	39	104	28	49	67	71	116	28	18	57	22	104	88	17	79	51	112	7	27	43	38	92	29	18	67	87	72	18	87	108	24	82	14	87	114	43	96	64	94	99	39	33	0	86	7	4	36	78	43	49	59	99	90	112	63	56	65	19	97	9	42	110	99	51	111	56	50	55	92	36	36	16	20	100	31	111	64	27	40	87	51	56	75	81	43	24	37	113	32	117	25	85	19	15	25	36	27	107	98	0	0	38	32	75	50	109	60	31	71	10	64	46	15	28	23	4	5	86	29	107	45	54	43	62	26	7	30	15	96	114	23	6	42	55	71	68	39	17	79	59	97	111	1	116	81	20	59	16	68	10	77	5	66	21	13	54	48	28	73	53	1	16	114	76	58	31	84	8	47	45	61	101	44	114	19	77	60	62	10	106	48	19	77	7	93	75	43	78	21	69	61	75	37	87	96	19	10	19	67	70	59	74	102	6	4	30	72	35	107	22	57	119	63	74	35	110	95	90	66	116	99	85	47	7	106	71	11	54	54	8	73	7	117	46	9	106	6	110	25	78	110	72	64	95	72	9	40	0	42	117	9	104	46	99	62	28	33	111	21	73	97	15	51	21	51	91	88	21	26	84	111	100	48	110	89	9	3	68	108	82	107	119	112	79	99	47	50	18	109	88	108	0	85	78	68	33	28	36	56	69	34	113	119	6	112	96	66	72	71	95	35	8	6	88	101	115	59	42	2	55	26	0	59	65	114	113	118	64	75	30	80	21	67	82	33	93	63	83	21	82	44	47	31	16	75	3	53	60	13	105	61	89	21	107	70	76	40	29	49	108	47	34	32	118	70	49	65	82	97	74	63	67	2	40	5	73	68	73	52	66	56	63	94	57	112	43	28	17	6	4	74	60	54	12	114	31	16	66	95	109	27	93	98	13	1	64	118	79	47	18	57	14	32	86	23	63	102	84	66	105	115	36	114	81	8	25	48	55	117	3	73	41	25	87	8	82	107	77	11	83	14	48	50	48	98	43	95	29	84	42	39	39	59	85	28	96	110	46	106	15	36	19	101	91	50	46	11	48	117	118	33	100	82	88	98	84	46	111	13	97	114	17	43	95	90	105	70	38	84	86	38	115	19	68	61	19	3	68	14	107	62	2	110	20	2	40	87	79	16	108	68	14	60	80	39	4	87	69	25	67	16	27	67	12	10	28	45	89	118	24	84	90	102	45	16	112	61	40	2	85	115	80	67	112	85	36	65	108	59	84	53	70	119	29	84	94	38	80	19	103	25	15	80	100	68	52	93	113	50	3	86	67	65	26	26	95	73	93	48	76	110	74	45	35	60	53	35	119	22	45	42	107	60	67	57	40	32	27	82	6	84	69	110	110	24	93	3	9	113	34	94	34	29	33	13	55	106	19	14	37	57	41	62	116	78	63	98	80	88	109	1	20	72	2	98	98	6	40	97	107	85	84	34	88	25	112	85	29	88	6	68	83	83	54	55	13	27	90	40	51	16	104	60	81	79	18	109	82	39	84	48	0	59	66	109	41	116	95	99	44	100	46	58	19	69	90	74	73	26	108	89	14	63	105	31	29	63	86	84	80	63	109	53	96	54	85	110	29	9	22	93	1	31	79	111	107	24	16	36	68	6	46	27	98	1	9	30	94	25	110	99	116	54	81	50	81	66	31	46	95	37	60	81	101	57	96	58	73	103	25	17	116	2	13	1	69	65	79	88	94	96	62	63	84	45	42	5	60	81	30	57	49	10	75	74	15	10	40	65	37	69	32	99	43	8	19	48	85	117	67	26	98	118	33	41	76	10	80	90	107	43	25	5	90	26	105	86	56	60	99	76	57	109	105	53	57	99	113	6	68	93	29	80	73	68	81	117	117	70	32	56	78	119	102	22	102	109	13	1	30	77	54	60	98	13	95	107	34	13	25	102	2	50	43	114	102	56	118	68	35	82	47	14	70	90	75	115	94	15	31	95	18	86	38	62	31	36	60	72	79	89	9	78	19	78	46	7	23	79	9	103	54	94	57	82	87	104	56	44	104	28	113	20	104	26	117	47	68	100	4	111	1	99	54	12	0	48	74	45	65	90	65	35	46	2	60	89	32	24	37	29	112	79	52	58	58	25	42	1	108	118	77	64	102	85	60	67	81	78	2	68	62	7	115	70	19	94	23	104	28	76	43	118	2	26	54	102	2	107	101	40	109	94	73	113	100	84	15	44	64	113	103	73	108	13	112	26	119	99	95	90	10	30	119	76	17	37	101	88	100	31	80	119	11	67	95	43	83	91	17	29	8	66	67	79	41	105	48	20	107	18	27	43	114	1	81	19	61	76	78	10	24	115	104	1	92	98	90	24	105	92	15	30	1	11	31	6	93	116	24	2	10	77	83	57	85	1	41	80	96	8	99	63	83	37	42	79	16	7	64	117	68	12	34	111	39	101	71	81	76	59	7	45	83	106	4	0	49	48	57	15	113	60	60	82	63	73	20	10	109	52	36	17	62	90	27	79	96	24	14	111	17	108	14	55	117	91	84	111	30	100	9	35	71	93	49	113	50	33	16	5	8	29	36	3	86	106	7	93	97	6	85	77	98	50	89	45	113	77	119	31	85	51	119	1	118	84	72	44	29	54	30	87	109	43	114	90	33	14	95	73	31	21	109	10	33	34	13	86	67	28	35	92	26	51	111	69	35	29	0	47	44	54	48	22	68	31	18	67	19	109	71	103	40	92	86	23	63	115	9	51	2	35	38	108	58	83	50	81	72	17	3	118	31	91	14	44	21	112	116	24	94	30	13	45	119	102	49	116	77	46	31	84	36	36	60	14	118	5	78	60	112	56	105	44	117	17	76	80	76	42	103	73	63	33	35	76	81	15	50	119	33	42	119	50	106	92	66	17	29	107	83	95	32	106	46	56	82	63	9	45	57	7	44	105	39	83	26	112	52	18	79	20	65	19	1	43	89	108	55	51	66	98	17	82	23	116	52	24	60	44	48	27	49	60	71	62	12	68	109	97	42	46	71	2	55	6	82	56	97	85	83	54	20	92	37	7	29	0	73	51	3	69	68	117	81	45	22	62	42	82	0	39	96	40	19	7	80	65	86	4	59	117	112	18	28	40	18	42	32	72	
13	8	5	10	8	17	16	17	13	20	2	15	11	20	13	7	6	18	14	1	3	6	2	13	15	2	1	18	8	2	17	19	13	11	18	7	13	11	7	13	20	18	11	20	4	10	8	19	4	3	6	8	11	15	15	19	10	8	10	14	8	13	6	11	7	14	20	18	10	12	10	8	4	12	1	14	10	6	7	1	8	4	2	7	7	6	18	3	1	18	11	8	14	1	14	6	3	15	3	6	10	10	13	5	19	3	19	13	12	10	11	5	17	9	18	16	19	20	1	9	8	9	17	11	16	17	15	18	17	13	19	7	11	5	20	16	7	19	9	20	7	15	9	10	19	15	15	13	17	16	5	20	5	2	20	11	4	7	13	15	16	15	1	18	13	9	4	15	4	11	9	13	19	13	7	11	6	14	8	18	2	14	19	5	9	11	20	12	8	8	11	19	3	14	18	16	9	5	7	1	5	1	9	9	19	17	3	8	5	10	20	18	16	17	15	1	20	14	11	20	6	11	20	14	12	5	14	12	11	1	16	1	15	3	18	4	2	18	8	1	20	1	13	13	6	13	1	14	15	13	5	11	13	16	2	7	3	4	8	15	14	10	6	14	18	11	16	7	9	3	19	14	15	4	12	1	14	15	16	3	10	13	11	19	9	6	16	14	3	9	7	19	6	13	5	17	2	15	11	8	9	14	18	17	19	9	19	5	2	10	15	6	19	14	3	20	2	5	4	13	12	2	15	8	15	20	5	16	7	9	3	1	10	13	18	13	5	7	15	3	12	10	4	18	16	12	16	2	19	1	1	1	10	4	8	18	9	4	18	14	10	10	8	13	10	3	19	6	19	14	1	5	11	7	9	19	3	9	18	5	2	2	7	9	20	14	15	3	11	4	17	12	15	18	15	9	2	9	7	19	15	17	8	12	19	4	12	8	14	3	16	7	17	14	17	9	14	16	8	16	2	19	2	11	16	11	20	1	8	3	3	1	12	1	10	13	14	13	3	13	15	20	8	13	6	13	6	4	17	1	3	18	4	20	18	1	9	17	14	8	8	20	15	20	16	17	18	4	4	18	4	12	13	1	10	18	13	9	2	1	5	12	19	9	2	11	12	16	8	18	4	6	5	20	18	13	9	5	3	5	2	5	18	15	17	7	17	13	14	2	18	15	3	16	8	14	17	8	20	3	19	18	9	3	12	15	15	17	11	19	15	11	16	8	1	14	16	17	19	3	10	15	14	14	14	3	1	18	3	13	19	7	10	8	3	3	2	4	14	18	10	18	19	2	4	15	1	20	17	20	4	3	17	2	9	7	11	10	18	3	2	2	7	4	12	17	5	20	5	1	1	12	20	3	1	16	5	11	8	10	14	17	1	11	19	20	4	18	14	8	2	3	20	20	14	19	5	8	2	16	19	8	16	11	3	11	16	8	1	8	15	16	3	2	3	5	2	16	3	15	19	5	2	8	10	16	16	8	13	19	14	17	17	4	9	3	10	18	11	11	14	15	20	11	14	16	5	12	2	18	19	14	16	14	7	18	13	9	11	6	6	16	11	10	5	1	1	7	6	16	10	9	4	6	12	2	9	8	16	3	5	12	1	3	5	8	4	1	2	14	7	7	4	12	2	5	3	10	3	16	7	10	5	3	3	9	4	14	14	1	12	5	14	14	3	9	9	5	8	12	3	13	10	7	3	1	13	8	2	4	14	8	11	7	10	5	5	6	7	7	4	8	10	6	8	11	13	1	10	12	7	10	4	3	13	1	12	15	5	12	11	10	15	4	5	5	4	8	15	11	5	3	6	2	2	12	4	8	12	16	8	8	11	15	10	6	11	11	11	2	13	2	2	11	9	9	14	10	11	7	15	15	16	16	13	11	2	8	6	1	3	10	14	9	10	10	7	2	12	7	2	14	10	5	14	7	5	7	5	12	4	11	14	15	9	11	11	15	15	13	9	5	15	9	9	15	2	4	10	12	7	5	3	9	4	3	8	1	11	12	14	10	15	6	16	11	16	16	7	12	6	14	4	10	5	12	6	14	6	10	9	6	8	5	3	15	8	11	11	16	8	8	13	6	6	5	8	8	10	8	9	1	6	10	3	16	13	16	5	3	16	13	11	7	14	12	12	16	8	10	13	13	9	9	2	8	10	3	6	4	6	16	12	11	13	7	14	3	11	16	11	4	9	1	13	9	6	1	10	3	3	6	7	3	11	1	7	16	9	10	9	5	14	16	9	15	11	16	5	10	3	16	15	1	3	12	14	2	4	10	10	14	3	14	14	6	9	7	2	13	11	8	11	15	11	3	10	1	5	4	16	12	15	14	5	9	10	9	16	2	16	1	8	7	3	5	5	13	7	5	10	7	6	5	13	1	6	10	11	14	10	9	9	13	1	10	6	2	4	1	8	12	14	2	4	5	4	8	16	16	9	8	15	6	13	4	5	8	16	11	2	13	1	8	15	5	14	1	13	3	6	6	2	12	5	12	7	3	3	3	2	13	3	13	11	8	11	4	11	10	11	13	14	12	2	1	7	7	4	8	3	13	6	8	14	6	9	14	16	1	7	1	4	2	9	10	5	8	2	5	14	3	6	7	7	11	5	9	4	4	9	14	4	7	11	13	1	5	13	7	12	10	11	8	6	15	7	8	6	3	3	12	6	5	5	3	4	1	13	15	9	14	3	8	13	1	8	7	11	2	1	5	12	3	12	3	14	1	1	4	10	4	2	14	1	16	1	15	8	12	6	6	10	7	15	5	11	7	14	6	6	4	6	5	4	1	3	8	4	14	6	11	9	2	11	15	14	6	16	12	10	3	8	3	14	2	8	3	1	4	1	15	2	10	5	14	2	9	2	2	16	14	10	6	11	6	8	4	7	12	12	6	11	16	1	3	11	11	1	7	6	12	7	5	15	5	4	9	11	4	16	16	2	2	4	6	13	16	5	10	14	2	15	11	1	14	2	12	6	5	15	14	3	11	1	2	9	7	10	13	9	15	14	9	4	13	14	10	15	14	13	7	10	2	12	6	7	13	14	5	9	12	2	6	4	12	4	15	11	4	15	1	3	10	6	16	9	15	7	12	13	5	16	9	3	16	13	15	11	3	13	1	13	6	8	15	7	11	8	14	12	2	2	12	16	11	11	10	6	16	2	2	12	15	7	14	1	6	12	5	4	3	2	9	4	11	6	14	15	6	6	7	10	3	9	14	7	15	8	3	8	6	7	8	8	5	5	6	11	3	7	4	12	15	7	7	2	16	15	9	6	5	8	3	14	7	14	10	15	15	5	10	16	6	4	3	8	13	14	3	12	7	10	13	4	7	2	13	9	13	12	8	14	7	1	11	15	14	7	4	5	6	7	2	12	2	13	16	13	11	8	4	5	10	12	3	14	9	7	10	3	3	8	2	9	15	12	4	3	13	6	14	6	15	2	3	10	10	15	10	8	16	11	2	10	12	11	2	2	8	8	12	6	11	8	8	11	1	9	7	4	13	7	5	8	3	14	15	7	12	12	10	3	10	4	3	8	10	12	3	14	12	8	15	15	2	12	8	14	12	14	10	16	9	12	14	6	16	8	15	12	4	1	10	3	4	8	6	16	8	10	6	1	8	2	2	13	16	13	5	15	3	1	1	5	11	9	2	13	13	15	7	2	16	8	4	13	3	8	7	3	12	8	8	12	3	6	5	2	5	13	9	16	11	3	5	4	8	14	6	8	11	1	12	12	15	4	15	7	1	9	2	2	13	8	12	10	2	7	16	4	11	12	11	9	9	6	15	6	10	5	12	6	1	6	10	6	1	6	5	12	15	15	8	15	7	8	5	12	16	10	4	12	1	5	5	4	3	5	9	13	6	14	1	13	4	13	4	11	15	14	16	4	9	14	12	11	8	10	10	2	2	7	3	4	5	3	15	9	7	11	12	1	1	15	8	15	14	7	13	12	10	16	4	4	7	8	13	16	7	15	8	12	3	2	1	10	10	14	3	10	15	6	1	1	9	9	9	11	12	8	11	16	6	3	3	15	3	12	7	7	2	14	15	16	11	10	7	6	11	4	14	2	11	9	16	1	9	10	12	8	6	7	2	13	5	7	3	12	15	16	16	11	12	13	13	15	1	12	1	6	15	9	15	3	12	12	11	15	14	12	14	4	7	5	11	1	7	13	16	10	8	4	4	11	14	10	13	15	13	14	4	15	16	7	11	15	3	3	13	1	9	16	9	15	16	6	15	14	1	5	16	16	9	11	2	11	7	1	8	8	13	6	16	1	10	6	7	7	1	10	10	11	10	7	6	15	9	3	8	8	14	16	6	6	5	12	11	1	13	12	1	8	11	7	13	10	8	16	11	15	7	6	5	6	14	8	2	9	2	15	9	16	3	5	1	12	16	4	16	11	13	5	11	9	2	16	12	16	15	16	5	6	7	14	16	5	9	14	12	12	11	8	7	5	16	7	7	8	9	16	13	2	14	10	1	3	5	2	13	3	5	5	15	10	2	9	2	13	11	15	12	14	2	1	8	4	12	8	2	15	15	2	4	9	4	14	10	11	15	16	7	12	1	2	10	4	15	4	2	5	9	2	7	15	9	12	13	7	13	1	8	6	1	1	9	4	5	10	9	7	16	7	13	1	12	10	11	15	3	6	12	7	5	5	16	1	4	5	7	16	14	13	12	2	3	8	10	14	3	3	7	4	2	5	6	6	3	11	10	9	8	2	5	7	12	11	8	7	16	11	15	9	12	14	4	10	9	9	6	6	8	9	5	15	5	10	9	5	3	8	4	15	8	1	4	15	7	14	14	14	2	13	3	12	2	15	13	9	1	1	1	10	9	4	8	6	15	11	7	8	1	4	13	8	10	1	7	4	11	4	9	1	1	1	4	2	5	1	10	9	12	7	12	5	9	11	9	15	9	13	13	15	10	15	11	16	12	1	11	14	1	10	5	5	12	2	12	1	10	2	8	8	11	1	6	2	8	7	1	13	14	15	13	2	11	8	6	4	12	11	5	3	11	2	15	5	6	14	1	8	10	3	9	13	13	13	2	12	6	7	16	14	1	16	7	15	6	15	6	6	2	3	16	7	3	15	7	8	1	4	13	12	2	9	13	15	3	12	9	13	13	16	16	3	16	3	6	6	10	2	6	13	15	7	5	8	1	12	10	15	2	5	1	11	16	14	11	9	15	3	4	14	8	14	3	8	13	7	11	2	4	12	2	14	16	5	10	9	13	10	10	16	1	5	15	15	12	7	2	7	15	15	4	12	8	13	11	9	13	5	11	9	16	14	16	2	16	4	11	4	12	6	7	3	8	12	10	16	16	12	11	16	13	14	8	4	15	11	7	9	6	15	3	1	9	4	3	13	8	15	1	16	6	13	15	15	13	8	2	8	2	7	8	2	9	10	3	5	14	14	12	11	1	5	8	12	2	12	7	9	12	10	14	13	16	9	13	12	4	2	16	3	9	11	11	9	3	10	4	2	10	2	10	1	4	10	16	6	14	15	1	3	2	14	12	8	13	2	3	15	4	2	15	2	14	6	13	14	13	4	16	15	10	11	3	3	7	5	10	9	11	5	2	5	6	12	11	3	4	11	15	12	10	9	5	10	4	3	2	1	12	16	4	1	9	16	15	10	8	2	16	15	16	7	3	4	7	11	11	12	12	15	9	7	11	9	5	8	1	14	14	9	1	15	8	12	1	7	1	10	1	15	5	1	4	11	16	9	9	11	8	12	12	9	13	3	3	10	7	14	4	11	12	8	10	1	6	10	13	3	9	15	9	8	6	10	16	9	13	6	9	14	16	9	15	16	8	10	8	4	3	5	9	6	16	14	12	3	2	7	12	1	9	2	13	10	1	1	9	5	2	16	2	3	7	12	13	4	4	9	12	3	8	14	5	12	3	9	13	10	14	3	12	15	4	5	11	5	5	11	12	5	12	14	12	12	8	16	11	2	14	10	8	3	6	14	11	14	13	1	11	6	7	7	16	10	16	15	3	1	5	16	8	15	1	6	12	13	11	11	15	4	15	2	3	9	12	14	3	12	12	14	4	5	8	11	13	9	11	6	9	16	11	2	8	6	16	8	7	6	2	15	11	9	4	15	11	7	2	16	15	5	3	1	3	4	9	4	5	4	3	1	15	15	4	10	5	14	6	13	1	9	3	3	6	3	9	15	12	1	2	8	14	3	1	9	9	9	4	15	3	2	15	3	2	15	11	6	11	10	9	10	11	3	8	10	12	2	4	15	7	7	9	11	12	5	8	16	8	4	6	5	8	16	5	2	9	11	4	12	1	10	2	6	14	16	8	1	7	15	8	5	14	15	2	8	8	8	6	1	12	14	13	7	6	5	6	5	4	5	8	1	14	2	3	16	11	12	5	4	11	9	4	6	13	16	7	10	5	12	6	16	6	2	10	2	11	11	11	7	9	14	5	13	6	7	10	2	9	8	1	5	3	16	4	5	7	12	12	6	6	16	10	5	16	4	5	1	6	2	5	3	10	10	15	3	1	12	16	10	2	4	7	2	9	15	6	11	8	4	14	16	10	16	11	5	6	16	3	12	9	4	14	10	2	14	8	1	11	9	14	3	16	5	11	3	5	7	7	4	9	7	15	16	4	6	14	12	15	10	13	4	4	13	5	14	6	16	3	14	2	16	10	12	12	15	3	4	1	15	15	11	15	3	11	3	4	8	2	10	10	16	9	4	15	11	14	13	15	5	15	15	9	3	15	15	6	10	7	9	14	14	15	3	16	16	7	15	3	14	7	10	12	3	13	6	8	3	2	16	14	15	9	4	13	5	14	16	6	10	8	5	7	8	3	5	9	3	13	13	9	5	13	15	13	2	1	6	6	1	14	9	11	15	4	16	3	11	10	16	10	11	11	6	14	15	5	7	3	14	5	4	3	1	1	12	1	16	7	14	3	12	7	6	13	12	13	2	11	14	1	7	2	8	3	12	8	3	13	7	9	14	11	14	8	9	14	4	6	2	8	4	3	15	10	15	12	15	12	16	2	1	4	9	5	7	2	2	11	11	2	15	14	7	3	11	6	6	5	12	7	7	6	5	12	2	11	16	3	9	5	13	4	8	12	8	3	6	8	2	3	6	7	10	1	11	9	8	5	4	13	2	14	8	8	12	11	10	1	6	8	13	3	13	13	14	16	8	5	8	5	7	7	11	6	14	8	16	3	13	13	5	11	4	14	1	4	8	10	3	6	13	16	9	12	14	1	4	7	9	11	9	16	3	3	11	10	8	13	14	7	12	4	4	13	2	11	5	8	4	4	8	6	14	1	15	7	4	8	13	1	10	5	10	13	1	4	9	4	15	6	14	4	14	6	16	6	11	13	1	5	8	10	3	4	11	1	14	12	15	14	7	7	5	16	15	1	6	12	13	4	14	15	8	12	2	13	9	9	4	12	11	6	1	4	10	9	6	2	15	10	1	14	8	13	8	2	1	9	13	7	2	8	14	8	13	3	7	12	6	1	14	11	3	2	6	16	6	2	8	7	10	13	3	6	3	6	15	8	13	7	4	2	7	2	1	6	8	10	14	7	7	10	9	5	8	15	6	12	8	5	2	2	5	10	5	9	11	4	15	2	6	9	5	13	5	1	6	12	15	15	11	2	5	5	4	14	4	1	11	15	14	11	13	7	6	1	8	9	8	16	1	4	4	2	11	15	6	4	13	5	10	3	5	14	6	10	16	16	5	9	13	8	9	9	10	5	1	12	4	15	9	4	1	9	3	11	5	14	8	1	12	6	13	7	11	11	14	15	3	7	3	14	6	16	11	6	4	7	14	1	12	15	16	6	4	2	13	2	10	9	10	11	12	5	1	2	1	13	10	11	4	7	3	1	7	9	1	9	8	3	3	14	4	3	15	12	4	13	4	14	5	4	3	5	5	16	2	10	15	12	10	7	7	7	10	12	11	3	1	6	15	10	10	6	4	9	15	16	16	2	12	8	8	6	15	16	12	9	15	11	15	10	2	2	3	13	2	1	7	3	15	11	13	4	14	14	1	14	1	10	1	7	2	10	5	13	13	2	9	6	1	5	3	15	4	6	15	5	9	7	4	8	7	8	15	6	2	2	4	4	16	8	9	9	11	10	10	6	12	1	14	13	2	8	2	15	15	11	12	14	2	10	4	16	8	10	12	6	13	14	7	1	2	7	8	14	2	1	11	16	9	8	4	7	8	8	9	2	9	6	5	12	15	6	9	8	6	5	2	15	6	9	16	15	8	15	9	6	5	16	6	7	2	1	16	2	7	5	8	10	6	9	1	11	8	6	14	2	9	10	12	4	1	1	9	11	15	11	13	6	3	2	10	16	8	13	9	1	3	11	2	8	12	16	16	11	8	15	14	15	4	1	4	3	6	9	13	16	14	1	15	14	14	13	5	4	15	7	2	4	16	1	16	10	12	3	10	11	7	15	5	10	6	14	6	12	13	4	13	12	4	6	4	6	2	3	1	12	4	6	9	3	8	2	8	8	16	2	14	3	4	12	8	7	5	14	12	4	4	2	6	13	9	13	15	7	16	8	13	16	14	2	5	1	13	8	6	11	5	9	7	11	15	12	14	12	16	6	1	11	4	10	12	1	3	6	16	2	9	13	10	8	16	7	8	3	6	1	11	13	14	4	12	14	13	14	2	11	8	13	13	1	10	7	8	12	16	12	4	6	9	15	2	6	2	16	5	14	16	10	8	14	16	5	7	10	1	11	16	12	9	6	4	12	9	16	7	11	9	3	11	15	9	5	6	9	9	3	7	9	13	7	2	1	16	10	7	12	5	9	1	2	13	1	7	15	5	12	10	13	13	9	8	13	10	15	5	14	5	15	10	1	1	14	5	8	15	1	1	14	16	12	4	5	11	3	3	12	9	11	3	11	1	11	11	9	6	7	3	1	8	4	11	3	2	6	9	3	10	2	12	10	7	6	5	6	13	3	11	8	5	15	10	15	6	4	11	11	7	12	9	1	9	9	3	4	15	5	15	16	10	11	5	16	3	10	3	13	12	15	16	13	15	5	2	6	14	12	11	13	13	2	4	12	11	7	5	10	9	5	4	8	11	9	2	9	12	6	12	15	6	12	6	2	5	15	5	4	7	1	2	14	8	1	8	5	3	15	5	3	7	3	7	15	2	11	4	14	8	4	6	6	8	13	10	16	3	9	15	16	6	1	4	8	8	12	5	5	9	15	11	11	5	13	16	3	12	6	1	1	13	3	15	7	12	5	5	11	10	3	7	12	16	3	11	2	9	6	4	7	8	7	4	8	16	15	12	6	11	3	9	14	1	2	3	7	15	9	11	1	6	16	2	3	14	4	14	9	12	7	9	8	8	8	16	8	5	4	14	3	5	5	4	10	9	11	14	15	4	14	5	14	11	1	1	12	8	4	11	12	12	2	12	9	3	12	5	7	13	1	7	7	8	9	6	2	8	4	3	5	14	7	16	2	16	12	3	12	16	12	9	9	14	7	2	11	5	14	12	7	10	14	14	1	7	6	4	8	1	1	14	10	12	7	8	4	12	8	12	13	6	15	7	8	9	8	6	16	12	8	2	1	3	16	6	12	14	11	10	7	11	15	14	14	8	8	13	3	10	15	4	10	6	13	13	16	3	2	12	12	6	8	14	10	7	7	11	2	8	16	12	8	14	4	6	10	9	11	10	15	14	4	13	11	16	12	1	8	14	16	11	2	11	10	15	11	10	8	8	4	5	9	5	10	2	2	1	13	6	3	16	12	9	11	2	7	7	3	8	1	15	3	8	5	2	15	14	9	4	8	6	11	11	13	9	6	8	5	6	8	3	7	12	6	9	16	9	15	4	11	4	13	6	12	3	9	5	4	1	6	9	3	7	9	9	8	2	1	10	11	16	12	6	11	9	5	12	13	10	14	13	14	3	12	12	2	12	9	4	7	9	7	5	16	15	1	14	10	4	3	6	13	3	13	10	4	13	2	13	7	16	7	1	12	8	16	5	4	1	8	7	16	4	12	12	9	16	8	8	2	9	6	8	11	2	5	9	13	14	13	13	13	4	6	9	1	15	2	10	8	7	10	15	16	12	3	3	3	12	14	12	4	4	6	2	16	15	9	8	9	2	14	14	13	15	8	6	12	11	13	11	10	11	6	8	2	13	3	15	6	15	8	13	5	10	6	12	2	12	10	6	10	14	2	12	15	6	8	8	11	13	10	10	12	6	16	11	5	6	11	11	7	9	15	7	13	11	3	4	6	6	4	9	12	7	5	4	4	13	1	1	6	16	15	13	12	3	7	12	14	4	5	8	2	16	10	9	1	3	5	7	15	14	9	16	6	11	12	15	10	4	7	1	12	13	14	14	9	16	13	4	3	10	4	1	6	1	12	1	5	13	10	1	10	5	12	15	8	10	12	6	16	14	10	11	10	4	12	13	9	2	5	3	12	14	3	10	15	10	11	8	4	9	11	16	4	14	3	10	16	2	1	1	12	11	5	13	2	14	7	16	5	4	12	10	10	10	13	7	14	4	12	4	12	6	9	16	1	15	3	12	7	8	8	8	5	15	2	6	8	3	2	5	10	3	5	11	7	3	8	7	5	1	1	16	16	7	7	16	10	13	15	7	10	14	2	3	8	2	15	1	11	13	16	8	15	13	10	7	6	7	3	12	1	12	1	16	1	10	3	5	1	1	16	6	12	1	9	4	7	14	5	8	13	5	15	2	12	12	6	10	11	2	7	9	7	5	8	14	1	14	5	2	10	7	1	4	6	7	10	16	11	12	16	15	9	15	14	12	7	6	16	4	9	3	11	16	5	9	12	4	1	6	12	12	16	3	12	16	9	1	5	8	12	3	12	14	14	7	3	12	1	16	13	10	16	13	9	8	13	7	9	2	1	4	5	1	13	14	1	13	16	12	13	13	9	11	3	4	5	13	15	15	8	3	3	7	9	13	1	2	3	8	12	9	12	12	15	10	11	9	9	16	6	11	2	7	7	7	16	8	14	16	16	9	1	3	7	1	9	7	8	11	9	2	4	13	9	4	14	10	6	12	1	9	3	7	3	15	12	10	1	4	11	4	1	3	10	9	3	11	13	2	16	16	9	6	12	16	15	15	12	8	9	10	9	6	2	5	11	1	10	4	13	6	10	12	11	5	4	16	8	6	11	4	1	1	6	3	1	1	16	6	12	7	1	6	15	1	12	15	14	8	14	4	10	10	16	10	13	8	15	15	5	6	8	11	11	3	11	7	16	10	4	13	1	1	1	2	7	11	12	12	11	16	3	5	6	16	2	16	8	1	12	4	10	11	6	7	4	5	10	11	8	6	3	1	1	9	2	4	14	7	4	16	14	9	9	15	6	2	14	16	13	4	13	14	8	6	8	5	2	14	7	8	9	16	10	3	5	2	16	6	13	13	13	11	6	1	8	1	12	7	3	4	5	13	4	4	1	16	11	14	12	11	10	12	3	5	3	14	2	4	9	7	2	14	9	13	10	2	8	3	15	3	1	7	3	16	13	11	15	11	1	9	8	15	2	1	1	7	13	11	16	8	8	5	8	6	7	9	14	16	10	2	9	11	16	7	11	5	9	12	9	11	8	13	16	14	2	8	8	13	13	11	12	8	8	2	12	6	1	2	8	15	4	15	16	5	16	3	14	8	3	14	15	9	4	9	1	15	2	1	8	10	7	5	3	15	5	16	10	7	14	6	9	6	9	5	14	15	9	12	10	6	10	12	13	3	1	4	4	16	8	6	11	7	9	15	13	16	12	11	3	7	2	12	2	12	5	9	1	9	10	14	16	13	6	11	9	9	13	12	4	16	2	13	13	11	8	9	15	12	2	7	13	10	14	15	8	7	12	2	12	5	16	11	8	3	6	6	13	8	10	4	15	10	3	12	1	3	8	11	7	1	14	6	8	2	11	8	8	5	9	3	11	10	4	9	7	8	11	9	9	1	11	4	16	14	16	10	12	8	16	5	16	3	7	8	14	11	6	6	2	3	6	8	14	8	13	14	8	10	8	4	1	13	6	15	14	16	7	14	14	12	13	11	11	16	4	16	16	7	6	3	13	16	3	8	6	9	2	3	5	10	10	5	3	14	14	4	10	12	11	2	1	13	6	14	11	15	15	9	4	15	10	4	9	11	10	8	11	7	12	7	12	4	2	1	2	12	8	8	14	9	3	4	8	7	14	10	3	14	11	2	1	10	16	13	15	3	7	3	10	5	3	7	14	9	4	16	15	7	12	5	10	14	13	11	9	14	12	16	3	6	5	12	6	1	5	4	11	6	7	6	6	5	10	7	8	6	6	8	12	12	12	5	15	6	7	11	10	13	5	13	14	2	15	9	16	6	11	12	14	9	1	16	3	13	7	13	6	13	2	12	3	13	12	6	7	8	7	7	6	4	2	11	1	16	13	10	2	6	11	1	14	3	12	2	15	1	1	7	1	14	2	11	9	6	14	5	8	13	1	4	8	1	13	6	8	5	2	15	9	15	1	4	5	16	3	16	5	14	8	7	6	8	8	10	7	13	2	7	4	8	15	11	6	9	14	8	7	11	7	11	11	5	5	12	7	8	13	8	4	5	13	1	14	9	5	16	15	6	13	5	6	14	4	13	15	5	14	13	11	5	6	1	14	2	9	8	15	15	7	5	7	14	16	3	3	6	3	11	8	5	10	4	12	3	7	9	9	3	4	5	3	9	2	9	4	1	13	3	3	12	16	15	15	1	14	11	12	15	9	9	14	11	5	15	14	4	9	10	12	16	12	4	7	7	9	4	8	3	7	4	9	14	10	1	14	8	12	8	3	7	5	2	16	16	9	8	2	7	15	13	6	1	10	1	12	1	13	8	10	2	7	8	11	13	12	12	2	6	16	14	16	8	10	2	13	10	2	9	11	3	7	1	15	9	16	16	11	13	9	13	7	14	14	5	3	8	2	15	14	12	5	12	1	7	15	14	10	15	7	7	2	6	14	7	12	16	6	9	16	5	8	13	12	6	9	1	11	8	12	10	13	6	8	9	11	5	6	14	9	5	13	2	4	2	4	13	5	6	10	13	8	15	9	7	10	12	12	5	12	13	10	3	10	8	1	9	1	7	15	13	7	4	7	5	10	4	12	14	13	8	14	12	1	6	14	11	4	13	14	4	15	6	8	3	2	12	9	4	14	2	2	16	4	15	14	12	9	16	13	8	1	16	9	9	5	16	3	14	11	12	8	16	14	12	9	10	6	15	4	5	1	4	5	15	12	12	2	2	4	7	4	14	16	15	9	4	12	14	7	9	9	8	9	9	8	14	2	14	12	9	1	7	9	13	3	15	1	7	15	3	6	16	2	8	15	12	5	11	16	15	9	1	13	14	2	14	5	7	16	13	15	5	15	15	4	16	14	13	12	6	15	8	15	11	6	13	6	11	11	6	8	13	10	7	11	14	8	8	13	2	11	15	14	16	8	12	13	4	10	12	6	1	4	9	9	1	3	16	3	6	4	15	6	13	15	9	14	3	11	5	1	4	5	10	11	11	12	11	9	3	16	12	8	3	13	10	5	5	16	6	16	15	10	12	12	10	2	16	5	6	11	12	2	12	12	3	10	7	7	11	5	10	14	1	9	5	16	2	11	10	9	13	4	8	7	11	15	13	15	10	6	4	13	15	16	6	12	2	9	12	7	14	10	5	15	13	5	9	8	9	3	12	10	14	15	14	9	4	6	3	5	14	14	10	4	12	16	12	4	12	11	7	15	7	6	3	7	7	14	3	16	6	2	9	8	5	2	14	15	6	12	15	14	4	6	8	9	4	14	9	15	8	16	13	11	4	2	8	3	9	5	7	5	11	13	7	1	5	14	13	1	3	5	6	3	11	10	15	5	3	15	15	7	11	3	16	8	12	14	6	1	16	9	11	3	7	2	15	3	9	14	6	2	9	14	11	3	9	16	15	3	3	11	3	9	13	3	9	10	3	3	11	11	11	14	10	16	15	10	16	8	8	1	10	13	6	5	9	9	3	10	7	2	16	15	6	12	14	5	6	9	11	4	11	14	5	12	15	7	2	4	4	14	1	4	12	5	13	15	3	8	8	15	9	11	15	5	12	8	14	7	7	7	14	5	10	9	4	4	11	3	14	4	7	8	5	12	8	5	6	10	10	9	11	11	1	3	6	4	10	1	6	16	3	5	4	1	7	11	11	9	11	15	2	5	14	5	12	16	15	3	1	6	13	10	15	8	8	13	14	8	6	7	3	13	10	14	9	4	15	12	12	3	5	12	9	3	13	12	13	4	9	10	5	16	9	5	8	2	12	16	11	14	8	4	12	3	16	14	14	3	10	6	4	4	5	11	8	16	1	8	5	2	3	16	9	7	4	3	15	16	8	16	1	16	16	13	7	9	4	13	13	12	5	8	8	5	15	6	7	1	1	9	15	5	12	11	13	9	6	1	12	10	5	14	1	13	16	14	4	12	7	14	2	1	1	14	5	15	12	13	6	5	2	12	16	16	3	7	15	13	4	4	1	7	7	6	3	4	
930	650	150	740	270	800	150	300	560	800	920	890	310	130	590	840	1000	460	560	890	730	280	350	100	430	300	840	170	430	700	870	930	990	340	940	400	970	150	120	100	330	700	180	700	880	130	620	840	120	790	940	310	360	780	950	830	470	340	890	230	980	990	450	470	790	350	990	790	230	370	770	330	970	630	500	420	260	530	910	470	590	790	570	150	830	300	100	280	530	870	680	620	190	680	770	300	880	100	510	490	380	130	950	540	300	630	130	830	910	990	690	100	170	380	590	830	770	330	350	220	410	190	490	110	840	940	440	620	340	340	480	190	460	420	840	180	260	120	610	210	110	1000	670	870	750	330	890	330	490	720	190	350	800	770	970	200	710	590	100	940	530	790	570	330	160	820	100	750	450	720	600	910	130	140	270	730	120	260	300	700	750	850	860	290	920	960	720	790	370	330	280	410	940	310	780	600	720	300	540	290	130	790	660	430	630	390	880	170	300	260	840	950	550	480	150	680	180	840	140	330	710	230	460	330	1000	560	630	250	590	240	390	870	410	960	260	550	980	660	780	560	290	460	740	540	840	690	680	550	660	320	410	690	380	850	440	480	900	130	490	600	120	970	410	170	700	710	770	330	580	940	500	580	820	380	240	880	110	140	800	260	430	380	900	880	610	910	480	570	780	480	310	970	680	250	180	460	630	440	970	200	140	940	620	920	610	420	980	590	790	400	940	350	110	890	450	670	120	910	350	280	200	370	680	230	320	600	380	580	650	780	430	910	210	170	810	210	270	390	590	350	790	950	830	570	240	360	470	580	360	570	540	310	750	500	280	620	330	690	590	410	910	470	970	830	860	1000	690	260	140	760	530	350	670	960	430	920	380	530	900	400	170	950	910	830	600	640	980	900	750	650	740	390	970	700	680	190	360	160	370	410	1000	140	250	470	100	540	610	850	490	750	150	440	100	300	810	150	170	760	190	120	110	180	260	710	200	550	280	570	880	170	410	380	200	600	400	280	460	950	960	610	920	340	650	590	410	830	650	520	730	170	550	450	420	580	180	500	470	520	230	370	860	240	690	1000	880	760	720	980	680	160	630	210	880	250	680	570	920	830	500	910	660	610	740	310	830	240	350	890	640	970	100	660	960	380	140	580	480	570	720	410	270	660	270	930	120	650	280	640	570	560	390	150	720	160	420	570	410	150	110	940	390	610	540	250	380	820	860	130	760	160	150	710	750	800	950	390	770	1000	550	620	190	650	110	450	120	880	900	820	480	540	330	940	330	400	550	640	520	430	520	100	820	550	800	970	590	530	870	800	130	370	170	280	250	960	220	600	740	410	110	790	190	440	970	140	640	260	610	370	390	650	610	930	960	730	110	880	840	510	750	790	390	990	530	830	420	930	600	500	620	630	880	870	370	750	520	120	790	350	830	280	730	350	310	170	590	570	700	890	690	760	100	320	790	660	320	350	670	1000	950	570	550	490	520	960	500	590	650	970	280	890	390	650	150	140	810	240	320	370	390	520	640	300	560	800	740	220	130	730	750	420	180	650	600	240	620	990	900	860	1000	130	250	520	940	590	600	160	930	370	170	950	880	250	530	120	890	990	420	160	410	640	340	200	880	750	460	140	1000	170	440	690	430	160	760	840	580	890	430	780	310	480	690	830	270	420	120	970	500	560	950	640	840	270	460	310	970	990	810	440	340	500	460	670	180	350	830	500	670	140	380	280	570	300	810	390	100	860	920	650	550	650	700	300	370	280	600	790	240	760	760	330	200	620	330	950	490	630	540	460	180	920	790	500	320	100	850	420	530	630	430	390	530	450	390	860	310	430	950	420	840	220	540	730	440	310	660	660	770	530	310	620	910	620	200	610	410	170	560	820	200	640	110	690	330	730	890	140	790	440	910	170	290	250	140	190	760	940	460	790	310	110	280	350	950	120	460	460	880	620	290	120	980	150	460	830	700	850	240	400	510	370	680	940	660	580	180	190	970	320	140	590	910	730	370	270	670	710	890	390	900	480	910	820	250	890	770	580	960	310	590	500	810	160	680	910	630	640	430	360	320	490	430	650	420	950	830	820	810	890	730	880	1000	900	360	460	230	230	490	830	480	660	880	590	220	670	490	950	780	410	640	310	910	140	880	200	900	300	550	380	580	1000	190	530	460	830	570	380	640	520	820	300	550	220	620	680	920	620	140	370	300	850	140	970	270	880	640	930	470	810	880	540	610	780	910	240	970	370	790	200	980	690	670	840	100	930	450	220	320	940	510	300	360	180	880	740	200	240	260	720	510	430	170	200	140	560	980	310	420	820	440	340	960	180	570	600	600	670	200	710	450	320	1000	280	850	460	560	640	840	620	200	670	540	550	320	580	910	110	820	360	530	350	340	920	900	190	780	830	660	190	540	880	330	690	360	410	240	950	180	300	400	300	720	790	910	170	770	310	180	890	750	1000	810	390	460	1000	580	970	560	870	760	600	160	960	660	800	700	920	620	860	340	500	470	770	760	700	300	950	990	570	640	870	810	360	420	240	220	190	100	920	480	320	440	410	540	100	200	870	490	800	140	540	500	530	780	310	510	400	270	150	740	460	230	680	150	420	560	440	340	660	850	570	890	280	380	520	540	880	490	800	250	520	110	270	960	530	560	940	700	960	980	750	210	650	260	500	990	390	810	510	700	300	550	160	190	750	600	470	200	660	310	690	870	770	540	370	920	450	990	830	630	670	190	690	330	950	960	630	520	580	790	610	340	510	380	900	330	650	990	390	440	830	260	190	490	430	920	190	290	290	520	860	440	360	770	300	950	280	260	690	270	790	170	600	170	430	440	600	460	850	670	970	430	690	930	340	710	250	640	650	460	660	960	380	150	710	380	100	850	720	190	300	900	210	940	780	650	490	680	120	670	720	640	160	540	750	780	350	370	730	520	200	550	580	190	840	220	880	490	370	840	250	980	280	990	450	890	120	870	190	820	800	910	420	680	370	900	420	130	870	980	770	990	140	620	310	150	940	990	210	650	390	170	990	390	680	290	790	420	850	660	500	840	840	730	120	590	100	190	560	530	580	280	600	560	820	610	520	620	220	620	480	350	370	270	980	120	710	200	710	210	590	600	800	290	880	700	260	1000	300	440	220	820	660	340	470	380	370	720	480	480	820	490	660	580	160	380	180	750	810	150	360	490	880	700	1000	940	780	560	710	350	970	140	520	860	130	510	190	850	750	130	890	610	470	950	810	850	890	960	800	880	420	260	850	790	160	590	700	300	740	310	640	920	390	580	190	650	340	400	340	870	230	380	500	760	990	610	830	150	830	760	550	100	720	470	250	410	920	410	720	710	560	910	280	450	840	940	380	340	340	430	400	740	920	790	910	510	780	760	660	620	490	900	630	960	120	590	250	370	330	540	250	300	290	930	140	160	720	820	430	110	750	860	460	170	180	840	310	930	310	900	330	940	100	670	920	280	520	140	170	920	630	540	680	540	760	180	160	470	740	370	520	580	930	830	600	950	190	280	500	560	700	530	120	140	400	580	390	540	440	100	960	160	500	750	700	380	500	900	420	350	120	980	110	180	680	890	390	450	660	550	220	470	230	230	450	240	470	820	1000	320	710	390	240	560	400	510	790	960	970	130	190	220	210	820	870	630	490	190	760	650	470	170	240	970	400	320	630	420	270	630	990	640	490	140	450	240	100	800	950	550	640	260	670	430	870	680	850	880	260	670	400	920	500	880	670	550	380	140	100	710	700	880	360	430	590	890	750	280	420	750	860	910	260	280	480	500	460	880	390	980	440	200	910	400	150	270	530	300	400	990	520	260	630	240	290	920	440	430	980	350	800	450	270	340	870	640	550	200	250	100	710	520	670	180	190	390	660	170	640	500	950	210	640	880	430	800	530	570	740	710	640	750	170	580	730	570	500	930	1000	690	780	520	950	530	820	960	740	680	580	500	890	990	600	820	160	490	570	720	200	710	690	900	1000	730	250	150	720	380	410	680	380	650	640	690	520	260	170	990	670	150	480	320	170	750	550	880	100	820	840	700	310	720	760	360	350	360	650	640	540	290	400	130	120	160	750	830	120	730	540	780	980	830	670	600	440	710	610	590	820	950	490	120	210	240	230	690	510	180	850	250	650	580	880	710	550	330	370	170	680	500	360	900	890	530	930	420	630	590	960	520	410	410	530	220	610	340	170	330	970	570	990	370	580	530	770	710	790	930	110	660	350	260	210	750	620	550	200	730	880	830	520	100	210	690	450	700	620	760	380	640	610	450	150	430	330	700	960	730	150	410	590	320	920	530	170	250	870	460	910	260	430	990	160	100	910	660	100	520	230	670	640	580	960	590	150	280	750	380	660	340	350	790	830	190	800	500	360	410	240	930	520	320	820	230	840	500	550	890	980	850	120	580	880	850	210	990	650	260	450	280	310	570	240	830	620	620	930	600	150	650	960	790	760	410	680	550	790	650	440	360	290	980	150	350	770	160	760	250	310	460	830	510	900	730	460	890	580	770	530	380	250	720	800	140	540	170	310	270	930	560	760	1000	900	770	470	990	280	290	820	800	420	680	860	820	790	270	170	970	670	890	560	930	810	960	780	120	520	860	820	260	280	340	910	670	340	650	770	540	880	760	510	260	340	760	380	720	230	160	340	850	560	760	410	770	710	490	850	820	220	640	840	520	720	550	240	930	350	870	580	630	610	510	590	160	580	910	530	450	230	340	940	910	620	410	910	580	290	510	380	950	960	490	450	590	1000	590	810	330	540	270	410	200	970	920	220	650	440	580	790	400	140	300	400	650	510	520	580	500	670	560	580	800	960	230	900	960	940	780	140	180	340	930	520	900	310	670	950	540	110	850	290	800	280	290	120	430	290	120	1000	460	180	680	600	790	1000	510	330	620	490	950	860	280	250	680	810	610	180	220	500	530	370	290	100	680	490	670	520	960	520	260	830	120	310	570	600	770	480	120	860	890	610	820	630	480	600	200	450	400	350	240	400	600	870	110	930	970	870	690	570	930	300	690	520	110	390	730	340	1000	470	280	820	650	520	300	340	480	570	280	470	930	800	640	860	530	1000	520	650	130	250	130	840	220	320	110	950	970	700	680	110	320	100	580	590	610	790	230	250	930	780	650	260	880	570	640	690	780	780	640	710	840	560	900	970	320	590	600	600	100	140	820	460	560	950	850	200	790	140	770	270	400	350	330	830	870	730	970	320	180	620	350	230	170	140	720	610	820	250	650	960	850	530	720	850	260	810	560	460	900	430	420	800	640	680	680	750	950	990	520	340	910	230	630	800	760	1000	330	500	190	760	540	760	810	150	990	250	130	750	660	570	280	310	850	420	780	370	850	210	220	760	190	990	570	870	620	520	800	890	740	180	290	700	200	820	1000	520	230	370	290	340	510	320	580	350	430	140	960	190	680	440	220	960	600	1000	210	340	370	350	510	750	800	290	160	590	470	480	100	590	120	550	420	600	110	790	580	800	230	250	990	810	480	850	410	850	160	120	100	510	750	370	330	930	410	960	820	490	390	730	320	590	530	540	780	600	130	540	960	210	250	730	440	840	630	320	220	850	790	140	180	620	240	430	650	510	540	240	650	460	270	460	740	990	340	630	980	170	140	570	960	920	630	240	970	830	830	580	220	280	910	820	210	740	120	710	110	820	840	160	850	150	850	180	690	130	980	850	860	570	780	900	520	510	550	970	480	930	650	740	980	130	730	220	460	610	710	790	150	300	530	870	930	770	200	180	430	440	530	990	160	640	110	590	680	330	230	1000	780	950	600	190	180	970	130	110	450	120	360	310	640	120	510	560	990	110	370	580	460	160	710	960	210	200	390	510	350	670	260	260	580	530	440	940	540	300	860	190	740	190	260	680	540	500	750	890	210	880	920	890	440	920	350	230	600	880	270	850	820	140	200	160	810	640	110	960	530	900	450	360	610	130	110	800	960	920	860	610	920	930	660	930	770	830	350	310	910	650	220	580	360	760	180	880	230	680	710	930	530	800	450	980	120	610	540	970	400	830	400	730	650	350	680	860	430	470	350	230	240	480	340	720	850	580	490	460	360	510	490	830	100	340	530	440	810	470	790	120	170	210	330	500	310	640	600	790	940	890	980	310	820	660	530	330	810	340	530	280	960	710	560	820	950	100	590	660	150	570	560	580	350	720	920	270	940	500	350	600	760	1000	820	610	650	730	580	630	510	980	720	880	450	290	270	250	850	700	540	920	780	350	110	590	180	200	840	470	980	800	660	440	820	610	270	910	190	210	770	880	570	310	660	730	340	200	610	320	390	440	280	660	870	910	780	610	100	900	520	370	540	970	750	850	100	680	790	880	160	850	550	880	630	600	940	240	550	210	950	290	760	370	280	970	860	160	440	230	240	420	320	210	130	660	970	480	780	300	690	230	130	590	830	310	470	910	500	570	860	250	940	540	530	100	680	200	440	610	990	780	160	710	210	780	990	320	230	990	690	660	600	970	720	840	430	850	270	360	820	230	860	580	160	470	790	370	940	680	640	250	110	130	430	840	710	200	280	380	970	490	240	750	440	140	170	660	510	560	930	810	260	440	260	760	700	170	910	280	850	290	910	750	710	210	290	870	210	500	820	250	610	870	160	280	420	310	140	390	510	450	210	880	820	560	730	210	360	420	270	980	190	460	830	410	390	130	320	470	770	920	960	570	160	300	280	510	960	720	270	900	840	490	280	840	430	160	650	350	780	200	340	480	120	240	330	190	490	900	410	190	190	280	500	360	200	340	260	940	200	130	660	290	180	110	100	760	280	260	730	290	720	270	990	960	200	670	760	740	330	700	400	550	640	540	770	590	110	230	700	110	180	610	810	800	880	420	720	210	740	310	560	640	430	830	740	460	380	690	770	750	550	740	590	610	100	430	710	810	290	160	330	160	420	140	990	980	750	470	200	680	810	760	580	520	140	180	650	280	460	390	250	280	990	900	280	560	320	720	470	680	920	210	780	120	680	670	930	780	270	190	440	860	190	750	810	230	1000	800	210	930	100	150	750	900	710	880	610	480	770	770	180	130	230	500	950	490	710	940	490	910	680	340	820	810	800	520	270	490	210	650	720	570	830	780	910	770	150	500	210	940	890	1000	110	260	260	920	520	240	650	850	810	990	500	580	220	970	680	820	840	710	690	360	440	200	990	880	970	600	330	230	990	1000	810	440	540	290	970	610	580	500	350	930	720	710	310	750	110	440	320	930	350	950	1000	280	200	930	370	380	870	620	220	510	120	1000	860	580	340	510	710	700	880	860	920	610	950	590	180	660	340	140	740	200	740	610	810	980	110	620	730	660	620	640	230	730	400	110	980	830	310	550	890	520	490	480	740	660	1000	600	240	450	700	920	490	860	830	250	100	240	270	930	700	730	310	430	130	100	370	970	150	640	720	300	790	560	990	1000	240	720	580	650	650	570	120	620	530	170	750	860	360	150	880	150	990	710	560	990	620	780	940	520	430	390	380	290	310	1000	870	460	800	950	580	380	400	490	900	690	980	310	660	470	740	410	610	680	900	310	590	800	870	730	760	510	430	150	510	120	660	370	810	670	150	710	730	850	300	930	880	410	320	800	120	150	950	660	800	360	170	860	620	860	920	940	810	280	170	150	870	530	890	560	360	700	950	340	180	640	490	890	550	620	850	410	960	850	560	130	280	740	710	850	380	320	340	830	260	190	380	650	790	790	440	530	150	370	120	940	700	650	420	140	820	130	910	260	780	980	860	820	600	870	220	110	440	920	880	1000	780	880	710	560	640	660	130	130	820	500	910	860	900	570	400	950	200	1000	170	940	910	790	930	820	800	200	840	480	260	290	250	170	980	450	650	250	460	730	130	790	240	130	260	910	900	290	530	950	660	260	580	720	820	300	580	710	270	200	230	410	390	350	740	710	150	110	620	840	740	750	240	180	200	510	740	680	660	150	760	990	580	820	220	650	740	380	620	390	980	240	440	590	950	230	240	780	610	600	310	160	1000	910	280	880	960	210	660	630	650	810	740	960	610	310	120	270	600	680	330	980	280	900	770	720	350	310	560	740	400	320	850	180	760	630	490	450	910	800	800	960	880	620	110	300	530	540	240	560	780	520	760	330	410	430	910	580	930	580	730	340	730	490	290	910	280	210	340	200	840	780	740	390	310	460	930	740	710	700	570	970	650	310	420	440	220	310	400	990	130	600	660	290	720	620	370	520	470	310	260	270	600	590	550	950	740	510	850	890	350	790	230	900	160	720	420	250	510	600	100	310	930	730	350	120	270	490	650	910	200	380	900	940	500	190	1000	450	210	220	100	290	870	460	440	840	250	780	860	700	770	870	920	790	460	760	900	510	190	800	250	420	740	910	720	740	180	140	620	800	910	300	550	120	220	810	670	550	280	700	120	850	450	740	670	390	680	650	260	850	330	140	150	440	130	440	650	510	180	790	560	390	820	950	520	860	990	140	990	610	530	750	700	420	600	820	380	270	620	620	640	460	410	440	990	720	800	350	350	550	990	980	890	260	900	230	180	870	850	530	180	840	470	800	250	110	730	160	610	910	860	800	560	990	700	490	670	500	410	370	970	660	800	490	770	100	100	240	500	700	240	750	660	280	670	140	820	830	800	170	780	700	850	920	980	790	890	350	910	910	640	410	330	130	620	860	580	530	750	620	190	110	630	890	530	270	170	990	140	890	220	930	540	250	400	300	240	790	500	190	910	300	620	780	150	630	630	340	470	740	460	630	670	340	320	900	390	880	400	710	580	690	800	280	500	160	580	340	550	420	750	310	460	870	340	590	260	380	960	590	470	420	310	640	600	740	830	720	800	800	130	620	550	890	590	200	960	860	790	560	710	760	840	410	480	530	380	970	420	190	500	640	930	510	490	900	670	480	130	560	520	360	410	720	830	600	590	890	410	170	630	420	650	720	170	270	700	650	350	540	670	680	290	160	910	150	720	680	400	950	390	790	990	550	130	250	940	290	250	250	300	150	240	640	180	670	910	370	440	120	880	680	440	990	440	490	140	220	680	360	170	500	660	890	780	580	830	610	400	650	230	360	550	760	460	340	730	270	660	390	560	820	690	800	400	220	890	310	780	950	320	300	120	970	340	450	970	730	660	810	110	760	260	140	780	800	150	380	570	790	770	610	920	340	130	170	800	330	510	300	930	520	380	380	360	620	880	410	460	530	570	280	820	480	170	620	470	870	960	860	690	110	690	650	720	460	170	510	960	630	280	810	770	180	680	730	740	760	660	380	250	160	960	240	660	260	740	310	630	360	220	150	400	650	470	850	370	880	820	760	760	1000	260	360	270	800	400	140	220	350	350	370	230	400	730	330	900	760	510	180	550	980	220	690	760	790	340	650	960	200	780	660	910	630	130	810	910	860	560	260	840	390	700	680	200	220	580	330	830	400	290	620	950	590	290	130	770	400	560	270	850	120	670	510	360	750	290	340	750	160	280	920	280	780	880	880	400	580	610	940	610	890	650	110	660	170	370	150	560	650	910	490	330	200	510	360	630	940	510	460	990	930	380	880	330	330	600	470	610	400	740	600	460	940	260	480	430	600	310	190	730	310	690	200	710	300	380	490	430	600	150	740	150	360	780	590	870	760	790	860	110	260	830	270	410	750	590	990	560	740	130	170	650	720	650	290	730	500	320	620	960	380	310	1000	600	450	350	380	360	410	970	900	670	560	810	530	460	130	100	500	100	980	850	760	810	410	320	270	550	970	830	390	750	490	710	550	390	390	840	580	580	360	330	410	840	620	330	390	590	380	940	570	930	630	400	110	960	760	760	650	580	890	960	500	970	280	440	820	790	210	530	360	340	950	520	580	200	560	830	570	640	680	150	820	1000	900	710	190	450	630	350	870	700	830	490	590	390	570	220	590	610	280	680	490	840	360	160	270	320	190	360	800	820	390	240	870	930	740	410	960	560	280	290	250	730	110	660	760	300	240	340	350	870	240	160	400	670	830	720	1000	430	480	100	660	410	740	100	670	780	490	230	770	380	610	460	560	610	690	560	350	930	790	980	920	950	830	410	110	610	110	1000	180	850	690	800	830	240	990	700	110	760	730	100	140	190	970	770	490	430	190	440	710	100	380	670	190	440	160	770	210	830	670	220	520	990	670	640	650	450	440	650	660	110	500	250	650	780	1000	640	290	770	890	120	930	370	550	380	950	170	130	700	800	130	580	220	910	360	830	140	200	890	120	390	150	960	210	130	870	180	490	850	760	650	840	110	570	340	840	560	670	180	850	880	320	920	770	600	1000	160	660	220	460	170	180	290	420	630	970	100	950	120	580	970	860	310	960	390	220	430	540	120	450	880	320	610	870	430	630	980	780	210	190	480	480	920	400	400	1000	320	190	190	330	620	900	380	410	690	680	660	920	370	240	950	160	280	610	140	710	490	920	300	720	120	290	170	780	990	130	790	430	470	710	860	410	940	140	850	620	570	700	660	220	370	570	190	260	450	350	810	830	190	960	930	300	500	200	810	350	240	360	800	990	550	500	600	330	100	790	150	480	270	610	780	270	640	880	370	200	860	500	450	200	930	780	580	490	110	750	110	480	880	970	780	390	420	270	360	860	620	660	730	280	390	680	660	330	340	890	950	830	680	600	120	590	490	400	360	120	300	220	210	120	540	260	270	760	180	880	150	560	790	610	140	570	970	700	790	370	400	300	560	440	670	430	240	830	930	100	810	940	660	800	950	700	840	860	110	750	180	900	250	330	540	160	260	660	290	300	280	820	740	1000	850	100	660	750	570	230	370	380	870	330	300	950	460	690	520	370	950	170	660	750	780	400	790	160	800	700	200	880	550	980	250	420	640	100	240	870	520	990	890	370	880	860	170	200	320	450	900	180	740	110	960	520	270	730	540	250	300	420	100	890	570	170	350	190	350	680	470	830	940	360	690	470	580	420	320	540	420	880	210	690	160	420	570	640	660	360	620	390	890	760	670	210	770	310	560	450	400	350	670	790	150	640	190	700	910	310	820	960	450	790	740	150	480	470	320	1000	430	560	630	990	900	830	770	660	640	210	220	380	630	750	910	310	420	260	560	980	630	620	940	950	980	330	260	570	390	860	650	830	990	830	290	540	290	770	390	390	550	890	240	430	120	940	540	620	630	110	600	630	130	650	660	200	810	1000	680	410	920	510	700	800	530	200	510	440	410	560	690	220	290	520	490	310	130	670	480	860	700	710	680	650	320	950	470	760	340	740	400	310	550	860	660	820	690	480	330	750	970	470	960	190	940	320	800	800	880	210	160	760	540	150	250	200	980	350	940	460	970	310	320	160	530	760	390	290	770	820	110	640	280	480	120	680	460	210	100	390	430	140	580	760	550	870	640	380	310	260	240	620	280	210	840	410	440	710	610	480	720	550	210	670	810	130	270	290	790	300	130	670	580	910	340	850	390	490	910	720	760	230	610	440	150	310	700	370	860	680	980	180	360	780	880	380	110	910	360	800	130	430	1000	770	510	500	660	500	540	790	990	490	560	540	380	830	380	120	530	620	470	980	460	960	690	360	310	110	240	810	970	190	810	120	410	880	770	180	770	670	540	630	290	540	640	500	350	380	760	220	180	480	720	300	100	830	790	930	590	680	160	640	120	660	560	830	650	240	940	480	300	250	790	140	850	420	610	630	330	360	250	800	930	270	860	260	960	160	570	870	270	950	390	280	450	500	680	710	280	820	980	290	140	620	950	120	120	350	830	530	270	620	160	870	230	1000	820	430	840	470	930	620	290	570	590	280	750	530	860	850	280	970	520	330	910	870	640	170	570	160	590	570	990	180	470	720	420	1000	660	930	270	780	260	440	250	270	480	710	490	760	750	980	480	360	900	300	840	810	350	480	130	410	370	500	210	240	440	690	800	340	160	150	220	470	330	130	1000	680	230	700	850	670	350	540	390	780	240	610	500	460	880	900	550	660	860	370	430	590	940	980	570	170	740	250	880	230	710	760	320	450	730	280	660	710	900	870	780	350	300	820	830	870	400	850	840	740	640	380	770	610	730	160	500	640	770	280	150	840	140	750	400	420	880	830	230	540	240	200	640	940	630	890	980	260	300	280	790	320	230	820	570	700	430	910	410	920	980	380	120	140	520	450	190	640	710	850	880	990	580	540	310	190	220	370	680	800	150	690	510	420	870	510	530	890	960	500	210	910	960	190	580	210	270	600	920	370	150	940	420	860	890	450	560	520	500	970	170	130	490	590	460	850	840	440	670	860	780	950	400	930	910	960	580	700	100	710	980	930	690	1000	590	460	690	120	400	760	580	980	520	830	520	130	970	900	750	200	320	110	490	480	370	240	870	700	540	630	320	900	250	700	950	430	290	910	680	630	570	600	660	260	580	390	840	170	190	510	880	190	900	520	380	510	710	1000	120	360	210	280	120	240	950	330	370	180	900	150	210	700	650	480	940	800	720	790	750	400	160	570	830	980	840	170	710	920	180	730	870	900	490	1000	900	980	180	880	160	870	590	650	860	660	120	320	580	720	1000	770	360	680	270	710	440	570	460	790	930	810	280	790	940	890	630	380	110	230	730	440	820	320	290	530	600	540	440	350	620	920	1000	170	150	820	260	390	690	860	480	190	320	1000	280	490	230	660	830	200	290	560	580	840	300	910	750	920	1000	880	860	630	500	140	530	770	760	760	530	870	900	280	330	420	1000	610	760	730	610	150	240	740	690	920	810	820	460	120	540	960	510	770	560	190	130	290	600	350	220	290	600	960	830	690	940	920	330	770	590	830	720	620	780	620	910	520	600	100	230	440	220	490	510	770	420	870	900	720	810	100	800	910	560	920	190	620	340	630	400	210	470	800	760	380	880	130	330	460	990	660	570	140	540	920	890	620	960	440	240	680	990	970	910	400	630	190	970	110	920	440	650	220	630	610	820	300	460	720	520	760	150	850	290	450	400	150	190	400	750	340	120	380	240	840	810	130	880	150	340	960	250	240	730	860	850	920	720	100	350	710	870	970	730	550	550	580	780	570	490	450	1000	650	590	870	730	480	530	180	620	450	350	520	130	900	960	760	790	790	380	990	180	990	920	290	190	170	820	280	130	340	910	630	140	180	320	300	670	310	240	250	330	540	680	260	870	780	440	900	410	860	330	280	540	170	750	450	620	670	320	460	900	770	480	350	730	530	400	370	800	760	760	720	840	690	860	270	570	770	780	170	870	430	190	880	140	780	850	370	760	330	800	220	560	350	700	860	530	180	480	460	380	420	330	940	250	460	470	980	860	940	310	110	950	860	920	870	150	770	840	840	810	670	350	320	240	490	860	760	100	940	310	470	630	200	520	880	270	890	440	650	180	840	830	160	430	510	680	360	990	110	180	380	780	640	270	510	810	900	860	980	910	170	250	780	520	120	990	130	960	930	610	840	470	560	460	230	840	820	770	880	320	360	150	350	950	410	810	130	470	950	820	400	900	390	280	300	830	380	650	770	170	740	640	160	420	290	660	600	980	980	410	300	940	410	570	540	950	460	340	940	250	340	900	550	580	210	610	300	720	270	210	230	280	640	980	410	590	540	160	490	180	100	690	670	660	730	290	790	110	290	160	590	450	840	350	900	920	140	710	780	830	840	220	150	160	830	240	930	300	640	290	530	940	350	640	990	190	660	710	250	410	460	990	370	440	530	820	390	960	540	780	720	320	1000	730	310	490	550	800	380	460	990	600	800	880	460	580	980	210	440	330	240	140	170	870	850	580	670	500	650	180	470	290	330	510	970	630	600	700	640	490	440	790	820	610	550	130	790	890	380	430	580	170	930	740	410	860	240	680	240	370	130	190	750	370	360	330	720	710	100	470	270	840	400	200	700	730	780	420	800	250	750	590	920	390	170	520	420	400	330	150	100	830	360	700	800	990	920	700	400	960	930	910	130	430	300	310	290	230	320	230	530	850	380	760	450	700	540	460	810	710	930	670	930	650	280	650	540	300	820	570	240	190	900	890	1000	340	390	540	340	260	920	710	360	910	250	570	660	780	820	590	980	760	760	820	990	840	830	1000	690	460	890	730	120	520	760	710	380	540	250	990	110	860	680	930	200	520	920	650	460	930	320	800	640	550	160	560	910	300	690	140	880	980	750	800	770	770	610	830	270	500	480	420	490	500	700	150	430	850	810	430	280	760	580	570	370	230	120	770	800	980	870	310	100	440	970	830	460	850	760	410	580	920	160	520	630	710	510	380	280	650	390	180	730	970	140	190	240	980	340	910	880	310	240	920	370	700	240	490	790	620	920	130	920	840	440	510	200	160	640	220	350	130	270	350	760	960	300	110	890	840	730	460	580	530	780	720	530	910	600	770	870	470	950	1000	330	560	830	140	220	650	730	620	780	840	930	340	300	650	510	810	900	420	830	230	140	390	770	310	940	990	100	740	870	770	350	740	430	1000	1000	450	690	500	530	270	950	680	840	180	920	870	420	740	190	380	120	100	750	540	940	190	650	160	330	110	520	920	830	810	850	840	830	780	910	500	1000	650	110	740	860	140	860	160	880	410	740	950	970	910	430	650	430	400	390	280	800	270	860	630	710	590	380	140	120	560	910	650	620	750	760	660	550	310	240	710	940	610	280	980	570	330	430	580	630	580	770	
100
