6426
120
4
90
0	0	0	0	0	0	192	0	0	0	0	0	0	0	0	0	0	0	0	0	0	0	0	0	0	0	0	0	0	0	0	0	0	0	0	0	0	0	0	0	0	0	0	0	0	0	0	0	0	0	0	0	0	0	0	0	0	0	0	0	0	0	0	0	0	0	0	0	0	0	0	0	0	0	0	0	0	0	0	192	0	0	0	0	0	0	0	0	0	0	0	0	0	0	0	192	0	0	0	0	0	0	0	0	0	0	0	0	0	0	0	192	0	0	0	0	0	0	0	0	
0	0	0	0	0	0	0	0	0	192	0	0	192	0	0	0	0	0	0	0	0	0	0	0	0	0	0	0	0	0	0	0	0	0	0	0	0	0	0	0	0	0	0	0	0	0	0	0	0	0	0	0	0	0	0	0	0	0	0	0	0	0	0	0	0	0	0	0	0	0	0	0	0	0	0	0	192	0	0	0	0	0	0	0	0	0	0	0	0	0	0	0	0	0	0	0	0	0	192	0	0	0	0	0	0	0	0	0	0	0	0	0	0	0	0	0	0	0	0	0	
0	0	0	0	0	0	0	0	0	0	0	0	0	192	0	0	0	0	0	0	0	0	0	0	0	0	192	0	0	0	0	0	0	0	0	0	0	0	0	0	0	0	0	0	0	0	0	0	0	0	0	0	0	0	192	0	0	0	0	0	0	0	0	0	0	0	0	192	0	0	0	0	0	0	0	0	0	0	0	0	0	0	0	0	0	0	0	0	0	0	0	0	0	0	0	0	0	0	0	0	0	0	0	0	0	0	0	0	0	0	0	0	0	0	0	0	0	0	0	0	
0	0	0	0	0	0	0	0	0	0	0	0	0	0	0	0	192	0	0	0	0	0	0	0	0	0	0	0	0	0	0	0	0	0	0	0	0	0	0	0	0	0	0	0	0	0	0	0	0	0	0	0	0	0	0	0	0	0	0	0	0	0	0	0	0	0	0	0	0	192	0	192	0	0	0	0	0	0	0	0	0	0	0	0	0	0	0	192	0	0	0	0	0	0	0	0	0	0	0	0	0	0	0	0	0	0	0	0	0	0	0	0	0	0	0	0	0	0	0	0	
0	0	0	0	0	0	0	0	0	0	0	0	0	0	0	0	0	0	0	192	0	0	0	0	0	0	0	0	0	0	192	0	0	0	0	0	0	0	0	0	0	0	0	0	0	0	0	0	0	0	0	0	0	0	0	0	0	0	0	0	0	0	0	0	0	0	0	0	0	0	0	0	0	0	0	0	0	0	0	0	0	0	0	0	0	0	0	0	0	0	0	0	192	0	0	0	0	0	0	0	0	0	0	0	0	0	0	0	0	0	0	0	0	0	0	0	0	0	192	0	
0	0	0	0	0	0	0	0	0	0	0	0	0	0	0	0	0	0	0	0	0	0	0	0	0	0	0	0	0	0	0	0	0	0	0	0	192	0	0	0	0	0	0	0	0	0	0	0	0	0	0	0	0	192	0	0	0	0	0	0	0	0	0	0	0	0	0	0	0	0	0	0	0	192	0	0	0	0	0	0	0	0	0	0	0	0	0	0	0	0	0	0	0	0	0	0	0	0	0	0	0	0	0	192	0	0	0	0	0	0	0	0	0	0	0	0	0	0	0	0	
192	0	0	0	0	0	0	0	0	0	0	0	0	0	0	0	0	0	0	0	0	0	0	0	0	0	0	0	0	0	0	0	0	0	0	0	0	0	0	0	0	0	0	0	0	0	0	0	0	0	0	0	0	0	0	0	0	0	0	0	0	0	0	0	0	192	0	0	0	0	0	0	0	0	0	0	0	0	0	192	0	0	0	0	0	0	0	0	0	0	0	192	0	0	0	0	0	0	0	0	0	0	0	0	0	0	0	0	0	0	0	0	0	0	0	0	0	0	0	0	
0	0	0	0	0	0	0	0	0	0	0	0	0	0	0	0	0	0	0	0	0	0	0	0	0	0	0	0	0	0	0	0	0	0	0	0	0	0	0	0	0	0	0	0	0	0	0	192	0	0	0	0	0	0	0	0	192	0	0	0	0	0	0	0	0	0	0	0	0	0	0	0	0	0	0	0	0	0	0	0	0	0	0	0	0	0	0	0	192	0	0	0	0	0	0	0	0	0	0	0	0	0	0	0	192	0	0	0	0	0	0	0	0	0	0	0	0	0	0	0	
0	0	0	0	0	0	0	0	0	0	192	0	0	0	0	0	0	192	0	0	0	0	0	0	0	0	0	0	0	0	0	0	0	0	0	0	0	0	0	0	0	0	0	0	0	0	0	0	0	0	0	0	192	0	0	0	0	0	0	0	0	0	0	0	0	0	0	0	0	0	0	0	192	0	0	0	0	0	0	0	0	0	0	0	0	0	0	0	0	0	0	0	0	0	0	0	0	0	0	0	0	0	0	0	0	0	0	0	0	0	0	0	0	0	0	0	0	0	0	0	
0	192	0	0	0	0	0	0	0	0	0	0	0	0	0	0	0	0	0	0	0	0	0	0	0	0	192	0	0	192	0	0	0	0	0	0	0	0	0	0	0	0	0	0	0	0	0	0	0	0	0	0	0	0	0	0	0	0	0	0	0	0	0	0	0	0	0	0	0	0	0	0	0	0	0	0	0	0	0	0	0	0	0	0	0	0	0	0	0	0	0	0	0	0	0	0	0	192	0	0	0	0	0	0	0	0	0	0	0	0	0	0	0	0	0	0	0	0	0	0	
0	0	0	0	0	0	0	0	192	0	0	0	0	0	0	0	0	192	0	0	0	0	0	0	0	0	0	0	0	0	0	0	0	0	0	0	0	0	0	0	0	0	0	0	0	0	0	0	0	0	0	0	192	0	0	0	0	0	0	0	0	0	0	0	0	0	0	0	0	0	0	0	0	0	0	0	0	0	0	0	0	0	0	0	0	0	0	0	0	192	0	0	0	0	0	0	0	0	0	0	0	0	0	0	0	0	0	0	0	0	0	0	0	0	0	0	0	0	0	0	
0	0	0	0	0	0	0	0	0	0	0	0	0	0	0	0	0	0	0	0	0	0	0	0	0	0	0	0	0	0	0	0	0	0	0	0	0	0	0	0	0	0	0	0	192	0	0	0	0	0	0	0	192	0	0	0	0	0	0	0	0	0	0	0	0	0	0	0	0	0	0	0	192	0	0	0	0	0	0	0	0	0	0	0	192	0	0	0	0	0	0	0	0	0	0	0	0	0	0	0	0	0	0	0	0	0	0	0	0	0	0	0	0	0	0	0	0	0	0	0	
0	192	0	0	0	0	0	0	0	0	0	0	0	0	0	0	0	0	0	0	0	0	0	0	0	0	0	0	0	0	0	0	0	0	0	0	0	0	0	0	0	0	0	0	0	0	0	0	0	0	0	0	0	0	0	0	0	0	0	0	0	0	192	0	0	0	0	0	0	0	0	0	0	0	0	0	192	0	0	0	0	0	0	0	0	0	0	0	0	0	0	0	0	0	0	0	0	0	192	0	0	0	0	0	0	0	0	0	0	0	0	0	0	0	0	0	0	0	0	0	
0	0	192	0	0	0	0	0	0	0	0	0	0	0	0	0	0	0	0	0	0	0	0	0	0	0	192	0	0	0	0	0	0	0	0	0	0	0	0	0	0	0	0	0	0	0	0	0	0	0	0	0	0	0	192	0	0	0	0	0	0	0	0	0	0	0	0	192	0	0	0	0	0	0	0	0	0	0	0	0	0	0	0	0	0	0	0	0	0	0	0	0	0	0	0	0	0	0	0	0	0	0	0	0	0	0	0	0	0	0	0	0	0	0	0	0	0	0	0	0	
0	0	0	0	0	0	0	0	0	0	0	0	0	0	0	0	0	0	0	0	0	192	0	0	0	0	0	0	0	0	0	0	0	0	0	0	0	192	0	0	0	0	0	192	0	0	0	0	0	0	0	0	0	0	0	0	0	0	0	0	192	0	0	0	0	0	0	0	0	0	0	0	0	0	0	0	0	0	0	0	0	0	0	0	0	0	0	0	0	0	0	0	0	0	0	0	0	0	0	0	0	0	0	0	0	0	0	0	0	0	0	0	0	0	0	0	0	0	0	0	
0	0	0	0	0	0	0	0	0	0	0	0	0	0	0	0	0	0	0	0	0	0	0	192	0	0	0	0	0	0	0	0	0	0	192	0	0	0	0	0	0	0	0	0	0	0	0	0	0	0	0	0	0	0	0	0	0	0	0	0	0	0	0	0	0	0	0	0	0	0	0	0	0	0	0	0	0	0	0	0	0	0	0	0	0	0	0	0	0	0	0	0	0	0	0	0	0	0	0	192	0	0	0	0	0	0	192	0	0	0	0	0	0	0	0	0	0	0	0	0	
0	0	0	192	0	0	0	0	0	0	0	0	0	0	0	0	0	0	0	0	0	0	0	0	0	0	0	0	0	0	0	0	0	0	0	0	0	0	0	0	0	0	0	0	0	0	0	0	0	0	0	0	0	0	0	0	0	0	0	0	0	0	0	0	0	0	0	0	0	192	0	192	0	0	0	0	0	0	0	0	0	0	0	0	0	0	0	192	0	0	0	0	0	0	0	0	0	0	0	0	0	0	0	0	0	0	0	0	0	0	0	0	0	0	0	0	0	0	0	0	
0	0	0	0	0	0	0	0	192	0	192	0	0	0	0	0	0	0	0	0	0	0	0	0	0	0	0	0	0	0	0	0	0	0	0	0	0	0	0	0	0	0	0	0	0	0	0	0	0	0	0	0	192	0	0	0	0	0	0	0	0	0	0	0	0	0	0	0	0	0	0	0	0	0	0	0	0	0	0	0	0	0	0	0	0	0	0	0	0	192	0	0	0	0	0	0	0	0	0	0	0	0	0	0	0	0	0	0	0	0	0	0	0	0	0	0	0	0	0	0	
0	0	0	0	0	0	0	0	0	0	0	0	0	0	0	0	0	0	0	192	0	0	0	0	0	0	0	192	0	0	0	0	0	0	0	0	0	0	0	0	0	0	0	0	0	0	0	0	0	0	0	0	0	0	0	0	0	0	0	0	0	0	0	0	0	0	0	192	0	0	0	0	0	0	0	0	0	0	0	0	0	0	0	0	0	0	0	0	0	0	0	0	192	0	0	0	0	0	0	0	0	0	0	0	0	0	0	0	0	0	0	0	0	0	0	0	0	0	0	0	
0	0	0	0	192	0	0	0	0	0	0	0	0	0	0	0	0	0	192	0	0	0	0	0	0	0	0	0	0	0	192	0	0	0	0	0	0	0	0	0	0	0	0	0	0	0	0	0	0	0	0	0	0	0	0	0	0	0	0	0	0	0	0	0	0	0	0	0	0	0	0	0	0	0	0	0	0	0	0	0	0	0	0	0	0	0	0	0	0	0	0	0	192	0	0	0	0	0	0	0	0	0	0	0	0	0	0	0	0	0	0	0	0	0	0	0	0	0	0	0	
0	0	0	0	0	0	0	0	0	0	0	0	0	0	0	0	0	0	0	0	0	0	0	0	0	0	0	0	192	0	0	0	0	0	0	0	0	0	0	0	0	0	0	0	0	0	0	192	0	0	0	0	0	0	0	0	192	0	0	0	0	0	0	0	0	0	0	0	0	0	0	0	0	0	0	0	0	0	0	0	0	0	0	0	0	0	0	0	0	0	0	0	0	0	0	0	0	0	0	0	0	0	0	0	0	0	0	0	0	0	0	0	0	192	0	0	0	0	0	0	
0	0	0	0	0	0	0	0	0	0	0	0	0	0	192	0	0	0	0	0	0	0	0	0	0	0	0	0	0	0	0	0	0	0	0	0	0	0	0	0	0	0	0	192	0	0	192	0	0	0	0	0	0	0	0	0	0	0	0	0	192	0	0	0	0	0	0	0	0	0	0	0	0	0	0	0	0	0	0	0	0	0	0	0	0	0	0	0	0	0	0	0	0	0	0	0	0	0	0	0	0	0	0	0	0	0	0	0	0	0	0	0	0	0	0	0	0	0	0	0	
0	0	0	0	0	0	0	0	0	0	0	0	0	0	0	0	0	0	0	0	0	0	0	0	0	0	0	0	0	0	0	0	0	0	0	0	0	0	0	0	0	0	0	0	0	0	0	0	0	0	0	0	0	0	0	0	0	0	0	0	0	0	0	0	192	0	0	0	0	0	0	0	0	0	192	0	0	0	0	0	0	0	0	192	0	0	0	0	0	0	0	0	0	0	0	0	0	0	0	0	0	0	0	0	0	192	0	0	0	0	0	0	0	0	0	0	0	0	0	0	
0	0	0	0	0	0	0	0	0	0	0	0	0	0	0	192	0	0	0	0	0	0	0	0	0	0	0	0	0	0	0	0	0	0	192	0	0	0	0	0	0	0	0	0	0	0	0	0	0	192	0	0	0	0	0	0	0	0	0	0	0	0	0	0	0	0	0	0	0	0	0	0	0	0	0	0	0	0	0	0	0	0	0	0	0	0	0	0	0	0	0	0	0	0	0	0	0	0	0	0	0	0	0	0	0	0	192	0	0	0	0	0	0	0	0	0	0	0	0	0	
0	0	0	0	0	0	0	0	0	0	0	0	0	0	0	0	0	0	0	0	0	0	0	0	0	0	0	0	0	0	0	0	192	0	0	0	0	0	0	0	0	0	0	0	0	0	0	0	0	0	0	0	0	0	0	0	0	0	0	0	0	0	0	0	0	0	0	0	0	0	0	0	0	0	0	0	0	0	0	0	0	0	0	0	0	0	0	0	0	0	0	0	0	192	0	0	0	0	0	0	192	0	0	0	0	0	0	0	0	192	0	0	0	0	0	0	0	0	0	0	
0	0	0	0	0	0	0	0	0	0	0	0	0	0	0	0	0	0	0	0	0	0	0	0	0	0	0	0	0	0	0	0	0	0	0	0	0	0	0	0	0	0	0	0	0	0	0	0	0	0	192	0	0	0	0	0	0	0	0	192	0	192	0	0	0	0	0	0	0	0	0	0	0	0	0	0	0	0	0	0	0	0	0	0	0	0	0	0	192	0	0	0	0	0	0	0	0	0	0	0	0	0	0	0	0	0	0	0	0	0	0	0	0	0	0	0	0	0	0	0	
0	0	192	0	0	0	0	0	0	192	0	0	0	192	0	0	0	0	0	0	0	0	0	0	0	0	0	0	0	0	0	0	0	0	0	0	0	0	0	0	0	0	0	0	0	0	0	0	0	0	0	0	0	0	0	0	0	0	0	0	0	0	0	0	0	0	0	0	0	0	0	0	0	0	0	0	0	0	0	0	0	0	0	0	0	0	0	0	0	0	0	0	0	0	0	0	0	192	0	0	0	0	0	0	0	0	0	0	0	0	0	0	0	0	0	0	0	0	0	0	
0	0	0	0	0	0	0	0	0	0	0	0	0	0	0	0	0	0	192	0	0	0	0	0	0	0	0	0	0	0	0	0	0	0	0	0	0	0	0	0	0	0	0	0	0	192	0	0	0	0	0	0	0	0	0	0	0	0	0	0	0	0	0	0	0	0	0	192	0	0	0	0	0	0	0	0	0	0	0	0	0	0	0	0	0	0	0	0	0	0	0	0	192	0	0	0	0	0	0	0	0	0	0	0	0	0	0	0	0	0	0	0	0	0	0	0	0	0	0	0	
0	0	0	0	0	0	0	0	0	0	0	0	0	0	0	0	0	0	0	0	192	0	0	0	0	0	0	0	0	0	0	0	0	0	0	0	0	0	0	0	0	0	0	0	0	0	0	0	0	0	0	0	0	0	0	0	0	0	0	0	0	0	0	0	0	0	0	0	0	0	0	0	0	0	0	0	0	0	0	0	0	0	0	0	0	0	0	0	0	0	0	0	0	0	0	0	0	0	0	0	0	0	192	0	0	0	0	192	0	0	0	0	0	192	0	0	0	0	0	0	
0	0	0	0	0	0	0	0	0	192	0	0	0	0	0	0	0	0	0	0	0	0	0	0	0	0	0	0	0	0	0	0	0	0	0	0	0	0	0	0	0	0	0	0	0	0	0	0	0	0	0	0	0	0	0	192	0	0	0	0	0	0	0	0	0	0	0	0	0	0	0	0	0	0	0	0	0	0	0	0	0	0	0	0	0	0	0	0	0	0	0	0	0	0	0	0	0	192	0	0	0	192	0	0	0	0	0	0	0	0	0	0	0	0	0	0	0	0	0	0	
0	0	0	0	192	0	0	0	0	0	0	0	0	0	0	0	0	0	0	192	0	0	0	0	0	0	0	0	0	0	0	0	0	0	0	0	0	0	0	0	0	0	0	0	0	192	0	0	0	0	0	0	0	0	0	0	0	0	0	0	0	0	0	0	0	0	0	0	0	0	0	0	0	0	0	0	0	0	0	0	0	0	0	0	0	0	0	0	0	0	0	0	0	0	0	0	0	0	0	0	0	0	0	0	0	0	0	0	0	0	0	0	0	0	0	0	0	0	192	0	
0	0	0	0	0	0	0	0	0	0	0	0	0	0	0	0	0	0	0	0	0	0	0	0	0	0	0	0	0	0	0	0	0	0	0	0	0	0	0	0	0	0	0	0	0	0	0	0	0	0	0	0	0	0	0	0	0	0	0	0	0	0	0	0	0	0	0	0	0	192	0	192	0	0	0	0	0	0	0	0	0	0	0	0	0	0	0	192	192	0	0	0	0	0	0	0	0	0	0	0	0	0	0	0	0	0	0	0	0	0	0	0	0	0	0	0	0	0	0	0	
0	0	0	0	0	0	0	0	0	0	0	0	0	0	0	0	0	0	0	0	0	0	0	0	192	0	0	0	0	0	0	0	0	0	0	0	0	0	0	0	0	0	192	0	0	0	0	0	0	0	0	0	0	0	0	0	0	0	0	0	0	0	0	0	0	0	0	0	0	0	0	0	0	0	0	0	0	0	0	0	0	0	0	0	0	0	0	0	0	0	0	0	0	192	0	0	0	0	0	0	0	0	0	0	0	0	0	0	0	192	0	0	0	0	0	0	0	0	0	0	
0	0	0	0	0	0	0	0	0	0	0	0	0	0	0	0	0	0	0	0	0	0	0	0	0	0	0	0	0	0	0	0	0	0	0	0	0	0	0	0	0	0	192	0	0	0	0	0	192	0	0	0	0	0	0	0	0	0	0	0	0	0	0	0	0	0	0	0	0	0	0	0	0	0	0	0	0	0	192	0	0	0	0	0	0	0	0	0	0	0	0	0	0	0	0	0	192	0	0	0	0	0	0	0	0	0	0	0	0	0	0	0	0	0	0	0	0	0	0	0	
0	0	0	0	0	0	0	0	0	0	0	0	0	0	0	192	0	0	0	0	0	0	0	192	0	0	0	0	0	0	0	0	0	0	0	0	0	0	0	0	0	0	0	0	0	0	0	0	0	0	0	0	0	0	0	0	0	0	0	0	0	0	0	192	0	0	0	0	0	0	0	0	0	0	0	0	0	0	0	0	0	0	0	0	0	0	0	0	0	0	0	0	0	0	0	0	0	0	0	0	0	0	0	0	0	0	192	0	0	0	0	0	0	0	0	0	0	0	0	0	
0	0	0	0	0	0	0	0	0	0	0	0	0	0	0	0	0	0	0	0	0	0	0	0	0	0	0	0	0	0	0	0	0	0	0	0	0	0	192	0	0	0	0	0	0	192	0	0	0	0	0	0	0	0	0	0	0	0	0	0	0	0	0	0	0	0	0	0	0	0	0	0	0	0	0	0	0	0	0	0	0	0	0	0	0	0	0	0	0	0	0	0	0	0	0	0	0	0	0	0	0	0	0	0	0	0	0	0	192	0	0	0	0	0	192	0	0	0	0	0	
0	0	0	0	0	192	0	0	0	0	0	0	0	0	0	0	0	0	0	0	0	0	0	0	0	0	0	0	0	0	0	0	0	0	0	0	0	192	0	0	0	0	0	0	0	0	0	0	0	0	0	0	0	192	0	0	0	0	0	0	0	0	0	0	0	0	0	0	0	0	0	0	0	192	0	0	0	0	0	0	0	0	0	0	0	0	0	0	0	0	0	0	0	0	0	0	0	0	0	0	0	0	0	0	0	0	0	0	0	0	0	0	0	0	0	0	0	0	0	0	
0	0	0	0	0	0	0	0	0	0	0	0	0	0	192	0	0	0	0	0	0	0	0	0	0	0	0	0	0	0	0	0	0	0	0	0	192	0	0	0	0	0	0	0	0	0	192	0	0	0	0	0	0	0	0	0	0	0	0	0	0	0	0	0	0	0	0	0	0	0	0	0	0	0	0	0	0	0	0	0	0	0	0	0	0	0	0	0	0	0	192	0	0	0	0	0	0	0	0	0	0	0	0	0	0	0	0	0	0	0	0	0	0	0	0	0	0	0	0	0	
0	0	0	0	0	0	0	0	0	0	0	0	0	0	0	0	0	0	0	0	0	0	0	0	0	0	0	0	0	0	0	0	0	0	0	192	0	0	0	0	0	0	0	0	0	0	0	0	0	0	0	0	0	0	0	0	0	0	0	0	0	0	0	0	0	0	0	0	0	0	0	0	0	0	0	0	0	0	0	0	0	0	0	0	0	0	0	0	0	0	0	0	0	0	0	0	0	0	0	0	0	0	0	0	0	0	0	0	192	0	192	0	0	0	192	0	0	0	0	0	
0	0	0	0	0	0	0	0	0	0	0	0	0	0	0	0	0	0	0	0	0	0	0	0	0	0	0	0	0	0	0	0	0	0	0	0	0	0	0	0	0	0	0	0	0	0	0	0	0	0	0	0	0	0	0	0	0	0	0	0	0	0	0	0	0	0	0	0	0	0	0	0	0	0	0	0	0	0	0	0	0	0	0	0	0	0	0	0	0	0	0	0	0	192	0	0	0	0	0	192	192	0	0	0	0	0	0	0	0	192	0	0	0	0	0	0	0	0	0	0	
0	0	0	0	0	0	0	0	0	0	0	0	0	0	0	0	0	0	0	0	0	0	0	0	0	0	0	0	0	0	0	0	0	0	0	0	0	0	0	0	0	0	0	0	0	0	0	0	0	0	0	0	0	0	0	0	0	0	192	192	0	192	0	0	0	0	0	0	0	0	0	0	0	192	0	0	0	0	0	0	0	0	0	0	0	0	0	0	0	0	0	0	0	0	0	0	0	0	0	0	0	0	0	0	0	0	0	0	0	0	0	0	0	0	0	0	0	0	0	0	
0	0	0	0	0	0	0	0	0	0	0	0	0	0	0	0	0	0	0	0	0	0	0	0	0	0	0	0	0	0	0	0	0	0	0	0	0	0	0	0	0	0	0	0	0	0	0	0	0	0	0	0	0	0	0	0	0	0	0	0	0	0	0	0	0	192	0	0	0	0	192	0	0	0	0	0	0	0	0	0	0	0	0	0	0	0	192	0	0	0	0	192	0	0	0	0	0	0	0	0	0	0	0	0	0	0	0	0	0	0	0	0	0	0	0	0	0	0	0	0	
0	0	0	0	0	0	0	0	0	0	0	0	0	0	0	0	0	0	0	0	0	0	0	0	0	0	0	0	0	0	0	0	192	192	0	0	0	0	0	0	0	0	0	0	0	0	0	0	0	0	0	0	0	0	0	0	0	0	0	0	0	0	0	0	0	0	0	0	0	0	0	0	0	0	0	0	0	0	192	0	0	0	0	0	0	0	0	0	0	0	0	0	0	0	0	0	192	0	0	0	0	0	0	0	0	0	0	0	0	0	0	0	0	0	0	0	0	0	0	0	
0	0	0	0	0	0	0	0	0	0	0	0	0	0	192	0	0	0	0	0	0	192	0	0	0	0	0	0	0	0	0	0	0	0	0	0	0	0	0	0	0	0	0	0	0	0	192	0	0	0	0	0	0	0	0	0	0	0	0	0	192	0	0	0	0	0	0	0	0	0	0	0	0	0	0	0	0	0	0	0	0	0	0	0	0	0	0	0	0	0	0	0	0	0	0	0	0	0	0	0	0	0	0	0	0	0	0	0	0	0	0	0	0	0	0	0	0	0	0	0	
0	0	0	0	0	0	0	0	0	0	0	192	0	0	0	0	0	0	0	0	0	0	0	0	0	0	0	0	0	0	0	0	0	0	0	0	0	0	0	0	0	0	0	0	0	0	0	0	0	192	0	0	0	0	0	0	0	0	0	0	0	0	0	0	0	0	0	0	0	0	0	0	0	0	0	0	0	0	0	0	0	0	0	0	0	0	0	0	0	0	0	0	0	0	0	0	0	0	0	0	0	0	0	192	0	0	192	0	0	0	0	0	0	0	0	0	0	0	0	0	
0	0	0	0	0	0	0	0	0	0	0	0	0	0	0	0	0	0	0	0	0	0	0	0	0	0	0	192	0	0	192	0	0	0	0	192	0	0	0	0	0	0	0	0	0	0	0	0	0	0	0	0	0	0	0	0	0	0	0	0	0	0	0	0	0	0	0	0	0	0	0	0	0	0	0	0	0	0	0	0	0	0	0	0	0	0	0	0	0	0	0	0	0	0	0	0	0	0	0	0	0	0	0	0	0	0	0	0	192	0	0	0	0	0	0	0	0	0	0	0	
0	0	0	0	0	0	0	0	0	0	0	0	0	0	0	0	0	0	0	0	0	192	0	0	0	0	0	0	0	0	0	0	0	0	0	0	0	192	0	0	0	0	0	192	0	0	0	0	0	0	0	0	0	0	0	0	0	0	0	0	0	0	0	0	0	0	0	0	0	0	0	0	0	0	0	0	0	0	0	0	0	0	0	0	0	0	0	0	0	0	192	0	0	0	0	0	0	0	0	0	0	0	0	0	0	0	0	0	0	0	0	0	0	0	0	0	0	0	0	0	
0	0	0	0	0	0	0	192	0	0	0	0	0	0	0	0	0	0	0	0	192	0	0	0	0	0	0	0	0	0	0	0	0	0	0	0	0	0	0	0	0	0	0	0	0	0	0	0	0	0	0	0	0	0	0	0	192	0	0	0	0	0	0	0	0	0	0	0	0	0	0	0	0	0	0	0	0	0	0	0	0	0	0	0	0	0	0	0	0	0	0	0	0	0	0	0	0	0	0	0	0	0	0	0	192	0	0	0	0	0	0	0	0	0	0	0	0	0	0	0	
0	0	0	0	0	0	0	0	0	0	0	0	0	0	0	0	0	0	0	0	0	0	0	0	0	0	0	0	0	0	0	0	0	192	0	0	0	0	0	0	0	0	0	0	0	0	0	0	0	0	0	0	0	0	0	0	0	0	0	0	0	0	0	0	0	0	0	0	0	0	0	0	0	0	0	0	0	0	192	0	0	0	0	0	0	0	0	0	0	0	0	0	0	0	0	0	192	0	0	0	0	0	0	0	0	0	0	0	0	0	0	0	0	0	0	0	0	0	192	0	
0	0	0	0	0	0	0	0	0	0	0	0	0	0	0	0	0	0	0	0	0	0	0	192	0	0	0	0	0	0	0	0	0	0	0	0	0	0	0	0	0	0	0	0	192	0	0	0	0	0	0	0	0	0	0	0	0	0	0	0	0	0	0	192	0	0	0	0	0	0	0	0	0	0	0	0	0	0	0	0	0	0	0	0	0	0	0	0	0	0	0	0	0	0	0	0	0	0	0	0	0	0	0	192	0	0	0	0	0	0	0	0	0	0	0	0	0	0	0	0	
0	0	0	0	0	0	0	0	0	0	0	0	0	0	0	0	0	0	0	0	0	0	0	0	0	192	0	0	0	0	0	0	0	0	0	0	0	0	0	0	0	0	0	0	0	0	0	0	0	0	0	0	0	0	0	0	0	0	0	0	0	0	0	0	0	0	0	0	0	0	0	0	0	0	0	0	0	0	0	0	192	0	0	0	0	0	0	0	192	0	0	0	0	0	0	0	0	0	0	0	0	0	0	0	0	0	0	0	0	0	0	0	0	192	0	0	0	0	0	0	
0	0	0	0	0	0	0	0	0	0	0	0	0	0	0	0	0	0	0	0	0	0	0	0	0	0	0	0	0	0	0	0	0	0	0	0	0	0	0	0	0	0	0	0	0	0	0	0	0	0	0	0	0	0	0	0	0	0	0	0	0	0	192	0	0	0	0	0	0	0	0	0	0	0	0	0	192	0	0	0	0	0	0	0	0	192	0	0	0	0	0	0	0	0	0	0	0	0	192	0	0	0	0	0	0	0	0	0	0	0	0	0	0	0	0	0	0	0	0	0	
0	0	0	0	0	0	0	0	192	0	192	192	0	0	0	0	0	192	0	0	0	0	0	0	0	0	0	0	0	0	0	0	0	0	0	0	0	0	0	0	0	0	0	0	0	0	0	0	0	0	0	0	0	0	0	0	0	0	0	0	0	0	0	0	0	0	0	0	0	0	0	0	0	0	0	0	0	0	0	0	0	0	0	0	0	0	0	0	0	0	0	0	0	0	0	0	0	0	0	0	0	0	0	0	0	0	0	0	0	0	0	0	0	0	0	0	0	0	0	0	
0	0	0	0	0	192	0	0	0	0	0	0	0	0	0	0	0	0	0	0	0	0	0	0	0	0	0	0	0	0	0	0	0	0	0	0	192	0	0	0	0	0	0	0	0	0	0	0	0	0	0	0	0	0	0	0	0	0	0	0	0	0	0	0	0	0	0	0	0	0	0	0	0	192	0	0	0	192	0	0	0	0	0	0	0	0	0	0	0	0	0	0	0	0	0	0	0	0	0	0	0	0	0	0	0	0	0	0	0	0	0	0	0	0	0	0	0	0	0	0	
0	0	192	0	0	0	0	0	0	0	0	0	0	192	0	0	0	0	0	0	0	0	0	0	0	0	0	0	0	0	0	0	0	0	0	0	0	0	0	0	0	0	0	0	0	0	0	0	0	0	0	0	0	0	0	0	0	0	0	0	0	0	0	0	0	0	0	0	192	0	0	0	0	0	0	0	0	0	0	0	0	0	0	0	0	0	0	0	0	0	0	0	0	0	0	0	0	192	0	0	0	0	0	0	0	0	0	0	0	0	0	0	0	0	0	0	0	0	0	0	
0	0	0	0	0	0	0	0	0	0	0	0	0	0	0	0	0	0	0	0	0	0	0	0	0	0	0	0	0	192	0	0	0	0	0	0	0	0	0	0	0	0	0	0	0	0	0	0	0	0	0	0	0	0	0	0	0	0	0	0	0	0	0	0	0	0	0	0	0	0	0	0	0	0	0	0	0	0	0	0	0	0	0	0	0	0	0	0	0	0	0	0	0	0	192	0	0	0	0	0	0	192	0	0	0	0	0	0	0	0	0	0	192	0	0	0	0	0	0	0	
0	0	0	0	0	0	0	192	0	0	0	0	0	0	0	0	0	0	0	0	192	0	0	0	0	0	0	0	0	0	0	0	0	0	0	0	0	0	0	0	0	0	0	0	0	0	0	192	0	0	0	0	0	0	0	0	0	0	0	0	0	0	0	0	0	0	0	0	0	0	0	0	0	0	0	0	0	0	0	0	0	0	0	0	0	192	0	0	0	0	0	0	0	0	0	0	0	0	0	0	0	0	0	0	0	0	0	0	0	0	0	0	0	0	0	0	0	0	0	0	
0	0	0	0	0	0	0	0	0	0	0	0	0	0	0	0	0	0	0	0	0	0	0	0	0	0	0	0	0	0	0	0	0	0	0	0	0	0	0	0	0	0	0	0	0	0	0	0	0	0	0	0	0	0	0	0	0	0	0	0	0	0	0	0	0	192	0	0	192	0	0	0	0	0	0	0	0	0	0	192	0	0	0	0	0	0	0	0	0	0	0	0	0	0	0	192	0	0	0	0	0	0	0	0	0	0	0	0	0	0	0	0	0	0	0	0	0	0	0	0	
0	0	0	0	0	0	0	0	0	0	0	0	0	0	0	0	0	0	0	0	0	0	0	0	0	0	0	0	0	0	0	0	0	0	0	0	0	0	0	0	192	0	0	0	0	0	0	0	0	0	0	0	0	0	0	0	0	0	0	192	0	192	0	0	0	0	0	0	0	0	0	0	0	0	0	0	0	0	0	0	0	0	0	0	0	0	0	0	0	0	0	0	0	0	0	0	0	0	0	0	0	0	0	0	0	0	0	0	0	0	0	192	0	0	0	0	0	0	0	0	
0	0	0	0	0	0	0	0	0	0	0	0	0	0	0	0	0	0	0	0	0	0	0	0	0	192	0	0	0	0	0	0	0	0	0	0	0	0	0	0	192	0	0	0	0	0	0	0	0	0	0	0	0	0	0	0	0	0	192	0	0	192	0	0	0	0	0	0	0	0	0	0	0	0	0	0	0	0	0	0	0	0	0	0	0	0	0	0	0	0	0	0	0	0	0	0	0	0	0	0	0	0	0	0	0	0	0	0	0	0	0	0	0	0	0	0	0	0	0	0	
0	0	0	0	0	0	0	0	0	0	0	0	0	0	192	0	0	0	0	0	0	192	0	0	0	0	0	0	0	0	0	0	0	0	0	0	0	0	0	0	0	0	0	192	0	0	0	0	0	0	0	0	0	0	0	0	0	0	0	0	0	0	0	0	0	0	0	0	0	0	0	0	0	0	0	0	0	0	0	0	0	0	0	0	0	0	0	0	0	0	192	0	0	0	0	0	0	0	0	0	0	0	0	0	0	0	0	0	0	0	0	0	0	0	0	0	0	0	0	0	
0	0	0	0	0	0	0	0	0	0	0	0	0	0	0	0	0	0	0	0	0	0	0	0	0	192	0	0	0	0	0	0	0	0	0	0	0	0	0	0	192	0	0	0	0	0	0	0	0	0	0	0	0	0	0	0	0	0	192	192	0	0	0	0	0	0	0	0	0	0	0	0	0	0	0	0	0	0	0	0	0	0	0	0	0	0	0	0	0	0	0	0	0	0	0	0	0	0	0	0	0	0	0	0	0	0	0	0	0	0	0	0	0	0	0	0	0	0	0	0	
0	0	0	0	0	0	0	0	0	0	0	0	192	0	0	0	0	0	0	0	0	0	0	0	0	0	0	0	0	0	0	0	0	0	0	0	0	0	0	0	0	0	0	0	0	0	0	0	0	0	0	192	0	0	0	0	0	0	0	0	0	0	0	0	0	0	0	0	0	0	0	0	0	0	0	0	192	0	0	0	0	0	0	0	0	0	0	0	0	0	0	0	0	0	0	0	0	0	192	0	0	0	0	0	0	0	0	0	0	0	0	0	0	0	0	0	0	0	0	0	
0	0	0	0	0	0	0	0	0	0	0	0	0	0	0	0	0	0	0	0	0	0	0	0	0	0	0	0	0	0	0	0	0	0	192	0	0	0	0	0	0	0	0	0	0	0	0	0	0	192	0	0	0	0	0	0	0	0	0	0	0	0	0	0	0	0	0	0	0	0	0	0	0	0	0	0	0	192	0	0	0	0	0	0	0	0	0	0	0	0	0	0	0	0	0	0	0	0	0	0	0	0	0	192	0	0	0	0	0	0	0	0	0	0	0	0	0	0	0	0	
0	0	0	0	0	0	0	0	0	0	0	0	0	0	0	0	0	0	0	0	0	0	192	0	0	0	0	0	0	0	0	0	0	0	0	0	0	0	0	0	0	0	0	0	0	0	0	0	0	0	0	0	0	0	0	0	0	0	0	0	0	0	0	0	0	0	0	0	0	0	0	0	0	0	192	0	0	0	0	0	0	0	0	192	0	0	0	0	0	0	0	0	0	0	0	0	0	0	0	0	0	0	0	0	0	192	0	0	0	0	0	0	0	0	0	0	0	0	0	0	
0	0	0	0	0	0	192	0	0	0	0	0	0	0	0	0	0	0	0	0	0	0	0	0	0	0	0	0	0	0	0	0	0	0	0	0	0	0	0	0	0	192	0	0	0	0	0	0	0	0	0	0	0	0	0	0	0	192	0	0	0	0	0	0	0	0	0	0	0	0	0	0	0	0	0	0	0	0	0	0	0	0	0	0	0	0	0	0	0	0	0	192	0	0	0	0	0	0	0	0	0	0	0	0	0	0	0	0	0	0	0	0	0	0	0	0	0	0	0	0	
0	0	0	0	0	0	0	0	0	0	0	0	0	0	0	0	0	0	0	0	0	0	0	0	0	0	0	0	0	0	0	0	0	0	0	0	0	0	0	0	0	0	0	0	0	0	0	0	0	0	0	0	0	0	0	0	0	0	0	0	0	0	0	0	0	0	0	0	0	0	192	0	0	0	0	0	0	0	0	0	0	0	192	0	0	0	192	0	0	0	0	192	0	0	0	0	0	0	0	0	0	0	0	0	0	0	0	0	0	0	0	0	0	0	0	0	0	0	0	0	
0	0	192	0	0	0	0	0	0	0	0	0	0	192	0	0	0	0	192	0	0	0	0	0	0	0	0	192	0	0	0	0	0	0	0	0	0	0	0	0	0	0	0	0	0	0	0	0	0	0	0	0	0	0	0	0	0	0	0	0	0	0	0	0	0	0	0	0	0	0	0	0	0	0	0	0	0	0	0	0	0	0	0	0	0	0	0	0	0	0	0	0	0	0	0	0	0	0	0	0	0	0	0	0	0	0	0	0	0	0	0	0	0	0	0	0	0	0	0	0	
0	0	0	0	0	0	0	0	0	0	0	0	0	0	0	0	0	0	0	0	0	0	0	0	0	0	0	0	0	0	0	0	0	0	0	0	0	0	0	0	0	0	0	0	0	0	0	0	0	0	0	0	0	0	192	0	0	192	0	0	0	0	0	0	0	0	0	0	0	0	0	0	0	0	0	0	0	0	0	0	0	0	0	0	0	0	0	0	0	0	0	0	0	0	0	0	0	0	0	0	0	0	192	0	0	0	0	192	0	0	0	0	0	0	0	0	0	0	0	0	
0	0	0	192	0	0	0	0	0	0	0	0	0	0	0	0	192	0	0	0	0	0	0	0	0	0	0	0	0	0	0	192	0	0	0	0	0	0	0	0	0	0	0	0	0	0	0	0	0	0	0	0	0	0	0	0	0	0	0	0	0	0	0	0	0	0	0	0	0	0	0	192	0	0	0	0	0	0	0	0	0	0	0	0	0	0	0	0	0	0	0	0	0	0	0	0	0	0	0	0	0	0	0	0	0	0	0	0	0	0	0	0	0	0	0	0	0	0	0	0	
0	0	0	0	0	0	0	0	0	0	0	0	0	0	0	0	0	0	0	0	0	0	0	0	0	0	0	0	0	0	0	0	0	0	0	0	0	0	0	0	0	192	0	0	0	0	0	0	0	0	0	0	0	0	0	0	0	0	0	0	0	0	0	0	0	0	192	0	0	0	0	0	0	0	0	0	0	0	0	192	0	0	0	0	0	0	192	0	0	0	0	0	0	0	0	0	0	0	0	0	0	0	0	0	0	0	0	0	0	0	0	0	0	0	0	0	0	0	0	0	
0	0	0	192	0	0	0	0	0	0	0	0	0	0	0	0	192	0	0	0	0	0	0	0	0	0	0	0	0	0	0	192	0	0	0	0	0	0	0	0	0	0	0	0	0	0	0	0	0	0	0	0	0	0	0	0	0	0	0	0	0	0	0	0	0	0	0	0	0	192	0	0	0	0	0	0	0	0	0	0	0	0	0	0	0	0	0	0	0	0	0	0	0	0	0	0	0	0	0	0	0	0	0	0	0	0	0	0	0	0	0	0	0	0	0	0	0	0	0	0	
0	0	0	0	0	0	0	0	192	0	0	192	0	0	0	0	0	0	0	0	0	0	0	0	0	0	0	0	0	0	0	0	0	0	0	0	0	0	0	0	0	0	0	0	0	0	0	0	0	0	0	0	0	0	0	0	0	0	0	0	0	0	0	0	0	0	0	0	0	0	0	0	0	0	0	0	0	0	0	0	0	0	0	0	192	0	0	0	0	192	0	0	0	0	0	0	0	0	0	0	0	0	0	0	0	0	0	0	0	0	0	0	0	0	0	0	0	0	0	0	
0	0	0	0	0	192	0	0	0	0	0	0	0	0	0	0	0	0	0	0	0	0	0	0	0	0	0	0	0	0	0	0	0	0	0	0	192	0	0	0	192	0	0	0	0	0	0	0	0	0	0	0	0	192	0	0	0	0	0	0	0	0	0	0	0	0	0	0	0	0	0	0	0	0	0	0	0	0	0	0	0	0	0	0	0	0	0	0	0	0	0	0	0	0	0	0	0	0	0	0	0	0	0	0	0	0	0	0	0	0	0	0	0	0	0	0	0	0	0	0	
0	0	0	0	0	0	0	0	0	0	0	0	0	0	0	0	0	0	0	0	0	0	192	0	0	0	0	0	0	0	0	0	0	0	0	0	0	0	0	0	0	0	0	0	0	0	0	0	0	0	0	0	0	0	0	0	0	0	0	0	0	0	0	0	192	0	0	0	0	0	0	0	0	0	0	0	0	0	0	0	0	192	0	0	0	0	0	0	0	0	0	0	0	0	0	0	0	0	0	0	0	0	0	0	0	0	0	0	0	0	0	0	0	0	0	0	192	0	0	0	
0	0	0	0	0	0	0	0	0	0	0	0	0	0	0	0	0	0	0	0	0	0	0	0	0	0	0	0	0	0	0	0	0	0	0	0	0	0	0	0	0	0	0	0	0	0	0	0	0	0	0	0	0	0	0	0	0	0	0	0	0	0	0	0	0	0	0	0	0	0	0	0	0	0	0	0	0	0	0	0	0	0	0	192	0	0	0	192	0	0	192	0	0	0	0	0	0	0	0	0	0	0	0	0	0	192	0	0	0	0	0	0	0	0	0	0	0	0	0	0	
0	192	0	0	0	0	0	0	0	0	0	0	192	0	0	0	0	0	0	0	0	0	0	0	0	0	0	0	0	0	0	0	0	0	0	0	0	0	0	0	0	0	0	0	0	0	0	0	0	0	0	192	0	0	0	0	0	0	0	0	0	0	192	0	0	0	0	0	0	0	0	0	0	0	0	0	0	0	0	0	0	0	0	0	0	0	0	0	0	0	0	0	0	0	0	0	0	0	0	0	0	0	0	0	0	0	0	0	0	0	0	0	0	0	0	0	0	0	0	0	
0	0	0	0	0	0	0	0	0	0	0	0	0	0	0	0	0	0	0	0	0	0	0	0	0	0	0	0	0	0	0	0	0	0	0	0	0	0	0	0	0	0	0	0	0	0	0	0	0	0	0	0	0	192	0	0	0	0	0	0	0	0	0	192	0	0	0	0	0	0	0	0	0	0	0	0	0	0	0	0	0	0	0	0	0	0	0	0	0	0	0	0	0	0	0	0	0	0	0	0	0	0	0	0	0	0	0	0	0	0	0	192	0	0	0	0	0	192	0	0	
0	0	0	0	0	0	0	0	0	0	0	0	0	0	0	0	0	0	0	0	0	0	0	0	0	0	0	0	0	0	0	0	0	192	0	0	0	0	0	0	0	0	192	0	0	0	0	0	192	0	0	0	0	0	0	0	0	0	0	0	0	0	0	0	0	0	0	0	0	0	0	0	0	0	0	0	0	0	0	0	0	0	0	0	0	0	0	0	0	0	0	0	0	0	0	0	192	0	0	0	0	0	0	0	0	0	0	0	0	0	0	0	0	0	0	0	0	0	0	0	
192	0	0	0	0	0	192	0	0	0	0	0	0	0	0	0	0	0	0	0	0	0	0	0	0	0	0	0	0	0	0	0	0	0	0	0	0	0	0	0	0	0	0	0	0	0	0	0	0	0	0	0	0	0	0	0	0	192	0	0	0	0	0	0	0	0	0	0	0	0	192	0	0	0	0	0	0	0	0	0	0	0	0	0	0	0	0	0	0	0	0	0	0	0	0	0	0	0	0	0	0	0	0	0	0	0	0	0	0	0	0	0	0	0	0	0	0	0	0	0	
0	0	0	0	0	0	0	0	0	0	0	0	0	0	0	0	0	0	0	0	0	0	0	0	0	0	0	0	0	0	0	0	0	0	0	0	0	0	0	0	0	0	0	0	0	0	0	0	0	0	192	0	0	0	0	0	0	0	0	0	0	0	0	0	0	0	0	0	0	0	0	0	0	0	0	0	0	0	0	0	0	0	0	0	0	0	0	0	0	0	0	0	0	0	0	0	0	0	0	0	0	0	0	0	0	0	0	192	0	0	0	192	0	192	0	0	0	0	0	0	
0	0	0	0	0	0	0	0	0	0	0	0	0	0	0	0	0	0	0	0	0	0	0	0	0	0	0	0	0	0	0	0	0	0	0	0	0	0	0	0	0	0	0	0	0	0	0	0	0	0	0	0	0	0	0	0	0	0	0	0	0	0	0	0	0	0	0	0	0	0	0	0	0	0	192	0	0	0	0	0	0	0	0	192	0	0	0	0	0	0	0	0	0	0	0	0	0	0	0	0	0	0	0	0	0	192	0	0	0	0	0	0	0	0	0	0	192	0	0	0	
0	0	0	0	0	0	0	0	0	0	0	0	0	0	0	0	0	0	0	0	0	0	0	0	0	0	0	0	0	0	0	0	0	0	0	0	0	0	0	0	0	0	0	0	0	0	0	0	0	0	0	0	0	0	0	0	0	0	0	0	0	0	0	0	0	0	192	0	0	0	0	0	0	0	0	0	0	0	0	0	0	0	0	0	0	0	0	0	0	0	0	0	0	0	0	0	0	0	0	0	0	0	0	0	0	0	0	0	0	0	192	0	0	0	192	0	0	0	0	192	
0	0	0	0	0	0	0	0	0	0	0	0	0	0	0	0	0	0	0	0	0	0	192	0	0	0	0	0	0	0	0	0	0	0	0	0	0	0	0	0	0	0	0	0	0	0	0	0	0	0	0	0	0	0	0	0	0	0	0	0	0	0	0	0	192	0	0	0	0	0	0	0	0	0	0	192	0	0	0	0	0	192	0	0	0	0	0	0	0	0	0	0	0	0	0	0	0	0	0	0	0	0	0	0	0	0	0	0	0	0	0	0	0	0	0	0	0	0	0	0	
0	0	0	0	0	0	0	0	0	0	0	192	0	0	0	0	0	0	0	0	0	0	0	0	0	0	0	0	0	0	0	0	0	0	0	0	0	0	0	0	0	0	0	0	0	0	0	0	0	0	0	0	0	0	0	0	0	0	0	0	0	0	0	0	0	0	0	0	0	0	0	0	192	0	0	0	0	0	0	0	0	0	0	0	0	0	0	0	0	192	0	0	0	0	0	0	0	0	0	0	0	0	0	0	0	0	0	0	0	0	0	0	0	0	0	0	0	192	0	0	
0	0	0	0	0	0	0	0	0	0	0	0	0	0	0	0	0	0	0	0	0	0	0	0	0	0	0	0	0	0	0	0	0	0	0	0	0	0	0	0	0	0	0	0	0	0	0	0	0	0	0	192	0	0	0	0	192	0	0	0	0	0	0	0	0	0	0	0	0	0	0	0	0	0	0	0	0	0	0	0	0	0	0	0	0	0	0	0	0	0	0	0	0	0	192	0	0	0	0	0	0	192	0	0	0	0	0	0	0	0	0	0	0	0	0	0	0	0	0	0	
0	0	0	0	0	0	0	0	0	0	0	0	0	0	0	0	0	0	0	0	0	0	0	0	0	0	0	0	0	0	0	0	0	0	0	0	0	0	0	0	0	192	0	0	0	0	0	0	0	0	0	0	0	0	0	0	0	0	0	0	0	0	0	0	0	0	192	0	0	0	192	0	0	0	0	0	0	0	0	0	0	0	0	0	0	0	0	0	0	0	0	0	0	0	0	192	0	0	0	0	0	0	0	0	0	0	0	0	0	0	0	0	0	0	0	0	0	0	0	0	
0	0	0	192	0	0	0	0	0	0	0	0	0	0	0	0	192	0	0	0	0	0	0	0	0	0	0	0	0	0	0	192	0	0	0	0	0	0	0	0	0	0	0	0	0	0	0	0	0	0	0	0	0	0	0	0	0	0	0	0	0	0	0	0	0	0	0	0	0	0	0	0	0	0	0	192	0	0	0	0	0	0	0	0	0	0	0	0	0	0	0	0	0	0	0	0	0	0	0	0	0	0	0	0	0	0	0	0	0	0	0	0	0	0	0	0	0	0	0	0	
0	0	0	0	0	0	0	192	0	0	0	0	0	0	0	0	0	0	0	0	0	0	0	0	0	192	0	0	0	0	0	192	0	0	0	0	0	0	0	0	0	0	0	0	0	0	0	0	0	0	192	0	0	0	0	0	0	0	0	0	0	0	0	0	0	0	0	0	0	0	0	0	0	0	0	0	0	0	0	0	0	0	0	0	0	0	0	0	0	0	0	0	0	0	0	0	0	0	0	0	0	0	0	0	0	0	0	0	0	0	0	0	0	0	0	0	0	0	0	0	
0	0	0	0	0	0	0	0	0	0	192	0	0	0	0	0	0	192	0	0	0	0	0	0	0	0	0	0	0	0	0	0	0	0	0	0	0	0	0	0	0	0	0	0	0	0	0	0	0	0	0	0	0	0	0	0	0	0	0	0	0	0	0	0	0	0	0	0	0	0	0	0	192	0	0	0	0	0	0	0	0	0	0	0	192	0	0	0	0	0	0	0	0	0	0	0	0	0	0	0	0	0	0	0	0	0	0	0	0	0	0	0	0	0	0	0	0	0	0	0	
0	0	0	0	0	0	0	0	0	0	0	0	0	0	0	0	0	0	0	0	0	0	0	0	0	0	0	0	0	0	0	0	0	0	0	0	0	192	0	0	0	0	0	0	0	0	192	0	0	0	0	0	0	0	0	0	0	0	0	0	192	0	0	0	0	0	0	0	0	0	0	0	0	0	0	192	0	0	0	0	0	0	0	0	0	0	0	0	0	0	0	0	0	0	0	0	0	0	0	0	0	0	0	0	0	0	0	0	0	0	0	0	0	0	0	0	0	0	0	0	
0	0	0	0	0	0	192	0	0	0	0	0	0	0	0	0	0	0	0	0	0	0	0	0	0	0	0	0	0	0	0	0	0	0	0	0	0	0	0	0	0	192	0	0	0	0	0	0	0	0	0	0	0	0	0	0	0	0	0	0	0	0	0	0	0	192	192	0	0	0	0	0	0	0	0	0	0	0	0	0	0	0	0	0	0	0	0	0	0	0	0	0	0	0	0	0	0	0	0	0	0	0	0	0	0	0	0	0	0	0	0	0	0	0	0	0	0	0	0	0	
0	0	0	0	192	0	0	0	0	0	0	0	0	0	0	0	0	0	192	192	0	0	0	0	0	0	0	192	0	0	0	0	0	0	0	0	0	0	0	0	0	0	0	0	0	0	0	0	0	0	0	0	0	0	0	0	0	0	0	0	0	0	0	0	0	0	0	0	0	0	0	0	0	0	0	0	0	0	0	0	0	0	0	0	0	0	0	0	0	0	0	0	0	0	0	0	0	0	0	0	0	0	0	0	0	0	0	0	0	0	0	0	0	0	0	0	0	0	0	0	
0	0	0	0	0	0	0	0	0	0	0	0	0	0	0	0	0	0	0	0	0	0	0	0	192	0	0	0	0	0	0	0	192	0	0	0	0	0	0	192	0	0	0	0	0	0	0	0	0	0	0	0	0	0	0	0	0	0	0	0	0	0	0	0	0	0	0	0	0	0	0	0	0	0	0	0	0	0	0	0	0	0	0	0	0	0	0	0	0	0	0	0	0	0	0	0	0	0	0	0	0	0	0	0	0	0	0	0	0	192	0	0	0	0	0	0	0	0	0	0	
0	0	0	0	0	0	0	0	0	0	0	0	0	0	0	0	0	0	0	0	0	0	0	0	0	0	0	0	0	0	0	0	0	0	0	0	0	0	0	0	0	0	0	0	0	0	0	0	0	0	0	0	0	0	0	192	0	0	0	0	0	0	0	0	0	0	0	0	0	0	0	0	0	0	0	0	0	0	0	0	0	0	0	0	0	192	0	0	0	0	0	0	0	0	0	0	0	0	0	0	0	192	0	0	0	0	0	0	0	0	0	0	192	0	0	0	0	0	0	0	
192	0	0	0	0	0	0	0	0	0	0	0	0	0	0	0	0	0	0	0	0	0	0	0	0	0	0	0	0	0	0	0	0	0	0	0	0	0	0	0	0	0	0	0	0	0	0	0	0	0	0	0	0	0	0	0	0	192	0	0	0	0	0	0	0	0	0	0	0	0	0	0	0	0	0	0	0	0	0	0	0	0	0	0	0	0	192	0	0	0	0	0	0	0	0	0	0	0	0	0	0	0	0	0	0	0	0	192	0	0	0	0	0	0	0	0	0	0	0	0	
0	0	0	0	0	0	0	0	0	0	0	0	0	0	0	0	0	0	0	0	0	0	0	0	0	0	0	0	0	0	0	0	0	192	0	0	0	0	0	0	0	0	192	0	0	0	0	0	192	0	0	0	0	0	0	0	0	0	0	0	0	0	0	0	0	0	0	0	0	0	0	0	0	0	0	0	0	0	192	0	0	0	0	0	0	0	0	0	0	0	0	0	0	0	0	0	0	0	0	0	0	0	0	0	0	0	0	0	0	0	0	0	0	0	0	0	0	0	0	0	
0	0	0	0	0	0	0	0	0	192	0	0	0	0	0	0	0	0	0	0	0	0	0	0	0	0	192	0	0	192	0	0	0	0	0	0	0	0	0	0	0	0	0	0	0	0	0	0	0	0	0	0	0	0	192	0	0	0	0	0	0	0	0	0	0	0	0	0	0	0	0	0	0	0	0	0	0	0	0	0	0	0	0	0	0	0	0	0	0	0	0	0	0	0	0	0	0	0	0	0	0	0	0	0	0	0	0	0	0	0	0	0	0	0	0	0	0	0	0	0	
0	192	0	0	0	0	0	0	0	0	0	0	192	0	0	0	0	0	0	0	0	0	0	0	0	0	0	0	0	0	0	0	0	0	0	0	0	0	0	0	0	0	0	0	0	0	0	0	0	0	0	192	0	0	0	0	0	0	0	0	0	0	192	0	0	0	0	0	0	0	0	0	0	0	0	0	0	0	0	0	0	0	0	0	0	0	0	0	0	0	0	0	0	0	0	0	0	0	0	0	0	0	0	0	0	0	0	0	0	0	0	0	0	0	0	0	0	0	0	0	
0	0	0	0	0	0	0	0	0	0	0	0	0	0	0	192	0	0	0	0	0	0	0	0	0	0	0	0	0	0	0	0	0	0	0	0	0	0	0	192	0	0	0	0	0	0	0	0	0	0	0	0	0	0	0	0	0	0	0	0	0	0	0	0	0	0	0	0	0	0	0	0	0	0	0	0	0	0	0	0	0	0	0	0	0	0	0	0	0	0	0	0	0	0	0	0	0	0	0	0	192	0	0	0	0	0	0	0	0	0	0	0	0	0	0	192	0	0	0	0	
0	0	0	0	0	0	0	0	0	0	0	0	0	0	0	0	0	0	0	0	0	0	0	0	192	0	0	0	0	0	0	0	0	0	0	0	0	0	0	192	0	0	0	0	0	0	0	0	0	0	0	0	0	0	0	0	0	0	0	0	0	0	0	0	0	0	0	0	0	0	0	0	0	0	0	0	0	0	0	0	0	0	0	0	0	0	0	0	0	0	0	0	0	0	0	0	0	0	0	192	0	0	0	0	0	0	0	0	0	0	0	0	0	0	0	192	0	0	0	0	
0	0	0	0	0	0	0	0	0	0	0	0	0	0	0	0	0	0	0	0	0	0	0	0	0	0	0	0	0	192	0	0	0	0	0	0	0	0	0	0	0	0	0	0	0	0	0	0	0	0	0	0	0	0	0	192	0	0	0	0	0	0	0	0	0	0	0	0	0	0	0	0	0	0	0	0	0	0	0	0	0	0	0	0	0	192	0	0	0	0	0	0	0	0	192	0	0	0	0	0	0	0	0	0	0	0	0	0	0	0	0	0	0	0	0	0	0	0	0	0	
0	0	0	0	0	0	0	0	0	0	0	0	0	0	0	0	0	0	0	0	0	0	0	0	0	0	0	0	192	0	0	0	0	0	0	0	0	0	0	0	0	0	0	0	0	0	0	0	0	0	0	0	0	0	0	0	0	0	0	0	0	0	0	0	0	0	0	0	192	0	0	0	0	0	0	0	0	0	0	0	0	0	0	0	0	0	0	0	0	0	0	0	0	0	0	0	0	0	0	0	0	0	0	0	192	0	0	0	0	0	0	0	192	0	0	0	0	0	0	0	
0	0	0	0	0	192	0	0	0	0	0	0	0	0	0	0	0	0	0	0	0	0	0	0	0	0	0	0	0	0	0	0	0	0	0	0	0	0	0	0	0	0	0	0	192	0	0	0	0	192	0	0	0	0	0	0	0	0	0	0	0	0	0	192	0	0	0	0	0	0	0	0	0	0	0	0	0	0	0	0	0	0	0	0	0	0	0	0	0	0	0	0	0	0	0	0	0	0	0	0	0	0	0	0	0	0	0	0	0	0	0	0	0	0	0	0	0	0	0	0	
0	0	0	0	0	0	0	192	0	0	0	0	0	0	0	0	0	0	0	0	0	0	0	0	0	0	0	0	0	0	0	0	0	0	0	0	0	0	0	0	0	0	0	0	0	0	0	192	0	0	0	0	0	0	0	0	0	0	0	0	0	0	0	0	0	0	0	0	0	0	0	0	0	0	0	0	0	0	0	0	0	0	0	0	0	0	0	0	0	0	0	0	0	0	0	0	0	0	0	0	0	0	192	0	0	0	0	0	0	0	0	0	192	0	0	0	0	0	0	0	
0	0	0	0	0	0	0	0	0	0	0	0	0	0	0	0	0	0	0	0	0	0	192	0	0	0	0	0	0	0	0	0	0	0	0	0	0	0	0	0	0	0	0	0	0	0	0	0	0	0	0	0	0	0	0	0	0	0	0	0	0	0	0	0	192	0	0	0	0	0	0	0	0	0	0	192	0	0	0	0	0	192	0	0	0	0	0	0	0	0	0	0	0	0	0	0	0	0	0	0	0	0	0	0	0	0	0	0	0	0	0	0	0	0	0	0	0	0	0	0	
0	0	0	0	0	0	0	0	0	0	0	0	0	0	0	192	0	0	0	0	0	0	0	192	0	0	0	0	0	0	0	0	0	0	192	0	0	0	0	0	0	0	0	0	192	0	0	0	0	0	0	0	0	0	0	0	0	0	0	0	0	0	0	0	0	0	0	0	0	0	0	0	0	0	0	0	0	0	0	0	0	0	0	0	0	0	0	0	0	0	0	0	0	0	0	0	0	0	0	0	0	0	0	0	0	0	0	0	0	0	0	0	0	0	0	0	0	0	0	0	
0	0	0	0	0	0	0	0	0	0	0	0	0	0	0	0	0	0	0	0	0	0	0	0	0	0	0	0	192	0	0	0	0	0	0	0	0	0	0	0	0	0	0	0	0	0	0	0	0	0	0	0	0	0	0	0	0	0	0	0	0	0	0	0	0	0	0	0	192	0	0	0	0	0	0	0	0	0	0	0	192	0	0	0	0	0	0	0	0	0	0	0	0	0	0	192	0	0	0	0	0	0	0	0	0	0	0	0	0	0	0	0	0	0	0	0	0	0	0	0	
0	0	0	0	0	0	0	0	0	0	0	0	0	0	0	0	0	0	0	0	0	0	0	0	0	0	0	0	0	0	0	0	0	0	0	192	0	0	192	0	0	0	0	0	0	192	0	0	0	0	0	0	0	0	0	0	0	0	0	0	0	0	0	0	0	0	0	0	0	0	0	0	0	0	0	0	0	0	0	0	0	0	0	0	0	0	0	0	0	0	0	0	0	0	0	0	0	0	0	0	0	0	0	0	0	0	0	0	0	0	0	0	0	0	192	0	0	0	0	0	
0	0	0	0	0	0	0	0	0	0	0	0	0	0	0	0	0	0	0	0	0	0	0	0	192	0	0	0	0	0	0	0	192	0	0	0	0	0	0	192	0	0	0	0	0	0	0	0	0	0	0	0	0	0	0	0	0	0	0	0	0	0	0	0	0	0	0	0	0	0	0	0	0	0	0	0	0	0	0	0	0	0	0	0	0	0	0	0	0	0	0	0	0	192	0	0	0	0	0	0	0	0	0	0	0	0	0	0	0	0	0	0	0	0	0	0	0	0	0	0	
0	0	0	0	0	0	0	0	0	0	0	0	0	0	0	0	0	0	0	0	0	0	0	0	0	0	0	0	0	0	0	0	0	0	0	0	0	0	192	0	0	0	0	0	0	0	0	0	0	0	0	0	0	0	0	0	0	0	0	0	0	0	0	0	0	0	0	0	0	0	0	0	0	0	0	0	0	0	0	0	0	0	192	0	0	0	0	0	0	0	0	0	0	0	0	0	0	0	0	0	0	0	0	0	0	0	0	0	0	0	0	0	0	0	0	192	0	0	0	192	
192	0	0	0	0	0	0	0	0	0	0	0	0	0	0	0	0	0	0	0	0	0	0	0	0	0	0	0	0	0	0	0	0	0	0	0	0	0	0	0	0	0	0	0	0	0	0	0	0	0	0	0	0	0	0	0	0	0	192	0	0	0	0	0	0	0	0	0	0	0	0	0	0	0	0	0	0	192	0	0	192	0	0	0	0	0	0	0	0	0	0	0	0	0	0	0	0	0	0	0	0	0	0	0	0	0	0	0	0	0	0	0	0	0	0	0	0	0	0	0	
0	0	0	0	0	0	0	0	0	0	0	0	0	0	0	0	0	0	0	0	0	0	0	0	0	0	0	0	0	0	0	0	0	0	0	0	0	0	0	0	0	0	0	0	0	0	0	0	0	0	0	0	0	0	0	192	0	0	0	0	0	0	0	0	0	0	0	0	0	0	0	0	0	0	0	0	0	0	0	0	0	0	0	0	0	0	0	0	0	0	0	0	0	0	192	0	0	0	0	0	0	0	192	0	192	0	0	0	0	0	0	0	0	0	0	0	0	0	0	0	
0	0	0	0	0	0	0	0	0	0	0	0	0	0	0	0	0	0	0	0	192	0	0	0	0	0	0	0	192	0	0	0	0	0	0	0	0	0	0	0	0	0	0	0	0	0	0	0	0	0	192	0	0	0	0	0	0	0	0	0	0	0	0	0	0	0	0	0	0	0	0	0	0	0	0	0	0	0	0	0	192	0	0	0	0	0	0	0	0	0	0	0	0	0	0	0	0	0	0	0	0	0	0	0	0	0	0	0	0	0	0	0	0	0	0	0	0	0	0	0	
0	0	0	0	0	0	0	0	0	0	0	0	0	0	0	0	0	0	0	0	0	0	0	0	0	0	0	0	0	0	0	0	0	0	0	192	0	0	192	0	0	0	0	0	0	0	0	0	0	0	0	0	0	0	0	0	0	0	0	0	0	0	0	0	0	0	0	0	0	0	0	0	0	0	0	0	0	0	0	0	0	0	192	0	0	0	0	0	0	0	0	0	0	0	0	0	0	0	0	0	0	0	0	0	0	0	0	0	192	0	0	0	0	0	0	0	0	0	0	0	
0	0	0	0	0	0	0	0	0	0	0	0	0	0	0	0	0	0	0	0	0	0	0	0	0	0	0	0	0	0	0	0	0	0	0	0	0	0	0	0	0	0	0	0	0	0	0	0	0	0	0	0	0	0	0	0	0	0	0	0	0	0	0	0	0	0	0	0	0	0	0	0	0	0	0	0	0	0	0	0	0	0	0	0	0	0	0	0	0	0	0	0	0	0	0	0	0	0	0	192	192	0	0	0	0	0	0	0	0	0	192	0	0	0	0	0	0	0	0	192	
0	0	0	0	0	0	0	0	0	0	0	0	0	0	0	0	0	0	0	0	0	0	0	0	0	0	0	0	0	0	0	0	0	0	0	0	0	0	0	0	0	0	0	0	0	0	0	0	0	0	0	0	0	0	0	0	0	0	0	0	0	0	0	0	0	0	0	0	0	0	0	0	0	0	192	0	0	0	0	0	0	192	0	0	0	0	0	0	0	0	0	0	0	0	0	0	0	0	0	0	0	0	0	0	0	0	0	0	0	0	0	0	0	0	0	0	0	192	0	192	
0	0	0	0	0	0	0	0	0	0	0	0	0	0	0	0	0	0	0	0	0	0	0	0	0	0	0	0	0	0	0	0	0	0	0	0	0	0	0	0	0	0	0	0	0	0	0	0	0	0	0	0	0	0	0	0	0	0	0	0	0	0	0	0	0	0	0	0	0	0	0	0	0	0	0	0	0	192	0	0	0	0	0	0	192	0	0	0	0	0	0	0	0	0	0	0	0	0	0	0	0	0	0	0	0	0	0	0	0	0	0	0	0	0	0	0	192	0	192	0	
0	0	0	0	192	0	0	0	0	0	0	0	0	0	0	0	0	0	0	0	0	0	0	0	0	0	0	0	0	0	192	0	0	0	0	0	0	0	0	0	0	0	0	0	0	0	0	0	192	0	0	0	0	0	0	0	0	0	0	0	0	0	0	0	0	0	0	0	0	0	0	0	0	0	0	0	0	0	0	0	0	0	0	0	0	0	0	0	0	0	0	0	0	0	0	0	0	0	0	0	0	0	0	0	0	0	0	0	0	0	0	0	0	0	0	0	0	192	0	0	
0	0	0	0	0	0	0	0	0	0	0	0	0	0	0	0	0	0	0	0	0	0	0	0	0	0	0	0	0	0	0	0	0	0	0	0	0	0	0	0	0	0	0	0	0	0	0	0	0	0	0	0	0	0	0	0	0	0	0	0	0	0	0	0	0	0	0	0	0	0	0	0	0	0	0	0	0	0	0	0	0	0	192	0	0	0	0	0	0	0	0	0	0	0	0	0	0	0	0	0	0	0	0	0	0	0	0	0	0	0	192	0	0	0	0	192	192	0	0	0	
82	102	86	18	68	94	118	24	20	58	51	18	27	19	17	43	51	115	110	42	107	82	38	1	110	1	88	72	52	82	101	10	101	76	32	15	60	115	15	23	57	37	94	84	109	85	44	23	113	115	66	49	6	57	98	50	22	95	77	93	64	38	59	73	22	72	6	80	82	61	38	91	91	46	93	59	92	116	36	64	69	81	75	109	118	93	19	105	42	50	39	61	69	39	49	26	114	65	117	95	32	32	104	65	116	91	39	116	66	62	32	38	17	6	31	27	20	87	74	33	113	8	100	76	28	69	28	81	4	19	62	95	12	23	80	80	66	78	5	36	58	100	84	29	83	48	49	59	32	38	66	1	15	27	99	44	85	44	73	50	78	78	105	103	32	30	72	105	48	9	52	76	91	44	49	38	102	68	68	12	29	86	43	66	70	7	82	61	6	116	6	27	90	18	60	96	86	87	18	90	56	46	108	86	37	45	103	24	42	113	24	109	115	119	69	75	30	100	106	87	8	69	108	85	30	104	89	19	53	88	93	117	89	83	109	32	16	110	62	91	39	71	94	72	50	57	64	118	8	90	107	82	100	48	76	80	20	6	22	94	44	58	112	40	11	26	119	108	12	33	94	62	85	94	84	100	58	36	93	34	2	113	14	22	32	75	92	85	50	93	29	34	53	22	13	69	69	25	65	41	102	48	56	91	50	15	82	107	40	113	34	113	65	110	89	30	37	62	113	28	102	60	65	4	84	23	100	21	50	41	2	99	47	76	36	116	36	55	4	67	84	36	113	73	94	69	118	14	116	17	75	68	38	2	2	91	78	97	18	12	53	87	86	73	44	85	78	10	115	52	91	41	4	93	38	6	80	56	112	35	64	80	67	24	84	93	15	54	6	88	117	39	30	1	62	68	102	107	20	117	71	53	46	115	42	90	7	24	47	1	23	68	24	69	72	1	22	37	57	119	18	43	117	80	100	73	4	76	6	78	63	53	48	100	79	51	117	76	86	7	116	63	59	107	14	30	25	103	102	106	88	45	115	4	90	14	55	109	94	89	2	30	39	58	54	0	13	71	108	91	9	43	69	50	52	15	57	5	16	91	98	116	69	40	89	26	4	64	22	30	62	76	107	35	36	107	113	40	56	41	33	72	74	4	51	10	82	31	33	40	116	59	36	115	70	104	68	37	43	88	19	13	106	43	114	117	110	82	113	30	96	70	78	41	66	64	34	51	103	68	68	82	43	103	87	10	19	37	90	31	93	12	32	8	29	72	15	18	56	79	100	64	12	46	36	40	109	97	76	48	49	62	48	99	100	18	63	96	27	9	10	114	30	77	46	51	80	23	86	84	39	82	93	69	62	46	3	104	84	91	98	13	107	100	74	14	84	33	108	83	39	59	65	6	119	92	91	104	99	43	26	25	102	74	56	3	79	19	61	118	95	117	25	57	21	58	104	107	37	92	50	45	18	34	106	32	104	64	0	15	73	93	79	105	87	35	62	73	35	67	40	103	77	53	100	44	14	27	21	49	56	86	74	111	91	62	13	80	81	118	16	12	58	45	90	100	47	20	21	81	42	101	42	61	44	49	115	61	38	7	101	71	2	7	14	12	108	103	73	116	38	57	63	113	114	100	10	18	3	101	22	104	96	59	61	105	72	68	69	57	40	100	32	43	47	71	56	85	85	76	26	26	66	63	25	52	61	91	117	60	104	36	89	113	53	47	33	76	8	93	74	19	16	52	52	74	119	88	106	105	73	70	10	1	108	117	77	23	42	7	11	31	117	88	101	1	4	37	108	86	116	85	62	23	32	19	99	8	12	26	55	116	80	75	112	53	5	81	79	82	13	39	44	84	26	9	104	19	32	22	16	53	105	94	77	26	79	13	83	66	105	3	36	76	115	68	45	21	40	64	66	73	91	95	113	25	33	38	97	30	28	62	10	96	53	73	61	73	53	70	36	66	29	84	88	34	36	15	82	81	104	112	56	22	111	40	41	61	27	43	92	38	72	69	47	8	84	13	31	105	10	70	105	74	12	57	105	118	57	71	80	83	36	1	32	14	58	86	93	42	62	110	15	70	25	116	118	22	21	72	93	28	4	40	36	50	0	22	36	24	68	0	79	56	13	84	3	44	76	29	116	98	44	27	97	107	94	105	23	74	90	102	90	14	62	119	63	38	102	101	37	21	39	97	56	21	58	23	21	36	13	109	65	40	66	114	9	65	109	80	103	81	26	25	40	91	110	3	65	114	20	40	110	31	101	3	43	37	62	2	12	73	80	91	7	112	37	112	89	35	6	46	95	61	49	47	57	88	12	78	20	13	53	51	58	41	42	74	101	62	0	112	36	31	119	88	100	106	52	64	70	51	84	97	108	61	76	11	110	33	31	52	17	14	49	54	111	61	104	51	55	34	26	26	16	104	78	35	19	11	75	48	6	40	106	119	78	21	111	1	81	52	71	89	104	68	41	31	31	14	65	12	37	53	87	60	74	89	17	21	65	70	52	72	111	25	33	19	114	114	74	65	57	53	71	48	106	110	84	82	60	14	16	119	73	47	93	107	64	77	11	72	21	52	116	64	46	81	34	68	73	115	46	101	66	37	68	52	111	14	56	11	62	80	55	113	103	13	78	101	78	97	11	57	96	48	103	114	73	70	28	36	54	95	96	39	2	100	107	16	1	17	10	87	30	117	31	34	42	19	57	87	116	68	81	63	69	90	77	3	44	102	65	91	112	64	36	73	68	71	15	67	8	85	27	92	95	37	78	72	82	39	86	56	20	38	92	105	80	63	79	3	112	4	18	44	80	51	3	97	102	36	92	45	48	29	111	14	62	79	19	97	4	40	112	8	30	115	97	103	79	93	111	82	82	104	91	4	4	117	74	109	81	2	7	31	81	3	65	89	17	114	103	32	67	90	3	53	47	35	19	15	73	39	58	10	44	89	54	59	11	45	113	79	52	47	99	109	57	39	75	100	54	15	50	8	63	1	61	45	96	94	37	60	80	95	109	75	36	19	20	117	36	20	12	85	21	8	33	3	96	95	36	98	41	33	41	8	10	74	85	53	55	66	57	10	36	2	113	1	114	7	32	76	28	85	57	59	60	88	5	37	43	13	85	25	68	0	18	74	67	59	114	14	64	46	112	102	10	27	90	0	1	73	22	4	10	32	119	23	92	96	49	50	23	19	14	76	23	28	23	40	20	36	75	65	109	108	94	45	31	51	14	29	62	9	115	113	101	82	4	29	62	75	82	45	78	11	42	6	67	49	68	7	29	16	76	88	36	25	61	95	18	33	18	13	100	67	65	31	41	75	89	2	41	46	55	13	8	82	46	20	20	0	94	49	95	11	118	67	58	117	113	116	28	101	67	28	58	67	90	54	29	72	30	9	58	116	76	119	8	59	29	54	38	4	91	32	93	85	73	76	103	78	40	110	21	111	102	3	30	71	93	44	90	84	47	35	103	37	0	65	102	64	87	57	93	90	39	4	95	58	13	97	73	56	59	101	102	17	116	91	16	57	26	85	55	85	6	35	116	53	17	14	70	49	81	81	54	86	40	97	70	40	60	111	12	81	92	38	34	31	1	18	32	77	34	69	66	63	4	48	50	15	58	80	107	118	42	89	86	116	28	59	102	28	94	31	85	46	11	79	54	54	9	109	102	67	13	68	89	46	84	55	9	35	112	53	19	26	108	30	96	6	1	11	68	99	83	50	112	105	100	22	66	16	39	91	75	64	64	111	12	44	13	118	49	22	2	55	2	35	102	34	102	119	13	62	19	97	5	84	26	73	16	4	85	96	87	58	32	32	31	40	52	40	97	81	54	62	29	52	38	6	76	40	14	32	28	84	74	90	8	102	5	93	25	5	107	119	41	33	7	84	35	38	85	10	87	61	13	4	107	69	42	98	8	117	99	22	45	18	7	87	100	10	83	113	54	99	61	112	59	41	6	96	112	77	69	62	28	67	16	43	39	111	75	41	72	98	98	115	103	33	93	89	92	37	79	11	49	73	62	4	43	93	73	113	8	80	53	52	89	69	23	20	54	67	76	113	105	23	104	5	30	39	48	65	55	26	109	26	73	23	95	55	47	89	11	115	78	18	54	110	82	81	18	28	55	44	44	74	100	57	35	74	45	9	112	70	117	98	46	83	116	8	50	22	86	31	118	76	19	104	11	100	89	113	109	12	78	7	64	19	70	67	16	5	66	87	22	99	116	8	113	72	49	43	21	78	42	65	107	38	80	88	117	74	21	62	105	31	9	36	13	3	68	18	7	7	62	42	33	21	17	11	87	33	88	84	67	70	105	114	106	72	29	0	116	31	101	23	22	45	104	31	95	91	47	30	92	14	8	103	9	14	18	65	16	25	54	83	95	37	8	117	33	61	103	91	73	73	65	116	42	5	118	97	8	52	109	44	16	5	12	27	88	28	16	18	64	60	89	36	57	1	96	79	103	114	78	16	61	13	2	104	46	64	102	11	74	64	76	70	36	35	35	18	106	105	88	118	77	86	65	38	67	100	67	102	31	87	2	86	88	73	110	76	33	78	71	119	111	9	76	9	109	30	106	73	115	3	15	47	2	19	66	3	104	58	84	105	53	37	81	94	13	48	57	41	79	72	20	69	65	64	108	21	78	76	107	83	82	114	59	103	33	108	35	76	30	88	87	72	89	0	110	117	40	71	10	78	30	68	72	71	110	17	97	85	56	73	76	81	19	28	7	38	53	62	79	65	74	14	118	119	117	3	43	67	16	75	91	84	98	69	21	27	48	65	65	99	14	74	12	103	26	28	13	52	18	13	68	83	93	103	106	97	84	69	105	104	65	110	2	6	27	65	116	57	106	22	13	90	66	44	89	93	25	74	31	91	98	36	104	21	88	81	116	10	93	81	34	55	42	89	29	29	27	23	46	26	95	33	110	21	93	80	56	92	104	85	1	18	116	18	32	41	73	21	22	56	104	79	19	45	3	38	1	62	28	9	20	44	24	20	114	54	103	86	62	68	96	74	16	35	24	107	71	38	57	64	98	100	23	77	52	119	90	34	45	36	55	51	13	92	116	101	80	49	60	7	11	68	109	93	26	42	70	7	116	32	21	34	28	18	101	2	77	59	101	12	44	107	31	31	2	93	10	25	38	74	78	71	3	107	113	107	1	36	79	35	21	119	86	64	29	14	45	5	5	60	46	99	35	61	19	27	53	34	107	106	7	39	62	68	18	72	14	87	67	89	78	48	84	62	65	65	78	45	61	65	78	116	80	28	100	119	50	21	100	26	20	92	42	27	2	69	106	38	13	10	115	89	46	64	109	119	10	35	76	85	101	114	29	26	28	27	13	111	117	105	98	55	81	62	8	94	66	3	18	74	117	69	15	103	78	99	59	100	55	5	87	80	98	50	103	87	65	45	35	8	53	58	84	56	36	110	100	12	73	80	81	38	61	106	79	25	98	85	3	65	97	89	111	4	19	112	108	2	32	105	51	72	118	57	7	6	7	44	13	44	46	65	24	10	58	5	117	17	38	3	106	69	49	24	76	102	102	12	95	13	96	5	29	58	35	61	5	115	73	29	28	109	98	87	116	18	58	98	67	114	44	85	45	77	25	31	95	46	91	28	91	73	0	63	43	106	75	36	73	25	21	41	77	37	55	84	3	9	39	68	36	87	88	48	40	78	91	50	90	111	54	106	117	79	42	90	46	28	10	10	100	28	69	7	118	0	98	50	106	119	20	78	44	92	43	69	27	36	9	114	115	71	112	54	60	118	84	113	13	79	6	95	32	98	70	66	53	67	56	15	10	18	105	111	86	77	10	108	87	57	117	102	38	7	2	6	78	24	22	60	63	114	114	9	39	45	38	16	60	37	31	42	5	51	92	49	53	48	28	12	89	53	22	29	112	109	16	68	10	7	68	56	13	84	88	108	63	54	39	75	10	86	57	24	53	119	29	78	16	110	37	67	31	89	10	77	45	113	58	65	83	103	44	19	1	118	110	14	31	98	111	42	19	80	95	56	21	117	118	59	63	46	8	27	61	115	48	93	83	78	44	47	107	7	38	38	50	117	3	44	116	100	18	76	67	89	66	118	92	30	118	102	20	68	106	1	113	43	116	117	33	107	48	22	72	92	78	46	39	10	111	105	11	22	25	17	83	96	11	1	119	51	111	84	18	86	38	96	70	7	66	50	92	15	81	20	70	82	20	76	64	87	11	28	46	2	71	24	79	26	38	73	5	73	26	74	55	12	10	69	89	40	109	57	23	51	90	115	3	89	52	45	68	10	76	51	56	45	50	102	55	1	76	40	56	69	99	88	74	3	22	95	116	52	112	116	57	63	26	42	54	22	65	83	28	111	32	18	32	114	11	112	107	9	104	110	46	116	87	82	84	50	20	96	42	24	46	88	54	78	67	35	48	92	72	87	60	89	35	86	36	95	24	43	93	32	92	105	94	28	42	110	54	1	10	34	100	47	106	8	72	20	81	78	29	59	20	81	99	37	78	22	71	77	116	52	21	101	40	23	92	101	23	116	0	41	38	29	119	21	48	21	83	11	115	88	115	59	115	81	36	99	17	33	3	110	63	116	19	35	118	25	99	10	83	8	93	1	113	45	59	70	110	86	34	63	48	29	111	2	50	95	45	105	85	119	97	84	56	72	65	10	104	117	58	114	25	20	115	59	5	96	50	95	47	27	89	43	90	24	96	73	82	73	55	22	102	12	63	68	60	101	31	46	86	81	91	1	27	57	7	95	79	44	119	47	47	26	27	62	12	81	60	60	92	76	27	114	100	0	109	5	86	61	6	16	39	41	70	105	60	43	112	44	52	45	2	27	91	119	111	118	63	113	72	39	62	76	79	72	28	96	75	79	84	22	64	64	45	38	36	1	79	11	86	82	101	110	53	88	17	2	9	38	93	34	73	37	48	115	46	26	84	44	94	62	55	57	93	85	22	34	56	59	50	36	58	24	77	27	109	59	45	84	118	56	83	24	8	87	81	45	1	3	38	66	91	81	37	71	36	97	6	29	6	83	42	90	6	89	17	14	53	67	73	20	46	1	56	10	68	82	83	86	76	105	116	93	77	79	94	3	57	4	20	34	11	90	82	48	113	36	88	65	103	96	89	74	107	99	45	85	102	90	52	66	45	5	33	116	73	85	61	82	42	17	72	70	13	117	8	116	52	101	51	79	110	21	117	113	63	115	65	98	112	59	21	36	103	31	58	52	39	33	38	50	103	90	31	2	15	79	45	86	116	99	32	70	59	37	84	21	5	51	41	98	79	114	49	21	102	113	32	35	46	51	53	113	78	86	2	22	78	47	11	50	27	19	45	4	13	79	15	96	96	25	101	107	98	84	8	115	76	20	94	73	42	67	83	63	24	27	91	89	97	64	67	2	21	109	102	91	75	91	4	38	64	95	11	86	44	0	20	116	81	92	28	55	94	50	76	48	66	51	78	58	37	106	78	117	66	1	80	57	27	7	105	31	32	20	1	108	10	3	74	80	85	38	93	27	35	50	118	52	84	16	36	49	83	16	6	94	34	42	16	43	74	105	110	8	95	26	37	38	64	113	110	44	52	12	118	110	113	73	95	8	34	0	101	23	95	60	10	28	112	87	48	59	16	5	103	109	61	54	98	58	60	47	25	6	36	85	44	11	21	40	61	32	31	87	84	81	14	21	101	105	27	26	118	46	45	21	76	103	36	118	108	35	105	14	96	90	36	11	42	64	107	47	40	91	0	72	73	27	92	27	97	101	39	27	21	3	76	34	17	40	100	41	62	101	70	26	115	102	103	0	86	110	101	32	87	23	8	54	75	85	67	22	70	99	45	110	6	21	28	49	48	57	94	110	110	100	40	51	20	86	59	118	104	84	109	87	70	92	21	80	101	63	4	90	68	102	93	51	77	20	9	35	30	116	23	73	75	39	27	94	65	33	31	18	76	104	112	52	21	118	92	61	54	32	34	5	76	90	97	112	113	18	33	41	54	27	44	50	42	40	112	88	106	89	26	78	52	55	88	21	12	58	64	90	72	113	87	95	41	66	21	99	49	10	92	71	67	57	109	58	103	41	33	58	14	114	85	21	95	57	86	110	87	11	6	63	45	52	87	63	9	46	103	48	108	41	99	11	5	97	78	45	41	2	81	81	49	57	6	100	24	113	64	15	92	113	48	14	47	105	45	5	46	115	105	107	38	24	5	90	94	85	31	92	107	34	92	8	83	78	84	48	46	44	65	20	72	47	116	62	82	95	0	31	83	54	93	43	38	51	78	39	2	107	18	33	45	64	73	38	85	55	39	74	53	10	34	112	50	79	70	48	40	81	61	112	9	85	66	36	97	103	52	14	69	77	27	80	19	23	24	8	4	22	3	16	84	24	63	29	41	25	56	99	62	109	5	30	37	47	69	101	94	71	8	85	43	43	59	65	17	36	0	19	3	76	92	97	49	54	49	88	69	106	71	68	79	40	55	56	48	37	85	8	84	115	59	114	88	56	71	111	30	68	68	74	117	4	3	6	101	40	77	24	82	88	39	56	79	74	25	15	99	44	82	25	94	26	29	13	70	12	23	38	0	102	37	35	9	98	115	14	7	62	22	118	40	43	12	56	11	27	70	109	48	32	45	78	72	42	118	110	100	40	41	106	116	75	73	99	73	85	49	97	72	78	94	16	28	69	17	81	18	21	105	93	5	9	26	93	54	51	75	30	106	88	116	76	28	95	73	75	77	5	26	60	100	89	56	53	23	95	100	69	15	8	54	5	32	36	21	101	93	92	87	97	38	19	110	103	105	1	15	41	34	79	108	79	101	10	48	105	82	24	67	75	93	17	110	75	20	48	33	89	106	65	69	64	12	99	109	74	40	23	107	58	119	117	44	53	24	95	76	49	19	59	0	61	81	89	84	117	89	67	2	117	59	8	109	32	20	69	84	52	60	30	39	87	59	32	116	26	105	38	96	9	2	59	114	48	102	114	40	63	91	87	55	18	55	53	33	14	110	107	115	26	26	0	62	92	86	51	95	12	4	75	48	33	54	67	118	118	8	50	61	10	87	49	31	119	114	68	58	91	62	42	39	62	52	41	95	53	112	46	94	25	71	99	1	58	63	90	81	52	116	74	61	39	34	54	116	81	106	112	3	34	10	22	3	35	24	96	9	21	86	71	100	3	10	65	108	17	38	104	51	7	47	116	73	41	28	18	73	23	37	22	52	76	66	15	71	83	30	42	64	76	100	79	64	102	68	45	94	73	93	16	1	2	69	93	7	51	100	86	116	89	79	48	34	86	38	23	51	100	73	29	81	23	80	60	37	14	24	27	12	107	37	73	9	53	11	74	62	19	106	117	25	104	57	91	106	95	92	77	85	62	60	96	105	52	74	36	47	36	19	73	87	78	39	104	36	1	32	1	54	11	18	38	101	35	97	98	7	91	73	69	60	94	91	84	10	21	60	94	81	31	12	5	111	49	77	50	67	91	19	67	49	0	94	110	38	58	91	62	29	107	60	43	75	57	36	90	47	24	51	26	60	32	35	65	19	98	107	87	96	104	81	20	64	118	65	49	51	92	55	87	80	94	23	112	73	78	93	33	43	105	89	88	58	15	63	58	34	26	36	11	58	9	76	75	64	1	28	15	23	51	85	101	55	62	97	76	44	64	80	115	32	12	111	57	3	4	97	64	104	12	53	49	83	83	88	90	93	19	57	101	109	115	40	71	16	44	25	42	37	56	70	72	17	85	16	109	56	19	83	54	111	93	10	14	82	1	18	79	70	30	51	9	66	56	36	38	102	89	98	103	110	64	16	106	63	16	17	57	54	22	59	39	1	22	59	58	108	102	43	45	14	56	12	7	64	41	0	93	34	45	58	40	115	42	85	83	6	2	45	45	67	60	108	78	45	5	85	115	32	54	95	96	118	15	85	30	8	18	85	21	89	66	23	59	4	104	100	101	102	62	66	69	46	108	98	4	86	3	50	118	53	116	17	97	51	76	68	25	75	87	112	12	115	60	45	118	30	55	42	10	33	66	48	63	70	57	88	54	108	52	92	17	79	51	67	8	4	110	36	59	108	31	27	10	70	118	68	74	21	93	65	57	102	38	41	70	82	53	65	111	18	86	25	0	37	64	116	118	46	104	70	68	92	116	20	108	73	83	95	46	47	118	107	95	109	59	54	117	93	11	93	0	18	33	3	88	41	58	0	81	28	70	117	38	118	91	26	11	24	23	47	63	12	69	33	8	89	95	32	10	50	79	99	21	14	75	71	46	117	66	113	18	99	47	16	0	32	21	63	60	110	10	83	2	62	53	10	67	46	22	79	41	83	83	27	62	83	24	11	70	27	23	15	39	96	52	109	8	116	59	61	8	96	35	16	4	74	54	83	67	75	26	17	98	76	25	13	35	62	62	3	33	108	39	37	60	16	22	58	38	17	92	23	36	9	68	26	33	87	41	8	26	117	32	111	95	29	98	54	13	113	12	30	107	13	11	51	114	91	32	81	44	14	65	89	3	24	113	35	86	11	32	30	96	88	18	25	41	54	73	108	79	33	31	112	59	63	19	24	51	97	5	13	13	106	74	105	47	105	80	1	92	67	77	102	113	63	24	44	29	54	55	54	70	87	74	46	34	101	12	119	64	67	90	108	59	27	21	31	80	110	104	50	25	43	43	98	48	33	22	104	98	112	58	29	108	107	117	78	113	1	88	35	21	103	105	84	40	15	13	70	71	119	87	40	70	20	36	38	81	41	50	51	94	112	49	109	98	84	35	41	108	67	55	71	96	116	105	38	111	108	14	102	5	109	99	14	53	54	81	2	79	52	4	55	73	17	1	88	43	61	86	26	93	60	93	97	72	94	77	19	6	72	54	19	41	23	104	68	12	35	37	14	37	92	52	18	63	114	66	87	52	71	99	18	61	71	17	85	33	94	52	57	66	85	5	63	70	47	36	67	10	109	33	48	87	55	22	8	91	63	48	108	94	41	105	24	88	24	82	100	11	80	90	84	49	77	99	60	114	7	25	38	15	113	8	93	42	14	71	48	25	112	42	0	33	77	29	8	17	93	45	51	86	17	3	99	80	109	81	71	113	83	39	27	32	100	19	33	16	85	41	48	76	36	94	59	32	65	8	0	117	26	104	47	88	28	64	72	77	9	28	65	40	14	15	113	115	53	96	56	19	38	36	64	9	35	64	57	49	72	41	10	12	57	40	76	51	36	44	39	40	83	80	75	44	35	77	68	82	31	9	100	116	39	47	43	23	33	24	90	49	54	80	105	44	46	116	78	107	1	81	3	22	17	19	97	96	84	1	50	41	113	28	68	41	3	42	16	29	81	7	32	45	80	109	53	92	80	29	14	75	57	80	49	7	48	59	52	13	16	17	102	0	22	11	50	104	42	33	114	47	91	56	1	23	76	92	112	117	45	85	118	79	51	39	19	91	73	25	67	32	21	62	20	4	63	98	9	101	119	2	70	5	83	93	79	8	119	61	58	104	35	39	100	81	80	84	71	81	83	28	37	72	84	117	109	51	27	25	88	30	42	3	32	39	76	8	113	1	30	25	50	33	10	3	22	101	75	8	85	85	62	11	50	22	87	96	33	85	76	104	18	74	5	38	40	23	100	40	5	17	115	104	96	118	34	68	58	118	23	90	37	101	108	81	58	112	35	63	34	1	60	40	25	5	65	88	20	55	68	103	62	68	12	3	82	90	75	94	51	29	94	40	97	34	111	80	10	13	66	114	75	51	50	118	62	52	41	1	8	102	31	6	87	86	8	118	64	41	15	52	51	3	12	45	69	53	70	25	88	89	17	45	80	74	15	9	24	74	105	48	89	8	6	95	89	30	97	99	45	105	10	91	93	0	111	80	76	25	37	20	84	47	32	26	27	28	75	6	25	33	36	45	26	81	106	87	85	100	3	66	113	47	29	17	113	48	7	12	59	116	2	7	18	80	46	78	89	84	101	87	101	116	95	76	59	104	28	111	76	9	43	108	35	18	103	80	80	17	7	84	95	106	81	73	52	99	118	13	105	8	95	2	62	32	89	33	38	74	112	7	69	97	102	14	86	39	18	66	73	119	77	96	31	35	111	35	116	46	36	63	118	53	6	16	49	45	9	70	14	41	35	27	13	7	71	49	72	106	111	89	79	41	109	82	14	78	69	70	13	59	96	18	110	102	104	33	81	50	88	37	15	118	117	29	45	0	26	62	86	29	21	117	61	68	98	26	18	46	56	1	116	36	107	60	114	27	75	88	41	0	59	51	64	68	110	10	69	74	98	10	109	97	86	92	116	66	1	41	100	112	102	54	70	61	12	20	52	83	95	31	16	89	49	5	39	8	107	41	47	8	63	31	0	110	63	85	24	57	15	97	77	6	72	47	37	96	60	115	50	3	35	62	20	82	47	84	46	58	63	63	28	59	104	111	48	114	23	37	60	49	2	11	33	21	35	78	73	119	31	26	19	118	35	34	37	5	37	90	34	36	34	95	90	94	52	40	65	47	35	89	64	83	113	69	94	79	101	118	78	53	41	3	96	6	34	15	79	93	39	25	92	20	91	59	55	80	74	72	87	11	76	14	111	64	62	93	20	2	43	27	26	92	91	39	85	49	81	20	74	77	1	55	58	75	103	95	87	48	32	32	6	93	75	72	114	62	38	96	3	12	90	104	19	90	113	88	109	88	8	114	74	99	115	28	119	14	5	16	62	7	49	97	47	110	54	40	109	71	17	68	43	105	98	31	102	60	84	87	61	92	82	64	33	102	11	96	67	107	72	73	38	54	42	42	1	65	52	87	83	68	21	44	24	95	118	102	34	27	41	102	10	18	114	14	114	24	102	101	57	7	93	119	8	36	87	117	56	58	115	85	85	19	69	119	102	118	91	42	59	7	89	92	4	86	78	42	47	82	109	52	50	107	69	75	63	64	17	25	37	18	102	44	9	113	13	19	19	97	26	4	56	91	23	42	21	71	83	111	86	74	107	56	97	74	48	14	6	83	14	80	56	5	95	65	73	39	114	23	64	93	105	86	99	109	12	32	52	49	22	48	30	88	92	56	118	54	42	99	109	117	71	78	63	15	116	71	66	104	102	13	96	110	46	8	111	119	82	62	68	70	51	70	65	22	86	100	34	8	111	7	2	102	96	64	60	55	9	47	16	117	45	39	81	96	17	16	47	50	104	36	44	18	98	99	89	106	40	63	63	43	115	40	22	62	43	36	103	6	97	80	60	28	85	8	62	17	118	80	8	54	10	46	18	18	79	93	109	60	28	33	38	9	29	64	75	9	7	87	114	25	49	112	45	40	111	103	14	54	49	115	104	68	90	93	66	76	48	6	92	117	108	25	105	68	112	71	109	34	97	33	75	67	57	2	67	59	18	44	23	86	68	31	112	51	90	58	64	36	92	90	102	100	41	84	66	114	81	41	78	5	51	51	42	33	92	115	96	62	96	88	62	5	117	96	77	9	7	115	111	81	40	75	79	39	111	97	95	110	82	89	101	28	78	27	26	49	95	73	103	77	86	38	113	3	94	29	16	5	32	21	109	57	65	26	40	96	78	8	43	87	112	115	119	96	17	71	64	80	31	16	74	50	3	75	61	0	25	100	9	116	93	34	105	73	57	10	84	51	80	48	84	46	38	22	56	39	35	106	33	42	102	101	64	108	42	6	85	10	2	86	9	45	101	105	0	100	96	36	108	60	67	91	75	73	93	27	52	100	6	70	15	87	4	76	4	30	30	110	55	66	96	60	64	19	15	34	61	97	98	61	45	59	76	118	3	77	25	43	89	11	21	28	72	102	64	7	8	113	85	46	79	28	112	69	119	97	41	106	5	56	104	12	17	117	102	112	101	17	62	37	59	80	48	9	117	82	75	38	89	73	90	78	12	4	5	62	53	91	58	60	47	36	38	77	45	7	64	110	83	93	88	37	63	86	50	47	22	25	9	82	26	46	69	113	115	101	77	73	9	103	58	16	92	95	15	90	55	37	16	34	91	5	23	61	6	86	108	34	83	116	116	108	75	43	52	41	62	26	78	64	96	57	105	62	66	114	65	74	93	33	12	103	114	102	112	81	84	65	25	51	94	48	119	94	82	118	75	36	74	13	10	23	33	35	89	49	50	108	88	83	100	79	74	106	99	82	118	17	118	102	119	117	8	16	42	18	87	99	40	73	98	55	113	101	93	45	40	108	52	117	27	12	109	100	46	17	117	71	70	17	64	59	0	15	17	110	12	74	102	57	113	113	95	86	86	8	97	43	77	33	93	56	68	27	110	59	37	82	15	64	52	43	40	113	3	74	110	53	69	55	65	79	4	61	0	95	28	66	2	71	21	53	117	72	8	49	102	84	106	73	16	112	116	61	5	115	83	111	1	13	115	45	94	68	8	84	68	95	23	24	46	58	38	118	29	2	33	12	49	45	105	93	58	76	1	4	89	26	82	82	60	116	82	57	87	119	40	27	54	111	45	83	102	18	0	67	93	33	36	54	36	68	92	1	68	70	48	99	98	60	
51	48	70	39	35	51	119	113	41	113	84	3	17	80	10	85	105	83	55	33	13	57	79	23	28	117	87	65	1	117	61	63	74	103	60	28	100	14	115	45	99	17	15	64	94	75	51	33	80	51	30	46	62	5	76	76	47	21	91	47	102	66	78	52	58	55	92	17	101	43	97	74	87	41	107	117	115	24	77	111	8	60	86	92	105	81	18	90	115	54	50	45	9	9	98	101	31	13	3	79	18	47	39	83	84	64	117	27	93	89	0	64	48	19	104	81	84	119	7	106	26	53	68	49	109	112	106	113	36	40	9	59	65	102	114	71	92	50	46	62	112	79	6	34	12	4	108	100	57	116	0	20	82	6	115	59	86	5	94	11	30	16	27	4	61	105	74	64	74	66	44	95	79	2	98	66	93	11	45	83	36	78	94	3	110	60	23	50	76	94	24	33	30	109	18	26	6	106	111	53	37	22	62	108	11	18	98	31	75	111	107	16	43	61	10	23	7	31	112	21	102	61	103	28	58	7	62	109	52	24	72	16	117	95	62	94	37	63	103	33	93	87	29	9	96	114	58	80	37	71	102	78	46	72	26	117	4	110	112	117	87	35	23	71	97	94	2	37	59	57	65	56	37	5	109	48	90	35	80	38	88	4	73	84	67	57	3	42	18	115	6	50	7	58	43	76	107	65	76	81	75	6	8	47	47	51	75	52	30	98	75	79	13	97	61	59	49	59	23	45	14	95	94	84	99	25	14	3	99	54	28	7	68	12	37	14	27	118	119	85	45	34	23	25	79	70	80	70	54	110	89	105	23	47	71	97	54	38	54	73	34	72	67	55	94	83	44	23	113	74	93	95	14	36	3	19	91	68	12	98	109	57	68	38	112	111	113	103	3	60	71	32	114	115	20	23	89	99	27	104	15	7	20	113	15	94	33	103	119	84	105	63	68	102	96	13	107	33	100	30	9	58	81	40	67	31	13	56	13	20	12	67	30	29	19	77	105	57	112	76	100	84	7	4	101	107	62	60	79	28	56	30	16	18	85	18	76	52	63	91	58	86	117	63	6	108	100	10	116	29	24	90	115	54	86	83	46	66	100	108	99	71	102	24	111	27	105	116	79	26	51	38	48	17	112	19	7	117	46	72	8	115	0	73	114	88	118	91	96	65	91	69	1	36	4	58	112	85	22	23	51	57	119	59	47	45	11	89	89	1	106	91	95	2	83	87	33	54	21	23	43	22	65	99	40	26	71	20	64	84	10	74	93	52	89	56	47	84	46	22	47	52	106	70	63	46	69	79	63	27	42	3	0	91	64	100	91	112	17	16	90	12	66	99	90	32	15	114	75	28	67	16	40	103	34	67	56	54	89	111	119	76	118	99	73	104	46	90	109	118	117	10	31	115	57	72	20	53	70	104	48	55	97	57	90	104	1	118	94	37	0	62	51	21	68	82	56	44	118	105	40	86	92	93	22	69	55	108	118	91	102	37	54	4	41	99	84	77	67	85	100	35	26	38	99	36	34	60	94	77	1	68	98	33	36	75	76	104	63	45	18	60	0	73	119	28	75	2	42	68	87	71	39	58	30	43	89	119	4	94	35	14	5	61	113	97	117	5	42	56	116	55	82	70	25	92	50	98	23	69	89	106	44	33	45	113	39	54	114	72	75	47	10	4	7	68	95	81	32	13	118	57	76	4	80	109	3	103	110	2	118	73	91	81	7	65	95	48	73	55	33	65	117	9	87	55	116	40	95	50	20	48	41	32	4	65	38	51	89	112	43	40	18	38	2	115	112	38	109	27	72	50	74	78	80	103	4	82	69	15	43	11	90	76	6	23	76	66	81	102	117	82	2	31	68	26	57	91	91	70	89	46	21	109	117	75	41	26	90	24	53	12	65	20	1	104	98	33	94	67	45	29	60	23	109	70	86	42	98	8	89	81	36	58	26	50	86	15	30	26	61	30	58	85	49	66	116	99	30	19	116	9	94	101	104	90	37	24	22	53	51	23	99	58	56	113	59	4	101	96	39	109	8	119	72	110	23	71	91	116	78	62	41	107	71	64	15	115	70	41	21	44	107	15	119	49	31	46	101	13	47	79	91	54	81	52	55	55	118	39	5	100	13	48	36	22	59	91	30	44	109	101	46	114	104	15	18	46	3	9	2	103	70	21	102	88	80	99	108	19	49	30	76	96	83	52	66	13	34	17	61	5	95	84	47	110	81	71	107	34	91	17	43	87	56	73	66	116	56	108	23	61	70	16	47	9	89	40	75	40	75	61	59	79	62	17	73	65	63	107	107	2	70	68	36	10	66	80	91	65	49	109	95	29	80	76	5	5	59	51	22	74	48	89	84	110	80	37	37	85	54	46	66	105	26	17	32	12	98	93	45	99	96	32	54	33	54	14	50	4	11	101	94	84	50	89	55	95	25	5	39	39	22	119	17	89	15	94	62	71	119	7	78	11	11	117	62	46	23	33	90	47	41	84	52	101	107	22	104	54	20	97	68	111	83	93	23	34	45	40	72	41	1	78	44	60	15	56	50	48	6	103	65	104	47	55	74	114	37	115	2	108	46	100	92	117	103	75	1	99	9	14	74	65	113	95	115	12	71	28	1	48	61	13	10	74	15	68	116	95	47	2	86	9	14	57	52	104	2	106	116	98	98	93	74	40	108	24	106	0	47	102	17	33	34	23	65	74	19	100	14	95	13	103	55	6	84	99	33	101	88	9	21	34	93	95	116	108	65	19	99	66	33	15	70	1	13	80	84	71	110	111	18	12	115	71	86	16	65	55	50	84	9	65	17	72	71	91	105	15	79	8	46	84	62	53	113	62	67	108	101	10	19	72	10	36	96	80	41	84	106	34	65	35	60	54	5	77	71	25	8	97	10	69	16	119	80	69	64	31	29	27	92	39	60	25	34	119	23	50	39	23	70	51	97	115	115	118	64	46	98	100	115	20	2	31	66	50	74	61	13	1	32	46	77	6	99	33	106	104	30	28	83	23	95	101	2	53	25	117	42	21	113	104	52	63	61	85	47	43	57	2	75	17	24	69	57	36	16	106	21	7	112	61	16	71	55	19	53	72	73	41	71	54	98	102	101	64	66	20	6	25	22	54	40	101	70	95	27	114	21	29	57	114	91	27	119	82	16	88	41	40	44	74	25	85	35	13	97	87	4	24	106	54	10	92	86	10	45	85	97	112	74	77	6	108	65	104	73	8	43	45	49	12	3	104	45	92	77	66	48	19	8	49	109	78	87	30	86	32	69	10	93	38	59	49	37	66	88	106	3	97	11	52	47	95	83	0	118	103	6	45	84	46	7	96	31	100	111	97	81	30	49	37	112	56	24	17	113	81	69	29	17	43	98	77	47	119	86	15	86	106	42	109	40	109	82	10	29	36	116	116	57	71	3	1	108	61	36	73	76	35	24	86	43	87	92	21	116	39	75	68	76	117	2	76	73	1	76	115	50	74	110	96	30	44	58	50	45	103	109	57	110	57	106	12	47	7	70	37	106	118	32	64	94	20	113	8	32	53	111	1	77	65	0	47	86	27	51	22	66	103	61	56	17	32	91	7	45	10	28	84	46	22	16	84	85	54	0	79	34	94	53	52	14	73	10	42	34	81	107	42	86	86	77	82	33	14	78	64	63	83	5	29	2	66	112	93	3	28	64	88	74	73	37	61	51	16	104	2	74	96	30	103	95	32	43	118	10	104	72	103	91	4	92	114	10	32	22	11	21	109	75	2	23	28	38	82	51	13	10	106	97	98	5	117	90	25	82	7	60	0	11	88	75	108	11	112	86	26	118	35	86	95	45	33	94	29	16	3	96	67	19	15	22	24	49	75	90	52	77	61	10	37	119	87	28	102	9	6	8	4	11	0	78	8	5	2	41	66	2	60	71	118	56	22	2	40	14	84	33	99	74	7	71	118	27	29	2	111	64	81	89	76	73	98	45	88	6	112	53	85	98	17	7	116	12	89	73	41	80	97	109	70	100	113	30	68	77	12	103	100	36	83	40	68	62	38	24	110	28	71	16	72	98	30	38	37	111	29	95	32	3	10	35	88	58	10	6	107	60	78	78	48	78	17	73	97	33	35	67	50	4	80	64	11	111	34	91	64	0	37	31	108	79	101	111	37	31	43	67	92	19	85	67	10	8	79	103	50	87	108	26	57	14	2	111	106	119	47	11	118	23	79	43	49	38	1	101	58	75	74	101	78	19	93	117	18	36	96	13	34	97	50	38	42	23	8	29	103	0	38	68	35	102	8	93	30	41	57	17	119	38	4	35	115	94	42	119	62	81	26	87	117	93	69	27	7	27	81	32	71	21	52	99	36	66	40	78	21	38	21	84	61	31	66	1	60	42	101	81	89	100	34	99	78	108	118	91	47	17	28	12	55	13	12	69	67	93	3	15	95	105	63	21	36	33	79	86	78	41	5	83	20	17	8	106	114	32	82	48	61	4	8	64	29	119	55	46	76	37	3	38	55	54	26	10	68	87	101	20	46	45	19	80	102	107	94	25	91	37	108	48	70	119	13	44	78	18	38	112	57	68	110	119	105	44	58	110	81	3	101	80	52	30	28	91	59	41	61	50	11	49	105	56	22	75	47	17	51	113	26	37	72	28	37	2	32	1	51	85	109	80	11	22	31	65	7	90	74	100	108	7	94	97	7	38	35	43	32	41	51	71	28	95	29	22	59	49	4	20	112	50	62	99	45	82	44	110	11	107	111	31	34	83	62	83	112	22	100	15	42	17	14	41	59	31	61	68	49	115	13	38	87	52	27	65	103	77	12	76	31	15	75	90	54	92	4	100	90	113	35	64	105	54	85	8	12	94	102	74	86	91	69	82	48	118	39	103	24	13	38	12	40	107	79	32	26	28	24	40	60	94	75	88	72	19	9	101	86	13	56	42	7	75	13	60	29	7	75	79	113	58	23	60	51	92	58	90	88	78	108	70	74	73	40	72	81	85	47	52	1	104	23	39	38	41	84	51	112	110	114	32	36	44	119	119	24	33	47	14	89	102	77	27	66	67	99	56	1	31	85	22	7	84	53	45	54	66	92	48	117	87	11	65	15	13	1	52	88	8	74	52	86	60	62	113	81	35	0	108	97	48	90	94	17	86	82	14	78	28	15	10	7	102	16	81	38	35	88	37	68	27	118	40	52	118	55	109	59	78	75	52	34	40	58	118	33	100	36	85	118	63	13	35	100	8	11	103	4	10	63	15	60	83	59	30	103	43	29	118	13	116	61	20	85	94	101	48	110	118	19	31	84	115	50	94	104	78	102	63	33	117	62	71	7	35	59	16	27	106	15	49	55	58	86	77	91	29	107	37	74	15	104	12	87	68	23	83	91	60	30	20	0	92	18	46	23	47	80	106	27	94	10	90	46	65	7	86	11	0	118	111	38	20	109	109	51	43	19	105	107	74	4	4	78	62	7	86	106	10	19	81	52	108	40	63	90	16	3	118	61	80	1	116	17	21	13	88	84	81	16	20	84	114	107	118	52	58	7	47	103	77	9	103	34	18	70	19	69	109	67	73	60	38	41	52	65	90	45	29	75	114	0	97	64	11	33	51	40	18	15	41	46	54	105	12	44	93	11	80	66	84	59	66	0	113	2	89	23	80	86	62	35	27	103	8	76	9	39	43	95	43	41	105	66	89	98	15	95	48	48	80	100	0	112	45	85	18	87	57	114	40	8	27	48	103	79	83	8	89	105	43	12	46	26	1	45	54	117	26	66	23	100	5	16	95	109	36	110	117	19	77	87	83	102	115	9	7	19	10	49	75	28	4	42	35	19	4	101	84	87	87	87	60	117	100	61	84	0	97	106	67	16	24	17	75	62	32	5	82	59	68	99	49	9	104	64	108	57	95	4	17	110	72	92	44	49	41	56	100	51	22	104	85	27	58	115	2	115	91	15	75	68	102	110	55	7	47	74	55	60	0	15	79	69	72	20	11	22	62	53	115	74	19	35	61	1	32	117	36	8	95	55	32	96	59	62	90	90	88	87	53	108	52	84	94	119	83	50	18	112	71	113	78	53	98	14	74	116	44	118	9	70	77	117	101	110	28	65	43	75	97	70	36	77	30	66	93	29	58	113	26	47	99	48	26	94	88	51	49	101	115	101	114	49	118	115	82	68	81	105	65	7	13	32	68	92	72	66	49	14	17	60	79	13	84	83	13	64	99	21	48	7	58	84	16	13	74	104	95	89	39	56	81	2	93	116	91	112	54	54	64	68	88	19	96	37	89	7	114	116	49	69	91	1	2	119	87	36	96	64	65	59	117	96	53	41	86	76	110	22	70	30	117	67	78	108	109	5	94	26	115	16	8	14	109	60	37	81	38	91	2	39	17	47	13	119	21	19	28	94	112	48	45	25	14	10	118	67	4	38	66	40	10	53	47	14	104	9	54	51	32	77	67	57	1	76	87	92	29	63	32	84	66	25	37	48	93	55	29	105	53	33	96	109	80	16	41	40	52	32	56	97	63	47	94	114	67	19	65	44	70	23	20	16	105	46	6	83	22	49	81	2	112	114	19	83	5	41	24	108	117	54	2	3	52	98	36	67	113	48	52	101	84	51	90	15	66	33	20	25	5	90	70	30	67	77	5	103	72	20	51	63	67	112	47	37	101	17	72	117	46	102	105	109	16	44	58	86	31	2	39	78	92	31	36	97	102	108	5	82	42	95	43	43	83	42	88	117	57	82	119	52	93	76	107	108	11	102	105	117	31	87	108	119	61	25	9	87	33	77	73	60	14	55	84	79	3	76	9	39	30	82	76	87	2	63	106	54	13	47	21	118	49	19	100	111	28	46	17	70	24	87	52	114	78	91	3	47	112	11	22	10	54	86	79	23	115	1	31	27	22	95	45	70	62	69	115	58	22	115	74	44	31	21	27	113	16	3	98	51	57	116	71	88	41	111	0	31	112	89	58	29	27	34	71	28	44	117	28	24	66	116	98	45	86	41	81	104	35	68	50	119	49	73	68	100	76	60	88	63	62	11	41	39	63	115	81	102	96	112	24	33	1	9	0	94	51	108	37	94	115	30	80	35	29	93	56	61	83	47	3	0	103	65	116	48	61	1	59	70	75	18	21	50	17	85	44	53	77	112	97	71	53	76	28	110	73	112	3	90	100	82	43	90	46	64	2	82	34	1	57	3	24	90	105	46	111	74	98	25	62	80	10	111	119	19	23	105	54	101	4	0	118	72	52	95	39	7	51	29	61	37	8	41	72	70	83	14	45	22	25	107	40	63	96	18	87	53	29	17	18	8	53	7	62	50	70	34	48	9	16	26	89	60	18	21	109	15	109	71	83	65	90	75	116	54	35	16	25	80	4	85	98	68	62	43	102	108	59	93	88	118	51	58	96	8	55	89	68	75	93	48	47	28	2	58	57	46	15	7	39	8	92	50	63	95	29	73	111	38	38	112	23	63	116	17	93	12	104	33	21	112	46	108	69	23	41	92	3	16	51	78	15	57	77	98	26	96	77	0	10	0	55	64	37	116	96	83	70	42	35	60	61	117	49	37	95	1	78	55	82	5	26	102	20	108	46	42	32	115	66	104	37	102	39	6	2	36	92	65	82	11	13	39	9	75	103	79	108	15	86	6	79	15	25	48	116	115	50	51	33	74	77	20	19	42	71	112	38	103	93	87	2	75	96	30	19	48	76	17	108	33	71	64	57	93	17	119	99	31	89	25	28	86	20	22	40	44	17	60	82	40	105	100	64	11	27	51	96	7	62	117	37	95	105	15	46	38	70	10	38	64	66	19	6	4	33	51	96	104	46	84	48	11	93	73	70	72	28	20	34	119	60	5	25	105	23	30	45	26	47	54	35	25	88	117	48	67	107	40	101	3	60	2	78	32	35	25	78	25	16	44	117	111	110	119	81	107	99	59	12	53	57	95	47	62	9	74	94	12	69	97	32	110	76	22	57	97	55	0	97	1	24	71	96	97	107	45	106	117	62	64	17	103	110	28	71	39	117	100	30	58	101	25	42	81	89	62	74	114	65	12	91	65	104	52	104	63	30	8	17	80	46	4	29	79	16	86	47	24	100	112	81	8	87	62	105	118	25	58	56	94	62	44	116	112	0	110	30	36	116	84	39	37	112	90	70	112	105	32	0	61	53	85	77	98	118	87	106	106	118	5	108	52	64	58	55	95	78	98	68	35	29	88	56	73	24	37	4	101	77	28	62	38	45	87	22	89	49	24	110	102	57	50	58	20	11	18	29	61	92	37	63	73	111	64	79	23	45	118	10	13	108	76	80	5	86	40	30	24	54	37	104	49	18	6	9	46	0	108	90	39	97	68	29	9	51	28	88	22	56	63	5	50	77	50	43	11	119	59	100	44	62	99	1	51	26	105	84	92	44	62	7	49	72	58	57	33	72	31	23	100	39	37	102	117	11	9	54	0	93	110	35	73	52	115	87	89	48	3	44	105	25	109	8	65	9	71	112	5	78	48	66	80	49	1	27	89	51	79	59	8	72	116	81	84	84	55	7	54	72	102	52	33	71	100	74	63	101	37	86	92	26	101	43	61	1	3	44	107	36	14	106	56	79	76	48	91	113	105	50	99	70	4	63	68	52	44	62	100	12	81	69	115	67	105	85	78	72	80	48	110	112	6	69	108	50	18	8	16	55	55	45	5	58	103	85	20	109	88	9	72	24	43	102	33	85	50	61	3	58	9	32	107	113	51	118	54	12	111	81	103	29	9	64	98	44	82	23	15	41	107	60	95	5	12	22	3	107	76	52	3	5	85	87	68	5	62	46	92	119	7	70	5	68	22	60	107	14	58	7	19	21	102	7	67	90	42	26	12	46	22	55	62	79	28	31	13	51	37	36	80	16	56	67	106	61	117	55	109	40	71	44	85	62	35	83	46	39	4	63	83	79	85	113	30	23	52	111	90	76	52	20	9	106	113	2	15	95	43	98	76	18	74	14	1	11	11	41	56	69	92	97	103	97	78	59	112	26	17	9	105	42	40	11	69	70	30	94	15	92	11	117	53	48	68	69	19	86	18	27	44	20	60	49	78	43	20	50	29	59	13	22	98	113	58	69	46	104	34	46	41	28	11	58	69	119	64	77	102	119	100	62	26	30	55	33	95	26	86	2	70	17	93	67	108	71	70	93	71	65	77	118	83	53	48	102	19	68	38	37	68	102	52	95	24	26	75	91	86	104	38	83	110	28	7	17	8	90	107	45	99	30	59	50	91	21	49	54	78	104	74	25	56	76	31	76	42	6	25	43	86	56	89	82	108	46	11	80	27	89	54	79	13	11	92	114	18	13	52	15	63	24	9	88	20	58	86	114	24	13	94	64	105	89	106	105	48	117	10	58	72	97	11	42	40	48	106	80	114	28	46	52	80	85	5	93	70	80	51	18	40	97	112	74	9	66	92	107	19	88	61	10	38	7	25	90	5	13	85	69	42	62	53	85	108	113	94	85	32	86	60	93	64	67	19	34	39	67	19	21	61	52	118	68	44	24	43	59	88	104	21	67	74	53	72	8	107	0	68	119	101	47	99	35	24	20	118	86	11	50	99	112	17	89	0	89	2	62	74	96	63	36	48	39	51	51	55	39	63	15	96	25	14	101	6	85	94	115	0	25	2	95	0	39	44	75	56	61	73	14	28	92	19	57	13	106	60	105	14	111	42	98	24	8	19	13	58	13	17	20	65	89	61	34	75	62	112	48	37	17	81	91	9	110	4	45	119	88	53	87	45	63	17	67	30	23	39	77	55	112	72	79	63	28	109	116	75	55	6	2	114	47	19	25	61	52	63	116	86	30	113	28	70	109	52	91	23	76	8	16	36	66	41	23	73	63	40	1	12	58	23	38	99	71	111	55	112	90	86	61	80	25	55	66	111	34	102	111	67	38	45	78	6	107	75	100	21	84	23	80	90	17	42	31	106	97	54	80	91	18	74	76	13	80	7	31	101	51	63	104	19	85	105	117	0	110	47	77	77	96	106	34	85	50	58	116	41	2	40	104	103	12	55	111	19	26	63	22	118	42	103	78	99	21	104	100	53	30	71	78	50	119	59	25	78	105	103	4	19	119	9	88	13	19	68	68	48	39	51	34	72	12	50	57	62	24	93	45	66	63	68	74	66	85	10	106	94	113	58	105	23	28	83	64	27	88	32	46	22	85	105	69	117	75	105	96	57	10	80	69	76	49	61	110	53	117	11	64	27	65	54	85	31	38	55	62	15	10	103	68	36	93	77	33	50	39	46	53	29	104	87	62	117	11	119	0	37	48	72	7	65	68	20	40	39	69	15	101	90	57	88	102	67	55	102	89	56	16	7	32	11	78	63	39	25	104	55	70	47	107	65	48	57	66	25	1	60	82	40	115	82	30	117	82	115	80	34	20	37	77	29	13	61	36	29	7	92	95	111	102	43	48	98	1	97	31	40	119	117	78	7	105	32	7	21	41	106	80	92	64	81	110	40	115	79	56	2	55	33	40	81	39	90	96	114	104	118	25	69	25	75	105	54	117	7	116	33	53	16	104	109	51	4	47	45	69	104	25	107	70	96	50	42	40	104	32	27	69	32	46	95	47	110	23	34	48	62	95	6	115	19	13	76	38	17	58	46	109	43	76	22	71	76	98	95	7	66	17	9	63	100	112	1	4	57	30	30	25	78	77	35	15	109	75	51	49	117	67	25	40	40	98	47	22	71	97	45	53	116	72	47	54	113	60	88	72	100	73	64	82	58	52	69	74	81	34	34	107	34	75	83	15	11	29	100	99	58	55	96	14	106	82	96	12	89	105	1	8	81	6	102	38	10	33	51	14	33	105	113	111	55	116	32	49	36	102	23	36	108	70	17	99	27	89	59	110	97	47	105	40	14	102	17	51	40	108	21	60	46	65	98	68	48	39	31	85	30	106	42	88	65	17	102	24	55	118	75	32	3	13	72	44	20	61	110	59	74	96	20	2	82	69	21	50	114	100	28	26	24	84	86	117	25	74	15	113	77	6	67	36	33	116	80	5	54	103	89	106	12	37	73	81	5	109	27	54	24	30	84	88	20	77	68	80	100	98	63	4	40	53	94	26	59	69	96	79	10	26	75	118	74	99	92	105	59	103	14	71	35	94	83	30	40	39	27	52	72	67	8	25	23	79	92	19	31	28	110	33	42	117	1	18	107	77	61	2	108	90	10	65	94	107	74	64	66	58	99	90	116	68	38	100	76	20	103	96	52	98	0	72	65	49	58	74	74	49	78	30	26	60	27	43	109	108	24	10	117	33	41	18	42	42	116	7	10	74	34	68	79	42	111	78	105	52	94	63	11	40	103	19	101	14	70	45	81	46	4	3	82	29	107	114	37	67	26	107	104	91	49	39	3	30	2	117	86	99	76	72	16	84	61	101	64	61	54	47	97	86	20	78	39	64	51	65	58	43	13	35	74	5	81	96	2	48	100	28	29	14	105	19	94	65	67	115	87	51	18	88	72	68	80	62	103	19	66	33	28	112	99	86	85	108	42	31	89	25	92	52	80	4	56	3	57	45	19	3	45	87	59	74	36	106	33	85	37	24	101	31	89	68	118	116	19	8	107	13	6	41	100	62	66	31	53	49	37	71	91	16	20	68	48	83	34	25	62	18	95	83	33	41	39	42	22	115	82	16	96	117	116	99	104	42	87	87	72	28	37	99	47	34	15	11	109	2	99	59	60	71	36	116	29	21	60	64	85	66	94	101	41	26	101	37	85	11	33	2	57	73	84	16	94	76	61	40	19	23	99	78	72	107	64	99	93	48	61	67	52	34	74	46	92	87	112	25	100	40	37	44	16	90	56	0	46	4	71	53	101	48	85	41	88	77	10	115	27	14	17	109	30	19	53	69	89	1	100	72	66	107	97	6	33	87	80	69	92	83	62	103	23	11	21	9	29	13	29	24	42	56	42	76	106	95	40	88	87	27	95	51	116	5	46	61	107	32	32	37	96	119	70	81	118	87	94	83	71	92	99	81	3	58	74	0	108	24	27	42	15	45	89	18	23	31	38	105	43	2	3	26	93	107	14	106	111	10	21	36	80	108	30	64	116	85	108	20	69	93	28	68	24	52	47	84	47	97	47	10	113	78	2	97	69	19	4	16	40	9	88	28	114	93	116	16	61	28	76	1	22	38	72	65	62	42	117	110	54	41	75	38	113	7	46	110	14	16	84	8	100	95	72	9	34	96	57	76	77	40	36	34	46	45	47	93	74	108	83	75	89	116	41	73	36	108	115	12	112	98	60	36	77	27	0	106	34	63	90	98	27	91	29	106	36	78	107	41	37	33	43	34	72	47	63	80	89	103	62	39	93	47	60	22	47	82	109	96	9	71	37	50	117	38	73	59	4	30	30	0	76	69	1	99	40	34	67	12	50	25	61	41	111	55	115	33	29	36	32	106	44	47	106	34	44	7	62	20	40	44	72	76	79	118	83	25	50	42	5	11	49	93	49	71	21	77	30	28	21	47	4	23	41	33	119	67	78	12	25	119	49	0	29	89	75	23	9	60	97	41	8	23	19	65	108	106	89	55	107	86	116	44	1	95	15	16	81	95	113	4	30	41	59	39	70	86	90	62	119	32	70	99	60	85	51	82	73	59	92	53	86	37	109	36	113	65	19	83	110	30	117	42	34	11	78	116	10	33	77	53	74	86	37	39	20	11	45	99	65	60	49	7	28	73	3	76	82	53	71	24	82	33	117	71	68	43	95	110	27	97	81	70	22	72	28	1	87	12	20	98	40	30	53	20	114	5	19	31	72	101	91	99	104	69	104	119	69	73	52	105	85	45	42	86	80	9	70	113	95	79	96	25	62	106	37	0	97	35	57	78	111	9	3	58	36	52	9	28	115	60	107	85	69	85	77	83	13	59	75	61	111	29	53	64	67	72	43	49	109	71	19	89	53	73	67	36	10	64	43	45	119	39	1	95	106	31	70	42	56	111	41	116	98	85	15	73	89	26	81	59	113	110	18	41	16	8	99	31	113	67	66	50	30	53	89	31	55	30	22	12	64	106	67	90	104	85	13	24	84	9	18	49	31	116	50	67	47	118	14	23	93	86	56	50	62	47	41	45	69	33	37	33	76	5	13	12	107	53	27	80	55	98	81	101	101	107	32	12	116	78	48	1	68	3	38	61	77	73	27	51	79	52	108	88	119	112	45	97	27	115	92	18	102	33	93	42	95	23	39	116	106	20	69	46	64	30	6	31	54	106	95	2	80	28	31	69	25	23	62	92	40	70	10	64	3	29	71	9	108	62	82	114	45	30	32	27	39	69	41	112	72	61	118	24	107	116	111	62	16	0	80	60	47	73	95	83	4	18	50	3	89	12	72	39	27	34	0	53	44	41	119	44	78	99	32	50	52	109	56	91	25	101	20	44	44	67	118	90	115	28	112	24	109	17	83	29	104	31	80	51	19	69	46	61	27	119	53	3	64	79	98	32	48	31	109	43	38	50	6	10	74	116	32	107	30	84	48	26	41	2	84	58	105	114	108	83	97	39	119	42	104	46	57	91	107	24	77	93	14	45	54	116	43	113	114	113	41	12	49	84	106	57	3	82	107	102	52	73	85	39	69	44	2	91	33	15	55	106	81	41	17	80	45	17	47	94	119	20	89	66	61	40	33	33	72	51	31	22	32	60	88	5	38	50	104	67	22	56	104	37	51	57	69	33	89	114	17	118	99	19	97	14	53	65	3	84	72	88	98	32	29	79	109	34	103	49	47	34	30	15	115	93	97	104	81	21	42	55	71	28	42	37	89	6	108	53	10	18	105	19	63	98	67	3	84	9	64	103	110	55	5	112	55	60	81	101	35	101	37	21	8	15	64	28	3	74	114	73	90	101	67	35	95	23	39	73	114	79	34	35	9	21	33	52	108	101	47	117	112	46	107	48	19	62	45	57	55	70	50	66	14	42	39	89	80	50	14	100	115	43	29	104	5	9	47	66	47	101	62	6	8	9	81	105	51	55	99	63	88	26	1	41	60	89	57	32	103	40	17	38	67	101	74	81	36	47	87	57	39	51	55	81	89	26	48	71	45	9	70	14	55	76	96	60	103	61	99	57	16	87	1	9	97	119	81	27	56	51	93	2	40	25	10	54	85	4	17	114	73	47	7	1	28	8	33	89	70	42	116	110	21	117	47	40	86	53	62	8	79	111	12	109	63	47	111	109	64	29	25	0	53	34	34	46	37	87	108	112	58	70	55	115	51	50	48	50	11	35	59	103	11	68	78	77	112	15	56	50	1	100	42	111	45	90	71	106	8	38	18	74	101	35	115	60	43	27	98	52	80	92	81	102	19	94	78	79	92	61	39	61	86	109	16	115	69	39	56	96	106	4	12	65	56	55	118	3	26	114	91	37	66	111	70	104	65	100	2	45	9	13	8	44	50	97	104	78	59	102	40	16	57	4	85	23	92	81	93	67	33	33	76	71	33	30	59	76	94	49	118	2	49	7	27	58	17	46	13	42	97	101	51	7	40	73	1	16	11	
7	13	2	18	6	15	6	17	12	12	12	15	5	13	2	5	6	19	13	8	1	18	2	1	14	8	2	18	19	17	10	19	16	20	3	5	15	16	13	1	12	10	15	8	17	17	1	20	14	8	15	1	20	16	20	8	13	20	4	10	2	11	7	20	11	7	8	20	9	17	14	18	10	17	3	11	18	1	17	8	3	6	11	3	17	20	15	3	13	9	3	6	7	11	11	14	10	15	19	15	4	10	17	9	15	12	2	13	16	8	12	17	3	9	14	1	6	13	7	10	18	9	3	2	3	14	14	5	15	9	8	17	7	14	15	14	15	8	1	9	13	3	4	20	5	3	19	7	9	10	1	16	2	13	2	19	12	13	3	13	9	3	13	12	10	12	17	20	3	17	9	7	18	2	17	17	7	18	5	15	9	12	16	19	15	11	6	5	18	2	20	18	4	3	20	16	2	11	9	15	20	3	14	9	16	15	7	2	11	14	16	20	5	4	20	6	4	9	16	4	1	3	11	16	12	3	15	9	19	19	18	20	7	18	8	17	8	1	18	13	16	3	5	1	7	8	18	3	15	12	10	8	1	10	2	3	9	13	20	16	5	19	8	9	10	13	19	5	8	4	6	20	1	1	18	8	18	17	12	1	3	13	13	1	18	5	7	11	7	16	2	15	4	5	10	11	2	2	18	2	4	11	17	11	5	14	8	6	3	9	13	5	11	16	9	4	7	12	4	13	2	7	20	18	6	12	9	1	9	15	1	18	14	2	1	17	12	4	1	2	11	17	7	19	4	19	3	17	8	18	7	9	4	19	19	16	13	15	9	3	12	12	6	18	18	6	2	7	17	15	15	7	20	15	1	15	9	3	6	16	18	4	18	18	15	4	3	4	12	15	6	13	20	11	11	19	7	7	12	19	18	11	5	13	10	5	12	8	20	16	6	19	9	12	19	4	10	2	16	16	17	12	8	8	13	2	13	5	1	6	15	7	4	19	17	12	17	16	20	5	12	14	14	19	17	4	8	19	3	18	2	6	6	10	14	16	7	7	9	3	7	13	7	20	7	5	13	16	5	5	6	4	8	17	16	9	15	2	15	15	1	2	18	4	9	17	14	5	14	16	1	11	19	13	20	15	4	12	11	17	18	2	8	12	18	5	19	19	1	9	10	12	4	15	14	12	12	9	19	12	14	7	15	8	12	18	2	18	17	19	9	12	16	4	15	19	9	19	1	16	8	13	5	11	3	5	19	10	15	2	16	14	8	11	13	19	17	11	3	10	9	9	16	1	6	20	16	20	20	11	9	9	6	5	2	1	15	17	10	8	2	6	16	11	20	9	15	13	2	9	11	8	17	9	15	12	2	7	2	7	1	9	12	1	20	6	14	7	19	8	5	11	20	20	10	5	16	7	19	19	16	6	20	14	20	6	18	5	10	16	6	8	6	8	16	6	9	6	10	8	2	16	20	12	2	12	2	17	15	18	17	5	8	12	10	12	8	10	18	17	16	14	1	1	4	1	1	15	9	11	8	1	8	13	13	4	3	6	9	10	14	5	15	14	2	19	14	11	13	14	13	12	19	6	7	4	5	9	2	5	16	11	9	15	2	15	1	3	10	13	12	8	2	5	14	7	12	10	2	8	11	8	2	9	5	12	7	8	15	15	2	3	1	3	1	3	2	8	4	11	2	15	5	14	8	3	2	14	3	6	3	6	9	10	5	6	1	10	10	6	11	11	5	11	8	15	6	15	9	14	1	15	7	15	2	6	4	1	15	4	11	8	7	8	9	11	15	16	6	14	15	12	7	10	4	6	6	6	4	7	2	11	3	8	1	12	1	15	12	15	6	8	16	4	3	9	1	15	10	14	11	3	3	2	14	15	7	14	13	4	7	9	3	4	6	1	3	14	7	3	2	1	7	1	6	11	7	7	16	5	11	9	5	16	5	1	13	5	8	8	7	9	8	12	4	14	14	10	12	12	6	15	1	13	11	2	6	13	14	6	8	3	14	16	4	2	1	1	9	16	2	3	16	13	12	12	8	12	8	9	15	15	11	9	1	15	1	4	14	7	15	12	6	11	9	1	9	6	1	8	3	9	12	2	8	10	1	15	15	13	5	5	5	9	4	10	9	3	13	8	7	2	5	3	10	6	1	8	7	15	12	13	1	6	7	6	3	5	11	15	11	4	13	12	5	3	5	14	16	4	4	3	16	8	12	3	3	13	12	5	3	14	13	1	1	13	1	15	9	1	12	4	3	15	9	4	12	4	5	4	3	7	11	3	10	12	10	12	1	9	11	13	15	4	10	13	6	3	12	16	3	6	11	15	10	7	7	9	12	2	4	14	11	16	2	9	14	16	2	9	2	6	3	8	13	9	12	7	5	2	16	15	8	4	16	3	14	11	8	4	2	12	4	5	11	8	3	4	7	5	7	13	13	7	9	7	8	2	8	9	10	1	8	8	11	5	16	3	12	8	4	2	1	8	12	1	5	5	15	12	12	16	4	2	2	4	15	15	4	8	9	12	8	7	7	3	6	13	11	10	9	11	7	11	4	10	16	16	1	13	16	13	14	7	9	9	4	2	7	11	10	10	6	4	10	3	16	8	11	6	12	4	13	12	12	1	4	13	5	1	12	10	12	12	14	6	13	1	9	12	3	2	16	1	8	1	6	3	13	4	1	11	16	15	7	14	11	5	1	8	8	15	14	8	10	15	4	9	15	2	7	1	1	15	9	3	14	14	12	9	6	5	12	9	1	8	1	12	12	8	12	2	16	9	7	10	2	14	3	15	2	5	3	2	4	15	4	5	4	12	12	16	3	14	15	3	8	9	5	12	10	5	5	9	3	11	3	15	12	3	6	7	2	15	13	11	1	14	15	7	11	13	3	13	4	2	10	8	14	4	12	9	11	9	5	7	3	14	9	8	10	7	10	11	2	9	14	5	6	11	12	13	8	10	1	3	13	6	6	7	14	8	11	15	12	15	16	1	12	6	8	12	2	5	9	13	6	6	13	2	7	10	14	1	6	1	16	3	9	16	8	2	9	16	8	3	2	7	2	6	15	6	4	12	13	12	3	4	12	2	8	6	2	3	7	6	15	9	11	1	11	7	14	9	3	13	10	7	16	14	16	4	14	1	10	7	13	16	8	6	1	11	16	16	10	8	8	5	2	10	15	7	15	6	9	2	5	9	7	7	7	8	16	6	6	6	6	9	6	14	15	8	2	14	10	7	16	12	13	1	11	15	3	12	1	2	7	10	6	13	6	3	4	5	4	13	10	10	11	12	15	1	7	13	15	3	9	9	15	4	7	7	2	12	1	5	11	8	15	9	6	4	12	5	12	10	12	5	5	14	2	6	4	12	6	7	13	16	11	12	6	6	8	6	5	14	12	16	1	1	7	4	14	10	9	1	16	6	16	10	4	9	15	4	4	10	15	9	12	7	4	1	2	6	10	12	4	1	9	8	6	1	15	12	1	11	4	9	16	2	9	1	10	9	1	11	7	11	2	3	5	14	4	2	9	15	4	15	3	7	15	16	5	6	11	14	6	12	4	13	10	16	8	9	10	7	5	11	14	1	2	5	1	1	12	14	10	1	16	15	2	6	9	9	15	5	12	11	15	11	8	3	4	5	13	13	14	9	4	3	10	16	9	9	7	10	6	16	14	5	6	7	5	16	8	13	3	14	5	15	4	16	3	1	6	9	7	1	5	6	5	15	3	4	9	3	6	13	16	12	1	11	6	7	2	10	9	2	1	6	12	11	5	13	1	15	7	11	12	10	7	3	14	11	11	5	2	10	5	16	10	12	4	9	13	2	9	12	9	3	14	13	2	13	8	8	9	7	12	13	6	6	8	11	12	3	13	13	5	15	15	3	11	14	5	8	10	10	5	15	6	7	15	14	4	16	15	13	16	8	10	8	5	6	1	13	14	8	10	10	7	6	8	13	10	7	16	1	10	10	1	3	7	12	3	13	16	4	14	11	7	4	6	14	4	1	9	5	13	12	5	8	12	4	16	11	12	1	13	3	3	4	4	13	16	15	1	15	16	2	6	3	15	1	2	7	16	12	8	4	4	12	3	1	5	9	1	16	2	15	12	7	8	7	4	2	11	2	2	10	6	2	1	15	1	9	1	4	13	8	15	14	6	14	12	16	3	10	12	6	6	6	3	14	6	4	13	2	16	11	3	5	8	8	5	13	7	11	7	7	7	13	8	11	3	2	9	9	10	3	5	8	4	8	14	5	16	15	15	6	2	4	9	7	12	7	8	10	10	3	4	9	14	16	7	6	12	5	2	7	2	2	13	5	4	12	6	4	7	8	16	12	7	12	3	13	10	3	4	7	2	1	12	15	7	2	6	11	1	15	13	16	11	3	3	13	10	10	6	7	8	7	3	10	2	11	3	7	13	7	5	6	11	8	12	6	10	6	7	10	15	4	14	16	3	13	4	3	11	13	4	16	11	13	2	11	13	5	4	1	6	15	13	16	12	8	10	14	12	3	3	7	8	8	14	5	2	11	9	9	8	15	11	13	5	12	6	6	13	16	14	8	3	16	8	13	10	12	6	4	1	8	6	13	7	13	13	4	5	11	11	6	5	5	7	1	7	2	3	2	11	11	2	12	2	11	7	6	11	5	15	9	13	7	12	12	3	2	5	12	13	4	3	10	3	16	16	7	16	3	2	12	14	13	16	9	10	9	10	5	2	15	10	13	16	10	8	8	2	11	8	13	5	12	9	13	9	12	13	10	15	16	3	7	6	14	8	4	2	6	12	1	9	14	10	12	7	8	16	11	14	9	1	14	9	8	2	1	14	8	8	11	16	7	7	2	2	12	2	4	2	11	14	16	13	14	4	2	5	8	15	11	10	15	11	2	6	5	1	15	7	12	2	4	14	11	1	15	13	11	6	4	16	13	6	16	1	7	5	13	1	12	7	15	2	13	11	11	11	8	6	6	9	11	2	6	13	14	1	3	12	10	6	5	1	13	5	7	12	11	15	3	16	6	9	5	5	7	12	10	1	10	2	14	5	8	9	2	12	4	8	3	9	11	7	13	9	10	12	9	5	14	2	5	9	10	13	13	15	12	13	11	12	1	3	3	9	11	15	1	14	2	12	2	8	5	7	4	9	2	9	7	5	9	12	13	6	14	15	8	5	6	5	5	6	12	15	10	10	16	1	11	5	5	12	3	3	7	14	8	2	15	14	14	2	3	15	11	7	16	5	9	7	16	10	13	12	2	13	10	3	14	8	1	9	12	11	12	3	12	3	8	10	16	13	16	15	5	13	1	10	16	10	8	10	2	2	12	13	15	11	7	4	10	2	4	4	16	15	4	9	15	10	8	6	16	8	16	16	16	1	1	3	9	1	15	13	11	12	5	9	5	11	1	8	9	2	3	2	1	8	2	1	9	14	15	3	3	13	3	14	10	7	9	8	10	6	13	12	6	7	1	16	8	12	5	5	9	14	9	7	1	7	8	4	12	13	4	4	16	5	3	16	6	14	2	13	10	7	11	7	9	13	1	3	1	6	9	12	1	16	15	12	3	14	13	9	10	2	13	6	1	5	11	5	12	3	5	1	11	2	16	5	14	14	2	14	6	16	11	1	8	11	15	14	8	16	10	3	10	13	2	11	6	12	4	5	3	13	10	10	7	6	2	5	1	16	11	5	2	13	5	7	7	9	4	4	11	14	8	1	8	8	8	9	6	11	16	4	10	9	2	2	16	3	11	11	16	4	7	8	2	16	4	8	14	3	6	1	9	3	10	14	13	3	8	15	5	12	11	13	1	9	11	1	4	4	5	14	15	3	9	13	7	16	14	9	1	10	3	15	8	3	11	4	14	7	8	16	10	16	5	4	1	14	16	12	11	4	8	1	3	9	2	12	11	9	13	14	1	11	14	16	4	2	10	7	1	14	1	11	14	15	11	10	13	4	13	14	7	5	4	4	13	13	12	1	6	9	16	1	13	5	13	4	11	2	14	13	10	16	2	5	12	12	2	9	7	2	5	4	16	7	12	15	14	16	10	12	6	14	9	10	9	6	7	2	2	8	1	3	6	6	11	8	2	8	6	3	8	1	16	2	16	14	4	4	14	1	16	8	15	12	16	9	7	3	10	14	7	1	1	16	11	13	15	5	13	5	3	3	14	1	6	2	7	5	5	14	3	16	1	13	6	4	1	4	8	12	13	2	2	4	1	13	6	2	8	3	7	10	5	11	6	5	8	10	4	11	11	6	8	11	9	15	11	2	16	9	15	6	6	10	1	16	2	9	9	12	7	5	12	3	4	15	4	15	4	15	16	15	4	14	8	15	1	14	11	10	12	7	10	5	6	1	6	4	10	2	7	7	4	10	2	6	12	11	16	6	16	16	8	5	12	5	6	15	6	7	12	4	13	15	2	10	1	3	4	16	2	11	9	2	7	13	7	7	6	10	13	1	11	11	7	15	11	6	2	6	7	11	10	16	2	14	14	1	4	12	10	16	1	14	6	16	14	15	13	14	3	3	16	15	12	3	10	7	10	2	5	5	2	2	2	16	11	16	8	2	15	15	10	15	7	8	7	5	2	1	10	7	1	14	3	1	1	16	14	6	6	9	4	3	2	3	15	12	16	16	7	12	5	13	1	16	8	13	5	3	5	3	3	14	7	5	16	2	16	2	3	14	15	4	1	1	12	2	4	6	1	4	4	2	12	11	3	16	7	8	13	16	15	4	8	6	16	7	13	7	12	12	7	1	14	13	14	1	9	6	7	2	8	7	7	14	2	2	4	3	10	15	11	10	14	11	4	14	15	6	1	5	6	6	6	12	11	15	1	6	7	9	15	16	5	12	11	11	5	1	9	11	16	9	2	2	11	15	14	4	1	3	1	14	8	12	8	15	16	9	15	13	14	2	15	3	14	1	14	4	14	5	2	6	13	6	3	6	6	5	10	10	8	8	4	10	7	2	14	10	5	1	16	7	1	2	5	11	4	11	8	12	16	2	8	10	1	3	5	12	7	4	9	15	1	7	2	9	6	11	16	3	9	15	10	7	1	5	15	7	8	2	8	8	1	12	1	15	1	5	15	1	10	15	13	8	13	5	14	1	4	10	10	14	16	7	13	4	11	9	3	10	2	15	6	13	2	11	5	15	5	7	4	9	6	7	7	16	8	13	12	15	7	14	1	2	5	3	11	3	15	16	4	8	11	9	16	10	2	9	8	15	12	8	6	14	5	6	10	3	16	7	1	16	3	3	9	6	14	4	9	7	3	4	13	9	3	2	14	1	15	3	14	12	4	11	11	9	16	5	1	7	3	15	4	6	13	8	10	5	7	3	15	7	7	4	1	16	14	6	8	2	12	6	8	7	13	9	5	2	3	7	12	7	11	16	15	13	7	14	15	1	14	6	6	12	4	2	8	4	13	6	16	4	10	6	5	12	5	3	15	6	16	7	15	5	16	1	3	12	6	10	3	15	15	13	10	7	14	7	9	12	1	1	4	12	6	16	1	16	8	3	7	6	16	12	6	6	4	6	2	4	13	15	13	8	4	11	12	1	2	5	10	15	1	1	6	2	13	4	8	1	11	9	11	3	1	12	10	13	12	6	14	12	4	10	3	1	6	14	5	9	2	9	16	16	14	3	11	13	15	6	1	7	15	7	7	7	3	7	8	15	14	1	6	10	6	3	6	6	8	14	12	2	15	10	12	9	11	11	3	8	1	6	6	6	1	6	9	3	12	13	3	15	4	3	2	1	8	5	16	12	13	13	5	8	15	2	9	8	10	15	12	7	11	1	12	11	6	13	4	3	4	11	4	14	2	16	1	15	13	6	11	14	6	9	16	13	10	8	2	8	3	12	9	2	14	11	5	13	7	10	2	11	4	16	8	12	2	8	8	14	7	15	14	15	13	1	3	13	16	2	6	9	12	7	9	13	3	8	6	14	10	11	16	4	9	9	6	6	13	13	6	11	9	10	1	16	6	7	12	10	5	8	11	16	6	12	2	7	12	8	9	11	4	8	2	15	5	12	8	15	11	9	10	4	16	16	14	1	3	14	2	3	12	3	9	16	7	14	3	8	14	6	2	4	8	13	11	16	14	3	15	1	15	16	9	16	2	4	12	15	12	10	2	13	7	3	1	8	12	13	5	14	7	3	4	7	3	1	5	10	12	1	16	4	16	4	10	4	14	2	5	8	6	7	3	11	10	8	15	7	5	11	13	4	16	15	2	10	12	4	7	10	7	13	3	1	14	1	3	4	2	4	1	2	10	3	2	4	5	11	11	15	6	13	7	8	5	14	1	6	2	13	1	14	11	4	6	12	10	9	11	7	16	2	12	3	3	2	15	6	3	1	4	14	16	3	15	1	7	4	16	15	6	15	13	9	1	12	10	12	13	9	7	1	1	2	15	15	9	14	1	4	9	7	7	5	8	2	12	13	14	15	10	8	12	10	10	5	15	9	14	5	14	12	9	16	3	7	11	1	6	5	6	7	4	12	2	11	11	13	3	5	8	12	8	15	4	10	10	4	4	9	6	8	1	8	4	3	10	2	8	11	10	7	6	12	12	3	14	2	15	1	3	1	13	13	14	9	14	6	1	2	3	15	1	11	8	8	9	2	4	8	9	8	3	13	13	2	2	16	6	11	8	14	10	5	2	5	2	3	13	4	1	3	5	2	12	8	11	16	3	1	7	13	12	15	13	3	13	14	7	9	5	7	8	4	3	14	12	9	16	4	9	8	4	6	4	8	5	15	11	13	11	3	15	11	13	16	13	14	13	12	3	10	13	13	12	6	11	9	6	8	16	13	5	14	9	13	7	11	2	7	5	1	16	9	1	11	10	1	4	11	12	8	2	16	3	12	5	11	6	9	4	7	2	2	14	2	13	3	15	9	5	6	14	3	16	14	11	9	8	10	11	13	5	15	14	15	4	8	4	9	2	10	5	3	7	6	8	16	8	13	4	1	11	1	1	15	4	1	16	5	6	3	4	2	4	10	12	8	12	2	13	12	2	14	2	5	6	3	11	7	12	11	9	5	12	7	16	8	8	8	1	5	3	2	5	16	1	7	3	6	8	5	6	11	1	9	9	5	15	8	3	2	6	6	15	4	12	15	12	15	15	13	10	6	15	2	10	10	3	14	12	9	14	3	4	11	6	4	7	8	1	1	15	14	3	5	16	11	16	10	8	9	12	5	10	12	7	16	16	7	15	5	12	3	13	13	10	10	5	5	15	6	3	1	14	3	14	16	7	5	12	3	2	14	15	16	2	13	2	4	9	11	4	9	3	12	11	1	8	7	3	2	6	15	12	8	9	12	16	6	16	6	10	14	14	14	1	1	2	11	14	8	7	11	8	11	15	7	3	16	11	13	6	14	14	6	11	7	13	10	14	12	13	9	16	13	9	6	4	12	11	12	7	16	14	3	12	7	9	3	8	12	13	7	8	3	16	14	7	9	11	9	15	12	6	1	5	5	1	14	1	6	10	9	16	5	13	3	8	4	15	6	7	7	3	3	7	16	6	14	3	12	15	12	16	3	12	7	6	3	13	15	15	16	10	8	11	6	10	10	7	14	13	15	15	2	3	15	15	10	6	13	5	4	3	2	6	10	10	16	15	9	6	1	13	2	3	13	1	2	14	1	3	14	4	7	14	4	15	8	6	14	5	1	7	12	12	16	9	4	6	8	16	11	14	8	15	14	15	13	8	10	13	5	12	4	15	2	15	14	7	14	7	1	3	7	12	1	3	14	5	9	12	15	9	10	10	10	2	10	8	14	2	14	1	6	15	3	10	12	2	11	5	6	4	15	4	1	16	6	9	12	13	7	5	2	11	2	4	10	7	7	15	13	6	13	9	6	16	3	8	8	7	8	13	6	15	14	15	12	3	6	16	10	8	2	6	14	10	16	10	4	7	13	14	2	16	5	5	11	13	13	15	5	9	10	4	7	12	13	7	2	8	8	1	16	12	5	15	1	4	4	14	2	11	1	2	4	6	1	1	8	4	3	16	5	8	15	14	14	5	12	5	13	13	8	11	8	7	15	11	10	1	3	3	9	10	16	12	6	4	12	12	14	14	12	4	7	7	7	3	2	12	6	8	12	16	4	6	11	6	13	8	2	2	14	1	2	16	6	11	12	7	1	1	16	10	13	1	10	3	12	6	9	9	6	7	9	2	9	3	11	5	15	13	15	12	13	10	13	11	6	10	5	16	15	5	14	1	10	6	8	10	16	7	4	16	3	13	7	4	7	12	16	10	15	3	12	12	6	12	2	7	2	3	8	16	8	11	10	16	4	8	1	13	9	5	7	5	12	16	9	11	10	4	15	16	8	8	8	16	15	12	6	16	9	12	6	16	2	3	7	1	10	8	11	7	7	3	1	11	9	13	14	15	13	10	16	2	10	7	2	4	7	5	7	11	16	8	2	4	12	10	5	16	8	1	12	15	3	7	12	1	11	2	2	10	3	7	12	4	9	15	5	14	6	3	10	8	1	14	13	1	9	2	1	2	7	6	1	1	11	6	1	9	16	3	12	8	3	9	1	12	6	16	11	14	3	3	15	7	10	8	13	1	13	9	2	10	10	15	7	7	16	12	8	8	5	11	10	14	2	2	14	1	4	8	10	15	15	11	13	9	14	10	13	5	16	10	1	12	13	1	7	13	3	3	14	5	1	8	13	9	12	1	5	16	13	11	16	12	13	5	4	6	9	15	8	5	11	14	2	14	3	14	3	3	14	15	13	1	9	11	2	2	16	2	9	1	11	13	10	11	5	15	2	3	1	13	13	16	9	11	10	13	7	8	16	7	4	2	1	3	16	12	11	6	7	7	16	8	12	1	16	3	16	3	4	10	3	6	9	5	10	9	8	14	3	16	8	16	4	4	8	4	10	2	16	7	6	8	8	15	6	12	14	7	6	7	14	5	8	1	8	1	10	10	12	1	16	10	13	3	5	7	1	7	7	8	3	13	10	9	14	10	8	9	13	5	13	4	5	16	9	7	10	10	16	6	13	4	16	6	12	13	15	5	16	10	7	10	13	10	15	11	9	1	12	12	1	11	3	1	9	3	10	12	14	7	3	7	5	12	9	13	12	4	11	2	2	5	4	12	11	13	8	3	2	16	13	12	5	3	1	11	11	3	5	8	15	12	11	4	10	7	16	13	11	8	11	11	9	3	7	6	7	9	1	7	9	11	1	8	9	13	4	2	14	13	9	6	10	7	3	1	14	2	2	13	13	5	16	14	10	13	12	2	11	3	8	3	6	2	11	10	7	12	13	14	5	16	3	3	11	3	1	3	12	15	16	8	11	5	7	4	10	5	11	10	11	10	3	11	16	1	15	3	16	15	9	14	1	11	3	2	3	2	5	4	5	10	1	1	3	15	4	14	1	12	3	5	5	3	9	2	10	13	1	15	8	14	12	14	10	8	15	4	5	3	9	13	11	14	12	9	3	11	15	5	10	15	11	1	4	8	13	16	1	1	7	11	9	3	6	16	6	13	16	15	10	4	13	2	13	7	2	15	7	6	10	6	10	5	13	3	15	11	4	10	6	3	5	3	11	3	12	9	2	4	15	2	10	9	8	3	2	1	8	16	6	10	7	14	15	4	13	3	14	7	13	1	16	4	5	1	12	2	7	12	8	2	14	2	2	12	11	11	13	7	6	10	12	16	16	3	4	10	7	15	12	3	14	10	15	10	11	9	9	7	11	2	9	10	10	10	16	8	16	5	11	13	9	7	10	11	8	16	3	7	10	2	10	16	1	3	2	15	14	7	10	3	16	10	4	4	16	12	10	15	1	4	9	16	9	12	5	14	15	3	13	8	14	2	16	6	13	5	5	10	8	10	5	14	4	7	15	11	10	16	4	16	14	10	14	16	15	12	3	4	13	7	8	4	1	11	2	8	12	11	7	1	4	14	8	4	3	5	6	11	10	10	12	5	4	10	1	4	10	4	12	11	9	4	2	3	8	5	9	15	1	10	1	7	11	6	3	5	14	8	16	7	7	3	6	8	7	3	8	11	10	12	7	8	10	7	5	10	15	14	4	3	12	16	5	15	14	8	4	6	15	7	5	1	3	6	1	16	10	2	14	3	16	3	8	14	7	7	15	16	8	5	1	1	1	3	2	1	6	12	8	6	4	11	1	13	13	1	9	3	9	3	8	6	12	3	2	1	2	12	5	4	8	16	8	2	2	15	2	2	11	14	12	7	5	9	13	5	13	7	9	6	4	16	4	12	6	2	9	8	5	3	4	11	3	4	11	4	3	8	16	5	13	15	16	3	14	11	15	16	5	9	13	14	15	1	12	10	14	1	9	15	4	1	13	1	8	5	5	1	7	1	6	15	15	6	1	15	9	4	2	3	10	13	7	1	3	6	10	12	12	15	4	10	8	4	11	4	10	11	13	5	2	2	4	2	1	10	9	3	16	15	8	12	8	13	2	6	4	6	12	8	14	7	6	3	4	9	5	4	10	11	14	10	4	12	4	12	12	15	5	10	16	14	8	12	10	11	9	14	13	14	13	7	2	15	1	10	12	10	15	2	14	13	6	15	10	12	15	7	1	2	9	1	13	4	16	9	9	10	14	10	4	6	12	5	1	3	13	9	14	8	7	8	12	3	2	9	12	3	14	14	16	15	7	13	1	12	6	2	9	10	12	14	4	16	10	9	10	9	1	8	12	7	11	11	6	1	8	12	2	12	14	10	3	12	6	2	14	1	9	6	11	8	13	1	15	1	6	4	10	6	9	13	1	15	8	1	16	4	2	5	3	8	13	5	9	6	14	6	10	15	16	1	2	5	12	14	4	15	4	10	9	8	15	13	11	10	1	7	16	16	12	6	5	4	16	9	12	9	9	12	13	12	4	12	8	6	11	10	14	16	12	16	10	1	6	7	4	9	15	11	6	10	16	6	9	15	5	2	2	10	12	15	5	10	3	1	10	9	9	3	7	3	13	13	15	10	14	10	7	15	9	12	4	9	9	16	7	16	11	5	8	3	11	7	4	13	10	4	3	1	6	8	6	9	6	2	2	7	8	9	12	7	3	6	2	5	16	14	14	2	2	13	2	1	6	10	7	14	1	11	10	15	13	4	3	8	1	5	7	15	9	16	16	4	5	13	16	14	4	12	10	16	16	15	16	12	7	1	14	14	15	16	14	14	15	6	15	9	4	11	13	12	16	4	2	4	6	6	6	9	13	15	15	9	1	11	14	10	1	14	6	5	11	7	5	16	1	13	11	6	4	16	3	4	5	10	15	4	9	15	6	7	7	9	16	11	8	11	10	9	8	16	10	14	2	16	2	2	15	9	9	9	2	13	9	15	4	14	14	13	13	9	2	5	5	16	8	6	12	6	14	1	11	1	6	15	5	10	12	15	9	3	15	2	5	15	1	1	5	5	14	15	14	14	10	12	1	5	9	2	16	12	1	12	15	16	15	8	14	8	14	7	11	5	9	5	8	15	8	1	7	7	16	6	14	1	12	7	16	10	9	9	12	8	7	10	9	13	12	10	3	3	14	1	2	5	10	15	14	13	3	16	14	2	11	6	11	5	12	5	8	16	8	1	12	9	10	4	6	1	3	2	10	7	11	16	4	5	11	1	4	14	5	6	14	8	10	14	6	12	9	13	1	12	4	7	1	3	13	15	16	13	12	5	15	13	6	11	5	11	5	9	14	14	2	3	12	5	8	6	4	9	11	14	5	11	15	11	14	15	4	4	6	4	6	8	15	15	16	1	12	6	4	9	15	3	6	11	10	15	10	11	1	7	9	8	3	3	14	8	12	13	4	5	4	5	1	13	8	11	3	14	4	9	2	16	2	16	11	11	6	2	4	9	13	15	8	14	3	9	14	7	9	15	7	13	13	2	13	16	6	14	16	9	8	13	13	11	2	1	1	4	11	16	6	3	13	12	15	5	1	15	16	14	4	10	8	1	3	1	2	4	14	13	13	16	15	8	16	16	14	6	11	12	8	1	9	11	14	4	10	6	14	4	7	5	6	12	8	4	7	5	6	1	16	1	13	9	11	12	9	15	7	4	16	12	15	8	15	13	14	11	2	16	2	12	4	1	13	1	16	2	10	10	10	4	6	12	16	3	1	3	1	15	3	11	5	8	7	16	11	3	6	14	4	6	12	6	2	2	4	3	7	12	8	16	15	2	1	15	2	13	2	15	14	1	1	13	4	3	3	14	16	1	14	12	7	6	2	6	10	3	9	2	6	14	12	16	10	5	7	11	12	15	16	7	2	11	4	14	2	6	13	8	8	11	5	7	15	4	6	9	12	10	10	3	8	3	9	7	16	6	11	3	7	8	1	15	16	3	8	13	7	8	15	7	16	14	12	7	13	14	2	12	1	4	1	8	5	1	15	9	14	8	11	2	8	10	3	15	5	2	7	15	16	14	14	15	14	12	3	7	6	8	1	4	2	14	10	8	7	12	6	1	9	3	3	15	14	1	15	9	5	15	16	3	14	2	9	14	6	9	1	10	14	14	9	9	13	14	4	15	
190	160	790	340	700	340	220	1000	340	270	910	430	210	470	560	310	170	130	260	620	370	290	390	570	390	480	190	500	290	180	710	940	690	320	280	810	490	700	800	990	210	770	490	690	680	720	280	350	240	440	950	410	700	440	630	690	380	990	940	330	800	150	960	440	330	450	350	440	450	300	640	840	290	830	690	550	370	890	970	620	510	790	330	200	390	910	930	630	580	160	550	410	920	630	680	1000	200	210	680	970	130	540	610	730	630	720	930	210	800	890	330	620	150	890	210	970	490	470	490	290	770	480	180	850	460	250	190	930	380	470	840	570	390	390	540	550	610	330	830	810	200	420	240	120	630	560	600	910	110	820	910	810	600	150	200	250	570	910	560	310	210	880	460	340	250	710	400	310	130	530	950	260	950	640	960	750	510	320	370	900	110	480	990	130	630	210	300	940	900	280	540	740	160	360	130	870	200	1000	720	520	660	920	160	740	780	390	190	370	400	680	850	560	960	940	490	670	640	400	310	730	160	740	740	930	850	130	440	970	930	1000	180	890	910	230	770	210	310	240	340	600	940	380	830	420	480	930	840	300	210	220	580	240	810	310	740	500	120	930	1000	990	110	370	360	960	610	950	650	940	190	680	180	880	710	820	970	180	210	960	710	400	790	400	950	810	670	210	320	970	410	600	640	810	280	590	940	590	310	900	400	960	570	680	950	190	340	610	520	590	690	540	500	680	590	390	110	940	620	510	140	570	910	510	830	750	350	170	290	430	940	670	670	420	970	850	350	210	570	420	680	320	120	660	1000	980	770	140	260	360	310	580	560	300	940	390	130	580	530	970	210	740	660	370	950	330	140	580	280	340	720	240	200	960	460	110	610	190	220	450	950	510	180	710	300	670	450	750	110	910	300	770	600	480	100	280	420	460	1000	880	950	640	800	930	120	760	810	900	210	280	830	610	390	530	420	100	380	770	420	790	130	880	730	520	590	810	250	490	120	200	900	110	590	370	980	930	490	770	590	410	930	570	800	710	620	660	270	770	790	810	130	550	260	730	940	420	390	790	390	300	250	390	920	140	240	580	440	290	610	250	640	480	980	140	380	950	870	810	660	830	890	870	560	120	610	540	180	560	120	670	600	630	800	410	160	160	110	340	260	930	530	1000	220	490	580	960	580	370	180	380	860	640	740	190	910	610	420	280	350	990	680	420	890	860	980	190	690	350	170	810	450	230	340	790	120	840	500	120	360	450	270	120	930	920	550	950	290	850	500	670	550	490	540	430	600	290	380	880	160	610	830	480	730	850	330	920	540	640	260	680	500	380	340	480	450	450	540	720	920	420	320	360	760	420	490	430	800	850	260	680	800	710	790	130	370	480	380	220	570	650	510	710	330	770	680	170	220	260	750	150	600	480	810	920	430	730	1000	400	490	360	780	390	150	640	840	730	460	620	970	400	280	680	310	830	250	590	350	350	360	660	140	960	250	410	470	320	290	860	410	940	670	910	190	640	190	750	480	710	940	370	160	650	590	170	560	270	710	140	260	960	530	930	190	840	550	760	430	650	530	420	750	290	530	280	970	700	960	230	520	190	810	680	520	770	940	900	390	790	580	950	740	660	1000	580	960	600	430	900	970	250	130	600	310	510	420	850	740	340	110	920	820	390	860	940	460	810	270	800	800	630	770	980	670	300	440	660	790	430	360	760	580	520	430	770	270	490	170	790	710	470	610	290	540	280	840	590	700	250	870	540	750	140	790	780	430	170	420	150	800	180	400	750	990	190	740	470	890	720	590	490	180	520	850	790	460	870	850	320	820	590	930	550	630	250	870	750	510	870	340	170	150	1000	290	340	720	120	930	810	410	990	500	580	180	690	410	760	730	530	960	540	190	480	310	810	970	480	310	790	430	400	550	420	140	420	870	760	640	640	280	430	690	930	710	730	610	140	260	170	470	730	120	1000	290	820	1000	110	730	760	710	920	720	690	510	450	420	870	980	500	510	340	970	380	250	620	480	350	150	810	100	1000	410	560	550	380	520	270	610	780	960	350	740	990	240	300	850	1000	270	970	620	860	520	350	830	120	260	530	820	820	560	960	770	460	630	690	1000	340	360	230	560	410	330	690	570	370	690	770	100	730	850	350	850	210	690	760	740	780	560	360	950	300	570	370	780	610	440	830	930	710	300	680	480	210	750	370	870	220	280	220	930	210	370	640	580	930	110	450	190	670	920	980	450	650	800	550	980	970	950	700	360	490	600	300	180	690	850	840	130	860	160	810	290	770	150	390	710	640	180	470	810	290	590	990	990	530	250	370	460	570	250	680	650	990	150	920	790	280	730	850	120	500	870	710	800	870	440	420	160	630	170	620	140	430	950	700	570	380	260	630	370	320	280	650	370	470	250	480	280	230	720	760	120	420	320	610	960	310	640	120	330	900	130	500	180	700	390	960	680	680	450	510	380	150	130	510	660	950	610	920	910	390	170	990	260	730	350	190	100	240	890	750	300	710	750	600	110	980	260	870	340	420	970	360	250	750	850	580	740	790	560	490	900	980	320	160	120	630	960	190	230	930	100	610	420	1000	460	430	420	700	230	530	720	610	610	430	760	670	110	830	770	350	980	410	100	640	700	890	350	450	660	820	450	750	770	830	390	300	940	910	130	180	600	850	940	670	870	900	590	830	600	650	610	140	1000	570	940	690	390	360	840	610	660	620	880	310	250	450	860	220	400	750	170	970	140	800	920	450	210	510	240	940	310	270	100	220	1000	540	590	720	510	940	200	220	660	960	200	260	320	200	610	330	360	780	540	790	870	530	370	720	650	180	200	610	710	880	360	350	360	270	950	500	610	770	600	670	120	120	540	630	990	200	1000	130	320	110	490	350	950	570	280	440	640	830	720	400	630	460	740	620	440	760	530	890	440	200	950	920	120	630	440	610	500	870	710	100	160	460	410	300	640	700	250	510	150	590	320	450	360	670	410	500	500	450	880	740	800	560	520	620	250	540	910	800	110	360	400	440	680	360	460	670	860	900	740	220	860	300	510	490	950	380	720	580	730	440	190	420	790	530	200	230	650	470	130	320	290	750	900	420	690	900	550	410	640	230	240	430	210	410	970	710	160	240	510	650	750	530	140	350	150	710	170	360	320	460	390	820	970	630	910	930	790	770	1000	890	710	570	520	410	210	480	640	840	420	250	180	710	870	320	350	860	740	870	780	440	270	780	980	180	940	310	420	460	260	560	820	360	200	1000	170	180	570	130	960	780	520	720	200	730	270	450	330	910	950	180	980	710	150	780	130	290	690	250	690	210	1000	490	480	890	460	160	170	960	770	210	750	880	200	960	420	920	310	820	110	990	830	510	690	150	830	640	630	740	220	560	660	660	480	560	370	980	440	290	650	250	320	110	280	530	140	280	260	1000	210	410	240	220	170	360	660	660	180	200	190	260	270	680	640	700	590	910	930	640	460	760	150	790	390	610	630	350	340	820	840	990	710	200	750	140	380	680	610	620	300	390	320	1000	620	850	340	740	780	720	660	930	740	960	640	340	870	840	870	930	580	550	350	370	230	790	930	930	430	360	930	300	450	810	540	390	140	930	910	780	800	360	100	670	490	210	420	310	420	190	330	840	170	280	760	660	300	730	140	430	460	290	990	360	910	250	100	200	230	610	430	500	260	770	180	330	380	1000	530	850	700	810	330	600	940	970	740	610	240	880	810	110	740	260	850	480	810	660	320	450	610	670	960	660	350	920	950	970	320	690	1000	530	250	550	470	640	290	810	300	990	560	890	240	830	880	910	650	790	380	430	810	800	420	300	550	820	510	880	390	290	390	100	710	460	420	680	690	160	530	140	140	700	950	130	820	560	580	930	840	720	930	610	830	570	510	660	550	960	600	910	480	970	890	620	990	120	730	430	720	910	540	780	490	560	860	240	390	260	400	860	390	830	130	360	160	490	670	300	600	800	760	640	950	770	370	870	750	100	430	540	860	990	190	880	920	120	610	560	300	540	170	550	900	470	990	430	750	950	350	100	890	540	350	240	200	240	300	540	210	820	460	330	990	540	100	780	510	700	510	220	150	500	210	290	350	520	430	350	180	960	260	640	910	710	450	180	860	900	640	490	430	740	800	400	820	880	410	760	440	710	140	240	930	190	510	690	170	960	310	950	210	890	280	750	990	910	390	250	570	370	370	340	900	500	350	970	430	630	740	770	200	910	430	830	350	210	640	800	310	660	890	770	780	550	170	200	840	410	140	810	250	230	820	450	770	310	850	220	290	590	530	120	770	160	100	320	500	140	210	720	540	530	840	430	890	310	740	1000	580	470	220	760	180	290	130	440	140	490	600	410	320	750	520	410	200	150	560	230	610	530	740	380	500	420	190	200	890	750	630	670	200	230	550	260	880	590	340	480	580	860	800	420	690	850	640	690	790	840	570	270	980	730	190	850	450	570	380	430	860	710	510	390	750	670	600	980	960	990	350	740	360	180	310	540	440	460	930	550	920	660	970	490	250	540	330	190	400	120	790	240	310	140	510	600	550	110	540	690	610	230	220	710	120	130	730	460	310	620	950	750	140	100	600	640	560	180	180	730	990	110	900	770	230	810	370	990	120	130	160	390	970	990	510	930	290	660	120	150	370	920	450	170	200	810	410	280	780	340	410	650	130	120	390	900	580	950	180	200	930	840	220	340	800	910	890	530	670	740	620	670	390	600	960	290	210	990	740	740	500	990	160	830	510	790	770	430	300	840	670	550	650	760	600	970	530	250	560	460	650	110	670	770	130	480	160	130	880	530	250	970	290	760	850	210	420	140	790	750	210	570	790	280	380	530	580	620	440	760	410	580	770	930	570	750	290	670	500	620	760	110	510	450	260	970	750	370	740	490	290	800	400	700	480	260	760	120	950	430	200	460	130	840	590	130	1000	730	180	240	840	160	990	130	310	900	560	570	610	620	780	810	140	380	480	450	930	240	800	540	590	710	920	880	200	300	670	480	120	650	260	400	990	400	860	290	430	730	940	950	300	410	120	930	430	690	560	220	250	180	780	760	470	460	630	240	860	740	410	810	320	620	110	510	430	570	100	640	270	110	520	610	890	410	630	610	140	330	570	160	610	380	430	160	150	930	210	590	930	830	920	360	620	570	220	920	140	560	180	930	940	890	810	980	480	210	130	590	350	420	880	420	130	590	960	470	340	190	230	510	420	720	790	850	640	790	170	900	550	180	650	640	520	680	910	900	750	340	230	230	630	840	480	690	920	300	640	590	530	290	780	730	760	320	870	430	860	570	110	820	210	400	140	680	970	690	650	140	650	210	540	730	110	380	420	590	180	970	130	730	440	380	980	270	880	440	660	460	860	350	240	440	340	790	900	200	380	540	240	370	690	180	940	800	140	960	450	440	740	650	300	420	410	620	350	590	100	580	410	420	760	460	200	300	680	990	160	370	250	580	870	570	690	200	350	310	660	950	180	140	360	310	730	780	170	540	410	710	930	650	500	720	960	270	560	720	330	860	590	910	470	340	850	560	700	110	240	280	170	970	480	570	860	300	860	890	900	490	210	600	450	830	890	480	580	170	260	550	350	660	530	280	950	670	200	210	690	370	340	700	140	460	150	640	140	570	560	470	520	580	260	930	930	550	380	680	740	630	750	810	340	430	800	460	220	780	530	390	150	280	680	450	270	790	530	610	240	810	600	960	120	840	610	770	840	550	610	490	580	790	100	200	130	820	140	360	410	160	960	280	730	960	700	540	440	450	820	1000	290	130	190	160	760	180	950	380	680	650	100	760	960	200	310	130	880	190	440	760	560	790	410	1000	820	990	130	390	390	990	890	150	150	810	940	480	750	420	430	810	450	680	220	390	810	650	200	730	470	540	810	410	730	150	1000	780	190	920	390	480	110	340	900	700	230	710	790	440	490	970	470	480	350	940	310	750	580	870	160	700	510	770	770	500	700	330	320	100	150	590	420	130	210	610	240	350	950	150	520	600	860	280	630	270	710	260	120	270	910	160	950	920	260	570	380	500	720	480	860	570	330	150	740	200	130	860	350	380	930	120	830	440	790	860	290	780	600	380	660	800	250	620	360	120	510	700	310	130	720	950	470	980	390	300	790	150	750	230	260	180	280	830	210	770	680	260	860	1000	820	880	370	300	540	420	240	120	480	950	890	120	810	730	420	590	380	100	710	880	510	890	540	360	520	250	840	990	720	950	680	830	120	930	250	980	170	260	440	520	580	270	610	140	740	720	630	480	880	620	550	810	790	330	890	140	510	240	1000	430	260	270	940	440	950	780	530	1000	100	700	180	470	670	350	300	490	710	200	490	670	260	340	890	790	600	960	470	910	550	110	180	150	430	350	120	830	220	920	530	880	940	320	760	350	260	250	730	220	500	170	120	690	310	290	370	630	260	430	620	530	960	630	290	960	560	760	180	510	170	930	650	380	340	730	580	350	680	750	200	140	670	280	410	710	730	640	840	950	720	890	410	730	210	140	940	100	450	290	250	330	610	930	700	580	860	900	240	590	870	860	660	230	660	830	680	150	570	710	790	330	240	780	190	550	280	210	950	980	640	610	370	140	830	390	450	220	130	930	280	550	250	720	840	820	990	960	760	870	100	980	360	140	170	200	300	800	460	800	640	310	930	460	850	230	300	880	120	390	340	910	650	280	510	360	900	710	360	500	160	250	230	310	450	370	330	530	550	110	300	880	200	910	340	940	970	760	210	220	720	650	810	120	540	530	450	800	420	940	410	520	360	210	850	860	210	680	450	600	750	470	720	510	560	900	600	130	490	940	940	150	810	890	580	290	530	350	670	120	540	350	480	990	590	330	940	880	350	750	670	770	190	550	760	990	400	710	840	230	580	540	160	880	420	390	200	940	560	660	390	410	990	440	490	600	310	480	500	620	740	360	560	180	420	870	310	150	600	210	1000	560	280	420	290	150	380	100	860	790	340	230	890	360	520	310	370	860	790	200	740	230	210	300	170	310	970	210	360	650	280	820	770	730	250	240	160	260	710	770	320	440	560	470	800	980	160	850	930	100	560	630	610	510	760	830	970	300	460	330	500	770	760	730	110	960	100	550	490	810	330	450	960	760	230	430	290	560	620	380	190	890	200	830	130	720	690	610	500	470	280	730	750	590	820	710	550	630	860	340	530	790	270	260	200	390	850	560	130	830	660	300	630	790	170	290	570	260	880	750	750	300	950	780	290	290	390	440	880	280	800	360	550	690	520	690	480	280	190	440	370	710	550	690	650	120	120	940	200	420	630	1000	570	740	390	700	790	800	920	120	320	930	470	730	440	100	410	450	350	880	830	820	910	720	580	270	580	310	780	110	620	820	720	440	860	560	750	540	900	820	580	520	420	850	830	300	470	160	630	240	500	970	750	420	870	640	280	220	220	240	600	410	440	370	480	400	900	490	210	620	110	520	180	910	620	940	590	870	260	730	170	360	400	420	970	510	960	410	950	350	320	270	770	790	970	780	190	510	940	300	1000	260	910	620	750	740	340	360	1000	540	950	990	340	390	860	510	850	790	910	150	450	860	630	410	950	130	430	320	820	330	950	530	700	340	790	1000	780	610	900	850	200	760	620	270	660	580	710	990	960	980	180	810	400	370	190	620	840	560	520	1000	350	580	170	720	430	280	540	580	440	290	200	420	770	520	830	620	630	810	600	340	210	180	200	900	170	570	760	300	440	690	190	450	920	270	520	230	600	710	370	680	630	400	570	800	670	560	690	490	560	150	780	1000	760	770	720	800	600	210	190	470	390	940	910	180	390	930	210	950	500	750	940	430	330	100	780	780	220	550	290	230	320	200	760	200	960	850	890	580	820	170	410	290	800	100	970	880	700	970	200	160	960	150	340	980	430	810	580	910	320	970	480	320	370	900	630	900	530	120	300	730	980	600	580	340	650	820	790	520	480	220	320	200	280	980	230	430	740	370	470	500	210	520	980	600	700	920	120	690	570	800	700	410	710	770	640	910	850	810	900	200	150	820	990	900	660	980	930	530	460	990	790	260	320	200	830	610	950	720	910	250	680	380	900	530	980	940	330	760	260	110	340	750	640	430	280	230	890	270	620	610	1000	800	240	970	690	200	140	860	580	860	340	880	510	530	800	150	230	860	930	640	720	820	230	750	390	470	500	1000	160	220	790	190	400	550	620	660	470	300	730	890	120	500	540	330	440	510	790	280	980	280	750	890	290	360	380	120	450	850	480	470	790	840	300	570	630	790	250	200	350	740	900	720	260	480	550	890	790	630	320	240	920	440	750	300	730	470	450	340	570	930	960	540	360	720	520	650	710	720	950	620	310	760	410	230	500	910	210	990	520	400	430	490	890	910	980	110	840	370	990	120	310	480	770	830	270	950	900	770	240	430	350	200	170	800	810	500	450	600	750	1000	200	980	990	200	860	590	950	960	640	880	200	960	760	1000	720	100	690	550	460	230	390	420	380	320	180	960	210	500	380	150	120	150	320	480	650	780	590	550	850	740	330	870	820	280	1000	640	630	270	890	480	960	970	180	240	250	180	340	580	350	620	940	370	840	400	130	150	100	820	500	1000	510	350	140	650	600	930	190	520	360	980	590	960	230	790	850	470	140	230	220	210	250	590	980	520	570	810	930	950	250	130	210	590	680	480	600	450	740	890	890	710	890	330	410	310	380	340	730	470	680	830	740	520	140	860	790	750	550	720	450	940	740	800	960	950	540	480	140	100	600	180	890	370	590	300	830	600	370	840	870	460	890	170	450	390	540	780	310	290	960	600	1000	360	350	110	420	410	440	430	710	330	810	490	380	880	320	220	280	100	470	890	890	710	170	210	250	440	460	360	700	460	240	400	710	330	310	670	260	660	280	110	300	850	400	210	410	780	940	560	540	950	830	630	200	310	450	650	420	820	910	750	110	620	890	850	930	230	170	780	610	460	860	150	890	500	450	850	650	370	260	460	140	740	250	640	280	770	590	180	970	650	690	160	430	620	610	110	590	540	730	410	160	900	900	970	260	810	200	170	970	980	810	580	350	680	740	250	190	610	260	830	330	480	440	800	750	560	240	820	650	190	320	290	860	570	190	510	980	970	380	980	520	140	760	130	270	940	800	560	640	340	530	880	590	220	730	820	270	550	290	950	620	580	560	940	150	410	330	500	610	820	850	930	920	430	450	830	290	600	890	300	640	510	610	310	180	290	810	160	720	180	610	810	160	960	340	280	870	730	280	750	180	100	730	560	700	960	140	350	230	960	690	990	140	390	820	150	310	630	560	310	900	540	960	580	440	650	400	490	750	560	120	330	480	170	470	430	750	630	290	700	140	170	910	1000	720	100	500	990	130	750	1000	370	550	890	980	700	1000	390	250	610	520	940	330	760	490	740	740	710	180	200	640	150	430	440	340	430	190	420	780	220	320	580	880	450	160	970	550	410	670	810	360	260	910	270	660	380	800	880	700	720	390	410	250	810	340	640	620	540	570	370	840	640	730	360	730	720	960	120	730	760	560	250	340	190	640	950	810	570	760	550	480	120	530	910	950	650	490	440	800	690	300	360	120	220	780	780	630	420	560	140	350	770	940	990	440	700	710	400	210	980	510	790	210	880	520	530	910	890	430	270	940	880	420	650	250	420	500	350	990	970	380	310	610	380	300	700	410	230	450	240	200	960	410	370	600	620	400	920	350	180	580	720	820	210	730	170	160	520	690	720	210	970	800	650	420	860	730	570	690	160	440	150	640	720	350	470	930	160	1000	500	600	750	740	700	470	930	920	220	630	630	370	210	810	750	740	200	320	760	730	620	560	970	910	750	770	380	150	320	460	510	600	510	280	330	200	750	370	280	440	220	440	670	990	300	540	980	250	690	510	390	470	860	150	910	480	830	310	510	610	970	600	970	590	920	960	770	190	140	980	760	630	890	830	720	590	260	910	980	390	610	940	540	750	690	110	820	460	740	330	850	220	760	120	630	130	880	980	270	820	380	270	310	620	190	710	910	400	430	540	630	930	170	720	890	290	330	590	640	130	440	190	810	610	910	220	540	110	160	390	960	160	210	140	570	790	380	160	830	820	920	400	870	620	570	600	800	450	710	240	700	610	750	900	290	320	660	420	370	830	720	800	770	450	890	600	640	370	450	830	420	170	950	910	610	340	390	780	830	660	110	490	950	300	910	680	420	720	800	110	740	920	890	650	420	340	580	1000	880	290	710	660	840	840	300	990	990	480	450	620	970	980	280	600	170	750	650	430	600	640	830	280	170	200	430	700	370	890	510	930	980	700	760	620	880	120	410	370	450	860	610	100	730	480	720	880	910	390	150	220	160	240	390	710	650	980	820	520	730	220	190	460	550	230	470	910	140	220	940	560	430	720	920	950	590	350	670	240	160	380	450	210	550	170	230	210	880	990	380	130	770	200	980	280	210	860	800	230	640	810	650	530	640	510	480	770	320	670	340	370	710	280	470	890	420	560	710	780	570	950	750	950	910	980	710	350	880	650	410	860	960	440	320	450	630	850	720	830	760	950	640	550	460	350	550	850	660	290	980	430	680	530	300	940	270	450	990	410	280	140	550	790	620	540	580	1000	830	860	440	280	520	880	500	430	260	880	300	510	810	640	120	840	760	880	410	420	100	150	670	610	990	270	740	670	390	1000	370	700	540	640	680	320	170	270	880	120	170	890	190	240	930	690	540	630	640	900	230	570	500	880	330	840	470	700	730	600	870	390	960	790	960	320	930	400	610	980	540	560	680	190	250	950	600	500	130	500	530	750	770	610	690	440	110	400	610	350	160	520	350	340	200	950	410	780	630	890	790	870	980	650	950	660	120	430	940	800	170	690	830	540	200	450	830	870	990	370	180	240	270	550	240	200	890	290	470	120	150	650	540	140	470	230	870	620	230	320	670	220	590	860	180	140	720	450	150	860	850	910	550	160	850	340	640	650	750	890	590	170	600	210	660	370	930	930	660	530	360	620	240	560	850	810	440	650	210	430	190	270	920	960	130	440	810	310	700	960	460	520	520	450	390	440	600	990	910	640	300	460	830	230	830	130	940	420	650	580	120	130	930	360	840	130	490	280	430	160	420	380	450	160	190	770	270	540	380	800	870	800	430	720	410	300	680	440	720	850	180	730	190	760	640	820	780	440	470	1000	680	120	120	870	780	860	550	850	890	910	650	480	890	720	900	760	780	910	910	780	740	120	530	640	960	280	380	990	200	560	310	820	360	770	640	800	870	230	600	670	180	670	430	470	270	850	290	580	260	930	200	650	770	300	400	900	340	160	780	230	100	520	600	650	850	450	450	910	590	400	660	250	160	140	420	620	920	400	840	610	950	530	260	890	680	930	290	230	250	300	370	500	410	960	600	290	600	100	790	590	680	880	990	180	760	270	670	200	890	330	570	740	200	440	900	540	930	520	370	820	910	720	880	1000	580	930	550	370	950	690	990	350	840	390	130	530	950	820	470	700	140	290	720	420	860	810	680	540	330	880	870	610	710	680	150	430	710	290	500	430	800	550	790	350	590	980	210	530	120	860	240	760	430	430	170	780	640	630	360	400	390	950	200	440	970	800	920	200	150	870	170	340	260	550	720	220	650	150	660	980	430	520	350	580	210	430	690	240	220	340	420	210	710	930	310	730	520	760	110	520	190	850	300	270	540	620	860	500	790	320	440	630	670	550	780	630	820	290	890	720	220	760	210	610	900	890	940	540	740	890	270	790	530	420	330	880	380	490	580	430	850	1000	320	860	870	520	910	1000	940	370	510	380	430	690	500	640	880	960	690	190	830	950	120	170	440	480	410	380	260	340	550	770	300	870	460	720	270	970	380	880	330	570	120	470	920	330	500	320	500	530	310	280	240	440	470	320	890	110	460	460	150	880	590	710	110	640	150	950	250	370	200	750	750	420	150	140	140	850	190	800	300	630	620	380	670	560	980	270	100	910	530	760	510	680	680	880	410	990	930	910	210	730	740	790	930	600	220	860	230	710	250	750	490	510	670	590	410	110	330	570	750	780	660	390	220	940	840	890	920	820	790	320	880	1000	300	580	430	340	970	330	900	540	630	430	620	990	260	500	930	250	140	160	200	580	990	390	320	670	890	530	940	930	150	460	130	720	100	430	350	630	220	570	870	610	100	960	900	910	440	770	890	240	500	690	1000	980	810	430	520	570	450	150	950	140	590	1000	850	100	480	360	230	790	530	390	680	840	660	240	840	250	990	170	110	120	170	590	170	230	870	790	570	650	810	830	550	430	390	1000	970	700	810	860	760	570	620	100	820	280	460	190	560	560	990	540	400	210	530	160	1000	780	150	400	780	150	750	130	600	890	810	540	620	420	230	160	350	380	900	870	190	130	530	890	280	830	770	360	160	910	530	370	380	340	650	390	980	840	520	860	900	920	700	360	210	220	310	740	180	340	490	370	950	710	380	810	930	860	780	500	690	340	490	230	230	520	610	470	950	630	540	910	760	520	250	560	220	440	760	650	530	350	1000	680	170	700	350	710	710	280	670	380	560	300	790	680	830	780	380	760	410	730	650	930	270	890	480	160	660	390	790	160	100	760	620	440	550	200	450	240	140	950	420	650	960	980	260	500	160	540	270	980	990	870	1000	980	120	250	180	140	260	410	690	150	770	780	520	190	420	310	150	260	810	850	540	870	770	310	910	480	290	660	200	310	390	950	150	200	880	280	740	330	680	310	860	180	540	510	270	700	700	730	780	370	870	140	230	480	680	480	940	100	540	150	940	140	520	670	330	740	160	520	120	860	480	960	590	440	180	890	970	830	240	660	550	580	710	940	860	930	520	330	540	430	400	600	110	700	550	1000	650	760	430	560	110	920	250	380	990	980	520	260	690	330	450	830	470	310	150	200	250	360	770	530	580	350	220	880	730	390	750	980	670	160	270	750	500	110	140	860	690	630	160	620	930	510	910	390	240	990	650	470	510	120	150	580	330	800	440	260	310	310	700	620	160	200	120	970	160	150	480	630	580	610	620	290	160	150	680	160	750	530	430	690	650	190	250	1000	930	780	140	670	840	710	750	260	570	190	780	120	800	560	190	940	160	660	920	540	410	810	260	470	250	310	220	960	750	880	470	450	400	690	430	960	710	970	200	400	800	450	600	290	240	410	460	340	330	460	540	110	580	180	620	750	670	130	520	830	530	330	640	850	560	1000	930	600	210	510	700	450	580	620	900	950	760	430	740	120	990	790	790	410	610	930	490	410	640	700	290	160	640	780	680	440	540	890	820	680	360	220	300	290	880	560	550	860	470	940	400	490	810	340	800	370	460	670	400	450	140	970	740	200	790	660	170	690	930	800	110	360	970	210	830	830	750	990	580	940	670	350	380	210	680	200	580	200	480	520	950	510	920	440	740	690	620	570	110	240	630	490	770	820	890	780	140	520	420	430	260	590	970	130	560	960	330	970	910	870	540	550	230	720	610	100	530	970	570	630	900	670	590	160	110	910	660	550	700	250	190	1000	520	290	160	990	260	960	650	970	970	950	480	780	220	370	600	630	430	880	710	190	720	200	490	930	310	120	460	770	910	380	530	990	500	690	230	560	600	630	920	260	680	440	190	300	180	950	930	140	520	130	620	490	890	290	170	520	470	390	540	790	450	910	700	810	200	730	800	1000	1000	940	300	420	770	340	360	250	500	920	750	490	960	120	980	100	940	780	710	920	540	780	940	150	200	370	900	100	390	170	750	220	200	530	200	830	550	770	310	690	820	1000	470	570	910	240	120	330	570	330	450	560	170	710	960	640	280	340	880	510	670	130	290	940	860	580	910	890	430	490	630	300	530	280	260	690	500	730	650	370	440	450	270	280	320	870	520	410	140	750	410	940	840	120	600	480	400	510	970	890	370	430	710	450	720	210	870	850	980	630	590	600	160	300	240	850	710	510	360	690	160	120	130	330	240	110	910	820	420	210	330	750	930	440	500	910	160	690	580	130	910	1000	740	630	190	850	100	500	200	700	820	800	600	680	720	700	290	750	980	380	420	700	500	220	450	280	160	1000	160	130	700	870	170	480	440	300	900	860	540	830	920	580	150	360	450	630	900	710	860	650	300	180	440	460	160	200	700	720	790	220	380	480	930	160	730	620	770	480	990	720	670	110	810	200	670	780	610	800	230	540	900	270	930	530	180	400	880	850	300	260	760	440	320	450	850	220	170	130	720	390	380	260	370	830	890	850	460	580	330	650	740	730	810	350	520	700	290	790	960	150	690	710	890	310	460	450	790	540	120	950	470	830	920	120	890	900	650	950	830	630	1000	440	720	340	100	760	150	790	850	830	470	150	970	630	160	240	420	210	550	620	590	600	870	420	360	400	860	130	350	190	640	290	160	690	280	420	130	460	390	330	370	320	100	610	160	870	410	160	290	450	560	430	460	680	700	560	770	310	870	750	950	510	790	550	690	950	410	660	770	520	310	660	510	160	860	740	100	430	850	1000	180	420	890	530	130	480	170	320	300	710	230	790	400	460	840	230	940	260	390	960	860	340	780	280	990	930	810	600	940	130	300	990	700	190	710	610	120	100	510	170	410	470	380	900	340	770	910	200	480	370	720	590	460	610	360	280	290	1000	740	930	180	240	720	860	680	550	250	880	630	210	900	540	540	
1
