6426
120
4
90
0	0	0	0	0	0	500	0	0	0	0	0	0	0	0	0	0	0	0	0	0	0	0	0	0	0	0	0	0	0	0	0	0	0	0	0	0	0	0	0	0	0	0	0	0	0	0	0	0	0	0	0	0	0	0	0	0	0	0	0	0	0	0	0	0	0	0	0	0	0	0	0	0	0	0	0	0	0	0	500	0	0	0	0	0	0	0	0	0	0	0	0	0	0	0	500	0	0	0	0	0	0	0	0	0	0	0	0	0	0	0	500	0	0	0	0	0	0	0	0	
0	0	0	0	0	0	0	0	0	500	0	0	500	0	0	0	0	0	0	0	0	0	0	0	0	0	0	0	0	0	0	0	0	0	0	0	0	0	0	0	0	0	0	0	0	0	0	0	0	0	0	0	0	0	0	0	0	0	0	0	0	0	0	0	0	0	0	0	0	0	0	0	0	0	0	0	500	0	0	0	0	0	0	0	0	0	0	0	0	0	0	0	0	0	0	0	0	0	500	0	0	0	0	0	0	0	0	0	0	0	0	0	0	0	0	0	0	0	0	0	
0	0	0	0	0	0	0	0	0	0	0	0	0	500	0	0	0	0	0	0	0	0	0	0	0	0	500	0	0	0	0	0	0	0	0	0	0	0	0	0	0	0	0	0	0	0	0	0	0	0	0	0	0	0	500	0	0	0	0	0	0	0	0	0	0	0	0	500	0	0	0	0	0	0	0	0	0	0	0	0	0	0	0	0	0	0	0	0	0	0	0	0	0	0	0	0	0	0	0	0	0	0	0	0	0	0	0	0	0	0	0	0	0	0	0	0	0	0	0	0	
0	0	0	0	0	0	0	0	0	0	0	0	0	0	0	0	500	0	0	0	0	0	0	0	0	0	0	0	0	0	0	0	0	0	0	0	0	0	0	0	0	0	0	0	0	0	0	0	0	0	0	0	0	0	0	0	0	0	0	0	0	0	0	0	0	0	0	0	0	500	0	500	0	0	0	0	0	0	0	0	0	0	0	0	0	0	0	500	0	0	0	0	0	0	0	0	0	0	0	0	0	0	0	0	0	0	0	0	0	0	0	0	0	0	0	0	0	0	0	0	
0	0	0	0	0	0	0	0	0	0	0	0	0	0	0	0	0	0	0	500	0	0	0	0	0	0	0	0	0	0	500	0	0	0	0	0	0	0	0	0	0	0	0	0	0	0	0	0	0	0	0	0	0	0	0	0	0	0	0	0	0	0	0	0	0	0	0	0	0	0	0	0	0	0	0	0	0	0	0	0	0	0	0	0	0	0	0	0	0	0	0	0	500	0	0	0	0	0	0	0	0	0	0	0	0	0	0	0	0	0	0	0	0	0	0	0	0	0	500	0	
0	0	0	0	0	0	0	0	0	0	0	0	0	0	0	0	0	0	0	0	0	0	0	0	0	0	0	0	0	0	0	0	0	0	0	0	500	0	0	0	0	0	0	0	0	0	0	0	0	0	0	0	0	500	0	0	0	0	0	0	0	0	0	0	0	0	0	0	0	0	0	0	0	500	0	0	0	0	0	0	0	0	0	0	0	0	0	0	0	0	0	0	0	0	0	0	0	0	0	0	0	0	0	500	0	0	0	0	0	0	0	0	0	0	0	0	0	0	0	0	
500	0	0	0	0	0	0	0	0	0	0	0	0	0	0	0	0	0	0	0	0	0	0	0	0	0	0	0	0	0	0	0	0	0	0	0	0	0	0	0	0	0	0	0	0	0	0	0	0	0	0	0	0	0	0	0	0	0	0	0	0	0	0	0	0	500	0	0	0	0	0	0	0	0	0	0	0	0	0	500	0	0	0	0	0	0	0	0	0	0	0	500	0	0	0	0	0	0	0	0	0	0	0	0	0	0	0	0	0	0	0	0	0	0	0	0	0	0	0	0	
0	0	0	0	0	0	0	0	0	0	0	0	0	0	0	0	0	0	0	0	0	0	0	0	0	0	0	0	0	0	0	0	0	0	0	0	0	0	0	0	0	0	0	0	0	0	0	500	0	0	0	0	0	0	0	0	500	0	0	0	0	0	0	0	0	0	0	0	0	0	0	0	0	0	0	0	0	0	0	0	0	0	0	0	0	0	0	0	500	0	0	0	0	0	0	0	0	0	0	0	0	0	0	0	500	0	0	0	0	0	0	0	0	0	0	0	0	0	0	0	
0	0	0	0	0	0	0	0	0	0	500	0	0	0	0	0	0	500	0	0	0	0	0	0	0	0	0	0	0	0	0	0	0	0	0	0	0	0	0	0	0	0	0	0	0	0	0	0	0	0	0	0	500	0	0	0	0	0	0	0	0	0	0	0	0	0	0	0	0	0	0	0	500	0	0	0	0	0	0	0	0	0	0	0	0	0	0	0	0	0	0	0	0	0	0	0	0	0	0	0	0	0	0	0	0	0	0	0	0	0	0	0	0	0	0	0	0	0	0	0	
0	500	0	0	0	0	0	0	0	0	0	0	0	0	0	0	0	0	0	0	0	0	0	0	0	0	500	0	0	500	0	0	0	0	0	0	0	0	0	0	0	0	0	0	0	0	0	0	0	0	0	0	0	0	0	0	0	0	0	0	0	0	0	0	0	0	0	0	0	0	0	0	0	0	0	0	0	0	0	0	0	0	0	0	0	0	0	0	0	0	0	0	0	0	0	0	0	500	0	0	0	0	0	0	0	0	0	0	0	0	0	0	0	0	0	0	0	0	0	0	
0	0	0	0	0	0	0	0	500	0	0	0	0	0	0	0	0	500	0	0	0	0	0	0	0	0	0	0	0	0	0	0	0	0	0	0	0	0	0	0	0	0	0	0	0	0	0	0	0	0	0	0	500	0	0	0	0	0	0	0	0	0	0	0	0	0	0	0	0	0	0	0	0	0	0	0	0	0	0	0	0	0	0	0	0	0	0	0	0	500	0	0	0	0	0	0	0	0	0	0	0	0	0	0	0	0	0	0	0	0	0	0	0	0	0	0	0	0	0	0	
0	0	0	0	0	0	0	0	0	0	0	0	0	0	0	0	0	0	0	0	0	0	0	0	0	0	0	0	0	0	0	0	0	0	0	0	0	0	0	0	0	0	0	0	500	0	0	0	0	0	0	0	500	0	0	0	0	0	0	0	0	0	0	0	0	0	0	0	0	0	0	0	500	0	0	0	0	0	0	0	0	0	0	0	500	0	0	0	0	0	0	0	0	0	0	0	0	0	0	0	0	0	0	0	0	0	0	0	0	0	0	0	0	0	0	0	0	0	0	0	
0	500	0	0	0	0	0	0	0	0	0	0	0	0	0	0	0	0	0	0	0	0	0	0	0	0	0	0	0	0	0	0	0	0	0	0	0	0	0	0	0	0	0	0	0	0	0	0	0	0	0	0	0	0	0	0	0	0	0	0	0	0	500	0	0	0	0	0	0	0	0	0	0	0	0	0	500	0	0	0	0	0	0	0	0	0	0	0	0	0	0	0	0	0	0	0	0	0	500	0	0	0	0	0	0	0	0	0	0	0	0	0	0	0	0	0	0	0	0	0	
0	0	500	0	0	0	0	0	0	0	0	0	0	0	0	0	0	0	0	0	0	0	0	0	0	0	500	0	0	0	0	0	0	0	0	0	0	0	0	0	0	0	0	0	0	0	0	0	0	0	0	0	0	0	500	0	0	0	0	0	0	0	0	0	0	0	0	500	0	0	0	0	0	0	0	0	0	0	0	0	0	0	0	0	0	0	0	0	0	0	0	0	0	0	0	0	0	0	0	0	0	0	0	0	0	0	0	0	0	0	0	0	0	0	0	0	0	0	0	0	
0	0	0	0	0	0	0	0	0	0	0	0	0	0	0	0	0	0	0	0	0	500	0	0	0	0	0	0	0	0	0	0	0	0	0	0	0	500	0	0	0	0	0	500	0	0	0	0	0	0	0	0	0	0	0	0	0	0	0	0	500	0	0	0	0	0	0	0	0	0	0	0	0	0	0	0	0	0	0	0	0	0	0	0	0	0	0	0	0	0	0	0	0	0	0	0	0	0	0	0	0	0	0	0	0	0	0	0	0	0	0	0	0	0	0	0	0	0	0	0	
0	0	0	0	0	0	0	0	0	0	0	0	0	0	0	0	0	0	0	0	0	0	0	500	0	0	0	0	0	0	0	0	0	0	500	0	0	0	0	0	0	0	0	0	0	0	0	0	0	0	0	0	0	0	0	0	0	0	0	0	0	0	0	0	0	0	0	0	0	0	0	0	0	0	0	0	0	0	0	0	0	0	0	0	0	0	0	0	0	0	0	0	0	0	0	0	0	0	0	500	0	0	0	0	0	0	500	0	0	0	0	0	0	0	0	0	0	0	0	0	
0	0	0	500	0	0	0	0	0	0	0	0	0	0	0	0	0	0	0	0	0	0	0	0	0	0	0	0	0	0	0	0	0	0	0	0	0	0	0	0	0	0	0	0	0	0	0	0	0	0	0	0	0	0	0	0	0	0	0	0	0	0	0	0	0	0	0	0	0	500	0	500	0	0	0	0	0	0	0	0	0	0	0	0	0	0	0	500	0	0	0	0	0	0	0	0	0	0	0	0	0	0	0	0	0	0	0	0	0	0	0	0	0	0	0	0	0	0	0	0	
0	0	0	0	0	0	0	0	500	0	500	0	0	0	0	0	0	0	0	0	0	0	0	0	0	0	0	0	0	0	0	0	0	0	0	0	0	0	0	0	0	0	0	0	0	0	0	0	0	0	0	0	500	0	0	0	0	0	0	0	0	0	0	0	0	0	0	0	0	0	0	0	0	0	0	0	0	0	0	0	0	0	0	0	0	0	0	0	0	500	0	0	0	0	0	0	0	0	0	0	0	0	0	0	0	0	0	0	0	0	0	0	0	0	0	0	0	0	0	0	
0	0	0	0	0	0	0	0	0	0	0	0	0	0	0	0	0	0	0	500	0	0	0	0	0	0	0	500	0	0	0	0	0	0	0	0	0	0	0	0	0	0	0	0	0	0	0	0	0	0	0	0	0	0	0	0	0	0	0	0	0	0	0	0	0	0	0	500	0	0	0	0	0	0	0	0	0	0	0	0	0	0	0	0	0	0	0	0	0	0	0	0	500	0	0	0	0	0	0	0	0	0	0	0	0	0	0	0	0	0	0	0	0	0	0	0	0	0	0	0	
0	0	0	0	500	0	0	0	0	0	0	0	0	0	0	0	0	0	500	0	0	0	0	0	0	0	0	0	0	0	500	0	0	0	0	0	0	0	0	0	0	0	0	0	0	0	0	0	0	0	0	0	0	0	0	0	0	0	0	0	0	0	0	0	0	0	0	0	0	0	0	0	0	0	0	0	0	0	0	0	0	0	0	0	0	0	0	0	0	0	0	0	500	0	0	0	0	0	0	0	0	0	0	0	0	0	0	0	0	0	0	0	0	0	0	0	0	0	0	0	
0	0	0	0	0	0	0	0	0	0	0	0	0	0	0	0	0	0	0	0	0	0	0	0	0	0	0	0	500	0	0	0	0	0	0	0	0	0	0	0	0	0	0	0	0	0	0	500	0	0	0	0	0	0	0	0	500	0	0	0	0	0	0	0	0	0	0	0	0	0	0	0	0	0	0	0	0	0	0	0	0	0	0	0	0	0	0	0	0	0	0	0	0	0	0	0	0	0	0	0	0	0	0	0	0	0	0	0	0	0	0	0	0	500	0	0	0	0	0	0	
0	0	0	0	0	0	0	0	0	0	0	0	0	0	500	0	0	0	0	0	0	0	0	0	0	0	0	0	0	0	0	0	0	0	0	0	0	0	0	0	0	0	0	500	0	0	500	0	0	0	0	0	0	0	0	0	0	0	0	0	500	0	0	0	0	0	0	0	0	0	0	0	0	0	0	0	0	0	0	0	0	0	0	0	0	0	0	0	0	0	0	0	0	0	0	0	0	0	0	0	0	0	0	0	0	0	0	0	0	0	0	0	0	0	0	0	0	0	0	0	
0	0	0	0	0	0	0	0	0	0	0	0	0	0	0	0	0	0	0	0	0	0	0	0	0	0	0	0	0	0	0	0	0	0	0	0	0	0	0	0	0	0	0	0	0	0	0	0	0	0	0	0	0	0	0	0	0	0	0	0	0	0	0	0	500	0	0	0	0	0	0	0	0	0	500	0	0	0	0	0	0	0	0	500	0	0	0	0	0	0	0	0	0	0	0	0	0	0	0	0	0	0	0	0	0	500	0	0	0	0	0	0	0	0	0	0	0	0	0	0	
0	0	0	0	0	0	0	0	0	0	0	0	0	0	0	500	0	0	0	0	0	0	0	0	0	0	0	0	0	0	0	0	0	0	500	0	0	0	0	0	0	0	0	0	0	0	0	0	0	500	0	0	0	0	0	0	0	0	0	0	0	0	0	0	0	0	0	0	0	0	0	0	0	0	0	0	0	0	0	0	0	0	0	0	0	0	0	0	0	0	0	0	0	0	0	0	0	0	0	0	0	0	0	0	0	0	500	0	0	0	0	0	0	0	0	0	0	0	0	0	
0	0	0	0	0	0	0	0	0	0	0	0	0	0	0	0	0	0	0	0	0	0	0	0	0	0	0	0	0	0	0	0	500	0	0	0	0	0	0	0	0	0	0	0	0	0	0	0	0	0	0	0	0	0	0	0	0	0	0	0	0	0	0	0	0	0	0	0	0	0	0	0	0	0	0	0	0	0	0	0	0	0	0	0	0	0	0	0	0	0	0	0	0	500	0	0	0	0	0	0	500	0	0	0	0	0	0	0	0	500	0	0	0	0	0	0	0	0	0	0	
0	0	0	0	0	0	0	0	0	0	0	0	0	0	0	0	0	0	0	0	0	0	0	0	0	0	0	0	0	0	0	0	0	0	0	0	0	0	0	0	0	0	0	0	0	0	0	0	0	0	500	0	0	0	0	0	0	0	0	500	0	500	0	0	0	0	0	0	0	0	0	0	0	0	0	0	0	0	0	0	0	0	0	0	0	0	0	0	500	0	0	0	0	0	0	0	0	0	0	0	0	0	0	0	0	0	0	0	0	0	0	0	0	0	0	0	0	0	0	0	
0	0	500	0	0	0	0	0	0	500	0	0	0	500	0	0	0	0	0	0	0	0	0	0	0	0	0	0	0	0	0	0	0	0	0	0	0	0	0	0	0	0	0	0	0	0	0	0	0	0	0	0	0	0	0	0	0	0	0	0	0	0	0	0	0	0	0	0	0	0	0	0	0	0	0	0	0	0	0	0	0	0	0	0	0	0	0	0	0	0	0	0	0	0	0	0	0	500	0	0	0	0	0	0	0	0	0	0	0	0	0	0	0	0	0	0	0	0	0	0	
0	0	0	0	0	0	0	0	0	0	0	0	0	0	0	0	0	0	500	0	0	0	0	0	0	0	0	0	0	0	0	0	0	0	0	0	0	0	0	0	0	0	0	0	0	500	0	0	0	0	0	0	0	0	0	0	0	0	0	0	0	0	0	0	0	0	0	500	0	0	0	0	0	0	0	0	0	0	0	0	0	0	0	0	0	0	0	0	0	0	0	0	500	0	0	0	0	0	0	0	0	0	0	0	0	0	0	0	0	0	0	0	0	0	0	0	0	0	0	0	
0	0	0	0	0	0	0	0	0	0	0	0	0	0	0	0	0	0	0	0	500	0	0	0	0	0	0	0	0	0	0	0	0	0	0	0	0	0	0	0	0	0	0	0	0	0	0	0	0	0	0	0	0	0	0	0	0	0	0	0	0	0	0	0	0	0	0	0	0	0	0	0	0	0	0	0	0	0	0	0	0	0	0	0	0	0	0	0	0	0	0	0	0	0	0	0	0	0	0	0	0	0	500	0	0	0	0	500	0	0	0	0	0	500	0	0	0	0	0	0	
0	0	0	0	0	0	0	0	0	500	0	0	0	0	0	0	0	0	0	0	0	0	0	0	0	0	0	0	0	0	0	0	0	0	0	0	0	0	0	0	0	0	0	0	0	0	0	0	0	0	0	0	0	0	0	500	0	0	0	0	0	0	0	0	0	0	0	0	0	0	0	0	0	0	0	0	0	0	0	0	0	0	0	0	0	0	0	0	0	0	0	0	0	0	0	0	0	500	0	0	0	500	0	0	0	0	0	0	0	0	0	0	0	0	0	0	0	0	0	0	
0	0	0	0	500	0	0	0	0	0	0	0	0	0	0	0	0	0	0	500	0	0	0	0	0	0	0	0	0	0	0	0	0	0	0	0	0	0	0	0	0	0	0	0	0	500	0	0	0	0	0	0	0	0	0	0	0	0	0	0	0	0	0	0	0	0	0	0	0	0	0	0	0	0	0	0	0	0	0	0	0	0	0	0	0	0	0	0	0	0	0	0	0	0	0	0	0	0	0	0	0	0	0	0	0	0	0	0	0	0	0	0	0	0	0	0	0	0	500	0	
0	0	0	0	0	0	0	0	0	0	0	0	0	0	0	0	0	0	0	0	0	0	0	0	0	0	0	0	0	0	0	0	0	0	0	0	0	0	0	0	0	0	0	0	0	0	0	0	0	0	0	0	0	0	0	0	0	0	0	0	0	0	0	0	0	0	0	0	0	500	0	500	0	0	0	0	0	0	0	0	0	0	0	0	0	0	0	500	500	0	0	0	0	0	0	0	0	0	0	0	0	0	0	0	0	0	0	0	0	0	0	0	0	0	0	0	0	0	0	0	
0	0	0	0	0	0	0	0	0	0	0	0	0	0	0	0	0	0	0	0	0	0	0	0	500	0	0	0	0	0	0	0	0	0	0	0	0	0	0	0	0	0	500	0	0	0	0	0	0	0	0	0	0	0	0	0	0	0	0	0	0	0	0	0	0	0	0	0	0	0	0	0	0	0	0	0	0	0	0	0	0	0	0	0	0	0	0	0	0	0	0	0	0	500	0	0	0	0	0	0	0	0	0	0	0	0	0	0	0	500	0	0	0	0	0	0	0	0	0	0	
0	0	0	0	0	0	0	0	0	0	0	0	0	0	0	0	0	0	0	0	0	0	0	0	0	0	0	0	0	0	0	0	0	0	0	0	0	0	0	0	0	0	500	0	0	0	0	0	500	0	0	0	0	0	0	0	0	0	0	0	0	0	0	0	0	0	0	0	0	0	0	0	0	0	0	0	0	0	500	0	0	0	0	0	0	0	0	0	0	0	0	0	0	0	0	0	500	0	0	0	0	0	0	0	0	0	0	0	0	0	0	0	0	0	0	0	0	0	0	0	
0	0	0	0	0	0	0	0	0	0	0	0	0	0	0	500	0	0	0	0	0	0	0	500	0	0	0	0	0	0	0	0	0	0	0	0	0	0	0	0	0	0	0	0	0	0	0	0	0	0	0	0	0	0	0	0	0	0	0	0	0	0	0	500	0	0	0	0	0	0	0	0	0	0	0	0	0	0	0	0	0	0	0	0	0	0	0	0	0	0	0	0	0	0	0	0	0	0	0	0	0	0	0	0	0	0	500	0	0	0	0	0	0	0	0	0	0	0	0	0	
0	0	0	0	0	0	0	0	0	0	0	0	0	0	0	0	0	0	0	0	0	0	0	0	0	0	0	0	0	0	0	0	0	0	0	0	0	0	500	0	0	0	0	0	0	500	0	0	0	0	0	0	0	0	0	0	0	0	0	0	0	0	0	0	0	0	0	0	0	0	0	0	0	0	0	0	0	0	0	0	0	0	0	0	0	0	0	0	0	0	0	0	0	0	0	0	0	0	0	0	0	0	0	0	0	0	0	0	500	0	0	0	0	0	500	0	0	0	0	0	
0	0	0	0	0	500	0	0	0	0	0	0	0	0	0	0	0	0	0	0	0	0	0	0	0	0	0	0	0	0	0	0	0	0	0	0	0	500	0	0	0	0	0	0	0	0	0	0	0	0	0	0	0	500	0	0	0	0	0	0	0	0	0	0	0	0	0	0	0	0	0	0	0	500	0	0	0	0	0	0	0	0	0	0	0	0	0	0	0	0	0	0	0	0	0	0	0	0	0	0	0	0	0	0	0	0	0	0	0	0	0	0	0	0	0	0	0	0	0	0	
0	0	0	0	0	0	0	0	0	0	0	0	0	0	500	0	0	0	0	0	0	0	0	0	0	0	0	0	0	0	0	0	0	0	0	0	500	0	0	0	0	0	0	0	0	0	500	0	0	0	0	0	0	0	0	0	0	0	0	0	0	0	0	0	0	0	0	0	0	0	0	0	0	0	0	0	0	0	0	0	0	0	0	0	0	0	0	0	0	0	500	0	0	0	0	0	0	0	0	0	0	0	0	0	0	0	0	0	0	0	0	0	0	0	0	0	0	0	0	0	
0	0	0	0	0	0	0	0	0	0	0	0	0	0	0	0	0	0	0	0	0	0	0	0	0	0	0	0	0	0	0	0	0	0	0	500	0	0	0	0	0	0	0	0	0	0	0	0	0	0	0	0	0	0	0	0	0	0	0	0	0	0	0	0	0	0	0	0	0	0	0	0	0	0	0	0	0	0	0	0	0	0	0	0	0	0	0	0	0	0	0	0	0	0	0	0	0	0	0	0	0	0	0	0	0	0	0	0	500	0	500	0	0	0	500	0	0	0	0	0	
0	0	0	0	0	0	0	0	0	0	0	0	0	0	0	0	0	0	0	0	0	0	0	0	0	0	0	0	0	0	0	0	0	0	0	0	0	0	0	0	0	0	0	0	0	0	0	0	0	0	0	0	0	0	0	0	0	0	0	0	0	0	0	0	0	0	0	0	0	0	0	0	0	0	0	0	0	0	0	0	0	0	0	0	0	0	0	0	0	0	0	0	0	500	0	0	0	0	0	500	500	0	0	0	0	0	0	0	0	500	0	0	0	0	0	0	0	0	0	0	
0	0	0	0	0	0	0	0	0	0	0	0	0	0	0	0	0	0	0	0	0	0	0	0	0	0	0	0	0	0	0	0	0	0	0	0	0	0	0	0	0	0	0	0	0	0	0	0	0	0	0	0	0	0	0	0	0	0	500	500	0	500	0	0	0	0	0	0	0	0	0	0	0	500	0	0	0	0	0	0	0	0	0	0	0	0	0	0	0	0	0	0	0	0	0	0	0	0	0	0	0	0	0	0	0	0	0	0	0	0	0	0	0	0	0	0	0	0	0	0	
0	0	0	0	0	0	0	0	0	0	0	0	0	0	0	0	0	0	0	0	0	0	0	0	0	0	0	0	0	0	0	0	0	0	0	0	0	0	0	0	0	0	0	0	0	0	0	0	0	0	0	0	0	0	0	0	0	0	0	0	0	0	0	0	0	500	0	0	0	0	500	0	0	0	0	0	0	0	0	0	0	0	0	0	0	0	500	0	0	0	0	500	0	0	0	0	0	0	0	0	0	0	0	0	0	0	0	0	0	0	0	0	0	0	0	0	0	0	0	0	
0	0	0	0	0	0	0	0	0	0	0	0	0	0	0	0	0	0	0	0	0	0	0	0	0	0	0	0	0	0	0	0	500	500	0	0	0	0	0	0	0	0	0	0	0	0	0	0	0	0	0	0	0	0	0	0	0	0	0	0	0	0	0	0	0	0	0	0	0	0	0	0	0	0	0	0	0	0	500	0	0	0	0	0	0	0	0	0	0	0	0	0	0	0	0	0	500	0	0	0	0	0	0	0	0	0	0	0	0	0	0	0	0	0	0	0	0	0	0	0	
0	0	0	0	0	0	0	0	0	0	0	0	0	0	500	0	0	0	0	0	0	500	0	0	0	0	0	0	0	0	0	0	0	0	0	0	0	0	0	0	0	0	0	0	0	0	500	0	0	0	0	0	0	0	0	0	0	0	0	0	500	0	0	0	0	0	0	0	0	0	0	0	0	0	0	0	0	0	0	0	0	0	0	0	0	0	0	0	0	0	0	0	0	0	0	0	0	0	0	0	0	0	0	0	0	0	0	0	0	0	0	0	0	0	0	0	0	0	0	0	
0	0	0	0	0	0	0	0	0	0	0	500	0	0	0	0	0	0	0	0	0	0	0	0	0	0	0	0	0	0	0	0	0	0	0	0	0	0	0	0	0	0	0	0	0	0	0	0	0	500	0	0	0	0	0	0	0	0	0	0	0	0	0	0	0	0	0	0	0	0	0	0	0	0	0	0	0	0	0	0	0	0	0	0	0	0	0	0	0	0	0	0	0	0	0	0	0	0	0	0	0	0	0	500	0	0	500	0	0	0	0	0	0	0	0	0	0	0	0	0	
0	0	0	0	0	0	0	0	0	0	0	0	0	0	0	0	0	0	0	0	0	0	0	0	0	0	0	500	0	0	500	0	0	0	0	500	0	0	0	0	0	0	0	0	0	0	0	0	0	0	0	0	0	0	0	0	0	0	0	0	0	0	0	0	0	0	0	0	0	0	0	0	0	0	0	0	0	0	0	0	0	0	0	0	0	0	0	0	0	0	0	0	0	0	0	0	0	0	0	0	0	0	0	0	0	0	0	0	500	0	0	0	0	0	0	0	0	0	0	0	
0	0	0	0	0	0	0	0	0	0	0	0	0	0	0	0	0	0	0	0	0	500	0	0	0	0	0	0	0	0	0	0	0	0	0	0	0	500	0	0	0	0	0	500	0	0	0	0	0	0	0	0	0	0	0	0	0	0	0	0	0	0	0	0	0	0	0	0	0	0	0	0	0	0	0	0	0	0	0	0	0	0	0	0	0	0	0	0	0	0	500	0	0	0	0	0	0	0	0	0	0	0	0	0	0	0	0	0	0	0	0	0	0	0	0	0	0	0	0	0	
0	0	0	0	0	0	0	500	0	0	0	0	0	0	0	0	0	0	0	0	500	0	0	0	0	0	0	0	0	0	0	0	0	0	0	0	0	0	0	0	0	0	0	0	0	0	0	0	0	0	0	0	0	0	0	0	500	0	0	0	0	0	0	0	0	0	0	0	0	0	0	0	0	0	0	0	0	0	0	0	0	0	0	0	0	0	0	0	0	0	0	0	0	0	0	0	0	0	0	0	0	0	0	0	500	0	0	0	0	0	0	0	0	0	0	0	0	0	0	0	
0	0	0	0	0	0	0	0	0	0	0	0	0	0	0	0	0	0	0	0	0	0	0	0	0	0	0	0	0	0	0	0	0	500	0	0	0	0	0	0	0	0	0	0	0	0	0	0	0	0	0	0	0	0	0	0	0	0	0	0	0	0	0	0	0	0	0	0	0	0	0	0	0	0	0	0	0	0	500	0	0	0	0	0	0	0	0	0	0	0	0	0	0	0	0	0	500	0	0	0	0	0	0	0	0	0	0	0	0	0	0	0	0	0	0	0	0	0	500	0	
0	0	0	0	0	0	0	0	0	0	0	0	0	0	0	0	0	0	0	0	0	0	0	500	0	0	0	0	0	0	0	0	0	0	0	0	0	0	0	0	0	0	0	0	500	0	0	0	0	0	0	0	0	0	0	0	0	0	0	0	0	0	0	500	0	0	0	0	0	0	0	0	0	0	0	0	0	0	0	0	0	0	0	0	0	0	0	0	0	0	0	0	0	0	0	0	0	0	0	0	0	0	0	500	0	0	0	0	0	0	0	0	0	0	0	0	0	0	0	0	
0	0	0	0	0	0	0	0	0	0	0	0	0	0	0	0	0	0	0	0	0	0	0	0	0	500	0	0	0	0	0	0	0	0	0	0	0	0	0	0	0	0	0	0	0	0	0	0	0	0	0	0	0	0	0	0	0	0	0	0	0	0	0	0	0	0	0	0	0	0	0	0	0	0	0	0	0	0	0	0	500	0	0	0	0	0	0	0	500	0	0	0	0	0	0	0	0	0	0	0	0	0	0	0	0	0	0	0	0	0	0	0	0	500	0	0	0	0	0	0	
0	0	0	0	0	0	0	0	0	0	0	0	0	0	0	0	0	0	0	0	0	0	0	0	0	0	0	0	0	0	0	0	0	0	0	0	0	0	0	0	0	0	0	0	0	0	0	0	0	0	0	0	0	0	0	0	0	0	0	0	0	0	500	0	0	0	0	0	0	0	0	0	0	0	0	0	500	0	0	0	0	0	0	0	0	500	0	0	0	0	0	0	0	0	0	0	0	0	500	0	0	0	0	0	0	0	0	0	0	0	0	0	0	0	0	0	0	0	0	0	
0	0	0	0	0	0	0	0	500	0	500	500	0	0	0	0	0	500	0	0	0	0	0	0	0	0	0	0	0	0	0	0	0	0	0	0	0	0	0	0	0	0	0	0	0	0	0	0	0	0	0	0	0	0	0	0	0	0	0	0	0	0	0	0	0	0	0	0	0	0	0	0	0	0	0	0	0	0	0	0	0	0	0	0	0	0	0	0	0	0	0	0	0	0	0	0	0	0	0	0	0	0	0	0	0	0	0	0	0	0	0	0	0	0	0	0	0	0	0	0	
0	0	0	0	0	500	0	0	0	0	0	0	0	0	0	0	0	0	0	0	0	0	0	0	0	0	0	0	0	0	0	0	0	0	0	0	500	0	0	0	0	0	0	0	0	0	0	0	0	0	0	0	0	0	0	0	0	0	0	0	0	0	0	0	0	0	0	0	0	0	0	0	0	500	0	0	0	500	0	0	0	0	0	0	0	0	0	0	0	0	0	0	0	0	0	0	0	0	0	0	0	0	0	0	0	0	0	0	0	0	0	0	0	0	0	0	0	0	0	0	
0	0	500	0	0	0	0	0	0	0	0	0	0	500	0	0	0	0	0	0	0	0	0	0	0	0	0	0	0	0	0	0	0	0	0	0	0	0	0	0	0	0	0	0	0	0	0	0	0	0	0	0	0	0	0	0	0	0	0	0	0	0	0	0	0	0	0	0	500	0	0	0	0	0	0	0	0	0	0	0	0	0	0	0	0	0	0	0	0	0	0	0	0	0	0	0	0	500	0	0	0	0	0	0	0	0	0	0	0	0	0	0	0	0	0	0	0	0	0	0	
0	0	0	0	0	0	0	0	0	0	0	0	0	0	0	0	0	0	0	0	0	0	0	0	0	0	0	0	0	500	0	0	0	0	0	0	0	0	0	0	0	0	0	0	0	0	0	0	0	0	0	0	0	0	0	0	0	0	0	0	0	0	0	0	0	0	0	0	0	0	0	0	0	0	0	0	0	0	0	0	0	0	0	0	0	0	0	0	0	0	0	0	0	0	500	0	0	0	0	0	0	500	0	0	0	0	0	0	0	0	0	0	500	0	0	0	0	0	0	0	
0	0	0	0	0	0	0	500	0	0	0	0	0	0	0	0	0	0	0	0	500	0	0	0	0	0	0	0	0	0	0	0	0	0	0	0	0	0	0	0	0	0	0	0	0	0	0	500	0	0	0	0	0	0	0	0	0	0	0	0	0	0	0	0	0	0	0	0	0	0	0	0	0	0	0	0	0	0	0	0	0	0	0	0	0	500	0	0	0	0	0	0	0	0	0	0	0	0	0	0	0	0	0	0	0	0	0	0	0	0	0	0	0	0	0	0	0	0	0	0	
0	0	0	0	0	0	0	0	0	0	0	0	0	0	0	0	0	0	0	0	0	0	0	0	0	0	0	0	0	0	0	0	0	0	0	0	0	0	0	0	0	0	0	0	0	0	0	0	0	0	0	0	0	0	0	0	0	0	0	0	0	0	0	0	0	500	0	0	500	0	0	0	0	0	0	0	0	0	0	500	0	0	0	0	0	0	0	0	0	0	0	0	0	0	0	500	0	0	0	0	0	0	0	0	0	0	0	0	0	0	0	0	0	0	0	0	0	0	0	0	
0	0	0	0	0	0	0	0	0	0	0	0	0	0	0	0	0	0	0	0	0	0	0	0	0	0	0	0	0	0	0	0	0	0	0	0	0	0	0	0	500	0	0	0	0	0	0	0	0	0	0	0	0	0	0	0	0	0	0	500	0	500	0	0	0	0	0	0	0	0	0	0	0	0	0	0	0	0	0	0	0	0	0	0	0	0	0	0	0	0	0	0	0	0	0	0	0	0	0	0	0	0	0	0	0	0	0	0	0	0	0	500	0	0	0	0	0	0	0	0	
0	0	0	0	0	0	0	0	0	0	0	0	0	0	0	0	0	0	0	0	0	0	0	0	0	500	0	0	0	0	0	0	0	0	0	0	0	0	0	0	500	0	0	0	0	0	0	0	0	0	0	0	0	0	0	0	0	0	500	0	0	500	0	0	0	0	0	0	0	0	0	0	0	0	0	0	0	0	0	0	0	0	0	0	0	0	0	0	0	0	0	0	0	0	0	0	0	0	0	0	0	0	0	0	0	0	0	0	0	0	0	0	0	0	0	0	0	0	0	0	
0	0	0	0	0	0	0	0	0	0	0	0	0	0	500	0	0	0	0	0	0	500	0	0	0	0	0	0	0	0	0	0	0	0	0	0	0	0	0	0	0	0	0	500	0	0	0	0	0	0	0	0	0	0	0	0	0	0	0	0	0	0	0	0	0	0	0	0	0	0	0	0	0	0	0	0	0	0	0	0	0	0	0	0	0	0	0	0	0	0	500	0	0	0	0	0	0	0	0	0	0	0	0	0	0	0	0	0	0	0	0	0	0	0	0	0	0	0	0	0	
0	0	0	0	0	0	0	0	0	0	0	0	0	0	0	0	0	0	0	0	0	0	0	0	0	500	0	0	0	0	0	0	0	0	0	0	0	0	0	0	500	0	0	0	0	0	0	0	0	0	0	0	0	0	0	0	0	0	500	500	0	0	0	0	0	0	0	0	0	0	0	0	0	0	0	0	0	0	0	0	0	0	0	0	0	0	0	0	0	0	0	0	0	0	0	0	0	0	0	0	0	0	0	0	0	0	0	0	0	0	0	0	0	0	0	0	0	0	0	0	
0	0	0	0	0	0	0	0	0	0	0	0	500	0	0	0	0	0	0	0	0	0	0	0	0	0	0	0	0	0	0	0	0	0	0	0	0	0	0	0	0	0	0	0	0	0	0	0	0	0	0	500	0	0	0	0	0	0	0	0	0	0	0	0	0	0	0	0	0	0	0	0	0	0	0	0	500	0	0	0	0	0	0	0	0	0	0	0	0	0	0	0	0	0	0	0	0	0	500	0	0	0	0	0	0	0	0	0	0	0	0	0	0	0	0	0	0	0	0	0	
0	0	0	0	0	0	0	0	0	0	0	0	0	0	0	0	0	0	0	0	0	0	0	0	0	0	0	0	0	0	0	0	0	0	500	0	0	0	0	0	0	0	0	0	0	0	0	0	0	500	0	0	0	0	0	0	0	0	0	0	0	0	0	0	0	0	0	0	0	0	0	0	0	0	0	0	0	500	0	0	0	0	0	0	0	0	0	0	0	0	0	0	0	0	0	0	0	0	0	0	0	0	0	500	0	0	0	0	0	0	0	0	0	0	0	0	0	0	0	0	
0	0	0	0	0	0	0	0	0	0	0	0	0	0	0	0	0	0	0	0	0	0	500	0	0	0	0	0	0	0	0	0	0	0	0	0	0	0	0	0	0	0	0	0	0	0	0	0	0	0	0	0	0	0	0	0	0	0	0	0	0	0	0	0	0	0	0	0	0	0	0	0	0	0	500	0	0	0	0	0	0	0	0	500	0	0	0	0	0	0	0	0	0	0	0	0	0	0	0	0	0	0	0	0	0	500	0	0	0	0	0	0	0	0	0	0	0	0	0	0	
0	0	0	0	0	0	500	0	0	0	0	0	0	0	0	0	0	0	0	0	0	0	0	0	0	0	0	0	0	0	0	0	0	0	0	0	0	0	0	0	0	500	0	0	0	0	0	0	0	0	0	0	0	0	0	0	0	500	0	0	0	0	0	0	0	0	0	0	0	0	0	0	0	0	0	0	0	0	0	0	0	0	0	0	0	0	0	0	0	0	0	500	0	0	0	0	0	0	0	0	0	0	0	0	0	0	0	0	0	0	0	0	0	0	0	0	0	0	0	0	
0	0	0	0	0	0	0	0	0	0	0	0	0	0	0	0	0	0	0	0	0	0	0	0	0	0	0	0	0	0	0	0	0	0	0	0	0	0	0	0	0	0	0	0	0	0	0	0	0	0	0	0	0	0	0	0	0	0	0	0	0	0	0	0	0	0	0	0	0	0	500	0	0	0	0	0	0	0	0	0	0	0	500	0	0	0	500	0	0	0	0	500	0	0	0	0	0	0	0	0	0	0	0	0	0	0	0	0	0	0	0	0	0	0	0	0	0	0	0	0	
0	0	500	0	0	0	0	0	0	0	0	0	0	500	0	0	0	0	500	0	0	0	0	0	0	0	0	500	0	0	0	0	0	0	0	0	0	0	0	0	0	0	0	0	0	0	0	0	0	0	0	0	0	0	0	0	0	0	0	0	0	0	0	0	0	0	0	0	0	0	0	0	0	0	0	0	0	0	0	0	0	0	0	0	0	0	0	0	0	0	0	0	0	0	0	0	0	0	0	0	0	0	0	0	0	0	0	0	0	0	0	0	0	0	0	0	0	0	0	0	
0	0	0	0	0	0	0	0	0	0	0	0	0	0	0	0	0	0	0	0	0	0	0	0	0	0	0	0	0	0	0	0	0	0	0	0	0	0	0	0	0	0	0	0	0	0	0	0	0	0	0	0	0	0	500	0	0	500	0	0	0	0	0	0	0	0	0	0	0	0	0	0	0	0	0	0	0	0	0	0	0	0	0	0	0	0	0	0	0	0	0	0	0	0	0	0	0	0	0	0	0	0	500	0	0	0	0	500	0	0	0	0	0	0	0	0	0	0	0	0	
0	0	0	500	0	0	0	0	0	0	0	0	0	0	0	0	500	0	0	0	0	0	0	0	0	0	0	0	0	0	0	500	0	0	0	0	0	0	0	0	0	0	0	0	0	0	0	0	0	0	0	0	0	0	0	0	0	0	0	0	0	0	0	0	0	0	0	0	0	0	0	500	0	0	0	0	0	0	0	0	0	0	0	0	0	0	0	0	0	0	0	0	0	0	0	0	0	0	0	0	0	0	0	0	0	0	0	0	0	0	0	0	0	0	0	0	0	0	0	0	
0	0	0	0	0	0	0	0	0	0	0	0	0	0	0	0	0	0	0	0	0	0	0	0	0	0	0	0	0	0	0	0	0	0	0	0	0	0	0	0	0	500	0	0	0	0	0	0	0	0	0	0	0	0	0	0	0	0	0	0	0	0	0	0	0	0	500	0	0	0	0	0	0	0	0	0	0	0	0	500	0	0	0	0	0	0	500	0	0	0	0	0	0	0	0	0	0	0	0	0	0	0	0	0	0	0	0	0	0	0	0	0	0	0	0	0	0	0	0	0	
0	0	0	500	0	0	0	0	0	0	0	0	0	0	0	0	500	0	0	0	0	0	0	0	0	0	0	0	0	0	0	500	0	0	0	0	0	0	0	0	0	0	0	0	0	0	0	0	0	0	0	0	0	0	0	0	0	0	0	0	0	0	0	0	0	0	0	0	0	500	0	0	0	0	0	0	0	0	0	0	0	0	0	0	0	0	0	0	0	0	0	0	0	0	0	0	0	0	0	0	0	0	0	0	0	0	0	0	0	0	0	0	0	0	0	0	0	0	0	0	
0	0	0	0	0	0	0	0	500	0	0	500	0	0	0	0	0	0	0	0	0	0	0	0	0	0	0	0	0	0	0	0	0	0	0	0	0	0	0	0	0	0	0	0	0	0	0	0	0	0	0	0	0	0	0	0	0	0	0	0	0	0	0	0	0	0	0	0	0	0	0	0	0	0	0	0	0	0	0	0	0	0	0	0	500	0	0	0	0	500	0	0	0	0	0	0	0	0	0	0	0	0	0	0	0	0	0	0	0	0	0	0	0	0	0	0	0	0	0	0	
0	0	0	0	0	500	0	0	0	0	0	0	0	0	0	0	0	0	0	0	0	0	0	0	0	0	0	0	0	0	0	0	0	0	0	0	500	0	0	0	500	0	0	0	0	0	0	0	0	0	0	0	0	500	0	0	0	0	0	0	0	0	0	0	0	0	0	0	0	0	0	0	0	0	0	0	0	0	0	0	0	0	0	0	0	0	0	0	0	0	0	0	0	0	0	0	0	0	0	0	0	0	0	0	0	0	0	0	0	0	0	0	0	0	0	0	0	0	0	0	
0	0	0	0	0	0	0	0	0	0	0	0	0	0	0	0	0	0	0	0	0	0	500	0	0	0	0	0	0	0	0	0	0	0	0	0	0	0	0	0	0	0	0	0	0	0	0	0	0	0	0	0	0	0	0	0	0	0	0	0	0	0	0	0	500	0	0	0	0	0	0	0	0	0	0	0	0	0	0	0	0	500	0	0	0	0	0	0	0	0	0	0	0	0	0	0	0	0	0	0	0	0	0	0	0	0	0	0	0	0	0	0	0	0	0	0	500	0	0	0	
0	0	0	0	0	0	0	0	0	0	0	0	0	0	0	0	0	0	0	0	0	0	0	0	0	0	0	0	0	0	0	0	0	0	0	0	0	0	0	0	0	0	0	0	0	0	0	0	0	0	0	0	0	0	0	0	0	0	0	0	0	0	0	0	0	0	0	0	0	0	0	0	0	0	0	0	0	0	0	0	0	0	0	500	0	0	0	500	0	0	500	0	0	0	0	0	0	0	0	0	0	0	0	0	0	500	0	0	0	0	0	0	0	0	0	0	0	0	0	0	
0	500	0	0	0	0	0	0	0	0	0	0	500	0	0	0	0	0	0	0	0	0	0	0	0	0	0	0	0	0	0	0	0	0	0	0	0	0	0	0	0	0	0	0	0	0	0	0	0	0	0	500	0	0	0	0	0	0	0	0	0	0	500	0	0	0	0	0	0	0	0	0	0	0	0	0	0	0	0	0	0	0	0	0	0	0	0	0	0	0	0	0	0	0	0	0	0	0	0	0	0	0	0	0	0	0	0	0	0	0	0	0	0	0	0	0	0	0	0	0	
0	0	0	0	0	0	0	0	0	0	0	0	0	0	0	0	0	0	0	0	0	0	0	0	0	0	0	0	0	0	0	0	0	0	0	0	0	0	0	0	0	0	0	0	0	0	0	0	0	0	0	0	0	500	0	0	0	0	0	0	0	0	0	500	0	0	0	0	0	0	0	0	0	0	0	0	0	0	0	0	0	0	0	0	0	0	0	0	0	0	0	0	0	0	0	0	0	0	0	0	0	0	0	0	0	0	0	0	0	0	0	500	0	0	0	0	0	500	0	0	
0	0	0	0	0	0	0	0	0	0	0	0	0	0	0	0	0	0	0	0	0	0	0	0	0	0	0	0	0	0	0	0	0	500	0	0	0	0	0	0	0	0	500	0	0	0	0	0	500	0	0	0	0	0	0	0	0	0	0	0	0	0	0	0	0	0	0	0	0	0	0	0	0	0	0	0	0	0	0	0	0	0	0	0	0	0	0	0	0	0	0	0	0	0	0	0	500	0	0	0	0	0	0	0	0	0	0	0	0	0	0	0	0	0	0	0	0	0	0	0	
500	0	0	0	0	0	500	0	0	0	0	0	0	0	0	0	0	0	0	0	0	0	0	0	0	0	0	0	0	0	0	0	0	0	0	0	0	0	0	0	0	0	0	0	0	0	0	0	0	0	0	0	0	0	0	0	0	500	0	0	0	0	0	0	0	0	0	0	0	0	500	0	0	0	0	0	0	0	0	0	0	0	0	0	0	0	0	0	0	0	0	0	0	0	0	0	0	0	0	0	0	0	0	0	0	0	0	0	0	0	0	0	0	0	0	0	0	0	0	0	
0	0	0	0	0	0	0	0	0	0	0	0	0	0	0	0	0	0	0	0	0	0	0	0	0	0	0	0	0	0	0	0	0	0	0	0	0	0	0	0	0	0	0	0	0	0	0	0	0	0	500	0	0	0	0	0	0	0	0	0	0	0	0	0	0	0	0	0	0	0	0	0	0	0	0	0	0	0	0	0	0	0	0	0	0	0	0	0	0	0	0	0	0	0	0	0	0	0	0	0	0	0	0	0	0	0	0	500	0	0	0	500	0	500	0	0	0	0	0	0	
0	0	0	0	0	0	0	0	0	0	0	0	0	0	0	0	0	0	0	0	0	0	0	0	0	0	0	0	0	0	0	0	0	0	0	0	0	0	0	0	0	0	0	0	0	0	0	0	0	0	0	0	0	0	0	0	0	0	0	0	0	0	0	0	0	0	0	0	0	0	0	0	0	0	500	0	0	0	0	0	0	0	0	500	0	0	0	0	0	0	0	0	0	0	0	0	0	0	0	0	0	0	0	0	0	500	0	0	0	0	0	0	0	0	0	0	500	0	0	0	
0	0	0	0	0	0	0	0	0	0	0	0	0	0	0	0	0	0	0	0	0	0	0	0	0	0	0	0	0	0	0	0	0	0	0	0	0	0	0	0	0	0	0	0	0	0	0	0	0	0	0	0	0	0	0	0	0	0	0	0	0	0	0	0	0	0	500	0	0	0	0	0	0	0	0	0	0	0	0	0	0	0	0	0	0	0	0	0	0	0	0	0	0	0	0	0	0	0	0	0	0	0	0	0	0	0	0	0	0	0	500	0	0	0	500	0	0	0	0	500	
0	0	0	0	0	0	0	0	0	0	0	0	0	0	0	0	0	0	0	0	0	0	500	0	0	0	0	0	0	0	0	0	0	0	0	0	0	0	0	0	0	0	0	0	0	0	0	0	0	0	0	0	0	0	0	0	0	0	0	0	0	0	0	0	500	0	0	0	0	0	0	0	0	0	0	500	0	0	0	0	0	500	0	0	0	0	0	0	0	0	0	0	0	0	0	0	0	0	0	0	0	0	0	0	0	0	0	0	0	0	0	0	0	0	0	0	0	0	0	0	
0	0	0	0	0	0	0	0	0	0	0	500	0	0	0	0	0	0	0	0	0	0	0	0	0	0	0	0	0	0	0	0	0	0	0	0	0	0	0	0	0	0	0	0	0	0	0	0	0	0	0	0	0	0	0	0	0	0	0	0	0	0	0	0	0	0	0	0	0	0	0	0	500	0	0	0	0	0	0	0	0	0	0	0	0	0	0	0	0	500	0	0	0	0	0	0	0	0	0	0	0	0	0	0	0	0	0	0	0	0	0	0	0	0	0	0	0	500	0	0	
0	0	0	0	0	0	0	0	0	0	0	0	0	0	0	0	0	0	0	0	0	0	0	0	0	0	0	0	0	0	0	0	0	0	0	0	0	0	0	0	0	0	0	0	0	0	0	0	0	0	0	500	0	0	0	0	500	0	0	0	0	0	0	0	0	0	0	0	0	0	0	0	0	0	0	0	0	0	0	0	0	0	0	0	0	0	0	0	0	0	0	0	0	0	500	0	0	0	0	0	0	500	0	0	0	0	0	0	0	0	0	0	0	0	0	0	0	0	0	0	
0	0	0	0	0	0	0	0	0	0	0	0	0	0	0	0	0	0	0	0	0	0	0	0	0	0	0	0	0	0	0	0	0	0	0	0	0	0	0	0	0	500	0	0	0	0	0	0	0	0	0	0	0	0	0	0	0	0	0	0	0	0	0	0	0	0	500	0	0	0	500	0	0	0	0	0	0	0	0	0	0	0	0	0	0	0	0	0	0	0	0	0	0	0	0	500	0	0	0	0	0	0	0	0	0	0	0	0	0	0	0	0	0	0	0	0	0	0	0	0	
0	0	0	500	0	0	0	0	0	0	0	0	0	0	0	0	500	0	0	0	0	0	0	0	0	0	0	0	0	0	0	500	0	0	0	0	0	0	0	0	0	0	0	0	0	0	0	0	0	0	0	0	0	0	0	0	0	0	0	0	0	0	0	0	0	0	0	0	0	0	0	0	0	0	0	500	0	0	0	0	0	0	0	0	0	0	0	0	0	0	0	0	0	0	0	0	0	0	0	0	0	0	0	0	0	0	0	0	0	0	0	0	0	0	0	0	0	0	0	0	
0	0	0	0	0	0	0	500	0	0	0	0	0	0	0	0	0	0	0	0	0	0	0	0	0	500	0	0	0	0	0	500	0	0	0	0	0	0	0	0	0	0	0	0	0	0	0	0	0	0	500	0	0	0	0	0	0	0	0	0	0	0	0	0	0	0	0	0	0	0	0	0	0	0	0	0	0	0	0	0	0	0	0	0	0	0	0	0	0	0	0	0	0	0	0	0	0	0	0	0	0	0	0	0	0	0	0	0	0	0	0	0	0	0	0	0	0	0	0	0	
0	0	0	0	0	0	0	0	0	0	500	0	0	0	0	0	0	500	0	0	0	0	0	0	0	0	0	0	0	0	0	0	0	0	0	0	0	0	0	0	0	0	0	0	0	0	0	0	0	0	0	0	0	0	0	0	0	0	0	0	0	0	0	0	0	0	0	0	0	0	0	0	500	0	0	0	0	0	0	0	0	0	0	0	500	0	0	0	0	0	0	0	0	0	0	0	0	0	0	0	0	0	0	0	0	0	0	0	0	0	0	0	0	0	0	0	0	0	0	0	
0	0	0	0	0	0	0	0	0	0	0	0	0	0	0	0	0	0	0	0	0	0	0	0	0	0	0	0	0	0	0	0	0	0	0	0	0	500	0	0	0	0	0	0	0	0	500	0	0	0	0	0	0	0	0	0	0	0	0	0	500	0	0	0	0	0	0	0	0	0	0	0	0	0	0	500	0	0	0	0	0	0	0	0	0	0	0	0	0	0	0	0	0	0	0	0	0	0	0	0	0	0	0	0	0	0	0	0	0	0	0	0	0	0	0	0	0	0	0	0	
0	0	0	0	0	0	500	0	0	0	0	0	0	0	0	0	0	0	0	0	0	0	0	0	0	0	0	0	0	0	0	0	0	0	0	0	0	0	0	0	0	500	0	0	0	0	0	0	0	0	0	0	0	0	0	0	0	0	0	0	0	0	0	0	0	500	500	0	0	0	0	0	0	0	0	0	0	0	0	0	0	0	0	0	0	0	0	0	0	0	0	0	0	0	0	0	0	0	0	0	0	0	0	0	0	0	0	0	0	0	0	0	0	0	0	0	0	0	0	0	
0	0	0	0	500	0	0	0	0	0	0	0	0	0	0	0	0	0	500	500	0	0	0	0	0	0	0	500	0	0	0	0	0	0	0	0	0	0	0	0	0	0	0	0	0	0	0	0	0	0	0	0	0	0	0	0	0	0	0	0	0	0	0	0	0	0	0	0	0	0	0	0	0	0	0	0	0	0	0	0	0	0	0	0	0	0	0	0	0	0	0	0	0	0	0	0	0	0	0	0	0	0	0	0	0	0	0	0	0	0	0	0	0	0	0	0	0	0	0	0	
0	0	0	0	0	0	0	0	0	0	0	0	0	0	0	0	0	0	0	0	0	0	0	0	500	0	0	0	0	0	0	0	500	0	0	0	0	0	0	500	0	0	0	0	0	0	0	0	0	0	0	0	0	0	0	0	0	0	0	0	0	0	0	0	0	0	0	0	0	0	0	0	0	0	0	0	0	0	0	0	0	0	0	0	0	0	0	0	0	0	0	0	0	0	0	0	0	0	0	0	0	0	0	0	0	0	0	0	0	500	0	0	0	0	0	0	0	0	0	0	
0	0	0	0	0	0	0	0	0	0	0	0	0	0	0	0	0	0	0	0	0	0	0	0	0	0	0	0	0	0	0	0	0	0	0	0	0	0	0	0	0	0	0	0	0	0	0	0	0	0	0	0	0	0	0	500	0	0	0	0	0	0	0	0	0	0	0	0	0	0	0	0	0	0	0	0	0	0	0	0	0	0	0	0	0	500	0	0	0	0	0	0	0	0	0	0	0	0	0	0	0	500	0	0	0	0	0	0	0	0	0	0	500	0	0	0	0	0	0	0	
500	0	0	0	0	0	0	0	0	0	0	0	0	0	0	0	0	0	0	0	0	0	0	0	0	0	0	0	0	0	0	0	0	0	0	0	0	0	0	0	0	0	0	0	0	0	0	0	0	0	0	0	0	0	0	0	0	500	0	0	0	0	0	0	0	0	0	0	0	0	0	0	0	0	0	0	0	0	0	0	0	0	0	0	0	0	500	0	0	0	0	0	0	0	0	0	0	0	0	0	0	0	0	0	0	0	0	500	0	0	0	0	0	0	0	0	0	0	0	0	
0	0	0	0	0	0	0	0	0	0	0	0	0	0	0	0	0	0	0	0	0	0	0	0	0	0	0	0	0	0	0	0	0	500	0	0	0	0	0	0	0	0	500	0	0	0	0	0	500	0	0	0	0	0	0	0	0	0	0	0	0	0	0	0	0	0	0	0	0	0	0	0	0	0	0	0	0	0	500	0	0	0	0	0	0	0	0	0	0	0	0	0	0	0	0	0	0	0	0	0	0	0	0	0	0	0	0	0	0	0	0	0	0	0	0	0	0	0	0	0	
0	0	0	0	0	0	0	0	0	500	0	0	0	0	0	0	0	0	0	0	0	0	0	0	0	0	500	0	0	500	0	0	0	0	0	0	0	0	0	0	0	0	0	0	0	0	0	0	0	0	0	0	0	0	500	0	0	0	0	0	0	0	0	0	0	0	0	0	0	0	0	0	0	0	0	0	0	0	0	0	0	0	0	0	0	0	0	0	0	0	0	0	0	0	0	0	0	0	0	0	0	0	0	0	0	0	0	0	0	0	0	0	0	0	0	0	0	0	0	0	
0	500	0	0	0	0	0	0	0	0	0	0	500	0	0	0	0	0	0	0	0	0	0	0	0	0	0	0	0	0	0	0	0	0	0	0	0	0	0	0	0	0	0	0	0	0	0	0	0	0	0	500	0	0	0	0	0	0	0	0	0	0	500	0	0	0	0	0	0	0	0	0	0	0	0	0	0	0	0	0	0	0	0	0	0	0	0	0	0	0	0	0	0	0	0	0	0	0	0	0	0	0	0	0	0	0	0	0	0	0	0	0	0	0	0	0	0	0	0	0	
0	0	0	0	0	0	0	0	0	0	0	0	0	0	0	500	0	0	0	0	0	0	0	0	0	0	0	0	0	0	0	0	0	0	0	0	0	0	0	500	0	0	0	0	0	0	0	0	0	0	0	0	0	0	0	0	0	0	0	0	0	0	0	0	0	0	0	0	0	0	0	0	0	0	0	0	0	0	0	0	0	0	0	0	0	0	0	0	0	0	0	0	0	0	0	0	0	0	0	0	500	0	0	0	0	0	0	0	0	0	0	0	0	0	0	500	0	0	0	0	
0	0	0	0	0	0	0	0	0	0	0	0	0	0	0	0	0	0	0	0	0	0	0	0	500	0	0	0	0	0	0	0	0	0	0	0	0	0	0	500	0	0	0	0	0	0	0	0	0	0	0	0	0	0	0	0	0	0	0	0	0	0	0	0	0	0	0	0	0	0	0	0	0	0	0	0	0	0	0	0	0	0	0	0	0	0	0	0	0	0	0	0	0	0	0	0	0	0	0	500	0	0	0	0	0	0	0	0	0	0	0	0	0	0	0	500	0	0	0	0	
0	0	0	0	0	0	0	0	0	0	0	0	0	0	0	0	0	0	0	0	0	0	0	0	0	0	0	0	0	500	0	0	0	0	0	0	0	0	0	0	0	0	0	0	0	0	0	0	0	0	0	0	0	0	0	500	0	0	0	0	0	0	0	0	0	0	0	0	0	0	0	0	0	0	0	0	0	0	0	0	0	0	0	0	0	500	0	0	0	0	0	0	0	0	500	0	0	0	0	0	0	0	0	0	0	0	0	0	0	0	0	0	0	0	0	0	0	0	0	0	
0	0	0	0	0	0	0	0	0	0	0	0	0	0	0	0	0	0	0	0	0	0	0	0	0	0	0	0	500	0	0	0	0	0	0	0	0	0	0	0	0	0	0	0	0	0	0	0	0	0	0	0	0	0	0	0	0	0	0	0	0	0	0	0	0	0	0	0	500	0	0	0	0	0	0	0	0	0	0	0	0	0	0	0	0	0	0	0	0	0	0	0	0	0	0	0	0	0	0	0	0	0	0	0	500	0	0	0	0	0	0	0	500	0	0	0	0	0	0	0	
0	0	0	0	0	500	0	0	0	0	0	0	0	0	0	0	0	0	0	0	0	0	0	0	0	0	0	0	0	0	0	0	0	0	0	0	0	0	0	0	0	0	0	0	500	0	0	0	0	500	0	0	0	0	0	0	0	0	0	0	0	0	0	500	0	0	0	0	0	0	0	0	0	0	0	0	0	0	0	0	0	0	0	0	0	0	0	0	0	0	0	0	0	0	0	0	0	0	0	0	0	0	0	0	0	0	0	0	0	0	0	0	0	0	0	0	0	0	0	0	
0	0	0	0	0	0	0	500	0	0	0	0	0	0	0	0	0	0	0	0	0	0	0	0	0	0	0	0	0	0	0	0	0	0	0	0	0	0	0	0	0	0	0	0	0	0	0	500	0	0	0	0	0	0	0	0	0	0	0	0	0	0	0	0	0	0	0	0	0	0	0	0	0	0	0	0	0	0	0	0	0	0	0	0	0	0	0	0	0	0	0	0	0	0	0	0	0	0	0	0	0	0	500	0	0	0	0	0	0	0	0	0	500	0	0	0	0	0	0	0	
0	0	0	0	0	0	0	0	0	0	0	0	0	0	0	0	0	0	0	0	0	0	500	0	0	0	0	0	0	0	0	0	0	0	0	0	0	0	0	0	0	0	0	0	0	0	0	0	0	0	0	0	0	0	0	0	0	0	0	0	0	0	0	0	500	0	0	0	0	0	0	0	0	0	0	500	0	0	0	0	0	500	0	0	0	0	0	0	0	0	0	0	0	0	0	0	0	0	0	0	0	0	0	0	0	0	0	0	0	0	0	0	0	0	0	0	0	0	0	0	
0	0	0	0	0	0	0	0	0	0	0	0	0	0	0	500	0	0	0	0	0	0	0	500	0	0	0	0	0	0	0	0	0	0	500	0	0	0	0	0	0	0	0	0	500	0	0	0	0	0	0	0	0	0	0	0	0	0	0	0	0	0	0	0	0	0	0	0	0	0	0	0	0	0	0	0	0	0	0	0	0	0	0	0	0	0	0	0	0	0	0	0	0	0	0	0	0	0	0	0	0	0	0	0	0	0	0	0	0	0	0	0	0	0	0	0	0	0	0	0	
0	0	0	0	0	0	0	0	0	0	0	0	0	0	0	0	0	0	0	0	0	0	0	0	0	0	0	0	500	0	0	0	0	0	0	0	0	0	0	0	0	0	0	0	0	0	0	0	0	0	0	0	0	0	0	0	0	0	0	0	0	0	0	0	0	0	0	0	500	0	0	0	0	0	0	0	0	0	0	0	500	0	0	0	0	0	0	0	0	0	0	0	0	0	0	500	0	0	0	0	0	0	0	0	0	0	0	0	0	0	0	0	0	0	0	0	0	0	0	0	
0	0	0	0	0	0	0	0	0	0	0	0	0	0	0	0	0	0	0	0	0	0	0	0	0	0	0	0	0	0	0	0	0	0	0	500	0	0	500	0	0	0	0	0	0	500	0	0	0	0	0	0	0	0	0	0	0	0	0	0	0	0	0	0	0	0	0	0	0	0	0	0	0	0	0	0	0	0	0	0	0	0	0	0	0	0	0	0	0	0	0	0	0	0	0	0	0	0	0	0	0	0	0	0	0	0	0	0	0	0	0	0	0	0	500	0	0	0	0	0	
0	0	0	0	0	0	0	0	0	0	0	0	0	0	0	0	0	0	0	0	0	0	0	0	500	0	0	0	0	0	0	0	500	0	0	0	0	0	0	500	0	0	0	0	0	0	0	0	0	0	0	0	0	0	0	0	0	0	0	0	0	0	0	0	0	0	0	0	0	0	0	0	0	0	0	0	0	0	0	0	0	0	0	0	0	0	0	0	0	0	0	0	0	500	0	0	0	0	0	0	0	0	0	0	0	0	0	0	0	0	0	0	0	0	0	0	0	0	0	0	
0	0	0	0	0	0	0	0	0	0	0	0	0	0	0	0	0	0	0	0	0	0	0	0	0	0	0	0	0	0	0	0	0	0	0	0	0	0	500	0	0	0	0	0	0	0	0	0	0	0	0	0	0	0	0	0	0	0	0	0	0	0	0	0	0	0	0	0	0	0	0	0	0	0	0	0	0	0	0	0	0	0	500	0	0	0	0	0	0	0	0	0	0	0	0	0	0	0	0	0	0	0	0	0	0	0	0	0	0	0	0	0	0	0	0	500	0	0	0	500	
500	0	0	0	0	0	0	0	0	0	0	0	0	0	0	0	0	0	0	0	0	0	0	0	0	0	0	0	0	0	0	0	0	0	0	0	0	0	0	0	0	0	0	0	0	0	0	0	0	0	0	0	0	0	0	0	0	0	500	0	0	0	0	0	0	0	0	0	0	0	0	0	0	0	0	0	0	500	0	0	500	0	0	0	0	0	0	0	0	0	0	0	0	0	0	0	0	0	0	0	0	0	0	0	0	0	0	0	0	0	0	0	0	0	0	0	0	0	0	0	
0	0	0	0	0	0	0	0	0	0	0	0	0	0	0	0	0	0	0	0	0	0	0	0	0	0	0	0	0	0	0	0	0	0	0	0	0	0	0	0	0	0	0	0	0	0	0	0	0	0	0	0	0	0	0	500	0	0	0	0	0	0	0	0	0	0	0	0	0	0	0	0	0	0	0	0	0	0	0	0	0	0	0	0	0	0	0	0	0	0	0	0	0	0	500	0	0	0	0	0	0	0	500	0	500	0	0	0	0	0	0	0	0	0	0	0	0	0	0	0	
0	0	0	0	0	0	0	0	0	0	0	0	0	0	0	0	0	0	0	0	500	0	0	0	0	0	0	0	500	0	0	0	0	0	0	0	0	0	0	0	0	0	0	0	0	0	0	0	0	0	500	0	0	0	0	0	0	0	0	0	0	0	0	0	0	0	0	0	0	0	0	0	0	0	0	0	0	0	0	0	500	0	0	0	0	0	0	0	0	0	0	0	0	0	0	0	0	0	0	0	0	0	0	0	0	0	0	0	0	0	0	0	0	0	0	0	0	0	0	0	
0	0	0	0	0	0	0	0	0	0	0	0	0	0	0	0	0	0	0	0	0	0	0	0	0	0	0	0	0	0	0	0	0	0	0	500	0	0	500	0	0	0	0	0	0	0	0	0	0	0	0	0	0	0	0	0	0	0	0	0	0	0	0	0	0	0	0	0	0	0	0	0	0	0	0	0	0	0	0	0	0	0	500	0	0	0	0	0	0	0	0	0	0	0	0	0	0	0	0	0	0	0	0	0	0	0	0	0	500	0	0	0	0	0	0	0	0	0	0	0	
0	0	0	0	0	0	0	0	0	0	0	0	0	0	0	0	0	0	0	0	0	0	0	0	0	0	0	0	0	0	0	0	0	0	0	0	0	0	0	0	0	0	0	0	0	0	0	0	0	0	0	0	0	0	0	0	0	0	0	0	0	0	0	0	0	0	0	0	0	0	0	0	0	0	0	0	0	0	0	0	0	0	0	0	0	0	0	0	0	0	0	0	0	0	0	0	0	0	0	500	500	0	0	0	0	0	0	0	0	0	500	0	0	0	0	0	0	0	0	500	
0	0	0	0	0	0	0	0	0	0	0	0	0	0	0	0	0	0	0	0	0	0	0	0	0	0	0	0	0	0	0	0	0	0	0	0	0	0	0	0	0	0	0	0	0	0	0	0	0	0	0	0	0	0	0	0	0	0	0	0	0	0	0	0	0	0	0	0	0	0	0	0	0	0	500	0	0	0	0	0	0	500	0	0	0	0	0	0	0	0	0	0	0	0	0	0	0	0	0	0	0	0	0	0	0	0	0	0	0	0	0	0	0	0	0	0	0	500	0	500	
0	0	0	0	0	0	0	0	0	0	0	0	0	0	0	0	0	0	0	0	0	0	0	0	0	0	0	0	0	0	0	0	0	0	0	0	0	0	0	0	0	0	0	0	0	0	0	0	0	0	0	0	0	0	0	0	0	0	0	0	0	0	0	0	0	0	0	0	0	0	0	0	0	0	0	0	0	500	0	0	0	0	0	0	500	0	0	0	0	0	0	0	0	0	0	0	0	0	0	0	0	0	0	0	0	0	0	0	0	0	0	0	0	0	0	0	500	0	500	0	
0	0	0	0	500	0	0	0	0	0	0	0	0	0	0	0	0	0	0	0	0	0	0	0	0	0	0	0	0	0	500	0	0	0	0	0	0	0	0	0	0	0	0	0	0	0	0	0	500	0	0	0	0	0	0	0	0	0	0	0	0	0	0	0	0	0	0	0	0	0	0	0	0	0	0	0	0	0	0	0	0	0	0	0	0	0	0	0	0	0	0	0	0	0	0	0	0	0	0	0	0	0	0	0	0	0	0	0	0	0	0	0	0	0	0	0	0	500	0	0	
0	0	0	0	0	0	0	0	0	0	0	0	0	0	0	0	0	0	0	0	0	0	0	0	0	0	0	0	0	0	0	0	0	0	0	0	0	0	0	0	0	0	0	0	0	0	0	0	0	0	0	0	0	0	0	0	0	0	0	0	0	0	0	0	0	0	0	0	0	0	0	0	0	0	0	0	0	0	0	0	0	0	500	0	0	0	0	0	0	0	0	0	0	0	0	0	0	0	0	0	0	0	0	0	0	0	0	0	0	0	500	0	0	0	0	500	500	0	0	0	
61	110	107	76	66	86	57	45	60	8	114	107	80	38	62	34	73	93	3	107	41	67	115	47	96	48	23	63	47	37	7	68	119	84	85	23	57	61	18	89	55	66	31	27	80	11	108	62	95	58	43	50	4	31	13	114	81	107	10	38	93	24	84	118	107	63	28	5	43	72	82	10	54	116	8	64	45	101	39	62	66	51	104	23	69	0	11	114	55	100	10	25	89	73	53	109	68	63	47	48	114	23	15	73	83	99	70	18	56	76	119	84	50	66	65	80	74	70	118	87	90	10	47	82	106	54	52	90	91	76	47	71	110	12	64	60	92	119	114	65	71	23	108	54	7	69	80	22	101	1	6	81	26	68	24	7	103	64	95	99	6	78	52	12	103	29	23	44	35	33	42	5	43	56	30	30	8	61	35	25	108	17	35	24	63	20	63	90	34	88	88	73	6	60	62	22	53	68	11	58	6	79	112	118	44	46	29	43	23	35	76	10	48	102	110	83	41	89	67	17	105	4	37	52	51	8	101	45	31	103	60	28	63	114	90	108	42	97	113	36	3	85	89	23	2	0	13	68	32	34	52	70	22	37	80	92	102	41	65	0	119	16	57	4	60	18	1	7	109	73	66	35	20	85	100	113	40	63	113	26	108	65	34	71	104	43	119	105	101	7	90	57	36	22	20	32	63	7	94	111	78	85	16	111	33	17	4	88	4	43	66	53	101	90	52	23	24	8	103	90	96	34	17	76	74	60	7	25	89	68	78	110	45	23	82	64	40	26	42	100	73	49	98	55	4	113	118	22	111	25	4	103	78	44	114	94	47	103	51	72	70	33	29	66	88	77	93	65	91	48	15	42	3	97	26	74	77	74	82	15	15	83	51	93	21	87	43	105	21	84	96	119	107	70	118	109	32	42	28	107	66	39	114	3	91	55	56	110	46	113	47	108	82	87	17	95	41	75	86	63	12	20	39	54	84	101	101	85	81	38	66	92	14	71	102	28	26	115	83	56	95	18	41	111	14	69	9	18	40	45	60	27	21	75	52	50	64	33	65	90	48	62	109	89	111	76	56	99	54	53	3	47	13	16	55	102	39	72	86	98	43	53	16	12	35	7	39	4	24	1	67	68	27	99	77	20	77	46	22	38	30	99	88	34	9	107	107	51	109	96	32	23	28	81	113	73	39	56	22	90	46	7	1	75	100	54	105	84	16	117	17	30	28	23	10	67	57	52	116	116	88	29	8	113	97	35	108	119	63	69	27	17	11	74	66	12	85	63	14	5	26	56	92	82	40	107	97	103	52	45	50	49	18	107	29	46	104	2	13	18	66	102	96	82	45	53	51	35	0	60	4	19	77	111	62	21	51	85	119	48	23	17	61	81	101	97	75	43	27	113	15	101	85	32	79	36	89	49	6	3	67	98	59	73	73	7	73	106	63	79	62	19	51	77	0	41	82	7	82	114	55	2	19	58	82	90	102	38	118	70	113	25	116	19	96	67	100	89	62	70	96	72	12	61	66	116	67	57	40	30	75	0	56	115	17	100	105	89	18	12	20	117	58	115	117	27	19	28	103	51	77	40	90	79	105	40	55	90	117	23	61	3	112	76	79	98	10	108	97	109	82	5	68	74	37	20	15	89	81	57	111	8	1	116	65	70	100	99	82	17	30	88	95	101	90	42	12	37	38	4	28	113	118	116	35	38	44	116	78	30	17	30	77	106	94	100	12	81	36	70	45	10	69	21	119	1	113	48	43	90	72	41	96	30	64	117	64	84	113	74	48	83	33	36	113	10	74	22	108	89	57	19	19	89	107	8	107	21	41	4	69	61	31	88	83	115	56	114	59	3	105	50	62	71	11	92	43	82	96	15	64	91	73	36	11	64	100	83	1	80	109	36	67	107	48	34	16	44	21	52	111	97	37	10	67	94	83	67	10	68	119	87	99	30	115	21	19	11	75	20	112	74	23	118	56	12	7	90	36	73	43	48	5	26	44	82	116	71	1	31	17	11	71	26	117	101	27	15	24	103	14	16	56	92	29	98	97	42	77	105	26	100	114	18	96	111	92	54	24	48	103	81	32	49	113	21	68	48	61	118	68	43	105	115	40	78	69	115	71	50	105	107	109	93	17	44	98	72	79	83	71	3	1	92	18	36	16	36	46	15	64	90	84	22	21	35	17	109	79	46	45	108	28	114	17	113	113	51	8	59	68	24	6	112	2	103	93	39	42	0	7	107	56	49	47	33	3	34	6	25	31	6	105	80	113	45	42	86	70	99	22	12	61	8	29	119	17	92	2	111	0	42	66	78	31	37	92	55	58	11	106	75	69	50	18	47	41	51	118	101	104	52	91	65	55	3	111	64	74	27	37	73	12	46	26	28	67	119	118	3	9	71	45	71	21	0	106	33	18	55	83	97	89	66	62	62	27	33	21	25	75	105	62	24	82	13	73	14	11	76	74	108	67	14	97	117	20	7	92	81	37	42	16	31	82	87	106	96	69	32	22	111	7	37	81	31	101	102	55	0	81	76	25	85	22	95	115	5	109	57	12	106	82	28	47	30	68	94	21	115	106	83	55	36	66	78	47	119	100	71	44	111	100	37	97	75	90	92	101	17	5	10	49	83	94	91	72	66	82	57	12	42	27	35	95	23	69	62	89	52	85	65	13	17	17	44	77	107	62	49	56	36	39	72	29	69	61	93	71	104	30	74	118	25	31	52	52	114	52	54	88	109	52	55	19	104	96	27	97	87	80	115	69	52	4	60	108	14	76	112	11	32	95	39	17	96	103	14	86	48	61	89	15	89	65	92	28	69	96	86	97	50	45	57	11	104	56	60	66	60	1	89	91	102	1	76	55	26	107	24	95	66	103	16	15	11	115	106	61	118	89	76	53	24	89	75	82	112	76	99	0	72	36	45	83	46	9	92	53	63	56	26	21	117	32	93	82	29	68	40	63	39	84	36	100	72	1	71	49	70	21	64	4	117	74	77	30	16	91	84	98	26	66	96	31	52	52	91	6	63	67	89	46	111	97	0	39	8	81	36	68	85	17	79	113	81	71	6	104	31	38	47	100	111	84	50	27	76	17	86	59	94	19	36	26	53	88	57	90	48	59	43	73	25	8	74	71	72	18	54	77	9	45	29	97	98	40	118	55	0	29	34	22	5	102	97	68	31	15	114	117	78	89	33	6	60	6	118	26	46	115	41	5	4	46	102	72	60	83	7	32	52	118	43	97	41	78	28	0	15	6	116	109	39	65	31	116	69	84	28	52	33	62	76	33	83	105	81	46	7	74	102	24	55	3	42	114	80	84	53	0	85	18	109	6	79	118	62	54	12	42	27	34	108	76	22	88	30	54	19	105	25	41	48	23	22	76	14	108	65	34	3	21	112	61	10	106	64	111	23	36	115	92	28	107	74	92	83	38	76	103	85	111	109	115	61	49	27	64	43	86	2	78	3	37	84	56	109	49	40	13	25	82	48	110	65	11	60	83	69	113	35	114	21	66	55	53	52	108	48	47	2	96	20	76	106	32	111	93	69	11	106	20	59	28	76	62	56	79	31	24	67	19	15	98	81	117	66	113	26	3	112	24	17	11	22	110	96	106	17	22	79	11	60	84	15	10	95	97	94	13	98	119	30	4	5	115	84	14	32	107	41	4	82	23	6	32	12	47	32	44	68	93	17	28	98	39	119	7	75	82	15	1	109	50	45	46	59	15	30	7	44	26	83	106	72	55	45	28	40	56	32	15	61	67	81	53	104	64	46	116	97	104	93	50	90	60	78	18	69	20	116	117	83	71	14	21	41	36	103	85	114	100	98	40	29	48	65	53	85	111	27	90	9	8	28	115	44	115	115	41	62	99	56	93	61	80	32	78	29	103	31	106	82	85	110	77	72	101	46	102	44	12	101	34	8	77	53	94	7	115	28	95	109	106	70	34	86	71	6	15	53	45	102	5	1	90	53	119	1	84	49	62	109	94	103	39	91	17	7	112	79	71	57	34	55	27	79	100	42	38	73	85	34	16	13	39	94	119	58	101	55	5	113	90	102	92	80	104	53	20	89	92	70	35	65	49	69	51	113	1	47	105	62	37	26	116	36	26	69	60	16	116	2	74	106	68	106	109	6	68	30	85	8	22	78	66	35	45	16	68	65	38	39	12	106	61	27	17	31	62	64	63	28	24	89	57	47	25	101	84	24	104	25	44	38	79	107	53	24	71	80	69	72	10	17	43	87	57	44	93	69	15	26	103	10	77	3	69	109	3	36	67	87	15	84	20	17	30	67	114	30	56	72	49	111	48	104	21	106	104	119	96	104	70	54	26	17	9	8	119	66	107	45	86	47	103	99	105	39	10	91	69	87	38	40	99	53	7	93	47	53	48	83	73	96	9	105	85	84	79	28	86	77	46	25	21	100	24	109	5	106	26	115	55	33	37	113	52	4	11	56	0	24	87	47	69	23	119	16	113	94	42	29	0	64	44	29	21	6	23	82	103	11	72	55	80	67	119	41	56	106	103	52	106	33	61	112	69	9	12	85	98	65	18	31	65	91	41	23	40	89	119	74	97	66	51	34	68	6	93	80	81	46	99	34	5	99	90	69	50	107	103	109	58	34	40	21	60	76	102	103	48	98	2	81	111	72	56	56	31	69	40	16	22	56	24	39	80	80	16	86	59	96	105	81	40	49	73	86	30	47	77	52	17	68	80	15	31	73	116	45	35	104	65	34	58	64	46	86	88	69	72	112	74	49	89	25	75	117	49	22	94	69	5	46	84	18	31	57	72	42	35	7	30	31	35	119	87	35	92	116	31	92	100	58	73	78	14	36	79	48	67	27	112	54	59	14	114	42	29	37	106	100	52	58	4	41	102	92	119	42	86	14	105	8	7	3	56	22	46	115	51	78	59	1	70	20	88	85	71	115	36	4	109	12	7	50	67	112	32	71	97	30	35	112	73	70	110	26	87	14	48	16	4	115	24	45	76	88	91	91	117	79	66	72	29	18	35	46	68	85	98	16	14	15	40	45	47	57	27	38	17	11	66	115	58	77	70	36	58	66	83	24	27	74	29	108	108	88	62	13	96	65	24	106	24	74	117	11	98	70	94	41	87	96	115	26	18	71	22	65	101	37	107	97	10	104	37	86	117	64	102	92	44	0	58	93	58	82	56	6	116	108	83	90	59	34	1	65	115	95	25	86	30	63	37	98	97	92	70	53	13	108	26	20	105	32	104	79	111	110	69	51	90	108	114	47	92	53	50	79	92	60	78	33	13	81	116	46	54	93	49	22	24	56	106	40	9	96	3	67	41	0	42	89	66	19	64	21	115	89	78	117	81	71	99	56	10	39	98	111	119	62	20	113	61	78	59	41	76	104	52	101	111	77	53	103	95	88	68	70	48	96	103	9	40	109	91	25	9	15	30	24	109	75	75	41	117	101	94	105	10	37	18	35	50	81	52	66	76	44	66	83	68	110	15	75	102	42	64	13	21	74	97	19	77	91	2	119	54	76	52	102	20	95	36	55	99	41	44	57	2	97	17	39	95	71	36	56	105	81	81	58	41	106	72	103	19	40	45	72	94	51	46	68	109	46	96	14	52	78	119	44	95	35	58	20	17	41	83	70	69	113	67	8	13	69	9	71	34	117	96	49	66	68	21	63	13	6	85	99	94	30	95	57	23	90	86	106	86	3	58	15	99	98	78	36	16	42	82	76	9	30	106	98	78	13	37	97	72	31	17	71	48	29	23	92	79	77	117	39	29	22	83	44	106	58	25	75	5	72	86	29	40	25	36	99	62	30	12	28	65	71	42	73	78	105	75	48	66	104	99	98	6	14	62	27	19	4	41	67	71	69	107	18	29	22	54	64	104	114	108	54	11	7	35	119	27	79	3	68	0	56	86	40	85	77	58	41	81	6	71	90	105	6	86	41	67	89	105	8	27	111	59	74	0	14	35	5	94	38	59	38	67	13	47	10	109	8	22	69	102	12	31	14	3	90	16	73	26	108	91	0	95	80	101	63	108	69	85	88	87	39	82	55	75	62	8	22	83	45	10	60	97	12	115	116	83	60	30	93	52	85	84	65	63	42	94	68	84	64	106	80	44	99	11	9	29	25	87	67	24	88	49	116	71	45	44	40	86	19	110	86	37	3	30	33	45	27	81	58	81	84	12	119	58	91	105	68	106	3	79	84	3	79	25	24	68	48	109	110	15	37	114	15	6	82	110	17	14	60	94	70	9	5	70	109	73	78	36	115	7	116	42	23	15	37	20	98	34	41	101	71	23	85	26	34	13	45	10	51	90	113	19	47	34	86	62	101	56	9	61	112	104	71	69	77	62	94	45	9	42	104	21	91	83	83	109	67	40	95	66	33	110	0	81	74	102	118	45	105	93	56	4	91	114	78	5	73	72	111	49	58	113	117	55	33	69	108	44	67	110	2	7	60	64	116	101	2	55	84	99	11	52	1	43	73	104	30	81	33	108	66	76	48	80	52	37	79	17	107	98	79	38	50	109	67	48	63	54	36	114	77	41	75	105	36	103	6	11	61	56	66	20	116	25	18	57	98	107	93	75	88	56	75	31	101	107	79	35	37	50	79	48	13	105	28	60	80	29	28	100	116	108	52	28	22	114	70	31	86	73	26	117	33	69	4	110	45	9	119	100	51	106	47	39	114	61	48	91	26	87	17	64	88	33	77	84	8	77	19	117	93	109	117	105	92	35	116	30	34	41	94	37	19	4	106	65	76	113	62	46	11	116	10	48	47	2	0	38	20	55	32	98	33	58	85	26	73	38	68	7	3	91	116	47	73	38	103	84	22	63	55	33	98	23	15	62	12	20	10	20	42	16	49	58	62	64	29	35	73	34	30	82	13	80	107	96	119	16	75	25	46	70	100	27	105	114	43	65	27	92	45	17	38	2	76	110	5	60	102	49	60	6	81	80	20	81	5	71	115	46	45	47	46	41	64	73	62	3	45	20	81	25	93	6	58	41	38	38	114	64	22	1	108	13	73	1	114	92	29	49	89	81	16	101	23	111	39	44	53	13	66	27	110	69	6	55	73	92	14	8	119	5	40	48	119	33	43	20	73	100	4	82	12	12	105	28	32	112	11	69	113	115	81	71	25	64	75	102	94	77	62	87	117	90	52	39	29	99	13	35	83	106	50	44	33	21	29	108	31	43	59	42	54	9	19	59	34	48	90	82	58	118	85	72	12	94	54	72	2	99	85	98	15	63	60	83	32	39	14	95	66	114	94	59	64	114	10	99	1	107	28	112	74	16	73	0	19	26	32	109	59	80	61	84	85	17	74	49	92	22	63	43	61	88	119	8	29	28	95	76	69	18	36	103	87	37	20	17	57	88	101	90	7	11	38	63	6	18	28	14	103	118	96	19	114	18	111	112	56	110	50	69	79	99	106	85	63	78	36	67	91	62	76	35	2	30	92	98	49	113	102	108	53	26	80	64	1	4	37	54	27	102	40	12	93	66	45	77	105	23	50	103	51	70	82	18	83	48	94	35	78	33	40	37	68	111	55	119	1	27	47	48	77	16	35	93	25	9	65	4	45	112	27	15	51	99	114	108	105	59	93	6	71	56	66	67	99	39	55	95	29	55	38	33	67	86	117	102	48	98	50	60	59	46	39	58	50	41	23	83	37	44	84	64	68	65	101	114	14	53	69	48	103	116	25	55	26	83	78	54	84	92	58	12	118	24	89	54	59	31	1	46	105	30	53	79	58	8	17	92	32	94	119	91	78	8	101	10	97	103	76	114	49	91	44	15	79	16	101	34	29	93	86	62	41	34	25	105	41	74	14	61	76	60	3	70	18	0	50	30	71	0	66	66	50	96	2	57	89	63	31	41	35	4	0	54	56	55	92	37	87	79	30	30	16	1	20	43	83	46	118	70	2	48	68	56	62	81	72	91	112	39	70	46	1	114	90	107	84	44	116	103	20	4	26	50	25	111	60	103	96	11	62	61	7	112	85	103	36	18	82	72	117	13	69	0	1	90	7	4	119	1	52	68	76	54	90	29	87	63	79	79	75	96	117	16	27	102	40	64	28	58	61	58	47	74	102	48	55	40	111	67	61	43	78	71	12	107	102	78	114	93	60	97	111	79	13	4	40	114	37	1	93	37	42	5	21	82	2	45	4	103	39	97	68	5	49	10	46	61	63	116	64	66	97	74	101	92	44	76	31	29	97	24	116	62	16	33	28	83	64	61	68	36	43	36	65	6	17	1	110	101	68	8	63	67	75	65	26	87	38	100	39	56	81	49	4	46	105	29	68	9	15	97	35	15	65	52	62	73	28	98	57	52	20	26	0	72	46	2	1	69	9	109	56	84	62	43	67	77	75	30	37	107	7	103	63	15	103	66	58	105	47	17	23	108	67	98	87	82	106	60	89	22	48	22	69	0	53	37	74	93	4	58	31	81	35	109	116	35	90	109	69	101	56	40	53	69	14	45	113	44	100	68	41	85	68	14	108	45	51	114	73	51	115	83	66	3	71	106	63	99	45	107	65	49	28	86	38	78	53	73	18	57	40	65	11	36	23	118	36	66	16	65	7	17	76	93	110	5	88	74	12	62	62	2	10	23	32	24	84	60	92	14	12	105	66	33	101	110	8	46	61	109	59	18	28	28	21	64	10	116	52	64	79	84	64	83	13	82	80	104	107	18	83	1	18	67	5	66	65	31	78	5	9	102	112	66	79	11	64	38	16	2	45	116	62	30	73	33	80	70	78	59	2	89	95	61	87	18	34	16	94	53	30	44	50	51	93	53	91	25	82	84	45	115	52	25	85	105	82	102	24	95	83	107	90	75	81	23	103	13	9	117	101	99	83	113	65	78	95	113	92	8	65	33	104	1	102	14	14	110	93	17	9	40	87	109	44	40	46	16	83	79	30	4	92	30	97	119	72	96	43	2	45	77	72	71	55	1	92	79	5	1	111	13	42	61	62	71	71	25	16	112	28	48	78	64	50	32	81	64	64	91	115	23	33	41	109	25	31	94	16	64	115	107	80	37	67	101	62	55	75	22	35	29	9	42	40	106	45	6	106	100	45	63	109	70	20	103	82	81	66	100	75	14	103	25	93	21	5	31	86	5	93	63	78	118	63	53	29	10	59	36	48	21	0	119	65	12	74	84	13	82	83	36	51	104	14	62	21	76	65	21	40	73	70	110	60	15	45	106	80	9	86	103	60	84	6	10	100	75	57	87	101	32	16	51	32	114	98	61	56	7	90	29	20	38	67	87	53	65	117	89	94	43	79	90	2	27	9	20	3	45	63	19	81	5	34	85	38	43	79	63	111	3	32	73	93	72	48	115	54	1	113	102	31	25	75	7	34	72	58	73	96	109	16	57	56	112	25	67	94	77	109	20	116	115	21	41	10	119	101	51	86	54	45	56	111	49	110	42	5	37	46	55	35	88	36	7	62	20	99	53	8	114	32	13	10	89	22	56	4	17	8	115	117	62	57	31	45	68	97	114	86	69	73	40	4	31	112	110	22	7	93	88	64	63	102	5	107	103	22	102	114	117	89	62	10	66	72	100	55	111	1	70	11	80	92	86	64	99	84	117	66	58	16	3	64	119	33	50	94	112	109	74	101	76	89	2	33	86	99	48	83	3	64	45	16	20	20	113	70	105	69	25	32	115	13	69	65	78	35	30	55	4	116	25	104	5	82	75	23	113	87	99	93	111	77	18	72	8	14	94	75	72	100	67	5	12	29	2	110	61	88	61	79	37	69	46	64	58	0	112	83	47	85	10	32	107	7	64	105	1	115	118	93	103	77	63	103	3	87	60	17	100	22	65	49	38	33	50	9	107	62	82	2	90	20	67	4	101	24	69	95	43	34	36	24	91	31	11	39	34	7	24	35	35	1	116	13	118	66	59	108	97	19	48	13	98	88	55	65	26	108	22	110	110	101	27	15	32	80	3	115	13	28	32	61	36	64	59	116	74	16	91	93	86	60	90	114	0	34	118	53	6	38	102	50	22	27	118	21	95	12	72	83	61	87	108	109	77	98	22	42	8	1	13	17	54	79	72	61	28	44	82	70	78	106	16	25	102	23	70	47	65	34	82	60	24	36	5	0	37	91	82	18	114	106	56	68	112	93	84	2	40	63	90	34	58	35	109	112	11	104	15	91	2	96	83	77	57	7	110	5	7	116	85	79	43	109	89	109	67	93	58	81	25	27	21	77	74	58	38	114	79	75	4	65	1	62	2	39	27	76	47	80	66	54	71	84	67	36	55	49	35	67	94	71	24	46	111	92	96	64	47	66	19	91	51	102	5	33	69	66	115	74	64	62	110	117	88	11	68	86	59	75	116	39	72	75	69	89	60	73	61	111	57	53	58	102	7	97	101	34	82	93	3	39	50	92	17	69	27	33	44	40	10	43	60	87	95	77	109	64	34	87	114	22	17	30	42	96	4	108	64	75	78	44	9	72	52	31	29	31	70	60	34	84	26	48	59	119	3	34	114	76	70	16	39	63	28	114	49	42	79	63	14	119	20	91	53	93	7	12	21	21	79	79	26	77	99	53	108	72	5	67	59	59	31	1	72	74	56	33	65	104	32	119	4	39	96	65	81	83	118	70	43	88	64	58	48	102	52	35	70	12	100	49	23	112	113	24	9	69	49	12	66	114	6	23	116	115	42	4	8	113	24	34	24	6	81	20	8	28	96	74	60	106	97	102	57	31	109	5	36	100	75	67	85	48	27	6	46	65	36	73	63	92	33	38	63	27	11	91	114	27	55	90	20	84	119	45	40	33	92	72	118	63	83	55	38	37	92	104	38	110	6	52	117	29	39	99	6	18	104	35	71	106	33	70	97	93	109	22	119	40	75	93	101	68	106	93	55	75	2	36	113	112	72	36	78	47	116	27	100	23	105	75	21	12	25	28	113	58	109	31	30	14	110	79	7	109	1	4	0	88	8	50	16	61	54	18	94	84	36	83	44	77	34	36	48	2	35	64	84	4	82	85	95	78	63	4	104	1	30	89	57	8	2	41	105	93	36	105	75	73	2	29	96	23	8	91	3	55	115	68	59	97	10	76	97	22	41	28	50	76	58	116	65	3	35	103	112	71	81	14	49	94	31	41	68	24	50	14	11	74	82	26	89	106	88	93	75	31	3	62	73	68	25	102	57	95	78	103	74	49	43	36	90	70	4	118	111	76	28	105	55	88	89	60	92	67	68	113	16	76	41	112	109	86	114	111	100	61	5	74	32	97	107	2	78	19	115	61	44	106	41	107	90	50	38	40	61	24	86	114	2	10	23	71	118	36	22	105	15	91	31	112	19	25	4	46	69	84	77	81	106	19	20	3	64	112	28	58	68	0	9	36	19	29	72	12	14	68	41	60	90	43	82	25	37	74	66	74	110	37	63	101	79	106	49	88	2	81	72	21	61	55	48	10	4	94	104	94	75	26	21	6	115	6	33	73	98	15	5	77	119	69	14	14	95	39	24	119	33	65	69	4	8	64	105	61	85	41	72	103	43	30	37	51	58	98	39	118	67	71	110	81	12	54	62	66	88	36	30	63	115	118	29	102	82	17	87	22	104	52	9	7	8	83	24	97	5	99	75	102	8	114	34	104	67	86	64	112	79	110	58	106	39	106	31	110	93	20	113	100	5	29	115	8	113	23	104	101	25	25	42	35	37	20	71	109	89	63	87	2	2	71	17	37	65	111	93	25	35	10	22	47	90	105	70	98	52	21	99	33	53	12	9	62	0	42	63	106	96	84	80	27	43	81	81	119	84	77	102	67	109	25	59	109	35	76	83	6	83	67	97	12	109	33	4	40	111	70	66	55	87	20	96	114	97	101	21	7	52	81	69	56	81	91	86	113	16	9	99	60	43	20	107	68	42	7	108	73	114	92	74	5	69	80	99	29	119	38	99	58	33	72	87	96	46	34	53	9	2	22	67	63	102	16	62	72	40	19	69	116	38	105	96	12	54	65	32	90	114	110	95	12	33	63	35	110	109	69	42	29	28	47	19	23	10	10	44	36	45	89	56	59	3	110	119	54	41	61	72	22	64	85	17	100	60	53	119	73	61	84	99	90	73	59	7	91	28	105	84	101	114	9	93	47	59	72	114	57	48	27	109	96	78	1	28	116	46	15	52	68	45	105	114	92	98	20	119	21	7	24	54	6	87	102	4	93	66	49	18	6	36	76	74	52	55	10	40	50	67	0	41	99	97	21	89	107	35	42	76	42	29	65	20	2	105	58	93	31	67	117	62	81	1	40	71	92	100	102	50	7	41	60	78	82	52	97	74	28	95	50	53	89	37	40	42	115	108	37	30	32	46	58	75	54	31	49	88	17	53	68	18	10	31	65	19	79	89	7	24	24	12	74	114	13	90	107	52	9	72	96	104	76	53	65	90	62	117	75	14	62	19	41	1	0	62	38	43	117	60	110	47	70	8	108	12	65	63	1	93	91	98	76	19	22	15	102	62	49	21	91	33	90	108	35	100	47	22	31	98	23	81	52	13	89	81	36	13	22	102	87	43	94	104	25	88	61	98	102	67	70	40	53	69	67	62	69	75	92	94	115	118	20	85	26	0	85	83	119	38	72	101	20	47	70	62	7	22	94	116	73	115	48	116	97	63	112	94	117	115	47	93	97	34	86	116	58	34	69	66	78	8	109	20	1	79	61	75	83	102	65	30	84	49	73	96	61	52	101	82	63	5	42	116	110	101	76	52	40	80	55	53	91	107	40	93	87	110	9	38	0	38	113	90	10	105	51	12	3	114	66	105	20	56	116	37	8	83	2	53	28	81	77	117	102	23	78	13	62	61	29	70	86	58	24	73	2	82	20	75	98	15	50	2	96	60	105	81	49	26	43	85	115	60	29	49	101	29	119	30	67	23	31	86	8	46	40	55	24	0	19	94	84	83	77	47	9	37	105	117	86	1	115	79	71	94	42	85	9	23	43	78	118	118	118	113	32	16	18	93	39	25	91	102	5	89	36	31	92	72	19	49	94	109	55	44	98	71	72	112	74	111	57	81	92	82	71	53	32	30	14	25	88	85	112	110	108	19	52	59	10	12	11	38	117	51	96	25	98	64	79	40	18	19	110	16	9	115	63	22	34	116	117	110	88	93	103	112	25	23	99	80	8	12	92	40	78	82	113	112	70	55	89	99	80	6	12	43	9	93	58	96	24	48	87	4	34	115	83	30	100	99	54	38	102	34	2	114	42	45	6	72	93	24	10	106	35	56	72	64	25	61	55	28	89	41	88	24	12	18	72	101	3	88	110	17	118	89	39	54	33	36	103	85	13	106	48	69	54	0	52	76	115	29	15	98	42	62	108	46	0	49	109	115	61	81	10	68	71	32	36	7	45	6	15	118	110	45	92	103	21	37	113	52	99	35	3	20	23	93	61	65	53	40	95	67	114	63	64	24	119	31	56	110	41	96	9	14	64	73	79	26	69	89	75	98	92	46	89	56	4	42	34	62	67	79	31	93	45	109	115	92	65	76	60	38	5	75	48	33	53	9	76	85	0	20	26	61	57	108	10	37	114	1	97	68	110	76	83	6	36	102	72	86	3	7	24	59	87	62	99	87	50	21	2	84	14	11	92	57	37	13	107	33	58	50	36	78	0	71	22	2	84	56	100	114	73	89	14	23	23	91	6	2	55	97	88	54	0	30	116	8	18	78	56	73	63	117	97	39	100	102	2	93	55	85	40	85	25	3	34	42	46	119	107	59	102	94	5	62	3	73	79	39	84	47	32	44	54	16	30	46	103	67	55	18	20	50	7	84	101	55	44	29	104	110	57	23	17	101	113	33	98	32	78	18	89	46	77	21	86	55	12	48	86	45	55	31	103	14	9	39	39	5	79	68	61	1	1	110	24	111	62	68	81	85	101	55	117	69	62	58	2	74	86	87	86	107	48	95	27	75	2	55	115	91	84	2	28	103	48	28	116	12	97	2	58	77	44	5	94	117	9	79	62	49	119	114	111	20	4	104	107	8	101	106	75	28	53	2	100	105	108	49	41	92	40	68	50	80	96	7	50	119	86	69	77	94	114	107	101	109	17	26	89	82	73	49	11	36	16	9	57	107	10	101	25	56	4	88	25	65	118	109	50	80	61	44	87	28	31	17	111	17	59	22	114	61	19	108	88	119	87	111	11	57	29	113	9	6	26	106	63	101	1	31	78	49	96	101	115	49	47	65	65	57	48	74	62	106	106	53	5	112	76	62	92	36	44	0	104	50	25	29	40	84	86	5	3	88	58	94	87	26	79	71	54	17	26	105	37	3	22	13	27	60	112	74	39	50	75	9	5	49	36	85	40	28	47	112	69	14	4	54	94	7	54	102	87	103	28	108	8	45	100	117	77	117	86	42	4	114	1	11	21	76	81	97	82	11	116	59	45	84	11	43	40	22	16	49	6	28	107	63	62	11	99	19	49	41	102	98	98	89	52	47	0	74	28	85	119	34	43	42	105	55	118	66	60	21	13	46	112	87	119	19	66	17	97	90	72	109	119	38	24	64	102	
31	14	92	54	76	119	40	13	12	69	7	93	24	23	61	51	69	118	117	52	14	90	117	36	114	71	90	65	86	75	89	118	14	115	55	81	95	91	97	8	47	65	108	47	90	26	61	35	37	2	8	49	70	119	100	30	9	94	100	47	92	19	30	73	67	60	39	10	27	94	84	22	106	93	42	18	68	7	102	83	111	32	28	54	95	6	75	104	113	70	102	87	67	12	92	78	105	62	56	108	113	33	40	101	15	89	9	94	80	108	0	44	58	7	10	36	97	38	3	11	66	31	50	47	27	86	2	116	32	26	66	119	7	69	37	117	20	95	73	19	12	27	83	22	21	95	8	99	91	7	53	72	4	25	6	25	92	65	58	34	96	118	20	26	70	11	19	45	10	21	66	9	10	34	47	1	2	87	111	108	79	73	71	37	55	84	52	115	46	86	98	58	58	19	104	39	78	9	57	103	114	37	60	40	64	51	84	69	15	25	15	37	76	43	2	4	99	8	10	55	1	75	60	51	60	9	29	21	32	104	105	26	106	61	119	104	80	116	26	98	62	68	32	103	90	71	31	67	40	77	74	75	101	73	23	108	95	0	106	76	74	97	106	46	116	6	75	49	48	23	57	56	38	15	3	50	9	68	108	91	118	91	66	32	98	112	58	87	67	32	33	59	85	34	12	11	22	33	0	99	114	59	17	55	62	28	102	95	80	90	101	46	112	75	24	114	76	36	94	19	36	89	31	10	15	21	100	47	6	96	23	12	20	107	80	1	113	118	48	88	109	12	41	105	26	77	67	118	81	75	31	95	75	101	103	55	49	109	35	52	19	68	108	106	44	68	84	55	43	100	67	87	26	103	18	25	17	53	27	54	11	14	77	25	88	13	76	48	56	66	86	79	93	3	64	8	118	85	32	67	99	3	58	17	57	116	98	24	36	3	15	67	1	7	60	105	6	34	48	70	47	92	22	8	26	24	37	98	44	21	73	59	1	46	54	23	39	64	51	28	26	98	20	102	71	63	94	66	44	93	77	21	6	1	104	4	1	95	115	117	67	22	59	68	32	81	92	23	86	54	37	33	9	57	74	25	94	73	88	75	20	73	100	61	117	79	115	34	17	87	65	113	26	96	5	30	24	93	75	79	22	84	80	96	65	2	81	14	39	27	59	62	4	101	19	109	110	61	86	17	25	8	41	22	3	107	65	113	81	90	27	0	55	27	92	23	58	35	65	3	104	39	23	73	85	71	3	56	78	14	23	111	61	44	19	27	48	52	0	52	113	108	94	99	88	40	104	9	78	7	70	56	85	91	88	87	62	109	73	65	9	94	8	47	15	62	88	88	18	62	0	22	66	33	51	83	113	62	56	55	95	71	105	35	22	37	95	73	38	16	100	72	24	58	31	43	38	84	98	106	1	6	62	46	65	19	116	41	31	113	5	74	69	84	114	68	27	35	4	23	59	56	27	36	117	68	18	45	10	119	35	37	84	108	56	64	97	83	15	26	95	12	99	39	79	20	50	90	96	25	73	49	7	13	54	94	98	73	25	57	91	56	12	27	90	117	42	86	31	26	14	41	9	61	61	63	52	11	54	101	70	94	91	48	47	90	45	86	39	91	68	69	114	108	107	39	112	8	10	84	110	7	60	25	93	62	72	71	39	41	44	5	103	79	53	103	24	48	101	31	101	65	114	101	100	24	74	93	8	29	25	110	113	91	25	46	91	110	98	97	72	116	106	109	106	111	67	84	91	29	60	31	87	79	25	57	73	103	89	44	28	99	87	94	62	4	83	41	15	59	21	36	85	51	64	15	19	80	90	69	53	104	104	21	36	69	7	24	33	96	51	59	54	73	106	27	77	9	71	87	107	88	61	55	41	96	62	71	16	12	118	95	53	99	10	25	85	18	110	97	73	71	109	67	28	66	71	110	4	91	118	103	30	119	90	19	116	104	23	115	61	75	41	0	60	53	1	55	15	9	99	86	59	117	112	77	102	9	101	8	110	117	47	63	111	57	65	118	64	68	40	32	27	85	73	97	39	75	55	2	1	56	73	0	25	22	83	44	9	55	8	107	52	69	16	111	23	36	25	37	92	20	116	25	0	82	62	99	87	16	40	4	74	31	80	93	68	73	36	116	115	82	39	107	17	61	30	91	3	18	77	31	56	68	34	105	46	46	0	2	76	65	59	115	58	36	63	90	69	117	44	74	80	52	55	58	108	52	57	56	117	72	41	37	7	37	35	12	37	100	89	69	0	47	110	33	1	15	29	83	110	99	5	72	23	78	113	76	59	62	55	21	52	28	65	108	10	52	103	108	72	50	49	119	86	15	65	29	16	48	50	19	5	13	59	10	96	32	46	34	105	113	14	98	38	60	59	11	74	43	2	44	98	38	34	20	64	63	76	22	37	94	56	83	84	88	65	83	87	10	26	58	108	70	68	69	118	4	118	70	63	81	106	48	63	73	46	61	35	55	14	47	74	112	3	56	92	40	31	65	102	42	61	22	37	8	93	39	87	67	13	84	119	107	103	48	93	93	8	18	93	39	87	98	15	106	75	93	108	105	95	37	40	5	75	53	94	13	44	67	114	100	74	118	28	109	2	81	104	90	106	117	95	69	6	15	94	109	23	81	50	35	91	103	96	93	99	25	25	0	107	10	53	47	86	63	50	115	95	65	5	39	41	68	93	50	71	111	88	113	1	114	72	76	36	81	89	10	102	1	43	86	31	65	78	45	94	82	105	99	16	97	118	13	59	7	103	49	115	55	23	56	4	110	26	90	13	108	79	9	68	108	32	114	73	79	111	1	113	5	29	97	48	62	53	103	93	74	113	95	82	115	26	53	41	89	16	100	89	93	115	78	35	116	116	59	19	116	62	54	83	73	101	75	75	40	22	52	113	67	111	50	104	3	55	83	66	107	45	22	106	21	44	2	91	96	110	102	16	38	110	0	57	60	39	93	14	80	3	30	4	104	103	74	106	2	16	28	12	31	96	94	33	103	67	46	26	15	115	2	36	75	78	106	8	102	79	57	79	90	69	15	41	14	62	9	7	13	115	108	69	41	109	58	23	27	118	12	68	73	1	79	10	71	111	3	117	8	39	54	43	1	47	37	4	71	4	56	36	52	76	44	43	109	111	72	39	54	81	90	38	4	108	28	61	18	72	56	102	79	12	46	64	35	89	87	23	73	31	13	58	29	64	76	30	112	83	3	43	67	7	66	83	79	39	67	15	54	62	103	117	91	36	12	109	28	39	64	38	52	87	90	72	15	30	51	85	21	69	108	48	103	10	118	20	54	115	12	80	47	90	24	60	19	18	71	72	12	107	64	61	45	24	31	42	48	87	28	62	30	70	30	92	25	72	15	6	55	38	4	106	37	60	106	26	82	3	14	119	82	26	89	104	74	0	101	100	4	2	72	54	56	50	48	88	89	91	14	81	12	24	113	81	44	100	48	61	34	72	9	62	108	9	14	87	41	59	80	107	109	28	88	53	66	57	16	40	40	17	77	67	69	33	5	80	80	110	4	109	75	107	78	114	55	23	38	100	54	81	25	73	117	60	104	79	12	9	94	34	11	54	107	81	87	3	110	39	51	47	82	70	62	119	65	32	10	76	106	26	66	91	101	38	45	105	105	46	55	76	100	88	32	100	38	16	18	87	20	90	75	77	58	103	76	52	22	10	56	5	56	84	70	50	96	53	0	106	25	48	39	40	49	52	98	91	36	16	90	57	85	17	98	100	94	56	59	7	74	65	89	9	2	2	77	14	4	40	63	0	109	119	6	30	62	40	20	67	94	22	8	107	21	119	113	55	51	62	60	19	1	106	70	8	41	77	102	22	68	78	106	107	70	102	20	83	35	60	110	110	107	98	32	49	79	99	1	22	119	44	5	43	28	101	65	71	88	73	27	78	117	74	73	35	23	114	39	28	80	40	30	10	35	77	30	37	30	104	100	30	59	63	32	28	81	101	78	38	98	32	6	34	90	33	32	43	96	89	4	45	38	98	47	69	15	82	68	52	37	88	8	112	86	100	22	64	108	49	45	110	19	24	59	1	1	26	7	18	46	49	106	64	108	55	8	111	49	66	5	115	22	84	33	63	32	111	0	54	7	10	13	104	45	34	1	101	88	99	98	97	29	54	94	12	86	74	13	104	103	0	44	89	106	105	60	45	38	119	52	54	19	65	71	92	88	70	58	119	82	89	8	74	96	84	42	97	95	61	103	74	70	118	93	28	30	99	50	23	36	106	61	63	53	26	118	20	29	46	26	7	34	28	62	81	64	23	89	76	99	38	94	76	1	50	93	15	27	32	42	57	70	114	0	28	91	13	42	6	58	40	17	0	72	99	119	68	23	24	56	106	47	30	36	17	3	98	12	55	90	98	99	78	38	29	107	78	11	110	36	38	19	103	5	82	48	99	83	103	51	86	87	118	49	13	116	44	11	80	60	56	47	32	9	112	17	81	78	61	104	103	20	105	43	119	0	44	43	115	26	83	15	0	118	70	119	60	103	30	31	3	83	1	10	50	72	64	102	96	1	46	70	118	50	55	108	105	72	111	85	73	39	65	45	80	11	110	18	67	22	70	110	49	85	109	87	85	41	32	13	115	35	106	15	52	11	35	117	98	22	45	50	12	98	106	66	117	16	61	103	49	105	76	6	66	95	114	90	55	55	58	109	19	101	26	58	111	118	20	108	40	78	69	79	10	82	24	106	38	50	69	33	82	32	62	78	67	44	92	46	82	34	17	65	97	36	78	50	67	107	65	24	58	70	114	43	17	42	45	84	20	16	117	28	86	72	90	107	44	84	100	82	48	12	20	24	6	119	119	106	15	38	102	82	29	59	12	31	50	52	9	13	79	84	84	117	103	54	87	64	38	28	106	31	42	54	72	100	36	100	64	68	88	8	100	73	0	115	23	118	74	15	37	104	107	47	95	98	103	9	103	35	54	35	66	93	7	63	33	77	61	50	79	114	86	100	85	51	104	114	14	79	8	32	60	118	10	38	72	92	38	29	41	55	82	91	28	98	7	70	94	3	49	28	98	100	102	5	44	61	91	57	42	20	103	44	54	87	6	63	105	58	113	12	75	35	75	61	70	79	13	104	103	16	119	36	2	51	79	41	64	28	20	37	106	76	12	97	66	29	39	101	94	26	16	42	31	17	102	13	48	112	79	61	26	78	3	55	84	100	60	54	15	2	68	64	34	49	63	75	11	13	48	94	37	15	86	78	53	43	32	59	24	3	78	5	91	73	80	24	118	41	4	2	23	27	117	98	48	42	54	46	6	20	71	41	30	19	84	91	110	97	26	85	47	20	27	62	43	10	72	26	7	58	64	31	56	30	55	35	106	19	107	50	71	65	36	111	3	17	36	63	104	105	83	37	65	89	92	117	78	69	27	42	21	52	79	36	112	101	16	96	95	118	72	43	26	14	117	27	49	116	16	36	87	75	92	0	48	107	7	68	50	56	50	60	52	108	112	71	55	98	117	55	101	43	90	13	50	75	108	101	23	112	22	29	75	46	45	36	14	75	1	94	8	70	96	21	115	63	30	25	46	45	92	88	57	11	28	48	50	78	13	16	17	70	37	81	37	46	52	72	11	55	16	26	44	62	87	50	41	2	25	72	90	106	45	10	25	37	10	10	37	41	14	51	48	61	52	17	58	10	77	30	69	7	22	106	37	103	113	72	98	67	93	106	9	15	89	101	76	93	89	2	32	116	51	10	63	91	15	119	89	53	77	108	113	28	72	3	38	43	66	0	103	24	100	111	62	14	13	80	108	34	102	13	30	31	13	81	112	108	13	87	58	103	95	11	84	69	8	25	70	11	62	25	79	67	47	52	7	22	2	34	2	68	4	52	73	50	5	0	51	8	39	41	82	94	9	60	24	18	8	44	25	14	15	82	104	64	97	59	106	69	39	106	75	71	39	19	47	32	21	29	87	95	77	75	108	96	113	23	12	103	10	66	15	37	42	48	12	101	41	13	39	105	86	13	95	8	12	12	41	96	109	79	9	95	74	23	70	71	72	104	76	61	115	35	23	74	15	66	67	50	112	72	52	89	84	14	20	31	71	54	44	31	56	89	59	65	33	51	116	103	72	96	65	51	22	96	89	93	113	106	91	36	92	60	103	19	13	74	27	63	67	25	44	116	118	30	16	105	110	9	33	7	90	51	117	71	116	58	32	89	90	119	31	105	39	40	20	68	42	57	24	112	85	57	31	84	76	109	73	32	63	70	38	84	31	25	17	77	44	55	71	115	32	34	114	52	74	106	118	89	98	14	85	85	57	21	36	95	81	1	24	52	67	92	115	51	25	14	114	24	55	29	104	75	55	9	88	27	114	99	38	27	34	106	54	56	16	92	59	97	38	70	36	10	64	43	1	16	95	53	1	57	39	113	96	19	11	83	77	71	33	65	95	24	91	34	41	110	113	43	69	31	34	116	69	25	66	62	28	77	13	19	99	88	30	38	12	34	57	47	15	68	107	63	100	59	62	53	100	8	77	56	16	113	10	82	112	48	1	74	65	12	23	92	2	93	101	82	117	89	42	109	8	87	33	50	50	116	4	34	36	61	82	46	12	37	99	46	36	78	41	42	118	33	117	85	118	51	5	49	9	68	33	7	42	84	5	81	17	69	9	118	58	78	99	73	72	23	4	106	32	40	28	115	67	46	56	115	62	70	58	15	54	82	82	62	5	2	74	97	110	44	42	45	80	14	109	108	83	87	7	25	7	53	66	86	32	71	42	67	81	94	30	65	67	2	87	92	3	94	116	109	96	81	73	89	55	73	119	63	93	95	101	39	110	3	82	70	99	83	21	74	54	43	10	99	32	44	89	97	75	83	76	15	0	78	113	86	13	101	80	62	108	66	44	97	58	25	86	35	80	26	118	47	100	97	20	40	8	69	42	54	15	101	52	111	42	80	66	11	73	36	50	110	42	22	43	27	48	47	5	95	49	71	77	96	76	112	21	52	26	117	9	65	33	20	47	116	12	114	109	50	26	47	53	76	10	20	32	106	56	109	33	54	76	15	75	59	23	23	26	108	69	72	9	67	19	8	95	92	54	99	100	106	75	20	109	75	13	53	90	94	91	95	115	8	115	23	30	43	37	41	80	101	102	27	40	93	36	118	87	103	84	58	101	72	43	15	117	73	5	75	22	42	34	7	25	78	20	69	65	94	92	53	18	1	101	35	54	99	102	22	76	4	16	113	111	67	67	54	57	73	113	46	17	107	98	98	88	107	16	52	65	64	113	26	21	28	82	58	118	95	113	48	30	86	99	53	69	95	85	6	102	32	84	103	67	67	19	100	94	54	72	25	5	44	10	47	60	85	21	71	81	116	57	33	2	96	12	41	62	8	73	65	24	90	45	21	49	49	10	116	72	31	53	109	110	12	20	84	3	49	47	118	29	85	118	56	31	107	2	20	34	84	58	84	36	26	53	119	80	11	29	60	111	62	25	51	28	32	43	99	19	26	18	2	8	119	38	23	78	24	46	31	2	37	109	50	95	84	80	68	38	34	112	42	49	43	114	81	51	96	73	94	30	103	39	4	35	6	23	71	94	48	57	108	86	15	6	70	26	110	5	86	47	80	53	15	50	119	115	60	55	47	0	108	45	111	72	95	86	66	2	68	35	33	76	27	48	62	105	65	15	19	29	42	81	119	104	71	8	56	96	16	42	99	34	7	35	12	106	97	24	102	45	113	92	12	67	56	15	55	83	62	46	27	114	85	109	67	115	18	113	2	83	49	95	4	95	34	29	63	62	48	111	16	102	26	61	57	12	99	74	53	16	43	58	87	54	81	61	102	6	96	55	82	33	26	119	33	90	56	47	8	28	58	15	23	112	45	29	11	67	50	21	98	44	66	95	71	119	87	7	62	115	37	81	70	106	36	115	76	63	2	71	0	10	85	83	7	89	12	94	6	62	25	94	10	8	45	95	91	96	13	77	47	118	18	113	3	47	94	101	96	80	118	89	43	52	22	66	53	91	111	99	11	100	91	46	36	91	55	55	22	118	28	112	38	50	104	31	40	106	112	45	83	104	63	104	71	71	8	84	68	58	66	9	28	102	97	16	2	36	80	54	16	119	90	31	68	31	12	109	41	63	4	100	106	4	91	17	100	106	101	89	3	69	71	80	62	82	81	80	27	61	91	105	80	28	102	80	9	9	3	51	99	28	23	52	12	18	87	14	13	79	13	98	22	74	43	49	90	12	57	119	105	82	66	22	49	56	18	87	41	96	47	45	27	43	83	39	38	100	62	63	89	39	83	68	18	61	106	23	2	96	28	114	67	5	8	75	3	48	42	32	104	26	23	40	77	91	48	64	110	91	18	24	46	97	71	107	16	71	110	37	46	2	13	2	8	11	92	67	55	87	14	14	20	117	9	67	76	22	116	88	28	110	6	17	27	17	93	12	89	61	5	63	11	65	106	61	40	77	24	56	45	2	12	27	58	74	44	118	44	94	52	63	115	63	33	116	48	76	21	58	36	99	55	68	40	56	2	104	3	83	8	90	71	102	77	115	21	55	99	83	59	49	13	104	97	62	116	107	113	45	92	92	61	116	57	79	108	31	109	114	114	119	107	114	59	13	21	115	84	112	5	116	58	10	96	49	82	102	91	0	76	30	86	38	11	21	100	108	41	77	63	82	26	112	9	5	33	64	25	17	90	15	110	106	87	51	105	15	49	29	101	13	55	38	71	115	97	9	65	44	66	98	119	51	67	38	1	104	88	66	85	92	43	109	54	95	1	56	7	98	3	92	70	54	6	44	79	21	108	22	34	103	107	61	67	40	45	28	50	92	84	11	116	54	90	101	101	4	43	119	63	72	106	83	99	56	83	50	87	27	88	10	100	104	84	15	23	20	54	114	113	16	22	32	75	77	98	23	17	62	24	98	54	85	104	19	34	52	67	86	6	101	99	67	95	97	70	45	103	2	14	101	118	26	3	10	8	66	76	98	103	86	63	47	40	52	58	19	85	51	45	76	111	106	50	15	12	54	0	118	9	67	43	99	2	92	23	91	94	115	70	69	53	0	66	44	9	9	21	36	80	8	52	91	42	110	44	14	73	77	66	105	35	84	78	27	7	50	105	112	89	23	102	116	18	46	82	37	17	93	72	94	12	72	58	21	71	90	38	14	93	50	84	65	108	107	31	107	65	82	45	8	37	7	73	81	104	119	49	65	38	63	98	25	8	83	93	32	28	73	62	113	32	17	9	86	20	104	105	47	102	35	54	28	86	50	116	109	60	95	37	37	16	90	19	7	1	32	118	19	88	21	109	16	21	5	61	55	33	113	86	82	32	24	22	2	99	61	69	50	47	62	55	113	47	42	68	66	23	117	0	73	54	54	14	99	56	66	10	26	77	17	34	110	20	38	119	0	48	19	75	49	50	12	94	58	76	22	29	12	24	101	71	98	110	5	63	97	33	109	6	24	81	7	10	27	84	21	63	37	5	12	55	86	106	108	1	6	95	78	80	48	1	21	66	1	91	117	110	111	26	84	7	15	68	62	96	64	38	43	69	94	105	96	78	16	23	72	110	35	1	104	36	115	20	114	73	107	103	114	68	58	113	110	44	38	103	63	72	26	20	93	20	62	107	43	60	58	118	115	4	84	80	77	79	72	0	68	43	46	116	84	35	36	39	61	31	13	75	62	0	80	65	102	7	56	52	86	3	68	57	119	62	46	58	23	102	55	4	90	19	62	27	84	113	56	97	25	26	21	49	19	15	112	112	56	72	17	1	79	63	48	52	88	11	20	72	12	78	72	59	33	54	6	69	19	2	45	19	79	74	52	37	80	92	19	105	67	71	73	46	5	99	71	114	43	90	0	109	72	42	101	71	16	111	7	111	102	88	114	110	105	115	78	38	57	54	51	13	8	76	52	25	112	98	56	59	72	4	6	12	32	90	103	65	98	97	93	100	11	46	10	24	65	91	37	34	111	83	101	59	50	33	36	12	77	62	56	69	68	73	69	63	28	107	49	60	104	78	75	36	58	80	89	102	79	111	115	14	108	119	33	2	17	53	28	107	64	39	114	80	83	100	118	72	7	20	41	58	2	25	69	56	51	38	19	45	45	39	97	115	97	101	88	113	97	46	60	48	43	89	2	41	19	42	12	75	30	10	13	119	59	108	30	111	82	73	59	63	40	73	101	62	29	29	31	114	67	72	40	43	17	116	80	43	10	16	65	71	17	117	75	104	25	8	49	76	36	103	86	0	55	80	97	27	32	1	94	101	71	82	78	79	59	34	72	1	109	6	14	51	2	62	16	94	78	36	35	24	8	11	116	18	33	81	70	67	10	80	13	96	55	23	113	94	84	113	62	30	32	39	32	33	97	57	41	97	81	88	60	78	38	80	33	104	46	40	108	79	54	100	19	14	111	13	104	40	10	28	69	67	8	87	33	11	114	61	17	46	92	78	114	17	25	104	106	61	112	75	100	52	76	82	60	108	29	93	100	116	25	118	80	20	103	99	107	32	36	82	110	117	24	100	38	97	64	9	15	38	43	54	44	42	68	75	86	113	106	81	81	84	86	91	43	24	37	47	25	92	91	6	108	87	35	48	114	99	52	36	21	70	62	102	96	19	2	59	67	16	118	87	113	55	41	11	34	19	16	106	113	5	41	92	83	53	83	44	53	39	41	91	88	111	43	14	58	54	53	54	2	31	58	16	47	89	79	2	68	28	19	0	32	67	73	32	91	22	37	59	63	107	2	112	28	84	1	105	19	25	3	88	12	58	45	7	74	60	63	115	95	31	6	81	94	32	104	112	109	12	56	79	69	113	79	86	59	93	106	18	75	92	35	24	101	3	9	103	55	74	97	98	87	92	82	25	25	28	54	28	27	34	82	96	74	69	111	6	72	37	33	94	106	53	74	109	107	74	74	5	61	74	113	3	84	115	28	59	60	35	77	22	28	84	116	73	56	6	2	27	56	95	94	0	58	110	96	79	70	27	72	68	60	83	2	16	60	112	74	89	15	94	62	11	28	103	24	112	0	3	0	77	8	75	6	32	18	28	85	1	66	27	94	17	97	92	1	9	10	93	51	41	85	82	14	38	64	94	13	118	51	92	108	99	94	45	93	79	73	80	96	15	44	113	35	66	10	72	81	104	91	101	100	102	45	18	14	12	67	78	95	100	26	88	101	98	57	79	108	62	112	77	86	73	35	15	66	22	85	32	70	13	29	37	99	113	94	42	113	97	114	77	40	10	8	89	31	119	35	85	39	89	51	91	33	9	1	60	102	105	119	97	119	81	62	64	100	95	39	79	21	104	95	100	52	70	93	23	103	104	43	99	103	15	81	103	20	52	107	44	22	72	69	45	41	9	46	16	16	95	109	94	35	32	118	84	12	10	78	84	112	95	68	11	5	114	23	88	90	70	13	73	77	79	67	102	61	62	35	51	18	36	36	48	86	95	73	104	86	49	1	13	89	26	80	34	89	24	15	20	18	20	39	25	0	78	84	45	24	105	61	62	79	64	87	116	7	10	90	12	113	52	9	77	54	65	91	76	1	113	3	105	18	86	102	80	79	2	8	46	85	40	116	40	57	49	22	71	79	66	83	25	55	99	100	39	72	4	57	42	52	32	75	90	26	30	114	24	17	32	26	1	31	89	99	20	20	19	19	104	71	69	98	117	66	18	12	34	17	29	25	100	29	48	93	17	60	80	118	7	16	17	118	86	24	40	84	38	45	27	117	103	32	81	26	48	110	35	57	62	102	65	54	109	24	60	115	86	85	36	96	83	70	96	2	85	79	10	55	10	64	54	59	33	80	53	99	74	27	32	116	75	92	48	14	109	118	40	115	72	41	13	89	37	29	5	6	6	60	20	88	104	42	71	52	10	115	4	30	74	101	117	61	11	45	44	52	70	119	95	13	102	106	110	43	84	69	10	100	40	34	81	7	10	19	51	24	78	31	96	10	66	84	12	40	63	90	39	73	10	61	111	99	25	55	35	25	44	111	55	87	33	87	60	25	115	35	25	106	41	113	62	88	55	69	18	30	92	53	74	22	3	116	11	77	103	45	72	106	55	62	28	37	91	16	14	64	15	24	67	49	31	3	62	106	93	39	110	109	102	12	57	65	93	10	10	58	51	60	64	76	61	31	26	18	53	77	100	58	110	39	83	31	56	26	111	58	31	61	79	107	90	64	119	0	41	11	107	68	19	93	70	40	13	56	92	103	42	32	96	106	93	78	54	31	34	103	85	56	119	110	63	44	108	65	91	103	79	54	51	19	114	6	14	18	12	59	90	95	47	2	109	87	14	63	74	34	92	8	53	57	89	92	76	85	113	5	79	32	28	2	26	47	39	47	116	91	101	37	18	85	96	116	89	10	115	20	98	14	44	72	15	11	20	59	44	36	61	51	35	92	111	82	81	69	69	2	26	31	96	95	59	14	49	31	8	87	28	108	103	7	102	62	38	88	33	113	60	72	2	11	61	117	21	72	112	2	80	104	66	88	89	95	50	23	90	66	33	34	38	117	12	30	13	108	106	38	112	85	56	78	14	17	110	82	78	57	7	111	0	101	35	86	62	45	10	14	45	53	32	73	3	8	10	25	44	86	111	102	35	10	103	4	42	17	40	31	102	14	81	119	19	106	102	41	47	22	36	12	32	12	109	118	87	64	74	107	94	2	17	87	87	66	39	60	67	104	105	72	55	116	45	13	43	76	70	3	114	61	67	106	99	64	101	28	15	38	20	11	92	87	83	21	90	26	64	59	18	104	69	95	18	100	50	99	83	91	31	0	11	17	33	91	6	117	52	105	72	9	67	105	56	71	22	87	53	118	114	82	93	4	16	68	50	61	76	22	54	0	11	38	18	78	83	83	93	119	56	92	79	87	65	18	116	29	32	72	103	12	22	34	79	84	92	13	110	39	21	30	57	57	41	43	37	89	96	88	48	92	22	116	93	14	112	112	15	64	33	32	116	107	95	96	47	43	32	9	26	30	7	55	27	84	5	82	93	24	63	5	64	23	93	21	44	93	11	61	69	9	89	96	41	2	102	80	65	12	112	74	19	14	81	36	2	71	30	7	50	113	107	45	95	16	65	32	12	80	3	84	74	44	28	57	13	4	6	13	65	90	14	43	85	25	105	16	52	103	119	89	4	40	29	2	107	0	82	28	76	118	59	6	95	108	101	86	82	54	36	74	78	90	52	116	32	4	84	31	37	2	52	34	79	87	97	38	22	9	58	101	10	61	99	61	26	90	47	19	37	55	22	82	95	66	40	18	24	115	3	101	110	61	81	8	113	65	76	73	49	86	61	101	62	52	4	21	15	59	73	99	94	9	94	119	98	31	10	93	104	67	34	82	108	8	67	57	54	84	74	90	85	110	108	12	31	104	61	52	115	50	17	102	25	63	36	59	27	114	37	68	86	88	114	106	59	84	18	98	114	37	45	44	56	31	55	13	7	75	45	117	48	41	71	102	114	89	41	83	110	62	30	115	107	55	101	26	13	14	38	62	104	101	30	57	28	97	44	61	0	43	79	115	93	90	9	99	81	74	15	74	92	4	53	75	12	108	100	114	113	80	24	29	72	101	77	45	55	64	106	101	116	41	32	107	115	81	66	21	98	102	116	86	100	68	26	26	76	31	74	71	4	82	118	92	8	46	54	90	32	39	17	67	76	74	2	78	92	4	90	6	103	43	63	110	90	75	18	107	84	2	75	12	9	74	14	51	111	46	77	37	87	79	44	88	115	115	72	11	104	25	54	18	103	81	86	35	67	3	48	2	106	101	65	62	79	32	42	118	53	82	77	48	108	68	92	49	71	85	24	26	9	58	54	53	52	54	114	49	112	98	44	107	0	37	104	64	54	52	56	87	100	113	11	80	13	101	72	6	11	13	27	4	49	112	51	113	93	29	96	72	9	95	33	0	31	20	60	85	119	110	88	81	62	39	7	39	24	75	71	36	71	93	49	84	48	40	78	64	97	114	65	105	18	1	41	62	27	46	90	55	33	20	2	51	51	58	78	46	58	110	33	98	48	31	87	29	8	112	8	41	31	91	33	25	109	54	75	65	112	118	97	21	114	114	117	87	41	42	51	105	111	27	103	19	97	77	97	26	3	65	12	44	66	47	45	105	9	79	83	28	80	85	97	10	78	80	74	73	88	76	52	62	39	22	28	33	57	103	80	116	67	105	41	112	68	114	73	70	68	63	105	28	96	71	65	61	108	11	115	34	55	30	59	48	113	8	118	104	116	34	20	113	40	36	114	35	43	30	96	103	102	83	60	82	83	63	20	79	0	20	52	98	61	72	37	94	12	41	57	28	116	118	29	95	84	26	69	110	17	86	65	26	55	103	16	74	94	74	78	4	59	108	9	75	91	78	17	34	60	3	74	107	15	6	65	13	66	51	15	37	8	16	98	14	115	48	85	54	89	21	13	13	51	48	80	19	47	32	99	31	94	83	108	65	6	94	83	30	99	40	107	3	108	31	80	50	104	28	64	99	78	
8	15	12	18	7	1	3	8	20	1	16	12	15	14	13	15	18	4	11	1	3	14	19	19	6	13	5	3	13	18	4	17	4	14	8	10	5	9	18	8	16	1	7	3	15	11	13	4	15	8	11	9	16	17	15	2	12	19	19	8	11	18	14	17	3	8	11	13	9	6	1	13	17	13	19	7	8	14	9	3	13	9	20	18	10	9	5	2	7	9	13	15	3	7	1	18	15	12	6	13	1	12	17	20	18	14	16	16	10	5	10	3	7	3	18	17	10	17	7	3	7	12	4	11	19	5	13	5	16	20	15	18	7	4	7	15	17	20	18	2	5	6	17	20	11	6	5	8	18	11	15	5	16	12	16	11	17	20	10	16	11	14	16	4	18	8	9	16	8	18	20	9	17	19	20	1	20	6	1	4	11	14	4	4	18	2	13	17	7	16	11	4	2	8	3	19	10	1	4	1	12	18	16	18	2	1	16	12	9	19	2	18	2	5	13	8	8	12	20	19	19	13	18	13	14	8	18	18	19	19	20	16	10	3	5	19	5	5	18	4	12	6	12	8	5	2	4	1	12	3	3	3	15	14	18	4	3	4	18	11	16	2	17	19	12	1	14	5	16	1	20	17	4	17	19	12	17	20	7	15	13	12	11	8	9	1	11	7	5	10	8	13	19	14	3	4	4	12	5	20	16	11	7	6	20	5	10	8	18	18	20	18	14	8	19	18	19	9	20	3	10	6	9	15	5	7	17	5	8	14	19	19	4	11	17	2	15	11	19	20	13	5	12	20	19	15	11	8	6	5	13	10	16	17	9	1	13	3	19	3	18	17	19	18	12	15	11	13	9	19	7	19	5	17	10	11	17	19	11	7	15	17	16	9	2	2	14	16	13	3	5	19	13	6	2	2	17	7	17	16	14	13	5	13	5	2	5	17	15	15	8	16	9	4	12	9	1	6	18	3	7	19	6	8	4	15	10	14	1	4	7	16	12	10	9	12	16	10	14	20	12	7	19	3	16	3	17	19	13	5	20	1	5	13	18	14	19	5	3	11	10	6	2	17	2	3	18	1	17	16	4	15	6	11	19	10	20	3	6	10	15	5	7	20	16	9	6	4	4	8	14	5	4	4	18	6	2	10	3	2	6	6	12	12	1	1	8	7	4	9	12	10	9	10	7	7	4	10	20	4	18	1	1	12	12	4	19	17	7	13	2	8	8	1	12	10	5	8	10	20	10	3	12	7	16	12	8	2	4	5	8	11	6	17	20	20	7	8	7	17	17	2	1	1	15	1	6	9	17	18	16	4	1	1	20	20	10	12	12	19	9	4	19	5	14	1	2	11	10	17	4	6	10	8	9	7	4	4	5	11	1	2	19	3	12	10	6	5	9	2	8	5	10	11	18	12	14	5	9	7	9	14	6	7	17	11	14	9	2	16	14	10	6	11	18	16	20	12	5	15	8	13	10	7	12	15	15	11	11	3	16	2	12	6	7	1	15	16	11	15	7	15	4	15	2	8	7	6	8	12	13	16	11	8	15	12	1	11	7	10	10	9	6	1	6	6	7	15	12	7	12	8	6	3	5	2	8	9	9	12	3	16	2	7	2	9	1	8	9	6	9	7	8	12	5	10	4	14	14	9	7	6	3	10	16	10	9	11	13	16	15	10	1	13	14	5	8	13	4	5	1	4	8	11	16	13	2	9	6	3	9	6	16	3	4	3	11	5	4	7	2	11	10	6	14	15	11	2	4	12	3	13	15	7	10	9	15	14	8	7	12	8	15	8	15	11	1	2	16	16	8	16	15	8	12	9	8	12	2	11	1	1	1	2	7	3	2	3	7	10	9	12	13	12	14	1	13	11	2	13	9	10	13	13	14	5	15	14	10	2	1	3	14	4	9	2	15	9	9	16	15	1	7	4	4	2	1	3	5	13	9	3	3	7	2	14	9	1	11	9	16	16	13	16	3	4	15	2	6	8	14	10	15	12	5	11	2	10	6	7	10	13	4	2	5	10	2	12	11	13	7	15	8	7	11	16	6	13	13	5	14	9	15	8	4	4	11	16	6	2	3	1	8	4	11	9	8	13	14	12	8	10	7	2	11	8	4	12	16	6	1	7	4	9	5	11	10	6	11	8	6	6	5	11	15	8	7	10	3	9	7	12	16	2	15	9	10	7	11	14	13	3	16	11	1	11	8	8	4	3	7	4	2	7	5	2	15	9	11	15	6	1	14	10	12	9	1	2	15	4	5	4	7	16	3	13	11	16	12	10	2	3	9	7	12	3	8	11	4	7	2	3	12	2	3	3	4	5	16	11	11	8	6	7	10	13	10	1	9	9	16	8	3	16	13	16	3	11	5	8	13	15	6	2	13	7	4	10	3	2	10	10	9	5	13	13	8	8	2	12	12	4	7	15	8	3	13	7	8	7	13	13	14	3	2	15	7	7	8	8	13	6	5	16	1	6	8	12	7	7	2	14	15	8	13	11	10	13	1	7	8	16	13	14	8	3	4	9	4	11	13	7	1	15	1	5	9	13	16	14	2	16	14	13	16	3	1	14	9	8	6	3	11	13	5	8	7	7	3	7	7	16	8	11	16	1	8	10	9	16	10	1	4	8	11	13	1	11	4	9	5	13	4	9	9	6	16	14	4	12	2	11	3	15	13	12	4	14	9	7	15	3	8	2	11	12	14	9	11	6	4	3	6	6	1	13	15	1	10	1	5	15	14	5	10	4	11	1	13	13	8	12	3	1	9	14	9	12	16	15	3	11	8	6	10	1	9	7	9	1	6	9	8	10	14	8	1	10	12	8	3	14	15	12	12	7	5	8	6	11	7	6	3	7	13	16	3	12	5	5	6	14	15	16	2	2	1	12	16	11	12	13	3	11	3	12	15	8	14	3	15	11	2	8	5	9	7	3	5	16	1	15	16	7	7	4	2	6	8	10	11	8	5	16	5	1	15	16	4	8	4	16	15	1	7	1	10	14	4	16	8	16	15	10	15	10	14	8	14	7	5	3	10	10	4	11	13	1	11	9	15	6	7	13	11	11	7	16	9	5	4	11	7	10	9	5	12	3	4	13	9	1	4	3	4	13	9	10	14	11	1	2	4	5	11	12	13	1	9	3	7	14	2	16	5	15	7	1	7	6	15	9	1	16	6	3	8	4	5	5	11	6	14	12	16	7	2	4	1	5	5	13	7	11	13	16	16	2	7	6	14	11	3	1	13	2	8	5	10	14	14	12	14	2	1	10	12	14	7	11	5	2	6	5	4	13	16	6	8	5	11	3	11	7	11	1	7	12	2	10	12	14	15	2	2	13	4	1	14	5	14	14	14	14	1	12	4	9	13	5	14	13	12	11	16	2	2	16	10	4	10	4	2	5	2	13	16	12	16	16	12	8	12	5	11	13	14	6	5	9	8	6	13	3	7	2	4	3	16	11	2	14	6	11	5	1	8	3	13	4	9	12	13	10	10	6	13	7	1	14	16	15	9	4	10	3	9	9	13	7	3	11	14	10	3	10	4	9	1	4	14	12	9	2	10	5	1	13	3	2	16	14	14	6	12	12	9	1	1	1	10	1	3	13	5	15	11	2	15	8	14	14	16	5	11	10	14	3	6	5	11	5	5	13	4	16	4	12	15	6	8	4	5	1	8	14	12	16	7	7	9	9	4	10	8	8	6	9	14	12	9	12	8	4	3	1	3	12	16	11	3	5	15	8	4	3	5	8	5	11	9	10	12	6	4	3	4	6	11	3	14	6	5	15	15	14	13	14	8	1	1	3	14	3	7	14	6	16	7	1	10	10	16	9	5	14	3	11	4	10	12	8	3	6	12	13	4	3	16	12	7	7	6	14	4	12	8	3	9	12	4	6	13	5	8	6	13	4	4	9	5	15	2	12	2	7	16	8	11	2	16	16	6	10	16	14	16	10	14	3	9	12	3	3	10	11	6	1	7	9	10	4	12	3	10	8	2	11	2	11	14	4	15	4	4	7	10	11	1	13	1	15	16	1	8	5	12	10	8	12	13	6	16	5	12	7	11	8	15	10	4	13	10	1	11	9	1	6	1	2	6	10	11	12	7	11	3	11	14	12	7	5	13	16	9	8	4	11	10	12	11	12	6	2	16	14	6	15	8	12	6	9	11	6	15	14	9	2	13	11	4	10	1	16	4	2	13	8	11	10	12	6	9	5	1	7	10	2	1	9	12	10	15	4	13	6	5	10	15	12	7	12	10	5	3	8	14	4	14	15	14	11	5	3	4	7	5	15	15	16	4	7	8	7	5	16	12	3	4	14	11	14	7	5	7	16	10	2	11	12	6	7	7	1	5	6	2	10	14	13	9	16	12	11	14	4	14	14	10	6	7	14	12	15	4	4	13	12	4	15	3	4	5	11	2	10	12	10	15	15	9	3	9	14	12	13	5	16	7	3	4	14	14	9	4	16	6	2	11	5	16	10	16	4	5	1	2	3	12	15	7	2	7	6	15	9	4	2	2	8	11	7	12	5	3	16	6	2	5	14	2	1	15	10	5	2	5	15	3	9	8	15	14	1	15	1	9	5	8	14	3	5	14	2	4	5	13	4	16	5	10	1	9	9	15	12	12	11	2	4	10	7	8	4	3	12	8	13	12	4	16	6	11	5	4	7	6	8	8	15	3	2	3	15	9	15	6	8	13	2	7	3	2	16	16	13	4	9	14	10	7	7	3	16	3	15	8	6	3	14	6	10	10	1	6	13	15	6	2	12	16	2	12	13	12	9	2	5	6	5	13	3	7	5	10	6	16	16	3	7	12	7	7	7	7	4	4	14	8	2	7	16	10	12	4	12	15	16	2	1	16	8	13	4	6	9	7	15	10	14	13	10	5	15	5	13	7	7	1	13	16	2	13	16	12	2	3	3	12	4	16	7	9	14	4	13	3	3	8	4	15	4	12	9	13	7	10	11	1	6	10	9	5	12	5	10	4	14	16	16	9	14	15	11	7	5	7	5	11	8	13	8	16	15	11	13	9	9	4	12	1	4	1	4	6	2	15	1	10	5	9	1	7	6	8	1	16	10	11	8	15	2	8	10	15	13	16	6	10	15	9	3	10	5	3	12	13	7	11	1	4	9	6	11	3	8	9	9	16	10	7	11	3	13	15	6	14	9	12	4	7	6	2	12	4	12	11	14	4	4	2	9	13	8	6	10	10	8	12	5	7	14	6	15	14	1	5	9	3	7	9	8	12	4	13	1	12	14	3	12	4	15	9	16	12	14	4	14	2	15	8	16	12	4	1	9	8	3	14	11	11	15	7	13	5	5	16	14	5	13	3	7	8	3	11	3	10	8	1	6	3	7	13	10	2	15	8	15	14	2	8	15	14	8	10	5	3	14	12	5	5	11	6	10	10	5	16	14	16	3	13	8	13	9	14	9	7	14	13	11	7	4	7	7	3	2	7	6	15	9	6	5	12	8	5	6	2	5	7	4	16	9	14	4	4	12	4	8	11	10	16	11	3	5	10	8	10	2	7	15	9	13	9	14	10	2	13	5	1	1	9	12	15	1	8	1	16	4	7	11	2	6	15	8	8	11	4	16	6	7	4	14	9	12	12	3	2	11	10	3	14	4	10	1	6	15	9	3	7	15	13	4	16	13	9	12	7	15	6	14	9	5	13	16	16	11	10	11	6	4	12	1	2	9	14	8	15	8	14	13	10	4	9	7	5	4	10	7	6	2	13	4	12	4	8	10	1	16	9	4	11	15	14	9	5	13	6	14	11	15	15	2	9	6	11	9	6	11	1	11	12	14	6	6	7	1	2	10	9	7	1	16	2	13	7	7	10	6	14	10	3	12	2	4	3	8	7	13	7	15	7	10	9	4	11	12	1	8	2	8	10	6	13	14	3	8	13	10	7	9	15	13	2	10	12	15	11	7	3	10	8	13	13	15	1	11	15	12	1	16	9	9	16	6	14	5	13	2	16	9	14	9	13	12	5	9	7	15	15	13	3	14	14	2	5	4	15	9	6	11	1	13	16	12	2	10	16	5	7	13	11	7	7	11	4	14	6	11	15	9	9	9	9	11	9	14	15	3	5	15	16	2	12	8	16	6	10	11	14	8	16	2	4	9	10	6	5	13	12	16	4	6	2	13	15	5	10	10	11	6	5	14	10	4	11	7	7	10	7	12	15	10	2	3	4	16	1	7	11	3	6	5	2	2	12	9	2	5	8	16	10	13	2	3	2	9	2	12	2	3	3	15	2	12	14	4	3	4	6	4	16	6	11	2	13	10	8	8	1	8	15	16	9	11	15	12	4	13	9	12	4	1	16	16	7	10	8	1	2	7	8	11	9	16	15	6	13	13	16	10	9	7	12	14	8	10	8	15	13	13	15	13	9	13	5	1	10	2	9	2	10	10	16	13	12	12	9	12	16	15	9	12	8	12	1	11	4	14	6	11	1	5	7	6	3	15	5	4	4	11	15	4	15	7	8	1	1	6	4	15	5	11	12	9	1	9	16	1	14	4	9	12	5	14	9	12	12	7	12	14	15	12	8	2	11	7	10	8	7	11	3	4	12	6	8	12	5	14	11	9	1	14	1	10	10	9	14	9	8	5	7	11	14	4	14	14	3	1	14	3	13	8	8	15	14	9	10	4	8	9	3	13	16	12	1	13	4	8	3	14	13	9	1	8	2	4	7	9	13	7	14	14	1	8	8	15	5	5	14	9	7	5	2	9	4	8	9	1	9	1	4	7	14	5	9	11	10	4	14	13	15	9	14	7	12	13	12	14	1	16	15	16	16	7	3	14	16	11	4	3	3	11	16	6	7	5	15	9	5	14	2	12	3	1	9	1	4	9	9	10	8	4	16	10	13	7	7	5	3	5	8	8	7	5	15	6	5	15	6	6	9	8	6	4	1	12	8	10	7	5	9	4	5	5	12	9	2	10	9	9	16	13	2	13	8	8	7	7	12	3	14	14	8	7	10	15	8	8	8	6	8	13	2	8	10	1	1	15	6	8	11	4	5	12	9	12	1	6	4	15	1	16	10	10	4	10	15	7	1	1	12	9	2	14	4	7	2	7	16	5	15	15	11	10	13	5	12	13	1	11	16	1	2	11	8	11	16	1	13	6	4	13	6	11	5	1	3	16	14	11	10	15	14	9	3	14	16	2	8	4	12	8	16	4	15	13	9	10	9	12	6	6	10	3	2	2	11	9	2	2	4	9	15	2	14	7	15	6	1	2	3	1	2	10	3	15	15	14	3	13	5	3	5	15	8	3	7	1	10	3	16	8	14	7	6	3	4	15	14	5	14	12	9	10	5	15	11	15	7	16	8	13	5	13	4	9	2	10	3	5	15	5	3	5	10	10	6	14	7	2	3	4	4	15	2	1	7	8	9	2	10	3	14	3	15	14	11	8	12	12	4	9	16	9	12	15	11	4	1	6	15	11	11	14	1	12	12	14	3	1	14	5	9	15	1	13	16	16	4	15	3	4	2	5	6	2	6	16	13	7	4	10	10	3	11	7	13	8	1	10	1	3	16	11	12	13	13	14	8	12	1	4	10	7	6	2	7	14	1	2	4	10	14	15	16	7	15	15	8	4	5	4	9	16	4	5	16	8	15	8	3	12	7	8	9	6	6	2	10	3	5	2	9	5	2	11	12	15	9	16	9	14	8	10	11	1	7	16	12	2	11	10	12	10	2	5	9	5	6	11	2	10	10	11	15	7	13	1	7	16	13	13	1	15	16	2	14	2	11	7	5	12	1	3	13	15	5	9	14	14	6	4	2	8	11	13	13	6	2	10	14	2	8	8	14	3	13	2	10	10	9	10	6	4	15	8	5	12	14	4	11	2	11	4	11	11	3	8	3	7	1	16	15	4	14	2	1	7	14	4	8	1	12	4	13	9	13	12	1	5	9	15	10	1	15	6	10	1	7	16	16	9	12	12	14	5	12	8	1	6	1	1	5	9	4	16	7	3	13	5	7	7	1	11	15	8	1	4	10	6	12	16	4	4	16	7	14	8	15	9	8	9	5	11	14	3	9	13	10	14	8	5	14	7	2	11	4	10	10	2	16	6	1	13	14	4	5	8	14	2	16	6	3	7	3	6	11	4	15	9	10	15	9	9	7	7	6	5	14	8	14	11	5	16	4	14	14	12	13	4	14	1	16	12	3	15	4	6	3	8	15	13	3	2	1	6	15	2	12	5	4	14	3	11	2	12	7	9	14	14	1	11	7	8	5	12	8	2	13	1	12	16	14	11	6	12	1	12	4	12	12	10	14	16	2	10	14	8	16	11	15	5	14	12	10	15	5	1	6	12	1	10	9	10	9	14	9	9	7	7	16	16	16	10	13	11	12	6	11	14	9	16	3	8	1	15	5	10	9	16	1	13	7	11	9	14	10	7	12	7	9	6	15	15	12	8	13	6	7	15	15	2	3	7	6	6	7	4	3	4	5	8	1	2	3	8	15	6	1	6	2	2	5	8	15	10	7	10	8	1	8	4	5	9	10	11	6	2	12	9	9	2	13	11	11	8	6	2	2	2	6	7	3	3	10	8	3	8	5	12	1	15	10	3	12	1	16	14	5	2	14	7	1	12	6	12	6	5	11	1	9	13	14	13	14	12	4	9	3	15	3	3	6	5	4	3	2	9	16	7	16	13	6	3	14	10	6	3	15	2	2	7	6	15	14	5	3	7	5	3	5	3	16	5	2	4	12	6	1	9	7	2	16	12	15	11	16	2	13	9	12	12	4	3	13	14	6	14	8	3	11	16	1	2	3	10	11	16	13	2	5	9	5	11	13	10	2	16	7	3	12	12	14	16	8	1	6	8	5	16	4	10	3	7	15	11	8	3	15	8	11	11	3	13	15	8	14	6	7	15	13	10	7	2	3	6	16	15	8	12	10	13	3	14	6	1	8	7	14	16	14	9	9	4	3	15	1	13	16	7	16	6	15	5	14	1	1	7	5	5	11	3	14	12	14	6	8	7	13	7	11	5	5	10	11	6	7	15	7	9	10	16	14	13	8	16	13	15	16	9	16	8	4	16	8	11	2	3	10	8	7	12	9	16	1	1	9	4	5	14	10	14	13	15	4	8	12	6	14	8	2	14	15	5	14	3	14	5	3	3	6	13	1	7	11	10	2	2	9	10	2	12	11	11	5	4	9	5	3	16	7	11	10	10	9	15	2	1	6	3	16	6	3	7	1	13	16	10	9	10	14	2	3	15	3	3	5	8	11	4	14	13	10	16	1	11	7	8	6	12	13	1	4	3	15	12	3	9	13	3	4	11	12	1	13	10	4	13	10	6	4	1	1	6	15	1	9	14	5	16	6	2	11	2	12	10	6	4	8	14	15	3	8	7	2	15	1	13	15	1	4	6	7	9	10	7	1	4	5	14	10	5	12	7	3	12	15	13	8	6	6	14	10	13	7	5	5	10	2	10	1	1	15	9	1	15	6	5	5	3	9	1	9	10	6	11	3	3	2	9	14	10	10	5	11	12	7	9	3	10	12	9	6	2	7	10	9	16	12	13	5	4	4	4	14	12	3	10	16	10	16	15	11	6	6	9	7	11	1	15	14	12	2	10	7	15	10	16	4	13	16	13	7	15	3	14	11	2	7	8	1	6	7	6	14	16	11	16	3	10	8	6	10	6	11	8	14	7	10	11	12	2	15	8	12	13	6	16	5	8	5	12	16	4	7	9	7	5	9	15	6	1	13	4	14	8	15	12	3	13	4	4	4	10	3	16	9	1	16	7	6	15	14	5	16	14	12	1	11	9	9	12	10	8	11	5	8	15	4	15	4	13	7	7	9	7	5	16	9	5	2	10	4	7	10	12	1	14	4	14	4	2	9	11	2	5	6	15	9	9	5	10	14	11	13	4	5	2	9	13	5	8	14	12	9	10	12	3	10	12	10	13	11	12	12	16	9	3	16	14	10	13	6	11	7	3	16	6	6	1	14	16	6	7	15	8	10	5	12	3	16	13	9	9	8	14	11	1	10	16	12	4	4	16	5	8	12	3	11	12	9	6	9	10	14	9	7	14	15	15	11	15	11	12	12	9	1	11	16	14	4	1	8	3	10	11	4	4	10	3	2	11	14	14	16	2	3	3	13	14	3	14	12	6	5	6	16	12	13	12	9	15	6	10	1	13	6	13	14	4	9	5	8	7	11	11	11	13	5	7	15	9	8	1	9	4	14	11	10	1	16	8	13	11	7	10	5	10	14	9	9	6	1	16	10	14	3	14	14	13	2	13	1	13	15	2	1	10	2	3	12	2	5	3	2	15	11	15	8	12	8	10	9	10	10	13	5	5	3	7	12	2	11	12	6	10	16	15	14	7	11	2	1	1	4	9	10	5	16	5	6	10	3	3	11	6	1	7	9	10	15	9	12	2	16	8	4	6	9	6	2	3	9	15	3	2	16	12	13	6	2	2	7	3	10	7	13	14	1	13	14	14	9	8	12	2	11	15	5	10	2	11	7	13	11	15	7	7	16	12	11	5	11	8	10	11	9	8	9	14	11	1	10	13	13	13	6	10	8	2	13	11	16	6	14	5	6	1	11	15	3	1	1	1	12	13	1	1	5	2	4	4	15	2	5	10	10	9	4	12	5	9	3	5	8	13	13	2	14	3	12	6	6	8	2	5	7	16	6	15	12	16	8	3	5	14	8	7	13	1	2	5	7	11	8	9	11	9	9	12	6	1	1	12	16	16	5	10	8	14	13	9	10	12	9	4	16	10	10	1	7	10	2	15	8	9	13	5	6	3	13	3	5	9	11	14	15	9	16	3	13	14	8	11	5	13	15	16	7	10	1	7	11	15	6	3	4	16	13	14	16	14	7	16	2	10	11	12	1	1	8	12	10	14	3	6	2	16	12	3	3	15	7	13	15	6	6	3	16	6	14	6	15	1	4	15	3	2	8	7	2	15	3	5	8	1	1	9	4	9	2	4	3	9	1	11	16	12	13	4	1	12	9	11	12	15	9	11	11	14	8	12	13	3	4	1	9	15	3	4	6	12	13	9	4	3	14	14	1	10	9	12	5	9	13	14	13	12	10	10	3	16	7	15	13	12	14	14	2	13	7	16	11	8	6	11	3	9	8	12	11	15	15	15	11	9	5	7	9	5	15	2	1	13	6	1	3	12	12	9	2	2	11	13	3	2	10	4	4	11	7	3	13	8	3	5	10	14	3	5	8	3	16	15	14	14	16	3	8	4	8	13	8	1	9	16	3	11	1	2	13	9	10	5	6	5	12	8	15	1	10	2	10	2	3	11	11	13	1	13	7	3	6	15	15	3	6	2	4	15	11	7	3	7	11	3	13	8	8	4	2	11	15	10	6	4	15	2	2	8	5	4	10	1	4	16	15	12	7	10	2	1	2	2	5	2	13	13	16	11	11	10	9	3	10	4	4	15	10	5	5	4	5	5	4	7	12	2	14	12	4	10	3	9	11	16	1	4	14	9	16	2	4	7	8	10	13	15	16	16	8	4	4	15	7	16	13	12	6	9	16	13	12	7	12	7	16	13	9	2	1	12	13	4	1	3	16	11	4	12	15	6	5	7	15	9	13	12	15	15	13	1	6	10	8	9	12	12	9	10	9	1	12	7	1	11	11	11	16	2	7	12	2	7	3	6	9	16	5	11	2	2	10	12	8	2	13	5	3	8	7	15	16	16	11	5	9	7	14	13	12	6	12	14	3	1	3	2	13	2	15	14	11	12	9	15	15	9	3	7	11	11	6	9	2	10	8	11	6	10	11	15	1	7	16	9	7	10	10	3	15	5	3	13	9	1	14	6	5	11	5	15	7	6	2	6	5	12	3	9	3	7	2	10	14	12	8	8	14	5	2	3	7	7	2	11	2	8	4	9	1	16	10	16	4	11	15	14	1	16	11	2	1	4	8	14	6	1	14	14	1	10	5	3	1	2	8	10	2	13	7	3	6	2	4	6	2	1	8	4	15	5	2	11	6	14	4	3	15	6	12	12	7	3	1	10	4	14	5	13	8	1	16	15	2	14	16	9	5	6	9	13	11	12	16	15	15	6	4	14	16	14	7	16	1	14	11	5	10	1	14	15	8	3	16	6	12	1	8	14	4	15	9	6	7	16	9	3	12	14	8	9	2	13	11	8	1	7	9	8	11	11	6	13	2	3	8	16	3	4	1	16	2	1	3	15	13	1	1	9	11	5	2	5	2	2	14	14	13	10	9	8	15	9	10	14	8	13	7	11	9	12	14	4	1	10	1	14	14	3	15	16	8	2	15	12	9	4	3	13	3	3	16	15	14	2	5	9	11	11	13	9	9	2	12	15	4	9	7	3	3	2	6	1	15	12	5	1	4	11	12	11	1	4	4	2	12	10	1	6	8	12	13	12	11	16	16	8	9	13	16	15	4	6	8	9	14	2	10	15	7	11	3	15	4	1	14	8	3	16	8	13	13	9	8	10	6	6	3	10	16	15	13	4	3	16	8	10	12	6	11	7	11	9	10	1	13	5	11	2	4	7	6	7	11	3	10	15	2	2	10	15	8	8	5	15	14	10	14	7	13	1	9	14	4	13	13	7	2	9	16	5	3	3	3	3	2	2	7	10	13	11	7	3	7	6	5	4	9	1	9	11	3	9	1	16	6	14	6	6	14	1	2	10	10	13	11	5	1	16	14	13	4	6	13	10	10	16	9	3	6	8	4	12	9	14	5	3	1	13	12	12	9	10	10	10	13	8	16	3	11	15	4	8	13	1	11	13	4	9	8	11	8	8	6	16	12	4	4	13	3	10	14	6	13	12	4	4	13	4	15	16	9	2	6	10	5	12	14	11	4	16	11	8	3	3	12	16	10	6	5	2	15	6	16	9	3	14	14	6	2	4	10	8	3	5	6	16	7	15	2	4	3	13	4	14	10	13	4	7	11	4	11	9	4	3	6	5	6	2	12	16	7	3	2	14	15	2	7	2	3	13	10	10	12	10	10	12	14	6	6	9	3	4	16	16	2	14	1	2	13	16	3	8	16	10	16	8	8	5	14	2	1	13	6	9	4	9	11	2	10	12	14	8	1	14	1	3	3	12	6	10	14	2	1	15	2	3	6	5	11	10	9	5	3	8	2	11	7	15	6	7	6	3	14	14	7	13	7	10	12	10	12	13	12	4	9	11	15	11	11	5	14	7	11	10	2	6	14	6	2	6	13	3	12	11	6	7	11	11	5	9	7	1	14	13	6	15	10	1	14	9	3	12	9	3	11	8	3	8	10	11	10	5	5	1	13	5	2	15	5	16	9	7	1	14	10	5	9	15	2	16	6	7	1	11	6	12	1	13	16	6	1	9	11	11	15	6	4	3	15	14	16	1	10	8	3	2	6	1	5	7	9	2	11	13	5	5	8	7	1	14	11	7	12	16	15	13	6	2	12	14	3	7	1	4	8	4	4	15	1	11	7	14	4	7	12	1	2	7	12	9	16	8	16	6	6	7	2	16	6	3	12	13	2	13	5	14	3	13	16	8	16	2	10	11	5	11	12	12	5	10	7	16	11	6	9	4	16	11	16	3	6	13	16	2	16	3	2	14	9	15	13	16	16	11	8	5	13	7	12	12	14	5	5	16	13	15	4	11	16	1	8	1	13	3	14	3	8	9	14	10	6	9	6	15	3	11	6	12	6	2	3	10	15	16	8	7	1	11	9	9	11	5	8	10	2	6	13	1	16	3	5	7	14	1	3	12	15	5	12	5	8	14	13	10	6	12	3	6	7	7	8	11	7	1	9	4	7	13	7	2	6	7	3	16	12	11	7	10	1	4	10	12	13	15	15	9	8	5	3	4	11	10	9	6	9	16	6	9	8	4	10	13	9	3	4	16	8	14	4	11	4	15	11	16	2	2	10	1	3	16	10	15	9	11	10	14	14	2	5	10	7	13	7	13	7	8	11	2	8	8	1	13	12	1	10	5	14	7	10	16	16	14	1	6	2	4	6	12	10	16	4	16	16	4	9	15	14	1	7	1	7	6	5	16	12	16	3	14	5	13	3	14	16	13	9	6	8	10	13	2	9	10	14	8	5	9	5	16	7	11	2	10	13	13	11	7	8	3	7	7	7	4	1	8	11	8	5	16	6	1	8	12	6	11	2	10	15	10	10	14	12	15	7	12	12	6	7	6	7	9	6	1	4	5	4	1	7	9	3	1	11	9	11	2	14	12	9	9	13	3	2	4	12	2	4	4	10	1	16	2	1	8	2	13	1	1	4	16	5	8	14	11	1	7	8	8	11	9	2	15	2	15	10	3	11	8	4	11	10	2	14	5	7	7	2	2	9	2	12	9	1	4	13	13	6	8	12	13	3	14	12	1	15	5	9	8	11	11	10	8	15	11	9	2	2	5	10	15	4	2	12	8	7	14	9	1	4	6	6	3	12	2	16	14	1	15	1	15	4	8	6	2	11	3	12	4	2	1	1	14	15	13	16	15	9	13	14	5	5	14	10	2	12	10	16	5	3	5	14	10	5	1	3	3	
380	210	770	950	740	910	950	310	870	430	270	270	160	200	840	800	700	380	320	290	440	580	450	870	880	980	770	620	460	430	710	380	810	350	670	570	520	310	340	1000	460	510	240	760	220	170	980	250	800	210	660	160	200	250	920	540	400	900	830	730	480	760	430	540	740	1000	690	850	390	700	950	280	790	650	480	340	430	710	500	990	710	490	540	810	350	190	110	310	900	180	630	440	190	370	890	720	950	690	760	680	170	990	810	360	830	620	120	930	840	970	480	400	640	370	960	440	110	630	850	370	700	690	400	850	690	220	540	960	760	650	960	820	170	400	940	300	650	590	150	920	750	180	930	410	490	930	270	980	450	730	640	830	740	690	990	170	230	390	360	520	120	770	540	730	350	920	590	190	290	540	760	410	210	330	280	210	610	490	390	880	650	560	410	970	330	490	920	410	820	200	460	350	170	470	440	340	830	860	760	240	950	770	210	250	260	490	440	840	900	940	480	1000	850	270	330	820	440	910	100	700	620	640	830	720	120	630	980	760	850	230	700	540	780	380	410	810	200	890	510	660	740	610	640	620	110	920	500	410	270	360	610	300	760	770	910	680	920	500	180	290	610	150	360	310	890	330	540	210	830	680	740	610	100	480	210	680	460	840	990	1000	870	730	650	240	440	910	610	320	980	160	210	840	980	630	970	550	360	870	770	370	690	940	230	800	100	700	940	540	220	930	990	790	200	380	140	510	740	900	170	750	210	310	100	780	700	590	680	750	570	290	410	710	720	440	490	110	950	650	820	730	600	100	220	210	150	180	990	510	360	960	760	920	210	460	420	820	960	420	650	480	350	700	150	970	990	420	210	810	270	350	830	380	300	590	170	780	730	860	570	600	550	550	660	160	860	270	440	680	160	320	840	690	970	500	820	630	120	430	160	230	280	300	740	630	630	190	850	880	390	950	530	650	510	790	410	830	570	360	800	970	1000	450	930	840	870	830	640	160	990	410	160	190	670	530	860	680	260	100	580	990	340	480	850	760	820	470	210	180	790	240	410	590	350	580	360	410	930	460	280	740	390	610	340	820	240	150	380	880	740	410	910	970	980	350	280	130	690	520	270	360	280	620	510	550	580	110	390	750	780	620	870	790	220	500	760	460	150	290	510	540	340	250	250	800	590	760	680	840	140	150	630	450	130	610	190	920	970	210	330	200	610	420	640	390	680	850	650	100	440	150	320	740	980	650	410	650	100	840	390	220	260	390	460	550	360	260	120	390	580	920	250	290	560	140	930	790	950	690	540	940	840	290	130	160	820	920	750	480	600	490	440	430	610	250	930	650	390	320	260	920	970	380	610	980	130	700	840	110	290	360	300	170	800	920	180	670	470	610	710	910	210	350	980	590	280	550	960	460	590	610	600	270	390	200	560	110	130	700	510	110	750	330	880	470	740	770	350	700	750	400	950	450	960	330	110	250	930	960	770	180	510	900	960	930	950	850	650	850	170	520	190	220	530	580	260	170	680	920	220	520	740	500	530	340	830	590	620	410	760	570	260	730	920	130	140	870	720	710	310	680	400	570	480	960	580	820	810	250	610	980	1000	730	970	540	840	460	190	670	400	940	960	810	410	270	620	130	550	810	110	490	850	650	950	370	800	480	230	600	360	570	670	520	310	160	910	550	880	660	230	710	630	410	260	670	270	960	280	920	910	950	170	840	630	620	370	620	790	300	950	720	790	990	940	120	190	990	320	890	510	220	130	210	350	390	750	990	830	190	270	930	330	360	630	300	840	540	340	550	610	520	480	930	540	110	520	720	320	830	430	490	660	660	950	630	830	990	380	250	440	350	560	620	690	700	510	700	940	110	660	970	350	880	540	510	220	370	980	350	860	660	620	720	710	190	890	840	110	950	630	660	550	430	150	400	760	550	380	200	750	860	520	910	230	640	880	460	140	920	110	260	690	290	550	920	240	600	580	660	850	850	740	860	530	560	840	730	110	370	460	650	510	890	510	770	970	640	100	330	520	390	1000	780	260	160	370	760	790	810	520	970	540	840	950	570	510	360	980	300	680	670	780	950	470	350	470	870	780	760	130	170	570	200	730	690	930	670	810	370	970	980	250	770	590	550	820	660	950	590	510	950	970	600	180	520	610	730	900	640	780	480	550	110	130	220	650	640	160	190	730	950	480	890	690	320	290	410	500	830	700	300	870	660	930	140	980	350	450	860	380	270	370	210	670	1000	940	570	240	760	350	130	220	920	300	380	290	640	420	730	380	130	950	960	510	890	900	160	740	340	190	410	170	740	550	420	900	550	990	840	460	530	160	620	680	460	420	500	520	990	990	110	180	680	410	410	560	120	880	570	660	640	930	760	330	860	420	210	550	210	650	980	580	360	200	400	440	310	120	740	360	270	180	410	920	960	290	840	410	770	810	280	420	540	740	280	480	170	220	670	800	130	730	240	490	480	240	410	750	740	730	550	190	880	340	350	440	570	390	790	170	520	550	840	440	550	460	150	840	670	220	980	440	600	190	120	390	600	130	120	300	680	980	110	420	180	380	840	120	130	490	150	360	710	160	410	270	210	250	830	780	240	960	320	230	760	100	440	190	310	370	1000	570	500	760	890	470	690	550	200	940	880	480	980	950	410	240	210	870	720	860	680	680	620	300	380	900	320	100	780	360	260	370	790	530	670	670	310	490	880	100	800	300	810	140	880	220	940	540	490	170	890	530	350	170	670	350	190	330	410	400	990	610	840	440	650	750	180	180	670	140	310	160	560	470	670	440	770	330	190	1000	550	610	390	590	770	810	190	820	730	390	580	540	830	660	480	690	180	920	960	460	700	780	920	260	110	910	390	380	680	800	580	940	630	790	640	260	240	280	870	880	100	810	880	130	110	280	980	420	230	620	580	330	750	870	660	330	120	550	930	850	930	820	270	610	530	910	270	740	490	760	870	290	930	240	720	320	260	310	150	130	680	370	770	210	270	950	470	620	130	610	550	610	870	870	870	150	100	230	590	510	740	860	520	270	610	320	260	970	380	360	240	140	120	100	780	730	510	730	650	580	820	860	330	730	300	630	910	120	640	650	580	710	380	190	790	700	160	770	810	330	160	120	420	190	980	570	120	100	360	840	660	910	220	550	150	900	630	130	310	430	330	770	540	970	620	650	990	210	830	240	470	650	290	830	440	860	620	110	910	110	830	670	690	720	590	270	320	280	450	710	790	930	920	760	550	470	240	670	400	350	980	860	570	400	250	460	210	380	960	900	840	500	170	440	840	720	120	440	580	340	500	760	430	720	230	660	360	490	880	770	460	320	360	230	790	230	260	790	130	970	580	100	970	830	750	880	610	540	430	440	610	540	810	530	950	640	380	970	540	460	640	900	950	160	940	750	660	540	640	190	780	360	940	530	510	390	400	980	460	160	850	940	600	110	760	130	770	1000	400	400	860	230	160	570	480	880	850	970	430	120	500	950	340	330	1000	390	360	240	810	960	650	980	600	870	540	560	360	520	660	170	890	820	100	560	250	760	710	190	580	120	560	410	690	950	480	460	970	930	680	930	540	970	210	180	570	600	150	990	660	970	940	940	890	460	730	800	310	250	980	170	960	770	870	420	120	630	400	480	550	840	820	340	730	210	380	180	600	290	220	280	930	480	770	310	830	800	260	420	160	710	780	770	900	620	470	440	260	740	190	700	720	600	500	270	800	480	900	720	440	990	960	130	190	780	610	770	270	280	610	540	540	100	400	860	980	610	620	770	610	430	230	530	110	210	420	250	890	530	430	150	870	460	510	540	980	730	420	740	850	610	1000	190	670	660	290	120	630	620	690	790	580	220	380	480	140	480	100	100	880	500	640	500	380	830	530	160	730	230	180	430	950	910	530	160	460	520	800	840	560	480	130	900	120	780	770	580	510	990	180	550	390	320	880	320	690	930	120	110	680	330	150	920	740	500	440	880	230	340	420	210	890	580	550	780	470	820	110	160	670	700	390	820	640	280	620	510	190	160	110	700	420	200	310	740	940	280	840	590	490	170	960	340	180	550	310	400	250	270	750	720	580	360	180	870	390	500	990	810	240	230	790	550	860	410	580	260	110	760	660	690	150	920	210	290	800	570	370	910	870	910	450	460	940	230	460	360	750	240	110	840	580	950	770	900	810	710	990	880	830	210	710	780	590	920	550	250	130	1000	710	250	690	680	800	880	910	640	300	650	280	110	670	390	390	260	440	710	870	290	310	130	390	280	390	280	390	870	200	510	100	730	430	380	240	200	550	290	670	730	880	570	880	500	490	360	480	350	430	710	560	670	400	460	960	370	650	370	400	940	330	270	370	810	230	660	270	440	270	380	190	490	510	860	460	960	880	230	870	580	770	220	710	130	870	330	900	180	650	650	810	870	1000	320	280	360	420	240	150	620	160	870	210	710	120	670	380	530	520	310	120	670	150	710	330	830	370	390	180	270	670	820	670	960	380	580	140	590	640	690	530	310	140	290	450	940	540	620	860	800	180	220	650	340	610	500	730	660	860	230	750	530	140	300	610	930	750	460	440	530	350	240	930	860	880	800	230	190	130	870	730	570	110	570	590	290	530	720	980	640	690	700	240	810	450	640	560	720	570	900	660	670	990	690	990	640	520	720	350	280	150	830	870	880	160	810	830	950	510	100	800	370	490	570	820	850	120	790	680	330	400	280	520	480	350	740	100	450	490	390	660	760	770	200	600	870	720	960	930	550	660	430	570	880	700	100	760	740	240	280	750	390	630	430	290	470	360	710	590	220	970	620	350	500	780	580	900	570	730	350	920	510	770	230	120	600	940	870	780	800	870	810	480	570	440	310	410	930	800	560	850	260	200	850	740	560	770	180	730	910	970	290	590	700	830	290	860	900	800	450	420	160	130	180	130	400	470	970	560	780	130	720	610	600	350	460	710	380	920	650	330	540	430	750	340	820	770	630	710	920	410	650	740	820	560	300	980	330	730	900	450	250	890	780	300	280	670	350	590	860	310	570	950	310	150	520	460	220	260	370	960	590	770	110	520	740	210	130	250	380	340	430	160	350	380	760	660	700	900	420	230	130	380	580	730	770	940	450	760	820	910	610	200	750	730	610	730	270	880	420	400	830	900	930	260	860	930	990	670	420	980	990	460	850	440	370	950	190	950	400	870	690	470	850	850	710	850	610	140	700	420	730	970	500	640	870	710	360	600	310	360	900	830	900	730	210	540	890	980	470	490	880	1000	260	230	560	920	670	160	620	150	550	400	870	790	960	490	660	440	400	420	130	890	580	130	170	990	400	310	790	480	630	120	390	540	840	230	690	440	270	990	210	340	910	810	930	290	450	500	180	510	940	1000	710	260	460	200	480	610	920	370	600	830	740	540	830	370	240	870	980	310	480	300	670	170	170	320	240	180	720	690	530	920	790	850	670	740	810	610	100	620	740	340	930	960	690	580	880	720	320	740	300	690	430	540	920	990	830	280	930	620	790	140	520	470	730	510	390	860	310	600	790	130	910	520	370	940	940	860	510	330	850	680	310	460	550	780	570	670	110	350	700	270	210	620	580	350	200	220	400	120	430	780	650	640	420	580	750	450	640	470	420	600	350	900	100	360	110	920	110	380	560	730	920	200	710	510	340	200	980	270	480	790	940	720	460	540	990	610	420	270	730	920	640	990	190	460	720	500	400	920	800	870	870	520	390	550	820	310	890	270	830	650	740	160	510	450	880	210	680	1000	470	270	470	380	260	310	210	280	250	990	970	110	990	260	980	370	890	430	720	820	340	160	850	910	180	420	160	130	660	640	480	340	850	360	500	350	620	150	320	680	460	290	490	200	880	490	780	770	210	520	710	160	940	170	130	620	400	950	430	530	300	700	970	930	340	640	940	520	910	380	720	470	380	130	400	420	640	680	580	540	690	440	370	590	550	910	700	890	410	620	480	800	210	720	190	370	340	240	820	530	730	340	370	110	280	110	600	640	620	780	630	810	170	570	730	820	100	390	200	130	690	240	520	160	1000	670	310	250	810	410	560	250	610	200	590	450	910	560	530	800	730	200	160	620	930	160	470	250	360	170	170	320	480	450	470	550	370	150	920	890	960	350	740	270	310	650	720	560	630	310	350	410	580	150	730	230	810	710	880	520	700	770	620	230	160	230	430	500	660	620	160	730	210	220	760	600	860	980	310	570	640	760	530	530	180	410	120	340	450	660	270	220	100	880	710	750	120	640	370	260	230	190	770	480	350	600	170	940	490	370	550	150	980	170	980	480	290	130	660	890	490	830	910	840	650	110	170	940	540	550	790	280	350	960	850	790	750	230	210	780	150	500	360	310	680	140	280	380	650	750	100	480	190	290	800	350	820	160	470	640	300	300	710	570	580	980	190	470	260	850	970	370	580	710	600	950	460	960	240	280	680	700	550	870	320	240	510	380	250	390	660	210	520	650	840	350	120	280	650	600	590	560	590	730	490	910	410	920	890	870	650	230	650	480	260	590	900	100	470	890	210	380	680	230	470	570	870	180	740	480	720	850	500	450	880	620	870	290	530	910	810	870	890	420	680	190	800	890	210	770	750	180	840	880	760	570	770	990	340	300	940	160	900	910	790	100	730	820	620	570	350	750	810	440	140	300	640	380	570	680	770	430	180	280	760	440	650	720	550	960	570	660	240	740	840	630	740	740	930	890	950	280	320	740	950	100	330	100	130	890	860	1000	580	310	560	570	610	870	340	280	660	540	230	920	190	860	150	740	140	710	660	920	1000	350	680	640	440	740	370	170	220	550	840	630	650	580	750	640	250	620	310	420	590	650	180	130	670	950	770	100	1000	430	150	100	920	1000	530	900	480	760	110	310	390	750	260	140	940	250	220	200	110	950	220	420	930	660	510	950	400	160	820	640	640	860	230	550	720	730	400	670	260	780	640	150	900	570	680	390	930	160	370	240	440	560	620	120	810	760	180	930	420	810	470	120	400	250	570	510	590	860	650	900	340	660	600	260	780	640	300	330	100	810	830	580	580	150	180	120	520	580	360	790	990	840	470	250	370	150	360	290	100	840	470	170	250	600	780	510	430	400	1000	920	880	910	990	840	970	780	610	550	250	740	770	730	300	100	860	490	970	190	370	750	720	980	360	750	500	420	330	420	380	670	730	290	1000	360	420	640	810	490	740	130	180	740	270	780	420	720	410	380	340	960	390	710	750	440	410	460	630	280	390	1000	750	600	560	430	480	240	410	730	420	220	820	900	580	960	100	480	550	250	130	940	840	270	980	130	710	170	430	950	480	580	590	490	560	240	900	100	570	610	820	390	790	590	110	390	630	730	550	810	180	770	650	150	200	390	670	160	140	160	670	520	680	890	780	600	710	720	910	550	980	180	760	400	380	400	910	630	180	460	370	890	360	520	130	590	150	360	750	760	480	330	680	370	330	590	830	210	210	870	830	500	980	650	480	680	690	210	870	200	760	750	560	480	130	280	460	230	600	250	810	380	380	840	910	470	150	480	660	920	470	850	870	150	240	160	450	900	330	890	790	140	750	310	750	610	680	710	250	330	930	590	830	680	550	280	950	110	510	560	180	810	710	720	410	570	900	930	820	730	910	840	510	920	810	360	920	270	240	880	260	170	550	980	170	790	530	910	910	410	630	700	610	470	170	270	560	550	980	600	310	490	620	280	150	550	230	430	260	890	900	310	280	820	480	950	600	940	230	120	830	600	590	190	370	210	260	730	580	910	710	100	870	190	830	900	480	550	420	820	380	160	420	910	180	960	760	780	600	620	490	820	720	600	860	980	190	680	740	480	490	900	990	220	890	250	510	550	810	660	470	980	630	390	150	270	720	290	300	480	630	1000	480	870	860	840	450	280	460	300	500	660	930	350	180	180	750	900	270	930	610	650	230	910	930	470	380	400	800	920	400	570	450	1000	780	670	200	830	700	450	930	650	100	350	680	190	560	160	830	580	170	370	830	630	930	440	120	770	270	510	110	460	990	130	340	450	950	530	310	600	100	240	430	340	260	650	300	490	960	450	920	630	410	430	310	880	220	890	760	240	490	700	500	850	280	520	420	750	150	290	450	350	360	580	140	890	390	410	180	780	600	210	500	300	360	270	790	890	390	980	240	790	780	660	140	120	470	850	920	250	360	240	650	810	230	260	950	240	630	810	160	580	910	240	450	190	710	330	920	400	900	660	370	900	370	850	330	520	960	670	360	980	850	860	230	240	450	980	990	480	640	190	420	760	960	250	600	860	340	680	430	740	450	490	530	620	820	570	830	690	730	140	970	720	950	300	390	160	470	940	850	1000	610	200	130	800	830	180	800	820	140	480	350	110	150	320	970	150	550	570	630	340	810	720	120	670	400	680	980	380	570	240	920	780	180	990	790	890	590	580	950	400	440	960	380	190	450	460	330	230	120	190	660	670	120	950	870	700	670	240	910	140	860	710	660	800	260	330	1000	170	570	160	990	940	210	990	820	650	830	470	740	820	340	930	840	710	820	710	550	600	480	790	340	440	930	210	370	660	140	300	900	480	720	400	420	650	890	860	620	810	910	450	160	820	240	840	560	290	450	680	600	820	910	240	310	240	590	730	960	850	960	210	730	190	360	270	230	510	390	560	780	200	150	350	760	810	240	890	470	410	840	260	500	460	790	600	810	100	360	940	180	790	320	810	520	610	110	590	220	680	480	630	620	160	700	120	280	960	780	580	670	120	470	100	170	640	390	590	620	730	750	670	310	900	920	980	200	450	100	620	630	910	940	290	920	690	920	370	540	130	380	440	990	470	670	410	450	580	170	980	820	540	620	610	730	300	730	340	550	980	360	510	510	590	870	250	800	410	830	980	130	540	260	140	630	890	970	540	640	410	130	690	120	520	780	440	140	300	990	200	120	240	990	780	130	550	760	510	640	740	670	150	300	550	800	640	940	630	790	280	770	910	560	750	130	600	220	980	760	910	930	970	570	960	940	530	370	550	190	350	340	430	800	760	250	290	590	350	830	890	170	200	710	490	540	870	820	510	520	940	940	450	350	500	810	430	380	630	580	690	800	670	850	170	920	250	650	730	300	110	420	700	530	620	630	590	690	690	110	360	210	590	360	310	970	930	540	200	850	620	250	150	720	600	920	100	960	540	470	240	600	280	530	770	260	680	1000	250	580	290	800	420	420	110	710	150	970	500	260	940	300	930	150	260	700	670	290	510	430	890	860	630	660	490	270	530	210	220	260	570	290	610	260	390	920	630	860	860	920	620	420	830	600	980	120	640	730	770	890	180	200	130	380	380	140	690	890	240	980	570	270	480	330	420	610	950	400	880	250	130	900	200	310	410	600	120	970	940	310	600	220	730	290	850	530	300	920	670	570	550	910	580	160	540	170	910	960	170	580	490	790	850	610	900	710	490	940	300	300	500	610	430	170	890	620	900	690	660	830	280	160	630	840	240	220	240	740	850	740	850	460	890	900	920	860	610	330	590	360	700	380	130	290	160	260	100	960	830	710	650	820	960	460	820	210	990	140	610	780	110	270	200	270	750	620	790	280	120	860	260	300	440	750	990	330	130	980	950	800	850	580	970	170	470	930	430	430	650	700	300	190	140	500	450	780	510	160	840	750	720	910	540	810	700	590	500	340	760	940	200	890	190	850	360	710	560	860	880	390	540	180	360	680	150	580	620	300	490	850	630	750	510	800	960	780	690	760	140	530	600	690	370	160	430	750	160	310	690	390	880	260	170	570	100	680	670	240	630	700	890	320	160	550	600	270	100	890	340	500	110	270	580	930	910	630	280	360	730	420	850	480	350	390	610	700	810	150	700	760	640	360	710	350	740	670	120	660	160	360	600	380	730	320	670	690	360	390	260	810	300	850	550	250	340	210	590	240	420	770	330	920	930	530	490	190	630	610	860	740	940	170	990	180	900	550	820	800	420	870	550	430	220	640	530	460	190	380	350	920	940	240	480	210	610	740	280	100	890	810	110	610	800	400	320	290	670	620	740	190	540	980	930	700	200	980	110	330	240	220	710	190	530	890	900	390	160	460	350	250	330	660	120	710	400	600	810	200	100	680	600	230	230	950	660	970	660	690	300	900	210	980	730	450	330	240	390	970	700	110	630	250	620	510	510	270	500	840	780	780	940	980	190	910	170	780	880	190	960	840	160	480	360	180	260	150	730	720	800	510	610	580	500	310	460	640	180	160	410	650	440	210	110	720	730	650	240	650	800	550	490	640	160	970	200	580	630	170	150	530	410	350	610	680	690	880	950	860	620	970	860	540	790	180	700	860	160	640	560	950	710	900	960	780	240	220	550	980	970	210	740	560	680	680	1000	110	190	760	430	480	600	110	660	440	600	470	340	180	570	980	750	850	880	630	240	370	780	490	120	490	110	320	420	720	390	160	570	240	930	160	670	270	480	690	220	380	130	340	240	290	570	440	860	880	500	540	160	480	890	750	630	460	550	870	600	940	800	560	150	470	530	650	420	360	770	480	280	250	160	420	810	110	760	170	510	740	180	810	180	790	760	690	940	850	450	930	930	310	190	620	850	970	240	230	980	530	490	200	310	690	160	910	460	980	500	810	150	470	660	170	960	870	700	160	790	100	560	440	590	970	990	920	300	350	880	320	650	680	230	620	280	680	620	520	310	460	620	490	830	890	220	370	900	870	120	470	280	1000	910	630	740	190	770	950	540	480	700	280	910	370	290	500	980	900	650	550	940	330	650	930	150	180	110	950	160	360	110	620	720	210	120	580	880	220	940	710	960	360	240	210	370	470	420	220	150	350	370	810	900	520	440	670	130	910	680	640	670	580	140	860	870	120	630	400	700	910	300	620	640	250	680	650	760	210	440	470	920	750	590	480	440	450	790	440	780	560	700	800	690	140	200	960	610	370	390	690	390	440	170	240	230	590	860	490	520	910	400	850	540	610	260	630	530	680	900	520	880	170	440	980	540	730	530	810	940	860	710	500	330	410	650	820	910	420	320	960	520	430	550	340	930	970	530	390	130	740	520	210	310	990	240	630	220	860	870	260	250	820	770	420	390	330	830	800	880	940	240	850	840	110	730	450	320	890	120	610	810	150	250	380	620	460	800	200	220	580	760	480	110	220	270	610	180	480	850	920	850	490	940	340	650	350	730	570	420	290	370	950	480	750	840	600	810	420	110	670	950	210	350	450	710	580	250	560	980	410	140	710	140	880	860	160	420	580	600	140	590	670	950	970	830	790	810	700	240	140	720	300	750	250	190	930	640	500	280	410	530	130	840	180	820	230	450	710	570	440	950	350	560	700	360	760	450	360	940	790	380	910	340	430	510	540	980	410	200	750	220	860	100	890	820	840	580	950	940	660	690	840	760	990	240	490	540	220	110	880	250	950	730	120	290	270	1000	660	520	900	520	690	870	750	150	660	710	810	570	830	370	820	840	400	930	970	450	960	340	450	370	880	490	420	260	1000	410	430	260	370	510	260	600	530	230	250	340	830	390	860	1000	990	790	180	240	830	390	590	450	1000	830	900	630	130	370	270	310	270	600	730	240	850	910	390	570	770	180	370	590	430	470	600	120	750	150	200	580	150	280	420	680	230	810	1000	750	160	830	680	480	180	220	240	180	420	980	490	130	710	750	810	490	350	360	980	750	800	670	370	560	370	430	960	780	510	270	410	300	180	520	920	330	130	970	690	800	760	580	300	660	780	750	870	670	790	510	510	250	670	490	820	1000	380	570	910	450	110	390	230	290	530	180	500	100	910	930	1000	580	100	370	260	540	180	260	350	440	660	190	140	840	140	380	940	100	610	290	710	460	910	950	180	370	220	490	300	470	120	490	560	600	140	250	140	340	120	970	100	690	130	490	810	190	420	850	820	910	740	540	600	980	170	400	120	440	190	490	690	900	770	520	120	850	100	440	960	760	260	970	380	780	770	220	370	640	930	740	370	320	490	290	890	940	880	730	800	560	680	600	560	320	820	570	230	800	200	920	670	930	140	640	390	710	900	700	680	840	810	300	880	640	610	240	890	440	500	490	960	870	490	430	240	310	780	240	970	270	780	680	460	220	690	670	310	350	510	720	180	270	850	220	240	100	520	520	300	590	700	360	810	170	640	300	310	880	510	400	240	860	930	840	230	480	120	750	390	740	240	120	960	500	1000	240	480	410	560	270	740	300	840	440	350	520	550	670	880	770	900	170	520	610	810	850	500	690	890	460	330	260	610	880	110	970	420	770	180	570	730	170	470	730	370	450	520	620	360	340	820	380	760	340	440	320	160	520	340	920	600	250	710	540	270	270	190	330	380	560	130	490	850	690	160	380	330	940	900	130	260	100	690	280	800	780	400	110	290	480	460	420	260	430	790	830	630	600	300	330	530	890	320	900	260	190	220	810	620	680	150	570	260	180	450	570	140	220	830	390	870	920	370	320	610	290	700	640	350	660	470	290	230	540	480	130	920	330	270	670	230	840	480	670	290	660	990	130	190	720	760	390	510	240	770	490	460	200	450	340	880	170	570	180	550	330	610	890	600	880	610	360	300	580	300	720	400	930	360	580	790	800	330	750	550	150	540	740	360	820	490	190	210	590	650	230	790	960	520	940	850	470	750	610	490	680	700	750	840	400	490	490	290	330	860	300	480	920	610	330	910	510	900	330	880	430	340	260	430	810	910	320	520	360	160	100	910	680	310	990	490	850	260	850	830	420	820	400	300	230	530	140	190	180	140	200	560	540	340	620	160	280	360	840	230	200	280	100	660	720	230	480	550	660	510	450	940	220	260	530	510	640	320	640	270	190	250	990	550	180	320	320	390	950	580	350	990	480	690	460	110	590	230	220	600	780	630	160	380	300	750	360	520	290	500	380	950	650	770	410	770	340	300	210	940	530	860	900	810	910	480	990	950	180	740	880	700	290	670	540	790	780	740	910	460	620	290	270	710	780	330	190	910	490	390	190	830	260	990	700	400	170	430	870	140	970	570	150	310	470	190	330	640	870	270	290	480	830	580	980	960	400	770	720	740	630	400	120	270	230	740	360	450	810	450	950	830	280	170	730	440	800	280	360	380	500	140	130	640	240	180	900	760	820	580	470	790	630	530	180	130	980	170	360	780	830	150	550	700	400	150	190	780	320	500	240	880	610	550	800	310	290	660	910	610	390	240	580	610	660	620	630	390	250	890	460	480	780	950	550	440	230	960	780	170	520	350	240	840	370	390	140	840	410	600	560	600	830	540	810	350	400	500	240	930	970	300	820	920	910	180	380	930	350	960	950	720	730	780	580	520	740	980	250	820	960	800	860	330	910	800	840	520	750	550	270	390	980	460	290	420	170	730	400	780	490	300	960	480	390	640	920	380	730	790	880	770	310	600	270	860	210	470	680	570	680	770	500	410	350	490	120	450	320	590	120	160	510	360	700	770	670	860	940	130	580	850	720	370	290	130	540	600	160	430	610	600	460	540	310	560	520	290	810	820	760	760	460	200	990	970	490	370	500	420	690	660	520	800	750	110	270	740	460	980	380	540	800	110	150	150	950	830	420	230	730	160	710	850	870	420	170	260	430	400	170	580	570	180	140	230	260	980	220	950	570	420	210	170	830	230	300	730	210	140	950	490	590	450	830	160	520	650	300	990	1000	790	730	260	380	250	880	340	420	860	180	420	870	610	750	160	260	250	280	390	710	570	230	490	150	590	220	570	110	420	670	900	430	790	550	350	720	790	560	980	680	750	560	800	520	430	960	470	530	280	390	120	640	180	600	610	750	540	770	700	170	370	500	440	320	610	970	830	490	820	430	110	360	770	720	770	270	870	600	490	170	390	580	500	410	340	150	120	520	910	340	660	340	100	860	610	910	890	350	470	160	450	930	340	790	500	370	360	310	560	810	800	800	770	180	700	620	930	780	250	130	770	350	260	860	360	110	1000	770	280	390	290	720	440	320	820	840	540	660	330	290	720	620	480	170	670	360	870	990	250	600	180	360	960	560	690	630	200	740	710	600	130	930	700	550	250	560	490	290	230	590	590	720	430	800	1000	750	920	300	840	120	800	1000	550	490	870	130	270	680	790	520	390	1000	480	420	440	670	670	590	590	700	240	480	620	220	570	360	710	610	600	960	470	770	610	390	350	770	150	680	780	990	170	940	900	500	750	840	690	400	350	500	140	210	480	250	820	790	910	250	160	820	110	890	420	360	840	690	830	780	890	170	790	840	290	600	270	720	690	390	120	960	590	620	760	960	880	790	880	980	470	220	740	720	750	710	960	520	140	720	190	900	370	350	290	930	930	280	170	660	500	430	200	970	390	180	770	760	510	710	460	900	460	280	320	250	390	890	170	870	340	890	940	1000	320	230	230	610	470	950	800	430	520	510	560	740	140	960	710	400	340	940	590	670	400	980	210	890	160	650	580	950	250	950	630	970	770	500	810	350	300	920	810	520	420	430	610	470	790	490	550	280	460	560	660	460	550	550	850	480	140	130	910	890	150	140	230	160	970	830	650	430	590	350	510	270	920	530	720	150	830	250	690	930	630	410	280	250	810	880	170	860	950	150	420	980	860	640	710	590	190	650	490	590	720	410	860	600	890	890	220	290	120	690	180	870	270	410	880	660	160	610	530	500	
1
