6426
120
3
90
0	0	0	0	0	0	48	0	0	0	0	0	0	0	0	0	0	0	0	0	0	0	0	0	0	0	0	0	0	0	0	0	0	0	0	0	0	0	0	0	0	0	0	0	0	0	0	0	0	0	0	0	0	0	0	0	0	0	0	0	0	0	0	0	0	0	0	0	0	0	0	0	0	0	0	0	0	0	0	0	0	0	0	0	0	0	0	0	0	0	0	0	0	0	0	48	0	0	0	0	0	0	0	0	0	0	0	0	0	0	0	48	0	0	0	0	0	0	0	0	
0	0	0	0	0	0	0	0	0	48	0	0	48	0	0	0	0	0	0	0	0	0	0	0	0	0	0	0	0	0	0	0	0	0	0	0	0	0	0	0	0	0	0	0	0	0	0	0	0	0	0	0	0	0	0	0	0	0	0	0	0	0	0	0	0	0	0	0	0	0	0	0	0	0	0	0	0	0	0	0	0	0	0	0	0	0	0	0	0	0	0	0	0	0	0	0	0	0	48	0	0	0	0	0	0	0	0	0	0	0	0	0	0	0	0	0	0	0	0	0	
0	0	0	0	0	0	0	0	0	0	0	0	0	48	0	0	0	0	0	0	0	0	0	0	0	0	0	0	0	0	0	0	0	0	0	0	0	0	0	0	0	0	0	0	0	0	0	0	0	0	0	0	0	0	48	0	0	0	0	0	0	0	0	0	0	0	0	48	0	0	0	0	0	0	0	0	0	0	0	0	0	0	0	0	0	0	0	0	0	0	0	0	0	0	0	0	0	0	0	0	0	0	0	0	0	0	0	0	0	0	0	0	0	0	0	0	0	0	0	0	
0	0	0	0	0	0	0	0	0	0	0	0	0	0	0	0	48	0	0	0	0	0	0	0	0	0	0	0	0	0	0	0	0	0	0	0	0	0	0	0	0	0	0	0	0	0	0	0	0	0	0	0	0	0	0	0	0	0	0	0	0	0	0	0	0	0	0	0	0	48	0	0	0	0	0	0	0	0	0	0	0	0	0	0	0	0	0	48	0	0	0	0	0	0	0	0	0	0	0	0	0	0	0	0	0	0	0	0	0	0	0	0	0	0	0	0	0	0	0	0	
0	0	0	0	0	0	0	0	0	0	0	0	0	0	0	0	0	0	0	48	0	0	0	0	0	0	0	0	0	0	48	0	0	0	0	0	0	0	0	0	0	0	0	0	0	0	0	0	0	0	0	0	0	0	0	0	0	0	0	0	0	0	0	0	0	0	0	0	0	0	0	0	0	0	0	0	0	0	0	0	0	0	0	0	0	0	0	0	0	0	0	0	0	0	0	0	0	0	0	0	0	0	0	0	0	0	0	0	0	0	0	0	0	0	0	0	0	0	48	0	
0	0	0	0	0	0	0	0	0	0	0	0	0	0	0	0	0	0	0	0	0	0	0	0	0	0	0	0	0	0	0	0	0	0	0	0	48	0	0	0	0	0	0	0	0	0	0	0	0	0	0	0	0	48	0	0	0	0	0	0	0	0	0	0	0	0	0	0	0	0	0	0	0	48	0	0	0	0	0	0	0	0	0	0	0	0	0	0	0	0	0	0	0	0	0	0	0	0	0	0	0	0	0	0	0	0	0	0	0	0	0	0	0	0	0	0	0	0	0	0	
48	0	0	0	0	0	0	0	0	0	0	0	0	0	0	0	0	0	0	0	0	0	0	0	0	0	0	0	0	0	0	0	0	0	0	0	0	0	0	0	0	0	0	0	0	0	0	0	0	0	0	0	0	0	0	0	0	0	0	0	0	0	0	0	0	0	0	0	0	0	0	0	0	0	0	0	0	0	0	48	0	0	0	0	0	0	0	0	0	0	0	48	0	0	0	0	0	0	0	0	0	0	0	0	0	0	0	0	0	0	0	0	0	0	0	0	0	0	0	0	
0	0	0	0	0	0	0	0	0	0	0	0	0	0	0	0	0	0	0	0	0	0	0	0	0	0	0	0	0	0	0	0	0	0	0	0	0	0	0	0	0	0	0	0	0	0	0	48	0	0	0	0	0	0	0	0	0	0	0	0	0	0	0	0	0	0	0	0	0	0	0	0	0	0	0	0	0	0	0	0	0	0	0	0	0	0	0	0	48	0	0	0	0	0	0	0	0	0	0	0	0	0	0	0	48	0	0	0	0	0	0	0	0	0	0	0	0	0	0	0	
0	0	0	0	0	0	0	0	0	0	48	0	0	0	0	0	0	48	0	0	0	0	0	0	0	0	0	0	0	0	0	0	0	0	0	0	0	0	0	0	0	0	0	0	0	0	0	0	0	0	0	0	48	0	0	0	0	0	0	0	0	0	0	0	0	0	0	0	0	0	0	0	0	0	0	0	0	0	0	0	0	0	0	0	0	0	0	0	0	0	0	0	0	0	0	0	0	0	0	0	0	0	0	0	0	0	0	0	0	0	0	0	0	0	0	0	0	0	0	0	
0	48	0	0	0	0	0	0	0	0	0	0	0	0	0	0	0	0	0	0	0	0	0	0	0	0	48	0	0	48	0	0	0	0	0	0	0	0	0	0	0	0	0	0	0	0	0	0	0	0	0	0	0	0	0	0	0	0	0	0	0	0	0	0	0	0	0	0	0	0	0	0	0	0	0	0	0	0	0	0	0	0	0	0	0	0	0	0	0	0	0	0	0	0	0	0	0	0	0	0	0	0	0	0	0	0	0	0	0	0	0	0	0	0	0	0	0	0	0	0	
0	0	0	0	0	0	0	0	48	0	0	0	0	0	0	0	0	48	0	0	0	0	0	0	0	0	0	0	0	0	0	0	0	0	0	0	0	0	0	0	0	0	0	0	0	0	0	0	0	0	0	0	0	0	0	0	0	0	0	0	0	0	0	0	0	0	0	0	0	0	0	0	0	0	0	0	0	0	0	0	0	0	0	0	0	0	0	0	0	48	0	0	0	0	0	0	0	0	0	0	0	0	0	0	0	0	0	0	0	0	0	0	0	0	0	0	0	0	0	0	
0	0	0	0	0	0	0	0	0	0	0	0	0	0	0	0	0	0	0	0	0	0	0	0	0	0	0	0	0	0	0	0	0	0	0	0	0	0	0	0	0	0	0	0	0	0	0	0	0	0	0	0	48	0	0	0	0	0	0	0	0	0	0	0	0	0	0	0	0	0	0	0	48	0	0	0	0	0	0	0	0	0	0	0	48	0	0	0	0	0	0	0	0	0	0	0	0	0	0	0	0	0	0	0	0	0	0	0	0	0	0	0	0	0	0	0	0	0	0	0	
0	48	0	0	0	0	0	0	0	0	0	0	0	0	0	0	0	0	0	0	0	0	0	0	0	0	0	0	0	0	0	0	0	0	0	0	0	0	0	0	0	0	0	0	0	0	0	0	0	0	0	0	0	0	0	0	0	0	0	0	0	0	0	0	0	0	0	0	0	0	0	0	0	0	0	0	48	0	0	0	0	0	0	0	0	0	0	0	0	0	0	0	0	0	0	0	0	0	48	0	0	0	0	0	0	0	0	0	0	0	0	0	0	0	0	0	0	0	0	0	
0	0	48	0	0	0	0	0	0	0	0	0	0	0	0	0	0	0	0	0	0	0	0	0	0	0	48	0	0	0	0	0	0	0	0	0	0	0	0	0	0	0	0	0	0	0	0	0	0	0	0	0	0	0	48	0	0	0	0	0	0	0	0	0	0	0	0	0	0	0	0	0	0	0	0	0	0	0	0	0	0	0	0	0	0	0	0	0	0	0	0	0	0	0	0	0	0	0	0	0	0	0	0	0	0	0	0	0	0	0	0	0	0	0	0	0	0	0	0	0	
0	0	0	0	0	0	0	0	0	0	0	0	0	0	0	0	0	0	0	0	0	0	0	0	0	0	0	0	0	0	0	0	0	0	0	0	0	48	0	0	0	0	0	48	0	0	0	0	0	0	0	0	0	0	0	0	0	0	0	0	48	0	0	0	0	0	0	0	0	0	0	0	0	0	0	0	0	0	0	0	0	0	0	0	0	0	0	0	0	0	0	0	0	0	0	0	0	0	0	0	0	0	0	0	0	0	0	0	0	0	0	0	0	0	0	0	0	0	0	0	
0	0	0	0	0	0	0	0	0	0	0	0	0	0	0	0	0	0	0	0	0	0	0	48	0	0	0	0	0	0	0	0	0	0	48	0	0	0	0	0	0	0	0	0	0	0	0	0	0	0	0	0	0	0	0	0	0	0	0	0	0	0	0	0	0	0	0	0	0	0	0	0	0	0	0	0	0	0	0	0	0	0	0	0	0	0	0	0	0	0	0	0	0	0	0	0	0	0	0	48	0	0	0	0	0	0	0	0	0	0	0	0	0	0	0	0	0	0	0	0	
0	0	0	48	0	0	0	0	0	0	0	0	0	0	0	0	0	0	0	0	0	0	0	0	0	0	0	0	0	0	0	0	0	0	0	0	0	0	0	0	0	0	0	0	0	0	0	0	0	0	0	0	0	0	0	0	0	0	0	0	0	0	0	0	0	0	0	0	0	48	0	0	0	0	0	0	0	0	0	0	0	0	0	0	0	0	0	48	0	0	0	0	0	0	0	0	0	0	0	0	0	0	0	0	0	0	0	0	0	0	0	0	0	0	0	0	0	0	0	0	
0	0	0	0	0	0	0	0	48	0	48	0	0	0	0	0	0	0	0	0	0	0	0	0	0	0	0	0	0	0	0	0	0	0	0	0	0	0	0	0	0	0	0	0	0	0	0	0	0	0	0	0	48	0	0	0	0	0	0	0	0	0	0	0	0	0	0	0	0	0	0	0	0	0	0	0	0	0	0	0	0	0	0	0	0	0	0	0	0	0	0	0	0	0	0	0	0	0	0	0	0	0	0	0	0	0	0	0	0	0	0	0	0	0	0	0	0	0	0	0	
0	0	0	0	0	0	0	0	0	0	0	0	0	0	0	0	0	0	0	0	0	0	0	0	0	0	0	48	0	0	0	0	0	0	0	0	0	0	0	0	0	0	0	0	0	0	0	0	0	0	0	0	0	0	0	0	0	0	0	0	0	0	0	0	0	0	0	48	0	0	0	0	0	0	0	0	0	0	0	0	0	0	0	0	0	0	0	0	0	0	0	0	48	0	0	0	0	0	0	0	0	0	0	0	0	0	0	0	0	0	0	0	0	0	0	0	0	0	0	0	
0	0	0	0	48	0	0	0	0	0	0	0	0	0	0	0	0	0	0	0	0	0	0	0	0	0	0	0	0	0	48	0	0	0	0	0	0	0	0	0	0	0	0	0	0	0	0	0	0	0	0	0	0	0	0	0	0	0	0	0	0	0	0	0	0	0	0	0	0	0	0	0	0	0	0	0	0	0	0	0	0	0	0	0	0	0	0	0	0	0	0	0	48	0	0	0	0	0	0	0	0	0	0	0	0	0	0	0	0	0	0	0	0	0	0	0	0	0	0	0	
0	0	0	0	0	0	0	0	0	0	0	0	0	0	0	0	0	0	0	0	0	0	0	0	0	0	0	0	48	0	0	0	0	0	0	0	0	0	0	0	0	0	0	0	0	0	0	0	0	0	0	0	0	0	0	0	48	0	0	0	0	0	0	0	0	0	0	0	0	0	0	0	0	0	0	0	0	0	0	0	0	0	0	0	0	0	0	0	0	0	0	0	0	0	0	0	0	0	0	0	0	0	0	0	0	0	0	0	0	0	0	0	0	48	0	0	0	0	0	0	
0	0	0	0	0	0	0	0	0	0	0	0	0	0	0	0	0	0	0	0	0	0	0	0	0	0	0	0	0	0	0	0	0	0	0	0	0	0	0	0	0	0	0	48	0	0	48	0	0	0	0	0	0	0	0	0	0	0	0	0	48	0	0	0	0	0	0	0	0	0	0	0	0	0	0	0	0	0	0	0	0	0	0	0	0	0	0	0	0	0	0	0	0	0	0	0	0	0	0	0	0	0	0	0	0	0	0	0	0	0	0	0	0	0	0	0	0	0	0	0	
0	0	0	0	0	0	0	0	0	0	0	0	0	0	0	0	0	0	0	0	0	0	0	0	0	0	0	0	0	0	0	0	0	0	0	0	0	0	0	0	0	0	0	0	0	0	0	0	0	0	0	0	0	0	0	0	0	0	0	0	0	0	0	0	48	0	0	0	0	0	0	0	0	0	48	0	0	0	0	0	0	0	0	0	0	0	0	0	0	0	0	0	0	0	0	0	0	0	0	0	0	0	0	0	0	48	0	0	0	0	0	0	0	0	0	0	0	0	0	0	
0	0	0	0	0	0	0	0	0	0	0	0	0	0	0	48	0	0	0	0	0	0	0	0	0	0	0	0	0	0	0	0	0	0	48	0	0	0	0	0	0	0	0	0	0	0	0	0	0	0	0	0	0	0	0	0	0	0	0	0	0	0	0	0	0	0	0	0	0	0	0	0	0	0	0	0	0	0	0	0	0	0	0	0	0	0	0	0	0	0	0	0	0	0	0	0	0	0	0	0	0	0	0	0	0	0	48	0	0	0	0	0	0	0	0	0	0	0	0	0	
0	0	0	0	0	0	0	0	0	0	0	0	0	0	0	0	0	0	0	0	0	0	0	0	0	0	0	0	0	0	0	0	48	0	0	0	0	0	0	0	0	0	0	0	0	0	0	0	0	0	0	0	0	0	0	0	0	0	0	0	0	0	0	0	0	0	0	0	0	0	0	0	0	0	0	0	0	0	0	0	0	0	0	0	0	0	0	0	0	0	0	0	0	48	0	0	0	0	0	0	0	0	0	0	0	0	0	0	0	48	0	0	0	0	0	0	0	0	0	0	
0	0	0	0	0	0	0	0	0	0	0	0	0	0	0	0	0	0	0	0	0	0	0	0	0	0	0	0	0	0	0	0	0	0	0	0	0	0	0	0	0	0	0	0	0	0	0	0	0	0	0	0	0	0	0	0	0	0	0	48	0	48	0	0	0	0	0	0	0	0	0	0	0	0	0	0	0	0	0	0	0	0	0	0	0	0	0	0	48	0	0	0	0	0	0	0	0	0	0	0	0	0	0	0	0	0	0	0	0	0	0	0	0	0	0	0	0	0	0	0	
0	0	0	0	0	0	0	0	0	48	0	0	0	48	0	0	0	0	0	0	0	0	0	0	0	0	0	0	0	0	0	0	0	0	0	0	0	0	0	0	0	0	0	0	0	0	0	0	0	0	0	0	0	0	0	0	0	0	0	0	0	0	0	0	0	0	0	0	0	0	0	0	0	0	0	0	0	0	0	0	0	0	0	0	0	0	0	0	0	0	0	0	0	0	0	0	0	48	0	0	0	0	0	0	0	0	0	0	0	0	0	0	0	0	0	0	0	0	0	0	
0	0	0	0	0	0	0	0	0	0	0	0	0	0	0	0	0	0	48	0	0	0	0	0	0	0	0	0	0	0	0	0	0	0	0	0	0	0	0	0	0	0	0	0	0	48	0	0	0	0	0	0	0	0	0	0	0	0	0	0	0	0	0	0	0	0	0	0	0	0	0	0	0	0	0	0	0	0	0	0	0	0	0	0	0	0	0	0	0	0	0	0	48	0	0	0	0	0	0	0	0	0	0	0	0	0	0	0	0	0	0	0	0	0	0	0	0	0	0	0	
0	0	0	0	0	0	0	0	0	0	0	0	0	0	0	0	0	0	0	0	48	0	0	0	0	0	0	0	0	0	0	0	0	0	0	0	0	0	0	0	0	0	0	0	0	0	0	0	0	0	0	0	0	0	0	0	0	0	0	0	0	0	0	0	0	0	0	0	0	0	0	0	0	0	0	0	0	0	0	0	0	0	0	0	0	0	0	0	0	0	0	0	0	0	0	0	0	0	0	0	0	0	0	0	0	0	0	48	0	0	0	0	0	48	0	0	0	0	0	0	
0	0	0	0	0	0	0	0	0	48	0	0	0	0	0	0	0	0	0	0	0	0	0	0	0	0	0	0	0	0	0	0	0	0	0	0	0	0	0	0	0	0	0	0	0	0	0	0	0	0	0	0	0	0	0	0	0	0	0	0	0	0	0	0	0	0	0	48	0	0	0	0	0	0	0	0	0	0	0	0	0	0	0	0	0	0	0	0	0	0	0	0	0	0	0	0	0	48	0	0	0	0	0	0	0	0	0	0	0	0	0	0	0	0	0	0	0	0	0	0	
0	0	0	0	48	0	0	0	0	0	0	0	0	0	0	0	0	0	0	48	0	0	0	0	0	0	0	0	0	0	0	0	0	0	0	0	0	0	0	0	0	0	0	0	0	0	0	0	0	0	0	0	0	0	0	0	0	0	0	0	0	0	0	0	0	0	0	0	0	0	0	0	0	0	0	0	0	0	0	0	0	0	0	0	0	0	0	0	0	0	0	0	0	0	0	0	0	0	0	0	0	0	0	0	0	0	0	0	0	0	0	0	0	0	0	0	0	0	48	0	
0	0	0	0	0	0	0	0	0	0	0	0	0	0	0	0	0	0	0	0	0	0	0	0	0	0	0	0	0	0	0	0	0	0	0	0	0	0	0	0	0	0	0	0	0	0	0	0	0	0	0	0	0	0	0	0	0	0	0	0	0	0	0	0	0	0	0	0	0	0	0	48	0	0	0	0	0	0	0	0	0	0	0	0	0	0	0	48	48	0	0	0	0	0	0	0	0	0	0	0	0	0	0	0	0	0	0	0	0	0	0	0	0	0	0	0	0	0	0	0	
0	0	0	0	0	0	0	0	0	0	0	0	0	0	0	0	0	0	0	0	0	0	0	0	48	0	0	0	0	0	0	0	0	0	0	0	0	0	0	0	0	0	0	0	0	0	0	0	0	0	0	0	0	0	0	0	0	0	0	0	0	0	0	0	0	0	0	0	0	0	0	0	0	0	0	0	0	0	0	0	0	0	0	0	0	0	0	0	0	0	0	0	0	48	0	0	0	0	0	0	0	0	0	0	0	0	0	0	0	48	0	0	0	0	0	0	0	0	0	0	
0	0	0	0	0	0	0	0	0	0	0	0	0	0	0	0	0	0	0	0	0	0	0	0	0	0	0	0	0	0	0	0	0	0	0	0	0	0	0	0	0	0	48	0	0	0	0	0	48	0	0	0	0	0	0	0	0	0	0	0	0	0	0	0	0	0	0	0	0	0	0	0	0	0	0	0	0	0	0	0	0	0	0	0	0	0	0	0	0	0	0	0	0	0	0	0	48	0	0	0	0	0	0	0	0	0	0	0	0	0	0	0	0	0	0	0	0	0	0	0	
0	0	0	0	0	0	0	0	0	0	0	0	0	0	0	48	0	0	0	0	0	0	0	48	0	0	0	0	0	0	0	0	0	0	0	0	0	0	0	0	0	0	0	0	0	0	0	0	0	0	0	0	0	0	0	0	0	0	0	0	0	0	0	0	0	0	0	0	0	0	0	0	0	0	0	0	0	0	0	0	0	0	0	0	0	0	0	0	0	0	0	0	0	0	0	0	0	0	0	0	0	0	0	0	0	0	48	0	0	0	0	0	0	0	0	0	0	0	0	0	
0	0	0	0	0	0	0	0	0	0	0	0	0	0	0	0	0	0	0	0	0	0	0	0	0	0	0	0	0	0	0	0	0	0	0	0	0	0	48	0	0	0	0	0	0	48	0	0	0	0	0	0	0	0	0	0	0	0	0	0	0	0	0	0	0	0	0	0	0	0	0	0	0	0	0	0	0	0	0	0	0	0	0	0	0	0	0	0	0	0	0	0	0	0	0	0	0	0	0	0	0	0	0	0	0	0	0	0	48	0	0	0	0	0	0	0	0	0	0	0	
0	0	0	0	0	48	0	0	0	0	0	0	0	0	0	0	0	0	0	0	0	0	0	0	0	0	0	0	0	0	0	0	0	0	0	0	0	0	0	0	0	0	0	0	0	0	0	0	0	0	0	0	0	48	0	0	0	0	0	0	0	0	0	0	0	0	0	0	0	0	0	0	0	48	0	0	0	0	0	0	0	0	0	0	0	0	0	0	0	0	0	0	0	0	0	0	0	0	0	0	0	0	0	0	0	0	0	0	0	0	0	0	0	0	0	0	0	0	0	0	
0	0	0	0	0	0	0	0	0	0	0	0	0	0	48	0	0	0	0	0	0	0	0	0	0	0	0	0	0	0	0	0	0	0	0	0	0	0	0	0	0	0	0	0	0	0	48	0	0	0	0	0	0	0	0	0	0	0	0	0	0	0	0	0	0	0	0	0	0	0	0	0	0	0	0	0	0	0	0	0	0	0	0	0	0	0	0	0	0	0	48	0	0	0	0	0	0	0	0	0	0	0	0	0	0	0	0	0	0	0	0	0	0	0	0	0	0	0	0	0	
0	0	0	0	0	0	0	0	0	0	0	0	0	0	0	0	0	0	0	0	0	0	0	0	0	0	0	0	0	0	0	0	0	0	0	48	0	0	0	0	0	0	0	0	0	0	0	0	0	0	0	0	0	0	0	0	0	0	0	0	0	0	0	0	0	0	0	0	0	0	0	0	0	0	0	0	0	0	0	0	0	0	0	0	0	0	0	0	0	0	0	0	0	0	0	0	0	0	0	0	0	0	0	0	0	0	0	0	0	0	48	0	0	0	48	0	0	0	0	0	
0	0	0	0	0	0	0	0	0	0	0	0	0	0	0	0	0	0	0	0	0	0	0	0	0	0	0	0	0	0	0	0	0	0	0	0	0	0	0	0	0	0	0	0	0	0	0	0	0	0	0	0	0	0	0	0	0	0	0	0	0	0	0	0	0	0	0	0	0	0	0	0	0	0	0	0	0	0	0	0	0	0	0	0	0	0	0	0	0	0	0	0	0	48	0	0	0	0	0	48	0	0	0	0	0	0	0	0	0	48	0	0	0	0	0	0	0	0	0	0	
0	0	0	0	0	0	0	0	0	0	0	0	0	0	0	0	0	0	0	0	0	0	0	0	0	0	0	0	0	0	0	0	0	0	0	0	0	0	0	0	0	0	0	0	0	0	0	0	0	0	0	0	0	0	0	0	0	0	48	48	0	0	0	0	0	0	0	0	0	0	0	0	0	48	0	0	0	0	0	0	0	0	0	0	0	0	0	0	0	0	0	0	0	0	0	0	0	0	0	0	0	0	0	0	0	0	0	0	0	0	0	0	0	0	0	0	0	0	0	0	
0	0	0	0	0	0	0	0	0	0	0	0	0	0	0	0	0	0	0	0	0	0	0	0	0	0	0	0	0	0	0	0	0	0	0	0	0	0	0	0	0	0	0	0	0	0	0	0	0	0	0	0	0	0	0	0	0	0	0	0	0	0	0	0	0	0	0	0	0	0	48	0	0	0	0	0	0	0	0	0	0	0	0	0	0	0	48	0	0	0	0	48	0	0	0	0	0	0	0	0	0	0	0	0	0	0	0	0	0	0	0	0	0	0	0	0	0	0	0	0	
0	0	0	0	0	0	0	0	0	0	0	0	0	0	0	0	0	0	0	0	0	0	0	0	0	0	0	0	0	0	0	0	0	48	0	0	0	0	0	0	0	0	0	0	0	0	0	0	0	0	0	0	0	0	0	0	0	0	0	0	0	0	0	0	0	0	0	0	0	0	0	0	0	0	0	0	0	0	48	0	0	0	0	0	0	0	0	0	0	0	0	0	0	0	0	0	48	0	0	0	0	0	0	0	0	0	0	0	0	0	0	0	0	0	0	0	0	0	0	0	
0	0	0	0	0	0	0	0	0	0	0	0	0	0	48	0	0	0	0	0	0	48	0	0	0	0	0	0	0	0	0	0	0	0	0	0	0	0	0	0	0	0	0	0	0	0	0	0	0	0	0	0	0	0	0	0	0	0	0	0	48	0	0	0	0	0	0	0	0	0	0	0	0	0	0	0	0	0	0	0	0	0	0	0	0	0	0	0	0	0	0	0	0	0	0	0	0	0	0	0	0	0	0	0	0	0	0	0	0	0	0	0	0	0	0	0	0	0	0	0	
0	0	0	0	0	0	0	0	0	0	0	0	0	0	0	0	0	0	0	0	0	0	0	0	0	0	0	0	0	0	0	0	0	0	0	0	0	0	0	0	0	0	0	0	0	0	0	0	0	48	0	0	0	0	0	0	0	0	0	0	0	0	0	0	0	0	0	0	0	0	0	0	0	0	0	0	0	0	0	0	0	0	0	0	0	0	0	0	0	0	0	0	0	0	0	0	0	0	0	0	0	0	0	48	0	0	48	0	0	0	0	0	0	0	0	0	0	0	0	0	
0	0	0	0	0	0	0	0	0	0	0	0	0	0	0	0	0	0	0	0	0	0	0	0	0	0	0	48	0	0	0	0	0	0	0	48	0	0	0	0	0	0	0	0	0	0	0	0	0	0	0	0	0	0	0	0	0	0	0	0	0	0	0	0	0	0	0	0	0	0	0	0	0	0	0	0	0	0	0	0	0	0	0	0	0	0	0	0	0	0	0	0	0	0	0	0	0	0	0	0	0	0	0	0	0	0	0	0	48	0	0	0	0	0	0	0	0	0	0	0	
0	0	0	0	0	0	0	0	0	0	0	0	0	0	0	0	0	0	0	0	0	48	0	0	0	0	0	0	0	0	0	0	0	0	0	0	0	48	0	0	0	0	0	0	0	0	0	0	0	0	0	0	0	0	0	0	0	0	0	0	0	0	0	0	0	0	0	0	0	0	0	0	0	0	0	0	0	0	0	0	0	0	0	0	0	0	0	0	0	0	48	0	0	0	0	0	0	0	0	0	0	0	0	0	0	0	0	0	0	0	0	0	0	0	0	0	0	0	0	0	
0	0	0	0	0	0	0	48	0	0	0	0	0	0	0	0	0	0	0	0	0	0	0	0	0	0	0	0	0	0	0	0	0	0	0	0	0	0	0	0	0	0	0	0	0	0	0	0	0	0	0	0	0	0	0	0	48	0	0	0	0	0	0	0	0	0	0	0	0	0	0	0	0	0	0	0	0	0	0	0	0	0	0	0	0	0	0	0	0	0	0	0	0	0	0	0	0	0	0	0	0	0	0	0	48	0	0	0	0	0	0	0	0	0	0	0	0	0	0	0	
0	0	0	0	0	0	0	0	0	0	0	0	0	0	0	0	0	0	0	0	0	0	0	0	0	0	0	0	0	0	0	0	0	48	0	0	0	0	0	0	0	0	0	0	0	0	0	0	0	0	0	0	0	0	0	0	0	0	0	0	0	0	0	0	0	0	0	0	0	0	0	0	0	0	0	0	0	0	48	0	0	0	0	0	0	0	0	0	0	0	0	0	0	0	0	0	48	0	0	0	0	0	0	0	0	0	0	0	0	0	0	0	0	0	0	0	0	0	0	0	
0	0	0	0	0	0	0	0	0	0	0	0	0	0	0	0	0	0	0	0	0	0	0	0	0	0	0	0	0	0	0	0	0	0	0	0	0	0	0	0	0	0	0	0	48	0	0	0	0	0	0	0	0	0	0	0	0	0	0	0	0	0	0	48	0	0	0	0	0	0	0	0	0	0	0	0	0	0	0	0	0	0	0	0	0	0	0	0	0	0	0	0	0	0	0	0	0	0	0	0	0	0	0	48	0	0	0	0	0	0	0	0	0	0	0	0	0	0	0	0	
0	0	0	0	0	0	0	0	0	0	0	0	0	0	0	0	0	0	0	0	0	0	0	0	0	0	0	0	0	0	0	0	0	0	0	0	0	0	0	0	0	0	0	0	0	0	0	0	0	0	0	0	0	0	0	0	0	0	0	0	0	0	0	0	0	0	0	0	0	0	0	0	0	0	0	0	0	0	0	0	48	0	0	0	0	0	0	0	0	0	0	0	0	0	0	0	0	0	0	0	0	0	0	0	0	0	0	48	0	0	0	0	0	48	0	0	0	0	0	0	
0	0	0	0	0	0	0	0	0	0	0	0	0	0	0	0	0	0	0	0	0	0	0	0	0	0	0	0	0	0	0	0	0	0	0	0	0	0	0	0	0	0	0	0	0	0	0	0	0	0	0	0	0	0	0	0	0	0	0	0	0	0	0	0	0	0	0	0	0	0	0	0	0	0	0	0	48	0	0	0	0	0	0	0	0	48	0	0	0	0	0	0	0	0	0	0	0	0	48	0	0	0	0	0	0	0	0	0	0	0	0	0	0	0	0	0	0	0	0	0	
0	0	0	0	0	0	0	0	48	0	0	48	0	0	0	0	0	48	0	0	0	0	0	0	0	0	0	0	0	0	0	0	0	0	0	0	0	0	0	0	0	0	0	0	0	0	0	0	0	0	0	0	0	0	0	0	0	0	0	0	0	0	0	0	0	0	0	0	0	0	0	0	0	0	0	0	0	0	0	0	0	0	0	0	0	0	0	0	0	0	0	0	0	0	0	0	0	0	0	0	0	0	0	0	0	0	0	0	0	0	0	0	0	0	0	0	0	0	0	0	
0	0	0	0	0	48	0	0	0	0	0	0	0	0	0	0	0	0	0	0	0	0	0	0	0	0	0	0	0	0	0	0	0	0	0	0	48	0	0	0	0	0	0	0	0	0	0	0	0	0	0	0	0	0	0	0	0	0	0	0	0	0	0	0	0	0	0	0	0	0	0	0	0	0	0	0	0	48	0	0	0	0	0	0	0	0	0	0	0	0	0	0	0	0	0	0	0	0	0	0	0	0	0	0	0	0	0	0	0	0	0	0	0	0	0	0	0	0	0	0	
0	0	48	0	0	0	0	0	0	0	0	0	0	48	0	0	0	0	0	0	0	0	0	0	0	0	0	0	0	0	0	0	0	0	0	0	0	0	0	0	0	0	0	0	0	0	0	0	0	0	0	0	0	0	0	0	0	0	0	0	0	0	0	0	0	0	0	0	48	0	0	0	0	0	0	0	0	0	0	0	0	0	0	0	0	0	0	0	0	0	0	0	0	0	0	0	0	0	0	0	0	0	0	0	0	0	0	0	0	0	0	0	0	0	0	0	0	0	0	0	
0	0	0	0	0	0	0	0	0	0	0	0	0	0	0	0	0	0	0	0	0	0	0	0	0	0	0	0	0	0	0	0	0	0	0	0	0	0	0	0	0	0	0	0	0	0	0	0	0	0	0	0	0	0	0	0	0	0	0	0	0	0	0	0	0	0	0	0	0	0	0	0	0	0	0	0	0	0	0	0	0	0	0	0	0	0	0	0	0	0	0	0	0	0	48	0	0	48	0	0	0	48	0	0	0	0	0	0	0	0	0	0	0	0	0	0	0	0	0	0	
0	0	0	0	0	0	0	0	0	0	0	0	0	0	0	0	0	0	0	0	48	0	0	0	0	0	0	0	0	0	0	0	0	0	0	0	0	0	0	0	0	0	0	0	0	0	0	48	0	0	0	0	0	0	0	0	0	0	0	0	0	0	0	0	0	0	0	0	0	0	0	0	0	0	0	0	0	0	0	0	0	0	0	0	0	48	0	0	0	0	0	0	0	0	0	0	0	0	0	0	0	0	0	0	0	0	0	0	0	0	0	0	0	0	0	0	0	0	0	0	
0	0	0	0	0	0	0	0	0	0	0	0	0	0	0	0	0	0	0	0	0	0	0	0	0	0	0	0	0	0	0	0	0	0	0	0	0	0	0	0	0	0	0	0	0	0	0	0	0	0	0	0	0	0	0	0	0	0	0	0	0	0	0	0	0	0	0	0	48	0	0	0	0	0	0	0	0	0	0	48	0	0	0	0	0	0	0	0	0	0	0	0	0	0	0	48	0	0	0	0	0	0	0	0	0	0	0	0	0	0	0	0	0	0	0	0	0	0	0	0	
0	0	0	0	0	0	0	0	0	0	0	0	0	0	0	0	0	0	0	0	0	0	0	0	0	0	0	0	0	0	0	0	0	0	0	0	0	0	0	0	48	0	0	0	0	0	0	0	0	0	0	0	0	0	0	0	0	0	0	48	0	48	0	0	0	0	0	0	0	0	0	0	0	0	0	0	0	0	0	0	0	0	0	0	0	0	0	0	0	0	0	0	0	0	0	0	0	0	0	0	0	0	0	0	0	0	0	0	0	0	0	0	0	0	0	0	0	0	0	0	
0	0	0	0	0	0	0	0	0	0	0	0	0	0	0	0	0	0	0	0	0	0	0	0	0	48	0	0	0	0	0	0	0	0	0	0	0	0	0	0	48	0	0	0	0	0	0	0	0	0	0	0	0	0	0	0	0	0	48	0	0	0	0	0	0	0	0	0	0	0	0	0	0	0	0	0	0	0	0	0	0	0	0	0	0	0	0	0	0	0	0	0	0	0	0	0	0	0	0	0	0	0	0	0	0	0	0	0	0	0	0	0	0	0	0	0	0	0	0	0	
0	0	0	0	0	0	0	0	0	0	0	0	0	0	48	0	0	0	0	0	0	48	0	0	0	0	0	0	0	0	0	0	0	0	0	0	0	0	0	0	0	0	0	48	0	0	0	0	0	0	0	0	0	0	0	0	0	0	0	0	0	0	0	0	0	0	0	0	0	0	0	0	0	0	0	0	0	0	0	0	0	0	0	0	0	0	0	0	0	0	0	0	0	0	0	0	0	0	0	0	0	0	0	0	0	0	0	0	0	0	0	0	0	0	0	0	0	0	0	0	
0	0	0	0	0	0	0	0	0	0	0	0	0	0	0	0	0	0	0	0	0	0	0	0	0	48	0	0	0	0	0	0	0	0	0	0	0	0	0	0	0	0	0	0	0	0	0	0	0	0	0	0	0	0	0	0	0	0	48	0	0	0	0	0	0	0	0	0	0	0	0	0	0	0	0	48	0	0	0	0	0	0	0	0	0	0	0	0	0	0	0	0	0	0	0	0	0	0	0	0	0	0	0	0	0	0	0	0	0	0	0	0	0	0	0	0	0	0	0	0	
0	0	0	0	0	0	0	0	0	0	0	0	0	0	0	0	0	0	0	0	0	0	0	0	0	0	0	0	0	0	0	0	0	0	0	0	0	0	0	0	0	0	0	0	0	0	0	0	0	0	0	0	0	0	0	0	0	0	0	0	0	0	0	0	0	0	0	0	0	0	0	0	0	0	0	0	48	0	0	0	0	0	0	0	0	48	0	0	0	0	0	0	0	0	0	0	0	0	0	0	0	48	0	0	0	0	0	0	0	0	0	0	0	0	0	0	0	0	0	0	
0	0	0	0	0	0	0	0	0	0	0	0	0	0	0	0	0	0	0	0	0	0	0	0	0	0	0	0	0	0	0	0	0	0	0	0	0	0	0	0	0	0	0	0	0	0	0	0	0	48	0	0	0	0	0	0	0	0	0	0	0	0	0	0	0	0	0	0	0	0	0	0	0	0	0	0	0	48	0	0	0	0	0	0	0	0	0	0	0	0	0	0	0	0	0	0	0	0	0	0	0	0	0	48	0	0	0	0	0	0	0	0	0	0	0	0	0	0	0	0	
0	0	0	0	0	0	0	0	0	0	0	0	0	0	0	0	0	0	0	0	0	0	48	0	0	0	0	0	0	0	0	0	0	0	0	0	0	0	0	0	0	0	0	0	0	0	0	0	0	0	0	0	0	0	0	0	0	0	0	0	0	0	0	0	0	0	0	0	0	0	0	0	0	0	48	0	0	0	0	0	0	0	0	0	0	0	0	0	0	0	0	0	0	0	0	0	0	0	0	0	0	0	0	0	0	48	0	0	0	0	0	0	0	0	0	0	0	0	0	0	
0	0	0	0	0	0	0	0	0	0	0	0	0	0	0	0	0	0	0	0	0	0	0	0	0	0	0	0	0	0	0	0	0	0	0	0	0	0	0	0	0	0	0	0	0	0	0	0	0	0	0	0	0	0	0	0	0	0	0	0	0	0	0	0	0	0	0	0	0	0	0	0	0	0	0	0	0	0	0	48	0	0	0	0	0	0	48	0	0	0	0	48	0	0	0	0	0	0	0	0	0	0	0	0	0	0	0	0	0	0	0	0	0	0	0	0	0	0	0	0	
0	0	0	0	0	0	0	0	0	0	0	0	0	0	0	0	0	0	0	0	0	0	0	0	0	0	0	0	0	0	0	0	0	0	0	0	0	0	0	0	0	0	0	0	0	0	0	0	0	0	0	0	0	0	0	0	0	0	0	0	0	0	0	0	0	0	0	0	0	0	48	0	0	0	0	0	0	0	0	0	0	0	48	0	0	0	48	0	0	0	0	0	0	0	0	0	0	0	0	0	0	0	0	0	0	0	0	0	0	0	0	0	0	0	0	0	0	0	0	0	
0	0	48	0	0	0	0	0	0	0	0	0	0	0	0	0	0	0	48	0	0	0	0	0	0	0	0	0	0	48	0	0	0	0	0	0	0	0	0	0	0	0	0	0	0	0	0	0	0	0	0	0	0	0	0	0	0	0	0	0	0	0	0	0	0	0	0	0	0	0	0	0	0	0	0	0	0	0	0	0	0	0	0	0	0	0	0	0	0	0	0	0	0	0	0	0	0	0	0	0	0	0	0	0	0	0	0	0	0	0	0	0	0	0	0	0	0	0	0	0	
0	0	0	0	0	0	0	0	0	0	0	0	0	0	0	0	0	0	0	0	0	0	0	0	0	0	0	0	0	0	0	0	0	0	0	0	0	0	0	0	0	0	0	0	0	0	0	0	0	0	0	0	0	0	48	0	0	48	0	0	0	0	0	0	0	0	0	0	0	0	0	0	0	0	0	0	0	0	0	0	0	0	0	0	0	0	0	0	0	0	0	0	0	0	0	0	0	0	0	0	0	0	48	0	0	0	0	0	0	0	0	0	0	0	0	0	0	0	0	0	
0	0	0	48	0	0	0	0	0	0	0	0	0	0	0	0	48	0	0	0	0	0	0	0	0	0	0	0	0	0	0	0	0	0	0	0	0	0	0	0	0	0	0	0	0	0	0	0	0	0	0	0	0	0	0	0	0	0	0	0	0	0	0	0	0	0	0	0	0	0	0	48	0	0	0	0	0	0	0	0	0	0	0	0	0	0	0	0	0	0	0	0	0	0	0	0	0	0	0	0	0	0	0	0	0	0	0	0	0	0	0	0	0	0	0	0	0	0	0	0	
0	0	0	0	0	0	0	0	0	0	0	0	0	0	0	0	0	0	0	0	0	0	0	0	0	0	0	0	0	0	0	0	0	0	0	0	0	0	0	0	0	48	0	0	0	0	0	0	0	0	0	0	0	0	0	0	0	0	0	0	0	0	0	0	0	0	48	0	0	0	0	0	0	0	0	0	0	0	0	0	0	0	0	0	0	0	0	0	0	0	0	0	0	0	0	48	0	0	0	0	0	0	0	0	0	0	0	0	0	0	0	0	0	0	0	0	0	0	0	0	
0	0	0	0	0	0	0	0	0	0	0	0	0	0	0	0	0	0	0	0	0	0	0	0	0	0	0	0	0	0	0	48	0	0	0	0	0	0	0	0	0	0	0	0	0	0	0	0	0	0	0	0	0	0	0	0	0	0	0	0	0	0	0	0	0	0	0	0	0	48	0	0	0	0	0	0	0	0	0	0	0	0	0	0	0	0	0	0	0	0	0	0	0	0	0	0	0	0	0	0	0	0	0	0	0	0	0	0	0	0	0	0	0	0	0	0	48	0	0	0	
0	0	0	0	0	0	0	0	0	0	0	48	0	0	0	0	0	0	0	0	0	0	0	0	0	0	0	0	0	0	0	0	0	0	0	0	0	0	0	0	0	0	0	0	0	0	0	0	0	0	0	0	0	0	0	0	0	0	0	0	0	0	0	0	0	0	0	0	0	0	0	0	0	0	0	0	0	0	0	0	0	0	0	0	48	0	0	0	0	48	0	0	0	0	0	0	0	0	0	0	0	0	0	0	0	0	0	0	0	0	0	0	0	0	0	0	0	0	0	0	
0	0	0	0	0	48	0	0	0	0	0	0	0	0	0	0	0	0	0	0	0	0	0	0	0	0	0	0	0	0	0	0	0	0	0	0	48	0	0	0	48	0	0	0	0	0	0	0	0	0	0	0	0	0	0	0	0	0	0	0	0	0	0	0	0	0	0	0	0	0	0	0	0	0	0	0	0	0	0	0	0	0	0	0	0	0	0	0	0	0	0	0	0	0	0	0	0	0	0	0	0	0	0	0	0	0	0	0	0	0	0	0	0	0	0	0	0	0	0	0	
0	0	0	0	0	0	0	0	0	0	0	0	0	0	0	0	0	0	0	0	0	0	48	0	0	0	0	0	0	0	0	0	0	0	0	0	0	0	0	0	0	0	0	0	0	0	0	0	0	0	0	0	0	0	0	0	0	0	0	0	0	0	0	0	48	0	0	0	0	0	0	0	0	0	0	0	0	0	0	0	0	0	0	0	0	0	0	0	0	0	0	0	0	0	0	0	0	0	0	0	0	0	0	0	0	0	0	0	0	0	0	0	0	0	0	0	48	0	0	0	
0	0	0	0	0	0	0	0	0	0	0	0	0	0	0	0	0	0	0	0	0	0	0	0	0	0	0	0	0	0	0	0	0	0	0	0	0	0	0	0	0	0	0	0	0	0	0	0	0	0	0	0	0	0	0	0	0	0	0	0	0	48	0	0	0	0	0	0	0	0	0	0	0	0	0	0	0	0	0	0	0	0	0	48	0	0	0	0	0	0	0	0	0	0	0	0	0	0	0	0	0	0	0	0	0	48	0	0	0	0	0	0	0	0	0	0	0	0	0	0	
0	0	0	0	0	0	0	0	0	0	0	0	48	0	0	0	0	0	0	0	0	0	0	0	0	0	0	0	0	0	0	0	0	0	0	0	0	0	0	0	0	0	0	0	0	0	0	0	0	0	0	48	0	0	0	0	0	0	0	0	0	0	48	0	0	0	0	0	0	0	0	0	0	0	0	0	0	0	0	0	0	0	0	0	0	0	0	0	0	0	0	0	0	0	0	0	0	0	0	0	0	0	0	0	0	0	0	0	0	0	0	0	0	0	0	0	0	0	0	0	
0	0	0	0	0	0	0	0	0	0	0	0	0	0	0	0	0	0	0	0	0	0	0	0	0	0	0	0	0	0	0	0	0	0	0	0	0	0	0	0	0	0	0	0	0	0	0	0	0	0	0	0	0	48	0	0	0	0	0	0	0	0	0	48	0	0	0	0	0	0	0	0	0	0	0	0	0	0	0	0	0	0	0	0	0	0	0	0	0	0	0	0	0	0	0	0	0	0	0	0	0	0	0	0	0	0	0	0	0	0	0	0	0	0	0	0	0	48	0	0	
0	0	0	0	0	0	0	0	0	0	0	0	0	0	0	0	0	0	0	0	0	0	0	0	0	0	0	0	0	0	0	0	0	0	0	0	0	0	0	0	0	0	48	0	0	0	0	0	48	0	0	0	0	0	0	0	0	0	0	0	0	0	0	0	0	0	0	0	0	0	0	0	0	0	0	0	0	0	0	0	0	0	0	0	0	0	0	0	0	0	0	0	0	0	0	0	0	0	0	0	0	0	0	0	0	0	0	0	0	0	0	0	0	0	0	48	0	0	0	0	
0	0	0	0	0	0	48	0	0	0	0	0	0	0	0	0	0	0	0	0	0	0	0	0	0	0	0	0	0	0	0	0	0	0	0	0	0	0	0	0	0	0	0	0	0	0	0	0	0	0	0	0	0	0	0	0	0	48	0	0	0	0	0	0	0	48	0	0	0	0	0	0	0	0	0	0	0	0	0	0	0	0	0	0	0	0	0	0	0	0	0	0	0	0	0	0	0	0	0	0	0	0	0	0	0	0	0	0	0	0	0	0	0	0	0	0	0	0	0	0	
0	0	0	0	0	0	0	0	0	0	0	0	0	0	0	0	0	0	0	0	0	0	0	0	0	0	0	0	0	0	0	0	0	0	0	0	0	0	0	0	0	0	0	0	0	0	0	0	0	0	48	0	0	0	0	0	0	0	0	0	0	0	0	0	0	0	0	0	0	0	0	0	0	0	0	0	0	0	0	0	0	0	0	0	0	0	0	0	0	0	0	0	0	0	0	0	0	0	0	0	0	0	0	0	0	0	0	48	0	0	0	48	0	0	0	0	0	0	0	0	
0	0	0	0	0	0	0	0	0	0	0	0	0	0	0	0	0	0	0	0	0	0	0	0	0	0	0	0	0	0	0	0	0	0	0	0	0	0	0	0	0	0	0	0	0	0	0	0	0	0	0	0	0	0	0	0	0	0	0	0	0	0	0	0	0	0	0	0	0	0	0	0	0	0	0	0	0	0	0	0	0	0	0	48	0	0	0	0	0	0	48	0	0	0	0	0	0	0	0	0	0	0	0	0	0	0	0	0	0	0	0	0	0	0	0	0	48	0	0	0	
0	0	0	0	0	0	0	0	0	0	0	0	0	0	0	0	0	0	0	0	0	0	0	0	0	0	0	0	0	0	0	0	0	0	0	0	0	0	0	0	0	0	0	0	0	0	0	0	0	0	0	0	0	0	0	0	0	0	0	0	0	0	0	0	0	0	48	0	0	0	0	0	0	0	0	0	0	0	0	0	0	0	0	0	0	0	0	0	0	0	0	0	0	0	0	0	0	0	0	0	0	0	0	0	0	0	0	0	0	0	0	0	0	0	48	0	0	0	0	48	
0	0	0	0	0	0	0	0	0	0	0	0	0	0	0	0	0	0	0	0	0	0	0	0	0	0	0	0	0	0	0	0	0	0	0	0	0	0	0	0	0	0	0	0	0	0	0	0	0	0	0	0	0	0	0	0	0	0	0	0	0	0	0	0	0	0	0	0	0	0	0	0	0	0	0	48	0	0	0	0	0	48	0	0	0	0	0	0	0	0	0	0	0	0	0	0	0	0	0	0	0	0	0	0	0	0	0	0	0	0	0	48	0	0	0	0	0	0	0	0	
0	0	0	0	0	0	0	0	0	0	0	48	0	0	0	0	0	0	0	0	0	0	0	0	0	0	0	0	0	0	0	0	0	0	0	0	0	0	0	0	0	0	0	0	0	0	0	0	0	0	0	0	0	0	0	0	0	0	0	0	0	0	0	0	0	0	0	0	0	0	0	0	48	0	0	0	0	0	0	0	0	0	0	0	0	0	0	0	0	0	0	0	0	0	0	0	0	0	0	0	0	0	0	0	0	0	0	0	0	0	0	0	0	0	0	0	0	48	0	0	
0	0	0	0	0	0	0	0	0	0	0	0	0	0	0	0	0	0	0	0	0	0	0	0	0	0	0	0	0	0	0	0	0	0	0	0	0	0	0	0	0	0	0	0	0	0	0	0	0	0	0	48	0	0	0	0	48	0	0	0	0	0	48	0	0	0	0	0	0	0	0	0	0	0	0	0	0	0	0	0	0	0	0	0	0	0	0	0	0	0	0	0	0	0	0	0	0	0	0	0	0	0	0	0	0	0	0	0	0	0	0	0	0	0	0	0	0	0	0	0	
0	0	0	0	0	0	0	0	0	0	0	0	0	0	0	0	0	0	0	0	0	0	0	0	0	0	0	0	0	0	0	0	0	0	0	0	0	0	0	0	0	48	0	0	0	0	0	0	0	0	0	0	0	0	0	0	0	0	0	0	0	0	0	0	0	48	48	0	0	0	0	0	0	0	0	0	0	0	0	0	0	0	0	0	0	0	0	0	0	0	0	0	0	0	0	0	0	0	0	0	0	0	0	0	0	0	0	0	0	0	0	0	0	0	0	0	0	0	0	0	
0	0	0	48	0	0	0	0	0	0	0	0	0	0	0	0	48	0	0	0	0	0	0	0	0	0	0	0	0	0	0	48	0	0	0	0	0	0	0	0	0	0	0	0	0	0	0	0	0	0	0	0	0	0	0	0	0	0	0	0	0	0	0	0	0	0	0	0	0	0	0	0	0	0	0	0	0	0	0	0	0	0	0	0	0	0	0	0	0	0	0	0	0	0	0	0	0	0	0	0	0	0	0	0	0	0	0	0	0	0	0	0	0	0	0	0	0	0	0	0	
0	0	0	0	0	0	0	48	0	0	0	0	0	0	0	0	0	0	0	0	0	0	0	0	0	48	0	0	0	0	0	48	0	0	0	0	0	0	0	0	0	0	0	0	0	0	0	0	0	0	0	0	0	0	0	0	0	0	0	0	0	0	0	0	0	0	0	0	0	0	0	0	0	0	0	0	0	0	0	0	0	0	0	0	0	0	0	0	0	0	0	0	0	0	0	0	0	0	0	0	0	0	0	0	0	0	0	0	0	0	0	0	0	0	0	0	0	0	0	0	
0	0	0	0	0	0	0	0	0	0	48	0	0	0	0	0	0	0	0	0	0	0	0	0	0	0	0	0	0	0	0	0	0	0	0	0	0	0	0	0	0	0	0	0	0	0	0	0	0	0	0	0	0	0	0	0	0	0	0	0	0	0	0	0	0	0	0	0	0	0	0	0	48	0	0	0	0	0	0	0	0	0	0	0	0	0	0	0	0	0	0	0	0	0	0	0	0	0	0	48	0	0	0	0	0	0	0	0	0	0	0	0	0	0	0	0	0	0	0	0	
0	0	0	0	0	0	0	0	0	0	0	0	0	0	0	0	0	0	0	0	0	0	0	0	0	0	0	0	0	0	0	0	0	0	0	0	0	48	0	0	0	0	0	0	0	0	48	0	0	0	0	0	0	0	0	0	0	0	0	0	0	0	0	0	0	0	0	0	0	0	0	0	0	0	0	0	0	0	0	0	0	48	0	0	0	0	0	0	0	0	0	0	0	0	0	0	0	0	0	0	0	0	0	0	0	0	0	0	0	0	0	0	0	0	0	0	0	0	0	0	
0	0	0	0	0	0	48	0	0	0	0	0	0	0	0	0	0	0	0	0	0	0	0	0	0	0	0	0	0	0	0	0	0	0	0	0	0	0	0	0	0	48	0	0	0	0	0	0	0	0	0	0	0	0	0	0	0	0	0	0	0	0	0	0	0	48	0	0	0	0	0	0	0	0	0	0	0	0	0	0	0	0	0	0	0	0	0	0	0	0	0	0	0	0	0	0	0	0	0	0	0	0	0	0	0	0	0	0	0	0	0	0	0	0	0	0	0	0	0	0	
0	0	0	0	0	0	0	0	0	0	0	0	0	0	0	0	0	0	48	48	0	0	0	0	0	0	0	48	0	0	0	0	0	0	0	0	0	0	0	0	0	0	0	0	0	0	0	0	0	0	0	0	0	0	0	0	0	0	0	0	0	0	0	0	0	0	0	0	0	0	0	0	0	0	0	0	0	0	0	0	0	0	0	0	0	0	0	0	0	0	0	0	0	0	0	0	0	0	0	0	0	0	0	0	0	0	0	0	0	0	0	0	0	0	0	0	0	0	0	0	
0	0	0	0	0	0	0	0	0	0	0	0	0	0	0	0	0	0	0	0	0	0	0	0	48	0	0	0	0	0	0	0	48	0	0	0	0	0	0	48	0	0	0	0	0	0	0	0	0	0	0	0	0	0	0	0	0	0	0	0	0	0	0	0	0	0	0	0	0	0	0	0	0	0	0	0	0	0	0	0	0	0	0	0	0	0	0	0	0	0	0	0	0	0	0	0	0	0	0	0	0	0	0	0	0	0	0	0	0	0	0	0	0	0	0	0	0	0	0	0	
0	0	0	0	0	0	0	0	0	0	0	0	0	0	0	0	0	0	0	0	0	0	0	0	0	0	0	0	0	0	0	0	0	0	0	0	0	0	0	0	0	0	0	0	0	0	0	0	0	0	0	0	0	0	0	48	0	0	0	0	0	0	0	0	0	0	0	0	0	0	0	0	0	0	0	0	0	0	0	0	0	0	0	0	0	0	0	0	0	0	0	0	0	0	0	0	0	0	0	0	0	48	0	0	0	0	0	0	0	0	0	0	48	0	0	0	0	0	0	0	
48	0	0	0	0	0	0	0	0	0	0	0	0	0	0	0	0	0	0	0	0	0	0	0	0	0	0	0	0	0	0	0	0	0	0	0	0	0	0	0	0	0	0	0	0	0	0	0	0	0	0	0	0	0	0	0	0	48	0	0	0	0	0	0	0	0	0	0	0	0	48	0	0	0	0	0	0	0	0	0	0	0	0	0	0	0	0	0	0	0	0	0	0	0	0	0	0	0	0	0	0	0	0	0	0	0	0	0	0	0	0	0	0	0	0	0	0	0	0	0	
0	0	0	0	0	0	0	0	0	0	0	0	0	0	0	0	0	0	0	0	0	0	0	0	0	0	0	0	0	0	0	0	0	48	0	0	0	0	0	0	0	0	48	0	0	0	0	0	48	0	0	0	0	0	0	0	0	0	0	0	0	0	0	0	0	0	0	0	0	0	0	0	0	0	0	0	0	0	0	0	0	0	0	0	0	0	0	0	0	0	0	0	0	0	0	0	0	0	0	0	0	0	0	0	0	0	0	0	0	0	0	0	0	0	0	0	0	0	0	0	
0	0	0	0	0	0	0	0	0	0	0	0	0	0	0	0	0	0	0	0	0	0	0	0	0	0	48	0	0	48	0	0	0	0	0	0	0	0	0	0	0	0	0	0	0	0	0	0	0	0	0	0	0	0	0	48	0	0	0	0	0	0	0	0	0	0	0	0	0	0	0	0	0	0	0	0	0	0	0	0	0	0	0	0	0	0	0	0	0	0	0	0	0	0	0	0	0	0	0	0	0	0	0	0	0	0	0	0	0	0	0	0	0	0	0	0	0	0	0	0	
0	48	0	0	0	0	0	0	0	0	0	0	48	0	0	0	0	0	0	0	0	0	0	0	0	0	0	0	0	0	0	0	0	0	0	0	0	0	0	0	0	0	0	0	0	0	0	0	0	0	0	48	0	0	0	0	0	0	0	0	0	0	0	0	0	0	0	0	0	0	0	0	0	0	0	0	0	0	0	0	0	0	0	0	0	0	0	0	0	0	0	0	0	0	0	0	0	0	0	0	0	0	0	0	0	0	0	0	0	0	0	0	0	0	0	0	0	0	0	0	
0	0	0	0	0	0	0	0	0	0	0	0	0	0	0	48	0	0	0	0	0	0	0	0	0	0	0	0	0	0	0	0	0	0	0	0	0	0	0	48	0	0	0	0	0	0	0	0	0	0	0	0	0	0	0	0	0	0	0	0	0	0	0	0	0	0	0	0	0	0	0	0	0	0	0	0	0	0	0	0	0	0	0	0	0	0	0	0	0	48	0	0	0	0	0	0	0	0	0	0	0	0	0	0	0	0	0	0	0	0	0	0	0	0	0	0	0	0	0	0	
0	0	0	0	0	0	0	0	0	0	0	0	0	0	0	0	0	0	0	0	0	0	0	0	0	0	0	0	0	0	0	0	0	0	0	0	0	0	0	0	0	0	0	0	0	0	0	0	0	0	0	0	0	0	0	0	0	0	0	0	0	0	0	0	0	0	0	0	0	0	0	0	0	0	0	0	0	0	0	0	0	0	0	0	0	0	0	0	0	0	0	0	0	0	0	0	0	0	0	0	0	0	0	0	0	0	0	0	0	0	48	0	0	0	0	48	0	0	0	48	
0	0	0	0	0	0	0	0	0	0	0	0	0	0	0	0	0	0	0	0	0	0	0	0	0	0	0	0	0	0	0	0	0	0	0	0	0	0	0	0	0	0	0	0	0	0	0	0	0	0	0	0	0	0	0	48	0	0	0	0	0	0	48	0	0	0	0	0	0	0	0	0	0	0	0	0	0	0	0	0	0	0	0	0	0	0	0	0	0	0	0	0	0	0	48	0	0	0	0	0	0	0	0	0	0	0	0	0	0	0	0	0	0	0	0	0	0	0	0	0	
0	0	0	0	0	0	0	0	0	0	0	0	0	0	0	0	0	0	0	0	0	0	0	0	0	0	0	0	0	0	0	0	0	0	0	0	0	0	0	0	0	0	0	0	0	0	0	0	0	0	0	0	0	0	0	0	0	0	0	0	0	0	0	0	0	0	0	0	48	0	0	0	0	0	0	0	0	0	0	0	0	0	0	0	0	0	0	0	0	0	0	0	0	0	0	0	0	0	0	0	0	0	0	0	48	0	0	0	0	0	0	0	48	0	0	0	0	0	0	0	
0	0	0	0	0	0	0	0	0	0	0	0	0	0	0	0	0	0	0	0	0	0	0	0	0	0	0	0	0	0	0	0	0	0	0	0	0	0	0	0	0	0	0	0	48	0	0	0	0	48	0	0	0	0	0	0	0	0	0	0	0	0	0	48	0	0	0	0	0	0	0	0	0	0	0	0	0	0	0	0	0	0	0	0	0	0	0	0	0	0	0	0	0	0	0	0	0	0	0	0	0	0	0	0	0	0	0	0	0	0	0	0	0	0	0	0	0	0	0	0	
0	0	0	0	0	0	0	48	0	0	0	0	0	0	0	0	0	0	0	0	0	0	0	0	0	0	0	0	0	0	0	0	0	0	0	0	0	0	0	0	0	0	0	0	0	0	0	48	0	0	0	0	0	0	0	0	0	0	0	0	0	0	0	0	0	0	0	0	0	0	0	0	0	0	0	0	0	0	0	0	0	0	0	0	0	0	0	0	0	0	0	0	0	0	0	0	0	0	0	0	0	0	48	0	0	0	0	0	0	0	0	0	0	0	0	0	0	0	0	0	
0	0	0	0	0	0	0	0	0	0	0	0	0	0	0	0	0	0	0	0	0	0	48	0	0	0	0	0	0	0	0	0	0	0	0	0	0	0	0	0	0	0	0	0	0	0	0	0	0	0	0	0	0	0	0	0	0	0	0	0	0	0	0	0	48	0	0	0	0	0	0	0	0	0	0	48	0	0	0	0	0	0	0	0	0	0	0	0	0	0	0	0	0	0	0	0	0	0	0	0	0	0	0	0	0	0	0	0	0	0	0	0	0	0	0	0	0	0	0	0	
0	0	0	0	0	0	0	0	0	0	0	0	0	0	0	0	0	0	0	0	0	0	0	48	0	0	0	0	0	0	0	0	0	0	48	0	0	0	0	0	0	0	0	0	48	0	0	0	0	0	0	0	0	0	0	0	0	0	0	0	0	0	0	0	0	0	0	0	0	0	0	0	0	0	0	0	0	0	0	0	0	0	0	0	0	0	0	0	0	0	0	0	0	0	0	0	0	0	0	0	0	0	0	0	0	0	0	0	0	0	0	0	0	0	0	0	0	0	0	0	
0	0	0	0	0	0	0	0	0	0	0	0	0	0	0	0	0	0	0	0	0	0	0	0	0	0	0	0	48	0	0	0	0	0	0	0	0	0	0	0	0	0	0	0	0	0	0	0	0	0	48	0	0	0	0	0	0	0	0	0	0	0	0	0	0	0	0	0	0	0	0	0	0	0	0	0	0	0	0	0	48	0	0	0	0	0	0	0	0	0	0	0	0	0	0	0	0	0	0	0	0	0	0	0	0	0	0	0	0	0	0	0	0	0	0	0	0	0	0	0	
0	0	0	0	0	0	0	0	0	0	0	0	0	0	0	0	0	0	0	0	0	0	0	0	0	0	0	0	0	0	0	0	0	0	0	48	0	0	0	0	0	0	0	0	0	48	0	0	0	0	0	0	0	0	0	0	0	0	0	0	0	0	0	0	0	0	0	0	0	0	0	0	0	0	0	0	0	0	0	0	0	0	0	0	0	0	0	0	0	0	0	0	0	0	0	0	0	0	0	0	0	0	0	0	0	0	0	0	0	0	0	0	0	0	48	0	0	0	0	0	
0	0	0	0	0	0	0	0	0	0	0	0	0	0	0	0	0	0	0	0	0	0	0	0	48	0	0	0	0	0	0	0	48	0	0	0	0	0	0	48	0	0	0	0	0	0	0	0	0	0	0	0	0	0	0	0	0	0	0	0	0	0	0	0	0	0	0	0	0	0	0	0	0	0	0	0	0	0	0	0	0	0	0	0	0	0	0	0	0	0	0	0	0	0	0	0	0	0	0	0	0	0	0	0	0	0	0	0	0	0	0	0	0	0	0	0	0	0	0	0	
0	0	0	0	0	0	0	0	0	0	0	0	0	0	0	0	0	0	0	0	0	0	0	0	0	0	0	0	0	0	0	0	0	0	0	0	0	0	48	0	0	0	0	0	0	0	0	0	0	0	0	0	0	0	0	0	0	0	0	0	0	0	0	0	0	0	0	0	0	0	0	0	0	0	0	0	0	0	0	0	0	0	0	0	0	0	0	0	0	0	0	0	0	0	0	0	0	0	0	0	48	0	0	0	0	0	0	0	0	0	0	0	0	0	0	0	0	0	0	48	
48	0	0	0	0	0	0	0	0	0	0	0	0	0	0	0	0	0	0	0	0	0	0	0	0	0	0	0	0	0	0	0	0	0	0	0	0	0	0	0	0	0	0	0	0	0	0	0	0	0	0	0	0	0	0	0	0	0	0	0	0	0	0	0	0	0	0	0	0	0	0	0	0	0	0	0	0	0	0	0	48	0	0	48	0	0	0	0	0	0	0	0	0	0	0	0	0	0	0	0	0	0	0	0	0	0	0	0	0	0	0	0	0	0	0	0	0	0	0	0	
0	0	0	0	0	0	0	0	0	0	0	0	0	0	0	0	0	0	0	0	0	0	0	0	0	0	0	0	0	0	0	0	0	0	0	0	0	0	0	0	0	0	0	0	0	0	0	0	0	0	0	0	0	0	0	0	0	0	0	0	0	0	0	0	0	0	0	0	0	0	0	0	0	0	0	0	0	0	0	0	0	0	0	0	0	0	0	0	0	0	0	0	0	0	48	0	0	0	0	0	0	0	48	0	0	0	0	0	0	0	0	0	0	0	0	0	0	48	0	0	
0	0	0	0	0	0	0	0	0	0	0	0	0	0	0	0	0	0	0	0	48	0	0	0	0	0	0	0	48	0	0	0	0	0	0	0	0	0	0	0	0	0	0	0	0	0	0	0	0	0	48	0	0	0	0	0	0	0	0	0	0	0	0	0	0	0	0	0	0	0	0	0	0	0	0	0	0	0	0	0	0	0	0	0	0	0	0	0	0	0	0	0	0	0	0	0	0	0	0	0	0	0	0	0	0	0	0	0	0	0	0	0	0	0	0	0	0	0	0	0	
0	0	0	0	0	0	0	0	0	0	0	0	0	0	0	0	0	0	0	0	0	0	0	0	0	0	0	0	0	0	0	0	0	0	0	0	0	0	48	0	0	0	0	0	0	0	0	0	0	0	0	0	0	0	0	0	0	0	0	0	0	0	0	0	0	0	0	0	0	0	0	0	0	0	0	0	0	0	0	0	0	0	48	0	0	0	0	0	0	0	0	0	0	0	0	0	0	0	0	0	0	0	0	0	0	0	0	0	48	0	0	0	0	0	0	0	0	0	0	0	
0	0	0	0	0	0	0	0	0	0	0	0	0	0	0	0	0	0	0	0	0	0	0	0	0	0	0	0	0	0	0	0	0	0	0	0	0	0	0	0	0	0	0	0	0	0	0	0	0	0	0	0	0	0	0	0	0	0	0	0	0	0	0	0	0	0	0	0	0	0	0	0	0	0	0	0	0	0	48	0	0	0	0	0	0	0	0	0	0	0	0	0	0	0	0	0	0	0	0	0	48	0	0	0	0	0	0	0	0	0	0	0	0	0	0	0	0	0	48	0	
0	0	0	0	0	0	0	0	0	0	0	0	0	0	0	0	0	0	0	0	0	0	0	0	0	0	0	0	0	0	0	0	0	0	0	0	0	0	0	0	0	0	0	0	0	0	0	0	0	0	0	0	0	0	0	0	0	0	0	0	0	0	0	0	0	0	0	0	0	0	0	48	0	0	48	0	0	0	0	0	0	48	0	0	0	0	0	0	0	0	0	0	0	0	0	0	0	0	0	0	0	0	0	0	0	0	0	0	0	0	0	0	0	0	0	0	0	0	0	0	
0	0	0	0	0	0	0	0	0	0	0	0	0	0	0	0	0	0	0	0	0	0	0	0	0	0	0	0	0	0	0	0	0	0	0	0	0	0	0	0	0	0	0	0	0	0	0	0	0	0	0	0	0	0	0	0	0	0	0	0	0	0	0	0	0	0	0	0	0	0	0	0	0	0	0	0	0	48	0	0	0	0	0	0	48	0	0	0	0	0	0	0	0	0	0	0	0	0	0	0	0	0	0	0	0	0	0	0	0	0	0	0	48	0	0	0	0	0	0	0	
0	0	0	0	48	0	0	0	0	0	0	0	0	0	0	0	0	0	0	0	0	0	0	0	0	0	0	0	0	0	48	0	0	0	0	0	0	0	0	0	0	0	0	0	0	0	0	0	0	0	0	0	0	0	0	0	0	0	0	0	0	0	0	0	0	0	0	0	0	0	0	0	0	0	0	0	0	0	0	0	0	0	0	0	0	0	0	0	0	0	0	0	0	0	0	0	0	0	0	0	0	0	0	0	0	0	0	0	0	0	0	0	0	0	0	48	0	0	0	0	
0	0	0	0	0	0	0	0	0	0	0	0	0	0	0	0	0	0	0	0	0	0	0	0	0	0	0	0	0	0	0	0	0	0	0	0	0	0	0	0	0	0	0	0	0	0	0	0	0	0	0	0	0	0	0	0	0	0	0	0	0	0	0	0	0	0	0	0	0	0	0	0	0	0	0	0	0	0	0	0	0	0	48	0	0	0	0	0	0	0	0	0	0	0	0	0	0	0	0	0	48	0	0	0	0	0	0	0	0	0	48	0	0	0	0	0	0	0	0	0	
112	82	5	41	13	44	96	93	79	46	57	73	112	41	113	94	7	77	65	54	15	76	97	40	33	86	4	95	76	45	33	106	83	66	34	68	63	69	104	101	47	31	99	85	62	27	46	71	77	95	96	3	75	23	12	26	19	106	89	5	30	33	88	118	11	30	36	52	37	10	45	105	4	69	115	87	10	33	48	93	111	55	37	22	12	39	99	74	11	26	58	25	68	74	101	6	40	40	115	1	105	61	14	99	103	37	24	20	29	6	3	89	52	82	63	15	19	22	112	61	102	32	59	38	41	28	78	88	21	112	60	63	65	96	26	77	20	51	29	63	83	65	64	86	84	94	1	77	29	20	11	25	2	82	68	86	72	29	96	27	20	57	77	43	3	59	96	109	34	25	93	60	79	23	26	14	93	42	84	96	115	32	31	23	101	5	9	40	16	119	6	0	105	114	68	83	70	28	112	112	34	24	7	10	84	62	13	103	48	48	31	21	107	93	116	47	82	114	119	27	66	50	85	45	72	52	5	4	34	61	98	52	83	25	49	97	58	77	72	66	51	15	116	42	99	99	74	47	47	55	78	14	92	86	14	116	16	8	46	110	111	47	92	9	37	50	29	25	1	70	5	85	71	55	26	112	76	58	57	89	86	77	54	59	56	100	79	44	33	108	112	1	44	107	24	39	0	101	97	114	113	56	83	113	100	63	41	48	15	106	113	11	61	68	79	0	77	114	65	12	98	1	116	101	43	15	36	102	76	72	63	68	26	42	113	102	115	57	73	56	18	115	34	118	70	44	73	23	2	9	20	94	77	56	96	1	99	21	57	30	113	85	69	80	77	30	1	108	82	28	49	73	62	117	99	115	103	5	76	70	57	41	104	113	65	47	101	119	68	11	0	119	103	35	53	100	8	42	50	100	114	8	3	41	113	31	109	10	90	25	91	85	105	53	22	28	69	38	63	119	79	3	15	103	50	111	71	37	92	49	73	83	73	58	36	17	80	45	35	1	74	2	101	66	57	1	101	56	62	100	27	89	57	108	88	8	60	90	53	69	79	15	59	41	76	115	51	22	19	112	46	12	103	8	117	21	86	26	82	80	3	7	92	48	31	26	61	78	99	34	47	42	55	50	2	21	116	81	46	88	116	105	14	85	8	34	26	100	24	119	75	22	62	104	18	21	83	77	56	105	95	40	54	99	83	2	22	53	17	27	31	15	66	94	59	10	87	42	68	104	39	2	97	33	78	109	53	46	19	5	72	113	0	74	75	34	109	103	15	50	68	59	117	59	61	72	70	61	34	119	11	65	84	1	21	25	99	7	69	37	24	25	109	22	102	106	108	118	68	65	85	45	107	24	63	28	37	0	45	21	43	1	87	16	93	102	85	30	77	118	74	16	43	99	46	104	1	110	42	23	23	112	119	68	63	9	7	66	58	92	105	49	48	32	55	99	11	31	67	80	67	66	68	25	18	82	21	31	102	106	28	18	71	15	69	80	83	68	80	53	55	15	81	13	9	93	119	79	21	58	77	71	65	68	16	106	56	71	119	20	89	88	37	116	8	70	64	70	82	91	109	63	13	62	33	44	85	20	80	4	23	27	99	66	103	33	113	60	34	55	31	42	41	0	71	24	101	36	5	10	19	51	18	27	62	32	41	48	59	105	82	5	29	33	28	29	16	52	119	27	42	57	18	115	13	62	12	10	2	55	100	119	9	62	23	81	104	101	11	83	5	99	29	13	52	100	81	18	99	8	99	94	56	73	32	64	67	27	31	38	98	32	56	19	63	112	45	27	29	101	118	5	88	103	75	20	62	23	85	24	91	36	17	58	102	56	112	5	111	3	70	12	91	0	93	39	89	95	29	87	27	82	88	115	83	63	113	25	92	100	39	39	43	37	13	70	96	118	57	5	113	5	87	103	36	86	21	113	110	57	117	39	26	83	37	115	16	14	112	108	59	100	88	78	90	90	106	0	10	54	95	42	87	92	76	29	98	27	109	112	9	80	54	57	115	32	35	60	37	26	36	22	72	48	8	89	66	60	64	36	51	119	47	70	24	43	113	29	24	100	72	107	100	113	110	65	100	42	78	96	33	113	47	65	36	54	58	69	46	91	42	116	97	112	72	23	96	3	72	112	29	84	68	17	111	105	8	40	3	97	1	8	53	80	26	77	38	78	6	66	118	60	37	69	42	65	26	3	87	32	95	8	112	106	29	29	82	104	81	109	3	77	86	28	32	11	22	1	15	96	105	62	39	71	13	69	48	96	54	54	71	5	10	37	10	64	104	33	81	38	1	53	33	44	49	52	107	84	75	60	90	34	2	78	63	40	64	90	72	86	114	72	31	55	56	43	86	116	51	64	60	53	62	81	67	52	18	60	82	70	106	4	15	39	90	109	87	70	72	16	97	80	43	17	118	102	47	45	3	93	83	92	36	119	68	85	47	55	5	116	55	87	36	56	117	12	32	117	84	70	16	61	2	35	11	91	17	53	3	70	54	18	111	97	101	23	77	104	66	53	117	32	49	105	46	91	71	96	12	23	119	6	12	76	61	101	17	0	53	107	64	35	46	38	69	71	27	37	54	77	88	45	71	112	84	85	25	81	107	42	95	35	19	3	47	104	71	18	116	13	46	32	42	60	118	38	110	86	82	51	45	96	16	1	107	82	76	94	86	22	35	104	24	58	118	77	49	114	97	77	118	111	27	84	88	45	47	63	61	66	79	101	95	116	98	63	54	12	116	115	87	84	31	23	24	1	1	18	113	110	64	99	37	25	90	66	107	22	90	98	12	16	118	63	110	54	76	26	31	77	32	36	35	32	95	110	63	37	53	64	74	55	99	27	93	24	103	26	18	98	61	91	64	118	89	99	42	40	32	68	42	48	75	58	87	78	54	9	20	47	104	49	48	102	19	59	42	29	79	7	52	2	76	28	88	89	97	85	84	105	97	84	95	83	6	27	94	71	35	11	103	73	23	11	52	107	89	71	1	107	58	53	78	9	46	63	82	48	99	71	35	2	85	75	68	98	97	57	34	15	45	102	73	5	86	90	63	103	103	111	4	25	1	59	65	7	40	113	61	63	116	90	100	88	28	32	68	84	55	65	31	82	82	100	79	3	99	5	0	21	118	100	45	30	50	50	7	69	81	90	103	31	1	40	71	25	36	23	81	76	91	70	112	60	33	78	44	91	109	83	36	11	29	119	102	6	1	95	12	92	88	49	29	36	33	62	61	77	69	80	95	45	4	75	83	96	99	86	81	10	91	98	39	6	7	112	106	81	27	33	67	118	19	107	6	111	76	108	74	113	48	70	4	71	110	83	93	75	105	59	49	29	65	47	87	81	15	8	103	74	37	48	23	0	50	100	100	97	76	82	103	111	69	98	88	1	52	33	36	79	43	47	46	101	82	38	66	86	42	66	19	42	26	28	57	107	85	69	9	104	27	92	16	12	106	90	81	97	87	111	11	43	32	51	88	60	117	82	36	58	9	107	80	33	15	42	39	27	71	119	5	20	96	97	90	114	53	109	78	80	7	53	44	110	56	14	63	108	115	116	3	103	2	91	112	7	63	114	6	5	73	93	23	100	108	107	97	109	12	89	58	106	117	73	68	16	78	114	67	38	43	48	4	23	29	19	57	77	15	94	36	44	53	14	69	27	66	26	40	64	109	79	29	35	57	69	0	31	10	101	81	43	83	48	51	27	3	78	80	55	10	64	29	98	51	112	26	13	54	85	117	109	82	17	42	92	43	53	98	93	24	55	60	96	8	26	42	10	110	101	66	51	51	88	86	34	67	90	12	29	32	44	57	79	51	24	114	60	5	51	7	112	59	66	26	14	102	62	44	109	13	54	64	3	49	31	77	100	71	70	23	77	70	47	59	84	25	96	14	104	25	82	38	36	30	51	104	6	92	49	116	6	23	17	8	106	52	69	36	55	13	31	83	104	37	80	104	56	69	77	113	61	37	58	77	58	65	52	39	67	25	53	60	85	101	5	53	0	98	5	92	30	103	95	67	7	24	36	62	6	17	83	42	52	69	46	16	110	111	22	54	76	45	55	118	105	51	54	92	72	113	9	29	69	37	107	41	32	0	56	9	9	33	53	8	13	73	33	30	30	37	52	40	118	6	85	16	45	100	103	38	38	74	15	65	77	115	55	101	19	110	56	43	51	22	91	69	106	22	43	118	77	67	54	107	43	1	114	104	119	55	2	17	50	5	79	100	107	101	38	43	73	57	65	2	99	62	66	112	82	23	57	53	34	42	68	78	67	41	44	118	86	88	49	99	11	79	16	5	15	73	59	116	12	100	2	89	65	59	39	113	90	59	103	49	36	58	71	30	100	52	99	13	72	89	33	87	55	104	26	1	15	98	15	119	73	65	80	67	64	78	12	13	67	58	14	56	28	102	23	34	60	59	38	110	89	30	77	24	89	102	85	42	69	88	63	56	13	8	14	39	118	52	97	85	116	73	76	86	27	37	13	63	105	6	79	18	102	71	112	105	81	29	81	38	29	66	27	89	17	50	116	3	3	40	30	32	114	2	78	95	69	96	101	26	69	31	80	110	79	10	11	20	47	28	115	27	97	97	79	84	26	39	23	13	48	17	112	103	87	30	91	100	44	19	27	16	119	107	52	31	9	77	44	48	93	112	109	43	80	72	45	24	31	45	67	117	5	88	50	32	76	119	28	40	2	119	20	20	53	47	56	7	93	65	107	35	3	71	8	44	24	14	51	118	2	103	18	59	108	60	89	113	52	115	19	100	74	31	49	55	98	10	87	22	51	98	57	96	86	48	82	66	88	28	79	80	5	119	26	11	42	34	117	44	67	15	23	23	25	76	71	65	34	99	71	57	95	29	88	63	76	91	17	65	55	112	41	40	78	115	98	63	115	62	34	8	105	100	60	104	41	18	104	97	106	12	54	97	100	99	12	28	55	46	93	41	22	50	15	13	39	37	0	20	78	56	50	70	100	77	50	107	48	74	83	105	62	37	47	55	11	61	96	70	41	73	6	47	116	65	1	94	59	92	1	67	71	29	19	112	4	106	5	58	109	110	98	10	78	72	55	23	86	103	65	5	63	55	108	3	114	25	101	108	53	117	113	74	41	39	72	63	46	30	34	105	40	97	113	47	65	60	63	63	114	28	92	109	28	41	96	105	15	6	82	98	73	99	90	101	77	97	38	8	45	59	100	87	92	41	33	103	28	5	65	44	58	88	83	102	65	110	77	73	27	93	88	92	113	82	53	65	87	22	82	20	109	110	90	93	74	108	8	1	52	69	56	105	93	103	72	92	26	12	9	23	52	47	19	7	111	91	10	8	32	74	7	101	95	93	77	90	100	64	58	0	28	9	24	29	85	84	51	51	72	75	41	15	36	32	76	10	51	114	103	101	93	4	67	60	20	95	88	115	60	7	114	88	109	43	52	49	74	87	103	20	45	26	16	40	116	49	27	19	62	43	93	49	23	35	32	1	12	99	100	11	0	37	3	103	32	118	69	42	25	57	45	31	34	96	35	91	5	4	0	96	82	96	62	70	7	98	79	0	104	64	82	89	20	61	105	79	111	93	57	50	116	60	99	40	19	66	84	4	9	18	99	23	31	21	47	90	48	107	52	110	10	36	4	32	79	40	80	2	93	14	57	98	76	72	72	48	27	13	55	25	1	38	24	104	69	43	95	77	113	66	111	90	52	93	92	2	35	84	62	68	92	3	80	103	32	59	100	17	107	107	5	56	72	11	81	85	88	23	58	12	111	58	34	87	105	82	50	77	98	89	60	61	61	72	79	13	7	110	71	29	4	92	59	39	78	35	106	52	13	85	84	10	94	76	68	57	87	33	61	50	119	39	58	59	72	27	87	63	65	101	58	75	56	43	118	48	16	80	77	114	77	6	91	51	23	19	104	22	84	26	5	63	48	119	68	106	48	53	115	13	26	21	92	74	71	63	94	112	15	60	5	9	49	2	1	90	78	101	9	80	37	7	113	23	26	30	52	65	87	114	78	15	16	0	34	61	84	94	39	24	22	39	58	17	74	58	40	22	35	33	109	119	13	34	42	117	8	75	116	108	16	102	49	18	88	14	73	35	76	26	40	5	11	6	58	94	46	32	83	6	66	40	115	84	89	107	108	100	0	79	70	104	72	101	74	116	103	48	82	112	27	45	99	118	39	2	4	114	103	34	14	59	107	63	82	110	46	44	36	33	23	48	98	89	1	79	117	17	34	93	94	96	79	39	33	101	42	45	31	74	23	91	62	48	10	111	92	91	110	114	41	61	2	72	109	118	110	33	20	107	43	97	117	101	73	79	78	34	39	30	25	85	86	99	22	66	14	70	43	82	64	85	12	77	64	68	94	108	70	104	18	112	108	41	25	113	113	111	90	90	23	18	57	104	24	84	59	55	28	9	108	83	80	66	102	56	92	96	38	64	33	11	5	89	43	2	53	102	61	1	117	66	19	68	80	52	79	35	89	101	22	87	93	56	118	23	52	103	94	8	70	113	106	95	36	43	55	35	60	75	111	39	47	102	25	49	37	90	101	80	27	69	52	17	39	93	90	73	29	44	11	56	44	106	73	21	75	71	30	72	55	38	21	18	24	66	17	116	53	53	103	36	53	108	58	25	75	46	16	64	14	81	111	113	8	78	52	44	25	43	12	3	17	75	87	14	80	67	41	50	104	57	5	88	110	70	11	36	52	68	33	73	69	63	96	34	114	75	2	84	17	119	114	27	105	62	13	33	53	119	81	67	119	37	81	117	57	48	83	37	6	75	74	108	48	42	28	93	91	20	118	116	109	2	55	62	32	50	2	84	72	44	113	8	32	59	29	119	70	17	114	42	45	117	74	75	17	10	19	43	90	49	113	1	71	53	23	49	71	103	0	34	102	104	28	94	112	63	101	90	106	108	114	107	30	106	4	31	35	46	74	97	80	29	109	82	3	113	108	35	29	81	79	80	107	99	106	118	36	7	92	88	108	83	26	75	34	116	30	43	88	18	78	64	65	17	90	107	58	6	11	111	61	64	106	85	18	113	0	63	59	89	94	53	64	42	39	28	11	31	33	80	97	104	32	26	117	101	119	11	115	100	58	16	48	110	70	34	45	79	77	66	75	66	98	69	13	98	36	74	26	97	93	65	81	31	87	52	104	86	4	21	56	105	17	98	90	12	28	113	39	111	61	42	27	2	72	113	5	17	23	95	86	47	0	86	51	54	1	50	66	17	49	60	94	37	86	31	83	116	49	108	28	3	61	26	38	23	54	10	9	81	63	34	106	51	13	75	34	23	23	27	3	7	70	55	11	27	69	60	75	106	92	96	79	94	100	117	65	67	40	10	106	41	84	15	110	112	117	76	81	103	69	44	54	0	85	34	9	61	116	104	21	51	23	50	46	20	86	93	117	88	102	117	90	3	69	1	101	66	23	35	19	90	44	55	35	32	38	99	44	84	109	51	52	33	112	61	11	109	47	65	43	25	40	41	108	78	38	100	59	37	56	76	47	77	64	74	9	105	93	112	55	70	78	17	86	86	41	12	119	75	55	61	72	7	81	90	69	18	104	72	66	76	24	33	91	10	58	91	102	74	94	112	58	67	89	105	68	53	22	95	32	0	76	108	32	104	85	15	31	118	44	21	39	43	65	39	55	61	49	119	93	100	115	40	92	113	95	57	35	37	31	20	3	107	65	93	0	35	92	34	112	64	98	93	117	102	91	89	76	60	82	100	1	86	111	115	91	110	75	108	88	15	96	2	76	96	101	13	109	42	17	50	13	95	82	7	26	93	94	38	35	8	75	96	92	29	72	10	67	48	96	98	109	79	10	116	78	111	33	14	113	26	74	9	41	63	91	37	91	17	56	90	13	118	16	65	115	44	33	1	70	53	103	98	16	85	78	108	99	23	80	15	81	44	96	16	33	34	92	107	102	28	0	6	30	112	93	13	44	8	8	20	92	92	39	98	38	69	36	90	103	13	28	3	39	25	107	115	77	108	78	88	33	69	29	49	76	54	108	55	80	0	60	112	57	57	111	93	118	23	101	94	52	52	97	66	6	79	97	44	19	94	9	30	116	3	103	27	40	42	88	90	103	85	100	28	60	51	94	94	36	63	100	113	45	64	37	60	26	19	37	79	105	70	55	82	11	1	98	105	20	51	98	16	72	79	63	116	70	94	28	88	16	32	105	62	13	36	104	36	15	85	37	27	23	25	97	105	103	113	119	75	79	109	30	73	22	3	117	112	58	95	10	16	35	57	92	42	104	108	96	12	80	42	34	77	29	114	34	41	75	65	98	98	97	114	48	47	20	57	24	106	78	37	118	77	48	112	14	19	108	103	102	103	106	72	110	36	32	43	49	52	113	77	112	96	114	79	5	27	45	69	115	118	99	102	15	116	104	21	30	61	107	52	97	78	42	83	53	68	97	73	24	69	11	69	22	19	92	30	100	32	28	110	60	115	7	30	21	40	84	23	18	44	65	50	93	66	38	21	21	9	97	16	15	73	71	116	107	35	39	54	40	110	37	46	37	118	111	98	57	103	28	25	47	90	31	6	39	117	25	73	115	88	108	86	54	33	82	4	88	40	111	103	28	32	105	102	83	66	61	1	57	69	26	74	41	100	31	99	8	73	70	27	98	85	86	114	35	6	69	97	22	95	31	2	3	88	64	65	33	0	60	9	69	102	105	53	30	17	81	57	41	103	63	39	114	26	41	65	90	41	39	106	7	14	114	33	18	71	52	15	88	63	111	33	87	24	80	78	106	117	4	21	93	57	62	18	32	4	113	38	102	105	70	55	15	88	42	5	43	60	26	69	94	111	116	2	19	52	72	77	105	69	99	92	6	87	16	95	61	29	5	40	65	14	21	56	94	50	72	103	62	85	89	44	78	86	85	63	14	84	27	35	95	99	111	40	33	2	49	65	44	72	92	98	116	89	22	91	50	111	0	15	6	83	84	84	38	20	90	106	47	75	42	78	21	80	77	87	77	32	1	18	3	89	34	60	70	15	53	26	119	65	71	84	94	110	87	81	32	100	56	115	22	30	106	7	82	36	9	25	105	9	94	79	82	84	61	46	14	62	9	118	61	33	117	31	29	80	29	4	0	35	113	75	107	43	117	89	46	106	26	25	50	46	113	26	50	93	34	10	64	99	27	26	114	36	48	4	24	105	116	30	106	18	21	48	89	76	24	70	58	1	3	34	43	95	1	7	64	105	26	28	94	89	40	4	103	31	12	38	71	2	40	8	49	22	57	67	2	116	20	112	86	45	4	104	42	114	28	82	26	42	81	7	64	52	91	80	35	51	52	21	61	24	105	19	20	111	37	113	67	12	21	91	94	41	114	53	12	86	28	78	11	100	75	95	93	54	15	88	46	10	111	105	18	112	96	0	11	32	103	101	118	12	70	51	29	53	106	10	23	112	117	75	19	30	30	91	60	13	9	45	99	89	25	98	7	30	11	83	101	111	72	19	7	98	99	92	40	117	86	91	105	42	26	65	5	4	37	26	27	47	71	51	113	27	113	46	96	10	8	82	52	109	92	92	112	56	67	93	40	98	69	25	5	51	85	23	18	75	52	50	111	0	79	42	11	71	26	48	1	27	115	35	60	53	71	10	58	94	70	108	53	110	73	87	62	76	9	25	46	114	81	35	64	20	81	14	111	79	16	107	74	1	4	50	35	41	107	27	106	82	17	3	56	47	35	50	54	97	26	54	0	64	107	68	26	65	13	93	50	39	100	119	103	119	100	84	1	26	45	86	47	87	35	115	33	12	31	88	27	42	94	56	101	59	34	5	72	11	118	52	115	43	20	13	79	55	55	53	13	14	21	36	88	61	7	92	39	84	63	103	42	23	29	6	106	71	35	23	69	4	77	99	27	57	33	21	18	36	16	45	55	24	44	108	48	5	72	1	86	98	26	70	59	113	21	117	81	115	18	72	42	5	54	75	25	27	5	62	7	85	119	21	106	14	13	20	4	31	99	13	15	101	53	27	62	43	35	35	50	23	25	104	44	48	21	73	2	50	23	73	68	40	109	11	96	70	79	91	34	66	73	63	19	13	12	98	105	78	42	74	92	43	104	118	26	64	42	103	26	37	88	64	118	93	57	52	59	3	118	56	26	20	85	0	79	106	41	81	13	15	119	91	48	107	2	64	115	27	95	17	28	49	0	68	99	11	111	79	116	48	9	51	108	49	114	26	114	91	98	22	99	104	40	44	42	68	26	78	106	22	94	51	105	105	55	113	43	117	88	58	10	75	113	74	6	11	25	12	57	4	65	93	106	100	83	32	99	116	16	38	59	91	41	49	20	100	0	1	46	54	117	64	8	52	27	15	54	44	33	16	13	19	112	103	26	79	26	92	43	32	108	65	60	95	105	36	48	18	34	67	79	50	86	84	88	108	37	115	11	52	36	108	63	7	89	106	81	7	100	108	34	113	97	67	90	60	108	59	87	61	4	25	34	20	30	0	35	114	36	7	91	49	16	22	67	105	45	89	43	119	69	2	34	21	79	52	41	42	53	47	62	71	81	10	109	54	56	4	42	115	93	61	76	88	119	43	92	69	99	37	13	86	63	113	96	2	71	31	75	88	47	16	80	73	28	109	69	20	118	0	71	76	11	56	69	70	1	4	45	69	116	71	67	66	116	12	45	106	108	38	67	3	17	97	101	106	63	12	1	108	104	16	16	50	31	63	82	46	15	26	22	85	50	75	59	54	0	69	112	43	65	53	36	44	77	75	81	23	45	51	118	105	40	78	91	3	104	70	1	49	5	14	77	64	113	46	62	101	103	106	4	59	76	32	105	50	16	108	113	28	35	33	45	59	0	100	50	79	71	84	80	61	10	105	23	28	4	61	49	110	82	53	20	99	66	23	101	81	101	104	55	38	11	97	114	86	73	43	88	9	105	29	91	44	49	58	96	78	89	77	78	22	7	23	113	4	65	73	61	21	85	102	119	3	80	0	38	53	77	55	43	103	51	92	6	101	109	0	16	16	111	80	96	112	47	7	64	101	74	70	66	77	37	56	44	20	52	39	7	60	112	75	115	75	106	2	35	32	68	24	107	81	55	61	85	107	77	88	3	5	109	62	18	75	29	119	17	69	38	98	58	55	23	72	24	99	84	96	79	12	105	4	18	42	118	51	68	4	113	117	104	116	42	52	37	94	83	5	113	57	89	116	112	40	4	97	69	44	46	6	73	113	85	20	39	26	19	87	68	14	100	38	115	14	47	86	39	104	18	17	84	99	28	6	63	4	112	38	115	63	81	59	67	56	3	119	70	110	106	15	94	87	56	97	79	15	14	31	20	56	45	98	119	51	62	115	16	9	1	91	78	67	105	113	60	32	52	68	4	56	65	1	31	31	19	85	73	110	87	21	119	108	112	32	90	99	97	39	49	2	110	94	69	112	29	17	5	41	100	85	24	33	35	0	47	97	56	67	101	0	27	109	34	79	48	114	37	58	6	9	97	88	118	13	106	73	88	110	13	119	61	37	92	23	14	32	10	77	19	96	15	18	69	35	28	90	7	71	35	48	68	50	1	91	94	10	68	42	72	43	116	63	10	59	68	107	52	104	114	60	8	6	71	5	11	37	107	79	63	95	39	69	44	33	20	99	0	21	41	18	62	72	8	0	81	110	16	97	18	87	89	7	8	34	13	27	54	41	33	106	102	30	38	96	24	9	118	113	54	40	32	116	105	74	6	78	73	107	86	94	84	59	76	108	79	28	80	42	108	57	23	108	3	104	24	1	9	87	52	14	102	82	6	96	70	52	0	34	30	66	20	54	93	6	96	31	43	114	75	62	13	44	49	111	85	83	93	51	87	0	7	7	105	11	113	36	67	49	2	50	118	79	100	15	70	29	0	37	11	113	93	31	84	31	45	111	46	66	35	68	77	96	6	75	39	11	1	115	96	68	17	73	54	69	92	37	67	29	85	116	44	87	57	23	60	96	115	60	115	115	7	9	63	61	88	39	10	73	5	34	119	92	26	3	101	3	95	117	38	8	116	65	7	6	96	100	12	81	6	71	102	3	92	65	15	12	14	32	116	98	109	5	18	23	98	97	51	87	96	67	39	86	11	77	10	62	33	119	1	1	54	97	93	6	6	1	66	58	76	51	2	95	22	106	101	11	90	61	71	38	102	93	111	80	10	71	32	100	77	38	81	109	57	18	3	100	72	93	75	54	12	24	70	95	91	113	61	33	106	48	66	82	94	0	56	72	112	11	73	101	41	113	61	73	58	81	80	117	85	35	17	29	48	108	60	88	112	105	110	1	104	74	2	82	29	64	33	77	30	0	47	37	93	25	29	82	3	48	8	55	30	7	98	37	19	32	57	118	11	112	94	65	33	6	74	75	57	115	11	40	49	71	110	23	79	104	14	117	14	45	10	89	80	68	93	60	58	101	58	58	43	12	11	10	90	62	83	70	15	48	17	4	38	63	89	99	98	54	42	75	38	111	24	15	51	0	80	21	104	12	96	66	55	43	99	57	71	82	2	19	70	60	55	77	117	5	7	118	12	81	68	22	66	55	47	73	98	44	26	84	40	51	73	16	41	87	3	60	62	62	84	24	36	64	71	113	48	57	98	117	69	7	61	119	107	55	92	78	97	70	26	118	116	55	67	71	48	44	57	107	84	79	107	101	93	18	65	117	40	33	111	61	54	42	90	1	107	2	15	118	61	70	2	49	96	69	108	85	48	83	58	45	55	65	41	11	19	49	16	33	2	79	29	18	15	84	37	30	89	21	106	117	111	84	76	17	63	38	97	60	71	40	5	46	34	58	75	9	106	41	116	113	77	90	112	112	23	4	66	54	18	8	91	80	33	119	99	72	40	103	14	7	22	52	43	81	109	100	39	36	62	73	29	98	48	59	93	68	77	9	72	19	14	29	62	8	115	48	113	108	117	50	81	52	0	41	118	22	64	97	54	10	36	83	39	44	13	38	18	65	90	10	57	5	59	113	81	37	17	26	20	113	105	35	58	62	46	57	44	68	6	26	86	92	101	20	73	15	100	87	104	72	51	31	37	15	33	22	61	65	117	106	50	24	106	85	30	3	17	30	17	73	44	35	56	48	64	116	30	74	46	108	70	48	96	58	20	116	41	84	72	96	0	24	76	81	72	116	12	99	89	46	35	97	9	50	90	46	85	90	6	55	66	68	20	5	2	30	86	36	29	53	105	86	24	113	80	118	110	80	112	85	16	90	18	80	5	75	118	56	20	34	42	45	74	32	39	5	93	56	119	47	44	93	19	34	5	76	13	29	64	90	58	28	16	60	6	8	47	20	85	88	99	49	73	21	114	43	113	44	118	88	81	27	114	65	44	65	13	65	38	2	20	84	75	1	67	53	59	71	31	93	9	35	8	60	114	58	17	90	117	83	57	57	48	75	104	101	40	54	91	89	79	35	67	9	101	79	27	85	98	69	35	18	22	75	80	75	22	14	94	76	13	25	19	25	37	31	2	24	4	74	110	90	96	41	75	66	27	24	20	99	17	24	59	104	36	66	105	76	51	62	37	50	79	101	69	116	108	49	60	71	51	84	11	24	114	105	44	53	13	65	11	87	93	101	19	14	44	17	57	40	60	15	61	80	44	56	1	7	109	28	74	77	70	86	65	65	24	27	50	113	29	96	8	77	12	106	28	13	8	44	67	3	71	95	72	86	11	74	50	48	72	11	32	22	94	23	72	77	111	31	101	109	55	4	103	43	114	8	107	37	53	59	0	7	95	45	17	32	111	102	52	83	114	54	73	94	24	98	91	117	38	117	42	33	100	78	51	87	44	14	51	26	98	91	4	118	65	46	108	3	79	32	10	45	109	71	118	36	20	99	33	101	10	53	76	16	34	110	2	114	65	93	90	98	51	41	86	71	25	43	86	0	114	39	57	116	11	79	114	43	81	18	16	98	22	105	50	53	37	51	107	79	35	69	16	75	30	117	88	63	1	96	99	118	93	64	71	96	103	45	28	41	91	12	78	78	118	34	81	96	63	75	34	47	63	102	47	94	34	79	7	21	18	117	18	95	94	115	30	80	71	29	116	104	64	15	36	60	21	22	66	77	36	49	119	19	68	44	11	86	110	82	87	62	106	34	110	88	54	93	16	25	22	4	118	8	22	75	118	69	8	79	26	29	28	56	102	71	24	16	2	52	2	105	37	112	52	13	99	79	113	33	13	13	96	63	43	98	72	118	75	87	20	42	13	57	68	15	103	74	51	42	64	24	1	59	113	111	86	52	66	2	77	95	13	33	80	117	61	96	73	63	85	63	22	87	34	2	110	91	17	4	39	12	47	7	101	38	74	0	44	83	94	22	13	35	43	43	40	2	97	85	117	42	5	22	87	32	108	36	50	9	115	115	100	49	63	112	64	102	48	117	80	94	63	80	107	82	26	4	13	45	119	51	106	25	86	80	54	43	11	68	50	46	77	73	99	87	37	97	94	96	117	65	36	94	80	19	13	117	66	37	94	67	8	84	6	70	2	21	97	
15	78	54	78	83	37	86	72	31	5	109	42	73	51	56	105	44	117	75	113	46	15	59	0	52	22	30	66	99	8	113	102	9	81	32	63	57	62	97	35	97	68	8	55	86	80	82	88	102	40	70	58	92	32	14	91	30	110	98	80	58	29	28	22	107	36	43	73	71	95	20	31	28	100	68	13	69	47	78	48	97	12	82	20	75	99	42	31	81	14	86	30	113	20	73	102	94	1	40	116	31	82	57	60	80	15	84	41	65	89	61	80	91	74	20	90	89	51	2	15	114	19	105	105	33	61	97	55	63	1	103	53	89	12	8	99	107	18	48	33	14	67	80	91	76	117	74	45	54	32	95	17	90	69	40	7	100	69	22	57	59	1	10	7	104	49	93	10	69	63	17	51	115	20	45	92	27	81	100	85	60	71	77	96	106	38	35	109	92	105	29	109	84	119	78	33	106	58	86	115	111	35	102	75	6	66	63	74	54	66	90	18	16	42	0	67	38	36	27	39	17	89	42	21	41	66	111	33	104	104	92	17	31	83	64	24	109	45	30	54	102	63	54	116	1	34	105	84	64	31	15	94	75	111	51	83	108	66	117	29	28	34	95	92	27	48	16	41	18	53	66	78	107	26	94	59	63	16	38	58	6	111	1	58	82	41	74	78	100	87	88	63	68	58	102	28	28	27	92	40	20	66	43	52	22	66	116	103	34	82	40	12	58	12	112	75	94	73	101	38	97	97	33	45	41	39	3	81	106	106	53	60	58	52	97	6	21	14	102	64	90	89	111	108	18	62	100	66	64	61	22	115	26	73	62	9	12	65	37	51	69	31	12	117	86	99	92	93	49	96	62	70	55	118	11	16	96	117	93	61	46	111	75	101	81	101	72	105	43	104	83	83	109	0	95	26	39	72	44	106	50	39	114	0	33	106	34	24	98	23	95	81	13	27	44	80	95	52	46	25	21	6	36	83	101	23	9	66	43	43	115	115	109	119	23	34	94	26	50	110	37	30	56	99	118	42	119	6	71	11	116	52	67	37	44	34	73	46	115	5	61	43	63	74	61	111	5	53	21	66	82	85	90	6	3	22	1	107	36	109	111	20	19	71	114	110	21	57	6	23	86	96	8	19	45	57	46	0	61	82	92	83	19	70	63	32	62	115	84	76	33	62	25	29	107	116	98	80	71	58	68	25	42	5	53	53	35	74	0	10	69	31	4	29	94	111	21	66	91	32	49	31	112	119	116	16	27	89	83	34	81	52	83	27	87	3	18	0	42	36	91	85	22	37	62	0	65	97	13	77	96	46	79	50	16	82	71	67	13	16	109	38	29	70	91	103	109	106	72	60	50	95	24	89	32	4	72	68	30	60	85	33	63	70	109	110	96	85	76	16	48	40	111	74	50	10	44	100	84	106	31	73	59	19	77	94	92	84	91	89	3	24	71	7	118	110	77	44	2	33	58	69	12	56	35	96	0	84	13	74	115	66	104	100	101	2	104	37	82	22	48	69	27	117	40	45	113	113	33	7	4	11	61	28	46	116	12	35	103	101	38	72	66	95	54	9	78	11	5	2	69	98	18	89	31	68	16	97	30	2	66	33	3	21	50	40	9	72	23	49	13	104	25	99	55	10	20	43	56	54	44	4	2	17	115	118	82	0	29	25	20	23	61	88	16	44	22	103	16	62	64	26	71	55	75	115	29	52	44	27	54	26	60	22	96	7	80	0	90	24	54	5	69	79	106	4	116	29	110	104	79	29	67	16	56	52	40	53	88	11	77	108	97	84	69	108	116	106	110	74	103	112	106	22	90	41	46	6	57	44	27	42	70	52	96	100	62	96	85	80	4	57	109	30	115	62	112	30	6	17	58	17	102	46	112	7	48	72	41	43	40	44	79	14	70	43	40	31	92	93	69	9	66	76	103	68	26	65	1	108	31	8	42	42	8	92	22	60	61	100	56	91	106	93	32	33	19	98	119	114	74	79	5	37	24	103	28	97	43	45	118	54	112	59	33	7	51	118	30	101	13	111	70	44	116	33	15	28	72	83	81	107	56	82	37	88	56	42	91	32	12	76	17	78	56	6	89	86	74	70	67	62	103	31	89	107	76	96	50	49	118	37	114	22	25	21	55	117	40	11	79	41	47	51	54	81	2	89	65	79	18	47	63	63	81	15	39	73	62	79	22	35	48	0	26	62	3	56	14	117	42	36	95	23	2	51	15	17	98	33	18	24	84	56	34	49	4	26	0	94	27	104	118	38	78	33	54	18	9	69	49	10	99	19	14	55	62	75	37	75	54	118	24	39	105	43	39	9	65	101	58	108	99	62	10	36	105	21	97	115	35	10	35	99	4	54	73	51	20	102	8	12	116	99	73	101	24	32	21	104	0	2	16	27	75	69	90	104	35	57	96	33	18	30	26	28	83	31	81	80	13	22	56	45	42	57	62	68	99	36	53	68	119	60	34	111	103	104	54	23	118	51	33	110	38	44	16	42	88	65	116	27	48	39	14	75	94	49	44	24	86	62	69	61	5	36	12	28	3	87	110	87	118	86	108	33	104	49	97	19	1	59	26	54	90	12	42	55	94	69	54	117	85	1	29	97	57	99	0	55	13	3	117	53	89	72	108	52	40	48	62	51	108	22	25	11	9	17	86	72	55	52	20	103	92	51	75	79	4	62	29	87	22	106	98	47	111	58	109	110	78	75	16	25	106	16	50	96	29	57	106	29	57	47	102	105	104	114	63	86	43	4	91	46	54	101	91	95	15	48	97	24	19	99	115	72	41	32	41	80	90	115	6	42	68	116	93	69	52	23	88	89	115	28	25	4	85	111	69	116	11	51	100	40	64	93	89	10	41	60	73	36	107	48	30	63	117	4	105	8	60	103	14	31	1	73	78	108	115	2	30	69	114	20	11	50	31	91	109	46	9	49	69	26	5	95	107	80	47	77	19	106	74	40	62	91	11	84	60	111	84	105	49	9	27	106	88	85	28	79	65	63	92	61	100	118	20	91	5	10	25	98	54	97	38	3	55	34	100	89	18	47	28	58	16	13	119	9	79	26	8	8	6	112	37	57	110	45	110	3	71	4	110	34	70	93	24	107	30	3	102	37	5	45	31	28	39	69	28	73	11	48	41	8	64	60	34	115	86	110	80	0	43	55	39	76	17	53	118	108	44	101	93	115	98	110	113	16	106	113	89	53	72	77	106	36	72	92	70	40	110	20	79	35	31	78	16	26	94	115	29	96	32	3	54	85	108	66	53	42	8	89	79	17	27	22	15	2	99	89	16	89	10	77	32	57	56	53	91	117	65	37	106	69	37	21	63	6	103	69	39	56	91	110	16	94	80	12	94	52	82	84	59	98	49	1	33	104	94	77	110	58	108	66	75	81	46	43	31	77	89	108	32	88	4	48	21	46	116	105	86	32	107	14	102	19	108	64	80	97	109	91	68	32	12	77	40	56	33	97	44	40	50	62	77	6	65	105	21	50	23	42	9	31	9	15	41	71	4	57	74	31	106	82	19	7	112	97	60	53	78	84	81	119	87	31	22	59	113	37	21	113	23	98	58	114	6	19	92	81	27	104	118	67	4	108	44	58	38	33	18	72	107	101	119	17	34	105	3	62	5	69	79	80	93	60	36	74	0	41	86	6	75	47	119	111	70	116	81	95	98	65	33	67	18	52	22	99	87	66	52	21	72	107	17	85	5	27	103	42	94	29	72	21	29	107	74	89	24	76	105	113	16	35	46	107	6	66	105	3	57	18	5	87	64	41	78	56	44	42	3	76	67	14	54	46	47	71	80	19	12	64	60	42	26	115	91	119	78	56	17	82	81	81	42	89	105	5	1	82	25	28	118	97	104	49	59	29	96	29	65	8	40	40	104	2	114	11	69	65	41	102	1	79	1	116	112	104	89	40	86	91	112	46	17	90	37	43	39	103	71	75	45	26	18	64	47	13	8	42	17	107	16	24	103	61	99	87	38	118	42	12	49	26	64	69	92	74	63	13	33	114	48	102	62	66	80	61	32	25	15	27	47	47	5	40	40	108	105	77	23	90	79	47	18	28	30	56	12	66	101	2	7	30	49	80	5	114	60	45	38	45	20	39	30	8	94	111	102	74	4	38	98	104	76	7	53	8	3	17	118	46	13	113	110	5	114	116	22	53	21	93	34	73	32	58	84	72	27	67	27	5	111	17	65	81	52	117	28	58	36	78	79	99	0	72	90	71	36	54	6	106	101	45	14	37	3	28	6	66	102	42	86	36	53	79	73	22	14	105	79	33	115	31	37	22	119	45	97	11	59	79	61	24	46	15	24	40	34	69	17	3	34	19	50	74	47	18	116	94	73	10	80	41	37	23	115	104	38	70	4	91	23	65	72	93	0	50	50	4	95	70	105	109	81	106	98	44	35	35	112	102	73	30	74	61	47	93	12	5	40	23	55	116	59	94	60	79	82	51	5	113	102	46	115	90	38	65	15	64	81	119	5	68	57	75	88	114	112	39	71	18	11	12	11	116	53	86	48	0	106	66	84	73	47	113	42	44	5	85	35	92	70	84	33	90	35	55	65	48	100	119	99	43	8	5	74	2	67	6	30	56	99	101	2	101	14	1	88	6	42	53	61	108	10	107	113	61	66	19	16	4	2	17	63	61	94	69	83	16	82	115	5	3	23	61	1	1	16	5	9	58	108	47	100	28	103	44	68	93	72	92	23	87	79	60	80	111	69	117	3	10	118	79	72	61	70	15	10	84	18	82	92	92	114	16	60	7	33	101	34	4	8	80	33	68	8	9	61	37	92	14	99	34	7	101	84	2	71	21	23	73	113	3	48	25	12	58	40	90	84	35	90	19	64	34	33	35	81	19	7	113	101	69	57	64	43	22	113	40	111	3	5	21	29	111	82	109	21	4	10	80	2	69	21	75	100	93	13	20	27	21	93	83	9	94	21	50	30	36	66	12	21	52	43	9	106	115	115	57	18	18	97	72	30	44	6	20	68	99	68	16	103	5	0	17	113	94	115	87	45	89	67	117	5	83	2	38	17	3	99	58	119	21	66	50	12	84	1	64	93	50	115	98	114	28	109	67	73	17	109	58	36	29	59	116	1	55	93	26	48	3	101	63	88	55	91	27	67	14	74	49	50	31	103	81	54	85	95	118	118	111	79	41	56	95	22	69	33	27	119	14	25	93	36	27	48	66	86	107	60	34	56	91	9	111	66	47	114	67	30	95	70	89	8	4	60	66	33	115	75	22	33	36	68	29	90	23	81	107	1	44	46	78	62	35	43	30	2	53	82	21	38	68	29	19	113	6	97	54	66	119	15	119	45	94	88	36	60	20	94	53	76	79	18	9	96	26	49	94	16	9	104	107	96	54	29	4	117	64	68	39	19	65	15	107	5	88	98	13	37	17	80	37	21	33	67	34	62	82	88	65	84	95	108	46	99	49	107	66	68	48	56	118	73	40	87	74	85	33	87	90	65	82	96	5	55	12	94	43	33	105	42	104	54	111	38	13	49	98	101	26	9	47	48	30	26	19	114	66	107	94	0	72	15	76	77	31	32	96	27	66	88	80	77	68	66	64	9	14	69	46	16	23	55	64	93	41	61	101	60	106	20	92	96	57	61	54	31	90	0	67	74	57	97	88	73	110	102	20	36	95	53	111	42	114	96	59	69	11	9	25	38	29	33	11	72	97	99	92	10	97	92	56	89	113	17	8	71	58	89	16	58	51	3	61	66	38	91	98	9	64	60	62	106	16	86	91	47	2	98	89	21	91	111	96	68	84	6	8	30	5	41	44	32	111	33	102	119	33	0	116	27	1	64	73	76	93	16	45	63	50	11	61	113	42	67	69	70	62	11	29	50	18	35	54	97	30	19	103	75	48	25	25	99	31	86	1	39	39	119	108	94	100	10	63	104	38	95	17	54	88	5	46	87	61	103	101	15	11	14	85	29	5	73	75	57	54	3	44	87	20	82	28	104	15	20	109	42	94	16	12	22	10	35	99	19	115	28	60	26	82	67	111	75	112	26	23	105	119	90	61	38	93	10	105	98	102	30	44	102	10	61	99	55	77	46	51	12	95	40	19	88	82	62	1	50	105	49	97	74	65	7	85	66	44	96	3	34	114	42	118	35	67	72	50	95	97	29	26	47	112	50	49	56	115	100	35	21	118	62	79	30	94	16	31	91	112	35	77	4	110	47	20	72	96	107	100	42	95	56	101	34	74	84	100	21	68	89	57	79	7	72	81	11	40	58	112	28	86	59	34	40	12	27	102	74	49	71	32	104	79	48	13	31	113	23	66	4	61	116	112	78	58	62	60	49	42	36	1	51	106	55	80	115	24	58	16	24	28	102	100	118	90	16	101	17	103	96	36	27	108	60	67	24	74	36	91	82	1	47	53	6	111	47	43	36	74	95	21	70	9	24	10	38	95	88	106	57	64	13	46	79	87	71	55	111	58	8	85	12	108	103	20	20	119	32	63	0	40	68	55	53	39	116	113	47	91	43	44	34	42	56	12	103	97	90	55	113	21	105	74	56	42	113	62	79	62	34	18	7	41	85	22	42	6	101	4	89	71	26	107	94	62	110	99	83	12	29	34	36	80	9	31	30	72	58	56	109	57	70	88	4	113	115	28	25	108	100	87	92	7	83	117	71	64	61	11	26	60	70	102	103	103	108	0	9	103	9	74	39	40	13	111	98	17	110	37	61	18	42	35	19	99	102	60	6	21	59	81	107	21	7	62	93	67	49	83	93	29	64	31	6	84	64	2	90	78	118	99	47	11	92	29	109	58	82	95	35	57	56	31	67	104	84	117	110	38	0	3	84	95	53	21	14	54	107	6	7	95	50	102	33	100	95	88	80	35	118	106	107	5	37	105	44	26	115	81	113	66	59	98	45	89	119	80	102	98	54	57	35	72	22	80	90	111	44	87	9	29	9	12	109	11	9	26	69	55	118	86	110	113	98	62	46	103	79	72	70	91	84	89	114	70	14	14	13	18	82	38	9	27	11	111	41	19	15	64	109	71	81	103	74	27	14	106	118	6	13	29	21	50	2	103	11	61	30	97	70	42	61	116	41	76	72	40	105	49	8	54	30	25	69	13	72	10	6	41	75	40	95	103	115	45	14	60	5	20	2	62	48	66	88	116	68	5	108	49	8	117	108	18	97	73	85	88	35	76	65	37	68	57	61	82	19	18	100	13	107	19	3	16	89	43	31	38	91	7	118	5	89	67	106	81	39	51	19	115	74	65	79	99	72	32	92	115	97	1	54	30	21	12	98	71	107	107	62	118	98	86	71	21	40	57	75	64	39	113	113	19	39	117	2	60	59	60	47	68	44	95	2	24	54	52	15	72	117	93	46	88	78	71	105	55	55	86	41	102	17	1	24	100	75	58	29	96	115	115	4	51	49	12	99	1	47	52	109	86	47	37	94	36	105	105	106	101	92	60	33	4	92	116	66	94	85	44	1	29	106	39	56	16	53	27	36	14	5	37	66	98	20	51	41	19	92	114	106	94	6	4	11	68	12	36	39	21	69	74	104	26	35	98	3	62	12	47	33	108	91	28	48	89	66	8	106	45	86	18	65	87	110	116	40	58	95	47	68	94	45	35	28	26	99	66	20	67	26	98	5	114	25	16	88	87	116	80	15	8	74	7	14	99	50	20	4	2	11	109	73	0	48	44	105	17	6	25	52	68	8	69	28	62	54	0	89	85	34	3	50	116	40	112	0	17	16	23	4	84	37	15	58	50	70	17	88	22	15	96	36	45	2	50	75	72	8	63	6	71	73	6	91	47	64	35	82	3	22	31	21	106	53	60	117	71	84	114	91	74	111	28	72	32	71	33	74	90	72	5	115	30	41	3	35	98	18	25	81	6	31	100	105	117	61	26	116	67	81	97	89	76	19	13	100	66	60	14	87	87	38	46	51	98	48	37	117	57	118	67	68	112	22	116	104	104	15	12	91	95	69	17	39	41	31	80	9	76	50	27	69	105	55	5	72	77	82	41	39	112	14	75	92	58	100	49	16	12	74	69	76	65	17	10	37	66	40	19	116	24	107	87	115	7	21	111	82	116	66	68	0	67	18	13	42	15	50	100	90	51	118	24	3	109	35	75	88	87	59	88	90	5	22	57	4	4	15	34	52	34	117	87	36	109	45	52	91	44	60	75	107	15	38	100	29	117	2	83	67	22	0	118	61	111	32	56	14	67	51	74	59	37	36	86	88	14	26	77	60	22	93	110	22	13	93	39	50	61	47	21	27	94	35	115	62	16	52	96	65	19	65	36	33	114	55	20	60	51	66	74	114	56	83	109	76	53	23	47	47	8	105	42	37	66	28	42	31	100	118	88	4	54	88	37	103	113	50	55	15	24	60	109	47	29	63	34	24	58	31	69	24	88	7	61	33	42	25	62	67	10	44	59	33	27	22	34	41	15	86	39	24	74	98	99	2	74	33	75	13	20	31	98	21	69	84	40	65	116	41	25	76	58	14	61	18	72	6	26	23	105	61	41	86	96	115	93	73	113	60	1	35	101	80	50	88	40	28	23	25	18	11	92	45	1	35	81	5	73	83	63	108	108	4	65	107	98	100	47	63	104	14	79	48	46	41	67	108	22	88	23	60	54	45	48	44	77	74	28	72	14	72	102	50	25	46	112	44	10	86	17	36	49	13	25	5	118	10	4	34	108	56	102	93	95	94	102	52	32	112	25	12	36	50	19	114	43	35	57	42	108	98	116	7	89	44	87	75	103	81	38	92	45	40	107	60	116	72	73	62	97	49	54	69	28	93	4	98	75	61	81	101	113	72	70	85	31	23	17	108	17	106	7	9	73	13	40	108	49	71	45	2	90	67	28	49	8	119	13	118	75	113	33	109	73	17	26	90	57	11	105	101	47	74	25	88	51	69	75	95	22	52	15	102	104	75	64	17	63	29	4	90	6	22	83	80	71	85	39	30	70	71	41	30	37	96	83	6	101	30	43	104	15	42	41	13	4	94	63	46	101	90	88	10	6	92	94	94	54	84	62	69	55	87	59	10	44	22	53	107	105	65	51	100	75	100	21	93	24	71	9	85	101	77	107	47	60	12	112	12	79	105	16	97	119	25	58	59	29	112	64	61	2	114	92	77	43	113	27	90	65	39	31	103	18	77	47	79	91	53	49	14	51	3	84	93	118	44	72	20	28	28	116	86	16	57	33	53	8	76	101	88	61	46	23	23	102	39	16	87	112	28	54	72	0	98	6	65	6	86	110	73	101	10	112	103	89	94	16	56	43	49	95	85	89	109	87	40	104	80	7	41	20	13	91	114	3	114	65	62	16	98	91	11	74	93	40	11	87	33	74	103	105	80	101	76	99	97	119	80	95	14	119	103	92	64	119	25	44	17	110	27	65	72	76	116	107	11	118	62	102	87	29	97	39	82	93	23	109	29	0	32	28	64	83	41	34	101	41	85	85	88	81	35	32	100	101	27	101	107	54	48	53	89	34	27	117	39	59	69	32	87	52	34	47	109	96	5	48	6	13	0	47	95	90	47	28	80	56	97	19	63	103	14	0	72	109	72	48	73	95	31	4	48	62	32	92	29	0	53	102	73	30	97	20	57	81	112	13	86	74	60	87	57	17	15	7	103	16	51	45	89	17	72	57	8	60	27	54	15	110	39	13	16	85	27	88	77	15	112	78	23	8	116	6	109	52	81	66	99	72	88	94	43	66	78	58	108	64	57	56	86	116	86	116	90	73	16	62	104	40	36	15	40	51	119	117	85	64	60	55	76	73	106	70	3	98	10	1	39	17	111	119	32	59	92	86	5	48	30	63	89	7	65	104	6	99	90	59	108	96	40	54	76	86	7	79	75	113	106	33	17	84	1	85	115	33	14	119	92	43	70	9	110	7	37	73	105	55	43	44	61	5	8	30	76	64	13	93	83	36	14	94	86	60	74	1	14	97	118	58	56	3	101	70	24	111	86	83	118	88	19	106	98	82	39	43	6	14	58	81	5	103	93	100	104	60	70	15	94	52	106	25	42	4	72	52	28	97	117	109	113	64	21	84	93	25	94	76	86	10	99	53	84	1	45	113	93	63	65	89	0	71	9	39	52	6	11	57	67	42	17	55	92	88	107	16	118	48	81	21	30	67	49	25	106	9	86	79	22	90	106	89	118	69	86	23	53	86	61	105	70	11	107	27	34	119	64	3	88	29	0	106	6	74	7	24	102	26	68	118	49	45	99	50	16	108	66	22	116	93	70	98	100	71	67	50	3	25	64	79	50	54	93	52	108	97	49	50	60	20	108	113	10	36	54	33	47	73	73	23	34	117	53	0	88	63	101	29	107	53	37	52	52	64	25	50	8	94	42	46	74	8	48	94	68	54	77	55	45	46	31	59	112	56	14	106	32	21	116	77	7	14	52	32	57	47	2	11	34	103	101	51	93	99	97	79	20	75	92	113	86	11	107	19	13	44	94	100	119	1	35	56	26	79	49	61	38	69	18	63	36	11	36	61	75	49	99	59	6	60	66	105	92	65	92	57	9	38	75	9	74	98	23	21	48	19	25	95	66	77	8	46	77	87	28	52	95	12	94	118	55	23	81	108	53	56	93	96	41	77	95	85	61	65	21	99	90	15	95	103	118	44	62	102	46	47	60	15	12	46	3	21	9	20	43	78	34	109	79	113	18	58	53	52	93	109	22	29	16	87	95	56	61	59	102	109	39	79	52	115	35	3	32	49	2	110	90	66	99	78	7	104	76	87	81	53	68	45	1	42	48	79	118	106	29	66	108	31	55	0	43	48	35	12	91	102	63	79	67	61	52	58	51	97	71	118	83	108	37	108	61	53	67	49	34	12	87	78	22	53	118	97	15	103	11	67	109	53	44	74	48	96	78	85	33	16	97	110	99	77	73	60	7	86	80	8	62	25	106	6	19	56	35	21	94	114	88	52	95	110	34	49	65	101	43	100	85	39	20	116	97	6	81	51	117	117	25	35	6	16	89	51	73	5	19	100	115	28	61	42	40	33	110	29	0	67	108	92	117	21	50	54	86	61	78	25	109	32	119	41	55	11	28	72	16	59	29	33	93	57	80	117	42	39	72	86	81	110	97	78	60	112	115	30	97	2	68	86	30	86	117	110	110	48	78	2	85	10	88	82	73	90	89	30	35	72	30	85	57	82	76	43	115	24	25	107	115	51	65	87	60	25	35	55	9	21	82	64	44	54	74	115	33	37	16	42	76	46	18	107	82	29	82	39	69	85	53	52	18	43	21	106	40	26	89	14	23	46	20	4	9	57	54	31	12	47	116	10	15	97	67	12	6	6	71	52	94	2	119	38	51	19	54	71	106	39	27	45	106	56	22	69	44	62	72	104	105	116	11	90	47	14	63	38	35	110	32	40	19	115	84	58	54	10	74	1	110	85	28	10	15	26	68	31	115	53	45	99	70	63	60	83	12	86	74	2	1	92	98	32	24	50	35	94	61	104	84	105	85	104	40	102	112	112	77	88	114	116	29	76	119	117	90	76	117	113	16	30	23	24	17	35	18	15	2	21	105	53	110	73	61	53	12	113	93	11	48	23	108	87	55	51	24	81	90	39	38	108	78	63	109	61	19	79	44	51	64	67	104	73	103	80	116	78	49	107	77	47	33	97	44	27	53	45	71	87	107	64	105	69	76	84	34	83	83	15	109	2	58	74	11	5	1	94	73	31	38	97	60	41	3	45	11	105	91	109	4	40	106	25	60	34	80	0	9	52	97	46	17	74	18	102	99	57	118	46	71	42	100	4	58	46	50	62	93	85	111	41	38	58	22	103	33	14	55	51	69	56	36	40	16	41	74	102	71	101	13	4	53	44	77	108	4	0	102	104	13	56	69	87	12	119	18	85	33	109	24	48	67	108	8	25	18	61	82	16	97	113	79	100	27	38	55	26	69	100	119	92	116	49	29	89	117	68	3	24	63	2	57	54	83	6	27	66	95	64	102	81	101	113	116	43	101	31	1	72	74	105	96	113	74	37	105	78	104	78	99	5	28	77	23	86	7	99	100	71	58	100	82	30	0	106	48	118	44	91	16	91	8	19	12	94	37	106	5	109	103	108	74	14	74	69	103	111	28	105	92	47	28	102	63	101	48	59	103	30	63	56	14	35	7	114	73	56	58	57	45	46	25	64	24	42	40	92	47	29	103	56	69	19	73	18	68	48	67	66	116	60	115	97	83	60	57	57	0	28	65	18	74	65	57	26	79	82	44	62	115	37	96	37	31	19	103	50	29	88	96	96	77	71	84	63	57	7	61	67	101	90	98	55	8	56	31	10	63	109	40	94	33	43	73	31	32	30	53	21	62	52	4	58	54	64	115	66	10	0	84	71	91	35	3	66	46	6	17	42	77	30	89	17	48	7	38	101	58	26	47	68	105	76	42	26	103	61	4	116	69	21	70	15	9	13	60	34	64	89	43	0	23	109	102	34	29	51	107	3	109	56	18	101	95	31	36	17	34	39	81	114	60	81	114	29	48	31	63	75	103	30	106	78	78	59	35	48	25	5	84	13	37	26	26	84	61	56	27	22	23	35	4	100	16	56	80	50	71	88	63	96	49	102	63	116	100	117	64	79	116	92	4	18	119	108	83	95	111	24	12	8	19	70	87	97	73	80	96	63	97	12	16	56	100	113	97	93	25	39	14	107	105	54	78	43	37	87	18	30	102	99	84	69	116	25	118	32	112	80	52	85	64	37	97	25	51	95	36	85	26	87	108	117	75	60	58	64	14	15	44	47	38	49	50	27	60	40	111	15	107	14	14	57	102	3	115	52	43	5	13	116	6	67	39	36	100	77	37	36	103	34	50	65	105	95	35	119	74	102	100	29	20	1	50	60	99	61	50	97	53	61	7	51	54	40	0	86	97	74	89	39	36	81	56	83	43	82	18	71	91	36	12	104	16	39	80	16	25	42	58	111	39	114	89	34	52	27	118	45	72	64	54	20	44	16	29	39	20	62	111	19	99	106	116	17	87	24	26	14	77	69	11	94	115	41	86	57	82	45	59	11	86	102	113	95	101	41	7	108	101	84	5	102	101	12	23	57	4	39	93	76	79	31	104	25	90	5	76	93	16	71	112	5	70	23	107	20	46	13	51	63	3	116	71	42	67	105	118	84	43	39	89	51	86	75	118	65	50	7	108	95	47	52	73	65	22	17	50	33	38	39	16	0	30	20	105	38	10	52	77	91	79	115	12	76	86	50	58	84	52	49	83	45	26	112	45	118	68	69	71	6	15	73	96	88	108	65	99	60	82	5	89	97	25	48	15	22	110	93	67	101	40	3	76	69	56	23	92	12	118	61	63	9	53	103	44	45	106	62	68	104	110	48	77	30	12	72	83	8	47	72	86	118	86	4	93	105	15	33	22	78	88	119	114	84	104	81	35	56	39	99	87	32	107	73	103	57	114	107	34	109	82	60	70	103	33	75	13	119	59	30	81	34	12	17	73	116	0	119	23	72	74	95	25	72	12	39	4	63	79	34	108	46	23	12	23	74	24	76	112	6	15	99	20	20	104	18	17	2	90	34	92	55	37	72	103	114	61	27	95	34	79	20	95	18	112	62	78	13	19	103	49	62	103	11	31	43	115	97	6	108	32	15	43	69	116	94	50	47	40	98	19	98	48	76	58	29	50	54	20	6	42	52	50	89	104	67	24	4	103	38	14	105	103	16	58	94	40	66	105	35	25	21	86	52	19	52	105	105	65	4	27	107	92	15	21	103	117	32	56	65	11	82	107	101	112	55	19	16	74	96	56	108	12	81	26	44	61	15	93	117	79	17	119	87	4	105	88	91	22	119	56	40	27	4	13	117	26	24	70	81	62	77	63	77	100	59	102	37	31	106	36	62	47	39	78	61	53	40	53	7	64	102	45	106	57	116	112	22	15	86	33	20	20	30	14	79	112	8	14	104	117	32	4	112	46	71	49	75	105	58	78	30	64	78	90	113	110	97	31	115	13	66	85	85	55	57	16	88	64	41	66	69	68	40	115	1	62	9	78	100	22	119	34	91	43	10	117	40	72	113	25	24	76	43	61	106	109	65	114	95	55	51	12	6	30	64	8	93	59	116	84	25	67	19	51	23	34	12	82	38	45	42	13	105	119	11	85	32	29	67	58	23	61	59	57	29	53	49	28	86	116	7	58	44	107	65	79	114	51	103	103	89	29	5	24	45	59	83	91	72	101	12	58	58	71	115	118	107	28	45	68	17	117	10	11	37	23	16	105	56	21	6	32	10	48	14	9	65	15	59	78	63	107	91	96	96	4	98	56	98	45	45	108	60	64	38	48	39	98	45	44	26	27	10	73	93	110	70	32	76	109	71	109	74	94	27	65	95	18	91	20	75	99	23	104	81	89	75	76	58	49	7	51	42	24	91	83	111	112	107	21	18	9	73	39	79	71	56	0	62	32	98	35	116	99	91	98	43	101	89	119	74	8	118	84	39	78	100	58	8	25	57	82	87	8	49	15	92	66	60	
7	9	20	9	3	14	16	4	10	15	17	9	18	9	7	10	12	16	7	18	9	19	3	14	17	14	6	14	6	1	7	19	17	15	6	15	10	11	8	7	15	12	14	18	13	1	2	4	5	13	16	15	3	7	13	3	17	1	6	14	12	16	12	19	8	14	13	7	11	14	12	18	10	18	20	9	13	7	14	2	18	18	17	5	18	12	4	20	18	2	10	4	10	5	2	8	12	17	9	7	1	13	2	10	9	10	14	2	8	5	2	17	20	17	15	16	12	13	18	5	8	20	17	5	11	5	1	16	11	4	12	8	2	9	10	19	15	9	6	17	11	3	18	8	2	13	10	1	9	19	3	12	8	19	2	19	15	17	13	19	9	18	17	5	10	12	14	14	3	11	10	14	13	16	1	19	20	4	13	2	7	5	14	4	18	11	5	9	2	15	13	7	16	14	4	11	17	18	10	10	1	19	13	12	3	10	9	3	19	20	9	4	10	15	14	20	9	7	18	12	9	17	9	16	15	15	13	10	12	1	6	7	5	20	2	15	15	13	2	20	15	9	9	8	10	18	19	9	13	8	19	19	17	1	10	1	3	16	18	10	13	20	8	12	14	6	12	3	12	9	19	15	12	16	11	4	11	11	13	4	18	7	17	12	7	13	5	20	13	3	1	2	2	1	6	19	3	4	15	16	18	6	10	6	10	7	6	5	5	8	20	7	5	18	20	1	1	19	12	12	19	3	8	20	13	11	10	11	18	4	6	6	4	12	14	14	9	19	10	11	20	6	4	20	16	15	9	20	16	14	20	16	15	4	1	15	20	6	7	16	10	9	7	17	20	11	7	3	17	20	11	3	8	14	9	1	20	16	10	7	5	17	10	6	3	17	6	7	17	10	16	18	14	15	17	17	17	19	1	13	2	14	13	10	12	1	12	9	10	20	8	10	1	8	13	4	14	11	12	17	14	12	19	18	2	14	2	19	15	17	19	14	6	18	18	20	20	15	17	17	1	4	16	7	20	1	9	19	5	14	4	18	8	17	14	4	4	8	1	7	4	1	13	8	11	20	16	11	12	2	11	14	18	12	13	10	12	20	1	19	16	5	12	7	16	6	10	3	11	11	5	16	7	10	9	10	13	18	19	19	10	2	5	8	15	14	12	9	5	15	7	8	1	6	2	2	8	9	11	4	15	16	6	18	11	16	5	14	20	10	19	8	9	7	9	15	2	1	15	2	7	7	6	14	15	16	8	6	9	16	10	9	4	1	7	5	11	10	7	18	13	18	4	15	9	17	10	19	9	4	15	3	7	17	2	2	18	19	12	15	12	9	1	3	14	15	14	17	9	2	9	16	6	4	2	6	18	4	3	7	10	5	17	10	3	7	19	18	5	15	8	16	11	11	13	7	5	14	18	2	12	3	13	7	20	6	10	18	4	8	2	5	7	15	3	17	12	6	1	7	6	12	10	15	8	17	14	11	8	4	6	9	2	13	8	6	13	15	7	19	20	12	19	13	11	16	10	9	19	4	8	11	17	10	7	18	14	7	12	17	3	6	19	10	6	18	6	3	10	8	6	15	6	16	7	4	10	3	19	9	3	10	2	3	1	8	11	5	15	7	8	12	14	1	15	1	9	1	12	5	10	13	15	10	9	9	14	1	6	5	10	13	2	1	10	11	14	11	4	16	16	10	3	4	9	9	15	3	14	8	1	9	13	16	16	3	10	7	2	14	8	1	5	4	8	9	15	8	9	6	8	15	12	1	15	9	7	15	15	8	4	8	11	9	6	6	8	11	6	3	10	8	14	15	15	3	4	14	10	6	9	3	16	11	14	15	6	10	9	11	15	14	1	1	3	8	10	1	6	5	11	6	1	8	6	13	10	5	15	13	2	1	15	4	3	3	14	1	2	9	15	3	5	15	5	5	4	12	14	4	4	3	2	12	9	14	2	10	11	14	15	13	9	13	3	1	11	12	9	15	4	11	13	5	1	16	12	12	16	7	6	6	11	6	12	5	2	12	13	6	9	8	4	16	9	3	14	1	15	11	6	10	14	10	8	15	6	6	10	14	13	7	7	13	7	5	15	6	2	14	8	14	5	10	6	10	6	2	11	3	3	15	11	11	15	12	8	7	16	9	6	8	10	12	11	1	15	16	10	8	13	3	1	11	9	11	11	4	13	5	14	3	4	16	15	9	7	8	5	5	12	16	10	5	12	14	9	2	7	6	4	9	6	13	3	12	15	4	13	15	12	12	5	12	1	15	9	15	3	8	6	8	10	16	12	13	3	3	8	6	6	16	11	2	12	10	16	12	7	1	5	16	8	10	8	12	7	11	13	13	9	12	7	12	9	13	4	4	15	1	3	7	4	8	15	12	15	2	9	9	1	9	7	6	10	10	2	6	16	9	3	4	2	7	6	11	13	7	2	13	16	13	9	11	3	13	13	7	14	3	16	7	16	11	1	15	9	14	14	2	1	11	10	6	16	5	11	5	5	9	8	6	8	3	8	5	2	7	16	16	10	10	16	5	1	16	7	4	3	7	2	9	15	4	5	14	10	2	2	12	11	16	13	4	10	13	8	3	14	7	9	3	5	11	7	4	12	16	9	1	5	4	4	14	4	16	6	13	7	12	8	5	7	13	13	13	4	7	10	10	15	4	12	13	2	7	16	4	6	9	2	14	15	6	13	4	6	1	9	4	14	4	16	16	12	5	8	6	5	15	2	16	7	15	8	1	3	15	15	9	12	9	11	2	4	13	1	16	1	14	7	15	1	13	11	16	6	13	13	10	2	11	16	2	4	4	1	10	10	3	6	11	8	13	13	16	12	16	13	4	9	6	9	6	12	5	10	11	9	9	13	14	2	1	11	12	6	1	9	10	12	5	14	13	14	4	11	7	2	13	14	8	2	4	16	11	5	12	12	14	13	13	16	7	15	6	4	3	16	4	14	2	1	8	2	5	12	4	2	5	16	7	11	15	11	10	14	13	9	13	9	15	12	15	8	14	13	14	5	2	3	14	7	15	15	10	16	13	13	5	11	13	7	6	11	4	9	2	11	3	6	1	3	14	12	8	4	15	12	16	1	11	7	10	6	11	4	11	4	14	5	3	16	11	16	7	9	6	14	12	16	2	9	5	5	9	3	6	11	6	13	9	14	12	12	15	12	16	11	15	10	3	8	16	10	2	3	9	16	2	2	14	6	7	15	16	1	3	10	5	2	11	3	15	9	11	4	12	2	13	9	3	13	12	13	6	7	15	6	8	5	13	5	14	16	1	3	7	15	9	10	4	15	15	13	16	10	8	15	9	4	15	11	8	9	16	10	13	12	16	16	5	16	6	3	9	9	10	6	3	11	11	8	11	15	16	2	15	7	1	9	12	9	14	12	15	13	7	5	15	7	14	10	13	4	5	12	11	7	11	10	9	14	16	14	13	13	5	2	3	14	12	7	7	2	14	16	7	15	8	16	4	15	3	15	14	13	5	13	6	9	9	6	5	2	12	4	16	3	2	10	16	9	16	15	14	2	8	7	12	6	16	14	15	6	5	8	10	7	15	14	9	2	14	15	15	7	12	10	14	16	9	16	2	4	10	13	8	16	9	9	14	5	5	8	1	2	12	13	1	4	6	13	7	8	12	6	10	9	8	12	14	8	11	15	12	15	8	13	11	2	13	4	9	11	3	5	6	4	13	14	14	13	2	13	1	14	15	7	14	10	3	15	16	10	15	13	16	1	14	8	3	15	16	14	7	10	1	1	14	14	10	12	15	3	13	12	5	8	3	3	8	2	12	7	9	5	5	1	4	9	12	11	2	15	7	2	12	6	11	7	10	4	11	7	16	3	16	15	14	13	6	15	12	1	15	10	11	15	8	14	16	16	9	12	9	10	12	8	4	12	4	16	2	9	1	10	2	1	1	11	7	13	2	9	3	12	11	9	12	8	6	12	10	16	13	14	15	15	1	10	9	12	7	13	3	6	8	4	2	15	1	15	14	6	13	13	3	11	6	2	12	12	8	11	13	8	10	14	13	5	14	15	9	1	8	10	6	9	4	2	10	10	16	9	13	2	8	5	5	14	15	11	4	11	13	7	6	9	6	15	15	9	15	8	9	14	11	3	12	4	1	4	15	6	14	13	9	5	7	3	4	16	16	11	12	4	11	1	5	1	12	3	8	8	14	5	14	10	15	4	13	3	5	16	11	11	1	14	10	4	16	9	3	7	5	1	5	14	10	10	12	5	10	12	1	1	13	4	9	4	13	13	15	15	12	16	12	16	3	4	8	7	7	7	12	16	4	10	2	12	3	16	14	12	5	2	11	13	3	12	3	8	11	15	4	3	13	7	14	15	12	3	6	14	6	12	16	2	12	15	10	11	4	15	1	5	5	9	6	9	9	10	6	9	8	15	3	1	4	9	9	2	14	9	11	16	14	5	15	5	12	8	14	12	15	9	1	12	12	14	16	5	4	11	4	1	13	2	3	11	1	6	5	13	10	13	16	12	6	10	9	14	11	9	10	1	7	4	15	10	13	6	7	1	5	5	11	1	10	7	8	15	11	1	5	14	8	14	4	8	2	14	5	1	13	13	4	8	16	14	13	13	4	15	7	15	7	3	9	11	11	11	8	7	2	9	7	4	15	6	15	14	12	9	2	8	10	4	1	14	14	7	15	16	4	5	13	2	11	12	5	11	2	10	1	13	7	7	7	2	5	12	1	4	4	9	6	12	16	13	4	3	7	10	3	5	8	3	16	9	2	11	16	11	16	6	10	8	1	7	9	6	7	1	2	11	8	5	8	10	15	4	5	6	2	7	8	14	5	15	13	9	4	16	9	6	16	5	12	10	6	16	1	10	1	3	5	1	15	16	16	2	4	15	4	5	16	16	8	12	8	3	14	11	12	5	6	4	16	9	13	6	10	13	5	14	3	5	10	7	7	12	13	16	14	12	14	11	4	9	7	11	5	4	8	10	5	13	5	13	9	8	2	10	7	7	15	2	6	12	4	6	11	14	8	10	15	2	13	11	12	3	5	11	12	5	5	1	6	2	16	3	15	16	6	11	11	11	15	16	8	14	7	12	9	13	5	7	8	13	11	16	9	4	6	7	14	2	7	9	5	6	2	9	16	16	11	7	16	6	12	12	15	2	7	15	8	4	2	13	10	6	15	13	4	9	2	4	1	4	14	5	6	9	2	15	7	1	4	3	6	8	12	11	2	2	16	5	2	16	14	15	6	5	5	16	12	6	11	1	15	5	7	7	15	13	12	15	11	4	6	3	16	3	16	14	11	7	6	9	14	5	1	9	16	2	4	3	3	10	9	2	8	12	8	4	7	14	14	12	10	5	5	13	7	6	16	6	8	9	5	16	7	16	14	2	4	12	12	6	7	5	4	5	9	3	6	10	8	7	4	4	14	12	9	6	13	5	12	14	13	12	5	6	3	8	6	1	16	16	8	8	16	5	5	13	2	10	1	2	5	11	6	8	1	4	2	7	2	2	16	7	2	3	16	8	13	6	16	3	5	11	3	12	15	5	8	6	10	15	3	13	1	15	3	3	11	16	16	5	15	5	14	10	4	6	5	5	7	15	13	11	9	15	6	13	15	7	5	5	4	4	3	6	15	13	3	10	14	6	6	10	11	7	16	2	1	15	15	3	16	4	3	2	16	9	16	4	1	4	1	1	2	4	12	11	12	4	6	8	4	1	10	5	7	12	12	5	8	5	7	10	16	9	2	5	5	16	13	1	2	3	7	14	10	10	11	14	4	6	9	16	9	12	12	3	3	1	16	15	11	7	8	11	4	1	12	7	2	1	4	3	5	5	8	3	6	4	9	14	16	12	13	7	6	9	10	11	8	11	4	13	14	1	1	11	4	5	10	5	4	11	1	1	6	15	13	14	13	4	7	9	10	7	12	3	15	11	7	9	8	4	3	11	3	9	13	6	15	4	4	10	5	16	2	7	1	15	9	14	15	11	16	16	15	12	12	2	9	16	8	7	6	5	6	13	16	11	13	15	16	14	8	8	3	11	4	15	14	6	12	10	3	2	13	1	2	5	2	3	8	7	9	9	4	15	2	12	7	1	15	7	13	10	5	2	11	11	9	4	14	13	1	8	16	15	12	5	1	2	8	12	11	10	1	7	6	15	13	8	11	4	10	4	10	2	1	10	9	9	3	5	6	16	8	6	7	5	13	2	14	13	4	10	4	11	4	3	15	5	2	14	15	5	2	15	10	16	1	4	16	8	16	15	14	9	4	5	3	11	3	11	16	16	1	6	10	2	4	9	8	11	14	14	4	14	5	14	10	10	14	2	1	9	10	11	6	16	14	6	8	3	16	5	2	2	11	10	6	14	2	4	4	12	7	1	12	2	9	10	9	3	2	1	8	15	16	14	1	15	14	7	7	5	2	5	7	3	8	12	11	14	10	14	14	16	5	4	6	5	1	14	6	1	7	9	10	13	11	12	7	4	12	11	14	6	10	7	3	3	15	8	14	14	3	8	8	3	6	15	7	2	11	12	5	1	2	5	11	13	6	8	13	8	12	5	11	3	2	13	1	6	7	7	7	12	6	2	1	15	4	8	16	8	10	12	3	13	14	10	5	1	16	9	5	15	13	14	16	12	2	14	12	3	6	8	1	14	11	13	13	4	2	2	11	5	2	1	1	13	10	5	9	4	7	6	4	9	6	2	8	8	8	8	7	5	16	10	4	16	1	6	2	13	14	4	6	6	1	9	16	3	7	12	4	9	5	10	7	11	12	4	5	2	16	2	12	6	3	1	14	1	8	1	7	15	10	9	15	13	14	11	14	16	1	6	4	1	1	12	1	6	2	14	7	16	5	3	8	1	11	3	7	15	6	16	8	14	10	2	2	5	15	11	7	8	4	16	15	10	10	6	7	12	15	13	12	3	5	6	13	12	8	10	12	5	16	4	6	6	3	8	1	15	4	4	13	4	15	8	11	13	11	13	5	7	6	7	9	12	7	14	13	3	3	3	13	2	16	8	16	13	4	15	5	12	14	10	12	4	15	15	8	10	1	6	12	7	16	5	10	12	14	5	8	14	6	1	13	7	14	15	5	2	2	11	12	15	4	3	13	1	3	15	6	9	12	7	8	10	1	5	16	10	16	4	15	4	11	1	3	13	3	8	14	10	13	3	10	13	10	12	3	14	2	8	3	2	15	1	16	9	8	3	12	4	4	7	16	5	11	7	8	10	10	11	1	5	8	11	12	6	3	14	3	6	10	1	7	7	4	4	4	9	5	1	9	4	9	16	8	9	11	4	12	12	15	16	1	12	4	16	12	6	16	9	14	1	8	6	7	2	8	10	2	15	6	10	13	3	4	13	1	10	11	14	15	3	16	5	11	14	8	11	15	2	14	9	10	2	9	12	10	2	9	3	16	1	4	3	3	12	14	5	2	3	2	3	15	4	9	4	6	6	11	12	3	12	9	4	1	3	2	14	7	2	9	1	8	14	1	13	1	15	9	10	8	5	5	6	5	8	8	8	5	12	13	8	7	3	6	5	5	13	12	7	2	5	11	7	11	8	8	4	7	7	9	6	12	7	8	8	6	14	1	4	12	2	16	13	16	10	9	16	3	9	16	4	14	12	9	1	5	4	3	3	7	2	9	13	2	10	9	1	2	16	3	14	12	4	7	2	7	12	8	10	13	3	7	9	15	7	3	2	13	14	15	3	6	3	13	5	5	11	3	9	2	14	7	13	4	16	13	11	6	9	3	12	14	11	4	9	16	14	4	14	3	12	3	8	2	11	11	14	5	12	14	6	10	9	4	4	2	14	1	2	11	9	4	16	16	15	13	10	6	4	12	6	4	6	13	3	11	2	16	6	1	14	15	7	6	11	9	13	8	4	11	6	16	2	9	12	13	4	5	5	15	4	8	11	6	11	4	14	13	1	9	7	3	5	16	8	14	12	13	9	3	7	10	9	5	5	3	2	6	3	1	14	10	3	12	13	11	12	2	5	7	9	2	6	14	12	8	8	7	15	5	6	2	14	13	14	15	9	5	3	5	11	8	16	11	16	10	16	2	1	11	10	7	6	3	8	3	9	14	10	2	7	8	15	9	5	4	5	16	14	5	8	13	3	3	8	15	8	2	11	8	1	11	4	11	16	14	11	8	10	14	15	5	11	11	10	7	8	6	12	11	16	14	6	13	14	5	8	13	8	14	1	3	16	6	1	8	3	15	10	3	11	7	5	8	4	2	15	1	10	1	10	1	4	10	11	13	12	11	7	15	11	16	4	2	16	11	6	9	6	6	12	16	14	1	16	16	2	11	13	9	1	14	7	8	2	1	6	12	12	14	4	9	8	7	10	3	4	9	15	14	10	4	9	6	5	14	8	5	13	5	10	2	2	7	8	12	8	5	12	14	2	13	8	1	6	15	1	5	6	16	4	3	12	7	2	16	12	8	12	10	4	9	12	13	9	12	13	6	4	1	8	14	11	2	14	1	7	4	10	5	2	16	4	10	9	3	5	1	8	7	2	15	4	12	9	3	3	11	8	5	14	8	7	2	9	10	8	11	14	11	15	10	9	3	7	2	3	12	13	15	6	14	16	5	14	5	1	11	11	15	6	14	15	11	4	11	5	8	11	14	10	8	7	4	16	5	9	14	14	13	9	12	14	9	1	15	4	6	6	15	5	5	14	13	6	4	4	15	4	11	11	6	1	7	8	12	11	11	3	1	6	3	5	10	1	16	16	7	15	9	9	13	2	2	8	8	13	12	7	6	11	3	8	9	12	13	13	3	8	2	5	12	13	5	12	9	12	14	14	10	4	4	8	10	13	4	15	1	3	6	12	8	16	10	14	4	3	8	3	4	13	1	16	8	1	11	10	8	3	16	8	9	12	2	8	6	3	13	6	13	16	2	16	9	5	12	2	16	13	8	6	13	16	13	10	5	4	9	9	12	7	5	1	10	11	9	2	12	6	16	3	11	8	9	7	5	13	12	15	3	2	14	6	3	8	8	3	16	3	15	13	2	16	4	15	15	4	10	14	1	8	1	13	5	14	3	6	9	14	1	10	11	8	12	8	9	7	13	12	7	10	7	13	10	6	6	5	13	5	11	8	3	7	3	10	2	15	13	13	9	9	5	1	3	1	3	12	8	15	16	13	9	2	14	2	15	3	11	9	5	4	11	14	6	7	10	8	4	9	6	1	8	5	13	13	13	10	11	1	9	10	2	12	1	2	4	13	5	3	7	4	15	14	12	13	1	14	16	1	7	7	16	15	11	7	12	1	2	9	16	8	2	11	9	8	10	7	11	9	4	12	12	5	1	13	16	13	13	13	13	3	5	3	13	4	6	2	16	9	5	13	4	10	15	7	9	1	13	10	4	16	6	2	14	2	5	14	4	5	12	12	14	8	10	5	3	13	15	16	15	9	13	13	1	8	12	12	2	1	16	11	8	15	13	12	4	3	6	8	2	4	4	16	13	12	14	14	4	1	9	16	9	1	8	13	1	14	9	7	10	2	2	6	11	11	1	7	10	14	7	14	7	7	16	8	9	11	13	6	1	4	1	13	13	2	12	14	13	7	4	12	14	9	11	7	9	15	2	1	3	14	10	9	11	4	7	14	6	4	8	9	6	1	14	3	7	11	5	13	8	4	5	16	15	3	2	15	12	16	16	3	3	6	13	4	8	2	16	6	6	4	3	2	10	14	5	12	6	12	7	8	6	14	10	11	8	14	6	1	14	16	1	8	5	4	12	14	13	11	15	13	2	9	14	6	2	8	1	15	15	16	10	10	2	14	14	14	14	8	8	11	12	2	11	7	3	7	6	1	9	15	14	10	3	6	12	16	5	12	5	1	1	7	12	6	14	4	14	12	7	12	3	8	4	10	16	13	8	11	5	9	4	9	6	14	10	5	4	12	6	10	2	16	11	13	3	12	14	14	14	3	8	5	11	9	12	16	6	14	7	15	13	16	8	13	14	14	5	16	16	11	13	13	9	3	10	5	10	8	15	5	10	8	2	2	14	10	15	12	13	4	2	14	13	5	10	7	15	13	1	9	6	9	12	12	8	7	2	15	11	10	7	5	16	15	4	5	4	3	15	9	16	12	4	1	3	3	2	13	8	12	10	4	8	7	5	5	14	12	9	1	15	9	11	11	1	7	4	9	12	3	1	13	5	3	12	13	15	14	5	5	15	7	5	12	10	1	2	3	15	14	15	9	3	12	16	15	5	1	12	16	12	15	4	5	2	3	8	13	10	4	9	4	9	13	3	1	5	1	4	3	6	6	6	8	4	5	8	15	7	5	9	2	9	10	5	9	3	13	1	15	13	2	9	13	5	4	10	7	14	11	7	5	2	10	7	16	7	6	15	16	7	13	13	9	14	2	5	15	12	14	3	13	9	16	15	3	16	5	3	2	6	2	3	6	16	13	15	7	16	7	1	14	14	3	3	9	5	14	7	16	4	12	10	2	1	2	16	14	16	16	8	16	6	13	5	8	4	8	11	15	12	12	10	9	16	10	1	2	5	1	11	2	12	12	1	10	2	7	11	10	5	13	4	5	4	5	8	14	9	12	13	6	4	12	7	12	7	9	2	6	8	2	13	7	16	6	9	14	3	7	8	11	2	2	16	13	4	14	11	16	14	12	2	3	15	4	2	4	5	1	1	7	11	14	5	4	15	2	10	2	14	16	4	4	2	4	5	1	10	5	2	10	6	13	10	8	13	1	9	1	1	15	4	10	7	9	15	16	14	4	7	3	16	2	7	10	3	14	6	6	6	15	5	3	2	15	2	1	8	14	14	1	14	10	13	13	12	2	11	14	5	2	16	11	9	15	2	13	5	9	6	10	3	4	7	1	10	15	9	3	3	5	9	2	4	14	2	6	4	1	2	14	4	11	9	1	2	6	2	13	13	12	13	13	7	4	14	16	14	16	11	8	10	10	8	2	5	9	9	5	4	7	2	16	14	16	15	5	13	16	4	11	14	9	12	14	9	7	16	3	13	7	8	6	11	5	14	9	8	7	9	13	15	8	13	4	16	2	16	12	4	10	14	7	1	8	2	9	16	2	2	8	15	15	14	2	3	11	1	8	3	10	6	12	13	12	9	15	3	15	13	14	14	8	11	3	13	9	10	14	1	16	16	10	5	1	14	6	15	15	8	12	15	6	11	2	10	10	13	6	15	14	13	5	13	4	11	15	1	2	11	16	5	15	6	16	3	9	10	1	14	1	15	8	14	15	2	10	16	4	14	4	10	11	9	14	4	13	10	8	1	13	2	7	15	16	2	16	1	13	7	5	14	8	15	11	4	15	3	4	15	2	1	14	4	2	14	4	5	7	3	4	10	7	10	5	6	2	8	2	16	2	16	1	4	12	8	9	9	3	13	4	5	11	9	12	15	9	10	1	11	6	6	8	13	3	14	16	11	11	6	16	3	8	12	14	14	16	11	3	5	13	16	15	4	7	8	11	7	11	15	3	3	7	1	8	8	14	13	4	9	14	10	14	4	8	13	6	4	15	10	3	13	5	2	4	7	14	15	16	6	1	16	5	15	2	9	11	4	2	7	8	6	16	5	4	8	7	4	1	3	2	3	4	11	3	8	16	5	14	11	3	1	16	14	2	9	6	12	13	5	6	16	8	14	16	2	5	2	15	1	5	5	7	1	5	8	1	5	14	12	16	2	10	14	2	8	7	16	7	15	6	11	13	9	2	12	7	8	10	15	6	5	6	8	3	2	3	12	10	14	5	4	9	8	3	11	9	12	2	5	16	13	11	4	8	5	15	3	14	4	4	2	8	14	9	10	1	12	2	15	12	16	16	15	4	15	8	12	1	5	2	8	16	12	2	6	7	11	5	16	9	3	9	16	13	13	14	11	10	3	14	10	11	10	14	16	10	9	2	14	13	3	3	13	3	11	11	10	3	16	1	8	12	16	8	8	2	10	13	5	11	16	13	15	11	10	3	11	6	13	16	1	14	12	6	2	4	1	12	13	3	7	7	13	1	1	9	11	3	5	6	13	8	3	15	15	4	11	11	15	12	3	15	4	13	6	4	16	9	4	10	6	1	15	14	7	5	13	5	8	8	1	5	2	1	1	9	9	5	4	14	8	3	13	1	3	4	12	15	9	1	13	11	8	5	13	16	12	14	12	6	6	6	5	3	6	4	12	15	3	10	5	10	7	8	14	13	16	5	10	14	1	7	9	15	12	13	4	11	10	2	8	4	6	7	7	6	13	4	15	12	16	11	1	15	13	6	14	3	3	3	3	12	7	5	10	13	4	12	4	14	6	14	5	9	15	3	11	3	6	15	13	4	4	15	2	7	3	11	6	8	12	4	8	12	6	15	15	4	9	10	7	7	1	5	14	1	13	9	7	13	14	9	7	1	7	1	8	8	6	11	3	7	11	7	16	6	2	13	13	5	2	11	8	1	9	11	8	15	1	1	15	13	2	16	11	13	3	15	6	9	7	12	5	15	14	15	15	9	9	2	13	1	9	10	2	1	14	2	11	10	9	16	3	7	9	13	10	10	3	16	14	12	2	6	6	3	9	14	15	5	3	5	11	4	6	15	15	4	10	3	10	5	12	2	4	5	3	3	12	1	3	6	3	16	12	16	10	8	5	9	11	14	4	8	8	16	6	4	15	7	13	9	5	5	3	12	4	7	13	7	9	14	5	13	15	10	11	6	9	8	9	1	2	2	12	6	11	11	4	16	10	16	6	2	11	10	2	9	10	4	14	14	14	3	14	9	14	10	2	3	4	5	7	15	6	8	6	4	1	11	3	11	10	10	16	3	1	8	16	8	16	8	10	7	12	4	11	14	3	14	4	13	3	8	5	12	6	7	11	16	14	2	15	6	10	16	1	3	13	12	10	3	10	1	8	7	5	16	6	3	8	4	1	9	13	2	14	5	1	14	3	1	9	7	12	16	14	8	11	7	6	14	7	10	3	5	2	3	12	10	5	14	9	16	11	7	8	14	5	8	9	12	7	1	13	3	1	1	2	11	10	11	4	3	9	5	13	4	6	3	8	8	15	12	4	16	10	5	3	14	1	12	7	11	16	10	1	9	14	7	15	9	6	9	14	9	6	6	11	15	14	7	12	9	7	10	8	10	4	5	14	13	1	2	13	6	5	3	13	6	15	7	14	10	6	16	4	14	11	12	6	6	10	2	2	16	9	3	4	8	13	3	3	16	4	12	15	6	4	2	11	15	2	8	8	16	7	7	6	9	8	5	7	14	6	10	3	6	2	1	6	16	15	9	12	3	12	3	11	12	1	14	5	14	14	8	1	2	15	4	4	5	8	12	2	16	5	4	1	14	16	13	14	13	1	7	12	2	14	3	4	10	13	11	8	3	4	2	13	7	9	4	2	2	15	2	2	11	1	5	15	11	2	8	4	13	8	3	12	3	3	5	2	11	9	1	15	6	3	3	1	2	7	2	13	3	1	8	13	3	13	4	5	6	7	2	11	1	8	10	6	10	10	9	7	4	5	9	9	8	6	11	15	15	8	13	2	6	16	8	8	8	4	4	10	2	12	12	11	10	6	4	5	13	15	4	10	4	11	5	16	11	4	2	15	10	11	5	8	9	14	9	4	8	12	1	4	9	8	9	8	7	4	3	6	16	9	10	1	3	15	8	12	3	7	9	2	10	6	2	1	15	8	4	3	16	2	1	16	3	2	15	14	14	16	1	12	12	2	1	13	11	9	5	13	12	11	1	15	16	9	1	1	12	15	7	13	14	7	9	14	10	13	12	11	10	16	3	9	8	15	12	15	6	8	14	16	16	15	6	16	1	10	13	1	16	1	15	13	14	16	11	15	3	3	15	13	11	4	2	16	16	1	5	5	7	12	8	9	15	5	10	12	2	7	10	8	5	14	10	14	13	12	1	6	1	2	13	1	7	11	14	3	4	13	5	10	5	4	2	2	7	7	11	16	13	10	14	1	5	11	1	3	10	1	9	13	9	13	11	11	10	1	6	11	10	10	7	15	12	13	15	3	12	2	13	1	12	10	8	7	11	8	7	9	5	7	3	16	7	16	13	15	1	1	8	9	9	1	13	8	6	16	6	3	15	5	11	11	15	6	2	7	13	15	12	15	6	4	16	7	3	1	1	16	6	3	12	13	4	6	11	1	16	11	5	14	10	13	12	3	7	11	10	9	3	11	9	7	10	6	14	2	8	4	7	4	3	2	8	16	9	16	9	14	16	6	6	16	9	13	7	2	13	15	16	1	2	11	7	2	5	13	16	4	10	8	12	4	4	10	16	15	8	14	1	12	4	11	7	14	11	5	11	3	14	14	11	6	1	14	3	11	15	13	4	8	7	6	2	12	1	4	2	3	14	11	5	13	5	8	13	15	4	12	3	13	2	3	15	5	2	13	15	11	6	15	16	7	6	8	7	6	16	16	10	4	7	16	11	3	13	8	3	9	15	4	5	6	14	12	10	9	5	4	9	9	10	8	9	12	16	9	4	5	14	4	12	1	4	8	7	2	11	12	
610	400	790	800	140	890	630	960	220	850	640	160	110	270	710	260	200	220	710	590	1000	640	650	120	740	470	960	980	200	550	170	140	660	770	880	550	560	870	310	930	690	650	300	480	760	860	230	550	940	990	800	260	450	790	610	990	780	710	720	820	520	280	330	940	710	970	520	260	330	300	180	920	700	410	800	720	240	790	520	860	810	660	430	950	980	370	940	990	320	880	630	720	720	490	260	850	900	190	730	970	420	990	430	980	390	320	280	330	860	780	700	640	650	390	190	640	800	800	940	220	630	890	820	280	430	700	720	190	410	940	270	930	560	390	890	160	790	550	470	280	130	350	300	290	590	130	980	250	670	860	550	210	820	810	370	690	760	510	360	160	120	380	130	720	360	480	690	520	470	1000	630	960	810	560	990	840	440	600	470	330	710	420	870	230	570	980	170	520	750	160	260	640	920	410	830	920	910	940	990	500	680	250	620	150	690	680	730	420	140	320	130	740	570	100	890	370	890	390	900	950	200	940	380	390	120	770	110	900	700	980	330	840	750	970	780	150	370	560	950	480	360	620	660	380	740	500	150	190	520	620	270	740	680	860	430	860	220	240	560	300	130	980	1000	260	510	790	810	690	420	550	390	690	850	290	620	730	970	320	1000	250	970	360	650	350	790	290	870	880	720	250	760	770	860	770	890	240	380	560	340	510	420	440	560	690	220	770	790	430	930	160	520	280	900	150	770	430	360	740	420	100	460	570	480	800	590	810	540	440	940	620	900	170	970	820	200	120	930	900	640	130	130	620	900	840	910	580	400	720	730	170	690	820	920	730	200	280	870	850	570	570	120	670	220	230	820	390	820	550	760	310	870	390	220	400	180	590	730	500	1000	690	720	900	400	120	800	420	600	590	480	520	620	210	240	480	730	420	620	570	170	540	370	490	120	350	160	230	920	330	310	580	110	580	230	340	530	110	340	530	210	630	790	580	1000	600	1000	320	760	130	150	420	390	920	240	980	380	670	510	300	690	450	900	710	780	290	560	830	500	720	300	760	210	210	160	350	540	610	840	890	740	750	420	900	590	210	470	130	180	780	760	210	950	740	960	370	150	410	770	800	120	940	720	200	740	560	410	940	580	670	260	200	400	790	640	860	470	950	190	360	570	910	970	960	910	210	630	730	160	860	170	280	340	900	760	750	100	830	700	650	430	1000	170	270	750	390	140	340	220	640	560	850	840	190	480	910	690	960	840	900	930	100	600	340	450	730	500	780	320	400	300	390	190	750	810	190	110	600	740	500	700	230	670	870	940	510	290	160	330	260	980	150	680	860	470	100	490	590	1000	310	430	180	270	430	740	140	360	160	320	650	780	360	310	780	690	430	180	200	380	550	110	130	990	400	520	620	680	650	590	530	540	440	640	300	610	800	550	970	880	260	690	600	340	280	900	610	760	640	410	290	1000	440	900	570	100	840	500	340	580	270	850	690	260	340	1000	900	650	670	550	650	310	800	200	310	130	410	200	400	470	530	770	800	260	600	110	120	250	350	950	540	650	880	220	350	780	860	730	680	870	300	510	560	570	330	890	860	480	710	120	450	350	790	870	920	260	870	550	100	210	860	220	810	380	280	510	380	170	440	560	250	140	570	790	380	800	770	110	240	530	700	150	370	140	680	860	810	910	110	810	910	420	520	760	360	120	530	890	200	950	730	240	780	280	870	340	800	570	240	870	680	770	690	550	630	920	600	550	980	910	650	140	400	630	400	950	740	660	540	170	500	770	910	360	270	490	250	690	610	110	350	600	310	180	800	130	220	620	270	570	710	190	240	450	770	120	650	850	650	630	560	300	420	650	700	850	620	250	890	170	570	220	700	130	820	580	950	650	620	630	610	380	330	940	670	720	440	810	890	370	660	220	850	740	840	340	230	780	950	290	660	670	870	320	850	880	330	530	720	350	510	400	190	930	270	870	650	610	730	590	280	390	550	250	730	470	390	810	930	490	600	180	900	160	160	910	520	770	340	250	470	110	880	370	420	990	120	870	940	810	860	440	270	530	960	790	730	450	160	850	230	980	750	700	320	630	570	790	220	920	780	530	560	280	800	110	300	960	860	260	710	120	520	190	940	320	530	710	730	750	110	320	870	530	660	940	830	680	660	390	420	920	570	930	940	250	900	430	310	380	730	910	290	390	520	760	640	360	440	270	730	150	770	750	970	850	250	770	320	800	100	240	840	140	110	710	770	440	270	300	700	260	940	670	190	440	840	320	630	560	150	490	540	580	750	570	420	470	250	820	190	710	750	240	250	710	600	110	630	500	470	800	980	920	100	160	500	110	790	200	560	760	250	940	760	160	260	620	280	980	950	410	240	750	310	630	150	660	900	410	470	930	500	460	870	740	330	690	440	300	100	600	870	210	280	760	450	410	250	530	950	950	700	820	690	740	950	100	410	650	660	660	460	680	500	870	550	100	920	330	470	560	440	400	110	650	310	140	950	220	220	380	750	340	600	870	960	830	340	260	140	890	680	720	650	920	790	610	130	250	660	110	450	180	280	710	470	980	200	460	830	630	300	800	230	520	470	930	680	620	380	940	590	770	330	380	430	610	490	980	110	300	410	840	890	100	800	1000	470	470	960	150	600	720	330	190	910	710	440	680	770	250	580	170	950	410	270	890	390	540	770	930	740	190	350	860	620	860	760	300	610	590	890	700	630	160	560	900	930	220	130	580	450	990	310	710	970	800	900	530	150	650	310	160	570	810	330	200	290	640	670	980	520	670	150	410	230	780	300	930	460	860	310	250	100	970	460	710	820	130	370	550	960	450	600	860	670	530	220	420	470	630	680	970	160	400	890	900	620	490	170	240	620	910	700	710	690	250	830	250	920	770	620	180	920	180	890	280	840	740	810	980	580	770	610	900	430	860	150	670	250	600	260	400	540	370	630	280	800	880	890	980	410	830	870	910	790	430	770	990	150	410	300	840	550	580	420	820	810	160	780	620	400	740	820	190	290	780	690	670	170	870	670	190	250	440	320	770	470	640	930	190	1000	370	950	270	420	930	860	700	330	310	250	530	180	820	320	1000	420	380	740	710	980	470	160	530	600	860	140	960	740	770	640	660	690	960	350	640	510	860	1000	670	730	450	110	520	440	470	570	770	110	690	860	130	910	650	550	560	690	920	660	220	650	840	190	840	900	930	610	690	970	480	240	800	910	710	390	410	530	900	920	400	620	230	760	280	960	780	660	700	240	360	630	530	560	860	690	770	670	710	490	850	950	640	470	960	550	540	810	1000	270	340	470	400	600	690	700	150	440	780	430	120	340	910	610	170	340	980	850	220	100	300	180	320	570	650	330	180	550	670	660	710	370	130	250	1000	510	840	330	370	240	500	300	900	630	800	400	260	860	250	860	530	940	220	800	600	900	990	690	880	350	710	870	850	960	540	260	340	920	860	350	330	660	610	150	960	770	200	530	810	400	610	720	590	730	780	360	390	550	680	830	240	130	510	180	350	810	660	580	350	360	330	440	720	860	520	270	450	990	930	920	830	630	330	670	760	360	560	520	1000	620	400	730	780	450	760	940	890	340	580	580	120	330	480	940	590	300	940	510	760	520	430	380	390	390	850	780	990	430	720	900	720	660	890	530	370	900	520	340	180	310	770	640	500	750	590	480	860	260	210	950	190	270	960	430	330	620	630	350	140	840	630	620	360	670	220	710	880	660	140	850	230	940	790	730	860	880	390	590	210	990	870	400	900	880	570	200	570	710	670	720	190	740	340	400	750	770	370	750	870	910	420	780	170	680	580	210	690	420	780	950	570	150	340	990	480	760	790	230	820	970	820	710	670	210	500	570	830	640	460	850	170	140	950	110	370	750	630	960	610	530	280	360	990	870	280	660	820	360	710	500	880	760	610	630	720	160	130	240	210	980	820	500	290	910	450	1000	740	690	790	720	540	540	470	800	150	820	920	450	380	360	920	240	800	950	350	110	830	820	760	470	280	530	670	130	870	710	420	220	660	830	850	950	310	450	480	670	630	650	590	120	980	870	740	400	800	120	500	260	450	110	640	340	350	110	460	950	730	540	460	210	510	740	860	920	350	940	930	200	780	840	790	110	640	580	940	120	730	530	670	620	220	700	520	700	850	900	710	610	650	600	560	750	360	700	940	780	720	700	750	380	970	630	510	960	200	810	670	730	590	640	840	700	960	880	330	570	510	790	930	430	350	600	770	750	310	520	550	760	620	140	660	820	520	100	740	500	250	500	870	790	840	520	720	950	690	960	190	710	440	750	830	390	670	430	320	600	750	630	980	270	730	900	370	670	340	810	330	770	210	280	120	850	160	750	840	600	440	760	550	810	210	480	460	1000	670	990	790	110	410	210	780	810	380	270	490	320	610	280	740	440	310	830	360	360	780	830	950	670	410	780	850	670	720	250	160	510	610	410	860	700	660	350	340	960	800	810	350	140	890	650	200	420	600	760	760	540	490	200	480	960	470	870	200	990	170	180	480	160	1000	110	130	770	230	170	770	130	650	220	400	830	710	500	240	330	260	460	460	920	790	880	530	940	200	520	180	1000	350	120	100	500	230	570	970	630	380	270	940	800	810	410	280	750	180	700	160	390	950	720	950	560	950	710	970	360	120	210	770	450	840	350	260	160	340	360	730	760	920	450	440	330	720	550	550	840	200	370	440	640	940	640	990	160	400	100	310	270	280	690	800	500	100	620	380	740	350	190	340	260	880	520	100	800	210	340	390	600	560	650	520	170	340	740	140	790	520	700	690	840	480	940	910	240	490	430	320	760	940	270	330	610	340	930	480	520	200	970	440	650	700	140	270	250	760	840	490	920	670	940	560	200	380	690	470	1000	670	470	970	780	100	920	460	100	770	680	940	170	850	460	820	810	210	580	300	260	890	450	830	760	690	640	350	810	600	840	670	900	450	770	460	100	520	500	800	740	160	740	800	980	520	190	940	580	380	550	310	270	450	230	310	690	520	220	430	730	450	900	470	910	850	1000	210	900	470	290	790	730	940	400	350	150	260	970	270	420	890	950	100	660	600	780	360	130	710	380	680	760	300	620	370	580	750	260	790	150	280	510	650	750	540	990	110	300	260	210	580	740	360	290	970	250	530	540	680	650	800	470	780	260	880	420	580	250	460	190	760	790	820	950	820	790	480	820	140	660	780	780	970	320	470	100	940	890	640	730	290	900	820	330	170	990	350	620	280	850	510	350	810	1000	400	610	810	920	910	990	860	670	300	190	560	520	760	530	770	920	480	100	590	420	220	180	470	360	590	680	490	690	750	750	470	140	690	290	110	720	880	520	470	400	260	430	200	220	390	850	560	460	650	220	140	940	200	960	910	920	140	250	590	370	900	300	700	830	560	1000	900	250	100	280	780	350	580	520	120	670	420	570	540	320	220	870	570	700	170	450	350	250	730	580	990	440	360	510	630	120	370	590	310	860	680	340	450	240	890	820	550	650	590	970	900	670	460	750	630	990	350	800	360	260	200	140	390	170	940	640	640	120	890	950	210	670	360	280	600	870	860	110	490	700	140	110	670	800	310	930	340	450	430	330	350	500	550	560	810	870	700	460	490	710	250	720	740	390	290	140	920	140	130	920	790	710	280	630	100	420	410	180	880	670	270	890	320	170	360	330	150	240	480	710	730	950	210	600	320	980	940	750	500	210	290	270	470	620	560	850	600	800	780	420	380	430	220	860	140	700	950	630	330	350	700	570	360	320	810	1000	340	840	660	710	150	630	690	210	250	530	540	910	890	460	530	960	880	590	700	140	390	600	660	220	620	960	830	100	810	1000	110	780	890	670	330	300	840	100	660	910	910	650	410	700	880	420	790	140	730	780	330	280	740	380	610	770	880	520	900	390	600	640	380	420	600	830	840	270	600	950	450	740	300	340	840	440	190	520	310	900	990	580	220	220	240	480	500	370	300	290	660	710	720	670	390	820	990	280	900	850	520	980	900	610	200	190	430	850	320	880	940	700	240	120	280	750	690	450	390	420	680	540	400	350	440	920	580	580	670	280	550	440	500	360	540	260	1000	540	850	110	780	160	550	520	710	820	490	710	220	320	840	520	640	540	560	460	430	910	730	180	360	370	150	710	390	230	270	870	900	700	990	390	130	670	840	460	260	600	450	550	100	920	560	750	380	250	920	670	240	300	550	690	660	430	400	320	490	790	890	510	550	430	940	870	380	160	600	800	210	130	750	400	220	960	400	740	150	650	430	110	930	690	140	330	890	900	740	890	870	770	190	390	530	980	920	300	590	110	860	510	140	400	960	460	700	720	960	370	240	610	470	700	110	140	710	170	870	770	440	970	280	280	680	430	580	780	990	950	410	860	400	140	700	990	860	840	770	260	350	930	830	810	540	700	700	970	990	360	550	360	510	820	290	270	290	150	500	290	560	230	720	450	200	280	580	490	450	460	670	200	550	650	510	840	110	690	660	120	810	110	960	720	960	920	480	390	500	750	870	150	110	900	170	430	740	350	370	190	880	810	270	840	490	620	720	290	970	910	420	220	950	510	1000	780	400	550	430	840	380	770	600	410	230	490	530	400	140	420	340	630	950	800	630	430	560	350	690	430	370	190	670	450	420	700	110	660	860	520	630	420	750	680	690	500	450	760	860	870	890	490	880	220	440	880	740	580	270	920	290	610	150	900	410	650	750	700	370	460	820	870	1000	290	750	290	420	540	530	380	100	600	800	510	470	160	810	660	150	410	350	910	460	350	310	210	630	370	640	650	700	600	630	720	330	310	490	360	320	250	630	660	590	450	740	930	570	260	820	680	970	520	100	620	800	590	1000	110	310	900	100	120	250	290	280	730	990	110	520	210	250	560	280	640	640	340	710	220	350	440	600	100	540	210	880	520	770	350	750	850	390	970	880	340	880	700	650	170	130	860	750	320	210	670	120	520	930	700	720	670	720	220	880	530	610	800	920	560	730	440	120	580	230	350	500	590	720	430	660	330	430	580	230	840	570	520	150	420	580	290	110	1000	510	670	740	470	770	810	760	770	840	880	420	150	650	120	120	950	580	390	280	800	740	400	920	470	290	310	380	510	630	500	820	310	450	750	450	270	380	170	550	460	990	240	750	460	340	840	730	440	400	940	530	680	140	710	400	400	740	300	850	640	460	430	850	690	880	310	160	830	530	380	510	510	650	890	690	940	770	290	230	930	750	990	350	380	230	470	950	550	350	430	880	450	660	460	620	690	740	620	470	250	160	500	150	790	800	100	140	990	730	600	260	960	720	860	920	170	810	620	730	890	190	770	410	390	360	950	780	750	430	550	980	1000	920	230	470	460	460	340	970	980	180	440	750	540	920	940	970	840	780	450	270	600	540	750	480	260	840	970	290	610	120	370	500	530	280	400	160	280	590	420	530	510	820	570	660	570	950	440	370	960	950	640	550	820	670	180	910	380	450	900	370	580	950	640	740	880	960	120	290	100	890	500	710	690	980	890	480	330	880	150	310	380	300	580	880	820	360	720	330	600	450	470	970	700	540	400	180	460	790	950	560	480	240	390	260	800	680	350	110	750	430	120	410	620	480	650	790	580	280	420	150	780	690	530	300	900	670	190	710	600	690	550	830	990	460	690	320	130	330	330	220	590	680	180	980	890	960	280	690	640	110	720	270	790	180	920	900	990	180	550	210	790	440	770	910	650	500	670	300	620	840	910	230	770	470	980	860	750	860	540	400	180	890	130	680	540	570	620	380	880	990	800	920	820	870	750	410	250	550	960	790	350	850	450	290	720	790	130	960	100	510	480	330	230	420	410	390	230	770	460	1000	340	570	340	980	690	100	180	260	170	690	710	900	960	1000	850	730	820	680	700	140	480	350	760	600	400	870	340	140	220	230	700	600	820	750	900	180	380	800	940	230	630	410	300	140	930	720	600	600	170	980	370	810	790	360	220	950	670	970	360	480	890	880	770	160	110	830	180	990	470	400	890	460	100	300	180	780	620	200	370	190	490	820	220	560	780	780	870	660	220	210	740	830	690	290	100	670	240	140	930	270	900	650	350	980	230	750	500	740	900	880	460	610	610	650	700	990	180	210	450	300	920	690	880	890	620	690	620	570	980	330	720	260	120	340	420	160	280	780	450	510	130	180	750	340	140	290	400	680	500	170	700	340	450	630	150	400	230	650	810	940	130	1000	380	860	220	590	880	690	170	930	490	660	660	440	950	160	280	150	780	660	600	650	490	380	380	200	280	650	150	400	920	210	670	220	190	970	970	530	530	520	530	910	580	130	170	860	980	900	210	930	890	220	500	660	920	370	570	370	610	960	550	570	260	630	480	990	210	280	220	270	740	350	720	270	470	600	230	890	760	560	270	420	640	100	190	180	950	480	940	110	810	150	870	960	560	1000	120	840	260	630	210	800	200	150	560	440	580	730	320	650	820	180	370	490	720	900	750	560	860	570	280	510	850	580	950	700	560	240	890	560	670	400	680	990	780	120	910	410	960	610	240	350	970	430	430	470	120	530	710	750	230	690	290	350	100	490	180	230	430	580	930	720	260	140	200	600	760	180	210	630	370	820	910	540	140	630	170	270	800	720	780	610	470	150	220	550	960	1000	980	330	400	740	960	890	740	850	550	940	570	760	210	640	450	610	410	940	310	270	420	290	340	230	970	1000	170	930	550	480	590	420	610	860	970	710	970	710	460	1000	880	600	940	570	600	160	600	780	850	370	510	480	920	360	540	540	660	350	200	640	780	480	470	120	690	180	350	800	750	890	950	490	1000	1000	310	340	410	900	420	770	590	930	220	440	770	190	1000	550	560	480	450	460	650	360	820	600	390	800	970	640	710	920	150	770	650	220	850	390	790	290	490	320	370	100	760	690	480	940	100	860	750	200	330	980	130	330	640	390	990	620	210	430	600	160	730	460	120	920	660	700	470	320	810	240	490	330	470	560	370	200	280	150	310	570	860	990	290	760	500	360	310	660	110	540	440	120	110	900	150	680	180	240	660	280	420	730	690	750	500	930	530	730	700	880	840	750	680	530	800	970	440	670	870	850	460	480	310	890	620	520	940	770	540	930	630	930	760	780	280	940	290	720	850	320	660	790	610	540	240	950	230	790	900	550	1000	310	260	360	470	560	570	990	970	340	740	290	160	750	860	350	960	570	370	550	970	190	510	600	420	270	460	190	430	350	530	390	150	900	480	610	340	840	870	320	140	300	210	330	720	530	900	850	470	280	630	260	320	270	890	190	740	900	440	930	960	840	580	550	760	950	660	930	810	290	370	520	430	610	770	520	970	580	1000	690	590	230	140	210	680	1000	160	290	290	650	270	160	610	760	490	990	1000	680	560	540	930	310	740	780	960	610	650	410	990	830	680	480	370	350	660	890	570	710	740	240	740	580	430	820	450	890	530	450	720	940	310	400	770	570	840	160	850	920	640	450	800	460	590	350	700	130	640	860	180	720	830	160	370	400	470	480	810	690	560	620	510	770	220	860	490	630	830	320	810	170	600	220	600	980	920	290	890	260	890	660	840	700	660	570	190	180	390	850	570	230	150	240	550	290	430	860	630	240	310	780	380	770	950	740	330	330	850	770	930	990	400	100	290	350	810	910	710	950	890	130	270	900	160	850	660	960	470	650	970	320	840	870	710	210	330	210	190	370	490	690	920	670	480	120	520	570	520	730	690	580	230	520	950	870	270	550	270	690	760	500	410	720	700	740	470	680	300	910	890	890	930	470	890	500	660	680	800	900	900	600	860	950	360	440	580	270	850	480	890	650	690	430	300	430	680	430	560	620	370	750	460	330	650	800	850	520	930	540	960	360	640	270	590	500	740	980	870	620	700	310	700	200	100	660	850	610	300	970	280	250	290	410	340	730	110	710	950	730	440	700	350	780	740	640	640	840	800	450	300	790	820	660	780	530	460	820	730	330	810	530	790	180	620	250	480	310	620	890	780	450	960	830	590	160	230	1000	460	360	660	420	480	550	730	630	280	900	660	530	850	350	630	610	160	680	930	190	420	840	320	430	340	890	430	570	190	340	120	650	730	810	280	550	280	710	870	410	900	920	350	820	300	340	300	380	1000	210	980	800	950	650	220	640	770	740	940	880	870	780	780	940	390	270	680	680	900	460	220	820	150	310	760	1000	760	570	570	980	1000	820	970	760	300	180	570	810	220	750	830	710	330	610	830	780	480	980	440	320	540	690	350	610	990	590	970	460	230	270	410	480	750	590	470	680	670	810	840	680	740	970	530	220	690	820	460	110	260	790	370	330	500	690	220	800	640	240	250	910	580	840	950	580	680	650	200	760	220	160	470	590	310	110	220	850	470	110	280	400	520	370	580	390	830	630	900	510	770	170	320	500	350	290	710	590	760	800	900	130	820	810	970	530	540	980	420	700	750	980	380	210	780	310	540	740	770	650	690	740	600	700	460	340	360	360	920	650	760	890	410	270	200	280	250	580	310	390	330	390	810	540	170	940	150	850	150	960	130	260	150	570	360	410	240	420	960	530	990	210	990	780	520	700	570	260	530	440	480	270	270	220	420	860	400	550	190	850	700	990	770	610	660	190	440	960	370	230	860	560	440	400	810	720	410	190	800	430	190	820	540	350	240	150	550	440	780	970	590	650	880	790	820	620	160	220	130	780	330	330	250	340	600	450	500	130	470	160	320	240	600	950	790	690	780	430	750	490	240	250	160	120	540	770	520	940	430	240	650	390	930	870	420	730	300	580	490	270	440	400	720	920	340	980	590	270	210	350	420	490	270	400	400	780	390	480	270	780	1000	180	680	810	460	670	290	770	160	890	600	410	340	210	760	740	620	460	690	400	540	530	250	870	360	830	890	660	240	300	610	450	480	840	990	800	760	290	690	760	910	400	330	670	140	550	260	230	540	720	370	440	820	720	520	440	500	460	170	620	620	110	570	410	600	380	630	350	830	800	660	830	860	920	130	970	540	870	470	170	760	140	860	640	680	300	750	300	280	660	940	960	680	800	430	850	970	140	270	640	450	130	700	260	370	840	580	810	160	550	330	160	250	340	940	100	330	800	960	800	460	390	700	990	270	680	780	280	490	360	150	640	620	580	700	770	290	540	360	580	800	520	150	400	350	640	330	310	350	530	280	800	810	120	480	420	350	670	760	940	620	580	190	970	440	160	340	940	740	860	690	920	320	970	790	900	480	780	210	700	790	730	550	930	450	190	900	1000	180	180	820	470	500	440	580	110	810	330	700	890	780	650	650	500	350	410	530	800	580	220	800	150	850	590	550	200	150	900	970	120	890	810	860	470	710	650	380	970	770	860	670	190	340	860	870	430	770	700	830	590	820	240	700	870	910	450	660	970	230	860	560	780	330	520	630	120	130	140	350	370	920	570	200	620	350	370	930	760	420	450	950	590	720	390	620	330	390	980	680	640	990	260	120	760	480	840	770	270	990	410	960	330	560	370	210	350	300	500	470	360	870	990	740	530	930	500	740	800	210	490	600	820	270	720	870	380	270	900	940	750	970	160	160	570	660	210	840	890	380	920	280	490	990	240	170	220	720	890	780	380	850	390	260	730	640	780	750	700	980	410	410	990	820	410	970	820	240	400	790	400	930	550	840	360	430	370	140	100	620	930	580	740	380	520	780	410	180	350	600	970	760	100	740	370	280	670	680	320	490	700	290	670	450	140	810	620	560	720	300	560	350	170	400	820	750	290	690	700	380	730	890	410	470	870	510	490	440	990	440	440	210	640	290	900	960	270	580	550	590	620	310	210	880	190	710	350	780	690	160	450	300	690	480	560	970	610	890	610	400	520	490	300	830	230	870	410	960	170	470	330	560	830	630	190	210	680	260	760	790	450	880	560	500	550	130	640	170	400	320	950	110	340	920	460	840	640	200	940	120	280	260	630	680	650	880	870	310	570	950	700	180	750	440	800	150	860	960	420	330	650	610	280	250	430	620	360	860	560	530	980	610	630	170	780	870	380	270	470	220	360	820	810	300	750	690	330	930	900	160	450	860	340	720	680	890	470	530	190	220	470	250	750	640	870	970	320	980	790	640	980	740	930	110	750	440	430	240	100	530	470	510	380	830	880	1000	600	340	160	130	390	370	150	520	230	900	750	980	380	950	190	990	930	480	940	560	370	360	370	320	980	820	850	400	110	540	630	240	560	330	320	460	310	360	590	180	490	190	620	760	230	900	880	500	930	570	910	620	960	900	780	660	930	350	660	700	310	630	160	740	760	970	720	930	860	530	740	140	990	790	850	330	340	970	660	850	120	220	540	720	670	860	780	640	600	120	550	370	860	750	780	310	640	460	680	700	970	690	390	550	150	860	240	620	620	800	630	500	720	450	580	960	590	440	950	410	830	260	730	620	750	890	590	330	200	570	680	690	630	100	280	360	500	640	770	100	660	510	720	730	240	470	920	400	970	710	130	720	470	390	300	660	230	440	310	850	740	400	780	420	960	350	640	800	880	930	350	440	430	180	240	580	320	110	420	560	110	100	640	550	890	320	980	940	340	320	180	240	640	390	100	950	740	180	750	710	240	130	180	370	840	130	330	660	180	230	390	110	500	600	690	210	630	100	460	210	370	120	450	740	970	490	260	110	340	920	510	700	220	260	530	870	780	120	320	160	570	580	640	520	200	250	240	180	460	890	390	100	510	100	490	540	100	840	420	540	370	270	110	340	240	790	520	980	850	390	310	170	440	670	420	220	160	790	410	580	420	410	830	850	470	600	810	860	1000	640	800	250	610	710	420	590	880	870	800	830	220	490	920	800	280	520	510	150	480	450	330	250	720	970	340	460	420	430	160	370	510	730	200	580	920	540	480	430	230	310	380	550	600	930	450	240	320	500	160	280	200	590	640	470	810	220	190	750	370	380	160	380	340	590	880	470	480	150	190	680	200	150	940	640	970	900	600	100	840	230	590	130	220	100	920	330	550	790	870	950	360	620	280	900	590	490	310	210	560	960	860	600	710	130	230	740	990	520	730	650	750	980	780	370	360	330	560	210	870	650	980	930	270	510	990	700	330	1000	700	920	1000	300	150	280	840	300	390	320	180	720	150	330	200	210	120	770	650	930	170	920	650	170	620	710	930	850	500	970	470	730	680	980	640	200	810	860	390	720	480	660	490	840	850	850	350	1000	560	400	220	880	980	410	520	390	780	770	250	740	600	550	750	900	410	790	470	880	1000	920	970	770	480	380	680	140	350	560	320	660	310	400	400	630	550	850	180	840	190	420	440	440	310	270	160	740	610	610	410	400	150	210	1000	560	800	860	920	570	900	560	100	580	890	490	580	460	990	690	170	620	380	490	370	300	950	920	190	880	800	980	970	720	480	760	260	530	790	140	510	390	110	960	490	490	770	140	560	730	160	950	400	960	630	920	940	220	220	880	480	890	790	700	110	370	340	520	270	120	720	970	210	590	600	330	370	690	100	570	700	480	390	510	460	910	700	170	580	190	390	980	400	960	810	380	550	100	260	130	660	900	630	390	740	400	410	180	510	680	210	310	450	210	820	230	140	670	520	570	950	910	900	120	290	860	350	830	930	790	220	710	690	320	380	170	430	900	830	910	820	530	830	740	420	360	810	240	620	410	370	620	210	310	480	840	100	890	320	420	340	650	120	600	940	200	760	380	320	910	490	950	800	1000	470	370	170	960	710	740	240	750	240	920	1000	930	590	210	500	930	960	550	580	370	110	520	730	850	480	600	900	210	610	610	700	380	250	630	210	230	420	620	970	210	140	960	370	680	270	520	980	220	980	430	130	150	920	380	860	790	450	180	440	420	680	900	200	130	670	120	880	280	460	590	760	550	790	650	990	440	980	320	750	680	970	230	810	230	670	740	350	560	600	580	950	930	300	860	350	230	410	920	290	490	800	290	620	650	340	890	130	460	260	870	510	200	850	900	830	670	260	1000	800	650	710	290	620	330	710	590	460	100	590	950	890	190	790	850	430	810	870	920	470	160	900	960	280	800	220	720	790	820	900	730	570	350	400	510	710	920	190	120	430	540	590	530	530	360	250	160	260	110	150	480	790	850	710	580	980	440	680	890	210	850	300	600	660	550	270	940	260	790	200	930	500	340	540	380	530	280	790	920	860	520	880	890	720	500	750	290	710	410	760	650	790	330	430	900	630	520	320	600	540	450	950	840	260	440	770	120	660	490	300	640	540	540	490	660	420	930	610	130	890	770	260	190	900	750	840	900	380	430	280	360	960	210	520	130	170	450	290	850	900	550	970	1000	520	310	570	960	760	850	920	280	220	440	390	190	530	480	480	560	840	990	740	360	130	890	820	240	140	940	200	850	970	650	720	990	940	350	120	300	180	370	690	410	980	150	470	560	340	570	310	370	150	270	780	130	310	480	970	380	700	850	900	410	270	200	720	270	370	570	500	770	600	200	690	750	450	350	160	250	900	660	740	240	630	520	390	880	530	420	460	980	430	190	320	510	850	160	710	710	170	640	220	860	100	710	340	480	460	580	850	630	270	540	960	280	840	100	520	590	850	690	320	790	230	960	960	430	830	1000	570	680	900	790	560	520	260	610	310	800	800	470	390	690	240	440	380	330	510	310	650	390	860	400	880	560	710	270	960	770	600	760	420	240	
100
