6426
120
3
90
0	0	0	0	0	0	192	0	0	0	0	0	0	0	0	0	0	0	0	0	0	0	0	0	0	0	0	0	0	0	0	0	0	0	0	0	0	0	0	0	0	0	0	0	0	0	0	0	0	0	0	0	0	0	0	0	0	0	0	0	0	0	0	0	0	0	0	0	0	0	0	0	0	0	0	0	0	0	0	0	0	0	0	0	0	0	0	0	0	0	0	0	0	0	0	192	0	0	0	0	0	0	0	0	0	0	0	0	0	0	0	192	0	0	0	0	0	0	0	0	
0	0	0	0	0	0	0	0	0	192	0	0	192	0	0	0	0	0	0	0	0	0	0	0	0	0	0	0	0	0	0	0	0	0	0	0	0	0	0	0	0	0	0	0	0	0	0	0	0	0	0	0	0	0	0	0	0	0	0	0	0	0	0	0	0	0	0	0	0	0	0	0	0	0	0	0	0	0	0	0	0	0	0	0	0	0	0	0	0	0	0	0	0	0	0	0	0	0	192	0	0	0	0	0	0	0	0	0	0	0	0	0	0	0	0	0	0	0	0	0	
0	0	0	0	0	0	0	0	0	0	0	0	0	192	0	0	0	0	0	0	0	0	0	0	0	0	0	0	0	0	0	0	0	0	0	0	0	0	0	0	0	0	0	0	0	0	0	0	0	0	0	0	0	0	192	0	0	0	0	0	0	0	0	0	0	0	0	192	0	0	0	0	0	0	0	0	0	0	0	0	0	0	0	0	0	0	0	0	0	0	0	0	0	0	0	0	0	0	0	0	0	0	0	0	0	0	0	0	0	0	0	0	0	0	0	0	0	0	0	0	
0	0	0	0	0	0	0	0	0	0	0	0	0	0	0	0	192	0	0	0	0	0	0	0	0	0	0	0	0	0	0	0	0	0	0	0	0	0	0	0	0	0	0	0	0	0	0	0	0	0	0	0	0	0	0	0	0	0	0	0	0	0	0	0	0	0	0	0	0	192	0	0	0	0	0	0	0	0	0	0	0	0	0	0	0	0	0	192	0	0	0	0	0	0	0	0	0	0	0	0	0	0	0	0	0	0	0	0	0	0	0	0	0	0	0	0	0	0	0	0	
0	0	0	0	0	0	0	0	0	0	0	0	0	0	0	0	0	0	0	192	0	0	0	0	0	0	0	0	0	0	192	0	0	0	0	0	0	0	0	0	0	0	0	0	0	0	0	0	0	0	0	0	0	0	0	0	0	0	0	0	0	0	0	0	0	0	0	0	0	0	0	0	0	0	0	0	0	0	0	0	0	0	0	0	0	0	0	0	0	0	0	0	0	0	0	0	0	0	0	0	0	0	0	0	0	0	0	0	0	0	0	0	0	0	0	0	0	0	192	0	
0	0	0	0	0	0	0	0	0	0	0	0	0	0	0	0	0	0	0	0	0	0	0	0	0	0	0	0	0	0	0	0	0	0	0	0	192	0	0	0	0	0	0	0	0	0	0	0	0	0	0	0	0	192	0	0	0	0	0	0	0	0	0	0	0	0	0	0	0	0	0	0	0	192	0	0	0	0	0	0	0	0	0	0	0	0	0	0	0	0	0	0	0	0	0	0	0	0	0	0	0	0	0	0	0	0	0	0	0	0	0	0	0	0	0	0	0	0	0	0	
192	0	0	0	0	0	0	0	0	0	0	0	0	0	0	0	0	0	0	0	0	0	0	0	0	0	0	0	0	0	0	0	0	0	0	0	0	0	0	0	0	0	0	0	0	0	0	0	0	0	0	0	0	0	0	0	0	0	0	0	0	0	0	0	0	0	0	0	0	0	0	0	0	0	0	0	0	0	0	192	0	0	0	0	0	0	0	0	0	0	0	192	0	0	0	0	0	0	0	0	0	0	0	0	0	0	0	0	0	0	0	0	0	0	0	0	0	0	0	0	
0	0	0	0	0	0	0	0	0	0	0	0	0	0	0	0	0	0	0	0	0	0	0	0	0	0	0	0	0	0	0	0	0	0	0	0	0	0	0	0	0	0	0	0	0	0	0	192	0	0	0	0	0	0	0	0	0	0	0	0	0	0	0	0	0	0	0	0	0	0	0	0	0	0	0	0	0	0	0	0	0	0	0	0	0	0	0	0	192	0	0	0	0	0	0	0	0	0	0	0	0	0	0	0	192	0	0	0	0	0	0	0	0	0	0	0	0	0	0	0	
0	0	0	0	0	0	0	0	0	0	192	0	0	0	0	0	0	192	0	0	0	0	0	0	0	0	0	0	0	0	0	0	0	0	0	0	0	0	0	0	0	0	0	0	0	0	0	0	0	0	0	0	192	0	0	0	0	0	0	0	0	0	0	0	0	0	0	0	0	0	0	0	0	0	0	0	0	0	0	0	0	0	0	0	0	0	0	0	0	0	0	0	0	0	0	0	0	0	0	0	0	0	0	0	0	0	0	0	0	0	0	0	0	0	0	0	0	0	0	0	
0	192	0	0	0	0	0	0	0	0	0	0	0	0	0	0	0	0	0	0	0	0	0	0	0	0	192	0	0	192	0	0	0	0	0	0	0	0	0	0	0	0	0	0	0	0	0	0	0	0	0	0	0	0	0	0	0	0	0	0	0	0	0	0	0	0	0	0	0	0	0	0	0	0	0	0	0	0	0	0	0	0	0	0	0	0	0	0	0	0	0	0	0	0	0	0	0	0	0	0	0	0	0	0	0	0	0	0	0	0	0	0	0	0	0	0	0	0	0	0	
0	0	0	0	0	0	0	0	192	0	0	0	0	0	0	0	0	192	0	0	0	0	0	0	0	0	0	0	0	0	0	0	0	0	0	0	0	0	0	0	0	0	0	0	0	0	0	0	0	0	0	0	0	0	0	0	0	0	0	0	0	0	0	0	0	0	0	0	0	0	0	0	0	0	0	0	0	0	0	0	0	0	0	0	0	0	0	0	0	192	0	0	0	0	0	0	0	0	0	0	0	0	0	0	0	0	0	0	0	0	0	0	0	0	0	0	0	0	0	0	
0	0	0	0	0	0	0	0	0	0	0	0	0	0	0	0	0	0	0	0	0	0	0	0	0	0	0	0	0	0	0	0	0	0	0	0	0	0	0	0	0	0	0	0	0	0	0	0	0	0	0	0	192	0	0	0	0	0	0	0	0	0	0	0	0	0	0	0	0	0	0	0	192	0	0	0	0	0	0	0	0	0	0	0	192	0	0	0	0	0	0	0	0	0	0	0	0	0	0	0	0	0	0	0	0	0	0	0	0	0	0	0	0	0	0	0	0	0	0	0	
0	192	0	0	0	0	0	0	0	0	0	0	0	0	0	0	0	0	0	0	0	0	0	0	0	0	0	0	0	0	0	0	0	0	0	0	0	0	0	0	0	0	0	0	0	0	0	0	0	0	0	0	0	0	0	0	0	0	0	0	0	0	0	0	0	0	0	0	0	0	0	0	0	0	0	0	192	0	0	0	0	0	0	0	0	0	0	0	0	0	0	0	0	0	0	0	0	0	192	0	0	0	0	0	0	0	0	0	0	0	0	0	0	0	0	0	0	0	0	0	
0	0	192	0	0	0	0	0	0	0	0	0	0	0	0	0	0	0	0	0	0	0	0	0	0	0	192	0	0	0	0	0	0	0	0	0	0	0	0	0	0	0	0	0	0	0	0	0	0	0	0	0	0	0	192	0	0	0	0	0	0	0	0	0	0	0	0	0	0	0	0	0	0	0	0	0	0	0	0	0	0	0	0	0	0	0	0	0	0	0	0	0	0	0	0	0	0	0	0	0	0	0	0	0	0	0	0	0	0	0	0	0	0	0	0	0	0	0	0	0	
0	0	0	0	0	0	0	0	0	0	0	0	0	0	0	0	0	0	0	0	0	0	0	0	0	0	0	0	0	0	0	0	0	0	0	0	0	192	0	0	0	0	0	192	0	0	0	0	0	0	0	0	0	0	0	0	0	0	0	0	192	0	0	0	0	0	0	0	0	0	0	0	0	0	0	0	0	0	0	0	0	0	0	0	0	0	0	0	0	0	0	0	0	0	0	0	0	0	0	0	0	0	0	0	0	0	0	0	0	0	0	0	0	0	0	0	0	0	0	0	
0	0	0	0	0	0	0	0	0	0	0	0	0	0	0	0	0	0	0	0	0	0	0	192	0	0	0	0	0	0	0	0	0	0	192	0	0	0	0	0	0	0	0	0	0	0	0	0	0	0	0	0	0	0	0	0	0	0	0	0	0	0	0	0	0	0	0	0	0	0	0	0	0	0	0	0	0	0	0	0	0	0	0	0	0	0	0	0	0	0	0	0	0	0	0	0	0	0	0	192	0	0	0	0	0	0	0	0	0	0	0	0	0	0	0	0	0	0	0	0	
0	0	0	192	0	0	0	0	0	0	0	0	0	0	0	0	0	0	0	0	0	0	0	0	0	0	0	0	0	0	0	0	0	0	0	0	0	0	0	0	0	0	0	0	0	0	0	0	0	0	0	0	0	0	0	0	0	0	0	0	0	0	0	0	0	0	0	0	0	192	0	0	0	0	0	0	0	0	0	0	0	0	0	0	0	0	0	192	0	0	0	0	0	0	0	0	0	0	0	0	0	0	0	0	0	0	0	0	0	0	0	0	0	0	0	0	0	0	0	0	
0	0	0	0	0	0	0	0	192	0	192	0	0	0	0	0	0	0	0	0	0	0	0	0	0	0	0	0	0	0	0	0	0	0	0	0	0	0	0	0	0	0	0	0	0	0	0	0	0	0	0	0	192	0	0	0	0	0	0	0	0	0	0	0	0	0	0	0	0	0	0	0	0	0	0	0	0	0	0	0	0	0	0	0	0	0	0	0	0	0	0	0	0	0	0	0	0	0	0	0	0	0	0	0	0	0	0	0	0	0	0	0	0	0	0	0	0	0	0	0	
0	0	0	0	0	0	0	0	0	0	0	0	0	0	0	0	0	0	0	0	0	0	0	0	0	0	0	192	0	0	0	0	0	0	0	0	0	0	0	0	0	0	0	0	0	0	0	0	0	0	0	0	0	0	0	0	0	0	0	0	0	0	0	0	0	0	0	192	0	0	0	0	0	0	0	0	0	0	0	0	0	0	0	0	0	0	0	0	0	0	0	0	192	0	0	0	0	0	0	0	0	0	0	0	0	0	0	0	0	0	0	0	0	0	0	0	0	0	0	0	
0	0	0	0	192	0	0	0	0	0	0	0	0	0	0	0	0	0	0	0	0	0	0	0	0	0	0	0	0	0	192	0	0	0	0	0	0	0	0	0	0	0	0	0	0	0	0	0	0	0	0	0	0	0	0	0	0	0	0	0	0	0	0	0	0	0	0	0	0	0	0	0	0	0	0	0	0	0	0	0	0	0	0	0	0	0	0	0	0	0	0	0	192	0	0	0	0	0	0	0	0	0	0	0	0	0	0	0	0	0	0	0	0	0	0	0	0	0	0	0	
0	0	0	0	0	0	0	0	0	0	0	0	0	0	0	0	0	0	0	0	0	0	0	0	0	0	0	0	192	0	0	0	0	0	0	0	0	0	0	0	0	0	0	0	0	0	0	0	0	0	0	0	0	0	0	0	192	0	0	0	0	0	0	0	0	0	0	0	0	0	0	0	0	0	0	0	0	0	0	0	0	0	0	0	0	0	0	0	0	0	0	0	0	0	0	0	0	0	0	0	0	0	0	0	0	0	0	0	0	0	0	0	0	192	0	0	0	0	0	0	
0	0	0	0	0	0	0	0	0	0	0	0	0	0	0	0	0	0	0	0	0	0	0	0	0	0	0	0	0	0	0	0	0	0	0	0	0	0	0	0	0	0	0	192	0	0	192	0	0	0	0	0	0	0	0	0	0	0	0	0	192	0	0	0	0	0	0	0	0	0	0	0	0	0	0	0	0	0	0	0	0	0	0	0	0	0	0	0	0	0	0	0	0	0	0	0	0	0	0	0	0	0	0	0	0	0	0	0	0	0	0	0	0	0	0	0	0	0	0	0	
0	0	0	0	0	0	0	0	0	0	0	0	0	0	0	0	0	0	0	0	0	0	0	0	0	0	0	0	0	0	0	0	0	0	0	0	0	0	0	0	0	0	0	0	0	0	0	0	0	0	0	0	0	0	0	0	0	0	0	0	0	0	0	0	192	0	0	0	0	0	0	0	0	0	192	0	0	0	0	0	0	0	0	0	0	0	0	0	0	0	0	0	0	0	0	0	0	0	0	0	0	0	0	0	0	192	0	0	0	0	0	0	0	0	0	0	0	0	0	0	
0	0	0	0	0	0	0	0	0	0	0	0	0	0	0	192	0	0	0	0	0	0	0	0	0	0	0	0	0	0	0	0	0	0	192	0	0	0	0	0	0	0	0	0	0	0	0	0	0	0	0	0	0	0	0	0	0	0	0	0	0	0	0	0	0	0	0	0	0	0	0	0	0	0	0	0	0	0	0	0	0	0	0	0	0	0	0	0	0	0	0	0	0	0	0	0	0	0	0	0	0	0	0	0	0	0	192	0	0	0	0	0	0	0	0	0	0	0	0	0	
0	0	0	0	0	0	0	0	0	0	0	0	0	0	0	0	0	0	0	0	0	0	0	0	0	0	0	0	0	0	0	0	192	0	0	0	0	0	0	0	0	0	0	0	0	0	0	0	0	0	0	0	0	0	0	0	0	0	0	0	0	0	0	0	0	0	0	0	0	0	0	0	0	0	0	0	0	0	0	0	0	0	0	0	0	0	0	0	0	0	0	0	0	192	0	0	0	0	0	0	0	0	0	0	0	0	0	0	0	192	0	0	0	0	0	0	0	0	0	0	
0	0	0	0	0	0	0	0	0	0	0	0	0	0	0	0	0	0	0	0	0	0	0	0	0	0	0	0	0	0	0	0	0	0	0	0	0	0	0	0	0	0	0	0	0	0	0	0	0	0	0	0	0	0	0	0	0	0	0	192	0	192	0	0	0	0	0	0	0	0	0	0	0	0	0	0	0	0	0	0	0	0	0	0	0	0	0	0	192	0	0	0	0	0	0	0	0	0	0	0	0	0	0	0	0	0	0	0	0	0	0	0	0	0	0	0	0	0	0	0	
0	0	0	0	0	0	0	0	0	192	0	0	0	192	0	0	0	0	0	0	0	0	0	0	0	0	0	0	0	0	0	0	0	0	0	0	0	0	0	0	0	0	0	0	0	0	0	0	0	0	0	0	0	0	0	0	0	0	0	0	0	0	0	0	0	0	0	0	0	0	0	0	0	0	0	0	0	0	0	0	0	0	0	0	0	0	0	0	0	0	0	0	0	0	0	0	0	192	0	0	0	0	0	0	0	0	0	0	0	0	0	0	0	0	0	0	0	0	0	0	
0	0	0	0	0	0	0	0	0	0	0	0	0	0	0	0	0	0	192	0	0	0	0	0	0	0	0	0	0	0	0	0	0	0	0	0	0	0	0	0	0	0	0	0	0	192	0	0	0	0	0	0	0	0	0	0	0	0	0	0	0	0	0	0	0	0	0	0	0	0	0	0	0	0	0	0	0	0	0	0	0	0	0	0	0	0	0	0	0	0	0	0	192	0	0	0	0	0	0	0	0	0	0	0	0	0	0	0	0	0	0	0	0	0	0	0	0	0	0	0	
0	0	0	0	0	0	0	0	0	0	0	0	0	0	0	0	0	0	0	0	192	0	0	0	0	0	0	0	0	0	0	0	0	0	0	0	0	0	0	0	0	0	0	0	0	0	0	0	0	0	0	0	0	0	0	0	0	0	0	0	0	0	0	0	0	0	0	0	0	0	0	0	0	0	0	0	0	0	0	0	0	0	0	0	0	0	0	0	0	0	0	0	0	0	0	0	0	0	0	0	0	0	0	0	0	0	0	192	0	0	0	0	0	192	0	0	0	0	0	0	
0	0	0	0	0	0	0	0	0	192	0	0	0	0	0	0	0	0	0	0	0	0	0	0	0	0	0	0	0	0	0	0	0	0	0	0	0	0	0	0	0	0	0	0	0	0	0	0	0	0	0	0	0	0	0	0	0	0	0	0	0	0	0	0	0	0	0	192	0	0	0	0	0	0	0	0	0	0	0	0	0	0	0	0	0	0	0	0	0	0	0	0	0	0	0	0	0	192	0	0	0	0	0	0	0	0	0	0	0	0	0	0	0	0	0	0	0	0	0	0	
0	0	0	0	192	0	0	0	0	0	0	0	0	0	0	0	0	0	0	192	0	0	0	0	0	0	0	0	0	0	0	0	0	0	0	0	0	0	0	0	0	0	0	0	0	0	0	0	0	0	0	0	0	0	0	0	0	0	0	0	0	0	0	0	0	0	0	0	0	0	0	0	0	0	0	0	0	0	0	0	0	0	0	0	0	0	0	0	0	0	0	0	0	0	0	0	0	0	0	0	0	0	0	0	0	0	0	0	0	0	0	0	0	0	0	0	0	0	192	0	
0	0	0	0	0	0	0	0	0	0	0	0	0	0	0	0	0	0	0	0	0	0	0	0	0	0	0	0	0	0	0	0	0	0	0	0	0	0	0	0	0	0	0	0	0	0	0	0	0	0	0	0	0	0	0	0	0	0	0	0	0	0	0	0	0	0	0	0	0	0	0	192	0	0	0	0	0	0	0	0	0	0	0	0	0	0	0	192	192	0	0	0	0	0	0	0	0	0	0	0	0	0	0	0	0	0	0	0	0	0	0	0	0	0	0	0	0	0	0	0	
0	0	0	0	0	0	0	0	0	0	0	0	0	0	0	0	0	0	0	0	0	0	0	0	192	0	0	0	0	0	0	0	0	0	0	0	0	0	0	0	0	0	0	0	0	0	0	0	0	0	0	0	0	0	0	0	0	0	0	0	0	0	0	0	0	0	0	0	0	0	0	0	0	0	0	0	0	0	0	0	0	0	0	0	0	0	0	0	0	0	0	0	0	192	0	0	0	0	0	0	0	0	0	0	0	0	0	0	0	192	0	0	0	0	0	0	0	0	0	0	
0	0	0	0	0	0	0	0	0	0	0	0	0	0	0	0	0	0	0	0	0	0	0	0	0	0	0	0	0	0	0	0	0	0	0	0	0	0	0	0	0	0	192	0	0	0	0	0	192	0	0	0	0	0	0	0	0	0	0	0	0	0	0	0	0	0	0	0	0	0	0	0	0	0	0	0	0	0	0	0	0	0	0	0	0	0	0	0	0	0	0	0	0	0	0	0	192	0	0	0	0	0	0	0	0	0	0	0	0	0	0	0	0	0	0	0	0	0	0	0	
0	0	0	0	0	0	0	0	0	0	0	0	0	0	0	192	0	0	0	0	0	0	0	192	0	0	0	0	0	0	0	0	0	0	0	0	0	0	0	0	0	0	0	0	0	0	0	0	0	0	0	0	0	0	0	0	0	0	0	0	0	0	0	0	0	0	0	0	0	0	0	0	0	0	0	0	0	0	0	0	0	0	0	0	0	0	0	0	0	0	0	0	0	0	0	0	0	0	0	0	0	0	0	0	0	0	192	0	0	0	0	0	0	0	0	0	0	0	0	0	
0	0	0	0	0	0	0	0	0	0	0	0	0	0	0	0	0	0	0	0	0	0	0	0	0	0	0	0	0	0	0	0	0	0	0	0	0	0	192	0	0	0	0	0	0	192	0	0	0	0	0	0	0	0	0	0	0	0	0	0	0	0	0	0	0	0	0	0	0	0	0	0	0	0	0	0	0	0	0	0	0	0	0	0	0	0	0	0	0	0	0	0	0	0	0	0	0	0	0	0	0	0	0	0	0	0	0	0	192	0	0	0	0	0	0	0	0	0	0	0	
0	0	0	0	0	192	0	0	0	0	0	0	0	0	0	0	0	0	0	0	0	0	0	0	0	0	0	0	0	0	0	0	0	0	0	0	0	0	0	0	0	0	0	0	0	0	0	0	0	0	0	0	0	192	0	0	0	0	0	0	0	0	0	0	0	0	0	0	0	0	0	0	0	192	0	0	0	0	0	0	0	0	0	0	0	0	0	0	0	0	0	0	0	0	0	0	0	0	0	0	0	0	0	0	0	0	0	0	0	0	0	0	0	0	0	0	0	0	0	0	
0	0	0	0	0	0	0	0	0	0	0	0	0	0	192	0	0	0	0	0	0	0	0	0	0	0	0	0	0	0	0	0	0	0	0	0	0	0	0	0	0	0	0	0	0	0	192	0	0	0	0	0	0	0	0	0	0	0	0	0	0	0	0	0	0	0	0	0	0	0	0	0	0	0	0	0	0	0	0	0	0	0	0	0	0	0	0	0	0	0	192	0	0	0	0	0	0	0	0	0	0	0	0	0	0	0	0	0	0	0	0	0	0	0	0	0	0	0	0	0	
0	0	0	0	0	0	0	0	0	0	0	0	0	0	0	0	0	0	0	0	0	0	0	0	0	0	0	0	0	0	0	0	0	0	0	192	0	0	0	0	0	0	0	0	0	0	0	0	0	0	0	0	0	0	0	0	0	0	0	0	0	0	0	0	0	0	0	0	0	0	0	0	0	0	0	0	0	0	0	0	0	0	0	0	0	0	0	0	0	0	0	0	0	0	0	0	0	0	0	0	0	0	0	0	0	0	0	0	0	0	192	0	0	0	192	0	0	0	0	0	
0	0	0	0	0	0	0	0	0	0	0	0	0	0	0	0	0	0	0	0	0	0	0	0	0	0	0	0	0	0	0	0	0	0	0	0	0	0	0	0	0	0	0	0	0	0	0	0	0	0	0	0	0	0	0	0	0	0	0	0	0	0	0	0	0	0	0	0	0	0	0	0	0	0	0	0	0	0	0	0	0	0	0	0	0	0	0	0	0	0	0	0	0	192	0	0	0	0	0	192	0	0	0	0	0	0	0	0	0	192	0	0	0	0	0	0	0	0	0	0	
0	0	0	0	0	0	0	0	0	0	0	0	0	0	0	0	0	0	0	0	0	0	0	0	0	0	0	0	0	0	0	0	0	0	0	0	0	0	0	0	0	0	0	0	0	0	0	0	0	0	0	0	0	0	0	0	0	0	192	192	0	0	0	0	0	0	0	0	0	0	0	0	0	192	0	0	0	0	0	0	0	0	0	0	0	0	0	0	0	0	0	0	0	0	0	0	0	0	0	0	0	0	0	0	0	0	0	0	0	0	0	0	0	0	0	0	0	0	0	0	
0	0	0	0	0	0	0	0	0	0	0	0	0	0	0	0	0	0	0	0	0	0	0	0	0	0	0	0	0	0	0	0	0	0	0	0	0	0	0	0	0	0	0	0	0	0	0	0	0	0	0	0	0	0	0	0	0	0	0	0	0	0	0	0	0	0	0	0	0	0	192	0	0	0	0	0	0	0	0	0	0	0	0	0	0	0	192	0	0	0	0	192	0	0	0	0	0	0	0	0	0	0	0	0	0	0	0	0	0	0	0	0	0	0	0	0	0	0	0	0	
0	0	0	0	0	0	0	0	0	0	0	0	0	0	0	0	0	0	0	0	0	0	0	0	0	0	0	0	0	0	0	0	0	192	0	0	0	0	0	0	0	0	0	0	0	0	0	0	0	0	0	0	0	0	0	0	0	0	0	0	0	0	0	0	0	0	0	0	0	0	0	0	0	0	0	0	0	0	192	0	0	0	0	0	0	0	0	0	0	0	0	0	0	0	0	0	192	0	0	0	0	0	0	0	0	0	0	0	0	0	0	0	0	0	0	0	0	0	0	0	
0	0	0	0	0	0	0	0	0	0	0	0	0	0	192	0	0	0	0	0	0	192	0	0	0	0	0	0	0	0	0	0	0	0	0	0	0	0	0	0	0	0	0	0	0	0	0	0	0	0	0	0	0	0	0	0	0	0	0	0	192	0	0	0	0	0	0	0	0	0	0	0	0	0	0	0	0	0	0	0	0	0	0	0	0	0	0	0	0	0	0	0	0	0	0	0	0	0	0	0	0	0	0	0	0	0	0	0	0	0	0	0	0	0	0	0	0	0	0	0	
0	0	0	0	0	0	0	0	0	0	0	0	0	0	0	0	0	0	0	0	0	0	0	0	0	0	0	0	0	0	0	0	0	0	0	0	0	0	0	0	0	0	0	0	0	0	0	0	0	192	0	0	0	0	0	0	0	0	0	0	0	0	0	0	0	0	0	0	0	0	0	0	0	0	0	0	0	0	0	0	0	0	0	0	0	0	0	0	0	0	0	0	0	0	0	0	0	0	0	0	0	0	0	192	0	0	192	0	0	0	0	0	0	0	0	0	0	0	0	0	
0	0	0	0	0	0	0	0	0	0	0	0	0	0	0	0	0	0	0	0	0	0	0	0	0	0	0	192	0	0	0	0	0	0	0	192	0	0	0	0	0	0	0	0	0	0	0	0	0	0	0	0	0	0	0	0	0	0	0	0	0	0	0	0	0	0	0	0	0	0	0	0	0	0	0	0	0	0	0	0	0	0	0	0	0	0	0	0	0	0	0	0	0	0	0	0	0	0	0	0	0	0	0	0	0	0	0	0	192	0	0	0	0	0	0	0	0	0	0	0	
0	0	0	0	0	0	0	0	0	0	0	0	0	0	0	0	0	0	0	0	0	192	0	0	0	0	0	0	0	0	0	0	0	0	0	0	0	192	0	0	0	0	0	0	0	0	0	0	0	0	0	0	0	0	0	0	0	0	0	0	0	0	0	0	0	0	0	0	0	0	0	0	0	0	0	0	0	0	0	0	0	0	0	0	0	0	0	0	0	0	192	0	0	0	0	0	0	0	0	0	0	0	0	0	0	0	0	0	0	0	0	0	0	0	0	0	0	0	0	0	
0	0	0	0	0	0	0	192	0	0	0	0	0	0	0	0	0	0	0	0	0	0	0	0	0	0	0	0	0	0	0	0	0	0	0	0	0	0	0	0	0	0	0	0	0	0	0	0	0	0	0	0	0	0	0	0	192	0	0	0	0	0	0	0	0	0	0	0	0	0	0	0	0	0	0	0	0	0	0	0	0	0	0	0	0	0	0	0	0	0	0	0	0	0	0	0	0	0	0	0	0	0	0	0	192	0	0	0	0	0	0	0	0	0	0	0	0	0	0	0	
0	0	0	0	0	0	0	0	0	0	0	0	0	0	0	0	0	0	0	0	0	0	0	0	0	0	0	0	0	0	0	0	0	192	0	0	0	0	0	0	0	0	0	0	0	0	0	0	0	0	0	0	0	0	0	0	0	0	0	0	0	0	0	0	0	0	0	0	0	0	0	0	0	0	0	0	0	0	192	0	0	0	0	0	0	0	0	0	0	0	0	0	0	0	0	0	192	0	0	0	0	0	0	0	0	0	0	0	0	0	0	0	0	0	0	0	0	0	0	0	
0	0	0	0	0	0	0	0	0	0	0	0	0	0	0	0	0	0	0	0	0	0	0	0	0	0	0	0	0	0	0	0	0	0	0	0	0	0	0	0	0	0	0	0	192	0	0	0	0	0	0	0	0	0	0	0	0	0	0	0	0	0	0	192	0	0	0	0	0	0	0	0	0	0	0	0	0	0	0	0	0	0	0	0	0	0	0	0	0	0	0	0	0	0	0	0	0	0	0	0	0	0	0	192	0	0	0	0	0	0	0	0	0	0	0	0	0	0	0	0	
0	0	0	0	0	0	0	0	0	0	0	0	0	0	0	0	0	0	0	0	0	0	0	0	0	0	0	0	0	0	0	0	0	0	0	0	0	0	0	0	0	0	0	0	0	0	0	0	0	0	0	0	0	0	0	0	0	0	0	0	0	0	0	0	0	0	0	0	0	0	0	0	0	0	0	0	0	0	0	0	192	0	0	0	0	0	0	0	0	0	0	0	0	0	0	0	0	0	0	0	0	0	0	0	0	0	0	192	0	0	0	0	0	192	0	0	0	0	0	0	
0	0	0	0	0	0	0	0	0	0	0	0	0	0	0	0	0	0	0	0	0	0	0	0	0	0	0	0	0	0	0	0	0	0	0	0	0	0	0	0	0	0	0	0	0	0	0	0	0	0	0	0	0	0	0	0	0	0	0	0	0	0	0	0	0	0	0	0	0	0	0	0	0	0	0	0	192	0	0	0	0	0	0	0	0	192	0	0	0	0	0	0	0	0	0	0	0	0	192	0	0	0	0	0	0	0	0	0	0	0	0	0	0	0	0	0	0	0	0	0	
0	0	0	0	0	0	0	0	192	0	0	192	0	0	0	0	0	192	0	0	0	0	0	0	0	0	0	0	0	0	0	0	0	0	0	0	0	0	0	0	0	0	0	0	0	0	0	0	0	0	0	0	0	0	0	0	0	0	0	0	0	0	0	0	0	0	0	0	0	0	0	0	0	0	0	0	0	0	0	0	0	0	0	0	0	0	0	0	0	0	0	0	0	0	0	0	0	0	0	0	0	0	0	0	0	0	0	0	0	0	0	0	0	0	0	0	0	0	0	0	
0	0	0	0	0	192	0	0	0	0	0	0	0	0	0	0	0	0	0	0	0	0	0	0	0	0	0	0	0	0	0	0	0	0	0	0	192	0	0	0	0	0	0	0	0	0	0	0	0	0	0	0	0	0	0	0	0	0	0	0	0	0	0	0	0	0	0	0	0	0	0	0	0	0	0	0	0	192	0	0	0	0	0	0	0	0	0	0	0	0	0	0	0	0	0	0	0	0	0	0	0	0	0	0	0	0	0	0	0	0	0	0	0	0	0	0	0	0	0	0	
0	0	192	0	0	0	0	0	0	0	0	0	0	192	0	0	0	0	0	0	0	0	0	0	0	0	0	0	0	0	0	0	0	0	0	0	0	0	0	0	0	0	0	0	0	0	0	0	0	0	0	0	0	0	0	0	0	0	0	0	0	0	0	0	0	0	0	0	192	0	0	0	0	0	0	0	0	0	0	0	0	0	0	0	0	0	0	0	0	0	0	0	0	0	0	0	0	0	0	0	0	0	0	0	0	0	0	0	0	0	0	0	0	0	0	0	0	0	0	0	
0	0	0	0	0	0	0	0	0	0	0	0	0	0	0	0	0	0	0	0	0	0	0	0	0	0	0	0	0	0	0	0	0	0	0	0	0	0	0	0	0	0	0	0	0	0	0	0	0	0	0	0	0	0	0	0	0	0	0	0	0	0	0	0	0	0	0	0	0	0	0	0	0	0	0	0	0	0	0	0	0	0	0	0	0	0	0	0	0	0	0	0	0	0	192	0	0	192	0	0	0	192	0	0	0	0	0	0	0	0	0	0	0	0	0	0	0	0	0	0	
0	0	0	0	0	0	0	0	0	0	0	0	0	0	0	0	0	0	0	0	192	0	0	0	0	0	0	0	0	0	0	0	0	0	0	0	0	0	0	0	0	0	0	0	0	0	0	192	0	0	0	0	0	0	0	0	0	0	0	0	0	0	0	0	0	0	0	0	0	0	0	0	0	0	0	0	0	0	0	0	0	0	0	0	0	192	0	0	0	0	0	0	0	0	0	0	0	0	0	0	0	0	0	0	0	0	0	0	0	0	0	0	0	0	0	0	0	0	0	0	
0	0	0	0	0	0	0	0	0	0	0	0	0	0	0	0	0	0	0	0	0	0	0	0	0	0	0	0	0	0	0	0	0	0	0	0	0	0	0	0	0	0	0	0	0	0	0	0	0	0	0	0	0	0	0	0	0	0	0	0	0	0	0	0	0	0	0	0	192	0	0	0	0	0	0	0	0	0	0	192	0	0	0	0	0	0	0	0	0	0	0	0	0	0	0	192	0	0	0	0	0	0	0	0	0	0	0	0	0	0	0	0	0	0	0	0	0	0	0	0	
0	0	0	0	0	0	0	0	0	0	0	0	0	0	0	0	0	0	0	0	0	0	0	0	0	0	0	0	0	0	0	0	0	0	0	0	0	0	0	0	192	0	0	0	0	0	0	0	0	0	0	0	0	0	0	0	0	0	0	192	0	192	0	0	0	0	0	0	0	0	0	0	0	0	0	0	0	0	0	0	0	0	0	0	0	0	0	0	0	0	0	0	0	0	0	0	0	0	0	0	0	0	0	0	0	0	0	0	0	0	0	0	0	0	0	0	0	0	0	0	
0	0	0	0	0	0	0	0	0	0	0	0	0	0	0	0	0	0	0	0	0	0	0	0	0	192	0	0	0	0	0	0	0	0	0	0	0	0	0	0	192	0	0	0	0	0	0	0	0	0	0	0	0	0	0	0	0	0	192	0	0	0	0	0	0	0	0	0	0	0	0	0	0	0	0	0	0	0	0	0	0	0	0	0	0	0	0	0	0	0	0	0	0	0	0	0	0	0	0	0	0	0	0	0	0	0	0	0	0	0	0	0	0	0	0	0	0	0	0	0	
0	0	0	0	0	0	0	0	0	0	0	0	0	0	192	0	0	0	0	0	0	192	0	0	0	0	0	0	0	0	0	0	0	0	0	0	0	0	0	0	0	0	0	192	0	0	0	0	0	0	0	0	0	0	0	0	0	0	0	0	0	0	0	0	0	0	0	0	0	0	0	0	0	0	0	0	0	0	0	0	0	0	0	0	0	0	0	0	0	0	0	0	0	0	0	0	0	0	0	0	0	0	0	0	0	0	0	0	0	0	0	0	0	0	0	0	0	0	0	0	
0	0	0	0	0	0	0	0	0	0	0	0	0	0	0	0	0	0	0	0	0	0	0	0	0	192	0	0	0	0	0	0	0	0	0	0	0	0	0	0	0	0	0	0	0	0	0	0	0	0	0	0	0	0	0	0	0	0	192	0	0	0	0	0	0	0	0	0	0	0	0	0	0	0	0	192	0	0	0	0	0	0	0	0	0	0	0	0	0	0	0	0	0	0	0	0	0	0	0	0	0	0	0	0	0	0	0	0	0	0	0	0	0	0	0	0	0	0	0	0	
0	0	0	0	0	0	0	0	0	0	0	0	0	0	0	0	0	0	0	0	0	0	0	0	0	0	0	0	0	0	0	0	0	0	0	0	0	0	0	0	0	0	0	0	0	0	0	0	0	0	0	0	0	0	0	0	0	0	0	0	0	0	0	0	0	0	0	0	0	0	0	0	0	0	0	0	192	0	0	0	0	0	0	0	0	192	0	0	0	0	0	0	0	0	0	0	0	0	0	0	0	192	0	0	0	0	0	0	0	0	0	0	0	0	0	0	0	0	0	0	
0	0	0	0	0	0	0	0	0	0	0	0	0	0	0	0	0	0	0	0	0	0	0	0	0	0	0	0	0	0	0	0	0	0	0	0	0	0	0	0	0	0	0	0	0	0	0	0	0	192	0	0	0	0	0	0	0	0	0	0	0	0	0	0	0	0	0	0	0	0	0	0	0	0	0	0	0	192	0	0	0	0	0	0	0	0	0	0	0	0	0	0	0	0	0	0	0	0	0	0	0	0	0	192	0	0	0	0	0	0	0	0	0	0	0	0	0	0	0	0	
0	0	0	0	0	0	0	0	0	0	0	0	0	0	0	0	0	0	0	0	0	0	192	0	0	0	0	0	0	0	0	0	0	0	0	0	0	0	0	0	0	0	0	0	0	0	0	0	0	0	0	0	0	0	0	0	0	0	0	0	0	0	0	0	0	0	0	0	0	0	0	0	0	0	192	0	0	0	0	0	0	0	0	0	0	0	0	0	0	0	0	0	0	0	0	0	0	0	0	0	0	0	0	0	0	192	0	0	0	0	0	0	0	0	0	0	0	0	0	0	
0	0	0	0	0	0	0	0	0	0	0	0	0	0	0	0	0	0	0	0	0	0	0	0	0	0	0	0	0	0	0	0	0	0	0	0	0	0	0	0	0	0	0	0	0	0	0	0	0	0	0	0	0	0	0	0	0	0	0	0	0	0	0	0	0	0	0	0	0	0	0	0	0	0	0	0	0	0	0	192	0	0	0	0	0	0	192	0	0	0	0	192	0	0	0	0	0	0	0	0	0	0	0	0	0	0	0	0	0	0	0	0	0	0	0	0	0	0	0	0	
0	0	0	0	0	0	0	0	0	0	0	0	0	0	0	0	0	0	0	0	0	0	0	0	0	0	0	0	0	0	0	0	0	0	0	0	0	0	0	0	0	0	0	0	0	0	0	0	0	0	0	0	0	0	0	0	0	0	0	0	0	0	0	0	0	0	0	0	0	0	192	0	0	0	0	0	0	0	0	0	0	0	192	0	0	0	192	0	0	0	0	0	0	0	0	0	0	0	0	0	0	0	0	0	0	0	0	0	0	0	0	0	0	0	0	0	0	0	0	0	
0	0	192	0	0	0	0	0	0	0	0	0	0	0	0	0	0	0	192	0	0	0	0	0	0	0	0	0	0	192	0	0	0	0	0	0	0	0	0	0	0	0	0	0	0	0	0	0	0	0	0	0	0	0	0	0	0	0	0	0	0	0	0	0	0	0	0	0	0	0	0	0	0	0	0	0	0	0	0	0	0	0	0	0	0	0	0	0	0	0	0	0	0	0	0	0	0	0	0	0	0	0	0	0	0	0	0	0	0	0	0	0	0	0	0	0	0	0	0	0	
0	0	0	0	0	0	0	0	0	0	0	0	0	0	0	0	0	0	0	0	0	0	0	0	0	0	0	0	0	0	0	0	0	0	0	0	0	0	0	0	0	0	0	0	0	0	0	0	0	0	0	0	0	0	192	0	0	192	0	0	0	0	0	0	0	0	0	0	0	0	0	0	0	0	0	0	0	0	0	0	0	0	0	0	0	0	0	0	0	0	0	0	0	0	0	0	0	0	0	0	0	0	192	0	0	0	0	0	0	0	0	0	0	0	0	0	0	0	0	0	
0	0	0	192	0	0	0	0	0	0	0	0	0	0	0	0	192	0	0	0	0	0	0	0	0	0	0	0	0	0	0	0	0	0	0	0	0	0	0	0	0	0	0	0	0	0	0	0	0	0	0	0	0	0	0	0	0	0	0	0	0	0	0	0	0	0	0	0	0	0	0	192	0	0	0	0	0	0	0	0	0	0	0	0	0	0	0	0	0	0	0	0	0	0	0	0	0	0	0	0	0	0	0	0	0	0	0	0	0	0	0	0	0	0	0	0	0	0	0	0	
0	0	0	0	0	0	0	0	0	0	0	0	0	0	0	0	0	0	0	0	0	0	0	0	0	0	0	0	0	0	0	0	0	0	0	0	0	0	0	0	0	192	0	0	0	0	0	0	0	0	0	0	0	0	0	0	0	0	0	0	0	0	0	0	0	0	192	0	0	0	0	0	0	0	0	0	0	0	0	0	0	0	0	0	0	0	0	0	0	0	0	0	0	0	0	192	0	0	0	0	0	0	0	0	0	0	0	0	0	0	0	0	0	0	0	0	0	0	0	0	
0	0	0	0	0	0	0	0	0	0	0	0	0	0	0	0	0	0	0	0	0	0	0	0	0	0	0	0	0	0	0	192	0	0	0	0	0	0	0	0	0	0	0	0	0	0	0	0	0	0	0	0	0	0	0	0	0	0	0	0	0	0	0	0	0	0	0	0	0	192	0	0	0	0	0	0	0	0	0	0	0	0	0	0	0	0	0	0	0	0	0	0	0	0	0	0	0	0	0	0	0	0	0	0	0	0	0	0	0	0	0	0	0	0	0	0	192	0	0	0	
0	0	0	0	0	0	0	0	0	0	0	192	0	0	0	0	0	0	0	0	0	0	0	0	0	0	0	0	0	0	0	0	0	0	0	0	0	0	0	0	0	0	0	0	0	0	0	0	0	0	0	0	0	0	0	0	0	0	0	0	0	0	0	0	0	0	0	0	0	0	0	0	0	0	0	0	0	0	0	0	0	0	0	0	192	0	0	0	0	192	0	0	0	0	0	0	0	0	0	0	0	0	0	0	0	0	0	0	0	0	0	0	0	0	0	0	0	0	0	0	
0	0	0	0	0	192	0	0	0	0	0	0	0	0	0	0	0	0	0	0	0	0	0	0	0	0	0	0	0	0	0	0	0	0	0	0	192	0	0	0	192	0	0	0	0	0	0	0	0	0	0	0	0	0	0	0	0	0	0	0	0	0	0	0	0	0	0	0	0	0	0	0	0	0	0	0	0	0	0	0	0	0	0	0	0	0	0	0	0	0	0	0	0	0	0	0	0	0	0	0	0	0	0	0	0	0	0	0	0	0	0	0	0	0	0	0	0	0	0	0	
0	0	0	0	0	0	0	0	0	0	0	0	0	0	0	0	0	0	0	0	0	0	192	0	0	0	0	0	0	0	0	0	0	0	0	0	0	0	0	0	0	0	0	0	0	0	0	0	0	0	0	0	0	0	0	0	0	0	0	0	0	0	0	0	192	0	0	0	0	0	0	0	0	0	0	0	0	0	0	0	0	0	0	0	0	0	0	0	0	0	0	0	0	0	0	0	0	0	0	0	0	0	0	0	0	0	0	0	0	0	0	0	0	0	0	0	192	0	0	0	
0	0	0	0	0	0	0	0	0	0	0	0	0	0	0	0	0	0	0	0	0	0	0	0	0	0	0	0	0	0	0	0	0	0	0	0	0	0	0	0	0	0	0	0	0	0	0	0	0	0	0	0	0	0	0	0	0	0	0	0	0	192	0	0	0	0	0	0	0	0	0	0	0	0	0	0	0	0	0	0	0	0	0	192	0	0	0	0	0	0	0	0	0	0	0	0	0	0	0	0	0	0	0	0	0	192	0	0	0	0	0	0	0	0	0	0	0	0	0	0	
0	0	0	0	0	0	0	0	0	0	0	0	192	0	0	0	0	0	0	0	0	0	0	0	0	0	0	0	0	0	0	0	0	0	0	0	0	0	0	0	0	0	0	0	0	0	0	0	0	0	0	192	0	0	0	0	0	0	0	0	0	0	192	0	0	0	0	0	0	0	0	0	0	0	0	0	0	0	0	0	0	0	0	0	0	0	0	0	0	0	0	0	0	0	0	0	0	0	0	0	0	0	0	0	0	0	0	0	0	0	0	0	0	0	0	0	0	0	0	0	
0	0	0	0	0	0	0	0	0	0	0	0	0	0	0	0	0	0	0	0	0	0	0	0	0	0	0	0	0	0	0	0	0	0	0	0	0	0	0	0	0	0	0	0	0	0	0	0	0	0	0	0	0	192	0	0	0	0	0	0	0	0	0	192	0	0	0	0	0	0	0	0	0	0	0	0	0	0	0	0	0	0	0	0	0	0	0	0	0	0	0	0	0	0	0	0	0	0	0	0	0	0	0	0	0	0	0	0	0	0	0	0	0	0	0	0	0	192	0	0	
0	0	0	0	0	0	0	0	0	0	0	0	0	0	0	0	0	0	0	0	0	0	0	0	0	0	0	0	0	0	0	0	0	0	0	0	0	0	0	0	0	0	192	0	0	0	0	0	192	0	0	0	0	0	0	0	0	0	0	0	0	0	0	0	0	0	0	0	0	0	0	0	0	0	0	0	0	0	0	0	0	0	0	0	0	0	0	0	0	0	0	0	0	0	0	0	0	0	0	0	0	0	0	0	0	0	0	0	0	0	0	0	0	0	0	192	0	0	0	0	
0	0	0	0	0	0	192	0	0	0	0	0	0	0	0	0	0	0	0	0	0	0	0	0	0	0	0	0	0	0	0	0	0	0	0	0	0	0	0	0	0	0	0	0	0	0	0	0	0	0	0	0	0	0	0	0	0	192	0	0	0	0	0	0	0	192	0	0	0	0	0	0	0	0	0	0	0	0	0	0	0	0	0	0	0	0	0	0	0	0	0	0	0	0	0	0	0	0	0	0	0	0	0	0	0	0	0	0	0	0	0	0	0	0	0	0	0	0	0	0	
0	0	0	0	0	0	0	0	0	0	0	0	0	0	0	0	0	0	0	0	0	0	0	0	0	0	0	0	0	0	0	0	0	0	0	0	0	0	0	0	0	0	0	0	0	0	0	0	0	0	192	0	0	0	0	0	0	0	0	0	0	0	0	0	0	0	0	0	0	0	0	0	0	0	0	0	0	0	0	0	0	0	0	0	0	0	0	0	0	0	0	0	0	0	0	0	0	0	0	0	0	0	0	0	0	0	0	192	0	0	0	192	0	0	0	0	0	0	0	0	
0	0	0	0	0	0	0	0	0	0	0	0	0	0	0	0	0	0	0	0	0	0	0	0	0	0	0	0	0	0	0	0	0	0	0	0	0	0	0	0	0	0	0	0	0	0	0	0	0	0	0	0	0	0	0	0	0	0	0	0	0	0	0	0	0	0	0	0	0	0	0	0	0	0	0	0	0	0	0	0	0	0	0	192	0	0	0	0	0	0	192	0	0	0	0	0	0	0	0	0	0	0	0	0	0	0	0	0	0	0	0	0	0	0	0	0	192	0	0	0	
0	0	0	0	0	0	0	0	0	0	0	0	0	0	0	0	0	0	0	0	0	0	0	0	0	0	0	0	0	0	0	0	0	0	0	0	0	0	0	0	0	0	0	0	0	0	0	0	0	0	0	0	0	0	0	0	0	0	0	0	0	0	0	0	0	0	192	0	0	0	0	0	0	0	0	0	0	0	0	0	0	0	0	0	0	0	0	0	0	0	0	0	0	0	0	0	0	0	0	0	0	0	0	0	0	0	0	0	0	0	0	0	0	0	192	0	0	0	0	192	
0	0	0	0	0	0	0	0	0	0	0	0	0	0	0	0	0	0	0	0	0	0	0	0	0	0	0	0	0	0	0	0	0	0	0	0	0	0	0	0	0	0	0	0	0	0	0	0	0	0	0	0	0	0	0	0	0	0	0	0	0	0	0	0	0	0	0	0	0	0	0	0	0	0	0	192	0	0	0	0	0	192	0	0	0	0	0	0	0	0	0	0	0	0	0	0	0	0	0	0	0	0	0	0	0	0	0	0	0	0	0	192	0	0	0	0	0	0	0	0	
0	0	0	0	0	0	0	0	0	0	0	192	0	0	0	0	0	0	0	0	0	0	0	0	0	0	0	0	0	0	0	0	0	0	0	0	0	0	0	0	0	0	0	0	0	0	0	0	0	0	0	0	0	0	0	0	0	0	0	0	0	0	0	0	0	0	0	0	0	0	0	0	192	0	0	0	0	0	0	0	0	0	0	0	0	0	0	0	0	0	0	0	0	0	0	0	0	0	0	0	0	0	0	0	0	0	0	0	0	0	0	0	0	0	0	0	0	192	0	0	
0	0	0	0	0	0	0	0	0	0	0	0	0	0	0	0	0	0	0	0	0	0	0	0	0	0	0	0	0	0	0	0	0	0	0	0	0	0	0	0	0	0	0	0	0	0	0	0	0	0	0	192	0	0	0	0	192	0	0	0	0	0	192	0	0	0	0	0	0	0	0	0	0	0	0	0	0	0	0	0	0	0	0	0	0	0	0	0	0	0	0	0	0	0	0	0	0	0	0	0	0	0	0	0	0	0	0	0	0	0	0	0	0	0	0	0	0	0	0	0	
0	0	0	0	0	0	0	0	0	0	0	0	0	0	0	0	0	0	0	0	0	0	0	0	0	0	0	0	0	0	0	0	0	0	0	0	0	0	0	0	0	192	0	0	0	0	0	0	0	0	0	0	0	0	0	0	0	0	0	0	0	0	0	0	0	192	192	0	0	0	0	0	0	0	0	0	0	0	0	0	0	0	0	0	0	0	0	0	0	0	0	0	0	0	0	0	0	0	0	0	0	0	0	0	0	0	0	0	0	0	0	0	0	0	0	0	0	0	0	0	
0	0	0	192	0	0	0	0	0	0	0	0	0	0	0	0	192	0	0	0	0	0	0	0	0	0	0	0	0	0	0	192	0	0	0	0	0	0	0	0	0	0	0	0	0	0	0	0	0	0	0	0	0	0	0	0	0	0	0	0	0	0	0	0	0	0	0	0	0	0	0	0	0	0	0	0	0	0	0	0	0	0	0	0	0	0	0	0	0	0	0	0	0	0	0	0	0	0	0	0	0	0	0	0	0	0	0	0	0	0	0	0	0	0	0	0	0	0	0	0	
0	0	0	0	0	0	0	192	0	0	0	0	0	0	0	0	0	0	0	0	0	0	0	0	0	192	0	0	0	0	0	192	0	0	0	0	0	0	0	0	0	0	0	0	0	0	0	0	0	0	0	0	0	0	0	0	0	0	0	0	0	0	0	0	0	0	0	0	0	0	0	0	0	0	0	0	0	0	0	0	0	0	0	0	0	0	0	0	0	0	0	0	0	0	0	0	0	0	0	0	0	0	0	0	0	0	0	0	0	0	0	0	0	0	0	0	0	0	0	0	
0	0	0	0	0	0	0	0	0	0	192	0	0	0	0	0	0	0	0	0	0	0	0	0	0	0	0	0	0	0	0	0	0	0	0	0	0	0	0	0	0	0	0	0	0	0	0	0	0	0	0	0	0	0	0	0	0	0	0	0	0	0	0	0	0	0	0	0	0	0	0	0	192	0	0	0	0	0	0	0	0	0	0	0	0	0	0	0	0	0	0	0	0	0	0	0	0	0	0	192	0	0	0	0	0	0	0	0	0	0	0	0	0	0	0	0	0	0	0	0	
0	0	0	0	0	0	0	0	0	0	0	0	0	0	0	0	0	0	0	0	0	0	0	0	0	0	0	0	0	0	0	0	0	0	0	0	0	192	0	0	0	0	0	0	0	0	192	0	0	0	0	0	0	0	0	0	0	0	0	0	0	0	0	0	0	0	0	0	0	0	0	0	0	0	0	0	0	0	0	0	0	192	0	0	0	0	0	0	0	0	0	0	0	0	0	0	0	0	0	0	0	0	0	0	0	0	0	0	0	0	0	0	0	0	0	0	0	0	0	0	
0	0	0	0	0	0	192	0	0	0	0	0	0	0	0	0	0	0	0	0	0	0	0	0	0	0	0	0	0	0	0	0	0	0	0	0	0	0	0	0	0	192	0	0	0	0	0	0	0	0	0	0	0	0	0	0	0	0	0	0	0	0	0	0	0	192	0	0	0	0	0	0	0	0	0	0	0	0	0	0	0	0	0	0	0	0	0	0	0	0	0	0	0	0	0	0	0	0	0	0	0	0	0	0	0	0	0	0	0	0	0	0	0	0	0	0	0	0	0	0	
0	0	0	0	0	0	0	0	0	0	0	0	0	0	0	0	0	0	192	192	0	0	0	0	0	0	0	192	0	0	0	0	0	0	0	0	0	0	0	0	0	0	0	0	0	0	0	0	0	0	0	0	0	0	0	0	0	0	0	0	0	0	0	0	0	0	0	0	0	0	0	0	0	0	0	0	0	0	0	0	0	0	0	0	0	0	0	0	0	0	0	0	0	0	0	0	0	0	0	0	0	0	0	0	0	0	0	0	0	0	0	0	0	0	0	0	0	0	0	0	
0	0	0	0	0	0	0	0	0	0	0	0	0	0	0	0	0	0	0	0	0	0	0	0	192	0	0	0	0	0	0	0	192	0	0	0	0	0	0	192	0	0	0	0	0	0	0	0	0	0	0	0	0	0	0	0	0	0	0	0	0	0	0	0	0	0	0	0	0	0	0	0	0	0	0	0	0	0	0	0	0	0	0	0	0	0	0	0	0	0	0	0	0	0	0	0	0	0	0	0	0	0	0	0	0	0	0	0	0	0	0	0	0	0	0	0	0	0	0	0	
0	0	0	0	0	0	0	0	0	0	0	0	0	0	0	0	0	0	0	0	0	0	0	0	0	0	0	0	0	0	0	0	0	0	0	0	0	0	0	0	0	0	0	0	0	0	0	0	0	0	0	0	0	0	0	192	0	0	0	0	0	0	0	0	0	0	0	0	0	0	0	0	0	0	0	0	0	0	0	0	0	0	0	0	0	0	0	0	0	0	0	0	0	0	0	0	0	0	0	0	0	192	0	0	0	0	0	0	0	0	0	0	192	0	0	0	0	0	0	0	
192	0	0	0	0	0	0	0	0	0	0	0	0	0	0	0	0	0	0	0	0	0	0	0	0	0	0	0	0	0	0	0	0	0	0	0	0	0	0	0	0	0	0	0	0	0	0	0	0	0	0	0	0	0	0	0	0	192	0	0	0	0	0	0	0	0	0	0	0	0	192	0	0	0	0	0	0	0	0	0	0	0	0	0	0	0	0	0	0	0	0	0	0	0	0	0	0	0	0	0	0	0	0	0	0	0	0	0	0	0	0	0	0	0	0	0	0	0	0	0	
0	0	0	0	0	0	0	0	0	0	0	0	0	0	0	0	0	0	0	0	0	0	0	0	0	0	0	0	0	0	0	0	0	192	0	0	0	0	0	0	0	0	192	0	0	0	0	0	192	0	0	0	0	0	0	0	0	0	0	0	0	0	0	0	0	0	0	0	0	0	0	0	0	0	0	0	0	0	0	0	0	0	0	0	0	0	0	0	0	0	0	0	0	0	0	0	0	0	0	0	0	0	0	0	0	0	0	0	0	0	0	0	0	0	0	0	0	0	0	0	
0	0	0	0	0	0	0	0	0	0	0	0	0	0	0	0	0	0	0	0	0	0	0	0	0	0	192	0	0	192	0	0	0	0	0	0	0	0	0	0	0	0	0	0	0	0	0	0	0	0	0	0	0	0	0	192	0	0	0	0	0	0	0	0	0	0	0	0	0	0	0	0	0	0	0	0	0	0	0	0	0	0	0	0	0	0	0	0	0	0	0	0	0	0	0	0	0	0	0	0	0	0	0	0	0	0	0	0	0	0	0	0	0	0	0	0	0	0	0	0	
0	192	0	0	0	0	0	0	0	0	0	0	192	0	0	0	0	0	0	0	0	0	0	0	0	0	0	0	0	0	0	0	0	0	0	0	0	0	0	0	0	0	0	0	0	0	0	0	0	0	0	192	0	0	0	0	0	0	0	0	0	0	0	0	0	0	0	0	0	0	0	0	0	0	0	0	0	0	0	0	0	0	0	0	0	0	0	0	0	0	0	0	0	0	0	0	0	0	0	0	0	0	0	0	0	0	0	0	0	0	0	0	0	0	0	0	0	0	0	0	
0	0	0	0	0	0	0	0	0	0	0	0	0	0	0	192	0	0	0	0	0	0	0	0	0	0	0	0	0	0	0	0	0	0	0	0	0	0	0	192	0	0	0	0	0	0	0	0	0	0	0	0	0	0	0	0	0	0	0	0	0	0	0	0	0	0	0	0	0	0	0	0	0	0	0	0	0	0	0	0	0	0	0	0	0	0	0	0	0	192	0	0	0	0	0	0	0	0	0	0	0	0	0	0	0	0	0	0	0	0	0	0	0	0	0	0	0	0	0	0	
0	0	0	0	0	0	0	0	0	0	0	0	0	0	0	0	0	0	0	0	0	0	0	0	0	0	0	0	0	0	0	0	0	0	0	0	0	0	0	0	0	0	0	0	0	0	0	0	0	0	0	0	0	0	0	0	0	0	0	0	0	0	0	0	0	0	0	0	0	0	0	0	0	0	0	0	0	0	0	0	0	0	0	0	0	0	0	0	0	0	0	0	0	0	0	0	0	0	0	0	0	0	0	0	0	0	0	0	0	0	192	0	0	0	0	192	0	0	0	192	
0	0	0	0	0	0	0	0	0	0	0	0	0	0	0	0	0	0	0	0	0	0	0	0	0	0	0	0	0	0	0	0	0	0	0	0	0	0	0	0	0	0	0	0	0	0	0	0	0	0	0	0	0	0	0	192	0	0	0	0	0	0	192	0	0	0	0	0	0	0	0	0	0	0	0	0	0	0	0	0	0	0	0	0	0	0	0	0	0	0	0	0	0	0	192	0	0	0	0	0	0	0	0	0	0	0	0	0	0	0	0	0	0	0	0	0	0	0	0	0	
0	0	0	0	0	0	0	0	0	0	0	0	0	0	0	0	0	0	0	0	0	0	0	0	0	0	0	0	0	0	0	0	0	0	0	0	0	0	0	0	0	0	0	0	0	0	0	0	0	0	0	0	0	0	0	0	0	0	0	0	0	0	0	0	0	0	0	0	192	0	0	0	0	0	0	0	0	0	0	0	0	0	0	0	0	0	0	0	0	0	0	0	0	0	0	0	0	0	0	0	0	0	0	0	192	0	0	0	0	0	0	0	192	0	0	0	0	0	0	0	
0	0	0	0	0	0	0	0	0	0	0	0	0	0	0	0	0	0	0	0	0	0	0	0	0	0	0	0	0	0	0	0	0	0	0	0	0	0	0	0	0	0	0	0	192	0	0	0	0	192	0	0	0	0	0	0	0	0	0	0	0	0	0	192	0	0	0	0	0	0	0	0	0	0	0	0	0	0	0	0	0	0	0	0	0	0	0	0	0	0	0	0	0	0	0	0	0	0	0	0	0	0	0	0	0	0	0	0	0	0	0	0	0	0	0	0	0	0	0	0	
0	0	0	0	0	0	0	192	0	0	0	0	0	0	0	0	0	0	0	0	0	0	0	0	0	0	0	0	0	0	0	0	0	0	0	0	0	0	0	0	0	0	0	0	0	0	0	192	0	0	0	0	0	0	0	0	0	0	0	0	0	0	0	0	0	0	0	0	0	0	0	0	0	0	0	0	0	0	0	0	0	0	0	0	0	0	0	0	0	0	0	0	0	0	0	0	0	0	0	0	0	0	192	0	0	0	0	0	0	0	0	0	0	0	0	0	0	0	0	0	
0	0	0	0	0	0	0	0	0	0	0	0	0	0	0	0	0	0	0	0	0	0	192	0	0	0	0	0	0	0	0	0	0	0	0	0	0	0	0	0	0	0	0	0	0	0	0	0	0	0	0	0	0	0	0	0	0	0	0	0	0	0	0	0	192	0	0	0	0	0	0	0	0	0	0	192	0	0	0	0	0	0	0	0	0	0	0	0	0	0	0	0	0	0	0	0	0	0	0	0	0	0	0	0	0	0	0	0	0	0	0	0	0	0	0	0	0	0	0	0	
0	0	0	0	0	0	0	0	0	0	0	0	0	0	0	0	0	0	0	0	0	0	0	192	0	0	0	0	0	0	0	0	0	0	192	0	0	0	0	0	0	0	0	0	192	0	0	0	0	0	0	0	0	0	0	0	0	0	0	0	0	0	0	0	0	0	0	0	0	0	0	0	0	0	0	0	0	0	0	0	0	0	0	0	0	0	0	0	0	0	0	0	0	0	0	0	0	0	0	0	0	0	0	0	0	0	0	0	0	0	0	0	0	0	0	0	0	0	0	0	
0	0	0	0	0	0	0	0	0	0	0	0	0	0	0	0	0	0	0	0	0	0	0	0	0	0	0	0	192	0	0	0	0	0	0	0	0	0	0	0	0	0	0	0	0	0	0	0	0	0	192	0	0	0	0	0	0	0	0	0	0	0	0	0	0	0	0	0	0	0	0	0	0	0	0	0	0	0	0	0	192	0	0	0	0	0	0	0	0	0	0	0	0	0	0	0	0	0	0	0	0	0	0	0	0	0	0	0	0	0	0	0	0	0	0	0	0	0	0	0	
0	0	0	0	0	0	0	0	0	0	0	0	0	0	0	0	0	0	0	0	0	0	0	0	0	0	0	0	0	0	0	0	0	0	0	192	0	0	0	0	0	0	0	0	0	192	0	0	0	0	0	0	0	0	0	0	0	0	0	0	0	0	0	0	0	0	0	0	0	0	0	0	0	0	0	0	0	0	0	0	0	0	0	0	0	0	0	0	0	0	0	0	0	0	0	0	0	0	0	0	0	0	0	0	0	0	0	0	0	0	0	0	0	0	192	0	0	0	0	0	
0	0	0	0	0	0	0	0	0	0	0	0	0	0	0	0	0	0	0	0	0	0	0	0	192	0	0	0	0	0	0	0	192	0	0	0	0	0	0	192	0	0	0	0	0	0	0	0	0	0	0	0	0	0	0	0	0	0	0	0	0	0	0	0	0	0	0	0	0	0	0	0	0	0	0	0	0	0	0	0	0	0	0	0	0	0	0	0	0	0	0	0	0	0	0	0	0	0	0	0	0	0	0	0	0	0	0	0	0	0	0	0	0	0	0	0	0	0	0	0	
0	0	0	0	0	0	0	0	0	0	0	0	0	0	0	0	0	0	0	0	0	0	0	0	0	0	0	0	0	0	0	0	0	0	0	0	0	0	192	0	0	0	0	0	0	0	0	0	0	0	0	0	0	0	0	0	0	0	0	0	0	0	0	0	0	0	0	0	0	0	0	0	0	0	0	0	0	0	0	0	0	0	0	0	0	0	0	0	0	0	0	0	0	0	0	0	0	0	0	0	192	0	0	0	0	0	0	0	0	0	0	0	0	0	0	0	0	0	0	192	
192	0	0	0	0	0	0	0	0	0	0	0	0	0	0	0	0	0	0	0	0	0	0	0	0	0	0	0	0	0	0	0	0	0	0	0	0	0	0	0	0	0	0	0	0	0	0	0	0	0	0	0	0	0	0	0	0	0	0	0	0	0	0	0	0	0	0	0	0	0	0	0	0	0	0	0	0	0	0	0	192	0	0	192	0	0	0	0	0	0	0	0	0	0	0	0	0	0	0	0	0	0	0	0	0	0	0	0	0	0	0	0	0	0	0	0	0	0	0	0	
0	0	0	0	0	0	0	0	0	0	0	0	0	0	0	0	0	0	0	0	0	0	0	0	0	0	0	0	0	0	0	0	0	0	0	0	0	0	0	0	0	0	0	0	0	0	0	0	0	0	0	0	0	0	0	0	0	0	0	0	0	0	0	0	0	0	0	0	0	0	0	0	0	0	0	0	0	0	0	0	0	0	0	0	0	0	0	0	0	0	0	0	0	0	192	0	0	0	0	0	0	0	192	0	0	0	0	0	0	0	0	0	0	0	0	0	0	192	0	0	
0	0	0	0	0	0	0	0	0	0	0	0	0	0	0	0	0	0	0	0	192	0	0	0	0	0	0	0	192	0	0	0	0	0	0	0	0	0	0	0	0	0	0	0	0	0	0	0	0	0	192	0	0	0	0	0	0	0	0	0	0	0	0	0	0	0	0	0	0	0	0	0	0	0	0	0	0	0	0	0	0	0	0	0	0	0	0	0	0	0	0	0	0	0	0	0	0	0	0	0	0	0	0	0	0	0	0	0	0	0	0	0	0	0	0	0	0	0	0	0	
0	0	0	0	0	0	0	0	0	0	0	0	0	0	0	0	0	0	0	0	0	0	0	0	0	0	0	0	0	0	0	0	0	0	0	0	0	0	192	0	0	0	0	0	0	0	0	0	0	0	0	0	0	0	0	0	0	0	0	0	0	0	0	0	0	0	0	0	0	0	0	0	0	0	0	0	0	0	0	0	0	0	192	0	0	0	0	0	0	0	0	0	0	0	0	0	0	0	0	0	0	0	0	0	0	0	0	0	192	0	0	0	0	0	0	0	0	0	0	0	
0	0	0	0	0	0	0	0	0	0	0	0	0	0	0	0	0	0	0	0	0	0	0	0	0	0	0	0	0	0	0	0	0	0	0	0	0	0	0	0	0	0	0	0	0	0	0	0	0	0	0	0	0	0	0	0	0	0	0	0	0	0	0	0	0	0	0	0	0	0	0	0	0	0	0	0	0	0	192	0	0	0	0	0	0	0	0	0	0	0	0	0	0	0	0	0	0	0	0	0	192	0	0	0	0	0	0	0	0	0	0	0	0	0	0	0	0	0	192	0	
0	0	0	0	0	0	0	0	0	0	0	0	0	0	0	0	0	0	0	0	0	0	0	0	0	0	0	0	0	0	0	0	0	0	0	0	0	0	0	0	0	0	0	0	0	0	0	0	0	0	0	0	0	0	0	0	0	0	0	0	0	0	0	0	0	0	0	0	0	0	0	192	0	0	192	0	0	0	0	0	0	192	0	0	0	0	0	0	0	0	0	0	0	0	0	0	0	0	0	0	0	0	0	0	0	0	0	0	0	0	0	0	0	0	0	0	0	0	0	0	
0	0	0	0	0	0	0	0	0	0	0	0	0	0	0	0	0	0	0	0	0	0	0	0	0	0	0	0	0	0	0	0	0	0	0	0	0	0	0	0	0	0	0	0	0	0	0	0	0	0	0	0	0	0	0	0	0	0	0	0	0	0	0	0	0	0	0	0	0	0	0	0	0	0	0	0	0	192	0	0	0	0	0	0	192	0	0	0	0	0	0	0	0	0	0	0	0	0	0	0	0	0	0	0	0	0	0	0	0	0	0	0	192	0	0	0	0	0	0	0	
0	0	0	0	192	0	0	0	0	0	0	0	0	0	0	0	0	0	0	0	0	0	0	0	0	0	0	0	0	0	192	0	0	0	0	0	0	0	0	0	0	0	0	0	0	0	0	0	0	0	0	0	0	0	0	0	0	0	0	0	0	0	0	0	0	0	0	0	0	0	0	0	0	0	0	0	0	0	0	0	0	0	0	0	0	0	0	0	0	0	0	0	0	0	0	0	0	0	0	0	0	0	0	0	0	0	0	0	0	0	0	0	0	0	0	192	0	0	0	0	
0	0	0	0	0	0	0	0	0	0	0	0	0	0	0	0	0	0	0	0	0	0	0	0	0	0	0	0	0	0	0	0	0	0	0	0	0	0	0	0	0	0	0	0	0	0	0	0	0	0	0	0	0	0	0	0	0	0	0	0	0	0	0	0	0	0	0	0	0	0	0	0	0	0	0	0	0	0	0	0	0	0	192	0	0	0	0	0	0	0	0	0	0	0	0	0	0	0	0	0	192	0	0	0	0	0	0	0	0	0	192	0	0	0	0	0	0	0	0	0	
4	43	12	68	0	119	38	107	84	8	77	108	19	50	15	77	51	113	96	67	104	44	46	34	89	94	5	23	9	54	98	112	22	24	42	26	29	32	50	49	106	77	96	115	107	11	64	28	117	39	103	33	117	117	83	112	0	20	32	6	74	104	99	79	97	110	9	105	34	42	0	40	57	19	59	10	93	101	89	91	41	13	15	89	115	64	81	48	16	3	99	110	28	59	101	79	93	77	89	17	24	54	62	56	50	82	32	2	71	104	28	99	78	76	8	89	82	27	103	49	16	74	16	46	103	70	56	64	2	76	90	90	95	90	53	29	28	83	58	56	90	110	96	101	22	31	1	12	17	103	52	71	51	39	60	78	79	56	97	27	100	90	12	70	3	0	70	112	6	10	1	107	22	32	77	64	36	45	82	47	25	96	4	73	69	76	81	40	34	88	100	52	32	23	92	103	97	112	44	89	94	37	100	68	56	103	6	16	103	88	97	102	101	71	72	88	19	110	3	87	90	118	91	51	82	8	90	81	7	105	41	96	60	51	48	85	10	101	27	70	40	6	88	16	17	42	51	111	91	86	66	42	3	72	16	91	38	51	21	82	1	54	99	2	16	28	49	88	2	12	76	74	99	26	79	93	47	83	26	62	60	60	95	57	119	27	85	100	109	15	45	114	18	43	59	82	57	43	83	30	34	112	42	14	70	1	49	87	22	61	73	99	29	99	96	14	10	31	34	86	57	94	13	64	79	46	29	1	89	3	80	85	43	26	34	114	44	32	65	69	48	59	113	35	60	39	88	64	85	25	58	106	112	31	101	6	26	76	5	9	56	63	56	15	31	45	50	31	44	105	97	92	36	26	49	27	4	20	104	59	57	36	35	7	40	88	70	56	104	73	86	102	51	99	71	114	75	39	112	19	81	20	29	115	30	60	52	58	83	41	33	10	33	99	74	44	118	98	21	95	90	84	18	62	59	29	86	87	92	51	22	55	68	91	39	43	38	41	109	0	1	114	30	47	76	7	112	78	8	89	44	108	72	45	83	100	51	42	86	55	10	1	119	116	63	29	117	110	107	14	114	61	6	84	64	67	66	25	54	64	72	38	103	117	64	12	43	44	75	27	67	54	49	46	11	43	6	13	89	68	15	94	57	60	90	77	113	98	11	32	118	81	119	20	44	72	43	69	58	11	117	96	67	14	1	27	117	104	108	58	29	28	67	59	119	89	52	99	49	99	91	54	16	62	45	34	57	33	63	107	48	56	119	6	115	111	33	57	7	101	90	33	105	110	64	74	78	63	23	66	34	5	28	53	107	52	60	73	78	115	53	114	0	118	115	85	85	18	75	105	35	60	2	0	63	89	54	90	46	13	75	57	44	95	118	109	39	75	100	97	100	118	59	50	24	101	15	46	88	109	53	17	72	11	27	65	30	116	93	90	31	69	0	42	95	19	65	70	36	43	93	73	4	50	26	3	113	11	29	29	90	64	117	100	112	45	85	67	83	76	59	16	30	65	113	48	45	23	29	54	66	15	87	86	23	27	4	27	2	86	90	89	7	110	25	65	104	84	62	20	117	116	29	66	105	10	80	11	74	83	75	104	85	52	59	111	29	7	17	87	65	34	30	95	82	105	106	104	52	1	75	115	27	110	69	43	101	10	81	7	74	23	76	78	90	89	54	1	86	100	63	54	107	115	26	119	106	34	71	36	61	53	64	6	91	109	14	17	95	17	22	46	16	119	100	73	68	62	59	45	105	82	102	79	70	49	26	52	49	4	116	78	57	112	51	103	45	35	99	13	47	101	14	12	25	23	84	117	92	6	111	43	74	67	84	72	22	28	84	117	107	78	19	39	101	59	14	10	69	39	19	63	63	107	18	27	109	24	115	71	44	41	54	88	91	22	96	109	48	91	118	44	20	118	108	99	106	93	108	4	119	36	25	7	37	24	97	110	102	39	59	115	82	12	9	16	12	63	51	42	83	1	3	76	115	38	109	101	2	39	90	74	28	12	56	95	84	90	17	104	19	47	49	78	62	52	105	41	54	104	34	44	68	107	63	31	66	72	34	25	77	80	19	32	53	119	114	98	3	87	102	79	44	118	73	10	40	40	109	83	18	95	17	90	8	83	99	74	113	72	90	13	40	2	93	66	54	31	52	88	10	108	9	89	87	82	115	92	14	76	88	104	73	36	49	56	37	94	65	46	78	116	2	112	17	58	115	37	69	43	11	33	75	108	15	25	1	65	89	95	68	14	0	72	42	33	49	24	78	61	12	70	8	52	100	104	63	46	31	34	112	63	84	39	88	56	95	39	52	36	2	53	88	25	19	119	81	22	101	31	88	46	116	90	56	64	8	9	39	21	76	28	73	54	109	42	41	45	75	5	92	54	59	118	107	107	10	116	106	67	87	6	103	55	86	88	73	115	75	71	13	56	11	68	6	4	20	111	74	105	41	39	69	53	27	42	0	110	72	84	48	10	54	95	66	18	78	33	42	93	58	16	58	39	57	75	56	40	84	72	98	44	24	70	101	78	102	19	68	23	54	43	22	0	32	26	88	10	26	33	17	6	47	0	33	96	14	76	13	82	19	27	0	106	119	45	13	53	51	2	80	47	30	43	2	85	25	75	83	119	19	8	74	47	98	119	73	103	100	115	66	30	70	113	46	25	26	117	83	17	6	16	82	27	94	22	86	48	95	102	51	30	6	40	113	33	98	92	57	93	40	95	71	82	1	103	42	66	59	101	112	85	27	114	87	89	70	14	27	77	74	110	18	107	46	51	61	113	5	107	61	67	36	105	27	47	67	91	25	75	89	56	117	104	76	27	46	69	31	6	116	75	76	40	19	114	39	42	92	64	56	99	21	26	104	93	105	69	44	96	4	7	33	92	26	54	1	69	25	116	61	7	43	33	71	46	84	73	69	114	98	37	24	24	80	24	5	82	25	23	106	4	61	78	115	104	93	2	101	45	10	16	91	46	74	50	62	60	109	103	49	27	83	111	32	15	60	49	97	83	10	31	1	67	118	65	95	64	82	89	68	66	43	106	7	22	67	49	117	103	100	67	12	25	4	72	104	101	92	73	65	89	1	31	82	114	29	47	113	38	99	84	71	92	102	68	98	86	9	78	81	112	6	2	35	24	42	31	81	108	63	83	105	113	75	69	61	7	88	115	92	28	117	7	82	60	37	99	53	1	73	46	92	33	107	60	103	25	61	49	15	113	28	78	0	119	6	53	62	74	70	79	17	99	96	6	66	25	13	94	33	54	77	59	62	34	45	10	56	88	23	85	49	90	41	67	27	90	54	1	43	34	106	80	59	29	3	85	33	93	8	83	107	33	12	70	105	62	62	67	100	86	69	62	21	119	59	93	56	83	39	21	51	111	43	1	57	82	2	6	10	118	51	64	89	104	14	101	33	104	10	23	66	5	106	36	109	25	2	18	28	113	40	88	116	108	57	57	76	109	61	26	107	70	19	68	11	11	14	0	99	91	7	53	86	31	9	81	82	20	64	80	15	15	72	85	55	115	31	30	78	71	102	26	15	92	41	50	91	104	110	29	62	67	58	62	113	23	84	112	70	58	16	105	12	20	117	22	62	59	11	30	17	68	46	40	16	37	62	99	49	62	104	60	39	115	109	117	14	46	96	0	22	32	33	54	114	72	99	76	34	42	45	115	89	93	81	83	90	31	41	117	93	50	114	29	30	64	10	113	78	53	41	61	71	39	94	51	3	54	49	92	95	86	107	93	92	44	61	17	88	4	33	31	105	41	86	62	20	11	76	30	12	77	119	33	103	32	80	41	33	32	92	86	12	64	33	16	54	116	91	38	100	90	90	34	101	103	112	20	0	79	18	112	97	47	14	6	95	36	26	43	110	50	83	35	21	19	35	39	110	104	64	70	0	14	108	95	62	55	101	45	87	107	77	40	94	34	4	46	45	58	81	113	117	91	67	90	80	70	60	34	61	45	37	82	23	44	33	5	74	62	88	40	28	36	25	118	26	24	29	61	14	14	18	70	103	53	0	46	114	102	114	5	50	79	91	97	8	5	53	73	113	109	113	111	89	2	97	90	97	23	97	108	77	8	22	55	22	80	100	49	35	68	39	72	28	30	100	11	81	48	11	8	0	65	74	4	11	33	44	36	43	80	36	89	56	24	30	45	59	102	80	65	55	9	66	39	115	7	116	111	71	116	82	31	73	99	37	4	95	72	38	107	16	68	10	6	102	96	29	105	17	24	59	79	31	94	106	37	71	53	114	28	14	118	77	46	82	113	30	104	98	63	103	88	92	11	39	24	48	102	41	115	108	9	33	106	30	53	24	74	34	70	106	80	90	80	98	95	47	102	51	19	100	67	54	9	111	20	116	98	73	37	89	48	35	73	42	45	60	96	75	76	15	115	104	26	75	36	93	88	90	96	100	58	78	0	105	113	37	77	70	61	26	81	21	11	47	88	3	80	37	105	28	45	13	58	46	9	108	56	62	1	22	66	0	119	77	19	76	65	113	50	92	75	69	53	79	12	64	51	45	110	117	54	17	67	108	63	28	23	43	10	70	102	6	116	19	46	22	55	86	7	92	95	35	30	50	64	50	24	91	81	34	19	47	15	0	1	56	109	111	63	88	56	113	81	60	69	104	47	40	104	28	2	104	100	5	58	34	83	15	44	27	100	119	38	89	34	107	38	14	60	26	81	84	118	58	9	33	88	97	90	64	57	40	46	70	64	116	8	29	33	30	106	97	1	4	43	48	21	3	11	61	43	73	76	4	84	80	94	115	51	25	8	19	117	10	105	23	8	62	24	32	84	60	94	107	21	13	85	102	70	0	67	96	54	40	42	48	64	77	17	57	100	14	14	25	118	94	63	117	109	12	70	10	117	6	2	92	87	2	29	11	114	67	26	94	34	107	76	41	73	102	30	39	102	41	6	19	59	45	12	0	36	37	54	88	98	57	49	100	75	19	26	10	68	9	88	91	99	75	90	19	34	39	81	51	48	87	96	0	16	35	105	12	62	3	87	19	5	107	105	12	51	47	101	81	108	12	56	109	79	52	1	73	99	100	118	87	116	111	38	39	89	12	83	103	61	8	25	109	51	75	70	85	22	17	111	95	84	4	38	37	72	102	15	100	26	2	116	75	52	54	52	73	46	75	101	15	92	91	84	107	83	100	39	17	117	119	98	91	105	98	90	38	17	78	103	74	114	80	99	24	24	82	106	41	20	41	55	61	22	12	70	87	87	65	0	8	13	60	95	55	45	76	50	117	49	112	98	80	101	69	58	36	37	16	15	68	89	25	6	107	37	94	18	110	45	37	106	65	72	60	106	47	47	101	70	51	82	88	45	84	11	41	40	42	71	73	64	37	75	91	5	107	31	24	97	59	33	46	63	92	105	23	48	43	68	79	7	44	53	116	4	102	43	55	7	25	84	86	35	17	2	33	101	44	91	88	86	109	19	117	59	70	87	110	100	39	40	66	98	92	82	28	63	111	31	22	26	9	53	80	29	31	49	119	29	105	24	92	49	29	75	28	3	38	29	48	40	104	25	102	5	5	50	113	61	1	22	65	95	56	15	48	96	97	114	9	96	40	119	51	72	108	90	57	77	70	37	116	117	6	35	4	99	18	0	54	100	69	19	29	72	110	85	115	8	23	69	49	104	0	49	80	44	92	40	19	48	18	37	59	4	4	111	102	52	103	103	96	10	54	95	57	28	14	88	28	84	4	83	54	79	68	82	99	70	76	87	103	94	70	12	101	62	38	109	92	61	53	62	22	36	86	70	13	94	10	95	84	52	73	15	16	40	113	2	99	12	65	43	44	50	55	110	56	48	4	14	49	15	50	42	39	36	33	22	73	34	35	0	98	98	106	64	67	73	24	67	74	23	63	95	109	38	37	48	33	95	16	111	39	81	42	76	44	106	110	35	2	62	90	82	18	58	55	111	5	97	90	70	9	104	36	114	56	110	44	38	29	24	104	82	61	67	108	36	30	105	10	105	16	18	105	75	21	40	75	97	98	42	33	23	95	34	115	19	5	108	27	74	65	2	60	55	108	47	56	111	96	87	38	117	113	90	5	50	68	92	63	39	108	57	31	17	0	50	83	78	101	119	58	46	91	117	66	104	61	115	109	82	112	19	62	13	59	88	32	104	42	115	101	6	2	64	74	96	113	110	77	23	32	74	17	97	6	110	117	8	38	76	93	88	70	81	5	105	119	48	40	28	38	49	115	54	37	106	12	93	114	106	118	0	71	107	39	13	22	25	32	0	95	29	117	76	91	9	8	20	68	75	100	90	62	90	104	27	114	29	84	61	28	21	90	8	100	101	75	26	31	107	82	94	24	105	104	113	99	15	105	88	37	49	28	90	74	55	11	31	68	69	73	57	89	75	34	77	66	6	116	68	10	94	39	73	101	39	57	116	58	67	86	101	10	52	92	61	16	23	1	55	12	110	46	47	74	38	46	46	82	64	77	106	54	110	107	30	47	33	46	24	18	94	112	10	76	94	67	69	100	45	93	42	36	64	71	65	26	108	37	83	61	83	81	97	35	66	9	96	49	8	64	99	60	92	92	58	16	78	56	85	98	9	79	67	74	115	46	8	116	39	47	20	99	36	16	105	61	13	66	101	12	98	36	25	48	16	14	76	30	37	81	69	77	24	103	98	60	113	86	112	32	29	118	2	22	70	33	114	34	113	100	24	32	37	114	53	1	98	1	105	1	53	5	75	74	101	17	31	22	35	13	54	67	100	99	119	75	47	110	11	117	2	19	60	8	2	71	82	63	60	85	0	112	74	25	54	70	87	114	32	116	41	49	66	1	86	22	60	63	23	9	54	45	8	47	17	59	56	82	24	24	9	59	20	119	82	52	55	74	69	109	42	102	81	87	24	111	57	101	20	115	110	48	89	118	39	44	57	107	113	22	40	22	62	92	58	45	4	33	10	11	43	52	65	5	94	68	52	19	108	45	81	0	79	57	70	92	95	25	60	56	32	21	74	33	7	51	76	20	47	95	92	22	37	72	44	39	35	51	41	9	68	61	27	80	105	86	51	78	34	59	43	20	38	76	108	62	114	63	10	4	15	41	34	51	111	75	112	24	57	110	42	94	68	77	81	114	92	89	105	24	22	106	50	14	52	117	15	68	107	118	107	105	39	108	103	62	37	114	7	63	101	25	33	111	89	7	92	105	56	46	37	17	54	54	69	82	56	92	63	116	27	22	108	90	97	74	62	77	65	81	80	12	31	47	113	69	91	36	85	103	0	6	85	69	39	97	17	11	81	30	69	53	103	113	71	8	77	28	37	32	56	118	17	28	92	112	21	58	80	71	56	93	47	15	85	103	60	69	102	9	93	3	93	99	0	15	56	69	40	42	19	8	46	119	87	19	98	34	1	46	105	91	114	110	70	114	35	29	100	75	74	53	13	32	85	73	43	101	106	68	96	64	25	8	21	76	93	117	43	102	28	86	83	111	53	53	50	52	37	52	26	68	40	59	77	40	41	53	94	28	6	58	105	47	95	60	5	97	1	54	86	14	11	61	94	82	102	80	73	68	11	80	46	92	111	59	95	6	110	102	32	0	17	25	24	16	85	74	99	11	43	67	114	39	85	10	70	49	3	61	30	55	22	1	7	17	48	18	88	118	24	98	59	109	12	94	92	64	114	68	4	115	88	107	100	13	45	71	82	34	71	60	59	39	42	113	59	74	15	56	101	43	36	61	43	116	114	91	117	24	30	102	82	83	76	95	41	85	41	5	103	102	108	2	93	68	108	9	27	1	12	24	58	114	99	16	13	101	90	93	119	87	41	112	64	115	113	23	58	10	24	24	69	80	16	41	79	1	47	105	1	17	28	22	73	21	94	61	23	85	108	117	32	4	98	107	23	112	30	29	11	46	34	7	90	31	39	18	33	116	110	78	12	87	27	22	29	74	109	14	7	32	83	92	111	65	61	72	30	81	67	23	22	96	5	4	77	42	97	76	119	6	14	116	14	49	99	10	36	97	21	61	38	102	95	62	71	99	49	21	40	109	48	45	103	34	54	108	3	68	4	36	39	28	101	31	19	116	50	6	15	108	32	48	110	41	115	114	11	76	72	1	33	57	13	4	6	40	110	45	104	61	2	47	63	55	88	82	36	107	102	13	85	28	85	80	104	12	30	8	25	85	110	87	74	90	3	30	65	58	0	47	14	111	62	9	55	5	57	62	93	82	11	21	33	34	62	12	55	34	44	94	102	6	106	27	32	64	101	23	2	13	16	45	90	85	51	98	32	70	117	95	26	37	12	29	115	91	5	78	107	48	36	22	55	65	17	1	38	33	47	77	23	77	83	38	74	118	11	8	33	33	102	52	53	90	84	55	106	30	68	86	56	90	54	83	7	81	43	117	71	7	53	37	5	64	82	77	51	80	28	106	77	108	78	31	18	63	46	101	71	118	9	74	93	69	105	90	79	19	64	59	60	28	101	107	72	54	63	104	34	92	69	105	89	87	110	116	4	94	75	34	8	60	74	48	24	30	2	16	78	29	36	81	9	62	108	46	48	26	68	53	1	115	49	66	45	104	69	89	102	69	7	61	15	91	51	21	86	114	31	41	24	70	81	22	5	31	93	85	78	64	27	5	36	106	72	50	79	80	35	0	90	89	115	7	28	47	71	16	42	103	4	108	22	119	18	17	42	30	101	31	114	84	71	37	24	102	39	92	40	36	38	54	28	96	74	38	36	111	2	12	29	27	31	104	11	44	48	106	70	66	39	85	74	92	58	18	26	69	52	19	92	102	25	17	9	91	91	13	28	68	40	116	85	1	115	71	22	85	0	34	45	84	63	75	77	53	98	3	16	93	10	117	92	111	64	20	32	22	111	100	16	100	119	7	97	47	32	48	89	1	36	48	79	55	40	110	43	65	81	26	43	39	16	90	85	68	47	55	118	5	20	112	92	70	5	17	73	3	32	116	106	49	42	20	10	83	28	1	101	13	86	0	48	93	44	16	13	11	64	56	27	25	91	4	58	38	71	73	107	9	95	93	116	59	43	53	34	59	19	1	50	70	114	37	21	65	68	5	12	70	45	67	8	32	49	17	91	93	25	28	20	24	18	98	72	56	62	99	93	46	113	115	55	96	67	37	32	11	54	72	61	96	19	88	69	39	111	82	35	20	118	21	103	34	52	113	69	0	40	49	19	103	57	14	77	95	91	50	102	109	73	103	20	89	62	19	53	11	93	65	89	45	46	83	32	92	17	74	118	115	100	50	112	66	50	70	32	51	49	3	52	18	90	67	42	40	65	19	31	67	48	31	81	68	18	1	38	92	6	34	20	105	95	96	79	95	102	96	18	41	12	103	26	44	85	81	103	95	34	63	59	69	27	73	95	7	80	93	111	101	113	10	66	7	6	47	38	31	56	19	98	13	63	102	86	39	58	47	40	118	34	42	86	53	17	11	23	53	17	29	118	20	38	62	8	9	45	9	51	44	0	102	78	56	43	75	84	32	67	25	103	1	104	101	55	62	113	13	6	83	85	1	13	24	93	0	63	40	29	31	80	45	109	54	10	3	34	75	63	70	18	83	38	70	30	96	91	58	83	34	106	53	86	117	118	24	23	4	115	107	109	11	69	25	96	49	117	37	40	1	61	83	47	74	78	70	30	98	45	33	50	15	42	82	81	33	119	66	65	98	114	13	114	44	48	50	17	31	56	88	2	117	76	119	100	54	46	22	36	71	64	58	108	6	37	36	112	77	111	50	88	51	20	99	22	2	106	74	101	43	17	67	117	77	50	37	72	70	71	79	34	43	18	56	109	37	22	81	88	105	69	40	11	101	85	74	65	112	16	68	25	100	28	48	81	41	57	86	116	51	70	27	24	27	94	14	55	93	39	80	55	6	91	70	32	12	31	113	68	51	6	64	6	41	33	82	12	95	67	56	11	14	31	77	96	44	93	119	61	12	35	80	79	62	75	18	14	75	107	94	64	110	25	118	85	9	47	119	56	81	13	49	101	113	31	45	63	60	112	59	36	25	45	94	8	9	60	60	19	27	47	14	98	74	74	104	75	65	45	85	44	87	87	23	27	6	19	53	25	42	13	98	91	54	32	93	29	112	2	96	119	40	36	55	68	93	78	19	46	112	39	59	39	72	96	5	89	51	27	53	115	67	19	18	112	21	13	92	54	1	34	96	92	85	54	74	60	77	24	20	66	95	4	61	29	15	69	72	82	59	54	70	13	105	11	108	117	73	24	68	2	87	45	118	102	118	21	18	88	9	94	71	34	110	9	61	109	20	53	47	108	18	49	86	111	8	94	106	8	9	94	22	113	43	76	95	12	11	41	34	90	7	39	17	54	6	118	56	92	110	112	73	113	22	101	32	53	108	82	110	69	108	108	48	90	69	36	14	11	95	25	35	10	54	75	30	71	78	100	71	111	113	66	65	96	110	105	24	1	7	110	117	67	98	92	31	12	18	30	94	65	31	106	12	48	115	52	48	24	80	25	36	89	41	93	72	86	24	119	57	81	1	60	100	113	52	119	15	38	8	47	16	66	55	50	117	84	91	90	37	83	92	46	40	32	79	47	49	78	32	58	13	12	58	83	14	27	60	10	75	65	113	9	6	74	7	68	10	17	47	2	8	52	51	95	91	9	49	92	113	58	13	0	117	6	113	0	103	71	18	112	82	29	64	99	57	16	80	97	50	71	27	118	118	70	112	4	0	92	41	1	89	51	20	38	78	104	42	19	47	38	118	30	4	54	117	106	72	112	37	57	69	64	101	54	48	22	82	66	88	82	54	58	116	45	83	9	117	11	94	72	69	35	68	75	29	89	12	16	27	73	79	47	113	104	88	117	49	112	71	4	7	57	4	3	3	35	40	52	46	38	47	78	70	32	6	77	62	70	34	71	8	73	23	13	35	61	81	117	4	86	5	17	102	110	72	15	72	48	93	43	15	51	28	110	117	91	116	61	28	104	91	101	112	84	56	57	64	55	84	114	36	27	98	8	21	41	41	3	13	33	92	46	87	110	86	58	51	50	72	100	83	79	23	94	11	18	51	94	63	26	70	67	91	56	80	27	50	36	29	98	75	3	27	76	115	42	5	11	86	19	13	23	114	70	76	113	78	29	6	45	109	90	87	65	3	43	29	112	22	33	100	62	34	85	82	29	88	39	105	84	25	14	55	54	14	100	70	14	44	105	34	29	2	30	97	21	12	18	95	51	109	98	81	99	36	88	115	88	3	21	100	91	91	17	50	101	59	104	78	91	97	17	51	110	66	110	108	9	13	86	58	108	30	17	112	28	83	10	101	91	42	8	37	77	67	116	40	101	28	40	116	100	54	50	57	34	83	21	112	34	98	89	44	111	36	62	103	6	34	113	23	76	80	68	83	81	57	0	90	77	86	8	14	71	26	4	67	76	71	19	102	103	43	0	46	5	88	113	100	8	107	102	25	31	70	96	5	29	56	80	27	11	12	36	92	33	104	89	1	49	26	46	72	62	86	82	56	63	40	105	84	35	65	11	119	22	95	61	117	14	27	5	23	4	70	80	26	59	27	54	89	50	50	19	58	95	108	68	47	27	68	7	46	40	21	111	48	11	77	26	87	2	111	108	109	77	78	4	105	107	7	62	119	14	19	90	47	84	84	113	63	98	90	6	95	62	73	10	56	34	25	77	43	102	52	114	74	4	107	80	17	111	24	78	80	119	71	90	94	90	113	38	90	111	57	12	43	107	87	109	31	9	24	54	73	8	102	95	20	3	73	9	18	43	90	118	113	21	10	13	67	15	25	96	53	17	71	20	82	54	106	92	100	83	85	112	67	10	62	48	99	18	96	42	4	55	37	17	52	36	51	58	53	0	90	49	96	70	94	17	41	15	60	53	20	117	46	75	48	65	11	20	113	91	7	65	5	77	59	3	34	36	98	30	40	114	32	76	69	3	14	26	87	19	69	84	83	55	27	40	114	83	62	115	32	114	68	38	26	59	87	47	92	52	61	50	27	17	12	52	80	111	59	6	90	47	47	73	67	66	31	20	81	47	70	26	11	119	62	49	29	37	6	11	113	29	82	7	46	77	87	98	54	104	47	117	111	39	88	92	52	69	43	55	2	18	44	59	71	26	79	60	26	34	8	113	66	52	76	11	17	51	74	95	68	27	37	40	44	82	79	43	33	4	25	39	76	30	64	49	75	115	108	57	115	20	57	79	15	20	26	7	72	64	60	90	60	95	65	50	2	20	9	8	25	112	21	73	87	81	90	60	107	66	84	118	11	79	33	2	111	7	83	18	41	61	117	58	118	82	119	97	92	102	48	67	28	6	85	85	103	92	100	37	44	117	57	59	4	75	13	24	48	106	91	90	3	101	45	54	109	91	103	43	18	86	62	92	51	53	3	3	20	94	52	29	119	102	75	4	66	5	11	37	50	61	96	107	98	60	0	18	22	91	36	3	63	72	80	62	4	30	20	8	80	88	56	21	88	14	105	45	60	69	113	22	98	108	70	24	74	90	85	49	2	3	72	74	19	11	25	101	118	24	80	67	76	65	52	54	89	6	19	49	81	55	26	73	97	89	24	57	21	50	65	110	40	98	16	14	104	90	81	17	115	58	69	53	105	109	102	92	11	35	86	106	43	21	20	45	9	3	59	41	99	19	101	99	15	3	23	59	22	78	16	10	63	12	80	63	94	69	90	72	62	61	22	111	8	108	50	54	10	20	58	66	49	73	29	59	21	69	11	6	104	11	34	14	31	82	90	64	6	95	2	35	47	8	59	97	95	47	114	51	48	18	80	54	102	86	78	62	51	49	17	38	50	78	34	17	52	95	106	31	31	97	52	85	20	68	21	11	48	54	40	66	21	11	10	59	66	25	77	9	25	104	7	15	106	75	13	71	27	61	38	0	103	72	118	92	96	50	24	117	91	45	79	86	111	67	86	45	33	82	53	67	100	28	53	13	90	91	37	43	95	47	10	20	46	61	98	53	64	13	47	32	105	117	56	12	69	1	4	96	93	102	46	17	107	18	70	78	100	100	15	40	28	97	55	58	102	77	34	68	12	61	89	110	100	47	13	17	7	113	65	79	110	18	21	50	90	111	75	5	4	30	37	72	40	95	3	7	60	58	62	43	67	51	87	44	15	21	74	77	4	116	36	26	79	6	109	65	31	91	79	119	98	35	105	43	24	27	67	79	115	42	64	111	39	86	104	118	49	65	59	117	61	76	25	44	99	78	110	91	36	4	74	28	56	13	59	46	87	108	60	94	60	2	7	51	2	109	114	69	117	115	38	75	51	12	18	99	44	38	60	103	48	93	42	113	47	29	11	7	42	17	114	89	3	116	69	100	80	5	109	13	113	62	61	79	0	96	78	51	88	88	11	117	57	51	53	116	40	74	32	103	85	86	34	106	2	55	77	76	95	46	79	33	65	81	13	87	38	115	36	28	87	105	81	30	58	67	44	95	79	15	100	113	67	39	43	76	7	87	62	46	57	11	0	72	88	24	40	94	32	101	8	88	33	85	104	47	77	75	105	72	103	78	26	77	78	68	90	83	7	71	7	76	46	0	99	7	104	22	74	95	100	40	34	112	71	98	115	74	72	46	18	83	98	3	72	38	3	106	32	67	115	42	46	107	78	80	69	78	38	14	71	62	65	114	58	42	102	7	73	24	44	56	29	25	72	27	52	27	105	11	33	119	83	38	57	44	31	45	118	28	112	29	52	2	72	23	53	118	99	45	60	82	73	24	26	86	105	11	69	21	51	62	37	13	74	74	65	13	78	114	37	52	103	44	18	80	47	76	37	117	6	110	38	56	76	103	105	81	39	81	70	49	112	43	111	36	60	52	97	98	34	30	13	55	20	0	8	1	69	58	16	65	19	7	51	50	93	0	46	43	89	68	85	45	84	63	71	10	59	10	46	62	1	19	110	37	11	66	53	40	74	5	72	65	15	89	73	105	21	87	114	15	40	3	18	112	46	16	73	118	109	90	33	26	35	117	114	49	29	66	58	65	2	78	84	18	20	71	0	34	1	106	82	39	40	72	45	114	74	119	47	83	16	4	16	24	91	105	117	102	105	6	108	8	115	63	96	23	55	67	115	5	110	30	13	62	99	77	90	64	15	85	4	27	8	19	33	45	38	5	41	118	116	89	118	78	101	41	119	40	108	110	0	77	86	33	58	53	119	81	18	55	26	86	31	60	34	67	71	43	29	85	36	82	28	94	100	64	12	23	83	77	65	51	86	106	31	71	49	68	88	38	15	107	69	66	35	13	41	55	32	90	116	50	38	68	56	109	111	54	27	104	72	47	40	36	68	86	79	113	14	60	49	38	74	38	6	41	116	100	14	9	95	36	95	23	43	88	21	92	90	97	56	101	73	83	63	82	114	23	13	74	40	11	86	78	16	114	59	67	54	108	69	76	41	19	102	49	107	56	18	46	0	20	62	50	20	105	37	110	33	92	60	88	5	38	46	18	8	38	51	116	12	73	104	5	25	49	9	18	11	43	
80	56	37	107	87	76	91	104	18	43	74	45	90	24	33	51	24	50	3	36	92	76	112	24	96	45	1	113	93	111	72	47	27	67	28	28	12	91	80	72	97	6	36	92	19	54	33	42	114	60	33	74	72	17	4	70	53	22	18	95	4	36	62	116	4	20	25	97	54	54	74	4	93	13	92	96	104	49	31	78	73	27	52	70	64	107	68	58	0	60	105	89	88	13	90	111	41	81	114	51	118	15	41	110	22	98	72	50	3	49	105	15	37	118	20	15	78	35	18	106	79	95	92	89	105	84	115	6	28	43	0	10	98	21	34	96	61	12	11	42	18	48	105	24	14	49	104	38	14	30	78	98	6	98	95	57	61	76	40	31	62	8	87	2	24	27	25	7	30	83	41	106	86	91	110	89	61	58	53	24	16	116	89	110	12	29	74	21	102	76	58	45	27	78	0	105	119	54	64	71	89	66	8	67	28	40	76	51	14	92	2	44	68	10	38	66	11	25	61	83	96	77	45	92	32	100	21	78	33	69	117	77	43	35	16	40	31	14	54	15	30	39	55	29	114	54	101	106	83	77	17	55	34	93	36	62	40	54	54	6	55	25	42	57	24	89	15	104	34	100	103	13	80	70	27	103	90	62	20	97	58	93	42	83	48	13	0	70	75	103	78	51	93	73	30	105	90	31	32	107	41	16	46	63	14	52	67	113	8	76	108	20	50	16	105	31	45	33	76	60	18	96	53	68	25	94	102	56	5	101	63	112	70	21	74	30	37	95	95	66	26	68	63	6	0	38	108	99	38	20	118	42	79	41	111	35	98	53	119	97	74	90	88	66	38	7	18	10	88	103	87	64	18	74	87	14	75	105	12	12	13	13	86	117	65	40	111	104	33	13	19	108	100	87	70	18	1	62	29	119	99	86	21	24	65	21	90	90	38	55	81	50	65	106	25	64	22	42	55	104	21	114	49	42	47	77	16	29	46	50	67	116	115	19	93	64	62	65	78	32	112	60	28	99	85	47	109	59	77	83	87	81	53	27	80	3	67	71	109	87	2	41	51	24	97	40	46	76	84	81	28	81	89	25	106	106	108	11	69	94	105	63	57	96	56	31	20	78	35	64	70	9	114	112	68	9	49	3	65	81	66	34	101	41	0	5	18	42	90	62	17	100	107	109	11	10	4	91	40	91	28	74	18	82	30	82	25	30	49	77	32	58	17	99	102	5	92	38	76	65	92	22	45	63	107	53	48	65	41	59	31	70	79	89	10	104	14	17	99	0	103	35	27	55	84	33	107	14	77	4	67	118	83	51	21	112	23	58	2	100	107	15	82	117	118	93	72	115	35	29	66	87	58	103	60	113	117	69	5	116	43	14	15	7	31	38	75	53	65	100	1	45	58	65	107	50	115	79	90	43	46	102	71	82	106	24	26	41	66	69	69	119	62	62	56	22	0	69	117	63	47	51	61	59	86	72	92	60	20	11	43	9	67	11	81	13	115	54	38	117	20	57	71	100	51	90	69	26	58	68	52	39	29	65	47	102	38	47	16	112	29	49	60	25	102	25	117	110	57	72	31	85	61	60	111	110	101	0	102	17	20	38	109	35	48	28	50	73	100	61	98	15	62	31	99	42	70	90	88	92	90	108	58	6	36	56	102	27	76	24	62	88	75	56	55	99	107	103	53	115	97	76	116	24	29	43	52	82	6	19	118	82	74	109	50	107	53	70	2	57	23	79	50	81	73	72	85	72	89	15	52	46	46	16	2	63	61	54	76	10	58	39	13	5	21	38	117	90	2	9	14	36	69	115	93	43	90	4	30	98	70	95	53	110	15	43	11	31	104	80	115	56	8	89	77	17	73	35	76	48	111	105	53	117	24	84	103	56	73	81	79	64	45	24	34	18	69	97	57	109	51	30	118	104	96	12	95	58	116	58	90	2	79	103	106	7	91	64	99	62	112	89	116	21	64	99	112	106	42	3	6	39	43	56	90	102	107	71	107	6	27	15	62	25	3	59	13	73	40	36	15	118	27	102	12	62	17	50	104	17	103	18	26	74	88	60	78	43	23	100	51	66	95	102	95	94	81	82	40	6	32	94	40	31	102	97	73	111	52	75	46	82	55	15	62	4	14	9	31	46	11	112	116	107	84	87	69	38	35	32	43	59	11	104	54	109	14	5	87	5	74	78	30	29	102	93	57	61	89	59	97	18	6	4	35	111	87	6	92	31	83	65	28	15	71	119	50	10	2	92	95	85	75	32	83	102	16	12	54	72	105	41	59	107	82	25	35	26	0	38	76	99	22	16	26	65	33	91	73	93	70	59	97	6	23	88	32	71	12	28	61	68	98	4	102	116	102	37	86	13	100	32	22	39	73	67	32	71	90	31	6	44	62	43	70	84	43	98	75	46	105	57	111	66	54	11	21	24	112	81	39	108	84	71	46	119	81	51	69	108	49	106	41	111	94	89	29	72	38	81	114	109	66	45	96	62	97	81	29	119	83	38	32	80	94	55	32	81	45	30	101	83	83	0	27	88	21	71	73	11	3	62	114	83	89	79	70	94	56	115	53	69	62	103	72	83	16	80	31	109	34	33	76	107	14	109	98	20	16	87	16	27	15	82	22	100	106	28	34	103	34	16	81	58	59	74	5	51	16	12	93	81	25	8	20	61	87	81	37	66	77	50	52	70	30	48	27	38	62	41	69	26	113	78	77	19	89	10	113	71	20	3	35	1	3	86	110	113	79	21	57	56	52	63	78	4	92	38	80	65	30	30	22	58	49	57	109	116	76	62	60	56	15	54	51	104	11	80	37	97	65	96	72	81	18	112	23	114	98	21	0	29	62	80	45	95	2	105	47	56	62	61	107	6	43	1	117	72	30	40	65	31	82	53	13	95	104	13	97	65	78	119	58	61	3	23	105	10	34	80	44	22	67	30	95	92	43	95	67	71	88	75	94	42	71	1	57	62	62	116	0	107	6	5	29	24	70	118	24	49	28	14	74	117	102	119	48	64	39	93	27	65	79	24	108	117	76	93	56	33	50	72	19	41	70	68	5	38	112	115	37	26	73	75	25	106	88	25	12	79	86	25	23	70	67	84	58	92	76	48	13	96	27	32	50	54	31	89	64	114	4	1	18	103	92	13	25	20	89	118	84	116	89	14	74	77	107	111	57	59	8	45	29	56	28	111	3	63	103	60	12	103	76	45	77	9	71	77	30	62	103	27	103	38	15	25	17	119	1	50	87	64	46	102	102	12	57	76	41	57	19	67	105	101	28	64	32	110	101	58	66	73	37	106	105	93	10	72	37	9	99	93	43	114	23	85	119	18	102	101	1	63	116	62	94	8	78	97	91	110	25	114	95	118	90	65	105	0	87	92	65	19	104	116	112	111	55	117	98	97	60	30	107	9	3	13	36	83	84	78	106	107	37	31	78	46	34	62	60	24	25	109	66	42	72	106	56	76	114	34	75	59	53	21	95	9	73	113	101	85	50	66	39	4	114	19	113	41	28	81	40	76	65	99	88	48	81	119	111	50	16	3	86	63	24	100	68	104	33	50	97	34	59	40	87	83	16	119	2	105	89	88	68	13	44	7	47	102	36	35	42	111	70	13	64	27	72	14	25	78	119	65	103	92	98	112	84	105	114	80	24	81	76	93	105	16	77	20	29	110	96	38	53	43	72	20	0	58	6	4	7	73	101	70	105	3	39	98	105	45	26	96	15	112	21	82	22	2	7	53	28	51	104	38	60	44	32	111	95	82	28	39	114	74	14	91	73	17	61	32	79	42	47	79	74	22	25	48	12	110	53	8	13	26	90	42	100	107	105	30	114	92	67	54	107	12	55	77	118	27	58	115	71	106	103	20	112	59	93	2	11	104	85	11	81	67	57	4	50	96	13	82	15	47	1	94	74	35	88	108	107	103	14	18	115	29	65	17	12	14	84	7	15	81	28	112	88	82	45	26	22	23	100	42	116	107	69	27	110	66	107	80	45	44	64	87	76	48	63	27	26	95	4	24	23	68	101	108	23	27	94	114	110	71	119	92	21	3	25	75	69	66	38	88	70	44	116	17	82	54	68	66	99	76	97	30	107	117	32	32	91	17	115	115	43	51	27	65	109	79	14	1	18	107	22	112	3	70	0	25	108	93	119	5	87	96	93	10	40	54	72	104	62	113	33	22	3	34	11	40	112	49	83	119	112	41	95	81	40	111	88	107	65	95	33	71	71	54	70	113	4	95	83	57	37	73	103	90	102	70	27	99	43	64	49	61	51	58	104	25	49	85	73	53	22	116	119	25	22	51	59	16	71	60	59	34	78	11	109	24	52	81	60	88	76	52	100	31	113	110	4	101	76	15	94	36	53	58	35	37	55	61	34	87	53	7	8	109	12	90	106	62	68	87	43	108	36	28	30	58	101	51	41	48	61	45	28	82	118	58	89	6	95	37	22	24	18	75	82	20	55	102	110	96	73	70	12	94	40	36	115	47	118	90	3	96	104	31	37	114	2	3	64	13	38	21	23	29	106	8	73	42	26	68	72	33	75	60	12	40	110	82	31	83	36	98	3	31	15	14	83	57	76	91	10	1	5	75	98	52	105	89	97	11	3	93	113	11	92	89	28	7	81	45	13	69	72	36	45	115	39	3	62	56	29	95	89	114	3	92	100	64	118	82	113	28	47	11	104	79	55	96	81	10	84	14	41	78	0	88	42	19	54	106	73	48	98	85	114	99	39	13	112	23	100	74	37	69	59	119	41	110	45	10	53	80	61	29	44	54	26	90	68	109	106	47	62	13	52	85	10	55	114	47	54	63	48	92	119	117	87	22	71	74	42	26	69	55	26	84	103	88	0	92	89	75	85	9	3	25	58	90	49	56	109	117	45	5	40	90	34	41	72	80	95	54	84	23	109	97	42	58	14	118	110	12	107	71	57	102	94	84	11	22	97	118	42	42	79	63	86	117	49	95	47	102	17	102	5	102	32	20	88	43	56	48	119	49	4	30	10	117	43	114	113	33	71	81	69	40	79	83	83	98	117	11	84	8	109	116	49	23	76	83	3	105	33	11	84	17	11	112	38	78	78	87	104	92	13	87	118	27	80	47	43	103	60	24	34	20	59	90	28	42	68	95	44	65	28	47	74	101	14	41	118	93	48	11	97	97	57	49	107	33	40	44	29	96	24	58	91	56	63	18	19	50	40	48	64	81	91	81	0	44	30	45	34	21	23	111	57	60	11	94	106	56	51	27	93	96	25	91	94	75	47	6	78	38	29	92	80	6	116	20	109	96	3	96	80	22	115	90	40	48	63	35	25	16	16	7	117	46	64	117	27	75	6	30	2	93	92	46	43	32	11	35	86	47	39	30	67	90	80	50	31	103	2	114	116	3	23	97	105	20	20	12	54	45	105	32	89	76	81	22	44	42	90	88	18	17	85	44	115	12	82	3	110	107	15	19	54	28	43	50	17	114	72	41	70	34	54	96	61	19	42	34	113	76	97	41	94	17	0	118	99	18	98	69	62	98	107	33	26	32	84	69	69	57	20	44	41	44	60	76	97	95	0	57	95	94	69	41	118	7	86	86	77	75	100	61	85	67	39	107	24	73	39	12	86	92	79	23	4	30	15	119	112	17	111	41	3	79	63	15	11	18	107	64	118	105	104	79	53	36	53	57	74	69	43	53	30	105	78	104	61	83	93	113	26	97	3	48	8	82	28	80	84	29	70	50	88	20	53	95	114	18	32	17	22	28	0	93	43	1	113	14	99	9	10	25	24	26	10	36	4	33	24	119	4	66	62	105	8	74	106	13	37	60	106	19	7	78	29	67	49	115	33	25	80	25	45	76	42	117	14	38	11	76	88	110	114	87	100	94	86	84	104	70	116	49	101	36	76	90	99	103	0	43	25	81	36	14	3	60	93	29	25	4	2	33	107	55	57	50	117	42	74	66	98	1	12	115	68	77	92	16	27	115	60	7	3	34	23	52	106	100	39	113	102	59	15	94	112	98	27	105	84	28	79	70	64	15	96	31	74	87	81	115	13	34	25	115	12	4	57	86	6	108	21	4	92	6	15	91	102	29	89	5	59	31	25	63	73	88	67	86	86	75	35	83	93	37	110	97	78	25	90	70	32	97	19	105	82	88	86	59	91	86	13	62	112	119	108	56	31	80	30	59	23	59	29	81	27	73	105	86	71	27	61	88	15	4	76	27	62	58	38	57	117	96	4	98	81	51	106	42	36	8	114	113	81	22	112	117	38	13	77	0	14	93	100	93	97	107	65	106	114	116	109	114	52	68	39	44	46	11	89	22	41	75	46	31	85	18	32	45	87	20	82	26	83	105	87	10	99	82	102	63	5	115	33	25	33	22	17	90	110	65	42	107	4	97	49	92	28	25	10	108	77	69	116	59	81	17	86	5	99	105	41	92	90	115	13	69	106	79	16	30	38	40	34	18	106	12	105	30	37	6	97	90	69	53	40	63	10	75	69	113	57	18	103	37	81	17	41	44	86	56	6	76	102	60	17	102	113	91	5	77	57	72	40	74	28	61	102	103	96	10	74	52	37	92	38	27	30	16	21	82	74	80	82	91	76	91	54	101	47	81	104	19	45	114	88	90	45	44	17	68	68	67	59	101	65	79	54	50	53	80	37	113	19	26	25	0	35	30	102	82	94	75	6	24	30	89	42	32	106	42	79	12	84	87	84	82	87	23	16	38	106	23	64	29	88	107	117	74	49	98	23	114	67	72	0	116	115	29	46	79	107	109	19	63	61	92	96	71	83	79	46	88	110	24	37	83	112	48	23	36	18	11	98	107	33	111	7	64	37	4	42	38	23	89	45	10	83	91	61	119	2	47	92	50	49	94	107	71	48	2	72	39	31	23	2	82	9	111	0	118	60	51	56	6	78	118	15	68	64	31	8	25	3	85	106	100	63	115	15	61	3	73	84	11	91	37	52	95	16	16	101	90	40	22	55	88	77	71	60	86	10	21	18	65	43	74	57	91	97	44	102	44	111	100	88	90	64	73	97	80	30	93	71	64	85	12	47	4	59	23	61	34	10	111	79	89	17	106	11	5	66	48	32	97	10	44	113	43	0	84	63	1	72	31	89	36	10	111	88	118	60	101	43	94	33	112	99	5	46	45	25	96	23	43	96	40	30	98	33	86	40	47	23	67	75	104	87	37	58	13	22	113	33	73	115	53	87	97	45	12	109	61	64	21	39	37	28	15	119	46	23	112	36	74	30	105	107	0	81	91	70	29	87	62	4	81	31	54	73	90	57	57	107	118	85	19	70	73	87	88	27	8	36	111	10	113	79	109	37	57	64	78	114	19	40	103	56	35	100	115	84	116	40	12	102	72	20	36	9	7	78	90	63	2	96	71	99	41	29	97	94	119	70	20	10	10	113	88	119	0	10	96	100	92	4	93	86	83	48	45	89	52	107	99	69	60	18	59	35	10	60	103	36	5	2	93	61	64	77	73	32	10	116	109	98	40	79	41	35	115	27	96	13	87	98	112	70	34	91	49	77	98	76	119	82	79	66	31	71	68	42	39	117	68	75	21	50	70	60	110	81	52	119	48	0	72	109	18	30	64	94	74	58	78	31	51	24	102	84	14	17	36	17	43	88	105	114	66	3	76	45	91	76	95	87	95	87	65	61	115	21	14	117	85	118	30	7	55	84	65	11	69	56	7	82	0	3	15	44	108	118	28	75	112	67	14	100	95	54	23	79	92	68	37	30	13	11	77	95	86	119	33	6	18	103	81	96	63	73	55	24	9	0	13	104	100	110	72	59	107	90	95	4	5	106	57	113	104	90	54	28	23	85	84	112	40	47	109	40	77	97	61	0	47	27	59	3	32	15	91	39	49	66	82	107	44	59	79	100	112	86	33	43	62	75	2	25	24	44	10	66	10	32	25	49	35	23	90	19	97	61	75	82	71	65	54	43	39	91	71	28	33	7	41	75	35	110	45	118	78	88	78	29	33	78	3	5	35	115	34	38	10	90	8	78	53	13	46	54	85	21	2	18	19	22	57	105	62	52	60	58	13	65	106	43	22	88	16	23	33	43	21	59	6	64	16	42	51	67	50	44	38	42	76	3	34	32	36	117	42	37	6	20	11	31	32	71	83	26	99	92	86	29	43	104	68	71	20	12	72	56	36	35	23	72	88	62	69	4	67	13	97	16	119	85	14	38	8	21	7	8	59	41	117	81	92	93	98	58	100	26	111	15	65	114	58	22	110	70	65	84	42	52	49	103	19	32	85	31	46	118	36	45	36	10	115	88	114	1	32	46	82	8	90	83	24	109	89	55	52	93	80	40	15	48	93	20	41	110	45	2	75	22	113	49	84	98	89	41	57	15	5	108	56	102	105	109	112	54	61	31	75	57	52	43	119	34	32	105	85	81	113	78	34	58	12	17	107	68	75	100	55	109	64	90	25	17	19	101	46	39	56	79	116	44	32	30	27	117	57	8	45	10	13	1	99	66	74	56	5	8	86	109	74	51	83	25	81	104	53	21	116	97	117	4	77	23	4	3	48	39	93	13	3	28	102	98	49	93	72	14	79	119	114	5	39	110	3	113	1	51	49	10	50	91	115	4	91	92	68	56	28	59	58	89	75	32	10	47	88	15	107	75	90	106	52	75	22	48	75	33	68	9	81	80	2	10	26	73	64	34	35	34	93	7	0	13	59	38	117	6	96	115	116	18	92	30	23	63	32	90	115	75	25	114	11	43	78	87	100	9	100	72	107	38	104	103	45	70	110	107	5	97	119	4	8	95	14	73	112	7	26	78	39	55	48	68	27	69	43	6	86	107	107	106	90	36	61	45	55	73	40	117	103	116	82	86	100	20	40	106	73	58	19	77	78	94	38	68	85	6	60	18	69	29	107	18	85	105	26	32	22	114	65	14	58	51	94	39	53	40	17	45	32	76	67	58	55	4	15	9	95	78	47	12	72	71	96	118	78	21	85	106	23	93	93	13	0	71	12	119	0	94	91	72	61	38	50	90	95	96	76	95	73	79	41	53	44	75	33	41	96	64	101	7	23	61	57	48	97	33	36	29	42	12	45	25	71	93	53	86	30	85	44	102	12	113	27	66	95	63	48	33	94	25	46	117	57	91	102	98	21	19	87	86	96	27	27	107	91	16	16	31	76	79	97	21	46	114	93	49	100	11	89	62	98	16	89	54	74	111	43	19	73	4	38	61	106	64	108	109	54	99	67	38	23	44	37	116	31	65	100	34	109	10	51	28	13	87	72	49	45	110	80	16	12	32	89	27	86	54	73	65	80	110	26	35	110	66	20	106	37	26	54	112	107	71	100	67	73	49	117	101	68	81	42	20	13	112	90	35	118	96	73	74	49	78	43	2	114	52	52	24	6	6	60	33	88	12	48	31	9	47	18	78	62	81	118	32	42	70	50	97	104	51	88	54	103	32	33	107	79	28	74	14	55	82	75	13	60	105	45	50	62	17	105	108	63	107	16	40	91	66	38	86	6	91	81	108	19	66	18	52	43	112	112	25	13	118	82	100	39	44	32	98	79	19	99	93	99	119	90	77	13	57	76	104	56	85	67	37	41	7	94	60	7	104	80	115	19	26	87	69	117	53	16	67	73	36	55	17	20	61	100	118	92	84	38	116	50	25	73	62	53	38	34	45	73	67	24	50	73	4	54	82	4	9	116	105	85	86	20	75	96	6	62	28	75	117	31	90	94	64	88	43	90	114	43	58	74	119	55	92	103	64	66	43	107	12	10	76	59	75	6	20	36	79	111	42	95	110	32	63	35	32	67	33	64	33	26	81	76	46	47	66	81	101	11	3	70	35	41	46	56	18	52	35	88	49	21	22	81	63	103	68	8	39	51	42	85	42	116	42	69	66	38	15	112	107	15	97	78	37	60	111	96	100	9	95	55	48	2	47	79	51	47	91	2	80	38	113	88	100	81	29	105	100	105	81	74	103	75	75	6	27	66	102	84	117	49	36	22	69	110	44	88	39	12	98	115	38	112	15	119	34	11	98	0	85	91	79	82	110	81	7	74	12	108	48	113	93	17	50	6	49	44	45	62	106	97	59	55	14	40	89	42	89	9	90	86	84	33	63	42	45	98	93	64	17	25	3	52	71	69	90	23	31	111	114	102	57	40	13	38	45	85	56	38	68	74	14	26	76	61	5	44	116	32	61	45	61	80	38	49	97	83	29	23	34	22	46	39	2	114	114	16	65	77	113	20	110	98	78	69	56	110	102	80	17	72	79	72	16	59	24	118	39	44	73	115	116	66	103	102	97	75	117	24	115	27	53	16	15	45	113	93	89	29	111	58	112	48	95	15	34	104	103	114	50	64	102	62	47	4	91	64	35	39	101	113	58	16	95	21	114	58	85	106	28	49	110	97	31	6	10	70	74	57	80	40	40	84	24	109	114	56	67	92	6	0	85	25	9	77	29	104	57	83	118	112	12	16	64	32	109	111	76	77	70	4	91	58	115	1	74	43	18	82	1	70	33	71	53	98	69	2	47	96	115	32	75	83	96	25	56	83	105	53	44	28	91	43	116	86	89	80	69	18	68	101	83	14	113	61	111	54	42	52	25	48	108	99	112	30	62	90	23	59	68	37	35	98	105	31	93	51	90	1	111	36	93	57	81	110	119	98	99	46	34	51	107	35	114	38	53	56	66	114	112	68	31	56	113	44	61	79	118	105	39	16	88	64	46	0	44	11	9	12	82	39	87	1	105	86	65	44	5	27	98	46	0	60	88	18	96	58	15	11	24	47	87	2	98	22	2	6	93	112	52	110	114	70	4	43	5	71	72	70	40	17	9	99	97	4	59	47	101	108	46	90	51	31	55	82	58	33	50	62	25	44	28	35	13	13	17	75	74	89	30	64	111	5	102	16	70	91	81	48	94	48	39	103	26	118	49	45	114	67	43	57	91	76	86	108	115	19	20	66	43	10	119	106	31	1	30	110	101	36	44	75	42	47	70	9	32	10	27	95	110	17	68	44	34	80	116	91	32	13	89	2	45	60	71	44	42	79	97	119	14	53	84	63	69	89	89	79	111	43	95	105	25	37	88	5	67	67	68	117	56	61	90	93	71	51	71	107	40	19	25	69	48	16	20	39	108	93	118	88	15	83	98	44	62	28	72	31	3	115	70	36	63	104	10	69	9	41	8	43	29	89	117	86	45	109	45	7	17	29	83	60	109	95	111	52	2	101	113	0	76	117	75	85	94	100	1	111	11	63	45	69	27	69	89	55	46	84	9	61	26	105	65	82	76	64	115	55	35	21	38	5	70	76	116	5	101	13	88	40	90	114	72	58	72	54	4	118	70	48	111	78	98	70	62	17	41	116	112	34	64	24	0	112	61	118	69	9	93	65	67	66	119	84	43	86	60	78	11	3	88	109	20	116	1	45	114	109	106	2	106	0	46	87	117	88	44	91	60	32	72	30	97	12	113	26	48	0	27	108	80	73	30	98	60	82	57	10	93	42	37	78	83	59	28	94	98	72	45	45	109	68	112	74	72	14	63	68	56	10	80	66	38	57	8	109	18	46	54	6	104	109	68	98	28	77	11	41	88	16	25	62	12	62	76	101	64	25	67	116	20	113	97	65	35	69	79	32	43	20	46	116	66	28	52	26	71	37	55	47	93	20	51	31	74	23	9	68	52	45	3	51	10	84	71	17	80	65	17	74	75	36	10	34	40	10	97	115	79	8	25	61	65	102	25	107	69	82	71	73	53	101	46	34	39	108	39	58	57	24	1	67	92	50	102	18	29	92	67	20	32	106	10	67	64	21	4	113	91	32	24	57	80	28	67	39	118	111	4	116	30	89	78	48	95	71	43	62	15	71	41	34	107	8	78	1	19	76	39	110	104	94	58	42	115	49	78	17	24	57	29	110	3	31	14	14	22	98	74	23	70	94	103	55	78	25	52	30	74	88	35	1	62	70	24	3	29	72	74	82	58	79	53	32	5	16	42	31	29	41	52	71	58	27	13	103	15	46	14	88	98	24	114	85	17	82	32	59	80	100	88	71	14	59	2	86	22	89	2	102	11	63	100	90	9	109	13	54	20	101	5	10	95	47	75	66	100	78	10	10	12	112	61	111	53	63	96	40	22	20	50	96	62	95	13	14	114	54	5	54	69	49	46	27	23	80	52	87	93	85	18	112	83	4	79	51	108	27	91	56	63	86	101	86	112	2	102	96	79	63	104	13	46	78	6	113	89	18	70	41	101	33	29	26	79	87	26	103	107	41	98	106	52	61	7	36	47	13	81	113	59	15	74	115	66	71	30	89	118	116	79	33	81	82	66	29	36	1	48	85	36	4	6	96	90	95	75	1	119	103	57	39	8	28	86	78	5	29	34	78	114	71	41	76	3	37	119	26	92	42	83	94	28	118	72	29	20	35	69	42	84	119	107	117	107	57	44	104	85	94	8	91	64	37	29	0	101	77	105	7	57	59	76	42	58	16	116	81	106	41	54	65	18	61	73	66	19	23	18	0	34	81	62	7	97	112	90	18	116	92	12	61	102	115	95	62	100	10	114	94	61	27	118	80	15	57	90	114	118	83	117	27	55	108	59	54	24	50	27	22	29	22	100	99	27	9	80	14	26	81	8	39	106	80	33	114	25	72	110	117	7	50	7	44	72	27	6	75	26	88	113	23	27	28	70	61	106	101	12	95	56	100	56	58	53	97	109	73	82	92	9	23	18	21	89	2	1	16	69	103	77	16	2	57	82	75	66	90	71	85	85	66	87	98	7	42	116	66	51	38	29	63	51	53	68	0	58	96	66	93	88	8	77	8	80	50	58	61	25	87	64	38	103	43	67	110	82	14	21	26	46	64	30	23	87	82	116	12	109	80	95	3	69	5	57	42	77	58	88	68	34	47	113	35	23	23	115	103	84	103	43	88	37	81	11	84	53	48	28	75	107	49	16	10	47	12	31	62	112	35	16	77	33	0	45	57	14	103	78	68	111	65	105	87	52	100	51	21	21	9	115	40	118	54	24	78	28	117	94	6	29	35	64	61	21	20	14	65	109	86	7	114	100	97	83	62	97	14	79	81	109	48	87	81	1	60	24	102	57	39	112	108	30	98	47	13	101	45	61	64	118	116	73	75	17	54	10	46	33	99	52	9	0	31	32	112	112	42	8	46	91	30	63	52	74	114	40	104	42	88	45	88	61	33	54	50	65	30	118	76	28	12	119	46	84	22	44	65	14	99	72	13	49	29	8	60	45	23	103	115	71	10	5	95	49	44	3	12	42	35	47	58	96	98	102	99	71	7	20	66	113	17	60	75	99	15	2	73	92	5	118	101	119	4	119	28	20	41	55	80	52	78	89	107	62	64	104	91	94	73	0	50	96	68	76	42	2	47	87	12	87	77	112	62	94	14	16	64	101	108	84	96	64	73	7	13	22	75	45	62	35	5	9	4	34	81	26	0	51	26	106	105	48	45	97	15	1	9	54	98	87	98	26	68	2	100	56	28	13	36	14	37	96	54	48	103	37	52	15	20	78	62	46	80	40	0	90	98	69	10	2	30	106	88	47	84	82	23	101	84	29	49	70	70	33	6	45	111	23	108	78	20	11	78	2	8	106	85	6	17	41	114	119	100	113	26	54	27	60	45	67	68	49	84	75	52	42	96	95	34	37	76	88	46	40	53	55	70	108	87	88	108	54	72	78	115	56	117	37	6	94	103	36	41	101	3	66	98	93	56	67	23	25	90	25	67	33	72	46	117	79	42	38	75	72	106	75	4	36	13	56	48	18	59	31	81	39	66	7	83	60	41	94	61	3	95	14	98	43	0	19	106	14	60	114	48	22	73	35	32	65	80	115	32	42	37	112	2	70	72	55	73	77	31	48	16	10	31	30	15	95	55	17	78	28	102	107	118	34	107	38	116	100	98	85	94	113	109	95	64	22	50	71	21	79	110	47	103	73	110	13	37	36	92	29	110	31	2	103	107	73	117	12	71	42	96	17	55	19	58	78	112	109	96	44	119	24	51	91	94	42	40	52	116	110	75	63	64	39	98	29	102	80	25	111	84	68	21	98	62	113	57	105	77	18	25	119	39	7	30	72	53	72	23	46	21	40	93	99	54	82	22	115	106	34	105	76	18	65	96	88	12	44	85	118	113	6	103	91	3	104	107	62	91	56	28	17	58	91	105	96	85	94	31	92	33	41	115	42	115	73	101	92	9	77	21	114	113	53	35	37	106	107	25	53	20	40	93	45	118	43	14	95	80	28	98	98	62	59	40	12	67	36	75	49	84	97	11	6	66	108	76	22	107	66	40	90	15	77	55	64	91	19	63	95	25	19	70	8	114	6	0	43	49	66	1	119	81	48	53	78	80	55	40	109	47	12	108	7	17	103	32	53	67	66	1	52	63	110	91	113	104	56	24	103	29	81	60	22	87	49	60	26	93	53	62	49	114	36	8	91	104	30	86	118	76	79	66	18	59	118	110	35	98	37	49	21	70	0	102	81	95	32	7	47	86	117	38	99	28	
19	17	10	7	20	19	20	13	15	2	13	6	9	6	20	3	18	18	9	14	20	13	13	19	19	13	13	12	2	8	15	5	7	5	10	7	18	9	17	20	10	7	8	20	1	7	8	5	7	10	6	6	2	16	7	19	15	11	20	6	14	17	19	15	17	9	20	12	17	9	3	4	18	2	15	19	10	13	12	7	13	6	20	20	10	16	2	7	7	18	8	10	4	7	12	1	8	2	10	10	9	13	3	13	7	9	4	11	12	15	6	14	17	4	2	10	18	5	2	17	5	10	13	2	18	2	10	5	20	16	9	9	5	10	19	20	15	8	10	14	8	20	19	4	6	4	14	9	14	19	19	16	9	20	20	20	20	20	18	19	5	6	1	13	3	9	11	5	16	2	12	14	2	20	18	10	9	10	6	3	5	1	4	15	17	20	5	2	9	18	15	12	14	16	3	1	1	13	18	3	15	4	12	3	9	2	10	6	12	18	14	13	17	7	17	12	6	6	7	14	2	6	6	6	20	14	7	4	16	5	2	12	14	18	1	6	20	9	1	12	11	1	1	18	16	9	14	10	15	4	19	20	2	9	7	6	10	19	2	9	15	17	17	1	20	10	18	15	20	17	17	9	1	13	7	4	3	1	5	12	1	5	1	6	14	5	7	8	8	2	1	5	11	7	5	2	13	19	14	16	19	12	18	9	3	8	5	5	15	14	2	2	7	12	7	19	5	8	4	15	18	10	18	3	15	6	11	1	17	11	15	6	13	1	20	19	8	6	2	8	7	13	14	7	6	4	10	16	3	17	2	9	8	16	20	15	12	2	16	6	5	4	7	20	16	3	19	6	2	16	16	8	19	9	12	20	10	17	11	11	18	11	18	17	18	11	15	3	2	12	14	17	17	18	10	7	2	12	12	6	14	16	15	19	11	2	2	11	1	4	3	19	14	15	15	16	18	11	13	3	4	13	17	18	6	4	8	16	9	6	11	4	15	19	2	9	11	8	11	5	11	14	18	6	10	11	17	18	6	17	4	12	20	2	16	18	10	11	7	13	17	9	16	1	3	6	16	16	19	1	15	3	3	17	10	18	20	19	15	3	15	6	14	19	9	1	13	11	15	11	15	8	7	2	13	7	17	3	20	1	18	15	12	12	19	15	19	1	14	3	14	13	14	8	13	9	10	3	2	17	9	18	6	16	18	18	9	17	1	15	13	3	3	14	14	17	5	8	11	13	1	7	6	8	2	20	3	11	15	18	13	11	20	4	2	8	14	7	14	5	6	11	11	9	5	13	6	3	12	19	19	14	13	5	12	20	7	8	10	6	1	2	17	5	7	7	7	18	6	9	8	14	7	20	14	5	20	2	14	14	20	18	17	12	18	16	11	5	10	14	9	15	1	3	6	5	16	8	1	1	4	20	19	15	14	18	3	2	12	15	4	18	17	19	11	15	20	11	2	4	13	13	6	12	1	9	8	2	10	9	17	16	13	1	13	12	13	7	11	2	6	10	3	15	4	7	11	16	8	8	5	4	16	1	9	6	8	15	16	3	4	16	11	16	4	10	5	6	5	2	7	4	12	5	10	6	2	8	5	14	16	4	10	10	10	3	6	16	6	6	13	12	1	6	1	1	9	14	16	7	4	11	7	1	14	13	13	3	8	1	7	3	14	4	15	1	14	12	14	13	5	2	1	4	13	5	4	9	3	7	5	3	1	10	7	8	4	8	14	13	16	8	2	13	5	4	9	3	14	12	7	15	6	3	6	6	6	2	2	6	5	6	10	13	5	2	3	2	14	10	1	2	6	9	11	2	16	5	9	15	7	9	10	10	5	9	4	5	16	10	1	11	9	15	2	11	15	3	15	9	16	5	4	9	7	16	11	11	3	14	2	6	8	6	6	14	13	15	6	4	7	8	13	7	7	1	1	4	5	1	8	5	15	8	3	7	9	2	7	13	1	14	5	16	9	5	13	11	6	3	5	4	4	10	6	3	10	3	13	3	10	5	1	12	5	14	16	5	2	10	7	6	15	5	10	12	10	13	4	2	11	15	8	1	10	13	7	13	14	7	4	11	14	8	5	13	12	11	11	6	1	11	2	1	11	2	6	7	5	12	11	10	4	2	11	4	11	8	6	7	3	15	3	16	12	6	11	8	14	9	4	15	6	7	11	12	12	13	7	4	6	6	4	15	13	3	11	7	13	16	12	7	10	10	15	13	16	8	12	14	14	14	2	8	2	12	7	11	8	6	7	13	5	16	11	6	10	15	10	7	6	1	4	14	13	7	8	5	1	7	7	5	6	10	5	4	16	10	11	6	1	7	10	12	5	11	10	7	11	7	3	7	2	12	16	6	5	15	1	7	12	13	14	12	11	16	15	3	3	3	4	13	6	7	15	1	10	3	10	15	6	2	11	9	7	2	16	10	11	7	14	5	11	15	6	2	10	8	14	10	10	8	3	5	4	1	12	14	3	3	2	6	14	11	10	3	14	7	12	3	6	14	1	5	13	16	16	2	6	4	4	11	10	14	2	8	10	13	5	4	11	6	11	3	3	5	2	14	9	5	6	12	9	14	13	9	11	3	15	10	10	9	3	14	9	5	4	15	6	11	6	7	9	3	3	16	2	1	10	1	1	6	16	9	13	3	13	5	10	15	16	6	2	12	11	15	6	10	12	15	15	4	1	12	7	2	15	2	1	10	1	8	5	8	11	9	6	11	15	10	14	15	3	8	10	13	2	5	7	11	11	16	8	11	7	8	13	10	4	1	3	13	10	8	14	6	13	10	6	8	8	8	4	2	5	12	16	9	15	7	6	14	6	12	5	7	14	11	3	12	3	1	14	11	5	14	7	9	10	4	2	2	3	14	7	14	8	12	11	7	7	7	13	16	11	3	3	15	2	4	4	16	10	4	11	12	8	16	9	16	15	11	9	14	10	8	3	12	2	9	12	13	13	10	2	3	14	1	1	3	13	4	10	7	4	3	15	13	4	2	16	6	1	1	7	12	3	14	11	9	14	2	1	13	14	12	7	8	2	6	16	3	1	1	7	15	9	2	10	2	14	5	8	15	6	8	13	16	1	1	16	7	12	16	1	15	3	3	3	3	1	8	6	9	1	4	5	12	15	5	3	5	14	8	11	1	7	9	1	15	9	8	13	8	16	15	3	9	5	10	7	2	8	13	10	16	6	9	3	16	3	7	5	8	4	16	10	3	12	16	2	13	9	15	11	2	9	7	8	4	3	4	12	1	11	2	2	2	5	10	10	16	14	11	13	12	16	14	5	2	5	2	1	14	4	13	13	10	6	16	10	3	8	13	13	1	1	11	15	5	12	10	9	10	1	8	5	12	3	10	2	7	15	1	15	11	4	15	15	11	14	4	14	1	10	4	9	2	15	11	7	15	7	14	13	8	8	3	2	12	13	16	13	6	16	14	12	4	5	13	2	16	14	10	9	5	16	11	15	14	10	8	14	5	1	10	16	16	10	5	13	12	7	13	8	9	9	1	14	7	2	8	3	6	7	7	9	7	2	9	15	6	2	5	8	16	1	15	11	15	1	10	16	1	9	5	4	5	2	6	16	1	8	10	16	7	9	6	6	16	5	5	4	12	2	15	7	14	8	14	3	14	2	7	6	13	12	4	11	9	9	7	8	10	2	7	13	10	13	1	9	6	1	9	1	1	14	10	2	5	12	4	4	7	1	5	12	5	8	13	11	15	16	14	15	16	13	9	12	16	7	14	5	13	1	8	6	12	7	1	5	11	2	14	5	4	8	3	15	15	7	1	3	3	15	4	8	2	5	15	15	6	5	8	16	12	4	7	3	6	16	14	5	7	11	14	12	6	2	3	4	15	4	4	4	15	9	10	2	14	8	2	16	11	4	6	15	13	3	1	8	2	10	8	3	13	1	16	12	9	13	3	5	10	15	15	15	10	13	16	1	4	7	15	15	5	6	1	7	2	7	16	10	15	16	12	2	12	12	9	12	16	10	1	15	6	12	16	14	7	10	13	9	6	10	7	4	6	9	11	1	10	7	8	11	6	9	2	16	7	10	12	10	4	13	11	13	7	15	10	5	15	6	10	5	13	14	9	8	11	4	13	12	5	3	1	5	14	8	15	12	7	5	16	12	4	5	2	14	4	11	10	3	3	8	9	4	7	9	8	9	5	16	2	1	2	10	5	8	15	14	9	14	8	10	2	11	1	8	1	3	16	9	10	5	11	12	13	10	12	2	4	8	4	16	16	6	7	9	9	14	5	3	10	6	14	2	11	14	2	7	13	10	3	7	5	12	3	11	13	1	5	2	4	12	8	16	15	3	12	13	8	3	14	8	6	8	9	9	5	13	10	11	6	9	7	7	14	7	6	7	1	7	14	3	2	1	8	13	4	11	14	15	7	8	9	1	12	14	11	1	2	9	15	4	1	10	6	10	6	4	8	12	12	9	9	10	3	5	6	10	9	11	10	8	9	3	6	3	3	9	16	6	16	5	4	5	12	13	14	9	16	9	13	11	9	11	1	11	9	15	1	11	9	9	13	14	7	7	11	11	1	1	1	15	10	2	6	10	5	4	4	5	7	8	8	9	4	7	3	4	16	9	10	7	14	5	9	1	15	3	1	7	2	12	15	10	3	2	11	3	9	14	13	8	15	8	16	11	9	14	3	4	8	12	8	16	2	3	15	16	4	2	16	3	16	12	6	5	4	4	9	5	10	7	10	12	3	9	7	4	7	1	12	9	2	4	10	3	9	3	4	12	6	8	7	3	14	13	10	12	11	4	15	4	12	2	7	3	7	1	6	6	9	7	13	15	9	1	15	4	8	11	5	6	3	10	16	9	7	6	12	2	16	8	5	10	10	12	16	11	13	12	2	7	16	6	4	8	14	1	4	11	6	9	10	3	16	10	10	8	7	4	5	12	7	10	11	14	10	3	4	15	2	1	8	14	16	5	8	8	10	4	12	6	6	9	7	2	4	10	15	16	16	11	9	9	4	4	14	10	11	12	9	9	3	7	2	15	3	13	13	3	13	4	13	1	3	7	2	12	13	12	15	3	14	11	15	10	11	15	2	16	4	15	11	16	6	10	2	16	13	7	7	16	6	1	4	12	2	8	10	12	4	12	16	11	15	2	2	11	9	7	9	10	2	14	4	11	3	5	13	3	8	9	13	7	2	4	3	3	10	9	8	11	3	7	14	9	14	8	16	11	16	1	8	14	14	6	10	7	10	2	15	11	10	9	7	2	14	4	2	15	7	6	10	3	11	2	8	7	12	11	13	16	8	1	8	6	15	15	2	15	10	16	14	1	2	6	7	7	16	1	8	8	13	5	9	8	8	2	7	6	11	4	15	7	16	16	6	2	8	10	2	5	16	6	7	1	11	14	9	7	14	3	5	11	5	1	11	13	1	5	14	11	16	8	7	12	12	14	16	7	6	8	16	4	7	6	16	12	12	9	11	5	14	11	16	9	14	10	13	4	2	3	2	11	13	2	10	12	5	11	1	13	3	11	11	16	13	6	8	2	13	7	9	10	14	15	6	7	4	7	5	5	13	11	11	3	5	11	13	4	1	12	8	4	5	5	4	2	11	11	14	12	14	6	9	3	7	12	6	2	10	8	1	4	11	11	11	14	8	11	16	6	13	2	11	14	6	12	9	16	16	9	5	6	11	9	6	8	4	6	13	7	12	11	3	8	13	15	10	6	16	11	15	15	10	5	8	2	12	13	16	13	1	4	8	8	2	10	2	3	16	2	10	16	14	12	11	8	16	9	12	16	3	7	4	12	2	8	6	14	14	8	7	4	8	10	6	6	9	7	11	12	4	8	15	7	1	9	11	16	11	13	11	16	7	6	4	6	15	13	14	15	8	16	8	3	9	9	12	16	4	5	8	2	9	6	13	14	6	2	12	16	11	11	10	12	4	14	9	13	2	7	4	4	1	12	7	16	14	10	5	16	10	3	14	14	9	7	7	1	4	12	2	1	15	14	2	3	10	7	10	6	4	8	5	13	4	11	11	13	7	6	11	11	14	3	1	6	13	10	8	14	16	11	8	3	13	11	12	16	16	7	8	8	9	5	3	14	7	15	7	5	2	12	10	14	12	12	12	4	12	7	13	12	12	7	4	15	10	2	13	15	11	12	13	14	14	14	13	9	14	2	9	3	5	3	15	14	1	4	7	2	2	7	13	6	15	12	9	6	15	9	13	7	1	3	4	6	9	2	10	3	1	15	2	16	6	5	7	8	11	2	1	13	11	6	3	3	6	3	12	13	13	7	8	4	10	14	8	15	2	13	4	6	5	13	12	14	11	1	10	13	11	8	11	11	5	8	7	12	11	9	6	7	2	8	3	9	9	9	15	16	16	14	16	14	8	9	6	6	12	12	8	8	4	13	12	10	16	10	15	3	1	3	5	11	15	4	10	10	5	5	9	15	12	14	13	5	12	10	13	6	5	8	1	12	14	16	14	1	6	12	3	5	9	1	8	12	12	11	10	1	7	13	16	12	13	5	2	12	11	7	9	9	3	7	4	4	2	16	16	5	1	10	10	16	11	11	2	2	1	10	6	1	4	3	12	8	6	9	10	9	10	10	15	10	16	10	8	6	7	11	15	8	16	6	16	3	16	1	16	8	16	13	9	12	15	2	3	3	13	16	13	16	2	15	15	2	4	16	14	12	13	15	4	16	5	3	4	14	5	14	15	14	6	16	15	12	13	1	5	14	10	14	13	1	8	3	9	9	9	2	1	6	16	10	4	7	13	5	15	6	15	1	9	16	6	6	11	13	1	8	3	11	2	4	14	9	2	16	15	12	12	12	12	4	10	6	1	9	11	2	7	1	16	8	5	6	2	16	7	2	8	1	16	7	3	2	7	15	8	13	7	12	4	6	8	16	15	10	9	6	2	10	9	12	10	4	13	2	9	6	12	5	14	1	12	4	4	12	3	7	10	16	12	2	1	14	11	5	7	3	6	8	3	4	2	16	8	5	3	9	6	1	14	9	3	8	8	12	9	11	4	1	14	6	3	3	14	5	16	3	12	10	15	5	14	12	9	8	10	3	4	15	2	6	9	1	13	9	16	11	6	9	2	10	8	12	9	6	9	12	4	11	7	12	1	12	4	16	11	2	15	15	15	15	11	8	8	8	6	8	16	6	15	11	13	5	9	10	13	10	8	6	7	13	15	11	4	6	3	7	15	10	15	10	10	11	2	7	4	1	8	13	15	12	14	13	13	6	6	4	4	1	7	8	15	15	4	15	4	4	3	13	15	7	9	12	5	8	15	15	3	8	5	6	6	4	12	4	3	16	8	8	12	12	13	10	9	2	9	1	13	10	2	1	12	14	9	2	4	8	13	15	1	12	10	4	15	10	8	16	2	14	5	7	16	11	7	13	11	11	5	12	13	5	16	8	11	13	8	2	11	8	11	8	15	14	15	3	5	7	7	16	14	10	15	1	7	5	6	11	4	2	6	5	11	7	12	14	11	2	10	6	3	11	10	9	11	16	3	3	6	11	11	9	13	5	9	16	14	8	10	9	15	16	2	12	5	8	10	16	14	2	13	16	12	10	7	15	9	11	4	6	11	3	6	9	3	2	10	4	4	1	16	13	16	13	15	3	14	9	6	7	10	9	9	15	2	4	2	2	11	4	8	10	6	9	10	7	15	11	7	5	1	13	12	13	13	5	5	2	16	16	7	7	12	11	13	3	11	7	5	7	5	16	14	3	3	9	6	11	4	6	2	8	15	5	11	9	12	11	8	12	8	11	13	12	12	14	8	5	8	12	11	2	15	10	4	5	2	15	4	15	13	16	12	6	1	16	12	5	12	5	1	14	8	1	2	5	8	12	16	7	4	8	4	15	5	1	9	11	9	9	6	15	5	3	9	16	13	4	16	8	12	5	9	15	1	13	13	10	5	16	15	2	13	15	11	15	10	7	9	5	5	10	4	2	14	16	6	2	11	8	9	13	12	8	8	9	7	16	2	11	2	16	16	6	8	6	16	9	7	10	16	10	3	10	16	12	3	7	10	9	10	15	14	13	11	13	2	7	3	7	5	13	4	1	2	16	5	4	10	1	9	4	5	4	9	15	16	11	8	5	1	9	12	16	1	6	2	14	5	3	13	15	5	1	2	8	15	12	1	8	8	4	4	13	16	9	5	1	6	13	7	11	9	9	11	16	2	6	10	5	14	6	8	13	13	1	15	4	11	4	3	8	6	15	1	15	3	9	5	15	10	6	7	13	2	5	13	5	1	15	14	1	1	6	13	8	16	4	9	6	8	7	15	1	4	2	9	7	15	2	11	7	14	4	5	15	9	2	13	14	4	4	7	5	2	10	10	16	15	4	4	4	5	8	3	7	12	12	14	9	15	9	2	6	9	1	14	10	16	3	13	4	3	16	5	4	15	2	8	12	8	5	1	5	16	16	8	6	1	10	13	1	3	6	12	12	1	4	16	16	10	14	14	12	13	2	1	9	3	10	9	14	14	4	6	16	16	3	15	11	3	7	14	14	3	5	16	7	9	1	4	11	7	13	5	7	2	4	12	6	12	6	5	11	14	11	7	3	3	5	9	11	3	8	15	9	3	6	14	4	14	7	8	15	5	5	6	10	9	14	16	14	12	2	6	8	15	7	8	3	16	7	4	12	11	2	12	3	15	3	6	13	2	1	12	1	12	9	15	13	13	12	6	2	8	1	7	5	14	10	8	4	7	13	11	10	6	4	9	16	16	10	6	5	14	7	4	16	11	2	5	6	9	3	7	11	13	2	12	15	2	6	14	7	8	2	1	4	2	2	6	15	2	7	3	6	6	2	8	6	6	12	15	11	8	10	3	1	15	11	9	2	7	1	10	7	6	3	14	11	3	7	7	2	12	8	11	16	15	7	7	10	10	14	8	13	1	16	9	15	1	11	2	8	15	4	3	9	5	16	6	15	15	10	10	2	5	4	11	10	14	16	13	16	14	9	12	8	10	5	12	10	11	3	1	5	13	1	7	12	15	6	8	5	11	10	4	11	1	10	3	7	10	9	14	6	1	1	13	8	10	2	4	4	1	10	11	15	3	10	6	10	13	16	8	13	5	7	2	13	3	8	16	13	9	9	3	8	7	16	1	6	4	12	4	12	4	12	14	8	2	9	1	2	11	9	12	15	2	3	14	2	7	6	9	13	3	4	4	15	11	3	2	14	11	8	13	3	4	9	13	11	13	10	10	8	4	9	14	8	4	11	3	14	12	2	3	3	7	8	6	6	15	7	15	7	4	5	15	13	12	7	3	14	13	2	7	2	2	11	7	9	5	15	13	12	11	13	1	5	14	4	5	7	3	14	6	13	5	10	7	6	10	16	11	10	7	7	15	2	10	14	2	3	14	6	8	4	13	5	3	15	12	14	12	4	16	9	6	7	1	11	7	6	10	2	10	3	8	16	11	11	3	8	3	4	15	3	5	1	6	14	10	14	1	12	13	14	2	9	1	14	16	9	1	5	15	15	10	7	8	9	6	1	5	1	5	4	1	11	7	8	9	8	11	3	12	10	2	1	15	7	8	14	15	3	14	11	3	12	5	16	8	15	14	9	13	9	4	6	2	6	15	15	3	13	12	13	16	8	3	12	7	6	7	15	9	6	5	13	8	6	4	15	6	9	14	9	2	7	11	6	6	8	15	8	16	13	3	1	13	10	11	15	13	2	4	3	5	14	16	16	7	11	14	3	11	10	6	5	14	4	5	11	4	7	11	15	2	3	16	11	14	13	2	11	13	7	4	14	6	13	7	11	6	10	5	13	3	5	5	15	2	5	12	2	6	10	2	12	2	7	16	5	12	13	1	10	5	15	15	12	8	9	7	8	15	14	1	8	7	4	1	14	5	8	13	9	9	11	9	8	6	15	15	16	1	14	4	11	3	2	4	6	14	14	16	15	6	3	6	6	7	3	7	15	15	4	13	2	1	3	8	15	7	9	1	2	2	2	6	8	5	16	4	12	1	6	2	3	1	3	3	4	16	2	7	12	16	15	8	8	11	16	2	11	11	16	16	16	7	3	2	15	8	4	4	7	3	3	10	6	4	6	11	15	15	3	6	1	13	11	14	16	10	4	15	14	5	1	11	8	6	10	4	15	1	10	16	8	9	12	6	10	15	7	10	9	1	3	16	2	9	3	4	10	10	8	14	5	10	13	11	3	14	10	7	10	12	3	1	13	6	1	1	5	8	1	7	2	7	13	6	12	16	2	2	5	14	11	13	10	4	5	2	12	12	1	15	11	9	10	2	3	12	10	14	15	14	4	5	16	5	5	13	10	11	11	5	5	1	16	13	4	11	4	9	14	11	5	3	4	3	3	11	7	6	7	1	14	13	11	16	15	13	13	2	14	12	4	5	7	7	16	4	10	16	3	4	13	9	5	13	7	1	11	14	10	13	9	9	6	12	10	15	9	9	1	6	14	7	15	2	1	9	15	4	2	6	7	1	8	5	7	12	7	6	9	12	3	7	3	5	5	15	4	15	4	6	15	12	7	5	4	6	7	14	12	7	8	6	12	9	12	15	7	5	13	7	13	15	3	16	16	3	15	15	6	2	3	8	5	10	6	4	7	12	12	6	2	10	3	6	2	13	2	5	7	3	7	12	16	12	10	10	1	2	9	13	11	9	4	5	10	7	14	5	5	2	7	2	8	5	7	12	12	12	12	7	2	14	1	3	3	6	12	9	4	1	11	1	14	9	6	5	5	13	1	5	12	4	14	7	2	9	11	9	14	1	4	16	3	7	12	6	6	8	8	14	16	2	2	7	10	3	12	8	11	13	14	3	1	5	11	8	8	14	14	12	7	8	15	5	9	7	4	13	6	15	12	10	16	4	1	4	2	2	15	5	7	15	4	4	5	2	11	7	16	9	11	10	14	2	1	12	16	15	15	14	10	8	13	6	4	2	7	2	3	11	16	10	7	4	1	10	10	1	15	15	15	9	15	4	10	4	1	8	11	2	5	16	10	16	11	16	11	7	12	14	5	4	6	11	2	4	14	12	13	3	1	10	10	14	9	10	11	11	1	11	7	1	8	2	5	5	1	4	15	2	7	4	8	7	16	10	12	6	13	10	14	4	3	5	1	5	11	8	12	2	1	15	3	4	12	6	6	4	12	5	8	16	6	1	12	16	3	11	10	3	16	10	14	9	5	2	4	16	2	13	7	14	2	3	2	10	1	13	7	1	11	12	7	11	15	8	10	7	4	1	4	6	2	8	10	16	2	1	10	9	11	6	1	4	14	8	16	10	3	10	12	16	13	4	10	10	7	13	4	1	12	12	2	3	7	12	12	15	14	13	6	15	2	14	5	9	7	14	7	5	16	10	13	5	9	10	14	13	10	2	9	5	9	12	10	7	15	4	1	1	11	4	4	8	14	15	5	1	2	15	16	8	4	15	14	11	12	6	5	7	7	14	14	14	13	14	7	8	3	6	4	12	11	4	12	13	14	16	5	7	9	1	4	7	3	6	16	4	16	6	14	3	16	12	16	14	1	13	10	8	2	6	4	8	3	5	1	10	10	15	7	7	6	5	4	5	11	14	11	6	7	11	11	14	8	3	12	1	6	14	10	12	6	15	13	15	8	5	7	1	14	14	10	5	1	12	3	15	4	3	7	15	8	10	4	3	4	11	10	5	6	1	2	5	10	5	8	13	9	5	3	6	9	10	8	8	13	11	11	16	3	1	3	14	16	10	7	7	2	5	13	4	3	1	5	4	5	1	7	15	2	4	5	10	6	4	7	3	6	9	15	11	5	14	15	7	9	10	15	11	8	15	8	7	16	16	4	12	14	2	13	12	16	3	11	11	6	12	1	13	6	10	4	15	11	13	9	5	4	8	6	12	13	13	15	13	7	9	3	5	12	6	15	8	12	13	6	11	1	9	16	1	4	6	1	9	1	9	12	16	14	2	2	9	15	1	11	15	5	11	5	13	15	2	12	2	12	12	16	10	3	7	5	8	12	2	2	8	13	9	6	2	1	7	15	3	16	16	4	13	14	12	8	12	13	13	1	7	12	16	13	7	3	15	1	1	5	11	2	7	7	5	16	15	3	7	3	13	7	10	15	14	7	15	14	8	8	13	16	9	13	8	8	2	7	1	1	6	8	9	2	10	5	12	3	1	13	13	5	14	14	9	2	3	5	4	12	4	9	1	7	5	10	9	10	3	14	9	1	8	5	14	15	7	1	11	8	7	2	16	2	16	15	14	6	10	6	15	5	9	1	3	7	1	15	4	2	10	14	14	5	15	5	1	6	6	16	3	2	8	3	9	10	13	1	14	15	8	12	16	14	7	3	16	16	3	16	8	13	15	9	16	11	15	14	3	10	1	7	15	15	9	10	11	3	2	9	11	2	1	4	4	16	5	10	12	12	5	6	15	7	12	15	15	11	6	11	2	1	4	13	4	10	14	1	6	16	2	4	1	13	1	10	15	16	16	2	5	10	9	12	15	13	3	7	6	8	5	11	6	8	14	6	12	9	6	6	6	16	14	1	13	2	12	11	5	16	11	13	8	16	9	3	10	11	8	8	4	3	10	12	15	14	6	3	1	15	11	11	6	11	2	9	1	13	15	13	10	10	6	12	14	14	3	5	2	1	14	1	3	11	13	2	3	2	16	12	14	15	4	2	1	7	11	4	13	13	7	5	15	4	9	8	1	12	1	9	5	10	15	5	10	13	3	3	4	16	9	4	2	3	1	16	5	6	13	6	15	6	11	9	15	3	5	2	13	6	6	6	12	10	12	6	8	5	10	13	8	1	8	3	11	5	1	5	16	14	13	7	15	1	10	11	6	9	11	10	6	13	10	5	15	15	16	2	5	13	2	13	14	4	3	13	8	6	2	16	2	3	16	3	10	13	11	11	12	6	9	12	13	12	13	12	13	10	3	5	4	11	9	11	10	8	5	6	1	10	9	6	5	13	14	9	10	8	15	12	10	7	14	7	16	16	3	2	13	8	16	4	1	1	5	12	9	4	8	1	4	11	4	5	6	3	12	16	2	16	10	4	10	14	8	1	11	3	13	3	2	7	3	10	8	2	4	13	15	9	15	13	15	3	7	6	16	4	8	8	3	11	16	9	15	11	3	13	3	11	16	3	10	3	15	5	11	15	10	10	6	14	5	7	5	11	2	4	12	12	7	2	3	3	16	10	1	8	11	3	12	13	2	12	3	8	1	8	11	14	4	4	10	9	12	14	14	11	14	5	13	8	14	15	2	9	5	10	9	5	2	13	15	3	8	3	11	2	5	14	14	14	7	8	9	11	3	12	1	6	6	8	16	14	3	1	6	1	11	5	4	7	1	10	16	7	12	16	2	14	14	14	7	10	7	14	4	10	3	16	10	10	15	13	9	9	12	16	12	12	9	7	11	4	10	4	12	13	13	5	11	12	14	3	10	9	8	1	5	10	10	9	6	4	5	14	1	10	3	13	9	15	2	10	3	6	9	6	10	14	16	6	10	14	5	1	10	15	2	4	2	11	1	16	16	11	6	9	3	14	10	8	6	4	6	3	6	2	4	7	12	15	1	4	2	8	15	4	4	14	15	15	10	7	10	2	6	10	3	15	14	12	14	5	7	8	11	14	8	14	3	2	13	10	12	8	15	5	3	13	16	5	2	14	13	9	2	16	7	16	4	4	9	15	13	10	2	3	1	8	7	7	1	14	12	5	15	3	1	7	8	5	3	11	16	3	7	5	3	7	16	11	11	12	15	7	11	14	12	1	2	16	8	10	1	16	15	12	14	13	5	10	16	8	15	6	14	3	1	4	10	9	16	8	12	6	6	16	3	3	2	12	7	8	12	11	15	5	7	1	3	13	10	9	15	7	4	4	4	4	1	4	13	5	2	4	15	8	15	13	2	9	5	4	1	6	7	12	7	1	8	13	5	15	10	3	10	3	2	11	4	12	10	3	15	6	7	15	12	16	15	7	6	15	14	8	2	14	8	10	10	14	14	6	6	6	10	4	2	7	14	1	5	9	1	3	10	6	14	10	16	15	16	16	13	13	3	13	10	4	14	8	6	7	15	7	6	6	4	6	3	4	8	2	7	16	16	6	15	13	7	1	11	16	2	15	13	6	7	9	7	2	15	9	15	9	3	14	1	2	15	2	8	3	10	10	2	13	10	8	2	3	2	13	6	4	7	5	14	11	14	14	13	7	7	10	15	3	3	2	8	5	4	13	3	14	8	6	14	14	16	4	10	6	16	15	13	11	12	16	6	6	13	14	3	14	16	5	3	9	1	2	9	15	15	7	4	6	12	11	4	2	1	9	11	9	10	8	4	14	4	3	10	6	3	11	6	2	10	4	12	4	6	5	3	10	6	13	6	4	12	1	6	3	7	9	11	1	8	14	14	14	4	13	15	11	2	2	11	11	6	8	12	5	15	5	8	14	16	1	8	1	7	8	3	3	1	10	1	4	4	14	15	3	2	2	15	4	5	13	1	12	13	15	8	16	15	8	9	12	15	2	16	
710	570	870	170	350	560	310	840	650	780	410	220	540	630	320	150	320	120	910	240	160	120	760	160	700	680	150	180	330	520	470	870	910	360	490	460	300	700	1000	980	550	180	140	470	630	780	810	890	160	160	310	980	170	170	970	590	620	920	500	170	920	300	380	340	270	180	450	170	280	130	700	320	420	760	260	580	680	640	140	320	750	970	850	1000	120	280	940	120	380	420	120	800	400	490	940	950	250	530	520	920	860	330	830	390	900	430	270	190	350	600	860	770	1000	390	380	990	400	880	280	270	530	660	510	760	130	740	750	750	570	220	280	500	830	880	240	950	560	760	840	630	500	170	470	130	340	380	120	900	530	190	830	470	890	570	340	690	190	990	550	560	980	300	250	910	420	430	650	350	190	620	760	190	470	820	980	670	420	900	370	930	980	440	500	910	760	880	510	450	950	390	210	800	990	270	770	560	350	180	490	820	590	220	490	830	430	560	940	310	520	950	680	920	750	500	700	330	1000	360	860	820	330	260	700	620	600	190	960	270	520	560	620	860	130	670	250	940	630	100	180	380	390	240	820	160	190	460	160	240	650	280	780	920	380	1000	240	960	620	230	790	740	250	370	240	130	130	790	640	450	650	220	250	490	270	910	630	790	880	610	560	350	460	770	210	330	510	920	750	770	360	180	890	230	750	160	120	1000	200	490	860	180	400	660	930	300	920	500	760	490	140	920	260	570	670	120	810	840	690	610	280	620	730	300	600	610	650	970	410	210	950	970	570	330	250	370	380	680	710	560	470	650	670	980	950	210	290	450	440	790	540	530	550	840	520	360	580	120	820	810	300	140	280	330	560	940	490	990	880	630	860	540	170	400	790	400	380	340	660	490	260	270	540	700	760	420	490	120	320	340	140	650	850	210	520	590	330	980	390	290	130	440	830	310	560	950	810	520	980	280	400	500	680	100	830	410	410	1000	900	640	650	860	540	100	430	600	550	950	550	830	230	210	520	600	490	780	320	450	710	490	470	790	920	720	130	250	780	780	790	930	800	430	870	910	460	440	950	930	210	560	180	250	570	230	580	150	120	530	150	200	260	190	200	220	240	860	350	290	460	680	810	450	220	740	200	260	620	380	580	200	960	990	960	970	230	570	960	150	620	150	280	230	870	350	540	950	340	260	910	160	370	380	340	190	470	650	300	590	470	290	920	680	990	810	960	670	330	450	860	720	330	570	690	820	370	120	160	800	660	950	530	550	130	100	900	650	110	280	880	710	460	910	640	140	290	870	240	350	580	330	980	520	600	760	350	860	800	140	900	350	670	760	330	780	790	450	640	160	120	360	530	970	380	770	440	950	830	820	420	590	670	730	140	200	280	160	800	820	110	190	600	920	720	320	840	450	150	300	940	210	160	500	780	120	760	460	790	860	370	280	230	120	200	350	720	160	700	460	770	540	610	800	630	430	580	970	800	120	680	100	690	550	830	310	380	630	360	520	430	100	230	290	140	320	150	270	180	950	380	410	210	340	620	710	360	580	840	430	180	540	530	300	750	110	540	800	220	590	250	150	330	690	690	430	580	100	670	690	430	540	740	880	790	330	110	180	780	320	660	330	420	170	360	700	540	770	380	880	390	740	570	240	990	180	680	910	930	550	970	940	880	590	700	1000	280	660	450	720	400	100	180	540	380	110	230	220	700	630	950	810	850	670	500	240	920	930	460	920	340	550	910	880	670	590	890	220	960	320	770	200	470	410	670	240	450	760	830	470	420	530	470	380	850	120	470	270	460	760	110	620	950	490	410	590	670	960	130	910	770	230	170	990	480	790	220	830	130	500	780	980	380	910	950	560	500	130	950	900	350	820	640	540	230	550	590	890	620	700	150	430	430	180	680	470	270	760	670	360	110	660	880	360	970	600	480	430	980	590	550	650	140	440	660	890	270	900	620	540	280	380	870	850	570	530	990	970	970	560	330	480	220	250	820	810	210	860	960	780	870	750	520	470	490	350	500	220	480	750	680	560	400	700	820	490	500	630	710	310	520	230	370	880	360	590	400	330	420	150	960	910	220	150	720	250	410	310	770	880	480	880	340	680	620	690	160	750	820	580	800	150	980	420	520	640	610	810	690	640	800	820	850	360	380	880	190	960	540	300	670	930	290	720	910	950	470	610	700	930	980	440	310	490	790	340	130	630	480	140	810	400	200	630	760	660	180	190	680	360	410	650	920	550	860	180	780	440	930	540	910	210	380	150	140	210	330	520	470	160	550	330	210	780	310	540	110	800	580	360	650	660	700	580	760	240	960	300	150	400	460	560	660	170	690	670	230	270	800	240	230	680	730	290	950	100	650	200	730	320	140	420	870	400	370	890	860	460	630	440	990	540	770	680	650	420	760	850	450	820	380	250	690	990	960	390	630	250	410	760	260	950	940	230	660	630	130	920	310	310	730	260	680	690	410	670	290	590	830	470	440	390	610	780	750	980	590	810	370	240	750	900	440	710	120	500	490	890	500	920	120	850	340	140	900	580	570	800	820	640	580	150	560	380	190	570	260	1000	910	890	240	990	630	940	810	660	210	370	580	660	980	930	1000	900	670	900	770	400	770	820	370	410	420	510	810	570	950	440	920	240	430	160	860	510	290	670	370	560	760	180	410	480	140	240	370	710	1000	760	290	260	460	160	970	270	860	590	140	710	330	180	250	480	800	670	620	510	770	270	550	750	940	630	290	200	190	520	490	400	250	890	250	1000	200	840	530	850	890	680	680	110	450	450	230	1000	520	110	920	450	370	190	850	540	350	690	730	410	790	980	660	960	940	120	310	350	580	180	740	860	680	270	700	130	770	960	1000	570	590	820	360	940	180	600	860	580	890	400	380	260	160	170	780	160	180	890	410	500	250	1000	560	820	770	790	150	1000	510	620	830	690	610	150	960	790	800	370	980	340	570	470	260	840	720	530	750	580	600	980	300	570	500	580	380	240	450	110	850	460	610	670	920	710	470	980	580	820	120	740	420	180	230	980	950	450	750	570	300	380	780	1000	710	750	780	400	470	130	950	280	420	670	840	650	100	330	940	200	860	910	660	420	650	560	680	980	370	960	350	870	480	190	500	640	420	920	1000	760	900	120	770	790	270	690	460	450	410	210	610	1000	510	220	970	740	790	570	900	820	200	790	110	670	200	950	710	730	590	510	890	240	970	140	980	240	710	900	480	740	710	390	450	610	690	770	310	590	120	730	130	590	140	550	890	300	870	150	570	110	300	540	140	270	530	500	570	1000	560	770	410	950	900	970	950	440	120	350	150	980	620	660	450	110	530	440	510	610	720	660	400	150	900	190	250	290	970	430	930	760	520	880	860	350	910	440	800	510	740	890	250	430	780	430	390	420	510	130	270	660	500	650	990	490	550	110	310	530	290	780	170	630	230	380	350	130	370	820	470	940	320	820	260	920	940	780	440	850	490	420	860	420	590	300	820	240	110	230	340	230	140	880	730	800	530	240	590	950	330	320	440	200	370	320	650	800	590	940	740	400	210	460	880	290	470	600	560	550	630	380	590	890	690	830	370	770	940	840	340	890	130	870	550	910	1000	510	750	320	110	420	910	740	260	930	180	110	750	310	940	930	290	820	240	140	590	460	810	920	250	770	880	800	740	960	890	930	170	150	570	910	950	830	930	740	850	780	630	130	230	340	280	970	650	280	690	200	300	720	940	990	300	250	810	220	140	300	940	700	770	540	560	990	170	980	980	140	900	770	630	390	170	320	920	490	720	120	910	140	230	940	470	970	350	500	870	820	580	300	910	740	790	800	860	880	220	590	280	350	660	360	440	730	990	970	220	630	690	260	980	520	190	300	400	930	660	840	430	1000	680	550	120	560	360	780	670	110	590	970	630	990	970	700	410	260	740	960	470	940	250	710	930	660	900	240	140	200	100	170	290	140	590	410	920	390	730	140	230	110	410	820	600	580	550	360	410	910	450	290	540	300	820	760	330	770	820	440	400	170	800	940	370	970	100	760	140	600	790	300	1000	470	850	570	380	280	790	680	240	280	740	410	670	150	990	970	460	830	620	750	540	320	780	460	170	790	750	760	900	950	260	880	690	380	490	640	780	510	850	310	580	310	690	950	210	220	580	170	470	920	400	350	690	290	790	520	410	720	500	110	340	600	990	250	240	380	480	900	350	280	130	750	1000	840	180	270	280	140	630	860	250	800	770	670	440	980	280	750	820	760	850	340	360	570	790	450	320	260	110	570	430	810	870	240	940	140	890	170	260	740	350	840	580	510	790	930	860	630	340	220	600	300	750	710	330	920	630	570	650	510	990	500	870	780	550	490	910	990	650	280	980	790	930	490	290	300	740	360	890	420	310	700	480	820	130	510	910	720	130	130	880	570	840	750	540	570	960	200	340	460	780	100	410	820	260	990	350	510	560	680	940	760	920	100	830	270	960	150	650	560	910	280	660	230	410	480	350	540	840	160	890	120	660	490	470	560	790	150	180	920	950	200	530	590	990	660	350	310	270	840	250	110	940	390	270	860	480	980	970	320	330	880	800	160	690	190	500	600	640	790	340	530	150	750	930	990	570	170	190	740	540	220	600	660	640	120	770	310	170	550	670	110	180	610	240	280	710	660	410	120	820	320	420	120	590	370	290	860	200	850	780	280	480	500	340	500	490	460	350	570	800	340	340	910	980	280	460	220	780	210	540	780	860	430	260	220	890	110	880	980	650	510	300	480	630	340	310	880	600	920	210	860	350	330	130	200	660	860	750	320	860	640	680	620	280	670	930	650	680	140	610	200	800	900	950	540	400	300	290	320	600	130	370	590	850	360	690	190	760	1000	860	150	700	650	570	420	500	970	990	1000	850	630	1000	430	750	650	330	790	670	360	110	490	450	350	770	660	920	670	410	330	740	650	680	160	830	980	930	850	660	270	260	650	580	100	870	330	440	970	250	590	720	370	950	920	780	430	410	810	490	770	470	450	530	460	540	630	750	330	540	200	770	850	580	660	420	960	860	820	600	210	480	420	780	370	320	790	980	100	690	1000	910	620	790	600	980	760	560	720	220	220	400	170	380	840	690	900	250	250	230	890	350	140	410	860	720	450	610	850	640	880	120	300	250	690	310	480	390	670	890	470	510	760	450	660	440	900	190	330	870	650	480	710	510	640	970	330	730	640	500	500	140	270	460	900	340	480	940	180	230	620	400	540	210	460	750	450	420	210	860	180	790	800	520	570	260	520	490	920	550	790	140	320	320	600	900	800	350	990	360	790	840	740	390	360	820	780	310	840	800	210	860	290	810	910	420	240	570	370	380	410	480	1000	940	950	590	250	480	400	140	870	830	400	820	290	470	670	490	740	490	510	170	980	190	940	420	340	530	680	840	650	650	590	710	490	250	290	430	370	320	520	630	410	530	120	870	870	470	900	800	530	440	870	860	780	440	870	520	660	630	340	970	400	940	720	610	300	320	310	800	270	180	580	100	250	350	790	840	910	740	680	470	770	340	980	630	110	880	330	430	950	500	640	910	970	870	920	350	1000	140	860	620	750	430	560	500	120	1000	250	550	130	290	160	560	810	440	600	710	660	230	430	440	770	700	340	930	150	750	980	180	690	270	530	650	900	420	740	310	340	940	340	900	750	290	860	400	520	200	470	610	930	290	580	620	350	530	690	800	220	350	940	720	960	110	300	310	430	840	110	460	880	400	930	890	910	210	970	400	130	180	520	300	360	710	880	170	990	200	360	370	310	840	800	650	750	760	730	620	140	740	620	130	100	500	210	410	800	380	570	390	410	1000	520	320	910	820	890	720	660	330	220	190	530	610	140	170	960	100	210	480	570	690	320	780	910	130	250	910	110	650	910	770	660	360	910	530	890	150	390	150	650	450	360	590	780	210	960	140	950	700	740	610	550	890	200	650	310	670	540	370	810	450	600	810	840	880	550	860	680	970	190	560	830	700	530	220	970	710	440	780	530	500	840	900	500	670	330	650	200	920	430	990	480	610	150	400	360	150	820	300	120	690	770	850	890	490	960	620	470	950	740	810	850	520	460	270	920	120	970	260	780	290	150	940	910	770	980	640	700	560	860	330	760	620	820	340	880	980	320	450	860	150	720	430	180	880	220	860	370	800	430	250	580	870	490	980	670	230	810	590	930	630	230	330	880	330	480	960	840	580	650	490	130	290	750	160	410	580	570	200	350	360	750	990	190	560	990	930	650	270	630	540	820	300	990	930	450	100	500	730	280	740	150	930	430	950	760	700	960	510	790	1000	900	260	340	550	210	570	760	870	750	500	670	180	410	950	570	870	370	220	350	940	330	690	660	970	730	760	290	400	700	430	970	280	140	300	170	200	590	870	650	540	190	130	350	290	890	330	150	820	970	980	210	460	250	920	830	700	420	620	910	980	850	470	1000	340	290	210	200	790	550	250	370	170	180	650	880	970	620	1000	920	990	240	540	290	280	880	750	720	110	490	540	540	700	920	210	850	950	850	890	650	310	270	410	510	480	880	490	130	290	190	950	100	320	100	550	210	230	240	150	150	550	780	170	190	980	350	830	850	190	590	570	880	140	480	820	250	730	720	540	530	850	240	750	680	240	210	570	930	480	210	810	800	430	810	370	160	170	250	550	340	740	880	390	190	170	770	730	820	760	900	1000	340	590	720	150	780	390	870	730	420	220	590	120	380	450	570	200	280	850	500	540	960	580	860	500	550	210	170	910	620	540	340	470	250	230	380	290	940	580	520	750	530	330	800	370	240	750	700	560	360	120	670	640	310	580	670	970	670	660	770	110	430	460	260	860	370	600	490	150	930	310	250	930	260	900	780	970	240	270	310	990	830	200	610	300	350	670	190	850	960	430	640	290	760	880	840	390	980	330	190	660	690	710	490	550	550	170	130	720	250	250	300	200	670	950	480	520	210	240	110	480	520	980	410	350	680	310	250	980	520	900	950	490	190	150	570	460	440	170	170	620	390	670	120	600	810	660	220	560	700	670	500	600	730	160	730	560	370	980	1000	110	200	670	820	510	240	750	1000	400	850	680	230	690	420	900	950	250	650	100	100	800	410	160	240	220	950	330	570	100	390	320	880	230	570	660	860	290	440	610	650	360	710	670	130	280	640	980	500	510	150	630	330	140	280	300	990	880	910	240	490	880	580	540	670	510	450	190	820	690	930	840	540	800	770	390	120	220	890	140	580	940	830	450	930	510	110	450	360	560	780	750	890	150	600	670	210	470	860	280	130	220	880	850	560	480	940	640	520	530	890	410	580	160	750	420	140	990	370	680	530	310	110	680	110	930	220	320	560	190	540	750	910	380	450	270	450	800	250	750	580	840	870	710	340	800	590	830	660	420	590	650	360	710	150	350	800	740	610	610	720	930	380	240	550	120	470	450	140	790	380	840	130	890	330	340	230	620	240	340	210	740	280	340	640	580	430	340	940	970	950	450	540	1000	280	470	300	260	150	830	930	440	570	320	420	710	750	850	270	250	570	350	160	620	480	160	760	360	960	740	890	450	530	710	590	260	510	190	290	310	140	190	920	540	690	990	850	320	900	200	640	390	340	210	370	890	180	620	850	870	540	270	660	580	520	330	260	200	900	280	650	350	440	460	300	320	800	710	830	680	350	260	700	530	610	310	590	470	250	700	930	730	760	120	740	100	770	330	430	550	430	750	780	670	420	880	790	190	120	630	990	320	790	190	760	270	370	320	280	910	750	790	660	720	430	690	350	100	130	690	550	980	890	250	840	510	770	310	720	380	300	870	770	730	120	590	890	850	290	790	300	830	320	280	210	420	660	690	110	630	160	820	580	100	380	980	450	550	790	430	150	940	490	120	300	340	580	470	900	340	260	760	650	570	470	680	640	860	320	680	760	670	880	790	910	860	870	360	300	120	480	440	370	280	760	910	570	560	120	220	750	710	600	650	460	350	620	620	320	610	210	670	240	320	880	680	630	710	570	140	710	720	580	750	910	830	800	650	930	430	760	690	490	270	170	180	300	930	780	890	120	930	910	980	150	440	780	220	690	520	740	920	850	600	690	830	820	230	330	210	730	430	760	880	720	400	470	130	250	320	220	180	300	210	490	430	870	740	220	860	880	640	420	790	160	440	680	240	320	920	690	290	590	140	650	940	300	740	810	910	720	930	260	380	370	200	240	140	990	630	520	590	200	550	160	590	610	620	630	760	480	390	780	250	860	140	390	130	660	490	320	850	340	880	510	120	490	760	820	730	840	470	700	820	660	200	470	500	390	890	860	470	500	400	550	770	630	630	960	280	190	570	170	810	370	720	280	110	920	230	640	230	950	350	910	490	480	880	540	780	690	800	640	870	120	130	130	460	870	850	400	720	190	800	260	350	880	400	120	220	420	270	360	450	550	160	100	160	600	330	860	810	280	270	360	790	400	610	890	920	950	800	290	670	520	320	510	570	890	530	820	870	100	250	540	520	920	590	850	140	990	990	580	810	100	270	560	140	180	560	690	380	910	410	960	220	410	710	140	300	930	910	620	710	120	850	700	950	930	570	770	260	650	1000	210	740	600	150	900	100	930	650	110	170	650	990	470	300	990	830	980	370	970	370	710	610	980	310	160	750	450	950	720	480	640	530	100	100	350	770	750	600	600	760	100	890	150	580	780	610	740	560	140	430	720	950	740	680	450	740	900	590	200	440	340	990	650	280	100	610	800	330	840	820	440	790	290	680	410	560	310	650	390	670	900	920	430	790	430	200	410	140	260	400	400	300	490	580	660	220	190	890	920	600	680	410	960	680	730	260	490	910	940	370	990	730	120	610	160	210	500	730	800	770	840	610	760	880	560	300	170	120	880	740	200	940	900	290	330	380	910	270	170	710	350	900	880	900	330	520	660	120	740	370	870	980	730	440	480	470	350	580	230	800	250	370	800	900	870	930	910	320	510	840	270	920	640	950	520	910	130	620	870	370	320	730	150	540	120	600	240	680	390	110	900	720	670	210	340	860	970	950	930	340	890	420	920	270	960	590	500	190	660	320	990	730	330	910	970	730	910	640	700	650	250	700	490	760	280	270	480	790	180	130	940	810	470	380	790	250	410	570	630	650	570	230	500	750	930	410	790	210	980	850	750	810	990	370	1000	400	370	300	200	900	930	820	960	470	100	250	230	390	730	190	470	200	500	430	830	570	810	370	990	370	570	630	250	580	630	650	250	340	970	110	910	150	720	220	220	410	830	630	660	560	790	750	530	720	300	610	680	530	410	100	220	890	800	380	930	530	640	290	120	790	200	100	650	670	740	370	200	600	610	750	250	570	770	740	350	910	820	270	660	210	650	600	490	720	440	180	530	710	150	440	100	560	250	580	780	590	770	120	860	870	100	950	690	150	100	560	240	790	460	900	310	720	410	110	140	110	360	900	500	720	730	660	650	790	730	590	850	280	540	950	460	870	980	270	910	700	230	480	720	370	400	580	200	340	350	910	130	970	780	570	800	380	380	760	200	480	440	230	890	230	500	650	540	430	740	610	960	170	160	830	400	700	310	110	720	670	360	480	450	940	350	440	480	680	540	460	470	190	600	200	980	180	690	220	730	920	110	880	600	300	580	940	920	960	210	740	360	600	170	940	760	200	380	700	150	650	820	720	540	610	690	720	550	300	100	750	960	230	190	780	840	330	420	190	610	820	570	880	580	490	100	620	790	420	670	780	650	610	700	790	320	640	240	620	450	220	840	600	240	470	240	810	380	740	250	540	850	410	650	990	150	440	380	770	260	620	900	930	770	760	940	880	970	610	810	160	700	710	610	580	670	290	1000	240	610	680	480	480	680	400	990	540	710	150	880	470	950	230	550	680	770	800	900	220	590	160	910	520	430	860	460	910	750	460	120	860	800	110	910	830	330	550	670	890	720	140	660	550	880	210	680	1000	980	530	460	240	230	830	200	980	590	540	990	630	720	170	1000	690	490	500	360	690	750	500	170	350	840	770	280	710	870	890	700	630	380	150	840	630	120	900	990	610	110	790	210	810	660	240	710	970	640	150	550	420	640	140	450	710	260	480	800	830	490	120	620	730	620	360	370	540	510	280	420	440	350	130	980	960	290	480	240	700	220	850	900	930	990	370	680	210	760	780	310	950	420	980	750	650	600	730	220	760	270	470	200	820	680	280	340	310	810	820	880	260	260	170	350	430	930	230	550	1000	560	660	550	330	470	500	280	340	660	270	990	430	750	980	220	500	780	390	430	610	980	710	860	470	460	930	150	300	740	770	940	510	780	770	700	950	340	780	920	150	540	100	790	480	120	930	690	830	260	550	300	250	840	440	890	580	580	1000	520	860	840	600	420	680	770	820	810	500	510	530	290	670	830	130	640	200	890	340	140	140	120	400	180	610	960	540	130	330	370	460	260	260	990	220	410	530	260	870	420	520	500	430	260	650	570	140	760	480	350	700	900	860	300	960	700	590	320	200	810	850	890	990	220	430	660	330	450	610	160	190	750	380	640	210	890	150	920	200	780	870	820	800	620	770	200	620	750	180	800	220	260	610	600	250	220	320	790	690	500	640	250	790	350	360	810	810	380	520	480	490	110	770	140	140	570	190	780	210	940	840	980	850	470	200	210	990	590	340	680	690	130	920	290	150	860	400	280	850	740	430	780	170	250	900	490	420	370	790	330	470	490	310	800	150	620	740	200	440	790	930	880	990	110	440	720	190	490	770	720	750	820	480	730	320	330	760	470	610	140	930	910	130	630	840	670	920	760	990	650	400	890	530	860	430	270	910	540	200	640	980	510	140	180	490	150	400	360	920	190	1000	430	200	590	100	240	350	740	980	970	520	940	940	480	260	550	460	280	840	250	230	290	450	780	160	550	660	780	670	300	880	130	180	180	350	290	100	120	320	190	710	730	420	370	360	320	230	660	650	150	520	530	900	160	300	450	320	530	370	990	380	440	860	470	770	840	140	380	700	590	220	320	950	990	510	280	200	780	680	530	420	510	250	920	390	740	130	100	320	750	470	200	900	820	900	930	670	630	560	260	910	760	810	980	460	580	320	940	230	540	930	540	930	220	760	410	280	730	250	220	680	750	590	130	910	590	230	470	970	310	640	810	490	290	520	860	110	570	540	530	160	220	590	500	530	940	760	920	470	610	580	440	860	320	600	530	660	950	700	770	700	210	120	950	780	340	660	270	820	660	970	610	170	290	800	760	160	420	580	920	420	930	920	380	760	370	630	510	840	680	690	530	150	690	260	230	380	140	800	960	910	260	450	770	170	590	570	590	180	400	910	390	900	710	470	620	470	470	960	670	800	380	270	830	200	430	890	470	920	710	250	860	310	740	800	810	310	630	730	940	890	840	660	370	540	410	710	470	360	590	380	790	240	470	590	330	680	200	890	310	980	790	950	940	600	180	620	670	650	510	450	110	970	390	250	320	850	430	850	830	890	380	530	270	240	220	950	250	480	990	690	620	620	190	700	780	300	540	650	830	750	440	790	790	860	970	920	880	670	140	180	200	160	800	700	120	650	590	800	440	280	430	180	440	990	200	780	230	530	680	990	160	910	490	430	440	690	270	500	800	760	190	870	810	510	920	710	670	220	780	740	240	930	670	990	790	650	830	110	560	910	660	710	250	670	530	330	570	620	750	450	290	570	310	640	600	990	540	900	150	240	480	950	510	180	840	350	330	350	730	930	310	930	130	770	340	930	250	110	430	200	210	590	520	620	660	650	250	650	420	840	460	290	770	960	450	430	740	460	880	220	560	580	680	190	150	610	670	780	650	450	980	840	460	810	980	770	940	960	900	970	390	460	220	570	570	360	100	510	120	520	130	760	680	280	160	520	550	210	810	380	230	880	600	280	550	190	820	760	700	170	200	680	180	300	120	750	850	870	180	230	490	790	210	430	530	560	500	970	800	800	740	290	870	350	130	190	260	780	420	480	410	500	830	500	440	810	640	900	840	480	740	270	480	160	220	210	440	190	810	190	550	210	840	450	780	540	670	830	720	920	660	220	540	100	780	330	220	830	350	490	250	930	670	820	870	640	920	980	110	540	670	390	880	400	180	570	270	430	910	240	620	390	950	780	790	720	940	840	150	900	650	170	710	860	770	740	840	940	510	180	100	590	730	860	570	270	260	620	480	630	540	520	600	570	470	460	560	920	420	1000	940	110	500	970	980	280	650	370	450	210	900	250	300	600	720	930	950	430	950	890	620	410	280	1000	690	250	350	240	740	130	310	100	390	850	730	640	540	710	140	330	490	350	200	520	910	100	380	880	500	220	280	620	230	750	170	950	770	640	140	790	790	340	650	530	550	760	790	420	340	150	570	270	340	140	960	540	310	410	910	680	160	980	500	350	540	270	150	440	880	870	640	160	950	350	240	380	230	350	660	530	440	250	530	320	940	870	150	290	530	150	380	490	930	500	310	910	320	450	480	730	300	440	370	790	750	440	130	950	950	480	280	570	260	560	600	740	650	560	690	880	420	320	930	340	170	530	510	870	180	580	320	370	360	450	430	890	780	840	760	230	270	400	930	300	900	990	170	600	270	490	210	200	740	980	890	200	260	840	630	770	380	120	340	430	890	560	470	150	470	680	360	390	970	110	790	370	320	940	720	320	600	660	500	800	350	980	110	790	240	170	350	410	150	370	570	100	120	920	740	470	410	520	480	440	950	400	490	180	640	840	230	580	530	980	990	570	900	300	460	980	560	910	440	460	810	150	380	470	790	610	830	630	640	840	540	990	370	350	940	270	140	900	330	960	470	140	850	860	480	480	110	230	280	930	160	600	460	190	500	380	100	630	980	360	720	970	600	960	620	800	230	960	280	830	220	300	740	560	440	360	480	880	860	150	530	500	830	700	350	460	380	890	950	190	120	970	560	420	290	980	760	440	700	720	720	370	880	510	650	490	930	410	520	280	200	810	190	840	370	160	740	390	460	830	870	210	110	360	970	790	890	910	160	600	730	820	150	350	630	750	180	300	470	980	390	770	710	800	110	410	240	340	380	240	910	220	110	830	400	650	780	330	160	600	150	440	350	490	400	210	890	390	550	680	850	810	510	840	390	120	430	930	170	760	700	750	110	360	790	400	720	940	890	950	320	990	200	900	930	530	960	730	110	420	430	230	570	600	680	630	610	930	300	610	900	470	240	840	850	290	540	300	240	740	900	190	880	630	930	750	130	590	760	720	940	580	560	260	540	840	1000	470	870	870	890	490	420	1000	290	810	680	870	230	370	840	580	650	600	590	810	440	920	800	580	830	860	580	970	720	320	520	920	870	390	620	620	590	730	910	530	320	590	750	520	240	420	940	140	500	250	770	260	370	780	960	510	240	860	800	210	600	140	270	170	140	530	800	780	270	280	690	950	850	990	770	990	590	130	430	110	640	560	840	480	950	220	100	900	750	420	140	820	210	270	750	960	160	910	930	550	870	290	160	590	850	920	970	250	590	650	790	240	740	860	840	920	520	730	190	840	530	910	1000	190	300	450	100	550	120	490	820	610	970	230	230	170	480	570	990	420	310	780	100	470	500	590	390	280	140	230	840	640	420	780	590	790	980	290	610	830	160	130	430	730	590	510	350	860	460	550	990	180	640	670	1000	760	340	130	920	900	290	290	620	800	190	840	230	230	820	110	760	420	390	760	170	730	750	450	330	790	850	720	290	520	630	330	200	100	270	210	610	590	350	610	730	870	760	940	580	590	290	450	250	240	420	420	630	840	100	240	860	710	750	740	870	330	790	620	830	470	190	490	450	780	500	880	920	590	550	130	590	320	180	740	620	140	440	350	110	930	930	680	710	820	800	400	690	900	110	170	200	180	950	370	750	290	450	430	880	970	810	210	880	140	730	630	120	980	350	270	170	980	560	830	860	390	350	260	400	930	330	810	510	270	990	250	580	140	590	240	710	420	770	360	720	930	790	470	540	870	380	800	850	880	330	650	900	810	610	790	930	140	630	990	800	930	870	200	300	120	450	570	180	990	660	850	800	520	170	280	970	680	470	180	590	870	750	240	990	200	470	340	530	850	740	510	890	550	150	760	280	280	640	220	920	890	230	340	700	380	310	350	340	150	890	360	410	470	460	460	520	710	230	590	560	890	950	230	700	350	980	580	970	430	710	510	750	970	900	130	960	980	720	960	780	660	260	470	500	470	790	190	790	360	440	910	290	240	200	110	240	110	410	690	510	200	250	540	830	340	600	1000	460	980	750	670	870	690	200	510	750	780	960	830	650	360	730	420	540	580	930	350	460	890	370	700	900	910	820	880	260	270	590	110	760	1000	570	150	870	960	660	310	510	760	620	910	880	610	190	210	860	790	170	180	350	610	620	110	990	430	610	290	710	610	360	880	670	820	100	870	300	490	180	170	760	530	980	680	690	250	920	830	430	490	310	840	840	870	100	120	670	500	580	380	870	320	420	400	780	510	510	890	350	650	860	630	390	690	420	470	650	280	270	400	550	190	810	370	110	320	650	730	190	170	380	640	150	150	340	490	910	500	290	240	350	250	410	850	220	510	520	750	650	320	980	690	620	100	450	900	630	830	850	530	630	930	860	270	390	490	990	640	430	130	410	920	700	110	130	560	130	180	690	420	850	850	810	480	740	850	770	180	820	
100
